source_row,organoid_id,culture,fibroblast_id,drug,concentration_label,concentration,concentration_unit,replicate_label,is_control,raw_luminescence,author_exclusion,ambiguous_curve,eligible,curve_id,source_doi
1,O01,Monoculture,,5-FU,DMSO,0.0,uM,1,True,8149,,False,True,O01:Monoculture::5-FU,10.17632/fypp6xhkjy.1
2,O01,Monoculture,,5-FU,DMSO,0.0,uM,2,True,15278,,False,True,O01:Monoculture::5-FU,10.17632/fypp6xhkjy.1
3,O01,Monoculture,,5-FU,DMSO,0.0,uM,3,True,7482,,False,True,O01:Monoculture::5-FU,10.17632/fypp6xhkjy.1
4,O01,Monoculture,,5-FU,0.5,0.5,uM,1,False,5106,,False,True,O01:Monoculture::5-FU,10.17632/fypp6xhkjy.1
5,O01,Monoculture,,5-FU,0.5,0.5,uM,2,False,5690,,False,True,O01:Monoculture::5-FU,10.17632/fypp6xhkjy.1
6,O01,Monoculture,,5-FU,0.5,0.5,uM,3,False,5244,,False,True,O01:Monoculture::5-FU,10.17632/fypp6xhkjy.1
7,O01,Monoculture,,5-FU,1.1,1.1,uM,1,False,12359,,False,True,O01:Monoculture::5-FU,10.17632/fypp6xhkjy.1
8,O01,Monoculture,,5-FU,1.1,1.1,uM,2,False,6809,,False,True,O01:Monoculture::5-FU,10.17632/fypp6xhkjy.1
9,O01,Monoculture,,5-FU,1.1,1.1,uM,3,False,14517,,False,True,O01:Monoculture::5-FU,10.17632/fypp6xhkjy.1
10,O01,Monoculture,,5-FU,2.5,2.5,uM,1,False,6715,,False,True,O01:Monoculture::5-FU,10.17632/fypp6xhkjy.1
11,O01,Monoculture,,5-FU,2.5,2.5,uM,2,False,4741,,False,True,O01:Monoculture::5-FU,10.17632/fypp6xhkjy.1
12,O01,Monoculture,,5-FU,2.5,2.5,uM,3,False,3945,,False,True,O01:Monoculture::5-FU,10.17632/fypp6xhkjy.1
13,O01,Monoculture,,5-FU,5.5,5.5,uM,1,False,5375,,False,True,O01:Monoculture::5-FU,10.17632/fypp6xhkjy.1
14,O01,Monoculture,,5-FU,5.5,5.5,uM,2,False,4485,,False,True,O01:Monoculture::5-FU,10.17632/fypp6xhkjy.1
15,O01,Monoculture,,5-FU,5.5,5.5,uM,3,False,5673,,False,True,O01:Monoculture::5-FU,10.17632/fypp6xhkjy.1
16,O01,Monoculture,,5-FU,12.2,12.2,uM,1,False,5122,,False,True,O01:Monoculture::5-FU,10.17632/fypp6xhkjy.1
17,O01,Monoculture,,5-FU,12.2,12.2,uM,2,False,3998,,False,True,O01:Monoculture::5-FU,10.17632/fypp6xhkjy.1
18,O01,Monoculture,,5-FU,12.2,12.2,uM,3,False,2660,,False,True,O01:Monoculture::5-FU,10.17632/fypp6xhkjy.1
19,O01,Monoculture,,5-FU,27.0,27.0,uM,1,False,3132,,False,True,O01:Monoculture::5-FU,10.17632/fypp6xhkjy.1
20,O01,Monoculture,,5-FU,27.0,27.0,uM,2,False,3894,,False,True,O01:Monoculture::5-FU,10.17632/fypp6xhkjy.1
21,O01,Monoculture,,5-FU,27.0,27.0,uM,3,False,2432,,False,True,O01:Monoculture::5-FU,10.17632/fypp6xhkjy.1
22,O01,Monoculture,,5-FU,60.0,60.0,uM,1,False,3566,,False,True,O01:Monoculture::5-FU,10.17632/fypp6xhkjy.1
23,O01,Monoculture,,5-FU,60.0,60.0,uM,2,False,3794,,False,True,O01:Monoculture::5-FU,10.17632/fypp6xhkjy.1
24,O01,Monoculture,,5-FU,60.0,60.0,uM,3,False,1892,,False,True,O01:Monoculture::5-FU,10.17632/fypp6xhkjy.1
25,O01,Monoculture,,Oxa,DMSO,0.0,uM,1,True,10003,,False,True,O01:Monoculture::Oxa,10.17632/fypp6xhkjy.1
26,O01,Monoculture,,Oxa,DMSO,0.0,uM,2,True,6955,,False,True,O01:Monoculture::Oxa,10.17632/fypp6xhkjy.1
27,O01,Monoculture,,Oxa,DMSO,0.0,uM,3,True,8742,,False,True,O01:Monoculture::Oxa,10.17632/fypp6xhkjy.1
28,O01,Monoculture,,Oxa,0.5,0.5,uM,1,False,4546,,False,True,O01:Monoculture::Oxa,10.17632/fypp6xhkjy.1
29,O01,Monoculture,,Oxa,0.5,0.5,uM,2,False,4165,,False,True,O01:Monoculture::Oxa,10.17632/fypp6xhkjy.1
30,O01,Monoculture,,Oxa,0.5,0.5,uM,3,False,6331,,False,True,O01:Monoculture::Oxa,10.17632/fypp6xhkjy.1
31,O01,Monoculture,,Oxa,1.1,1.1,uM,1,False,4150,,False,True,O01:Monoculture::Oxa,10.17632/fypp6xhkjy.1
32,O01,Monoculture,,Oxa,1.1,1.1,uM,2,False,4811,,False,True,O01:Monoculture::Oxa,10.17632/fypp6xhkjy.1
33,O01,Monoculture,,Oxa,1.1,1.1,uM,3,False,3295,,False,True,O01:Monoculture::Oxa,10.17632/fypp6xhkjy.1
34,O01,Monoculture,,Oxa,2.5,2.5,uM,1,False,4004,,False,True,O01:Monoculture::Oxa,10.17632/fypp6xhkjy.1
35,O01,Monoculture,,Oxa,2.5,2.5,uM,2,False,3047,,False,True,O01:Monoculture::Oxa,10.17632/fypp6xhkjy.1
36,O01,Monoculture,,Oxa,2.5,2.5,uM,3,False,2843,,False,True,O01:Monoculture::Oxa,10.17632/fypp6xhkjy.1
37,O01,Monoculture,,Oxa,5.5,5.5,uM,1,False,2972,,False,True,O01:Monoculture::Oxa,10.17632/fypp6xhkjy.1
38,O01,Monoculture,,Oxa,5.5,5.5,uM,2,False,1536,,False,True,O01:Monoculture::Oxa,10.17632/fypp6xhkjy.1
39,O01,Monoculture,,Oxa,5.5,5.5,uM,3,False,1596,,False,True,O01:Monoculture::Oxa,10.17632/fypp6xhkjy.1
40,O01,Monoculture,,Oxa,12.2,12.2,uM,1,False,1176,,False,True,O01:Monoculture::Oxa,10.17632/fypp6xhkjy.1
41,O01,Monoculture,,Oxa,12.2,12.2,uM,2,False,1146,,False,True,O01:Monoculture::Oxa,10.17632/fypp6xhkjy.1
42,O01,Monoculture,,Oxa,12.2,12.2,uM,3,False,1580,,False,True,O01:Monoculture::Oxa,10.17632/fypp6xhkjy.1
43,O01,Monoculture,,Oxa,27.0,27.0,uM,1,False,1604,,False,True,O01:Monoculture::Oxa,10.17632/fypp6xhkjy.1
44,O01,Monoculture,,Oxa,27.0,27.0,uM,2,False,1970,,False,True,O01:Monoculture::Oxa,10.17632/fypp6xhkjy.1
45,O01,Monoculture,,Oxa,27.0,27.0,uM,3,False,1436,,False,True,O01:Monoculture::Oxa,10.17632/fypp6xhkjy.1
46,O01,Monoculture,,Oxa,60.0,60.0,uM,1,False,1557,,False,True,O01:Monoculture::Oxa,10.17632/fypp6xhkjy.1
47,O01,Monoculture,,Oxa,60.0,60.0,uM,2,False,1429,,False,True,O01:Monoculture::Oxa,10.17632/fypp6xhkjy.1
48,O01,Monoculture,,Oxa,60.0,60.0,uM,3,False,1272,,False,True,O01:Monoculture::Oxa,10.17632/fypp6xhkjy.1
49,O01,Monoculture,,SN-38,DMSO,0.0,nM,1,True,8916,,False,True,O01:Monoculture::SN-38,10.17632/fypp6xhkjy.1
50,O01,Monoculture,,SN-38,DMSO,0.0,nM,2,True,14589,,False,True,O01:Monoculture::SN-38,10.17632/fypp6xhkjy.1
51,O01,Monoculture,,SN-38,DMSO,0.0,nM,3,True,8067,,False,True,O01:Monoculture::SN-38,10.17632/fypp6xhkjy.1
52,O01,Monoculture,,SN-38,0.1,0.1,nM,1,False,8309,,False,True,O01:Monoculture::SN-38,10.17632/fypp6xhkjy.1
53,O01,Monoculture,,SN-38,0.1,0.1,nM,2,False,7028,,False,True,O01:Monoculture::SN-38,10.17632/fypp6xhkjy.1
54,O01,Monoculture,,SN-38,0.1,0.1,nM,3,False,14792,,False,True,O01:Monoculture::SN-38,10.17632/fypp6xhkjy.1
55,O01,Monoculture,,SN-38,0.2,0.2,nM,1,False,8845,,False,True,O01:Monoculture::SN-38,10.17632/fypp6xhkjy.1
56,O01,Monoculture,,SN-38,0.2,0.2,nM,2,False,7869,,False,True,O01:Monoculture::SN-38,10.17632/fypp6xhkjy.1
57,O01,Monoculture,,SN-38,0.2,0.2,nM,3,False,12683,,False,True,O01:Monoculture::SN-38,10.17632/fypp6xhkjy.1
58,O01,Monoculture,,SN-38,0.4,0.4,nM,1,False,6631,,False,True,O01:Monoculture::SN-38,10.17632/fypp6xhkjy.1
59,O01,Monoculture,,SN-38,0.4,0.4,nM,2,False,9621,,False,True,O01:Monoculture::SN-38,10.17632/fypp6xhkjy.1
60,O01,Monoculture,,SN-38,0.4,0.4,nM,3,False,4936,,False,True,O01:Monoculture::SN-38,10.17632/fypp6xhkjy.1
61,O01,Monoculture,,SN-38,0.7,0.7,nM,1,False,17623,,False,True,O01:Monoculture::SN-38,10.17632/fypp6xhkjy.1
62,O01,Monoculture,,SN-38,0.7,0.7,nM,2,False,9138,,False,True,O01:Monoculture::SN-38,10.17632/fypp6xhkjy.1
63,O01,Monoculture,,SN-38,0.7,0.7,nM,3,False,16133,,False,True,O01:Monoculture::SN-38,10.17632/fypp6xhkjy.1
64,O01,Monoculture,,SN-38,1.4,1.4,nM,1,False,11473,,False,True,O01:Monoculture::SN-38,10.17632/fypp6xhkjy.1
65,O01,Monoculture,,SN-38,1.4,1.4,nM,2,False,21338,seeding not uniform,False,False,O01:Monoculture::SN-38,10.17632/fypp6xhkjy.1
66,O01,Monoculture,,SN-38,1.4,1.4,nM,3,False,10272,,False,True,O01:Monoculture::SN-38,10.17632/fypp6xhkjy.1
67,O01,Monoculture,,SN-38,2.6,2.6,nM,1,False,11484,,False,True,O01:Monoculture::SN-38,10.17632/fypp6xhkjy.1
68,O01,Monoculture,,SN-38,2.6,2.6,nM,2,False,16579,seeding not uniform,False,False,O01:Monoculture::SN-38,10.17632/fypp6xhkjy.1
69,O01,Monoculture,,SN-38,2.6,2.6,nM,3,False,9415,,False,True,O01:Monoculture::SN-38,10.17632/fypp6xhkjy.1
70,O01,Monoculture,,SN-38,5.0,5.0,nM,1,False,7124,,False,True,O01:Monoculture::SN-38,10.17632/fypp6xhkjy.1
71,O01,Monoculture,,SN-38,5.0,5.0,nM,2,False,4380,,False,True,O01:Monoculture::SN-38,10.17632/fypp6xhkjy.1
72,O01,Monoculture,,SN-38,5.0,5.0,nM,3,False,3335,,False,True,O01:Monoculture::SN-38,10.17632/fypp6xhkjy.1
73,O01,Monoculture,,Gef,DMSO,0.0,uM,1,True,17282,,False,True,O01:Monoculture::Gef,10.17632/fypp6xhkjy.1
74,O01,Monoculture,,Gef,DMSO,0.0,uM,2,True,18829,,False,True,O01:Monoculture::Gef,10.17632/fypp6xhkjy.1
75,O01,Monoculture,,Gef,DMSO,0.0,uM,3,True,19750,,False,True,O01:Monoculture::Gef,10.17632/fypp6xhkjy.1
76,O01,Monoculture,,Gef,0.01,0.01,uM,1,False,9834,,False,True,O01:Monoculture::Gef,10.17632/fypp6xhkjy.1
77,O01,Monoculture,,Gef,0.01,0.01,uM,2,False,9837,,False,True,O01:Monoculture::Gef,10.17632/fypp6xhkjy.1
78,O01,Monoculture,,Gef,0.01,0.01,uM,3,False,10463,,False,True,O01:Monoculture::Gef,10.17632/fypp6xhkjy.1
79,O01,Monoculture,,Gef,0.04,0.04,uM,1,False,8855,,False,True,O01:Monoculture::Gef,10.17632/fypp6xhkjy.1
80,O01,Monoculture,,Gef,0.04,0.04,uM,2,False,18775,seeding not uniform,False,False,O01:Monoculture::Gef,10.17632/fypp6xhkjy.1
81,O01,Monoculture,,Gef,0.04,0.04,uM,3,False,11951,,False,True,O01:Monoculture::Gef,10.17632/fypp6xhkjy.1
82,O01,Monoculture,,Gef,0.1,0.1,uM,1,False,8443,,False,True,O01:Monoculture::Gef,10.17632/fypp6xhkjy.1
83,O01,Monoculture,,Gef,0.1,0.1,uM,2,False,10473,,False,True,O01:Monoculture::Gef,10.17632/fypp6xhkjy.1
84,O01,Monoculture,,Gef,0.1,0.1,uM,3,False,7606,,False,True,O01:Monoculture::Gef,10.17632/fypp6xhkjy.1
85,O01,Monoculture,,Gef,0.4,0.4,uM,1,False,3337,,False,True,O01:Monoculture::Gef,10.17632/fypp6xhkjy.1
86,O01,Monoculture,,Gef,0.4,0.4,uM,2,False,3808,,False,True,O01:Monoculture::Gef,10.17632/fypp6xhkjy.1
87,O01,Monoculture,,Gef,0.4,0.4,uM,3,False,4516,,False,True,O01:Monoculture::Gef,10.17632/fypp6xhkjy.1
88,O01,Monoculture,,Gef,1.1,1.1,uM,1,False,1774,,False,True,O01:Monoculture::Gef,10.17632/fypp6xhkjy.1
89,O01,Monoculture,,Gef,1.1,1.1,uM,2,False,2353,,False,True,O01:Monoculture::Gef,10.17632/fypp6xhkjy.1
90,O01,Monoculture,,Gef,1.1,1.1,uM,3,False,2291,,False,True,O01:Monoculture::Gef,10.17632/fypp6xhkjy.1
91,O01,Monoculture,,Gef,3.3,3.3,uM,1,False,876,,False,True,O01:Monoculture::Gef,10.17632/fypp6xhkjy.1
92,O01,Monoculture,,Gef,3.3,3.3,uM,2,False,1859,,False,True,O01:Monoculture::Gef,10.17632/fypp6xhkjy.1
93,O01,Monoculture,,Gef,3.3,3.3,uM,3,False,1880,,False,True,O01:Monoculture::Gef,10.17632/fypp6xhkjy.1
94,O01,Monoculture,,Gef,10.0,10.0,uM,1,False,768,,False,True,O01:Monoculture::Gef,10.17632/fypp6xhkjy.1
95,O01,Monoculture,,Gef,10.0,10.0,uM,2,False,546,,False,True,O01:Monoculture::Gef,10.17632/fypp6xhkjy.1
96,O01,Monoculture,,Gef,10.0,10.0,uM,3,False,949,,False,True,O01:Monoculture::Gef,10.17632/fypp6xhkjy.1
97,O01,Coculture,F01,5-FU,DMSO,0.0,uM,1,True,36633,,False,True,O01:Coculture:F01:5-FU,10.17632/fypp6xhkjy.1
98,O01,Coculture,F01,5-FU,DMSO,0.0,uM,2,True,22427,,False,True,O01:Coculture:F01:5-FU,10.17632/fypp6xhkjy.1
99,O01,Coculture,F01,5-FU,DMSO,0.0,uM,3,True,22487,,False,True,O01:Coculture:F01:5-FU,10.17632/fypp6xhkjy.1
100,O01,Coculture,F01,5-FU,0.5,0.5,uM,1,False,123,cells lost,False,False,O01:Coculture:F01:5-FU,10.17632/fypp6xhkjy.1
101,O01,Coculture,F01,5-FU,0.5,0.5,uM,2,False,14120,,False,True,O01:Coculture:F01:5-FU,10.17632/fypp6xhkjy.1
102,O01,Coculture,F01,5-FU,0.5,0.5,uM,3,False,15035,,False,True,O01:Coculture:F01:5-FU,10.17632/fypp6xhkjy.1
103,O01,Coculture,F01,5-FU,1.1,1.1,uM,1,False,24522,,False,True,O01:Coculture:F01:5-FU,10.17632/fypp6xhkjy.1
104,O01,Coculture,F01,5-FU,1.1,1.1,uM,2,False,12233,,False,True,O01:Coculture:F01:5-FU,10.17632/fypp6xhkjy.1
105,O01,Coculture,F01,5-FU,1.1,1.1,uM,3,False,10165,,False,True,O01:Coculture:F01:5-FU,10.17632/fypp6xhkjy.1
106,O01,Coculture,F01,5-FU,2.5,2.5,uM,1,False,30965,seeding not uniform,False,False,O01:Coculture:F01:5-FU,10.17632/fypp6xhkjy.1
107,O01,Coculture,F01,5-FU,2.5,2.5,uM,2,False,13366,,False,True,O01:Coculture:F01:5-FU,10.17632/fypp6xhkjy.1
108,O01,Coculture,F01,5-FU,2.5,2.5,uM,3,False,16359,,False,True,O01:Coculture:F01:5-FU,10.17632/fypp6xhkjy.1
109,O01,Coculture,F01,5-FU,5.5,5.5,uM,1,False,10547,,False,True,O01:Coculture:F01:5-FU,10.17632/fypp6xhkjy.1
110,O01,Coculture,F01,5-FU,5.5,5.5,uM,2,False,9055,,False,True,O01:Coculture:F01:5-FU,10.17632/fypp6xhkjy.1
111,O01,Coculture,F01,5-FU,5.5,5.5,uM,3,False,9466,,False,True,O01:Coculture:F01:5-FU,10.17632/fypp6xhkjy.1
112,O01,Coculture,F01,5-FU,12.2,12.2,uM,1,False,5541,,False,True,O01:Coculture:F01:5-FU,10.17632/fypp6xhkjy.1
113,O01,Coculture,F01,5-FU,12.2,12.2,uM,2,False,6556,,False,True,O01:Coculture:F01:5-FU,10.17632/fypp6xhkjy.1
114,O01,Coculture,F01,5-FU,12.2,12.2,uM,3,False,5011,,False,True,O01:Coculture:F01:5-FU,10.17632/fypp6xhkjy.1
115,O01,Coculture,F01,5-FU,27.0,27.0,uM,1,False,16,cells lost,False,False,O01:Coculture:F01:5-FU,10.17632/fypp6xhkjy.1
116,O01,Coculture,F01,5-FU,27.0,27.0,uM,2,False,3058,,False,True,O01:Coculture:F01:5-FU,10.17632/fypp6xhkjy.1
117,O01,Coculture,F01,5-FU,27.0,27.0,uM,3,False,2861,,False,True,O01:Coculture:F01:5-FU,10.17632/fypp6xhkjy.1
118,O01,Coculture,F01,5-FU,60.0,60.0,uM,1,False,2331,,False,True,O01:Coculture:F01:5-FU,10.17632/fypp6xhkjy.1
119,O01,Coculture,F01,5-FU,60.0,60.0,uM,2,False,2004,,False,True,O01:Coculture:F01:5-FU,10.17632/fypp6xhkjy.1
120,O01,Coculture,F01,5-FU,60.0,60.0,uM,3,False,2197,,False,True,O01:Coculture:F01:5-FU,10.17632/fypp6xhkjy.1
121,O01,Coculture,F01,Oxa,DMSO,0.0,uM,1,True,24862,,False,True,O01:Coculture:F01:Oxa,10.17632/fypp6xhkjy.1
122,O01,Coculture,F01,Oxa,DMSO,0.0,uM,2,True,12881,,False,True,O01:Coculture:F01:Oxa,10.17632/fypp6xhkjy.1
123,O01,Coculture,F01,Oxa,DMSO,0.0,uM,3,True,20877,,False,True,O01:Coculture:F01:Oxa,10.17632/fypp6xhkjy.1
124,O01,Coculture,F01,Oxa,0.5,0.5,uM,1,False,16449,,False,True,O01:Coculture:F01:Oxa,10.17632/fypp6xhkjy.1
125,O01,Coculture,F01,Oxa,0.5,0.5,uM,2,False,13134,,False,True,O01:Coculture:F01:Oxa,10.17632/fypp6xhkjy.1
126,O01,Coculture,F01,Oxa,0.5,0.5,uM,3,False,18501,,False,True,O01:Coculture:F01:Oxa,10.17632/fypp6xhkjy.1
127,O01,Coculture,F01,Oxa,1.1,1.1,uM,1,False,6516,,False,True,O01:Coculture:F01:Oxa,10.17632/fypp6xhkjy.1
128,O01,Coculture,F01,Oxa,1.1,1.1,uM,2,False,11084,,False,True,O01:Coculture:F01:Oxa,10.17632/fypp6xhkjy.1
129,O01,Coculture,F01,Oxa,1.1,1.1,uM,3,False,9439,,False,True,O01:Coculture:F01:Oxa,10.17632/fypp6xhkjy.1
130,O01,Coculture,F01,Oxa,2.5,2.5,uM,1,False,6410,,False,True,O01:Coculture:F01:Oxa,10.17632/fypp6xhkjy.1
131,O01,Coculture,F01,Oxa,2.5,2.5,uM,2,False,4343,,False,True,O01:Coculture:F01:Oxa,10.17632/fypp6xhkjy.1
132,O01,Coculture,F01,Oxa,2.5,2.5,uM,3,False,3754,,False,True,O01:Coculture:F01:Oxa,10.17632/fypp6xhkjy.1
133,O01,Coculture,F01,Oxa,5.5,5.5,uM,1,False,36,,False,True,O01:Coculture:F01:Oxa,10.17632/fypp6xhkjy.1
134,O01,Coculture,F01,Oxa,5.5,5.5,uM,2,False,3339,,False,True,O01:Coculture:F01:Oxa,10.17632/fypp6xhkjy.1
135,O01,Coculture,F01,Oxa,5.5,5.5,uM,3,False,3974,,False,True,O01:Coculture:F01:Oxa,10.17632/fypp6xhkjy.1
136,O01,Coculture,F01,Oxa,12.2,12.2,uM,1,False,1626,,False,True,O01:Coculture:F01:Oxa,10.17632/fypp6xhkjy.1
137,O01,Coculture,F01,Oxa,12.2,12.2,uM,2,False,123,,False,True,O01:Coculture:F01:Oxa,10.17632/fypp6xhkjy.1
138,O01,Coculture,F01,Oxa,12.2,12.2,uM,3,False,3027,,False,True,O01:Coculture:F01:Oxa,10.17632/fypp6xhkjy.1
139,O01,Coculture,F01,Oxa,27.0,27.0,uM,1,False,1869,,False,True,O01:Coculture:F01:Oxa,10.17632/fypp6xhkjy.1
140,O01,Coculture,F01,Oxa,27.0,27.0,uM,2,False,1955,,False,True,O01:Coculture:F01:Oxa,10.17632/fypp6xhkjy.1
141,O01,Coculture,F01,Oxa,27.0,27.0,uM,3,False,2079,,False,True,O01:Coculture:F01:Oxa,10.17632/fypp6xhkjy.1
142,O01,Coculture,F01,Oxa,60.0,60.0,uM,1,False,1829,,False,True,O01:Coculture:F01:Oxa,10.17632/fypp6xhkjy.1
143,O01,Coculture,F01,Oxa,60.0,60.0,uM,2,False,2734,,False,True,O01:Coculture:F01:Oxa,10.17632/fypp6xhkjy.1
144,O01,Coculture,F01,Oxa,60.0,60.0,uM,3,False,1190,,False,True,O01:Coculture:F01:Oxa,10.17632/fypp6xhkjy.1
145,O01,Coculture,F01,SN-38,DMSO,0.0,nM,1,True,22092,,False,True,O01:Coculture:F01:SN-38,10.17632/fypp6xhkjy.1
146,O01,Coculture,F01,SN-38,DMSO,0.0,nM,2,True,28703,,False,True,O01:Coculture:F01:SN-38,10.17632/fypp6xhkjy.1
147,O01,Coculture,F01,SN-38,DMSO,0.0,nM,3,True,34901,,False,True,O01:Coculture:F01:SN-38,10.17632/fypp6xhkjy.1
148,O01,Coculture,F01,SN-38,0.1,0.1,nM,1,False,24108,,False,True,O01:Coculture:F01:SN-38,10.17632/fypp6xhkjy.1
149,O01,Coculture,F01,SN-38,0.1,0.1,nM,2,False,23511,,False,True,O01:Coculture:F01:SN-38,10.17632/fypp6xhkjy.1
150,O01,Coculture,F01,SN-38,0.1,0.1,nM,3,False,26752,,False,True,O01:Coculture:F01:SN-38,10.17632/fypp6xhkjy.1
151,O01,Coculture,F01,SN-38,0.2,0.2,nM,1,False,27563,,False,True,O01:Coculture:F01:SN-38,10.17632/fypp6xhkjy.1
152,O01,Coculture,F01,SN-38,0.2,0.2,nM,2,False,24784,,False,True,O01:Coculture:F01:SN-38,10.17632/fypp6xhkjy.1
153,O01,Coculture,F01,SN-38,0.2,0.2,nM,3,False,26963,,False,True,O01:Coculture:F01:SN-38,10.17632/fypp6xhkjy.1
154,O01,Coculture,F01,SN-38,0.4,0.4,nM,1,False,25009,,False,True,O01:Coculture:F01:SN-38,10.17632/fypp6xhkjy.1
155,O01,Coculture,F01,SN-38,0.4,0.4,nM,2,False,30362,,False,True,O01:Coculture:F01:SN-38,10.17632/fypp6xhkjy.1
156,O01,Coculture,F01,SN-38,0.4,0.4,nM,3,False,23182,,False,True,O01:Coculture:F01:SN-38,10.17632/fypp6xhkjy.1
157,O01,Coculture,F01,SN-38,0.7,0.7,nM,1,False,27809,,False,True,O01:Coculture:F01:SN-38,10.17632/fypp6xhkjy.1
158,O01,Coculture,F01,SN-38,0.7,0.7,nM,2,False,24288,,False,True,O01:Coculture:F01:SN-38,10.17632/fypp6xhkjy.1
159,O01,Coculture,F01,SN-38,0.7,0.7,nM,3,False,23300,,False,True,O01:Coculture:F01:SN-38,10.17632/fypp6xhkjy.1
160,O01,Coculture,F01,SN-38,1.4,1.4,nM,1,False,20923,,False,True,O01:Coculture:F01:SN-38,10.17632/fypp6xhkjy.1
161,O01,Coculture,F01,SN-38,1.4,1.4,nM,2,False,25151,,False,True,O01:Coculture:F01:SN-38,10.17632/fypp6xhkjy.1
162,O01,Coculture,F01,SN-38,1.4,1.4,nM,3,False,26557,,False,True,O01:Coculture:F01:SN-38,10.17632/fypp6xhkjy.1
163,O01,Coculture,F01,SN-38,2.6,2.6,nM,1,False,14130,,False,True,O01:Coculture:F01:SN-38,10.17632/fypp6xhkjy.1
164,O01,Coculture,F01,SN-38,2.6,2.6,nM,2,False,2989,cells lost,False,False,O01:Coculture:F01:SN-38,10.17632/fypp6xhkjy.1
165,O01,Coculture,F01,SN-38,2.6,2.6,nM,3,False,9444,,False,True,O01:Coculture:F01:SN-38,10.17632/fypp6xhkjy.1
166,O01,Coculture,F01,SN-38,5.0,5.0,nM,1,False,4640,,False,True,O01:Coculture:F01:SN-38,10.17632/fypp6xhkjy.1
167,O01,Coculture,F01,SN-38,5.0,5.0,nM,2,False,7107,,False,True,O01:Coculture:F01:SN-38,10.17632/fypp6xhkjy.1
168,O01,Coculture,F01,SN-38,5.0,5.0,nM,3,False,7277,,False,True,O01:Coculture:F01:SN-38,10.17632/fypp6xhkjy.1
169,O01,Coculture,F01,Gef,DMSO,0.0,uM,1,True,20036,,False,True,O01:Coculture:F01:Gef,10.17632/fypp6xhkjy.1
170,O01,Coculture,F01,Gef,DMSO,0.0,uM,2,True,23655,,False,True,O01:Coculture:F01:Gef,10.17632/fypp6xhkjy.1
171,O01,Coculture,F01,Gef,DMSO,0.0,uM,3,True,25832,,False,True,O01:Coculture:F01:Gef,10.17632/fypp6xhkjy.1
172,O01,Coculture,F01,Gef,0.01,0.01,uM,1,False,31080,,False,True,O01:Coculture:F01:Gef,10.17632/fypp6xhkjy.1
173,O01,Coculture,F01,Gef,0.01,0.01,uM,2,False,21675,,False,True,O01:Coculture:F01:Gef,10.17632/fypp6xhkjy.1
174,O01,Coculture,F01,Gef,0.01,0.01,uM,3,False,31572,,False,True,O01:Coculture:F01:Gef,10.17632/fypp6xhkjy.1
175,O01,Coculture,F01,Gef,0.04,0.04,uM,1,False,16847,,False,True,O01:Coculture:F01:Gef,10.17632/fypp6xhkjy.1
176,O01,Coculture,F01,Gef,0.04,0.04,uM,2,False,20922,,False,True,O01:Coculture:F01:Gef,10.17632/fypp6xhkjy.1
177,O01,Coculture,F01,Gef,0.04,0.04,uM,3,False,24464,,False,True,O01:Coculture:F01:Gef,10.17632/fypp6xhkjy.1
178,O01,Coculture,F01,Gef,0.1,0.1,uM,1,False,15385,,False,True,O01:Coculture:F01:Gef,10.17632/fypp6xhkjy.1
179,O01,Coculture,F01,Gef,0.1,0.1,uM,2,False,15345,,False,True,O01:Coculture:F01:Gef,10.17632/fypp6xhkjy.1
180,O01,Coculture,F01,Gef,0.1,0.1,uM,3,False,16893,,False,True,O01:Coculture:F01:Gef,10.17632/fypp6xhkjy.1
181,O01,Coculture,F01,Gef,0.4,0.4,uM,1,False,11051,,False,True,O01:Coculture:F01:Gef,10.17632/fypp6xhkjy.1
182,O01,Coculture,F01,Gef,0.4,0.4,uM,2,False,11228,,False,True,O01:Coculture:F01:Gef,10.17632/fypp6xhkjy.1
183,O01,Coculture,F01,Gef,0.4,0.4,uM,3,False,18037,,False,True,O01:Coculture:F01:Gef,10.17632/fypp6xhkjy.1
184,O01,Coculture,F01,Gef,1.1,1.1,uM,1,False,8885,,False,True,O01:Coculture:F01:Gef,10.17632/fypp6xhkjy.1
185,O01,Coculture,F01,Gef,1.1,1.1,uM,2,False,8843,,False,True,O01:Coculture:F01:Gef,10.17632/fypp6xhkjy.1
186,O01,Coculture,F01,Gef,1.1,1.1,uM,3,False,9803,,False,True,O01:Coculture:F01:Gef,10.17632/fypp6xhkjy.1
187,O01,Coculture,F01,Gef,3.3,3.3,uM,1,False,5941,,False,True,O01:Coculture:F01:Gef,10.17632/fypp6xhkjy.1
188,O01,Coculture,F01,Gef,3.3,3.3,uM,2,False,5749,,False,True,O01:Coculture:F01:Gef,10.17632/fypp6xhkjy.1
189,O01,Coculture,F01,Gef,3.3,3.3,uM,3,False,4133,,False,True,O01:Coculture:F01:Gef,10.17632/fypp6xhkjy.1
190,O01,Coculture,F01,Gef,10.0,10.0,uM,1,False,5485,,False,True,O01:Coculture:F01:Gef,10.17632/fypp6xhkjy.1
191,O01,Coculture,F01,Gef,10.0,10.0,uM,2,False,3649,,False,True,O01:Coculture:F01:Gef,10.17632/fypp6xhkjy.1
192,O01,Coculture,F01,Gef,10.0,10.0,uM,3,False,4362,,False,True,O01:Coculture:F01:Gef,10.17632/fypp6xhkjy.1
193,O02,Monoculture,,5-FU,DMSO,0.0,uM,1,True,677130,,False,True,O02:Monoculture::5-FU,10.17632/fypp6xhkjy.1
194,O02,Monoculture,,5-FU,DMSO,0.0,uM,2,True,1390149,,False,True,O02:Monoculture::5-FU,10.17632/fypp6xhkjy.1
195,O02,Monoculture,,5-FU,DMSO,0.0,uM,3,True,1673296,,False,True,O02:Monoculture::5-FU,10.17632/fypp6xhkjy.1
196,O02,Monoculture,,5-FU,0.5,0.5,uM,1,False,1046115,,False,True,O02:Monoculture::5-FU,10.17632/fypp6xhkjy.1
197,O02,Monoculture,,5-FU,0.5,0.5,uM,2,False,1173159,,False,True,O02:Monoculture::5-FU,10.17632/fypp6xhkjy.1
198,O02,Monoculture,,5-FU,0.5,0.5,uM,3,False,1062764,,False,True,O02:Monoculture::5-FU,10.17632/fypp6xhkjy.1
199,O02,Monoculture,,5-FU,1.1,1.1,uM,1,False,1274962,,False,True,O02:Monoculture::5-FU,10.17632/fypp6xhkjy.1
200,O02,Monoculture,,5-FU,1.1,1.1,uM,2,False,1143183,,False,True,O02:Monoculture::5-FU,10.17632/fypp6xhkjy.1
201,O02,Monoculture,,5-FU,1.1,1.1,uM,3,False,1072976,,False,True,O02:Monoculture::5-FU,10.17632/fypp6xhkjy.1
202,O02,Monoculture,,5-FU,2.5,2.5,uM,1,False,1328301,,False,True,O02:Monoculture::5-FU,10.17632/fypp6xhkjy.1
203,O02,Monoculture,,5-FU,2.5,2.5,uM,2,False,1222156,,False,True,O02:Monoculture::5-FU,10.17632/fypp6xhkjy.1
204,O02,Monoculture,,5-FU,2.5,2.5,uM,3,False,1489304,,False,True,O02:Monoculture::5-FU,10.17632/fypp6xhkjy.1
205,O02,Monoculture,,5-FU,5.5,5.5,uM,1,False,532373,,False,True,O02:Monoculture::5-FU,10.17632/fypp6xhkjy.1
206,O02,Monoculture,,5-FU,5.5,5.5,uM,2,False,527147,,False,True,O02:Monoculture::5-FU,10.17632/fypp6xhkjy.1
207,O02,Monoculture,,5-FU,5.5,5.5,uM,3,False,461865,,False,True,O02:Monoculture::5-FU,10.17632/fypp6xhkjy.1
208,O02,Monoculture,,5-FU,12.2,12.2,uM,1,False,299654,,False,True,O02:Monoculture::5-FU,10.17632/fypp6xhkjy.1
209,O02,Monoculture,,5-FU,12.2,12.2,uM,2,False,212437,,False,True,O02:Monoculture::5-FU,10.17632/fypp6xhkjy.1
210,O02,Monoculture,,5-FU,12.2,12.2,uM,3,False,183049,,False,True,O02:Monoculture::5-FU,10.17632/fypp6xhkjy.1
211,O02,Monoculture,,5-FU,27.0,27.0,uM,1,False,126143,,False,True,O02:Monoculture::5-FU,10.17632/fypp6xhkjy.1
212,O02,Monoculture,,5-FU,27.0,27.0,uM,2,False,134519,,False,True,O02:Monoculture::5-FU,10.17632/fypp6xhkjy.1
213,O02,Monoculture,,5-FU,27.0,27.0,uM,3,False,187796,,False,True,O02:Monoculture::5-FU,10.17632/fypp6xhkjy.1
214,O02,Monoculture,,5-FU,60.0,60.0,uM,1,False,75832,,False,True,O02:Monoculture::5-FU,10.17632/fypp6xhkjy.1
215,O02,Monoculture,,5-FU,60.0,60.0,uM,2,False,135739,,False,True,O02:Monoculture::5-FU,10.17632/fypp6xhkjy.1
216,O02,Monoculture,,5-FU,60.0,60.0,uM,3,False,137343,,False,True,O02:Monoculture::5-FU,10.17632/fypp6xhkjy.1
217,O02,Monoculture,,Oxa,DMSO,0.0,uM,1,True,779180,,False,True,O02:Monoculture::Oxa,10.17632/fypp6xhkjy.1
218,O02,Monoculture,,Oxa,DMSO,0.0,uM,2,True,1442499,,False,True,O02:Monoculture::Oxa,10.17632/fypp6xhkjy.1
219,O02,Monoculture,,Oxa,DMSO,0.0,uM,3,True,1138248,,False,True,O02:Monoculture::Oxa,10.17632/fypp6xhkjy.1
220,O02,Monoculture,,Oxa,0.5,0.5,uM,1,False,920595,,False,True,O02:Monoculture::Oxa,10.17632/fypp6xhkjy.1
221,O02,Monoculture,,Oxa,0.5,0.5,uM,2,False,1111946,,False,True,O02:Monoculture::Oxa,10.17632/fypp6xhkjy.1
222,O02,Monoculture,,Oxa,0.5,0.5,uM,3,False,1201142,,False,True,O02:Monoculture::Oxa,10.17632/fypp6xhkjy.1
223,O02,Monoculture,,Oxa,1.1,1.1,uM,1,False,360385,,False,True,O02:Monoculture::Oxa,10.17632/fypp6xhkjy.1
224,O02,Monoculture,,Oxa,1.1,1.1,uM,2,False,715025,,False,True,O02:Monoculture::Oxa,10.17632/fypp6xhkjy.1
225,O02,Monoculture,,Oxa,1.1,1.1,uM,3,False,656163,,False,True,O02:Monoculture::Oxa,10.17632/fypp6xhkjy.1
226,O02,Monoculture,,Oxa,2.5,2.5,uM,1,False,465815,,False,True,O02:Monoculture::Oxa,10.17632/fypp6xhkjy.1
227,O02,Monoculture,,Oxa,2.5,2.5,uM,2,False,2646,cells lost,False,False,O02:Monoculture::Oxa,10.17632/fypp6xhkjy.1
228,O02,Monoculture,,Oxa,2.5,2.5,uM,3,False,378288,,False,True,O02:Monoculture::Oxa,10.17632/fypp6xhkjy.1
229,O02,Monoculture,,Oxa,5.5,5.5,uM,1,False,121574,,False,True,O02:Monoculture::Oxa,10.17632/fypp6xhkjy.1
230,O02,Monoculture,,Oxa,5.5,5.5,uM,2,False,110360,,False,True,O02:Monoculture::Oxa,10.17632/fypp6xhkjy.1
231,O02,Monoculture,,Oxa,5.5,5.5,uM,3,False,2215,,False,True,O02:Monoculture::Oxa,10.17632/fypp6xhkjy.1
232,O02,Monoculture,,Oxa,12.2,12.2,uM,1,False,19384,,False,True,O02:Monoculture::Oxa,10.17632/fypp6xhkjy.1
233,O02,Monoculture,,Oxa,12.2,12.2,uM,2,False,36576,,False,True,O02:Monoculture::Oxa,10.17632/fypp6xhkjy.1
234,O02,Monoculture,,Oxa,12.2,12.2,uM,3,False,29552,,False,True,O02:Monoculture::Oxa,10.17632/fypp6xhkjy.1
235,O02,Monoculture,,Oxa,27.0,27.0,uM,1,False,23815,,False,True,O02:Monoculture::Oxa,10.17632/fypp6xhkjy.1
236,O02,Monoculture,,Oxa,27.0,27.0,uM,2,False,29156,,False,True,O02:Monoculture::Oxa,10.17632/fypp6xhkjy.1
237,O02,Monoculture,,Oxa,27.0,27.0,uM,3,False,38505,,False,True,O02:Monoculture::Oxa,10.17632/fypp6xhkjy.1
238,O02,Monoculture,,Oxa,60.0,60.0,uM,1,False,18567,,False,True,O02:Monoculture::Oxa,10.17632/fypp6xhkjy.1
239,O02,Monoculture,,Oxa,60.0,60.0,uM,2,False,12712,,False,True,O02:Monoculture::Oxa,10.17632/fypp6xhkjy.1
240,O02,Monoculture,,Oxa,60.0,60.0,uM,3,False,12995,,False,True,O02:Monoculture::Oxa,10.17632/fypp6xhkjy.1
241,O02,Monoculture,,SN-38,DMSO,0.0,nM,1,True,1407662,,False,True,O02:Monoculture::SN-38,10.17632/fypp6xhkjy.1
242,O02,Monoculture,,SN-38,DMSO,0.0,nM,2,True,1826047,,False,True,O02:Monoculture::SN-38,10.17632/fypp6xhkjy.1
243,O02,Monoculture,,SN-38,DMSO,0.0,nM,3,True,888690,,False,True,O02:Monoculture::SN-38,10.17632/fypp6xhkjy.1
244,O02,Monoculture,,SN-38,0.1,0.1,nM,1,False,1674444,,False,True,O02:Monoculture::SN-38,10.17632/fypp6xhkjy.1
245,O02,Monoculture,,SN-38,0.1,0.1,nM,2,False,9285,cells lost,False,False,O02:Monoculture::SN-38,10.17632/fypp6xhkjy.1
246,O02,Monoculture,,SN-38,0.1,0.1,nM,3,False,998110,,False,True,O02:Monoculture::SN-38,10.17632/fypp6xhkjy.1
247,O02,Monoculture,,SN-38,0.2,0.2,nM,1,False,922536,,False,True,O02:Monoculture::SN-38,10.17632/fypp6xhkjy.1
248,O02,Monoculture,,SN-38,0.2,0.2,nM,2,False,1200664,,False,True,O02:Monoculture::SN-38,10.17632/fypp6xhkjy.1
249,O02,Monoculture,,SN-38,0.2,0.2,nM,3,False,1504841,,False,True,O02:Monoculture::SN-38,10.17632/fypp6xhkjy.1
250,O02,Monoculture,,SN-38,0.4,0.4,nM,1,False,1082718,,False,True,O02:Monoculture::SN-38,10.17632/fypp6xhkjy.1
251,O02,Monoculture,,SN-38,0.4,0.4,nM,2,False,1140078,,False,True,O02:Monoculture::SN-38,10.17632/fypp6xhkjy.1
252,O02,Monoculture,,SN-38,0.4,0.4,nM,3,False,1432224,,False,True,O02:Monoculture::SN-38,10.17632/fypp6xhkjy.1
253,O02,Monoculture,,SN-38,0.7,0.7,nM,1,False,812795,,False,True,O02:Monoculture::SN-38,10.17632/fypp6xhkjy.1
254,O02,Monoculture,,SN-38,0.7,0.7,nM,2,False,888920,,False,True,O02:Monoculture::SN-38,10.17632/fypp6xhkjy.1
255,O02,Monoculture,,SN-38,0.7,0.7,nM,3,False,1518502,,False,True,O02:Monoculture::SN-38,10.17632/fypp6xhkjy.1
256,O02,Monoculture,,SN-38,1.4,1.4,nM,1,False,718240,,False,True,O02:Monoculture::SN-38,10.17632/fypp6xhkjy.1
257,O02,Monoculture,,SN-38,1.4,1.4,nM,2,False,814616,,False,True,O02:Monoculture::SN-38,10.17632/fypp6xhkjy.1
258,O02,Monoculture,,SN-38,1.4,1.4,nM,3,False,1287454,,False,True,O02:Monoculture::SN-38,10.17632/fypp6xhkjy.1
259,O02,Monoculture,,SN-38,2.6,2.6,nM,1,False,7831,cells lost,False,False,O02:Monoculture::SN-38,10.17632/fypp6xhkjy.1
260,O02,Monoculture,,SN-38,2.6,2.6,nM,2,False,342378,,False,True,O02:Monoculture::SN-38,10.17632/fypp6xhkjy.1
261,O02,Monoculture,,SN-38,2.6,2.6,nM,3,False,282961,,False,True,O02:Monoculture::SN-38,10.17632/fypp6xhkjy.1
262,O02,Monoculture,,SN-38,5.0,5.0,nM,1,False,66021,,False,True,O02:Monoculture::SN-38,10.17632/fypp6xhkjy.1
263,O02,Monoculture,,SN-38,5.0,5.0,nM,2,False,17376,,False,True,O02:Monoculture::SN-38,10.17632/fypp6xhkjy.1
264,O02,Monoculture,,SN-38,5.0,5.0,nM,3,False,13647,,False,True,O02:Monoculture::SN-38,10.17632/fypp6xhkjy.1
265,O02,Monoculture,,Gef,DMSO,0.0,uM,1,True,1159586,,False,True,O02:Monoculture::Gef,10.17632/fypp6xhkjy.1
266,O02,Monoculture,,Gef,DMSO,0.0,uM,2,True,1633810,,False,True,O02:Monoculture::Gef,10.17632/fypp6xhkjy.1
267,O02,Monoculture,,Gef,DMSO,0.0,uM,3,True,1292607,,False,True,O02:Monoculture::Gef,10.17632/fypp6xhkjy.1
268,O02,Monoculture,,Gef,0.01,0.01,uM,1,False,1253026,,False,True,O02:Monoculture::Gef,10.17632/fypp6xhkjy.1
269,O02,Monoculture,,Gef,0.01,0.01,uM,2,False,120784,cells lost,False,False,O02:Monoculture::Gef,10.17632/fypp6xhkjy.1
270,O02,Monoculture,,Gef,0.01,0.01,uM,3,False,35412,cells lost,False,False,O02:Monoculture::Gef,10.17632/fypp6xhkjy.1
271,O02,Monoculture,,Gef,0.04,0.04,uM,1,False,1063789,,False,True,O02:Monoculture::Gef,10.17632/fypp6xhkjy.1
272,O02,Monoculture,,Gef,0.04,0.04,uM,2,False,1250155,,False,True,O02:Monoculture::Gef,10.17632/fypp6xhkjy.1
273,O02,Monoculture,,Gef,0.04,0.04,uM,3,False,954446,,False,True,O02:Monoculture::Gef,10.17632/fypp6xhkjy.1
274,O02,Monoculture,,Gef,0.1,0.1,uM,1,False,776184,,False,True,O02:Monoculture::Gef,10.17632/fypp6xhkjy.1
275,O02,Monoculture,,Gef,0.1,0.1,uM,2,False,1014583,,False,True,O02:Monoculture::Gef,10.17632/fypp6xhkjy.1
276,O02,Monoculture,,Gef,0.1,0.1,uM,3,False,1098175,,False,True,O02:Monoculture::Gef,10.17632/fypp6xhkjy.1
277,O02,Monoculture,,Gef,0.4,0.4,uM,1,False,154384,,False,True,O02:Monoculture::Gef,10.17632/fypp6xhkjy.1
278,O02,Monoculture,,Gef,0.4,0.4,uM,2,False,325397,,False,True,O02:Monoculture::Gef,10.17632/fypp6xhkjy.1
279,O02,Monoculture,,Gef,0.4,0.4,uM,3,False,27302,,False,True,O02:Monoculture::Gef,10.17632/fypp6xhkjy.1
280,O02,Monoculture,,Gef,1.1,1.1,uM,1,False,33769,,False,True,O02:Monoculture::Gef,10.17632/fypp6xhkjy.1
281,O02,Monoculture,,Gef,1.1,1.1,uM,2,False,47936,,False,True,O02:Monoculture::Gef,10.17632/fypp6xhkjy.1
282,O02,Monoculture,,Gef,1.1,1.1,uM,3,False,13205,,False,True,O02:Monoculture::Gef,10.17632/fypp6xhkjy.1
283,O02,Monoculture,,Gef,3.3,3.3,uM,1,False,18024,,False,True,O02:Monoculture::Gef,10.17632/fypp6xhkjy.1
284,O02,Monoculture,,Gef,3.3,3.3,uM,2,False,39715,,False,True,O02:Monoculture::Gef,10.17632/fypp6xhkjy.1
285,O02,Monoculture,,Gef,3.3,3.3,uM,3,False,6867,,False,True,O02:Monoculture::Gef,10.17632/fypp6xhkjy.1
286,O02,Monoculture,,Gef,10.0,10.0,uM,1,False,3093,,False,True,O02:Monoculture::Gef,10.17632/fypp6xhkjy.1
287,O02,Monoculture,,Gef,10.0,10.0,uM,2,False,444,,False,True,O02:Monoculture::Gef,10.17632/fypp6xhkjy.1
288,O02,Monoculture,,Gef,10.0,10.0,uM,3,False,626,,False,True,O02:Monoculture::Gef,10.17632/fypp6xhkjy.1
289,O02,Coculture,F20,5-FU,DMSO,0.0,uM,1,True,1284969,,False,True,O02:Coculture:F20:5-FU,10.17632/fypp6xhkjy.1
290,O02,Coculture,F20,5-FU,DMSO,0.0,uM,2,True,6949,cells lost,False,False,O02:Coculture:F20:5-FU,10.17632/fypp6xhkjy.1
291,O02,Coculture,F20,5-FU,DMSO,0.0,uM,3,True,1510841,,False,True,O02:Coculture:F20:5-FU,10.17632/fypp6xhkjy.1
292,O02,Coculture,F20,5-FU,0.5,0.5,uM,1,False,984329,,False,True,O02:Coculture:F20:5-FU,10.17632/fypp6xhkjy.1
293,O02,Coculture,F20,5-FU,0.5,0.5,uM,2,False,1092056,,False,True,O02:Coculture:F20:5-FU,10.17632/fypp6xhkjy.1
294,O02,Coculture,F20,5-FU,0.5,0.5,uM,3,False,1023618,,False,True,O02:Coculture:F20:5-FU,10.17632/fypp6xhkjy.1
295,O02,Coculture,F20,5-FU,1.1,1.1,uM,1,False,1363512,,False,True,O02:Coculture:F20:5-FU,10.17632/fypp6xhkjy.1
296,O02,Coculture,F20,5-FU,1.1,1.1,uM,2,False,1528594,,False,True,O02:Coculture:F20:5-FU,10.17632/fypp6xhkjy.1
297,O02,Coculture,F20,5-FU,1.1,1.1,uM,3,False,1830787,,False,True,O02:Coculture:F20:5-FU,10.17632/fypp6xhkjy.1
298,O02,Coculture,F20,5-FU,2.5,2.5,uM,1,False,812085,,False,True,O02:Coculture:F20:5-FU,10.17632/fypp6xhkjy.1
299,O02,Coculture,F20,5-FU,2.5,2.5,uM,2,False,733557,,False,True,O02:Coculture:F20:5-FU,10.17632/fypp6xhkjy.1
300,O02,Coculture,F20,5-FU,2.5,2.5,uM,3,False,870773,,False,True,O02:Coculture:F20:5-FU,10.17632/fypp6xhkjy.1
301,O02,Coculture,F20,5-FU,5.5,5.5,uM,1,False,706332,,False,True,O02:Coculture:F20:5-FU,10.17632/fypp6xhkjy.1
302,O02,Coculture,F20,5-FU,5.5,5.5,uM,2,False,756014,,False,True,O02:Coculture:F20:5-FU,10.17632/fypp6xhkjy.1
303,O02,Coculture,F20,5-FU,5.5,5.5,uM,3,False,6531,cells lost,False,False,O02:Coculture:F20:5-FU,10.17632/fypp6xhkjy.1
304,O02,Coculture,F20,5-FU,12.2,12.2,uM,1,False,829683,,False,True,O02:Coculture:F20:5-FU,10.17632/fypp6xhkjy.1
305,O02,Coculture,F20,5-FU,12.2,12.2,uM,2,False,905257,,False,True,O02:Coculture:F20:5-FU,10.17632/fypp6xhkjy.1
306,O02,Coculture,F20,5-FU,12.2,12.2,uM,3,False,857662,,False,True,O02:Coculture:F20:5-FU,10.17632/fypp6xhkjy.1
307,O02,Coculture,F20,5-FU,27.0,27.0,uM,1,False,351215,,False,True,O02:Coculture:F20:5-FU,10.17632/fypp6xhkjy.1
308,O02,Coculture,F20,5-FU,27.0,27.0,uM,2,False,360383,,False,True,O02:Coculture:F20:5-FU,10.17632/fypp6xhkjy.1
309,O02,Coculture,F20,5-FU,27.0,27.0,uM,3,False,396737,,False,True,O02:Coculture:F20:5-FU,10.17632/fypp6xhkjy.1
310,O02,Coculture,F20,5-FU,60.0,60.0,uM,1,False,176413,,False,True,O02:Coculture:F20:5-FU,10.17632/fypp6xhkjy.1
311,O02,Coculture,F20,5-FU,60.0,60.0,uM,2,False,314895,,False,True,O02:Coculture:F20:5-FU,10.17632/fypp6xhkjy.1
312,O02,Coculture,F20,5-FU,60.0,60.0,uM,3,False,353562,,False,True,O02:Coculture:F20:5-FU,10.17632/fypp6xhkjy.1
313,O02,Coculture,F20,Oxa,DMSO,0.0,uM,1,True,409878,cells lost,False,False,O02:Coculture:F20:Oxa,10.17632/fypp6xhkjy.1
314,O02,Coculture,F20,Oxa,DMSO,0.0,uM,2,True,2059659,,False,True,O02:Coculture:F20:Oxa,10.17632/fypp6xhkjy.1
315,O02,Coculture,F20,Oxa,DMSO,0.0,uM,3,True,1685180,,False,True,O02:Coculture:F20:Oxa,10.17632/fypp6xhkjy.1
316,O02,Coculture,F20,Oxa,0.5,0.5,uM,1,False,925012,,False,True,O02:Coculture:F20:Oxa,10.17632/fypp6xhkjy.1
317,O02,Coculture,F20,Oxa,0.5,0.5,uM,2,False,1538520,,False,True,O02:Coculture:F20:Oxa,10.17632/fypp6xhkjy.1
318,O02,Coculture,F20,Oxa,0.5,0.5,uM,3,False,1685891,,False,True,O02:Coculture:F20:Oxa,10.17632/fypp6xhkjy.1
319,O02,Coculture,F20,Oxa,1.1,1.1,uM,1,False,1573313,,False,True,O02:Coculture:F20:Oxa,10.17632/fypp6xhkjy.1
320,O02,Coculture,F20,Oxa,1.1,1.1,uM,2,False,2003840,,False,True,O02:Coculture:F20:Oxa,10.17632/fypp6xhkjy.1
321,O02,Coculture,F20,Oxa,1.1,1.1,uM,3,False,2286033,,False,True,O02:Coculture:F20:Oxa,10.17632/fypp6xhkjy.1
322,O02,Coculture,F20,Oxa,2.5,2.5,uM,1,False,806559,,False,True,O02:Coculture:F20:Oxa,10.17632/fypp6xhkjy.1
323,O02,Coculture,F20,Oxa,2.5,2.5,uM,2,False,1079151,,False,True,O02:Coculture:F20:Oxa,10.17632/fypp6xhkjy.1
324,O02,Coculture,F20,Oxa,2.5,2.5,uM,3,False,781193,,False,True,O02:Coculture:F20:Oxa,10.17632/fypp6xhkjy.1
325,O02,Coculture,F20,Oxa,5.5,5.5,uM,1,False,297998,,False,True,O02:Coculture:F20:Oxa,10.17632/fypp6xhkjy.1
326,O02,Coculture,F20,Oxa,5.5,5.5,uM,2,False,288707,,False,True,O02:Coculture:F20:Oxa,10.17632/fypp6xhkjy.1
327,O02,Coculture,F20,Oxa,5.5,5.5,uM,3,False,244526,,False,True,O02:Coculture:F20:Oxa,10.17632/fypp6xhkjy.1
328,O02,Coculture,F20,Oxa,12.2,12.2,uM,1,False,63390,,False,True,O02:Coculture:F20:Oxa,10.17632/fypp6xhkjy.1
329,O02,Coculture,F20,Oxa,12.2,12.2,uM,2,False,82530,,False,True,O02:Coculture:F20:Oxa,10.17632/fypp6xhkjy.1
330,O02,Coculture,F20,Oxa,12.2,12.2,uM,3,False,77980,,False,True,O02:Coculture:F20:Oxa,10.17632/fypp6xhkjy.1
331,O02,Coculture,F20,Oxa,27.0,27.0,uM,1,False,16664,,False,True,O02:Coculture:F20:Oxa,10.17632/fypp6xhkjy.1
332,O02,Coculture,F20,Oxa,27.0,27.0,uM,2,False,65589,,False,True,O02:Coculture:F20:Oxa,10.17632/fypp6xhkjy.1
333,O02,Coculture,F20,Oxa,27.0,27.0,uM,3,False,57847,,False,True,O02:Coculture:F20:Oxa,10.17632/fypp6xhkjy.1
334,O02,Coculture,F20,Oxa,60.0,60.0,uM,1,False,26724,,False,True,O02:Coculture:F20:Oxa,10.17632/fypp6xhkjy.1
335,O02,Coculture,F20,Oxa,60.0,60.0,uM,2,False,1463,,False,True,O02:Coculture:F20:Oxa,10.17632/fypp6xhkjy.1
336,O02,Coculture,F20,Oxa,60.0,60.0,uM,3,False,52461,,False,True,O02:Coculture:F20:Oxa,10.17632/fypp6xhkjy.1
337,O02,Coculture,F20,SN-38,DMSO,0.0,nM,1,True,1544105,,False,True,O02:Coculture:F20:SN-38,10.17632/fypp6xhkjy.1
338,O02,Coculture,F20,SN-38,DMSO,0.0,nM,2,True,1829777,,False,True,O02:Coculture:F20:SN-38,10.17632/fypp6xhkjy.1
339,O02,Coculture,F20,SN-38,DMSO,0.0,nM,3,True,1635944,,False,True,O02:Coculture:F20:SN-38,10.17632/fypp6xhkjy.1
340,O02,Coculture,F20,SN-38,0.1,0.1,nM,1,False,1739232,,False,True,O02:Coculture:F20:SN-38,10.17632/fypp6xhkjy.1
341,O02,Coculture,F20,SN-38,0.1,0.1,nM,2,False,1977536,,False,True,O02:Coculture:F20:SN-38,10.17632/fypp6xhkjy.1
342,O02,Coculture,F20,SN-38,0.1,0.1,nM,3,False,1049791,,False,True,O02:Coculture:F20:SN-38,10.17632/fypp6xhkjy.1
343,O02,Coculture,F20,SN-38,0.2,0.2,nM,1,False,384787,cells lost,False,False,O02:Coculture:F20:SN-38,10.17632/fypp6xhkjy.1
344,O02,Coculture,F20,SN-38,0.2,0.2,nM,2,False,2637738,,False,True,O02:Coculture:F20:SN-38,10.17632/fypp6xhkjy.1
345,O02,Coculture,F20,SN-38,0.2,0.2,nM,3,False,1877800,,False,True,O02:Coculture:F20:SN-38,10.17632/fypp6xhkjy.1
346,O02,Coculture,F20,SN-38,0.4,0.4,nM,1,False,903885,,False,True,O02:Coculture:F20:SN-38,10.17632/fypp6xhkjy.1
347,O02,Coculture,F20,SN-38,0.4,0.4,nM,2,False,1018612,,False,True,O02:Coculture:F20:SN-38,10.17632/fypp6xhkjy.1
348,O02,Coculture,F20,SN-38,0.4,0.4,nM,3,False,1243455,,False,True,O02:Coculture:F20:SN-38,10.17632/fypp6xhkjy.1
349,O02,Coculture,F20,SN-38,0.7,0.7,nM,1,False,1425925,,False,True,O02:Coculture:F20:SN-38,10.17632/fypp6xhkjy.1
350,O02,Coculture,F20,SN-38,0.7,0.7,nM,2,False,1636872,,False,True,O02:Coculture:F20:SN-38,10.17632/fypp6xhkjy.1
351,O02,Coculture,F20,SN-38,0.7,0.7,nM,3,False,1169468,,False,True,O02:Coculture:F20:SN-38,10.17632/fypp6xhkjy.1
352,O02,Coculture,F20,SN-38,1.4,1.4,nM,1,False,1306166,,False,True,O02:Coculture:F20:SN-38,10.17632/fypp6xhkjy.1
353,O02,Coculture,F20,SN-38,1.4,1.4,nM,2,False,1896085,,False,True,O02:Coculture:F20:SN-38,10.17632/fypp6xhkjy.1
354,O02,Coculture,F20,SN-38,1.4,1.4,nM,3,False,1074762,,False,True,O02:Coculture:F20:SN-38,10.17632/fypp6xhkjy.1
355,O02,Coculture,F20,SN-38,2.6,2.6,nM,1,False,319595,,False,True,O02:Coculture:F20:SN-38,10.17632/fypp6xhkjy.1
356,O02,Coculture,F20,SN-38,2.6,2.6,nM,2,False,396940,,False,True,O02:Coculture:F20:SN-38,10.17632/fypp6xhkjy.1
357,O02,Coculture,F20,SN-38,2.6,2.6,nM,3,False,305173,,False,True,O02:Coculture:F20:SN-38,10.17632/fypp6xhkjy.1
358,O02,Coculture,F20,SN-38,5.0,5.0,nM,1,False,102342,,False,True,O02:Coculture:F20:SN-38,10.17632/fypp6xhkjy.1
359,O02,Coculture,F20,SN-38,5.0,5.0,nM,2,False,23045,,False,True,O02:Coculture:F20:SN-38,10.17632/fypp6xhkjy.1
360,O02,Coculture,F20,SN-38,5.0,5.0,nM,3,False,24566,,False,True,O02:Coculture:F20:SN-38,10.17632/fypp6xhkjy.1
361,O02,Coculture,F20,Gef,DMSO,0.0,uM,1,True,1350495,,False,True,O02:Coculture:F20:Gef,10.17632/fypp6xhkjy.1
362,O02,Coculture,F20,Gef,DMSO,0.0,uM,2,True,1655038,,False,True,O02:Coculture:F20:Gef,10.17632/fypp6xhkjy.1
363,O02,Coculture,F20,Gef,DMSO,0.0,uM,3,True,1190485,,False,True,O02:Coculture:F20:Gef,10.17632/fypp6xhkjy.1
364,O02,Coculture,F20,Gef,0.01,0.01,uM,1,False,1637134,,False,True,O02:Coculture:F20:Gef,10.17632/fypp6xhkjy.1
365,O02,Coculture,F20,Gef,0.01,0.01,uM,2,False,1909875,,False,True,O02:Coculture:F20:Gef,10.17632/fypp6xhkjy.1
366,O02,Coculture,F20,Gef,0.01,0.01,uM,3,False,1518936,,False,True,O02:Coculture:F20:Gef,10.17632/fypp6xhkjy.1
367,O02,Coculture,F20,Gef,0.04,0.04,uM,1,False,668277,seeding not uniform,False,False,O02:Coculture:F20:Gef,10.17632/fypp6xhkjy.1
368,O02,Coculture,F20,Gef,0.04,0.04,uM,2,False,2219414,,False,True,O02:Coculture:F20:Gef,10.17632/fypp6xhkjy.1
369,O02,Coculture,F20,Gef,0.04,0.04,uM,3,False,1611231,,False,True,O02:Coculture:F20:Gef,10.17632/fypp6xhkjy.1
370,O02,Coculture,F20,Gef,0.1,0.1,uM,1,False,1677244,,False,True,O02:Coculture:F20:Gef,10.17632/fypp6xhkjy.1
371,O02,Coculture,F20,Gef,0.1,0.1,uM,2,False,1886579,,False,True,O02:Coculture:F20:Gef,10.17632/fypp6xhkjy.1
372,O02,Coculture,F20,Gef,0.1,0.1,uM,3,False,1749998,,False,True,O02:Coculture:F20:Gef,10.17632/fypp6xhkjy.1
373,O02,Coculture,F20,Gef,0.4,0.4,uM,1,False,862064,,False,True,O02:Coculture:F20:Gef,10.17632/fypp6xhkjy.1
374,O02,Coculture,F20,Gef,0.4,0.4,uM,2,False,895177,,False,True,O02:Coculture:F20:Gef,10.17632/fypp6xhkjy.1
375,O02,Coculture,F20,Gef,0.4,0.4,uM,3,False,490843,,False,True,O02:Coculture:F20:Gef,10.17632/fypp6xhkjy.1
376,O02,Coculture,F20,Gef,1.1,1.1,uM,1,False,530460,,False,True,O02:Coculture:F20:Gef,10.17632/fypp6xhkjy.1
377,O02,Coculture,F20,Gef,1.1,1.1,uM,2,False,665310,,False,True,O02:Coculture:F20:Gef,10.17632/fypp6xhkjy.1
378,O02,Coculture,F20,Gef,1.1,1.1,uM,3,False,402313,,False,True,O02:Coculture:F20:Gef,10.17632/fypp6xhkjy.1
379,O02,Coculture,F20,Gef,3.3,3.3,uM,1,False,284030,,False,True,O02:Coculture:F20:Gef,10.17632/fypp6xhkjy.1
380,O02,Coculture,F20,Gef,3.3,3.3,uM,2,False,414081,,False,True,O02:Coculture:F20:Gef,10.17632/fypp6xhkjy.1
381,O02,Coculture,F20,Gef,3.3,3.3,uM,3,False,403332,,False,True,O02:Coculture:F20:Gef,10.17632/fypp6xhkjy.1
382,O02,Coculture,F20,Gef,10.0,10.0,uM,1,False,310218,,False,True,O02:Coculture:F20:Gef,10.17632/fypp6xhkjy.1
383,O02,Coculture,F20,Gef,10.0,10.0,uM,2,False,264174,,False,True,O02:Coculture:F20:Gef,10.17632/fypp6xhkjy.1
384,O02,Coculture,F20,Gef,10.0,10.0,uM,3,False,301574,,False,True,O02:Coculture:F20:Gef,10.17632/fypp6xhkjy.1
385,O03,Monoculture,,5-FU,DMSO,0.0,uM,1,True,58349,,False,True,O03:Monoculture::5-FU,10.17632/fypp6xhkjy.1
386,O03,Monoculture,,5-FU,DMSO,0.0,uM,2,True,54061,,False,True,O03:Monoculture::5-FU,10.17632/fypp6xhkjy.1
387,O03,Monoculture,,5-FU,DMSO,0.0,uM,3,True,47584,,False,True,O03:Monoculture::5-FU,10.17632/fypp6xhkjy.1
388,O03,Monoculture,,5-FU,0.5,0.5,uM,1,False,99603,,False,True,O03:Monoculture::5-FU,10.17632/fypp6xhkjy.1
389,O03,Monoculture,,5-FU,0.5,0.5,uM,2,False,94491,,False,True,O03:Monoculture::5-FU,10.17632/fypp6xhkjy.1
390,O03,Monoculture,,5-FU,0.5,0.5,uM,3,False,94716,,False,True,O03:Monoculture::5-FU,10.17632/fypp6xhkjy.1
391,O03,Monoculture,,5-FU,1.1,1.1,uM,1,False,110794,,False,True,O03:Monoculture::5-FU,10.17632/fypp6xhkjy.1
392,O03,Monoculture,,5-FU,1.1,1.1,uM,2,False,94906,,False,True,O03:Monoculture::5-FU,10.17632/fypp6xhkjy.1
393,O03,Monoculture,,5-FU,1.1,1.1,uM,3,False,102786,,False,True,O03:Monoculture::5-FU,10.17632/fypp6xhkjy.1
394,O03,Monoculture,,5-FU,2.5,2.5,uM,1,False,48269,,False,True,O03:Monoculture::5-FU,10.17632/fypp6xhkjy.1
395,O03,Monoculture,,5-FU,2.5,2.5,uM,2,False,62725,,False,True,O03:Monoculture::5-FU,10.17632/fypp6xhkjy.1
396,O03,Monoculture,,5-FU,2.5,2.5,uM,3,False,53461,,False,True,O03:Monoculture::5-FU,10.17632/fypp6xhkjy.1
397,O03,Monoculture,,5-FU,5.5,5.5,uM,1,False,42962,,False,True,O03:Monoculture::5-FU,10.17632/fypp6xhkjy.1
398,O03,Monoculture,,5-FU,5.5,5.5,uM,2,False,2252,cells lost,False,False,O03:Monoculture::5-FU,10.17632/fypp6xhkjy.1
399,O03,Monoculture,,5-FU,5.5,5.5,uM,3,False,42110,,False,True,O03:Monoculture::5-FU,10.17632/fypp6xhkjy.1
400,O03,Monoculture,,5-FU,12.2,12.2,uM,1,False,19879,,False,True,O03:Monoculture::5-FU,10.17632/fypp6xhkjy.1
401,O03,Monoculture,,5-FU,12.2,12.2,uM,2,False,19540,,False,True,O03:Monoculture::5-FU,10.17632/fypp6xhkjy.1
402,O03,Monoculture,,5-FU,12.2,12.2,uM,3,False,21181,,False,True,O03:Monoculture::5-FU,10.17632/fypp6xhkjy.1
403,O03,Monoculture,,5-FU,27.0,27.0,uM,1,False,13426,,False,True,O03:Monoculture::5-FU,10.17632/fypp6xhkjy.1
404,O03,Monoculture,,5-FU,27.0,27.0,uM,2,False,15965,,False,True,O03:Monoculture::5-FU,10.17632/fypp6xhkjy.1
405,O03,Monoculture,,5-FU,27.0,27.0,uM,3,False,15678,,False,True,O03:Monoculture::5-FU,10.17632/fypp6xhkjy.1
406,O03,Monoculture,,5-FU,60.0,60.0,uM,1,False,14820,,False,True,O03:Monoculture::5-FU,10.17632/fypp6xhkjy.1
407,O03,Monoculture,,5-FU,60.0,60.0,uM,2,False,11769,,False,True,O03:Monoculture::5-FU,10.17632/fypp6xhkjy.1
408,O03,Monoculture,,5-FU,60.0,60.0,uM,3,False,10173,,False,True,O03:Monoculture::5-FU,10.17632/fypp6xhkjy.1
409,O03,Monoculture,,Oxa,DMSO,0.0,uM,1,True,61152,,False,True,O03:Monoculture::Oxa,10.17632/fypp6xhkjy.1
410,O03,Monoculture,,Oxa,DMSO,0.0,uM,2,True,160296,,False,True,O03:Monoculture::Oxa,10.17632/fypp6xhkjy.1
411,O03,Monoculture,,Oxa,DMSO,0.0,uM,3,True,120478,,False,True,O03:Monoculture::Oxa,10.17632/fypp6xhkjy.1
412,O03,Monoculture,,Oxa,0.5,0.5,uM,1,False,104791,,False,True,O03:Monoculture::Oxa,10.17632/fypp6xhkjy.1
413,O03,Monoculture,,Oxa,0.5,0.5,uM,2,False,106152,,False,True,O03:Monoculture::Oxa,10.17632/fypp6xhkjy.1
414,O03,Monoculture,,Oxa,0.5,0.5,uM,3,False,119805,,False,True,O03:Monoculture::Oxa,10.17632/fypp6xhkjy.1
415,O03,Monoculture,,Oxa,1.1,1.1,uM,1,False,40622,,False,True,O03:Monoculture::Oxa,10.17632/fypp6xhkjy.1
416,O03,Monoculture,,Oxa,1.1,1.1,uM,2,False,48931,,False,True,O03:Monoculture::Oxa,10.17632/fypp6xhkjy.1
417,O03,Monoculture,,Oxa,1.1,1.1,uM,3,False,65572,,False,True,O03:Monoculture::Oxa,10.17632/fypp6xhkjy.1
418,O03,Monoculture,,Oxa,2.5,2.5,uM,1,False,23065,,False,True,O03:Monoculture::Oxa,10.17632/fypp6xhkjy.1
419,O03,Monoculture,,Oxa,2.5,2.5,uM,2,False,53613,,False,True,O03:Monoculture::Oxa,10.17632/fypp6xhkjy.1
420,O03,Monoculture,,Oxa,2.5,2.5,uM,3,False,34135,,False,True,O03:Monoculture::Oxa,10.17632/fypp6xhkjy.1
421,O03,Monoculture,,Oxa,5.5,5.5,uM,1,False,12613,,False,True,O03:Monoculture::Oxa,10.17632/fypp6xhkjy.1
422,O03,Monoculture,,Oxa,5.5,5.5,uM,2,False,23475,,False,True,O03:Monoculture::Oxa,10.17632/fypp6xhkjy.1
423,O03,Monoculture,,Oxa,5.5,5.5,uM,3,False,17792,,False,True,O03:Monoculture::Oxa,10.17632/fypp6xhkjy.1
424,O03,Monoculture,,Oxa,12.2,12.2,uM,1,False,4265,,False,True,O03:Monoculture::Oxa,10.17632/fypp6xhkjy.1
425,O03,Monoculture,,Oxa,12.2,12.2,uM,2,False,3551,,False,True,O03:Monoculture::Oxa,10.17632/fypp6xhkjy.1
426,O03,Monoculture,,Oxa,12.2,12.2,uM,3,False,5993,,False,True,O03:Monoculture::Oxa,10.17632/fypp6xhkjy.1
427,O03,Monoculture,,Oxa,27.0,27.0,uM,1,False,7160,,False,True,O03:Monoculture::Oxa,10.17632/fypp6xhkjy.1
428,O03,Monoculture,,Oxa,27.0,27.0,uM,2,False,5910,,False,True,O03:Monoculture::Oxa,10.17632/fypp6xhkjy.1
429,O03,Monoculture,,Oxa,27.0,27.0,uM,3,False,7669,,False,True,O03:Monoculture::Oxa,10.17632/fypp6xhkjy.1
430,O03,Monoculture,,Oxa,60.0,60.0,uM,1,False,5440,,False,True,O03:Monoculture::Oxa,10.17632/fypp6xhkjy.1
431,O03,Monoculture,,Oxa,60.0,60.0,uM,2,False,5320,,False,True,O03:Monoculture::Oxa,10.17632/fypp6xhkjy.1
432,O03,Monoculture,,Oxa,60.0,60.0,uM,3,False,5698,,False,True,O03:Monoculture::Oxa,10.17632/fypp6xhkjy.1
433,O03,Monoculture,,SN-38,DMSO,0.0,nM,1,True,149039,,False,True,O03:Monoculture::SN-38,10.17632/fypp6xhkjy.1
434,O03,Monoculture,,SN-38,DMSO,0.0,nM,2,True,124407,,False,True,O03:Monoculture::SN-38,10.17632/fypp6xhkjy.1
435,O03,Monoculture,,SN-38,DMSO,0.0,nM,3,True,94507,,False,True,O03:Monoculture::SN-38,10.17632/fypp6xhkjy.1
436,O03,Monoculture,,SN-38,0.1,0.1,nM,1,False,112492,,False,True,O03:Monoculture::SN-38,10.17632/fypp6xhkjy.1
437,O03,Monoculture,,SN-38,0.1,0.1,nM,2,False,165589,seeding not uniform,False,False,O03:Monoculture::SN-38,10.17632/fypp6xhkjy.1
438,O03,Monoculture,,SN-38,0.1,0.1,nM,3,False,114993,,False,True,O03:Monoculture::SN-38,10.17632/fypp6xhkjy.1
439,O03,Monoculture,,SN-38,0.2,0.2,nM,1,False,99903,,False,True,O03:Monoculture::SN-38,10.17632/fypp6xhkjy.1
440,O03,Monoculture,,SN-38,0.2,0.2,nM,2,False,131654,,False,True,O03:Monoculture::SN-38,10.17632/fypp6xhkjy.1
441,O03,Monoculture,,SN-38,0.2,0.2,nM,3,False,116985,,False,True,O03:Monoculture::SN-38,10.17632/fypp6xhkjy.1
442,O03,Monoculture,,SN-38,0.4,0.4,nM,1,False,88859,,False,True,O03:Monoculture::SN-38,10.17632/fypp6xhkjy.1
443,O03,Monoculture,,SN-38,0.4,0.4,nM,2,False,106129,,False,True,O03:Monoculture::SN-38,10.17632/fypp6xhkjy.1
444,O03,Monoculture,,SN-38,0.4,0.4,nM,3,False,93327,,False,True,O03:Monoculture::SN-38,10.17632/fypp6xhkjy.1
445,O03,Monoculture,,SN-38,0.7,0.7,nM,1,False,85426,,False,True,O03:Monoculture::SN-38,10.17632/fypp6xhkjy.1
446,O03,Monoculture,,SN-38,0.7,0.7,nM,2,False,95664,,False,True,O03:Monoculture::SN-38,10.17632/fypp6xhkjy.1
447,O03,Monoculture,,SN-38,0.7,0.7,nM,3,False,5091,cells lost,False,False,O03:Monoculture::SN-38,10.17632/fypp6xhkjy.1
448,O03,Monoculture,,SN-38,1.4,1.4,nM,1,False,72497,,False,True,O03:Monoculture::SN-38,10.17632/fypp6xhkjy.1
449,O03,Monoculture,,SN-38,1.4,1.4,nM,2,False,50965,,False,True,O03:Monoculture::SN-38,10.17632/fypp6xhkjy.1
450,O03,Monoculture,,SN-38,1.4,1.4,nM,3,False,21624,,False,True,O03:Monoculture::SN-38,10.17632/fypp6xhkjy.1
451,O03,Monoculture,,SN-38,2.6,2.6,nM,1,False,33658,,False,True,O03:Monoculture::SN-38,10.17632/fypp6xhkjy.1
452,O03,Monoculture,,SN-38,2.6,2.6,nM,2,False,34816,,False,True,O03:Monoculture::SN-38,10.17632/fypp6xhkjy.1
453,O03,Monoculture,,SN-38,2.6,2.6,nM,3,False,36912,,False,True,O03:Monoculture::SN-38,10.17632/fypp6xhkjy.1
454,O03,Monoculture,,SN-38,5.0,5.0,nM,1,False,7760,,False,True,O03:Monoculture::SN-38,10.17632/fypp6xhkjy.1
455,O03,Monoculture,,SN-38,5.0,5.0,nM,2,False,12598,,False,True,O03:Monoculture::SN-38,10.17632/fypp6xhkjy.1
456,O03,Monoculture,,SN-38,5.0,5.0,nM,3,False,11723,,False,True,O03:Monoculture::SN-38,10.17632/fypp6xhkjy.1
457,O03,Monoculture,,Gef,DMSO,0.0,uM,1,True,13311,cells lost,False,False,O03:Monoculture::Gef,10.17632/fypp6xhkjy.1
458,O03,Monoculture,,Gef,DMSO,0.0,uM,2,True,117360,,False,True,O03:Monoculture::Gef,10.17632/fypp6xhkjy.1
459,O03,Monoculture,,Gef,DMSO,0.0,uM,3,True,81066,,False,True,O03:Monoculture::Gef,10.17632/fypp6xhkjy.1
460,O03,Monoculture,,Gef,0.01,0.01,uM,1,False,117028,,False,True,O03:Monoculture::Gef,10.17632/fypp6xhkjy.1
461,O03,Monoculture,,Gef,0.01,0.01,uM,2,False,151292,,False,True,O03:Monoculture::Gef,10.17632/fypp6xhkjy.1
462,O03,Monoculture,,Gef,0.01,0.01,uM,3,False,120219,,False,True,O03:Monoculture::Gef,10.17632/fypp6xhkjy.1
463,O03,Monoculture,,Gef,0.04,0.04,uM,1,False,109295,,False,True,O03:Monoculture::Gef,10.17632/fypp6xhkjy.1
464,O03,Monoculture,,Gef,0.04,0.04,uM,2,False,229296,seeding not uniform,False,False,O03:Monoculture::Gef,10.17632/fypp6xhkjy.1
465,O03,Monoculture,,Gef,0.04,0.04,uM,3,False,104768,,False,True,O03:Monoculture::Gef,10.17632/fypp6xhkjy.1
466,O03,Monoculture,,Gef,0.1,0.1,uM,1,False,45796,,False,True,O03:Monoculture::Gef,10.17632/fypp6xhkjy.1
467,O03,Monoculture,,Gef,0.1,0.1,uM,2,False,41346,,False,True,O03:Monoculture::Gef,10.17632/fypp6xhkjy.1
468,O03,Monoculture,,Gef,0.1,0.1,uM,3,False,45461,,False,True,O03:Monoculture::Gef,10.17632/fypp6xhkjy.1
469,O03,Monoculture,,Gef,0.4,0.4,uM,1,False,11662,,False,True,O03:Monoculture::Gef,10.17632/fypp6xhkjy.1
470,O03,Monoculture,,Gef,0.4,0.4,uM,2,False,12066,,False,True,O03:Monoculture::Gef,10.17632/fypp6xhkjy.1
471,O03,Monoculture,,Gef,0.4,0.4,uM,3,False,9714,,False,True,O03:Monoculture::Gef,10.17632/fypp6xhkjy.1
472,O03,Monoculture,,Gef,1.1,1.1,uM,1,False,7701,,False,True,O03:Monoculture::Gef,10.17632/fypp6xhkjy.1
473,O03,Monoculture,,Gef,1.1,1.1,uM,2,False,10200,,False,True,O03:Monoculture::Gef,10.17632/fypp6xhkjy.1
474,O03,Monoculture,,Gef,1.1,1.1,uM,3,False,9629,,False,True,O03:Monoculture::Gef,10.17632/fypp6xhkjy.1
475,O03,Monoculture,,Gef,3.3,3.3,uM,1,False,8150,,False,True,O03:Monoculture::Gef,10.17632/fypp6xhkjy.1
476,O03,Monoculture,,Gef,3.3,3.3,uM,2,False,8879,,False,True,O03:Monoculture::Gef,10.17632/fypp6xhkjy.1
477,O03,Monoculture,,Gef,3.3,3.3,uM,3,False,9329,,False,True,O03:Monoculture::Gef,10.17632/fypp6xhkjy.1
478,O03,Monoculture,,Gef,10.0,10.0,uM,1,False,808,,False,True,O03:Monoculture::Gef,10.17632/fypp6xhkjy.1
479,O03,Monoculture,,Gef,10.0,10.0,uM,2,False,252,,False,True,O03:Monoculture::Gef,10.17632/fypp6xhkjy.1
480,O03,Monoculture,,Gef,10.0,10.0,uM,3,False,268,,False,True,O03:Monoculture::Gef,10.17632/fypp6xhkjy.1
481,O03,Coculture,F20,5-FU,DMSO,0.0,uM,1,True,112135,,False,True,O03:Coculture:F20:5-FU,10.17632/fypp6xhkjy.1
482,O03,Coculture,F20,5-FU,DMSO,0.0,uM,2,True,145233,,False,True,O03:Coculture:F20:5-FU,10.17632/fypp6xhkjy.1
483,O03,Coculture,F20,5-FU,DMSO,0.0,uM,3,True,172563,,False,True,O03:Coculture:F20:5-FU,10.17632/fypp6xhkjy.1
484,O03,Coculture,F20,5-FU,0.5,0.5,uM,1,False,144182,,False,True,O03:Coculture:F20:5-FU,10.17632/fypp6xhkjy.1
485,O03,Coculture,F20,5-FU,0.5,0.5,uM,2,False,131930,,False,True,O03:Coculture:F20:5-FU,10.17632/fypp6xhkjy.1
486,O03,Coculture,F20,5-FU,0.5,0.5,uM,3,False,158377,,False,True,O03:Coculture:F20:5-FU,10.17632/fypp6xhkjy.1
487,O03,Coculture,F20,5-FU,1.1,1.1,uM,1,False,112186,,False,True,O03:Coculture:F20:5-FU,10.17632/fypp6xhkjy.1
488,O03,Coculture,F20,5-FU,1.1,1.1,uM,2,False,108941,,False,True,O03:Coculture:F20:5-FU,10.17632/fypp6xhkjy.1
489,O03,Coculture,F20,5-FU,1.1,1.1,uM,3,False,97676,,False,True,O03:Coculture:F20:5-FU,10.17632/fypp6xhkjy.1
490,O03,Coculture,F20,5-FU,2.5,2.5,uM,1,False,92416,,False,True,O03:Coculture:F20:5-FU,10.17632/fypp6xhkjy.1
491,O03,Coculture,F20,5-FU,2.5,2.5,uM,2,False,76963,,False,True,O03:Coculture:F20:5-FU,10.17632/fypp6xhkjy.1
492,O03,Coculture,F20,5-FU,2.5,2.5,uM,3,False,59193,,False,True,O03:Coculture:F20:5-FU,10.17632/fypp6xhkjy.1
493,O03,Coculture,F20,5-FU,5.5,5.5,uM,1,False,52242,,False,True,O03:Coculture:F20:5-FU,10.17632/fypp6xhkjy.1
494,O03,Coculture,F20,5-FU,5.5,5.5,uM,2,False,44297,,False,True,O03:Coculture:F20:5-FU,10.17632/fypp6xhkjy.1
495,O03,Coculture,F20,5-FU,5.5,5.5,uM,3,False,36629,,False,True,O03:Coculture:F20:5-FU,10.17632/fypp6xhkjy.1
496,O03,Coculture,F20,5-FU,12.2,12.2,uM,1,False,25019,,False,True,O03:Coculture:F20:5-FU,10.17632/fypp6xhkjy.1
497,O03,Coculture,F20,5-FU,12.2,12.2,uM,2,False,25287,,False,True,O03:Coculture:F20:5-FU,10.17632/fypp6xhkjy.1
498,O03,Coculture,F20,5-FU,12.2,12.2,uM,3,False,25338,,False,True,O03:Coculture:F20:5-FU,10.17632/fypp6xhkjy.1
499,O03,Coculture,F20,5-FU,27.0,27.0,uM,1,False,11634,,False,True,O03:Coculture:F20:5-FU,10.17632/fypp6xhkjy.1
500,O03,Coculture,F20,5-FU,27.0,27.0,uM,2,False,15132,,False,True,O03:Coculture:F20:5-FU,10.17632/fypp6xhkjy.1
501,O03,Coculture,F20,5-FU,27.0,27.0,uM,3,False,15656,,False,True,O03:Coculture:F20:5-FU,10.17632/fypp6xhkjy.1
502,O03,Coculture,F20,5-FU,60.0,60.0,uM,1,False,12428,,False,True,O03:Coculture:F20:5-FU,10.17632/fypp6xhkjy.1
503,O03,Coculture,F20,5-FU,60.0,60.0,uM,2,False,15337,,False,True,O03:Coculture:F20:5-FU,10.17632/fypp6xhkjy.1
504,O03,Coculture,F20,5-FU,60.0,60.0,uM,3,False,14984,,False,True,O03:Coculture:F20:5-FU,10.17632/fypp6xhkjy.1
505,O03,Coculture,F20,Oxa,DMSO,0.0,uM,1,True,144948,,False,True,O03:Coculture:F20:Oxa,10.17632/fypp6xhkjy.1
506,O03,Coculture,F20,Oxa,DMSO,0.0,uM,2,True,170487,,False,True,O03:Coculture:F20:Oxa,10.17632/fypp6xhkjy.1
507,O03,Coculture,F20,Oxa,DMSO,0.0,uM,3,True,178736,,False,True,O03:Coculture:F20:Oxa,10.17632/fypp6xhkjy.1
508,O03,Coculture,F20,Oxa,0.5,0.5,uM,1,False,143062,,False,True,O03:Coculture:F20:Oxa,10.17632/fypp6xhkjy.1
509,O03,Coculture,F20,Oxa,0.5,0.5,uM,2,False,176454,,False,True,O03:Coculture:F20:Oxa,10.17632/fypp6xhkjy.1
510,O03,Coculture,F20,Oxa,0.5,0.5,uM,3,False,191393,,False,True,O03:Coculture:F20:Oxa,10.17632/fypp6xhkjy.1
511,O03,Coculture,F20,Oxa,1.1,1.1,uM,1,False,123099,,False,True,O03:Coculture:F20:Oxa,10.17632/fypp6xhkjy.1
512,O03,Coculture,F20,Oxa,1.1,1.1,uM,2,False,114703,,False,True,O03:Coculture:F20:Oxa,10.17632/fypp6xhkjy.1
513,O03,Coculture,F20,Oxa,1.1,1.1,uM,3,False,118783,,False,True,O03:Coculture:F20:Oxa,10.17632/fypp6xhkjy.1
514,O03,Coculture,F20,Oxa,2.5,2.5,uM,1,False,64242,,False,True,O03:Coculture:F20:Oxa,10.17632/fypp6xhkjy.1
515,O03,Coculture,F20,Oxa,2.5,2.5,uM,2,False,96973,,False,True,O03:Coculture:F20:Oxa,10.17632/fypp6xhkjy.1
516,O03,Coculture,F20,Oxa,2.5,2.5,uM,3,False,83841,,False,True,O03:Coculture:F20:Oxa,10.17632/fypp6xhkjy.1
517,O03,Coculture,F20,Oxa,5.5,5.5,uM,1,False,21067,,False,True,O03:Coculture:F20:Oxa,10.17632/fypp6xhkjy.1
518,O03,Coculture,F20,Oxa,5.5,5.5,uM,2,False,25556,,False,True,O03:Coculture:F20:Oxa,10.17632/fypp6xhkjy.1
519,O03,Coculture,F20,Oxa,5.5,5.5,uM,3,False,31990,,False,True,O03:Coculture:F20:Oxa,10.17632/fypp6xhkjy.1
520,O03,Coculture,F20,Oxa,12.2,12.2,uM,1,False,8374,,False,True,O03:Coculture:F20:Oxa,10.17632/fypp6xhkjy.1
521,O03,Coculture,F20,Oxa,12.2,12.2,uM,2,False,11535,,False,True,O03:Coculture:F20:Oxa,10.17632/fypp6xhkjy.1
522,O03,Coculture,F20,Oxa,12.2,12.2,uM,3,False,11965,,False,True,O03:Coculture:F20:Oxa,10.17632/fypp6xhkjy.1
523,O03,Coculture,F20,Oxa,27.0,27.0,uM,1,False,7422,,False,True,O03:Coculture:F20:Oxa,10.17632/fypp6xhkjy.1
524,O03,Coculture,F20,Oxa,27.0,27.0,uM,2,False,9425,,False,True,O03:Coculture:F20:Oxa,10.17632/fypp6xhkjy.1
525,O03,Coculture,F20,Oxa,27.0,27.0,uM,3,False,9574,,False,True,O03:Coculture:F20:Oxa,10.17632/fypp6xhkjy.1
526,O03,Coculture,F20,Oxa,60.0,60.0,uM,1,False,7317,,False,True,O03:Coculture:F20:Oxa,10.17632/fypp6xhkjy.1
527,O03,Coculture,F20,Oxa,60.0,60.0,uM,2,False,7202,,False,True,O03:Coculture:F20:Oxa,10.17632/fypp6xhkjy.1
528,O03,Coculture,F20,Oxa,60.0,60.0,uM,3,False,6382,,False,True,O03:Coculture:F20:Oxa,10.17632/fypp6xhkjy.1
529,O03,Coculture,F20,SN-38,DMSO,0.0,nM,1,True,195434,,False,True,O03:Coculture:F20:SN-38,10.17632/fypp6xhkjy.1
530,O03,Coculture,F20,SN-38,DMSO,0.0,nM,2,True,198417,,False,True,O03:Coculture:F20:SN-38,10.17632/fypp6xhkjy.1
531,O03,Coculture,F20,SN-38,DMSO,0.0,nM,3,True,177720,,False,True,O03:Coculture:F20:SN-38,10.17632/fypp6xhkjy.1
532,O03,Coculture,F20,SN-38,0.1,0.1,nM,1,False,175363,,False,True,O03:Coculture:F20:SN-38,10.17632/fypp6xhkjy.1
533,O03,Coculture,F20,SN-38,0.1,0.1,nM,2,False,236305,,False,True,O03:Coculture:F20:SN-38,10.17632/fypp6xhkjy.1
534,O03,Coculture,F20,SN-38,0.1,0.1,nM,3,False,191738,,False,True,O03:Coculture:F20:SN-38,10.17632/fypp6xhkjy.1
535,O03,Coculture,F20,SN-38,0.2,0.2,nM,1,False,216794,,False,True,O03:Coculture:F20:SN-38,10.17632/fypp6xhkjy.1
536,O03,Coculture,F20,SN-38,0.2,0.2,nM,2,False,210550,,False,True,O03:Coculture:F20:SN-38,10.17632/fypp6xhkjy.1
537,O03,Coculture,F20,SN-38,0.2,0.2,nM,3,False,157583,,False,True,O03:Coculture:F20:SN-38,10.17632/fypp6xhkjy.1
538,O03,Coculture,F20,SN-38,0.4,0.4,nM,1,False,173402,,False,True,O03:Coculture:F20:SN-38,10.17632/fypp6xhkjy.1
539,O03,Coculture,F20,SN-38,0.4,0.4,nM,2,False,165456,,False,True,O03:Coculture:F20:SN-38,10.17632/fypp6xhkjy.1
540,O03,Coculture,F20,SN-38,0.4,0.4,nM,3,False,190033,,False,True,O03:Coculture:F20:SN-38,10.17632/fypp6xhkjy.1
541,O03,Coculture,F20,SN-38,0.7,0.7,nM,1,False,219802,,False,True,O03:Coculture:F20:SN-38,10.17632/fypp6xhkjy.1
542,O03,Coculture,F20,SN-38,0.7,0.7,nM,2,False,168366,,False,True,O03:Coculture:F20:SN-38,10.17632/fypp6xhkjy.1
543,O03,Coculture,F20,SN-38,0.7,0.7,nM,3,False,159533,,False,True,O03:Coculture:F20:SN-38,10.17632/fypp6xhkjy.1
544,O03,Coculture,F20,SN-38,1.4,1.4,nM,1,False,104860,,False,True,O03:Coculture:F20:SN-38,10.17632/fypp6xhkjy.1
545,O03,Coculture,F20,SN-38,1.4,1.4,nM,2,False,110894,,False,True,O03:Coculture:F20:SN-38,10.17632/fypp6xhkjy.1
546,O03,Coculture,F20,SN-38,1.4,1.4,nM,3,False,165689,,False,True,O03:Coculture:F20:SN-38,10.17632/fypp6xhkjy.1
547,O03,Coculture,F20,SN-38,2.6,2.6,nM,1,False,55027,,False,True,O03:Coculture:F20:SN-38,10.17632/fypp6xhkjy.1
548,O03,Coculture,F20,SN-38,2.6,2.6,nM,2,False,47524,,False,True,O03:Coculture:F20:SN-38,10.17632/fypp6xhkjy.1
549,O03,Coculture,F20,SN-38,2.6,2.6,nM,3,False,55081,,False,True,O03:Coculture:F20:SN-38,10.17632/fypp6xhkjy.1
550,O03,Coculture,F20,SN-38,5.0,5.0,nM,1,False,17210,,False,True,O03:Coculture:F20:SN-38,10.17632/fypp6xhkjy.1
551,O03,Coculture,F20,SN-38,5.0,5.0,nM,2,False,10049,,False,True,O03:Coculture:F20:SN-38,10.17632/fypp6xhkjy.1
552,O03,Coculture,F20,SN-38,5.0,5.0,nM,3,False,10653,,False,True,O03:Coculture:F20:SN-38,10.17632/fypp6xhkjy.1
553,O03,Coculture,F20,Gef,DMSO,0.0,uM,1,True,242815,,False,True,O03:Coculture:F20:Gef,10.17632/fypp6xhkjy.1
554,O03,Coculture,F20,Gef,DMSO,0.0,uM,2,True,283330,,False,True,O03:Coculture:F20:Gef,10.17632/fypp6xhkjy.1
555,O03,Coculture,F20,Gef,DMSO,0.0,uM,3,True,188582,,False,True,O03:Coculture:F20:Gef,10.17632/fypp6xhkjy.1
556,O03,Coculture,F20,Gef,0.01,0.01,uM,1,False,237890,,False,True,O03:Coculture:F20:Gef,10.17632/fypp6xhkjy.1
557,O03,Coculture,F20,Gef,0.01,0.01,uM,2,False,173811,,False,True,O03:Coculture:F20:Gef,10.17632/fypp6xhkjy.1
558,O03,Coculture,F20,Gef,0.01,0.01,uM,3,False,199819,,False,True,O03:Coculture:F20:Gef,10.17632/fypp6xhkjy.1
559,O03,Coculture,F20,Gef,0.04,0.04,uM,1,False,135320,,False,True,O03:Coculture:F20:Gef,10.17632/fypp6xhkjy.1
560,O03,Coculture,F20,Gef,0.04,0.04,uM,2,False,194513,,False,True,O03:Coculture:F20:Gef,10.17632/fypp6xhkjy.1
561,O03,Coculture,F20,Gef,0.04,0.04,uM,3,False,203724,,False,True,O03:Coculture:F20:Gef,10.17632/fypp6xhkjy.1
562,O03,Coculture,F20,Gef,0.1,0.1,uM,1,False,75811,,False,True,O03:Coculture:F20:Gef,10.17632/fypp6xhkjy.1
563,O03,Coculture,F20,Gef,0.1,0.1,uM,2,False,89054,,False,True,O03:Coculture:F20:Gef,10.17632/fypp6xhkjy.1
564,O03,Coculture,F20,Gef,0.1,0.1,uM,3,False,66332,,False,True,O03:Coculture:F20:Gef,10.17632/fypp6xhkjy.1
565,O03,Coculture,F20,Gef,0.4,0.4,uM,1,False,19969,,False,True,O03:Coculture:F20:Gef,10.17632/fypp6xhkjy.1
566,O03,Coculture,F20,Gef,0.4,0.4,uM,2,False,27584,,False,True,O03:Coculture:F20:Gef,10.17632/fypp6xhkjy.1
567,O03,Coculture,F20,Gef,0.4,0.4,uM,3,False,25670,,False,True,O03:Coculture:F20:Gef,10.17632/fypp6xhkjy.1
568,O03,Coculture,F20,Gef,1.1,1.1,uM,1,False,17406,,False,True,O03:Coculture:F20:Gef,10.17632/fypp6xhkjy.1
569,O03,Coculture,F20,Gef,1.1,1.1,uM,2,False,15891,,False,True,O03:Coculture:F20:Gef,10.17632/fypp6xhkjy.1
570,O03,Coculture,F20,Gef,1.1,1.1,uM,3,False,17310,,False,True,O03:Coculture:F20:Gef,10.17632/fypp6xhkjy.1
571,O03,Coculture,F20,Gef,3.3,3.3,uM,1,False,13003,,False,True,O03:Coculture:F20:Gef,10.17632/fypp6xhkjy.1
572,O03,Coculture,F20,Gef,3.3,3.3,uM,2,False,15329,,False,True,O03:Coculture:F20:Gef,10.17632/fypp6xhkjy.1
573,O03,Coculture,F20,Gef,3.3,3.3,uM,3,False,13655,,False,True,O03:Coculture:F20:Gef,10.17632/fypp6xhkjy.1
574,O03,Coculture,F20,Gef,10.0,10.0,uM,1,False,5519,,False,True,O03:Coculture:F20:Gef,10.17632/fypp6xhkjy.1
575,O03,Coculture,F20,Gef,10.0,10.0,uM,2,False,1408,,False,True,O03:Coculture:F20:Gef,10.17632/fypp6xhkjy.1
576,O03,Coculture,F20,Gef,10.0,10.0,uM,3,False,1381,,False,True,O03:Coculture:F20:Gef,10.17632/fypp6xhkjy.1
577,O04,Monoculture,,5-FU,DMSO,0.0,uM,1,True,232602,,False,True,O04:Monoculture::5-FU,10.17632/fypp6xhkjy.1
578,O04,Monoculture,,5-FU,DMSO,0.0,uM,2,True,243269,,False,True,O04:Monoculture::5-FU,10.17632/fypp6xhkjy.1
579,O04,Monoculture,,5-FU,DMSO,0.0,uM,3,True,333861,,False,True,O04:Monoculture::5-FU,10.17632/fypp6xhkjy.1
580,O04,Monoculture,,5-FU,0.5,0.5,uM,1,False,435779,seeding not uniform,False,False,O04:Monoculture::5-FU,10.17632/fypp6xhkjy.1
581,O04,Monoculture,,5-FU,0.5,0.5,uM,2,False,238907,,False,True,O04:Monoculture::5-FU,10.17632/fypp6xhkjy.1
582,O04,Monoculture,,5-FU,0.5,0.5,uM,3,False,251267,,False,True,O04:Monoculture::5-FU,10.17632/fypp6xhkjy.1
583,O04,Monoculture,,5-FU,1.1,1.1,uM,1,False,235467,,False,True,O04:Monoculture::5-FU,10.17632/fypp6xhkjy.1
584,O04,Monoculture,,5-FU,1.1,1.1,uM,2,False,222985,,False,True,O04:Monoculture::5-FU,10.17632/fypp6xhkjy.1
585,O04,Monoculture,,5-FU,1.1,1.1,uM,3,False,183732,,False,True,O04:Monoculture::5-FU,10.17632/fypp6xhkjy.1
586,O04,Monoculture,,5-FU,2.5,2.5,uM,1,False,187828,,False,True,O04:Monoculture::5-FU,10.17632/fypp6xhkjy.1
587,O04,Monoculture,,5-FU,2.5,2.5,uM,2,False,201452,,False,True,O04:Monoculture::5-FU,10.17632/fypp6xhkjy.1
588,O04,Monoculture,,5-FU,2.5,2.5,uM,3,False,197265,,False,True,O04:Monoculture::5-FU,10.17632/fypp6xhkjy.1
589,O04,Monoculture,,5-FU,5.5,5.5,uM,1,False,183503,,False,True,O04:Monoculture::5-FU,10.17632/fypp6xhkjy.1
590,O04,Monoculture,,5-FU,5.5,5.5,uM,2,False,146631,,False,True,O04:Monoculture::5-FU,10.17632/fypp6xhkjy.1
591,O04,Monoculture,,5-FU,5.5,5.5,uM,3,False,126328,,False,True,O04:Monoculture::5-FU,10.17632/fypp6xhkjy.1
592,O04,Monoculture,,5-FU,12.2,12.2,uM,1,False,140699,,False,True,O04:Monoculture::5-FU,10.17632/fypp6xhkjy.1
593,O04,Monoculture,,5-FU,12.2,12.2,uM,2,False,191506,,False,True,O04:Monoculture::5-FU,10.17632/fypp6xhkjy.1
594,O04,Monoculture,,5-FU,12.2,12.2,uM,3,False,87399,,False,True,O04:Monoculture::5-FU,10.17632/fypp6xhkjy.1
595,O04,Monoculture,,5-FU,27.0,27.0,uM,1,False,68135,,False,True,O04:Monoculture::5-FU,10.17632/fypp6xhkjy.1
596,O04,Monoculture,,5-FU,27.0,27.0,uM,2,False,104294,,False,True,O04:Monoculture::5-FU,10.17632/fypp6xhkjy.1
597,O04,Monoculture,,5-FU,27.0,27.0,uM,3,False,78490,,False,True,O04:Monoculture::5-FU,10.17632/fypp6xhkjy.1
598,O04,Monoculture,,5-FU,60.0,60.0,uM,1,False,97205,,False,True,O04:Monoculture::5-FU,10.17632/fypp6xhkjy.1
599,O04,Monoculture,,5-FU,60.0,60.0,uM,2,False,133506,,False,True,O04:Monoculture::5-FU,10.17632/fypp6xhkjy.1
600,O04,Monoculture,,5-FU,60.0,60.0,uM,3,False,105180,,False,True,O04:Monoculture::5-FU,10.17632/fypp6xhkjy.1
601,O04,Monoculture,,Oxa,DMSO,0.0,uM,1,True,316397,,False,True,O04:Monoculture::Oxa,10.17632/fypp6xhkjy.1
602,O04,Monoculture,,Oxa,DMSO,0.0,uM,2,True,450559,,False,True,O04:Monoculture::Oxa,10.17632/fypp6xhkjy.1
603,O04,Monoculture,,Oxa,DMSO,0.0,uM,3,True,332580,,False,True,O04:Monoculture::Oxa,10.17632/fypp6xhkjy.1
604,O04,Monoculture,,Oxa,0.5,0.5,uM,1,False,370633,,False,True,O04:Monoculture::Oxa,10.17632/fypp6xhkjy.1
605,O04,Monoculture,,Oxa,0.5,0.5,uM,2,False,227637,,False,True,O04:Monoculture::Oxa,10.17632/fypp6xhkjy.1
606,O04,Monoculture,,Oxa,0.5,0.5,uM,3,False,178067,,False,True,O04:Monoculture::Oxa,10.17632/fypp6xhkjy.1
607,O04,Monoculture,,Oxa,1.1,1.1,uM,1,False,232376,,False,True,O04:Monoculture::Oxa,10.17632/fypp6xhkjy.1
608,O04,Monoculture,,Oxa,1.1,1.1,uM,2,False,211714,,False,True,O04:Monoculture::Oxa,10.17632/fypp6xhkjy.1
609,O04,Monoculture,,Oxa,1.1,1.1,uM,3,False,148936,,False,True,O04:Monoculture::Oxa,10.17632/fypp6xhkjy.1
610,O04,Monoculture,,Oxa,2.5,2.5,uM,1,False,156678,,False,True,O04:Monoculture::Oxa,10.17632/fypp6xhkjy.1
611,O04,Monoculture,,Oxa,2.5,2.5,uM,2,False,152444,,False,True,O04:Monoculture::Oxa,10.17632/fypp6xhkjy.1
612,O04,Monoculture,,Oxa,2.5,2.5,uM,3,False,170614,,False,True,O04:Monoculture::Oxa,10.17632/fypp6xhkjy.1
613,O04,Monoculture,,Oxa,5.5,5.5,uM,1,False,169734,,False,True,O04:Monoculture::Oxa,10.17632/fypp6xhkjy.1
614,O04,Monoculture,,Oxa,5.5,5.5,uM,2,False,108418,,False,True,O04:Monoculture::Oxa,10.17632/fypp6xhkjy.1
615,O04,Monoculture,,Oxa,5.5,5.5,uM,3,False,145798,,False,True,O04:Monoculture::Oxa,10.17632/fypp6xhkjy.1
616,O04,Monoculture,,Oxa,12.2,12.2,uM,1,False,76022,,False,True,O04:Monoculture::Oxa,10.17632/fypp6xhkjy.1
617,O04,Monoculture,,Oxa,12.2,12.2,uM,2,False,76521,,False,True,O04:Monoculture::Oxa,10.17632/fypp6xhkjy.1
618,O04,Monoculture,,Oxa,12.2,12.2,uM,3,False,64568,,False,True,O04:Monoculture::Oxa,10.17632/fypp6xhkjy.1
619,O04,Monoculture,,Oxa,27.0,27.0,uM,1,False,63637,,False,True,O04:Monoculture::Oxa,10.17632/fypp6xhkjy.1
620,O04,Monoculture,,Oxa,27.0,27.0,uM,2,False,60305,,False,True,O04:Monoculture::Oxa,10.17632/fypp6xhkjy.1
621,O04,Monoculture,,Oxa,27.0,27.0,uM,3,False,84132,,False,True,O04:Monoculture::Oxa,10.17632/fypp6xhkjy.1
622,O04,Monoculture,,Oxa,60.0,60.0,uM,1,False,76438,,False,True,O04:Monoculture::Oxa,10.17632/fypp6xhkjy.1
623,O04,Monoculture,,Oxa,60.0,60.0,uM,2,False,97796,,False,True,O04:Monoculture::Oxa,10.17632/fypp6xhkjy.1
624,O04,Monoculture,,Oxa,60.0,60.0,uM,3,False,99876,,False,True,O04:Monoculture::Oxa,10.17632/fypp6xhkjy.1
625,O04,Monoculture,,SN-38,DMSO,0.0,nM,1,True,342521,,False,True,O04:Monoculture::SN-38,10.17632/fypp6xhkjy.1
626,O04,Monoculture,,SN-38,DMSO,0.0,nM,2,True,402719,,False,True,O04:Monoculture::SN-38,10.17632/fypp6xhkjy.1
627,O04,Monoculture,,SN-38,DMSO,0.0,nM,3,True,736171,seeding not uniform,False,False,O04:Monoculture::SN-38,10.17632/fypp6xhkjy.1
628,O04,Monoculture,,SN-38,0.1,0.1,nM,1,False,264586,,False,True,O04:Monoculture::SN-38,10.17632/fypp6xhkjy.1
629,O04,Monoculture,,SN-38,0.1,0.1,nM,2,False,313748,,False,True,O04:Monoculture::SN-38,10.17632/fypp6xhkjy.1
630,O04,Monoculture,,SN-38,0.1,0.1,nM,3,False,226423,,False,True,O04:Monoculture::SN-38,10.17632/fypp6xhkjy.1
631,O04,Monoculture,,SN-38,0.2,0.2,nM,1,False,196172,,False,True,O04:Monoculture::SN-38,10.17632/fypp6xhkjy.1
632,O04,Monoculture,,SN-38,0.2,0.2,nM,2,False,239742,,False,True,O04:Monoculture::SN-38,10.17632/fypp6xhkjy.1
633,O04,Monoculture,,SN-38,0.2,0.2,nM,3,False,243281,,False,True,O04:Monoculture::SN-38,10.17632/fypp6xhkjy.1
634,O04,Monoculture,,SN-38,0.4,0.4,nM,1,False,188932,,False,True,O04:Monoculture::SN-38,10.17632/fypp6xhkjy.1
635,O04,Monoculture,,SN-38,0.4,0.4,nM,2,False,248538,,False,True,O04:Monoculture::SN-38,10.17632/fypp6xhkjy.1
636,O04,Monoculture,,SN-38,0.4,0.4,nM,3,False,245484,,False,True,O04:Monoculture::SN-38,10.17632/fypp6xhkjy.1
637,O04,Monoculture,,SN-38,0.7,0.7,nM,1,False,247159,,False,True,O04:Monoculture::SN-38,10.17632/fypp6xhkjy.1
638,O04,Monoculture,,SN-38,0.7,0.7,nM,2,False,146961,,False,True,O04:Monoculture::SN-38,10.17632/fypp6xhkjy.1
639,O04,Monoculture,,SN-38,0.7,0.7,nM,3,False,199404,,False,True,O04:Monoculture::SN-38,10.17632/fypp6xhkjy.1
640,O04,Monoculture,,SN-38,1.4,1.4,nM,1,False,133938,,False,True,O04:Monoculture::SN-38,10.17632/fypp6xhkjy.1
641,O04,Monoculture,,SN-38,1.4,1.4,nM,2,False,153527,,False,True,O04:Monoculture::SN-38,10.17632/fypp6xhkjy.1
642,O04,Monoculture,,SN-38,1.4,1.4,nM,3,False,95936,,False,True,O04:Monoculture::SN-38,10.17632/fypp6xhkjy.1
643,O04,Monoculture,,SN-38,2.6,2.6,nM,1,False,135640,,False,True,O04:Monoculture::SN-38,10.17632/fypp6xhkjy.1
644,O04,Monoculture,,SN-38,2.6,2.6,nM,2,False,207340,,False,True,O04:Monoculture::SN-38,10.17632/fypp6xhkjy.1
645,O04,Monoculture,,SN-38,2.6,2.6,nM,3,False,206412,,False,True,O04:Monoculture::SN-38,10.17632/fypp6xhkjy.1
646,O04,Monoculture,,SN-38,5.0,5.0,nM,1,False,125875,,False,True,O04:Monoculture::SN-38,10.17632/fypp6xhkjy.1
647,O04,Monoculture,,SN-38,5.0,5.0,nM,2,False,148954,,False,True,O04:Monoculture::SN-38,10.17632/fypp6xhkjy.1
648,O04,Monoculture,,SN-38,5.0,5.0,nM,3,False,106738,,False,True,O04:Monoculture::SN-38,10.17632/fypp6xhkjy.1
649,O04,Monoculture,,Gef,DMSO,0.0,uM,1,True,425069,,False,True,O04:Monoculture::Gef,10.17632/fypp6xhkjy.1
650,O04,Monoculture,,Gef,DMSO,0.0,uM,2,True,300490,,False,True,O04:Monoculture::Gef,10.17632/fypp6xhkjy.1
651,O04,Monoculture,,Gef,DMSO,0.0,uM,3,True,260630,,False,True,O04:Monoculture::Gef,10.17632/fypp6xhkjy.1
652,O04,Monoculture,,Gef,0.01,0.01,uM,1,False,294264,,False,True,O04:Monoculture::Gef,10.17632/fypp6xhkjy.1
653,O04,Monoculture,,Gef,0.01,0.01,uM,2,False,317706,,False,True,O04:Monoculture::Gef,10.17632/fypp6xhkjy.1
654,O04,Monoculture,,Gef,0.01,0.01,uM,3,False,364802,,False,True,O04:Monoculture::Gef,10.17632/fypp6xhkjy.1
655,O04,Monoculture,,Gef,0.04,0.04,uM,1,False,360111,,False,True,O04:Monoculture::Gef,10.17632/fypp6xhkjy.1
656,O04,Monoculture,,Gef,0.04,0.04,uM,2,False,403402,,False,True,O04:Monoculture::Gef,10.17632/fypp6xhkjy.1
657,O04,Monoculture,,Gef,0.04,0.04,uM,3,False,354517,,False,True,O04:Monoculture::Gef,10.17632/fypp6xhkjy.1
658,O04,Monoculture,,Gef,0.1,0.1,uM,1,False,425207,,False,True,O04:Monoculture::Gef,10.17632/fypp6xhkjy.1
659,O04,Monoculture,,Gef,0.1,0.1,uM,2,False,289507,,False,True,O04:Monoculture::Gef,10.17632/fypp6xhkjy.1
660,O04,Monoculture,,Gef,0.1,0.1,uM,3,False,318823,,False,True,O04:Monoculture::Gef,10.17632/fypp6xhkjy.1
661,O04,Monoculture,,Gef,0.4,0.4,uM,1,False,195654,,False,True,O04:Monoculture::Gef,10.17632/fypp6xhkjy.1
662,O04,Monoculture,,Gef,0.4,0.4,uM,2,False,240284,,False,True,O04:Monoculture::Gef,10.17632/fypp6xhkjy.1
663,O04,Monoculture,,Gef,0.4,0.4,uM,3,False,203495,,False,True,O04:Monoculture::Gef,10.17632/fypp6xhkjy.1
664,O04,Monoculture,,Gef,1.1,1.1,uM,1,False,166383,,False,True,O04:Monoculture::Gef,10.17632/fypp6xhkjy.1
665,O04,Monoculture,,Gef,1.1,1.1,uM,2,False,216718,,False,True,O04:Monoculture::Gef,10.17632/fypp6xhkjy.1
666,O04,Monoculture,,Gef,1.1,1.1,uM,3,False,212222,,False,True,O04:Monoculture::Gef,10.17632/fypp6xhkjy.1
667,O04,Monoculture,,Gef,3.3,3.3,uM,1,False,148884,,False,True,O04:Monoculture::Gef,10.17632/fypp6xhkjy.1
668,O04,Monoculture,,Gef,3.3,3.3,uM,2,False,160279,,False,True,O04:Monoculture::Gef,10.17632/fypp6xhkjy.1
669,O04,Monoculture,,Gef,3.3,3.3,uM,3,False,160327,,False,True,O04:Monoculture::Gef,10.17632/fypp6xhkjy.1
670,O04,Monoculture,,Gef,10.0,10.0,uM,1,False,23464,,False,True,O04:Monoculture::Gef,10.17632/fypp6xhkjy.1
671,O04,Monoculture,,Gef,10.0,10.0,uM,2,False,33071,,False,True,O04:Monoculture::Gef,10.17632/fypp6xhkjy.1
672,O04,Monoculture,,Gef,10.0,10.0,uM,3,False,6592,,False,True,O04:Monoculture::Gef,10.17632/fypp6xhkjy.1
673,O04,Coculture,F04N,5-FU,DMSO,0.0,uM,1,True,551147,,False,True,O04:Coculture:F04N:5-FU,10.17632/fypp6xhkjy.1
674,O04,Coculture,F04N,5-FU,DMSO,0.0,uM,2,True,265921,,False,True,O04:Coculture:F04N:5-FU,10.17632/fypp6xhkjy.1
675,O04,Coculture,F04N,5-FU,DMSO,0.0,uM,3,True,331209,,False,True,O04:Coculture:F04N:5-FU,10.17632/fypp6xhkjy.1
676,O04,Coculture,F04N,5-FU,0.5,0.5,uM,1,False,269167,,False,True,O04:Coculture:F04N:5-FU,10.17632/fypp6xhkjy.1
677,O04,Coculture,F04N,5-FU,0.5,0.5,uM,2,False,249281,,False,True,O04:Coculture:F04N:5-FU,10.17632/fypp6xhkjy.1
678,O04,Coculture,F04N,5-FU,0.5,0.5,uM,3,False,273024,,False,True,O04:Coculture:F04N:5-FU,10.17632/fypp6xhkjy.1
679,O04,Coculture,F04N,5-FU,1.1,1.1,uM,1,False,345146,,False,True,O04:Coculture:F04N:5-FU,10.17632/fypp6xhkjy.1
680,O04,Coculture,F04N,5-FU,1.1,1.1,uM,2,False,213535,,False,True,O04:Coculture:F04N:5-FU,10.17632/fypp6xhkjy.1
681,O04,Coculture,F04N,5-FU,1.1,1.1,uM,3,False,188183,,False,True,O04:Coculture:F04N:5-FU,10.17632/fypp6xhkjy.1
682,O04,Coculture,F04N,5-FU,2.5,2.5,uM,1,False,187983,,False,True,O04:Coculture:F04N:5-FU,10.17632/fypp6xhkjy.1
683,O04,Coculture,F04N,5-FU,2.5,2.5,uM,2,False,170304,,False,True,O04:Coculture:F04N:5-FU,10.17632/fypp6xhkjy.1
684,O04,Coculture,F04N,5-FU,2.5,2.5,uM,3,False,197271,,False,True,O04:Coculture:F04N:5-FU,10.17632/fypp6xhkjy.1
685,O04,Coculture,F04N,5-FU,5.5,5.5,uM,1,False,235540,,False,True,O04:Coculture:F04N:5-FU,10.17632/fypp6xhkjy.1
686,O04,Coculture,F04N,5-FU,5.5,5.5,uM,2,False,225895,,False,True,O04:Coculture:F04N:5-FU,10.17632/fypp6xhkjy.1
687,O04,Coculture,F04N,5-FU,5.5,5.5,uM,3,False,173191,,False,True,O04:Coculture:F04N:5-FU,10.17632/fypp6xhkjy.1
688,O04,Coculture,F04N,5-FU,12.2,12.2,uM,1,False,157209,,False,True,O04:Coculture:F04N:5-FU,10.17632/fypp6xhkjy.1
689,O04,Coculture,F04N,5-FU,12.2,12.2,uM,2,False,221748,,False,True,O04:Coculture:F04N:5-FU,10.17632/fypp6xhkjy.1
690,O04,Coculture,F04N,5-FU,12.2,12.2,uM,3,False,233896,,False,True,O04:Coculture:F04N:5-FU,10.17632/fypp6xhkjy.1
691,O04,Coculture,F04N,5-FU,27.0,27.0,uM,1,False,173930,,False,True,O04:Coculture:F04N:5-FU,10.17632/fypp6xhkjy.1
692,O04,Coculture,F04N,5-FU,27.0,27.0,uM,2,False,154925,,False,True,O04:Coculture:F04N:5-FU,10.17632/fypp6xhkjy.1
693,O04,Coculture,F04N,5-FU,27.0,27.0,uM,3,False,180315,,False,True,O04:Coculture:F04N:5-FU,10.17632/fypp6xhkjy.1
694,O04,Coculture,F04N,5-FU,60.0,60.0,uM,1,False,177940,,False,True,O04:Coculture:F04N:5-FU,10.17632/fypp6xhkjy.1
695,O04,Coculture,F04N,5-FU,60.0,60.0,uM,2,False,239221,,False,True,O04:Coculture:F04N:5-FU,10.17632/fypp6xhkjy.1
696,O04,Coculture,F04N,5-FU,60.0,60.0,uM,3,False,117427,,False,True,O04:Coculture:F04N:5-FU,10.17632/fypp6xhkjy.1
697,O04,Coculture,F04N,Oxa,DMSO,0.0,uM,1,True,315137,,False,True,O04:Coculture:F04N:Oxa,10.17632/fypp6xhkjy.1
698,O04,Coculture,F04N,Oxa,DMSO,0.0,uM,2,True,414481,,False,True,O04:Coculture:F04N:Oxa,10.17632/fypp6xhkjy.1
699,O04,Coculture,F04N,Oxa,DMSO,0.0,uM,3,True,400384,,False,True,O04:Coculture:F04N:Oxa,10.17632/fypp6xhkjy.1
700,O04,Coculture,F04N,Oxa,0.5,0.5,uM,1,False,467465,,False,True,O04:Coculture:F04N:Oxa,10.17632/fypp6xhkjy.1
701,O04,Coculture,F04N,Oxa,0.5,0.5,uM,2,False,446435,,False,True,O04:Coculture:F04N:Oxa,10.17632/fypp6xhkjy.1
702,O04,Coculture,F04N,Oxa,0.5,0.5,uM,3,False,416440,,False,True,O04:Coculture:F04N:Oxa,10.17632/fypp6xhkjy.1
703,O04,Coculture,F04N,Oxa,1.1,1.1,uM,1,False,146842,,False,True,O04:Coculture:F04N:Oxa,10.17632/fypp6xhkjy.1
704,O04,Coculture,F04N,Oxa,1.1,1.1,uM,2,False,185529,,False,True,O04:Coculture:F04N:Oxa,10.17632/fypp6xhkjy.1
705,O04,Coculture,F04N,Oxa,1.1,1.1,uM,3,False,262055,,False,True,O04:Coculture:F04N:Oxa,10.17632/fypp6xhkjy.1
706,O04,Coculture,F04N,Oxa,2.5,2.5,uM,1,False,223215,,False,True,O04:Coculture:F04N:Oxa,10.17632/fypp6xhkjy.1
707,O04,Coculture,F04N,Oxa,2.5,2.5,uM,2,False,186990,,False,True,O04:Coculture:F04N:Oxa,10.17632/fypp6xhkjy.1
708,O04,Coculture,F04N,Oxa,2.5,2.5,uM,3,False,175131,,False,True,O04:Coculture:F04N:Oxa,10.17632/fypp6xhkjy.1
709,O04,Coculture,F04N,Oxa,5.5,5.5,uM,1,False,112889,,False,True,O04:Coculture:F04N:Oxa,10.17632/fypp6xhkjy.1
710,O04,Coculture,F04N,Oxa,5.5,5.5,uM,2,False,152248,,False,True,O04:Coculture:F04N:Oxa,10.17632/fypp6xhkjy.1
711,O04,Coculture,F04N,Oxa,5.5,5.5,uM,3,False,133326,,False,True,O04:Coculture:F04N:Oxa,10.17632/fypp6xhkjy.1
712,O04,Coculture,F04N,Oxa,12.2,12.2,uM,1,False,184012,,False,True,O04:Coculture:F04N:Oxa,10.17632/fypp6xhkjy.1
713,O04,Coculture,F04N,Oxa,12.2,12.2,uM,2,False,97675,,False,True,O04:Coculture:F04N:Oxa,10.17632/fypp6xhkjy.1
714,O04,Coculture,F04N,Oxa,12.2,12.2,uM,3,False,77602,,False,True,O04:Coculture:F04N:Oxa,10.17632/fypp6xhkjy.1
715,O04,Coculture,F04N,Oxa,27.0,27.0,uM,1,False,87910,,False,True,O04:Coculture:F04N:Oxa,10.17632/fypp6xhkjy.1
716,O04,Coculture,F04N,Oxa,27.0,27.0,uM,2,False,134536,,False,True,O04:Coculture:F04N:Oxa,10.17632/fypp6xhkjy.1
717,O04,Coculture,F04N,Oxa,27.0,27.0,uM,3,False,184925,,False,True,O04:Coculture:F04N:Oxa,10.17632/fypp6xhkjy.1
718,O04,Coculture,F04N,Oxa,60.0,60.0,uM,1,False,156894,,False,True,O04:Coculture:F04N:Oxa,10.17632/fypp6xhkjy.1
719,O04,Coculture,F04N,Oxa,60.0,60.0,uM,2,False,105939,,False,True,O04:Coculture:F04N:Oxa,10.17632/fypp6xhkjy.1
720,O04,Coculture,F04N,Oxa,60.0,60.0,uM,3,False,11051,,False,True,O04:Coculture:F04N:Oxa,10.17632/fypp6xhkjy.1
721,O04,Coculture,F04N,SN-38,DMSO,0.0,nM,1,True,533923,,False,True,O04:Coculture:F04N:SN-38,10.17632/fypp6xhkjy.1
722,O04,Coculture,F04N,SN-38,DMSO,0.0,nM,2,True,456238,,False,True,O04:Coculture:F04N:SN-38,10.17632/fypp6xhkjy.1
723,O04,Coculture,F04N,SN-38,DMSO,0.0,nM,3,True,273269,,False,True,O04:Coculture:F04N:SN-38,10.17632/fypp6xhkjy.1
724,O04,Coculture,F04N,SN-38,0.1,0.1,nM,1,False,430936,,False,True,O04:Coculture:F04N:SN-38,10.17632/fypp6xhkjy.1
725,O04,Coculture,F04N,SN-38,0.1,0.1,nM,2,False,229301,,False,True,O04:Coculture:F04N:SN-38,10.17632/fypp6xhkjy.1
726,O04,Coculture,F04N,SN-38,0.1,0.1,nM,3,False,230355,,False,True,O04:Coculture:F04N:SN-38,10.17632/fypp6xhkjy.1
727,O04,Coculture,F04N,SN-38,0.2,0.2,nM,1,False,354956,,False,True,O04:Coculture:F04N:SN-38,10.17632/fypp6xhkjy.1
728,O04,Coculture,F04N,SN-38,0.2,0.2,nM,2,False,267840,,False,True,O04:Coculture:F04N:SN-38,10.17632/fypp6xhkjy.1
729,O04,Coculture,F04N,SN-38,0.2,0.2,nM,3,False,226880,,False,True,O04:Coculture:F04N:SN-38,10.17632/fypp6xhkjy.1
730,O04,Coculture,F04N,SN-38,0.4,0.4,nM,1,False,246464,,False,True,O04:Coculture:F04N:SN-38,10.17632/fypp6xhkjy.1
731,O04,Coculture,F04N,SN-38,0.4,0.4,nM,2,False,266018,,False,True,O04:Coculture:F04N:SN-38,10.17632/fypp6xhkjy.1
732,O04,Coculture,F04N,SN-38,0.4,0.4,nM,3,False,245635,,False,True,O04:Coculture:F04N:SN-38,10.17632/fypp6xhkjy.1
733,O04,Coculture,F04N,SN-38,0.7,0.7,nM,1,False,206374,,False,True,O04:Coculture:F04N:SN-38,10.17632/fypp6xhkjy.1
734,O04,Coculture,F04N,SN-38,0.7,0.7,nM,2,False,246168,,False,True,O04:Coculture:F04N:SN-38,10.17632/fypp6xhkjy.1
735,O04,Coculture,F04N,SN-38,0.7,0.7,nM,3,False,252224,,False,True,O04:Coculture:F04N:SN-38,10.17632/fypp6xhkjy.1
736,O04,Coculture,F04N,SN-38,1.4,1.4,nM,1,False,193928,,False,True,O04:Coculture:F04N:SN-38,10.17632/fypp6xhkjy.1
737,O04,Coculture,F04N,SN-38,1.4,1.4,nM,2,False,230706,,False,True,O04:Coculture:F04N:SN-38,10.17632/fypp6xhkjy.1
738,O04,Coculture,F04N,SN-38,1.4,1.4,nM,3,False,301462,,False,True,O04:Coculture:F04N:SN-38,10.17632/fypp6xhkjy.1
739,O04,Coculture,F04N,SN-38,2.6,2.6,nM,1,False,269481,,False,True,O04:Coculture:F04N:SN-38,10.17632/fypp6xhkjy.1
740,O04,Coculture,F04N,SN-38,2.6,2.6,nM,2,False,327524,,False,True,O04:Coculture:F04N:SN-38,10.17632/fypp6xhkjy.1
741,O04,Coculture,F04N,SN-38,2.6,2.6,nM,3,False,263954,,False,True,O04:Coculture:F04N:SN-38,10.17632/fypp6xhkjy.1
742,O04,Coculture,F04N,SN-38,5.0,5.0,nM,1,False,222971,,False,True,O04:Coculture:F04N:SN-38,10.17632/fypp6xhkjy.1
743,O04,Coculture,F04N,SN-38,5.0,5.0,nM,2,False,274914,,False,True,O04:Coculture:F04N:SN-38,10.17632/fypp6xhkjy.1
744,O04,Coculture,F04N,SN-38,5.0,5.0,nM,3,False,21565,cells lost,False,False,O04:Coculture:F04N:SN-38,10.17632/fypp6xhkjy.1
745,O04,Coculture,F04N,Gef,DMSO,0.0,uM,1,True,326258,,False,True,O04:Coculture:F04N:Gef,10.17632/fypp6xhkjy.1
746,O04,Coculture,F04N,Gef,DMSO,0.0,uM,2,True,474880,,False,True,O04:Coculture:F04N:Gef,10.17632/fypp6xhkjy.1
747,O04,Coculture,F04N,Gef,DMSO,0.0,uM,3,True,277408,,False,True,O04:Coculture:F04N:Gef,10.17632/fypp6xhkjy.1
748,O04,Coculture,F04N,Gef,0.01,0.01,uM,1,False,258507,,False,True,O04:Coculture:F04N:Gef,10.17632/fypp6xhkjy.1
749,O04,Coculture,F04N,Gef,0.01,0.01,uM,2,False,638244,seeding not uniform,False,False,O04:Coculture:F04N:Gef,10.17632/fypp6xhkjy.1
750,O04,Coculture,F04N,Gef,0.01,0.01,uM,3,False,283228,,False,True,O04:Coculture:F04N:Gef,10.17632/fypp6xhkjy.1
751,O04,Coculture,F04N,Gef,0.04,0.04,uM,1,False,274793,,False,True,O04:Coculture:F04N:Gef,10.17632/fypp6xhkjy.1
752,O04,Coculture,F04N,Gef,0.04,0.04,uM,2,False,398673,,False,True,O04:Coculture:F04N:Gef,10.17632/fypp6xhkjy.1
753,O04,Coculture,F04N,Gef,0.04,0.04,uM,3,False,244451,,False,True,O04:Coculture:F04N:Gef,10.17632/fypp6xhkjy.1
754,O04,Coculture,F04N,Gef,0.1,0.1,uM,1,False,240784,,False,True,O04:Coculture:F04N:Gef,10.17632/fypp6xhkjy.1
755,O04,Coculture,F04N,Gef,0.1,0.1,uM,2,False,167437,,False,True,O04:Coculture:F04N:Gef,10.17632/fypp6xhkjy.1
756,O04,Coculture,F04N,Gef,0.1,0.1,uM,3,False,242739,,False,True,O04:Coculture:F04N:Gef,10.17632/fypp6xhkjy.1
757,O04,Coculture,F04N,Gef,0.4,0.4,uM,1,False,257361,,False,True,O04:Coculture:F04N:Gef,10.17632/fypp6xhkjy.1
758,O04,Coculture,F04N,Gef,0.4,0.4,uM,2,False,162032,,False,True,O04:Coculture:F04N:Gef,10.17632/fypp6xhkjy.1
759,O04,Coculture,F04N,Gef,0.4,0.4,uM,3,False,212187,,False,True,O04:Coculture:F04N:Gef,10.17632/fypp6xhkjy.1
760,O04,Coculture,F04N,Gef,1.1,1.1,uM,1,False,287013,,False,True,O04:Coculture:F04N:Gef,10.17632/fypp6xhkjy.1
761,O04,Coculture,F04N,Gef,1.1,1.1,uM,2,False,324553,,False,True,O04:Coculture:F04N:Gef,10.17632/fypp6xhkjy.1
762,O04,Coculture,F04N,Gef,1.1,1.1,uM,3,False,326512,,False,True,O04:Coculture:F04N:Gef,10.17632/fypp6xhkjy.1
763,O04,Coculture,F04N,Gef,3.3,3.3,uM,1,False,336740,,False,True,O04:Coculture:F04N:Gef,10.17632/fypp6xhkjy.1
764,O04,Coculture,F04N,Gef,3.3,3.3,uM,2,False,184036,,False,True,O04:Coculture:F04N:Gef,10.17632/fypp6xhkjy.1
765,O04,Coculture,F04N,Gef,3.3,3.3,uM,3,False,217714,,False,True,O04:Coculture:F04N:Gef,10.17632/fypp6xhkjy.1
766,O04,Coculture,F04N,Gef,10.0,10.0,uM,1,False,39739,,False,True,O04:Coculture:F04N:Gef,10.17632/fypp6xhkjy.1
767,O04,Coculture,F04N,Gef,10.0,10.0,uM,2,False,37311,,False,True,O04:Coculture:F04N:Gef,10.17632/fypp6xhkjy.1
768,O04,Coculture,F04N,Gef,10.0,10.0,uM,3,False,3012,,False,True,O04:Coculture:F04N:Gef,10.17632/fypp6xhkjy.1
769,O05,Monoculture,,5-FU,DMSO,0.0,uM,1,True,28,cells lost,False,False,O05:Monoculture::5-FU,10.17632/fypp6xhkjy.1
770,O05,Monoculture,,5-FU,DMSO,0.0,uM,2,True,610,,False,True,O05:Monoculture::5-FU,10.17632/fypp6xhkjy.1
771,O05,Monoculture,,5-FU,DMSO,0.0,uM,3,True,961,,False,True,O05:Monoculture::5-FU,10.17632/fypp6xhkjy.1
772,O05,Monoculture,,5-FU,0.5,0.5,uM,1,False,729,,False,True,O05:Monoculture::5-FU,10.17632/fypp6xhkjy.1
773,O05,Monoculture,,5-FU,0.5,0.5,uM,2,False,1368,seeding not uniform,False,False,O05:Monoculture::5-FU,10.17632/fypp6xhkjy.1
774,O05,Monoculture,,5-FU,0.5,0.5,uM,3,False,611,,False,True,O05:Monoculture::5-FU,10.17632/fypp6xhkjy.1
775,O05,Monoculture,,5-FU,1.1,1.1,uM,1,False,531,,False,True,O05:Monoculture::5-FU,10.17632/fypp6xhkjy.1
776,O05,Monoculture,,5-FU,1.1,1.1,uM,2,False,697,,False,True,O05:Monoculture::5-FU,10.17632/fypp6xhkjy.1
777,O05,Monoculture,,5-FU,1.1,1.1,uM,3,False,878,,False,True,O05:Monoculture::5-FU,10.17632/fypp6xhkjy.1
778,O05,Monoculture,,5-FU,2.5,2.5,uM,1,False,746,,False,True,O05:Monoculture::5-FU,10.17632/fypp6xhkjy.1
779,O05,Monoculture,,5-FU,2.5,2.5,uM,2,False,1292,seeding not uniform,False,False,O05:Monoculture::5-FU,10.17632/fypp6xhkjy.1
780,O05,Monoculture,,5-FU,2.5,2.5,uM,3,False,845,,False,True,O05:Monoculture::5-FU,10.17632/fypp6xhkjy.1
781,O05,Monoculture,,5-FU,5.5,5.5,uM,1,False,587,,False,True,O05:Monoculture::5-FU,10.17632/fypp6xhkjy.1
782,O05,Monoculture,,5-FU,5.5,5.5,uM,2,False,886,,False,True,O05:Monoculture::5-FU,10.17632/fypp6xhkjy.1
783,O05,Monoculture,,5-FU,5.5,5.5,uM,3,False,552,,False,True,O05:Monoculture::5-FU,10.17632/fypp6xhkjy.1
784,O05,Monoculture,,5-FU,12.2,12.2,uM,1,False,767,,False,True,O05:Monoculture::5-FU,10.17632/fypp6xhkjy.1
785,O05,Monoculture,,5-FU,12.2,12.2,uM,2,False,998,,False,True,O05:Monoculture::5-FU,10.17632/fypp6xhkjy.1
786,O05,Monoculture,,5-FU,12.2,12.2,uM,3,False,500,,False,True,O05:Monoculture::5-FU,10.17632/fypp6xhkjy.1
787,O05,Monoculture,,5-FU,27.0,27.0,uM,1,False,604,,False,True,O05:Monoculture::5-FU,10.17632/fypp6xhkjy.1
788,O05,Monoculture,,5-FU,27.0,27.0,uM,2,False,689,,False,True,O05:Monoculture::5-FU,10.17632/fypp6xhkjy.1
789,O05,Monoculture,,5-FU,27.0,27.0,uM,3,False,830,,False,True,O05:Monoculture::5-FU,10.17632/fypp6xhkjy.1
790,O05,Monoculture,,5-FU,60.0,60.0,uM,1,False,383,,False,True,O05:Monoculture::5-FU,10.17632/fypp6xhkjy.1
791,O05,Monoculture,,5-FU,60.0,60.0,uM,2,False,654,,False,True,O05:Monoculture::5-FU,10.17632/fypp6xhkjy.1
792,O05,Monoculture,,5-FU,60.0,60.0,uM,3,False,477,,False,True,O05:Monoculture::5-FU,10.17632/fypp6xhkjy.1
793,O05,Monoculture,,Oxa,DMSO,0.0,uM,1,True,700,,False,True,O05:Monoculture::Oxa,10.17632/fypp6xhkjy.1
794,O05,Monoculture,,Oxa,DMSO,0.0,uM,2,True,551,,False,True,O05:Monoculture::Oxa,10.17632/fypp6xhkjy.1
795,O05,Monoculture,,Oxa,DMSO,0.0,uM,3,True,863,,False,True,O05:Monoculture::Oxa,10.17632/fypp6xhkjy.1
796,O05,Monoculture,,Oxa,0.5,0.5,uM,1,False,908,,False,True,O05:Monoculture::Oxa,10.17632/fypp6xhkjy.1
797,O05,Monoculture,,Oxa,0.5,0.5,uM,2,False,521,,False,True,O05:Monoculture::Oxa,10.17632/fypp6xhkjy.1
798,O05,Monoculture,,Oxa,0.5,0.5,uM,3,False,605,,False,True,O05:Monoculture::Oxa,10.17632/fypp6xhkjy.1
799,O05,Monoculture,,Oxa,1.1,1.1,uM,1,False,1043,,False,True,O05:Monoculture::Oxa,10.17632/fypp6xhkjy.1
800,O05,Monoculture,,Oxa,1.1,1.1,uM,2,False,724,,False,True,O05:Monoculture::Oxa,10.17632/fypp6xhkjy.1
801,O05,Monoculture,,Oxa,1.1,1.1,uM,3,False,640,,False,True,O05:Monoculture::Oxa,10.17632/fypp6xhkjy.1
802,O05,Monoculture,,Oxa,2.5,2.5,uM,1,False,600,,False,True,O05:Monoculture::Oxa,10.17632/fypp6xhkjy.1
803,O05,Monoculture,,Oxa,2.5,2.5,uM,2,False,609,,False,True,O05:Monoculture::Oxa,10.17632/fypp6xhkjy.1
804,O05,Monoculture,,Oxa,2.5,2.5,uM,3,False,540,,False,True,O05:Monoculture::Oxa,10.17632/fypp6xhkjy.1
805,O05,Monoculture,,Oxa,5.5,5.5,uM,1,False,507,,False,True,O05:Monoculture::Oxa,10.17632/fypp6xhkjy.1
806,O05,Monoculture,,Oxa,5.5,5.5,uM,2,False,361,,False,True,O05:Monoculture::Oxa,10.17632/fypp6xhkjy.1
807,O05,Monoculture,,Oxa,5.5,5.5,uM,3,False,722,,False,True,O05:Monoculture::Oxa,10.17632/fypp6xhkjy.1
808,O05,Monoculture,,Oxa,12.2,12.2,uM,1,False,399,,False,True,O05:Monoculture::Oxa,10.17632/fypp6xhkjy.1
809,O05,Monoculture,,Oxa,12.2,12.2,uM,2,False,521,,False,True,O05:Monoculture::Oxa,10.17632/fypp6xhkjy.1
810,O05,Monoculture,,Oxa,12.2,12.2,uM,3,False,581,,False,True,O05:Monoculture::Oxa,10.17632/fypp6xhkjy.1
811,O05,Monoculture,,Oxa,27.0,27.0,uM,1,False,554,,False,True,O05:Monoculture::Oxa,10.17632/fypp6xhkjy.1
812,O05,Monoculture,,Oxa,27.0,27.0,uM,2,False,462,,False,True,O05:Monoculture::Oxa,10.17632/fypp6xhkjy.1
813,O05,Monoculture,,Oxa,27.0,27.0,uM,3,False,376,,False,True,O05:Monoculture::Oxa,10.17632/fypp6xhkjy.1
814,O05,Monoculture,,Oxa,60.0,60.0,uM,1,False,381,,False,True,O05:Monoculture::Oxa,10.17632/fypp6xhkjy.1
815,O05,Monoculture,,Oxa,60.0,60.0,uM,2,False,314,,False,True,O05:Monoculture::Oxa,10.17632/fypp6xhkjy.1
816,O05,Monoculture,,Oxa,60.0,60.0,uM,3,False,377,,False,True,O05:Monoculture::Oxa,10.17632/fypp6xhkjy.1
817,O05,Monoculture,,SN-38,DMSO,0.0,nM,1,True,1908,,False,True,O05:Monoculture::SN-38,10.17632/fypp6xhkjy.1
818,O05,Monoculture,,SN-38,DMSO,0.0,nM,2,True,753,,False,True,O05:Monoculture::SN-38,10.17632/fypp6xhkjy.1
819,O05,Monoculture,,SN-38,DMSO,0.0,nM,3,True,868,,False,True,O05:Monoculture::SN-38,10.17632/fypp6xhkjy.1
820,O05,Monoculture,,SN-38,0.1,0.1,nM,1,False,475,,False,True,O05:Monoculture::SN-38,10.17632/fypp6xhkjy.1
821,O05,Monoculture,,SN-38,0.1,0.1,nM,2,False,548,,False,True,O05:Monoculture::SN-38,10.17632/fypp6xhkjy.1
822,O05,Monoculture,,SN-38,0.1,0.1,nM,3,False,449,,False,True,O05:Monoculture::SN-38,10.17632/fypp6xhkjy.1
823,O05,Monoculture,,SN-38,0.2,0.2,nM,1,False,733,,False,True,O05:Monoculture::SN-38,10.17632/fypp6xhkjy.1
824,O05,Monoculture,,SN-38,0.2,0.2,nM,2,False,552,,False,True,O05:Monoculture::SN-38,10.17632/fypp6xhkjy.1
825,O05,Monoculture,,SN-38,0.2,0.2,nM,3,False,638,,False,True,O05:Monoculture::SN-38,10.17632/fypp6xhkjy.1
826,O05,Monoculture,,SN-38,0.4,0.4,nM,1,False,29,cells lost,False,False,O05:Monoculture::SN-38,10.17632/fypp6xhkjy.1
827,O05,Monoculture,,SN-38,0.4,0.4,nM,2,False,731,,False,True,O05:Monoculture::SN-38,10.17632/fypp6xhkjy.1
828,O05,Monoculture,,SN-38,0.4,0.4,nM,3,False,911,,False,True,O05:Monoculture::SN-38,10.17632/fypp6xhkjy.1
829,O05,Monoculture,,SN-38,0.7,0.7,nM,1,False,529,,False,True,O05:Monoculture::SN-38,10.17632/fypp6xhkjy.1
830,O05,Monoculture,,SN-38,0.7,0.7,nM,2,False,523,,False,True,O05:Monoculture::SN-38,10.17632/fypp6xhkjy.1
831,O05,Monoculture,,SN-38,0.7,0.7,nM,3,False,743,,False,True,O05:Monoculture::SN-38,10.17632/fypp6xhkjy.1
832,O05,Monoculture,,SN-38,1.4,1.4,nM,1,False,549,,False,True,O05:Monoculture::SN-38,10.17632/fypp6xhkjy.1
833,O05,Monoculture,,SN-38,1.4,1.4,nM,2,False,697,,False,True,O05:Monoculture::SN-38,10.17632/fypp6xhkjy.1
834,O05,Monoculture,,SN-38,1.4,1.4,nM,3,False,730,,False,True,O05:Monoculture::SN-38,10.17632/fypp6xhkjy.1
835,O05,Monoculture,,SN-38,2.6,2.6,nM,1,False,555,,False,True,O05:Monoculture::SN-38,10.17632/fypp6xhkjy.1
836,O05,Monoculture,,SN-38,2.6,2.6,nM,2,False,717,,False,True,O05:Monoculture::SN-38,10.17632/fypp6xhkjy.1
837,O05,Monoculture,,SN-38,2.6,2.6,nM,3,False,29,cells lost,False,False,O05:Monoculture::SN-38,10.17632/fypp6xhkjy.1
838,O05,Monoculture,,SN-38,5.0,5.0,nM,1,False,371,,False,True,O05:Monoculture::SN-38,10.17632/fypp6xhkjy.1
839,O05,Monoculture,,SN-38,5.0,5.0,nM,2,False,26,cells lost,False,False,O05:Monoculture::SN-38,10.17632/fypp6xhkjy.1
840,O05,Monoculture,,SN-38,5.0,5.0,nM,3,False,349,,False,True,O05:Monoculture::SN-38,10.17632/fypp6xhkjy.1
841,O05,Monoculture,,Gef,DMSO,0.0,uM,1,True,497,,False,True,O05:Monoculture::Gef,10.17632/fypp6xhkjy.1
842,O05,Monoculture,,Gef,DMSO,0.0,uM,2,True,588,,False,True,O05:Monoculture::Gef,10.17632/fypp6xhkjy.1
843,O05,Monoculture,,Gef,DMSO,0.0,uM,3,True,440,,False,True,O05:Monoculture::Gef,10.17632/fypp6xhkjy.1
844,O05,Monoculture,,Gef,0.01,0.01,uM,1,False,906,,False,True,O05:Monoculture::Gef,10.17632/fypp6xhkjy.1
845,O05,Monoculture,,Gef,0.01,0.01,uM,2,False,700,,False,True,O05:Monoculture::Gef,10.17632/fypp6xhkjy.1
846,O05,Monoculture,,Gef,0.01,0.01,uM,3,False,645,,False,True,O05:Monoculture::Gef,10.17632/fypp6xhkjy.1
847,O05,Monoculture,,Gef,0.04,0.04,uM,1,False,874,,False,True,O05:Monoculture::Gef,10.17632/fypp6xhkjy.1
848,O05,Monoculture,,Gef,0.04,0.04,uM,2,False,987,,False,True,O05:Monoculture::Gef,10.17632/fypp6xhkjy.1
849,O05,Monoculture,,Gef,0.04,0.04,uM,3,False,718,,False,True,O05:Monoculture::Gef,10.17632/fypp6xhkjy.1
850,O05,Monoculture,,Gef,0.1,0.1,uM,1,False,591,,False,True,O05:Monoculture::Gef,10.17632/fypp6xhkjy.1
851,O05,Monoculture,,Gef,0.1,0.1,uM,2,False,689,,False,True,O05:Monoculture::Gef,10.17632/fypp6xhkjy.1
852,O05,Monoculture,,Gef,0.1,0.1,uM,3,False,439,,False,True,O05:Monoculture::Gef,10.17632/fypp6xhkjy.1
853,O05,Monoculture,,Gef,0.4,0.4,uM,1,False,375,,False,True,O05:Monoculture::Gef,10.17632/fypp6xhkjy.1
854,O05,Monoculture,,Gef,0.4,0.4,uM,2,False,444,,False,True,O05:Monoculture::Gef,10.17632/fypp6xhkjy.1
855,O05,Monoculture,,Gef,0.4,0.4,uM,3,False,387,,False,True,O05:Monoculture::Gef,10.17632/fypp6xhkjy.1
856,O05,Monoculture,,Gef,1.1,1.1,uM,1,False,322,,False,True,O05:Monoculture::Gef,10.17632/fypp6xhkjy.1
857,O05,Monoculture,,Gef,1.1,1.1,uM,2,False,279,,False,True,O05:Monoculture::Gef,10.17632/fypp6xhkjy.1
858,O05,Monoculture,,Gef,1.1,1.1,uM,3,False,321,,False,True,O05:Monoculture::Gef,10.17632/fypp6xhkjy.1
859,O05,Monoculture,,Gef,3.3,3.3,uM,1,False,287,,False,True,O05:Monoculture::Gef,10.17632/fypp6xhkjy.1
860,O05,Monoculture,,Gef,3.3,3.3,uM,2,False,10,cells lost,False,False,O05:Monoculture::Gef,10.17632/fypp6xhkjy.1
861,O05,Monoculture,,Gef,3.3,3.3,uM,3,False,176,,False,True,O05:Monoculture::Gef,10.17632/fypp6xhkjy.1
862,O05,Monoculture,,Gef,10.0,10.0,uM,1,False,353,,False,True,O05:Monoculture::Gef,10.17632/fypp6xhkjy.1
863,O05,Monoculture,,Gef,10.0,10.0,uM,2,False,229,,False,True,O05:Monoculture::Gef,10.17632/fypp6xhkjy.1
864,O05,Monoculture,,Gef,10.0,10.0,uM,3,False,155,,False,True,O05:Monoculture::Gef,10.17632/fypp6xhkjy.1
865,O05,Coculture,F05,5-FU,DMSO,0.0,uM,1,True,2449,,False,True,O05:Coculture:F05:5-FU,10.17632/fypp6xhkjy.1
866,O05,Coculture,F05,5-FU,DMSO,0.0,uM,2,True,2441,,False,True,O05:Coculture:F05:5-FU,10.17632/fypp6xhkjy.1
867,O05,Coculture,F05,5-FU,DMSO,0.0,uM,3,True,2579,,False,True,O05:Coculture:F05:5-FU,10.17632/fypp6xhkjy.1
868,O05,Coculture,F05,5-FU,0.5,0.5,uM,1,False,1937,,False,True,O05:Coculture:F05:5-FU,10.17632/fypp6xhkjy.1
869,O05,Coculture,F05,5-FU,0.5,0.5,uM,2,False,3068,,False,True,O05:Coculture:F05:5-FU,10.17632/fypp6xhkjy.1
870,O05,Coculture,F05,5-FU,0.5,0.5,uM,3,False,591,seeding not uniform,False,False,O05:Coculture:F05:5-FU,10.17632/fypp6xhkjy.1
871,O05,Coculture,F05,5-FU,1.1,1.1,uM,1,False,2285,,False,True,O05:Coculture:F05:5-FU,10.17632/fypp6xhkjy.1
872,O05,Coculture,F05,5-FU,1.1,1.1,uM,2,False,1246,,False,True,O05:Coculture:F05:5-FU,10.17632/fypp6xhkjy.1
873,O05,Coculture,F05,5-FU,1.1,1.1,uM,3,False,2614,,False,True,O05:Coculture:F05:5-FU,10.17632/fypp6xhkjy.1
874,O05,Coculture,F05,5-FU,2.5,2.5,uM,1,False,3053,,False,True,O05:Coculture:F05:5-FU,10.17632/fypp6xhkjy.1
875,O05,Coculture,F05,5-FU,2.5,2.5,uM,2,False,3207,,False,True,O05:Coculture:F05:5-FU,10.17632/fypp6xhkjy.1
876,O05,Coculture,F05,5-FU,2.5,2.5,uM,3,False,2404,,False,True,O05:Coculture:F05:5-FU,10.17632/fypp6xhkjy.1
877,O05,Coculture,F05,5-FU,5.5,5.5,uM,1,False,2066,,False,True,O05:Coculture:F05:5-FU,10.17632/fypp6xhkjy.1
878,O05,Coculture,F05,5-FU,5.5,5.5,uM,2,False,2364,,False,True,O05:Coculture:F05:5-FU,10.17632/fypp6xhkjy.1
879,O05,Coculture,F05,5-FU,5.5,5.5,uM,3,False,1682,,False,True,O05:Coculture:F05:5-FU,10.17632/fypp6xhkjy.1
880,O05,Coculture,F05,5-FU,12.2,12.2,uM,1,False,1477,,False,True,O05:Coculture:F05:5-FU,10.17632/fypp6xhkjy.1
881,O05,Coculture,F05,5-FU,12.2,12.2,uM,2,False,2518,,False,True,O05:Coculture:F05:5-FU,10.17632/fypp6xhkjy.1
882,O05,Coculture,F05,5-FU,12.2,12.2,uM,3,False,1541,,False,True,O05:Coculture:F05:5-FU,10.17632/fypp6xhkjy.1
883,O05,Coculture,F05,5-FU,27.0,27.0,uM,1,False,1440,,False,True,O05:Coculture:F05:5-FU,10.17632/fypp6xhkjy.1
884,O05,Coculture,F05,5-FU,27.0,27.0,uM,2,False,1690,,False,True,O05:Coculture:F05:5-FU,10.17632/fypp6xhkjy.1
885,O05,Coculture,F05,5-FU,27.0,27.0,uM,3,False,976,,False,True,O05:Coculture:F05:5-FU,10.17632/fypp6xhkjy.1
886,O05,Coculture,F05,5-FU,60.0,60.0,uM,1,False,1045,,False,True,O05:Coculture:F05:5-FU,10.17632/fypp6xhkjy.1
887,O05,Coculture,F05,5-FU,60.0,60.0,uM,2,False,1200,,False,True,O05:Coculture:F05:5-FU,10.17632/fypp6xhkjy.1
888,O05,Coculture,F05,5-FU,60.0,60.0,uM,3,False,1169,,False,True,O05:Coculture:F05:5-FU,10.17632/fypp6xhkjy.1
889,O05,Coculture,F05,Oxa,DMSO,0.0,uM,1,True,2734,,False,True,O05:Coculture:F05:Oxa,10.17632/fypp6xhkjy.1
890,O05,Coculture,F05,Oxa,DMSO,0.0,uM,2,True,3063,,False,True,O05:Coculture:F05:Oxa,10.17632/fypp6xhkjy.1
891,O05,Coculture,F05,Oxa,DMSO,0.0,uM,3,True,2796,,False,True,O05:Coculture:F05:Oxa,10.17632/fypp6xhkjy.1
892,O05,Coculture,F05,Oxa,0.5,0.5,uM,1,False,2507,,False,True,O05:Coculture:F05:Oxa,10.17632/fypp6xhkjy.1
893,O05,Coculture,F05,Oxa,0.5,0.5,uM,2,False,3491,,False,True,O05:Coculture:F05:Oxa,10.17632/fypp6xhkjy.1
894,O05,Coculture,F05,Oxa,0.5,0.5,uM,3,False,3001,,False,True,O05:Coculture:F05:Oxa,10.17632/fypp6xhkjy.1
895,O05,Coculture,F05,Oxa,1.1,1.1,uM,1,False,16,cells lost,False,False,O05:Coculture:F05:Oxa,10.17632/fypp6xhkjy.1
896,O05,Coculture,F05,Oxa,1.1,1.1,uM,2,False,2594,,False,True,O05:Coculture:F05:Oxa,10.17632/fypp6xhkjy.1
897,O05,Coculture,F05,Oxa,1.1,1.1,uM,3,False,2278,,False,True,O05:Coculture:F05:Oxa,10.17632/fypp6xhkjy.1
898,O05,Coculture,F05,Oxa,2.5,2.5,uM,1,False,1345,,False,True,O05:Coculture:F05:Oxa,10.17632/fypp6xhkjy.1
899,O05,Coculture,F05,Oxa,2.5,2.5,uM,2,False,1761,,False,True,O05:Coculture:F05:Oxa,10.17632/fypp6xhkjy.1
900,O05,Coculture,F05,Oxa,2.5,2.5,uM,3,False,1687,,False,True,O05:Coculture:F05:Oxa,10.17632/fypp6xhkjy.1
901,O05,Coculture,F05,Oxa,5.5,5.5,uM,1,False,1272,,False,True,O05:Coculture:F05:Oxa,10.17632/fypp6xhkjy.1
902,O05,Coculture,F05,Oxa,5.5,5.5,uM,2,False,1617,,False,True,O05:Coculture:F05:Oxa,10.17632/fypp6xhkjy.1
903,O05,Coculture,F05,Oxa,5.5,5.5,uM,3,False,1094,,False,True,O05:Coculture:F05:Oxa,10.17632/fypp6xhkjy.1
904,O05,Coculture,F05,Oxa,12.2,12.2,uM,1,False,1024,,False,True,O05:Coculture:F05:Oxa,10.17632/fypp6xhkjy.1
905,O05,Coculture,F05,Oxa,12.2,12.2,uM,2,False,970,,False,True,O05:Coculture:F05:Oxa,10.17632/fypp6xhkjy.1
906,O05,Coculture,F05,Oxa,12.2,12.2,uM,3,False,1088,,False,True,O05:Coculture:F05:Oxa,10.17632/fypp6xhkjy.1
907,O05,Coculture,F05,Oxa,27.0,27.0,uM,1,False,804,,False,True,O05:Coculture:F05:Oxa,10.17632/fypp6xhkjy.1
908,O05,Coculture,F05,Oxa,27.0,27.0,uM,2,False,1299,,False,True,O05:Coculture:F05:Oxa,10.17632/fypp6xhkjy.1
909,O05,Coculture,F05,Oxa,27.0,27.0,uM,3,False,1196,,False,True,O05:Coculture:F05:Oxa,10.17632/fypp6xhkjy.1
910,O05,Coculture,F05,Oxa,60.0,60.0,uM,1,False,887,,False,True,O05:Coculture:F05:Oxa,10.17632/fypp6xhkjy.1
911,O05,Coculture,F05,Oxa,60.0,60.0,uM,2,False,1189,,False,True,O05:Coculture:F05:Oxa,10.17632/fypp6xhkjy.1
912,O05,Coculture,F05,Oxa,60.0,60.0,uM,3,False,1073,,False,True,O05:Coculture:F05:Oxa,10.17632/fypp6xhkjy.1
913,O05,Coculture,F05,SN-38,DMSO,0.0,nM,1,True,4216,,False,True,O05:Coculture:F05:SN-38,10.17632/fypp6xhkjy.1
914,O05,Coculture,F05,SN-38,DMSO,0.0,nM,2,True,3920,,False,True,O05:Coculture:F05:SN-38,10.17632/fypp6xhkjy.1
915,O05,Coculture,F05,SN-38,DMSO,0.0,nM,3,True,218,cells lost,False,False,O05:Coculture:F05:SN-38,10.17632/fypp6xhkjy.1
916,O05,Coculture,F05,SN-38,0.1,0.1,nM,1,False,3782,,False,True,O05:Coculture:F05:SN-38,10.17632/fypp6xhkjy.1
917,O05,Coculture,F05,SN-38,0.1,0.1,nM,2,False,3550,,False,True,O05:Coculture:F05:SN-38,10.17632/fypp6xhkjy.1
918,O05,Coculture,F05,SN-38,0.1,0.1,nM,3,False,3367,,False,True,O05:Coculture:F05:SN-38,10.17632/fypp6xhkjy.1
919,O05,Coculture,F05,SN-38,0.2,0.2,nM,1,False,2669,,False,True,O05:Coculture:F05:SN-38,10.17632/fypp6xhkjy.1
920,O05,Coculture,F05,SN-38,0.2,0.2,nM,2,False,3474,,False,True,O05:Coculture:F05:SN-38,10.17632/fypp6xhkjy.1
921,O05,Coculture,F05,SN-38,0.2,0.2,nM,3,False,2705,,False,True,O05:Coculture:F05:SN-38,10.17632/fypp6xhkjy.1
922,O05,Coculture,F05,SN-38,0.4,0.4,nM,1,False,36,cells lost,False,False,O05:Coculture:F05:SN-38,10.17632/fypp6xhkjy.1
923,O05,Coculture,F05,SN-38,0.4,0.4,nM,2,False,2291,,False,True,O05:Coculture:F05:SN-38,10.17632/fypp6xhkjy.1
924,O05,Coculture,F05,SN-38,0.4,0.4,nM,3,False,2050,,False,True,O05:Coculture:F05:SN-38,10.17632/fypp6xhkjy.1
925,O05,Coculture,F05,SN-38,0.7,0.7,nM,1,False,1925,,False,True,O05:Coculture:F05:SN-38,10.17632/fypp6xhkjy.1
926,O05,Coculture,F05,SN-38,0.7,0.7,nM,2,False,2622,,False,True,O05:Coculture:F05:SN-38,10.17632/fypp6xhkjy.1
927,O05,Coculture,F05,SN-38,0.7,0.7,nM,3,False,2956,,False,True,O05:Coculture:F05:SN-38,10.17632/fypp6xhkjy.1
928,O05,Coculture,F05,SN-38,1.4,1.4,nM,1,False,1785,,False,True,O05:Coculture:F05:SN-38,10.17632/fypp6xhkjy.1
929,O05,Coculture,F05,SN-38,1.4,1.4,nM,2,False,2458,,False,True,O05:Coculture:F05:SN-38,10.17632/fypp6xhkjy.1
930,O05,Coculture,F05,SN-38,1.4,1.4,nM,3,False,2305,,False,True,O05:Coculture:F05:SN-38,10.17632/fypp6xhkjy.1
931,O05,Coculture,F05,SN-38,2.6,2.6,nM,1,False,1428,,False,True,O05:Coculture:F05:SN-38,10.17632/fypp6xhkjy.1
932,O05,Coculture,F05,SN-38,2.6,2.6,nM,2,False,1277,,False,True,O05:Coculture:F05:SN-38,10.17632/fypp6xhkjy.1
933,O05,Coculture,F05,SN-38,2.6,2.6,nM,3,False,1316,,False,True,O05:Coculture:F05:SN-38,10.17632/fypp6xhkjy.1
934,O05,Coculture,F05,SN-38,5.0,5.0,nM,1,False,816,,False,True,O05:Coculture:F05:SN-38,10.17632/fypp6xhkjy.1
935,O05,Coculture,F05,SN-38,5.0,5.0,nM,2,False,727,,False,True,O05:Coculture:F05:SN-38,10.17632/fypp6xhkjy.1
936,O05,Coculture,F05,SN-38,5.0,5.0,nM,3,False,638,,False,True,O05:Coculture:F05:SN-38,10.17632/fypp6xhkjy.1
937,O05,Coculture,F05,Gef,DMSO,0.0,uM,1,True,2254,,False,True,O05:Coculture:F05:Gef,10.17632/fypp6xhkjy.1
938,O05,Coculture,F05,Gef,DMSO,0.0,uM,2,True,2920,,False,True,O05:Coculture:F05:Gef,10.17632/fypp6xhkjy.1
939,O05,Coculture,F05,Gef,DMSO,0.0,uM,3,True,2102,,False,True,O05:Coculture:F05:Gef,10.17632/fypp6xhkjy.1
940,O05,Coculture,F05,Gef,0.01,0.01,uM,1,False,3279,,False,True,O05:Coculture:F05:Gef,10.17632/fypp6xhkjy.1
941,O05,Coculture,F05,Gef,0.01,0.01,uM,2,False,3066,,False,True,O05:Coculture:F05:Gef,10.17632/fypp6xhkjy.1
942,O05,Coculture,F05,Gef,0.01,0.01,uM,3,False,2800,,False,True,O05:Coculture:F05:Gef,10.17632/fypp6xhkjy.1
943,O05,Coculture,F05,Gef,0.04,0.04,uM,1,False,2355,,False,True,O05:Coculture:F05:Gef,10.17632/fypp6xhkjy.1
944,O05,Coculture,F05,Gef,0.04,0.04,uM,2,False,2053,,False,True,O05:Coculture:F05:Gef,10.17632/fypp6xhkjy.1
945,O05,Coculture,F05,Gef,0.04,0.04,uM,3,False,1713,,False,True,O05:Coculture:F05:Gef,10.17632/fypp6xhkjy.1
946,O05,Coculture,F05,Gef,0.1,0.1,uM,1,False,2457,,False,True,O05:Coculture:F05:Gef,10.17632/fypp6xhkjy.1
947,O05,Coculture,F05,Gef,0.1,0.1,uM,2,False,2614,,False,True,O05:Coculture:F05:Gef,10.17632/fypp6xhkjy.1
948,O05,Coculture,F05,Gef,0.1,0.1,uM,3,False,1913,,False,True,O05:Coculture:F05:Gef,10.17632/fypp6xhkjy.1
949,O05,Coculture,F05,Gef,0.4,0.4,uM,1,False,1773,,False,True,O05:Coculture:F05:Gef,10.17632/fypp6xhkjy.1
950,O05,Coculture,F05,Gef,0.4,0.4,uM,2,False,78,cells lost,False,False,O05:Coculture:F05:Gef,10.17632/fypp6xhkjy.1
951,O05,Coculture,F05,Gef,0.4,0.4,uM,3,False,1490,,False,True,O05:Coculture:F05:Gef,10.17632/fypp6xhkjy.1
952,O05,Coculture,F05,Gef,1.1,1.1,uM,1,False,1152,,False,True,O05:Coculture:F05:Gef,10.17632/fypp6xhkjy.1
953,O05,Coculture,F05,Gef,1.1,1.1,uM,2,False,949,,False,True,O05:Coculture:F05:Gef,10.17632/fypp6xhkjy.1
954,O05,Coculture,F05,Gef,1.1,1.1,uM,3,False,912,,False,True,O05:Coculture:F05:Gef,10.17632/fypp6xhkjy.1
955,O05,Coculture,F05,Gef,3.3,3.3,uM,1,False,865,,False,True,O05:Coculture:F05:Gef,10.17632/fypp6xhkjy.1
956,O05,Coculture,F05,Gef,3.3,3.3,uM,2,False,713,,False,True,O05:Coculture:F05:Gef,10.17632/fypp6xhkjy.1
957,O05,Coculture,F05,Gef,3.3,3.3,uM,3,False,39,cells lost,False,False,O05:Coculture:F05:Gef,10.17632/fypp6xhkjy.1
958,O05,Coculture,F05,Gef,10.0,10.0,uM,1,False,765,,False,True,O05:Coculture:F05:Gef,10.17632/fypp6xhkjy.1
959,O05,Coculture,F05,Gef,10.0,10.0,uM,2,False,692,,False,True,O05:Coculture:F05:Gef,10.17632/fypp6xhkjy.1
960,O05,Coculture,F05,Gef,10.0,10.0,uM,3,False,509,,False,True,O05:Coculture:F05:Gef,10.17632/fypp6xhkjy.1
961,O06,Monoculture,,5-FU,DMSO,0.0,uM,1,True,44089,,False,True,O06:Monoculture::5-FU,10.17632/fypp6xhkjy.1
962,O06,Monoculture,,5-FU,DMSO,0.0,uM,2,True,45020,,False,True,O06:Monoculture::5-FU,10.17632/fypp6xhkjy.1
963,O06,Monoculture,,5-FU,DMSO,0.0,uM,3,True,44094,,False,True,O06:Monoculture::5-FU,10.17632/fypp6xhkjy.1
964,O06,Monoculture,,5-FU,0.5,0.5,uM,1,False,53898,,False,True,O06:Monoculture::5-FU,10.17632/fypp6xhkjy.1
965,O06,Monoculture,,5-FU,0.5,0.5,uM,2,False,69534,,False,True,O06:Monoculture::5-FU,10.17632/fypp6xhkjy.1
966,O06,Monoculture,,5-FU,0.5,0.5,uM,3,False,60106,,False,True,O06:Monoculture::5-FU,10.17632/fypp6xhkjy.1
967,O06,Monoculture,,5-FU,1.1,1.1,uM,1,False,57295,,False,True,O06:Monoculture::5-FU,10.17632/fypp6xhkjy.1
968,O06,Monoculture,,5-FU,1.1,1.1,uM,2,False,63370,,False,True,O06:Monoculture::5-FU,10.17632/fypp6xhkjy.1
969,O06,Monoculture,,5-FU,1.1,1.1,uM,3,False,55172,,False,True,O06:Monoculture::5-FU,10.17632/fypp6xhkjy.1
970,O06,Monoculture,,5-FU,2.5,2.5,uM,1,False,42373,,False,True,O06:Monoculture::5-FU,10.17632/fypp6xhkjy.1
971,O06,Monoculture,,5-FU,2.5,2.5,uM,2,False,49537,,False,True,O06:Monoculture::5-FU,10.17632/fypp6xhkjy.1
972,O06,Monoculture,,5-FU,2.5,2.5,uM,3,False,40941,,False,True,O06:Monoculture::5-FU,10.17632/fypp6xhkjy.1
973,O06,Monoculture,,5-FU,5.5,5.5,uM,1,False,35923,,False,True,O06:Monoculture::5-FU,10.17632/fypp6xhkjy.1
974,O06,Monoculture,,5-FU,5.5,5.5,uM,2,False,31344,,False,True,O06:Monoculture::5-FU,10.17632/fypp6xhkjy.1
975,O06,Monoculture,,5-FU,5.5,5.5,uM,3,False,38441,,False,True,O06:Monoculture::5-FU,10.17632/fypp6xhkjy.1
976,O06,Monoculture,,5-FU,12.2,12.2,uM,1,False,31782,,False,True,O06:Monoculture::5-FU,10.17632/fypp6xhkjy.1
977,O06,Monoculture,,5-FU,12.2,12.2,uM,2,False,30469,,False,True,O06:Monoculture::5-FU,10.17632/fypp6xhkjy.1
978,O06,Monoculture,,5-FU,12.2,12.2,uM,3,False,28124,,False,True,O06:Monoculture::5-FU,10.17632/fypp6xhkjy.1
979,O06,Monoculture,,5-FU,27.0,27.0,uM,1,False,18717,,False,True,O06:Monoculture::5-FU,10.17632/fypp6xhkjy.1
980,O06,Monoculture,,5-FU,27.0,27.0,uM,2,False,15292,,False,True,O06:Monoculture::5-FU,10.17632/fypp6xhkjy.1
981,O06,Monoculture,,5-FU,27.0,27.0,uM,3,False,25220,,False,True,O06:Monoculture::5-FU,10.17632/fypp6xhkjy.1
982,O06,Monoculture,,5-FU,60.0,60.0,uM,1,False,22104,,False,True,O06:Monoculture::5-FU,10.17632/fypp6xhkjy.1
983,O06,Monoculture,,5-FU,60.0,60.0,uM,2,False,19039,,False,True,O06:Monoculture::5-FU,10.17632/fypp6xhkjy.1
984,O06,Monoculture,,5-FU,60.0,60.0,uM,3,False,25746,,False,True,O06:Monoculture::5-FU,10.17632/fypp6xhkjy.1
985,O06,Monoculture,,Oxa,DMSO,0.0,uM,1,True,42528,,False,True,O06:Monoculture::Oxa,10.17632/fypp6xhkjy.1
986,O06,Monoculture,,Oxa,DMSO,0.0,uM,2,True,36520,,False,True,O06:Monoculture::Oxa,10.17632/fypp6xhkjy.1
987,O06,Monoculture,,Oxa,DMSO,0.0,uM,3,True,70058,,False,True,O06:Monoculture::Oxa,10.17632/fypp6xhkjy.1
988,O06,Monoculture,,Oxa,0.5,0.5,uM,1,False,40405,,False,True,O06:Monoculture::Oxa,10.17632/fypp6xhkjy.1
989,O06,Monoculture,,Oxa,0.5,0.5,uM,2,False,41155,,False,True,O06:Monoculture::Oxa,10.17632/fypp6xhkjy.1
990,O06,Monoculture,,Oxa,0.5,0.5,uM,3,False,41629,,False,True,O06:Monoculture::Oxa,10.17632/fypp6xhkjy.1
991,O06,Monoculture,,Oxa,1.1,1.1,uM,1,False,48304,,False,True,O06:Monoculture::Oxa,10.17632/fypp6xhkjy.1
992,O06,Monoculture,,Oxa,1.1,1.1,uM,2,False,41363,,False,True,O06:Monoculture::Oxa,10.17632/fypp6xhkjy.1
993,O06,Monoculture,,Oxa,1.1,1.1,uM,3,False,67614,,False,True,O06:Monoculture::Oxa,10.17632/fypp6xhkjy.1
994,O06,Monoculture,,Oxa,2.5,2.5,uM,1,False,40737,,False,True,O06:Monoculture::Oxa,10.17632/fypp6xhkjy.1
995,O06,Monoculture,,Oxa,2.5,2.5,uM,2,False,30524,,False,True,O06:Monoculture::Oxa,10.17632/fypp6xhkjy.1
996,O06,Monoculture,,Oxa,2.5,2.5,uM,3,False,37007,,False,True,O06:Monoculture::Oxa,10.17632/fypp6xhkjy.1
997,O06,Monoculture,,Oxa,5.5,5.5,uM,1,False,20324,,False,True,O06:Monoculture::Oxa,10.17632/fypp6xhkjy.1
998,O06,Monoculture,,Oxa,5.5,5.5,uM,2,False,20639,,False,True,O06:Monoculture::Oxa,10.17632/fypp6xhkjy.1
999,O06,Monoculture,,Oxa,5.5,5.5,uM,3,False,26015,,False,True,O06:Monoculture::Oxa,10.17632/fypp6xhkjy.1
1000,O06,Monoculture,,Oxa,12.2,12.2,uM,1,False,17671,,False,True,O06:Monoculture::Oxa,10.17632/fypp6xhkjy.1
1001,O06,Monoculture,,Oxa,12.2,12.2,uM,2,False,8811,,False,True,O06:Monoculture::Oxa,10.17632/fypp6xhkjy.1
1002,O06,Monoculture,,Oxa,12.2,12.2,uM,3,False,11129,,False,True,O06:Monoculture::Oxa,10.17632/fypp6xhkjy.1
1003,O06,Monoculture,,Oxa,27.0,27.0,uM,1,False,16392,,False,True,O06:Monoculture::Oxa,10.17632/fypp6xhkjy.1
1004,O06,Monoculture,,Oxa,27.0,27.0,uM,2,False,23470,,False,True,O06:Monoculture::Oxa,10.17632/fypp6xhkjy.1
1005,O06,Monoculture,,Oxa,27.0,27.0,uM,3,False,21586,,False,True,O06:Monoculture::Oxa,10.17632/fypp6xhkjy.1
1006,O06,Monoculture,,Oxa,60.0,60.0,uM,1,False,16384,,False,True,O06:Monoculture::Oxa,10.17632/fypp6xhkjy.1
1007,O06,Monoculture,,Oxa,60.0,60.0,uM,2,False,22671,,False,True,O06:Monoculture::Oxa,10.17632/fypp6xhkjy.1
1008,O06,Monoculture,,Oxa,60.0,60.0,uM,3,False,20848,,False,True,O06:Monoculture::Oxa,10.17632/fypp6xhkjy.1
1009,O06,Monoculture,,SN-38,DMSO,0.0,nM,1,True,73393,,False,True,O06:Monoculture::SN-38,10.17632/fypp6xhkjy.1
1010,O06,Monoculture,,SN-38,DMSO,0.0,nM,2,True,78692,,False,True,O06:Monoculture::SN-38,10.17632/fypp6xhkjy.1
1011,O06,Monoculture,,SN-38,DMSO,0.0,nM,3,True,60076,,False,True,O06:Monoculture::SN-38,10.17632/fypp6xhkjy.1
1012,O06,Monoculture,,SN-38,0.1,0.1,nM,1,False,46273,,False,True,O06:Monoculture::SN-38,10.17632/fypp6xhkjy.1
1013,O06,Monoculture,,SN-38,0.1,0.1,nM,2,False,36591,,False,True,O06:Monoculture::SN-38,10.17632/fypp6xhkjy.1
1014,O06,Monoculture,,SN-38,0.1,0.1,nM,3,False,51359,,False,True,O06:Monoculture::SN-38,10.17632/fypp6xhkjy.1
1015,O06,Monoculture,,SN-38,0.2,0.2,nM,1,False,59853,,False,True,O06:Monoculture::SN-38,10.17632/fypp6xhkjy.1
1016,O06,Monoculture,,SN-38,0.2,0.2,nM,2,False,81484,seeding not uniform,False,False,O06:Monoculture::SN-38,10.17632/fypp6xhkjy.1
1017,O06,Monoculture,,SN-38,0.2,0.2,nM,3,False,45003,,False,True,O06:Monoculture::SN-38,10.17632/fypp6xhkjy.1
1018,O06,Monoculture,,SN-38,0.4,0.4,nM,1,False,42569,,False,True,O06:Monoculture::SN-38,10.17632/fypp6xhkjy.1
1019,O06,Monoculture,,SN-38,0.4,0.4,nM,2,False,44377,,False,True,O06:Monoculture::SN-38,10.17632/fypp6xhkjy.1
1020,O06,Monoculture,,SN-38,0.4,0.4,nM,3,False,40855,,False,True,O06:Monoculture::SN-38,10.17632/fypp6xhkjy.1
1021,O06,Monoculture,,SN-38,0.7,0.7,nM,1,False,367,cells lost,False,False,O06:Monoculture::SN-38,10.17632/fypp6xhkjy.1
1022,O06,Monoculture,,SN-38,0.7,0.7,nM,2,False,111125,seeding not uniform,False,False,O06:Monoculture::SN-38,10.17632/fypp6xhkjy.1
1023,O06,Monoculture,,SN-38,0.7,0.7,nM,3,False,58620,,False,True,O06:Monoculture::SN-38,10.17632/fypp6xhkjy.1
1024,O06,Monoculture,,SN-38,1.4,1.4,nM,1,False,38878,,False,True,O06:Monoculture::SN-38,10.17632/fypp6xhkjy.1
1025,O06,Monoculture,,SN-38,1.4,1.4,nM,2,False,32435,,False,True,O06:Monoculture::SN-38,10.17632/fypp6xhkjy.1
1026,O06,Monoculture,,SN-38,1.4,1.4,nM,3,False,32355,,False,True,O06:Monoculture::SN-38,10.17632/fypp6xhkjy.1
1027,O06,Monoculture,,SN-38,2.6,2.6,nM,1,False,15804,,False,True,O06:Monoculture::SN-38,10.17632/fypp6xhkjy.1
1028,O06,Monoculture,,SN-38,2.6,2.6,nM,2,False,17764,,False,True,O06:Monoculture::SN-38,10.17632/fypp6xhkjy.1
1029,O06,Monoculture,,SN-38,2.6,2.6,nM,3,False,14356,,False,True,O06:Monoculture::SN-38,10.17632/fypp6xhkjy.1
1030,O06,Monoculture,,SN-38,5.0,5.0,nM,1,False,196,,False,True,O06:Monoculture::SN-38,10.17632/fypp6xhkjy.1
1031,O06,Monoculture,,SN-38,5.0,5.0,nM,2,False,10403,,False,True,O06:Monoculture::SN-38,10.17632/fypp6xhkjy.1
1032,O06,Monoculture,,SN-38,5.0,5.0,nM,3,False,8864,,False,True,O06:Monoculture::SN-38,10.17632/fypp6xhkjy.1
1033,O06,Monoculture,,Gef,DMSO,0.0,uM,1,True,62894,,True,False,O06:Monoculture::Gef,10.17632/fypp6xhkjy.1
1034,O06,Monoculture,,Gef,DMSO,0.0,uM,2,True,59183,,True,False,O06:Monoculture::Gef,10.17632/fypp6xhkjy.1
1035,O06,Monoculture,,Gef,DMSO,0.0,uM,3,True,45476,,True,False,O06:Monoculture::Gef,10.17632/fypp6xhkjy.1
1036,O06,Monoculture,,Gef,0.01,0.01,uM,1,False,53731,,True,False,O06:Monoculture::Gef,10.17632/fypp6xhkjy.1
1037,O06,Monoculture,,Gef,0.01,0.01,uM,2,False,60170,,True,False,O06:Monoculture::Gef,10.17632/fypp6xhkjy.1
1038,O06,Monoculture,,Gef,0.01,0.01,uM,3,False,76277,,True,False,O06:Monoculture::Gef,10.17632/fypp6xhkjy.1
1039,O06,Monoculture,,Gef,0.04,0.04,uM,1,False,45617,,True,False,O06:Monoculture::Gef,10.17632/fypp6xhkjy.1
1040,O06,Monoculture,,Gef,0.04,0.04,uM,2,False,58031,,True,False,O06:Monoculture::Gef,10.17632/fypp6xhkjy.1
1041,O06,Monoculture,,Gef,0.0,0.0,uM,3,False,41916,,True,False,O06:Monoculture::Gef,10.17632/fypp6xhkjy.1
1042,O06,Monoculture,,Gef,0.1,0.1,uM,1,False,13601,,True,False,O06:Monoculture::Gef,10.17632/fypp6xhkjy.1
1043,O06,Monoculture,,Gef,0.1,0.1,uM,2,False,67708,seeding not uniform,True,False,O06:Monoculture::Gef,10.17632/fypp6xhkjy.1
1044,O06,Monoculture,,Gef,0.1,0.1,uM,3,False,18330,,True,False,O06:Monoculture::Gef,10.17632/fypp6xhkjy.1
1045,O06,Monoculture,,Gef,0.4,0.4,uM,1,False,4484,,True,False,O06:Monoculture::Gef,10.17632/fypp6xhkjy.1
1046,O06,Monoculture,,Gef,0.4,0.4,uM,2,False,6497,,True,False,O06:Monoculture::Gef,10.17632/fypp6xhkjy.1
1047,O06,Monoculture,,Gef,0.4,0.4,uM,3,False,5581,,True,False,O06:Monoculture::Gef,10.17632/fypp6xhkjy.1
1048,O06,Monoculture,,Gef,1.1,1.1,uM,1,False,4834,,True,False,O06:Monoculture::Gef,10.17632/fypp6xhkjy.1
1049,O06,Monoculture,,Gef,1.1,1.1,uM,2,False,5805,,True,False,O06:Monoculture::Gef,10.17632/fypp6xhkjy.1
1050,O06,Monoculture,,Gef,1.1,1.1,uM,3,False,4984,,True,False,O06:Monoculture::Gef,10.17632/fypp6xhkjy.1
1051,O06,Monoculture,,Gef,3.3,3.3,uM,1,False,4908,,True,False,O06:Monoculture::Gef,10.17632/fypp6xhkjy.1
1052,O06,Monoculture,,Gef,3.3,3.3,uM,2,False,5274,,True,False,O06:Monoculture::Gef,10.17632/fypp6xhkjy.1
1053,O06,Monoculture,,Gef,3.3,3.3,uM,3,False,5632,,True,False,O06:Monoculture::Gef,10.17632/fypp6xhkjy.1
1054,O06,Monoculture,,Gef,10.0,10.0,uM,1,False,1668,,True,False,O06:Monoculture::Gef,10.17632/fypp6xhkjy.1
1055,O06,Monoculture,,Gef,10.0,10.0,uM,2,False,1260,,True,False,O06:Monoculture::Gef,10.17632/fypp6xhkjy.1
1056,O06,Monoculture,,Gef,10.0,10.0,uM,3,False,589,,True,False,O06:Monoculture::Gef,10.17632/fypp6xhkjy.1
1057,O06,Coculture,F06,5-FU,DMSO,0.0,uM,1,True,151710,seeding not uniform,False,False,O06:Coculture:F06:5-FU,10.17632/fypp6xhkjy.1
1058,O06,Coculture,F06,5-FU,DMSO,0.0,uM,2,True,248891,,False,True,O06:Coculture:F06:5-FU,10.17632/fypp6xhkjy.1
1059,O06,Coculture,F06,5-FU,DMSO,0.0,uM,3,True,299397,,False,True,O06:Coculture:F06:5-FU,10.17632/fypp6xhkjy.1
1060,O06,Coculture,F06,5-FU,0.5,0.5,uM,1,False,226521,,False,True,O06:Coculture:F06:5-FU,10.17632/fypp6xhkjy.1
1061,O06,Coculture,F06,5-FU,0.5,0.5,uM,2,False,325469,,False,True,O06:Coculture:F06:5-FU,10.17632/fypp6xhkjy.1
1062,O06,Coculture,F06,5-FU,0.5,0.5,uM,3,False,270060,,False,True,O06:Coculture:F06:5-FU,10.17632/fypp6xhkjy.1
1063,O06,Coculture,F06,5-FU,1.1,1.1,uM,1,False,185441,,False,True,O06:Coculture:F06:5-FU,10.17632/fypp6xhkjy.1
1064,O06,Coculture,F06,5-FU,1.1,1.1,uM,2,False,231946,,False,True,O06:Coculture:F06:5-FU,10.17632/fypp6xhkjy.1
1065,O06,Coculture,F06,5-FU,1.1,1.1,uM,3,False,236283,,False,True,O06:Coculture:F06:5-FU,10.17632/fypp6xhkjy.1
1066,O06,Coculture,F06,5-FU,2.5,2.5,uM,1,False,138046,,False,True,O06:Coculture:F06:5-FU,10.17632/fypp6xhkjy.1
1067,O06,Coculture,F06,5-FU,2.5,2.5,uM,2,False,152027,,False,True,O06:Coculture:F06:5-FU,10.17632/fypp6xhkjy.1
1068,O06,Coculture,F06,5-FU,2.5,2.5,uM,3,False,158516,,False,True,O06:Coculture:F06:5-FU,10.17632/fypp6xhkjy.1
1069,O06,Coculture,F06,5-FU,5.5,5.5,uM,1,False,110044,,False,True,O06:Coculture:F06:5-FU,10.17632/fypp6xhkjy.1
1070,O06,Coculture,F06,5-FU,5.5,5.5,uM,2,False,127501,,False,True,O06:Coculture:F06:5-FU,10.17632/fypp6xhkjy.1
1071,O06,Coculture,F06,5-FU,5.5,5.5,uM,3,False,129348,,False,True,O06:Coculture:F06:5-FU,10.17632/fypp6xhkjy.1
1072,O06,Coculture,F06,5-FU,12.2,12.2,uM,1,False,63765,,False,True,O06:Coculture:F06:5-FU,10.17632/fypp6xhkjy.1
1073,O06,Coculture,F06,5-FU,12.2,12.2,uM,2,False,73072,,False,True,O06:Coculture:F06:5-FU,10.17632/fypp6xhkjy.1
1074,O06,Coculture,F06,5-FU,12.2,12.2,uM,3,False,61950,,False,True,O06:Coculture:F06:5-FU,10.17632/fypp6xhkjy.1
1075,O06,Coculture,F06,5-FU,27.0,27.0,uM,1,False,43830,,False,True,O06:Coculture:F06:5-FU,10.17632/fypp6xhkjy.1
1076,O06,Coculture,F06,5-FU,27.0,27.0,uM,2,False,51238,,False,True,O06:Coculture:F06:5-FU,10.17632/fypp6xhkjy.1
1077,O06,Coculture,F06,5-FU,27.0,27.0,uM,3,False,41630,,False,True,O06:Coculture:F06:5-FU,10.17632/fypp6xhkjy.1
1078,O06,Coculture,F06,5-FU,60.0,60.0,uM,1,False,59349,,False,True,O06:Coculture:F06:5-FU,10.17632/fypp6xhkjy.1
1079,O06,Coculture,F06,5-FU,60.0,60.0,uM,2,False,55792,,False,True,O06:Coculture:F06:5-FU,10.17632/fypp6xhkjy.1
1080,O06,Coculture,F06,5-FU,60.0,60.0,uM,3,False,57255,,False,True,O06:Coculture:F06:5-FU,10.17632/fypp6xhkjy.1
1081,O06,Coculture,F06,Oxa,DMSO,0.0,uM,1,True,348414,,False,True,O06:Coculture:F06:Oxa,10.17632/fypp6xhkjy.1
1082,O06,Coculture,F06,Oxa,DMSO,0.0,uM,2,True,392864,,False,True,O06:Coculture:F06:Oxa,10.17632/fypp6xhkjy.1
1083,O06,Coculture,F06,Oxa,DMSO,0.0,uM,3,True,401808,,False,True,O06:Coculture:F06:Oxa,10.17632/fypp6xhkjy.1
1084,O06,Coculture,F06,Oxa,0.5,0.5,uM,1,False,261405,,False,True,O06:Coculture:F06:Oxa,10.17632/fypp6xhkjy.1
1085,O06,Coculture,F06,Oxa,0.5,0.5,uM,2,False,392930,,False,True,O06:Coculture:F06:Oxa,10.17632/fypp6xhkjy.1
1086,O06,Coculture,F06,Oxa,0.5,0.5,uM,3,False,360038,,False,True,O06:Coculture:F06:Oxa,10.17632/fypp6xhkjy.1
1087,O06,Coculture,F06,Oxa,1.1,1.1,uM,1,False,196559,,False,True,O06:Coculture:F06:Oxa,10.17632/fypp6xhkjy.1
1088,O06,Coculture,F06,Oxa,1.1,1.1,uM,2,False,291566,,False,True,O06:Coculture:F06:Oxa,10.17632/fypp6xhkjy.1
1089,O06,Coculture,F06,Oxa,1.1,1.1,uM,3,False,242275,,False,True,O06:Coculture:F06:Oxa,10.17632/fypp6xhkjy.1
1090,O06,Coculture,F06,Oxa,2.5,2.5,uM,1,False,128189,,False,True,O06:Coculture:F06:Oxa,10.17632/fypp6xhkjy.1
1091,O06,Coculture,F06,Oxa,2.5,2.5,uM,2,False,144805,,False,True,O06:Coculture:F06:Oxa,10.17632/fypp6xhkjy.1
1092,O06,Coculture,F06,Oxa,2.5,2.5,uM,3,False,110873,,False,True,O06:Coculture:F06:Oxa,10.17632/fypp6xhkjy.1
1093,O06,Coculture,F06,Oxa,5.5,5.5,uM,1,False,56215,,False,True,O06:Coculture:F06:Oxa,10.17632/fypp6xhkjy.1
1094,O06,Coculture,F06,Oxa,5.5,5.5,uM,2,False,72566,,False,True,O06:Coculture:F06:Oxa,10.17632/fypp6xhkjy.1
1095,O06,Coculture,F06,Oxa,5.5,5.5,uM,3,False,41010,,False,True,O06:Coculture:F06:Oxa,10.17632/fypp6xhkjy.1
1096,O06,Coculture,F06,Oxa,12.2,12.2,uM,1,False,38421,,False,True,O06:Coculture:F06:Oxa,10.17632/fypp6xhkjy.1
1097,O06,Coculture,F06,Oxa,12.2,12.2,uM,2,False,35789,,False,True,O06:Coculture:F06:Oxa,10.17632/fypp6xhkjy.1
1098,O06,Coculture,F06,Oxa,12.2,12.2,uM,3,False,39814,,False,True,O06:Coculture:F06:Oxa,10.17632/fypp6xhkjy.1
1099,O06,Coculture,F06,Oxa,27.0,27.0,uM,1,False,36637,,False,True,O06:Coculture:F06:Oxa,10.17632/fypp6xhkjy.1
1100,O06,Coculture,F06,Oxa,27.0,27.0,uM,2,False,62690,,False,True,O06:Coculture:F06:Oxa,10.17632/fypp6xhkjy.1
1101,O06,Coculture,F06,Oxa,27.0,27.0,uM,3,False,61744,,False,True,O06:Coculture:F06:Oxa,10.17632/fypp6xhkjy.1
1102,O06,Coculture,F06,Oxa,60.0,60.0,uM,1,False,49077,,False,True,O06:Coculture:F06:Oxa,10.17632/fypp6xhkjy.1
1103,O06,Coculture,F06,Oxa,60.0,60.0,uM,2,False,47660,,False,True,O06:Coculture:F06:Oxa,10.17632/fypp6xhkjy.1
1104,O06,Coculture,F06,Oxa,60.0,60.0,uM,3,False,47008,,False,True,O06:Coculture:F06:Oxa,10.17632/fypp6xhkjy.1
1105,O06,Coculture,F06,SN-38,DMSO,0.0,nM,1,True,464834,,False,True,O06:Coculture:F06:SN-38,10.17632/fypp6xhkjy.1
1106,O06,Coculture,F06,SN-38,DMSO,0.0,nM,2,True,344482,,False,True,O06:Coculture:F06:SN-38,10.17632/fypp6xhkjy.1
1107,O06,Coculture,F06,SN-38,DMSO,0.0,nM,3,True,381340,,False,True,O06:Coculture:F06:SN-38,10.17632/fypp6xhkjy.1
1108,O06,Coculture,F06,SN-38,0.1,0.1,nM,1,False,383178,,False,True,O06:Coculture:F06:SN-38,10.17632/fypp6xhkjy.1
1109,O06,Coculture,F06,SN-38,0.1,0.1,nM,2,False,264388,,False,True,O06:Coculture:F06:SN-38,10.17632/fypp6xhkjy.1
1110,O06,Coculture,F06,SN-38,0.1,0.1,nM,3,False,373090,,False,True,O06:Coculture:F06:SN-38,10.17632/fypp6xhkjy.1
1111,O06,Coculture,F06,SN-38,0.2,0.2,nM,1,False,428628,,False,True,O06:Coculture:F06:SN-38,10.17632/fypp6xhkjy.1
1112,O06,Coculture,F06,SN-38,0.2,0.2,nM,2,False,250183,,False,True,O06:Coculture:F06:SN-38,10.17632/fypp6xhkjy.1
1113,O06,Coculture,F06,SN-38,0.2,0.2,nM,3,False,385391,,False,True,O06:Coculture:F06:SN-38,10.17632/fypp6xhkjy.1
1114,O06,Coculture,F06,SN-38,0.4,0.4,nM,1,False,295052,,False,True,O06:Coculture:F06:SN-38,10.17632/fypp6xhkjy.1
1115,O06,Coculture,F06,SN-38,0.4,0.4,nM,2,False,308053,,False,True,O06:Coculture:F06:SN-38,10.17632/fypp6xhkjy.1
1116,O06,Coculture,F06,SN-38,0.4,0.4,nM,3,False,397894,,False,True,O06:Coculture:F06:SN-38,10.17632/fypp6xhkjy.1
1117,O06,Coculture,F06,SN-38,0.7,0.7,nM,1,False,298403,,False,True,O06:Coculture:F06:SN-38,10.17632/fypp6xhkjy.1
1118,O06,Coculture,F06,SN-38,0.7,0.7,nM,2,False,200431,,False,True,O06:Coculture:F06:SN-38,10.17632/fypp6xhkjy.1
1119,O06,Coculture,F06,SN-38,0.7,0.7,nM,3,False,240172,,False,True,O06:Coculture:F06:SN-38,10.17632/fypp6xhkjy.1
1120,O06,Coculture,F06,SN-38,1.4,1.4,nM,1,False,128932,,False,True,O06:Coculture:F06:SN-38,10.17632/fypp6xhkjy.1
1121,O06,Coculture,F06,SN-38,1.4,1.4,nM,2,False,72976,,False,True,O06:Coculture:F06:SN-38,10.17632/fypp6xhkjy.1
1122,O06,Coculture,F06,SN-38,1.4,1.4,nM,3,False,74338,,False,True,O06:Coculture:F06:SN-38,10.17632/fypp6xhkjy.1
1123,O06,Coculture,F06,SN-38,2.6,2.6,nM,1,False,35212,,False,True,O06:Coculture:F06:SN-38,10.17632/fypp6xhkjy.1
1124,O06,Coculture,F06,SN-38,2.6,2.6,nM,2,False,43157,,False,True,O06:Coculture:F06:SN-38,10.17632/fypp6xhkjy.1
1125,O06,Coculture,F06,SN-38,2.6,2.6,nM,3,False,51108,,False,True,O06:Coculture:F06:SN-38,10.17632/fypp6xhkjy.1
1126,O06,Coculture,F06,SN-38,5.0,5.0,nM,1,False,16761,,False,True,O06:Coculture:F06:SN-38,10.17632/fypp6xhkjy.1
1127,O06,Coculture,F06,SN-38,5.0,5.0,nM,2,False,14925,,False,True,O06:Coculture:F06:SN-38,10.17632/fypp6xhkjy.1
1128,O06,Coculture,F06,SN-38,5.0,5.0,nM,3,False,15429,,False,True,O06:Coculture:F06:SN-38,10.17632/fypp6xhkjy.1
1129,O06,Coculture,F06,Gef,DMSO,0.0,uM,1,True,74929,seeding not uniform,False,False,O06:Coculture:F06:Gef,10.17632/fypp6xhkjy.1
1130,O06,Coculture,F06,Gef,DMSO,0.0,uM,2,True,310424,,False,True,O06:Coculture:F06:Gef,10.17632/fypp6xhkjy.1
1131,O06,Coculture,F06,Gef,DMSO,0.0,uM,3,True,359559,,False,True,O06:Coculture:F06:Gef,10.17632/fypp6xhkjy.1
1132,O06,Coculture,F06,Gef,0.01,0.01,uM,1,False,427597,,False,True,O06:Coculture:F06:Gef,10.17632/fypp6xhkjy.1
1133,O06,Coculture,F06,Gef,0.01,0.01,uM,2,False,347020,,False,True,O06:Coculture:F06:Gef,10.17632/fypp6xhkjy.1
1134,O06,Coculture,F06,Gef,0.01,0.01,uM,3,False,405874,,False,True,O06:Coculture:F06:Gef,10.17632/fypp6xhkjy.1
1135,O06,Coculture,F06,Gef,0.04,0.04,uM,1,False,374628,,False,True,O06:Coculture:F06:Gef,10.17632/fypp6xhkjy.1
1136,O06,Coculture,F06,Gef,0.04,0.04,uM,2,False,297548,,False,True,O06:Coculture:F06:Gef,10.17632/fypp6xhkjy.1
1137,O06,Coculture,F06,Gef,0.04,0.04,uM,3,False,278095,,False,True,O06:Coculture:F06:Gef,10.17632/fypp6xhkjy.1
1138,O06,Coculture,F06,Gef,0.1,0.1,uM,1,False,270609,,False,True,O06:Coculture:F06:Gef,10.17632/fypp6xhkjy.1
1139,O06,Coculture,F06,Gef,0.1,0.1,uM,2,False,259121,,False,True,O06:Coculture:F06:Gef,10.17632/fypp6xhkjy.1
1140,O06,Coculture,F06,Gef,0.1,0.1,uM,3,False,261702,,False,True,O06:Coculture:F06:Gef,10.17632/fypp6xhkjy.1
1141,O06,Coculture,F06,Gef,0.4,0.4,uM,1,False,103592,,False,True,O06:Coculture:F06:Gef,10.17632/fypp6xhkjy.1
1142,O06,Coculture,F06,Gef,0.4,0.4,uM,2,False,112565,,False,True,O06:Coculture:F06:Gef,10.17632/fypp6xhkjy.1
1143,O06,Coculture,F06,Gef,0.4,0.4,uM,3,False,160345,,False,True,O06:Coculture:F06:Gef,10.17632/fypp6xhkjy.1
1144,O06,Coculture,F06,Gef,1.1,1.1,uM,1,False,37524,,False,True,O06:Coculture:F06:Gef,10.17632/fypp6xhkjy.1
1145,O06,Coculture,F06,Gef,1.1,1.1,uM,2,False,44239,,False,True,O06:Coculture:F06:Gef,10.17632/fypp6xhkjy.1
1146,O06,Coculture,F06,Gef,1.1,1.1,uM,3,False,36190,,False,True,O06:Coculture:F06:Gef,10.17632/fypp6xhkjy.1
1147,O06,Coculture,F06,Gef,3.3,3.3,uM,1,False,41741,,False,True,O06:Coculture:F06:Gef,10.17632/fypp6xhkjy.1
1148,O06,Coculture,F06,Gef,3.3,3.3,uM,2,False,40850,,False,True,O06:Coculture:F06:Gef,10.17632/fypp6xhkjy.1
1149,O06,Coculture,F06,Gef,3.3,3.3,uM,3,False,45408,,False,True,O06:Coculture:F06:Gef,10.17632/fypp6xhkjy.1
1150,O06,Coculture,F06,Gef,10.0,10.0,uM,1,False,17420,,False,True,O06:Coculture:F06:Gef,10.17632/fypp6xhkjy.1
1151,O06,Coculture,F06,Gef,10.0,10.0,uM,2,False,12056,,False,True,O06:Coculture:F06:Gef,10.17632/fypp6xhkjy.1
1152,O06,Coculture,F06,Gef,10.0,10.0,uM,3,False,15656,,False,True,O06:Coculture:F06:Gef,10.17632/fypp6xhkjy.1
1153,O06,Coculture,F11,5-FU,DMSO,0.0,uM,1,True,365293,,False,True,O06:Coculture:F11:5-FU,10.17632/fypp6xhkjy.1
1154,O06,Coculture,F11,5-FU,DMSO,0.0,uM,2,True,368749,,False,True,O06:Coculture:F11:5-FU,10.17632/fypp6xhkjy.1
1155,O06,Coculture,F11,5-FU,DMSO,0.0,uM,3,True,398543,,False,True,O06:Coculture:F11:5-FU,10.17632/fypp6xhkjy.1
1156,O06,Coculture,F11,5-FU,0.5,0.5,uM,1,False,275944,,False,True,O06:Coculture:F11:5-FU,10.17632/fypp6xhkjy.1
1157,O06,Coculture,F11,5-FU,0.5,0.5,uM,2,False,301460,,False,True,O06:Coculture:F11:5-FU,10.17632/fypp6xhkjy.1
1158,O06,Coculture,F11,5-FU,0.5,0.5,uM,3,False,284205,,False,True,O06:Coculture:F11:5-FU,10.17632/fypp6xhkjy.1
1159,O06,Coculture,F11,5-FU,1.1,1.1,uM,1,False,228813,,False,True,O06:Coculture:F11:5-FU,10.17632/fypp6xhkjy.1
1160,O06,Coculture,F11,5-FU,1.1,1.1,uM,2,False,260483,,False,True,O06:Coculture:F11:5-FU,10.17632/fypp6xhkjy.1
1161,O06,Coculture,F11,5-FU,1.1,1.1,uM,3,False,284748,,False,True,O06:Coculture:F11:5-FU,10.17632/fypp6xhkjy.1
1162,O06,Coculture,F11,5-FU,2.5,2.5,uM,1,False,134840,,False,True,O06:Coculture:F11:5-FU,10.17632/fypp6xhkjy.1
1163,O06,Coculture,F11,5-FU,2.5,2.5,uM,2,False,166322,,False,True,O06:Coculture:F11:5-FU,10.17632/fypp6xhkjy.1
1164,O06,Coculture,F11,5-FU,2.5,2.5,uM,3,False,159430,,False,True,O06:Coculture:F11:5-FU,10.17632/fypp6xhkjy.1
1165,O06,Coculture,F11,5-FU,5.5,5.5,uM,1,False,117616,,False,True,O06:Coculture:F11:5-FU,10.17632/fypp6xhkjy.1
1166,O06,Coculture,F11,5-FU,5.5,5.5,uM,2,False,121405,,False,True,O06:Coculture:F11:5-FU,10.17632/fypp6xhkjy.1
1167,O06,Coculture,F11,5-FU,5.5,5.5,uM,3,False,129897,,False,True,O06:Coculture:F11:5-FU,10.17632/fypp6xhkjy.1
1168,O06,Coculture,F11,5-FU,12.2,12.2,uM,1,False,95895,,False,True,O06:Coculture:F11:5-FU,10.17632/fypp6xhkjy.1
1169,O06,Coculture,F11,5-FU,12.2,12.2,uM,2,False,86944,,False,True,O06:Coculture:F11:5-FU,10.17632/fypp6xhkjy.1
1170,O06,Coculture,F11,5-FU,12.2,12.2,uM,3,False,84417,,False,True,O06:Coculture:F11:5-FU,10.17632/fypp6xhkjy.1
1171,O06,Coculture,F11,5-FU,27.0,27.0,uM,1,False,46417,,False,True,O06:Coculture:F11:5-FU,10.17632/fypp6xhkjy.1
1172,O06,Coculture,F11,5-FU,27.0,27.0,uM,2,False,56373,,False,True,O06:Coculture:F11:5-FU,10.17632/fypp6xhkjy.1
1173,O06,Coculture,F11,5-FU,27.0,27.0,uM,3,False,52056,,False,True,O06:Coculture:F11:5-FU,10.17632/fypp6xhkjy.1
1174,O06,Coculture,F11,5-FU,60.0,60.0,uM,1,False,56633,,False,True,O06:Coculture:F11:5-FU,10.17632/fypp6xhkjy.1
1175,O06,Coculture,F11,5-FU,60.0,60.0,uM,2,False,71621,,False,True,O06:Coculture:F11:5-FU,10.17632/fypp6xhkjy.1
1176,O06,Coculture,F11,5-FU,60.0,60.0,uM,3,False,55465,,False,True,O06:Coculture:F11:5-FU,10.17632/fypp6xhkjy.1
1177,O06,Coculture,F11,Oxa,DMSO,0.0,uM,1,True,457749,,False,True,O06:Coculture:F11:Oxa,10.17632/fypp6xhkjy.1
1178,O06,Coculture,F11,Oxa,DMSO,0.0,uM,2,True,600475,,False,True,O06:Coculture:F11:Oxa,10.17632/fypp6xhkjy.1
1179,O06,Coculture,F11,Oxa,DMSO,0.0,uM,3,True,476503,,False,True,O06:Coculture:F11:Oxa,10.17632/fypp6xhkjy.1
1180,O06,Coculture,F11,Oxa,0.5,0.5,uM,1,False,268368,,False,True,O06:Coculture:F11:Oxa,10.17632/fypp6xhkjy.1
1181,O06,Coculture,F11,Oxa,0.5,0.5,uM,2,False,228955,,False,True,O06:Coculture:F11:Oxa,10.17632/fypp6xhkjy.1
1182,O06,Coculture,F11,Oxa,0.5,0.5,uM,3,False,282438,,False,True,O06:Coculture:F11:Oxa,10.17632/fypp6xhkjy.1
1183,O06,Coculture,F11,Oxa,1.1,1.1,uM,1,False,279183,,False,True,O06:Coculture:F11:Oxa,10.17632/fypp6xhkjy.1
1184,O06,Coculture,F11,Oxa,1.1,1.1,uM,2,False,260226,,False,True,O06:Coculture:F11:Oxa,10.17632/fypp6xhkjy.1
1185,O06,Coculture,F11,Oxa,1.1,1.1,uM,3,False,247725,,False,True,O06:Coculture:F11:Oxa,10.17632/fypp6xhkjy.1
1186,O06,Coculture,F11,Oxa,2.5,2.5,uM,1,False,141148,,False,True,O06:Coculture:F11:Oxa,10.17632/fypp6xhkjy.1
1187,O06,Coculture,F11,Oxa,2.5,2.5,uM,2,False,117865,,False,True,O06:Coculture:F11:Oxa,10.17632/fypp6xhkjy.1
1188,O06,Coculture,F11,Oxa,2.5,2.5,uM,3,False,104760,,False,True,O06:Coculture:F11:Oxa,10.17632/fypp6xhkjy.1
1189,O06,Coculture,F11,Oxa,5.5,5.5,uM,1,False,75725,,False,True,O06:Coculture:F11:Oxa,10.17632/fypp6xhkjy.1
1190,O06,Coculture,F11,Oxa,5.5,5.5,uM,2,False,61572,,False,True,O06:Coculture:F11:Oxa,10.17632/fypp6xhkjy.1
1191,O06,Coculture,F11,Oxa,5.5,5.5,uM,3,False,64870,,False,True,O06:Coculture:F11:Oxa,10.17632/fypp6xhkjy.1
1192,O06,Coculture,F11,Oxa,12.2,12.2,uM,1,False,36273,,False,True,O06:Coculture:F11:Oxa,10.17632/fypp6xhkjy.1
1193,O06,Coculture,F11,Oxa,12.2,12.2,uM,2,False,44732,,False,True,O06:Coculture:F11:Oxa,10.17632/fypp6xhkjy.1
1194,O06,Coculture,F11,Oxa,12.2,12.2,uM,3,False,49776,,False,True,O06:Coculture:F11:Oxa,10.17632/fypp6xhkjy.1
1195,O06,Coculture,F11,Oxa,27.0,27.0,uM,1,False,34772,,False,True,O06:Coculture:F11:Oxa,10.17632/fypp6xhkjy.1
1196,O06,Coculture,F11,Oxa,27.0,27.0,uM,2,False,39272,,False,True,O06:Coculture:F11:Oxa,10.17632/fypp6xhkjy.1
1197,O06,Coculture,F11,Oxa,27.0,27.0,uM,3,False,19080,,False,True,O06:Coculture:F11:Oxa,10.17632/fypp6xhkjy.1
1198,O06,Coculture,F11,Oxa,60.0,60.0,uM,1,False,38110,,False,True,O06:Coculture:F11:Oxa,10.17632/fypp6xhkjy.1
1199,O06,Coculture,F11,Oxa,60.0,60.0,uM,2,False,42329,,False,True,O06:Coculture:F11:Oxa,10.17632/fypp6xhkjy.1
1200,O06,Coculture,F11,Oxa,60.0,60.0,uM,3,False,41220,,False,True,O06:Coculture:F11:Oxa,10.17632/fypp6xhkjy.1
1201,O06,Coculture,F11,SN-38,DMSO,0.0,nM,1,True,547842,,False,True,O06:Coculture:F11:SN-38,10.17632/fypp6xhkjy.1
1202,O06,Coculture,F11,SN-38,DMSO,0.0,nM,2,True,565702,,False,True,O06:Coculture:F11:SN-38,10.17632/fypp6xhkjy.1
1203,O06,Coculture,F11,SN-38,DMSO,0.0,nM,3,True,364000,,False,True,O06:Coculture:F11:SN-38,10.17632/fypp6xhkjy.1
1204,O06,Coculture,F11,SN-38,0.1,0.1,nM,1,False,305759,,False,True,O06:Coculture:F11:SN-38,10.17632/fypp6xhkjy.1
1205,O06,Coculture,F11,SN-38,0.1,0.1,nM,2,False,324553,,False,True,O06:Coculture:F11:SN-38,10.17632/fypp6xhkjy.1
1206,O06,Coculture,F11,SN-38,0.1,0.1,nM,3,False,234411,,False,True,O06:Coculture:F11:SN-38,10.17632/fypp6xhkjy.1
1207,O06,Coculture,F11,SN-38,0.2,0.2,nM,1,False,273464,,False,True,O06:Coculture:F11:SN-38,10.17632/fypp6xhkjy.1
1208,O06,Coculture,F11,SN-38,0.2,0.2,nM,2,False,298602,,False,True,O06:Coculture:F11:SN-38,10.17632/fypp6xhkjy.1
1209,O06,Coculture,F11,SN-38,0.2,0.2,nM,3,False,307872,,False,True,O06:Coculture:F11:SN-38,10.17632/fypp6xhkjy.1
1210,O06,Coculture,F11,SN-38,0.4,0.4,nM,1,False,265703,,False,True,O06:Coculture:F11:SN-38,10.17632/fypp6xhkjy.1
1211,O06,Coculture,F11,SN-38,0.4,0.4,nM,2,False,353396,,False,True,O06:Coculture:F11:SN-38,10.17632/fypp6xhkjy.1
1212,O06,Coculture,F11,SN-38,0.4,0.4,nM,3,False,388989,,False,True,O06:Coculture:F11:SN-38,10.17632/fypp6xhkjy.1
1213,O06,Coculture,F11,SN-38,0.7,0.7,nM,1,False,1232,cells lost,False,False,O06:Coculture:F11:SN-38,10.17632/fypp6xhkjy.1
1214,O06,Coculture,F11,SN-38,0.7,0.7,nM,2,False,237782,,False,True,O06:Coculture:F11:SN-38,10.17632/fypp6xhkjy.1
1215,O06,Coculture,F11,SN-38,0.7,0.7,nM,3,False,308259,,False,True,O06:Coculture:F11:SN-38,10.17632/fypp6xhkjy.1
1216,O06,Coculture,F11,SN-38,1.4,1.4,nM,1,False,140363,,False,True,O06:Coculture:F11:SN-38,10.17632/fypp6xhkjy.1
1217,O06,Coculture,F11,SN-38,1.4,1.4,nM,2,False,151783,,False,True,O06:Coculture:F11:SN-38,10.17632/fypp6xhkjy.1
1218,O06,Coculture,F11,SN-38,1.4,1.4,nM,3,False,127754,,False,True,O06:Coculture:F11:SN-38,10.17632/fypp6xhkjy.1
1219,O06,Coculture,F11,SN-38,2.6,2.6,nM,1,False,33003,,False,True,O06:Coculture:F11:SN-38,10.17632/fypp6xhkjy.1
1220,O06,Coculture,F11,SN-38,2.6,2.6,nM,2,False,40972,,False,True,O06:Coculture:F11:SN-38,10.17632/fypp6xhkjy.1
1221,O06,Coculture,F11,SN-38,2.6,2.6,nM,3,False,42454,,False,True,O06:Coculture:F11:SN-38,10.17632/fypp6xhkjy.1
1222,O06,Coculture,F11,SN-38,5.0,5.0,nM,1,False,15396,,False,True,O06:Coculture:F11:SN-38,10.17632/fypp6xhkjy.1
1223,O06,Coculture,F11,SN-38,5.0,5.0,nM,2,False,17375,,False,True,O06:Coculture:F11:SN-38,10.17632/fypp6xhkjy.1
1224,O06,Coculture,F11,SN-38,5.0,5.0,nM,3,False,13969,,False,True,O06:Coculture:F11:SN-38,10.17632/fypp6xhkjy.1
1225,O06,Coculture,F11,Gef,DMSO,0.0,uM,1,True,384218,,False,True,O06:Coculture:F11:Gef,10.17632/fypp6xhkjy.1
1226,O06,Coculture,F11,Gef,DMSO,0.0,uM,2,True,350556,,False,True,O06:Coculture:F11:Gef,10.17632/fypp6xhkjy.1
1227,O06,Coculture,F11,Gef,DMSO,0.0,uM,3,True,260451,,False,True,O06:Coculture:F11:Gef,10.17632/fypp6xhkjy.1
1228,O06,Coculture,F11,Gef,0.01,0.01,uM,1,False,342427,,False,True,O06:Coculture:F11:Gef,10.17632/fypp6xhkjy.1
1229,O06,Coculture,F11,Gef,0.01,0.01,uM,2,False,432139,,False,True,O06:Coculture:F11:Gef,10.17632/fypp6xhkjy.1
1230,O06,Coculture,F11,Gef,0.01,0.01,uM,3,False,65470,cells lost,False,False,O06:Coculture:F11:Gef,10.17632/fypp6xhkjy.1
1231,O06,Coculture,F11,Gef,0.04,0.04,uM,1,False,346028,,False,True,O06:Coculture:F11:Gef,10.17632/fypp6xhkjy.1
1232,O06,Coculture,F11,Gef,0.04,0.04,uM,2,False,366578,,False,True,O06:Coculture:F11:Gef,10.17632/fypp6xhkjy.1
1233,O06,Coculture,F11,Gef,0.04,0.04,uM,3,False,333781,,False,True,O06:Coculture:F11:Gef,10.17632/fypp6xhkjy.1
1234,O06,Coculture,F11,Gef,0.1,0.1,uM,1,False,353785,,False,True,O06:Coculture:F11:Gef,10.17632/fypp6xhkjy.1
1235,O06,Coculture,F11,Gef,0.1,0.1,uM,2,False,258913,,False,True,O06:Coculture:F11:Gef,10.17632/fypp6xhkjy.1
1236,O06,Coculture,F11,Gef,0.1,0.1,uM,3,False,365995,,False,True,O06:Coculture:F11:Gef,10.17632/fypp6xhkjy.1
1237,O06,Coculture,F11,Gef,0.4,0.4,uM,1,False,111317,,False,True,O06:Coculture:F11:Gef,10.17632/fypp6xhkjy.1
1238,O06,Coculture,F11,Gef,0.4,0.4,uM,2,False,122363,,False,True,O06:Coculture:F11:Gef,10.17632/fypp6xhkjy.1
1239,O06,Coculture,F11,Gef,0.4,0.4,uM,3,False,126777,,False,True,O06:Coculture:F11:Gef,10.17632/fypp6xhkjy.1
1240,O06,Coculture,F11,Gef,1.1,1.1,uM,1,False,49034,,False,True,O06:Coculture:F11:Gef,10.17632/fypp6xhkjy.1
1241,O06,Coculture,F11,Gef,1.1,1.1,uM,2,False,42645,,False,True,O06:Coculture:F11:Gef,10.17632/fypp6xhkjy.1
1242,O06,Coculture,F11,Gef,1.1,1.1,uM,3,False,40087,,False,True,O06:Coculture:F11:Gef,10.17632/fypp6xhkjy.1
1243,O06,Coculture,F11,Gef,3.3,3.3,uM,1,False,37663,,False,True,O06:Coculture:F11:Gef,10.17632/fypp6xhkjy.1
1244,O06,Coculture,F11,Gef,3.3,3.3,uM,2,False,21568,,False,True,O06:Coculture:F11:Gef,10.17632/fypp6xhkjy.1
1245,O06,Coculture,F11,Gef,3.3,3.3,uM,3,False,41873,,False,True,O06:Coculture:F11:Gef,10.17632/fypp6xhkjy.1
1246,O06,Coculture,F11,Gef,10.0,10.0,uM,1,False,22776,,False,True,O06:Coculture:F11:Gef,10.17632/fypp6xhkjy.1
1247,O06,Coculture,F11,Gef,10.0,10.0,uM,2,False,16806,,False,True,O06:Coculture:F11:Gef,10.17632/fypp6xhkjy.1
1248,O06,Coculture,F11,Gef,10.0,10.0,uM,3,False,11029,,False,True,O06:Coculture:F11:Gef,10.17632/fypp6xhkjy.1
1249,O06,Coculture,F14,5-FU,DMSO,0.0,uM,1,True,33853,seeding not uniform,False,False,O06:Coculture:F14:5-FU,10.17632/fypp6xhkjy.1
1250,O06,Coculture,F14,5-FU,DMSO,0.0,uM,2,True,65866,seeding not uniform,False,False,O06:Coculture:F14:5-FU,10.17632/fypp6xhkjy.1
1251,O06,Coculture,F14,5-FU,DMSO,0.0,uM,3,True,87179,seeding not uniform,False,False,O06:Coculture:F14:5-FU,10.17632/fypp6xhkjy.1
1252,O06,Coculture,F14,5-FU,0.5,0.5,uM,1,False,50644,cells lost,False,False,O06:Coculture:F14:5-FU,10.17632/fypp6xhkjy.1
1253,O06,Coculture,F14,5-FU,0.5,0.5,uM,2,False,79981,cells lost,False,False,O06:Coculture:F14:5-FU,10.17632/fypp6xhkjy.1
1254,O06,Coculture,F14,5-FU,0.5,0.5,uM,3,False,76998,cells lost,False,False,O06:Coculture:F14:5-FU,10.17632/fypp6xhkjy.1
1255,O06,Coculture,F14,5-FU,1.1,1.1,uM,1,False,90793,,False,True,O06:Coculture:F14:5-FU,10.17632/fypp6xhkjy.1
1256,O06,Coculture,F14,5-FU,1.1,1.1,uM,2,False,105675,,False,True,O06:Coculture:F14:5-FU,10.17632/fypp6xhkjy.1
1257,O06,Coculture,F14,5-FU,1.1,1.1,uM,3,False,104826,,False,True,O06:Coculture:F14:5-FU,10.17632/fypp6xhkjy.1
1258,O06,Coculture,F14,5-FU,2.5,2.5,uM,1,False,90820,,False,True,O06:Coculture:F14:5-FU,10.17632/fypp6xhkjy.1
1259,O06,Coculture,F14,5-FU,2.5,2.5,uM,2,False,99042,,False,True,O06:Coculture:F14:5-FU,10.17632/fypp6xhkjy.1
1260,O06,Coculture,F14,5-FU,2.5,2.5,uM,3,False,103652,,False,True,O06:Coculture:F14:5-FU,10.17632/fypp6xhkjy.1
1261,O06,Coculture,F14,5-FU,5.5,5.5,uM,1,False,79291,,False,True,O06:Coculture:F14:5-FU,10.17632/fypp6xhkjy.1
1262,O06,Coculture,F14,5-FU,5.5,5.5,uM,2,False,75352,,False,True,O06:Coculture:F14:5-FU,10.17632/fypp6xhkjy.1
1263,O06,Coculture,F14,5-FU,5.5,5.5,uM,3,False,76412,,False,True,O06:Coculture:F14:5-FU,10.17632/fypp6xhkjy.1
1264,O06,Coculture,F14,5-FU,12.2,12.2,uM,1,False,43487,,False,True,O06:Coculture:F14:5-FU,10.17632/fypp6xhkjy.1
1265,O06,Coculture,F14,5-FU,12.2,12.2,uM,2,False,45826,,False,True,O06:Coculture:F14:5-FU,10.17632/fypp6xhkjy.1
1266,O06,Coculture,F14,5-FU,12.2,12.2,uM,3,False,54638,,False,True,O06:Coculture:F14:5-FU,10.17632/fypp6xhkjy.1
1267,O06,Coculture,F14,5-FU,27.0,27.0,uM,1,False,33164,,False,True,O06:Coculture:F14:5-FU,10.17632/fypp6xhkjy.1
1268,O06,Coculture,F14,5-FU,27.0,27.0,uM,2,False,39113,,False,True,O06:Coculture:F14:5-FU,10.17632/fypp6xhkjy.1
1269,O06,Coculture,F14,5-FU,27.0,27.0,uM,3,False,38533,,False,True,O06:Coculture:F14:5-FU,10.17632/fypp6xhkjy.1
1270,O06,Coculture,F14,5-FU,60.0,60.0,uM,1,False,46756,,False,True,O06:Coculture:F14:5-FU,10.17632/fypp6xhkjy.1
1271,O06,Coculture,F14,5-FU,60.0,60.0,uM,2,False,41638,,False,True,O06:Coculture:F14:5-FU,10.17632/fypp6xhkjy.1
1272,O06,Coculture,F14,5-FU,60.0,60.0,uM,3,False,39651,,False,True,O06:Coculture:F14:5-FU,10.17632/fypp6xhkjy.1
1273,O06,Coculture,F14,Oxa,DMSO,0.0,uM,1,True,53538,seeding not uniform,False,False,O06:Coculture:F14:Oxa,10.17632/fypp6xhkjy.1
1274,O06,Coculture,F14,Oxa,DMSO,0.0,uM,2,True,30085,seeding not uniform,False,False,O06:Coculture:F14:Oxa,10.17632/fypp6xhkjy.1
1275,O06,Coculture,F14,Oxa,DMSO,0.0,uM,3,True,55293,seeding not uniform,False,False,O06:Coculture:F14:Oxa,10.17632/fypp6xhkjy.1
1276,O06,Coculture,F14,Oxa,0.5,0.5,uM,1,False,53494,cells lost,False,False,O06:Coculture:F14:Oxa,10.17632/fypp6xhkjy.1
1277,O06,Coculture,F14,Oxa,0.5,0.5,uM,2,False,56937,cells lost,False,False,O06:Coculture:F14:Oxa,10.17632/fypp6xhkjy.1
1278,O06,Coculture,F14,Oxa,0.5,0.5,uM,3,False,61262,cells lost,False,False,O06:Coculture:F14:Oxa,10.17632/fypp6xhkjy.1
1279,O06,Coculture,F14,Oxa,1.1,1.1,uM,1,False,97063,,False,True,O06:Coculture:F14:Oxa,10.17632/fypp6xhkjy.1
1280,O06,Coculture,F14,Oxa,1.1,1.1,uM,2,False,111942,,False,True,O06:Coculture:F14:Oxa,10.17632/fypp6xhkjy.1
1281,O06,Coculture,F14,Oxa,1.1,1.1,uM,3,False,93560,,False,True,O06:Coculture:F14:Oxa,10.17632/fypp6xhkjy.1
1282,O06,Coculture,F14,Oxa,2.5,2.5,uM,1,False,83805,,False,True,O06:Coculture:F14:Oxa,10.17632/fypp6xhkjy.1
1283,O06,Coculture,F14,Oxa,2.5,2.5,uM,2,False,136707,,False,True,O06:Coculture:F14:Oxa,10.17632/fypp6xhkjy.1
1284,O06,Coculture,F14,Oxa,2.5,2.5,uM,3,False,123681,,False,True,O06:Coculture:F14:Oxa,10.17632/fypp6xhkjy.1
1285,O06,Coculture,F14,Oxa,5.5,5.5,uM,1,False,43125,,False,True,O06:Coculture:F14:Oxa,10.17632/fypp6xhkjy.1
1286,O06,Coculture,F14,Oxa,5.5,5.5,uM,2,False,81750,,False,True,O06:Coculture:F14:Oxa,10.17632/fypp6xhkjy.1
1287,O06,Coculture,F14,Oxa,5.5,5.5,uM,3,False,83757,,False,True,O06:Coculture:F14:Oxa,10.17632/fypp6xhkjy.1
1288,O06,Coculture,F14,Oxa,12.2,12.2,uM,1,False,30288,,False,True,O06:Coculture:F14:Oxa,10.17632/fypp6xhkjy.1
1289,O06,Coculture,F14,Oxa,12.2,12.2,uM,2,False,53824,,False,True,O06:Coculture:F14:Oxa,10.17632/fypp6xhkjy.1
1290,O06,Coculture,F14,Oxa,12.2,12.2,uM,3,False,66489,,False,True,O06:Coculture:F14:Oxa,10.17632/fypp6xhkjy.1
1291,O06,Coculture,F14,Oxa,27.0,27.0,uM,1,False,86749,,False,True,O06:Coculture:F14:Oxa,10.17632/fypp6xhkjy.1
1292,O06,Coculture,F14,Oxa,27.0,27.0,uM,2,False,50083,,False,True,O06:Coculture:F14:Oxa,10.17632/fypp6xhkjy.1
1293,O06,Coculture,F14,Oxa,27.0,27.0,uM,3,False,41737,,False,True,O06:Coculture:F14:Oxa,10.17632/fypp6xhkjy.1
1294,O06,Coculture,F14,Oxa,60.0,60.0,uM,1,False,38318,,False,True,O06:Coculture:F14:Oxa,10.17632/fypp6xhkjy.1
1295,O06,Coculture,F14,Oxa,60.0,60.0,uM,2,False,43187,,False,True,O06:Coculture:F14:Oxa,10.17632/fypp6xhkjy.1
1296,O06,Coculture,F14,Oxa,60.0,60.0,uM,3,False,105143,,False,True,O06:Coculture:F14:Oxa,10.17632/fypp6xhkjy.1
1297,O06,Coculture,F14,SN-38,DMSO,0.0,nM,1,True,35647,seeding not uniform,False,False,O06:Coculture:F14:SN-38,10.17632/fypp6xhkjy.1
1298,O06,Coculture,F14,SN-38,DMSO,0.0,nM,2,True,12115,seeding not uniform,False,False,O06:Coculture:F14:SN-38,10.17632/fypp6xhkjy.1
1299,O06,Coculture,F14,SN-38,DMSO,0.0,nM,3,True,118293,seeding not uniform,False,False,O06:Coculture:F14:SN-38,10.17632/fypp6xhkjy.1
1300,O06,Coculture,F14,SN-38,0.1,0.1,nM,1,False,68803,cells lost,False,False,O06:Coculture:F14:SN-38,10.17632/fypp6xhkjy.1
1301,O06,Coculture,F14,SN-38,0.1,0.1,nM,2,False,29565,cells lost,False,False,O06:Coculture:F14:SN-38,10.17632/fypp6xhkjy.1
1302,O06,Coculture,F14,SN-38,0.1,0.1,nM,3,False,151379,cells lost,False,False,O06:Coculture:F14:SN-38,10.17632/fypp6xhkjy.1
1303,O06,Coculture,F14,SN-38,0.2,0.2,nM,1,False,138250,,False,True,O06:Coculture:F14:SN-38,10.17632/fypp6xhkjy.1
1304,O06,Coculture,F14,SN-38,0.2,0.2,nM,2,False,66572,,False,True,O06:Coculture:F14:SN-38,10.17632/fypp6xhkjy.1
1305,O06,Coculture,F14,SN-38,0.2,0.2,nM,3,False,135848,,False,True,O06:Coculture:F14:SN-38,10.17632/fypp6xhkjy.1
1306,O06,Coculture,F14,SN-38,0.4,0.4,nM,1,False,228523,,False,True,O06:Coculture:F14:SN-38,10.17632/fypp6xhkjy.1
1307,O06,Coculture,F14,SN-38,0.4,0.4,nM,2,False,124159,,False,True,O06:Coculture:F14:SN-38,10.17632/fypp6xhkjy.1
1308,O06,Coculture,F14,SN-38,0.4,0.4,nM,3,False,100594,,False,True,O06:Coculture:F14:SN-38,10.17632/fypp6xhkjy.1
1309,O06,Coculture,F14,SN-38,0.7,0.7,nM,1,False,148014,,False,True,O06:Coculture:F14:SN-38,10.17632/fypp6xhkjy.1
1310,O06,Coculture,F14,SN-38,0.7,0.7,nM,2,False,118252,,False,True,O06:Coculture:F14:SN-38,10.17632/fypp6xhkjy.1
1311,O06,Coculture,F14,SN-38,0.7,0.7,nM,3,False,73157,,False,True,O06:Coculture:F14:SN-38,10.17632/fypp6xhkjy.1
1312,O06,Coculture,F14,SN-38,1.4,1.4,nM,1,False,105304,,False,True,O06:Coculture:F14:SN-38,10.17632/fypp6xhkjy.1
1313,O06,Coculture,F14,SN-38,1.4,1.4,nM,2,False,84580,,False,True,O06:Coculture:F14:SN-38,10.17632/fypp6xhkjy.1
1314,O06,Coculture,F14,SN-38,1.4,1.4,nM,3,False,56737,,False,True,O06:Coculture:F14:SN-38,10.17632/fypp6xhkjy.1
1315,O06,Coculture,F14,SN-38,2.6,2.6,nM,1,False,37345,,False,True,O06:Coculture:F14:SN-38,10.17632/fypp6xhkjy.1
1316,O06,Coculture,F14,SN-38,2.6,2.6,nM,2,False,33986,,False,True,O06:Coculture:F14:SN-38,10.17632/fypp6xhkjy.1
1317,O06,Coculture,F14,SN-38,2.6,2.6,nM,3,False,23642,,False,True,O06:Coculture:F14:SN-38,10.17632/fypp6xhkjy.1
1318,O06,Coculture,F14,SN-38,5.0,5.0,nM,1,False,19627,,False,True,O06:Coculture:F14:SN-38,10.17632/fypp6xhkjy.1
1319,O06,Coculture,F14,SN-38,5.0,5.0,nM,2,False,14233,,False,True,O06:Coculture:F14:SN-38,10.17632/fypp6xhkjy.1
1320,O06,Coculture,F14,SN-38,5.0,5.0,nM,3,False,7245,,False,True,O06:Coculture:F14:SN-38,10.17632/fypp6xhkjy.1
1321,O06,Coculture,F14,Gef,DMSO,0.0,uM,1,True,281890,,False,True,O06:Coculture:F14:Gef,10.17632/fypp6xhkjy.1
1322,O06,Coculture,F14,Gef,DMSO,0.0,uM,2,True,267890,,False,True,O06:Coculture:F14:Gef,10.17632/fypp6xhkjy.1
1323,O06,Coculture,F14,Gef,DMSO,0.0,uM,3,True,250997,,False,True,O06:Coculture:F14:Gef,10.17632/fypp6xhkjy.1
1324,O06,Coculture,F14,Gef,0.01,0.01,uM,1,False,249155,,False,True,O06:Coculture:F14:Gef,10.17632/fypp6xhkjy.1
1325,O06,Coculture,F14,Gef,0.01,0.01,uM,2,False,291796,,False,True,O06:Coculture:F14:Gef,10.17632/fypp6xhkjy.1
1326,O06,Coculture,F14,Gef,0.01,0.01,uM,3,False,311620,,False,True,O06:Coculture:F14:Gef,10.17632/fypp6xhkjy.1
1327,O06,Coculture,F14,Gef,0.04,0.04,uM,1,False,265653,,False,True,O06:Coculture:F14:Gef,10.17632/fypp6xhkjy.1
1328,O06,Coculture,F14,Gef,0.04,0.04,uM,2,False,313395,,False,True,O06:Coculture:F14:Gef,10.17632/fypp6xhkjy.1
1329,O06,Coculture,F14,Gef,0.04,0.04,uM,3,False,320835,,False,True,O06:Coculture:F14:Gef,10.17632/fypp6xhkjy.1
1330,O06,Coculture,F14,Gef,0.1,0.1,uM,1,False,253940,,False,True,O06:Coculture:F14:Gef,10.17632/fypp6xhkjy.1
1331,O06,Coculture,F14,Gef,0.1,0.1,uM,2,False,279574,,False,True,O06:Coculture:F14:Gef,10.17632/fypp6xhkjy.1
1332,O06,Coculture,F14,Gef,0.1,0.1,uM,3,False,246773,,False,True,O06:Coculture:F14:Gef,10.17632/fypp6xhkjy.1
1333,O06,Coculture,F14,Gef,0.4,0.4,uM,1,False,165981,,False,True,O06:Coculture:F14:Gef,10.17632/fypp6xhkjy.1
1334,O06,Coculture,F14,Gef,0.4,0.4,uM,2,False,164238,,False,True,O06:Coculture:F14:Gef,10.17632/fypp6xhkjy.1
1335,O06,Coculture,F14,Gef,0.4,0.4,uM,3,False,119606,,False,True,O06:Coculture:F14:Gef,10.17632/fypp6xhkjy.1
1336,O06,Coculture,F14,Gef,1.1,1.1,uM,1,False,98197,,False,True,O06:Coculture:F14:Gef,10.17632/fypp6xhkjy.1
1337,O06,Coculture,F14,Gef,1.1,1.1,uM,2,False,94760,,False,True,O06:Coculture:F14:Gef,10.17632/fypp6xhkjy.1
1338,O06,Coculture,F14,Gef,1.1,1.1,uM,3,False,86212,,False,True,O06:Coculture:F14:Gef,10.17632/fypp6xhkjy.1
1339,O06,Coculture,F14,Gef,3.3,3.3,uM,1,False,53438,,False,True,O06:Coculture:F14:Gef,10.17632/fypp6xhkjy.1
1340,O06,Coculture,F14,Gef,3.3,3.3,uM,2,False,52091,,False,True,O06:Coculture:F14:Gef,10.17632/fypp6xhkjy.1
1341,O06,Coculture,F14,Gef,3.3,3.3,uM,3,False,50927,,False,True,O06:Coculture:F14:Gef,10.17632/fypp6xhkjy.1
1342,O06,Coculture,F14,Gef,10.0,10.0,uM,1,False,7452,,False,True,O06:Coculture:F14:Gef,10.17632/fypp6xhkjy.1
1343,O06,Coculture,F14,Gef,10.0,10.0,uM,2,False,2975,,False,True,O06:Coculture:F14:Gef,10.17632/fypp6xhkjy.1
1344,O06,Coculture,F14,Gef,10.0,10.0,uM,3,False,1738,,False,True,O06:Coculture:F14:Gef,10.17632/fypp6xhkjy.1
1345,O06,Coculture,F17,5-FU,DMSO,0.0,uM,1,True,51073,seeding not uniform,False,False,O06:Coculture:F17:5-FU,10.17632/fypp6xhkjy.1
1346,O06,Coculture,F17,5-FU,DMSO,0.0,uM,2,True,191310,,False,True,O06:Coculture:F17:5-FU,10.17632/fypp6xhkjy.1
1347,O06,Coculture,F17,5-FU,DMSO,0.0,uM,3,True,188042,,False,True,O06:Coculture:F17:5-FU,10.17632/fypp6xhkjy.1
1348,O06,Coculture,F17,5-FU,0.5,0.5,uM,1,False,90569,,False,True,O06:Coculture:F17:5-FU,10.17632/fypp6xhkjy.1
1349,O06,Coculture,F17,5-FU,0.5,0.5,uM,2,False,141804,,False,True,O06:Coculture:F17:5-FU,10.17632/fypp6xhkjy.1
1350,O06,Coculture,F17,5-FU,0.5,0.5,uM,3,False,189857,,False,True,O06:Coculture:F17:5-FU,10.17632/fypp6xhkjy.1
1351,O06,Coculture,F17,5-FU,1.1,1.1,uM,1,False,115052,,False,True,O06:Coculture:F17:5-FU,10.17632/fypp6xhkjy.1
1352,O06,Coculture,F17,5-FU,1.1,1.1,uM,2,False,193382,,False,True,O06:Coculture:F17:5-FU,10.17632/fypp6xhkjy.1
1353,O06,Coculture,F17,5-FU,1.1,1.1,uM,3,False,189438,,False,True,O06:Coculture:F17:5-FU,10.17632/fypp6xhkjy.1
1354,O06,Coculture,F17,5-FU,2.5,2.5,uM,1,False,55002,,False,True,O06:Coculture:F17:5-FU,10.17632/fypp6xhkjy.1
1355,O06,Coculture,F17,5-FU,2.5,2.5,uM,2,False,114752,,False,True,O06:Coculture:F17:5-FU,10.17632/fypp6xhkjy.1
1356,O06,Coculture,F17,5-FU,2.5,2.5,uM,3,False,114839,,False,True,O06:Coculture:F17:5-FU,10.17632/fypp6xhkjy.1
1357,O06,Coculture,F17,5-FU,5.5,5.5,uM,1,False,51070,,False,True,O06:Coculture:F17:5-FU,10.17632/fypp6xhkjy.1
1358,O06,Coculture,F17,5-FU,5.5,5.5,uM,2,False,76768,,False,True,O06:Coculture:F17:5-FU,10.17632/fypp6xhkjy.1
1359,O06,Coculture,F17,5-FU,5.5,5.5,uM,3,False,83779,,False,True,O06:Coculture:F17:5-FU,10.17632/fypp6xhkjy.1
1360,O06,Coculture,F17,5-FU,12.2,12.2,uM,1,False,48161,,False,True,O06:Coculture:F17:5-FU,10.17632/fypp6xhkjy.1
1361,O06,Coculture,F17,5-FU,12.2,12.2,uM,2,False,53290,,False,True,O06:Coculture:F17:5-FU,10.17632/fypp6xhkjy.1
1362,O06,Coculture,F17,5-FU,12.2,12.2,uM,3,False,48695,,False,True,O06:Coculture:F17:5-FU,10.17632/fypp6xhkjy.1
1363,O06,Coculture,F17,5-FU,27.0,27.0,uM,1,False,28413,,False,True,O06:Coculture:F17:5-FU,10.17632/fypp6xhkjy.1
1364,O06,Coculture,F17,5-FU,27.0,27.0,uM,2,False,36117,,False,True,O06:Coculture:F17:5-FU,10.17632/fypp6xhkjy.1
1365,O06,Coculture,F17,5-FU,27.0,27.0,uM,3,False,36346,,False,True,O06:Coculture:F17:5-FU,10.17632/fypp6xhkjy.1
1366,O06,Coculture,F17,5-FU,60.0,60.0,uM,1,False,25619,,False,True,O06:Coculture:F17:5-FU,10.17632/fypp6xhkjy.1
1367,O06,Coculture,F17,5-FU,60.0,60.0,uM,2,False,36022,,False,True,O06:Coculture:F17:5-FU,10.17632/fypp6xhkjy.1
1368,O06,Coculture,F17,5-FU,60.0,60.0,uM,3,False,46872,,False,True,O06:Coculture:F17:5-FU,10.17632/fypp6xhkjy.1
1369,O06,Coculture,F17,Oxa,DMSO,0.0,uM,1,True,241672,,False,True,O06:Coculture:F17:Oxa,10.17632/fypp6xhkjy.1
1370,O06,Coculture,F17,Oxa,DMSO,0.0,uM,2,True,259636,,False,True,O06:Coculture:F17:Oxa,10.17632/fypp6xhkjy.1
1371,O06,Coculture,F17,Oxa,DMSO,0.0,uM,3,True,404058,,False,True,O06:Coculture:F17:Oxa,10.17632/fypp6xhkjy.1
1372,O06,Coculture,F17,Oxa,0.5,0.5,uM,1,False,164412,,False,True,O06:Coculture:F17:Oxa,10.17632/fypp6xhkjy.1
1373,O06,Coculture,F17,Oxa,0.5,0.5,uM,2,False,191710,,False,True,O06:Coculture:F17:Oxa,10.17632/fypp6xhkjy.1
1374,O06,Coculture,F17,Oxa,0.5,0.5,uM,3,False,198052,,False,True,O06:Coculture:F17:Oxa,10.17632/fypp6xhkjy.1
1375,O06,Coculture,F17,Oxa,1.1,1.1,uM,1,False,253032,,False,True,O06:Coculture:F17:Oxa,10.17632/fypp6xhkjy.1
1376,O06,Coculture,F17,Oxa,1.1,1.1,uM,2,False,200287,,False,True,O06:Coculture:F17:Oxa,10.17632/fypp6xhkjy.1
1377,O06,Coculture,F17,Oxa,1.1,1.1,uM,3,False,203231,,False,True,O06:Coculture:F17:Oxa,10.17632/fypp6xhkjy.1
1378,O06,Coculture,F17,Oxa,2.5,2.5,uM,1,False,105140,,False,True,O06:Coculture:F17:Oxa,10.17632/fypp6xhkjy.1
1379,O06,Coculture,F17,Oxa,2.5,2.5,uM,2,False,97900,,False,True,O06:Coculture:F17:Oxa,10.17632/fypp6xhkjy.1
1380,O06,Coculture,F17,Oxa,2.5,2.5,uM,3,False,93140,,False,True,O06:Coculture:F17:Oxa,10.17632/fypp6xhkjy.1
1381,O06,Coculture,F17,Oxa,5.5,5.5,uM,1,False,49879,,False,True,O06:Coculture:F17:Oxa,10.17632/fypp6xhkjy.1
1382,O06,Coculture,F17,Oxa,5.5,5.5,uM,2,False,51892,,False,True,O06:Coculture:F17:Oxa,10.17632/fypp6xhkjy.1
1383,O06,Coculture,F17,Oxa,5.5,5.5,uM,3,False,56557,,False,True,O06:Coculture:F17:Oxa,10.17632/fypp6xhkjy.1
1384,O06,Coculture,F17,Oxa,12.2,12.2,uM,1,False,28331,,False,True,O06:Coculture:F17:Oxa,10.17632/fypp6xhkjy.1
1385,O06,Coculture,F17,Oxa,12.2,12.2,uM,2,False,32925,,False,True,O06:Coculture:F17:Oxa,10.17632/fypp6xhkjy.1
1386,O06,Coculture,F17,Oxa,12.2,12.2,uM,3,False,2191,,False,True,O06:Coculture:F17:Oxa,10.17632/fypp6xhkjy.1
1387,O06,Coculture,F17,Oxa,27.0,27.0,uM,1,False,32143,,False,True,O06:Coculture:F17:Oxa,10.17632/fypp6xhkjy.1
1388,O06,Coculture,F17,Oxa,27.0,27.0,uM,2,False,28717,,False,True,O06:Coculture:F17:Oxa,10.17632/fypp6xhkjy.1
1389,O06,Coculture,F17,Oxa,27.0,27.0,uM,3,False,32555,,False,True,O06:Coculture:F17:Oxa,10.17632/fypp6xhkjy.1
1390,O06,Coculture,F17,Oxa,60.0,60.0,uM,1,False,32844,,False,True,O06:Coculture:F17:Oxa,10.17632/fypp6xhkjy.1
1391,O06,Coculture,F17,Oxa,60.0,60.0,uM,2,False,33501,,False,True,O06:Coculture:F17:Oxa,10.17632/fypp6xhkjy.1
1392,O06,Coculture,F17,Oxa,60.0,60.0,uM,3,False,32384,,False,True,O06:Coculture:F17:Oxa,10.17632/fypp6xhkjy.1
1393,O06,Coculture,F17,SN-38,DMSO,0.0,nM,1,True,330443,,False,True,O06:Coculture:F17:SN-38,10.17632/fypp6xhkjy.1
1394,O06,Coculture,F17,SN-38,DMSO,0.0,nM,2,True,339110,,False,True,O06:Coculture:F17:SN-38,10.17632/fypp6xhkjy.1
1395,O06,Coculture,F17,SN-38,DMSO,0.0,nM,3,True,344517,,False,True,O06:Coculture:F17:SN-38,10.17632/fypp6xhkjy.1
1396,O06,Coculture,F17,SN-38,0.1,0.1,nM,1,False,242611,,False,True,O06:Coculture:F17:SN-38,10.17632/fypp6xhkjy.1
1397,O06,Coculture,F17,SN-38,0.1,0.1,nM,2,False,229777,,False,True,O06:Coculture:F17:SN-38,10.17632/fypp6xhkjy.1
1398,O06,Coculture,F17,SN-38,0.1,0.1,nM,3,False,291042,,False,True,O06:Coculture:F17:SN-38,10.17632/fypp6xhkjy.1
1399,O06,Coculture,F17,SN-38,0.2,0.2,nM,1,False,321922,,False,True,O06:Coculture:F17:SN-38,10.17632/fypp6xhkjy.1
1400,O06,Coculture,F17,SN-38,0.2,0.2,nM,2,False,274973,,False,True,O06:Coculture:F17:SN-38,10.17632/fypp6xhkjy.1
1401,O06,Coculture,F17,SN-38,0.2,0.2,nM,3,False,316671,,False,True,O06:Coculture:F17:SN-38,10.17632/fypp6xhkjy.1
1402,O06,Coculture,F17,SN-38,0.4,0.4,nM,1,False,194756,,False,True,O06:Coculture:F17:SN-38,10.17632/fypp6xhkjy.1
1403,O06,Coculture,F17,SN-38,0.4,0.4,nM,2,False,240614,,False,True,O06:Coculture:F17:SN-38,10.17632/fypp6xhkjy.1
1404,O06,Coculture,F17,SN-38,0.4,0.4,nM,3,False,233696,,False,True,O06:Coculture:F17:SN-38,10.17632/fypp6xhkjy.1
1405,O06,Coculture,F17,SN-38,0.7,0.7,nM,1,False,179488,,False,True,O06:Coculture:F17:SN-38,10.17632/fypp6xhkjy.1
1406,O06,Coculture,F17,SN-38,0.7,0.7,nM,2,False,144682,,False,True,O06:Coculture:F17:SN-38,10.17632/fypp6xhkjy.1
1407,O06,Coculture,F17,SN-38,0.7,0.7,nM,3,False,168820,,False,True,O06:Coculture:F17:SN-38,10.17632/fypp6xhkjy.1
1408,O06,Coculture,F17,SN-38,1.4,1.4,nM,1,False,98878,,False,True,O06:Coculture:F17:SN-38,10.17632/fypp6xhkjy.1
1409,O06,Coculture,F17,SN-38,1.4,1.4,nM,2,False,89824,,False,True,O06:Coculture:F17:SN-38,10.17632/fypp6xhkjy.1
1410,O06,Coculture,F17,SN-38,1.4,1.4,nM,3,False,105071,,False,True,O06:Coculture:F17:SN-38,10.17632/fypp6xhkjy.1
1411,O06,Coculture,F17,SN-38,2.6,2.6,nM,1,False,27670,,False,True,O06:Coculture:F17:SN-38,10.17632/fypp6xhkjy.1
1412,O06,Coculture,F17,SN-38,2.6,2.6,nM,2,False,30920,,False,True,O06:Coculture:F17:SN-38,10.17632/fypp6xhkjy.1
1413,O06,Coculture,F17,SN-38,2.6,2.6,nM,3,False,27575,,False,True,O06:Coculture:F17:SN-38,10.17632/fypp6xhkjy.1
1414,O06,Coculture,F17,SN-38,5.0,5.0,nM,1,False,11760,,False,True,O06:Coculture:F17:SN-38,10.17632/fypp6xhkjy.1
1415,O06,Coculture,F17,SN-38,5.0,5.0,nM,2,False,10499,,False,True,O06:Coculture:F17:SN-38,10.17632/fypp6xhkjy.1
1416,O06,Coculture,F17,SN-38,5.0,5.0,nM,3,False,10704,,False,True,O06:Coculture:F17:SN-38,10.17632/fypp6xhkjy.1
1417,O06,Coculture,F17,Gef,DMSO,0.0,uM,1,True,307494,,False,True,O06:Coculture:F17:Gef,10.17632/fypp6xhkjy.1
1418,O06,Coculture,F17,Gef,DMSO,0.0,uM,2,True,283183,,False,True,O06:Coculture:F17:Gef,10.17632/fypp6xhkjy.1
1419,O06,Coculture,F17,Gef,DMSO,0.0,uM,3,True,335762,,False,True,O06:Coculture:F17:Gef,10.17632/fypp6xhkjy.1
1420,O06,Coculture,F17,Gef,0.01,0.01,uM,1,False,352529,,False,True,O06:Coculture:F17:Gef,10.17632/fypp6xhkjy.1
1421,O06,Coculture,F17,Gef,0.01,0.01,uM,2,False,380105,,False,True,O06:Coculture:F17:Gef,10.17632/fypp6xhkjy.1
1422,O06,Coculture,F17,Gef,0.01,0.01,uM,3,False,312480,,False,True,O06:Coculture:F17:Gef,10.17632/fypp6xhkjy.1
1423,O06,Coculture,F17,Gef,0.04,0.04,uM,1,False,434453,,False,True,O06:Coculture:F17:Gef,10.17632/fypp6xhkjy.1
1424,O06,Coculture,F17,Gef,0.04,0.04,uM,2,False,366561,,False,True,O06:Coculture:F17:Gef,10.17632/fypp6xhkjy.1
1425,O06,Coculture,F17,Gef,0.04,0.04,uM,3,False,310878,,False,True,O06:Coculture:F17:Gef,10.17632/fypp6xhkjy.1
1426,O06,Coculture,F17,Gef,0.1,0.1,uM,1,False,261890,,False,True,O06:Coculture:F17:Gef,10.17632/fypp6xhkjy.1
1427,O06,Coculture,F17,Gef,0.1,0.1,uM,2,False,228382,,False,True,O06:Coculture:F17:Gef,10.17632/fypp6xhkjy.1
1428,O06,Coculture,F17,Gef,0.1,0.1,uM,3,False,283399,,False,True,O06:Coculture:F17:Gef,10.17632/fypp6xhkjy.1
1429,O06,Coculture,F17,Gef,0.4,0.4,uM,1,False,77586,,False,True,O06:Coculture:F17:Gef,10.17632/fypp6xhkjy.1
1430,O06,Coculture,F17,Gef,0.4,0.4,uM,2,False,80930,,False,True,O06:Coculture:F17:Gef,10.17632/fypp6xhkjy.1
1431,O06,Coculture,F17,Gef,0.4,0.4,uM,3,False,99183,,False,True,O06:Coculture:F17:Gef,10.17632/fypp6xhkjy.1
1432,O06,Coculture,F17,Gef,1.1,1.1,uM,1,False,31206,,False,True,O06:Coculture:F17:Gef,10.17632/fypp6xhkjy.1
1433,O06,Coculture,F17,Gef,1.1,1.1,uM,2,False,38955,,False,True,O06:Coculture:F17:Gef,10.17632/fypp6xhkjy.1
1434,O06,Coculture,F17,Gef,1.1,1.1,uM,3,False,38439,,False,True,O06:Coculture:F17:Gef,10.17632/fypp6xhkjy.1
1435,O06,Coculture,F17,Gef,3.3,3.3,uM,1,False,33059,,False,True,O06:Coculture:F17:Gef,10.17632/fypp6xhkjy.1
1436,O06,Coculture,F17,Gef,3.3,3.3,uM,2,False,38683,,False,True,O06:Coculture:F17:Gef,10.17632/fypp6xhkjy.1
1437,O06,Coculture,F17,Gef,3.3,3.3,uM,3,False,39663,,False,True,O06:Coculture:F17:Gef,10.17632/fypp6xhkjy.1
1438,O06,Coculture,F17,Gef,10.0,10.0,uM,1,False,12688,,False,True,O06:Coculture:F17:Gef,10.17632/fypp6xhkjy.1
1439,O06,Coculture,F17,Gef,10.0,10.0,uM,2,False,12513,,False,True,O06:Coculture:F17:Gef,10.17632/fypp6xhkjy.1
1440,O06,Coculture,F17,Gef,10.0,10.0,uM,3,False,10566,,False,True,O06:Coculture:F17:Gef,10.17632/fypp6xhkjy.1
1441,O07,Monoculture,,5-FU,DMSO,0.0,uM,1,True,116812,,False,True,O07:Monoculture::5-FU,10.17632/fypp6xhkjy.1
1442,O07,Monoculture,,5-FU,DMSO,0.0,uM,2,True,120604,,False,True,O07:Monoculture::5-FU,10.17632/fypp6xhkjy.1
1443,O07,Monoculture,,5-FU,DMSO,0.0,uM,3,True,102863,,False,True,O07:Monoculture::5-FU,10.17632/fypp6xhkjy.1
1444,O07,Monoculture,,5-FU,0.5,0.5,uM,1,False,74986,,False,True,O07:Monoculture::5-FU,10.17632/fypp6xhkjy.1
1445,O07,Monoculture,,5-FU,0.5,0.5,uM,2,False,86932,,False,True,O07:Monoculture::5-FU,10.17632/fypp6xhkjy.1
1446,O07,Monoculture,,5-FU,0.5,0.5,uM,3,False,85909,,False,True,O07:Monoculture::5-FU,10.17632/fypp6xhkjy.1
1447,O07,Monoculture,,5-FU,1.1,1.1,uM,1,False,110829,,False,True,O07:Monoculture::5-FU,10.17632/fypp6xhkjy.1
1448,O07,Monoculture,,5-FU,1.1,1.1,uM,2,False,83015,,False,True,O07:Monoculture::5-FU,10.17632/fypp6xhkjy.1
1449,O07,Monoculture,,5-FU,1.1,1.1,uM,3,False,100842,,False,True,O07:Monoculture::5-FU,10.17632/fypp6xhkjy.1
1450,O07,Monoculture,,5-FU,2.5,2.5,uM,1,False,46831,,False,True,O07:Monoculture::5-FU,10.17632/fypp6xhkjy.1
1451,O07,Monoculture,,5-FU,2.5,2.5,uM,2,False,71139,,False,True,O07:Monoculture::5-FU,10.17632/fypp6xhkjy.1
1452,O07,Monoculture,,5-FU,2.5,2.5,uM,3,False,57521,,False,True,O07:Monoculture::5-FU,10.17632/fypp6xhkjy.1
1453,O07,Monoculture,,5-FU,5.5,5.5,uM,1,False,33718,,False,True,O07:Monoculture::5-FU,10.17632/fypp6xhkjy.1
1454,O07,Monoculture,,5-FU,5.5,5.5,uM,2,False,36025,,False,True,O07:Monoculture::5-FU,10.17632/fypp6xhkjy.1
1455,O07,Monoculture,,5-FU,5.5,5.5,uM,3,False,39449,,False,True,O07:Monoculture::5-FU,10.17632/fypp6xhkjy.1
1456,O07,Monoculture,,5-FU,12.2,12.2,uM,1,False,19222,,False,True,O07:Monoculture::5-FU,10.17632/fypp6xhkjy.1
1457,O07,Monoculture,,5-FU,12.2,12.2,uM,2,False,21304,,False,True,O07:Monoculture::5-FU,10.17632/fypp6xhkjy.1
1458,O07,Monoculture,,5-FU,12.2,12.2,uM,3,False,17072,,False,True,O07:Monoculture::5-FU,10.17632/fypp6xhkjy.1
1459,O07,Monoculture,,5-FU,27.0,27.0,uM,1,False,14014,,False,True,O07:Monoculture::5-FU,10.17632/fypp6xhkjy.1
1460,O07,Monoculture,,5-FU,27.0,27.0,uM,2,False,13672,,False,True,O07:Monoculture::5-FU,10.17632/fypp6xhkjy.1
1461,O07,Monoculture,,5-FU,27.0,27.0,uM,3,False,13270,,False,True,O07:Monoculture::5-FU,10.17632/fypp6xhkjy.1
1462,O07,Monoculture,,5-FU,60.0,60.0,uM,1,False,11459,,False,True,O07:Monoculture::5-FU,10.17632/fypp6xhkjy.1
1463,O07,Monoculture,,5-FU,60.0,60.0,uM,2,False,12117,,False,True,O07:Monoculture::5-FU,10.17632/fypp6xhkjy.1
1464,O07,Monoculture,,5-FU,60.0,60.0,uM,3,False,11912,,False,True,O07:Monoculture::5-FU,10.17632/fypp6xhkjy.1
1465,O07,Monoculture,,Oxa,DMSO,0.0,uM,1,True,95372,,False,True,O07:Monoculture::Oxa,10.17632/fypp6xhkjy.1
1466,O07,Monoculture,,Oxa,DMSO,0.0,uM,2,True,122279,,False,True,O07:Monoculture::Oxa,10.17632/fypp6xhkjy.1
1467,O07,Monoculture,,Oxa,DMSO,0.0,uM,3,True,93044,,False,True,O07:Monoculture::Oxa,10.17632/fypp6xhkjy.1
1468,O07,Monoculture,,Oxa,0.5,0.5,uM,1,False,56733,,False,True,O07:Monoculture::Oxa,10.17632/fypp6xhkjy.1
1469,O07,Monoculture,,Oxa,0.5,0.5,uM,2,False,53571,,False,True,O07:Monoculture::Oxa,10.17632/fypp6xhkjy.1
1470,O07,Monoculture,,Oxa,0.5,0.5,uM,3,False,59197,,False,True,O07:Monoculture::Oxa,10.17632/fypp6xhkjy.1
1471,O07,Monoculture,,Oxa,1.1,1.1,uM,1,False,72593,,False,True,O07:Monoculture::Oxa,10.17632/fypp6xhkjy.1
1472,O07,Monoculture,,Oxa,1.1,1.1,uM,2,False,68866,,False,True,O07:Monoculture::Oxa,10.17632/fypp6xhkjy.1
1473,O07,Monoculture,,Oxa,1.1,1.1,uM,3,False,71016,,False,True,O07:Monoculture::Oxa,10.17632/fypp6xhkjy.1
1474,O07,Monoculture,,Oxa,2.5,2.5,uM,1,False,41166,,False,True,O07:Monoculture::Oxa,10.17632/fypp6xhkjy.1
1475,O07,Monoculture,,Oxa,2.5,2.5,uM,2,False,34931,,False,True,O07:Monoculture::Oxa,10.17632/fypp6xhkjy.1
1476,O07,Monoculture,,Oxa,2.5,2.5,uM,3,False,34920,,False,True,O07:Monoculture::Oxa,10.17632/fypp6xhkjy.1
1477,O07,Monoculture,,Oxa,5.5,5.5,uM,1,False,21464,,False,True,O07:Monoculture::Oxa,10.17632/fypp6xhkjy.1
1478,O07,Monoculture,,Oxa,5.5,5.5,uM,2,False,24375,,False,True,O07:Monoculture::Oxa,10.17632/fypp6xhkjy.1
1479,O07,Monoculture,,Oxa,5.5,5.5,uM,3,False,18206,,False,True,O07:Monoculture::Oxa,10.17632/fypp6xhkjy.1
1480,O07,Monoculture,,Oxa,12.2,12.2,uM,1,False,12905,,False,True,O07:Monoculture::Oxa,10.17632/fypp6xhkjy.1
1481,O07,Monoculture,,Oxa,12.2,12.2,uM,2,False,13918,,False,True,O07:Monoculture::Oxa,10.17632/fypp6xhkjy.1
1482,O07,Monoculture,,Oxa,12.2,12.2,uM,3,False,12053,,False,True,O07:Monoculture::Oxa,10.17632/fypp6xhkjy.1
1483,O07,Monoculture,,Oxa,27.0,27.0,uM,1,False,9951,,False,True,O07:Monoculture::Oxa,10.17632/fypp6xhkjy.1
1484,O07,Monoculture,,Oxa,27.0,27.0,uM,2,False,506,,False,True,O07:Monoculture::Oxa,10.17632/fypp6xhkjy.1
1485,O07,Monoculture,,Oxa,27.0,27.0,uM,3,False,9321,,False,True,O07:Monoculture::Oxa,10.17632/fypp6xhkjy.1
1486,O07,Monoculture,,Oxa,60.0,60.0,uM,1,False,8966,,False,True,O07:Monoculture::Oxa,10.17632/fypp6xhkjy.1
1487,O07,Monoculture,,Oxa,60.0,60.0,uM,2,False,10035,,False,True,O07:Monoculture::Oxa,10.17632/fypp6xhkjy.1
1488,O07,Monoculture,,Oxa,60.0,60.0,uM,3,False,12576,,False,True,O07:Monoculture::Oxa,10.17632/fypp6xhkjy.1
1489,O07,Monoculture,,SN-38,DMSO,0.0,nM,1,True,107032,,False,True,O07:Monoculture::SN-38,10.17632/fypp6xhkjy.1
1490,O07,Monoculture,,SN-38,DMSO,0.0,nM,2,True,97324,,False,True,O07:Monoculture::SN-38,10.17632/fypp6xhkjy.1
1491,O07,Monoculture,,SN-38,DMSO,0.0,nM,3,True,61470,,False,True,O07:Monoculture::SN-38,10.17632/fypp6xhkjy.1
1492,O07,Monoculture,,SN-38,0.1,0.1,nM,1,False,68566,,False,True,O07:Monoculture::SN-38,10.17632/fypp6xhkjy.1
1493,O07,Monoculture,,SN-38,0.1,0.1,nM,2,False,52393,,False,True,O07:Monoculture::SN-38,10.17632/fypp6xhkjy.1
1494,O07,Monoculture,,SN-38,0.1,0.1,nM,3,False,69566,,False,True,O07:Monoculture::SN-38,10.17632/fypp6xhkjy.1
1495,O07,Monoculture,,SN-38,0.2,0.2,nM,1,False,72314,,False,True,O07:Monoculture::SN-38,10.17632/fypp6xhkjy.1
1496,O07,Monoculture,,SN-38,0.2,0.2,nM,2,False,64256,,False,True,O07:Monoculture::SN-38,10.17632/fypp6xhkjy.1
1497,O07,Monoculture,,SN-38,0.2,0.2,nM,3,False,57353,,False,True,O07:Monoculture::SN-38,10.17632/fypp6xhkjy.1
1498,O07,Monoculture,,SN-38,0.4,0.4,nM,1,False,70566,,False,True,O07:Monoculture::SN-38,10.17632/fypp6xhkjy.1
1499,O07,Monoculture,,SN-38,0.4,0.4,nM,2,False,48403,,False,True,O07:Monoculture::SN-38,10.17632/fypp6xhkjy.1
1500,O07,Monoculture,,SN-38,0.4,0.4,nM,3,False,73573,,False,True,O07:Monoculture::SN-38,10.17632/fypp6xhkjy.1
1501,O07,Monoculture,,SN-38,0.7,0.7,nM,1,False,35802,,False,True,O07:Monoculture::SN-38,10.17632/fypp6xhkjy.1
1502,O07,Monoculture,,SN-38,0.7,0.7,nM,2,False,43490,,False,True,O07:Monoculture::SN-38,10.17632/fypp6xhkjy.1
1503,O07,Monoculture,,SN-38,0.7,0.7,nM,3,False,38486,,False,True,O07:Monoculture::SN-38,10.17632/fypp6xhkjy.1
1504,O07,Monoculture,,SN-38,1.4,1.4,nM,1,False,23593,,False,True,O07:Monoculture::SN-38,10.17632/fypp6xhkjy.1
1505,O07,Monoculture,,SN-38,1.4,1.4,nM,2,False,21925,,False,True,O07:Monoculture::SN-38,10.17632/fypp6xhkjy.1
1506,O07,Monoculture,,SN-38,1.4,1.4,nM,3,False,18033,,False,True,O07:Monoculture::SN-38,10.17632/fypp6xhkjy.1
1507,O07,Monoculture,,SN-38,2.6,2.6,nM,1,False,19484,,False,True,O07:Monoculture::SN-38,10.17632/fypp6xhkjy.1
1508,O07,Monoculture,,SN-38,2.6,2.6,nM,2,False,18123,,False,True,O07:Monoculture::SN-38,10.17632/fypp6xhkjy.1
1509,O07,Monoculture,,SN-38,2.6,2.6,nM,3,False,9508,,False,True,O07:Monoculture::SN-38,10.17632/fypp6xhkjy.1
1510,O07,Monoculture,,SN-38,5.0,5.0,nM,1,False,21529,,False,True,O07:Monoculture::SN-38,10.17632/fypp6xhkjy.1
1511,O07,Monoculture,,SN-38,5.0,5.0,nM,2,False,20147,,False,True,O07:Monoculture::SN-38,10.17632/fypp6xhkjy.1
1512,O07,Monoculture,,SN-38,5.0,5.0,nM,3,False,15222,,False,True,O07:Monoculture::SN-38,10.17632/fypp6xhkjy.1
1513,O07,Monoculture,,Gef,DMSO,0.0,uM,1,True,77220,,False,True,O07:Monoculture::Gef,10.17632/fypp6xhkjy.1
1514,O07,Monoculture,,Gef,DMSO,0.0,uM,2,True,87342,,False,True,O07:Monoculture::Gef,10.17632/fypp6xhkjy.1
1515,O07,Monoculture,,Gef,DMSO,0.0,uM,3,True,81160,,False,True,O07:Monoculture::Gef,10.17632/fypp6xhkjy.1
1516,O07,Monoculture,,Gef,0.01,0.01,uM,1,False,71384,,False,True,O07:Monoculture::Gef,10.17632/fypp6xhkjy.1
1517,O07,Monoculture,,Gef,0.01,0.01,uM,2,False,100698,,False,True,O07:Monoculture::Gef,10.17632/fypp6xhkjy.1
1518,O07,Monoculture,,Gef,0.01,0.01,uM,3,False,70160,,False,True,O07:Monoculture::Gef,10.17632/fypp6xhkjy.1
1519,O07,Monoculture,,Gef,0.04,0.04,uM,1,False,102143,,False,True,O07:Monoculture::Gef,10.17632/fypp6xhkjy.1
1520,O07,Monoculture,,Gef,0.04,0.04,uM,2,False,89913,,False,True,O07:Monoculture::Gef,10.17632/fypp6xhkjy.1
1521,O07,Monoculture,,Gef,0.04,0.04,uM,3,False,71562,,False,True,O07:Monoculture::Gef,10.17632/fypp6xhkjy.1
1522,O07,Monoculture,,Gef,0.1,0.1,uM,1,False,81181,,False,True,O07:Monoculture::Gef,10.17632/fypp6xhkjy.1
1523,O07,Monoculture,,Gef,0.1,0.1,uM,2,False,117685,,False,True,O07:Monoculture::Gef,10.17632/fypp6xhkjy.1
1524,O07,Monoculture,,Gef,0.1,0.1,uM,3,False,85896,,False,True,O07:Monoculture::Gef,10.17632/fypp6xhkjy.1
1525,O07,Monoculture,,Gef,0.4,0.4,uM,1,False,88736,,False,True,O07:Monoculture::Gef,10.17632/fypp6xhkjy.1
1526,O07,Monoculture,,Gef,0.4,0.4,uM,2,False,96980,,False,True,O07:Monoculture::Gef,10.17632/fypp6xhkjy.1
1527,O07,Monoculture,,Gef,0.4,0.4,uM,3,False,78032,,False,True,O07:Monoculture::Gef,10.17632/fypp6xhkjy.1
1528,O07,Monoculture,,Gef,1.1,1.1,uM,1,False,75779,,False,True,O07:Monoculture::Gef,10.17632/fypp6xhkjy.1
1529,O07,Monoculture,,Gef,1.1,1.1,uM,2,False,106085,,False,True,O07:Monoculture::Gef,10.17632/fypp6xhkjy.1
1530,O07,Monoculture,,Gef,1.1,1.1,uM,3,False,97293,,False,True,O07:Monoculture::Gef,10.17632/fypp6xhkjy.1
1531,O07,Monoculture,,Gef,3.3,3.3,uM,1,False,78334,,False,True,O07:Monoculture::Gef,10.17632/fypp6xhkjy.1
1532,O07,Monoculture,,Gef,3.3,3.3,uM,2,False,82994,,False,True,O07:Monoculture::Gef,10.17632/fypp6xhkjy.1
1533,O07,Monoculture,,Gef,3.3,3.3,uM,3,False,77863,,False,True,O07:Monoculture::Gef,10.17632/fypp6xhkjy.1
1534,O07,Monoculture,,Gef,10.0,10.0,uM,1,False,35354,,False,True,O07:Monoculture::Gef,10.17632/fypp6xhkjy.1
1535,O07,Monoculture,,Gef,10.0,10.0,uM,2,False,19904,,False,True,O07:Monoculture::Gef,10.17632/fypp6xhkjy.1
1536,O07,Monoculture,,Gef,10.0,10.0,uM,3,False,11801,,False,True,O07:Monoculture::Gef,10.17632/fypp6xhkjy.1
1537,O07,Coculture,F07,5-FU,DMSO,0.0,uM,1,True,71173,,False,True,O07:Coculture:F07:5-FU,10.17632/fypp6xhkjy.1
1538,O07,Coculture,F07,5-FU,DMSO,0.0,uM,2,True,73505,,False,True,O07:Coculture:F07:5-FU,10.17632/fypp6xhkjy.1
1539,O07,Coculture,F07,5-FU,DMSO,0.0,uM,3,True,114641,,False,True,O07:Coculture:F07:5-FU,10.17632/fypp6xhkjy.1
1540,O07,Coculture,F07,5-FU,0.5,0.5,uM,1,False,134673,,False,True,O07:Coculture:F07:5-FU,10.17632/fypp6xhkjy.1
1541,O07,Coculture,F07,5-FU,0.5,0.5,uM,2,False,111690,,False,True,O07:Coculture:F07:5-FU,10.17632/fypp6xhkjy.1
1542,O07,Coculture,F07,5-FU,0.5,0.5,uM,3,False,138836,,False,True,O07:Coculture:F07:5-FU,10.17632/fypp6xhkjy.1
1543,O07,Coculture,F07,5-FU,1.1,1.1,uM,1,False,115342,,False,True,O07:Coculture:F07:5-FU,10.17632/fypp6xhkjy.1
1544,O07,Coculture,F07,5-FU,1.1,1.1,uM,2,False,114913,,False,True,O07:Coculture:F07:5-FU,10.17632/fypp6xhkjy.1
1545,O07,Coculture,F07,5-FU,1.1,1.1,uM,3,False,115654,,False,True,O07:Coculture:F07:5-FU,10.17632/fypp6xhkjy.1
1546,O07,Coculture,F07,5-FU,2.5,2.5,uM,1,False,78792,,False,True,O07:Coculture:F07:5-FU,10.17632/fypp6xhkjy.1
1547,O07,Coculture,F07,5-FU,2.5,2.5,uM,2,False,88908,,False,True,O07:Coculture:F07:5-FU,10.17632/fypp6xhkjy.1
1548,O07,Coculture,F07,5-FU,2.5,2.5,uM,3,False,67804,,False,True,O07:Coculture:F07:5-FU,10.17632/fypp6xhkjy.1
1549,O07,Coculture,F07,5-FU,5.5,5.5,uM,1,False,50495,,False,True,O07:Coculture:F07:5-FU,10.17632/fypp6xhkjy.1
1550,O07,Coculture,F07,5-FU,5.5,5.5,uM,2,False,43683,,False,True,O07:Coculture:F07:5-FU,10.17632/fypp6xhkjy.1
1551,O07,Coculture,F07,5-FU,5.5,5.5,uM,3,False,52996,,False,True,O07:Coculture:F07:5-FU,10.17632/fypp6xhkjy.1
1552,O07,Coculture,F07,5-FU,12.2,12.2,uM,1,False,19713,,False,True,O07:Coculture:F07:5-FU,10.17632/fypp6xhkjy.1
1553,O07,Coculture,F07,5-FU,12.2,12.2,uM,2,False,21796,,False,True,O07:Coculture:F07:5-FU,10.17632/fypp6xhkjy.1
1554,O07,Coculture,F07,5-FU,12.2,12.2,uM,3,False,22128,,False,True,O07:Coculture:F07:5-FU,10.17632/fypp6xhkjy.1
1555,O07,Coculture,F07,5-FU,27.0,27.0,uM,1,False,9954,,False,True,O07:Coculture:F07:5-FU,10.17632/fypp6xhkjy.1
1556,O07,Coculture,F07,5-FU,27.0,27.0,uM,2,False,10621,,False,True,O07:Coculture:F07:5-FU,10.17632/fypp6xhkjy.1
1557,O07,Coculture,F07,5-FU,27.0,27.0,uM,3,False,11817,,False,True,O07:Coculture:F07:5-FU,10.17632/fypp6xhkjy.1
1558,O07,Coculture,F07,5-FU,60.0,60.0,uM,1,False,9128,,False,True,O07:Coculture:F07:5-FU,10.17632/fypp6xhkjy.1
1559,O07,Coculture,F07,5-FU,60.0,60.0,uM,2,False,8661,,False,True,O07:Coculture:F07:5-FU,10.17632/fypp6xhkjy.1
1560,O07,Coculture,F07,5-FU,60.0,60.0,uM,3,False,9879,,False,True,O07:Coculture:F07:5-FU,10.17632/fypp6xhkjy.1
1561,O07,Coculture,F07,Oxa,DMSO,0.0,uM,1,True,110522,,False,True,O07:Coculture:F07:Oxa,10.17632/fypp6xhkjy.1
1562,O07,Coculture,F07,Oxa,DMSO,0.0,uM,2,True,157411,,False,True,O07:Coculture:F07:Oxa,10.17632/fypp6xhkjy.1
1563,O07,Coculture,F07,Oxa,DMSO,0.0,uM,3,True,159289,,False,True,O07:Coculture:F07:Oxa,10.17632/fypp6xhkjy.1
1564,O07,Coculture,F07,Oxa,0.5,0.5,uM,1,False,71686,,False,True,O07:Coculture:F07:Oxa,10.17632/fypp6xhkjy.1
1565,O07,Coculture,F07,Oxa,0.5,0.5,uM,2,False,116463,,False,True,O07:Coculture:F07:Oxa,10.17632/fypp6xhkjy.1
1566,O07,Coculture,F07,Oxa,0.5,0.5,uM,3,False,123638,,False,True,O07:Coculture:F07:Oxa,10.17632/fypp6xhkjy.1
1567,O07,Coculture,F07,Oxa,1.1,1.1,uM,1,False,100281,,False,True,O07:Coculture:F07:Oxa,10.17632/fypp6xhkjy.1
1568,O07,Coculture,F07,Oxa,1.1,1.1,uM,2,False,90416,,False,True,O07:Coculture:F07:Oxa,10.17632/fypp6xhkjy.1
1569,O07,Coculture,F07,Oxa,1.1,1.1,uM,3,False,74721,,False,True,O07:Coculture:F07:Oxa,10.17632/fypp6xhkjy.1
1570,O07,Coculture,F07,Oxa,2.5,2.5,uM,1,False,56499,,False,True,O07:Coculture:F07:Oxa,10.17632/fypp6xhkjy.1
1571,O07,Coculture,F07,Oxa,2.5,2.5,uM,2,False,40822,,False,True,O07:Coculture:F07:Oxa,10.17632/fypp6xhkjy.1
1572,O07,Coculture,F07,Oxa,2.5,2.5,uM,3,False,58283,,False,True,O07:Coculture:F07:Oxa,10.17632/fypp6xhkjy.1
1573,O07,Coculture,F07,Oxa,5.5,5.5,uM,1,False,24712,,False,True,O07:Coculture:F07:Oxa,10.17632/fypp6xhkjy.1
1574,O07,Coculture,F07,Oxa,5.5,5.5,uM,2,False,17820,,False,True,O07:Coculture:F07:Oxa,10.17632/fypp6xhkjy.1
1575,O07,Coculture,F07,Oxa,5.5,5.5,uM,3,False,23920,,False,True,O07:Coculture:F07:Oxa,10.17632/fypp6xhkjy.1
1576,O07,Coculture,F07,Oxa,12.2,12.2,uM,1,False,12029,,False,True,O07:Coculture:F07:Oxa,10.17632/fypp6xhkjy.1
1577,O07,Coculture,F07,Oxa,12.2,12.2,uM,2,False,12745,,False,True,O07:Coculture:F07:Oxa,10.17632/fypp6xhkjy.1
1578,O07,Coculture,F07,Oxa,12.2,12.2,uM,3,False,13401,,False,True,O07:Coculture:F07:Oxa,10.17632/fypp6xhkjy.1
1579,O07,Coculture,F07,Oxa,27.0,27.0,uM,1,False,8969,,False,True,O07:Coculture:F07:Oxa,10.17632/fypp6xhkjy.1
1580,O07,Coculture,F07,Oxa,27.0,27.0,uM,2,False,14140,,False,True,O07:Coculture:F07:Oxa,10.17632/fypp6xhkjy.1
1581,O07,Coculture,F07,Oxa,27.0,27.0,uM,3,False,14588,,False,True,O07:Coculture:F07:Oxa,10.17632/fypp6xhkjy.1
1582,O07,Coculture,F07,Oxa,60.0,60.0,uM,1,False,9325,,False,True,O07:Coculture:F07:Oxa,10.17632/fypp6xhkjy.1
1583,O07,Coculture,F07,Oxa,60.0,60.0,uM,2,False,12385,,False,True,O07:Coculture:F07:Oxa,10.17632/fypp6xhkjy.1
1584,O07,Coculture,F07,Oxa,60.0,60.0,uM,3,False,12937,,False,True,O07:Coculture:F07:Oxa,10.17632/fypp6xhkjy.1
1585,O07,Coculture,F07,SN-38,DMSO,0.0,nM,1,True,158841,,False,True,O07:Coculture:F07:SN-38,10.17632/fypp6xhkjy.1
1586,O07,Coculture,F07,SN-38,DMSO,0.0,nM,2,True,169404,,False,True,O07:Coculture:F07:SN-38,10.17632/fypp6xhkjy.1
1587,O07,Coculture,F07,SN-38,DMSO,0.0,nM,3,True,103888,,False,True,O07:Coculture:F07:SN-38,10.17632/fypp6xhkjy.1
1588,O07,Coculture,F07,SN-38,0.1,0.1,nM,1,False,145436,,False,True,O07:Coculture:F07:SN-38,10.17632/fypp6xhkjy.1
1589,O07,Coculture,F07,SN-38,0.1,0.1,nM,2,False,140450,,False,True,O07:Coculture:F07:SN-38,10.17632/fypp6xhkjy.1
1590,O07,Coculture,F07,SN-38,0.1,0.1,nM,3,False,92980,,False,True,O07:Coculture:F07:SN-38,10.17632/fypp6xhkjy.1
1591,O07,Coculture,F07,SN-38,0.2,0.2,nM,1,False,83486,,False,True,O07:Coculture:F07:SN-38,10.17632/fypp6xhkjy.1
1592,O07,Coculture,F07,SN-38,0.2,0.2,nM,2,False,109576,,False,True,O07:Coculture:F07:SN-38,10.17632/fypp6xhkjy.1
1593,O07,Coculture,F07,SN-38,0.2,0.2,nM,3,False,75109,,False,True,O07:Coculture:F07:SN-38,10.17632/fypp6xhkjy.1
1594,O07,Coculture,F07,SN-38,0.4,0.4,nM,1,False,64998,,False,True,O07:Coculture:F07:SN-38,10.17632/fypp6xhkjy.1
1595,O07,Coculture,F07,SN-38,0.4,0.4,nM,2,False,77737,,False,True,O07:Coculture:F07:SN-38,10.17632/fypp6xhkjy.1
1596,O07,Coculture,F07,SN-38,0.4,0.4,nM,3,False,54808,,False,True,O07:Coculture:F07:SN-38,10.17632/fypp6xhkjy.1
1597,O07,Coculture,F07,SN-38,0.7,0.7,nM,1,False,59519,,False,True,O07:Coculture:F07:SN-38,10.17632/fypp6xhkjy.1
1598,O07,Coculture,F07,SN-38,0.7,0.7,nM,2,False,71684,,False,True,O07:Coculture:F07:SN-38,10.17632/fypp6xhkjy.1
1599,O07,Coculture,F07,SN-38,0.7,0.7,nM,3,False,44264,,False,True,O07:Coculture:F07:SN-38,10.17632/fypp6xhkjy.1
1600,O07,Coculture,F07,SN-38,1.4,1.4,nM,1,False,26386,,False,True,O07:Coculture:F07:SN-38,10.17632/fypp6xhkjy.1
1601,O07,Coculture,F07,SN-38,1.4,1.4,nM,2,False,31680,,False,True,O07:Coculture:F07:SN-38,10.17632/fypp6xhkjy.1
1602,O07,Coculture,F07,SN-38,1.4,1.4,nM,3,False,21494,,False,True,O07:Coculture:F07:SN-38,10.17632/fypp6xhkjy.1
1603,O07,Coculture,F07,SN-38,2.6,2.6,nM,1,False,22027,,False,True,O07:Coculture:F07:SN-38,10.17632/fypp6xhkjy.1
1604,O07,Coculture,F07,SN-38,2.6,2.6,nM,2,False,26618,,False,True,O07:Coculture:F07:SN-38,10.17632/fypp6xhkjy.1
1605,O07,Coculture,F07,SN-38,2.6,2.6,nM,3,False,26375,,False,True,O07:Coculture:F07:SN-38,10.17632/fypp6xhkjy.1
1606,O07,Coculture,F07,SN-38,5.0,5.0,nM,1,False,20438,,False,True,O07:Coculture:F07:SN-38,10.17632/fypp6xhkjy.1
1607,O07,Coculture,F07,SN-38,5.0,5.0,nM,2,False,18228,,False,True,O07:Coculture:F07:SN-38,10.17632/fypp6xhkjy.1
1608,O07,Coculture,F07,SN-38,5.0,5.0,nM,3,False,18044,,False,True,O07:Coculture:F07:SN-38,10.17632/fypp6xhkjy.1
1609,O07,Coculture,F07,Gef,DMSO,0.0,uM,1,True,92464,,False,True,O07:Coculture:F07:Gef,10.17632/fypp6xhkjy.1
1610,O07,Coculture,F07,Gef,DMSO,0.0,uM,2,True,111249,,False,True,O07:Coculture:F07:Gef,10.17632/fypp6xhkjy.1
1611,O07,Coculture,F07,Gef,DMSO,0.0,uM,3,True,112974,,False,True,O07:Coculture:F07:Gef,10.17632/fypp6xhkjy.1
1612,O07,Coculture,F07,Gef,0.01,0.01,uM,1,False,112398,,False,True,O07:Coculture:F07:Gef,10.17632/fypp6xhkjy.1
1613,O07,Coculture,F07,Gef,0.01,0.01,uM,2,False,124871,,False,True,O07:Coculture:F07:Gef,10.17632/fypp6xhkjy.1
1614,O07,Coculture,F07,Gef,0.01,0.01,uM,3,False,124310,,False,True,O07:Coculture:F07:Gef,10.17632/fypp6xhkjy.1
1615,O07,Coculture,F07,Gef,0.04,0.04,uM,1,False,131981,,False,True,O07:Coculture:F07:Gef,10.17632/fypp6xhkjy.1
1616,O07,Coculture,F07,Gef,0.04,0.04,uM,2,False,134708,,False,True,O07:Coculture:F07:Gef,10.17632/fypp6xhkjy.1
1617,O07,Coculture,F07,Gef,0.04,0.04,uM,3,False,137466,,False,True,O07:Coculture:F07:Gef,10.17632/fypp6xhkjy.1
1618,O07,Coculture,F07,Gef,0.1,0.1,uM,1,False,96615,,False,True,O07:Coculture:F07:Gef,10.17632/fypp6xhkjy.1
1619,O07,Coculture,F07,Gef,0.1,0.1,uM,2,False,109048,,False,True,O07:Coculture:F07:Gef,10.17632/fypp6xhkjy.1
1620,O07,Coculture,F07,Gef,0.1,0.1,uM,3,False,101861,,False,True,O07:Coculture:F07:Gef,10.17632/fypp6xhkjy.1
1621,O07,Coculture,F07,Gef,0.4,0.4,uM,1,False,121371,,False,True,O07:Coculture:F07:Gef,10.17632/fypp6xhkjy.1
1622,O07,Coculture,F07,Gef,0.4,0.4,uM,2,False,127541,,False,True,O07:Coculture:F07:Gef,10.17632/fypp6xhkjy.1
1623,O07,Coculture,F07,Gef,0.4,0.4,uM,3,False,110380,,False,True,O07:Coculture:F07:Gef,10.17632/fypp6xhkjy.1
1624,O07,Coculture,F07,Gef,1.1,1.1,uM,1,False,124721,,False,True,O07:Coculture:F07:Gef,10.17632/fypp6xhkjy.1
1625,O07,Coculture,F07,Gef,1.1,1.1,uM,2,False,122700,,False,True,O07:Coculture:F07:Gef,10.17632/fypp6xhkjy.1
1626,O07,Coculture,F07,Gef,1.1,1.1,uM,3,False,148862,,False,True,O07:Coculture:F07:Gef,10.17632/fypp6xhkjy.1
1627,O07,Coculture,F07,Gef,3.3,3.3,uM,1,False,172091,,False,True,O07:Coculture:F07:Gef,10.17632/fypp6xhkjy.1
1628,O07,Coculture,F07,Gef,3.3,3.3,uM,2,False,147924,,False,True,O07:Coculture:F07:Gef,10.17632/fypp6xhkjy.1
1629,O07,Coculture,F07,Gef,3.3,3.3,uM,3,False,162741,,False,True,O07:Coculture:F07:Gef,10.17632/fypp6xhkjy.1
1630,O07,Coculture,F07,Gef,10.0,10.0,uM,1,False,114347,seeding not uniform,False,False,O07:Coculture:F07:Gef,10.17632/fypp6xhkjy.1
1631,O07,Coculture,F07,Gef,10.0,10.0,uM,2,False,73053,,False,True,O07:Coculture:F07:Gef,10.17632/fypp6xhkjy.1
1632,O07,Coculture,F07,Gef,10.0,10.0,uM,3,False,64905,,False,True,O07:Coculture:F07:Gef,10.17632/fypp6xhkjy.1
1633,O09,Monoculture,,5-FU,DMSO,0.0,uM,1,True,2636,,False,True,O09:Monoculture::5-FU,10.17632/fypp6xhkjy.1
1634,O09,Monoculture,,5-FU,DMSO,0.0,uM,2,True,3046,,False,True,O09:Monoculture::5-FU,10.17632/fypp6xhkjy.1
1635,O09,Monoculture,,5-FU,DMSO,0.0,uM,3,True,839,seeding not uniform,False,False,O09:Monoculture::5-FU,10.17632/fypp6xhkjy.1
1636,O09,Monoculture,,5-FU,0.5,0.5,uM,1,False,1087,,False,True,O09:Monoculture::5-FU,10.17632/fypp6xhkjy.1
1637,O09,Monoculture,,5-FU,0.5,0.5,uM,2,False,1016,,False,True,O09:Monoculture::5-FU,10.17632/fypp6xhkjy.1
1638,O09,Monoculture,,5-FU,0.5,0.5,uM,3,False,1392,,False,True,O09:Monoculture::5-FU,10.17632/fypp6xhkjy.1
1639,O09,Monoculture,,5-FU,1.1,1.1,uM,1,False,1371,,False,True,O09:Monoculture::5-FU,10.17632/fypp6xhkjy.1
1640,O09,Monoculture,,5-FU,1.1,1.1,uM,2,False,1339,,False,True,O09:Monoculture::5-FU,10.17632/fypp6xhkjy.1
1641,O09,Monoculture,,5-FU,1.1,1.1,uM,3,False,1362,,False,True,O09:Monoculture::5-FU,10.17632/fypp6xhkjy.1
1642,O09,Monoculture,,5-FU,2.5,2.5,uM,1,False,1233,,False,True,O09:Monoculture::5-FU,10.17632/fypp6xhkjy.1
1643,O09,Monoculture,,5-FU,2.5,2.5,uM,2,False,958,,False,True,O09:Monoculture::5-FU,10.17632/fypp6xhkjy.1
1644,O09,Monoculture,,5-FU,2.5,2.5,uM,3,False,1024,,False,True,O09:Monoculture::5-FU,10.17632/fypp6xhkjy.1
1645,O09,Monoculture,,5-FU,5.5,5.5,uM,1,False,763,,False,True,O09:Monoculture::5-FU,10.17632/fypp6xhkjy.1
1646,O09,Monoculture,,5-FU,5.5,5.5,uM,2,False,498,,False,True,O09:Monoculture::5-FU,10.17632/fypp6xhkjy.1
1647,O09,Monoculture,,5-FU,5.5,5.5,uM,3,False,396,,False,True,O09:Monoculture::5-FU,10.17632/fypp6xhkjy.1
1648,O09,Monoculture,,5-FU,12.2,12.2,uM,1,False,620,,False,True,O09:Monoculture::5-FU,10.17632/fypp6xhkjy.1
1649,O09,Monoculture,,5-FU,12.2,12.2,uM,2,False,786,,False,True,O09:Monoculture::5-FU,10.17632/fypp6xhkjy.1
1650,O09,Monoculture,,5-FU,12.2,12.2,uM,3,False,415,,False,True,O09:Monoculture::5-FU,10.17632/fypp6xhkjy.1
1651,O09,Monoculture,,5-FU,27.0,27.0,uM,1,False,618,,False,True,O09:Monoculture::5-FU,10.17632/fypp6xhkjy.1
1652,O09,Monoculture,,5-FU,27.0,27.0,uM,2,False,472,,False,True,O09:Monoculture::5-FU,10.17632/fypp6xhkjy.1
1653,O09,Monoculture,,5-FU,27.0,27.0,uM,3,False,534,,False,True,O09:Monoculture::5-FU,10.17632/fypp6xhkjy.1
1654,O09,Monoculture,,5-FU,60.0,60.0,uM,1,False,432,,False,True,O09:Monoculture::5-FU,10.17632/fypp6xhkjy.1
1655,O09,Monoculture,,5-FU,60.0,60.0,uM,2,False,684,,False,True,O09:Monoculture::5-FU,10.17632/fypp6xhkjy.1
1656,O09,Monoculture,,5-FU,60.0,60.0,uM,3,False,636,,False,True,O09:Monoculture::5-FU,10.17632/fypp6xhkjy.1
1657,O09,Monoculture,,Oxa,DMSO,0.0,uM,1,True,1741,,False,True,O09:Monoculture::Oxa,10.17632/fypp6xhkjy.1
1658,O09,Monoculture,,Oxa,DMSO,0.0,uM,2,True,2679,,False,True,O09:Monoculture::Oxa,10.17632/fypp6xhkjy.1
1659,O09,Monoculture,,Oxa,DMSO,0.0,uM,3,True,9583,seeding not uniform,False,False,O09:Monoculture::Oxa,10.17632/fypp6xhkjy.1
1660,O09,Monoculture,,Oxa,0.5,0.5,uM,1,False,1307,,False,True,O09:Monoculture::Oxa,10.17632/fypp6xhkjy.1
1661,O09,Monoculture,,Oxa,0.5,0.5,uM,2,False,734,,False,True,O09:Monoculture::Oxa,10.17632/fypp6xhkjy.1
1662,O09,Monoculture,,Oxa,0.5,0.5,uM,3,False,1763,,False,True,O09:Monoculture::Oxa,10.17632/fypp6xhkjy.1
1663,O09,Monoculture,,Oxa,1.1,1.1,uM,1,False,875,,False,True,O09:Monoculture::Oxa,10.17632/fypp6xhkjy.1
1664,O09,Monoculture,,Oxa,1.1,1.1,uM,2,False,851,,False,True,O09:Monoculture::Oxa,10.17632/fypp6xhkjy.1
1665,O09,Monoculture,,Oxa,1.1,1.1,uM,3,False,1607,,False,True,O09:Monoculture::Oxa,10.17632/fypp6xhkjy.1
1666,O09,Monoculture,,Oxa,2.5,2.5,uM,1,False,803,,False,True,O09:Monoculture::Oxa,10.17632/fypp6xhkjy.1
1667,O09,Monoculture,,Oxa,2.5,2.5,uM,2,False,1214,,False,True,O09:Monoculture::Oxa,10.17632/fypp6xhkjy.1
1668,O09,Monoculture,,Oxa,2.5,2.5,uM,3,False,936,,False,True,O09:Monoculture::Oxa,10.17632/fypp6xhkjy.1
1669,O09,Monoculture,,Oxa,5.5,5.5,uM,1,False,744,,False,True,O09:Monoculture::Oxa,10.17632/fypp6xhkjy.1
1670,O09,Monoculture,,Oxa,5.5,5.5,uM,2,False,698,,False,True,O09:Monoculture::Oxa,10.17632/fypp6xhkjy.1
1671,O09,Monoculture,,Oxa,5.5,5.5,uM,3,False,777,,False,True,O09:Monoculture::Oxa,10.17632/fypp6xhkjy.1
1672,O09,Monoculture,,Oxa,12.2,12.2,uM,1,False,690,,False,True,O09:Monoculture::Oxa,10.17632/fypp6xhkjy.1
1673,O09,Monoculture,,Oxa,12.2,12.2,uM,2,False,767,,False,True,O09:Monoculture::Oxa,10.17632/fypp6xhkjy.1
1674,O09,Monoculture,,Oxa,12.2,12.2,uM,3,False,651,,False,True,O09:Monoculture::Oxa,10.17632/fypp6xhkjy.1
1675,O09,Monoculture,,Oxa,27.0,27.0,uM,1,False,677,,False,True,O09:Monoculture::Oxa,10.17632/fypp6xhkjy.1
1676,O09,Monoculture,,Oxa,27.0,27.0,uM,2,False,741,,False,True,O09:Monoculture::Oxa,10.17632/fypp6xhkjy.1
1677,O09,Monoculture,,Oxa,27.0,27.0,uM,3,False,591,,False,True,O09:Monoculture::Oxa,10.17632/fypp6xhkjy.1
1678,O09,Monoculture,,Oxa,60.0,60.0,uM,1,False,395,,False,True,O09:Monoculture::Oxa,10.17632/fypp6xhkjy.1
1679,O09,Monoculture,,Oxa,60.0,60.0,uM,2,False,539,,False,True,O09:Monoculture::Oxa,10.17632/fypp6xhkjy.1
1680,O09,Monoculture,,Oxa,60.0,60.0,uM,3,False,412,,False,True,O09:Monoculture::Oxa,10.17632/fypp6xhkjy.1
1681,O09,Monoculture,,SN-38,DMSO,0.0,nM,1,True,173,cells lost,False,False,O09:Monoculture::SN-38,10.17632/fypp6xhkjy.1
1682,O09,Monoculture,,SN-38,DMSO,0.0,nM,2,True,2703,,False,True,O09:Monoculture::SN-38,10.17632/fypp6xhkjy.1
1683,O09,Monoculture,,SN-38,DMSO,0.0,nM,3,True,1386,,False,True,O09:Monoculture::SN-38,10.17632/fypp6xhkjy.1
1684,O09,Monoculture,,SN-38,0.1,0.1,nM,1,False,17,cells lost,False,False,O09:Monoculture::SN-38,10.17632/fypp6xhkjy.1
1685,O09,Monoculture,,SN-38,0.1,0.1,nM,2,False,2104,,False,True,O09:Monoculture::SN-38,10.17632/fypp6xhkjy.1
1686,O09,Monoculture,,SN-38,0.1,0.1,nM,3,False,1726,,False,True,O09:Monoculture::SN-38,10.17632/fypp6xhkjy.1
1687,O09,Monoculture,,SN-38,0.2,0.2,nM,1,False,5895,seeding not uniform,False,False,O09:Monoculture::SN-38,10.17632/fypp6xhkjy.1
1688,O09,Monoculture,,SN-38,0.2,0.2,nM,2,False,2309,,False,True,O09:Monoculture::SN-38,10.17632/fypp6xhkjy.1
1689,O09,Monoculture,,SN-38,0.2,0.2,nM,3,False,1601,,False,True,O09:Monoculture::SN-38,10.17632/fypp6xhkjy.1
1690,O09,Monoculture,,SN-38,0.4,0.4,nM,1,False,2532,,False,True,O09:Monoculture::SN-38,10.17632/fypp6xhkjy.1
1691,O09,Monoculture,,SN-38,0.4,0.4,nM,2,False,2645,,False,True,O09:Monoculture::SN-38,10.17632/fypp6xhkjy.1
1692,O09,Monoculture,,SN-38,0.4,0.4,nM,3,False,5326,seeding not uniform,False,False,O09:Monoculture::SN-38,10.17632/fypp6xhkjy.1
1693,O09,Monoculture,,SN-38,0.7,0.7,nM,1,False,148,cells lost,False,False,O09:Monoculture::SN-38,10.17632/fypp6xhkjy.1
1694,O09,Monoculture,,SN-38,0.7,0.7,nM,2,False,886,,False,True,O09:Monoculture::SN-38,10.17632/fypp6xhkjy.1
1695,O09,Monoculture,,SN-38,0.7,0.7,nM,3,False,1318,,False,True,O09:Monoculture::SN-38,10.17632/fypp6xhkjy.1
1696,O09,Monoculture,,SN-38,1.4,1.4,nM,1,False,1270,,False,True,O09:Monoculture::SN-38,10.17632/fypp6xhkjy.1
1697,O09,Monoculture,,SN-38,1.4,1.4,nM,2,False,877,,False,True,O09:Monoculture::SN-38,10.17632/fypp6xhkjy.1
1698,O09,Monoculture,,SN-38,1.4,1.4,nM,3,False,1150,,False,True,O09:Monoculture::SN-38,10.17632/fypp6xhkjy.1
1699,O09,Monoculture,,SN-38,2.6,2.6,nM,1,False,1290,seeding not uniform,False,False,O09:Monoculture::SN-38,10.17632/fypp6xhkjy.1
1700,O09,Monoculture,,SN-38,2.6,2.6,nM,2,False,442,,False,True,O09:Monoculture::SN-38,10.17632/fypp6xhkjy.1
1701,O09,Monoculture,,SN-38,2.6,2.6,nM,3,False,723,,False,True,O09:Monoculture::SN-38,10.17632/fypp6xhkjy.1
1702,O09,Monoculture,,SN-38,5.0,5.0,nM,1,False,420,,False,True,O09:Monoculture::SN-38,10.17632/fypp6xhkjy.1
1703,O09,Monoculture,,SN-38,5.0,5.0,nM,2,False,905,,False,True,O09:Monoculture::SN-38,10.17632/fypp6xhkjy.1
1704,O09,Monoculture,,SN-38,5.0,5.0,nM,3,False,702,,False,True,O09:Monoculture::SN-38,10.17632/fypp6xhkjy.1
1705,O09,Monoculture,,Gef,DMSO,0.0,uM,1,True,1174,,False,True,O09:Monoculture::Gef,10.17632/fypp6xhkjy.1
1706,O09,Monoculture,,Gef,DMSO,0.0,uM,2,True,1352,,False,True,O09:Monoculture::Gef,10.17632/fypp6xhkjy.1
1707,O09,Monoculture,,Gef,DMSO,0.0,uM,3,True,1700,,False,True,O09:Monoculture::Gef,10.17632/fypp6xhkjy.1
1708,O09,Monoculture,,Gef,0.01,0.01,uM,1,False,1513,,False,True,O09:Monoculture::Gef,10.17632/fypp6xhkjy.1
1709,O09,Monoculture,,Gef,0.01,0.01,uM,2,False,1254,,False,True,O09:Monoculture::Gef,10.17632/fypp6xhkjy.1
1710,O09,Monoculture,,Gef,0.01,0.01,uM,3,False,1616,,False,True,O09:Monoculture::Gef,10.17632/fypp6xhkjy.1
1711,O09,Monoculture,,Gef,0.04,0.04,uM,1,False,2216,,False,True,O09:Monoculture::Gef,10.17632/fypp6xhkjy.1
1712,O09,Monoculture,,Gef,0.04,0.04,uM,2,False,1264,,False,True,O09:Monoculture::Gef,10.17632/fypp6xhkjy.1
1713,O09,Monoculture,,Gef,0.04,0.04,uM,3,False,1580,,False,True,O09:Monoculture::Gef,10.17632/fypp6xhkjy.1
1714,O09,Monoculture,,Gef,0.1,0.1,uM,1,False,1624,,False,True,O09:Monoculture::Gef,10.17632/fypp6xhkjy.1
1715,O09,Monoculture,,Gef,0.1,0.1,uM,2,False,579,seeding not uniform,False,False,O09:Monoculture::Gef,10.17632/fypp6xhkjy.1
1716,O09,Monoculture,,Gef,0.1,0.1,uM,3,False,1979,,False,True,O09:Monoculture::Gef,10.17632/fypp6xhkjy.1
1717,O09,Monoculture,,Gef,0.4,0.4,uM,1,False,214,,False,True,O09:Monoculture::Gef,10.17632/fypp6xhkjy.1
1718,O09,Monoculture,,Gef,0.4,0.4,uM,2,False,202,,False,True,O09:Monoculture::Gef,10.17632/fypp6xhkjy.1
1719,O09,Monoculture,,Gef,0.4,0.4,uM,3,False,183,,False,True,O09:Monoculture::Gef,10.17632/fypp6xhkjy.1
1720,O09,Monoculture,,Gef,1.1,1.1,uM,1,False,166,,False,True,O09:Monoculture::Gef,10.17632/fypp6xhkjy.1
1721,O09,Monoculture,,Gef,1.1,1.1,uM,2,False,163,,False,True,O09:Monoculture::Gef,10.17632/fypp6xhkjy.1
1722,O09,Monoculture,,Gef,1.1,1.1,uM,3,False,165,,False,True,O09:Monoculture::Gef,10.17632/fypp6xhkjy.1
1723,O09,Monoculture,,Gef,3.3,3.3,uM,1,False,69,,False,True,O09:Monoculture::Gef,10.17632/fypp6xhkjy.1
1724,O09,Monoculture,,Gef,3.3,3.3,uM,2,False,74,,False,True,O09:Monoculture::Gef,10.17632/fypp6xhkjy.1
1725,O09,Monoculture,,Gef,3.3,3.3,uM,3,False,83,,False,True,O09:Monoculture::Gef,10.17632/fypp6xhkjy.1
1726,O09,Monoculture,,Gef,10.0,10.0,uM,1,False,3,,False,True,O09:Monoculture::Gef,10.17632/fypp6xhkjy.1
1727,O09,Monoculture,,Gef,10.0,10.0,uM,2,False,3,,False,True,O09:Monoculture::Gef,10.17632/fypp6xhkjy.1
1728,O09,Monoculture,,Gef,10.0,10.0,uM,3,False,3,,False,True,O09:Monoculture::Gef,10.17632/fypp6xhkjy.1
1729,O09,Coculture,F17,5-FU,DMSO,0.0,uM,1,True,2625,,False,True,O09:Coculture:F17:5-FU,10.17632/fypp6xhkjy.1
1730,O09,Coculture,F17,5-FU,DMSO,0.0,uM,2,True,3735,,False,True,O09:Coculture:F17:5-FU,10.17632/fypp6xhkjy.1
1731,O09,Coculture,F17,5-FU,DMSO,0.0,uM,3,True,1746,,False,True,O09:Coculture:F17:5-FU,10.17632/fypp6xhkjy.1
1732,O09,Coculture,F17,5-FU,0.5,0.5,uM,1,False,2840,,False,True,O09:Coculture:F17:5-FU,10.17632/fypp6xhkjy.1
1733,O09,Coculture,F17,5-FU,0.5,0.5,uM,2,False,1719,,False,True,O09:Coculture:F17:5-FU,10.17632/fypp6xhkjy.1
1734,O09,Coculture,F17,5-FU,0.5,0.5,uM,3,False,2903,,False,True,O09:Coculture:F17:5-FU,10.17632/fypp6xhkjy.1
1735,O09,Coculture,F17,5-FU,1.1,1.1,uM,1,False,1357,,False,True,O09:Coculture:F17:5-FU,10.17632/fypp6xhkjy.1
1736,O09,Coculture,F17,5-FU,1.1,1.1,uM,2,False,2271,,False,True,O09:Coculture:F17:5-FU,10.17632/fypp6xhkjy.1
1737,O09,Coculture,F17,5-FU,1.1,1.1,uM,3,False,3434,,False,True,O09:Coculture:F17:5-FU,10.17632/fypp6xhkjy.1
1738,O09,Coculture,F17,5-FU,2.5,2.5,uM,1,False,964,,False,True,O09:Coculture:F17:5-FU,10.17632/fypp6xhkjy.1
1739,O09,Coculture,F17,5-FU,2.5,2.5,uM,2,False,1036,,False,True,O09:Coculture:F17:5-FU,10.17632/fypp6xhkjy.1
1740,O09,Coculture,F17,5-FU,2.5,2.5,uM,3,False,1029,,False,True,O09:Coculture:F17:5-FU,10.17632/fypp6xhkjy.1
1741,O09,Coculture,F17,5-FU,5.5,5.5,uM,1,False,668,,False,True,O09:Coculture:F17:5-FU,10.17632/fypp6xhkjy.1
1742,O09,Coculture,F17,5-FU,5.5,5.5,uM,2,False,531,,False,True,O09:Coculture:F17:5-FU,10.17632/fypp6xhkjy.1
1743,O09,Coculture,F17,5-FU,5.5,5.5,uM,3,False,779,,False,True,O09:Coculture:F17:5-FU,10.17632/fypp6xhkjy.1
1744,O09,Coculture,F17,5-FU,12.2,12.2,uM,1,False,717,,False,True,O09:Coculture:F17:5-FU,10.17632/fypp6xhkjy.1
1745,O09,Coculture,F17,5-FU,12.2,12.2,uM,2,False,657,,False,True,O09:Coculture:F17:5-FU,10.17632/fypp6xhkjy.1
1746,O09,Coculture,F17,5-FU,12.2,12.2,uM,3,False,622,,False,True,O09:Coculture:F17:5-FU,10.17632/fypp6xhkjy.1
1747,O09,Coculture,F17,5-FU,27.0,27.0,uM,1,False,736,,False,True,O09:Coculture:F17:5-FU,10.17632/fypp6xhkjy.1
1748,O09,Coculture,F17,5-FU,27.0,27.0,uM,2,False,887,,False,True,O09:Coculture:F17:5-FU,10.17632/fypp6xhkjy.1
1749,O09,Coculture,F17,5-FU,27.0,27.0,uM,3,False,1002,,False,True,O09:Coculture:F17:5-FU,10.17632/fypp6xhkjy.1
1750,O09,Coculture,F17,5-FU,60.0,60.0,uM,1,False,963,,False,True,O09:Coculture:F17:5-FU,10.17632/fypp6xhkjy.1
1751,O09,Coculture,F17,5-FU,60.0,60.0,uM,2,False,879,,False,True,O09:Coculture:F17:5-FU,10.17632/fypp6xhkjy.1
1752,O09,Coculture,F17,5-FU,60.0,60.0,uM,3,False,998,,False,True,O09:Coculture:F17:5-FU,10.17632/fypp6xhkjy.1
1753,O09,Coculture,F17,Oxa,DMSO,0.0,uM,1,True,2523,,False,True,O09:Coculture:F17:Oxa,10.17632/fypp6xhkjy.1
1754,O09,Coculture,F17,Oxa,DMSO,0.0,uM,2,True,3783,,False,True,O09:Coculture:F17:Oxa,10.17632/fypp6xhkjy.1
1755,O09,Coculture,F17,Oxa,DMSO,0.0,uM,3,True,3309,,False,True,O09:Coculture:F17:Oxa,10.17632/fypp6xhkjy.1
1756,O09,Coculture,F17,Oxa,0.5,0.5,uM,1,False,1497,,False,True,O09:Coculture:F17:Oxa,10.17632/fypp6xhkjy.1
1757,O09,Coculture,F17,Oxa,0.5,0.5,uM,2,False,2199,seeding not uniform,False,False,O09:Coculture:F17:Oxa,10.17632/fypp6xhkjy.1
1758,O09,Coculture,F17,Oxa,0.5,0.5,uM,3,False,1338,,False,True,O09:Coculture:F17:Oxa,10.17632/fypp6xhkjy.1
1759,O09,Coculture,F17,Oxa,1.1,1.1,uM,1,False,1433,,False,True,O09:Coculture:F17:Oxa,10.17632/fypp6xhkjy.1
1760,O09,Coculture,F17,Oxa,1.1,1.1,uM,2,False,1510,,False,True,O09:Coculture:F17:Oxa,10.17632/fypp6xhkjy.1
1761,O09,Coculture,F17,Oxa,1.1,1.1,uM,3,False,1013,,False,True,O09:Coculture:F17:Oxa,10.17632/fypp6xhkjy.1
1762,O09,Coculture,F17,Oxa,2.5,2.5,uM,1,False,1391,,False,True,O09:Coculture:F17:Oxa,10.17632/fypp6xhkjy.1
1763,O09,Coculture,F17,Oxa,2.5,2.5,uM,2,False,1265,,False,True,O09:Coculture:F17:Oxa,10.17632/fypp6xhkjy.1
1764,O09,Coculture,F17,Oxa,2.5,2.5,uM,3,False,1086,,False,True,O09:Coculture:F17:Oxa,10.17632/fypp6xhkjy.1
1765,O09,Coculture,F17,Oxa,5.5,5.5,uM,1,False,760,,False,True,O09:Coculture:F17:Oxa,10.17632/fypp6xhkjy.1
1766,O09,Coculture,F17,Oxa,5.5,5.5,uM,2,False,990,,False,True,O09:Coculture:F17:Oxa,10.17632/fypp6xhkjy.1
1767,O09,Coculture,F17,Oxa,5.5,5.5,uM,3,False,832,,False,True,O09:Coculture:F17:Oxa,10.17632/fypp6xhkjy.1
1768,O09,Coculture,F17,Oxa,12.2,12.2,uM,1,False,862,,False,True,O09:Coculture:F17:Oxa,10.17632/fypp6xhkjy.1
1769,O09,Coculture,F17,Oxa,12.2,12.2,uM,2,False,1223,,False,True,O09:Coculture:F17:Oxa,10.17632/fypp6xhkjy.1
1770,O09,Coculture,F17,Oxa,12.2,12.2,uM,3,False,998,,False,True,O09:Coculture:F17:Oxa,10.17632/fypp6xhkjy.1
1771,O09,Coculture,F17,Oxa,27.0,27.0,uM,1,False,1154,,False,True,O09:Coculture:F17:Oxa,10.17632/fypp6xhkjy.1
1772,O09,Coculture,F17,Oxa,27.0,27.0,uM,2,False,1434,,False,True,O09:Coculture:F17:Oxa,10.17632/fypp6xhkjy.1
1773,O09,Coculture,F17,Oxa,27.0,27.0,uM,3,False,866,,False,True,O09:Coculture:F17:Oxa,10.17632/fypp6xhkjy.1
1774,O09,Coculture,F17,Oxa,60.0,60.0,uM,1,False,936,,False,True,O09:Coculture:F17:Oxa,10.17632/fypp6xhkjy.1
1775,O09,Coculture,F17,Oxa,60.0,60.0,uM,2,False,783,,False,True,O09:Coculture:F17:Oxa,10.17632/fypp6xhkjy.1
1776,O09,Coculture,F17,Oxa,60.0,60.0,uM,3,False,907,,False,True,O09:Coculture:F17:Oxa,10.17632/fypp6xhkjy.1
1777,O09,Coculture,F17,SN-38,DMSO,0.0,nM,1,True,2421,,False,True,O09:Coculture:F17:SN-38,10.17632/fypp6xhkjy.1
1778,O09,Coculture,F17,SN-38,DMSO,0.0,nM,2,True,2688,,False,True,O09:Coculture:F17:SN-38,10.17632/fypp6xhkjy.1
1779,O09,Coculture,F17,SN-38,DMSO,0.0,nM,3,True,2524,,False,True,O09:Coculture:F17:SN-38,10.17632/fypp6xhkjy.1
1780,O09,Coculture,F17,SN-38,0.1,0.1,nM,1,False,3512,,False,True,O09:Coculture:F17:SN-38,10.17632/fypp6xhkjy.1
1781,O09,Coculture,F17,SN-38,0.1,0.1,nM,2,False,2943,,False,True,O09:Coculture:F17:SN-38,10.17632/fypp6xhkjy.1
1782,O09,Coculture,F17,SN-38,0.1,0.1,nM,3,False,2766,,False,True,O09:Coculture:F17:SN-38,10.17632/fypp6xhkjy.1
1783,O09,Coculture,F17,SN-38,0.2,0.2,nM,1,False,2666,,False,True,O09:Coculture:F17:SN-38,10.17632/fypp6xhkjy.1
1784,O09,Coculture,F17,SN-38,0.2,0.2,nM,2,False,5217,seeding not uniform,False,False,O09:Coculture:F17:SN-38,10.17632/fypp6xhkjy.1
1785,O09,Coculture,F17,SN-38,0.2,0.2,nM,3,False,2786,,False,True,O09:Coculture:F17:SN-38,10.17632/fypp6xhkjy.1
1786,O09,Coculture,F17,SN-38,0.4,0.4,nM,1,False,3476,,False,True,O09:Coculture:F17:SN-38,10.17632/fypp6xhkjy.1
1787,O09,Coculture,F17,SN-38,0.4,0.4,nM,2,False,2625,,False,True,O09:Coculture:F17:SN-38,10.17632/fypp6xhkjy.1
1788,O09,Coculture,F17,SN-38,0.4,0.4,nM,3,False,3420,,False,True,O09:Coculture:F17:SN-38,10.17632/fypp6xhkjy.1
1789,O09,Coculture,F17,SN-38,0.7,0.7,nM,1,False,2299,,False,True,O09:Coculture:F17:SN-38,10.17632/fypp6xhkjy.1
1790,O09,Coculture,F17,SN-38,0.7,0.7,nM,2,False,1962,,False,True,O09:Coculture:F17:SN-38,10.17632/fypp6xhkjy.1
1791,O09,Coculture,F17,SN-38,0.7,0.7,nM,3,False,2361,,False,True,O09:Coculture:F17:SN-38,10.17632/fypp6xhkjy.1
1792,O09,Coculture,F17,SN-38,1.4,1.4,nM,1,False,1570,,False,True,O09:Coculture:F17:SN-38,10.17632/fypp6xhkjy.1
1793,O09,Coculture,F17,SN-38,1.4,1.4,nM,2,False,1411,,False,True,O09:Coculture:F17:SN-38,10.17632/fypp6xhkjy.1
1794,O09,Coculture,F17,SN-38,1.4,1.4,nM,3,False,1661,,False,True,O09:Coculture:F17:SN-38,10.17632/fypp6xhkjy.1
1795,O09,Coculture,F17,SN-38,2.6,2.6,nM,1,False,647,,False,True,O09:Coculture:F17:SN-38,10.17632/fypp6xhkjy.1
1796,O09,Coculture,F17,SN-38,2.6,2.6,nM,2,False,1215,,False,True,O09:Coculture:F17:SN-38,10.17632/fypp6xhkjy.1
1797,O09,Coculture,F17,SN-38,2.6,2.6,nM,3,False,1190,,False,True,O09:Coculture:F17:SN-38,10.17632/fypp6xhkjy.1
1798,O09,Coculture,F17,SN-38,5.0,5.0,nM,1,False,716,,False,True,O09:Coculture:F17:SN-38,10.17632/fypp6xhkjy.1
1799,O09,Coculture,F17,SN-38,5.0,5.0,nM,2,False,788,,False,True,O09:Coculture:F17:SN-38,10.17632/fypp6xhkjy.1
1800,O09,Coculture,F17,SN-38,5.0,5.0,nM,3,False,821,,False,True,O09:Coculture:F17:SN-38,10.17632/fypp6xhkjy.1
1801,O09,Coculture,F17,Gef,DMSO,0.0,uM,1,True,2211,,False,True,O09:Coculture:F17:Gef,10.17632/fypp6xhkjy.1
1802,O09,Coculture,F17,Gef,DMSO,0.0,uM,2,True,2000,,False,True,O09:Coculture:F17:Gef,10.17632/fypp6xhkjy.1
1803,O09,Coculture,F17,Gef,DMSO,0.0,uM,3,True,1657,,False,True,O09:Coculture:F17:Gef,10.17632/fypp6xhkjy.1
1804,O09,Coculture,F17,Gef,0.01,0.01,uM,1,False,2509,,False,True,O09:Coculture:F17:Gef,10.17632/fypp6xhkjy.1
1805,O09,Coculture,F17,Gef,0.01,0.01,uM,2,False,2385,,False,True,O09:Coculture:F17:Gef,10.17632/fypp6xhkjy.1
1806,O09,Coculture,F17,Gef,0.01,0.01,uM,3,False,3051,,False,True,O09:Coculture:F17:Gef,10.17632/fypp6xhkjy.1
1807,O09,Coculture,F17,Gef,0.04,0.04,uM,1,False,1662,,False,True,O09:Coculture:F17:Gef,10.17632/fypp6xhkjy.1
1808,O09,Coculture,F17,Gef,0.04,0.04,uM,2,False,2173,,False,True,O09:Coculture:F17:Gef,10.17632/fypp6xhkjy.1
1809,O09,Coculture,F17,Gef,0.04,0.04,uM,3,False,2480,,False,True,O09:Coculture:F17:Gef,10.17632/fypp6xhkjy.1
1810,O09,Coculture,F17,Gef,0.1,0.1,uM,1,False,1249,seeding not uniform,False,False,O09:Coculture:F17:Gef,10.17632/fypp6xhkjy.1
1811,O09,Coculture,F17,Gef,0.1,0.1,uM,2,False,3241,,False,True,O09:Coculture:F17:Gef,10.17632/fypp6xhkjy.1
1812,O09,Coculture,F17,Gef,0.1,0.1,uM,3,False,2579,,False,True,O09:Coculture:F17:Gef,10.17632/fypp6xhkjy.1
1813,O09,Coculture,F17,Gef,0.4,0.4,uM,1,False,1403,,False,True,O09:Coculture:F17:Gef,10.17632/fypp6xhkjy.1
1814,O09,Coculture,F17,Gef,0.4,0.4,uM,2,False,974,,False,True,O09:Coculture:F17:Gef,10.17632/fypp6xhkjy.1
1815,O09,Coculture,F17,Gef,0.4,0.4,uM,3,False,1121,,False,True,O09:Coculture:F17:Gef,10.17632/fypp6xhkjy.1
1816,O09,Coculture,F17,Gef,1.1,1.1,uM,1,False,1276,,False,True,O09:Coculture:F17:Gef,10.17632/fypp6xhkjy.1
1817,O09,Coculture,F17,Gef,1.1,1.1,uM,2,False,737,,False,True,O09:Coculture:F17:Gef,10.17632/fypp6xhkjy.1
1818,O09,Coculture,F17,Gef,1.1,1.1,uM,3,False,1103,,False,True,O09:Coculture:F17:Gef,10.17632/fypp6xhkjy.1
1819,O09,Coculture,F17,Gef,3.3,3.3,uM,1,False,594,,False,True,O09:Coculture:F17:Gef,10.17632/fypp6xhkjy.1
1820,O09,Coculture,F17,Gef,3.3,3.3,uM,2,False,755,,False,True,O09:Coculture:F17:Gef,10.17632/fypp6xhkjy.1
1821,O09,Coculture,F17,Gef,3.3,3.3,uM,3,False,773,,False,True,O09:Coculture:F17:Gef,10.17632/fypp6xhkjy.1
1822,O09,Coculture,F17,Gef,10.0,10.0,uM,1,False,32,,False,True,O09:Coculture:F17:Gef,10.17632/fypp6xhkjy.1
1823,O09,Coculture,F17,Gef,10.0,10.0,uM,2,False,41,,False,True,O09:Coculture:F17:Gef,10.17632/fypp6xhkjy.1
1824,O09,Coculture,F17,Gef,10.0,10.0,uM,3,False,54,,False,True,O09:Coculture:F17:Gef,10.17632/fypp6xhkjy.1
1825,O10,Monoculture,,5-FU,DMSO,0.0,uM,1,True,60951,,False,True,O10:Monoculture::5-FU,10.17632/fypp6xhkjy.1
1826,O10,Monoculture,,5-FU,DMSO,0.0,uM,2,True,60072,,False,True,O10:Monoculture::5-FU,10.17632/fypp6xhkjy.1
1827,O10,Monoculture,,5-FU,DMSO,0.0,uM,3,True,58421,,False,True,O10:Monoculture::5-FU,10.17632/fypp6xhkjy.1
1828,O10,Monoculture,,5-FU,0.5,0.5,uM,1,False,72007,,False,True,O10:Monoculture::5-FU,10.17632/fypp6xhkjy.1
1829,O10,Monoculture,,5-FU,0.5,0.5,uM,2,False,70968,,False,True,O10:Monoculture::5-FU,10.17632/fypp6xhkjy.1
1830,O10,Monoculture,,5-FU,0.5,0.5,uM,3,False,61420,,False,True,O10:Monoculture::5-FU,10.17632/fypp6xhkjy.1
1831,O10,Monoculture,,5-FU,1.1,1.1,uM,1,False,45326,,False,True,O10:Monoculture::5-FU,10.17632/fypp6xhkjy.1
1832,O10,Monoculture,,5-FU,1.1,1.1,uM,2,False,46777,,False,True,O10:Monoculture::5-FU,10.17632/fypp6xhkjy.1
1833,O10,Monoculture,,5-FU,1.1,1.1,uM,3,False,66512,,False,True,O10:Monoculture::5-FU,10.17632/fypp6xhkjy.1
1834,O10,Monoculture,,5-FU,2.5,2.5,uM,1,False,102748,seeding not uniform,False,False,O10:Monoculture::5-FU,10.17632/fypp6xhkjy.1
1835,O10,Monoculture,,5-FU,2.5,2.5,uM,2,False,52705,,False,True,O10:Monoculture::5-FU,10.17632/fypp6xhkjy.1
1836,O10,Monoculture,,5-FU,2.5,2.5,uM,3,False,55479,,False,True,O10:Monoculture::5-FU,10.17632/fypp6xhkjy.1
1837,O10,Monoculture,,5-FU,5.5,5.5,uM,1,False,64387,,False,True,O10:Monoculture::5-FU,10.17632/fypp6xhkjy.1
1838,O10,Monoculture,,5-FU,5.5,5.5,uM,2,False,53806,,False,True,O10:Monoculture::5-FU,10.17632/fypp6xhkjy.1
1839,O10,Monoculture,,5-FU,5.5,5.5,uM,3,False,3870,cells lost,False,False,O10:Monoculture::5-FU,10.17632/fypp6xhkjy.1
1840,O10,Monoculture,,5-FU,12.2,12.2,uM,1,False,32978,,False,True,O10:Monoculture::5-FU,10.17632/fypp6xhkjy.1
1841,O10,Monoculture,,5-FU,12.2,12.2,uM,2,False,40730,,False,True,O10:Monoculture::5-FU,10.17632/fypp6xhkjy.1
1842,O10,Monoculture,,5-FU,12.2,12.2,uM,3,False,45716,,False,True,O10:Monoculture::5-FU,10.17632/fypp6xhkjy.1
1843,O10,Monoculture,,5-FU,27.0,27.0,uM,1,False,27807,,False,True,O10:Monoculture::5-FU,10.17632/fypp6xhkjy.1
1844,O10,Monoculture,,5-FU,27.0,27.0,uM,2,False,38405,,False,True,O10:Monoculture::5-FU,10.17632/fypp6xhkjy.1
1845,O10,Monoculture,,5-FU,27.0,27.0,uM,3,False,14990,,False,True,O10:Monoculture::5-FU,10.17632/fypp6xhkjy.1
1846,O10,Monoculture,,5-FU,60.0,60.0,uM,1,False,14244,,False,True,O10:Monoculture::5-FU,10.17632/fypp6xhkjy.1
1847,O10,Monoculture,,5-FU,60.0,60.0,uM,2,False,12863,,False,True,O10:Monoculture::5-FU,10.17632/fypp6xhkjy.1
1848,O10,Monoculture,,5-FU,60.0,60.0,uM,3,False,14931,,False,True,O10:Monoculture::5-FU,10.17632/fypp6xhkjy.1
1849,O10,Monoculture,,Oxa,DMSO,0.0,uM,1,True,154519,seeding not uniform,False,False,O10:Monoculture::Oxa,10.17632/fypp6xhkjy.1
1850,O10,Monoculture,,Oxa,DMSO,0.0,uM,2,True,65900,,False,True,O10:Monoculture::Oxa,10.17632/fypp6xhkjy.1
1851,O10,Monoculture,,Oxa,DMSO,0.0,uM,3,True,68468,,False,True,O10:Monoculture::Oxa,10.17632/fypp6xhkjy.1
1852,O10,Monoculture,,Oxa,0.5,0.5,uM,1,False,58394,,False,True,O10:Monoculture::Oxa,10.17632/fypp6xhkjy.1
1853,O10,Monoculture,,Oxa,0.5,0.5,uM,2,False,61509,,False,True,O10:Monoculture::Oxa,10.17632/fypp6xhkjy.1
1854,O10,Monoculture,,Oxa,0.5,0.5,uM,3,False,47425,,False,True,O10:Monoculture::Oxa,10.17632/fypp6xhkjy.1
1855,O10,Monoculture,,Oxa,1.1,1.1,uM,1,False,48759,,False,True,O10:Monoculture::Oxa,10.17632/fypp6xhkjy.1
1856,O10,Monoculture,,Oxa,1.1,1.1,uM,2,False,37053,,False,True,O10:Monoculture::Oxa,10.17632/fypp6xhkjy.1
1857,O10,Monoculture,,Oxa,1.1,1.1,uM,3,False,41125,,False,True,O10:Monoculture::Oxa,10.17632/fypp6xhkjy.1
1858,O10,Monoculture,,Oxa,2.5,2.5,uM,1,False,18671,,False,True,O10:Monoculture::Oxa,10.17632/fypp6xhkjy.1
1859,O10,Monoculture,,Oxa,2.5,2.5,uM,2,False,21760,,False,True,O10:Monoculture::Oxa,10.17632/fypp6xhkjy.1
1860,O10,Monoculture,,Oxa,2.5,2.5,uM,3,False,22528,,False,True,O10:Monoculture::Oxa,10.17632/fypp6xhkjy.1
1861,O10,Monoculture,,Oxa,5.5,5.5,uM,1,False,8447,,False,True,O10:Monoculture::Oxa,10.17632/fypp6xhkjy.1
1862,O10,Monoculture,,Oxa,5.5,5.5,uM,2,False,7738,,False,True,O10:Monoculture::Oxa,10.17632/fypp6xhkjy.1
1863,O10,Monoculture,,Oxa,5.5,5.5,uM,3,False,9156,,False,True,O10:Monoculture::Oxa,10.17632/fypp6xhkjy.1
1864,O10,Monoculture,,Oxa,12.2,12.2,uM,1,False,5558,,False,True,O10:Monoculture::Oxa,10.17632/fypp6xhkjy.1
1865,O10,Monoculture,,Oxa,12.2,12.2,uM,2,False,6033,,False,True,O10:Monoculture::Oxa,10.17632/fypp6xhkjy.1
1866,O10,Monoculture,,Oxa,12.2,12.2,uM,3,False,4591,,False,True,O10:Monoculture::Oxa,10.17632/fypp6xhkjy.1
1867,O10,Monoculture,,Oxa,27.0,27.0,uM,1,False,4260,,False,True,O10:Monoculture::Oxa,10.17632/fypp6xhkjy.1
1868,O10,Monoculture,,Oxa,27.0,27.0,uM,2,False,4283,,False,True,O10:Monoculture::Oxa,10.17632/fypp6xhkjy.1
1869,O10,Monoculture,,Oxa,27.0,27.0,uM,3,False,4525,,False,True,O10:Monoculture::Oxa,10.17632/fypp6xhkjy.1
1870,O10,Monoculture,,Oxa,60.0,60.0,uM,1,False,3391,,False,True,O10:Monoculture::Oxa,10.17632/fypp6xhkjy.1
1871,O10,Monoculture,,Oxa,60.0,60.0,uM,2,False,3119,,False,True,O10:Monoculture::Oxa,10.17632/fypp6xhkjy.1
1872,O10,Monoculture,,Oxa,60.0,60.0,uM,3,False,3018,,False,True,O10:Monoculture::Oxa,10.17632/fypp6xhkjy.1
1873,O10,Monoculture,,SN-38,DMSO,0.0,nM,1,True,55036,,False,True,O10:Monoculture::SN-38,10.17632/fypp6xhkjy.1
1874,O10,Monoculture,,SN-38,DMSO,0.0,nM,2,True,51061,,False,True,O10:Monoculture::SN-38,10.17632/fypp6xhkjy.1
1875,O10,Monoculture,,SN-38,DMSO,0.0,nM,3,True,63871,,False,True,O10:Monoculture::SN-38,10.17632/fypp6xhkjy.1
1876,O10,Monoculture,,SN-38,0.1,0.1,nM,1,False,43050,,False,True,O10:Monoculture::SN-38,10.17632/fypp6xhkjy.1
1877,O10,Monoculture,,SN-38,0.1,0.1,nM,2,False,41357,,False,True,O10:Monoculture::SN-38,10.17632/fypp6xhkjy.1
1878,O10,Monoculture,,SN-38,0.1,0.1,nM,3,False,45535,,False,True,O10:Monoculture::SN-38,10.17632/fypp6xhkjy.1
1879,O10,Monoculture,,SN-38,0.2,0.2,nM,1,False,76923,,False,True,O10:Monoculture::SN-38,10.17632/fypp6xhkjy.1
1880,O10,Monoculture,,SN-38,0.2,0.2,nM,2,False,60249,,False,True,O10:Monoculture::SN-38,10.17632/fypp6xhkjy.1
1881,O10,Monoculture,,SN-38,0.2,0.2,nM,3,False,51071,,False,True,O10:Monoculture::SN-38,10.17632/fypp6xhkjy.1
1882,O10,Monoculture,,SN-38,0.4,0.4,nM,1,False,31907,,False,True,O10:Monoculture::SN-38,10.17632/fypp6xhkjy.1
1883,O10,Monoculture,,SN-38,0.4,0.4,nM,2,False,44523,,False,True,O10:Monoculture::SN-38,10.17632/fypp6xhkjy.1
1884,O10,Monoculture,,SN-38,0.4,0.4,nM,3,False,77811,seeding not uniform,False,False,O10:Monoculture::SN-38,10.17632/fypp6xhkjy.1
1885,O10,Monoculture,,SN-38,0.7,0.7,nM,1,False,43874,,False,True,O10:Monoculture::SN-38,10.17632/fypp6xhkjy.1
1886,O10,Monoculture,,SN-38,0.7,0.7,nM,2,False,46035,,False,True,O10:Monoculture::SN-38,10.17632/fypp6xhkjy.1
1887,O10,Monoculture,,SN-38,0.7,0.7,nM,3,False,45580,,False,True,O10:Monoculture::SN-38,10.17632/fypp6xhkjy.1
1888,O10,Monoculture,,SN-38,1.4,1.4,nM,1,False,49036,,False,True,O10:Monoculture::SN-38,10.17632/fypp6xhkjy.1
1889,O10,Monoculture,,SN-38,1.4,1.4,nM,2,False,43025,,False,True,O10:Monoculture::SN-38,10.17632/fypp6xhkjy.1
1890,O10,Monoculture,,SN-38,1.4,1.4,nM,3,False,6071,cells lost,False,False,O10:Monoculture::SN-38,10.17632/fypp6xhkjy.1
1891,O10,Monoculture,,SN-38,2.6,2.6,nM,1,False,31380,,False,True,O10:Monoculture::SN-38,10.17632/fypp6xhkjy.1
1892,O10,Monoculture,,SN-38,2.6,2.6,nM,2,False,25111,,False,True,O10:Monoculture::SN-38,10.17632/fypp6xhkjy.1
1893,O10,Monoculture,,SN-38,2.6,2.6,nM,3,False,29329,,False,True,O10:Monoculture::SN-38,10.17632/fypp6xhkjy.1
1894,O10,Monoculture,,SN-38,5.0,5.0,nM,1,False,13311,,False,True,O10:Monoculture::SN-38,10.17632/fypp6xhkjy.1
1895,O10,Monoculture,,SN-38,5.0,5.0,nM,2,False,1655,,False,True,O10:Monoculture::SN-38,10.17632/fypp6xhkjy.1
1896,O10,Monoculture,,SN-38,5.0,5.0,nM,3,False,6148,,False,True,O10:Monoculture::SN-38,10.17632/fypp6xhkjy.1
1897,O10,Monoculture,,Gef,DMSO,0.0,uM,1,True,60278,,False,True,O10:Monoculture::Gef,10.17632/fypp6xhkjy.1
1898,O10,Monoculture,,Gef,DMSO,0.0,uM,2,True,61608,,False,True,O10:Monoculture::Gef,10.17632/fypp6xhkjy.1
1899,O10,Monoculture,,Gef,DMSO,0.0,uM,3,True,50166,,False,True,O10:Monoculture::Gef,10.17632/fypp6xhkjy.1
1900,O10,Monoculture,,Gef,0.01,0.01,uM,1,False,57645,,False,True,O10:Monoculture::Gef,10.17632/fypp6xhkjy.1
1901,O10,Monoculture,,Gef,0.01,0.01,uM,2,False,59340,,False,True,O10:Monoculture::Gef,10.17632/fypp6xhkjy.1
1902,O10,Monoculture,,Gef,0.01,0.01,uM,3,False,36088,,False,True,O10:Monoculture::Gef,10.17632/fypp6xhkjy.1
1903,O10,Monoculture,,Gef,0.04,0.04,uM,1,False,73919,seeding not uniform,False,False,O10:Monoculture::Gef,10.17632/fypp6xhkjy.1
1904,O10,Monoculture,,Gef,0.04,0.04,uM,2,False,39673,,False,True,O10:Monoculture::Gef,10.17632/fypp6xhkjy.1
1905,O10,Monoculture,,Gef,0.04,0.04,uM,3,False,51299,,False,True,O10:Monoculture::Gef,10.17632/fypp6xhkjy.1
1906,O10,Monoculture,,Gef,0.1,0.1,uM,1,False,62508,,False,True,O10:Monoculture::Gef,10.17632/fypp6xhkjy.1
1907,O10,Monoculture,,Gef,0.1,0.1,uM,2,False,33879,,False,True,O10:Monoculture::Gef,10.17632/fypp6xhkjy.1
1908,O10,Monoculture,,Gef,0.1,0.1,uM,3,False,50637,,False,True,O10:Monoculture::Gef,10.17632/fypp6xhkjy.1
1909,O10,Monoculture,,Gef,0.4,0.4,uM,1,False,18667,,False,True,O10:Monoculture::Gef,10.17632/fypp6xhkjy.1
1910,O10,Monoculture,,Gef,0.4,0.4,uM,2,False,44247,seeding not uniform,False,False,O10:Monoculture::Gef,10.17632/fypp6xhkjy.1
1911,O10,Monoculture,,Gef,0.4,0.4,uM,3,False,23643,,False,True,O10:Monoculture::Gef,10.17632/fypp6xhkjy.1
1912,O10,Monoculture,,Gef,1.1,1.1,uM,1,False,5427,,False,True,O10:Monoculture::Gef,10.17632/fypp6xhkjy.1
1913,O10,Monoculture,,Gef,1.1,1.1,uM,2,False,9007,,False,True,O10:Monoculture::Gef,10.17632/fypp6xhkjy.1
1914,O10,Monoculture,,Gef,1.1,1.1,uM,3,False,9891,,False,True,O10:Monoculture::Gef,10.17632/fypp6xhkjy.1
1915,O10,Monoculture,,Gef,3.3,3.3,uM,1,False,4548,,False,True,O10:Monoculture::Gef,10.17632/fypp6xhkjy.1
1916,O10,Monoculture,,Gef,3.3,3.3,uM,2,False,1409,,False,True,O10:Monoculture::Gef,10.17632/fypp6xhkjy.1
1917,O10,Monoculture,,Gef,3.3,3.3,uM,3,False,4682,,False,True,O10:Monoculture::Gef,10.17632/fypp6xhkjy.1
1918,O10,Monoculture,,Gef,10.0,10.0,uM,1,False,38,,False,True,O10:Monoculture::Gef,10.17632/fypp6xhkjy.1
1919,O10,Monoculture,,Gef,10.0,10.0,uM,2,False,29,,False,True,O10:Monoculture::Gef,10.17632/fypp6xhkjy.1
1920,O10,Monoculture,,Gef,10.0,10.0,uM,3,False,30,,False,True,O10:Monoculture::Gef,10.17632/fypp6xhkjy.1
1921,O10,Coculture,F11,5-FU,DMSO,0.0,uM,1,True,197021,,False,True,O10:Coculture:F11:5-FU,10.17632/fypp6xhkjy.1
1922,O10,Coculture,F11,5-FU,DMSO,0.0,uM,2,True,161221,,False,True,O10:Coculture:F11:5-FU,10.17632/fypp6xhkjy.1
1923,O10,Coculture,F11,5-FU,DMSO,0.0,uM,3,True,216645,,False,True,O10:Coculture:F11:5-FU,10.17632/fypp6xhkjy.1
1924,O10,Coculture,F11,5-FU,0.5,0.5,uM,1,False,217447,,False,True,O10:Coculture:F11:5-FU,10.17632/fypp6xhkjy.1
1925,O10,Coculture,F11,5-FU,0.5,0.5,uM,2,False,218499,,False,True,O10:Coculture:F11:5-FU,10.17632/fypp6xhkjy.1
1926,O10,Coculture,F11,5-FU,0.5,0.5,uM,3,False,222353,,False,True,O10:Coculture:F11:5-FU,10.17632/fypp6xhkjy.1
1927,O10,Coculture,F11,5-FU,1.1,1.1,uM,1,False,197275,,False,True,O10:Coculture:F11:5-FU,10.17632/fypp6xhkjy.1
1928,O10,Coculture,F11,5-FU,1.1,1.1,uM,2,False,188718,,False,True,O10:Coculture:F11:5-FU,10.17632/fypp6xhkjy.1
1929,O10,Coculture,F11,5-FU,1.1,1.1,uM,3,False,193947,,False,True,O10:Coculture:F11:5-FU,10.17632/fypp6xhkjy.1
1930,O10,Coculture,F11,5-FU,2.5,2.5,uM,1,False,165553,,False,True,O10:Coculture:F11:5-FU,10.17632/fypp6xhkjy.1
1931,O10,Coculture,F11,5-FU,2.5,2.5,uM,2,False,173018,,False,True,O10:Coculture:F11:5-FU,10.17632/fypp6xhkjy.1
1932,O10,Coculture,F11,5-FU,2.5,2.5,uM,3,False,184364,,False,True,O10:Coculture:F11:5-FU,10.17632/fypp6xhkjy.1
1933,O10,Coculture,F11,5-FU,5.5,5.5,uM,1,False,169172,,False,True,O10:Coculture:F11:5-FU,10.17632/fypp6xhkjy.1
1934,O10,Coculture,F11,5-FU,5.5,5.5,uM,2,False,149654,,False,True,O10:Coculture:F11:5-FU,10.17632/fypp6xhkjy.1
1935,O10,Coculture,F11,5-FU,5.5,5.5,uM,3,False,165584,,False,True,O10:Coculture:F11:5-FU,10.17632/fypp6xhkjy.1
1936,O10,Coculture,F11,5-FU,12.2,12.2,uM,1,False,113326,,False,True,O10:Coculture:F11:5-FU,10.17632/fypp6xhkjy.1
1937,O10,Coculture,F11,5-FU,12.2,12.2,uM,2,False,121053,,False,True,O10:Coculture:F11:5-FU,10.17632/fypp6xhkjy.1
1938,O10,Coculture,F11,5-FU,12.2,12.2,uM,3,False,147439,,False,True,O10:Coculture:F11:5-FU,10.17632/fypp6xhkjy.1
1939,O10,Coculture,F11,5-FU,27.0,27.0,uM,1,False,64422,,False,True,O10:Coculture:F11:5-FU,10.17632/fypp6xhkjy.1
1940,O10,Coculture,F11,5-FU,27.0,27.0,uM,2,False,88123,,False,True,O10:Coculture:F11:5-FU,10.17632/fypp6xhkjy.1
1941,O10,Coculture,F11,5-FU,27.0,27.0,uM,3,False,91550,,False,True,O10:Coculture:F11:5-FU,10.17632/fypp6xhkjy.1
1942,O10,Coculture,F11,5-FU,60.0,60.0,uM,1,False,52263,,False,True,O10:Coculture:F11:5-FU,10.17632/fypp6xhkjy.1
1943,O10,Coculture,F11,5-FU,60.0,60.0,uM,2,False,47259,,False,True,O10:Coculture:F11:5-FU,10.17632/fypp6xhkjy.1
1944,O10,Coculture,F11,5-FU,60.0,60.0,uM,3,False,54705,,False,True,O10:Coculture:F11:5-FU,10.17632/fypp6xhkjy.1
1945,O10,Coculture,F11,Oxa,DMSO,0.0,uM,1,True,166487,,False,True,O10:Coculture:F11:Oxa,10.17632/fypp6xhkjy.1
1946,O10,Coculture,F11,Oxa,DMSO,0.0,uM,2,True,124704,,False,True,O10:Coculture:F11:Oxa,10.17632/fypp6xhkjy.1
1947,O10,Coculture,F11,Oxa,DMSO,0.0,uM,3,True,188460,,False,True,O10:Coculture:F11:Oxa,10.17632/fypp6xhkjy.1
1948,O10,Coculture,F11,Oxa,0.5,0.5,uM,1,False,192292,,False,True,O10:Coculture:F11:Oxa,10.17632/fypp6xhkjy.1
1949,O10,Coculture,F11,Oxa,0.5,0.5,uM,2,False,121642,,False,True,O10:Coculture:F11:Oxa,10.17632/fypp6xhkjy.1
1950,O10,Coculture,F11,Oxa,0.5,0.5,uM,3,False,165537,,False,True,O10:Coculture:F11:Oxa,10.17632/fypp6xhkjy.1
1951,O10,Coculture,F11,Oxa,1.1,1.1,uM,1,False,131958,,False,True,O10:Coculture:F11:Oxa,10.17632/fypp6xhkjy.1
1952,O10,Coculture,F11,Oxa,1.1,1.1,uM,2,False,114823,,False,True,O10:Coculture:F11:Oxa,10.17632/fypp6xhkjy.1
1953,O10,Coculture,F11,Oxa,1.1,1.1,uM,3,False,130771,,False,True,O10:Coculture:F11:Oxa,10.17632/fypp6xhkjy.1
1954,O10,Coculture,F11,Oxa,2.5,2.5,uM,1,False,58360,,False,True,O10:Coculture:F11:Oxa,10.17632/fypp6xhkjy.1
1955,O10,Coculture,F11,Oxa,2.5,2.5,uM,2,False,41731,,False,True,O10:Coculture:F11:Oxa,10.17632/fypp6xhkjy.1
1956,O10,Coculture,F11,Oxa,2.5,2.5,uM,3,False,58722,,False,True,O10:Coculture:F11:Oxa,10.17632/fypp6xhkjy.1
1957,O10,Coculture,F11,Oxa,5.5,5.5,uM,1,False,23928,,False,True,O10:Coculture:F11:Oxa,10.17632/fypp6xhkjy.1
1958,O10,Coculture,F11,Oxa,5.5,5.5,uM,2,False,12438,,False,True,O10:Coculture:F11:Oxa,10.17632/fypp6xhkjy.1
1959,O10,Coculture,F11,Oxa,5.5,5.5,uM,3,False,23018,,False,True,O10:Coculture:F11:Oxa,10.17632/fypp6xhkjy.1
1960,O10,Coculture,F11,Oxa,12.2,12.2,uM,1,False,12258,,False,True,O10:Coculture:F11:Oxa,10.17632/fypp6xhkjy.1
1961,O10,Coculture,F11,Oxa,12.2,12.2,uM,2,False,6832,,False,True,O10:Coculture:F11:Oxa,10.17632/fypp6xhkjy.1
1962,O10,Coculture,F11,Oxa,12.2,12.2,uM,3,False,9368,,False,True,O10:Coculture:F11:Oxa,10.17632/fypp6xhkjy.1
1963,O10,Coculture,F11,Oxa,27.0,27.0,uM,1,False,23765,,False,True,O10:Coculture:F11:Oxa,10.17632/fypp6xhkjy.1
1964,O10,Coculture,F11,Oxa,27.0,27.0,uM,2,False,2970,,False,True,O10:Coculture:F11:Oxa,10.17632/fypp6xhkjy.1
1965,O10,Coculture,F11,Oxa,27.0,27.0,uM,3,False,10459,,False,True,O10:Coculture:F11:Oxa,10.17632/fypp6xhkjy.1
1966,O10,Coculture,F11,Oxa,60.0,60.0,uM,1,False,11910,,False,True,O10:Coculture:F11:Oxa,10.17632/fypp6xhkjy.1
1967,O10,Coculture,F11,Oxa,60.0,60.0,uM,2,False,824,,False,True,O10:Coculture:F11:Oxa,10.17632/fypp6xhkjy.1
1968,O10,Coculture,F11,Oxa,60.0,60.0,uM,3,False,97,,False,True,O10:Coculture:F11:Oxa,10.17632/fypp6xhkjy.1
1969,O10,Coculture,F11,SN-38,DMSO,0.0,nM,1,True,182371,,False,True,O10:Coculture:F11:SN-38,10.17632/fypp6xhkjy.1
1970,O10,Coculture,F11,SN-38,DMSO,0.0,nM,2,True,176036,,False,True,O10:Coculture:F11:SN-38,10.17632/fypp6xhkjy.1
1971,O10,Coculture,F11,SN-38,DMSO,0.0,nM,3,True,164387,,False,True,O10:Coculture:F11:SN-38,10.17632/fypp6xhkjy.1
1972,O10,Coculture,F11,SN-38,0.1,0.1,nM,1,False,182830,,False,True,O10:Coculture:F11:SN-38,10.17632/fypp6xhkjy.1
1973,O10,Coculture,F11,SN-38,0.1,0.1,nM,2,False,177423,,False,True,O10:Coculture:F11:SN-38,10.17632/fypp6xhkjy.1
1974,O10,Coculture,F11,SN-38,0.1,0.1,nM,3,False,155134,,False,True,O10:Coculture:F11:SN-38,10.17632/fypp6xhkjy.1
1975,O10,Coculture,F11,SN-38,0.2,0.2,nM,1,False,154338,,False,True,O10:Coculture:F11:SN-38,10.17632/fypp6xhkjy.1
1976,O10,Coculture,F11,SN-38,0.2,0.2,nM,2,False,154959,,False,True,O10:Coculture:F11:SN-38,10.17632/fypp6xhkjy.1
1977,O10,Coculture,F11,SN-38,0.2,0.2,nM,3,False,151024,,False,True,O10:Coculture:F11:SN-38,10.17632/fypp6xhkjy.1
1978,O10,Coculture,F11,SN-38,0.4,0.4,nM,1,False,175171,,False,True,O10:Coculture:F11:SN-38,10.17632/fypp6xhkjy.1
1979,O10,Coculture,F11,SN-38,0.4,0.4,nM,2,False,193958,,False,True,O10:Coculture:F11:SN-38,10.17632/fypp6xhkjy.1
1980,O10,Coculture,F11,SN-38,0.4,0.4,nM,3,False,162224,,False,True,O10:Coculture:F11:SN-38,10.17632/fypp6xhkjy.1
1981,O10,Coculture,F11,SN-38,0.7,0.7,nM,1,False,176812,,False,True,O10:Coculture:F11:SN-38,10.17632/fypp6xhkjy.1
1982,O10,Coculture,F11,SN-38,0.7,0.7,nM,2,False,127704,,False,True,O10:Coculture:F11:SN-38,10.17632/fypp6xhkjy.1
1983,O10,Coculture,F11,SN-38,0.7,0.7,nM,3,False,103014,,False,True,O10:Coculture:F11:SN-38,10.17632/fypp6xhkjy.1
1984,O10,Coculture,F11,SN-38,1.4,1.4,nM,1,False,34161,,False,True,O10:Coculture:F11:SN-38,10.17632/fypp6xhkjy.1
1985,O10,Coculture,F11,SN-38,1.4,1.4,nM,2,False,103121,,False,True,O10:Coculture:F11:SN-38,10.17632/fypp6xhkjy.1
1986,O10,Coculture,F11,SN-38,1.4,1.4,nM,3,False,96219,,False,True,O10:Coculture:F11:SN-38,10.17632/fypp6xhkjy.1
1987,O10,Coculture,F11,SN-38,2.6,2.6,nM,1,False,34074,,False,True,O10:Coculture:F11:SN-38,10.17632/fypp6xhkjy.1
1988,O10,Coculture,F11,SN-38,2.6,2.6,nM,2,False,1732,,False,True,O10:Coculture:F11:SN-38,10.17632/fypp6xhkjy.1
1989,O10,Coculture,F11,SN-38,2.6,2.6,nM,3,False,6067,,False,True,O10:Coculture:F11:SN-38,10.17632/fypp6xhkjy.1
1990,O10,Coculture,F11,SN-38,5.0,5.0,nM,1,False,5592,,False,True,O10:Coculture:F11:SN-38,10.17632/fypp6xhkjy.1
1991,O10,Coculture,F11,SN-38,5.0,5.0,nM,2,False,5108,,False,True,O10:Coculture:F11:SN-38,10.17632/fypp6xhkjy.1
1992,O10,Coculture,F11,SN-38,5.0,5.0,nM,3,False,7682,,False,True,O10:Coculture:F11:SN-38,10.17632/fypp6xhkjy.1
1993,O10,Coculture,F11,Gef,DMSO,0.0,uM,1,True,180204,,False,True,O10:Coculture:F11:Gef,10.17632/fypp6xhkjy.1
1994,O10,Coculture,F11,Gef,DMSO,0.0,uM,2,True,126993,,False,True,O10:Coculture:F11:Gef,10.17632/fypp6xhkjy.1
1995,O10,Coculture,F11,Gef,DMSO,0.0,uM,3,True,158680,,False,True,O10:Coculture:F11:Gef,10.17632/fypp6xhkjy.1
1996,O10,Coculture,F11,Gef,0.01,0.01,uM,1,False,180421,,False,True,O10:Coculture:F11:Gef,10.17632/fypp6xhkjy.1
1997,O10,Coculture,F11,Gef,0.01,0.01,uM,2,False,163783,,False,True,O10:Coculture:F11:Gef,10.17632/fypp6xhkjy.1
1998,O10,Coculture,F11,Gef,0.01,0.01,uM,3,False,138264,,False,True,O10:Coculture:F11:Gef,10.17632/fypp6xhkjy.1
1999,O10,Coculture,F11,Gef,0.04,0.04,uM,1,False,159264,,False,True,O10:Coculture:F11:Gef,10.17632/fypp6xhkjy.1
2000,O10,Coculture,F11,Gef,0.04,0.04,uM,2,False,157768,,False,True,O10:Coculture:F11:Gef,10.17632/fypp6xhkjy.1
2001,O10,Coculture,F11,Gef,0.04,0.04,uM,3,False,141359,,False,True,O10:Coculture:F11:Gef,10.17632/fypp6xhkjy.1
2002,O10,Coculture,F11,Gef,0.1,0.1,uM,1,False,194144,,False,True,O10:Coculture:F11:Gef,10.17632/fypp6xhkjy.1
2003,O10,Coculture,F11,Gef,0.1,0.1,uM,2,False,162389,,False,True,O10:Coculture:F11:Gef,10.17632/fypp6xhkjy.1
2004,O10,Coculture,F11,Gef,0.1,0.1,uM,3,False,152365,,False,True,O10:Coculture:F11:Gef,10.17632/fypp6xhkjy.1
2005,O10,Coculture,F11,Gef,0.4,0.4,uM,1,False,110402,,False,True,O10:Coculture:F11:Gef,10.17632/fypp6xhkjy.1
2006,O10,Coculture,F11,Gef,0.4,0.4,uM,2,False,139458,,False,True,O10:Coculture:F11:Gef,10.17632/fypp6xhkjy.1
2007,O10,Coculture,F11,Gef,0.4,0.4,uM,3,False,103657,,False,True,O10:Coculture:F11:Gef,10.17632/fypp6xhkjy.1
2008,O10,Coculture,F11,Gef,1.1,1.1,uM,1,False,64314,,False,True,O10:Coculture:F11:Gef,10.17632/fypp6xhkjy.1
2009,O10,Coculture,F11,Gef,1.1,1.1,uM,2,False,60179,,False,True,O10:Coculture:F11:Gef,10.17632/fypp6xhkjy.1
2010,O10,Coculture,F11,Gef,1.1,1.1,uM,3,False,67960,,False,True,O10:Coculture:F11:Gef,10.17632/fypp6xhkjy.1
2011,O10,Coculture,F11,Gef,3.3,3.3,uM,1,False,22472,,False,True,O10:Coculture:F11:Gef,10.17632/fypp6xhkjy.1
2012,O10,Coculture,F11,Gef,3.3,3.3,uM,2,False,26908,,False,True,O10:Coculture:F11:Gef,10.17632/fypp6xhkjy.1
2013,O10,Coculture,F11,Gef,3.3,3.3,uM,3,False,22821,,False,True,O10:Coculture:F11:Gef,10.17632/fypp6xhkjy.1
2014,O10,Coculture,F11,Gef,10.0,10.0,uM,1,False,4108,,False,True,O10:Coculture:F11:Gef,10.17632/fypp6xhkjy.1
2015,O10,Coculture,F11,Gef,10.0,10.0,uM,2,False,2579,,False,True,O10:Coculture:F11:Gef,10.17632/fypp6xhkjy.1
2016,O10,Coculture,F11,Gef,10.0,10.0,uM,3,False,3096,,False,True,O10:Coculture:F11:Gef,10.17632/fypp6xhkjy.1
2017,O11,Monoculture,,5-FU,DMSO,0.0,uM,1,True,53409,,False,True,O11:Monoculture::5-FU,10.17632/fypp6xhkjy.1
2018,O11,Monoculture,,5-FU,DMSO,0.0,uM,2,True,52426,,False,True,O11:Monoculture::5-FU,10.17632/fypp6xhkjy.1
2019,O11,Monoculture,,5-FU,DMSO,0.0,uM,3,True,49125,,False,True,O11:Monoculture::5-FU,10.17632/fypp6xhkjy.1
2020,O11,Monoculture,,5-FU,0.5,0.5,uM,1,False,36275,,False,True,O11:Monoculture::5-FU,10.17632/fypp6xhkjy.1
2021,O11,Monoculture,,5-FU,0.5,0.5,uM,2,False,48138,,False,True,O11:Monoculture::5-FU,10.17632/fypp6xhkjy.1
2022,O11,Monoculture,,5-FU,0.5,0.5,uM,3,False,48301,,False,True,O11:Monoculture::5-FU,10.17632/fypp6xhkjy.1
2023,O11,Monoculture,,5-FU,1.1,1.1,uM,1,False,27129,,False,True,O11:Monoculture::5-FU,10.17632/fypp6xhkjy.1
2024,O11,Monoculture,,5-FU,1.1,1.1,uM,2,False,41765,,False,True,O11:Monoculture::5-FU,10.17632/fypp6xhkjy.1
2025,O11,Monoculture,,5-FU,1.1,1.1,uM,3,False,44400,,False,True,O11:Monoculture::5-FU,10.17632/fypp6xhkjy.1
2026,O11,Monoculture,,5-FU,2.5,2.5,uM,1,False,27834,,False,True,O11:Monoculture::5-FU,10.17632/fypp6xhkjy.1
2027,O11,Monoculture,,5-FU,2.5,2.5,uM,2,False,21587,,False,True,O11:Monoculture::5-FU,10.17632/fypp6xhkjy.1
2028,O11,Monoculture,,5-FU,2.5,2.5,uM,3,False,27451,,False,True,O11:Monoculture::5-FU,10.17632/fypp6xhkjy.1
2029,O11,Monoculture,,5-FU,5.5,5.5,uM,1,False,15739,,False,True,O11:Monoculture::5-FU,10.17632/fypp6xhkjy.1
2030,O11,Monoculture,,5-FU,5.5,5.5,uM,2,False,13590,,False,True,O11:Monoculture::5-FU,10.17632/fypp6xhkjy.1
2031,O11,Monoculture,,5-FU,5.5,5.5,uM,3,False,13882,,False,True,O11:Monoculture::5-FU,10.17632/fypp6xhkjy.1
2032,O11,Monoculture,,5-FU,12.2,12.2,uM,1,False,8925,,False,True,O11:Monoculture::5-FU,10.17632/fypp6xhkjy.1
2033,O11,Monoculture,,5-FU,12.2,12.2,uM,2,False,11862,,False,True,O11:Monoculture::5-FU,10.17632/fypp6xhkjy.1
2034,O11,Monoculture,,5-FU,12.2,12.2,uM,3,False,13378,,False,True,O11:Monoculture::5-FU,10.17632/fypp6xhkjy.1
2035,O11,Monoculture,,5-FU,27.0,27.0,uM,1,False,8280,,False,True,O11:Monoculture::5-FU,10.17632/fypp6xhkjy.1
2036,O11,Monoculture,,5-FU,27.0,27.0,uM,2,False,6606,,False,True,O11:Monoculture::5-FU,10.17632/fypp6xhkjy.1
2037,O11,Monoculture,,5-FU,27.0,27.0,uM,3,False,7240,,False,True,O11:Monoculture::5-FU,10.17632/fypp6xhkjy.1
2038,O11,Monoculture,,5-FU,60.0,60.0,uM,1,False,4018,,False,True,O11:Monoculture::5-FU,10.17632/fypp6xhkjy.1
2039,O11,Monoculture,,5-FU,60.0,60.0,uM,2,False,4301,,False,True,O11:Monoculture::5-FU,10.17632/fypp6xhkjy.1
2040,O11,Monoculture,,5-FU,60.0,60.0,uM,3,False,4369,,False,True,O11:Monoculture::5-FU,10.17632/fypp6xhkjy.1
2041,O11,Monoculture,,Oxa,DMSO,0.0,uM,1,True,70910,,False,True,O11:Monoculture::Oxa,10.17632/fypp6xhkjy.1
2042,O11,Monoculture,,Oxa,DMSO,0.0,uM,2,True,68681,,False,True,O11:Monoculture::Oxa,10.17632/fypp6xhkjy.1
2043,O11,Monoculture,,Oxa,DMSO,0.0,uM,3,True,44866,,False,True,O11:Monoculture::Oxa,10.17632/fypp6xhkjy.1
2044,O11,Monoculture,,Oxa,0.5,0.5,uM,1,False,57444,,False,True,O11:Monoculture::Oxa,10.17632/fypp6xhkjy.1
2045,O11,Monoculture,,Oxa,0.5,0.5,uM,2,False,61995,,False,True,O11:Monoculture::Oxa,10.17632/fypp6xhkjy.1
2046,O11,Monoculture,,Oxa,0.5,0.5,uM,3,False,46300,,False,True,O11:Monoculture::Oxa,10.17632/fypp6xhkjy.1
2047,O11,Monoculture,,Oxa,1.1,1.1,uM,1,False,56236,,False,True,O11:Monoculture::Oxa,10.17632/fypp6xhkjy.1
2048,O11,Monoculture,,Oxa,1.1,1.1,uM,2,False,57924,,False,True,O11:Monoculture::Oxa,10.17632/fypp6xhkjy.1
2049,O11,Monoculture,,Oxa,1.1,1.1,uM,3,False,86695,,False,True,O11:Monoculture::Oxa,10.17632/fypp6xhkjy.1
2050,O11,Monoculture,,Oxa,2.5,2.5,uM,1,False,47304,,False,True,O11:Monoculture::Oxa,10.17632/fypp6xhkjy.1
2051,O11,Monoculture,,Oxa,2.5,2.5,uM,2,False,57950,,False,True,O11:Monoculture::Oxa,10.17632/fypp6xhkjy.1
2052,O11,Monoculture,,Oxa,2.5,2.5,uM,3,False,60883,,False,True,O11:Monoculture::Oxa,10.17632/fypp6xhkjy.1
2053,O11,Monoculture,,Oxa,5.5,5.5,uM,1,False,18480,,False,True,O11:Monoculture::Oxa,10.17632/fypp6xhkjy.1
2054,O11,Monoculture,,Oxa,5.5,5.5,uM,2,False,27850,,False,True,O11:Monoculture::Oxa,10.17632/fypp6xhkjy.1
2055,O11,Monoculture,,Oxa,5.5,5.5,uM,3,False,23939,,False,True,O11:Monoculture::Oxa,10.17632/fypp6xhkjy.1
2056,O11,Monoculture,,Oxa,12.2,12.2,uM,1,False,2983,,False,True,O11:Monoculture::Oxa,10.17632/fypp6xhkjy.1
2057,O11,Monoculture,,Oxa,12.2,12.2,uM,2,False,2781,,False,True,O11:Monoculture::Oxa,10.17632/fypp6xhkjy.1
2058,O11,Monoculture,,Oxa,12.2,12.2,uM,3,False,3407,,False,True,O11:Monoculture::Oxa,10.17632/fypp6xhkjy.1
2059,O11,Monoculture,,Oxa,27.0,27.0,uM,1,False,1642,,False,True,O11:Monoculture::Oxa,10.17632/fypp6xhkjy.1
2060,O11,Monoculture,,Oxa,27.0,27.0,uM,2,False,1739,,False,True,O11:Monoculture::Oxa,10.17632/fypp6xhkjy.1
2061,O11,Monoculture,,Oxa,27.0,27.0,uM,3,False,3082,,False,True,O11:Monoculture::Oxa,10.17632/fypp6xhkjy.1
2062,O11,Monoculture,,Oxa,60.0,60.0,uM,1,False,1040,,False,True,O11:Monoculture::Oxa,10.17632/fypp6xhkjy.1
2063,O11,Monoculture,,Oxa,60.0,60.0,uM,2,False,1572,,False,True,O11:Monoculture::Oxa,10.17632/fypp6xhkjy.1
2064,O11,Monoculture,,Oxa,60.0,60.0,uM,3,False,1792,,False,True,O11:Monoculture::Oxa,10.17632/fypp6xhkjy.1
2065,O11,Monoculture,,SN-38,DMSO,0.0,nM,1,True,40311,,False,True,O11:Monoculture::SN-38,10.17632/fypp6xhkjy.1
2066,O11,Monoculture,,SN-38,DMSO,0.0,nM,2,True,58708,,False,True,O11:Monoculture::SN-38,10.17632/fypp6xhkjy.1
2067,O11,Monoculture,,SN-38,DMSO,0.0,nM,3,True,58824,,False,True,O11:Monoculture::SN-38,10.17632/fypp6xhkjy.1
2068,O11,Monoculture,,SN-38,0.1,0.1,nM,1,False,40911,,False,True,O11:Monoculture::SN-38,10.17632/fypp6xhkjy.1
2069,O11,Monoculture,,SN-38,0.1,0.1,nM,2,False,60873,,False,True,O11:Monoculture::SN-38,10.17632/fypp6xhkjy.1
2070,O11,Monoculture,,SN-38,0.1,0.1,nM,3,False,53660,,False,True,O11:Monoculture::SN-38,10.17632/fypp6xhkjy.1
2071,O11,Monoculture,,SN-38,0.2,0.2,nM,1,False,43708,,False,True,O11:Monoculture::SN-38,10.17632/fypp6xhkjy.1
2072,O11,Monoculture,,SN-38,0.2,0.2,nM,2,False,55354,,False,True,O11:Monoculture::SN-38,10.17632/fypp6xhkjy.1
2073,O11,Monoculture,,SN-38,0.2,0.2,nM,3,False,49636,,False,True,O11:Monoculture::SN-38,10.17632/fypp6xhkjy.1
2074,O11,Monoculture,,SN-38,0.4,0.4,nM,1,False,57199,,False,True,O11:Monoculture::SN-38,10.17632/fypp6xhkjy.1
2075,O11,Monoculture,,SN-38,0.4,0.4,nM,2,False,57871,,False,True,O11:Monoculture::SN-38,10.17632/fypp6xhkjy.1
2076,O11,Monoculture,,SN-38,0.4,0.4,nM,3,False,80818,,False,True,O11:Monoculture::SN-38,10.17632/fypp6xhkjy.1
2077,O11,Monoculture,,SN-38,0.7,0.7,nM,1,False,63763,,False,True,O11:Monoculture::SN-38,10.17632/fypp6xhkjy.1
2078,O11,Monoculture,,SN-38,0.7,0.7,nM,2,False,54569,,False,True,O11:Monoculture::SN-38,10.17632/fypp6xhkjy.1
2079,O11,Monoculture,,SN-38,0.7,0.7,nM,3,False,65489,,False,True,O11:Monoculture::SN-38,10.17632/fypp6xhkjy.1
2080,O11,Monoculture,,SN-38,1.4,1.4,nM,1,False,72364,,False,True,O11:Monoculture::SN-38,10.17632/fypp6xhkjy.1
2081,O11,Monoculture,,SN-38,1.4,1.4,nM,2,False,64195,,False,True,O11:Monoculture::SN-38,10.17632/fypp6xhkjy.1
2082,O11,Monoculture,,SN-38,1.4,1.4,nM,3,False,55006,,False,True,O11:Monoculture::SN-38,10.17632/fypp6xhkjy.1
2083,O11,Monoculture,,SN-38,2.6,2.6,nM,1,False,41030,,False,True,O11:Monoculture::SN-38,10.17632/fypp6xhkjy.1
2084,O11,Monoculture,,SN-38,2.6,2.6,nM,2,False,37126,,False,True,O11:Monoculture::SN-38,10.17632/fypp6xhkjy.1
2085,O11,Monoculture,,SN-38,2.6,2.6,nM,3,False,45966,,False,True,O11:Monoculture::SN-38,10.17632/fypp6xhkjy.1
2086,O11,Monoculture,,SN-38,5.0,5.0,nM,1,False,20586,,False,True,O11:Monoculture::SN-38,10.17632/fypp6xhkjy.1
2087,O11,Monoculture,,SN-38,5.0,5.0,nM,2,False,12877,,False,True,O11:Monoculture::SN-38,10.17632/fypp6xhkjy.1
2088,O11,Monoculture,,SN-38,5.0,5.0,nM,3,False,13278,,False,True,O11:Monoculture::SN-38,10.17632/fypp6xhkjy.1
2089,O11,Monoculture,,Gef,DMSO,0.0,uM,1,True,36758,,False,True,O11:Monoculture::Gef,10.17632/fypp6xhkjy.1
2090,O11,Monoculture,,Gef,DMSO,0.0,uM,2,True,35044,,False,True,O11:Monoculture::Gef,10.17632/fypp6xhkjy.1
2091,O11,Monoculture,,Gef,DMSO,0.0,uM,3,True,40669,,False,True,O11:Monoculture::Gef,10.17632/fypp6xhkjy.1
2092,O11,Monoculture,,Gef,0.01,0.01,uM,1,False,35242,,False,True,O11:Monoculture::Gef,10.17632/fypp6xhkjy.1
2093,O11,Monoculture,,Gef,0.01,0.01,uM,2,False,52540,,False,True,O11:Monoculture::Gef,10.17632/fypp6xhkjy.1
2094,O11,Monoculture,,Gef,0.01,0.01,uM,3,False,50490,,False,True,O11:Monoculture::Gef,10.17632/fypp6xhkjy.1
2095,O11,Monoculture,,Gef,0.04,0.04,uM,1,False,43510,,False,True,O11:Monoculture::Gef,10.17632/fypp6xhkjy.1
2096,O11,Monoculture,,Gef,0.04,0.04,uM,2,False,50255,,False,True,O11:Monoculture::Gef,10.17632/fypp6xhkjy.1
2097,O11,Monoculture,,Gef,0.04,0.04,uM,3,False,43625,,False,True,O11:Monoculture::Gef,10.17632/fypp6xhkjy.1
2098,O11,Monoculture,,Gef,0.1,0.1,uM,1,False,39128,,False,True,O11:Monoculture::Gef,10.17632/fypp6xhkjy.1
2099,O11,Monoculture,,Gef,0.1,0.1,uM,2,False,47565,,False,True,O11:Monoculture::Gef,10.17632/fypp6xhkjy.1
2100,O11,Monoculture,,Gef,0.1,0.1,uM,3,False,33470,,False,True,O11:Monoculture::Gef,10.17632/fypp6xhkjy.1
2101,O11,Monoculture,,Gef,0.4,0.4,uM,1,False,13795,,False,True,O11:Monoculture::Gef,10.17632/fypp6xhkjy.1
2102,O11,Monoculture,,Gef,0.4,0.4,uM,2,False,9003,,False,True,O11:Monoculture::Gef,10.17632/fypp6xhkjy.1
2103,O11,Monoculture,,Gef,0.4,0.4,uM,3,False,9278,,False,True,O11:Monoculture::Gef,10.17632/fypp6xhkjy.1
2104,O11,Monoculture,,Gef,1.1,1.1,uM,1,False,5525,,False,True,O11:Monoculture::Gef,10.17632/fypp6xhkjy.1
2105,O11,Monoculture,,Gef,1.1,1.1,uM,2,False,5306,,False,True,O11:Monoculture::Gef,10.17632/fypp6xhkjy.1
2106,O11,Monoculture,,Gef,1.1,1.1,uM,3,False,6668,,False,True,O11:Monoculture::Gef,10.17632/fypp6xhkjy.1
2107,O11,Monoculture,,Gef,3.3,3.3,uM,1,False,6533,,False,True,O11:Monoculture::Gef,10.17632/fypp6xhkjy.1
2108,O11,Monoculture,,Gef,3.3,3.3,uM,2,False,5856,,False,True,O11:Monoculture::Gef,10.17632/fypp6xhkjy.1
2109,O11,Monoculture,,Gef,3.3,3.3,uM,3,False,6395,,False,True,O11:Monoculture::Gef,10.17632/fypp6xhkjy.1
2110,O11,Monoculture,,Gef,10.0,10.0,uM,1,False,2503,,False,True,O11:Monoculture::Gef,10.17632/fypp6xhkjy.1
2111,O11,Monoculture,,Gef,10.0,10.0,uM,2,False,252,,False,True,O11:Monoculture::Gef,10.17632/fypp6xhkjy.1
2112,O11,Monoculture,,Gef,10.0,10.0,uM,3,False,60,,False,True,O11:Monoculture::Gef,10.17632/fypp6xhkjy.1
2113,O11,Coculture,F11,5-FU,DMSO,0.0,uM,1,True,60005,,False,True,O11:Coculture:F11:5-FU,10.17632/fypp6xhkjy.1
2114,O11,Coculture,F11,5-FU,DMSO,0.0,uM,2,True,51161,,False,True,O11:Coculture:F11:5-FU,10.17632/fypp6xhkjy.1
2115,O11,Coculture,F11,5-FU,DMSO,0.0,uM,3,True,64616,,False,True,O11:Coculture:F11:5-FU,10.17632/fypp6xhkjy.1
2116,O11,Coculture,F11,5-FU,0.5,0.5,uM,1,False,50645,,False,True,O11:Coculture:F11:5-FU,10.17632/fypp6xhkjy.1
2117,O11,Coculture,F11,5-FU,0.5,0.5,uM,2,False,60871,,False,True,O11:Coculture:F11:5-FU,10.17632/fypp6xhkjy.1
2118,O11,Coculture,F11,5-FU,0.5,0.5,uM,3,False,57276,,False,True,O11:Coculture:F11:5-FU,10.17632/fypp6xhkjy.1
2119,O11,Coculture,F11,5-FU,1.1,1.1,uM,1,False,38985,,False,True,O11:Coculture:F11:5-FU,10.17632/fypp6xhkjy.1
2120,O11,Coculture,F11,5-FU,1.1,1.1,uM,2,False,48589,,False,True,O11:Coculture:F11:5-FU,10.17632/fypp6xhkjy.1
2121,O11,Coculture,F11,5-FU,1.1,1.1,uM,3,False,47404,,False,True,O11:Coculture:F11:5-FU,10.17632/fypp6xhkjy.1
2122,O11,Coculture,F11,5-FU,2.5,2.5,uM,1,False,27155,,False,True,O11:Coculture:F11:5-FU,10.17632/fypp6xhkjy.1
2123,O11,Coculture,F11,5-FU,2.5,2.5,uM,2,False,40762,,False,True,O11:Coculture:F11:5-FU,10.17632/fypp6xhkjy.1
2124,O11,Coculture,F11,5-FU,2.5,2.5,uM,3,False,28003,,False,True,O11:Coculture:F11:5-FU,10.17632/fypp6xhkjy.1
2125,O11,Coculture,F11,5-FU,5.5,5.5,uM,1,False,18965,,False,True,O11:Coculture:F11:5-FU,10.17632/fypp6xhkjy.1
2126,O11,Coculture,F11,5-FU,5.5,5.5,uM,2,False,16826,,False,True,O11:Coculture:F11:5-FU,10.17632/fypp6xhkjy.1
2127,O11,Coculture,F11,5-FU,5.5,5.5,uM,3,False,14488,,False,True,O11:Coculture:F11:5-FU,10.17632/fypp6xhkjy.1
2128,O11,Coculture,F11,5-FU,12.2,12.2,uM,1,False,14616,,False,True,O11:Coculture:F11:5-FU,10.17632/fypp6xhkjy.1
2129,O11,Coculture,F11,5-FU,12.2,12.2,uM,2,False,16834,,False,True,O11:Coculture:F11:5-FU,10.17632/fypp6xhkjy.1
2130,O11,Coculture,F11,5-FU,12.2,12.2,uM,3,False,20227,,False,True,O11:Coculture:F11:5-FU,10.17632/fypp6xhkjy.1
2131,O11,Coculture,F11,5-FU,27.0,27.0,uM,1,False,10616,,False,True,O11:Coculture:F11:5-FU,10.17632/fypp6xhkjy.1
2132,O11,Coculture,F11,5-FU,27.0,27.0,uM,2,False,12848,,False,True,O11:Coculture:F11:5-FU,10.17632/fypp6xhkjy.1
2133,O11,Coculture,F11,5-FU,27.0,27.0,uM,3,False,9859,,False,True,O11:Coculture:F11:5-FU,10.17632/fypp6xhkjy.1
2134,O11,Coculture,F11,5-FU,60.0,60.0,uM,1,False,7027,,False,True,O11:Coculture:F11:5-FU,10.17632/fypp6xhkjy.1
2135,O11,Coculture,F11,5-FU,60.0,60.0,uM,2,False,8856,,False,True,O11:Coculture:F11:5-FU,10.17632/fypp6xhkjy.1
2136,O11,Coculture,F11,5-FU,60.0,60.0,uM,3,False,7568,,False,True,O11:Coculture:F11:5-FU,10.17632/fypp6xhkjy.1
2137,O11,Coculture,F11,Oxa,DMSO,0.0,uM,1,True,62097,,False,True,O11:Coculture:F11:Oxa,10.17632/fypp6xhkjy.1
2138,O11,Coculture,F11,Oxa,DMSO,0.0,uM,2,True,61335,,False,True,O11:Coculture:F11:Oxa,10.17632/fypp6xhkjy.1
2139,O11,Coculture,F11,Oxa,DMSO,0.0,uM,3,True,63120,,False,True,O11:Coculture:F11:Oxa,10.17632/fypp6xhkjy.1
2140,O11,Coculture,F11,Oxa,0.5,0.5,uM,1,False,61271,,False,True,O11:Coculture:F11:Oxa,10.17632/fypp6xhkjy.1
2141,O11,Coculture,F11,Oxa,0.5,0.5,uM,2,False,77018,,False,True,O11:Coculture:F11:Oxa,10.17632/fypp6xhkjy.1
2142,O11,Coculture,F11,Oxa,0.5,0.5,uM,3,False,62551,,False,True,O11:Coculture:F11:Oxa,10.17632/fypp6xhkjy.1
2143,O11,Coculture,F11,Oxa,1.1,1.1,uM,1,False,56981,,False,True,O11:Coculture:F11:Oxa,10.17632/fypp6xhkjy.1
2144,O11,Coculture,F11,Oxa,1.1,1.1,uM,2,False,69819,,False,True,O11:Coculture:F11:Oxa,10.17632/fypp6xhkjy.1
2145,O11,Coculture,F11,Oxa,1.1,1.1,uM,3,False,65414,,False,True,O11:Coculture:F11:Oxa,10.17632/fypp6xhkjy.1
2146,O11,Coculture,F11,Oxa,2.5,2.5,uM,1,False,57002,,False,True,O11:Coculture:F11:Oxa,10.17632/fypp6xhkjy.1
2147,O11,Coculture,F11,Oxa,2.5,2.5,uM,2,False,60842,,False,True,O11:Coculture:F11:Oxa,10.17632/fypp6xhkjy.1
2148,O11,Coculture,F11,Oxa,2.5,2.5,uM,3,False,79195,,False,True,O11:Coculture:F11:Oxa,10.17632/fypp6xhkjy.1
2149,O11,Coculture,F11,Oxa,5.5,5.5,uM,1,False,20608,,False,True,O11:Coculture:F11:Oxa,10.17632/fypp6xhkjy.1
2150,O11,Coculture,F11,Oxa,5.5,5.5,uM,2,False,39480,,False,True,O11:Coculture:F11:Oxa,10.17632/fypp6xhkjy.1
2151,O11,Coculture,F11,Oxa,5.5,5.5,uM,3,False,33045,,False,True,O11:Coculture:F11:Oxa,10.17632/fypp6xhkjy.1
2152,O11,Coculture,F11,Oxa,12.2,12.2,uM,1,False,4988,,False,True,O11:Coculture:F11:Oxa,10.17632/fypp6xhkjy.1
2153,O11,Coculture,F11,Oxa,12.2,12.2,uM,2,False,5870,,False,True,O11:Coculture:F11:Oxa,10.17632/fypp6xhkjy.1
2154,O11,Coculture,F11,Oxa,12.2,12.2,uM,3,False,6958,,False,True,O11:Coculture:F11:Oxa,10.17632/fypp6xhkjy.1
2155,O11,Coculture,F11,Oxa,27.0,27.0,uM,1,False,2987,,False,True,O11:Coculture:F11:Oxa,10.17632/fypp6xhkjy.1
2156,O11,Coculture,F11,Oxa,27.0,27.0,uM,2,False,3004,,False,True,O11:Coculture:F11:Oxa,10.17632/fypp6xhkjy.1
2157,O11,Coculture,F11,Oxa,27.0,27.0,uM,3,False,2547,,False,True,O11:Coculture:F11:Oxa,10.17632/fypp6xhkjy.1
2158,O11,Coculture,F11,Oxa,60.0,60.0,uM,1,False,2745,,False,True,O11:Coculture:F11:Oxa,10.17632/fypp6xhkjy.1
2159,O11,Coculture,F11,Oxa,60.0,60.0,uM,2,False,2253,,False,True,O11:Coculture:F11:Oxa,10.17632/fypp6xhkjy.1
2160,O11,Coculture,F11,Oxa,60.0,60.0,uM,3,False,2360,,False,True,O11:Coculture:F11:Oxa,10.17632/fypp6xhkjy.1
2161,O11,Coculture,F11,SN-38,DMSO,0.0,nM,1,True,60642,,False,True,O11:Coculture:F11:SN-38,10.17632/fypp6xhkjy.1
2162,O11,Coculture,F11,SN-38,DMSO,0.0,nM,2,True,58086,,False,True,O11:Coculture:F11:SN-38,10.17632/fypp6xhkjy.1
2163,O11,Coculture,F11,SN-38,DMSO,0.0,nM,3,True,64913,,False,True,O11:Coculture:F11:SN-38,10.17632/fypp6xhkjy.1
2164,O11,Coculture,F11,SN-38,0.1,0.1,nM,1,False,64969,,False,True,O11:Coculture:F11:SN-38,10.17632/fypp6xhkjy.1
2165,O11,Coculture,F11,SN-38,0.1,0.1,nM,2,False,73753,,False,True,O11:Coculture:F11:SN-38,10.17632/fypp6xhkjy.1
2166,O11,Coculture,F11,SN-38,0.1,0.1,nM,3,False,52533,,False,True,O11:Coculture:F11:SN-38,10.17632/fypp6xhkjy.1
2167,O11,Coculture,F11,SN-38,0.2,0.2,nM,1,False,57090,,False,True,O11:Coculture:F11:SN-38,10.17632/fypp6xhkjy.1
2168,O11,Coculture,F11,SN-38,0.2,0.2,nM,2,False,78883,,False,True,O11:Coculture:F11:SN-38,10.17632/fypp6xhkjy.1
2169,O11,Coculture,F11,SN-38,0.2,0.2,nM,3,False,65173,,False,True,O11:Coculture:F11:SN-38,10.17632/fypp6xhkjy.1
2170,O11,Coculture,F11,SN-38,0.4,0.4,nM,1,False,64263,,False,True,O11:Coculture:F11:SN-38,10.17632/fypp6xhkjy.1
2171,O11,Coculture,F11,SN-38,0.4,0.4,nM,2,False,82980,,False,True,O11:Coculture:F11:SN-38,10.17632/fypp6xhkjy.1
2172,O11,Coculture,F11,SN-38,0.4,0.4,nM,3,False,71319,,False,True,O11:Coculture:F11:SN-38,10.17632/fypp6xhkjy.1
2173,O11,Coculture,F11,SN-38,0.7,0.7,nM,1,False,65990,,False,True,O11:Coculture:F11:SN-38,10.17632/fypp6xhkjy.1
2174,O11,Coculture,F11,SN-38,0.7,0.7,nM,2,False,77465,,False,True,O11:Coculture:F11:SN-38,10.17632/fypp6xhkjy.1
2175,O11,Coculture,F11,SN-38,0.7,0.7,nM,3,False,68308,,False,True,O11:Coculture:F11:SN-38,10.17632/fypp6xhkjy.1
2176,O11,Coculture,F11,SN-38,1.4,1.4,nM,1,False,63638,,False,True,O11:Coculture:F11:SN-38,10.17632/fypp6xhkjy.1
2177,O11,Coculture,F11,SN-38,1.4,1.4,nM,2,False,75343,,False,True,O11:Coculture:F11:SN-38,10.17632/fypp6xhkjy.1
2178,O11,Coculture,F11,SN-38,1.4,1.4,nM,3,False,65591,,False,True,O11:Coculture:F11:SN-38,10.17632/fypp6xhkjy.1
2179,O11,Coculture,F11,SN-38,2.6,2.6,nM,1,False,44304,,False,True,O11:Coculture:F11:SN-38,10.17632/fypp6xhkjy.1
2180,O11,Coculture,F11,SN-38,2.6,2.6,nM,2,False,72576,,False,True,O11:Coculture:F11:SN-38,10.17632/fypp6xhkjy.1
2181,O11,Coculture,F11,SN-38,2.6,2.6,nM,3,False,61122,,False,True,O11:Coculture:F11:SN-38,10.17632/fypp6xhkjy.1
2182,O11,Coculture,F11,SN-38,5.0,5.0,nM,1,False,33732,,False,True,O11:Coculture:F11:SN-38,10.17632/fypp6xhkjy.1
2183,O11,Coculture,F11,SN-38,5.0,5.0,nM,2,False,27164,,False,True,O11:Coculture:F11:SN-38,10.17632/fypp6xhkjy.1
2184,O11,Coculture,F11,SN-38,5.0,5.0,nM,3,False,16109,,False,True,O11:Coculture:F11:SN-38,10.17632/fypp6xhkjy.1
2185,O11,Coculture,F11,Gef,DMSO,0.0,uM,1,True,52657,,False,True,O11:Coculture:F11:Gef,10.17632/fypp6xhkjy.1
2186,O11,Coculture,F11,Gef,DMSO,0.0,uM,2,True,46387,,False,True,O11:Coculture:F11:Gef,10.17632/fypp6xhkjy.1
2187,O11,Coculture,F11,Gef,DMSO,0.0,uM,3,True,44774,,False,True,O11:Coculture:F11:Gef,10.17632/fypp6xhkjy.1
2188,O11,Coculture,F11,Gef,0.01,0.01,uM,1,False,68016,,False,True,O11:Coculture:F11:Gef,10.17632/fypp6xhkjy.1
2189,O11,Coculture,F11,Gef,0.01,0.01,uM,2,False,64735,,False,True,O11:Coculture:F11:Gef,10.17632/fypp6xhkjy.1
2190,O11,Coculture,F11,Gef,0.01,0.01,uM,3,False,65359,,False,True,O11:Coculture:F11:Gef,10.17632/fypp6xhkjy.1
2191,O11,Coculture,F11,Gef,0.04,0.04,uM,1,False,56462,,False,True,O11:Coculture:F11:Gef,10.17632/fypp6xhkjy.1
2192,O11,Coculture,F11,Gef,0.04,0.04,uM,2,False,71969,,False,True,O11:Coculture:F11:Gef,10.17632/fypp6xhkjy.1
2193,O11,Coculture,F11,Gef,0.04,0.04,uM,3,False,67224,,False,True,O11:Coculture:F11:Gef,10.17632/fypp6xhkjy.1
2194,O11,Coculture,F11,Gef,0.1,0.1,uM,1,False,73615,,False,True,O11:Coculture:F11:Gef,10.17632/fypp6xhkjy.1
2195,O11,Coculture,F11,Gef,0.1,0.1,uM,2,False,61471,,False,True,O11:Coculture:F11:Gef,10.17632/fypp6xhkjy.1
2196,O11,Coculture,F11,Gef,0.1,0.1,uM,3,False,65729,,False,True,O11:Coculture:F11:Gef,10.17632/fypp6xhkjy.1
2197,O11,Coculture,F11,Gef,0.4,0.4,uM,1,False,38186,,False,True,O11:Coculture:F11:Gef,10.17632/fypp6xhkjy.1
2198,O11,Coculture,F11,Gef,0.4,0.4,uM,2,False,42846,,False,True,O11:Coculture:F11:Gef,10.17632/fypp6xhkjy.1
2199,O11,Coculture,F11,Gef,0.4,0.4,uM,3,False,25582,,False,True,O11:Coculture:F11:Gef,10.17632/fypp6xhkjy.1
2200,O11,Coculture,F11,Gef,1.1,1.1,uM,1,False,18510,,False,True,O11:Coculture:F11:Gef,10.17632/fypp6xhkjy.1
2201,O11,Coculture,F11,Gef,1.1,1.1,uM,2,False,13793,,False,True,O11:Coculture:F11:Gef,10.17632/fypp6xhkjy.1
2202,O11,Coculture,F11,Gef,1.1,1.1,uM,3,False,14127,,False,True,O11:Coculture:F11:Gef,10.17632/fypp6xhkjy.1
2203,O11,Coculture,F11,Gef,3.3,3.3,uM,1,False,16313,,False,True,O11:Coculture:F11:Gef,10.17632/fypp6xhkjy.1
2204,O11,Coculture,F11,Gef,3.3,3.3,uM,2,False,12973,,False,True,O11:Coculture:F11:Gef,10.17632/fypp6xhkjy.1
2205,O11,Coculture,F11,Gef,3.3,3.3,uM,3,False,9845,,False,True,O11:Coculture:F11:Gef,10.17632/fypp6xhkjy.1
2206,O11,Coculture,F11,Gef,10.0,10.0,uM,1,False,9250,,False,True,O11:Coculture:F11:Gef,10.17632/fypp6xhkjy.1
2207,O11,Coculture,F11,Gef,10.0,10.0,uM,2,False,5595,,False,True,O11:Coculture:F11:Gef,10.17632/fypp6xhkjy.1
2208,O11,Coculture,F11,Gef,10.0,10.0,uM,3,False,3911,,False,True,O11:Coculture:F11:Gef,10.17632/fypp6xhkjy.1
2209,O11,Coculture,F14,5-FU,DMSO,0.0,uM,1,True,58583,,False,True,O11:Coculture:F14:5-FU,10.17632/fypp6xhkjy.1
2210,O11,Coculture,F14,5-FU,DMSO,0.0,uM,2,True,50941,,False,True,O11:Coculture:F14:5-FU,10.17632/fypp6xhkjy.1
2211,O11,Coculture,F14,5-FU,DMSO,0.0,uM,3,True,60396,,False,True,O11:Coculture:F14:5-FU,10.17632/fypp6xhkjy.1
2212,O11,Coculture,F14,5-FU,0.5,0.5,uM,1,False,45960,,False,True,O11:Coculture:F14:5-FU,10.17632/fypp6xhkjy.1
2213,O11,Coculture,F14,5-FU,0.5,0.5,uM,2,False,45006,,False,True,O11:Coculture:F14:5-FU,10.17632/fypp6xhkjy.1
2214,O11,Coculture,F14,5-FU,0.5,0.5,uM,3,False,42688,,False,True,O11:Coculture:F14:5-FU,10.17632/fypp6xhkjy.1
2215,O11,Coculture,F14,5-FU,1.1,1.1,uM,1,False,33629,,False,True,O11:Coculture:F14:5-FU,10.17632/fypp6xhkjy.1
2216,O11,Coculture,F14,5-FU,1.1,1.1,uM,2,False,33560,,False,True,O11:Coculture:F14:5-FU,10.17632/fypp6xhkjy.1
2217,O11,Coculture,F14,5-FU,1.1,1.1,uM,3,False,30624,,False,True,O11:Coculture:F14:5-FU,10.17632/fypp6xhkjy.1
2218,O11,Coculture,F14,5-FU,2.5,2.5,uM,1,False,19283,,False,True,O11:Coculture:F14:5-FU,10.17632/fypp6xhkjy.1
2219,O11,Coculture,F14,5-FU,2.5,2.5,uM,2,False,20237,,False,True,O11:Coculture:F14:5-FU,10.17632/fypp6xhkjy.1
2220,O11,Coculture,F14,5-FU,2.5,2.5,uM,3,False,21133,,False,True,O11:Coculture:F14:5-FU,10.17632/fypp6xhkjy.1
2221,O11,Coculture,F14,5-FU,5.5,5.5,uM,1,False,17799,,False,True,O11:Coculture:F14:5-FU,10.17632/fypp6xhkjy.1
2222,O11,Coculture,F14,5-FU,5.5,5.5,uM,2,False,14300,,False,True,O11:Coculture:F14:5-FU,10.17632/fypp6xhkjy.1
2223,O11,Coculture,F14,5-FU,5.5,5.5,uM,3,False,15541,,False,True,O11:Coculture:F14:5-FU,10.17632/fypp6xhkjy.1
2224,O11,Coculture,F14,5-FU,12.2,12.2,uM,1,False,17236,,False,True,O11:Coculture:F14:5-FU,10.17632/fypp6xhkjy.1
2225,O11,Coculture,F14,5-FU,12.2,12.2,uM,2,False,16042,,False,True,O11:Coculture:F14:5-FU,10.17632/fypp6xhkjy.1
2226,O11,Coculture,F14,5-FU,12.2,12.2,uM,3,False,19240,,False,True,O11:Coculture:F14:5-FU,10.17632/fypp6xhkjy.1
2227,O11,Coculture,F14,5-FU,27.0,27.0,uM,1,False,11167,,False,True,O11:Coculture:F14:5-FU,10.17632/fypp6xhkjy.1
2228,O11,Coculture,F14,5-FU,27.0,27.0,uM,2,False,12210,,False,True,O11:Coculture:F14:5-FU,10.17632/fypp6xhkjy.1
2229,O11,Coculture,F14,5-FU,27.0,27.0,uM,3,False,12046,,False,True,O11:Coculture:F14:5-FU,10.17632/fypp6xhkjy.1
2230,O11,Coculture,F14,5-FU,60.0,60.0,uM,1,False,5703,,False,True,O11:Coculture:F14:5-FU,10.17632/fypp6xhkjy.1
2231,O11,Coculture,F14,5-FU,60.0,60.0,uM,2,False,5674,,False,True,O11:Coculture:F14:5-FU,10.17632/fypp6xhkjy.1
2232,O11,Coculture,F14,5-FU,60.0,60.0,uM,3,False,6025,,False,True,O11:Coculture:F14:5-FU,10.17632/fypp6xhkjy.1
2233,O11,Coculture,F14,Oxa,DMSO,0.0,uM,1,True,66754,,False,True,O11:Coculture:F14:Oxa,10.17632/fypp6xhkjy.1
2234,O11,Coculture,F14,Oxa,DMSO,0.0,uM,2,True,60808,,False,True,O11:Coculture:F14:Oxa,10.17632/fypp6xhkjy.1
2235,O11,Coculture,F14,Oxa,DMSO,0.0,uM,3,True,52248,,False,True,O11:Coculture:F14:Oxa,10.17632/fypp6xhkjy.1
2236,O11,Coculture,F14,Oxa,0.5,0.5,uM,1,False,54592,,False,True,O11:Coculture:F14:Oxa,10.17632/fypp6xhkjy.1
2237,O11,Coculture,F14,Oxa,0.5,0.5,uM,2,False,67326,,False,True,O11:Coculture:F14:Oxa,10.17632/fypp6xhkjy.1
2238,O11,Coculture,F14,Oxa,0.5,0.5,uM,3,False,65445,,False,True,O11:Coculture:F14:Oxa,10.17632/fypp6xhkjy.1
2239,O11,Coculture,F14,Oxa,1.1,1.1,uM,1,False,56844,,False,True,O11:Coculture:F14:Oxa,10.17632/fypp6xhkjy.1
2240,O11,Coculture,F14,Oxa,1.1,1.1,uM,2,False,59108,,False,True,O11:Coculture:F14:Oxa,10.17632/fypp6xhkjy.1
2241,O11,Coculture,F14,Oxa,1.1,1.1,uM,3,False,75160,,False,True,O11:Coculture:F14:Oxa,10.17632/fypp6xhkjy.1
2242,O11,Coculture,F14,Oxa,2.5,2.5,uM,1,False,60918,,False,True,O11:Coculture:F14:Oxa,10.17632/fypp6xhkjy.1
2243,O11,Coculture,F14,Oxa,2.5,2.5,uM,2,False,59025,,False,True,O11:Coculture:F14:Oxa,10.17632/fypp6xhkjy.1
2244,O11,Coculture,F14,Oxa,2.5,2.5,uM,3,False,65407,,False,True,O11:Coculture:F14:Oxa,10.17632/fypp6xhkjy.1
2245,O11,Coculture,F14,Oxa,5.5,5.5,uM,1,False,24866,,False,True,O11:Coculture:F14:Oxa,10.17632/fypp6xhkjy.1
2246,O11,Coculture,F14,Oxa,5.5,5.5,uM,2,False,14644,,False,True,O11:Coculture:F14:Oxa,10.17632/fypp6xhkjy.1
2247,O11,Coculture,F14,Oxa,5.5,5.5,uM,3,False,18903,,False,True,O11:Coculture:F14:Oxa,10.17632/fypp6xhkjy.1
2248,O11,Coculture,F14,Oxa,12.2,12.2,uM,1,False,5746,,False,True,O11:Coculture:F14:Oxa,10.17632/fypp6xhkjy.1
2249,O11,Coculture,F14,Oxa,12.2,12.2,uM,2,False,5734,,False,True,O11:Coculture:F14:Oxa,10.17632/fypp6xhkjy.1
2250,O11,Coculture,F14,Oxa,12.2,12.2,uM,3,False,4162,,False,True,O11:Coculture:F14:Oxa,10.17632/fypp6xhkjy.1
2251,O11,Coculture,F14,Oxa,27.0,27.0,uM,1,False,6466,,False,True,O11:Coculture:F14:Oxa,10.17632/fypp6xhkjy.1
2252,O11,Coculture,F14,Oxa,27.0,27.0,uM,2,False,5440,,False,True,O11:Coculture:F14:Oxa,10.17632/fypp6xhkjy.1
2253,O11,Coculture,F14,Oxa,27.0,27.0,uM,3,False,5819,,False,True,O11:Coculture:F14:Oxa,10.17632/fypp6xhkjy.1
2254,O11,Coculture,F14,Oxa,60.0,60.0,uM,1,False,3489,,False,True,O11:Coculture:F14:Oxa,10.17632/fypp6xhkjy.1
2255,O11,Coculture,F14,Oxa,60.0,60.0,uM,2,False,2138,,False,True,O11:Coculture:F14:Oxa,10.17632/fypp6xhkjy.1
2256,O11,Coculture,F14,Oxa,60.0,60.0,uM,3,False,2524,,False,True,O11:Coculture:F14:Oxa,10.17632/fypp6xhkjy.1
2257,O11,Coculture,F14,SN-38,DMSO,0.0,nM,1,True,61183,,False,True,O11:Coculture:F14:SN-38,10.17632/fypp6xhkjy.1
2258,O11,Coculture,F14,SN-38,DMSO,0.0,nM,2,True,49869,,False,True,O11:Coculture:F14:SN-38,10.17632/fypp6xhkjy.1
2259,O11,Coculture,F14,SN-38,DMSO,0.0,nM,3,True,48878,,False,True,O11:Coculture:F14:SN-38,10.17632/fypp6xhkjy.1
2260,O11,Coculture,F14,SN-38,0.1,0.1,nM,1,False,52812,,False,True,O11:Coculture:F14:SN-38,10.17632/fypp6xhkjy.1
2261,O11,Coculture,F14,SN-38,0.1,0.1,nM,2,False,62165,,False,True,O11:Coculture:F14:SN-38,10.17632/fypp6xhkjy.1
2262,O11,Coculture,F14,SN-38,0.1,0.1,nM,3,False,58667,,False,True,O11:Coculture:F14:SN-38,10.17632/fypp6xhkjy.1
2263,O11,Coculture,F14,SN-38,0.2,0.2,nM,1,False,53303,,False,True,O11:Coculture:F14:SN-38,10.17632/fypp6xhkjy.1
2264,O11,Coculture,F14,SN-38,0.2,0.2,nM,2,False,72691,,False,True,O11:Coculture:F14:SN-38,10.17632/fypp6xhkjy.1
2265,O11,Coculture,F14,SN-38,0.2,0.2,nM,3,False,71748,,False,True,O11:Coculture:F14:SN-38,10.17632/fypp6xhkjy.1
2266,O11,Coculture,F14,SN-38,0.4,0.4,nM,1,False,57480,,False,True,O11:Coculture:F14:SN-38,10.17632/fypp6xhkjy.1
2267,O11,Coculture,F14,SN-38,0.4,0.4,nM,2,False,62327,,False,True,O11:Coculture:F14:SN-38,10.17632/fypp6xhkjy.1
2268,O11,Coculture,F14,SN-38,0.4,0.4,nM,3,False,72995,,False,True,O11:Coculture:F14:SN-38,10.17632/fypp6xhkjy.1
2269,O11,Coculture,F14,SN-38,0.7,0.7,nM,1,False,59799,,False,True,O11:Coculture:F14:SN-38,10.17632/fypp6xhkjy.1
2270,O11,Coculture,F14,SN-38,0.7,0.7,nM,2,False,52280,,False,True,O11:Coculture:F14:SN-38,10.17632/fypp6xhkjy.1
2271,O11,Coculture,F14,SN-38,0.7,0.7,nM,3,False,57716,,False,True,O11:Coculture:F14:SN-38,10.17632/fypp6xhkjy.1
2272,O11,Coculture,F14,SN-38,1.4,1.4,nM,1,False,60057,,False,True,O11:Coculture:F14:SN-38,10.17632/fypp6xhkjy.1
2273,O11,Coculture,F14,SN-38,1.4,1.4,nM,2,False,49297,,False,True,O11:Coculture:F14:SN-38,10.17632/fypp6xhkjy.1
2274,O11,Coculture,F14,SN-38,1.4,1.4,nM,3,False,54832,,False,True,O11:Coculture:F14:SN-38,10.17632/fypp6xhkjy.1
2275,O11,Coculture,F14,SN-38,2.6,2.6,nM,1,False,40915,,False,True,O11:Coculture:F14:SN-38,10.17632/fypp6xhkjy.1
2276,O11,Coculture,F14,SN-38,2.6,2.6,nM,2,False,37146,,False,True,O11:Coculture:F14:SN-38,10.17632/fypp6xhkjy.1
2277,O11,Coculture,F14,SN-38,2.6,2.6,nM,3,False,40369,,False,True,O11:Coculture:F14:SN-38,10.17632/fypp6xhkjy.1
2278,O11,Coculture,F14,SN-38,5.0,5.0,nM,1,False,19196,,False,True,O11:Coculture:F14:SN-38,10.17632/fypp6xhkjy.1
2279,O11,Coculture,F14,SN-38,5.0,5.0,nM,2,False,14709,,False,True,O11:Coculture:F14:SN-38,10.17632/fypp6xhkjy.1
2280,O11,Coculture,F14,SN-38,5.0,5.0,nM,3,False,16257,,False,True,O11:Coculture:F14:SN-38,10.17632/fypp6xhkjy.1
2281,O11,Coculture,F14,Gef,DMSO,0.0,uM,1,True,61235,,False,True,O11:Coculture:F14:Gef,10.17632/fypp6xhkjy.1
2282,O11,Coculture,F14,Gef,DMSO,0.0,uM,2,True,53501,,False,True,O11:Coculture:F14:Gef,10.17632/fypp6xhkjy.1
2283,O11,Coculture,F14,Gef,DMSO,0.0,uM,3,True,52600,,False,True,O11:Coculture:F14:Gef,10.17632/fypp6xhkjy.1
2284,O11,Coculture,F14,Gef,0.01,0.01,uM,1,False,65378,,False,True,O11:Coculture:F14:Gef,10.17632/fypp6xhkjy.1
2285,O11,Coculture,F14,Gef,0.01,0.01,uM,2,False,54631,,False,True,O11:Coculture:F14:Gef,10.17632/fypp6xhkjy.1
2286,O11,Coculture,F14,Gef,0.01,0.01,uM,3,False,44737,,False,True,O11:Coculture:F14:Gef,10.17632/fypp6xhkjy.1
2287,O11,Coculture,F14,Gef,0.04,0.04,uM,1,False,57854,,False,True,O11:Coculture:F14:Gef,10.17632/fypp6xhkjy.1
2288,O11,Coculture,F14,Gef,0.04,0.04,uM,2,False,72969,,False,True,O11:Coculture:F14:Gef,10.17632/fypp6xhkjy.1
2289,O11,Coculture,F14,Gef,0.04,0.04,uM,3,False,48451,,False,True,O11:Coculture:F14:Gef,10.17632/fypp6xhkjy.1
2290,O11,Coculture,F14,Gef,0.1,0.1,uM,1,False,78528,,False,True,O11:Coculture:F14:Gef,10.17632/fypp6xhkjy.1
2291,O11,Coculture,F14,Gef,0.1,0.1,uM,2,False,74484,,False,True,O11:Coculture:F14:Gef,10.17632/fypp6xhkjy.1
2292,O11,Coculture,F14,Gef,0.1,0.1,uM,3,False,57187,,False,True,O11:Coculture:F14:Gef,10.17632/fypp6xhkjy.1
2293,O11,Coculture,F14,Gef,0.4,0.4,uM,1,False,51586,,False,True,O11:Coculture:F14:Gef,10.17632/fypp6xhkjy.1
2294,O11,Coculture,F14,Gef,0.4,0.4,uM,2,False,40701,,False,True,O11:Coculture:F14:Gef,10.17632/fypp6xhkjy.1
2295,O11,Coculture,F14,Gef,0.4,0.4,uM,3,False,25522,,False,True,O11:Coculture:F14:Gef,10.17632/fypp6xhkjy.1
2296,O11,Coculture,F14,Gef,1.1,1.1,uM,1,False,23339,,False,True,O11:Coculture:F14:Gef,10.17632/fypp6xhkjy.1
2297,O11,Coculture,F14,Gef,1.1,1.1,uM,2,False,17394,,False,True,O11:Coculture:F14:Gef,10.17632/fypp6xhkjy.1
2298,O11,Coculture,F14,Gef,1.1,1.1,uM,3,False,19154,,False,True,O11:Coculture:F14:Gef,10.17632/fypp6xhkjy.1
2299,O11,Coculture,F14,Gef,3.3,3.3,uM,1,False,20168,,False,True,O11:Coculture:F14:Gef,10.17632/fypp6xhkjy.1
2300,O11,Coculture,F14,Gef,3.3,3.3,uM,2,False,17641,,False,True,O11:Coculture:F14:Gef,10.17632/fypp6xhkjy.1
2301,O11,Coculture,F14,Gef,3.3,3.3,uM,3,False,13987,,False,True,O11:Coculture:F14:Gef,10.17632/fypp6xhkjy.1
2302,O11,Coculture,F14,Gef,10.0,10.0,uM,1,False,10567,,False,True,O11:Coculture:F14:Gef,10.17632/fypp6xhkjy.1
2303,O11,Coculture,F14,Gef,10.0,10.0,uM,2,False,8309,,False,True,O11:Coculture:F14:Gef,10.17632/fypp6xhkjy.1
2304,O11,Coculture,F14,Gef,10.0,10.0,uM,3,False,5023,,False,True,O11:Coculture:F14:Gef,10.17632/fypp6xhkjy.1
2305,O11,Coculture,F17,5-FU,DMSO,0.0,uM,1,True,45984,,False,True,O11:Coculture:F17:5-FU,10.17632/fypp6xhkjy.1
2306,O11,Coculture,F17,5-FU,DMSO,0.0,uM,2,True,64115,,False,True,O11:Coculture:F17:5-FU,10.17632/fypp6xhkjy.1
2307,O11,Coculture,F17,5-FU,DMSO,0.0,uM,3,True,64944,,False,True,O11:Coculture:F17:5-FU,10.17632/fypp6xhkjy.1
2308,O11,Coculture,F17,5-FU,0.5,0.5,uM,1,False,46694,,False,True,O11:Coculture:F17:5-FU,10.17632/fypp6xhkjy.1
2309,O11,Coculture,F17,5-FU,0.5,0.5,uM,2,False,59547,,False,True,O11:Coculture:F17:5-FU,10.17632/fypp6xhkjy.1
2310,O11,Coculture,F17,5-FU,0.5,0.5,uM,3,False,52665,,False,True,O11:Coculture:F17:5-FU,10.17632/fypp6xhkjy.1
2311,O11,Coculture,F17,5-FU,1.1,1.1,uM,1,False,34592,,False,True,O11:Coculture:F17:5-FU,10.17632/fypp6xhkjy.1
2312,O11,Coculture,F17,5-FU,1.1,1.1,uM,2,False,44676,,False,True,O11:Coculture:F17:5-FU,10.17632/fypp6xhkjy.1
2313,O11,Coculture,F17,5-FU,1.1,1.1,uM,3,False,47292,,False,True,O11:Coculture:F17:5-FU,10.17632/fypp6xhkjy.1
2314,O11,Coculture,F17,5-FU,2.5,2.5,uM,1,False,32402,,False,True,O11:Coculture:F17:5-FU,10.17632/fypp6xhkjy.1
2315,O11,Coculture,F17,5-FU,2.5,2.5,uM,2,False,32770,,False,True,O11:Coculture:F17:5-FU,10.17632/fypp6xhkjy.1
2316,O11,Coculture,F17,5-FU,2.5,2.5,uM,3,False,25070,,False,True,O11:Coculture:F17:5-FU,10.17632/fypp6xhkjy.1
2317,O11,Coculture,F17,5-FU,5.5,5.5,uM,1,False,13743,,False,True,O11:Coculture:F17:5-FU,10.17632/fypp6xhkjy.1
2318,O11,Coculture,F17,5-FU,5.5,5.5,uM,2,False,13003,,False,True,O11:Coculture:F17:5-FU,10.17632/fypp6xhkjy.1
2319,O11,Coculture,F17,5-FU,5.5,5.5,uM,3,False,11592,,False,True,O11:Coculture:F17:5-FU,10.17632/fypp6xhkjy.1
2320,O11,Coculture,F17,5-FU,12.2,12.2,uM,1,False,11264,,False,True,O11:Coculture:F17:5-FU,10.17632/fypp6xhkjy.1
2321,O11,Coculture,F17,5-FU,12.2,12.2,uM,2,False,15718,,False,True,O11:Coculture:F17:5-FU,10.17632/fypp6xhkjy.1
2322,O11,Coculture,F17,5-FU,12.2,12.2,uM,3,False,14642,,False,True,O11:Coculture:F17:5-FU,10.17632/fypp6xhkjy.1
2323,O11,Coculture,F17,5-FU,27.0,27.0,uM,1,False,6935,,False,True,O11:Coculture:F17:5-FU,10.17632/fypp6xhkjy.1
2324,O11,Coculture,F17,5-FU,27.0,27.0,uM,2,False,9491,,False,True,O11:Coculture:F17:5-FU,10.17632/fypp6xhkjy.1
2325,O11,Coculture,F17,5-FU,27.0,27.0,uM,3,False,8758,,False,True,O11:Coculture:F17:5-FU,10.17632/fypp6xhkjy.1
2326,O11,Coculture,F17,5-FU,60.0,60.0,uM,1,False,4882,,False,True,O11:Coculture:F17:5-FU,10.17632/fypp6xhkjy.1
2327,O11,Coculture,F17,5-FU,60.0,60.0,uM,2,False,7556,,False,True,O11:Coculture:F17:5-FU,10.17632/fypp6xhkjy.1
2328,O11,Coculture,F17,5-FU,60.0,60.0,uM,3,False,7925,,False,True,O11:Coculture:F17:5-FU,10.17632/fypp6xhkjy.1
2329,O11,Coculture,F17,Oxa,DMSO,0.0,uM,1,True,68105,,False,True,O11:Coculture:F17:Oxa,10.17632/fypp6xhkjy.1
2330,O11,Coculture,F17,Oxa,DMSO,0.0,uM,2,True,55074,,False,True,O11:Coculture:F17:Oxa,10.17632/fypp6xhkjy.1
2331,O11,Coculture,F17,Oxa,DMSO,0.0,uM,3,True,61939,,False,True,O11:Coculture:F17:Oxa,10.17632/fypp6xhkjy.1
2332,O11,Coculture,F17,Oxa,0.5,0.5,uM,1,False,65418,,False,True,O11:Coculture:F17:Oxa,10.17632/fypp6xhkjy.1
2333,O11,Coculture,F17,Oxa,0.5,0.5,uM,2,False,49502,,False,True,O11:Coculture:F17:Oxa,10.17632/fypp6xhkjy.1
2334,O11,Coculture,F17,Oxa,0.5,0.5,uM,3,False,67384,,False,True,O11:Coculture:F17:Oxa,10.17632/fypp6xhkjy.1
2335,O11,Coculture,F17,Oxa,1.1,1.1,uM,1,False,72544,,False,True,O11:Coculture:F17:Oxa,10.17632/fypp6xhkjy.1
2336,O11,Coculture,F17,Oxa,1.1,1.1,uM,2,False,56848,,False,True,O11:Coculture:F17:Oxa,10.17632/fypp6xhkjy.1
2337,O11,Coculture,F17,Oxa,1.1,1.1,uM,3,False,74329,,False,True,O11:Coculture:F17:Oxa,10.17632/fypp6xhkjy.1
2338,O11,Coculture,F17,Oxa,2.5,2.5,uM,1,False,63621,,False,True,O11:Coculture:F17:Oxa,10.17632/fypp6xhkjy.1
2339,O11,Coculture,F17,Oxa,2.5,2.5,uM,2,False,63365,,False,True,O11:Coculture:F17:Oxa,10.17632/fypp6xhkjy.1
2340,O11,Coculture,F17,Oxa,2.5,2.5,uM,3,False,72928,,False,True,O11:Coculture:F17:Oxa,10.17632/fypp6xhkjy.1
2341,O11,Coculture,F17,Oxa,5.5,5.5,uM,1,False,29196,,False,True,O11:Coculture:F17:Oxa,10.17632/fypp6xhkjy.1
2342,O11,Coculture,F17,Oxa,5.5,5.5,uM,2,False,25946,,False,True,O11:Coculture:F17:Oxa,10.17632/fypp6xhkjy.1
2343,O11,Coculture,F17,Oxa,5.5,5.5,uM,3,False,35219,,False,True,O11:Coculture:F17:Oxa,10.17632/fypp6xhkjy.1
2344,O11,Coculture,F17,Oxa,12.2,12.2,uM,1,False,3411,,False,True,O11:Coculture:F17:Oxa,10.17632/fypp6xhkjy.1
2345,O11,Coculture,F17,Oxa,12.2,12.2,uM,2,False,4298,,False,True,O11:Coculture:F17:Oxa,10.17632/fypp6xhkjy.1
2346,O11,Coculture,F17,Oxa,12.2,12.2,uM,3,False,4799,,False,True,O11:Coculture:F17:Oxa,10.17632/fypp6xhkjy.1
2347,O11,Coculture,F17,Oxa,27.0,27.0,uM,1,False,3604,,False,True,O11:Coculture:F17:Oxa,10.17632/fypp6xhkjy.1
2348,O11,Coculture,F17,Oxa,27.0,27.0,uM,2,False,2385,,False,True,O11:Coculture:F17:Oxa,10.17632/fypp6xhkjy.1
2349,O11,Coculture,F17,Oxa,27.0,27.0,uM,3,False,4117,,False,True,O11:Coculture:F17:Oxa,10.17632/fypp6xhkjy.1
2350,O11,Coculture,F17,Oxa,60.0,60.0,uM,1,False,2115,,False,True,O11:Coculture:F17:Oxa,10.17632/fypp6xhkjy.1
2351,O11,Coculture,F17,Oxa,60.0,60.0,uM,2,False,2407,,False,True,O11:Coculture:F17:Oxa,10.17632/fypp6xhkjy.1
2352,O11,Coculture,F17,Oxa,60.0,60.0,uM,3,False,3169,,False,True,O11:Coculture:F17:Oxa,10.17632/fypp6xhkjy.1
2353,O11,Coculture,F17,SN-38,DMSO,0.0,nM,1,True,61519,,False,True,O11:Coculture:F17:SN-38,10.17632/fypp6xhkjy.1
2354,O11,Coculture,F17,SN-38,DMSO,0.0,nM,2,True,61193,,False,True,O11:Coculture:F17:SN-38,10.17632/fypp6xhkjy.1
2355,O11,Coculture,F17,SN-38,DMSO,0.0,nM,3,True,63103,,False,True,O11:Coculture:F17:SN-38,10.17632/fypp6xhkjy.1
2356,O11,Coculture,F17,SN-38,0.1,0.1,nM,1,False,57388,,False,True,O11:Coculture:F17:SN-38,10.17632/fypp6xhkjy.1
2357,O11,Coculture,F17,SN-38,0.1,0.1,nM,2,False,65696,,False,True,O11:Coculture:F17:SN-38,10.17632/fypp6xhkjy.1
2358,O11,Coculture,F17,SN-38,0.1,0.1,nM,3,False,63354,,False,True,O11:Coculture:F17:SN-38,10.17632/fypp6xhkjy.1
2359,O11,Coculture,F17,SN-38,0.2,0.2,nM,1,False,63956,,False,True,O11:Coculture:F17:SN-38,10.17632/fypp6xhkjy.1
2360,O11,Coculture,F17,SN-38,0.2,0.2,nM,2,False,64611,,False,True,O11:Coculture:F17:SN-38,10.17632/fypp6xhkjy.1
2361,O11,Coculture,F17,SN-38,0.2,0.2,nM,3,False,78296,,False,True,O11:Coculture:F17:SN-38,10.17632/fypp6xhkjy.1
2362,O11,Coculture,F17,SN-38,0.4,0.4,nM,1,False,58865,,False,True,O11:Coculture:F17:SN-38,10.17632/fypp6xhkjy.1
2363,O11,Coculture,F17,SN-38,0.4,0.4,nM,2,False,70979,,False,True,O11:Coculture:F17:SN-38,10.17632/fypp6xhkjy.1
2364,O11,Coculture,F17,SN-38,0.4,0.4,nM,3,False,70633,,False,True,O11:Coculture:F17:SN-38,10.17632/fypp6xhkjy.1
2365,O11,Coculture,F17,SN-38,0.7,0.7,nM,1,False,62372,,False,True,O11:Coculture:F17:SN-38,10.17632/fypp6xhkjy.1
2366,O11,Coculture,F17,SN-38,0.7,0.7,nM,2,False,64186,,False,True,O11:Coculture:F17:SN-38,10.17632/fypp6xhkjy.1
2367,O11,Coculture,F17,SN-38,0.7,0.7,nM,3,False,59039,,False,True,O11:Coculture:F17:SN-38,10.17632/fypp6xhkjy.1
2368,O11,Coculture,F17,SN-38,1.4,1.4,nM,1,False,63983,,False,True,O11:Coculture:F17:SN-38,10.17632/fypp6xhkjy.1
2369,O11,Coculture,F17,SN-38,1.4,1.4,nM,2,False,64502,,False,True,O11:Coculture:F17:SN-38,10.17632/fypp6xhkjy.1
2370,O11,Coculture,F17,SN-38,1.4,1.4,nM,3,False,63145,,False,True,O11:Coculture:F17:SN-38,10.17632/fypp6xhkjy.1
2371,O11,Coculture,F17,SN-38,2.6,2.6,nM,1,False,64630,,False,True,O11:Coculture:F17:SN-38,10.17632/fypp6xhkjy.1
2372,O11,Coculture,F17,SN-38,2.6,2.6,nM,2,False,65798,,False,True,O11:Coculture:F17:SN-38,10.17632/fypp6xhkjy.1
2373,O11,Coculture,F17,SN-38,2.6,2.6,nM,3,False,53688,,False,True,O11:Coculture:F17:SN-38,10.17632/fypp6xhkjy.1
2374,O11,Coculture,F17,SN-38,5.0,5.0,nM,1,False,33869,,False,True,O11:Coculture:F17:SN-38,10.17632/fypp6xhkjy.1
2375,O11,Coculture,F17,SN-38,5.0,5.0,nM,2,False,33245,,False,True,O11:Coculture:F17:SN-38,10.17632/fypp6xhkjy.1
2376,O11,Coculture,F17,SN-38,5.0,5.0,nM,3,False,16185,,False,True,O11:Coculture:F17:SN-38,10.17632/fypp6xhkjy.1
2377,O11,Coculture,F17,Gef,DMSO,0.0,uM,1,True,49585,,False,True,O11:Coculture:F17:Gef,10.17632/fypp6xhkjy.1
2378,O11,Coculture,F17,Gef,DMSO,0.0,uM,2,True,49870,,False,True,O11:Coculture:F17:Gef,10.17632/fypp6xhkjy.1
2379,O11,Coculture,F17,Gef,DMSO,0.0,uM,3,True,52428,,False,True,O11:Coculture:F17:Gef,10.17632/fypp6xhkjy.1
2380,O11,Coculture,F17,Gef,0.01,0.01,uM,1,False,67918,,False,True,O11:Coculture:F17:Gef,10.17632/fypp6xhkjy.1
2381,O11,Coculture,F17,Gef,0.01,0.01,uM,2,False,70568,,False,True,O11:Coculture:F17:Gef,10.17632/fypp6xhkjy.1
2382,O11,Coculture,F17,Gef,0.01,0.01,uM,3,False,58545,,False,True,O11:Coculture:F17:Gef,10.17632/fypp6xhkjy.1
2383,O11,Coculture,F17,Gef,0.04,0.04,uM,1,False,73551,,False,True,O11:Coculture:F17:Gef,10.17632/fypp6xhkjy.1
2384,O11,Coculture,F17,Gef,0.04,0.04,uM,2,False,67928,,False,True,O11:Coculture:F17:Gef,10.17632/fypp6xhkjy.1
2385,O11,Coculture,F17,Gef,0.04,0.04,uM,3,False,69613,,False,True,O11:Coculture:F17:Gef,10.17632/fypp6xhkjy.1
2386,O11,Coculture,F17,Gef,0.1,0.1,uM,1,False,73569,,False,True,O11:Coculture:F17:Gef,10.17632/fypp6xhkjy.1
2387,O11,Coculture,F17,Gef,0.1,0.1,uM,2,False,75884,,False,True,O11:Coculture:F17:Gef,10.17632/fypp6xhkjy.1
2388,O11,Coculture,F17,Gef,0.1,0.1,uM,3,False,83124,,False,True,O11:Coculture:F17:Gef,10.17632/fypp6xhkjy.1
2389,O11,Coculture,F17,Gef,0.4,0.4,uM,1,False,39327,,False,True,O11:Coculture:F17:Gef,10.17632/fypp6xhkjy.1
2390,O11,Coculture,F17,Gef,0.4,0.4,uM,2,False,41546,,False,True,O11:Coculture:F17:Gef,10.17632/fypp6xhkjy.1
2391,O11,Coculture,F17,Gef,0.4,0.4,uM,3,False,39772,,False,True,O11:Coculture:F17:Gef,10.17632/fypp6xhkjy.1
2392,O11,Coculture,F17,Gef,1.1,1.1,uM,1,False,15909,,False,True,O11:Coculture:F17:Gef,10.17632/fypp6xhkjy.1
2393,O11,Coculture,F17,Gef,1.1,1.1,uM,2,False,15153,,False,True,O11:Coculture:F17:Gef,10.17632/fypp6xhkjy.1
2394,O11,Coculture,F17,Gef,1.1,1.1,uM,3,False,12823,,False,True,O11:Coculture:F17:Gef,10.17632/fypp6xhkjy.1
2395,O11,Coculture,F17,Gef,3.3,3.3,uM,1,False,12156,,False,True,O11:Coculture:F17:Gef,10.17632/fypp6xhkjy.1
2396,O11,Coculture,F17,Gef,3.3,3.3,uM,2,False,17148,,False,True,O11:Coculture:F17:Gef,10.17632/fypp6xhkjy.1
2397,O11,Coculture,F17,Gef,3.3,3.3,uM,3,False,8959,,False,True,O11:Coculture:F17:Gef,10.17632/fypp6xhkjy.1
2398,O11,Coculture,F17,Gef,10.0,10.0,uM,1,False,7260,,False,True,O11:Coculture:F17:Gef,10.17632/fypp6xhkjy.1
2399,O11,Coculture,F17,Gef,10.0,10.0,uM,2,False,7886,,False,True,O11:Coculture:F17:Gef,10.17632/fypp6xhkjy.1
2400,O11,Coculture,F17,Gef,10.0,10.0,uM,3,False,3944,,False,True,O11:Coculture:F17:Gef,10.17632/fypp6xhkjy.1
2401,O11,Coculture,F06,5-FU,DMSO,0.0,uM,1,True,61125,,False,True,O11:Coculture:F06:5-FU,10.17632/fypp6xhkjy.1
2402,O11,Coculture,F06,5-FU,DMSO,0.0,uM,2,True,49548,,False,True,O11:Coculture:F06:5-FU,10.17632/fypp6xhkjy.1
2403,O11,Coculture,F06,5-FU,DMSO,0.0,uM,3,True,61217,,False,True,O11:Coculture:F06:5-FU,10.17632/fypp6xhkjy.1
2404,O11,Coculture,F06,5-FU,0.5,0.5,uM,1,False,44574,,False,True,O11:Coculture:F06:5-FU,10.17632/fypp6xhkjy.1
2405,O11,Coculture,F06,5-FU,0.5,0.5,uM,2,False,47743,,False,True,O11:Coculture:F06:5-FU,10.17632/fypp6xhkjy.1
2406,O11,Coculture,F06,5-FU,0.5,0.5,uM,3,False,45056,,False,True,O11:Coculture:F06:5-FU,10.17632/fypp6xhkjy.1
2407,O11,Coculture,F06,5-FU,1.1,1.1,uM,1,False,31010,,False,True,O11:Coculture:F06:5-FU,10.17632/fypp6xhkjy.1
2408,O11,Coculture,F06,5-FU,1.1,1.1,uM,2,False,32785,,False,True,O11:Coculture:F06:5-FU,10.17632/fypp6xhkjy.1
2409,O11,Coculture,F06,5-FU,1.1,1.1,uM,3,False,36706,,False,True,O11:Coculture:F06:5-FU,10.17632/fypp6xhkjy.1
2410,O11,Coculture,F06,5-FU,2.5,2.5,uM,1,False,23254,,False,True,O11:Coculture:F06:5-FU,10.17632/fypp6xhkjy.1
2411,O11,Coculture,F06,5-FU,2.5,2.5,uM,2,False,22102,,False,True,O11:Coculture:F06:5-FU,10.17632/fypp6xhkjy.1
2412,O11,Coculture,F06,5-FU,2.5,2.5,uM,3,False,23026,,False,True,O11:Coculture:F06:5-FU,10.17632/fypp6xhkjy.1
2413,O11,Coculture,F06,5-FU,5.5,5.5,uM,1,False,15160,,False,True,O11:Coculture:F06:5-FU,10.17632/fypp6xhkjy.1
2414,O11,Coculture,F06,5-FU,5.5,5.5,uM,2,False,14324,,False,True,O11:Coculture:F06:5-FU,10.17632/fypp6xhkjy.1
2415,O11,Coculture,F06,5-FU,5.5,5.5,uM,3,False,16124,,False,True,O11:Coculture:F06:5-FU,10.17632/fypp6xhkjy.1
2416,O11,Coculture,F06,5-FU,12.2,12.2,uM,1,False,16174,,False,True,O11:Coculture:F06:5-FU,10.17632/fypp6xhkjy.1
2417,O11,Coculture,F06,5-FU,12.2,12.2,uM,2,False,19307,,False,True,O11:Coculture:F06:5-FU,10.17632/fypp6xhkjy.1
2418,O11,Coculture,F06,5-FU,12.2,12.2,uM,3,False,16112,,False,True,O11:Coculture:F06:5-FU,10.17632/fypp6xhkjy.1
2419,O11,Coculture,F06,5-FU,27.0,27.0,uM,1,False,9992,,False,True,O11:Coculture:F06:5-FU,10.17632/fypp6xhkjy.1
2420,O11,Coculture,F06,5-FU,27.0,27.0,uM,2,False,13611,,False,True,O11:Coculture:F06:5-FU,10.17632/fypp6xhkjy.1
2421,O11,Coculture,F06,5-FU,27.0,27.0,uM,3,False,14658,,False,True,O11:Coculture:F06:5-FU,10.17632/fypp6xhkjy.1
2422,O11,Coculture,F06,5-FU,60.0,60.0,uM,1,False,8015,,False,True,O11:Coculture:F06:5-FU,10.17632/fypp6xhkjy.1
2423,O11,Coculture,F06,5-FU,60.0,60.0,uM,2,False,6473,,False,True,O11:Coculture:F06:5-FU,10.17632/fypp6xhkjy.1
2424,O11,Coculture,F06,5-FU,60.0,60.0,uM,3,False,4974,,False,True,O11:Coculture:F06:5-FU,10.17632/fypp6xhkjy.1
2425,O11,Coculture,F06,Oxa,DMSO,0.0,uM,1,True,61557,,False,True,O11:Coculture:F06:Oxa,10.17632/fypp6xhkjy.1
2426,O11,Coculture,F06,Oxa,DMSO,0.0,uM,2,True,64406,,False,True,O11:Coculture:F06:Oxa,10.17632/fypp6xhkjy.1
2427,O11,Coculture,F06,Oxa,DMSO,0.0,uM,3,True,70784,,False,True,O11:Coculture:F06:Oxa,10.17632/fypp6xhkjy.1
2428,O11,Coculture,F06,Oxa,0.5,0.5,uM,1,False,74956,,False,True,O11:Coculture:F06:Oxa,10.17632/fypp6xhkjy.1
2429,O11,Coculture,F06,Oxa,0.5,0.5,uM,2,False,53779,,False,True,O11:Coculture:F06:Oxa,10.17632/fypp6xhkjy.1
2430,O11,Coculture,F06,Oxa,0.5,0.5,uM,3,False,63678,,False,True,O11:Coculture:F06:Oxa,10.17632/fypp6xhkjy.1
2431,O11,Coculture,F06,Oxa,1.1,1.1,uM,1,False,78962,,False,True,O11:Coculture:F06:Oxa,10.17632/fypp6xhkjy.1
2432,O11,Coculture,F06,Oxa,1.1,1.1,uM,2,False,63827,,False,True,O11:Coculture:F06:Oxa,10.17632/fypp6xhkjy.1
2433,O11,Coculture,F06,Oxa,1.1,1.1,uM,3,False,59394,,False,True,O11:Coculture:F06:Oxa,10.17632/fypp6xhkjy.1
2434,O11,Coculture,F06,Oxa,2.5,2.5,uM,1,False,71691,,False,True,O11:Coculture:F06:Oxa,10.17632/fypp6xhkjy.1
2435,O11,Coculture,F06,Oxa,2.5,2.5,uM,2,False,58340,,False,True,O11:Coculture:F06:Oxa,10.17632/fypp6xhkjy.1
2436,O11,Coculture,F06,Oxa,2.5,2.5,uM,3,False,60220,,False,True,O11:Coculture:F06:Oxa,10.17632/fypp6xhkjy.1
2437,O11,Coculture,F06,Oxa,5.5,5.5,uM,1,False,30251,,False,True,O11:Coculture:F06:Oxa,10.17632/fypp6xhkjy.1
2438,O11,Coculture,F06,Oxa,5.5,5.5,uM,2,False,22952,,False,True,O11:Coculture:F06:Oxa,10.17632/fypp6xhkjy.1
2439,O11,Coculture,F06,Oxa,5.5,5.5,uM,3,False,32530,,False,True,O11:Coculture:F06:Oxa,10.17632/fypp6xhkjy.1
2440,O11,Coculture,F06,Oxa,12.2,12.2,uM,1,False,4605,,False,True,O11:Coculture:F06:Oxa,10.17632/fypp6xhkjy.1
2441,O11,Coculture,F06,Oxa,12.2,12.2,uM,2,False,4241,,False,True,O11:Coculture:F06:Oxa,10.17632/fypp6xhkjy.1
2442,O11,Coculture,F06,Oxa,12.2,12.2,uM,3,False,3305,,False,True,O11:Coculture:F06:Oxa,10.17632/fypp6xhkjy.1
2443,O11,Coculture,F06,Oxa,27.0,27.0,uM,1,False,3824,,False,True,O11:Coculture:F06:Oxa,10.17632/fypp6xhkjy.1
2444,O11,Coculture,F06,Oxa,27.0,27.0,uM,2,False,3850,,False,True,O11:Coculture:F06:Oxa,10.17632/fypp6xhkjy.1
2445,O11,Coculture,F06,Oxa,27.0,27.0,uM,3,False,4193,,False,True,O11:Coculture:F06:Oxa,10.17632/fypp6xhkjy.1
2446,O11,Coculture,F06,Oxa,60.0,60.0,uM,1,False,2931,,False,True,O11:Coculture:F06:Oxa,10.17632/fypp6xhkjy.1
2447,O11,Coculture,F06,Oxa,60.0,60.0,uM,2,False,2417,,False,True,O11:Coculture:F06:Oxa,10.17632/fypp6xhkjy.1
2448,O11,Coculture,F06,Oxa,60.0,60.0,uM,3,False,2368,,False,True,O11:Coculture:F06:Oxa,10.17632/fypp6xhkjy.1
2449,O11,Coculture,F06,SN-38,DMSO,0.0,nM,1,True,57189,,False,True,O11:Coculture:F06:SN-38,10.17632/fypp6xhkjy.1
2450,O11,Coculture,F06,SN-38,DMSO,0.0,nM,2,True,69271,,False,True,O11:Coculture:F06:SN-38,10.17632/fypp6xhkjy.1
2451,O11,Coculture,F06,SN-38,DMSO,0.0,nM,3,True,51347,,False,True,O11:Coculture:F06:SN-38,10.17632/fypp6xhkjy.1
2452,O11,Coculture,F06,SN-38,0.1,0.1,nM,1,False,60085,,False,True,O11:Coculture:F06:SN-38,10.17632/fypp6xhkjy.1
2453,O11,Coculture,F06,SN-38,0.1,0.1,nM,2,False,72135,,False,True,O11:Coculture:F06:SN-38,10.17632/fypp6xhkjy.1
2454,O11,Coculture,F06,SN-38,0.1,0.1,nM,3,False,65287,,False,True,O11:Coculture:F06:SN-38,10.17632/fypp6xhkjy.1
2455,O11,Coculture,F06,SN-38,0.2,0.2,nM,1,False,57057,,False,True,O11:Coculture:F06:SN-38,10.17632/fypp6xhkjy.1
2456,O11,Coculture,F06,SN-38,0.2,0.2,nM,2,False,62303,,False,True,O11:Coculture:F06:SN-38,10.17632/fypp6xhkjy.1
2457,O11,Coculture,F06,SN-38,0.2,0.2,nM,3,False,65883,,False,True,O11:Coculture:F06:SN-38,10.17632/fypp6xhkjy.1
2458,O11,Coculture,F06,SN-38,0.4,0.4,nM,1,False,77329,,False,True,O11:Coculture:F06:SN-38,10.17632/fypp6xhkjy.1
2459,O11,Coculture,F06,SN-38,0.4,0.4,nM,2,False,71680,,False,True,O11:Coculture:F06:SN-38,10.17632/fypp6xhkjy.1
2460,O11,Coculture,F06,SN-38,0.4,0.4,nM,3,False,57600,,False,True,O11:Coculture:F06:SN-38,10.17632/fypp6xhkjy.1
2461,O11,Coculture,F06,SN-38,0.7,0.7,nM,1,False,70771,,False,True,O11:Coculture:F06:SN-38,10.17632/fypp6xhkjy.1
2462,O11,Coculture,F06,SN-38,0.7,0.7,nM,2,False,46977,,False,True,O11:Coculture:F06:SN-38,10.17632/fypp6xhkjy.1
2463,O11,Coculture,F06,SN-38,0.7,0.7,nM,3,False,60809,,False,True,O11:Coculture:F06:SN-38,10.17632/fypp6xhkjy.1
2464,O11,Coculture,F06,SN-38,1.4,1.4,nM,1,False,52504,,False,True,O11:Coculture:F06:SN-38,10.17632/fypp6xhkjy.1
2465,O11,Coculture,F06,SN-38,1.4,1.4,nM,2,False,55368,,False,True,O11:Coculture:F06:SN-38,10.17632/fypp6xhkjy.1
2466,O11,Coculture,F06,SN-38,1.4,1.4,nM,3,False,49596,,False,True,O11:Coculture:F06:SN-38,10.17632/fypp6xhkjy.1
2467,O11,Coculture,F06,SN-38,2.6,2.6,nM,1,False,44477,,False,True,O11:Coculture:F06:SN-38,10.17632/fypp6xhkjy.1
2468,O11,Coculture,F06,SN-38,2.6,2.6,nM,2,False,45140,,False,True,O11:Coculture:F06:SN-38,10.17632/fypp6xhkjy.1
2469,O11,Coculture,F06,SN-38,2.6,2.6,nM,3,False,37917,,False,True,O11:Coculture:F06:SN-38,10.17632/fypp6xhkjy.1
2470,O11,Coculture,F06,SN-38,5.0,5.0,nM,1,False,14292,,False,True,O11:Coculture:F06:SN-38,10.17632/fypp6xhkjy.1
2471,O11,Coculture,F06,SN-38,5.0,5.0,nM,2,False,9015,,False,True,O11:Coculture:F06:SN-38,10.17632/fypp6xhkjy.1
2472,O11,Coculture,F06,SN-38,5.0,5.0,nM,3,False,8792,,False,True,O11:Coculture:F06:SN-38,10.17632/fypp6xhkjy.1
2473,O11,Coculture,F06,Gef,DMSO,0.0,uM,1,True,57467,,False,True,O11:Coculture:F06:Gef,10.17632/fypp6xhkjy.1
2474,O11,Coculture,F06,Gef,DMSO,0.0,uM,2,True,50987,,False,True,O11:Coculture:F06:Gef,10.17632/fypp6xhkjy.1
2475,O11,Coculture,F06,Gef,DMSO,0.0,uM,3,True,57104,,False,True,O11:Coculture:F06:Gef,10.17632/fypp6xhkjy.1
2476,O11,Coculture,F06,Gef,0.01,0.01,uM,1,False,52545,,False,True,O11:Coculture:F06:Gef,10.17632/fypp6xhkjy.1
2477,O11,Coculture,F06,Gef,0.01,0.01,uM,2,False,62240,,False,True,O11:Coculture:F06:Gef,10.17632/fypp6xhkjy.1
2478,O11,Coculture,F06,Gef,0.01,0.01,uM,3,False,57421,,False,True,O11:Coculture:F06:Gef,10.17632/fypp6xhkjy.1
2479,O11,Coculture,F06,Gef,0.04,0.04,uM,1,False,61411,,False,True,O11:Coculture:F06:Gef,10.17632/fypp6xhkjy.1
2480,O11,Coculture,F06,Gef,0.04,0.04,uM,2,False,53241,,False,True,O11:Coculture:F06:Gef,10.17632/fypp6xhkjy.1
2481,O11,Coculture,F06,Gef,0.04,0.04,uM,3,False,75346,,False,True,O11:Coculture:F06:Gef,10.17632/fypp6xhkjy.1
2482,O11,Coculture,F06,Gef,0.1,0.1,uM,1,False,68071,,False,True,O11:Coculture:F06:Gef,10.17632/fypp6xhkjy.1
2483,O11,Coculture,F06,Gef,0.1,0.1,uM,2,False,59859,,False,True,O11:Coculture:F06:Gef,10.17632/fypp6xhkjy.1
2484,O11,Coculture,F06,Gef,0.1,0.1,uM,3,False,53926,,False,True,O11:Coculture:F06:Gef,10.17632/fypp6xhkjy.1
2485,O11,Coculture,F06,Gef,0.4,0.4,uM,1,False,40249,,False,True,O11:Coculture:F06:Gef,10.17632/fypp6xhkjy.1
2486,O11,Coculture,F06,Gef,0.4,0.4,uM,2,False,42099,,False,True,O11:Coculture:F06:Gef,10.17632/fypp6xhkjy.1
2487,O11,Coculture,F06,Gef,0.4,0.4,uM,3,False,38168,,False,True,O11:Coculture:F06:Gef,10.17632/fypp6xhkjy.1
2488,O11,Coculture,F06,Gef,1.1,1.1,uM,1,False,17784,,False,True,O11:Coculture:F06:Gef,10.17632/fypp6xhkjy.1
2489,O11,Coculture,F06,Gef,1.1,1.1,uM,2,False,15358,,False,True,O11:Coculture:F06:Gef,10.17632/fypp6xhkjy.1
2490,O11,Coculture,F06,Gef,1.1,1.1,uM,3,False,15305,,False,True,O11:Coculture:F06:Gef,10.17632/fypp6xhkjy.1
2491,O11,Coculture,F06,Gef,3.3,3.3,uM,1,False,20264,,False,True,O11:Coculture:F06:Gef,10.17632/fypp6xhkjy.1
2492,O11,Coculture,F06,Gef,3.3,3.3,uM,2,False,12607,,False,True,O11:Coculture:F06:Gef,10.17632/fypp6xhkjy.1
2493,O11,Coculture,F06,Gef,3.3,3.3,uM,3,False,13774,,False,True,O11:Coculture:F06:Gef,10.17632/fypp6xhkjy.1
2494,O11,Coculture,F06,Gef,10.0,10.0,uM,1,False,11490,,False,True,O11:Coculture:F06:Gef,10.17632/fypp6xhkjy.1
2495,O11,Coculture,F06,Gef,10.0,10.0,uM,2,False,9080,,False,True,O11:Coculture:F06:Gef,10.17632/fypp6xhkjy.1
2496,O11,Coculture,F06,Gef,10.0,10.0,uM,3,False,4428,,False,True,O11:Coculture:F06:Gef,10.17632/fypp6xhkjy.1
2497,O12,Monoculture,,5-FU,DMSO,0.0,uM,1,True,90511,,False,True,O12:Monoculture::5-FU,10.17632/fypp6xhkjy.1
2498,O12,Monoculture,,5-FU,DMSO,0.0,uM,2,True,78831,,False,True,O12:Monoculture::5-FU,10.17632/fypp6xhkjy.1
2499,O12,Monoculture,,5-FU,DMSO,0.0,uM,3,True,95666,,False,True,O12:Monoculture::5-FU,10.17632/fypp6xhkjy.1
2500,O12,Monoculture,,5-FU,0.5,0.5,uM,1,False,122010,,False,True,O12:Monoculture::5-FU,10.17632/fypp6xhkjy.1
2501,O12,Monoculture,,5-FU,0.5,0.5,uM,2,False,149280,,False,True,O12:Monoculture::5-FU,10.17632/fypp6xhkjy.1
2502,O12,Monoculture,,5-FU,0.5,0.5,uM,3,False,68779,,False,True,O12:Monoculture::5-FU,10.17632/fypp6xhkjy.1
2503,O12,Monoculture,,5-FU,1.1,1.1,uM,1,False,66523,,False,True,O12:Monoculture::5-FU,10.17632/fypp6xhkjy.1
2504,O12,Monoculture,,5-FU,1.1,1.1,uM,2,False,70992,,False,True,O12:Monoculture::5-FU,10.17632/fypp6xhkjy.1
2505,O12,Monoculture,,5-FU,1.1,1.1,uM,3,False,47954,,False,True,O12:Monoculture::5-FU,10.17632/fypp6xhkjy.1
2506,O12,Monoculture,,5-FU,2.5,2.5,uM,1,False,26699,,False,True,O12:Monoculture::5-FU,10.17632/fypp6xhkjy.1
2507,O12,Monoculture,,5-FU,2.5,2.5,uM,2,False,21737,,False,True,O12:Monoculture::5-FU,10.17632/fypp6xhkjy.1
2508,O12,Monoculture,,5-FU,2.5,2.5,uM,3,False,17763,,False,True,O12:Monoculture::5-FU,10.17632/fypp6xhkjy.1
2509,O12,Monoculture,,5-FU,5.5,5.5,uM,1,False,7609,,False,True,O12:Monoculture::5-FU,10.17632/fypp6xhkjy.1
2510,O12,Monoculture,,5-FU,5.5,5.5,uM,2,False,7528,,False,True,O12:Monoculture::5-FU,10.17632/fypp6xhkjy.1
2511,O12,Monoculture,,5-FU,5.5,5.5,uM,3,False,5934,,False,True,O12:Monoculture::5-FU,10.17632/fypp6xhkjy.1
2512,O12,Monoculture,,5-FU,12.2,12.2,uM,1,False,9327,,False,True,O12:Monoculture::5-FU,10.17632/fypp6xhkjy.1
2513,O12,Monoculture,,5-FU,12.2,12.2,uM,2,False,7109,,False,True,O12:Monoculture::5-FU,10.17632/fypp6xhkjy.1
2514,O12,Monoculture,,5-FU,12.2,12.2,uM,3,False,5236,,False,True,O12:Monoculture::5-FU,10.17632/fypp6xhkjy.1
2515,O12,Monoculture,,5-FU,27.0,27.0,uM,1,False,10832,,False,True,O12:Monoculture::5-FU,10.17632/fypp6xhkjy.1
2516,O12,Monoculture,,5-FU,27.0,27.0,uM,2,False,6732,,False,True,O12:Monoculture::5-FU,10.17632/fypp6xhkjy.1
2517,O12,Monoculture,,5-FU,27.0,27.0,uM,3,False,4641,,False,True,O12:Monoculture::5-FU,10.17632/fypp6xhkjy.1
2518,O12,Monoculture,,5-FU,60.0,60.0,uM,1,False,7990,,False,True,O12:Monoculture::5-FU,10.17632/fypp6xhkjy.1
2519,O12,Monoculture,,5-FU,60.0,60.0,uM,2,False,5244,,False,True,O12:Monoculture::5-FU,10.17632/fypp6xhkjy.1
2520,O12,Monoculture,,5-FU,60.0,60.0,uM,3,False,7813,,False,True,O12:Monoculture::5-FU,10.17632/fypp6xhkjy.1
2521,O12,Monoculture,,Oxa,DMSO,0.0,uM,1,True,84730,,False,True,O12:Monoculture::Oxa,10.17632/fypp6xhkjy.1
2522,O12,Monoculture,,Oxa,DMSO,0.0,uM,2,True,26279,seeding not uniform,False,False,O12:Monoculture::Oxa,10.17632/fypp6xhkjy.1
2523,O12,Monoculture,,Oxa,DMSO,0.0,uM,3,True,60634,,False,True,O12:Monoculture::Oxa,10.17632/fypp6xhkjy.1
2524,O12,Monoculture,,Oxa,0.5,0.5,uM,1,False,49265,,False,True,O12:Monoculture::Oxa,10.17632/fypp6xhkjy.1
2525,O12,Monoculture,,Oxa,0.5,0.5,uM,2,False,65179,,False,True,O12:Monoculture::Oxa,10.17632/fypp6xhkjy.1
2526,O12,Monoculture,,Oxa,0.5,0.5,uM,3,False,46931,,False,True,O12:Monoculture::Oxa,10.17632/fypp6xhkjy.1
2527,O12,Monoculture,,Oxa,1.1,1.1,uM,1,False,36422,,False,True,O12:Monoculture::Oxa,10.17632/fypp6xhkjy.1
2528,O12,Monoculture,,Oxa,1.1,1.1,uM,2,False,21857,,False,True,O12:Monoculture::Oxa,10.17632/fypp6xhkjy.1
2529,O12,Monoculture,,Oxa,1.1,1.1,uM,3,False,20614,,False,True,O12:Monoculture::Oxa,10.17632/fypp6xhkjy.1
2530,O12,Monoculture,,Oxa,2.5,2.5,uM,1,False,535,cells lost,False,False,O12:Monoculture::Oxa,10.17632/fypp6xhkjy.1
2531,O12,Monoculture,,Oxa,2.5,2.5,uM,2,False,7862,,False,True,O12:Monoculture::Oxa,10.17632/fypp6xhkjy.1
2532,O12,Monoculture,,Oxa,2.5,2.5,uM,3,False,10117,,False,True,O12:Monoculture::Oxa,10.17632/fypp6xhkjy.1
2533,O12,Monoculture,,Oxa,5.5,5.5,uM,1,False,4083,,False,True,O12:Monoculture::Oxa,10.17632/fypp6xhkjy.1
2534,O12,Monoculture,,Oxa,5.5,5.5,uM,2,False,2408,,False,True,O12:Monoculture::Oxa,10.17632/fypp6xhkjy.1
2535,O12,Monoculture,,Oxa,5.5,5.5,uM,3,False,3371,,False,True,O12:Monoculture::Oxa,10.17632/fypp6xhkjy.1
2536,O12,Monoculture,,Oxa,12.2,12.2,uM,1,False,2243,,False,True,O12:Monoculture::Oxa,10.17632/fypp6xhkjy.1
2537,O12,Monoculture,,Oxa,12.2,12.2,uM,2,False,2775,,False,True,O12:Monoculture::Oxa,10.17632/fypp6xhkjy.1
2538,O12,Monoculture,,Oxa,12.2,12.2,uM,3,False,4510,,False,True,O12:Monoculture::Oxa,10.17632/fypp6xhkjy.1
2539,O12,Monoculture,,Oxa,27.0,27.0,uM,1,False,4534,,False,True,O12:Monoculture::Oxa,10.17632/fypp6xhkjy.1
2540,O12,Monoculture,,Oxa,27.0,27.0,uM,2,False,3208,,False,True,O12:Monoculture::Oxa,10.17632/fypp6xhkjy.1
2541,O12,Monoculture,,Oxa,27.0,27.0,uM,3,False,3709,,False,True,O12:Monoculture::Oxa,10.17632/fypp6xhkjy.1
2542,O12,Monoculture,,Oxa,60.0,60.0,uM,1,False,2284,,False,True,O12:Monoculture::Oxa,10.17632/fypp6xhkjy.1
2543,O12,Monoculture,,Oxa,60.0,60.0,uM,2,False,519,,False,True,O12:Monoculture::Oxa,10.17632/fypp6xhkjy.1
2544,O12,Monoculture,,Oxa,60.0,60.0,uM,3,False,1272,,False,True,O12:Monoculture::Oxa,10.17632/fypp6xhkjy.1
2545,O12,Monoculture,,SN-38,DMSO,0.0,nM,1,True,54254,,False,True,O12:Monoculture::SN-38,10.17632/fypp6xhkjy.1
2546,O12,Monoculture,,SN-38,DMSO,0.0,nM,2,True,60852,,False,True,O12:Monoculture::SN-38,10.17632/fypp6xhkjy.1
2547,O12,Monoculture,,SN-38,DMSO,0.0,nM,3,True,93914,,False,True,O12:Monoculture::SN-38,10.17632/fypp6xhkjy.1
2548,O12,Monoculture,,SN-38,0.1,0.1,nM,1,False,61090,,False,True,O12:Monoculture::SN-38,10.17632/fypp6xhkjy.1
2549,O12,Monoculture,,SN-38,0.1,0.1,nM,2,False,76041,,False,True,O12:Monoculture::SN-38,10.17632/fypp6xhkjy.1
2550,O12,Monoculture,,SN-38,0.1,0.1,nM,3,False,68727,,False,True,O12:Monoculture::SN-38,10.17632/fypp6xhkjy.1
2551,O12,Monoculture,,SN-38,0.2,0.2,nM,1,False,55250,,False,True,O12:Monoculture::SN-38,10.17632/fypp6xhkjy.1
2552,O12,Monoculture,,SN-38,0.2,0.2,nM,2,False,51311,,False,True,O12:Monoculture::SN-38,10.17632/fypp6xhkjy.1
2553,O12,Monoculture,,SN-38,0.2,0.2,nM,3,False,45150,,False,True,O12:Monoculture::SN-38,10.17632/fypp6xhkjy.1
2554,O12,Monoculture,,SN-38,0.4,0.4,nM,1,False,44682,,False,True,O12:Monoculture::SN-38,10.17632/fypp6xhkjy.1
2555,O12,Monoculture,,SN-38,0.4,0.4,nM,2,False,46612,,False,True,O12:Monoculture::SN-38,10.17632/fypp6xhkjy.1
2556,O12,Monoculture,,SN-38,0.4,0.4,nM,3,False,41690,,False,True,O12:Monoculture::SN-38,10.17632/fypp6xhkjy.1
2557,O12,Monoculture,,SN-38,0.7,0.7,nM,1,False,30160,,False,True,O12:Monoculture::SN-38,10.17632/fypp6xhkjy.1
2558,O12,Monoculture,,SN-38,0.7,0.7,nM,2,False,14455,,False,True,O12:Monoculture::SN-38,10.17632/fypp6xhkjy.1
2559,O12,Monoculture,,SN-38,0.7,0.7,nM,3,False,36722,,False,True,O12:Monoculture::SN-38,10.17632/fypp6xhkjy.1
2560,O12,Monoculture,,SN-38,1.4,1.4,nM,1,False,14645,,False,True,O12:Monoculture::SN-38,10.17632/fypp6xhkjy.1
2561,O12,Monoculture,,SN-38,1.4,1.4,nM,2,False,16115,,False,True,O12:Monoculture::SN-38,10.17632/fypp6xhkjy.1
2562,O12,Monoculture,,SN-38,1.4,1.4,nM,3,False,22031,,False,True,O12:Monoculture::SN-38,10.17632/fypp6xhkjy.1
2563,O12,Monoculture,,SN-38,2.6,2.6,nM,1,False,9229,,False,True,O12:Monoculture::SN-38,10.17632/fypp6xhkjy.1
2564,O12,Monoculture,,SN-38,2.6,2.6,nM,2,False,5798,,False,True,O12:Monoculture::SN-38,10.17632/fypp6xhkjy.1
2565,O12,Monoculture,,SN-38,2.6,2.6,nM,3,False,9713,,False,True,O12:Monoculture::SN-38,10.17632/fypp6xhkjy.1
2566,O12,Monoculture,,SN-38,5.0,5.0,nM,1,False,3012,,False,True,O12:Monoculture::SN-38,10.17632/fypp6xhkjy.1
2567,O12,Monoculture,,SN-38,5.0,5.0,nM,2,False,1281,,False,True,O12:Monoculture::SN-38,10.17632/fypp6xhkjy.1
2568,O12,Monoculture,,SN-38,5.0,5.0,nM,3,False,3058,,False,True,O12:Monoculture::SN-38,10.17632/fypp6xhkjy.1
2569,O12,Monoculture,,Gef,DMSO,0.0,uM,1,True,98335,,False,True,O12:Monoculture::Gef,10.17632/fypp6xhkjy.1
2570,O12,Monoculture,,Gef,DMSO,0.0,uM,2,True,98463,,False,True,O12:Monoculture::Gef,10.17632/fypp6xhkjy.1
2571,O12,Monoculture,,Gef,DMSO,0.0,uM,3,True,88489,,False,True,O12:Monoculture::Gef,10.17632/fypp6xhkjy.1
2572,O12,Monoculture,,Gef,0.01,0.01,uM,1,False,64671,,False,True,O12:Monoculture::Gef,10.17632/fypp6xhkjy.1
2573,O12,Monoculture,,Gef,0.01,0.01,uM,2,False,94473,,False,True,O12:Monoculture::Gef,10.17632/fypp6xhkjy.1
2574,O12,Monoculture,,Gef,0.01,0.01,uM,3,False,44901,,False,True,O12:Monoculture::Gef,10.17632/fypp6xhkjy.1
2575,O12,Monoculture,,Gef,0.04,0.04,uM,1,False,32563,,False,True,O12:Monoculture::Gef,10.17632/fypp6xhkjy.1
2576,O12,Monoculture,,Gef,0.04,0.04,uM,2,False,41039,,False,True,O12:Monoculture::Gef,10.17632/fypp6xhkjy.1
2577,O12,Monoculture,,Gef,0.04,0.04,uM,3,False,34318,,False,True,O12:Monoculture::Gef,10.17632/fypp6xhkjy.1
2578,O12,Monoculture,,Gef,0.1,0.1,uM,1,False,14871,,False,True,O12:Monoculture::Gef,10.17632/fypp6xhkjy.1
2579,O12,Monoculture,,Gef,0.1,0.1,uM,2,False,17323,,False,True,O12:Monoculture::Gef,10.17632/fypp6xhkjy.1
2580,O12,Monoculture,,Gef,0.1,0.1,uM,3,False,13168,,False,True,O12:Monoculture::Gef,10.17632/fypp6xhkjy.1
2581,O12,Monoculture,,Gef,0.4,0.4,uM,1,False,8097,,False,True,O12:Monoculture::Gef,10.17632/fypp6xhkjy.1
2582,O12,Monoculture,,Gef,0.4,0.4,uM,2,False,5830,,False,True,O12:Monoculture::Gef,10.17632/fypp6xhkjy.1
2583,O12,Monoculture,,Gef,0.4,0.4,uM,3,False,8100,,False,True,O12:Monoculture::Gef,10.17632/fypp6xhkjy.1
2584,O12,Monoculture,,Gef,1.1,1.1,uM,1,False,14772,,False,True,O12:Monoculture::Gef,10.17632/fypp6xhkjy.1
2585,O12,Monoculture,,Gef,1.1,1.1,uM,2,False,13706,,False,True,O12:Monoculture::Gef,10.17632/fypp6xhkjy.1
2586,O12,Monoculture,,Gef,1.1,1.1,uM,3,False,5696,,False,True,O12:Monoculture::Gef,10.17632/fypp6xhkjy.1
2587,O12,Monoculture,,Gef,3.3,3.3,uM,1,False,21290,,False,True,O12:Monoculture::Gef,10.17632/fypp6xhkjy.1
2588,O12,Monoculture,,Gef,3.3,3.3,uM,2,False,23754,,False,True,O12:Monoculture::Gef,10.17632/fypp6xhkjy.1
2589,O12,Monoculture,,Gef,3.3,3.3,uM,3,False,15770,,False,True,O12:Monoculture::Gef,10.17632/fypp6xhkjy.1
2590,O12,Monoculture,,Gef,10.0,10.0,uM,1,False,1768,,False,True,O12:Monoculture::Gef,10.17632/fypp6xhkjy.1
2591,O12,Monoculture,,Gef,10.0,10.0,uM,2,False,645,,False,True,O12:Monoculture::Gef,10.17632/fypp6xhkjy.1
2592,O12,Monoculture,,Gef,10.0,10.0,uM,3,False,572,,False,True,O12:Monoculture::Gef,10.17632/fypp6xhkjy.1
2593,O12,Coculture,F11,5-FU,DMSO,0.0,uM,1,True,562,cells lost,False,False,O12:Coculture:F11:5-FU,10.17632/fypp6xhkjy.1
2594,O12,Coculture,F11,5-FU,DMSO,0.0,uM,2,True,188240,,False,True,O12:Coculture:F11:5-FU,10.17632/fypp6xhkjy.1
2595,O12,Coculture,F11,5-FU,DMSO,0.0,uM,3,True,179485,,False,True,O12:Coculture:F11:5-FU,10.17632/fypp6xhkjy.1
2596,O12,Coculture,F11,5-FU,0.5,0.5,uM,1,False,131849,,False,True,O12:Coculture:F11:5-FU,10.17632/fypp6xhkjy.1
2597,O12,Coculture,F11,5-FU,0.5,0.5,uM,2,False,104190,,False,True,O12:Coculture:F11:5-FU,10.17632/fypp6xhkjy.1
2598,O12,Coculture,F11,5-FU,0.5,0.5,uM,3,False,117289,,False,True,O12:Coculture:F11:5-FU,10.17632/fypp6xhkjy.1
2599,O12,Coculture,F11,5-FU,1.1,1.1,uM,1,False,454,cells lost,False,False,O12:Coculture:F11:5-FU,10.17632/fypp6xhkjy.1
2600,O12,Coculture,F11,5-FU,1.1,1.1,uM,2,False,82137,,False,True,O12:Coculture:F11:5-FU,10.17632/fypp6xhkjy.1
2601,O12,Coculture,F11,5-FU,1.1,1.1,uM,3,False,103369,,False,True,O12:Coculture:F11:5-FU,10.17632/fypp6xhkjy.1
2602,O12,Coculture,F11,5-FU,2.5,2.5,uM,1,False,51556,,False,True,O12:Coculture:F11:5-FU,10.17632/fypp6xhkjy.1
2603,O12,Coculture,F11,5-FU,2.5,2.5,uM,2,False,49299,,False,True,O12:Coculture:F11:5-FU,10.17632/fypp6xhkjy.1
2604,O12,Coculture,F11,5-FU,2.5,2.5,uM,3,False,34283,,False,True,O12:Coculture:F11:5-FU,10.17632/fypp6xhkjy.1
2605,O12,Coculture,F11,5-FU,5.5,5.5,uM,1,False,21949,,False,True,O12:Coculture:F11:5-FU,10.17632/fypp6xhkjy.1
2606,O12,Coculture,F11,5-FU,5.5,5.5,uM,2,False,9388,,False,True,O12:Coculture:F11:5-FU,10.17632/fypp6xhkjy.1
2607,O12,Coculture,F11,5-FU,5.5,5.5,uM,3,False,7942,,False,True,O12:Coculture:F11:5-FU,10.17632/fypp6xhkjy.1
2608,O12,Coculture,F11,5-FU,12.2,12.2,uM,1,False,13206,,False,True,O12:Coculture:F11:5-FU,10.17632/fypp6xhkjy.1
2609,O12,Coculture,F11,5-FU,12.2,12.2,uM,2,False,10057,,False,True,O12:Coculture:F11:5-FU,10.17632/fypp6xhkjy.1
2610,O12,Coculture,F11,5-FU,12.2,12.2,uM,3,False,8583,,False,True,O12:Coculture:F11:5-FU,10.17632/fypp6xhkjy.1
2611,O12,Coculture,F11,5-FU,27.0,27.0,uM,1,False,7467,,False,True,O12:Coculture:F11:5-FU,10.17632/fypp6xhkjy.1
2612,O12,Coculture,F11,5-FU,27.0,27.0,uM,2,False,7013,,False,True,O12:Coculture:F11:5-FU,10.17632/fypp6xhkjy.1
2613,O12,Coculture,F11,5-FU,27.0,27.0,uM,3,False,8452,,False,True,O12:Coculture:F11:5-FU,10.17632/fypp6xhkjy.1
2614,O12,Coculture,F11,5-FU,60.0,60.0,uM,1,False,9287,,False,True,O12:Coculture:F11:5-FU,10.17632/fypp6xhkjy.1
2615,O12,Coculture,F11,5-FU,60.0,60.0,uM,2,False,5971,,False,True,O12:Coculture:F11:5-FU,10.17632/fypp6xhkjy.1
2616,O12,Coculture,F11,5-FU,60.0,60.0,uM,3,False,5210,,False,True,O12:Coculture:F11:5-FU,10.17632/fypp6xhkjy.1
2617,O12,Coculture,F11,Oxa,DMSO,0.0,uM,1,True,82903,,False,True,O12:Coculture:F11:Oxa,10.17632/fypp6xhkjy.1
2618,O12,Coculture,F11,Oxa,DMSO,0.0,uM,2,True,144629,,False,True,O12:Coculture:F11:Oxa,10.17632/fypp6xhkjy.1
2619,O12,Coculture,F11,Oxa,DMSO,0.0,uM,3,True,213812,,False,True,O12:Coculture:F11:Oxa,10.17632/fypp6xhkjy.1
2620,O12,Coculture,F11,Oxa,0.5,0.5,uM,1,False,586,cells lost,False,False,O12:Coculture:F11:Oxa,10.17632/fypp6xhkjy.1
2621,O12,Coculture,F11,Oxa,0.5,0.5,uM,2,False,79069,,False,True,O12:Coculture:F11:Oxa,10.17632/fypp6xhkjy.1
2622,O12,Coculture,F11,Oxa,0.5,0.5,uM,3,False,46227,,False,True,O12:Coculture:F11:Oxa,10.17632/fypp6xhkjy.1
2623,O12,Coculture,F11,Oxa,1.1,1.1,uM,1,False,45369,,False,True,O12:Coculture:F11:Oxa,10.17632/fypp6xhkjy.1
2624,O12,Coculture,F11,Oxa,1.1,1.1,uM,2,False,60079,,False,True,O12:Coculture:F11:Oxa,10.17632/fypp6xhkjy.1
2625,O12,Coculture,F11,Oxa,1.1,1.1,uM,3,False,60703,,False,True,O12:Coculture:F11:Oxa,10.17632/fypp6xhkjy.1
2626,O12,Coculture,F11,Oxa,2.5,2.5,uM,1,False,12754,,False,True,O12:Coculture:F11:Oxa,10.17632/fypp6xhkjy.1
2627,O12,Coculture,F11,Oxa,2.5,2.5,uM,2,False,27521,,False,True,O12:Coculture:F11:Oxa,10.17632/fypp6xhkjy.1
2628,O12,Coculture,F11,Oxa,2.5,2.5,uM,3,False,15730,,False,True,O12:Coculture:F11:Oxa,10.17632/fypp6xhkjy.1
2629,O12,Coculture,F11,Oxa,5.5,5.5,uM,1,False,10080,,False,True,O12:Coculture:F11:Oxa,10.17632/fypp6xhkjy.1
2630,O12,Coculture,F11,Oxa,5.5,5.5,uM,2,False,8532,,False,True,O12:Coculture:F11:Oxa,10.17632/fypp6xhkjy.1
2631,O12,Coculture,F11,Oxa,5.5,5.5,uM,3,False,9251,,False,True,O12:Coculture:F11:Oxa,10.17632/fypp6xhkjy.1
2632,O12,Coculture,F11,Oxa,12.2,12.2,uM,1,False,3436,,False,True,O12:Coculture:F11:Oxa,10.17632/fypp6xhkjy.1
2633,O12,Coculture,F11,Oxa,12.2,12.2,uM,2,False,6555,,False,True,O12:Coculture:F11:Oxa,10.17632/fypp6xhkjy.1
2634,O12,Coculture,F11,Oxa,12.2,12.2,uM,3,False,5378,,False,True,O12:Coculture:F11:Oxa,10.17632/fypp6xhkjy.1
2635,O12,Coculture,F11,Oxa,27.0,27.0,uM,1,False,1345,,False,True,O12:Coculture:F11:Oxa,10.17632/fypp6xhkjy.1
2636,O12,Coculture,F11,Oxa,27.0,27.0,uM,2,False,5649,,False,True,O12:Coculture:F11:Oxa,10.17632/fypp6xhkjy.1
2637,O12,Coculture,F11,Oxa,27.0,27.0,uM,3,False,5718,,False,True,O12:Coculture:F11:Oxa,10.17632/fypp6xhkjy.1
2638,O12,Coculture,F11,Oxa,60.0,60.0,uM,1,False,5146,,False,True,O12:Coculture:F11:Oxa,10.17632/fypp6xhkjy.1
2639,O12,Coculture,F11,Oxa,60.0,60.0,uM,2,False,3543,,False,True,O12:Coculture:F11:Oxa,10.17632/fypp6xhkjy.1
2640,O12,Coculture,F11,Oxa,60.0,60.0,uM,3,False,2336,,False,True,O12:Coculture:F11:Oxa,10.17632/fypp6xhkjy.1
2641,O12,Coculture,F11,SN-38,DMSO,0.0,nM,1,True,251650,,False,True,O12:Coculture:F11:SN-38,10.17632/fypp6xhkjy.1
2642,O12,Coculture,F11,SN-38,DMSO,0.0,nM,2,True,112278,,False,True,O12:Coculture:F11:SN-38,10.17632/fypp6xhkjy.1
2643,O12,Coculture,F11,SN-38,DMSO,0.0,nM,3,True,217876,,False,True,O12:Coculture:F11:SN-38,10.17632/fypp6xhkjy.1
2644,O12,Coculture,F11,SN-38,0.1,0.1,nM,1,False,86950,,False,True,O12:Coculture:F11:SN-38,10.17632/fypp6xhkjy.1
2645,O12,Coculture,F11,SN-38,0.1,0.1,nM,2,False,74476,,False,True,O12:Coculture:F11:SN-38,10.17632/fypp6xhkjy.1
2646,O12,Coculture,F11,SN-38,0.1,0.1,nM,3,False,113244,,False,True,O12:Coculture:F11:SN-38,10.17632/fypp6xhkjy.1
2647,O12,Coculture,F11,SN-38,0.2,0.2,nM,1,False,166330,,False,True,O12:Coculture:F11:SN-38,10.17632/fypp6xhkjy.1
2648,O12,Coculture,F11,SN-38,0.2,0.2,nM,2,False,81767,,False,True,O12:Coculture:F11:SN-38,10.17632/fypp6xhkjy.1
2649,O12,Coculture,F11,SN-38,0.2,0.2,nM,3,False,158823,,False,True,O12:Coculture:F11:SN-38,10.17632/fypp6xhkjy.1
2650,O12,Coculture,F11,SN-38,0.4,0.4,nM,1,False,97985,,False,True,O12:Coculture:F11:SN-38,10.17632/fypp6xhkjy.1
2651,O12,Coculture,F11,SN-38,0.4,0.4,nM,2,False,32482,seeding not uniform,False,False,O12:Coculture:F11:SN-38,10.17632/fypp6xhkjy.1
2652,O12,Coculture,F11,SN-38,0.4,0.4,nM,3,False,140081,,False,True,O12:Coculture:F11:SN-38,10.17632/fypp6xhkjy.1
2653,O12,Coculture,F11,SN-38,0.7,0.7,nM,1,False,87290,,False,True,O12:Coculture:F11:SN-38,10.17632/fypp6xhkjy.1
2654,O12,Coculture,F11,SN-38,0.7,0.7,nM,2,False,55115,,False,True,O12:Coculture:F11:SN-38,10.17632/fypp6xhkjy.1
2655,O12,Coculture,F11,SN-38,0.7,0.7,nM,3,False,78600,,False,True,O12:Coculture:F11:SN-38,10.17632/fypp6xhkjy.1
2656,O12,Coculture,F11,SN-38,1.4,1.4,nM,1,False,45991,,False,True,O12:Coculture:F11:SN-38,10.17632/fypp6xhkjy.1
2657,O12,Coculture,F11,SN-38,1.4,1.4,nM,2,False,19367,,False,True,O12:Coculture:F11:SN-38,10.17632/fypp6xhkjy.1
2658,O12,Coculture,F11,SN-38,1.4,1.4,nM,3,False,32574,,False,True,O12:Coculture:F11:SN-38,10.17632/fypp6xhkjy.1
2659,O12,Coculture,F11,SN-38,2.6,2.6,nM,1,False,14138,,False,True,O12:Coculture:F11:SN-38,10.17632/fypp6xhkjy.1
2660,O12,Coculture,F11,SN-38,2.6,2.6,nM,2,False,14971,,False,True,O12:Coculture:F11:SN-38,10.17632/fypp6xhkjy.1
2661,O12,Coculture,F11,SN-38,2.6,2.6,nM,3,False,11604,,False,True,O12:Coculture:F11:SN-38,10.17632/fypp6xhkjy.1
2662,O12,Coculture,F11,SN-38,5.0,5.0,nM,1,False,4684,,False,True,O12:Coculture:F11:SN-38,10.17632/fypp6xhkjy.1
2663,O12,Coculture,F11,SN-38,5.0,5.0,nM,2,False,5217,,False,True,O12:Coculture:F11:SN-38,10.17632/fypp6xhkjy.1
2664,O12,Coculture,F11,SN-38,5.0,5.0,nM,3,False,2635,,False,True,O12:Coculture:F11:SN-38,10.17632/fypp6xhkjy.1
2665,O12,Coculture,F11,Gef,DMSO,0.0,uM,1,True,150173,,False,True,O12:Coculture:F11:Gef,10.17632/fypp6xhkjy.1
2666,O12,Coculture,F11,Gef,DMSO,0.0,uM,2,True,139894,,False,True,O12:Coculture:F11:Gef,10.17632/fypp6xhkjy.1
2667,O12,Coculture,F11,Gef,DMSO,0.0,uM,3,True,82965,,False,True,O12:Coculture:F11:Gef,10.17632/fypp6xhkjy.1
2668,O12,Coculture,F11,Gef,0.01,0.01,uM,1,False,91782,,False,True,O12:Coculture:F11:Gef,10.17632/fypp6xhkjy.1
2669,O12,Coculture,F11,Gef,0.01,0.01,uM,2,False,93467,,False,True,O12:Coculture:F11:Gef,10.17632/fypp6xhkjy.1
2670,O12,Coculture,F11,Gef,0.01,0.01,uM,3,False,83093,,False,True,O12:Coculture:F11:Gef,10.17632/fypp6xhkjy.1
2671,O12,Coculture,F11,Gef,0.04,0.04,uM,1,False,96977,,False,True,O12:Coculture:F11:Gef,10.17632/fypp6xhkjy.1
2672,O12,Coculture,F11,Gef,0.04,0.04,uM,2,False,84905,,False,True,O12:Coculture:F11:Gef,10.17632/fypp6xhkjy.1
2673,O12,Coculture,F11,Gef,0.04,0.04,uM,3,False,71798,,False,True,O12:Coculture:F11:Gef,10.17632/fypp6xhkjy.1
2674,O12,Coculture,F11,Gef,0.1,0.1,uM,1,False,38658,,False,True,O12:Coculture:F11:Gef,10.17632/fypp6xhkjy.1
2675,O12,Coculture,F11,Gef,0.1,0.1,uM,2,False,68463,,False,True,O12:Coculture:F11:Gef,10.17632/fypp6xhkjy.1
2676,O12,Coculture,F11,Gef,0.1,0.1,uM,3,False,36520,,False,True,O12:Coculture:F11:Gef,10.17632/fypp6xhkjy.1
2677,O12,Coculture,F11,Gef,0.4,0.4,uM,1,False,19976,,False,True,O12:Coculture:F11:Gef,10.17632/fypp6xhkjy.1
2678,O12,Coculture,F11,Gef,0.4,0.4,uM,2,False,27715,,False,True,O12:Coculture:F11:Gef,10.17632/fypp6xhkjy.1
2679,O12,Coculture,F11,Gef,0.4,0.4,uM,3,False,21013,,False,True,O12:Coculture:F11:Gef,10.17632/fypp6xhkjy.1
2680,O12,Coculture,F11,Gef,1.1,1.1,uM,1,False,25163,,False,True,O12:Coculture:F11:Gef,10.17632/fypp6xhkjy.1
2681,O12,Coculture,F11,Gef,1.1,1.1,uM,2,False,20164,,False,True,O12:Coculture:F11:Gef,10.17632/fypp6xhkjy.1
2682,O12,Coculture,F11,Gef,1.1,1.1,uM,3,False,17173,,False,True,O12:Coculture:F11:Gef,10.17632/fypp6xhkjy.1
2683,O12,Coculture,F11,Gef,3.3,3.3,uM,1,False,22479,,False,True,O12:Coculture:F11:Gef,10.17632/fypp6xhkjy.1
2684,O12,Coculture,F11,Gef,3.3,3.3,uM,2,False,25814,,False,True,O12:Coculture:F11:Gef,10.17632/fypp6xhkjy.1
2685,O12,Coculture,F11,Gef,3.3,3.3,uM,3,False,12235,,False,True,O12:Coculture:F11:Gef,10.17632/fypp6xhkjy.1
2686,O12,Coculture,F11,Gef,10.0,10.0,uM,1,False,22564,,False,True,O12:Coculture:F11:Gef,10.17632/fypp6xhkjy.1
2687,O12,Coculture,F11,Gef,10.0,10.0,uM,2,False,22048,,False,True,O12:Coculture:F11:Gef,10.17632/fypp6xhkjy.1
2688,O12,Coculture,F11,Gef,10.0,10.0,uM,3,False,11905,,False,True,O12:Coculture:F11:Gef,10.17632/fypp6xhkjy.1
2689,O13,Monoculture,,5-FU,DMSO,0.0,uM,1,True,4133,,False,True,O13:Monoculture::5-FU,10.17632/fypp6xhkjy.1
2690,O13,Monoculture,,5-FU,DMSO,0.0,uM,2,True,3265,,False,True,O13:Monoculture::5-FU,10.17632/fypp6xhkjy.1
2691,O13,Monoculture,,5-FU,DMSO,0.0,uM,3,True,4337,,False,True,O13:Monoculture::5-FU,10.17632/fypp6xhkjy.1
2692,O13,Monoculture,,5-FU,0.5,0.5,uM,1,False,3559,,False,True,O13:Monoculture::5-FU,10.17632/fypp6xhkjy.1
2693,O13,Monoculture,,5-FU,0.5,0.5,uM,2,False,3440,,False,True,O13:Monoculture::5-FU,10.17632/fypp6xhkjy.1
2694,O13,Monoculture,,5-FU,0.5,0.5,uM,3,False,3832,,False,True,O13:Monoculture::5-FU,10.17632/fypp6xhkjy.1
2695,O13,Monoculture,,5-FU,1.1,1.1,uM,1,False,3672,,False,True,O13:Monoculture::5-FU,10.17632/fypp6xhkjy.1
2696,O13,Monoculture,,5-FU,1.1,1.1,uM,2,False,5249,seeding not uniform,False,False,O13:Monoculture::5-FU,10.17632/fypp6xhkjy.1
2697,O13,Monoculture,,5-FU,1.1,1.1,uM,3,False,3933,,False,True,O13:Monoculture::5-FU,10.17632/fypp6xhkjy.1
2698,O13,Monoculture,,5-FU,2.5,2.5,uM,1,False,4366,,False,True,O13:Monoculture::5-FU,10.17632/fypp6xhkjy.1
2699,O13,Monoculture,,5-FU,2.5,2.5,uM,2,False,2481,,False,True,O13:Monoculture::5-FU,10.17632/fypp6xhkjy.1
2700,O13,Monoculture,,5-FU,2.5,2.5,uM,3,False,2907,,False,True,O13:Monoculture::5-FU,10.17632/fypp6xhkjy.1
2701,O13,Monoculture,,5-FU,5.5,5.5,uM,1,False,2472,,False,True,O13:Monoculture::5-FU,10.17632/fypp6xhkjy.1
2702,O13,Monoculture,,5-FU,5.5,5.5,uM,2,False,2243,,False,True,O13:Monoculture::5-FU,10.17632/fypp6xhkjy.1
2703,O13,Monoculture,,5-FU,5.5,5.5,uM,3,False,1593,,False,True,O13:Monoculture::5-FU,10.17632/fypp6xhkjy.1
2704,O13,Monoculture,,5-FU,12.2,12.2,uM,1,False,1160,,False,True,O13:Monoculture::5-FU,10.17632/fypp6xhkjy.1
2705,O13,Monoculture,,5-FU,12.2,12.2,uM,2,False,1198,,False,True,O13:Monoculture::5-FU,10.17632/fypp6xhkjy.1
2706,O13,Monoculture,,5-FU,12.2,12.2,uM,3,False,821,,False,True,O13:Monoculture::5-FU,10.17632/fypp6xhkjy.1
2707,O13,Monoculture,,5-FU,27.0,27.0,uM,1,False,732,,False,True,O13:Monoculture::5-FU,10.17632/fypp6xhkjy.1
2708,O13,Monoculture,,5-FU,27.0,27.0,uM,2,False,425,,False,True,O13:Monoculture::5-FU,10.17632/fypp6xhkjy.1
2709,O13,Monoculture,,5-FU,27.0,27.0,uM,3,False,497,,False,True,O13:Monoculture::5-FU,10.17632/fypp6xhkjy.1
2710,O13,Monoculture,,5-FU,60.0,60.0,uM,1,False,606,,False,True,O13:Monoculture::5-FU,10.17632/fypp6xhkjy.1
2711,O13,Monoculture,,5-FU,60.0,60.0,uM,2,False,391,,False,True,O13:Monoculture::5-FU,10.17632/fypp6xhkjy.1
2712,O13,Monoculture,,5-FU,60.0,60.0,uM,3,False,433,,False,True,O13:Monoculture::5-FU,10.17632/fypp6xhkjy.1
2713,O13,Monoculture,,Oxa,DMSO,0.0,uM,1,True,914,seeding not uniform,False,False,O13:Monoculture::Oxa,10.17632/fypp6xhkjy.1
2714,O13,Monoculture,,Oxa,DMSO,0.0,uM,2,True,4550,,False,True,O13:Monoculture::Oxa,10.17632/fypp6xhkjy.1
2715,O13,Monoculture,,Oxa,DMSO,0.0,uM,3,True,4854,,False,True,O13:Monoculture::Oxa,10.17632/fypp6xhkjy.1
2716,O13,Monoculture,,Oxa,0.5,0.5,uM,1,False,2597,,False,True,O13:Monoculture::Oxa,10.17632/fypp6xhkjy.1
2717,O13,Monoculture,,Oxa,0.5,0.5,uM,2,False,2610,,False,True,O13:Monoculture::Oxa,10.17632/fypp6xhkjy.1
2718,O13,Monoculture,,Oxa,0.5,0.5,uM,3,False,3610,,False,True,O13:Monoculture::Oxa,10.17632/fypp6xhkjy.1
2719,O13,Monoculture,,Oxa,1.1,1.1,uM,1,False,2071,,False,True,O13:Monoculture::Oxa,10.17632/fypp6xhkjy.1
2720,O13,Monoculture,,Oxa,1.1,1.1,uM,2,False,2242,,False,True,O13:Monoculture::Oxa,10.17632/fypp6xhkjy.1
2721,O13,Monoculture,,Oxa,1.1,1.1,uM,3,False,1861,,False,True,O13:Monoculture::Oxa,10.17632/fypp6xhkjy.1
2722,O13,Monoculture,,Oxa,2.5,2.5,uM,1,False,1596,,False,True,O13:Monoculture::Oxa,10.17632/fypp6xhkjy.1
2723,O13,Monoculture,,Oxa,2.5,2.5,uM,2,False,1306,,False,True,O13:Monoculture::Oxa,10.17632/fypp6xhkjy.1
2724,O13,Monoculture,,Oxa,2.5,2.5,uM,3,False,1713,,False,True,O13:Monoculture::Oxa,10.17632/fypp6xhkjy.1
2725,O13,Monoculture,,Oxa,5.5,5.5,uM,1,False,875,,False,True,O13:Monoculture::Oxa,10.17632/fypp6xhkjy.1
2726,O13,Monoculture,,Oxa,5.5,5.5,uM,2,False,1088,,False,True,O13:Monoculture::Oxa,10.17632/fypp6xhkjy.1
2727,O13,Monoculture,,Oxa,5.5,5.5,uM,3,False,1389,,False,True,O13:Monoculture::Oxa,10.17632/fypp6xhkjy.1
2728,O13,Monoculture,,Oxa,12.2,12.2,uM,1,False,738,,False,True,O13:Monoculture::Oxa,10.17632/fypp6xhkjy.1
2729,O13,Monoculture,,Oxa,12.2,12.2,uM,2,False,622,,False,True,O13:Monoculture::Oxa,10.17632/fypp6xhkjy.1
2730,O13,Monoculture,,Oxa,12.2,12.2,uM,3,False,620,,False,True,O13:Monoculture::Oxa,10.17632/fypp6xhkjy.1
2731,O13,Monoculture,,Oxa,27.0,27.0,uM,1,False,477,,False,True,O13:Monoculture::Oxa,10.17632/fypp6xhkjy.1
2732,O13,Monoculture,,Oxa,27.0,27.0,uM,2,False,621,,False,True,O13:Monoculture::Oxa,10.17632/fypp6xhkjy.1
2733,O13,Monoculture,,Oxa,27.0,27.0,uM,3,False,629,,False,True,O13:Monoculture::Oxa,10.17632/fypp6xhkjy.1
2734,O13,Monoculture,,Oxa,60.0,60.0,uM,1,False,388,,False,True,O13:Monoculture::Oxa,10.17632/fypp6xhkjy.1
2735,O13,Monoculture,,Oxa,60.0,60.0,uM,2,False,268,,False,True,O13:Monoculture::Oxa,10.17632/fypp6xhkjy.1
2736,O13,Monoculture,,Oxa,60.0,60.0,uM,3,False,269,,False,True,O13:Monoculture::Oxa,10.17632/fypp6xhkjy.1
2737,O13,Monoculture,,SN-38,DMSO,0.0,nM,1,True,3555,,False,True,O13:Monoculture::SN-38,10.17632/fypp6xhkjy.1
2738,O13,Monoculture,,SN-38,DMSO,0.0,nM,2,True,3941,,False,True,O13:Monoculture::SN-38,10.17632/fypp6xhkjy.1
2739,O13,Monoculture,,SN-38,DMSO,0.0,nM,3,True,4457,,False,True,O13:Monoculture::SN-38,10.17632/fypp6xhkjy.1
2740,O13,Monoculture,,SN-38,0.1,0.1,nM,1,False,3049,,False,True,O13:Monoculture::SN-38,10.17632/fypp6xhkjy.1
2741,O13,Monoculture,,SN-38,0.1,0.1,nM,2,False,4247,,False,True,O13:Monoculture::SN-38,10.17632/fypp6xhkjy.1
2742,O13,Monoculture,,SN-38,0.1,0.1,nM,3,False,4271,,False,True,O13:Monoculture::SN-38,10.17632/fypp6xhkjy.1
2743,O13,Monoculture,,SN-38,0.2,0.2,nM,1,False,5115,,False,True,O13:Monoculture::SN-38,10.17632/fypp6xhkjy.1
2744,O13,Monoculture,,SN-38,0.2,0.2,nM,2,False,4298,,False,True,O13:Monoculture::SN-38,10.17632/fypp6xhkjy.1
2745,O13,Monoculture,,SN-38,0.2,0.2,nM,3,False,3732,,False,True,O13:Monoculture::SN-38,10.17632/fypp6xhkjy.1
2746,O13,Monoculture,,SN-38,0.4,0.4,nM,1,False,3958,,False,True,O13:Monoculture::SN-38,10.17632/fypp6xhkjy.1
2747,O13,Monoculture,,SN-38,0.4,0.4,nM,2,False,4143,,False,True,O13:Monoculture::SN-38,10.17632/fypp6xhkjy.1
2748,O13,Monoculture,,SN-38,0.4,0.4,nM,3,False,4545,,False,True,O13:Monoculture::SN-38,10.17632/fypp6xhkjy.1
2749,O13,Monoculture,,SN-38,0.7,0.7,nM,1,False,4981,,False,True,O13:Monoculture::SN-38,10.17632/fypp6xhkjy.1
2750,O13,Monoculture,,SN-38,0.7,0.7,nM,2,False,4355,,False,True,O13:Monoculture::SN-38,10.17632/fypp6xhkjy.1
2751,O13,Monoculture,,SN-38,0.7,0.7,nM,3,False,5266,,False,True,O13:Monoculture::SN-38,10.17632/fypp6xhkjy.1
2752,O13,Monoculture,,SN-38,1.4,1.4,nM,1,False,4907,seeding not uniform,False,False,O13:Monoculture::SN-38,10.17632/fypp6xhkjy.1
2753,O13,Monoculture,,SN-38,1.4,1.4,nM,2,False,3270,,False,True,O13:Monoculture::SN-38,10.17632/fypp6xhkjy.1
2754,O13,Monoculture,,SN-38,1.4,1.4,nM,3,False,2057,,False,True,O13:Monoculture::SN-38,10.17632/fypp6xhkjy.1
2755,O13,Monoculture,,SN-38,2.6,2.6,nM,1,False,2028,,False,True,O13:Monoculture::SN-38,10.17632/fypp6xhkjy.1
2756,O13,Monoculture,,SN-38,2.6,2.6,nM,2,False,2023,,False,True,O13:Monoculture::SN-38,10.17632/fypp6xhkjy.1
2757,O13,Monoculture,,SN-38,2.6,2.6,nM,3,False,1170,,False,True,O13:Monoculture::SN-38,10.17632/fypp6xhkjy.1
2758,O13,Monoculture,,SN-38,5.0,5.0,nM,1,False,566,,False,True,O13:Monoculture::SN-38,10.17632/fypp6xhkjy.1
2759,O13,Monoculture,,SN-38,5.0,5.0,nM,2,False,635,,False,True,O13:Monoculture::SN-38,10.17632/fypp6xhkjy.1
2760,O13,Monoculture,,SN-38,5.0,5.0,nM,3,False,519,,False,True,O13:Monoculture::SN-38,10.17632/fypp6xhkjy.1
2761,O13,Monoculture,,Gef,DMSO,0.0,uM,1,True,4873,,False,True,O13:Monoculture::Gef,10.17632/fypp6xhkjy.1
2762,O13,Monoculture,,Gef,DMSO,0.0,uM,2,True,2293,,False,True,O13:Monoculture::Gef,10.17632/fypp6xhkjy.1
2763,O13,Monoculture,,Gef,DMSO,0.0,uM,3,True,3597,,False,True,O13:Monoculture::Gef,10.17632/fypp6xhkjy.1
2764,O13,Monoculture,,Gef,0.01,0.01,uM,1,False,3195,,False,True,O13:Monoculture::Gef,10.17632/fypp6xhkjy.1
2765,O13,Monoculture,,Gef,0.01,0.01,uM,2,False,3345,,False,True,O13:Monoculture::Gef,10.17632/fypp6xhkjy.1
2766,O13,Monoculture,,Gef,0.01,0.01,uM,3,False,4050,,False,True,O13:Monoculture::Gef,10.17632/fypp6xhkjy.1
2767,O13,Monoculture,,Gef,0.04,0.04,uM,1,False,3363,,False,True,O13:Monoculture::Gef,10.17632/fypp6xhkjy.1
2768,O13,Monoculture,,Gef,0.04,0.04,uM,2,False,3320,,False,True,O13:Monoculture::Gef,10.17632/fypp6xhkjy.1
2769,O13,Monoculture,,Gef,0.04,0.04,uM,3,False,3872,,False,True,O13:Monoculture::Gef,10.17632/fypp6xhkjy.1
2770,O13,Monoculture,,Gef,0.1,0.1,uM,1,False,2567,,False,True,O13:Monoculture::Gef,10.17632/fypp6xhkjy.1
2771,O13,Monoculture,,Gef,0.1,0.1,uM,2,False,1427,,False,True,O13:Monoculture::Gef,10.17632/fypp6xhkjy.1
2772,O13,Monoculture,,Gef,0.1,0.1,uM,3,False,2135,,False,True,O13:Monoculture::Gef,10.17632/fypp6xhkjy.1
2773,O13,Monoculture,,Gef,0.4,0.4,uM,1,False,1175,,False,True,O13:Monoculture::Gef,10.17632/fypp6xhkjy.1
2774,O13,Monoculture,,Gef,0.4,0.4,uM,2,False,926,,False,True,O13:Monoculture::Gef,10.17632/fypp6xhkjy.1
2775,O13,Monoculture,,Gef,0.4,0.4,uM,3,False,773,,False,True,O13:Monoculture::Gef,10.17632/fypp6xhkjy.1
2776,O13,Monoculture,,Gef,1.1,1.1,uM,1,False,816,,False,True,O13:Monoculture::Gef,10.17632/fypp6xhkjy.1
2777,O13,Monoculture,,Gef,1.1,1.1,uM,2,False,747,,False,True,O13:Monoculture::Gef,10.17632/fypp6xhkjy.1
2778,O13,Monoculture,,Gef,1.1,1.1,uM,3,False,825,,False,True,O13:Monoculture::Gef,10.17632/fypp6xhkjy.1
2779,O13,Monoculture,,Gef,3.3,3.3,uM,1,False,803,,False,True,O13:Monoculture::Gef,10.17632/fypp6xhkjy.1
2780,O13,Monoculture,,Gef,3.3,3.3,uM,2,False,659,,False,True,O13:Monoculture::Gef,10.17632/fypp6xhkjy.1
2781,O13,Monoculture,,Gef,3.3,3.3,uM,3,False,640,,False,True,O13:Monoculture::Gef,10.17632/fypp6xhkjy.1
2782,O13,Monoculture,,Gef,10.0,10.0,uM,1,False,195,,False,True,O13:Monoculture::Gef,10.17632/fypp6xhkjy.1
2783,O13,Monoculture,,Gef,10.0,10.0,uM,2,False,197,,False,True,O13:Monoculture::Gef,10.17632/fypp6xhkjy.1
2784,O13,Monoculture,,Gef,10.0,10.0,uM,3,False,31,,False,True,O13:Monoculture::Gef,10.17632/fypp6xhkjy.1
2785,O13,Coculture,F13,5-FU,DMSO,0.0,uM,1,True,12052,,False,True,O13:Coculture:F13:5-FU,10.17632/fypp6xhkjy.1
2786,O13,Coculture,F13,5-FU,DMSO,0.0,uM,2,True,14338,,False,True,O13:Coculture:F13:5-FU,10.17632/fypp6xhkjy.1
2787,O13,Coculture,F13,5-FU,DMSO,0.0,uM,3,True,13697,,False,True,O13:Coculture:F13:5-FU,10.17632/fypp6xhkjy.1
2788,O13,Coculture,F13,5-FU,0.5,0.5,uM,1,False,10790,,False,True,O13:Coculture:F13:5-FU,10.17632/fypp6xhkjy.1
2789,O13,Coculture,F13,5-FU,0.5,0.5,uM,2,False,12657,,False,True,O13:Coculture:F13:5-FU,10.17632/fypp6xhkjy.1
2790,O13,Coculture,F13,5-FU,0.5,0.5,uM,3,False,12562,,False,True,O13:Coculture:F13:5-FU,10.17632/fypp6xhkjy.1
2791,O13,Coculture,F13,5-FU,1.1,1.1,uM,1,False,10557,,False,True,O13:Coculture:F13:5-FU,10.17632/fypp6xhkjy.1
2792,O13,Coculture,F13,5-FU,1.1,1.1,uM,2,False,11365,,False,True,O13:Coculture:F13:5-FU,10.17632/fypp6xhkjy.1
2793,O13,Coculture,F13,5-FU,1.1,1.1,uM,3,False,11103,,False,True,O13:Coculture:F13:5-FU,10.17632/fypp6xhkjy.1
2794,O13,Coculture,F13,5-FU,2.5,2.5,uM,1,False,11141,,False,True,O13:Coculture:F13:5-FU,10.17632/fypp6xhkjy.1
2795,O13,Coculture,F13,5-FU,2.5,2.5,uM,2,False,12145,,False,True,O13:Coculture:F13:5-FU,10.17632/fypp6xhkjy.1
2796,O13,Coculture,F13,5-FU,2.5,2.5,uM,3,False,11204,,False,True,O13:Coculture:F13:5-FU,10.17632/fypp6xhkjy.1
2797,O13,Coculture,F13,5-FU,5.5,5.5,uM,1,False,6747,,False,True,O13:Coculture:F13:5-FU,10.17632/fypp6xhkjy.1
2798,O13,Coculture,F13,5-FU,5.5,5.5,uM,2,False,5297,,False,True,O13:Coculture:F13:5-FU,10.17632/fypp6xhkjy.1
2799,O13,Coculture,F13,5-FU,5.5,5.5,uM,3,False,6377,,False,True,O13:Coculture:F13:5-FU,10.17632/fypp6xhkjy.1
2800,O13,Coculture,F13,5-FU,12.2,12.2,uM,1,False,3590,,False,True,O13:Coculture:F13:5-FU,10.17632/fypp6xhkjy.1
2801,O13,Coculture,F13,5-FU,12.2,12.2,uM,2,False,3866,,False,True,O13:Coculture:F13:5-FU,10.17632/fypp6xhkjy.1
2802,O13,Coculture,F13,5-FU,12.2,12.2,uM,3,False,3953,,False,True,O13:Coculture:F13:5-FU,10.17632/fypp6xhkjy.1
2803,O13,Coculture,F13,5-FU,27.0,27.0,uM,1,False,2772,,False,True,O13:Coculture:F13:5-FU,10.17632/fypp6xhkjy.1
2804,O13,Coculture,F13,5-FU,27.0,27.0,uM,2,False,2507,,False,True,O13:Coculture:F13:5-FU,10.17632/fypp6xhkjy.1
2805,O13,Coculture,F13,5-FU,27.0,27.0,uM,3,False,3186,,False,True,O13:Coculture:F13:5-FU,10.17632/fypp6xhkjy.1
2806,O13,Coculture,F13,5-FU,60.0,60.0,uM,1,False,1973,,False,True,O13:Coculture:F13:5-FU,10.17632/fypp6xhkjy.1
2807,O13,Coculture,F13,5-FU,60.0,60.0,uM,2,False,2176,,False,True,O13:Coculture:F13:5-FU,10.17632/fypp6xhkjy.1
2808,O13,Coculture,F13,5-FU,60.0,60.0,uM,3,False,2338,,False,True,O13:Coculture:F13:5-FU,10.17632/fypp6xhkjy.1
2809,O13,Coculture,F13,Oxa,DMSO,0.0,uM,1,True,12081,,False,True,O13:Coculture:F13:Oxa,10.17632/fypp6xhkjy.1
2810,O13,Coculture,F13,Oxa,DMSO,0.0,uM,2,True,12807,,False,True,O13:Coculture:F13:Oxa,10.17632/fypp6xhkjy.1
2811,O13,Coculture,F13,Oxa,DMSO,0.0,uM,3,True,12308,,False,True,O13:Coculture:F13:Oxa,10.17632/fypp6xhkjy.1
2812,O13,Coculture,F13,Oxa,0.5,0.5,uM,1,False,12151,,False,True,O13:Coculture:F13:Oxa,10.17632/fypp6xhkjy.1
2813,O13,Coculture,F13,Oxa,0.5,0.5,uM,2,False,12097,,False,True,O13:Coculture:F13:Oxa,10.17632/fypp6xhkjy.1
2814,O13,Coculture,F13,Oxa,0.5,0.5,uM,3,False,10880,,False,True,O13:Coculture:F13:Oxa,10.17632/fypp6xhkjy.1
2815,O13,Coculture,F13,Oxa,1.1,1.1,uM,1,False,9324,,False,True,O13:Coculture:F13:Oxa,10.17632/fypp6xhkjy.1
2816,O13,Coculture,F13,Oxa,1.1,1.1,uM,2,False,9239,,False,True,O13:Coculture:F13:Oxa,10.17632/fypp6xhkjy.1
2817,O13,Coculture,F13,Oxa,1.1,1.1,uM,3,False,9841,,False,True,O13:Coculture:F13:Oxa,10.17632/fypp6xhkjy.1
2818,O13,Coculture,F13,Oxa,2.5,2.5,uM,1,False,6377,,False,True,O13:Coculture:F13:Oxa,10.17632/fypp6xhkjy.1
2819,O13,Coculture,F13,Oxa,2.5,2.5,uM,2,False,6177,,False,True,O13:Coculture:F13:Oxa,10.17632/fypp6xhkjy.1
2820,O13,Coculture,F13,Oxa,2.5,2.5,uM,3,False,5426,,False,True,O13:Coculture:F13:Oxa,10.17632/fypp6xhkjy.1
2821,O13,Coculture,F13,Oxa,5.5,5.5,uM,1,False,2745,,False,True,O13:Coculture:F13:Oxa,10.17632/fypp6xhkjy.1
2822,O13,Coculture,F13,Oxa,5.5,5.5,uM,2,False,2429,,False,True,O13:Coculture:F13:Oxa,10.17632/fypp6xhkjy.1
2823,O13,Coculture,F13,Oxa,5.5,5.5,uM,3,False,2709,,False,True,O13:Coculture:F13:Oxa,10.17632/fypp6xhkjy.1
2824,O13,Coculture,F13,Oxa,12.2,12.2,uM,1,False,2413,,False,True,O13:Coculture:F13:Oxa,10.17632/fypp6xhkjy.1
2825,O13,Coculture,F13,Oxa,12.2,12.2,uM,2,False,1979,,False,True,O13:Coculture:F13:Oxa,10.17632/fypp6xhkjy.1
2826,O13,Coculture,F13,Oxa,12.2,12.2,uM,3,False,1911,,False,True,O13:Coculture:F13:Oxa,10.17632/fypp6xhkjy.1
2827,O13,Coculture,F13,Oxa,27.0,27.0,uM,1,False,1450,,False,True,O13:Coculture:F13:Oxa,10.17632/fypp6xhkjy.1
2828,O13,Coculture,F13,Oxa,27.0,27.0,uM,2,False,1825,,False,True,O13:Coculture:F13:Oxa,10.17632/fypp6xhkjy.1
2829,O13,Coculture,F13,Oxa,27.0,27.0,uM,3,False,1617,,False,True,O13:Coculture:F13:Oxa,10.17632/fypp6xhkjy.1
2830,O13,Coculture,F13,Oxa,60.0,60.0,uM,1,False,1401,,False,True,O13:Coculture:F13:Oxa,10.17632/fypp6xhkjy.1
2831,O13,Coculture,F13,Oxa,60.0,60.0,uM,2,False,1428,,False,True,O13:Coculture:F13:Oxa,10.17632/fypp6xhkjy.1
2832,O13,Coculture,F13,Oxa,60.0,60.0,uM,3,False,1655,,False,True,O13:Coculture:F13:Oxa,10.17632/fypp6xhkjy.1
2833,O13,Coculture,F13,SN-38,DMSO,0.0,nM,1,True,12084,,False,True,O13:Coculture:F13:SN-38,10.17632/fypp6xhkjy.1
2834,O13,Coculture,F13,SN-38,DMSO,0.0,nM,2,True,11037,,False,True,O13:Coculture:F13:SN-38,10.17632/fypp6xhkjy.1
2835,O13,Coculture,F13,SN-38,DMSO,0.0,nM,3,True,13065,,False,True,O13:Coculture:F13:SN-38,10.17632/fypp6xhkjy.1
2836,O13,Coculture,F13,SN-38,0.1,0.1,nM,1,False,13111,,False,True,O13:Coculture:F13:SN-38,10.17632/fypp6xhkjy.1
2837,O13,Coculture,F13,SN-38,0.1,0.1,nM,2,False,11397,,False,True,O13:Coculture:F13:SN-38,10.17632/fypp6xhkjy.1
2838,O13,Coculture,F13,SN-38,0.1,0.1,nM,3,False,11824,,False,True,O13:Coculture:F13:SN-38,10.17632/fypp6xhkjy.1
2839,O13,Coculture,F13,SN-38,0.2,0.2,nM,1,False,12464,,False,True,O13:Coculture:F13:SN-38,10.17632/fypp6xhkjy.1
2840,O13,Coculture,F13,SN-38,0.2,0.2,nM,2,False,12648,,False,True,O13:Coculture:F13:SN-38,10.17632/fypp6xhkjy.1
2841,O13,Coculture,F13,SN-38,0.2,0.2,nM,3,False,12424,,False,True,O13:Coculture:F13:SN-38,10.17632/fypp6xhkjy.1
2842,O13,Coculture,F13,SN-38,0.4,0.4,nM,1,False,12335,,False,True,O13:Coculture:F13:SN-38,10.17632/fypp6xhkjy.1
2843,O13,Coculture,F13,SN-38,0.4,0.4,nM,2,False,12162,,False,True,O13:Coculture:F13:SN-38,10.17632/fypp6xhkjy.1
2844,O13,Coculture,F13,SN-38,0.4,0.4,nM,3,False,13036,,False,True,O13:Coculture:F13:SN-38,10.17632/fypp6xhkjy.1
2845,O13,Coculture,F13,SN-38,0.7,0.7,nM,1,False,9415,,False,True,O13:Coculture:F13:SN-38,10.17632/fypp6xhkjy.1
2846,O13,Coculture,F13,SN-38,0.7,0.7,nM,2,False,11099,,False,True,O13:Coculture:F13:SN-38,10.17632/fypp6xhkjy.1
2847,O13,Coculture,F13,SN-38,0.7,0.7,nM,3,False,10192,,False,True,O13:Coculture:F13:SN-38,10.17632/fypp6xhkjy.1
2848,O13,Coculture,F13,SN-38,1.4,1.4,nM,1,False,10819,,False,True,O13:Coculture:F13:SN-38,10.17632/fypp6xhkjy.1
2849,O13,Coculture,F13,SN-38,1.4,1.4,nM,2,False,10717,,False,True,O13:Coculture:F13:SN-38,10.17632/fypp6xhkjy.1
2850,O13,Coculture,F13,SN-38,1.4,1.4,nM,3,False,11147,,False,True,O13:Coculture:F13:SN-38,10.17632/fypp6xhkjy.1
2851,O13,Coculture,F13,SN-38,2.6,2.6,nM,1,False,7703,,False,True,O13:Coculture:F13:SN-38,10.17632/fypp6xhkjy.1
2852,O13,Coculture,F13,SN-38,2.6,2.6,nM,2,False,7945,,False,True,O13:Coculture:F13:SN-38,10.17632/fypp6xhkjy.1
2853,O13,Coculture,F13,SN-38,2.6,2.6,nM,3,False,7632,,False,True,O13:Coculture:F13:SN-38,10.17632/fypp6xhkjy.1
2854,O13,Coculture,F13,SN-38,5.0,5.0,nM,1,False,3012,,False,True,O13:Coculture:F13:SN-38,10.17632/fypp6xhkjy.1
2855,O13,Coculture,F13,SN-38,5.0,5.0,nM,2,False,2237,,False,True,O13:Coculture:F13:SN-38,10.17632/fypp6xhkjy.1
2856,O13,Coculture,F13,SN-38,5.0,5.0,nM,3,False,2657,,False,True,O13:Coculture:F13:SN-38,10.17632/fypp6xhkjy.1
2857,O13,Coculture,F13,Gef,DMSO,0.0,uM,1,True,14093,,False,True,O13:Coculture:F13:Gef,10.17632/fypp6xhkjy.1
2858,O13,Coculture,F13,Gef,DMSO,0.0,uM,2,True,14741,,False,True,O13:Coculture:F13:Gef,10.17632/fypp6xhkjy.1
2859,O13,Coculture,F13,Gef,DMSO,0.0,uM,3,True,13796,,False,True,O13:Coculture:F13:Gef,10.17632/fypp6xhkjy.1
2860,O13,Coculture,F13,Gef,0.01,0.01,uM,1,False,11149,,False,True,O13:Coculture:F13:Gef,10.17632/fypp6xhkjy.1
2861,O13,Coculture,F13,Gef,0.01,0.01,uM,2,False,16387,,False,True,O13:Coculture:F13:Gef,10.17632/fypp6xhkjy.1
2862,O13,Coculture,F13,Gef,0.01,0.01,uM,3,False,19329,seeding not uniform,False,False,O13:Coculture:F13:Gef,10.17632/fypp6xhkjy.1
2863,O13,Coculture,F13,Gef,0.04,0.04,uM,1,False,12690,,False,True,O13:Coculture:F13:Gef,10.17632/fypp6xhkjy.1
2864,O13,Coculture,F13,Gef,0.04,0.04,uM,2,False,12030,,False,True,O13:Coculture:F13:Gef,10.17632/fypp6xhkjy.1
2865,O13,Coculture,F13,Gef,0.04,0.04,uM,3,False,17058,seeding not uniform,False,False,O13:Coculture:F13:Gef,10.17632/fypp6xhkjy.1
2866,O13,Coculture,F13,Gef,0.1,0.1,uM,1,False,8439,,False,True,O13:Coculture:F13:Gef,10.17632/fypp6xhkjy.1
2867,O13,Coculture,F13,Gef,0.1,0.1,uM,2,False,10120,,False,True,O13:Coculture:F13:Gef,10.17632/fypp6xhkjy.1
2868,O13,Coculture,F13,Gef,0.1,0.1,uM,3,False,13719,,False,True,O13:Coculture:F13:Gef,10.17632/fypp6xhkjy.1
2869,O13,Coculture,F13,Gef,0.4,0.4,uM,1,False,5126,,False,True,O13:Coculture:F13:Gef,10.17632/fypp6xhkjy.1
2870,O13,Coculture,F13,Gef,0.4,0.4,uM,2,False,5613,,False,True,O13:Coculture:F13:Gef,10.17632/fypp6xhkjy.1
2871,O13,Coculture,F13,Gef,0.4,0.4,uM,3,False,7452,,False,True,O13:Coculture:F13:Gef,10.17632/fypp6xhkjy.1
2872,O13,Coculture,F13,Gef,1.1,1.1,uM,1,False,6291,,False,True,O13:Coculture:F13:Gef,10.17632/fypp6xhkjy.1
2873,O13,Coculture,F13,Gef,1.1,1.1,uM,2,False,5460,,False,True,O13:Coculture:F13:Gef,10.17632/fypp6xhkjy.1
2874,O13,Coculture,F13,Gef,1.1,1.1,uM,3,False,7392,,False,True,O13:Coculture:F13:Gef,10.17632/fypp6xhkjy.1
2875,O13,Coculture,F13,Gef,3.3,3.3,uM,1,False,5142,,False,True,O13:Coculture:F13:Gef,10.17632/fypp6xhkjy.1
2876,O13,Coculture,F13,Gef,3.3,3.3,uM,2,False,5445,,False,True,O13:Coculture:F13:Gef,10.17632/fypp6xhkjy.1
2877,O13,Coculture,F13,Gef,3.3,3.3,uM,3,False,5633,,False,True,O13:Coculture:F13:Gef,10.17632/fypp6xhkjy.1
2878,O13,Coculture,F13,Gef,10.0,10.0,uM,1,False,4770,,False,True,O13:Coculture:F13:Gef,10.17632/fypp6xhkjy.1
2879,O13,Coculture,F13,Gef,10.0,10.0,uM,2,False,4183,,False,True,O13:Coculture:F13:Gef,10.17632/fypp6xhkjy.1
2880,O13,Coculture,F13,Gef,10.0,10.0,uM,3,False,3963,,False,True,O13:Coculture:F13:Gef,10.17632/fypp6xhkjy.1
2881,O14,Monoculture,,5-FU,DMSO,0.0,uM,1,True,44299,,False,True,O14:Monoculture::5-FU,10.17632/fypp6xhkjy.1
2882,O14,Monoculture,,5-FU,DMSO,0.0,uM,2,True,33964,,False,True,O14:Monoculture::5-FU,10.17632/fypp6xhkjy.1
2883,O14,Monoculture,,5-FU,DMSO,0.0,uM,3,True,65055,,False,True,O14:Monoculture::5-FU,10.17632/fypp6xhkjy.1
2884,O14,Monoculture,,5-FU,0.5,0.5,uM,1,False,55077,,False,True,O14:Monoculture::5-FU,10.17632/fypp6xhkjy.1
2885,O14,Monoculture,,5-FU,0.5,0.5,uM,2,False,62425,,False,True,O14:Monoculture::5-FU,10.17632/fypp6xhkjy.1
2886,O14,Monoculture,,5-FU,0.5,0.5,uM,3,False,56056,,False,True,O14:Monoculture::5-FU,10.17632/fypp6xhkjy.1
2887,O14,Monoculture,,5-FU,1.1,1.1,uM,1,False,57139,,False,True,O14:Monoculture::5-FU,10.17632/fypp6xhkjy.1
2888,O14,Monoculture,,5-FU,1.1,1.1,uM,2,False,57447,,False,True,O14:Monoculture::5-FU,10.17632/fypp6xhkjy.1
2889,O14,Monoculture,,5-FU,1.1,1.1,uM,3,False,57867,,False,True,O14:Monoculture::5-FU,10.17632/fypp6xhkjy.1
2890,O14,Monoculture,,5-FU,2.5,2.5,uM,1,False,52293,,False,True,O14:Monoculture::5-FU,10.17632/fypp6xhkjy.1
2891,O14,Monoculture,,5-FU,2.5,2.5,uM,2,False,45329,,False,True,O14:Monoculture::5-FU,10.17632/fypp6xhkjy.1
2892,O14,Monoculture,,5-FU,2.5,2.5,uM,3,False,42210,,False,True,O14:Monoculture::5-FU,10.17632/fypp6xhkjy.1
2893,O14,Monoculture,,5-FU,5.5,5.5,uM,1,False,27204,,False,True,O14:Monoculture::5-FU,10.17632/fypp6xhkjy.1
2894,O14,Monoculture,,5-FU,5.5,5.5,uM,2,False,33134,,False,True,O14:Monoculture::5-FU,10.17632/fypp6xhkjy.1
2895,O14,Monoculture,,5-FU,5.5,5.5,uM,3,False,41366,,False,True,O14:Monoculture::5-FU,10.17632/fypp6xhkjy.1
2896,O14,Monoculture,,5-FU,12.2,12.2,uM,1,False,34011,,False,True,O14:Monoculture::5-FU,10.17632/fypp6xhkjy.1
2897,O14,Monoculture,,5-FU,12.2,12.2,uM,2,False,36465,,False,True,O14:Monoculture::5-FU,10.17632/fypp6xhkjy.1
2898,O14,Monoculture,,5-FU,12.2,12.2,uM,3,False,29192,,False,True,O14:Monoculture::5-FU,10.17632/fypp6xhkjy.1
2899,O14,Monoculture,,5-FU,27.0,27.0,uM,1,False,19340,,False,True,O14:Monoculture::5-FU,10.17632/fypp6xhkjy.1
2900,O14,Monoculture,,5-FU,27.0,27.0,uM,2,False,21682,,False,True,O14:Monoculture::5-FU,10.17632/fypp6xhkjy.1
2901,O14,Monoculture,,5-FU,27.0,27.0,uM,3,False,17903,,False,True,O14:Monoculture::5-FU,10.17632/fypp6xhkjy.1
2902,O14,Monoculture,,5-FU,60.0,60.0,uM,1,False,14969,,False,True,O14:Monoculture::5-FU,10.17632/fypp6xhkjy.1
2903,O14,Monoculture,,5-FU,60.0,60.0,uM,2,False,29606,,False,True,O14:Monoculture::5-FU,10.17632/fypp6xhkjy.1
2904,O14,Monoculture,,5-FU,60.0,60.0,uM,3,False,10396,,False,True,O14:Monoculture::5-FU,10.17632/fypp6xhkjy.1
2905,O14,Monoculture,,Oxa,DMSO,0.0,uM,1,True,45396,,False,True,O14:Monoculture::Oxa,10.17632/fypp6xhkjy.1
2906,O14,Monoculture,,Oxa,DMSO,0.0,uM,2,True,85758,,False,True,O14:Monoculture::Oxa,10.17632/fypp6xhkjy.1
2907,O14,Monoculture,,Oxa,DMSO,0.0,uM,3,True,72975,,False,True,O14:Monoculture::Oxa,10.17632/fypp6xhkjy.1
2908,O14,Monoculture,,Oxa,0.5,0.5,uM,1,False,60027,,False,True,O14:Monoculture::Oxa,10.17632/fypp6xhkjy.1
2909,O14,Monoculture,,Oxa,0.5,0.5,uM,2,False,34321,,False,True,O14:Monoculture::Oxa,10.17632/fypp6xhkjy.1
2910,O14,Monoculture,,Oxa,0.5,0.5,uM,3,False,62375,,False,True,O14:Monoculture::Oxa,10.17632/fypp6xhkjy.1
2911,O14,Monoculture,,Oxa,1.1,1.1,uM,1,False,43647,,False,True,O14:Monoculture::Oxa,10.17632/fypp6xhkjy.1
2912,O14,Monoculture,,Oxa,1.1,1.1,uM,2,False,48751,,False,True,O14:Monoculture::Oxa,10.17632/fypp6xhkjy.1
2913,O14,Monoculture,,Oxa,1.1,1.1,uM,3,False,56061,,False,True,O14:Monoculture::Oxa,10.17632/fypp6xhkjy.1
2914,O14,Monoculture,,Oxa,2.5,2.5,uM,1,False,36151,,False,True,O14:Monoculture::Oxa,10.17632/fypp6xhkjy.1
2915,O14,Monoculture,,Oxa,2.5,2.5,uM,2,False,43267,,False,True,O14:Monoculture::Oxa,10.17632/fypp6xhkjy.1
2916,O14,Monoculture,,Oxa,2.5,2.5,uM,3,False,20171,,False,True,O14:Monoculture::Oxa,10.17632/fypp6xhkjy.1
2917,O14,Monoculture,,Oxa,5.5,5.5,uM,1,False,14548,,False,True,O14:Monoculture::Oxa,10.17632/fypp6xhkjy.1
2918,O14,Monoculture,,Oxa,5.5,5.5,uM,2,False,18552,,False,True,O14:Monoculture::Oxa,10.17632/fypp6xhkjy.1
2919,O14,Monoculture,,Oxa,5.5,5.5,uM,3,False,17643,,False,True,O14:Monoculture::Oxa,10.17632/fypp6xhkjy.1
2920,O14,Monoculture,,Oxa,12.2,12.2,uM,1,False,12134,,False,True,O14:Monoculture::Oxa,10.17632/fypp6xhkjy.1
2921,O14,Monoculture,,Oxa,12.2,12.2,uM,2,False,12499,,False,True,O14:Monoculture::Oxa,10.17632/fypp6xhkjy.1
2922,O14,Monoculture,,Oxa,12.2,12.2,uM,3,False,9961,,False,True,O14:Monoculture::Oxa,10.17632/fypp6xhkjy.1
2923,O14,Monoculture,,Oxa,27.0,27.0,uM,1,False,7064,,False,True,O14:Monoculture::Oxa,10.17632/fypp6xhkjy.1
2924,O14,Monoculture,,Oxa,27.0,27.0,uM,2,False,8287,,False,True,O14:Monoculture::Oxa,10.17632/fypp6xhkjy.1
2925,O14,Monoculture,,Oxa,27.0,27.0,uM,3,False,8365,,False,True,O14:Monoculture::Oxa,10.17632/fypp6xhkjy.1
2926,O14,Monoculture,,Oxa,60.0,60.0,uM,1,False,7046,,False,True,O14:Monoculture::Oxa,10.17632/fypp6xhkjy.1
2927,O14,Monoculture,,Oxa,60.0,60.0,uM,2,False,8616,,False,True,O14:Monoculture::Oxa,10.17632/fypp6xhkjy.1
2928,O14,Monoculture,,Oxa,60.0,60.0,uM,3,False,8846,,False,True,O14:Monoculture::Oxa,10.17632/fypp6xhkjy.1
2929,O14,Monoculture,,SN-38,DMSO,0.0,nM,1,True,47111,,False,True,O14:Monoculture::SN-38,10.17632/fypp6xhkjy.1
2930,O14,Monoculture,,SN-38,DMSO,0.0,nM,2,True,47889,,False,True,O14:Monoculture::SN-38,10.17632/fypp6xhkjy.1
2931,O14,Monoculture,,SN-38,DMSO,0.0,nM,3,True,79636,,False,True,O14:Monoculture::SN-38,10.17632/fypp6xhkjy.1
2932,O14,Monoculture,,SN-38,0.1,0.1,nM,1,False,56074,,False,True,O14:Monoculture::SN-38,10.17632/fypp6xhkjy.1
2933,O14,Monoculture,,SN-38,0.1,0.1,nM,2,False,70111,,False,True,O14:Monoculture::SN-38,10.17632/fypp6xhkjy.1
2934,O14,Monoculture,,SN-38,0.1,0.1,nM,3,False,57720,,False,True,O14:Monoculture::SN-38,10.17632/fypp6xhkjy.1
2935,O14,Monoculture,,SN-38,0.2,0.2,nM,1,False,37827,,False,True,O14:Monoculture::SN-38,10.17632/fypp6xhkjy.1
2936,O14,Monoculture,,SN-38,0.2,0.2,nM,2,False,46169,,False,True,O14:Monoculture::SN-38,10.17632/fypp6xhkjy.1
2937,O14,Monoculture,,SN-38,0.2,0.2,nM,3,False,42077,,False,True,O14:Monoculture::SN-38,10.17632/fypp6xhkjy.1
2938,O14,Monoculture,,SN-38,0.4,0.4,nM,1,False,42616,,False,True,O14:Monoculture::SN-38,10.17632/fypp6xhkjy.1
2939,O14,Monoculture,,SN-38,0.4,0.4,nM,2,False,35543,,False,True,O14:Monoculture::SN-38,10.17632/fypp6xhkjy.1
2940,O14,Monoculture,,SN-38,0.4,0.4,nM,3,False,50769,,False,True,O14:Monoculture::SN-38,10.17632/fypp6xhkjy.1
2941,O14,Monoculture,,SN-38,0.7,0.7,nM,1,False,26263,,False,True,O14:Monoculture::SN-38,10.17632/fypp6xhkjy.1
2942,O14,Monoculture,,SN-38,0.7,0.7,nM,2,False,33658,,False,True,O14:Monoculture::SN-38,10.17632/fypp6xhkjy.1
2943,O14,Monoculture,,SN-38,0.7,0.7,nM,3,False,1817,cells lost,False,False,O14:Monoculture::SN-38,10.17632/fypp6xhkjy.1
2944,O14,Monoculture,,SN-38,1.4,1.4,nM,1,False,25223,,False,True,O14:Monoculture::SN-38,10.17632/fypp6xhkjy.1
2945,O14,Monoculture,,SN-38,1.4,1.4,nM,2,False,31374,,False,True,O14:Monoculture::SN-38,10.17632/fypp6xhkjy.1
2946,O14,Monoculture,,SN-38,1.4,1.4,nM,3,False,21009,,False,True,O14:Monoculture::SN-38,10.17632/fypp6xhkjy.1
2947,O14,Monoculture,,SN-38,2.6,2.6,nM,1,False,5614,,False,True,O14:Monoculture::SN-38,10.17632/fypp6xhkjy.1
2948,O14,Monoculture,,SN-38,2.6,2.6,nM,2,False,7009,,False,True,O14:Monoculture::SN-38,10.17632/fypp6xhkjy.1
2949,O14,Monoculture,,SN-38,2.6,2.6,nM,3,False,5397,,False,True,O14:Monoculture::SN-38,10.17632/fypp6xhkjy.1
2950,O14,Monoculture,,SN-38,5.0,5.0,nM,1,False,2627,,False,True,O14:Monoculture::SN-38,10.17632/fypp6xhkjy.1
2951,O14,Monoculture,,SN-38,5.0,5.0,nM,2,False,2478,,False,True,O14:Monoculture::SN-38,10.17632/fypp6xhkjy.1
2952,O14,Monoculture,,SN-38,5.0,5.0,nM,3,False,2312,,False,True,O14:Monoculture::SN-38,10.17632/fypp6xhkjy.1
2953,O14,Monoculture,,Gef,DMSO,0.0,uM,1,True,206,cells lost,False,False,O14:Monoculture::Gef,10.17632/fypp6xhkjy.1
2954,O14,Monoculture,,Gef,DMSO,0.0,uM,2,True,56636,,False,True,O14:Monoculture::Gef,10.17632/fypp6xhkjy.1
2955,O14,Monoculture,,Gef,DMSO,0.0,uM,3,True,3253,cells lost,False,False,O14:Monoculture::Gef,10.17632/fypp6xhkjy.1
2956,O14,Monoculture,,Gef,0.01,0.01,uM,1,False,1796,cells lost,False,False,O14:Monoculture::Gef,10.17632/fypp6xhkjy.1
2957,O14,Monoculture,,Gef,0.01,0.01,uM,2,False,371,cells lost,False,False,O14:Monoculture::Gef,10.17632/fypp6xhkjy.1
2958,O14,Monoculture,,Gef,0.01,0.01,uM,3,False,59156,,False,True,O14:Monoculture::Gef,10.17632/fypp6xhkjy.1
2959,O14,Monoculture,,Gef,0.04,0.04,uM,1,False,32973,,False,True,O14:Monoculture::Gef,10.17632/fypp6xhkjy.1
2960,O14,Monoculture,,Gef,0.04,0.04,uM,2,False,46540,,False,True,O14:Monoculture::Gef,10.17632/fypp6xhkjy.1
2961,O14,Monoculture,,Gef,0.04,0.04,uM,3,False,50343,,False,True,O14:Monoculture::Gef,10.17632/fypp6xhkjy.1
2962,O14,Monoculture,,Gef,0.1,0.1,uM,1,False,44172,,False,True,O14:Monoculture::Gef,10.17632/fypp6xhkjy.1
2963,O14,Monoculture,,Gef,0.1,0.1,uM,2,False,29989,,False,True,O14:Monoculture::Gef,10.17632/fypp6xhkjy.1
2964,O14,Monoculture,,Gef,0.1,0.1,uM,3,False,35857,,False,True,O14:Monoculture::Gef,10.17632/fypp6xhkjy.1
2965,O14,Monoculture,,Gef,0.4,0.4,uM,1,False,43621,,False,True,O14:Monoculture::Gef,10.17632/fypp6xhkjy.1
2966,O14,Monoculture,,Gef,0.4,0.4,uM,2,False,28904,,False,True,O14:Monoculture::Gef,10.17632/fypp6xhkjy.1
2967,O14,Monoculture,,Gef,0.4,0.4,uM,3,False,39330,,False,True,O14:Monoculture::Gef,10.17632/fypp6xhkjy.1
2968,O14,Monoculture,,Gef,1.1,1.1,uM,1,False,15137,,False,True,O14:Monoculture::Gef,10.17632/fypp6xhkjy.1
2969,O14,Monoculture,,Gef,1.1,1.1,uM,2,False,11105,,False,True,O14:Monoculture::Gef,10.17632/fypp6xhkjy.1
2970,O14,Monoculture,,Gef,1.1,1.1,uM,3,False,20951,,False,True,O14:Monoculture::Gef,10.17632/fypp6xhkjy.1
2971,O14,Monoculture,,Gef,3.3,3.3,uM,1,False,4078,,False,True,O14:Monoculture::Gef,10.17632/fypp6xhkjy.1
2972,O14,Monoculture,,Gef,3.3,3.3,uM,2,False,3787,,False,True,O14:Monoculture::Gef,10.17632/fypp6xhkjy.1
2973,O14,Monoculture,,Gef,3.3,3.3,uM,3,False,4121,,False,True,O14:Monoculture::Gef,10.17632/fypp6xhkjy.1
2974,O14,Monoculture,,Gef,10.0,10.0,uM,1,False,5226,,False,True,O14:Monoculture::Gef,10.17632/fypp6xhkjy.1
2975,O14,Monoculture,,Gef,10.0,10.0,uM,2,False,765,,False,True,O14:Monoculture::Gef,10.17632/fypp6xhkjy.1
2976,O14,Monoculture,,Gef,10.0,10.0,uM,3,False,4471,,False,True,O14:Monoculture::Gef,10.17632/fypp6xhkjy.1
2977,O14,Coculture,F14,5-FU,DMSO,0.0,uM,1,True,111220,,False,True,O14:Coculture:F14:5-FU,10.17632/fypp6xhkjy.1
2978,O14,Coculture,F14,5-FU,DMSO,0.0,uM,2,True,120610,,False,True,O14:Coculture:F14:5-FU,10.17632/fypp6xhkjy.1
2979,O14,Coculture,F14,5-FU,DMSO,0.0,uM,3,True,125129,,False,True,O14:Coculture:F14:5-FU,10.17632/fypp6xhkjy.1
2980,O14,Coculture,F14,5-FU,0.5,0.5,uM,1,False,79472,,False,True,O14:Coculture:F14:5-FU,10.17632/fypp6xhkjy.1
2981,O14,Coculture,F14,5-FU,0.5,0.5,uM,2,False,91533,,False,True,O14:Coculture:F14:5-FU,10.17632/fypp6xhkjy.1
2982,O14,Coculture,F14,5-FU,0.5,0.5,uM,3,False,98400,,False,True,O14:Coculture:F14:5-FU,10.17632/fypp6xhkjy.1
2983,O14,Coculture,F14,5-FU,1.1,1.1,uM,1,False,65735,,False,True,O14:Coculture:F14:5-FU,10.17632/fypp6xhkjy.1
2984,O14,Coculture,F14,5-FU,1.1,1.1,uM,2,False,84941,,False,True,O14:Coculture:F14:5-FU,10.17632/fypp6xhkjy.1
2985,O14,Coculture,F14,5-FU,1.1,1.1,uM,3,False,76881,,False,True,O14:Coculture:F14:5-FU,10.17632/fypp6xhkjy.1
2986,O14,Coculture,F14,5-FU,2.5,2.5,uM,1,False,52605,,False,True,O14:Coculture:F14:5-FU,10.17632/fypp6xhkjy.1
2987,O14,Coculture,F14,5-FU,2.5,2.5,uM,2,False,26331,seeding not uniform,False,False,O14:Coculture:F14:5-FU,10.17632/fypp6xhkjy.1
2988,O14,Coculture,F14,5-FU,2.5,2.5,uM,3,False,66895,,False,True,O14:Coculture:F14:5-FU,10.17632/fypp6xhkjy.1
2989,O14,Coculture,F14,5-FU,5.5,5.5,uM,1,False,57703,,False,True,O14:Coculture:F14:5-FU,10.17632/fypp6xhkjy.1
2990,O14,Coculture,F14,5-FU,5.5,5.5,uM,2,False,51838,,False,True,O14:Coculture:F14:5-FU,10.17632/fypp6xhkjy.1
2991,O14,Coculture,F14,5-FU,5.5,5.5,uM,3,False,64362,,False,True,O14:Coculture:F14:5-FU,10.17632/fypp6xhkjy.1
2992,O14,Coculture,F14,5-FU,12.2,12.2,uM,1,False,65739,,False,True,O14:Coculture:F14:5-FU,10.17632/fypp6xhkjy.1
2993,O14,Coculture,F14,5-FU,12.2,12.2,uM,2,False,71557,,False,True,O14:Coculture:F14:5-FU,10.17632/fypp6xhkjy.1
2994,O14,Coculture,F14,5-FU,12.2,12.2,uM,3,False,81399,,False,True,O14:Coculture:F14:5-FU,10.17632/fypp6xhkjy.1
2995,O14,Coculture,F14,5-FU,27.0,27.0,uM,1,False,43500,,False,True,O14:Coculture:F14:5-FU,10.17632/fypp6xhkjy.1
2996,O14,Coculture,F14,5-FU,27.0,27.0,uM,2,False,51356,,False,True,O14:Coculture:F14:5-FU,10.17632/fypp6xhkjy.1
2997,O14,Coculture,F14,5-FU,27.0,27.0,uM,3,False,54298,,False,True,O14:Coculture:F14:5-FU,10.17632/fypp6xhkjy.1
2998,O14,Coculture,F14,5-FU,60.0,60.0,uM,1,False,55231,,False,True,O14:Coculture:F14:5-FU,10.17632/fypp6xhkjy.1
2999,O14,Coculture,F14,5-FU,60.0,60.0,uM,2,False,56959,,False,True,O14:Coculture:F14:5-FU,10.17632/fypp6xhkjy.1
3000,O14,Coculture,F14,5-FU,60.0,60.0,uM,3,False,51433,,False,True,O14:Coculture:F14:5-FU,10.17632/fypp6xhkjy.1
3001,O14,Coculture,F14,Oxa,DMSO,0.0,uM,1,True,2467,cells lost,False,False,O14:Coculture:F14:Oxa,10.17632/fypp6xhkjy.1
3002,O14,Coculture,F14,Oxa,DMSO,0.0,uM,2,True,142116,,False,True,O14:Coculture:F14:Oxa,10.17632/fypp6xhkjy.1
3003,O14,Coculture,F14,Oxa,DMSO,0.0,uM,3,True,164922,,False,True,O14:Coculture:F14:Oxa,10.17632/fypp6xhkjy.1
3004,O14,Coculture,F14,Oxa,0.5,0.5,uM,1,False,111505,,False,True,O14:Coculture:F14:Oxa,10.17632/fypp6xhkjy.1
3005,O14,Coculture,F14,Oxa,0.5,0.5,uM,2,False,158146,,False,True,O14:Coculture:F14:Oxa,10.17632/fypp6xhkjy.1
3006,O14,Coculture,F14,Oxa,0.5,0.5,uM,3,False,176636,,False,True,O14:Coculture:F14:Oxa,10.17632/fypp6xhkjy.1
3007,O14,Coculture,F14,Oxa,1.1,1.1,uM,1,False,132900,,False,True,O14:Coculture:F14:Oxa,10.17632/fypp6xhkjy.1
3008,O14,Coculture,F14,Oxa,1.1,1.1,uM,2,False,181364,,False,True,O14:Coculture:F14:Oxa,10.17632/fypp6xhkjy.1
3009,O14,Coculture,F14,Oxa,1.1,1.1,uM,3,False,17904,cells lost,False,False,O14:Coculture:F14:Oxa,10.17632/fypp6xhkjy.1
3010,O14,Coculture,F14,Oxa,2.5,2.5,uM,1,False,87846,,False,True,O14:Coculture:F14:Oxa,10.17632/fypp6xhkjy.1
3011,O14,Coculture,F14,Oxa,2.5,2.5,uM,2,False,136933,,False,True,O14:Coculture:F14:Oxa,10.17632/fypp6xhkjy.1
3012,O14,Coculture,F14,Oxa,2.5,2.5,uM,3,False,115460,,False,True,O14:Coculture:F14:Oxa,10.17632/fypp6xhkjy.1
3013,O14,Coculture,F14,Oxa,5.5,5.5,uM,1,False,35903,,False,True,O14:Coculture:F14:Oxa,10.17632/fypp6xhkjy.1
3014,O14,Coculture,F14,Oxa,5.5,5.5,uM,2,False,65737,,False,True,O14:Coculture:F14:Oxa,10.17632/fypp6xhkjy.1
3015,O14,Coculture,F14,Oxa,5.5,5.5,uM,3,False,77657,,False,True,O14:Coculture:F14:Oxa,10.17632/fypp6xhkjy.1
3016,O14,Coculture,F14,Oxa,12.2,12.2,uM,1,False,36590,,False,True,O14:Coculture:F14:Oxa,10.17632/fypp6xhkjy.1
3017,O14,Coculture,F14,Oxa,12.2,12.2,uM,2,False,35250,,False,True,O14:Coculture:F14:Oxa,10.17632/fypp6xhkjy.1
3018,O14,Coculture,F14,Oxa,12.2,12.2,uM,3,False,42631,,False,True,O14:Coculture:F14:Oxa,10.17632/fypp6xhkjy.1
3019,O14,Coculture,F14,Oxa,27.0,27.0,uM,1,False,14146,,False,True,O14:Coculture:F14:Oxa,10.17632/fypp6xhkjy.1
3020,O14,Coculture,F14,Oxa,27.0,27.0,uM,2,False,26244,,False,True,O14:Coculture:F14:Oxa,10.17632/fypp6xhkjy.1
3021,O14,Coculture,F14,Oxa,27.0,27.0,uM,3,False,23424,,False,True,O14:Coculture:F14:Oxa,10.17632/fypp6xhkjy.1
3022,O14,Coculture,F14,Oxa,60.0,60.0,uM,1,False,21415,,False,True,O14:Coculture:F14:Oxa,10.17632/fypp6xhkjy.1
3023,O14,Coculture,F14,Oxa,60.0,60.0,uM,2,False,24720,,False,True,O14:Coculture:F14:Oxa,10.17632/fypp6xhkjy.1
3024,O14,Coculture,F14,Oxa,60.0,60.0,uM,3,False,25109,,False,True,O14:Coculture:F14:Oxa,10.17632/fypp6xhkjy.1
3025,O14,Coculture,F14,SN-38,DMSO,0.0,nM,1,True,145692,,False,True,O14:Coculture:F14:SN-38,10.17632/fypp6xhkjy.1
3026,O14,Coculture,F14,SN-38,DMSO,0.0,nM,2,True,193977,,False,True,O14:Coculture:F14:SN-38,10.17632/fypp6xhkjy.1
3027,O14,Coculture,F14,SN-38,DMSO,0.0,nM,3,True,160737,,False,True,O14:Coculture:F14:SN-38,10.17632/fypp6xhkjy.1
3028,O14,Coculture,F14,SN-38,0.1,0.1,nM,1,False,162193,,False,True,O14:Coculture:F14:SN-38,10.17632/fypp6xhkjy.1
3029,O14,Coculture,F14,SN-38,0.1,0.1,nM,2,False,141438,,False,True,O14:Coculture:F14:SN-38,10.17632/fypp6xhkjy.1
3030,O14,Coculture,F14,SN-38,0.1,0.1,nM,3,False,120145,,False,True,O14:Coculture:F14:SN-38,10.17632/fypp6xhkjy.1
3031,O14,Coculture,F14,SN-38,0.2,0.2,nM,1,False,166280,,False,True,O14:Coculture:F14:SN-38,10.17632/fypp6xhkjy.1
3032,O14,Coculture,F14,SN-38,0.2,0.2,nM,2,False,96478,,False,True,O14:Coculture:F14:SN-38,10.17632/fypp6xhkjy.1
3033,O14,Coculture,F14,SN-38,0.2,0.2,nM,3,False,122522,,False,True,O14:Coculture:F14:SN-38,10.17632/fypp6xhkjy.1
3034,O14,Coculture,F14,SN-38,0.4,0.4,nM,1,False,168368,,False,True,O14:Coculture:F14:SN-38,10.17632/fypp6xhkjy.1
3035,O14,Coculture,F14,SN-38,0.4,0.4,nM,2,False,199477,seeding not uniform,False,False,O14:Coculture:F14:SN-38,10.17632/fypp6xhkjy.1
3036,O14,Coculture,F14,SN-38,0.4,0.4,nM,3,False,133143,,False,True,O14:Coculture:F14:SN-38,10.17632/fypp6xhkjy.1
3037,O14,Coculture,F14,SN-38,0.7,0.7,nM,1,False,120221,,False,True,O14:Coculture:F14:SN-38,10.17632/fypp6xhkjy.1
3038,O14,Coculture,F14,SN-38,0.7,0.7,nM,2,False,143457,,False,True,O14:Coculture:F14:SN-38,10.17632/fypp6xhkjy.1
3039,O14,Coculture,F14,SN-38,0.7,0.7,nM,3,False,162842,,False,True,O14:Coculture:F14:SN-38,10.17632/fypp6xhkjy.1
3040,O14,Coculture,F14,SN-38,1.4,1.4,nM,1,False,81360,,False,True,O14:Coculture:F14:SN-38,10.17632/fypp6xhkjy.1
3041,O14,Coculture,F14,SN-38,1.4,1.4,nM,2,False,96177,,False,True,O14:Coculture:F14:SN-38,10.17632/fypp6xhkjy.1
3042,O14,Coculture,F14,SN-38,1.4,1.4,nM,3,False,57159,,False,True,O14:Coculture:F14:SN-38,10.17632/fypp6xhkjy.1
3043,O14,Coculture,F14,SN-38,2.6,2.6,nM,1,False,236,cells lost,False,False,O14:Coculture:F14:SN-38,10.17632/fypp6xhkjy.1
3044,O14,Coculture,F14,SN-38,2.6,2.6,nM,2,False,22987,,False,True,O14:Coculture:F14:SN-38,10.17632/fypp6xhkjy.1
3045,O14,Coculture,F14,SN-38,2.6,2.6,nM,3,False,28353,,False,True,O14:Coculture:F14:SN-38,10.17632/fypp6xhkjy.1
3046,O14,Coculture,F14,SN-38,5.0,5.0,nM,1,False,6566,,False,True,O14:Coculture:F14:SN-38,10.17632/fypp6xhkjy.1
3047,O14,Coculture,F14,SN-38,5.0,5.0,nM,2,False,6651,,False,True,O14:Coculture:F14:SN-38,10.17632/fypp6xhkjy.1
3048,O14,Coculture,F14,SN-38,5.0,5.0,nM,3,False,6887,,False,True,O14:Coculture:F14:SN-38,10.17632/fypp6xhkjy.1
3049,O14,Coculture,F14,Gef,DMSO,0.0,uM,1,True,107788,,False,True,O14:Coculture:F14:Gef,10.17632/fypp6xhkjy.1
3050,O14,Coculture,F14,Gef,DMSO,0.0,uM,2,True,109951,,False,True,O14:Coculture:F14:Gef,10.17632/fypp6xhkjy.1
3051,O14,Coculture,F14,Gef,DMSO,0.0,uM,3,True,99519,,False,True,O14:Coculture:F14:Gef,10.17632/fypp6xhkjy.1
3052,O14,Coculture,F14,Gef,0.01,0.01,uM,1,False,127882,,False,True,O14:Coculture:F14:Gef,10.17632/fypp6xhkjy.1
3053,O14,Coculture,F14,Gef,0.01,0.01,uM,2,False,136660,,False,True,O14:Coculture:F14:Gef,10.17632/fypp6xhkjy.1
3054,O14,Coculture,F14,Gef,0.01,0.01,uM,3,False,95309,,False,True,O14:Coculture:F14:Gef,10.17632/fypp6xhkjy.1
3055,O14,Coculture,F14,Gef,0.04,0.04,uM,1,False,137708,,False,True,O14:Coculture:F14:Gef,10.17632/fypp6xhkjy.1
3056,O14,Coculture,F14,Gef,0.04,0.04,uM,2,False,127391,,False,True,O14:Coculture:F14:Gef,10.17632/fypp6xhkjy.1
3057,O14,Coculture,F14,Gef,0.04,0.04,uM,3,False,128030,,False,True,O14:Coculture:F14:Gef,10.17632/fypp6xhkjy.1
3058,O14,Coculture,F14,Gef,0.1,0.1,uM,1,False,129522,,False,True,O14:Coculture:F14:Gef,10.17632/fypp6xhkjy.1
3059,O14,Coculture,F14,Gef,0.1,0.1,uM,2,False,154577,,False,True,O14:Coculture:F14:Gef,10.17632/fypp6xhkjy.1
3060,O14,Coculture,F14,Gef,0.1,0.1,uM,3,False,93076,,False,True,O14:Coculture:F14:Gef,10.17632/fypp6xhkjy.1
3061,O14,Coculture,F14,Gef,0.4,0.4,uM,1,False,175147,,False,True,O14:Coculture:F14:Gef,10.17632/fypp6xhkjy.1
3062,O14,Coculture,F14,Gef,0.4,0.4,uM,2,False,168966,,False,True,O14:Coculture:F14:Gef,10.17632/fypp6xhkjy.1
3063,O14,Coculture,F14,Gef,0.4,0.4,uM,3,False,134215,,False,True,O14:Coculture:F14:Gef,10.17632/fypp6xhkjy.1
3064,O14,Coculture,F14,Gef,1.1,1.1,uM,1,False,126870,,False,True,O14:Coculture:F14:Gef,10.17632/fypp6xhkjy.1
3065,O14,Coculture,F14,Gef,1.1,1.1,uM,2,False,135265,,False,True,O14:Coculture:F14:Gef,10.17632/fypp6xhkjy.1
3066,O14,Coculture,F14,Gef,1.1,1.1,uM,3,False,140350,,False,True,O14:Coculture:F14:Gef,10.17632/fypp6xhkjy.1
3067,O14,Coculture,F14,Gef,3.3,3.3,uM,1,False,74665,,False,True,O14:Coculture:F14:Gef,10.17632/fypp6xhkjy.1
3068,O14,Coculture,F14,Gef,3.3,3.3,uM,2,False,75630,,False,True,O14:Coculture:F14:Gef,10.17632/fypp6xhkjy.1
3069,O14,Coculture,F14,Gef,3.3,3.3,uM,3,False,65765,,False,True,O14:Coculture:F14:Gef,10.17632/fypp6xhkjy.1
3070,O14,Coculture,F14,Gef,10.0,10.0,uM,1,False,72049,,False,True,O14:Coculture:F14:Gef,10.17632/fypp6xhkjy.1
3071,O14,Coculture,F14,Gef,10.0,10.0,uM,2,False,53737,,False,True,O14:Coculture:F14:Gef,10.17632/fypp6xhkjy.1
3072,O14,Coculture,F14,Gef,10.0,10.0,uM,3,False,64134,,False,True,O14:Coculture:F14:Gef,10.17632/fypp6xhkjy.1
3073,O14,Coculture,F17,5-FU,DMSO,0.0,uM,1,True,110430,,False,True,O14:Coculture:F17:5-FU,10.17632/fypp6xhkjy.1
3074,O14,Coculture,F17,5-FU,DMSO,0.0,uM,2,True,148570,,False,True,O14:Coculture:F17:5-FU,10.17632/fypp6xhkjy.1
3075,O14,Coculture,F17,5-FU,DMSO,0.0,uM,3,True,147535,,False,True,O14:Coculture:F17:5-FU,10.17632/fypp6xhkjy.1
3076,O14,Coculture,F17,5-FU,0.5,0.5,uM,1,False,87299,,False,True,O14:Coculture:F17:5-FU,10.17632/fypp6xhkjy.1
3077,O14,Coculture,F17,5-FU,0.5,0.5,uM,2,False,80646,,False,True,O14:Coculture:F17:5-FU,10.17632/fypp6xhkjy.1
3078,O14,Coculture,F17,5-FU,0.5,0.5,uM,3,False,84605,,False,True,O14:Coculture:F17:5-FU,10.17632/fypp6xhkjy.1
3079,O14,Coculture,F17,5-FU,1.1,1.1,uM,1,False,58496,,False,True,O14:Coculture:F17:5-FU,10.17632/fypp6xhkjy.1
3080,O14,Coculture,F17,5-FU,1.1,1.1,uM,2,False,58724,,False,True,O14:Coculture:F17:5-FU,10.17632/fypp6xhkjy.1
3081,O14,Coculture,F17,5-FU,1.1,1.1,uM,3,False,62463,,False,True,O14:Coculture:F17:5-FU,10.17632/fypp6xhkjy.1
3082,O14,Coculture,F17,5-FU,2.5,2.5,uM,1,False,48863,,False,True,O14:Coculture:F17:5-FU,10.17632/fypp6xhkjy.1
3083,O14,Coculture,F17,5-FU,2.5,2.5,uM,2,False,54725,,False,True,O14:Coculture:F17:5-FU,10.17632/fypp6xhkjy.1
3084,O14,Coculture,F17,5-FU,2.5,2.5,uM,3,False,62351,,False,True,O14:Coculture:F17:5-FU,10.17632/fypp6xhkjy.1
3085,O14,Coculture,F17,5-FU,5.5,5.5,uM,1,False,39685,,False,True,O14:Coculture:F17:5-FU,10.17632/fypp6xhkjy.1
3086,O14,Coculture,F17,5-FU,5.5,5.5,uM,2,False,48750,,False,True,O14:Coculture:F17:5-FU,10.17632/fypp6xhkjy.1
3087,O14,Coculture,F17,5-FU,5.5,5.5,uM,3,False,47656,,False,True,O14:Coculture:F17:5-FU,10.17632/fypp6xhkjy.1
3088,O14,Coculture,F17,5-FU,12.2,12.2,uM,1,False,47479,,False,True,O14:Coculture:F17:5-FU,10.17632/fypp6xhkjy.1
3089,O14,Coculture,F17,5-FU,12.2,12.2,uM,2,False,65512,,False,True,O14:Coculture:F17:5-FU,10.17632/fypp6xhkjy.1
3090,O14,Coculture,F17,5-FU,12.2,12.2,uM,3,False,68322,,False,True,O14:Coculture:F17:5-FU,10.17632/fypp6xhkjy.1
3091,O14,Coculture,F17,5-FU,27.0,27.0,uM,1,False,7787,cells lost,False,False,O14:Coculture:F17:5-FU,10.17632/fypp6xhkjy.1
3092,O14,Coculture,F17,5-FU,27.0,27.0,uM,2,False,37093,,False,True,O14:Coculture:F17:5-FU,10.17632/fypp6xhkjy.1
3093,O14,Coculture,F17,5-FU,27.0,27.0,uM,3,False,37557,,False,True,O14:Coculture:F17:5-FU,10.17632/fypp6xhkjy.1
3094,O14,Coculture,F17,5-FU,60.0,60.0,uM,1,False,37027,,False,True,O14:Coculture:F17:5-FU,10.17632/fypp6xhkjy.1
3095,O14,Coculture,F17,5-FU,60.0,60.0,uM,2,False,42751,,False,True,O14:Coculture:F17:5-FU,10.17632/fypp6xhkjy.1
3096,O14,Coculture,F17,5-FU,60.0,60.0,uM,3,False,47726,,False,True,O14:Coculture:F17:5-FU,10.17632/fypp6xhkjy.1
3097,O14,Coculture,F17,Oxa,DMSO,0.0,uM,1,True,162334,,False,True,O14:Coculture:F17:Oxa,10.17632/fypp6xhkjy.1
3098,O14,Coculture,F17,Oxa,DMSO,0.0,uM,2,True,229646,,False,True,O14:Coculture:F17:Oxa,10.17632/fypp6xhkjy.1
3099,O14,Coculture,F17,Oxa,DMSO,0.0,uM,3,True,163824,,False,True,O14:Coculture:F17:Oxa,10.17632/fypp6xhkjy.1
3100,O14,Coculture,F17,Oxa,0.5,0.5,uM,1,False,101613,,False,True,O14:Coculture:F17:Oxa,10.17632/fypp6xhkjy.1
3101,O14,Coculture,F17,Oxa,0.5,0.5,uM,2,False,145642,,False,True,O14:Coculture:F17:Oxa,10.17632/fypp6xhkjy.1
3102,O14,Coculture,F17,Oxa,0.5,0.5,uM,3,False,159206,,False,True,O14:Coculture:F17:Oxa,10.17632/fypp6xhkjy.1
3103,O14,Coculture,F17,Oxa,1.1,1.1,uM,1,False,71254,,False,True,O14:Coculture:F17:Oxa,10.17632/fypp6xhkjy.1
3104,O14,Coculture,F17,Oxa,1.1,1.1,uM,2,False,127853,,False,True,O14:Coculture:F17:Oxa,10.17632/fypp6xhkjy.1
3105,O14,Coculture,F17,Oxa,1.1,1.1,uM,3,False,153608,,False,True,O14:Coculture:F17:Oxa,10.17632/fypp6xhkjy.1
3106,O14,Coculture,F17,Oxa,2.5,2.5,uM,1,False,90364,,False,True,O14:Coculture:F17:Oxa,10.17632/fypp6xhkjy.1
3107,O14,Coculture,F17,Oxa,2.5,2.5,uM,2,False,108286,,False,True,O14:Coculture:F17:Oxa,10.17632/fypp6xhkjy.1
3108,O14,Coculture,F17,Oxa,2.5,2.5,uM,3,False,112373,,False,True,O14:Coculture:F17:Oxa,10.17632/fypp6xhkjy.1
3109,O14,Coculture,F17,Oxa,5.5,5.5,uM,1,False,31343,,False,True,O14:Coculture:F17:Oxa,10.17632/fypp6xhkjy.1
3110,O14,Coculture,F17,Oxa,5.5,5.5,uM,2,False,42011,,False,True,O14:Coculture:F17:Oxa,10.17632/fypp6xhkjy.1
3111,O14,Coculture,F17,Oxa,5.5,5.5,uM,3,False,42979,,False,True,O14:Coculture:F17:Oxa,10.17632/fypp6xhkjy.1
3112,O14,Coculture,F17,Oxa,12.2,12.2,uM,1,False,18842,,False,True,O14:Coculture:F17:Oxa,10.17632/fypp6xhkjy.1
3113,O14,Coculture,F17,Oxa,12.2,12.2,uM,2,False,24154,,False,True,O14:Coculture:F17:Oxa,10.17632/fypp6xhkjy.1
3114,O14,Coculture,F17,Oxa,12.2,12.2,uM,3,False,26902,,False,True,O14:Coculture:F17:Oxa,10.17632/fypp6xhkjy.1
3115,O14,Coculture,F17,Oxa,27.0,27.0,uM,1,False,14556,,False,True,O14:Coculture:F17:Oxa,10.17632/fypp6xhkjy.1
3116,O14,Coculture,F17,Oxa,27.0,27.0,uM,2,False,17736,,False,True,O14:Coculture:F17:Oxa,10.17632/fypp6xhkjy.1
3117,O14,Coculture,F17,Oxa,27.0,27.0,uM,3,False,18697,,False,True,O14:Coculture:F17:Oxa,10.17632/fypp6xhkjy.1
3118,O14,Coculture,F17,Oxa,60.0,60.0,uM,1,False,16983,,False,True,O14:Coculture:F17:Oxa,10.17632/fypp6xhkjy.1
3119,O14,Coculture,F17,Oxa,60.0,60.0,uM,2,False,19233,,False,True,O14:Coculture:F17:Oxa,10.17632/fypp6xhkjy.1
3120,O14,Coculture,F17,Oxa,60.0,60.0,uM,3,False,17799,,False,True,O14:Coculture:F17:Oxa,10.17632/fypp6xhkjy.1
3121,O14,Coculture,F17,SN-38,DMSO,0.0,nM,1,True,165466,,False,True,O14:Coculture:F17:SN-38,10.17632/fypp6xhkjy.1
3122,O14,Coculture,F17,SN-38,DMSO,0.0,nM,2,True,141530,,False,True,O14:Coculture:F17:SN-38,10.17632/fypp6xhkjy.1
3123,O14,Coculture,F17,SN-38,DMSO,0.0,nM,3,True,143879,,False,True,O14:Coculture:F17:SN-38,10.17632/fypp6xhkjy.1
3124,O14,Coculture,F17,SN-38,0.1,0.1,nM,1,False,168000,,False,True,O14:Coculture:F17:SN-38,10.17632/fypp6xhkjy.1
3125,O14,Coculture,F17,SN-38,0.1,0.1,nM,2,False,147772,,False,True,O14:Coculture:F17:SN-38,10.17632/fypp6xhkjy.1
3126,O14,Coculture,F17,SN-38,0.1,0.1,nM,3,False,150036,,False,True,O14:Coculture:F17:SN-38,10.17632/fypp6xhkjy.1
3127,O14,Coculture,F17,SN-38,0.2,0.2,nM,1,False,141892,,False,True,O14:Coculture:F17:SN-38,10.17632/fypp6xhkjy.1
3128,O14,Coculture,F17,SN-38,0.2,0.2,nM,2,False,108143,,False,True,O14:Coculture:F17:SN-38,10.17632/fypp6xhkjy.1
3129,O14,Coculture,F17,SN-38,0.2,0.2,nM,3,False,28322,seeding not uniform,False,False,O14:Coculture:F17:SN-38,10.17632/fypp6xhkjy.1
3130,O14,Coculture,F17,SN-38,0.4,0.4,nM,1,False,135338,,False,True,O14:Coculture:F17:SN-38,10.17632/fypp6xhkjy.1
3131,O14,Coculture,F17,SN-38,0.4,0.4,nM,2,False,182561,,False,True,O14:Coculture:F17:SN-38,10.17632/fypp6xhkjy.1
3132,O14,Coculture,F17,SN-38,0.4,0.4,nM,3,False,129851,,False,True,O14:Coculture:F17:SN-38,10.17632/fypp6xhkjy.1
3133,O14,Coculture,F17,SN-38,0.7,0.7,nM,1,False,118734,,False,True,O14:Coculture:F17:SN-38,10.17632/fypp6xhkjy.1
3134,O14,Coculture,F17,SN-38,0.7,0.7,nM,2,False,125408,,False,True,O14:Coculture:F17:SN-38,10.17632/fypp6xhkjy.1
3135,O14,Coculture,F17,SN-38,0.7,0.7,nM,3,False,93120,,False,True,O14:Coculture:F17:SN-38,10.17632/fypp6xhkjy.1
3136,O14,Coculture,F17,SN-38,1.4,1.4,nM,1,False,71223,,False,True,O14:Coculture:F17:SN-38,10.17632/fypp6xhkjy.1
3137,O14,Coculture,F17,SN-38,1.4,1.4,nM,2,False,85750,,False,True,O14:Coculture:F17:SN-38,10.17632/fypp6xhkjy.1
3138,O14,Coculture,F17,SN-38,1.4,1.4,nM,3,False,89806,,False,True,O14:Coculture:F17:SN-38,10.17632/fypp6xhkjy.1
3139,O14,Coculture,F17,SN-38,2.6,2.6,nM,1,False,22749,,False,True,O14:Coculture:F17:SN-38,10.17632/fypp6xhkjy.1
3140,O14,Coculture,F17,SN-38,2.6,2.6,nM,2,False,17241,,False,True,O14:Coculture:F17:SN-38,10.17632/fypp6xhkjy.1
3141,O14,Coculture,F17,SN-38,2.6,2.6,nM,3,False,20028,,False,True,O14:Coculture:F17:SN-38,10.17632/fypp6xhkjy.1
3142,O14,Coculture,F17,SN-38,5.0,5.0,nM,1,False,8788,,False,True,O14:Coculture:F17:SN-38,10.17632/fypp6xhkjy.1
3143,O14,Coculture,F17,SN-38,5.0,5.0,nM,2,False,6225,,False,True,O14:Coculture:F17:SN-38,10.17632/fypp6xhkjy.1
3144,O14,Coculture,F17,SN-38,5.0,5.0,nM,3,False,5666,,False,True,O14:Coculture:F17:SN-38,10.17632/fypp6xhkjy.1
3145,O14,Coculture,F17,Gef,DMSO,0.0,uM,1,True,609,cells lost,False,False,O14:Coculture:F17:Gef,10.17632/fypp6xhkjy.1
3146,O14,Coculture,F17,Gef,DMSO,0.0,uM,2,True,146074,,False,True,O14:Coculture:F17:Gef,10.17632/fypp6xhkjy.1
3147,O14,Coculture,F17,Gef,DMSO,0.0,uM,3,True,89405,,False,True,O14:Coculture:F17:Gef,10.17632/fypp6xhkjy.1
3148,O14,Coculture,F17,Gef,0.01,0.01,uM,1,False,115826,,False,True,O14:Coculture:F17:Gef,10.17632/fypp6xhkjy.1
3149,O14,Coculture,F17,Gef,0.01,0.01,uM,2,False,142455,,False,True,O14:Coculture:F17:Gef,10.17632/fypp6xhkjy.1
3150,O14,Coculture,F17,Gef,0.01,0.01,uM,3,False,129934,,False,True,O14:Coculture:F17:Gef,10.17632/fypp6xhkjy.1
3151,O14,Coculture,F17,Gef,0.04,0.04,uM,1,False,713,cells lost,False,False,O14:Coculture:F17:Gef,10.17632/fypp6xhkjy.1
3152,O14,Coculture,F17,Gef,0.04,0.04,uM,2,False,112998,,False,True,O14:Coculture:F17:Gef,10.17632/fypp6xhkjy.1
3153,O14,Coculture,F17,Gef,0.04,0.04,uM,3,False,112618,,False,True,O14:Coculture:F17:Gef,10.17632/fypp6xhkjy.1
3154,O14,Coculture,F17,Gef,0.1,0.1,uM,1,False,116021,,False,True,O14:Coculture:F17:Gef,10.17632/fypp6xhkjy.1
3155,O14,Coculture,F17,Gef,0.1,0.1,uM,2,False,139783,,False,True,O14:Coculture:F17:Gef,10.17632/fypp6xhkjy.1
3156,O14,Coculture,F17,Gef,0.1,0.1,uM,3,False,118148,,False,True,O14:Coculture:F17:Gef,10.17632/fypp6xhkjy.1
3157,O14,Coculture,F17,Gef,0.4,0.4,uM,1,False,833,cells lost,False,False,O14:Coculture:F17:Gef,10.17632/fypp6xhkjy.1
3158,O14,Coculture,F17,Gef,0.4,0.4,uM,2,False,151335,,False,True,O14:Coculture:F17:Gef,10.17632/fypp6xhkjy.1
3159,O14,Coculture,F17,Gef,0.4,0.4,uM,3,False,154505,,False,True,O14:Coculture:F17:Gef,10.17632/fypp6xhkjy.1
3160,O14,Coculture,F17,Gef,1.1,1.1,uM,1,False,140020,,False,True,O14:Coculture:F17:Gef,10.17632/fypp6xhkjy.1
3161,O14,Coculture,F17,Gef,1.1,1.1,uM,2,False,161052,,False,True,O14:Coculture:F17:Gef,10.17632/fypp6xhkjy.1
3162,O14,Coculture,F17,Gef,1.1,1.1,uM,3,False,143936,,False,True,O14:Coculture:F17:Gef,10.17632/fypp6xhkjy.1
3163,O14,Coculture,F17,Gef,3.3,3.3,uM,1,False,44369,,False,True,O14:Coculture:F17:Gef,10.17632/fypp6xhkjy.1
3164,O14,Coculture,F17,Gef,3.3,3.3,uM,2,False,47125,,False,True,O14:Coculture:F17:Gef,10.17632/fypp6xhkjy.1
3165,O14,Coculture,F17,Gef,3.3,3.3,uM,3,False,38341,,False,True,O14:Coculture:F17:Gef,10.17632/fypp6xhkjy.1
3166,O14,Coculture,F17,Gef,10.0,10.0,uM,1,False,50904,,False,True,O14:Coculture:F17:Gef,10.17632/fypp6xhkjy.1
3167,O14,Coculture,F17,Gef,10.0,10.0,uM,2,False,49634,,False,True,O14:Coculture:F17:Gef,10.17632/fypp6xhkjy.1
3168,O14,Coculture,F17,Gef,10.0,10.0,uM,3,False,28373,,False,True,O14:Coculture:F17:Gef,10.17632/fypp6xhkjy.1
3169,O14,Coculture,F11,5-FU,DMSO,0.0,uM,1,True,117448,,False,True,O14:Coculture:F11:5-FU,10.17632/fypp6xhkjy.1
3170,O14,Coculture,F11,5-FU,DMSO,0.0,uM,2,True,117565,,False,True,O14:Coculture:F11:5-FU,10.17632/fypp6xhkjy.1
3171,O14,Coculture,F11,5-FU,DMSO,0.0,uM,3,True,153022,,False,True,O14:Coculture:F11:5-FU,10.17632/fypp6xhkjy.1
3172,O14,Coculture,F11,5-FU,0.5,0.5,uM,1,False,68920,,False,True,O14:Coculture:F11:5-FU,10.17632/fypp6xhkjy.1
3173,O14,Coculture,F11,5-FU,0.5,0.5,uM,2,False,89353,,False,True,O14:Coculture:F11:5-FU,10.17632/fypp6xhkjy.1
3174,O14,Coculture,F11,5-FU,0.5,0.5,uM,3,False,84539,,False,True,O14:Coculture:F11:5-FU,10.17632/fypp6xhkjy.1
3175,O14,Coculture,F11,5-FU,1.1,1.1,uM,1,False,57183,,False,True,O14:Coculture:F11:5-FU,10.17632/fypp6xhkjy.1
3176,O14,Coculture,F11,5-FU,1.1,1.1,uM,2,False,61986,,False,True,O14:Coculture:F11:5-FU,10.17632/fypp6xhkjy.1
3177,O14,Coculture,F11,5-FU,1.1,1.1,uM,3,False,63073,,False,True,O14:Coculture:F11:5-FU,10.17632/fypp6xhkjy.1
3178,O14,Coculture,F11,5-FU,2.5,2.5,uM,1,False,51137,,False,True,O14:Coculture:F11:5-FU,10.17632/fypp6xhkjy.1
3179,O14,Coculture,F11,5-FU,2.5,2.5,uM,2,False,47720,,False,True,O14:Coculture:F11:5-FU,10.17632/fypp6xhkjy.1
3180,O14,Coculture,F11,5-FU,2.5,2.5,uM,3,False,60563,,False,True,O14:Coculture:F11:5-FU,10.17632/fypp6xhkjy.1
3181,O14,Coculture,F11,5-FU,5.5,5.5,uM,1,False,67497,,False,True,O14:Coculture:F11:5-FU,10.17632/fypp6xhkjy.1
3182,O14,Coculture,F11,5-FU,5.5,5.5,uM,2,False,59853,,False,True,O14:Coculture:F11:5-FU,10.17632/fypp6xhkjy.1
3183,O14,Coculture,F11,5-FU,5.5,5.5,uM,3,False,64585,,False,True,O14:Coculture:F11:5-FU,10.17632/fypp6xhkjy.1
3184,O14,Coculture,F11,5-FU,12.2,12.2,uM,1,False,67274,,False,True,O14:Coculture:F11:5-FU,10.17632/fypp6xhkjy.1
3185,O14,Coculture,F11,5-FU,12.2,12.2,uM,2,False,91243,,False,True,O14:Coculture:F11:5-FU,10.17632/fypp6xhkjy.1
3186,O14,Coculture,F11,5-FU,12.2,12.2,uM,3,False,64078,,False,True,O14:Coculture:F11:5-FU,10.17632/fypp6xhkjy.1
3187,O14,Coculture,F11,5-FU,27.0,27.0,uM,1,False,43107,,False,True,O14:Coculture:F11:5-FU,10.17632/fypp6xhkjy.1
3188,O14,Coculture,F11,5-FU,27.0,27.0,uM,2,False,47928,,False,True,O14:Coculture:F11:5-FU,10.17632/fypp6xhkjy.1
3189,O14,Coculture,F11,5-FU,27.0,27.0,uM,3,False,55633,,False,True,O14:Coculture:F11:5-FU,10.17632/fypp6xhkjy.1
3190,O14,Coculture,F11,5-FU,60.0,60.0,uM,1,False,37702,,False,True,O14:Coculture:F11:5-FU,10.17632/fypp6xhkjy.1
3191,O14,Coculture,F11,5-FU,60.0,60.0,uM,2,False,33735,,False,True,O14:Coculture:F11:5-FU,10.17632/fypp6xhkjy.1
3192,O14,Coculture,F11,5-FU,60.0,60.0,uM,3,False,40211,,False,True,O14:Coculture:F11:5-FU,10.17632/fypp6xhkjy.1
3193,O14,Coculture,F11,Oxa,DMSO,0.0,uM,1,True,130965,,False,True,O14:Coculture:F11:Oxa,10.17632/fypp6xhkjy.1
3194,O14,Coculture,F11,Oxa,DMSO,0.0,uM,2,True,135858,,False,True,O14:Coculture:F11:Oxa,10.17632/fypp6xhkjy.1
3195,O14,Coculture,F11,Oxa,DMSO,0.0,uM,3,True,169985,,False,True,O14:Coculture:F11:Oxa,10.17632/fypp6xhkjy.1
3196,O14,Coculture,F11,Oxa,0.5,0.5,uM,1,False,100407,,False,True,O14:Coculture:F11:Oxa,10.17632/fypp6xhkjy.1
3197,O14,Coculture,F11,Oxa,0.5,0.5,uM,2,False,138252,,False,True,O14:Coculture:F11:Oxa,10.17632/fypp6xhkjy.1
3198,O14,Coculture,F11,Oxa,0.5,0.5,uM,3,False,151941,,False,True,O14:Coculture:F11:Oxa,10.17632/fypp6xhkjy.1
3199,O14,Coculture,F11,Oxa,1.1,1.1,uM,1,False,87199,,False,True,O14:Coculture:F11:Oxa,10.17632/fypp6xhkjy.1
3200,O14,Coculture,F11,Oxa,1.1,1.1,uM,2,False,80040,,False,True,O14:Coculture:F11:Oxa,10.17632/fypp6xhkjy.1
3201,O14,Coculture,F11,Oxa,1.1,1.1,uM,3,False,92166,,False,True,O14:Coculture:F11:Oxa,10.17632/fypp6xhkjy.1
3202,O14,Coculture,F11,Oxa,2.5,2.5,uM,1,False,64308,,False,True,O14:Coculture:F11:Oxa,10.17632/fypp6xhkjy.1
3203,O14,Coculture,F11,Oxa,2.5,2.5,uM,2,False,82272,,False,True,O14:Coculture:F11:Oxa,10.17632/fypp6xhkjy.1
3204,O14,Coculture,F11,Oxa,2.5,2.5,uM,3,False,81053,,False,True,O14:Coculture:F11:Oxa,10.17632/fypp6xhkjy.1
3205,O14,Coculture,F11,Oxa,5.5,5.5,uM,1,False,29655,,False,True,O14:Coculture:F11:Oxa,10.17632/fypp6xhkjy.1
3206,O14,Coculture,F11,Oxa,5.5,5.5,uM,2,False,52767,,False,True,O14:Coculture:F11:Oxa,10.17632/fypp6xhkjy.1
3207,O14,Coculture,F11,Oxa,5.5,5.5,uM,3,False,45750,,False,True,O14:Coculture:F11:Oxa,10.17632/fypp6xhkjy.1
3208,O14,Coculture,F11,Oxa,12.2,12.2,uM,1,False,18734,,False,True,O14:Coculture:F11:Oxa,10.17632/fypp6xhkjy.1
3209,O14,Coculture,F11,Oxa,12.2,12.2,uM,2,False,25433,,False,True,O14:Coculture:F11:Oxa,10.17632/fypp6xhkjy.1
3210,O14,Coculture,F11,Oxa,12.2,12.2,uM,3,False,22165,,False,True,O14:Coculture:F11:Oxa,10.17632/fypp6xhkjy.1
3211,O14,Coculture,F11,Oxa,27.0,27.0,uM,1,False,14374,,False,True,O14:Coculture:F11:Oxa,10.17632/fypp6xhkjy.1
3212,O14,Coculture,F11,Oxa,27.0,27.0,uM,2,False,13342,,False,True,O14:Coculture:F11:Oxa,10.17632/fypp6xhkjy.1
3213,O14,Coculture,F11,Oxa,27.0,27.0,uM,3,False,19948,,False,True,O14:Coculture:F11:Oxa,10.17632/fypp6xhkjy.1
3214,O14,Coculture,F11,Oxa,60.0,60.0,uM,1,False,13877,,False,True,O14:Coculture:F11:Oxa,10.17632/fypp6xhkjy.1
3215,O14,Coculture,F11,Oxa,60.0,60.0,uM,2,False,14232,,False,True,O14:Coculture:F11:Oxa,10.17632/fypp6xhkjy.1
3216,O14,Coculture,F11,Oxa,60.0,60.0,uM,3,False,21300,,False,True,O14:Coculture:F11:Oxa,10.17632/fypp6xhkjy.1
3217,O14,Coculture,F11,SN-38,DMSO,0.0,nM,1,True,151851,,False,True,O14:Coculture:F11:SN-38,10.17632/fypp6xhkjy.1
3218,O14,Coculture,F11,SN-38,DMSO,0.0,nM,2,True,104573,,False,True,O14:Coculture:F11:SN-38,10.17632/fypp6xhkjy.1
3219,O14,Coculture,F11,SN-38,DMSO,0.0,nM,3,True,127135,,False,True,O14:Coculture:F11:SN-38,10.17632/fypp6xhkjy.1
3220,O14,Coculture,F11,SN-38,0.1,0.1,nM,1,False,130127,,False,True,O14:Coculture:F11:SN-38,10.17632/fypp6xhkjy.1
3221,O14,Coculture,F11,SN-38,0.1,0.1,nM,2,False,135757,,False,True,O14:Coculture:F11:SN-38,10.17632/fypp6xhkjy.1
3222,O14,Coculture,F11,SN-38,0.1,0.1,nM,3,False,171431,,False,True,O14:Coculture:F11:SN-38,10.17632/fypp6xhkjy.1
3223,O14,Coculture,F11,SN-38,0.2,0.2,nM,1,False,100113,,False,True,O14:Coculture:F11:SN-38,10.17632/fypp6xhkjy.1
3224,O14,Coculture,F11,SN-38,0.2,0.2,nM,2,False,124084,,False,True,O14:Coculture:F11:SN-38,10.17632/fypp6xhkjy.1
3225,O14,Coculture,F11,SN-38,0.2,0.2,nM,3,False,110186,,False,True,O14:Coculture:F11:SN-38,10.17632/fypp6xhkjy.1
3226,O14,Coculture,F11,SN-38,0.4,0.4,nM,1,False,122510,,False,True,O14:Coculture:F11:SN-38,10.17632/fypp6xhkjy.1
3227,O14,Coculture,F11,SN-38,0.4,0.4,nM,2,False,135244,,False,True,O14:Coculture:F11:SN-38,10.17632/fypp6xhkjy.1
3228,O14,Coculture,F11,SN-38,0.4,0.4,nM,3,False,132366,,False,True,O14:Coculture:F11:SN-38,10.17632/fypp6xhkjy.1
3229,O14,Coculture,F11,SN-38,0.7,0.7,nM,1,False,82132,,False,True,O14:Coculture:F11:SN-38,10.17632/fypp6xhkjy.1
3230,O14,Coculture,F11,SN-38,0.7,0.7,nM,2,False,77218,,False,True,O14:Coculture:F11:SN-38,10.17632/fypp6xhkjy.1
3231,O14,Coculture,F11,SN-38,0.7,0.7,nM,3,False,101221,,False,True,O14:Coculture:F11:SN-38,10.17632/fypp6xhkjy.1
3232,O14,Coculture,F11,SN-38,1.4,1.4,nM,1,False,60522,,False,True,O14:Coculture:F11:SN-38,10.17632/fypp6xhkjy.1
3233,O14,Coculture,F11,SN-38,1.4,1.4,nM,2,False,81260,,False,True,O14:Coculture:F11:SN-38,10.17632/fypp6xhkjy.1
3234,O14,Coculture,F11,SN-38,1.4,1.4,nM,3,False,85486,,False,True,O14:Coculture:F11:SN-38,10.17632/fypp6xhkjy.1
3235,O14,Coculture,F11,SN-38,2.6,2.6,nM,1,False,26501,,False,True,O14:Coculture:F11:SN-38,10.17632/fypp6xhkjy.1
3236,O14,Coculture,F11,SN-38,2.6,2.6,nM,2,False,21855,,False,True,O14:Coculture:F11:SN-38,10.17632/fypp6xhkjy.1
3237,O14,Coculture,F11,SN-38,2.6,2.6,nM,3,False,21573,,False,True,O14:Coculture:F11:SN-38,10.17632/fypp6xhkjy.1
3238,O14,Coculture,F11,SN-38,5.0,5.0,nM,1,False,7104,,False,True,O14:Coculture:F11:SN-38,10.17632/fypp6xhkjy.1
3239,O14,Coculture,F11,SN-38,5.0,5.0,nM,2,False,3987,,False,True,O14:Coculture:F11:SN-38,10.17632/fypp6xhkjy.1
3240,O14,Coculture,F11,SN-38,5.0,5.0,nM,3,False,4577,,False,True,O14:Coculture:F11:SN-38,10.17632/fypp6xhkjy.1
3241,O14,Coculture,F11,Gef,DMSO,0.0,uM,1,True,109566,,False,True,O14:Coculture:F11:Gef,10.17632/fypp6xhkjy.1
3242,O14,Coculture,F11,Gef,DMSO,0.0,uM,2,True,120787,,False,True,O14:Coculture:F11:Gef,10.17632/fypp6xhkjy.1
3243,O14,Coculture,F11,Gef,DMSO,0.0,uM,3,True,135517,,False,True,O14:Coculture:F11:Gef,10.17632/fypp6xhkjy.1
3244,O14,Coculture,F11,Gef,0.01,0.01,uM,1,False,131391,,False,True,O14:Coculture:F11:Gef,10.17632/fypp6xhkjy.1
3245,O14,Coculture,F11,Gef,0.01,0.01,uM,2,False,27703,seeding not uniform,False,False,O14:Coculture:F11:Gef,10.17632/fypp6xhkjy.1
3246,O14,Coculture,F11,Gef,0.01,0.01,uM,3,False,92140,,False,True,O14:Coculture:F11:Gef,10.17632/fypp6xhkjy.1
3247,O14,Coculture,F11,Gef,0.04,0.04,uM,1,False,85713,,False,True,O14:Coculture:F11:Gef,10.17632/fypp6xhkjy.1
3248,O14,Coculture,F11,Gef,0.04,0.04,uM,2,False,118204,,False,True,O14:Coculture:F11:Gef,10.17632/fypp6xhkjy.1
3249,O14,Coculture,F11,Gef,0.04,0.04,uM,3,False,119969,,False,True,O14:Coculture:F11:Gef,10.17632/fypp6xhkjy.1
3250,O14,Coculture,F11,Gef,0.1,0.1,uM,1,False,115928,,False,True,O14:Coculture:F11:Gef,10.17632/fypp6xhkjy.1
3251,O14,Coculture,F11,Gef,0.1,0.1,uM,2,False,123389,,False,True,O14:Coculture:F11:Gef,10.17632/fypp6xhkjy.1
3252,O14,Coculture,F11,Gef,0.1,0.1,uM,3,False,110797,,False,True,O14:Coculture:F11:Gef,10.17632/fypp6xhkjy.1
3253,O14,Coculture,F11,Gef,0.4,0.4,uM,1,False,130759,,False,True,O14:Coculture:F11:Gef,10.17632/fypp6xhkjy.1
3254,O14,Coculture,F11,Gef,0.4,0.4,uM,2,False,89964,,False,True,O14:Coculture:F11:Gef,10.17632/fypp6xhkjy.1
3255,O14,Coculture,F11,Gef,0.4,0.4,uM,3,False,160498,,False,True,O14:Coculture:F11:Gef,10.17632/fypp6xhkjy.1
3256,O14,Coculture,F11,Gef,1.1,1.1,uM,1,False,122197,,False,True,O14:Coculture:F11:Gef,10.17632/fypp6xhkjy.1
3257,O14,Coculture,F11,Gef,1.1,1.1,uM,2,False,9375,cells lost,False,False,O14:Coculture:F11:Gef,10.17632/fypp6xhkjy.1
3258,O14,Coculture,F11,Gef,1.1,1.1,uM,3,False,112575,,False,True,O14:Coculture:F11:Gef,10.17632/fypp6xhkjy.1
3259,O14,Coculture,F11,Gef,3.3,3.3,uM,1,False,31974,,False,True,O14:Coculture:F11:Gef,10.17632/fypp6xhkjy.1
3260,O14,Coculture,F11,Gef,3.3,3.3,uM,2,False,35584,,False,True,O14:Coculture:F11:Gef,10.17632/fypp6xhkjy.1
3261,O14,Coculture,F11,Gef,3.3,3.3,uM,3,False,32069,,False,True,O14:Coculture:F11:Gef,10.17632/fypp6xhkjy.1
3262,O14,Coculture,F11,Gef,10.0,10.0,uM,1,False,47039,,False,True,O14:Coculture:F11:Gef,10.17632/fypp6xhkjy.1
3263,O14,Coculture,F11,Gef,10.0,10.0,uM,2,False,5884,,False,True,O14:Coculture:F11:Gef,10.17632/fypp6xhkjy.1
3264,O14,Coculture,F11,Gef,10.0,10.0,uM,3,False,37144,,False,True,O14:Coculture:F11:Gef,10.17632/fypp6xhkjy.1
3265,O14,Coculture,F06,5-FU,DMSO,0.0,uM,1,True,119287,,False,True,O14:Coculture:F06:5-FU,10.17632/fypp6xhkjy.1
3266,O14,Coculture,F06,5-FU,DMSO,0.0,uM,2,True,109512,,False,True,O14:Coculture:F06:5-FU,10.17632/fypp6xhkjy.1
3267,O14,Coculture,F06,5-FU,DMSO,0.0,uM,3,True,115671,,False,True,O14:Coculture:F06:5-FU,10.17632/fypp6xhkjy.1
3268,O14,Coculture,F06,5-FU,0.5,0.5,uM,1,False,59327,,False,True,O14:Coculture:F06:5-FU,10.17632/fypp6xhkjy.1
3269,O14,Coculture,F06,5-FU,0.5,0.5,uM,2,False,82380,,False,True,O14:Coculture:F06:5-FU,10.17632/fypp6xhkjy.1
3270,O14,Coculture,F06,5-FU,0.5,0.5,uM,3,False,80403,,False,True,O14:Coculture:F06:5-FU,10.17632/fypp6xhkjy.1
3271,O14,Coculture,F06,5-FU,1.1,1.1,uM,1,False,56733,,False,True,O14:Coculture:F06:5-FU,10.17632/fypp6xhkjy.1
3272,O14,Coculture,F06,5-FU,1.1,1.1,uM,2,False,51118,,False,True,O14:Coculture:F06:5-FU,10.17632/fypp6xhkjy.1
3273,O14,Coculture,F06,5-FU,1.1,1.1,uM,3,False,53341,,False,True,O14:Coculture:F06:5-FU,10.17632/fypp6xhkjy.1
3274,O14,Coculture,F06,5-FU,2.5,2.5,uM,1,False,49580,,False,True,O14:Coculture:F06:5-FU,10.17632/fypp6xhkjy.1
3275,O14,Coculture,F06,5-FU,2.5,2.5,uM,2,False,50128,,False,True,O14:Coculture:F06:5-FU,10.17632/fypp6xhkjy.1
3276,O14,Coculture,F06,5-FU,2.5,2.5,uM,3,False,57057,,False,True,O14:Coculture:F06:5-FU,10.17632/fypp6xhkjy.1
3277,O14,Coculture,F06,5-FU,5.5,5.5,uM,1,False,50204,,False,True,O14:Coculture:F06:5-FU,10.17632/fypp6xhkjy.1
3278,O14,Coculture,F06,5-FU,5.5,5.5,uM,2,False,2948,cells lost,False,False,O14:Coculture:F06:5-FU,10.17632/fypp6xhkjy.1
3279,O14,Coculture,F06,5-FU,5.5,5.5,uM,3,False,58514,,False,True,O14:Coculture:F06:5-FU,10.17632/fypp6xhkjy.1
3280,O14,Coculture,F06,5-FU,12.2,12.2,uM,1,False,70369,,False,True,O14:Coculture:F06:5-FU,10.17632/fypp6xhkjy.1
3281,O14,Coculture,F06,5-FU,12.2,12.2,uM,2,False,47013,,False,True,O14:Coculture:F06:5-FU,10.17632/fypp6xhkjy.1
3282,O14,Coculture,F06,5-FU,12.2,12.2,uM,3,False,58844,,False,True,O14:Coculture:F06:5-FU,10.17632/fypp6xhkjy.1
3283,O14,Coculture,F06,5-FU,27.0,27.0,uM,1,False,43679,,False,True,O14:Coculture:F06:5-FU,10.17632/fypp6xhkjy.1
3284,O14,Coculture,F06,5-FU,27.0,27.0,uM,2,False,38808,,False,True,O14:Coculture:F06:5-FU,10.17632/fypp6xhkjy.1
3285,O14,Coculture,F06,5-FU,27.0,27.0,uM,3,False,43168,,False,True,O14:Coculture:F06:5-FU,10.17632/fypp6xhkjy.1
3286,O14,Coculture,F06,5-FU,60.0,60.0,uM,1,False,38674,,False,True,O14:Coculture:F06:5-FU,10.17632/fypp6xhkjy.1
3287,O14,Coculture,F06,5-FU,60.0,60.0,uM,2,False,38669,,False,True,O14:Coculture:F06:5-FU,10.17632/fypp6xhkjy.1
3288,O14,Coculture,F06,5-FU,60.0,60.0,uM,3,False,34593,,False,True,O14:Coculture:F06:5-FU,10.17632/fypp6xhkjy.1
3289,O14,Coculture,F06,Oxa,DMSO,0.0,uM,1,True,88131,,False,True,O14:Coculture:F06:Oxa,10.17632/fypp6xhkjy.1
3290,O14,Coculture,F06,Oxa,DMSO,0.0,uM,2,True,97178,,False,True,O14:Coculture:F06:Oxa,10.17632/fypp6xhkjy.1
3291,O14,Coculture,F06,Oxa,DMSO,0.0,uM,3,True,101591,,False,True,O14:Coculture:F06:Oxa,10.17632/fypp6xhkjy.1
3292,O14,Coculture,F06,Oxa,0.5,0.5,uM,1,False,103000,,False,True,O14:Coculture:F06:Oxa,10.17632/fypp6xhkjy.1
3293,O14,Coculture,F06,Oxa,0.5,0.5,uM,2,False,95824,,False,True,O14:Coculture:F06:Oxa,10.17632/fypp6xhkjy.1
3294,O14,Coculture,F06,Oxa,0.5,0.5,uM,3,False,112395,,False,True,O14:Coculture:F06:Oxa,10.17632/fypp6xhkjy.1
3295,O14,Coculture,F06,Oxa,1.1,1.1,uM,1,False,76839,,False,True,O14:Coculture:F06:Oxa,10.17632/fypp6xhkjy.1
3296,O14,Coculture,F06,Oxa,1.1,1.1,uM,2,False,94436,,False,True,O14:Coculture:F06:Oxa,10.17632/fypp6xhkjy.1
3297,O14,Coculture,F06,Oxa,1.1,1.1,uM,3,False,95660,,False,True,O14:Coculture:F06:Oxa,10.17632/fypp6xhkjy.1
3298,O14,Coculture,F06,Oxa,2.5,2.5,uM,1,False,72065,,False,True,O14:Coculture:F06:Oxa,10.17632/fypp6xhkjy.1
3299,O14,Coculture,F06,Oxa,2.5,2.5,uM,2,False,69017,,False,True,O14:Coculture:F06:Oxa,10.17632/fypp6xhkjy.1
3300,O14,Coculture,F06,Oxa,2.5,2.5,uM,3,False,79763,,False,True,O14:Coculture:F06:Oxa,10.17632/fypp6xhkjy.1
3301,O14,Coculture,F06,Oxa,5.5,5.5,uM,1,False,42259,,False,True,O14:Coculture:F06:Oxa,10.17632/fypp6xhkjy.1
3302,O14,Coculture,F06,Oxa,5.5,5.5,uM,2,False,44493,,False,True,O14:Coculture:F06:Oxa,10.17632/fypp6xhkjy.1
3303,O14,Coculture,F06,Oxa,5.5,5.5,uM,3,False,39556,,False,True,O14:Coculture:F06:Oxa,10.17632/fypp6xhkjy.1
3304,O14,Coculture,F06,Oxa,12.2,12.2,uM,1,False,21777,,False,True,O14:Coculture:F06:Oxa,10.17632/fypp6xhkjy.1
3305,O14,Coculture,F06,Oxa,12.2,12.2,uM,2,False,20739,,False,True,O14:Coculture:F06:Oxa,10.17632/fypp6xhkjy.1
3306,O14,Coculture,F06,Oxa,12.2,12.2,uM,3,False,21392,,False,True,O14:Coculture:F06:Oxa,10.17632/fypp6xhkjy.1
3307,O14,Coculture,F06,Oxa,27.0,27.0,uM,1,False,16820,,False,True,O14:Coculture:F06:Oxa,10.17632/fypp6xhkjy.1
3308,O14,Coculture,F06,Oxa,27.0,27.0,uM,2,False,25482,,False,True,O14:Coculture:F06:Oxa,10.17632/fypp6xhkjy.1
3309,O14,Coculture,F06,Oxa,27.0,27.0,uM,3,False,23708,,False,True,O14:Coculture:F06:Oxa,10.17632/fypp6xhkjy.1
3310,O14,Coculture,F06,Oxa,60.0,60.0,uM,1,False,17165,,False,True,O14:Coculture:F06:Oxa,10.17632/fypp6xhkjy.1
3311,O14,Coculture,F06,Oxa,60.0,60.0,uM,2,False,21473,,False,True,O14:Coculture:F06:Oxa,10.17632/fypp6xhkjy.1
3312,O14,Coculture,F06,Oxa,60.0,60.0,uM,3,False,22741,,False,True,O14:Coculture:F06:Oxa,10.17632/fypp6xhkjy.1
3313,O14,Coculture,F06,SN-38,DMSO,0.0,nM,1,True,151301,,False,True,O14:Coculture:F06:SN-38,10.17632/fypp6xhkjy.1
3314,O14,Coculture,F06,SN-38,DMSO,0.0,nM,2,True,123923,,False,True,O14:Coculture:F06:SN-38,10.17632/fypp6xhkjy.1
3315,O14,Coculture,F06,SN-38,DMSO,0.0,nM,3,True,113334,,False,True,O14:Coculture:F06:SN-38,10.17632/fypp6xhkjy.1
3316,O14,Coculture,F06,SN-38,0.1,0.1,nM,1,False,109996,,False,True,O14:Coculture:F06:SN-38,10.17632/fypp6xhkjy.1
3317,O14,Coculture,F06,SN-38,0.1,0.1,nM,2,False,80846,,False,True,O14:Coculture:F06:SN-38,10.17632/fypp6xhkjy.1
3318,O14,Coculture,F06,SN-38,0.1,0.1,nM,3,False,89898,,False,True,O14:Coculture:F06:SN-38,10.17632/fypp6xhkjy.1
3319,O14,Coculture,F06,SN-38,0.2,0.2,nM,1,False,94895,,False,True,O14:Coculture:F06:SN-38,10.17632/fypp6xhkjy.1
3320,O14,Coculture,F06,SN-38,0.2,0.2,nM,2,False,80142,,False,True,O14:Coculture:F06:SN-38,10.17632/fypp6xhkjy.1
3321,O14,Coculture,F06,SN-38,0.2,0.2,nM,3,False,107174,,False,True,O14:Coculture:F06:SN-38,10.17632/fypp6xhkjy.1
3322,O14,Coculture,F06,SN-38,0.4,0.4,nM,1,False,104702,,False,True,O14:Coculture:F06:SN-38,10.17632/fypp6xhkjy.1
3323,O14,Coculture,F06,SN-38,0.4,0.4,nM,2,False,83986,,False,True,O14:Coculture:F06:SN-38,10.17632/fypp6xhkjy.1
3324,O14,Coculture,F06,SN-38,0.4,0.4,nM,3,False,96653,,False,True,O14:Coculture:F06:SN-38,10.17632/fypp6xhkjy.1
3325,O14,Coculture,F06,SN-38,0.7,0.7,nM,1,False,105304,,False,True,O14:Coculture:F06:SN-38,10.17632/fypp6xhkjy.1
3326,O14,Coculture,F06,SN-38,0.7,0.7,nM,2,False,98232,,False,True,O14:Coculture:F06:SN-38,10.17632/fypp6xhkjy.1
3327,O14,Coculture,F06,SN-38,0.7,0.7,nM,3,False,93437,,False,True,O14:Coculture:F06:SN-38,10.17632/fypp6xhkjy.1
3328,O14,Coculture,F06,SN-38,1.4,1.4,nM,1,False,49576,,False,True,O14:Coculture:F06:SN-38,10.17632/fypp6xhkjy.1
3329,O14,Coculture,F06,SN-38,1.4,1.4,nM,2,False,36030,,False,True,O14:Coculture:F06:SN-38,10.17632/fypp6xhkjy.1
3330,O14,Coculture,F06,SN-38,1.4,1.4,nM,3,False,50126,,False,True,O14:Coculture:F06:SN-38,10.17632/fypp6xhkjy.1
3331,O14,Coculture,F06,SN-38,2.6,2.6,nM,1,False,24592,,False,True,O14:Coculture:F06:SN-38,10.17632/fypp6xhkjy.1
3332,O14,Coculture,F06,SN-38,2.6,2.6,nM,2,False,21853,,False,True,O14:Coculture:F06:SN-38,10.17632/fypp6xhkjy.1
3333,O14,Coculture,F06,SN-38,2.6,2.6,nM,3,False,27604,,False,True,O14:Coculture:F06:SN-38,10.17632/fypp6xhkjy.1
3334,O14,Coculture,F06,SN-38,5.0,5.0,nM,1,False,5451,,False,True,O14:Coculture:F06:SN-38,10.17632/fypp6xhkjy.1
3335,O14,Coculture,F06,SN-38,5.0,5.0,nM,2,False,4817,,False,True,O14:Coculture:F06:SN-38,10.17632/fypp6xhkjy.1
3336,O14,Coculture,F06,SN-38,5.0,5.0,nM,3,False,4242,,False,True,O14:Coculture:F06:SN-38,10.17632/fypp6xhkjy.1
3337,O14,Coculture,F06,Gef,DMSO,0.0,uM,1,True,94806,,False,True,O14:Coculture:F06:Gef,10.17632/fypp6xhkjy.1
3338,O14,Coculture,F06,Gef,DMSO,0.0,uM,2,True,135877,,False,True,O14:Coculture:F06:Gef,10.17632/fypp6xhkjy.1
3339,O14,Coculture,F06,Gef,DMSO,0.0,uM,3,True,97611,,False,True,O14:Coculture:F06:Gef,10.17632/fypp6xhkjy.1
3340,O14,Coculture,F06,Gef,0.01,0.01,uM,1,False,98423,,False,True,O14:Coculture:F06:Gef,10.17632/fypp6xhkjy.1
3341,O14,Coculture,F06,Gef,0.01,0.01,uM,2,False,93292,,False,True,O14:Coculture:F06:Gef,10.17632/fypp6xhkjy.1
3342,O14,Coculture,F06,Gef,0.01,0.01,uM,3,False,100746,,False,True,O14:Coculture:F06:Gef,10.17632/fypp6xhkjy.1
3343,O14,Coculture,F06,Gef,0.04,0.04,uM,1,False,122102,,False,True,O14:Coculture:F06:Gef,10.17632/fypp6xhkjy.1
3344,O14,Coculture,F06,Gef,0.04,0.04,uM,2,False,110385,,False,True,O14:Coculture:F06:Gef,10.17632/fypp6xhkjy.1
3345,O14,Coculture,F06,Gef,0.04,0.04,uM,3,False,76216,,False,True,O14:Coculture:F06:Gef,10.17632/fypp6xhkjy.1
3346,O14,Coculture,F06,Gef,0.1,0.1,uM,1,False,103291,,False,True,O14:Coculture:F06:Gef,10.17632/fypp6xhkjy.1
3347,O14,Coculture,F06,Gef,0.1,0.1,uM,2,False,87843,,False,True,O14:Coculture:F06:Gef,10.17632/fypp6xhkjy.1
3348,O14,Coculture,F06,Gef,0.1,0.1,uM,3,False,96226,,False,True,O14:Coculture:F06:Gef,10.17632/fypp6xhkjy.1
3349,O14,Coculture,F06,Gef,0.4,0.4,uM,1,False,102802,,False,True,O14:Coculture:F06:Gef,10.17632/fypp6xhkjy.1
3350,O14,Coculture,F06,Gef,0.4,0.4,uM,2,False,95686,,False,True,O14:Coculture:F06:Gef,10.17632/fypp6xhkjy.1
3351,O14,Coculture,F06,Gef,0.4,0.4,uM,3,False,122342,,False,True,O14:Coculture:F06:Gef,10.17632/fypp6xhkjy.1
3352,O14,Coculture,F06,Gef,1.1,1.1,uM,1,False,87725,,False,True,O14:Coculture:F06:Gef,10.17632/fypp6xhkjy.1
3353,O14,Coculture,F06,Gef,1.1,1.1,uM,2,False,85910,,False,True,O14:Coculture:F06:Gef,10.17632/fypp6xhkjy.1
3354,O14,Coculture,F06,Gef,1.1,1.1,uM,3,False,79488,,False,True,O14:Coculture:F06:Gef,10.17632/fypp6xhkjy.1
3355,O14,Coculture,F06,Gef,3.3,3.3,uM,1,False,63076,,False,True,O14:Coculture:F06:Gef,10.17632/fypp6xhkjy.1
3356,O14,Coculture,F06,Gef,3.3,3.3,uM,2,False,51246,,False,True,O14:Coculture:F06:Gef,10.17632/fypp6xhkjy.1
3357,O14,Coculture,F06,Gef,3.3,3.3,uM,3,False,38271,,False,True,O14:Coculture:F06:Gef,10.17632/fypp6xhkjy.1
3358,O14,Coculture,F06,Gef,10.0,10.0,uM,1,False,38463,,False,True,O14:Coculture:F06:Gef,10.17632/fypp6xhkjy.1
3359,O14,Coculture,F06,Gef,10.0,10.0,uM,2,False,45286,,False,True,O14:Coculture:F06:Gef,10.17632/fypp6xhkjy.1
3360,O14,Coculture,F06,Gef,10.0,10.0,uM,3,False,35803,,False,True,O14:Coculture:F06:Gef,10.17632/fypp6xhkjy.1
3361,O15,Monoculture,,5-FU,DMSO,0.0,uM,1,True,1713,,False,True,O15:Monoculture::5-FU,10.17632/fypp6xhkjy.1
3362,O15,Monoculture,,5-FU,DMSO,0.0,uM,2,True,3676,,False,True,O15:Monoculture::5-FU,10.17632/fypp6xhkjy.1
3363,O15,Monoculture,,5-FU,DMSO,0.0,uM,3,True,1761,,False,True,O15:Monoculture::5-FU,10.17632/fypp6xhkjy.1
3364,O15,Monoculture,,5-FU,0.5,0.5,uM,1,False,3598,,False,True,O15:Monoculture::5-FU,10.17632/fypp6xhkjy.1
3365,O15,Monoculture,,5-FU,0.5,0.5,uM,2,False,2704,,False,True,O15:Monoculture::5-FU,10.17632/fypp6xhkjy.1
3366,O15,Monoculture,,5-FU,0.5,0.5,uM,3,False,3676,,False,True,O15:Monoculture::5-FU,10.17632/fypp6xhkjy.1
3367,O15,Monoculture,,5-FU,1.1,1.1,uM,1,False,2234,,False,True,O15:Monoculture::5-FU,10.17632/fypp6xhkjy.1
3368,O15,Monoculture,,5-FU,1.1,1.1,uM,2,False,2651,,False,True,O15:Monoculture::5-FU,10.17632/fypp6xhkjy.1
3369,O15,Monoculture,,5-FU,1.1,1.1,uM,3,False,2362,,False,True,O15:Monoculture::5-FU,10.17632/fypp6xhkjy.1
3370,O15,Monoculture,,5-FU,2.5,2.5,uM,1,False,2790,,False,True,O15:Monoculture::5-FU,10.17632/fypp6xhkjy.1
3371,O15,Monoculture,,5-FU,2.5,2.5,uM,2,False,1822,,False,True,O15:Monoculture::5-FU,10.17632/fypp6xhkjy.1
3372,O15,Monoculture,,5-FU,2.5,2.5,uM,3,False,2584,,False,True,O15:Monoculture::5-FU,10.17632/fypp6xhkjy.1
3373,O15,Monoculture,,5-FU,5.5,5.5,uM,1,False,830,,False,True,O15:Monoculture::5-FU,10.17632/fypp6xhkjy.1
3374,O15,Monoculture,,5-FU,5.5,5.5,uM,2,False,657,,False,True,O15:Monoculture::5-FU,10.17632/fypp6xhkjy.1
3375,O15,Monoculture,,5-FU,5.5,5.5,uM,3,False,889,,False,True,O15:Monoculture::5-FU,10.17632/fypp6xhkjy.1
3376,O15,Monoculture,,5-FU,12.2,12.2,uM,1,False,801,,False,True,O15:Monoculture::5-FU,10.17632/fypp6xhkjy.1
3377,O15,Monoculture,,5-FU,12.2,12.2,uM,2,False,982,,False,True,O15:Monoculture::5-FU,10.17632/fypp6xhkjy.1
3378,O15,Monoculture,,5-FU,12.2,12.2,uM,3,False,535,,False,True,O15:Monoculture::5-FU,10.17632/fypp6xhkjy.1
3379,O15,Monoculture,,5-FU,27.0,27.0,uM,1,False,862,,False,True,O15:Monoculture::5-FU,10.17632/fypp6xhkjy.1
3380,O15,Monoculture,,5-FU,27.0,27.0,uM,2,False,840,,False,True,O15:Monoculture::5-FU,10.17632/fypp6xhkjy.1
3381,O15,Monoculture,,5-FU,27.0,27.0,uM,3,False,903,,False,True,O15:Monoculture::5-FU,10.17632/fypp6xhkjy.1
3382,O15,Monoculture,,5-FU,60.0,60.0,uM,1,False,1480,,False,True,O15:Monoculture::5-FU,10.17632/fypp6xhkjy.1
3383,O15,Monoculture,,5-FU,60.0,60.0,uM,2,False,1461,,False,True,O15:Monoculture::5-FU,10.17632/fypp6xhkjy.1
3384,O15,Monoculture,,5-FU,60.0,60.0,uM,3,False,951,,False,True,O15:Monoculture::5-FU,10.17632/fypp6xhkjy.1
3385,O15,Monoculture,,Oxa,DMSO,0.0,uM,1,True,2557,,False,True,O15:Monoculture::Oxa,10.17632/fypp6xhkjy.1
3386,O15,Monoculture,,Oxa,DMSO,0.0,uM,2,True,2310,,False,True,O15:Monoculture::Oxa,10.17632/fypp6xhkjy.1
3387,O15,Monoculture,,Oxa,DMSO,0.0,uM,3,True,4401,,False,True,O15:Monoculture::Oxa,10.17632/fypp6xhkjy.1
3388,O15,Monoculture,,Oxa,0.5,0.5,uM,1,False,3501,,False,True,O15:Monoculture::Oxa,10.17632/fypp6xhkjy.1
3389,O15,Monoculture,,Oxa,0.5,0.5,uM,2,False,3397,,False,True,O15:Monoculture::Oxa,10.17632/fypp6xhkjy.1
3390,O15,Monoculture,,Oxa,0.5,0.5,uM,3,False,2577,,False,True,O15:Monoculture::Oxa,10.17632/fypp6xhkjy.1
3391,O15,Monoculture,,Oxa,1.1,1.1,uM,1,False,1577,,False,True,O15:Monoculture::Oxa,10.17632/fypp6xhkjy.1
3392,O15,Monoculture,,Oxa,1.1,1.1,uM,2,False,2238,,False,True,O15:Monoculture::Oxa,10.17632/fypp6xhkjy.1
3393,O15,Monoculture,,Oxa,1.1,1.1,uM,3,False,1757,,False,True,O15:Monoculture::Oxa,10.17632/fypp6xhkjy.1
3394,O15,Monoculture,,Oxa,2.5,2.5,uM,1,False,1408,,False,True,O15:Monoculture::Oxa,10.17632/fypp6xhkjy.1
3395,O15,Monoculture,,Oxa,2.5,2.5,uM,2,False,2355,,False,True,O15:Monoculture::Oxa,10.17632/fypp6xhkjy.1
3396,O15,Monoculture,,Oxa,2.5,2.5,uM,3,False,2562,,False,True,O15:Monoculture::Oxa,10.17632/fypp6xhkjy.1
3397,O15,Monoculture,,Oxa,5.5,5.5,uM,1,False,744,,False,True,O15:Monoculture::Oxa,10.17632/fypp6xhkjy.1
3398,O15,Monoculture,,Oxa,5.5,5.5,uM,2,False,827,,False,True,O15:Monoculture::Oxa,10.17632/fypp6xhkjy.1
3399,O15,Monoculture,,Oxa,5.5,5.5,uM,3,False,835,,False,True,O15:Monoculture::Oxa,10.17632/fypp6xhkjy.1
3400,O15,Monoculture,,Oxa,12.2,12.2,uM,1,False,624,,False,True,O15:Monoculture::Oxa,10.17632/fypp6xhkjy.1
3401,O15,Monoculture,,Oxa,12.2,12.2,uM,2,False,706,,False,True,O15:Monoculture::Oxa,10.17632/fypp6xhkjy.1
3402,O15,Monoculture,,Oxa,12.2,12.2,uM,3,False,699,,False,True,O15:Monoculture::Oxa,10.17632/fypp6xhkjy.1
3403,O15,Monoculture,,Oxa,27.0,27.0,uM,1,False,531,,False,True,O15:Monoculture::Oxa,10.17632/fypp6xhkjy.1
3404,O15,Monoculture,,Oxa,27.0,27.0,uM,2,False,621,,False,True,O15:Monoculture::Oxa,10.17632/fypp6xhkjy.1
3405,O15,Monoculture,,Oxa,27.0,27.0,uM,3,False,760,,False,True,O15:Monoculture::Oxa,10.17632/fypp6xhkjy.1
3406,O15,Monoculture,,Oxa,60.0,60.0,uM,1,False,929,,False,True,O15:Monoculture::Oxa,10.17632/fypp6xhkjy.1
3407,O15,Monoculture,,Oxa,60.0,60.0,uM,2,False,586,,False,True,O15:Monoculture::Oxa,10.17632/fypp6xhkjy.1
3408,O15,Monoculture,,Oxa,60.0,60.0,uM,3,False,1089,,False,True,O15:Monoculture::Oxa,10.17632/fypp6xhkjy.1
3409,O15,Monoculture,,SN-38,DMSO,0.0,nM,1,True,3045,,False,True,O15:Monoculture::SN-38,10.17632/fypp6xhkjy.1
3410,O15,Monoculture,,SN-38,DMSO,0.0,nM,2,True,4749,,False,True,O15:Monoculture::SN-38,10.17632/fypp6xhkjy.1
3411,O15,Monoculture,,SN-38,DMSO,0.0,nM,3,True,3416,,False,True,O15:Monoculture::SN-38,10.17632/fypp6xhkjy.1
3412,O15,Monoculture,,SN-38,0.1,0.1,nM,1,False,3105,,False,True,O15:Monoculture::SN-38,10.17632/fypp6xhkjy.1
3413,O15,Monoculture,,SN-38,0.1,0.1,nM,2,False,2231,,False,True,O15:Monoculture::SN-38,10.17632/fypp6xhkjy.1
3414,O15,Monoculture,,SN-38,0.1,0.1,nM,3,False,4319,,False,True,O15:Monoculture::SN-38,10.17632/fypp6xhkjy.1
3415,O15,Monoculture,,SN-38,0.2,0.2,nM,1,False,2365,,False,True,O15:Monoculture::SN-38,10.17632/fypp6xhkjy.1
3416,O15,Monoculture,,SN-38,0.2,0.2,nM,2,False,3515,,False,True,O15:Monoculture::SN-38,10.17632/fypp6xhkjy.1
3417,O15,Monoculture,,SN-38,0.2,0.2,nM,3,False,2975,,False,True,O15:Monoculture::SN-38,10.17632/fypp6xhkjy.1
3418,O15,Monoculture,,SN-38,0.4,0.4,nM,1,False,2413,,False,True,O15:Monoculture::SN-38,10.17632/fypp6xhkjy.1
3419,O15,Monoculture,,SN-38,0.4,0.4,nM,2,False,2313,,False,True,O15:Monoculture::SN-38,10.17632/fypp6xhkjy.1
3420,O15,Monoculture,,SN-38,0.4,0.4,nM,3,False,2469,,False,True,O15:Monoculture::SN-38,10.17632/fypp6xhkjy.1
3421,O15,Monoculture,,SN-38,0.7,0.7,nM,1,False,2159,,False,True,O15:Monoculture::SN-38,10.17632/fypp6xhkjy.1
3422,O15,Monoculture,,SN-38,0.7,0.7,nM,2,False,2005,,False,True,O15:Monoculture::SN-38,10.17632/fypp6xhkjy.1
3423,O15,Monoculture,,SN-38,0.7,0.7,nM,3,False,2732,,False,True,O15:Monoculture::SN-38,10.17632/fypp6xhkjy.1
3424,O15,Monoculture,,SN-38,1.4,1.4,nM,1,False,1224,,False,True,O15:Monoculture::SN-38,10.17632/fypp6xhkjy.1
3425,O15,Monoculture,,SN-38,1.4,1.4,nM,2,False,1260,,False,True,O15:Monoculture::SN-38,10.17632/fypp6xhkjy.1
3426,O15,Monoculture,,SN-38,1.4,1.4,nM,3,False,1842,,False,True,O15:Monoculture::SN-38,10.17632/fypp6xhkjy.1
3427,O15,Monoculture,,SN-38,2.6,2.6,nM,1,False,569,,False,True,O15:Monoculture::SN-38,10.17632/fypp6xhkjy.1
3428,O15,Monoculture,,SN-38,2.6,2.6,nM,2,False,479,,False,True,O15:Monoculture::SN-38,10.17632/fypp6xhkjy.1
3429,O15,Monoculture,,SN-38,2.6,2.6,nM,3,False,500,,False,True,O15:Monoculture::SN-38,10.17632/fypp6xhkjy.1
3430,O15,Monoculture,,SN-38,5.0,5.0,nM,1,False,272,,False,True,O15:Monoculture::SN-38,10.17632/fypp6xhkjy.1
3431,O15,Monoculture,,SN-38,5.0,5.0,nM,2,False,252,,False,True,O15:Monoculture::SN-38,10.17632/fypp6xhkjy.1
3432,O15,Monoculture,,SN-38,5.0,5.0,nM,3,False,220,,False,True,O15:Monoculture::SN-38,10.17632/fypp6xhkjy.1
3433,O15,Monoculture,,Gef,DMSO,0.0,uM,1,True,3710,,False,True,O15:Monoculture::Gef,10.17632/fypp6xhkjy.1
3434,O15,Monoculture,,Gef,DMSO,0.0,uM,2,True,2431,,False,True,O15:Monoculture::Gef,10.17632/fypp6xhkjy.1
3435,O15,Monoculture,,Gef,DMSO,0.0,uM,3,True,2677,,False,True,O15:Monoculture::Gef,10.17632/fypp6xhkjy.1
3436,O15,Monoculture,,Gef,0.01,0.01,uM,1,False,2332,,False,True,O15:Monoculture::Gef,10.17632/fypp6xhkjy.1
3437,O15,Monoculture,,Gef,0.01,0.01,uM,2,False,5127,,False,True,O15:Monoculture::Gef,10.17632/fypp6xhkjy.1
3438,O15,Monoculture,,Gef,0.01,0.01,uM,3,False,3814,,False,True,O15:Monoculture::Gef,10.17632/fypp6xhkjy.1
3439,O15,Monoculture,,Gef,0.04,0.04,uM,1,False,3496,,False,True,O15:Monoculture::Gef,10.17632/fypp6xhkjy.1
3440,O15,Monoculture,,Gef,0.04,0.04,uM,2,False,3168,,False,True,O15:Monoculture::Gef,10.17632/fypp6xhkjy.1
3441,O15,Monoculture,,Gef,0.04,0.04,uM,3,False,2592,,False,True,O15:Monoculture::Gef,10.17632/fypp6xhkjy.1
3442,O15,Monoculture,,Gef,0.1,0.1,uM,1,False,3290,,False,True,O15:Monoculture::Gef,10.17632/fypp6xhkjy.1
3443,O15,Monoculture,,Gef,0.1,0.1,uM,2,False,2264,,False,True,O15:Monoculture::Gef,10.17632/fypp6xhkjy.1
3444,O15,Monoculture,,Gef,0.1,0.1,uM,3,False,2118,,False,True,O15:Monoculture::Gef,10.17632/fypp6xhkjy.1
3445,O15,Monoculture,,Gef,0.4,0.4,uM,1,False,2025,,False,True,O15:Monoculture::Gef,10.17632/fypp6xhkjy.1
3446,O15,Monoculture,,Gef,0.4,0.4,uM,2,False,2133,,False,True,O15:Monoculture::Gef,10.17632/fypp6xhkjy.1
3447,O15,Monoculture,,Gef,0.4,0.4,uM,3,False,1693,,False,True,O15:Monoculture::Gef,10.17632/fypp6xhkjy.1
3448,O15,Monoculture,,Gef,1.1,1.1,uM,1,False,1121,,False,True,O15:Monoculture::Gef,10.17632/fypp6xhkjy.1
3449,O15,Monoculture,,Gef,1.1,1.1,uM,2,False,1032,,False,True,O15:Monoculture::Gef,10.17632/fypp6xhkjy.1
3450,O15,Monoculture,,Gef,1.1,1.1,uM,3,False,977,,False,True,O15:Monoculture::Gef,10.17632/fypp6xhkjy.1
3451,O15,Monoculture,,Gef,3.3,3.3,uM,1,False,795,,False,True,O15:Monoculture::Gef,10.17632/fypp6xhkjy.1
3452,O15,Monoculture,,Gef,3.3,3.3,uM,2,False,979,,False,True,O15:Monoculture::Gef,10.17632/fypp6xhkjy.1
3453,O15,Monoculture,,Gef,3.3,3.3,uM,3,False,1046,,False,True,O15:Monoculture::Gef,10.17632/fypp6xhkjy.1
3454,O15,Monoculture,,Gef,10.0,10.0,uM,1,False,736,,False,True,O15:Monoculture::Gef,10.17632/fypp6xhkjy.1
3455,O15,Monoculture,,Gef,10.0,10.0,uM,2,False,641,,False,True,O15:Monoculture::Gef,10.17632/fypp6xhkjy.1
3456,O15,Monoculture,,Gef,10.0,10.0,uM,3,False,1073,,False,True,O15:Monoculture::Gef,10.17632/fypp6xhkjy.1
3457,O15,Coculture,F15,5-FU,DMSO,0.0,uM,1,True,4930,,False,True,O15:Coculture:F15:5-FU,10.17632/fypp6xhkjy.1
3458,O15,Coculture,F15,5-FU,DMSO,0.0,uM,2,True,4818,,False,True,O15:Coculture:F15:5-FU,10.17632/fypp6xhkjy.1
3459,O15,Coculture,F15,5-FU,DMSO,0.0,uM,3,True,5834,,False,True,O15:Coculture:F15:5-FU,10.17632/fypp6xhkjy.1
3460,O15,Coculture,F15,5-FU,0.5,0.5,uM,1,False,4880,,False,True,O15:Coculture:F15:5-FU,10.17632/fypp6xhkjy.1
3461,O15,Coculture,F15,5-FU,0.5,0.5,uM,2,False,6059,,False,True,O15:Coculture:F15:5-FU,10.17632/fypp6xhkjy.1
3462,O15,Coculture,F15,5-FU,0.5,0.5,uM,3,False,6036,,False,True,O15:Coculture:F15:5-FU,10.17632/fypp6xhkjy.1
3463,O15,Coculture,F15,5-FU,1.1,1.1,uM,1,False,6251,,False,True,O15:Coculture:F15:5-FU,10.17632/fypp6xhkjy.1
3464,O15,Coculture,F15,5-FU,1.1,1.1,uM,2,False,4298,,False,True,O15:Coculture:F15:5-FU,10.17632/fypp6xhkjy.1
3465,O15,Coculture,F15,5-FU,1.1,1.1,uM,3,False,3862,,False,True,O15:Coculture:F15:5-FU,10.17632/fypp6xhkjy.1
3466,O15,Coculture,F15,5-FU,2.5,2.5,uM,1,False,3196,,False,True,O15:Coculture:F15:5-FU,10.17632/fypp6xhkjy.1
3467,O15,Coculture,F15,5-FU,2.5,2.5,uM,2,False,3297,,False,True,O15:Coculture:F15:5-FU,10.17632/fypp6xhkjy.1
3468,O15,Coculture,F15,5-FU,2.5,2.5,uM,3,False,3679,,False,True,O15:Coculture:F15:5-FU,10.17632/fypp6xhkjy.1
3469,O15,Coculture,F15,5-FU,5.5,5.5,uM,1,False,2942,,False,True,O15:Coculture:F15:5-FU,10.17632/fypp6xhkjy.1
3470,O15,Coculture,F15,5-FU,5.5,5.5,uM,2,False,3150,,False,True,O15:Coculture:F15:5-FU,10.17632/fypp6xhkjy.1
3471,O15,Coculture,F15,5-FU,5.5,5.5,uM,3,False,2747,,False,True,O15:Coculture:F15:5-FU,10.17632/fypp6xhkjy.1
3472,O15,Coculture,F15,5-FU,12.2,12.2,uM,1,False,2640,,False,True,O15:Coculture:F15:5-FU,10.17632/fypp6xhkjy.1
3473,O15,Coculture,F15,5-FU,12.2,12.2,uM,2,False,2053,,False,True,O15:Coculture:F15:5-FU,10.17632/fypp6xhkjy.1
3474,O15,Coculture,F15,5-FU,12.2,12.2,uM,3,False,2372,,False,True,O15:Coculture:F15:5-FU,10.17632/fypp6xhkjy.1
3475,O15,Coculture,F15,5-FU,27.0,27.0,uM,1,False,1594,,False,True,O15:Coculture:F15:5-FU,10.17632/fypp6xhkjy.1
3476,O15,Coculture,F15,5-FU,27.0,27.0,uM,2,False,1123,,False,True,O15:Coculture:F15:5-FU,10.17632/fypp6xhkjy.1
3477,O15,Coculture,F15,5-FU,27.0,27.0,uM,3,False,1335,,False,True,O15:Coculture:F15:5-FU,10.17632/fypp6xhkjy.1
3478,O15,Coculture,F15,5-FU,60.0,60.0,uM,1,False,1560,,False,True,O15:Coculture:F15:5-FU,10.17632/fypp6xhkjy.1
3479,O15,Coculture,F15,5-FU,60.0,60.0,uM,2,False,1172,,False,True,O15:Coculture:F15:5-FU,10.17632/fypp6xhkjy.1
3480,O15,Coculture,F15,5-FU,60.0,60.0,uM,3,False,1946,,False,True,O15:Coculture:F15:5-FU,10.17632/fypp6xhkjy.1
3481,O15,Coculture,F15,Oxa,DMSO,0.0,uM,1,True,14799,seeding not uniform,False,False,O15:Coculture:F15:Oxa,10.17632/fypp6xhkjy.1
3482,O15,Coculture,F15,Oxa,DMSO,0.0,uM,2,True,6538,,False,True,O15:Coculture:F15:Oxa,10.17632/fypp6xhkjy.1
3483,O15,Coculture,F15,Oxa,DMSO,0.0,uM,3,True,7575,,False,True,O15:Coculture:F15:Oxa,10.17632/fypp6xhkjy.1
3484,O15,Coculture,F15,Oxa,0.5,0.5,uM,1,False,7767,,False,True,O15:Coculture:F15:Oxa,10.17632/fypp6xhkjy.1
3485,O15,Coculture,F15,Oxa,0.5,0.5,uM,2,False,4293,,False,True,O15:Coculture:F15:Oxa,10.17632/fypp6xhkjy.1
3486,O15,Coculture,F15,Oxa,0.5,0.5,uM,3,False,3253,,False,True,O15:Coculture:F15:Oxa,10.17632/fypp6xhkjy.1
3487,O15,Coculture,F15,Oxa,1.1,1.1,uM,1,False,8411,,False,True,O15:Coculture:F15:Oxa,10.17632/fypp6xhkjy.1
3488,O15,Coculture,F15,Oxa,1.1,1.1,uM,2,False,6413,,False,True,O15:Coculture:F15:Oxa,10.17632/fypp6xhkjy.1
3489,O15,Coculture,F15,Oxa,1.1,1.1,uM,3,False,5415,,False,True,O15:Coculture:F15:Oxa,10.17632/fypp6xhkjy.1
3490,O15,Coculture,F15,Oxa,2.5,2.5,uM,1,False,3870,,False,True,O15:Coculture:F15:Oxa,10.17632/fypp6xhkjy.1
3491,O15,Coculture,F15,Oxa,2.5,2.5,uM,2,False,4834,,False,True,O15:Coculture:F15:Oxa,10.17632/fypp6xhkjy.1
3492,O15,Coculture,F15,Oxa,2.5,2.5,uM,3,False,4558,,False,True,O15:Coculture:F15:Oxa,10.17632/fypp6xhkjy.1
3493,O15,Coculture,F15,Oxa,5.5,5.5,uM,1,False,2909,,False,True,O15:Coculture:F15:Oxa,10.17632/fypp6xhkjy.1
3494,O15,Coculture,F15,Oxa,5.5,5.5,uM,2,False,977,cells lost,False,False,O15:Coculture:F15:Oxa,10.17632/fypp6xhkjy.1
3495,O15,Coculture,F15,Oxa,5.5,5.5,uM,3,False,3228,,False,True,O15:Coculture:F15:Oxa,10.17632/fypp6xhkjy.1
3496,O15,Coculture,F15,Oxa,12.2,12.2,uM,1,False,1058,,False,True,O15:Coculture:F15:Oxa,10.17632/fypp6xhkjy.1
3497,O15,Coculture,F15,Oxa,12.2,12.2,uM,2,False,617,,False,True,O15:Coculture:F15:Oxa,10.17632/fypp6xhkjy.1
3498,O15,Coculture,F15,Oxa,12.2,12.2,uM,3,False,1052,,False,True,O15:Coculture:F15:Oxa,10.17632/fypp6xhkjy.1
3499,O15,Coculture,F15,Oxa,27.0,27.0,uM,1,False,581,,False,True,O15:Coculture:F15:Oxa,10.17632/fypp6xhkjy.1
3500,O15,Coculture,F15,Oxa,27.0,27.0,uM,2,False,617,,False,True,O15:Coculture:F15:Oxa,10.17632/fypp6xhkjy.1
3501,O15,Coculture,F15,Oxa,27.0,27.0,uM,3,False,409,,False,True,O15:Coculture:F15:Oxa,10.17632/fypp6xhkjy.1
3502,O15,Coculture,F15,Oxa,60.0,60.0,uM,1,False,530,,False,True,O15:Coculture:F15:Oxa,10.17632/fypp6xhkjy.1
3503,O15,Coculture,F15,Oxa,60.0,60.0,uM,2,False,435,,False,True,O15:Coculture:F15:Oxa,10.17632/fypp6xhkjy.1
3504,O15,Coculture,F15,Oxa,60.0,60.0,uM,3,False,468,,False,True,O15:Coculture:F15:Oxa,10.17632/fypp6xhkjy.1
3505,O15,Coculture,F15,SN-38,DMSO,0.0,nM,1,True,5510,,False,True,O15:Coculture:F15:SN-38,10.17632/fypp6xhkjy.1
3506,O15,Coculture,F15,SN-38,DMSO,0.0,nM,2,True,7702,,False,True,O15:Coculture:F15:SN-38,10.17632/fypp6xhkjy.1
3507,O15,Coculture,F15,SN-38,DMSO,0.0,nM,3,True,6704,,False,True,O15:Coculture:F15:SN-38,10.17632/fypp6xhkjy.1
3508,O15,Coculture,F15,SN-38,0.1,0.1,nM,1,False,3450,,False,True,O15:Coculture:F15:SN-38,10.17632/fypp6xhkjy.1
3509,O15,Coculture,F15,SN-38,0.1,0.1,nM,2,False,5334,,False,True,O15:Coculture:F15:SN-38,10.17632/fypp6xhkjy.1
3510,O15,Coculture,F15,SN-38,0.1,0.1,nM,3,False,4195,,False,True,O15:Coculture:F15:SN-38,10.17632/fypp6xhkjy.1
3511,O15,Coculture,F15,SN-38,0.2,0.2,nM,1,False,4968,,False,True,O15:Coculture:F15:SN-38,10.17632/fypp6xhkjy.1
3512,O15,Coculture,F15,SN-38,0.2,0.2,nM,2,False,4148,,False,True,O15:Coculture:F15:SN-38,10.17632/fypp6xhkjy.1
3513,O15,Coculture,F15,SN-38,0.2,0.2,nM,3,False,4233,,False,True,O15:Coculture:F15:SN-38,10.17632/fypp6xhkjy.1
3514,O15,Coculture,F15,SN-38,0.4,0.4,nM,1,False,5036,,False,True,O15:Coculture:F15:SN-38,10.17632/fypp6xhkjy.1
3515,O15,Coculture,F15,SN-38,0.4,0.4,nM,2,False,4594,,False,True,O15:Coculture:F15:SN-38,10.17632/fypp6xhkjy.1
3516,O15,Coculture,F15,SN-38,0.4,0.4,nM,3,False,3917,,False,True,O15:Coculture:F15:SN-38,10.17632/fypp6xhkjy.1
3517,O15,Coculture,F15,SN-38,0.7,0.7,nM,1,False,4198,,False,True,O15:Coculture:F15:SN-38,10.17632/fypp6xhkjy.1
3518,O15,Coculture,F15,SN-38,0.7,0.7,nM,2,False,5270,,False,True,O15:Coculture:F15:SN-38,10.17632/fypp6xhkjy.1
3519,O15,Coculture,F15,SN-38,0.7,0.7,nM,3,False,7060,,False,True,O15:Coculture:F15:SN-38,10.17632/fypp6xhkjy.1
3520,O15,Coculture,F15,SN-38,1.4,1.4,nM,1,False,3835,,False,True,O15:Coculture:F15:SN-38,10.17632/fypp6xhkjy.1
3521,O15,Coculture,F15,SN-38,1.4,1.4,nM,2,False,2519,,False,True,O15:Coculture:F15:SN-38,10.17632/fypp6xhkjy.1
3522,O15,Coculture,F15,SN-38,1.4,1.4,nM,3,False,3163,,False,True,O15:Coculture:F15:SN-38,10.17632/fypp6xhkjy.1
3523,O15,Coculture,F15,SN-38,2.6,2.6,nM,1,False,1145,,False,True,O15:Coculture:F15:SN-38,10.17632/fypp6xhkjy.1
3524,O15,Coculture,F15,SN-38,2.6,2.6,nM,2,False,1206,,False,True,O15:Coculture:F15:SN-38,10.17632/fypp6xhkjy.1
3525,O15,Coculture,F15,SN-38,2.6,2.6,nM,3,False,1066,,False,True,O15:Coculture:F15:SN-38,10.17632/fypp6xhkjy.1
3526,O15,Coculture,F15,SN-38,5.0,5.0,nM,1,False,303,,False,True,O15:Coculture:F15:SN-38,10.17632/fypp6xhkjy.1
3527,O15,Coculture,F15,SN-38,5.0,5.0,nM,2,False,198,,False,True,O15:Coculture:F15:SN-38,10.17632/fypp6xhkjy.1
3528,O15,Coculture,F15,SN-38,5.0,5.0,nM,3,False,122,,False,True,O15:Coculture:F15:SN-38,10.17632/fypp6xhkjy.1
3529,O15,Coculture,F15,Gef,DMSO,0.0,uM,1,True,8030,,False,True,O15:Coculture:F15:Gef,10.17632/fypp6xhkjy.1
3530,O15,Coculture,F15,Gef,DMSO,0.0,uM,2,True,6991,,False,True,O15:Coculture:F15:Gef,10.17632/fypp6xhkjy.1
3531,O15,Coculture,F15,Gef,DMSO,0.0,uM,3,True,11260,,False,True,O15:Coculture:F15:Gef,10.17632/fypp6xhkjy.1
3532,O15,Coculture,F15,Gef,0.01,0.01,uM,1,False,5541,,False,True,O15:Coculture:F15:Gef,10.17632/fypp6xhkjy.1
3533,O15,Coculture,F15,Gef,0.01,0.01,uM,2,False,6315,,False,True,O15:Coculture:F15:Gef,10.17632/fypp6xhkjy.1
3534,O15,Coculture,F15,Gef,0.01,0.01,uM,3,False,7965,,False,True,O15:Coculture:F15:Gef,10.17632/fypp6xhkjy.1
3535,O15,Coculture,F15,Gef,0.04,0.04,uM,1,False,3061,,False,True,O15:Coculture:F15:Gef,10.17632/fypp6xhkjy.1
3536,O15,Coculture,F15,Gef,0.04,0.04,uM,2,False,2927,,False,True,O15:Coculture:F15:Gef,10.17632/fypp6xhkjy.1
3537,O15,Coculture,F15,Gef,0.04,0.04,uM,3,False,3809,,False,True,O15:Coculture:F15:Gef,10.17632/fypp6xhkjy.1
3538,O15,Coculture,F15,Gef,0.1,0.1,uM,1,False,2239,,False,True,O15:Coculture:F15:Gef,10.17632/fypp6xhkjy.1
3539,O15,Coculture,F15,Gef,0.1,0.1,uM,2,False,2748,,False,True,O15:Coculture:F15:Gef,10.17632/fypp6xhkjy.1
3540,O15,Coculture,F15,Gef,0.1,0.1,uM,3,False,2743,,False,True,O15:Coculture:F15:Gef,10.17632/fypp6xhkjy.1
3541,O15,Coculture,F15,Gef,0.4,0.4,uM,1,False,2441,,False,True,O15:Coculture:F15:Gef,10.17632/fypp6xhkjy.1
3542,O15,Coculture,F15,Gef,0.4,0.4,uM,2,False,1884,,False,True,O15:Coculture:F15:Gef,10.17632/fypp6xhkjy.1
3543,O15,Coculture,F15,Gef,0.4,0.4,uM,3,False,1971,,False,True,O15:Coculture:F15:Gef,10.17632/fypp6xhkjy.1
3544,O15,Coculture,F15,Gef,1.1,1.1,uM,1,False,1831,,False,True,O15:Coculture:F15:Gef,10.17632/fypp6xhkjy.1
3545,O15,Coculture,F15,Gef,1.1,1.1,uM,2,False,1096,,False,True,O15:Coculture:F15:Gef,10.17632/fypp6xhkjy.1
3546,O15,Coculture,F15,Gef,1.1,1.1,uM,3,False,1792,,False,True,O15:Coculture:F15:Gef,10.17632/fypp6xhkjy.1
3547,O15,Coculture,F15,Gef,3.3,3.3,uM,1,False,1012,,False,True,O15:Coculture:F15:Gef,10.17632/fypp6xhkjy.1
3548,O15,Coculture,F15,Gef,3.3,3.3,uM,2,False,873,,False,True,O15:Coculture:F15:Gef,10.17632/fypp6xhkjy.1
3549,O15,Coculture,F15,Gef,3.3,3.3,uM,3,False,1332,,False,True,O15:Coculture:F15:Gef,10.17632/fypp6xhkjy.1
3550,O15,Coculture,F15,Gef,10.0,10.0,uM,1,False,1924,,False,True,O15:Coculture:F15:Gef,10.17632/fypp6xhkjy.1
3551,O15,Coculture,F15,Gef,10.0,10.0,uM,2,False,1509,,False,True,O15:Coculture:F15:Gef,10.17632/fypp6xhkjy.1
3552,O15,Coculture,F15,Gef,10.0,10.0,uM,3,False,1428,,False,True,O15:Coculture:F15:Gef,10.17632/fypp6xhkjy.1
3553,O16,Monoculture,,5-FU,DMSO,0.0,uM,1,True,73234,,False,True,O16:Monoculture::5-FU,10.17632/fypp6xhkjy.1
3554,O16,Monoculture,,5-FU,DMSO,0.0,uM,2,True,79690,,False,True,O16:Monoculture::5-FU,10.17632/fypp6xhkjy.1
3555,O16,Monoculture,,5-FU,DMSO,0.0,uM,3,True,58187,,False,True,O16:Monoculture::5-FU,10.17632/fypp6xhkjy.1
3556,O16,Monoculture,,5-FU,0.5,0.5,uM,1,False,73841,,False,True,O16:Monoculture::5-FU,10.17632/fypp6xhkjy.1
3557,O16,Monoculture,,5-FU,0.5,0.5,uM,2,False,78579,,False,True,O16:Monoculture::5-FU,10.17632/fypp6xhkjy.1
3558,O16,Monoculture,,5-FU,0.5,0.5,uM,3,False,73236,,False,True,O16:Monoculture::5-FU,10.17632/fypp6xhkjy.1
3559,O16,Monoculture,,5-FU,1.1,1.1,uM,1,False,65059,,False,True,O16:Monoculture::5-FU,10.17632/fypp6xhkjy.1
3560,O16,Monoculture,,5-FU,1.1,1.1,uM,2,False,56036,,False,True,O16:Monoculture::5-FU,10.17632/fypp6xhkjy.1
3561,O16,Monoculture,,5-FU,1.1,1.1,uM,3,False,81497,,False,True,O16:Monoculture::5-FU,10.17632/fypp6xhkjy.1
3562,O16,Monoculture,,5-FU,2.5,2.5,uM,1,False,36961,,False,True,O16:Monoculture::5-FU,10.17632/fypp6xhkjy.1
3563,O16,Monoculture,,5-FU,2.5,2.5,uM,2,False,24782,,False,True,O16:Monoculture::5-FU,10.17632/fypp6xhkjy.1
3564,O16,Monoculture,,5-FU,2.5,2.5,uM,3,False,36343,,False,True,O16:Monoculture::5-FU,10.17632/fypp6xhkjy.1
3565,O16,Monoculture,,5-FU,5.5,5.5,uM,1,False,15992,,False,True,O16:Monoculture::5-FU,10.17632/fypp6xhkjy.1
3566,O16,Monoculture,,5-FU,5.5,5.5,uM,2,False,17828,,False,True,O16:Monoculture::5-FU,10.17632/fypp6xhkjy.1
3567,O16,Monoculture,,5-FU,5.5,5.5,uM,3,False,14258,,False,True,O16:Monoculture::5-FU,10.17632/fypp6xhkjy.1
3568,O16,Monoculture,,5-FU,12.2,12.2,uM,1,False,9605,,False,True,O16:Monoculture::5-FU,10.17632/fypp6xhkjy.1
3569,O16,Monoculture,,5-FU,12.2,12.2,uM,2,False,9089,,False,True,O16:Monoculture::5-FU,10.17632/fypp6xhkjy.1
3570,O16,Monoculture,,5-FU,12.2,12.2,uM,3,False,20120,,False,True,O16:Monoculture::5-FU,10.17632/fypp6xhkjy.1
3571,O16,Monoculture,,5-FU,27.0,27.0,uM,1,False,16500,,False,True,O16:Monoculture::5-FU,10.17632/fypp6xhkjy.1
3572,O16,Monoculture,,5-FU,27.0,27.0,uM,2,False,8745,,False,True,O16:Monoculture::5-FU,10.17632/fypp6xhkjy.1
3573,O16,Monoculture,,5-FU,27.0,27.0,uM,3,False,10730,,False,True,O16:Monoculture::5-FU,10.17632/fypp6xhkjy.1
3574,O16,Monoculture,,5-FU,60.0,60.0,uM,1,False,11437,,False,True,O16:Monoculture::5-FU,10.17632/fypp6xhkjy.1
3575,O16,Monoculture,,5-FU,60.0,60.0,uM,2,False,11213,,False,True,O16:Monoculture::5-FU,10.17632/fypp6xhkjy.1
3576,O16,Monoculture,,5-FU,60.0,60.0,uM,3,False,10053,,False,True,O16:Monoculture::5-FU,10.17632/fypp6xhkjy.1
3577,O16,Monoculture,,Oxa,DMSO,0.0,uM,1,True,59174,,False,True,O16:Monoculture::Oxa,10.17632/fypp6xhkjy.1
3578,O16,Monoculture,,Oxa,DMSO,0.0,uM,2,True,60115,,False,True,O16:Monoculture::Oxa,10.17632/fypp6xhkjy.1
3579,O16,Monoculture,,Oxa,DMSO,0.0,uM,3,True,43731,,False,True,O16:Monoculture::Oxa,10.17632/fypp6xhkjy.1
3580,O16,Monoculture,,Oxa,0.5,0.5,uM,1,False,55990,,False,True,O16:Monoculture::Oxa,10.17632/fypp6xhkjy.1
3581,O16,Monoculture,,Oxa,0.5,0.5,uM,2,False,57245,,False,True,O16:Monoculture::Oxa,10.17632/fypp6xhkjy.1
3582,O16,Monoculture,,Oxa,0.5,0.5,uM,3,False,74168,,False,True,O16:Monoculture::Oxa,10.17632/fypp6xhkjy.1
3583,O16,Monoculture,,Oxa,1.1,1.1,uM,1,False,34316,,False,True,O16:Monoculture::Oxa,10.17632/fypp6xhkjy.1
3584,O16,Monoculture,,Oxa,1.1,1.1,uM,2,False,76212,,False,True,O16:Monoculture::Oxa,10.17632/fypp6xhkjy.1
3585,O16,Monoculture,,Oxa,1.1,1.1,uM,3,False,40894,,False,True,O16:Monoculture::Oxa,10.17632/fypp6xhkjy.1
3586,O16,Monoculture,,Oxa,2.5,2.5,uM,1,False,21472,,False,True,O16:Monoculture::Oxa,10.17632/fypp6xhkjy.1
3587,O16,Monoculture,,Oxa,2.5,2.5,uM,2,False,29788,,False,True,O16:Monoculture::Oxa,10.17632/fypp6xhkjy.1
3588,O16,Monoculture,,Oxa,2.5,2.5,uM,3,False,17897,,False,True,O16:Monoculture::Oxa,10.17632/fypp6xhkjy.1
3589,O16,Monoculture,,Oxa,5.5,5.5,uM,1,False,11367,,False,True,O16:Monoculture::Oxa,10.17632/fypp6xhkjy.1
3590,O16,Monoculture,,Oxa,5.5,5.5,uM,2,False,12666,,False,True,O16:Monoculture::Oxa,10.17632/fypp6xhkjy.1
3591,O16,Monoculture,,Oxa,5.5,5.5,uM,3,False,14132,,False,True,O16:Monoculture::Oxa,10.17632/fypp6xhkjy.1
3592,O16,Monoculture,,Oxa,12.2,12.2,uM,1,False,11303,,False,True,O16:Monoculture::Oxa,10.17632/fypp6xhkjy.1
3593,O16,Monoculture,,Oxa,12.2,12.2,uM,2,False,11908,,False,True,O16:Monoculture::Oxa,10.17632/fypp6xhkjy.1
3594,O16,Monoculture,,Oxa,12.2,12.2,uM,3,False,11377,,False,True,O16:Monoculture::Oxa,10.17632/fypp6xhkjy.1
3595,O16,Monoculture,,Oxa,27.0,27.0,uM,1,False,8686,,False,True,O16:Monoculture::Oxa,10.17632/fypp6xhkjy.1
3596,O16,Monoculture,,Oxa,27.0,27.0,uM,2,False,21630,,False,True,O16:Monoculture::Oxa,10.17632/fypp6xhkjy.1
3597,O16,Monoculture,,Oxa,27.0,27.0,uM,3,False,9063,,False,True,O16:Monoculture::Oxa,10.17632/fypp6xhkjy.1
3598,O16,Monoculture,,Oxa,60.0,60.0,uM,1,False,6574,,False,True,O16:Monoculture::Oxa,10.17632/fypp6xhkjy.1
3599,O16,Monoculture,,Oxa,60.0,60.0,uM,2,False,11349,,False,True,O16:Monoculture::Oxa,10.17632/fypp6xhkjy.1
3600,O16,Monoculture,,Oxa,60.0,60.0,uM,3,False,10211,,False,True,O16:Monoculture::Oxa,10.17632/fypp6xhkjy.1
3601,O16,Monoculture,,SN-38,DMSO,0.0,nM,1,True,118877,,False,True,O16:Monoculture::SN-38,10.17632/fypp6xhkjy.1
3602,O16,Monoculture,,SN-38,DMSO,0.0,nM,2,True,102501,,False,True,O16:Monoculture::SN-38,10.17632/fypp6xhkjy.1
3603,O16,Monoculture,,SN-38,DMSO,0.0,nM,3,True,126651,,False,True,O16:Monoculture::SN-38,10.17632/fypp6xhkjy.1
3604,O16,Monoculture,,SN-38,0.1,0.1,nM,1,False,71458,,False,True,O16:Monoculture::SN-38,10.17632/fypp6xhkjy.1
3605,O16,Monoculture,,SN-38,0.1,0.1,nM,2,False,50410,,False,True,O16:Monoculture::SN-38,10.17632/fypp6xhkjy.1
3606,O16,Monoculture,,SN-38,0.1,0.1,nM,3,False,44327,,False,True,O16:Monoculture::SN-38,10.17632/fypp6xhkjy.1
3607,O16,Monoculture,,SN-38,0.2,0.2,nM,1,False,59623,,False,True,O16:Monoculture::SN-38,10.17632/fypp6xhkjy.1
3608,O16,Monoculture,,SN-38,0.2,0.2,nM,2,False,64474,,False,True,O16:Monoculture::SN-38,10.17632/fypp6xhkjy.1
3609,O16,Monoculture,,SN-38,0.2,0.2,nM,3,False,83157,,False,True,O16:Monoculture::SN-38,10.17632/fypp6xhkjy.1
3610,O16,Monoculture,,SN-38,0.4,0.4,nM,1,False,88119,,False,True,O16:Monoculture::SN-38,10.17632/fypp6xhkjy.1
3611,O16,Monoculture,,SN-38,0.4,0.4,nM,2,False,64021,,False,True,O16:Monoculture::SN-38,10.17632/fypp6xhkjy.1
3612,O16,Monoculture,,SN-38,0.4,0.4,nM,3,False,27883,seeding not uniform,False,False,O16:Monoculture::SN-38,10.17632/fypp6xhkjy.1
3613,O16,Monoculture,,SN-38,0.7,0.7,nM,1,False,37677,,False,True,O16:Monoculture::SN-38,10.17632/fypp6xhkjy.1
3614,O16,Monoculture,,SN-38,0.7,0.7,nM,2,False,31665,,False,True,O16:Monoculture::SN-38,10.17632/fypp6xhkjy.1
3615,O16,Monoculture,,SN-38,0.7,0.7,nM,3,False,101745,seeding not uniform,False,False,O16:Monoculture::SN-38,10.17632/fypp6xhkjy.1
3616,O16,Monoculture,,SN-38,1.4,1.4,nM,1,False,58310,,False,True,O16:Monoculture::SN-38,10.17632/fypp6xhkjy.1
3617,O16,Monoculture,,SN-38,1.4,1.4,nM,2,False,54316,,False,True,O16:Monoculture::SN-38,10.17632/fypp6xhkjy.1
3618,O16,Monoculture,,SN-38,1.4,1.4,nM,3,False,31955,,False,True,O16:Monoculture::SN-38,10.17632/fypp6xhkjy.1
3619,O16,Monoculture,,SN-38,2.6,2.6,nM,1,False,36450,,False,True,O16:Monoculture::SN-38,10.17632/fypp6xhkjy.1
3620,O16,Monoculture,,SN-38,2.6,2.6,nM,2,False,27125,,False,True,O16:Monoculture::SN-38,10.17632/fypp6xhkjy.1
3621,O16,Monoculture,,SN-38,2.6,2.6,nM,3,False,15981,,False,True,O16:Monoculture::SN-38,10.17632/fypp6xhkjy.1
3622,O16,Monoculture,,SN-38,5.0,5.0,nM,1,False,18894,,False,True,O16:Monoculture::SN-38,10.17632/fypp6xhkjy.1
3623,O16,Monoculture,,SN-38,5.0,5.0,nM,2,False,17956,,False,True,O16:Monoculture::SN-38,10.17632/fypp6xhkjy.1
3624,O16,Monoculture,,SN-38,5.0,5.0,nM,3,False,16297,,False,True,O16:Monoculture::SN-38,10.17632/fypp6xhkjy.1
3625,O16,Monoculture,,Gef,DMSO,0.0,uM,1,True,46698,,False,True,O16:Monoculture::Gef,10.17632/fypp6xhkjy.1
3626,O16,Monoculture,,Gef,DMSO,0.0,uM,2,True,118751,,False,True,O16:Monoculture::Gef,10.17632/fypp6xhkjy.1
3627,O16,Monoculture,,Gef,DMSO,0.0,uM,3,True,62417,,False,True,O16:Monoculture::Gef,10.17632/fypp6xhkjy.1
3628,O16,Monoculture,,Gef,0.01,0.01,uM,1,False,117044,,False,True,O16:Monoculture::Gef,10.17632/fypp6xhkjy.1
3629,O16,Monoculture,,Gef,0.01,0.01,uM,2,False,58503,,False,True,O16:Monoculture::Gef,10.17632/fypp6xhkjy.1
3630,O16,Monoculture,,Gef,0.01,0.01,uM,3,False,39653,,False,True,O16:Monoculture::Gef,10.17632/fypp6xhkjy.1
3631,O16,Monoculture,,Gef,0.04,0.04,uM,1,False,72048,,False,True,O16:Monoculture::Gef,10.17632/fypp6xhkjy.1
3632,O16,Monoculture,,Gef,0.04,0.04,uM,2,False,40383,,False,True,O16:Monoculture::Gef,10.17632/fypp6xhkjy.1
3633,O16,Monoculture,,Gef,0.04,0.04,uM,3,False,68633,,False,True,O16:Monoculture::Gef,10.17632/fypp6xhkjy.1
3634,O16,Monoculture,,Gef,0.1,0.1,uM,1,False,40191,,False,True,O16:Monoculture::Gef,10.17632/fypp6xhkjy.1
3635,O16,Monoculture,,Gef,0.1,0.1,uM,2,False,34834,,False,True,O16:Monoculture::Gef,10.17632/fypp6xhkjy.1
3636,O16,Monoculture,,Gef,0.1,0.1,uM,3,False,50141,,False,True,O16:Monoculture::Gef,10.17632/fypp6xhkjy.1
3637,O16,Monoculture,,Gef,0.4,0.4,uM,1,False,25161,,False,True,O16:Monoculture::Gef,10.17632/fypp6xhkjy.1
3638,O16,Monoculture,,Gef,0.4,0.4,uM,2,False,13765,,False,True,O16:Monoculture::Gef,10.17632/fypp6xhkjy.1
3639,O16,Monoculture,,Gef,0.4,0.4,uM,3,False,23406,,False,True,O16:Monoculture::Gef,10.17632/fypp6xhkjy.1
3640,O16,Monoculture,,Gef,1.1,1.1,uM,1,False,10367,,False,True,O16:Monoculture::Gef,10.17632/fypp6xhkjy.1
3641,O16,Monoculture,,Gef,1.1,1.1,uM,2,False,12052,,False,True,O16:Monoculture::Gef,10.17632/fypp6xhkjy.1
3642,O16,Monoculture,,Gef,1.1,1.1,uM,3,False,10379,,False,True,O16:Monoculture::Gef,10.17632/fypp6xhkjy.1
3643,O16,Monoculture,,Gef,3.3,3.3,uM,1,False,19765,,False,True,O16:Monoculture::Gef,10.17632/fypp6xhkjy.1
3644,O16,Monoculture,,Gef,3.3,3.3,uM,2,False,12252,,False,True,O16:Monoculture::Gef,10.17632/fypp6xhkjy.1
3645,O16,Monoculture,,Gef,3.3,3.3,uM,3,False,6016,,False,True,O16:Monoculture::Gef,10.17632/fypp6xhkjy.1
3646,O16,Monoculture,,Gef,10.0,10.0,uM,1,False,1247,,False,True,O16:Monoculture::Gef,10.17632/fypp6xhkjy.1
3647,O16,Monoculture,,Gef,10.0,10.0,uM,2,False,200,,False,True,O16:Monoculture::Gef,10.17632/fypp6xhkjy.1
3648,O16,Monoculture,,Gef,10.0,10.0,uM,3,False,295,,False,True,O16:Monoculture::Gef,10.17632/fypp6xhkjy.1
3649,O16,Coculture,F17,5-FU,DMSO,0.0,uM,1,True,118353,,False,True,O16:Coculture:F17:5-FU,10.17632/fypp6xhkjy.1
3650,O16,Coculture,F17,5-FU,DMSO,0.0,uM,2,True,154526,,False,True,O16:Coculture:F17:5-FU,10.17632/fypp6xhkjy.1
3651,O16,Coculture,F17,5-FU,DMSO,0.0,uM,3,True,148115,,False,True,O16:Coculture:F17:5-FU,10.17632/fypp6xhkjy.1
3652,O16,Coculture,F17,5-FU,0.5,0.5,uM,1,False,100721,,False,True,O16:Coculture:F17:5-FU,10.17632/fypp6xhkjy.1
3653,O16,Coculture,F17,5-FU,0.5,0.5,uM,2,False,179627,,False,True,O16:Coculture:F17:5-FU,10.17632/fypp6xhkjy.1
3654,O16,Coculture,F17,5-FU,0.5,0.5,uM,3,False,170710,,False,True,O16:Coculture:F17:5-FU,10.17632/fypp6xhkjy.1
3655,O16,Coculture,F17,5-FU,1.1,1.1,uM,1,False,117532,,False,True,O16:Coculture:F17:5-FU,10.17632/fypp6xhkjy.1
3656,O16,Coculture,F17,5-FU,1.1,1.1,uM,2,False,203478,,False,True,O16:Coculture:F17:5-FU,10.17632/fypp6xhkjy.1
3657,O16,Coculture,F17,5-FU,1.1,1.1,uM,3,False,79221,,False,True,O16:Coculture:F17:5-FU,10.17632/fypp6xhkjy.1
3658,O16,Coculture,F17,5-FU,2.5,2.5,uM,1,False,67161,,False,True,O16:Coculture:F17:5-FU,10.17632/fypp6xhkjy.1
3659,O16,Coculture,F17,5-FU,2.5,2.5,uM,2,False,95450,,False,True,O16:Coculture:F17:5-FU,10.17632/fypp6xhkjy.1
3660,O16,Coculture,F17,5-FU,2.5,2.5,uM,3,False,69877,,False,True,O16:Coculture:F17:5-FU,10.17632/fypp6xhkjy.1
3661,O16,Coculture,F17,5-FU,5.5,5.5,uM,1,False,53365,,False,True,O16:Coculture:F17:5-FU,10.17632/fypp6xhkjy.1
3662,O16,Coculture,F17,5-FU,5.5,5.5,uM,2,False,46118,,False,True,O16:Coculture:F17:5-FU,10.17632/fypp6xhkjy.1
3663,O16,Coculture,F17,5-FU,5.5,5.5,uM,3,False,33742,,False,True,O16:Coculture:F17:5-FU,10.17632/fypp6xhkjy.1
3664,O16,Coculture,F17,5-FU,12.2,12.2,uM,1,False,35802,,False,True,O16:Coculture:F17:5-FU,10.17632/fypp6xhkjy.1
3665,O16,Coculture,F17,5-FU,12.2,12.2,uM,2,False,37777,,False,True,O16:Coculture:F17:5-FU,10.17632/fypp6xhkjy.1
3666,O16,Coculture,F17,5-FU,12.2,12.2,uM,3,False,26716,,False,True,O16:Coculture:F17:5-FU,10.17632/fypp6xhkjy.1
3667,O16,Coculture,F17,5-FU,27.0,27.0,uM,1,False,24852,,False,True,O16:Coculture:F17:5-FU,10.17632/fypp6xhkjy.1
3668,O16,Coculture,F17,5-FU,27.0,27.0,uM,2,False,21237,,False,True,O16:Coculture:F17:5-FU,10.17632/fypp6xhkjy.1
3669,O16,Coculture,F17,5-FU,27.0,27.0,uM,3,False,22511,,False,True,O16:Coculture:F17:5-FU,10.17632/fypp6xhkjy.1
3670,O16,Coculture,F17,5-FU,60.0,60.0,uM,1,False,26155,,False,True,O16:Coculture:F17:5-FU,10.17632/fypp6xhkjy.1
3671,O16,Coculture,F17,5-FU,60.0,60.0,uM,2,False,27153,,False,True,O16:Coculture:F17:5-FU,10.17632/fypp6xhkjy.1
3672,O16,Coculture,F17,5-FU,60.0,60.0,uM,3,False,27303,,False,True,O16:Coculture:F17:5-FU,10.17632/fypp6xhkjy.1
3673,O16,Coculture,F17,Oxa,DMSO,0.0,uM,1,True,109431,,False,True,O16:Coculture:F17:Oxa,10.17632/fypp6xhkjy.1
3674,O16,Coculture,F17,Oxa,DMSO,0.0,uM,2,True,231014,,False,True,O16:Coculture:F17:Oxa,10.17632/fypp6xhkjy.1
3675,O16,Coculture,F17,Oxa,DMSO,0.0,uM,3,True,107317,,False,True,O16:Coculture:F17:Oxa,10.17632/fypp6xhkjy.1
3676,O16,Coculture,F17,Oxa,0.5,0.5,uM,1,False,91606,,False,True,O16:Coculture:F17:Oxa,10.17632/fypp6xhkjy.1
3677,O16,Coculture,F17,Oxa,0.5,0.5,uM,2,False,138354,,False,True,O16:Coculture:F17:Oxa,10.17632/fypp6xhkjy.1
3678,O16,Coculture,F17,Oxa,0.5,0.5,uM,3,False,100448,,False,True,O16:Coculture:F17:Oxa,10.17632/fypp6xhkjy.1
3679,O16,Coculture,F17,Oxa,1.1,1.1,uM,1,False,85145,,False,True,O16:Coculture:F17:Oxa,10.17632/fypp6xhkjy.1
3680,O16,Coculture,F17,Oxa,1.1,1.1,uM,2,False,93192,,False,True,O16:Coculture:F17:Oxa,10.17632/fypp6xhkjy.1
3681,O16,Coculture,F17,Oxa,1.1,1.1,uM,3,False,124696,,False,True,O16:Coculture:F17:Oxa,10.17632/fypp6xhkjy.1
3682,O16,Coculture,F17,Oxa,2.5,2.5,uM,1,False,49530,,False,True,O16:Coculture:F17:Oxa,10.17632/fypp6xhkjy.1
3683,O16,Coculture,F17,Oxa,2.5,2.5,uM,2,False,43331,,False,True,O16:Coculture:F17:Oxa,10.17632/fypp6xhkjy.1
3684,O16,Coculture,F17,Oxa,2.5,2.5,uM,3,False,55358,,False,True,O16:Coculture:F17:Oxa,10.17632/fypp6xhkjy.1
3685,O16,Coculture,F17,Oxa,5.5,5.5,uM,1,False,31407,,False,True,O16:Coculture:F17:Oxa,10.17632/fypp6xhkjy.1
3686,O16,Coculture,F17,Oxa,5.5,5.5,uM,2,False,45438,,False,True,O16:Coculture:F17:Oxa,10.17632/fypp6xhkjy.1
3687,O16,Coculture,F17,Oxa,5.5,5.5,uM,3,False,30856,,False,True,O16:Coculture:F17:Oxa,10.17632/fypp6xhkjy.1
3688,O16,Coculture,F17,Oxa,12.2,12.2,uM,1,False,28294,,False,True,O16:Coculture:F17:Oxa,10.17632/fypp6xhkjy.1
3689,O16,Coculture,F17,Oxa,12.2,12.2,uM,2,False,28565,,False,True,O16:Coculture:F17:Oxa,10.17632/fypp6xhkjy.1
3690,O16,Coculture,F17,Oxa,12.2,12.2,uM,3,False,30739,,False,True,O16:Coculture:F17:Oxa,10.17632/fypp6xhkjy.1
3691,O16,Coculture,F17,Oxa,27.0,27.0,uM,1,False,19430,,False,True,O16:Coculture:F17:Oxa,10.17632/fypp6xhkjy.1
3692,O16,Coculture,F17,Oxa,27.0,27.0,uM,2,False,26071,,False,True,O16:Coculture:F17:Oxa,10.17632/fypp6xhkjy.1
3693,O16,Coculture,F17,Oxa,27.0,27.0,uM,3,False,17356,,False,True,O16:Coculture:F17:Oxa,10.17632/fypp6xhkjy.1
3694,O16,Coculture,F17,Oxa,60.0,60.0,uM,1,False,22450,,False,True,O16:Coculture:F17:Oxa,10.17632/fypp6xhkjy.1
3695,O16,Coculture,F17,Oxa,60.0,60.0,uM,2,False,20885,,False,True,O16:Coculture:F17:Oxa,10.17632/fypp6xhkjy.1
3696,O16,Coculture,F17,Oxa,60.0,60.0,uM,3,False,18810,,False,True,O16:Coculture:F17:Oxa,10.17632/fypp6xhkjy.1
3697,O16,Coculture,F17,SN-38,DMSO,0.0,nM,1,True,175396,,False,True,O16:Coculture:F17:SN-38,10.17632/fypp6xhkjy.1
3698,O16,Coculture,F17,SN-38,DMSO,0.0,nM,2,True,343196,,False,True,O16:Coculture:F17:SN-38,10.17632/fypp6xhkjy.1
3699,O16,Coculture,F17,SN-38,DMSO,0.0,nM,3,True,406399,,False,True,O16:Coculture:F17:SN-38,10.17632/fypp6xhkjy.1
3700,O16,Coculture,F17,SN-38,0.1,0.1,nM,1,False,199726,,False,True,O16:Coculture:F17:SN-38,10.17632/fypp6xhkjy.1
3701,O16,Coculture,F17,SN-38,0.1,0.1,nM,2,False,183318,,False,True,O16:Coculture:F17:SN-38,10.17632/fypp6xhkjy.1
3702,O16,Coculture,F17,SN-38,0.1,0.1,nM,3,False,341404,,False,True,O16:Coculture:F17:SN-38,10.17632/fypp6xhkjy.1
3703,O16,Coculture,F17,SN-38,0.2,0.2,nM,1,False,301049,,False,True,O16:Coculture:F17:SN-38,10.17632/fypp6xhkjy.1
3704,O16,Coculture,F17,SN-38,0.2,0.2,nM,2,False,178217,,False,True,O16:Coculture:F17:SN-38,10.17632/fypp6xhkjy.1
3705,O16,Coculture,F17,SN-38,0.2,0.2,nM,3,False,144529,,False,True,O16:Coculture:F17:SN-38,10.17632/fypp6xhkjy.1
3706,O16,Coculture,F17,SN-38,0.4,0.4,nM,1,False,203395,,False,True,O16:Coculture:F17:SN-38,10.17632/fypp6xhkjy.1
3707,O16,Coculture,F17,SN-38,0.4,0.4,nM,2,False,123902,,False,True,O16:Coculture:F17:SN-38,10.17632/fypp6xhkjy.1
3708,O16,Coculture,F17,SN-38,0.4,0.4,nM,3,False,116036,,False,True,O16:Coculture:F17:SN-38,10.17632/fypp6xhkjy.1
3709,O16,Coculture,F17,SN-38,0.7,0.7,nM,1,False,122204,,False,True,O16:Coculture:F17:SN-38,10.17632/fypp6xhkjy.1
3710,O16,Coculture,F17,SN-38,0.7,0.7,nM,2,False,87820,,False,True,O16:Coculture:F17:SN-38,10.17632/fypp6xhkjy.1
3711,O16,Coculture,F17,SN-38,0.7,0.7,nM,3,False,100755,,False,True,O16:Coculture:F17:SN-38,10.17632/fypp6xhkjy.1
3712,O16,Coculture,F17,SN-38,1.4,1.4,nM,1,False,53112,,False,True,O16:Coculture:F17:SN-38,10.17632/fypp6xhkjy.1
3713,O16,Coculture,F17,SN-38,1.4,1.4,nM,2,False,42855,,False,True,O16:Coculture:F17:SN-38,10.17632/fypp6xhkjy.1
3714,O16,Coculture,F17,SN-38,1.4,1.4,nM,3,False,41960,,False,True,O16:Coculture:F17:SN-38,10.17632/fypp6xhkjy.1
3715,O16,Coculture,F17,SN-38,2.6,2.6,nM,1,False,47704,,False,True,O16:Coculture:F17:SN-38,10.17632/fypp6xhkjy.1
3716,O16,Coculture,F17,SN-38,2.6,2.6,nM,2,False,46683,,False,True,O16:Coculture:F17:SN-38,10.17632/fypp6xhkjy.1
3717,O16,Coculture,F17,SN-38,2.6,2.6,nM,3,False,53761,,False,True,O16:Coculture:F17:SN-38,10.17632/fypp6xhkjy.1
3718,O16,Coculture,F17,SN-38,5.0,5.0,nM,1,False,43400,,False,True,O16:Coculture:F17:SN-38,10.17632/fypp6xhkjy.1
3719,O16,Coculture,F17,SN-38,5.0,5.0,nM,2,False,26291,,False,True,O16:Coculture:F17:SN-38,10.17632/fypp6xhkjy.1
3720,O16,Coculture,F17,SN-38,5.0,5.0,nM,3,False,35739,,False,True,O16:Coculture:F17:SN-38,10.17632/fypp6xhkjy.1
3721,O16,Coculture,F17,Gef,DMSO,0.0,uM,1,True,224483,,False,True,O16:Coculture:F17:Gef,10.17632/fypp6xhkjy.1
3722,O16,Coculture,F17,Gef,DMSO,0.0,uM,2,True,119672,,False,True,O16:Coculture:F17:Gef,10.17632/fypp6xhkjy.1
3723,O16,Coculture,F17,Gef,DMSO,0.0,uM,3,True,154918,,False,True,O16:Coculture:F17:Gef,10.17632/fypp6xhkjy.1
3724,O16,Coculture,F17,Gef,0.01,0.01,uM,1,False,220419,,False,True,O16:Coculture:F17:Gef,10.17632/fypp6xhkjy.1
3725,O16,Coculture,F17,Gef,0.01,0.01,uM,2,False,110300,,False,True,O16:Coculture:F17:Gef,10.17632/fypp6xhkjy.1
3726,O16,Coculture,F17,Gef,0.01,0.01,uM,3,False,255550,,False,True,O16:Coculture:F17:Gef,10.17632/fypp6xhkjy.1
3727,O16,Coculture,F17,Gef,0.04,0.04,uM,1,False,254315,,False,True,O16:Coculture:F17:Gef,10.17632/fypp6xhkjy.1
3728,O16,Coculture,F17,Gef,0.04,0.04,uM,2,False,365604,,False,True,O16:Coculture:F17:Gef,10.17632/fypp6xhkjy.1
3729,O16,Coculture,F17,Gef,0.04,0.04,uM,3,False,190471,,False,True,O16:Coculture:F17:Gef,10.17632/fypp6xhkjy.1
3730,O16,Coculture,F17,Gef,0.1,0.1,uM,1,False,126272,,False,True,O16:Coculture:F17:Gef,10.17632/fypp6xhkjy.1
3731,O16,Coculture,F17,Gef,0.1,0.1,uM,2,False,236754,,False,True,O16:Coculture:F17:Gef,10.17632/fypp6xhkjy.1
3732,O16,Coculture,F17,Gef,0.1,0.1,uM,3,False,122657,,False,True,O16:Coculture:F17:Gef,10.17632/fypp6xhkjy.1
3733,O16,Coculture,F17,Gef,0.4,0.4,uM,1,False,73877,,False,True,O16:Coculture:F17:Gef,10.17632/fypp6xhkjy.1
3734,O16,Coculture,F17,Gef,0.4,0.4,uM,2,False,187025,,False,True,O16:Coculture:F17:Gef,10.17632/fypp6xhkjy.1
3735,O16,Coculture,F17,Gef,0.4,0.4,uM,3,False,101223,,False,True,O16:Coculture:F17:Gef,10.17632/fypp6xhkjy.1
3736,O16,Coculture,F17,Gef,1.1,1.1,uM,1,False,55482,,False,True,O16:Coculture:F17:Gef,10.17632/fypp6xhkjy.1
3737,O16,Coculture,F17,Gef,1.1,1.1,uM,2,False,64129,,False,True,O16:Coculture:F17:Gef,10.17632/fypp6xhkjy.1
3738,O16,Coculture,F17,Gef,1.1,1.1,uM,3,False,61648,,False,True,O16:Coculture:F17:Gef,10.17632/fypp6xhkjy.1
3739,O16,Coculture,F17,Gef,3.3,3.3,uM,1,False,60585,,False,True,O16:Coculture:F17:Gef,10.17632/fypp6xhkjy.1
3740,O16,Coculture,F17,Gef,3.3,3.3,uM,2,False,42348,,False,True,O16:Coculture:F17:Gef,10.17632/fypp6xhkjy.1
3741,O16,Coculture,F17,Gef,3.3,3.3,uM,3,False,55037,,False,True,O16:Coculture:F17:Gef,10.17632/fypp6xhkjy.1
3742,O16,Coculture,F17,Gef,10.0,10.0,uM,1,False,81271,,False,True,O16:Coculture:F17:Gef,10.17632/fypp6xhkjy.1
3743,O16,Coculture,F17,Gef,10.0,10.0,uM,2,False,53340,,False,True,O16:Coculture:F17:Gef,10.17632/fypp6xhkjy.1
3744,O16,Coculture,F17,Gef,10.0,10.0,uM,3,False,41769,,False,True,O16:Coculture:F17:Gef,10.17632/fypp6xhkjy.1
3745,O17,Monoculture,,5-FU,DMSO,0.0,uM,1,True,41159,,False,True,O17:Monoculture::5-FU,10.17632/fypp6xhkjy.1
3746,O17,Monoculture,,5-FU,DMSO,0.0,uM,2,True,37908,,False,True,O17:Monoculture::5-FU,10.17632/fypp6xhkjy.1
3747,O17,Monoculture,,5-FU,DMSO,0.0,uM,3,True,47182,,False,True,O17:Monoculture::5-FU,10.17632/fypp6xhkjy.1
3748,O17,Monoculture,,5-FU,0.5,0.5,uM,1,False,52632,,False,True,O17:Monoculture::5-FU,10.17632/fypp6xhkjy.1
3749,O17,Monoculture,,5-FU,0.5,0.5,uM,2,False,44830,,False,True,O17:Monoculture::5-FU,10.17632/fypp6xhkjy.1
3750,O17,Monoculture,,5-FU,0.5,0.5,uM,3,False,42380,,False,True,O17:Monoculture::5-FU,10.17632/fypp6xhkjy.1
3751,O17,Monoculture,,5-FU,1.1,1.1,uM,1,False,53224,,False,True,O17:Monoculture::5-FU,10.17632/fypp6xhkjy.1
3752,O17,Monoculture,,5-FU,1.1,1.1,uM,2,False,53156,,False,True,O17:Monoculture::5-FU,10.17632/fypp6xhkjy.1
3753,O17,Monoculture,,5-FU,1.1,1.1,uM,3,False,60171,,False,True,O17:Monoculture::5-FU,10.17632/fypp6xhkjy.1
3754,O17,Monoculture,,5-FU,2.5,2.5,uM,1,False,31702,,False,True,O17:Monoculture::5-FU,10.17632/fypp6xhkjy.1
3755,O17,Monoculture,,5-FU,2.5,2.5,uM,2,False,39059,,False,True,O17:Monoculture::5-FU,10.17632/fypp6xhkjy.1
3756,O17,Monoculture,,5-FU,2.5,2.5,uM,3,False,30784,,False,True,O17:Monoculture::5-FU,10.17632/fypp6xhkjy.1
3757,O17,Monoculture,,5-FU,5.5,5.5,uM,1,False,28664,,False,True,O17:Monoculture::5-FU,10.17632/fypp6xhkjy.1
3758,O17,Monoculture,,5-FU,5.5,5.5,uM,2,False,30012,,False,True,O17:Monoculture::5-FU,10.17632/fypp6xhkjy.1
3759,O17,Monoculture,,5-FU,5.5,5.5,uM,3,False,31471,,False,True,O17:Monoculture::5-FU,10.17632/fypp6xhkjy.1
3760,O17,Monoculture,,5-FU,12.2,12.2,uM,1,False,26704,,False,True,O17:Monoculture::5-FU,10.17632/fypp6xhkjy.1
3761,O17,Monoculture,,5-FU,12.2,12.2,uM,2,False,32460,,False,True,O17:Monoculture::5-FU,10.17632/fypp6xhkjy.1
3762,O17,Monoculture,,5-FU,12.2,12.2,uM,3,False,28938,,False,True,O17:Monoculture::5-FU,10.17632/fypp6xhkjy.1
3763,O17,Monoculture,,5-FU,27.0,27.0,uM,1,False,21299,,False,True,O17:Monoculture::5-FU,10.17632/fypp6xhkjy.1
3764,O17,Monoculture,,5-FU,27.0,27.0,uM,2,False,19613,,False,True,O17:Monoculture::5-FU,10.17632/fypp6xhkjy.1
3765,O17,Monoculture,,5-FU,27.0,27.0,uM,3,False,21584,,False,True,O17:Monoculture::5-FU,10.17632/fypp6xhkjy.1
3766,O17,Monoculture,,5-FU,60.0,60.0,uM,1,False,21910,,False,True,O17:Monoculture::5-FU,10.17632/fypp6xhkjy.1
3767,O17,Monoculture,,5-FU,60.0,60.0,uM,2,False,23836,,False,True,O17:Monoculture::5-FU,10.17632/fypp6xhkjy.1
3768,O17,Monoculture,,5-FU,60.0,60.0,uM,3,False,21145,,False,True,O17:Monoculture::5-FU,10.17632/fypp6xhkjy.1
3769,O17,Monoculture,,Oxa,DMSO,0.0,uM,1,True,46453,,False,True,O17:Monoculture::Oxa,10.17632/fypp6xhkjy.1
3770,O17,Monoculture,,Oxa,DMSO,0.0,uM,2,True,58667,,False,True,O17:Monoculture::Oxa,10.17632/fypp6xhkjy.1
3771,O17,Monoculture,,Oxa,DMSO,0.0,uM,3,True,68858,,False,True,O17:Monoculture::Oxa,10.17632/fypp6xhkjy.1
3772,O17,Monoculture,,Oxa,0.5,0.5,uM,1,False,32004,,False,True,O17:Monoculture::Oxa,10.17632/fypp6xhkjy.1
3773,O17,Monoculture,,Oxa,0.5,0.5,uM,2,False,48930,,False,True,O17:Monoculture::Oxa,10.17632/fypp6xhkjy.1
3774,O17,Monoculture,,Oxa,0.5,0.5,uM,3,False,60755,,False,True,O17:Monoculture::Oxa,10.17632/fypp6xhkjy.1
3775,O17,Monoculture,,Oxa,1.1,1.1,uM,1,False,34103,,False,True,O17:Monoculture::Oxa,10.17632/fypp6xhkjy.1
3776,O17,Monoculture,,Oxa,1.1,1.1,uM,2,False,28967,,False,True,O17:Monoculture::Oxa,10.17632/fypp6xhkjy.1
3777,O17,Monoculture,,Oxa,1.1,1.1,uM,3,False,59741,seeding not uniform,False,False,O17:Monoculture::Oxa,10.17632/fypp6xhkjy.1
3778,O17,Monoculture,,Oxa,2.5,2.5,uM,1,False,19611,,False,True,O17:Monoculture::Oxa,10.17632/fypp6xhkjy.1
3779,O17,Monoculture,,Oxa,2.5,2.5,uM,2,False,31614,,False,True,O17:Monoculture::Oxa,10.17632/fypp6xhkjy.1
3780,O17,Monoculture,,Oxa,2.5,2.5,uM,3,False,23855,,False,True,O17:Monoculture::Oxa,10.17632/fypp6xhkjy.1
3781,O17,Monoculture,,Oxa,5.5,5.5,uM,1,False,17723,,False,True,O17:Monoculture::Oxa,10.17632/fypp6xhkjy.1
3782,O17,Monoculture,,Oxa,5.5,5.5,uM,2,False,28683,,False,True,O17:Monoculture::Oxa,10.17632/fypp6xhkjy.1
3783,O17,Monoculture,,Oxa,5.5,5.5,uM,3,False,20002,,False,True,O17:Monoculture::Oxa,10.17632/fypp6xhkjy.1
3784,O17,Monoculture,,Oxa,12.2,12.2,uM,1,False,18089,,False,True,O17:Monoculture::Oxa,10.17632/fypp6xhkjy.1
3785,O17,Monoculture,,Oxa,12.2,12.2,uM,2,False,22486,,False,True,O17:Monoculture::Oxa,10.17632/fypp6xhkjy.1
3786,O17,Monoculture,,Oxa,12.2,12.2,uM,3,False,22588,,False,True,O17:Monoculture::Oxa,10.17632/fypp6xhkjy.1
3787,O17,Monoculture,,Oxa,27.0,27.0,uM,1,False,17043,,False,True,O17:Monoculture::Oxa,10.17632/fypp6xhkjy.1
3788,O17,Monoculture,,Oxa,27.0,27.0,uM,2,False,16736,,False,True,O17:Monoculture::Oxa,10.17632/fypp6xhkjy.1
3789,O17,Monoculture,,Oxa,27.0,27.0,uM,3,False,16929,,False,True,O17:Monoculture::Oxa,10.17632/fypp6xhkjy.1
3790,O17,Monoculture,,Oxa,60.0,60.0,uM,1,False,10015,,False,True,O17:Monoculture::Oxa,10.17632/fypp6xhkjy.1
3791,O17,Monoculture,,Oxa,60.0,60.0,uM,2,False,26043,seeding not uniform,False,False,O17:Monoculture::Oxa,10.17632/fypp6xhkjy.1
3792,O17,Monoculture,,Oxa,60.0,60.0,uM,3,False,10560,,False,True,O17:Monoculture::Oxa,10.17632/fypp6xhkjy.1
3793,O17,Monoculture,,SN-38,DMSO,0.0,nM,1,True,78313,,False,True,O17:Monoculture::SN-38,10.17632/fypp6xhkjy.1
3794,O17,Monoculture,,SN-38,DMSO,0.0,nM,2,True,38601,,False,True,O17:Monoculture::SN-38,10.17632/fypp6xhkjy.1
3795,O17,Monoculture,,SN-38,DMSO,0.0,nM,3,True,37413,,False,True,O17:Monoculture::SN-38,10.17632/fypp6xhkjy.1
3796,O17,Monoculture,,SN-38,0.1,0.1,nM,1,False,50136,,False,True,O17:Monoculture::SN-38,10.17632/fypp6xhkjy.1
3797,O17,Monoculture,,SN-38,0.1,0.1,nM,2,False,51581,,False,True,O17:Monoculture::SN-38,10.17632/fypp6xhkjy.1
3798,O17,Monoculture,,SN-38,0.1,0.1,nM,3,False,47663,,False,True,O17:Monoculture::SN-38,10.17632/fypp6xhkjy.1
3799,O17,Monoculture,,SN-38,0.2,0.2,nM,1,False,50601,,False,True,O17:Monoculture::SN-38,10.17632/fypp6xhkjy.1
3800,O17,Monoculture,,SN-38,0.2,0.2,nM,2,False,49081,,False,True,O17:Monoculture::SN-38,10.17632/fypp6xhkjy.1
3801,O17,Monoculture,,SN-38,0.2,0.2,nM,3,False,39415,,False,True,O17:Monoculture::SN-38,10.17632/fypp6xhkjy.1
3802,O17,Monoculture,,SN-38,0.4,0.4,nM,1,False,75683,seeding not uniform,False,False,O17:Monoculture::SN-38,10.17632/fypp6xhkjy.1
3803,O17,Monoculture,,SN-38,0.4,0.4,nM,2,False,51921,,False,True,O17:Monoculture::SN-38,10.17632/fypp6xhkjy.1
3804,O17,Monoculture,,SN-38,0.4,0.4,nM,3,False,39111,,False,True,O17:Monoculture::SN-38,10.17632/fypp6xhkjy.1
3805,O17,Monoculture,,SN-38,0.7,0.7,nM,1,False,111589,seeding not uniform,False,False,O17:Monoculture::SN-38,10.17632/fypp6xhkjy.1
3806,O17,Monoculture,,SN-38,0.7,0.7,nM,2,False,42595,,False,True,O17:Monoculture::SN-38,10.17632/fypp6xhkjy.1
3807,O17,Monoculture,,SN-38,0.7,0.7,nM,3,False,32757,,False,True,O17:Monoculture::SN-38,10.17632/fypp6xhkjy.1
3808,O17,Monoculture,,SN-38,1.4,1.4,nM,1,False,47407,,False,True,O17:Monoculture::SN-38,10.17632/fypp6xhkjy.1
3809,O17,Monoculture,,SN-38,1.4,1.4,nM,2,False,61949,,False,True,O17:Monoculture::SN-38,10.17632/fypp6xhkjy.1
3810,O17,Monoculture,,SN-38,1.4,1.4,nM,3,False,69924,,False,True,O17:Monoculture::SN-38,10.17632/fypp6xhkjy.1
3811,O17,Monoculture,,SN-38,2.6,2.6,nM,1,False,38919,,False,True,O17:Monoculture::SN-38,10.17632/fypp6xhkjy.1
3812,O17,Monoculture,,SN-38,2.6,2.6,nM,2,False,45542,,False,True,O17:Monoculture::SN-38,10.17632/fypp6xhkjy.1
3813,O17,Monoculture,,SN-38,2.6,2.6,nM,3,False,30404,,False,True,O17:Monoculture::SN-38,10.17632/fypp6xhkjy.1
3814,O17,Monoculture,,SN-38,5.0,5.0,nM,1,False,31851,,False,True,O17:Monoculture::SN-38,10.17632/fypp6xhkjy.1
3815,O17,Monoculture,,SN-38,5.0,5.0,nM,2,False,32999,,False,True,O17:Monoculture::SN-38,10.17632/fypp6xhkjy.1
3816,O17,Monoculture,,SN-38,5.0,5.0,nM,3,False,32672,,False,True,O17:Monoculture::SN-38,10.17632/fypp6xhkjy.1
3817,O17,Monoculture,,Gef,DMSO,0.0,uM,1,True,39927,,False,True,O17:Monoculture::Gef,10.17632/fypp6xhkjy.1
3818,O17,Monoculture,,Gef,DMSO,0.0,uM,2,True,57745,,False,True,O17:Monoculture::Gef,10.17632/fypp6xhkjy.1
3819,O17,Monoculture,,Gef,DMSO,0.0,uM,3,True,31753,,False,True,O17:Monoculture::Gef,10.17632/fypp6xhkjy.1
3820,O17,Monoculture,,Gef,0.01,0.01,uM,1,False,53629,,False,True,O17:Monoculture::Gef,10.17632/fypp6xhkjy.1
3821,O17,Monoculture,,Gef,0.01,0.01,uM,2,False,51153,,False,True,O17:Monoculture::Gef,10.17632/fypp6xhkjy.1
3822,O17,Monoculture,,Gef,0.01,0.01,uM,3,False,38241,,False,True,O17:Monoculture::Gef,10.17632/fypp6xhkjy.1
3823,O17,Monoculture,,Gef,0.04,0.04,uM,1,False,40581,,False,True,O17:Monoculture::Gef,10.17632/fypp6xhkjy.1
3824,O17,Monoculture,,Gef,0.04,0.04,uM,2,False,40281,,False,True,O17:Monoculture::Gef,10.17632/fypp6xhkjy.1
3825,O17,Monoculture,,Gef,0.04,0.04,uM,3,False,36280,,False,True,O17:Monoculture::Gef,10.17632/fypp6xhkjy.1
3826,O17,Monoculture,,Gef,0.1,0.1,uM,1,False,45409,,False,True,O17:Monoculture::Gef,10.17632/fypp6xhkjy.1
3827,O17,Monoculture,,Gef,0.1,0.1,uM,2,False,45395,,False,True,O17:Monoculture::Gef,10.17632/fypp6xhkjy.1
3828,O17,Monoculture,,Gef,0.1,0.1,uM,3,False,34331,,False,True,O17:Monoculture::Gef,10.17632/fypp6xhkjy.1
3829,O17,Monoculture,,Gef,0.4,0.4,uM,1,False,50004,,False,True,O17:Monoculture::Gef,10.17632/fypp6xhkjy.1
3830,O17,Monoculture,,Gef,0.4,0.4,uM,2,False,66401,seeding not uniform,False,False,O17:Monoculture::Gef,10.17632/fypp6xhkjy.1
3831,O17,Monoculture,,Gef,0.4,0.4,uM,3,False,33707,,False,True,O17:Monoculture::Gef,10.17632/fypp6xhkjy.1
3832,O17,Monoculture,,Gef,1.1,1.1,uM,1,False,41765,,False,True,O17:Monoculture::Gef,10.17632/fypp6xhkjy.1
3833,O17,Monoculture,,Gef,1.1,1.1,uM,2,False,37972,,False,True,O17:Monoculture::Gef,10.17632/fypp6xhkjy.1
3834,O17,Monoculture,,Gef,1.1,1.1,uM,3,False,29760,,False,True,O17:Monoculture::Gef,10.17632/fypp6xhkjy.1
3835,O17,Monoculture,,Gef,3.3,3.3,uM,1,False,33182,,False,True,O17:Monoculture::Gef,10.17632/fypp6xhkjy.1
3836,O17,Monoculture,,Gef,3.3,3.3,uM,2,False,38205,,False,True,O17:Monoculture::Gef,10.17632/fypp6xhkjy.1
3837,O17,Monoculture,,Gef,3.3,3.3,uM,3,False,23783,,False,True,O17:Monoculture::Gef,10.17632/fypp6xhkjy.1
3838,O17,Monoculture,,Gef,10.0,10.0,uM,1,False,41700,seeding not uniform,False,False,O17:Monoculture::Gef,10.17632/fypp6xhkjy.1
3839,O17,Monoculture,,Gef,10.0,10.0,uM,2,False,37391,,False,True,O17:Monoculture::Gef,10.17632/fypp6xhkjy.1
3840,O17,Monoculture,,Gef,10.0,10.0,uM,3,False,30833,,False,True,O17:Monoculture::Gef,10.17632/fypp6xhkjy.1
3841,O17,Coculture,F17,5-FU,DMSO,0.0,uM,1,True,122219,,False,True,O17:Coculture:F17:5-FU,10.17632/fypp6xhkjy.1
3842,O17,Coculture,F17,5-FU,DMSO,0.0,uM,2,True,106701,,False,True,O17:Coculture:F17:5-FU,10.17632/fypp6xhkjy.1
3843,O17,Coculture,F17,5-FU,DMSO,0.0,uM,3,True,91702,,False,True,O17:Coculture:F17:5-FU,10.17632/fypp6xhkjy.1
3844,O17,Coculture,F17,5-FU,0.5,0.5,uM,1,False,90976,,False,True,O17:Coculture:F17:5-FU,10.17632/fypp6xhkjy.1
3845,O17,Coculture,F17,5-FU,0.5,0.5,uM,2,False,107942,,False,True,O17:Coculture:F17:5-FU,10.17632/fypp6xhkjy.1
3846,O17,Coculture,F17,5-FU,0.5,0.5,uM,3,False,72805,,False,True,O17:Coculture:F17:5-FU,10.17632/fypp6xhkjy.1
3847,O17,Coculture,F17,5-FU,1.1,1.1,uM,1,False,84854,,False,True,O17:Coculture:F17:5-FU,10.17632/fypp6xhkjy.1
3848,O17,Coculture,F17,5-FU,1.1,1.1,uM,2,False,81031,,False,True,O17:Coculture:F17:5-FU,10.17632/fypp6xhkjy.1
3849,O17,Coculture,F17,5-FU,1.1,1.1,uM,3,False,64960,,False,True,O17:Coculture:F17:5-FU,10.17632/fypp6xhkjy.1
3850,O17,Coculture,F17,5-FU,2.5,2.5,uM,1,False,63922,,False,True,O17:Coculture:F17:5-FU,10.17632/fypp6xhkjy.1
3851,O17,Coculture,F17,5-FU,2.5,2.5,uM,2,False,67964,,False,True,O17:Coculture:F17:5-FU,10.17632/fypp6xhkjy.1
3852,O17,Coculture,F17,5-FU,2.5,2.5,uM,3,False,55601,,False,True,O17:Coculture:F17:5-FU,10.17632/fypp6xhkjy.1
3853,O17,Coculture,F17,5-FU,5.5,5.5,uM,1,False,62418,,False,True,O17:Coculture:F17:5-FU,10.17632/fypp6xhkjy.1
3854,O17,Coculture,F17,5-FU,5.5,5.5,uM,2,False,75084,,False,True,O17:Coculture:F17:5-FU,10.17632/fypp6xhkjy.1
3855,O17,Coculture,F17,5-FU,5.5,5.5,uM,3,False,54159,,False,True,O17:Coculture:F17:5-FU,10.17632/fypp6xhkjy.1
3856,O17,Coculture,F17,5-FU,12.2,12.2,uM,1,False,56114,,False,True,O17:Coculture:F17:5-FU,10.17632/fypp6xhkjy.1
3857,O17,Coculture,F17,5-FU,12.2,12.2,uM,2,False,65124,,False,True,O17:Coculture:F17:5-FU,10.17632/fypp6xhkjy.1
3858,O17,Coculture,F17,5-FU,12.2,12.2,uM,3,False,46221,,False,True,O17:Coculture:F17:5-FU,10.17632/fypp6xhkjy.1
3859,O17,Coculture,F17,5-FU,27.0,27.0,uM,1,False,37606,,False,True,O17:Coculture:F17:5-FU,10.17632/fypp6xhkjy.1
3860,O17,Coculture,F17,5-FU,27.0,27.0,uM,2,False,42801,,False,True,O17:Coculture:F17:5-FU,10.17632/fypp6xhkjy.1
3861,O17,Coculture,F17,5-FU,27.0,27.0,uM,3,False,29954,,False,True,O17:Coculture:F17:5-FU,10.17632/fypp6xhkjy.1
3862,O17,Coculture,F17,5-FU,60.0,60.0,uM,1,False,140388,seeding not uniform,False,False,O17:Coculture:F17:5-FU,10.17632/fypp6xhkjy.1
3863,O17,Coculture,F17,5-FU,60.0,60.0,uM,2,False,46687,,False,True,O17:Coculture:F17:5-FU,10.17632/fypp6xhkjy.1
3864,O17,Coculture,F17,5-FU,60.0,60.0,uM,3,False,39091,,False,True,O17:Coculture:F17:5-FU,10.17632/fypp6xhkjy.1
3865,O17,Coculture,F17,Oxa,DMSO,0.0,uM,1,True,72598,,False,True,O17:Coculture:F17:Oxa,10.17632/fypp6xhkjy.1
3866,O17,Coculture,F17,Oxa,DMSO,0.0,uM,2,True,11722,cells lost,False,False,O17:Coculture:F17:Oxa,10.17632/fypp6xhkjy.1
3867,O17,Coculture,F17,Oxa,DMSO,0.0,uM,3,True,129543,,False,True,O17:Coculture:F17:Oxa,10.17632/fypp6xhkjy.1
3868,O17,Coculture,F17,Oxa,0.5,0.5,uM,1,False,74227,,False,True,O17:Coculture:F17:Oxa,10.17632/fypp6xhkjy.1
3869,O17,Coculture,F17,Oxa,0.5,0.5,uM,2,False,98741,,False,True,O17:Coculture:F17:Oxa,10.17632/fypp6xhkjy.1
3870,O17,Coculture,F17,Oxa,0.5,0.5,uM,3,False,85240,,False,True,O17:Coculture:F17:Oxa,10.17632/fypp6xhkjy.1
3871,O17,Coculture,F17,Oxa,1.1,1.1,uM,1,False,47853,,False,True,O17:Coculture:F17:Oxa,10.17632/fypp6xhkjy.1
3872,O17,Coculture,F17,Oxa,1.1,1.1,uM,2,False,75654,,False,True,O17:Coculture:F17:Oxa,10.17632/fypp6xhkjy.1
3873,O17,Coculture,F17,Oxa,1.1,1.1,uM,3,False,60317,,False,True,O17:Coculture:F17:Oxa,10.17632/fypp6xhkjy.1
3874,O17,Coculture,F17,Oxa,2.5,2.5,uM,1,False,34298,,False,True,O17:Coculture:F17:Oxa,10.17632/fypp6xhkjy.1
3875,O17,Coculture,F17,Oxa,2.5,2.5,uM,2,False,47548,,False,True,O17:Coculture:F17:Oxa,10.17632/fypp6xhkjy.1
3876,O17,Coculture,F17,Oxa,2.5,2.5,uM,3,False,49046,,False,True,O17:Coculture:F17:Oxa,10.17632/fypp6xhkjy.1
3877,O17,Coculture,F17,Oxa,5.5,5.5,uM,1,False,34779,,False,True,O17:Coculture:F17:Oxa,10.17632/fypp6xhkjy.1
3878,O17,Coculture,F17,Oxa,5.5,5.5,uM,2,False,45098,,False,True,O17:Coculture:F17:Oxa,10.17632/fypp6xhkjy.1
3879,O17,Coculture,F17,Oxa,5.5,5.5,uM,3,False,49347,,False,True,O17:Coculture:F17:Oxa,10.17632/fypp6xhkjy.1
3880,O17,Coculture,F17,Oxa,12.2,12.2,uM,1,False,30488,,False,True,O17:Coculture:F17:Oxa,10.17632/fypp6xhkjy.1
3881,O17,Coculture,F17,Oxa,12.2,12.2,uM,2,False,48463,,False,True,O17:Coculture:F17:Oxa,10.17632/fypp6xhkjy.1
3882,O17,Coculture,F17,Oxa,12.2,12.2,uM,3,False,45884,,False,True,O17:Coculture:F17:Oxa,10.17632/fypp6xhkjy.1
3883,O17,Coculture,F17,Oxa,27.0,27.0,uM,1,False,24056,,False,True,O17:Coculture:F17:Oxa,10.17632/fypp6xhkjy.1
3884,O17,Coculture,F17,Oxa,27.0,27.0,uM,2,False,30554,,False,True,O17:Coculture:F17:Oxa,10.17632/fypp6xhkjy.1
3885,O17,Coculture,F17,Oxa,27.0,27.0,uM,3,False,33526,,False,True,O17:Coculture:F17:Oxa,10.17632/fypp6xhkjy.1
3886,O17,Coculture,F17,Oxa,60.0,60.0,uM,1,False,28000,,False,True,O17:Coculture:F17:Oxa,10.17632/fypp6xhkjy.1
3887,O17,Coculture,F17,Oxa,60.0,60.0,uM,2,False,22178,,False,True,O17:Coculture:F17:Oxa,10.17632/fypp6xhkjy.1
3888,O17,Coculture,F17,Oxa,60.0,60.0,uM,3,False,29396,,False,True,O17:Coculture:F17:Oxa,10.17632/fypp6xhkjy.1
3889,O17,Coculture,F17,SN-38,DMSO,0.0,nM,1,True,106944,,False,True,O17:Coculture:F17:SN-38,10.17632/fypp6xhkjy.1
3890,O17,Coculture,F17,SN-38,DMSO,0.0,nM,2,True,125489,,False,True,O17:Coculture:F17:SN-38,10.17632/fypp6xhkjy.1
3891,O17,Coculture,F17,SN-38,DMSO,0.0,nM,3,True,94905,,False,True,O17:Coculture:F17:SN-38,10.17632/fypp6xhkjy.1
3892,O17,Coculture,F17,SN-38,0.1,0.1,nM,1,False,102323,,False,True,O17:Coculture:F17:SN-38,10.17632/fypp6xhkjy.1
3893,O17,Coculture,F17,SN-38,0.1,0.1,nM,2,False,90570,,False,True,O17:Coculture:F17:SN-38,10.17632/fypp6xhkjy.1
3894,O17,Coculture,F17,SN-38,0.1,0.1,nM,3,False,73277,,False,True,O17:Coculture:F17:SN-38,10.17632/fypp6xhkjy.1
3895,O17,Coculture,F17,SN-38,0.2,0.2,nM,1,False,96769,,False,True,O17:Coculture:F17:SN-38,10.17632/fypp6xhkjy.1
3896,O17,Coculture,F17,SN-38,0.2,0.2,nM,2,False,160102,seeding not uniform,False,False,O17:Coculture:F17:SN-38,10.17632/fypp6xhkjy.1
3897,O17,Coculture,F17,SN-38,0.2,0.2,nM,3,False,78028,,False,True,O17:Coculture:F17:SN-38,10.17632/fypp6xhkjy.1
3898,O17,Coculture,F17,SN-38,0.4,0.4,nM,1,False,82605,,False,True,O17:Coculture:F17:SN-38,10.17632/fypp6xhkjy.1
3899,O17,Coculture,F17,SN-38,0.4,0.4,nM,2,False,76224,,False,True,O17:Coculture:F17:SN-38,10.17632/fypp6xhkjy.1
3900,O17,Coculture,F17,SN-38,0.4,0.4,nM,3,False,64051,,False,True,O17:Coculture:F17:SN-38,10.17632/fypp6xhkjy.1
3901,O17,Coculture,F17,SN-38,0.7,0.7,nM,1,False,90852,,False,True,O17:Coculture:F17:SN-38,10.17632/fypp6xhkjy.1
3902,O17,Coculture,F17,SN-38,0.7,0.7,nM,2,False,76186,,False,True,O17:Coculture:F17:SN-38,10.17632/fypp6xhkjy.1
3903,O17,Coculture,F17,SN-38,0.7,0.7,nM,3,False,54819,,False,True,O17:Coculture:F17:SN-38,10.17632/fypp6xhkjy.1
3904,O17,Coculture,F17,SN-38,1.4,1.4,nM,1,False,94780,,False,True,O17:Coculture:F17:SN-38,10.17632/fypp6xhkjy.1
3905,O17,Coculture,F17,SN-38,1.4,1.4,nM,2,False,86599,,False,True,O17:Coculture:F17:SN-38,10.17632/fypp6xhkjy.1
3906,O17,Coculture,F17,SN-38,1.4,1.4,nM,3,False,59047,,False,True,O17:Coculture:F17:SN-38,10.17632/fypp6xhkjy.1
3907,O17,Coculture,F17,SN-38,2.6,2.6,nM,1,False,55115,,False,True,O17:Coculture:F17:SN-38,10.17632/fypp6xhkjy.1
3908,O17,Coculture,F17,SN-38,2.6,2.6,nM,2,False,57103,,False,True,O17:Coculture:F17:SN-38,10.17632/fypp6xhkjy.1
3909,O17,Coculture,F17,SN-38,2.6,2.6,nM,3,False,44010,,False,True,O17:Coculture:F17:SN-38,10.17632/fypp6xhkjy.1
3910,O17,Coculture,F17,SN-38,5.0,5.0,nM,1,False,67616,,False,True,O17:Coculture:F17:SN-38,10.17632/fypp6xhkjy.1
3911,O17,Coculture,F17,SN-38,5.0,5.0,nM,2,False,44377,,False,True,O17:Coculture:F17:SN-38,10.17632/fypp6xhkjy.1
3912,O17,Coculture,F17,SN-38,5.0,5.0,nM,3,False,49957,,False,True,O17:Coculture:F17:SN-38,10.17632/fypp6xhkjy.1
3913,O17,Coculture,F17,Gef,DMSO,0.0,uM,1,True,101320,,False,True,O17:Coculture:F17:Gef,10.17632/fypp6xhkjy.1
3914,O17,Coculture,F17,Gef,DMSO,0.0,uM,2,True,78307,,False,True,O17:Coculture:F17:Gef,10.17632/fypp6xhkjy.1
3915,O17,Coculture,F17,Gef,DMSO,0.0,uM,3,True,58489,,False,True,O17:Coculture:F17:Gef,10.17632/fypp6xhkjy.1
3916,O17,Coculture,F17,Gef,0.01,0.01,uM,1,False,93781,,False,True,O17:Coculture:F17:Gef,10.17632/fypp6xhkjy.1
3917,O17,Coculture,F17,Gef,0.01,0.01,uM,2,False,83186,,False,True,O17:Coculture:F17:Gef,10.17632/fypp6xhkjy.1
3918,O17,Coculture,F17,Gef,0.01,0.01,uM,3,False,69973,,False,True,O17:Coculture:F17:Gef,10.17632/fypp6xhkjy.1
3919,O17,Coculture,F17,Gef,0.04,0.04,uM,1,False,83864,,False,True,O17:Coculture:F17:Gef,10.17632/fypp6xhkjy.1
3920,O17,Coculture,F17,Gef,0.04,0.04,uM,2,False,83050,,False,True,O17:Coculture:F17:Gef,10.17632/fypp6xhkjy.1
3921,O17,Coculture,F17,Gef,0.04,0.04,uM,3,False,67460,,False,True,O17:Coculture:F17:Gef,10.17632/fypp6xhkjy.1
3922,O17,Coculture,F17,Gef,0.1,0.1,uM,1,False,71940,,False,True,O17:Coculture:F17:Gef,10.17632/fypp6xhkjy.1
3923,O17,Coculture,F17,Gef,0.1,0.1,uM,2,False,74528,,False,True,O17:Coculture:F17:Gef,10.17632/fypp6xhkjy.1
3924,O17,Coculture,F17,Gef,0.1,0.1,uM,3,False,86545,,False,True,O17:Coculture:F17:Gef,10.17632/fypp6xhkjy.1
3925,O17,Coculture,F17,Gef,0.4,0.4,uM,1,False,62223,,False,True,O17:Coculture:F17:Gef,10.17632/fypp6xhkjy.1
3926,O17,Coculture,F17,Gef,0.4,0.4,uM,2,False,72811,,False,True,O17:Coculture:F17:Gef,10.17632/fypp6xhkjy.1
3927,O17,Coculture,F17,Gef,0.4,0.4,uM,3,False,58341,,False,True,O17:Coculture:F17:Gef,10.17632/fypp6xhkjy.1
3928,O17,Coculture,F17,Gef,1.1,1.1,uM,1,False,79871,,False,True,O17:Coculture:F17:Gef,10.17632/fypp6xhkjy.1
3929,O17,Coculture,F17,Gef,1.1,1.1,uM,2,False,56791,,False,True,O17:Coculture:F17:Gef,10.17632/fypp6xhkjy.1
3930,O17,Coculture,F17,Gef,1.1,1.1,uM,3,False,44368,seeding not uniform,False,False,O17:Coculture:F17:Gef,10.17632/fypp6xhkjy.1
3931,O17,Coculture,F17,Gef,3.3,3.3,uM,1,False,58838,,False,True,O17:Coculture:F17:Gef,10.17632/fypp6xhkjy.1
3932,O17,Coculture,F17,Gef,3.3,3.3,uM,2,False,66026,,False,True,O17:Coculture:F17:Gef,10.17632/fypp6xhkjy.1
3933,O17,Coculture,F17,Gef,3.3,3.3,uM,3,False,43952,,False,True,O17:Coculture:F17:Gef,10.17632/fypp6xhkjy.1
3934,O17,Coculture,F17,Gef,10.0,10.0,uM,1,False,79969,,False,True,O17:Coculture:F17:Gef,10.17632/fypp6xhkjy.1
3935,O17,Coculture,F17,Gef,10.0,10.0,uM,2,False,73936,,False,True,O17:Coculture:F17:Gef,10.17632/fypp6xhkjy.1
3936,O17,Coculture,F17,Gef,10.0,10.0,uM,3,False,69712,,False,True,O17:Coculture:F17:Gef,10.17632/fypp6xhkjy.1
3937,O17,Coculture,F14,5-FU,DMSO,0.0,uM,1,True,110407,,False,True,O17:Coculture:F14:5-FU,10.17632/fypp6xhkjy.1
3938,O17,Coculture,F14,5-FU,DMSO,0.0,uM,2,True,99548,,False,True,O17:Coculture:F14:5-FU,10.17632/fypp6xhkjy.1
3939,O17,Coculture,F14,5-FU,DMSO,0.0,uM,3,True,80997,,False,True,O17:Coculture:F14:5-FU,10.17632/fypp6xhkjy.1
3940,O17,Coculture,F14,5-FU,0.5,0.5,uM,1,False,90294,,False,True,O17:Coculture:F14:5-FU,10.17632/fypp6xhkjy.1
3941,O17,Coculture,F14,5-FU,0.5,0.5,uM,2,False,99151,,False,True,O17:Coculture:F14:5-FU,10.17632/fypp6xhkjy.1
3942,O17,Coculture,F14,5-FU,0.5,0.5,uM,3,False,88396,,False,True,O17:Coculture:F14:5-FU,10.17632/fypp6xhkjy.1
3943,O17,Coculture,F14,5-FU,1.1,1.1,uM,1,False,89668,,False,True,O17:Coculture:F14:5-FU,10.17632/fypp6xhkjy.1
3944,O17,Coculture,F14,5-FU,1.1,1.1,uM,2,False,100902,,False,True,O17:Coculture:F14:5-FU,10.17632/fypp6xhkjy.1
3945,O17,Coculture,F14,5-FU,1.1,1.1,uM,3,False,88008,,False,True,O17:Coculture:F14:5-FU,10.17632/fypp6xhkjy.1
3946,O17,Coculture,F14,5-FU,2.5,2.5,uM,1,False,94161,,False,True,O17:Coculture:F14:5-FU,10.17632/fypp6xhkjy.1
3947,O17,Coculture,F14,5-FU,2.5,2.5,uM,2,False,101239,,False,True,O17:Coculture:F14:5-FU,10.17632/fypp6xhkjy.1
3948,O17,Coculture,F14,5-FU,2.5,2.5,uM,3,False,149325,seeding not uniform,False,False,O17:Coculture:F14:5-FU,10.17632/fypp6xhkjy.1
3949,O17,Coculture,F14,5-FU,5.5,5.5,uM,1,False,72870,,False,True,O17:Coculture:F14:5-FU,10.17632/fypp6xhkjy.1
3950,O17,Coculture,F14,5-FU,5.5,5.5,uM,2,False,76798,,False,True,O17:Coculture:F14:5-FU,10.17632/fypp6xhkjy.1
3951,O17,Coculture,F14,5-FU,5.5,5.5,uM,3,False,63850,,False,True,O17:Coculture:F14:5-FU,10.17632/fypp6xhkjy.1
3952,O17,Coculture,F14,5-FU,12.2,12.2,uM,1,False,51243,,False,True,O17:Coculture:F14:5-FU,10.17632/fypp6xhkjy.1
3953,O17,Coculture,F14,5-FU,12.2,12.2,uM,2,False,66982,,False,True,O17:Coculture:F14:5-FU,10.17632/fypp6xhkjy.1
3954,O17,Coculture,F14,5-FU,12.2,12.2,uM,3,False,54274,,False,True,O17:Coculture:F14:5-FU,10.17632/fypp6xhkjy.1
3955,O17,Coculture,F14,5-FU,27.0,27.0,uM,1,False,53974,,False,True,O17:Coculture:F14:5-FU,10.17632/fypp6xhkjy.1
3956,O17,Coculture,F14,5-FU,27.0,27.0,uM,2,False,56394,,False,True,O17:Coculture:F14:5-FU,10.17632/fypp6xhkjy.1
3957,O17,Coculture,F14,5-FU,27.0,27.0,uM,3,False,50493,,False,True,O17:Coculture:F14:5-FU,10.17632/fypp6xhkjy.1
3958,O17,Coculture,F14,5-FU,60.0,60.0,uM,1,False,35801,,False,True,O17:Coculture:F14:5-FU,10.17632/fypp6xhkjy.1
3959,O17,Coculture,F14,5-FU,60.0,60.0,uM,2,False,39894,,False,True,O17:Coculture:F14:5-FU,10.17632/fypp6xhkjy.1
3960,O17,Coculture,F14,5-FU,60.0,60.0,uM,3,False,36832,,False,True,O17:Coculture:F14:5-FU,10.17632/fypp6xhkjy.1
3961,O17,Coculture,F14,Oxa,DMSO,0.0,uM,1,True,96425,,False,True,O17:Coculture:F14:Oxa,10.17632/fypp6xhkjy.1
3962,O17,Coculture,F14,Oxa,DMSO,0.0,uM,2,True,119755,,False,True,O17:Coculture:F14:Oxa,10.17632/fypp6xhkjy.1
3963,O17,Coculture,F14,Oxa,DMSO,0.0,uM,3,True,101899,,False,True,O17:Coculture:F14:Oxa,10.17632/fypp6xhkjy.1
3964,O17,Coculture,F14,Oxa,0.5,0.5,uM,1,False,73627,,False,True,O17:Coculture:F14:Oxa,10.17632/fypp6xhkjy.1
3965,O17,Coculture,F14,Oxa,0.5,0.5,uM,2,False,10429,cells lost,False,False,O17:Coculture:F14:Oxa,10.17632/fypp6xhkjy.1
3966,O17,Coculture,F14,Oxa,0.5,0.5,uM,3,False,104279,,False,True,O17:Coculture:F14:Oxa,10.17632/fypp6xhkjy.1
3967,O17,Coculture,F14,Oxa,1.1,1.1,uM,1,False,62266,,False,True,O17:Coculture:F14:Oxa,10.17632/fypp6xhkjy.1
3968,O17,Coculture,F14,Oxa,1.1,1.1,uM,2,False,73442,,False,True,O17:Coculture:F14:Oxa,10.17632/fypp6xhkjy.1
3969,O17,Coculture,F14,Oxa,1.1,1.1,uM,3,False,74063,,False,True,O17:Coculture:F14:Oxa,10.17632/fypp6xhkjy.1
3970,O17,Coculture,F14,Oxa,2.5,2.5,uM,1,False,61948,,False,True,O17:Coculture:F14:Oxa,10.17632/fypp6xhkjy.1
3971,O17,Coculture,F14,Oxa,2.5,2.5,uM,2,False,67792,,False,True,O17:Coculture:F14:Oxa,10.17632/fypp6xhkjy.1
3972,O17,Coculture,F14,Oxa,2.5,2.5,uM,3,False,69506,,False,True,O17:Coculture:F14:Oxa,10.17632/fypp6xhkjy.1
3973,O17,Coculture,F14,Oxa,5.5,5.5,uM,1,False,43846,,False,True,O17:Coculture:F14:Oxa,10.17632/fypp6xhkjy.1
3974,O17,Coculture,F14,Oxa,5.5,5.5,uM,2,False,46302,,False,True,O17:Coculture:F14:Oxa,10.17632/fypp6xhkjy.1
3975,O17,Coculture,F14,Oxa,5.5,5.5,uM,3,False,50190,,False,True,O17:Coculture:F14:Oxa,10.17632/fypp6xhkjy.1
3976,O17,Coculture,F14,Oxa,12.2,12.2,uM,1,False,35281,,False,True,O17:Coculture:F14:Oxa,10.17632/fypp6xhkjy.1
3977,O17,Coculture,F14,Oxa,12.2,12.2,uM,2,False,34539,,False,True,O17:Coculture:F14:Oxa,10.17632/fypp6xhkjy.1
3978,O17,Coculture,F14,Oxa,12.2,12.2,uM,3,False,43842,,False,True,O17:Coculture:F14:Oxa,10.17632/fypp6xhkjy.1
3979,O17,Coculture,F14,Oxa,27.0,27.0,uM,1,False,38054,,False,True,O17:Coculture:F14:Oxa,10.17632/fypp6xhkjy.1
3980,O17,Coculture,F14,Oxa,27.0,27.0,uM,2,False,5347,,False,True,O17:Coculture:F14:Oxa,10.17632/fypp6xhkjy.1
3981,O17,Coculture,F14,Oxa,27.0,27.0,uM,3,False,795,cells lost,False,False,O17:Coculture:F14:Oxa,10.17632/fypp6xhkjy.1
3982,O17,Coculture,F14,Oxa,60.0,60.0,uM,1,False,21383,,False,True,O17:Coculture:F14:Oxa,10.17632/fypp6xhkjy.1
3983,O17,Coculture,F14,Oxa,60.0,60.0,uM,2,False,21549,,False,True,O17:Coculture:F14:Oxa,10.17632/fypp6xhkjy.1
3984,O17,Coculture,F14,Oxa,60.0,60.0,uM,3,False,26363,,False,True,O17:Coculture:F14:Oxa,10.17632/fypp6xhkjy.1
3985,O17,Coculture,F14,SN-38,DMSO,0.0,nM,1,True,107617,,False,True,O17:Coculture:F14:SN-38,10.17632/fypp6xhkjy.1
3986,O17,Coculture,F14,SN-38,DMSO,0.0,nM,2,True,148928,,False,True,O17:Coculture:F14:SN-38,10.17632/fypp6xhkjy.1
3987,O17,Coculture,F14,SN-38,DMSO,0.0,nM,3,True,97194,,False,True,O17:Coculture:F14:SN-38,10.17632/fypp6xhkjy.1
3988,O17,Coculture,F14,SN-38,0.1,0.1,nM,1,False,123748,,False,True,O17:Coculture:F14:SN-38,10.17632/fypp6xhkjy.1
3989,O17,Coculture,F14,SN-38,0.1,0.1,nM,2,False,103600,,False,True,O17:Coculture:F14:SN-38,10.17632/fypp6xhkjy.1
3990,O17,Coculture,F14,SN-38,0.1,0.1,nM,3,False,88660,,False,True,O17:Coculture:F14:SN-38,10.17632/fypp6xhkjy.1
3991,O17,Coculture,F14,SN-38,0.2,0.2,nM,1,False,135610,,False,True,O17:Coculture:F14:SN-38,10.17632/fypp6xhkjy.1
3992,O17,Coculture,F14,SN-38,0.2,0.2,nM,2,False,116513,,False,True,O17:Coculture:F14:SN-38,10.17632/fypp6xhkjy.1
3993,O17,Coculture,F14,SN-38,0.2,0.2,nM,3,False,77311,,False,True,O17:Coculture:F14:SN-38,10.17632/fypp6xhkjy.1
3994,O17,Coculture,F14,SN-38,0.4,0.4,nM,1,False,141809,,False,True,O17:Coculture:F14:SN-38,10.17632/fypp6xhkjy.1
3995,O17,Coculture,F14,SN-38,0.4,0.4,nM,2,False,126024,,False,True,O17:Coculture:F14:SN-38,10.17632/fypp6xhkjy.1
3996,O17,Coculture,F14,SN-38,0.4,0.4,nM,3,False,88839,,False,True,O17:Coculture:F14:SN-38,10.17632/fypp6xhkjy.1
3997,O17,Coculture,F14,SN-38,0.7,0.7,nM,1,False,97721,,False,True,O17:Coculture:F14:SN-38,10.17632/fypp6xhkjy.1
3998,O17,Coculture,F14,SN-38,0.7,0.7,nM,2,False,98526,,False,True,O17:Coculture:F14:SN-38,10.17632/fypp6xhkjy.1
3999,O17,Coculture,F14,SN-38,0.7,0.7,nM,3,False,70173,,False,True,O17:Coculture:F14:SN-38,10.17632/fypp6xhkjy.1
4000,O17,Coculture,F14,SN-38,1.4,1.4,nM,1,False,111826,,False,True,O17:Coculture:F14:SN-38,10.17632/fypp6xhkjy.1
4001,O17,Coculture,F14,SN-38,1.4,1.4,nM,2,False,101106,,False,True,O17:Coculture:F14:SN-38,10.17632/fypp6xhkjy.1
4002,O17,Coculture,F14,SN-38,1.4,1.4,nM,3,False,87753,,False,True,O17:Coculture:F14:SN-38,10.17632/fypp6xhkjy.1
4003,O17,Coculture,F14,SN-38,2.6,2.6,nM,1,False,115886,,False,True,O17:Coculture:F14:SN-38,10.17632/fypp6xhkjy.1
4004,O17,Coculture,F14,SN-38,2.6,2.6,nM,2,False,158987,seeding not uniform,False,False,O17:Coculture:F14:SN-38,10.17632/fypp6xhkjy.1
4005,O17,Coculture,F14,SN-38,2.6,2.6,nM,3,False,64604,,False,True,O17:Coculture:F14:SN-38,10.17632/fypp6xhkjy.1
4006,O17,Coculture,F14,SN-38,5.0,5.0,nM,1,False,74674,,False,True,O17:Coculture:F14:SN-38,10.17632/fypp6xhkjy.1
4007,O17,Coculture,F14,SN-38,5.0,5.0,nM,2,False,71926,,False,True,O17:Coculture:F14:SN-38,10.17632/fypp6xhkjy.1
4008,O17,Coculture,F14,SN-38,5.0,5.0,nM,3,False,55471,,False,True,O17:Coculture:F14:SN-38,10.17632/fypp6xhkjy.1
4009,O17,Coculture,F14,Gef,DMSO,0.0,uM,1,True,106950,,False,True,O17:Coculture:F14:Gef,10.17632/fypp6xhkjy.1
4010,O17,Coculture,F14,Gef,DMSO,0.0,uM,2,True,92880,,False,True,O17:Coculture:F14:Gef,10.17632/fypp6xhkjy.1
4011,O17,Coculture,F14,Gef,DMSO,0.0,uM,3,True,121658,,False,True,O17:Coculture:F14:Gef,10.17632/fypp6xhkjy.1
4012,O17,Coculture,F14,Gef,0.01,0.01,uM,1,False,109602,,False,True,O17:Coculture:F14:Gef,10.17632/fypp6xhkjy.1
4013,O17,Coculture,F14,Gef,0.01,0.01,uM,2,False,96081,,False,True,O17:Coculture:F14:Gef,10.17632/fypp6xhkjy.1
4014,O17,Coculture,F14,Gef,0.01,0.01,uM,3,False,66186,seeding not uniform,False,False,O17:Coculture:F14:Gef,10.17632/fypp6xhkjy.1
4015,O17,Coculture,F14,Gef,0.04,0.04,uM,1,False,95517,,False,True,O17:Coculture:F14:Gef,10.17632/fypp6xhkjy.1
4016,O17,Coculture,F14,Gef,0.04,0.04,uM,2,False,85659,,False,True,O17:Coculture:F14:Gef,10.17632/fypp6xhkjy.1
4017,O17,Coculture,F14,Gef,0.04,0.04,uM,3,False,91261,,False,True,O17:Coculture:F14:Gef,10.17632/fypp6xhkjy.1
4018,O17,Coculture,F14,Gef,0.1,0.1,uM,1,False,97794,,False,True,O17:Coculture:F14:Gef,10.17632/fypp6xhkjy.1
4019,O17,Coculture,F14,Gef,0.1,0.1,uM,2,False,98840,,False,True,O17:Coculture:F14:Gef,10.17632/fypp6xhkjy.1
4020,O17,Coculture,F14,Gef,0.1,0.1,uM,3,False,81718,,False,True,O17:Coculture:F14:Gef,10.17632/fypp6xhkjy.1
4021,O17,Coculture,F14,Gef,0.4,0.4,uM,1,False,80544,,False,True,O17:Coculture:F14:Gef,10.17632/fypp6xhkjy.1
4022,O17,Coculture,F14,Gef,0.4,0.4,uM,2,False,64901,,False,True,O17:Coculture:F14:Gef,10.17632/fypp6xhkjy.1
4023,O17,Coculture,F14,Gef,0.4,0.4,uM,3,False,73280,,False,True,O17:Coculture:F14:Gef,10.17632/fypp6xhkjy.1
4024,O17,Coculture,F14,Gef,1.1,1.1,uM,1,False,85313,,False,True,O17:Coculture:F14:Gef,10.17632/fypp6xhkjy.1
4025,O17,Coculture,F14,Gef,1.1,1.1,uM,2,False,82280,,False,True,O17:Coculture:F14:Gef,10.17632/fypp6xhkjy.1
4026,O17,Coculture,F14,Gef,1.1,1.1,uM,3,False,77410,,False,True,O17:Coculture:F14:Gef,10.17632/fypp6xhkjy.1
4027,O17,Coculture,F14,Gef,3.3,3.3,uM,1,False,75491,,False,True,O17:Coculture:F14:Gef,10.17632/fypp6xhkjy.1
4028,O17,Coculture,F14,Gef,3.3,3.3,uM,2,False,66586,,False,True,O17:Coculture:F14:Gef,10.17632/fypp6xhkjy.1
4029,O17,Coculture,F14,Gef,3.3,3.3,uM,3,False,54644,,False,True,O17:Coculture:F14:Gef,10.17632/fypp6xhkjy.1
4030,O17,Coculture,F14,Gef,10.0,10.0,uM,1,False,67719,,False,True,O17:Coculture:F14:Gef,10.17632/fypp6xhkjy.1
4031,O17,Coculture,F14,Gef,10.0,10.0,uM,2,False,73887,,False,True,O17:Coculture:F14:Gef,10.17632/fypp6xhkjy.1
4032,O17,Coculture,F14,Gef,10.0,10.0,uM,3,False,83856,,False,True,O17:Coculture:F14:Gef,10.17632/fypp6xhkjy.1
4033,O17,Coculture,F11,5-FU,DMSO,0.0,uM,1,True,138324,,False,True,O17:Coculture:F11:5-FU,10.17632/fypp6xhkjy.1
4034,O17,Coculture,F11,5-FU,DMSO,0.0,uM,2,True,114972,,False,True,O17:Coculture:F11:5-FU,10.17632/fypp6xhkjy.1
4035,O17,Coculture,F11,5-FU,DMSO,0.0,uM,3,True,118394,,False,True,O17:Coculture:F11:5-FU,10.17632/fypp6xhkjy.1
4036,O17,Coculture,F11,5-FU,0.5,0.5,uM,1,False,74456,,False,True,O17:Coculture:F11:5-FU,10.17632/fypp6xhkjy.1
4037,O17,Coculture,F11,5-FU,0.5,0.5,uM,2,False,104614,,False,True,O17:Coculture:F11:5-FU,10.17632/fypp6xhkjy.1
4038,O17,Coculture,F11,5-FU,0.5,0.5,uM,3,False,75368,,False,True,O17:Coculture:F11:5-FU,10.17632/fypp6xhkjy.1
4039,O17,Coculture,F11,5-FU,1.1,1.1,uM,1,False,86746,,False,True,O17:Coculture:F11:5-FU,10.17632/fypp6xhkjy.1
4040,O17,Coculture,F11,5-FU,1.1,1.1,uM,2,False,77889,,False,True,O17:Coculture:F11:5-FU,10.17632/fypp6xhkjy.1
4041,O17,Coculture,F11,5-FU,1.1,1.1,uM,3,False,79488,,False,True,O17:Coculture:F11:5-FU,10.17632/fypp6xhkjy.1
4042,O17,Coculture,F11,5-FU,2.5,2.5,uM,1,False,76298,,False,True,O17:Coculture:F11:5-FU,10.17632/fypp6xhkjy.1
4043,O17,Coculture,F11,5-FU,2.5,2.5,uM,2,False,67779,,False,True,O17:Coculture:F11:5-FU,10.17632/fypp6xhkjy.1
4044,O17,Coculture,F11,5-FU,2.5,2.5,uM,3,False,61891,,False,True,O17:Coculture:F11:5-FU,10.17632/fypp6xhkjy.1
4045,O17,Coculture,F11,5-FU,5.5,5.5,uM,1,False,41922,,False,True,O17:Coculture:F11:5-FU,10.17632/fypp6xhkjy.1
4046,O17,Coculture,F11,5-FU,5.5,5.5,uM,2,False,50254,,False,True,O17:Coculture:F11:5-FU,10.17632/fypp6xhkjy.1
4047,O17,Coculture,F11,5-FU,5.5,5.5,uM,3,False,40988,,False,True,O17:Coculture:F11:5-FU,10.17632/fypp6xhkjy.1
4048,O17,Coculture,F11,5-FU,12.2,12.2,uM,1,False,45882,,False,True,O17:Coculture:F11:5-FU,10.17632/fypp6xhkjy.1
4049,O17,Coculture,F11,5-FU,12.2,12.2,uM,2,False,61013,,False,True,O17:Coculture:F11:5-FU,10.17632/fypp6xhkjy.1
4050,O17,Coculture,F11,5-FU,12.2,12.2,uM,3,False,47595,,False,True,O17:Coculture:F11:5-FU,10.17632/fypp6xhkjy.1
4051,O17,Coculture,F11,5-FU,27.0,27.0,uM,1,False,34919,,False,True,O17:Coculture:F11:5-FU,10.17632/fypp6xhkjy.1
4052,O17,Coculture,F11,5-FU,27.0,27.0,uM,2,False,31064,,False,True,O17:Coculture:F11:5-FU,10.17632/fypp6xhkjy.1
4053,O17,Coculture,F11,5-FU,27.0,27.0,uM,3,False,24942,,False,True,O17:Coculture:F11:5-FU,10.17632/fypp6xhkjy.1
4054,O17,Coculture,F11,5-FU,60.0,60.0,uM,1,False,40372,,False,True,O17:Coculture:F11:5-FU,10.17632/fypp6xhkjy.1
4055,O17,Coculture,F11,5-FU,60.0,60.0,uM,2,False,38539,,False,True,O17:Coculture:F11:5-FU,10.17632/fypp6xhkjy.1
4056,O17,Coculture,F11,5-FU,60.0,60.0,uM,3,False,31065,,False,True,O17:Coculture:F11:5-FU,10.17632/fypp6xhkjy.1
4057,O17,Coculture,F11,Oxa,DMSO,0.0,uM,1,True,73100,,False,True,O17:Coculture:F11:Oxa,10.17632/fypp6xhkjy.1
4058,O17,Coculture,F11,Oxa,DMSO,0.0,uM,2,True,93339,,False,True,O17:Coculture:F11:Oxa,10.17632/fypp6xhkjy.1
4059,O17,Coculture,F11,Oxa,DMSO,0.0,uM,3,True,99715,,False,True,O17:Coculture:F11:Oxa,10.17632/fypp6xhkjy.1
4060,O17,Coculture,F11,Oxa,0.5,0.5,uM,1,False,60922,,False,True,O17:Coculture:F11:Oxa,10.17632/fypp6xhkjy.1
4061,O17,Coculture,F11,Oxa,0.5,0.5,uM,2,False,100504,,False,True,O17:Coculture:F11:Oxa,10.17632/fypp6xhkjy.1
4062,O17,Coculture,F11,Oxa,0.5,0.5,uM,3,False,91413,,False,True,O17:Coculture:F11:Oxa,10.17632/fypp6xhkjy.1
4063,O17,Coculture,F11,Oxa,1.1,1.1,uM,1,False,45994,,False,True,O17:Coculture:F11:Oxa,10.17632/fypp6xhkjy.1
4064,O17,Coculture,F11,Oxa,1.1,1.1,uM,2,False,75419,,False,True,O17:Coculture:F11:Oxa,10.17632/fypp6xhkjy.1
4065,O17,Coculture,F11,Oxa,1.1,1.1,uM,3,False,60798,,False,True,O17:Coculture:F11:Oxa,10.17632/fypp6xhkjy.1
4066,O17,Coculture,F11,Oxa,2.5,2.5,uM,1,False,45223,,False,True,O17:Coculture:F11:Oxa,10.17632/fypp6xhkjy.1
4067,O17,Coculture,F11,Oxa,2.5,2.5,uM,2,False,48181,,False,True,O17:Coculture:F11:Oxa,10.17632/fypp6xhkjy.1
4068,O17,Coculture,F11,Oxa,2.5,2.5,uM,3,False,44607,,False,True,O17:Coculture:F11:Oxa,10.17632/fypp6xhkjy.1
4069,O17,Coculture,F11,Oxa,5.5,5.5,uM,1,False,27418,,False,True,O17:Coculture:F11:Oxa,10.17632/fypp6xhkjy.1
4070,O17,Coculture,F11,Oxa,5.5,5.5,uM,2,False,39040,,False,True,O17:Coculture:F11:Oxa,10.17632/fypp6xhkjy.1
4071,O17,Coculture,F11,Oxa,5.5,5.5,uM,3,False,34771,,False,True,O17:Coculture:F11:Oxa,10.17632/fypp6xhkjy.1
4072,O17,Coculture,F11,Oxa,12.2,12.2,uM,1,False,33356,,False,True,O17:Coculture:F11:Oxa,10.17632/fypp6xhkjy.1
4073,O17,Coculture,F11,Oxa,12.2,12.2,uM,2,False,43782,,False,True,O17:Coculture:F11:Oxa,10.17632/fypp6xhkjy.1
4074,O17,Coculture,F11,Oxa,12.2,12.2,uM,3,False,44932,,False,True,O17:Coculture:F11:Oxa,10.17632/fypp6xhkjy.1
4075,O17,Coculture,F11,Oxa,27.0,27.0,uM,1,False,17646,,False,True,O17:Coculture:F11:Oxa,10.17632/fypp6xhkjy.1
4076,O17,Coculture,F11,Oxa,27.0,27.0,uM,2,False,27337,,False,True,O17:Coculture:F11:Oxa,10.17632/fypp6xhkjy.1
4077,O17,Coculture,F11,Oxa,27.0,27.0,uM,3,False,28481,,False,True,O17:Coculture:F11:Oxa,10.17632/fypp6xhkjy.1
4078,O17,Coculture,F11,Oxa,60.0,60.0,uM,1,False,22304,,False,True,O17:Coculture:F11:Oxa,10.17632/fypp6xhkjy.1
4079,O17,Coculture,F11,Oxa,60.0,60.0,uM,2,False,18641,,False,True,O17:Coculture:F11:Oxa,10.17632/fypp6xhkjy.1
4080,O17,Coculture,F11,Oxa,60.0,60.0,uM,3,False,23325,,False,True,O17:Coculture:F11:Oxa,10.17632/fypp6xhkjy.1
4081,O17,Coculture,F11,SN-38,DMSO,0.0,nM,1,True,73512,,False,True,O17:Coculture:F11:SN-38,10.17632/fypp6xhkjy.1
4082,O17,Coculture,F11,SN-38,DMSO,0.0,nM,2,True,76693,,False,True,O17:Coculture:F11:SN-38,10.17632/fypp6xhkjy.1
4083,O17,Coculture,F11,SN-38,DMSO,0.0,nM,3,True,71143,,False,True,O17:Coculture:F11:SN-38,10.17632/fypp6xhkjy.1
4084,O17,Coculture,F11,SN-38,0.1,0.1,nM,1,False,97803,,False,True,O17:Coculture:F11:SN-38,10.17632/fypp6xhkjy.1
4085,O17,Coculture,F11,SN-38,0.1,0.1,nM,2,False,98500,,False,True,O17:Coculture:F11:SN-38,10.17632/fypp6xhkjy.1
4086,O17,Coculture,F11,SN-38,0.1,0.1,nM,3,False,88776,,False,True,O17:Coculture:F11:SN-38,10.17632/fypp6xhkjy.1
4087,O17,Coculture,F11,SN-38,0.2,0.2,nM,1,False,99172,,False,True,O17:Coculture:F11:SN-38,10.17632/fypp6xhkjy.1
4088,O17,Coculture,F11,SN-38,0.2,0.2,nM,2,False,97319,,False,True,O17:Coculture:F11:SN-38,10.17632/fypp6xhkjy.1
4089,O17,Coculture,F11,SN-38,0.2,0.2,nM,3,False,82424,,False,True,O17:Coculture:F11:SN-38,10.17632/fypp6xhkjy.1
4090,O17,Coculture,F11,SN-38,0.4,0.4,nM,1,False,86409,,False,True,O17:Coculture:F11:SN-38,10.17632/fypp6xhkjy.1
4091,O17,Coculture,F11,SN-38,0.4,0.4,nM,2,False,78074,,False,True,O17:Coculture:F11:SN-38,10.17632/fypp6xhkjy.1
4092,O17,Coculture,F11,SN-38,0.4,0.4,nM,3,False,76372,,False,True,O17:Coculture:F11:SN-38,10.17632/fypp6xhkjy.1
4093,O17,Coculture,F11,SN-38,0.7,0.7,nM,1,False,67429,,False,True,O17:Coculture:F11:SN-38,10.17632/fypp6xhkjy.1
4094,O17,Coculture,F11,SN-38,0.7,0.7,nM,2,False,89534,,False,True,O17:Coculture:F11:SN-38,10.17632/fypp6xhkjy.1
4095,O17,Coculture,F11,SN-38,0.7,0.7,nM,3,False,48753,,False,True,O17:Coculture:F11:SN-38,10.17632/fypp6xhkjy.1
4096,O17,Coculture,F11,SN-38,1.4,1.4,nM,1,False,98679,,False,True,O17:Coculture:F11:SN-38,10.17632/fypp6xhkjy.1
4097,O17,Coculture,F11,SN-38,1.4,1.4,nM,2,False,90078,,False,True,O17:Coculture:F11:SN-38,10.17632/fypp6xhkjy.1
4098,O17,Coculture,F11,SN-38,1.4,1.4,nM,3,False,76586,,False,True,O17:Coculture:F11:SN-38,10.17632/fypp6xhkjy.1
4099,O17,Coculture,F11,SN-38,2.6,2.6,nM,1,False,66872,,False,True,O17:Coculture:F11:SN-38,10.17632/fypp6xhkjy.1
4100,O17,Coculture,F11,SN-38,2.6,2.6,nM,2,False,74662,,False,True,O17:Coculture:F11:SN-38,10.17632/fypp6xhkjy.1
4101,O17,Coculture,F11,SN-38,2.6,2.6,nM,3,False,41783,,False,True,O17:Coculture:F11:SN-38,10.17632/fypp6xhkjy.1
4102,O17,Coculture,F11,SN-38,5.0,5.0,nM,1,False,66134,,False,True,O17:Coculture:F11:SN-38,10.17632/fypp6xhkjy.1
4103,O17,Coculture,F11,SN-38,5.0,5.0,nM,2,False,59563,,False,True,O17:Coculture:F11:SN-38,10.17632/fypp6xhkjy.1
4104,O17,Coculture,F11,SN-38,5.0,5.0,nM,3,False,105131,seeding not uniform,False,False,O17:Coculture:F11:SN-38,10.17632/fypp6xhkjy.1
4105,O17,Coculture,F11,Gef,DMSO,0.0,uM,1,True,90461,,False,True,O17:Coculture:F11:Gef,10.17632/fypp6xhkjy.1
4106,O17,Coculture,F11,Gef,DMSO,0.0,uM,2,True,91096,,False,True,O17:Coculture:F11:Gef,10.17632/fypp6xhkjy.1
4107,O17,Coculture,F11,Gef,DMSO,0.0,uM,3,True,66280,,False,True,O17:Coculture:F11:Gef,10.17632/fypp6xhkjy.1
4108,O17,Coculture,F11,Gef,0.01,0.01,uM,1,False,77114,,False,True,O17:Coculture:F11:Gef,10.17632/fypp6xhkjy.1
4109,O17,Coculture,F11,Gef,0.01,0.01,uM,2,False,70947,,False,True,O17:Coculture:F11:Gef,10.17632/fypp6xhkjy.1
4110,O17,Coculture,F11,Gef,0.01,0.01,uM,3,False,65029,,False,True,O17:Coculture:F11:Gef,10.17632/fypp6xhkjy.1
4111,O17,Coculture,F11,Gef,0.04,0.04,uM,1,False,439680,seeding not uniform,False,False,O17:Coculture:F11:Gef,10.17632/fypp6xhkjy.1
4112,O17,Coculture,F11,Gef,0.04,0.04,uM,2,False,82912,,False,True,O17:Coculture:F11:Gef,10.17632/fypp6xhkjy.1
4113,O17,Coculture,F11,Gef,0.04,0.04,uM,3,False,69894,,False,True,O17:Coculture:F11:Gef,10.17632/fypp6xhkjy.1
4114,O17,Coculture,F11,Gef,0.1,0.1,uM,1,False,137073,,False,True,O17:Coculture:F11:Gef,10.17632/fypp6xhkjy.1
4115,O17,Coculture,F11,Gef,0.1,0.1,uM,2,False,75439,,False,True,O17:Coculture:F11:Gef,10.17632/fypp6xhkjy.1
4116,O17,Coculture,F11,Gef,0.1,0.1,uM,3,False,157755,,False,True,O17:Coculture:F11:Gef,10.17632/fypp6xhkjy.1
4117,O17,Coculture,F11,Gef,0.4,0.4,uM,1,False,57207,,False,True,O17:Coculture:F11:Gef,10.17632/fypp6xhkjy.1
4118,O17,Coculture,F11,Gef,0.4,0.4,uM,2,False,63564,,False,True,O17:Coculture:F11:Gef,10.17632/fypp6xhkjy.1
4119,O17,Coculture,F11,Gef,0.4,0.4,uM,3,False,41784,,False,True,O17:Coculture:F11:Gef,10.17632/fypp6xhkjy.1
4120,O17,Coculture,F11,Gef,1.1,1.1,uM,1,False,95910,,False,True,O17:Coculture:F11:Gef,10.17632/fypp6xhkjy.1
4121,O17,Coculture,F11,Gef,1.1,1.1,uM,2,False,89356,,False,True,O17:Coculture:F11:Gef,10.17632/fypp6xhkjy.1
4122,O17,Coculture,F11,Gef,1.1,1.1,uM,3,False,73865,,False,True,O17:Coculture:F11:Gef,10.17632/fypp6xhkjy.1
4123,O17,Coculture,F11,Gef,3.3,3.3,uM,1,False,68983,,False,True,O17:Coculture:F11:Gef,10.17632/fypp6xhkjy.1
4124,O17,Coculture,F11,Gef,3.3,3.3,uM,2,False,58366,,False,True,O17:Coculture:F11:Gef,10.17632/fypp6xhkjy.1
4125,O17,Coculture,F11,Gef,3.3,3.3,uM,3,False,62539,,False,True,O17:Coculture:F11:Gef,10.17632/fypp6xhkjy.1
4126,O17,Coculture,F11,Gef,10.0,10.0,uM,1,False,97174,,False,True,O17:Coculture:F11:Gef,10.17632/fypp6xhkjy.1
4127,O17,Coculture,F11,Gef,10.0,10.0,uM,2,False,76392,,False,True,O17:Coculture:F11:Gef,10.17632/fypp6xhkjy.1
4128,O17,Coculture,F11,Gef,10.0,10.0,uM,3,False,81884,,False,True,O17:Coculture:F11:Gef,10.17632/fypp6xhkjy.1
4129,O17,Coculture,F06,5-FU,DMSO,0.0,uM,1,True,98609,,False,True,O17:Coculture:F06:5-FU,10.17632/fypp6xhkjy.1
4130,O17,Coculture,F06,5-FU,DMSO,0.0,uM,2,True,130203,,False,True,O17:Coculture:F06:5-FU,10.17632/fypp6xhkjy.1
4131,O17,Coculture,F06,5-FU,DMSO,0.0,uM,3,True,89022,,False,True,O17:Coculture:F06:5-FU,10.17632/fypp6xhkjy.1
4132,O17,Coculture,F06,5-FU,0.5,0.5,uM,1,False,79664,,False,True,O17:Coculture:F06:5-FU,10.17632/fypp6xhkjy.1
4133,O17,Coculture,F06,5-FU,0.5,0.5,uM,2,False,88606,,False,True,O17:Coculture:F06:5-FU,10.17632/fypp6xhkjy.1
4134,O17,Coculture,F06,5-FU,0.5,0.5,uM,3,False,66960,,False,True,O17:Coculture:F06:5-FU,10.17632/fypp6xhkjy.1
4135,O17,Coculture,F06,5-FU,1.1,1.1,uM,1,False,83159,,False,True,O17:Coculture:F06:5-FU,10.17632/fypp6xhkjy.1
4136,O17,Coculture,F06,5-FU,1.1,1.1,uM,2,False,94731,,False,True,O17:Coculture:F06:5-FU,10.17632/fypp6xhkjy.1
4137,O17,Coculture,F06,5-FU,1.1,1.1,uM,3,False,82999,,False,True,O17:Coculture:F06:5-FU,10.17632/fypp6xhkjy.1
4138,O17,Coculture,F06,5-FU,2.5,2.5,uM,1,False,67901,,False,True,O17:Coculture:F06:5-FU,10.17632/fypp6xhkjy.1
4139,O17,Coculture,F06,5-FU,2.5,2.5,uM,2,False,64276,,False,True,O17:Coculture:F06:5-FU,10.17632/fypp6xhkjy.1
4140,O17,Coculture,F06,5-FU,2.5,2.5,uM,3,False,80611,,False,True,O17:Coculture:F06:5-FU,10.17632/fypp6xhkjy.1
4141,O17,Coculture,F06,5-FU,5.5,5.5,uM,1,False,61007,,False,True,O17:Coculture:F06:5-FU,10.17632/fypp6xhkjy.1
4142,O17,Coculture,F06,5-FU,5.5,5.5,uM,2,False,78469,,False,True,O17:Coculture:F06:5-FU,10.17632/fypp6xhkjy.1
4143,O17,Coculture,F06,5-FU,5.5,5.5,uM,3,False,58963,,False,True,O17:Coculture:F06:5-FU,10.17632/fypp6xhkjy.1
4144,O17,Coculture,F06,5-FU,12.2,12.2,uM,1,False,57253,,False,True,O17:Coculture:F06:5-FU,10.17632/fypp6xhkjy.1
4145,O17,Coculture,F06,5-FU,12.2,12.2,uM,2,False,58230,,False,True,O17:Coculture:F06:5-FU,10.17632/fypp6xhkjy.1
4146,O17,Coculture,F06,5-FU,12.2,12.2,uM,3,False,51412,,False,True,O17:Coculture:F06:5-FU,10.17632/fypp6xhkjy.1
4147,O17,Coculture,F06,5-FU,27.0,27.0,uM,1,False,47376,,False,True,O17:Coculture:F06:5-FU,10.17632/fypp6xhkjy.1
4148,O17,Coculture,F06,5-FU,27.0,27.0,uM,2,False,56652,,False,True,O17:Coculture:F06:5-FU,10.17632/fypp6xhkjy.1
4149,O17,Coculture,F06,5-FU,27.0,27.0,uM,3,False,40708,,False,True,O17:Coculture:F06:5-FU,10.17632/fypp6xhkjy.1
4150,O17,Coculture,F06,5-FU,60.0,60.0,uM,1,False,29551,,False,True,O17:Coculture:F06:5-FU,10.17632/fypp6xhkjy.1
4151,O17,Coculture,F06,5-FU,60.0,60.0,uM,2,False,37241,,False,True,O17:Coculture:F06:5-FU,10.17632/fypp6xhkjy.1
4152,O17,Coculture,F06,5-FU,60.0,60.0,uM,3,False,32760,,False,True,O17:Coculture:F06:5-FU,10.17632/fypp6xhkjy.1
4153,O17,Coculture,F06,Oxa,DMSO,0.0,uM,1,True,80043,,False,True,O17:Coculture:F06:Oxa,10.17632/fypp6xhkjy.1
4154,O17,Coculture,F06,Oxa,DMSO,0.0,uM,2,True,96565,,False,True,O17:Coculture:F06:Oxa,10.17632/fypp6xhkjy.1
4155,O17,Coculture,F06,Oxa,DMSO,0.0,uM,3,True,106168,,False,True,O17:Coculture:F06:Oxa,10.17632/fypp6xhkjy.1
4156,O17,Coculture,F06,Oxa,0.5,0.5,uM,1,False,64304,,False,True,O17:Coculture:F06:Oxa,10.17632/fypp6xhkjy.1
4157,O17,Coculture,F06,Oxa,0.5,0.5,uM,2,False,55109,,False,True,O17:Coculture:F06:Oxa,10.17632/fypp6xhkjy.1
4158,O17,Coculture,F06,Oxa,0.5,0.5,uM,3,False,72747,,False,True,O17:Coculture:F06:Oxa,10.17632/fypp6xhkjy.1
4159,O17,Coculture,F06,Oxa,1.1,1.1,uM,1,False,59335,,False,True,O17:Coculture:F06:Oxa,10.17632/fypp6xhkjy.1
4160,O17,Coculture,F06,Oxa,1.1,1.1,uM,2,False,76197,,False,True,O17:Coculture:F06:Oxa,10.17632/fypp6xhkjy.1
4161,O17,Coculture,F06,Oxa,1.1,1.1,uM,3,False,85471,,False,True,O17:Coculture:F06:Oxa,10.17632/fypp6xhkjy.1
4162,O17,Coculture,F06,Oxa,2.5,2.5,uM,1,False,33837,,False,True,O17:Coculture:F06:Oxa,10.17632/fypp6xhkjy.1
4163,O17,Coculture,F06,Oxa,2.5,2.5,uM,2,False,48177,,False,True,O17:Coculture:F06:Oxa,10.17632/fypp6xhkjy.1
4164,O17,Coculture,F06,Oxa,2.5,2.5,uM,3,False,63753,,False,True,O17:Coculture:F06:Oxa,10.17632/fypp6xhkjy.1
4165,O17,Coculture,F06,Oxa,5.5,5.5,uM,1,False,37455,,False,True,O17:Coculture:F06:Oxa,10.17632/fypp6xhkjy.1
4166,O17,Coculture,F06,Oxa,5.5,5.5,uM,2,False,53933,,False,True,O17:Coculture:F06:Oxa,10.17632/fypp6xhkjy.1
4167,O17,Coculture,F06,Oxa,5.5,5.5,uM,3,False,56953,,False,True,O17:Coculture:F06:Oxa,10.17632/fypp6xhkjy.1
4168,O17,Coculture,F06,Oxa,12.2,12.2,uM,1,False,32100,,False,True,O17:Coculture:F06:Oxa,10.17632/fypp6xhkjy.1
4169,O17,Coculture,F06,Oxa,12.2,12.2,uM,2,False,50643,,False,True,O17:Coculture:F06:Oxa,10.17632/fypp6xhkjy.1
4170,O17,Coculture,F06,Oxa,12.2,12.2,uM,3,False,51211,,False,True,O17:Coculture:F06:Oxa,10.17632/fypp6xhkjy.1
4171,O17,Coculture,F06,Oxa,27.0,27.0,uM,1,False,32351,,False,True,O17:Coculture:F06:Oxa,10.17632/fypp6xhkjy.1
4172,O17,Coculture,F06,Oxa,27.0,27.0,uM,2,False,33947,,False,True,O17:Coculture:F06:Oxa,10.17632/fypp6xhkjy.1
4173,O17,Coculture,F06,Oxa,27.0,27.0,uM,3,False,35053,,False,True,O17:Coculture:F06:Oxa,10.17632/fypp6xhkjy.1
4174,O17,Coculture,F06,Oxa,60.0,60.0,uM,1,False,24528,,False,True,O17:Coculture:F06:Oxa,10.17632/fypp6xhkjy.1
4175,O17,Coculture,F06,Oxa,60.0,60.0,uM,2,False,35911,,False,True,O17:Coculture:F06:Oxa,10.17632/fypp6xhkjy.1
4176,O17,Coculture,F06,Oxa,60.0,60.0,uM,3,False,31523,,False,True,O17:Coculture:F06:Oxa,10.17632/fypp6xhkjy.1
4177,O17,Coculture,F06,SN-38,DMSO,0.0,nM,1,True,70281,,False,True,O17:Coculture:F06:SN-38,10.17632/fypp6xhkjy.1
4178,O17,Coculture,F06,SN-38,DMSO,0.0,nM,2,True,53329,,False,True,O17:Coculture:F06:SN-38,10.17632/fypp6xhkjy.1
4179,O17,Coculture,F06,SN-38,DMSO,0.0,nM,3,True,66643,,False,True,O17:Coculture:F06:SN-38,10.17632/fypp6xhkjy.1
4180,O17,Coculture,F06,SN-38,0.1,0.1,nM,1,False,83607,,False,True,O17:Coculture:F06:SN-38,10.17632/fypp6xhkjy.1
4181,O17,Coculture,F06,SN-38,0.1,0.1,nM,2,False,89249,,False,True,O17:Coculture:F06:SN-38,10.17632/fypp6xhkjy.1
4182,O17,Coculture,F06,SN-38,0.1,0.1,nM,3,False,2683,cells lost,False,False,O17:Coculture:F06:SN-38,10.17632/fypp6xhkjy.1
4183,O17,Coculture,F06,SN-38,0.2,0.2,nM,1,False,82649,,False,True,O17:Coculture:F06:SN-38,10.17632/fypp6xhkjy.1
4184,O17,Coculture,F06,SN-38,0.2,0.2,nM,2,False,73675,,False,True,O17:Coculture:F06:SN-38,10.17632/fypp6xhkjy.1
4185,O17,Coculture,F06,SN-38,0.2,0.2,nM,3,False,49459,,False,True,O17:Coculture:F06:SN-38,10.17632/fypp6xhkjy.1
4186,O17,Coculture,F06,SN-38,0.4,0.4,nM,1,False,79245,,False,True,O17:Coculture:F06:SN-38,10.17632/fypp6xhkjy.1
4187,O17,Coculture,F06,SN-38,0.4,0.4,nM,2,False,84135,,False,True,O17:Coculture:F06:SN-38,10.17632/fypp6xhkjy.1
4188,O17,Coculture,F06,SN-38,0.4,0.4,nM,3,False,68299,,False,True,O17:Coculture:F06:SN-38,10.17632/fypp6xhkjy.1
4189,O17,Coculture,F06,SN-38,0.7,0.7,nM,1,False,99855,,False,True,O17:Coculture:F06:SN-38,10.17632/fypp6xhkjy.1
4190,O17,Coculture,F06,SN-38,0.7,0.7,nM,2,False,67783,,False,True,O17:Coculture:F06:SN-38,10.17632/fypp6xhkjy.1
4191,O17,Coculture,F06,SN-38,0.7,0.7,nM,3,False,67226,,False,True,O17:Coculture:F06:SN-38,10.17632/fypp6xhkjy.1
4192,O17,Coculture,F06,SN-38,1.4,1.4,nM,1,False,82375,,False,True,O17:Coculture:F06:SN-38,10.17632/fypp6xhkjy.1
4193,O17,Coculture,F06,SN-38,1.4,1.4,nM,2,False,83197,,False,True,O17:Coculture:F06:SN-38,10.17632/fypp6xhkjy.1
4194,O17,Coculture,F06,SN-38,1.4,1.4,nM,3,False,88290,,False,True,O17:Coculture:F06:SN-38,10.17632/fypp6xhkjy.1
4195,O17,Coculture,F06,SN-38,2.6,2.6,nM,1,False,67416,,False,True,O17:Coculture:F06:SN-38,10.17632/fypp6xhkjy.1
4196,O17,Coculture,F06,SN-38,2.6,2.6,nM,2,False,64944,,False,True,O17:Coculture:F06:SN-38,10.17632/fypp6xhkjy.1
4197,O17,Coculture,F06,SN-38,2.6,2.6,nM,3,False,64533,,False,True,O17:Coculture:F06:SN-38,10.17632/fypp6xhkjy.1
4198,O17,Coculture,F06,SN-38,5.0,5.0,nM,1,False,64137,,False,True,O17:Coculture:F06:SN-38,10.17632/fypp6xhkjy.1
4199,O17,Coculture,F06,SN-38,5.0,5.0,nM,2,False,46423,,False,True,O17:Coculture:F06:SN-38,10.17632/fypp6xhkjy.1
4200,O17,Coculture,F06,SN-38,5.0,5.0,nM,3,False,40363,,False,True,O17:Coculture:F06:SN-38,10.17632/fypp6xhkjy.1
4201,O17,Coculture,F06,Gef,DMSO,0.0,uM,1,True,76830,,False,True,O17:Coculture:F06:Gef,10.17632/fypp6xhkjy.1
4202,O17,Coculture,F06,Gef,DMSO,0.0,uM,2,True,83902,,False,True,O17:Coculture:F06:Gef,10.17632/fypp6xhkjy.1
4203,O17,Coculture,F06,Gef,DMSO,0.0,uM,3,True,50733,,False,True,O17:Coculture:F06:Gef,10.17632/fypp6xhkjy.1
4204,O17,Coculture,F06,Gef,0.01,0.01,uM,1,False,85110,,False,True,O17:Coculture:F06:Gef,10.17632/fypp6xhkjy.1
4205,O17,Coculture,F06,Gef,0.01,0.01,uM,2,False,97643,,False,True,O17:Coculture:F06:Gef,10.17632/fypp6xhkjy.1
4206,O17,Coculture,F06,Gef,0.01,0.01,uM,3,False,67134,,False,True,O17:Coculture:F06:Gef,10.17632/fypp6xhkjy.1
4207,O17,Coculture,F06,Gef,0.04,0.04,uM,1,False,72838,,False,True,O17:Coculture:F06:Gef,10.17632/fypp6xhkjy.1
4208,O17,Coculture,F06,Gef,0.04,0.04,uM,2,False,127517,seeding not uniform,False,False,O17:Coculture:F06:Gef,10.17632/fypp6xhkjy.1
4209,O17,Coculture,F06,Gef,0.04,0.04,uM,3,False,64153,,False,True,O17:Coculture:F06:Gef,10.17632/fypp6xhkjy.1
4210,O17,Coculture,F06,Gef,0.1,0.1,uM,1,False,94494,,False,True,O17:Coculture:F06:Gef,10.17632/fypp6xhkjy.1
4211,O17,Coculture,F06,Gef,0.1,0.1,uM,2,False,81124,,False,True,O17:Coculture:F06:Gef,10.17632/fypp6xhkjy.1
4212,O17,Coculture,F06,Gef,0.1,0.1,uM,3,False,72288,,False,True,O17:Coculture:F06:Gef,10.17632/fypp6xhkjy.1
4213,O17,Coculture,F06,Gef,0.4,0.4,uM,1,False,67958,,False,True,O17:Coculture:F06:Gef,10.17632/fypp6xhkjy.1
4214,O17,Coculture,F06,Gef,0.4,0.4,uM,2,False,67662,,False,True,O17:Coculture:F06:Gef,10.17632/fypp6xhkjy.1
4215,O17,Coculture,F06,Gef,0.4,0.4,uM,3,False,39617,,False,True,O17:Coculture:F06:Gef,10.17632/fypp6xhkjy.1
4216,O17,Coculture,F06,Gef,1.1,1.1,uM,1,False,73101,,False,True,O17:Coculture:F06:Gef,10.17632/fypp6xhkjy.1
4217,O17,Coculture,F06,Gef,1.1,1.1,uM,2,False,84716,,False,True,O17:Coculture:F06:Gef,10.17632/fypp6xhkjy.1
4218,O17,Coculture,F06,Gef,1.1,1.1,uM,3,False,53858,,False,True,O17:Coculture:F06:Gef,10.17632/fypp6xhkjy.1
4219,O17,Coculture,F06,Gef,3.3,3.3,uM,1,False,78590,,False,True,O17:Coculture:F06:Gef,10.17632/fypp6xhkjy.1
4220,O17,Coculture,F06,Gef,3.3,3.3,uM,2,False,62698,,False,True,O17:Coculture:F06:Gef,10.17632/fypp6xhkjy.1
4221,O17,Coculture,F06,Gef,3.3,3.3,uM,3,False,62741,,False,True,O17:Coculture:F06:Gef,10.17632/fypp6xhkjy.1
4222,O17,Coculture,F06,Gef,10.0,10.0,uM,1,False,78136,,False,True,O17:Coculture:F06:Gef,10.17632/fypp6xhkjy.1
4223,O17,Coculture,F06,Gef,10.0,10.0,uM,2,False,105949,,False,True,O17:Coculture:F06:Gef,10.17632/fypp6xhkjy.1
4224,O17,Coculture,F06,Gef,10.0,10.0,uM,3,False,60298,,False,True,O17:Coculture:F06:Gef,10.17632/fypp6xhkjy.1
4225,O18,Monoculture,,5-FU,DMSO,0.0,uM,1,True,122354,,False,True,O18:Monoculture::5-FU,10.17632/fypp6xhkjy.1
4226,O18,Monoculture,,5-FU,DMSO,0.0,uM,2,True,214558,,False,True,O18:Monoculture::5-FU,10.17632/fypp6xhkjy.1
4227,O18,Monoculture,,5-FU,DMSO,0.0,uM,3,True,99881,,False,True,O18:Monoculture::5-FU,10.17632/fypp6xhkjy.1
4228,O18,Monoculture,,5-FU,0.5,0.5,uM,1,False,93054,,False,True,O18:Monoculture::5-FU,10.17632/fypp6xhkjy.1
4229,O18,Monoculture,,5-FU,0.5,0.5,uM,2,False,76678,,False,True,O18:Monoculture::5-FU,10.17632/fypp6xhkjy.1
4230,O18,Monoculture,,5-FU,0.5,0.5,uM,3,False,103112,,False,True,O18:Monoculture::5-FU,10.17632/fypp6xhkjy.1
4231,O18,Monoculture,,5-FU,1.1,1.1,uM,1,False,84631,,False,True,O18:Monoculture::5-FU,10.17632/fypp6xhkjy.1
4232,O18,Monoculture,,5-FU,1.1,1.1,uM,2,False,90496,,False,True,O18:Monoculture::5-FU,10.17632/fypp6xhkjy.1
4233,O18,Monoculture,,5-FU,1.1,1.1,uM,3,False,125771,,False,True,O18:Monoculture::5-FU,10.17632/fypp6xhkjy.1
4234,O18,Monoculture,,5-FU,2.5,2.5,uM,1,False,58252,,False,True,O18:Monoculture::5-FU,10.17632/fypp6xhkjy.1
4235,O18,Monoculture,,5-FU,2.5,2.5,uM,2,False,62626,,False,True,O18:Monoculture::5-FU,10.17632/fypp6xhkjy.1
4236,O18,Monoculture,,5-FU,2.5,2.5,uM,3,False,86115,,False,True,O18:Monoculture::5-FU,10.17632/fypp6xhkjy.1
4237,O18,Monoculture,,5-FU,5.5,5.5,uM,1,False,84103,,False,True,O18:Monoculture::5-FU,10.17632/fypp6xhkjy.1
4238,O18,Monoculture,,5-FU,5.5,5.5,uM,2,False,76457,,False,True,O18:Monoculture::5-FU,10.17632/fypp6xhkjy.1
4239,O18,Monoculture,,5-FU,5.5,5.5,uM,3,False,87130,,False,True,O18:Monoculture::5-FU,10.17632/fypp6xhkjy.1
4240,O18,Monoculture,,5-FU,12.2,12.2,uM,1,False,72792,,False,True,O18:Monoculture::5-FU,10.17632/fypp6xhkjy.1
4241,O18,Monoculture,,5-FU,12.2,12.2,uM,2,False,56728,,False,True,O18:Monoculture::5-FU,10.17632/fypp6xhkjy.1
4242,O18,Monoculture,,5-FU,12.2,12.2,uM,3,False,52404,,False,True,O18:Monoculture::5-FU,10.17632/fypp6xhkjy.1
4243,O18,Monoculture,,5-FU,27.0,27.0,uM,1,False,35444,,False,True,O18:Monoculture::5-FU,10.17632/fypp6xhkjy.1
4244,O18,Monoculture,,5-FU,27.0,27.0,uM,2,False,32714,,False,True,O18:Monoculture::5-FU,10.17632/fypp6xhkjy.1
4245,O18,Monoculture,,5-FU,27.0,27.0,uM,3,False,29827,,False,True,O18:Monoculture::5-FU,10.17632/fypp6xhkjy.1
4246,O18,Monoculture,,5-FU,60.0,60.0,uM,1,False,21010,,False,True,O18:Monoculture::5-FU,10.17632/fypp6xhkjy.1
4247,O18,Monoculture,,5-FU,60.0,60.0,uM,2,False,21633,,False,True,O18:Monoculture::5-FU,10.17632/fypp6xhkjy.1
4248,O18,Monoculture,,5-FU,60.0,60.0,uM,3,False,20132,,False,True,O18:Monoculture::5-FU,10.17632/fypp6xhkjy.1
4249,O18,Monoculture,,Oxa,DMSO,0.0,uM,1,True,118256,,False,True,O18:Monoculture::Oxa,10.17632/fypp6xhkjy.1
4250,O18,Monoculture,,Oxa,DMSO,0.0,uM,2,True,251758,seeding not uniform,False,False,O18:Monoculture::Oxa,10.17632/fypp6xhkjy.1
4251,O18,Monoculture,,Oxa,DMSO,0.0,uM,3,True,118636,,False,True,O18:Monoculture::Oxa,10.17632/fypp6xhkjy.1
4252,O18,Monoculture,,Oxa,0.5,0.5,uM,1,False,147203,,False,True,O18:Monoculture::Oxa,10.17632/fypp6xhkjy.1
4253,O18,Monoculture,,Oxa,0.5,0.5,uM,2,False,121854,,False,True,O18:Monoculture::Oxa,10.17632/fypp6xhkjy.1
4254,O18,Monoculture,,Oxa,0.5,0.5,uM,3,False,89132,,False,True,O18:Monoculture::Oxa,10.17632/fypp6xhkjy.1
4255,O18,Monoculture,,Oxa,1.1,1.1,uM,1,False,88845,,False,True,O18:Monoculture::Oxa,10.17632/fypp6xhkjy.1
4256,O18,Monoculture,,Oxa,1.1,1.1,uM,2,False,89204,,False,True,O18:Monoculture::Oxa,10.17632/fypp6xhkjy.1
4257,O18,Monoculture,,Oxa,1.1,1.1,uM,3,False,177373,seeding not uniform,False,False,O18:Monoculture::Oxa,10.17632/fypp6xhkjy.1
4258,O18,Monoculture,,Oxa,2.5,2.5,uM,1,False,57869,,False,True,O18:Monoculture::Oxa,10.17632/fypp6xhkjy.1
4259,O18,Monoculture,,Oxa,2.5,2.5,uM,2,False,77375,,False,True,O18:Monoculture::Oxa,10.17632/fypp6xhkjy.1
4260,O18,Monoculture,,Oxa,2.5,2.5,uM,3,False,72079,,False,True,O18:Monoculture::Oxa,10.17632/fypp6xhkjy.1
4261,O18,Monoculture,,Oxa,5.5,5.5,uM,1,False,35444,,False,True,O18:Monoculture::Oxa,10.17632/fypp6xhkjy.1
4262,O18,Monoculture,,Oxa,5.5,5.5,uM,2,False,19059,,False,True,O18:Monoculture::Oxa,10.17632/fypp6xhkjy.1
4263,O18,Monoculture,,Oxa,5.5,5.5,uM,3,False,19992,,False,True,O18:Monoculture::Oxa,10.17632/fypp6xhkjy.1
4264,O18,Monoculture,,Oxa,12.2,12.2,uM,1,False,17859,,False,True,O18:Monoculture::Oxa,10.17632/fypp6xhkjy.1
4265,O18,Monoculture,,Oxa,12.2,12.2,uM,2,False,13552,,False,True,O18:Monoculture::Oxa,10.17632/fypp6xhkjy.1
4266,O18,Monoculture,,Oxa,12.2,12.2,uM,3,False,17152,,False,True,O18:Monoculture::Oxa,10.17632/fypp6xhkjy.1
4267,O18,Monoculture,,Oxa,27.0,27.0,uM,1,False,12509,,False,True,O18:Monoculture::Oxa,10.17632/fypp6xhkjy.1
4268,O18,Monoculture,,Oxa,27.0,27.0,uM,2,False,9974,,False,True,O18:Monoculture::Oxa,10.17632/fypp6xhkjy.1
4269,O18,Monoculture,,Oxa,27.0,27.0,uM,3,False,11680,,False,True,O18:Monoculture::Oxa,10.17632/fypp6xhkjy.1
4270,O18,Monoculture,,Oxa,60.0,60.0,uM,1,False,6372,,False,True,O18:Monoculture::Oxa,10.17632/fypp6xhkjy.1
4271,O18,Monoculture,,Oxa,60.0,60.0,uM,2,False,7099,,False,True,O18:Monoculture::Oxa,10.17632/fypp6xhkjy.1
4272,O18,Monoculture,,Oxa,60.0,60.0,uM,3,False,5448,,False,True,O18:Monoculture::Oxa,10.17632/fypp6xhkjy.1
4273,O18,Monoculture,,SN-38,DMSO,0.0,nM,1,True,9602,cells lost,False,False,O18:Monoculture::SN-38,10.17632/fypp6xhkjy.1
4274,O18,Monoculture,,SN-38,DMSO,0.0,nM,2,True,89029,,False,True,O18:Monoculture::SN-38,10.17632/fypp6xhkjy.1
4275,O18,Monoculture,,SN-38,DMSO,0.0,nM,3,True,102625,,False,True,O18:Monoculture::SN-38,10.17632/fypp6xhkjy.1
4276,O18,Monoculture,,SN-38,0.1,0.1,nM,1,False,112141,,False,True,O18:Monoculture::SN-38,10.17632/fypp6xhkjy.1
4277,O18,Monoculture,,SN-38,0.1,0.1,nM,2,False,98350,,False,True,O18:Monoculture::SN-38,10.17632/fypp6xhkjy.1
4278,O18,Monoculture,,SN-38,0.1,0.1,nM,3,False,117084,,False,True,O18:Monoculture::SN-38,10.17632/fypp6xhkjy.1
4279,O18,Monoculture,,SN-38,0.2,0.2,nM,1,False,112118,,False,True,O18:Monoculture::SN-38,10.17632/fypp6xhkjy.1
4280,O18,Monoculture,,SN-38,0.2,0.2,nM,2,False,127579,,False,True,O18:Monoculture::SN-38,10.17632/fypp6xhkjy.1
4281,O18,Monoculture,,SN-38,0.2,0.2,nM,3,False,63277,seeding not uniform,False,False,O18:Monoculture::SN-38,10.17632/fypp6xhkjy.1
4282,O18,Monoculture,,SN-38,0.4,0.4,nM,1,False,93024,,False,True,O18:Monoculture::SN-38,10.17632/fypp6xhkjy.1
4283,O18,Monoculture,,SN-38,0.4,0.4,nM,2,False,286177,seeding not uniform,False,False,O18:Monoculture::SN-38,10.17632/fypp6xhkjy.1
4284,O18,Monoculture,,SN-38,0.4,0.4,nM,3,False,82402,,False,True,O18:Monoculture::SN-38,10.17632/fypp6xhkjy.1
4285,O18,Monoculture,,SN-38,0.7,0.7,nM,1,False,125269,,False,True,O18:Monoculture::SN-38,10.17632/fypp6xhkjy.1
4286,O18,Monoculture,,SN-38,0.7,0.7,nM,2,False,105296,,False,True,O18:Monoculture::SN-38,10.17632/fypp6xhkjy.1
4287,O18,Monoculture,,SN-38,0.7,0.7,nM,3,False,103438,,False,True,O18:Monoculture::SN-38,10.17632/fypp6xhkjy.1
4288,O18,Monoculture,,SN-38,1.4,1.4,nM,1,False,201403,seeding not uniform,False,False,O18:Monoculture::SN-38,10.17632/fypp6xhkjy.1
4289,O18,Monoculture,,SN-38,1.4,1.4,nM,2,False,142532,,False,True,O18:Monoculture::SN-38,10.17632/fypp6xhkjy.1
4290,O18,Monoculture,,SN-38,1.4,1.4,nM,3,False,112947,,False,True,O18:Monoculture::SN-38,10.17632/fypp6xhkjy.1
4291,O18,Monoculture,,SN-38,2.6,2.6,nM,1,False,197075,seeding not uniform,False,False,O18:Monoculture::SN-38,10.17632/fypp6xhkjy.1
4292,O18,Monoculture,,SN-38,2.6,2.6,nM,2,False,41264,,False,True,O18:Monoculture::SN-38,10.17632/fypp6xhkjy.1
4293,O18,Monoculture,,SN-38,2.6,2.6,nM,3,False,66287,,False,True,O18:Monoculture::SN-38,10.17632/fypp6xhkjy.1
4294,O18,Monoculture,,SN-38,5.0,5.0,nM,1,False,94418,seeding not uniform,False,False,O18:Monoculture::SN-38,10.17632/fypp6xhkjy.1
4295,O18,Monoculture,,SN-38,5.0,5.0,nM,2,False,73150,,False,True,O18:Monoculture::SN-38,10.17632/fypp6xhkjy.1
4296,O18,Monoculture,,SN-38,5.0,5.0,nM,3,False,48654,,False,True,O18:Monoculture::SN-38,10.17632/fypp6xhkjy.1
4297,O18,Monoculture,,Gef,DMSO,0.0,uM,1,True,75449,,False,True,O18:Monoculture::Gef,10.17632/fypp6xhkjy.1
4298,O18,Monoculture,,Gef,DMSO,0.0,uM,2,True,104619,,False,True,O18:Monoculture::Gef,10.17632/fypp6xhkjy.1
4299,O18,Monoculture,,Gef,DMSO,0.0,uM,3,True,70247,,False,True,O18:Monoculture::Gef,10.17632/fypp6xhkjy.1
4300,O18,Monoculture,,Gef,0.01,0.01,uM,1,False,117873,,False,True,O18:Monoculture::Gef,10.17632/fypp6xhkjy.1
4301,O18,Monoculture,,Gef,0.01,0.01,uM,2,False,5703,cells lost,False,False,O18:Monoculture::Gef,10.17632/fypp6xhkjy.1
4302,O18,Monoculture,,Gef,0.01,0.01,uM,3,False,68265,,False,True,O18:Monoculture::Gef,10.17632/fypp6xhkjy.1
4303,O18,Monoculture,,Gef,0.04,0.04,uM,1,False,58807,,False,True,O18:Monoculture::Gef,10.17632/fypp6xhkjy.1
4304,O18,Monoculture,,Gef,0.04,0.04,uM,2,False,60566,,False,True,O18:Monoculture::Gef,10.17632/fypp6xhkjy.1
4305,O18,Monoculture,,Gef,0.04,0.04,uM,3,False,102006,,False,True,O18:Monoculture::Gef,10.17632/fypp6xhkjy.1
4306,O18,Monoculture,,Gef,0.1,0.1,uM,1,False,74637,,False,True,O18:Monoculture::Gef,10.17632/fypp6xhkjy.1
4307,O18,Monoculture,,Gef,0.1,0.1,uM,2,False,90345,,False,True,O18:Monoculture::Gef,10.17632/fypp6xhkjy.1
4308,O18,Monoculture,,Gef,0.1,0.1,uM,3,False,86325,,False,True,O18:Monoculture::Gef,10.17632/fypp6xhkjy.1
4309,O18,Monoculture,,Gef,0.4,0.4,uM,1,False,48020,,False,True,O18:Monoculture::Gef,10.17632/fypp6xhkjy.1
4310,O18,Monoculture,,Gef,0.4,0.4,uM,2,False,38832,,False,True,O18:Monoculture::Gef,10.17632/fypp6xhkjy.1
4311,O18,Monoculture,,Gef,0.4,0.4,uM,3,False,47208,,False,True,O18:Monoculture::Gef,10.17632/fypp6xhkjy.1
4312,O18,Monoculture,,Gef,1.1,1.1,uM,1,False,43576,,False,True,O18:Monoculture::Gef,10.17632/fypp6xhkjy.1
4313,O18,Monoculture,,Gef,1.1,1.1,uM,2,False,60565,,False,True,O18:Monoculture::Gef,10.17632/fypp6xhkjy.1
4314,O18,Monoculture,,Gef,1.1,1.1,uM,3,False,29396,,False,True,O18:Monoculture::Gef,10.17632/fypp6xhkjy.1
4315,O18,Monoculture,,Gef,3.3,3.3,uM,1,False,37277,,False,True,O18:Monoculture::Gef,10.17632/fypp6xhkjy.1
4316,O18,Monoculture,,Gef,3.3,3.3,uM,2,False,31745,,False,True,O18:Monoculture::Gef,10.17632/fypp6xhkjy.1
4317,O18,Monoculture,,Gef,3.3,3.3,uM,3,False,54534,,False,True,O18:Monoculture::Gef,10.17632/fypp6xhkjy.1
4318,O18,Monoculture,,Gef,10.0,10.0,uM,1,False,29308,,False,True,O18:Monoculture::Gef,10.17632/fypp6xhkjy.1
4319,O18,Monoculture,,Gef,10.0,10.0,uM,2,False,41138,,False,True,O18:Monoculture::Gef,10.17632/fypp6xhkjy.1
4320,O18,Monoculture,,Gef,10.0,10.0,uM,3,False,9961,,False,True,O18:Monoculture::Gef,10.17632/fypp6xhkjy.1
4321,O18,Coculture,F20,5-FU,DMSO,0.0,uM,1,True,97968,,False,True,O18:Coculture:F20:5-FU,10.17632/fypp6xhkjy.1
4322,O18,Coculture,F20,5-FU,DMSO,0.0,uM,2,True,249905,seeding not uniform,False,False,O18:Coculture:F20:5-FU,10.17632/fypp6xhkjy.1
4323,O18,Coculture,F20,5-FU,DMSO,0.0,uM,3,True,121438,,False,True,O18:Coculture:F20:5-FU,10.17632/fypp6xhkjy.1
4324,O18,Coculture,F20,5-FU,0.5,0.5,uM,1,False,98382,,False,True,O18:Coculture:F20:5-FU,10.17632/fypp6xhkjy.1
4325,O18,Coculture,F20,5-FU,0.5,0.5,uM,2,False,87508,,False,True,O18:Coculture:F20:5-FU,10.17632/fypp6xhkjy.1
4326,O18,Coculture,F20,5-FU,0.5,0.5,uM,3,False,109418,,False,True,O18:Coculture:F20:5-FU,10.17632/fypp6xhkjy.1
4327,O18,Coculture,F20,5-FU,1.1,1.1,uM,1,False,57193,,False,True,O18:Coculture:F20:5-FU,10.17632/fypp6xhkjy.1
4328,O18,Coculture,F20,5-FU,1.1,1.1,uM,2,False,76596,,False,True,O18:Coculture:F20:5-FU,10.17632/fypp6xhkjy.1
4329,O18,Coculture,F20,5-FU,1.1,1.1,uM,3,False,70054,,False,True,O18:Coculture:F20:5-FU,10.17632/fypp6xhkjy.1
4330,O18,Coculture,F20,5-FU,2.5,2.5,uM,1,False,70347,,False,True,O18:Coculture:F20:5-FU,10.17632/fypp6xhkjy.1
4331,O18,Coculture,F20,5-FU,2.5,2.5,uM,2,False,61809,,False,True,O18:Coculture:F20:5-FU,10.17632/fypp6xhkjy.1
4332,O18,Coculture,F20,5-FU,2.5,2.5,uM,3,False,59556,,False,True,O18:Coculture:F20:5-FU,10.17632/fypp6xhkjy.1
4333,O18,Coculture,F20,5-FU,5.5,5.5,uM,1,False,57850,,False,True,O18:Coculture:F20:5-FU,10.17632/fypp6xhkjy.1
4334,O18,Coculture,F20,5-FU,5.5,5.5,uM,2,False,53091,,False,True,O18:Coculture:F20:5-FU,10.17632/fypp6xhkjy.1
4335,O18,Coculture,F20,5-FU,5.5,5.5,uM,3,False,49662,,False,True,O18:Coculture:F20:5-FU,10.17632/fypp6xhkjy.1
4336,O18,Coculture,F20,5-FU,12.2,12.2,uM,1,False,53823,,False,True,O18:Coculture:F20:5-FU,10.17632/fypp6xhkjy.1
4337,O18,Coculture,F20,5-FU,12.2,12.2,uM,2,False,50666,,False,True,O18:Coculture:F20:5-FU,10.17632/fypp6xhkjy.1
4338,O18,Coculture,F20,5-FU,12.2,12.2,uM,3,False,50892,,False,True,O18:Coculture:F20:5-FU,10.17632/fypp6xhkjy.1
4339,O18,Coculture,F20,5-FU,27.0,27.0,uM,1,False,36430,,False,True,O18:Coculture:F20:5-FU,10.17632/fypp6xhkjy.1
4340,O18,Coculture,F20,5-FU,27.0,27.0,uM,2,False,33164,,False,True,O18:Coculture:F20:5-FU,10.17632/fypp6xhkjy.1
4341,O18,Coculture,F20,5-FU,27.0,27.0,uM,3,False,33482,,False,True,O18:Coculture:F20:5-FU,10.17632/fypp6xhkjy.1
4342,O18,Coculture,F20,5-FU,60.0,60.0,uM,1,False,60048,,False,True,O18:Coculture:F20:5-FU,10.17632/fypp6xhkjy.1
4343,O18,Coculture,F20,5-FU,60.0,60.0,uM,2,False,53169,,False,True,O18:Coculture:F20:5-FU,10.17632/fypp6xhkjy.1
4344,O18,Coculture,F20,5-FU,60.0,60.0,uM,3,False,33277,,False,True,O18:Coculture:F20:5-FU,10.17632/fypp6xhkjy.1
4345,O18,Coculture,F20,Oxa,DMSO,0.0,uM,1,True,160204,,False,True,O18:Coculture:F20:Oxa,10.17632/fypp6xhkjy.1
4346,O18,Coculture,F20,Oxa,DMSO,0.0,uM,2,True,122608,,False,True,O18:Coculture:F20:Oxa,10.17632/fypp6xhkjy.1
4347,O18,Coculture,F20,Oxa,DMSO,0.0,uM,3,True,152144,,False,True,O18:Coculture:F20:Oxa,10.17632/fypp6xhkjy.1
4348,O18,Coculture,F20,Oxa,0.5,0.5,uM,1,False,93637,,False,True,O18:Coculture:F20:Oxa,10.17632/fypp6xhkjy.1
4349,O18,Coculture,F20,Oxa,0.5,0.5,uM,2,False,105674,,False,True,O18:Coculture:F20:Oxa,10.17632/fypp6xhkjy.1
4350,O18,Coculture,F20,Oxa,0.5,0.5,uM,3,False,148700,,False,True,O18:Coculture:F20:Oxa,10.17632/fypp6xhkjy.1
4351,O18,Coculture,F20,Oxa,1.1,1.1,uM,1,False,113177,,False,True,O18:Coculture:F20:Oxa,10.17632/fypp6xhkjy.1
4352,O18,Coculture,F20,Oxa,1.1,1.1,uM,2,False,86880,,False,True,O18:Coculture:F20:Oxa,10.17632/fypp6xhkjy.1
4353,O18,Coculture,F20,Oxa,1.1,1.1,uM,3,False,90004,,False,True,O18:Coculture:F20:Oxa,10.17632/fypp6xhkjy.1
4354,O18,Coculture,F20,Oxa,2.5,2.5,uM,1,False,63298,,False,True,O18:Coculture:F20:Oxa,10.17632/fypp6xhkjy.1
4355,O18,Coculture,F20,Oxa,2.5,2.5,uM,2,False,55684,,False,True,O18:Coculture:F20:Oxa,10.17632/fypp6xhkjy.1
4356,O18,Coculture,F20,Oxa,2.5,2.5,uM,3,False,44987,,False,True,O18:Coculture:F20:Oxa,10.17632/fypp6xhkjy.1
4357,O18,Coculture,F20,Oxa,5.5,5.5,uM,1,False,21536,,False,True,O18:Coculture:F20:Oxa,10.17632/fypp6xhkjy.1
4358,O18,Coculture,F20,Oxa,5.5,5.5,uM,2,False,30835,,False,True,O18:Coculture:F20:Oxa,10.17632/fypp6xhkjy.1
4359,O18,Coculture,F20,Oxa,5.5,5.5,uM,3,False,22961,,False,True,O18:Coculture:F20:Oxa,10.17632/fypp6xhkjy.1
4360,O18,Coculture,F20,Oxa,12.2,12.2,uM,1,False,21002,,False,True,O18:Coculture:F20:Oxa,10.17632/fypp6xhkjy.1
4361,O18,Coculture,F20,Oxa,12.2,12.2,uM,2,False,21963,,False,True,O18:Coculture:F20:Oxa,10.17632/fypp6xhkjy.1
4362,O18,Coculture,F20,Oxa,12.2,12.2,uM,3,False,26891,,False,True,O18:Coculture:F20:Oxa,10.17632/fypp6xhkjy.1
4363,O18,Coculture,F20,Oxa,27.0,27.0,uM,1,False,18585,,False,True,O18:Coculture:F20:Oxa,10.17632/fypp6xhkjy.1
4364,O18,Coculture,F20,Oxa,27.0,27.0,uM,2,False,14934,,False,True,O18:Coculture:F20:Oxa,10.17632/fypp6xhkjy.1
4365,O18,Coculture,F20,Oxa,27.0,27.0,uM,3,False,16041,,False,True,O18:Coculture:F20:Oxa,10.17632/fypp6xhkjy.1
4366,O18,Coculture,F20,Oxa,60.0,60.0,uM,1,False,15642,,False,True,O18:Coculture:F20:Oxa,10.17632/fypp6xhkjy.1
4367,O18,Coculture,F20,Oxa,60.0,60.0,uM,2,False,11849,,False,True,O18:Coculture:F20:Oxa,10.17632/fypp6xhkjy.1
4368,O18,Coculture,F20,Oxa,60.0,60.0,uM,3,False,13416,,False,True,O18:Coculture:F20:Oxa,10.17632/fypp6xhkjy.1
4369,O18,Coculture,F20,SN-38,DMSO,0.0,nM,1,True,113391,,False,True,O18:Coculture:F20:SN-38,10.17632/fypp6xhkjy.1
4370,O18,Coculture,F20,SN-38,DMSO,0.0,nM,2,True,95096,,False,True,O18:Coculture:F20:SN-38,10.17632/fypp6xhkjy.1
4371,O18,Coculture,F20,SN-38,DMSO,0.0,nM,3,True,122162,,False,True,O18:Coculture:F20:SN-38,10.17632/fypp6xhkjy.1
4372,O18,Coculture,F20,SN-38,0.1,0.1,nM,1,False,110842,,False,True,O18:Coculture:F20:SN-38,10.17632/fypp6xhkjy.1
4373,O18,Coculture,F20,SN-38,0.1,0.1,nM,2,False,84308,,False,True,O18:Coculture:F20:SN-38,10.17632/fypp6xhkjy.1
4374,O18,Coculture,F20,SN-38,0.1,0.1,nM,3,False,241510,,False,True,O18:Coculture:F20:SN-38,10.17632/fypp6xhkjy.1
4375,O18,Coculture,F20,SN-38,0.2,0.2,nM,1,False,221784,seeding not uniform,False,False,O18:Coculture:F20:SN-38,10.17632/fypp6xhkjy.1
4376,O18,Coculture,F20,SN-38,0.2,0.2,nM,2,False,183848,,False,True,O18:Coculture:F20:SN-38,10.17632/fypp6xhkjy.1
4377,O18,Coculture,F20,SN-38,0.2,0.2,nM,3,False,127892,,False,True,O18:Coculture:F20:SN-38,10.17632/fypp6xhkjy.1
4378,O18,Coculture,F20,SN-38,0.4,0.4,nM,1,False,105996,,False,True,O18:Coculture:F20:SN-38,10.17632/fypp6xhkjy.1
4379,O18,Coculture,F20,SN-38,0.4,0.4,nM,2,False,93338,,False,True,O18:Coculture:F20:SN-38,10.17632/fypp6xhkjy.1
4380,O18,Coculture,F20,SN-38,0.4,0.4,nM,3,False,84441,,False,True,O18:Coculture:F20:SN-38,10.17632/fypp6xhkjy.1
4381,O18,Coculture,F20,SN-38,0.7,0.7,nM,1,False,154847,,False,True,O18:Coculture:F20:SN-38,10.17632/fypp6xhkjy.1
4382,O18,Coculture,F20,SN-38,0.7,0.7,nM,2,False,138828,,False,True,O18:Coculture:F20:SN-38,10.17632/fypp6xhkjy.1
4383,O18,Coculture,F20,SN-38,0.7,0.7,nM,3,False,142831,,False,True,O18:Coculture:F20:SN-38,10.17632/fypp6xhkjy.1
4384,O18,Coculture,F20,SN-38,1.4,1.4,nM,1,False,70303,,False,True,O18:Coculture:F20:SN-38,10.17632/fypp6xhkjy.1
4385,O18,Coculture,F20,SN-38,1.4,1.4,nM,2,False,84345,,False,True,O18:Coculture:F20:SN-38,10.17632/fypp6xhkjy.1
4386,O18,Coculture,F20,SN-38,1.4,1.4,nM,3,False,70566,,False,True,O18:Coculture:F20:SN-38,10.17632/fypp6xhkjy.1
4387,O18,Coculture,F20,SN-38,2.6,2.6,nM,1,False,60969,,False,True,O18:Coculture:F20:SN-38,10.17632/fypp6xhkjy.1
4388,O18,Coculture,F20,SN-38,2.6,2.6,nM,2,False,76371,,False,True,O18:Coculture:F20:SN-38,10.17632/fypp6xhkjy.1
4389,O18,Coculture,F20,SN-38,2.6,2.6,nM,3,False,64330,,False,True,O18:Coculture:F20:SN-38,10.17632/fypp6xhkjy.1
4390,O18,Coculture,F20,SN-38,5.0,5.0,nM,1,False,42592,,False,True,O18:Coculture:F20:SN-38,10.17632/fypp6xhkjy.1
4391,O18,Coculture,F20,SN-38,5.0,5.0,nM,2,False,29844,,False,True,O18:Coculture:F20:SN-38,10.17632/fypp6xhkjy.1
4392,O18,Coculture,F20,SN-38,5.0,5.0,nM,3,False,26807,,False,True,O18:Coculture:F20:SN-38,10.17632/fypp6xhkjy.1
4393,O18,Coculture,F20,Gef,DMSO,0.0,uM,1,True,144019,,False,True,O18:Coculture:F20:Gef,10.17632/fypp6xhkjy.1
4394,O18,Coculture,F20,Gef,DMSO,0.0,uM,2,True,130541,,False,True,O18:Coculture:F20:Gef,10.17632/fypp6xhkjy.1
4395,O18,Coculture,F20,Gef,DMSO,0.0,uM,3,True,96195,,False,True,O18:Coculture:F20:Gef,10.17632/fypp6xhkjy.1
4396,O18,Coculture,F20,Gef,0.01,0.01,uM,1,False,153000,,False,True,O18:Coculture:F20:Gef,10.17632/fypp6xhkjy.1
4397,O18,Coculture,F20,Gef,0.01,0.01,uM,2,False,92572,seeding not uniform,False,False,O18:Coculture:F20:Gef,10.17632/fypp6xhkjy.1
4398,O18,Coculture,F20,Gef,0.01,0.01,uM,3,False,133521,,False,True,O18:Coculture:F20:Gef,10.17632/fypp6xhkjy.1
4399,O18,Coculture,F20,Gef,0.04,0.04,uM,1,False,122001,,False,True,O18:Coculture:F20:Gef,10.17632/fypp6xhkjy.1
4400,O18,Coculture,F20,Gef,0.04,0.04,uM,2,False,142886,,False,True,O18:Coculture:F20:Gef,10.17632/fypp6xhkjy.1
4401,O18,Coculture,F20,Gef,0.04,0.04,uM,3,False,102160,,False,True,O18:Coculture:F20:Gef,10.17632/fypp6xhkjy.1
4402,O18,Coculture,F20,Gef,0.1,0.1,uM,1,False,179624,,False,True,O18:Coculture:F20:Gef,10.17632/fypp6xhkjy.1
4403,O18,Coculture,F20,Gef,0.1,0.1,uM,2,False,167093,,False,True,O18:Coculture:F20:Gef,10.17632/fypp6xhkjy.1
4404,O18,Coculture,F20,Gef,0.1,0.1,uM,3,False,124602,,False,True,O18:Coculture:F20:Gef,10.17632/fypp6xhkjy.1
4405,O18,Coculture,F20,Gef,0.4,0.4,uM,1,False,81468,,False,True,O18:Coculture:F20:Gef,10.17632/fypp6xhkjy.1
4406,O18,Coculture,F20,Gef,0.4,0.4,uM,2,False,101871,,False,True,O18:Coculture:F20:Gef,10.17632/fypp6xhkjy.1
4407,O18,Coculture,F20,Gef,0.4,0.4,uM,3,False,79473,,False,True,O18:Coculture:F20:Gef,10.17632/fypp6xhkjy.1
4408,O18,Coculture,F20,Gef,1.1,1.1,uM,1,False,82916,,False,True,O18:Coculture:F20:Gef,10.17632/fypp6xhkjy.1
4409,O18,Coculture,F20,Gef,1.1,1.1,uM,2,False,62113,,False,True,O18:Coculture:F20:Gef,10.17632/fypp6xhkjy.1
4410,O18,Coculture,F20,Gef,1.1,1.1,uM,3,False,71332,,False,True,O18:Coculture:F20:Gef,10.17632/fypp6xhkjy.1
4411,O18,Coculture,F20,Gef,3.3,3.3,uM,1,False,94485,,False,True,O18:Coculture:F20:Gef,10.17632/fypp6xhkjy.1
4412,O18,Coculture,F20,Gef,3.3,3.3,uM,2,False,101175,,False,True,O18:Coculture:F20:Gef,10.17632/fypp6xhkjy.1
4413,O18,Coculture,F20,Gef,3.3,3.3,uM,3,False,85338,,False,True,O18:Coculture:F20:Gef,10.17632/fypp6xhkjy.1
4414,O18,Coculture,F20,Gef,10.0,10.0,uM,1,False,51782,,False,True,O18:Coculture:F20:Gef,10.17632/fypp6xhkjy.1
4415,O18,Coculture,F20,Gef,10.0,10.0,uM,2,False,44039,,False,True,O18:Coculture:F20:Gef,10.17632/fypp6xhkjy.1
4416,O18,Coculture,F20,Gef,10.0,10.0,uM,3,False,90331,seeding not uniform,False,False,O18:Coculture:F20:Gef,10.17632/fypp6xhkjy.1
4417,O19,Monoculture,,5-FU,DMSO,0.0,uM,1,True,201405,,False,True,O19:Monoculture::5-FU,10.17632/fypp6xhkjy.1
4418,O19,Monoculture,,5-FU,DMSO,0.0,uM,2,True,176339,,False,True,O19:Monoculture::5-FU,10.17632/fypp6xhkjy.1
4419,O19,Monoculture,,5-FU,DMSO,0.0,uM,3,True,134582,,False,True,O19:Monoculture::5-FU,10.17632/fypp6xhkjy.1
4420,O19,Monoculture,,5-FU,0.5,0.5,uM,1,False,139339,,False,True,O19:Monoculture::5-FU,10.17632/fypp6xhkjy.1
4421,O19,Monoculture,,5-FU,0.5,0.5,uM,2,False,161311,,False,True,O19:Monoculture::5-FU,10.17632/fypp6xhkjy.1
4422,O19,Monoculture,,5-FU,0.5,0.5,uM,3,False,205841,,False,True,O19:Monoculture::5-FU,10.17632/fypp6xhkjy.1
4423,O19,Monoculture,,5-FU,1.1,1.1,uM,1,False,118140,,False,True,O19:Monoculture::5-FU,10.17632/fypp6xhkjy.1
4424,O19,Monoculture,,5-FU,1.1,1.1,uM,2,False,121008,,False,True,O19:Monoculture::5-FU,10.17632/fypp6xhkjy.1
4425,O19,Monoculture,,5-FU,1.1,1.1,uM,3,False,117480,,False,True,O19:Monoculture::5-FU,10.17632/fypp6xhkjy.1
4426,O19,Monoculture,,5-FU,2.5,2.5,uM,1,False,72429,,False,True,O19:Monoculture::5-FU,10.17632/fypp6xhkjy.1
4427,O19,Monoculture,,5-FU,2.5,2.5,uM,2,False,73878,,False,True,O19:Monoculture::5-FU,10.17632/fypp6xhkjy.1
4428,O19,Monoculture,,5-FU,2.5,2.5,uM,3,False,69226,,False,True,O19:Monoculture::5-FU,10.17632/fypp6xhkjy.1
4429,O19,Monoculture,,5-FU,5.5,5.5,uM,1,False,62626,,False,True,O19:Monoculture::5-FU,10.17632/fypp6xhkjy.1
4430,O19,Monoculture,,5-FU,5.5,5.5,uM,2,False,58532,,False,True,O19:Monoculture::5-FU,10.17632/fypp6xhkjy.1
4431,O19,Monoculture,,5-FU,5.5,5.5,uM,3,False,58583,,False,True,O19:Monoculture::5-FU,10.17632/fypp6xhkjy.1
4432,O19,Monoculture,,5-FU,12.2,12.2,uM,1,False,53757,,False,True,O19:Monoculture::5-FU,10.17632/fypp6xhkjy.1
4433,O19,Monoculture,,5-FU,12.2,12.2,uM,2,False,51844,,False,True,O19:Monoculture::5-FU,10.17632/fypp6xhkjy.1
4434,O19,Monoculture,,5-FU,12.2,12.2,uM,3,False,48553,,False,True,O19:Monoculture::5-FU,10.17632/fypp6xhkjy.1
4435,O19,Monoculture,,5-FU,27.0,27.0,uM,1,False,28013,,False,True,O19:Monoculture::5-FU,10.17632/fypp6xhkjy.1
4436,O19,Monoculture,,5-FU,27.0,27.0,uM,2,False,28263,,False,True,O19:Monoculture::5-FU,10.17632/fypp6xhkjy.1
4437,O19,Monoculture,,5-FU,27.0,27.0,uM,3,False,30804,,False,True,O19:Monoculture::5-FU,10.17632/fypp6xhkjy.1
4438,O19,Monoculture,,5-FU,60.0,60.0,uM,1,False,30617,,False,True,O19:Monoculture::5-FU,10.17632/fypp6xhkjy.1
4439,O19,Monoculture,,5-FU,60.0,60.0,uM,2,False,31661,,False,True,O19:Monoculture::5-FU,10.17632/fypp6xhkjy.1
4440,O19,Monoculture,,5-FU,60.0,60.0,uM,3,False,23101,,False,True,O19:Monoculture::5-FU,10.17632/fypp6xhkjy.1
4441,O19,Monoculture,,Oxa,DMSO,0.0,uM,1,True,140132,,False,True,O19:Monoculture::Oxa,10.17632/fypp6xhkjy.1
4442,O19,Monoculture,,Oxa,DMSO,0.0,uM,2,True,142293,,False,True,O19:Monoculture::Oxa,10.17632/fypp6xhkjy.1
4443,O19,Monoculture,,Oxa,DMSO,0.0,uM,3,True,206961,,False,True,O19:Monoculture::Oxa,10.17632/fypp6xhkjy.1
4444,O19,Monoculture,,Oxa,0.5,0.5,uM,1,False,126224,,False,True,O19:Monoculture::Oxa,10.17632/fypp6xhkjy.1
4445,O19,Monoculture,,Oxa,0.5,0.5,uM,2,False,115516,,False,True,O19:Monoculture::Oxa,10.17632/fypp6xhkjy.1
4446,O19,Monoculture,,Oxa,0.5,0.5,uM,3,False,136536,,False,True,O19:Monoculture::Oxa,10.17632/fypp6xhkjy.1
4447,O19,Monoculture,,Oxa,1.1,1.1,uM,1,False,73047,,False,True,O19:Monoculture::Oxa,10.17632/fypp6xhkjy.1
4448,O19,Monoculture,,Oxa,1.1,1.1,uM,2,False,86364,,False,True,O19:Monoculture::Oxa,10.17632/fypp6xhkjy.1
4449,O19,Monoculture,,Oxa,1.1,1.1,uM,3,False,76189,,False,True,O19:Monoculture::Oxa,10.17632/fypp6xhkjy.1
4450,O19,Monoculture,,Oxa,2.5,2.5,uM,1,False,48764,,False,True,O19:Monoculture::Oxa,10.17632/fypp6xhkjy.1
4451,O19,Monoculture,,Oxa,2.5,2.5,uM,2,False,52107,,False,True,O19:Monoculture::Oxa,10.17632/fypp6xhkjy.1
4452,O19,Monoculture,,Oxa,2.5,2.5,uM,3,False,60594,,False,True,O19:Monoculture::Oxa,10.17632/fypp6xhkjy.1
4453,O19,Monoculture,,Oxa,5.5,5.5,uM,1,False,25555,,False,True,O19:Monoculture::Oxa,10.17632/fypp6xhkjy.1
4454,O19,Monoculture,,Oxa,5.5,5.5,uM,2,False,27496,,False,True,O19:Monoculture::Oxa,10.17632/fypp6xhkjy.1
4455,O19,Monoculture,,Oxa,5.5,5.5,uM,3,False,27895,,False,True,O19:Monoculture::Oxa,10.17632/fypp6xhkjy.1
4456,O19,Monoculture,,Oxa,12.2,12.2,uM,1,False,15222,,False,True,O19:Monoculture::Oxa,10.17632/fypp6xhkjy.1
4457,O19,Monoculture,,Oxa,12.2,12.2,uM,2,False,14182,,False,True,O19:Monoculture::Oxa,10.17632/fypp6xhkjy.1
4458,O19,Monoculture,,Oxa,12.2,12.2,uM,3,False,12032,,False,True,O19:Monoculture::Oxa,10.17632/fypp6xhkjy.1
4459,O19,Monoculture,,Oxa,27.0,27.0,uM,1,False,8227,,False,True,O19:Monoculture::Oxa,10.17632/fypp6xhkjy.1
4460,O19,Monoculture,,Oxa,27.0,27.0,uM,2,False,6989,,False,True,O19:Monoculture::Oxa,10.17632/fypp6xhkjy.1
4461,O19,Monoculture,,Oxa,27.0,27.0,uM,3,False,10693,,False,True,O19:Monoculture::Oxa,10.17632/fypp6xhkjy.1
4462,O19,Monoculture,,Oxa,60.0,60.0,uM,1,False,3021,,False,True,O19:Monoculture::Oxa,10.17632/fypp6xhkjy.1
4463,O19,Monoculture,,Oxa,60.0,60.0,uM,2,False,3372,,False,True,O19:Monoculture::Oxa,10.17632/fypp6xhkjy.1
4464,O19,Monoculture,,Oxa,60.0,60.0,uM,3,False,1245,,False,True,O19:Monoculture::Oxa,10.17632/fypp6xhkjy.1
4465,O19,Monoculture,,SN-38,DMSO,0.0,nM,1,True,166135,,False,True,O19:Monoculture::SN-38,10.17632/fypp6xhkjy.1
4466,O19,Monoculture,,SN-38,DMSO,0.0,nM,2,True,141158,,False,True,O19:Monoculture::SN-38,10.17632/fypp6xhkjy.1
4467,O19,Monoculture,,SN-38,DMSO,0.0,nM,3,True,133075,,False,True,O19:Monoculture::SN-38,10.17632/fypp6xhkjy.1
4468,O19,Monoculture,,SN-38,0.1,0.1,nM,1,False,293576,,False,True,O19:Monoculture::SN-38,10.17632/fypp6xhkjy.1
4469,O19,Monoculture,,SN-38,0.1,0.1,nM,2,False,302578,,False,True,O19:Monoculture::SN-38,10.17632/fypp6xhkjy.1
4470,O19,Monoculture,,SN-38,0.1,0.1,nM,3,False,137783,,False,True,O19:Monoculture::SN-38,10.17632/fypp6xhkjy.1
4471,O19,Monoculture,,SN-38,0.2,0.2,nM,1,False,456822,seeding not uniform,False,False,O19:Monoculture::SN-38,10.17632/fypp6xhkjy.1
4472,O19,Monoculture,,SN-38,0.2,0.2,nM,2,False,216966,,False,True,O19:Monoculture::SN-38,10.17632/fypp6xhkjy.1
4473,O19,Monoculture,,SN-38,0.2,0.2,nM,3,False,220372,,False,True,O19:Monoculture::SN-38,10.17632/fypp6xhkjy.1
4474,O19,Monoculture,,SN-38,0.4,0.4,nM,1,False,201460,,False,True,O19:Monoculture::SN-38,10.17632/fypp6xhkjy.1
4475,O19,Monoculture,,SN-38,0.4,0.4,nM,2,False,181499,,False,True,O19:Monoculture::SN-38,10.17632/fypp6xhkjy.1
4476,O19,Monoculture,,SN-38,0.4,0.4,nM,3,False,190804,,False,True,O19:Monoculture::SN-38,10.17632/fypp6xhkjy.1
4477,O19,Monoculture,,SN-38,0.7,0.7,nM,1,False,207230,,False,True,O19:Monoculture::SN-38,10.17632/fypp6xhkjy.1
4478,O19,Monoculture,,SN-38,0.7,0.7,nM,2,False,231402,,False,True,O19:Monoculture::SN-38,10.17632/fypp6xhkjy.1
4479,O19,Monoculture,,SN-38,0.7,0.7,nM,3,False,121806,,False,True,O19:Monoculture::SN-38,10.17632/fypp6xhkjy.1
4480,O19,Monoculture,,SN-38,1.4,1.4,nM,1,False,119882,,False,True,O19:Monoculture::SN-38,10.17632/fypp6xhkjy.1
4481,O19,Monoculture,,SN-38,1.4,1.4,nM,2,False,151776,,False,True,O19:Monoculture::SN-38,10.17632/fypp6xhkjy.1
4482,O19,Monoculture,,SN-38,1.4,1.4,nM,3,False,143626,,False,True,O19:Monoculture::SN-38,10.17632/fypp6xhkjy.1
4483,O19,Monoculture,,SN-38,2.6,2.6,nM,1,False,57432,,False,True,O19:Monoculture::SN-38,10.17632/fypp6xhkjy.1
4484,O19,Monoculture,,SN-38,2.6,2.6,nM,2,False,42685,,False,True,O19:Monoculture::SN-38,10.17632/fypp6xhkjy.1
4485,O19,Monoculture,,SN-38,2.6,2.6,nM,3,False,42554,,False,True,O19:Monoculture::SN-38,10.17632/fypp6xhkjy.1
4486,O19,Monoculture,,SN-38,5.0,5.0,nM,1,False,9862,,False,True,O19:Monoculture::SN-38,10.17632/fypp6xhkjy.1
4487,O19,Monoculture,,SN-38,5.0,5.0,nM,2,False,9411,,False,True,O19:Monoculture::SN-38,10.17632/fypp6xhkjy.1
4488,O19,Monoculture,,SN-38,5.0,5.0,nM,3,False,1003,,False,True,O19:Monoculture::SN-38,10.17632/fypp6xhkjy.1
4489,O19,Monoculture,,Gef,DMSO,0.0,uM,1,True,146470,,False,True,O19:Monoculture::Gef,10.17632/fypp6xhkjy.1
4490,O19,Monoculture,,Gef,DMSO,0.0,uM,2,True,158590,,False,True,O19:Monoculture::Gef,10.17632/fypp6xhkjy.1
4491,O19,Monoculture,,Gef,DMSO,0.0,uM,3,True,185680,,False,True,O19:Monoculture::Gef,10.17632/fypp6xhkjy.1
4492,O19,Monoculture,,Gef,0.01,0.01,uM,1,False,172680,,False,True,O19:Monoculture::Gef,10.17632/fypp6xhkjy.1
4493,O19,Monoculture,,Gef,0.01,0.01,uM,2,False,189816,,False,True,O19:Monoculture::Gef,10.17632/fypp6xhkjy.1
4494,O19,Monoculture,,Gef,0.01,0.01,uM,3,False,124452,,False,True,O19:Monoculture::Gef,10.17632/fypp6xhkjy.1
4495,O19,Monoculture,,Gef,0.04,0.04,uM,1,False,196076,,False,True,O19:Monoculture::Gef,10.17632/fypp6xhkjy.1
4496,O19,Monoculture,,Gef,0.04,0.04,uM,2,False,143868,,False,True,O19:Monoculture::Gef,10.17632/fypp6xhkjy.1
4497,O19,Monoculture,,Gef,0.04,0.04,uM,3,False,158806,,False,True,O19:Monoculture::Gef,10.17632/fypp6xhkjy.1
4498,O19,Monoculture,,Gef,0.1,0.1,uM,1,False,77626,,False,True,O19:Monoculture::Gef,10.17632/fypp6xhkjy.1
4499,O19,Monoculture,,Gef,0.1,0.1,uM,2,False,96863,,False,True,O19:Monoculture::Gef,10.17632/fypp6xhkjy.1
4500,O19,Monoculture,,Gef,0.1,0.1,uM,3,False,124528,,False,True,O19:Monoculture::Gef,10.17632/fypp6xhkjy.1
4501,O19,Monoculture,,Gef,0.4,0.4,uM,1,False,502,cells lost,False,False,O19:Monoculture::Gef,10.17632/fypp6xhkjy.1
4502,O19,Monoculture,,Gef,0.4,0.4,uM,2,False,39631,,False,True,O19:Monoculture::Gef,10.17632/fypp6xhkjy.1
4503,O19,Monoculture,,Gef,0.4,0.4,uM,3,False,2492,cells lost,False,False,O19:Monoculture::Gef,10.17632/fypp6xhkjy.1
4504,O19,Monoculture,,Gef,1.1,1.1,uM,1,False,28171,,False,True,O19:Monoculture::Gef,10.17632/fypp6xhkjy.1
4505,O19,Monoculture,,Gef,1.1,1.1,uM,2,False,26216,,False,True,O19:Monoculture::Gef,10.17632/fypp6xhkjy.1
4506,O19,Monoculture,,Gef,1.1,1.1,uM,3,False,22531,,False,True,O19:Monoculture::Gef,10.17632/fypp6xhkjy.1
4507,O19,Monoculture,,Gef,3.3,3.3,uM,1,False,20529,,False,True,O19:Monoculture::Gef,10.17632/fypp6xhkjy.1
4508,O19,Monoculture,,Gef,3.3,3.3,uM,2,False,17504,,False,True,O19:Monoculture::Gef,10.17632/fypp6xhkjy.1
4509,O19,Monoculture,,Gef,3.3,3.3,uM,3,False,18177,,False,True,O19:Monoculture::Gef,10.17632/fypp6xhkjy.1
4510,O19,Monoculture,,Gef,10.0,10.0,uM,1,False,24537,,False,True,O19:Monoculture::Gef,10.17632/fypp6xhkjy.1
4511,O19,Monoculture,,Gef,10.0,10.0,uM,2,False,20447,,False,True,O19:Monoculture::Gef,10.17632/fypp6xhkjy.1
4512,O19,Monoculture,,Gef,10.0,10.0,uM,3,False,17571,,False,True,O19:Monoculture::Gef,10.17632/fypp6xhkjy.1
4513,O19,Coculture,F19,5-FU,DMSO,0.0,uM,1,True,266776,,False,True,O19:Coculture:F19:5-FU,10.17632/fypp6xhkjy.1
4514,O19,Coculture,F19,5-FU,DMSO,0.0,uM,2,True,419111,,False,True,O19:Coculture:F19:5-FU,10.17632/fypp6xhkjy.1
4515,O19,Coculture,F19,5-FU,DMSO,0.0,uM,3,True,304011,,False,True,O19:Coculture:F19:5-FU,10.17632/fypp6xhkjy.1
4516,O19,Coculture,F19,5-FU,0.5,0.5,uM,1,False,98686,,False,True,O19:Coculture:F19:5-FU,10.17632/fypp6xhkjy.1
4517,O19,Coculture,F19,5-FU,0.5,0.5,uM,2,False,5361,cells lost,False,False,O19:Coculture:F19:5-FU,10.17632/fypp6xhkjy.1
4518,O19,Coculture,F19,5-FU,0.5,0.5,uM,3,False,116269,,False,True,O19:Coculture:F19:5-FU,10.17632/fypp6xhkjy.1
4519,O19,Coculture,F19,5-FU,1.1,1.1,uM,1,False,63878,,False,True,O19:Coculture:F19:5-FU,10.17632/fypp6xhkjy.1
4520,O19,Coculture,F19,5-FU,1.1,1.1,uM,2,False,54113,,False,True,O19:Coculture:F19:5-FU,10.17632/fypp6xhkjy.1
4521,O19,Coculture,F19,5-FU,1.1,1.1,uM,3,False,49809,,False,True,O19:Coculture:F19:5-FU,10.17632/fypp6xhkjy.1
4522,O19,Coculture,F19,5-FU,2.5,2.5,uM,1,False,41921,,False,True,O19:Coculture:F19:5-FU,10.17632/fypp6xhkjy.1
4523,O19,Coculture,F19,5-FU,2.5,2.5,uM,2,False,48715,,False,True,O19:Coculture:F19:5-FU,10.17632/fypp6xhkjy.1
4524,O19,Coculture,F19,5-FU,2.5,2.5,uM,3,False,48231,,False,True,O19:Coculture:F19:5-FU,10.17632/fypp6xhkjy.1
4525,O19,Coculture,F19,5-FU,5.5,5.5,uM,1,False,44785,,False,True,O19:Coculture:F19:5-FU,10.17632/fypp6xhkjy.1
4526,O19,Coculture,F19,5-FU,5.5,5.5,uM,2,False,53591,,False,True,O19:Coculture:F19:5-FU,10.17632/fypp6xhkjy.1
4527,O19,Coculture,F19,5-FU,5.5,5.5,uM,3,False,47571,,False,True,O19:Coculture:F19:5-FU,10.17632/fypp6xhkjy.1
4528,O19,Coculture,F19,5-FU,12.2,12.2,uM,1,False,59519,,False,True,O19:Coculture:F19:5-FU,10.17632/fypp6xhkjy.1
4529,O19,Coculture,F19,5-FU,12.2,12.2,uM,2,False,65572,,False,True,O19:Coculture:F19:5-FU,10.17632/fypp6xhkjy.1
4530,O19,Coculture,F19,5-FU,12.2,12.2,uM,3,False,62145,,False,True,O19:Coculture:F19:5-FU,10.17632/fypp6xhkjy.1
4531,O19,Coculture,F19,5-FU,27.0,27.0,uM,1,False,47603,,False,True,O19:Coculture:F19:5-FU,10.17632/fypp6xhkjy.1
4532,O19,Coculture,F19,5-FU,27.0,27.0,uM,2,False,57087,,False,True,O19:Coculture:F19:5-FU,10.17632/fypp6xhkjy.1
4533,O19,Coculture,F19,5-FU,27.0,27.0,uM,3,False,54163,,False,True,O19:Coculture:F19:5-FU,10.17632/fypp6xhkjy.1
4534,O19,Coculture,F19,5-FU,60.0,60.0,uM,1,False,36470,,False,True,O19:Coculture:F19:5-FU,10.17632/fypp6xhkjy.1
4535,O19,Coculture,F19,5-FU,60.0,60.0,uM,2,False,43842,,False,True,O19:Coculture:F19:5-FU,10.17632/fypp6xhkjy.1
4536,O19,Coculture,F19,5-FU,60.0,60.0,uM,3,False,44308,,False,True,O19:Coculture:F19:5-FU,10.17632/fypp6xhkjy.1
4537,O19,Coculture,F19,Oxa,DMSO,0.0,uM,1,True,290381,,False,True,O19:Coculture:F19:Oxa,10.17632/fypp6xhkjy.1
4538,O19,Coculture,F19,Oxa,DMSO,0.0,uM,2,True,280536,,False,True,O19:Coculture:F19:Oxa,10.17632/fypp6xhkjy.1
4539,O19,Coculture,F19,Oxa,DMSO,0.0,uM,3,True,453887,,False,True,O19:Coculture:F19:Oxa,10.17632/fypp6xhkjy.1
4540,O19,Coculture,F19,Oxa,0.5,0.5,uM,1,False,133460,,False,True,O19:Coculture:F19:Oxa,10.17632/fypp6xhkjy.1
4541,O19,Coculture,F19,Oxa,0.5,0.5,uM,2,False,10615,cells lost,False,False,O19:Coculture:F19:Oxa,10.17632/fypp6xhkjy.1
4542,O19,Coculture,F19,Oxa,0.5,0.5,uM,3,False,184074,,False,True,O19:Coculture:F19:Oxa,10.17632/fypp6xhkjy.1
4543,O19,Coculture,F19,Oxa,1.1,1.1,uM,1,False,98376,,False,True,O19:Coculture:F19:Oxa,10.17632/fypp6xhkjy.1
4544,O19,Coculture,F19,Oxa,1.1,1.1,uM,2,False,75153,,False,True,O19:Coculture:F19:Oxa,10.17632/fypp6xhkjy.1
4545,O19,Coculture,F19,Oxa,1.1,1.1,uM,3,False,91544,,False,True,O19:Coculture:F19:Oxa,10.17632/fypp6xhkjy.1
4546,O19,Coculture,F19,Oxa,2.5,2.5,uM,1,False,65356,,False,True,O19:Coculture:F19:Oxa,10.17632/fypp6xhkjy.1
4547,O19,Coculture,F19,Oxa,2.5,2.5,uM,2,False,52703,,False,True,O19:Coculture:F19:Oxa,10.17632/fypp6xhkjy.1
4548,O19,Coculture,F19,Oxa,2.5,2.5,uM,3,False,63345,,False,True,O19:Coculture:F19:Oxa,10.17632/fypp6xhkjy.1
4549,O19,Coculture,F19,Oxa,5.5,5.5,uM,1,False,31054,,False,True,O19:Coculture:F19:Oxa,10.17632/fypp6xhkjy.1
4550,O19,Coculture,F19,Oxa,5.5,5.5,uM,2,False,34744,,False,True,O19:Coculture:F19:Oxa,10.17632/fypp6xhkjy.1
4551,O19,Coculture,F19,Oxa,5.5,5.5,uM,3,False,38324,,False,True,O19:Coculture:F19:Oxa,10.17632/fypp6xhkjy.1
4552,O19,Coculture,F19,Oxa,12.2,12.2,uM,1,False,17569,,False,True,O19:Coculture:F19:Oxa,10.17632/fypp6xhkjy.1
4553,O19,Coculture,F19,Oxa,12.2,12.2,uM,2,False,21015,,False,True,O19:Coculture:F19:Oxa,10.17632/fypp6xhkjy.1
4554,O19,Coculture,F19,Oxa,12.2,12.2,uM,3,False,25561,,False,True,O19:Coculture:F19:Oxa,10.17632/fypp6xhkjy.1
4555,O19,Coculture,F19,Oxa,27.0,27.0,uM,1,False,15107,,False,True,O19:Coculture:F19:Oxa,10.17632/fypp6xhkjy.1
4556,O19,Coculture,F19,Oxa,27.0,27.0,uM,2,False,16028,,False,True,O19:Coculture:F19:Oxa,10.17632/fypp6xhkjy.1
4557,O19,Coculture,F19,Oxa,27.0,27.0,uM,3,False,19360,,False,True,O19:Coculture:F19:Oxa,10.17632/fypp6xhkjy.1
4558,O19,Coculture,F19,Oxa,60.0,60.0,uM,1,False,5664,,False,True,O19:Coculture:F19:Oxa,10.17632/fypp6xhkjy.1
4559,O19,Coculture,F19,Oxa,60.0,60.0,uM,2,False,5945,,False,True,O19:Coculture:F19:Oxa,10.17632/fypp6xhkjy.1
4560,O19,Coculture,F19,Oxa,60.0,60.0,uM,3,False,8319,,False,True,O19:Coculture:F19:Oxa,10.17632/fypp6xhkjy.1
4561,O19,Coculture,F19,SN-38,DMSO,0.0,nM,1,True,386944,,False,True,O19:Coculture:F19:SN-38,10.17632/fypp6xhkjy.1
4562,O19,Coculture,F19,SN-38,DMSO,0.0,nM,2,True,332194,,False,True,O19:Coculture:F19:SN-38,10.17632/fypp6xhkjy.1
4563,O19,Coculture,F19,SN-38,DMSO,0.0,nM,3,True,313573,,False,True,O19:Coculture:F19:SN-38,10.17632/fypp6xhkjy.1
4564,O19,Coculture,F19,SN-38,0.1,0.1,nM,1,False,461990,,False,True,O19:Coculture:F19:SN-38,10.17632/fypp6xhkjy.1
4565,O19,Coculture,F19,SN-38,0.1,0.1,nM,2,False,418149,,False,True,O19:Coculture:F19:SN-38,10.17632/fypp6xhkjy.1
4566,O19,Coculture,F19,SN-38,0.1,0.1,nM,3,False,340804,,False,True,O19:Coculture:F19:SN-38,10.17632/fypp6xhkjy.1
4567,O19,Coculture,F19,SN-38,0.2,0.2,nM,1,False,247671,,False,True,O19:Coculture:F19:SN-38,10.17632/fypp6xhkjy.1
4568,O19,Coculture,F19,SN-38,0.2,0.2,nM,2,False,255098,,False,True,O19:Coculture:F19:SN-38,10.17632/fypp6xhkjy.1
4569,O19,Coculture,F19,SN-38,0.2,0.2,nM,3,False,284976,,False,True,O19:Coculture:F19:SN-38,10.17632/fypp6xhkjy.1
4570,O19,Coculture,F19,SN-38,0.4,0.4,nM,1,False,276899,,False,True,O19:Coculture:F19:SN-38,10.17632/fypp6xhkjy.1
4571,O19,Coculture,F19,SN-38,0.4,0.4,nM,2,False,295618,,False,True,O19:Coculture:F19:SN-38,10.17632/fypp6xhkjy.1
4572,O19,Coculture,F19,SN-38,0.4,0.4,nM,3,False,209764,,False,True,O19:Coculture:F19:SN-38,10.17632/fypp6xhkjy.1
4573,O19,Coculture,F19,SN-38,0.7,0.7,nM,1,False,252826,,False,True,O19:Coculture:F19:SN-38,10.17632/fypp6xhkjy.1
4574,O19,Coculture,F19,SN-38,0.7,0.7,nM,2,False,227053,,False,True,O19:Coculture:F19:SN-38,10.17632/fypp6xhkjy.1
4575,O19,Coculture,F19,SN-38,0.7,0.7,nM,3,False,150836,,False,True,O19:Coculture:F19:SN-38,10.17632/fypp6xhkjy.1
4576,O19,Coculture,F19,SN-38,1.4,1.4,nM,1,False,88871,,False,True,O19:Coculture:F19:SN-38,10.17632/fypp6xhkjy.1
4577,O19,Coculture,F19,SN-38,1.4,1.4,nM,2,False,73555,,False,True,O19:Coculture:F19:SN-38,10.17632/fypp6xhkjy.1
4578,O19,Coculture,F19,SN-38,1.4,1.4,nM,3,False,94316,,False,True,O19:Coculture:F19:SN-38,10.17632/fypp6xhkjy.1
4579,O19,Coculture,F19,SN-38,2.6,2.6,nM,1,False,18729,,False,True,O19:Coculture:F19:SN-38,10.17632/fypp6xhkjy.1
4580,O19,Coculture,F19,SN-38,2.6,2.6,nM,2,False,18596,,False,True,O19:Coculture:F19:SN-38,10.17632/fypp6xhkjy.1
4581,O19,Coculture,F19,SN-38,2.6,2.6,nM,3,False,1051,,False,True,O19:Coculture:F19:SN-38,10.17632/fypp6xhkjy.1
4582,O19,Coculture,F19,SN-38,5.0,5.0,nM,1,False,9972,,False,True,O19:Coculture:F19:SN-38,10.17632/fypp6xhkjy.1
4583,O19,Coculture,F19,SN-38,5.0,5.0,nM,2,False,9964,,False,True,O19:Coculture:F19:SN-38,10.17632/fypp6xhkjy.1
4584,O19,Coculture,F19,SN-38,5.0,5.0,nM,3,False,9194,,False,True,O19:Coculture:F19:SN-38,10.17632/fypp6xhkjy.1
4585,O19,Coculture,F19,Gef,DMSO,0.0,uM,1,True,172272,,True,False,O19:Coculture:F19:Gef,10.17632/fypp6xhkjy.1
4586,O19,Coculture,F19,Gef,DMSO,0.0,uM,2,True,390656,,True,False,O19:Coculture:F19:Gef,10.17632/fypp6xhkjy.1
4587,O19,Coculture,F19,Gef,DMSO,0.0,uM,3,True,276289,,True,False,O19:Coculture:F19:Gef,10.17632/fypp6xhkjy.1
4588,O19,Coculture,F19,Gef,0.01,0.01,uM,1,False,421650,,True,False,O19:Coculture:F19:Gef,10.17632/fypp6xhkjy.1
4589,O19,Coculture,F19,Gef,0.01,0.01,uM,2,False,418554,,True,False,O19:Coculture:F19:Gef,10.17632/fypp6xhkjy.1
4590,O19,Coculture,F19,Gef,0.01,0.01,uM,3,False,349776,,True,False,O19:Coculture:F19:Gef,10.17632/fypp6xhkjy.1
4591,O19,Coculture,F19,Gef,0.04,0.04,uM,1,False,381667,,True,False,O19:Coculture:F19:Gef,10.17632/fypp6xhkjy.1
4592,O19,Coculture,F19,Gef,0.04,0.04,uM,2,False,414608,,True,False,O19:Coculture:F19:Gef,10.17632/fypp6xhkjy.1
4593,O19,Coculture,F19,Gef,0.0,0.0,uM,3,False,239855,,True,False,O19:Coculture:F19:Gef,10.17632/fypp6xhkjy.1
4594,O19,Coculture,F19,Gef,0.1,0.1,uM,1,False,137603,,True,False,O19:Coculture:F19:Gef,10.17632/fypp6xhkjy.1
4595,O19,Coculture,F19,Gef,0.1,0.1,uM,2,False,227016,,True,False,O19:Coculture:F19:Gef,10.17632/fypp6xhkjy.1
4596,O19,Coculture,F19,Gef,0.1,0.1,uM,3,False,181860,,True,False,O19:Coculture:F19:Gef,10.17632/fypp6xhkjy.1
4597,O19,Coculture,F19,Gef,0.4,0.4,uM,1,False,63816,,True,False,O19:Coculture:F19:Gef,10.17632/fypp6xhkjy.1
4598,O19,Coculture,F19,Gef,0.4,0.4,uM,2,False,78765,,True,False,O19:Coculture:F19:Gef,10.17632/fypp6xhkjy.1
4599,O19,Coculture,F19,Gef,0.4,0.4,uM,3,False,55036,,True,False,O19:Coculture:F19:Gef,10.17632/fypp6xhkjy.1
4600,O19,Coculture,F19,Gef,1.1,1.1,uM,1,False,48161,,True,False,O19:Coculture:F19:Gef,10.17632/fypp6xhkjy.1
4601,O19,Coculture,F19,Gef,1.1,1.1,uM,2,False,51008,,True,False,O19:Coculture:F19:Gef,10.17632/fypp6xhkjy.1
4602,O19,Coculture,F19,Gef,1.1,1.1,uM,3,False,49268,,True,False,O19:Coculture:F19:Gef,10.17632/fypp6xhkjy.1
4603,O19,Coculture,F19,Gef,3.3,3.3,uM,1,False,56681,,True,False,O19:Coculture:F19:Gef,10.17632/fypp6xhkjy.1
4604,O19,Coculture,F19,Gef,3.3,3.3,uM,2,False,62252,,True,False,O19:Coculture:F19:Gef,10.17632/fypp6xhkjy.1
4605,O19,Coculture,F19,Gef,3.3,3.3,uM,3,False,62359,,True,False,O19:Coculture:F19:Gef,10.17632/fypp6xhkjy.1
4606,O19,Coculture,F19,Gef,10.0,10.0,uM,1,False,54609,,True,False,O19:Coculture:F19:Gef,10.17632/fypp6xhkjy.1
4607,O19,Coculture,F19,Gef,10.0,10.0,uM,2,False,45919,,True,False,O19:Coculture:F19:Gef,10.17632/fypp6xhkjy.1
4608,O19,Coculture,F19,Gef,10.0,10.0,uM,3,False,44543,,True,False,O19:Coculture:F19:Gef,10.17632/fypp6xhkjy.1
4609,O20,Monoculture,,5-FU,DMSO,0.0,uM,1,True,46516,,False,True,O20:Monoculture::5-FU,10.17632/fypp6xhkjy.1
4610,O20,Monoculture,,5-FU,DMSO,0.0,uM,2,True,39593,,False,True,O20:Monoculture::5-FU,10.17632/fypp6xhkjy.1
4611,O20,Monoculture,,5-FU,DMSO,0.0,uM,3,True,48826,,False,True,O20:Monoculture::5-FU,10.17632/fypp6xhkjy.1
4612,O20,Monoculture,,5-FU,DMSO,0.0,uM,4,True,35718,,False,True,O20:Monoculture::5-FU,10.17632/fypp6xhkjy.1
4613,O20,Monoculture,,5-FU,0.5,0.5,uM,1,False,38158,,False,True,O20:Monoculture::5-FU,10.17632/fypp6xhkjy.1
4614,O20,Monoculture,,5-FU,0.5,0.5,uM,2,False,28189,,False,True,O20:Monoculture::5-FU,10.17632/fypp6xhkjy.1
4615,O20,Monoculture,,5-FU,0.5,0.5,uM,3,False,654,,False,True,O20:Monoculture::5-FU,10.17632/fypp6xhkjy.1
4616,O20,Monoculture,,5-FU,1.1,1.1,uM,1,False,42805,,False,True,O20:Monoculture::5-FU,10.17632/fypp6xhkjy.1
4617,O20,Monoculture,,5-FU,1.1,1.1,uM,2,False,22309,,False,True,O20:Monoculture::5-FU,10.17632/fypp6xhkjy.1
4618,O20,Monoculture,,5-FU,1.1,1.1,uM,3,False,23273,,False,True,O20:Monoculture::5-FU,10.17632/fypp6xhkjy.1
4619,O20,Monoculture,,5-FU,2.5,2.5,uM,1,False,10306,,False,True,O20:Monoculture::5-FU,10.17632/fypp6xhkjy.1
4620,O20,Monoculture,,5-FU,2.5,2.5,uM,2,False,7673,,False,True,O20:Monoculture::5-FU,10.17632/fypp6xhkjy.1
4621,O20,Monoculture,,5-FU,2.5,2.5,uM,3,False,11126,,False,True,O20:Monoculture::5-FU,10.17632/fypp6xhkjy.1
4622,O20,Monoculture,,5-FU,5.5,5.5,uM,1,False,3697,,False,True,O20:Monoculture::5-FU,10.17632/fypp6xhkjy.1
4623,O20,Monoculture,,5-FU,5.5,5.5,uM,2,False,4647,,False,True,O20:Monoculture::5-FU,10.17632/fypp6xhkjy.1
4624,O20,Monoculture,,5-FU,5.5,5.5,uM,3,False,3949,,False,True,O20:Monoculture::5-FU,10.17632/fypp6xhkjy.1
4625,O20,Monoculture,,5-FU,12.2,12.2,uM,1,False,5310,,False,True,O20:Monoculture::5-FU,10.17632/fypp6xhkjy.1
4626,O20,Monoculture,,5-FU,12.2,12.2,uM,2,False,4224,,False,True,O20:Monoculture::5-FU,10.17632/fypp6xhkjy.1
4627,O20,Monoculture,,5-FU,12.2,12.2,uM,3,False,5509,,False,True,O20:Monoculture::5-FU,10.17632/fypp6xhkjy.1
4628,O20,Monoculture,,5-FU,27.0,27.0,uM,1,False,3392,,False,True,O20:Monoculture::5-FU,10.17632/fypp6xhkjy.1
4629,O20,Monoculture,,5-FU,27.0,27.0,uM,2,False,3207,,False,True,O20:Monoculture::5-FU,10.17632/fypp6xhkjy.1
4630,O20,Monoculture,,5-FU,27.0,27.0,uM,3,False,3863,,False,True,O20:Monoculture::5-FU,10.17632/fypp6xhkjy.1
4631,O20,Monoculture,,5-FU,60.0,60.0,uM,1,False,4442,,False,True,O20:Monoculture::5-FU,10.17632/fypp6xhkjy.1
4632,O20,Monoculture,,5-FU,60.0,60.0,uM,2,False,4598,,False,True,O20:Monoculture::5-FU,10.17632/fypp6xhkjy.1
4633,O20,Monoculture,,5-FU,60.0,60.0,uM,3,False,4197,,False,True,O20:Monoculture::5-FU,10.17632/fypp6xhkjy.1
4634,O20,Monoculture,,Oxa,DMSO,0.0,uM,1,True,25703,seeding not uniform,False,False,O20:Monoculture::Oxa,10.17632/fypp6xhkjy.1
4635,O20,Monoculture,,Oxa,DMSO,0.0,uM,2,True,144385,seeding not uniform,False,False,O20:Monoculture::Oxa,10.17632/fypp6xhkjy.1
4636,O20,Monoculture,,Oxa,DMSO,0.0,uM,3,True,65281,,False,True,O20:Monoculture::Oxa,10.17632/fypp6xhkjy.1
4637,O20,Monoculture,,Oxa,DMSO,0.0,uM,4,True,38639,,False,True,O20:Monoculture::Oxa,10.17632/fypp6xhkjy.1
4638,O20,Monoculture,,Oxa,DMSO,0.0,uM,5,True,60626,,False,True,O20:Monoculture::Oxa,10.17632/fypp6xhkjy.1
4639,O20,Monoculture,,Oxa,DMSO,0.0,uM,6,True,63055,,False,True,O20:Monoculture::Oxa,10.17632/fypp6xhkjy.1
4640,O20,Monoculture,,Oxa,0.5,0.5,uM,1,False,8484,,False,True,O20:Monoculture::Oxa,10.17632/fypp6xhkjy.1
4641,O20,Monoculture,,Oxa,0.5,0.5,uM,2,False,12933,,False,True,O20:Monoculture::Oxa,10.17632/fypp6xhkjy.1
4642,O20,Monoculture,,Oxa,0.5,0.5,uM,3,False,11116,,False,True,O20:Monoculture::Oxa,10.17632/fypp6xhkjy.1
4643,O20,Monoculture,,Oxa,1.1,1.1,uM,1,False,5600,,False,True,O20:Monoculture::Oxa,10.17632/fypp6xhkjy.1
4644,O20,Monoculture,,Oxa,1.1,1.1,uM,2,False,7334,,False,True,O20:Monoculture::Oxa,10.17632/fypp6xhkjy.1
4645,O20,Monoculture,,Oxa,1.1,1.1,uM,3,False,7668,,False,True,O20:Monoculture::Oxa,10.17632/fypp6xhkjy.1
4646,O20,Monoculture,,Oxa,2.5,2.5,uM,1,False,3154,,False,True,O20:Monoculture::Oxa,10.17632/fypp6xhkjy.1
4647,O20,Monoculture,,Oxa,2.5,2.5,uM,2,False,6580,,False,True,O20:Monoculture::Oxa,10.17632/fypp6xhkjy.1
4648,O20,Monoculture,,Oxa,2.5,2.5,uM,3,False,6073,,False,True,O20:Monoculture::Oxa,10.17632/fypp6xhkjy.1
4649,O20,Monoculture,,Oxa,5.5,5.5,uM,1,False,2986,,False,True,O20:Monoculture::Oxa,10.17632/fypp6xhkjy.1
4650,O20,Monoculture,,Oxa,5.5,5.5,uM,2,False,7411,,False,True,O20:Monoculture::Oxa,10.17632/fypp6xhkjy.1
4651,O20,Monoculture,,Oxa,5.5,5.5,uM,3,False,7249,,False,True,O20:Monoculture::Oxa,10.17632/fypp6xhkjy.1
4652,O20,Monoculture,,Oxa,12.2,12.2,uM,1,False,3975,,False,True,O20:Monoculture::Oxa,10.17632/fypp6xhkjy.1
4653,O20,Monoculture,,Oxa,12.2,12.2,uM,2,False,6860,,False,True,O20:Monoculture::Oxa,10.17632/fypp6xhkjy.1
4654,O20,Monoculture,,Oxa,12.2,12.2,uM,3,False,5534,,False,True,O20:Monoculture::Oxa,10.17632/fypp6xhkjy.1
4655,O20,Monoculture,,Oxa,27.0,27.0,uM,1,False,3746,,False,True,O20:Monoculture::Oxa,10.17632/fypp6xhkjy.1
4656,O20,Monoculture,,Oxa,27.0,27.0,uM,2,False,6670,,False,True,O20:Monoculture::Oxa,10.17632/fypp6xhkjy.1
4657,O20,Monoculture,,Oxa,27.0,27.0,uM,3,False,8666,,False,True,O20:Monoculture::Oxa,10.17632/fypp6xhkjy.1
4658,O20,Monoculture,,Oxa,60.0,60.0,uM,1,False,2768,,False,True,O20:Monoculture::Oxa,10.17632/fypp6xhkjy.1
4659,O20,Monoculture,,Oxa,60.0,60.0,uM,2,False,3556,,False,True,O20:Monoculture::Oxa,10.17632/fypp6xhkjy.1
4660,O20,Monoculture,,Oxa,60.0,60.0,uM,3,False,5120,,False,True,O20:Monoculture::Oxa,10.17632/fypp6xhkjy.1
4661,O20,Monoculture,,SN-38,DMSO,0.0,nM,1,True,51204,,False,True,O20:Monoculture::SN-38,10.17632/fypp6xhkjy.1
4662,O20,Monoculture,,SN-38,DMSO,0.0,nM,2,True,30041,,False,True,O20:Monoculture::SN-38,10.17632/fypp6xhkjy.1
4663,O20,Monoculture,,SN-38,DMSO,0.0,nM,3,True,78434,,False,True,O20:Monoculture::SN-38,10.17632/fypp6xhkjy.1
4664,O20,Monoculture,,SN-38,0.1,0.1,nM,1,False,104876,seeding not uniform,False,False,O20:Monoculture::SN-38,10.17632/fypp6xhkjy.1
4665,O20,Monoculture,,SN-38,0.1,0.1,nM,2,False,48440,,False,True,O20:Monoculture::SN-38,10.17632/fypp6xhkjy.1
4666,O20,Monoculture,,SN-38,0.1,0.1,nM,3,False,43724,,False,True,O20:Monoculture::SN-38,10.17632/fypp6xhkjy.1
4667,O20,Monoculture,,SN-38,0.2,0.2,nM,1,False,77225,,False,True,O20:Monoculture::SN-38,10.17632/fypp6xhkjy.1
4668,O20,Monoculture,,SN-38,0.2,0.2,nM,2,False,40674,,False,True,O20:Monoculture::SN-38,10.17632/fypp6xhkjy.1
4669,O20,Monoculture,,SN-38,0.2,0.2,nM,3,False,65675,,False,True,O20:Monoculture::SN-38,10.17632/fypp6xhkjy.1
4670,O20,Monoculture,,SN-38,0.4,0.4,nM,1,False,22969,,False,True,O20:Monoculture::SN-38,10.17632/fypp6xhkjy.1
4671,O20,Monoculture,,SN-38,0.4,0.4,nM,2,False,69943,seeding not uniform,False,False,O20:Monoculture::SN-38,10.17632/fypp6xhkjy.1
4672,O20,Monoculture,,SN-38,0.4,0.4,nM,3,False,23615,,False,True,O20:Monoculture::SN-38,10.17632/fypp6xhkjy.1
4673,O20,Monoculture,,SN-38,0.7,0.7,nM,1,False,68809,seeding not uniform,False,False,O20:Monoculture::SN-38,10.17632/fypp6xhkjy.1
4674,O20,Monoculture,,SN-38,0.7,0.7,nM,2,False,33869,,False,True,O20:Monoculture::SN-38,10.17632/fypp6xhkjy.1
4675,O20,Monoculture,,SN-38,0.7,0.7,nM,3,False,27157,,False,True,O20:Monoculture::SN-38,10.17632/fypp6xhkjy.1
4676,O20,Monoculture,,SN-38,1.4,1.4,nM,1,False,14191,,False,True,O20:Monoculture::SN-38,10.17632/fypp6xhkjy.1
4677,O20,Monoculture,,SN-38,1.4,1.4,nM,2,False,18151,,False,True,O20:Monoculture::SN-38,10.17632/fypp6xhkjy.1
4678,O20,Monoculture,,SN-38,1.4,1.4,nM,3,False,11691,,False,True,O20:Monoculture::SN-38,10.17632/fypp6xhkjy.1
4679,O20,Monoculture,,SN-38,2.6,2.6,nM,1,False,7455,,False,True,O20:Monoculture::SN-38,10.17632/fypp6xhkjy.1
4680,O20,Monoculture,,SN-38,2.6,2.6,nM,2,False,15786,,False,True,O20:Monoculture::SN-38,10.17632/fypp6xhkjy.1
4681,O20,Monoculture,,SN-38,2.6,2.6,nM,3,False,10455,,False,True,O20:Monoculture::SN-38,10.17632/fypp6xhkjy.1
4682,O20,Monoculture,,SN-38,5.0,5.0,nM,1,False,6868,,False,True,O20:Monoculture::SN-38,10.17632/fypp6xhkjy.1
4683,O20,Monoculture,,SN-38,5.0,5.0,nM,2,False,5788,,False,True,O20:Monoculture::SN-38,10.17632/fypp6xhkjy.1
4684,O20,Monoculture,,SN-38,5.0,5.0,nM,3,False,1278,,False,True,O20:Monoculture::SN-38,10.17632/fypp6xhkjy.1
4685,O20,Monoculture,,Gef,DMSO,0.0,uM,1,True,93576,,False,True,O20:Monoculture::Gef,10.17632/fypp6xhkjy.1
4686,O20,Monoculture,,Gef,DMSO,0.0,uM,2,True,127275,seeding not uniform,False,False,O20:Monoculture::Gef,10.17632/fypp6xhkjy.1
4687,O20,Monoculture,,Gef,DMSO,0.0,uM,3,True,38208,,False,True,O20:Monoculture::Gef,10.17632/fypp6xhkjy.1
4688,O20,Monoculture,,Gef,0.01,0.01,uM,1,False,98973,seeding not uniform,False,False,O20:Monoculture::Gef,10.17632/fypp6xhkjy.1
4689,O20,Monoculture,,Gef,0.01,0.01,uM,2,False,79525,,False,True,O20:Monoculture::Gef,10.17632/fypp6xhkjy.1
4690,O20,Monoculture,,Gef,0.01,0.01,uM,3,False,46952,,False,True,O20:Monoculture::Gef,10.17632/fypp6xhkjy.1
4691,O20,Monoculture,,Gef,0.04,0.04,uM,1,False,21709,seeding not uniform,False,False,O20:Monoculture::Gef,10.17632/fypp6xhkjy.1
4692,O20,Monoculture,,Gef,0.04,0.04,uM,2,False,65228,,False,True,O20:Monoculture::Gef,10.17632/fypp6xhkjy.1
4693,O20,Monoculture,,Gef,0.04,0.04,uM,3,False,44274,,False,True,O20:Monoculture::Gef,10.17632/fypp6xhkjy.1
4694,O20,Monoculture,,Gef,0.1,0.1,uM,1,False,44818,,False,True,O20:Monoculture::Gef,10.17632/fypp6xhkjy.1
4695,O20,Monoculture,,Gef,0.1,0.1,uM,2,False,33732,,False,True,O20:Monoculture::Gef,10.17632/fypp6xhkjy.1
4696,O20,Monoculture,,Gef,0.1,0.1,uM,3,False,39283,,False,True,O20:Monoculture::Gef,10.17632/fypp6xhkjy.1
4697,O20,Monoculture,,Gef,0.4,0.4,uM,1,False,11448,,False,True,O20:Monoculture::Gef,10.17632/fypp6xhkjy.1
4698,O20,Monoculture,,Gef,0.4,0.4,uM,2,False,15327,,False,True,O20:Monoculture::Gef,10.17632/fypp6xhkjy.1
4699,O20,Monoculture,,Gef,0.4,0.4,uM,3,False,10306,,False,True,O20:Monoculture::Gef,10.17632/fypp6xhkjy.1
4700,O20,Monoculture,,Gef,1.1,1.1,uM,1,False,3995,,False,True,O20:Monoculture::Gef,10.17632/fypp6xhkjy.1
4701,O20,Monoculture,,Gef,1.1,1.1,uM,2,False,6975,,False,True,O20:Monoculture::Gef,10.17632/fypp6xhkjy.1
4702,O20,Monoculture,,Gef,1.1,1.1,uM,3,False,3619,,False,True,O20:Monoculture::Gef,10.17632/fypp6xhkjy.1
4703,O20,Monoculture,,Gef,3.3,3.3,uM,1,False,2805,,False,True,O20:Monoculture::Gef,10.17632/fypp6xhkjy.1
4704,O20,Monoculture,,Gef,3.3,3.3,uM,2,False,3561,,False,True,O20:Monoculture::Gef,10.17632/fypp6xhkjy.1
4705,O20,Monoculture,,Gef,3.3,3.3,uM,3,False,1999,,False,True,O20:Monoculture::Gef,10.17632/fypp6xhkjy.1
4706,O20,Monoculture,,Gef,10.0,10.0,uM,1,False,877,,False,True,O20:Monoculture::Gef,10.17632/fypp6xhkjy.1
4707,O20,Monoculture,,Gef,10.0,10.0,uM,2,False,294,,False,True,O20:Monoculture::Gef,10.17632/fypp6xhkjy.1
4708,O20,Monoculture,,Gef,10.0,10.0,uM,3,False,1046,,False,True,O20:Monoculture::Gef,10.17632/fypp6xhkjy.1
4709,O20,Coculture,F20,5-FU,DMSO,0.0,uM,1,True,61849,,False,True,O20:Coculture:F20:5-FU,10.17632/fypp6xhkjy.1
4710,O20,Coculture,F20,5-FU,DMSO,0.0,uM,2,True,43514,,False,True,O20:Coculture:F20:5-FU,10.17632/fypp6xhkjy.1
4711,O20,Coculture,F20,5-FU,DMSO,0.0,uM,3,True,93683,,False,True,O20:Coculture:F20:5-FU,10.17632/fypp6xhkjy.1
4712,O20,Coculture,F20,5-FU,0.5,0.5,uM,1,False,111593,,False,True,O20:Coculture:F20:5-FU,10.17632/fypp6xhkjy.1
4713,O20,Coculture,F20,5-FU,0.5,0.5,uM,2,False,114345,,False,True,O20:Coculture:F20:5-FU,10.17632/fypp6xhkjy.1
4714,O20,Coculture,F20,5-FU,0.5,0.5,uM,3,False,130043,,False,True,O20:Coculture:F20:5-FU,10.17632/fypp6xhkjy.1
4715,O20,Coculture,F20,5-FU,1.1,1.1,uM,1,False,10322,,False,True,O20:Coculture:F20:5-FU,10.17632/fypp6xhkjy.1
4716,O20,Coculture,F20,5-FU,1.1,1.1,uM,2,False,24214,,False,True,O20:Coculture:F20:5-FU,10.17632/fypp6xhkjy.1
4717,O20,Coculture,F20,5-FU,1.1,1.1,uM,3,False,64287,,False,True,O20:Coculture:F20:5-FU,10.17632/fypp6xhkjy.1
4718,O20,Coculture,F20,5-FU,2.5,2.5,uM,1,False,15633,,False,True,O20:Coculture:F20:5-FU,10.17632/fypp6xhkjy.1
4719,O20,Coculture,F20,5-FU,2.5,2.5,uM,2,False,15773,,False,True,O20:Coculture:F20:5-FU,10.17632/fypp6xhkjy.1
4720,O20,Coculture,F20,5-FU,2.5,2.5,uM,3,False,16451,,False,True,O20:Coculture:F20:5-FU,10.17632/fypp6xhkjy.1
4721,O20,Coculture,F20,5-FU,5.5,5.5,uM,1,False,7033,,False,True,O20:Coculture:F20:5-FU,10.17632/fypp6xhkjy.1
4722,O20,Coculture,F20,5-FU,5.5,5.5,uM,2,False,5451,,False,True,O20:Coculture:F20:5-FU,10.17632/fypp6xhkjy.1
4723,O20,Coculture,F20,5-FU,5.5,5.5,uM,3,False,5438,,False,True,O20:Coculture:F20:5-FU,10.17632/fypp6xhkjy.1
4724,O20,Coculture,F20,5-FU,12.2,12.2,uM,1,False,6981,,False,True,O20:Coculture:F20:5-FU,10.17632/fypp6xhkjy.1
4725,O20,Coculture,F20,5-FU,12.2,12.2,uM,2,False,6345,,False,True,O20:Coculture:F20:5-FU,10.17632/fypp6xhkjy.1
4726,O20,Coculture,F20,5-FU,12.2,12.2,uM,3,False,4395,,False,True,O20:Coculture:F20:5-FU,10.17632/fypp6xhkjy.1
4727,O20,Coculture,F20,5-FU,27.0,27.0,uM,1,False,5631,,False,True,O20:Coculture:F20:5-FU,10.17632/fypp6xhkjy.1
4728,O20,Coculture,F20,5-FU,27.0,27.0,uM,2,False,10570,,False,True,O20:Coculture:F20:5-FU,10.17632/fypp6xhkjy.1
4729,O20,Coculture,F20,5-FU,27.0,27.0,uM,3,False,5547,,False,True,O20:Coculture:F20:5-FU,10.17632/fypp6xhkjy.1
4730,O20,Coculture,F20,5-FU,60.0,60.0,uM,1,False,7646,,False,True,O20:Coculture:F20:5-FU,10.17632/fypp6xhkjy.1
4731,O20,Coculture,F20,5-FU,60.0,60.0,uM,2,False,7316,,False,True,O20:Coculture:F20:5-FU,10.17632/fypp6xhkjy.1
4732,O20,Coculture,F20,5-FU,60.0,60.0,uM,3,False,3606,,False,True,O20:Coculture:F20:5-FU,10.17632/fypp6xhkjy.1
4733,O20,Coculture,F20,Oxa,DMSO,0.0,uM,1,True,134277,,False,True,O20:Coculture:F20:Oxa,10.17632/fypp6xhkjy.1
4734,O20,Coculture,F20,Oxa,DMSO,0.0,uM,2,True,175634,,False,True,O20:Coculture:F20:Oxa,10.17632/fypp6xhkjy.1
4735,O20,Coculture,F20,Oxa,DMSO,0.0,uM,3,True,267038,,False,True,O20:Coculture:F20:Oxa,10.17632/fypp6xhkjy.1
4736,O20,Coculture,F20,Oxa,DMSO,0.0,uM,4,True,488,cells lost,False,False,O20:Coculture:F20:Oxa,10.17632/fypp6xhkjy.1
4737,O20,Coculture,F20,Oxa,DMSO,0.0,uM,5,True,291669,,False,True,O20:Coculture:F20:Oxa,10.17632/fypp6xhkjy.1
4738,O20,Coculture,F20,Oxa,DMSO,0.0,uM,6,True,575,cells lost,False,False,O20:Coculture:F20:Oxa,10.17632/fypp6xhkjy.1
4739,O20,Coculture,F20,Oxa,0.5,0.5,uM,1,False,79125,seeding not uniform,False,False,O20:Coculture:F20:Oxa,10.17632/fypp6xhkjy.1
4740,O20,Coculture,F20,Oxa,0.5,0.5,uM,2,False,158796,,False,True,O20:Coculture:F20:Oxa,10.17632/fypp6xhkjy.1
4741,O20,Coculture,F20,Oxa,0.5,0.5,uM,3,False,248872,,False,True,O20:Coculture:F20:Oxa,10.17632/fypp6xhkjy.1
4742,O20,Coculture,F20,Oxa,1.1,1.1,uM,1,False,14912,,False,True,O20:Coculture:F20:Oxa,10.17632/fypp6xhkjy.1
4743,O20,Coculture,F20,Oxa,1.1,1.1,uM,2,False,10594,,False,True,O20:Coculture:F20:Oxa,10.17632/fypp6xhkjy.1
4744,O20,Coculture,F20,Oxa,1.1,1.1,uM,3,False,16190,,False,True,O20:Coculture:F20:Oxa,10.17632/fypp6xhkjy.1
4745,O20,Coculture,F20,Oxa,2.5,2.5,uM,1,False,8084,,False,True,O20:Coculture:F20:Oxa,10.17632/fypp6xhkjy.1
4746,O20,Coculture,F20,Oxa,2.5,2.5,uM,2,False,17586,,False,True,O20:Coculture:F20:Oxa,10.17632/fypp6xhkjy.1
4747,O20,Coculture,F20,Oxa,2.5,2.5,uM,3,False,11284,,False,True,O20:Coculture:F20:Oxa,10.17632/fypp6xhkjy.1
4748,O20,Coculture,F20,Oxa,5.5,5.5,uM,1,False,6996,,False,True,O20:Coculture:F20:Oxa,10.17632/fypp6xhkjy.1
4749,O20,Coculture,F20,Oxa,5.5,5.5,uM,2,False,8793,,False,True,O20:Coculture:F20:Oxa,10.17632/fypp6xhkjy.1
4750,O20,Coculture,F20,Oxa,5.5,5.5,uM,3,False,13323,,False,True,O20:Coculture:F20:Oxa,10.17632/fypp6xhkjy.1
4751,O20,Coculture,F20,Oxa,12.2,12.2,uM,1,False,5326,,False,True,O20:Coculture:F20:Oxa,10.17632/fypp6xhkjy.1
4752,O20,Coculture,F20,Oxa,12.2,12.2,uM,2,False,10999,,False,True,O20:Coculture:F20:Oxa,10.17632/fypp6xhkjy.1
4753,O20,Coculture,F20,Oxa,12.2,12.2,uM,3,False,8759,,False,True,O20:Coculture:F20:Oxa,10.17632/fypp6xhkjy.1
4754,O20,Coculture,F20,Oxa,27.0,27.0,uM,1,False,4164,,False,True,O20:Coculture:F20:Oxa,10.17632/fypp6xhkjy.1
4755,O20,Coculture,F20,Oxa,27.0,27.0,uM,2,False,8749,,False,True,O20:Coculture:F20:Oxa,10.17632/fypp6xhkjy.1
4756,O20,Coculture,F20,Oxa,27.0,27.0,uM,3,False,12029,,False,True,O20:Coculture:F20:Oxa,10.17632/fypp6xhkjy.1
4757,O20,Coculture,F20,Oxa,60.0,60.0,uM,1,False,9428,,False,True,O20:Coculture:F20:Oxa,10.17632/fypp6xhkjy.1
4758,O20,Coculture,F20,Oxa,60.0,60.0,uM,2,False,11114,,False,True,O20:Coculture:F20:Oxa,10.17632/fypp6xhkjy.1
4759,O20,Coculture,F20,Oxa,60.0,60.0,uM,3,False,9235,,False,True,O20:Coculture:F20:Oxa,10.17632/fypp6xhkjy.1
4760,O20,Coculture,F20,SN-38,DMSO,0.0,nM,1,True,309707,,False,True,O20:Coculture:F20:SN-38,10.17632/fypp6xhkjy.1
4761,O20,Coculture,F20,SN-38,DMSO,0.0,nM,2,True,273892,,False,True,O20:Coculture:F20:SN-38,10.17632/fypp6xhkjy.1
4762,O20,Coculture,F20,SN-38,DMSO,0.0,nM,3,True,215529,,False,True,O20:Coculture:F20:SN-38,10.17632/fypp6xhkjy.1
4763,O20,Coculture,F20,SN-38,0.1,0.1,nM,1,False,208625,,False,True,O20:Coculture:F20:SN-38,10.17632/fypp6xhkjy.1
4764,O20,Coculture,F20,SN-38,0.1,0.1,nM,2,False,131421,,False,True,O20:Coculture:F20:SN-38,10.17632/fypp6xhkjy.1
4765,O20,Coculture,F20,SN-38,0.1,0.1,nM,3,False,179169,,False,True,O20:Coculture:F20:SN-38,10.17632/fypp6xhkjy.1
4766,O20,Coculture,F20,SN-38,0.2,0.2,nM,1,False,409459,seeding not uniform,False,False,O20:Coculture:F20:SN-38,10.17632/fypp6xhkjy.1
4767,O20,Coculture,F20,SN-38,0.2,0.2,nM,2,False,183617,,False,True,O20:Coculture:F20:SN-38,10.17632/fypp6xhkjy.1
4768,O20,Coculture,F20,SN-38,0.2,0.2,nM,3,False,173208,,False,True,O20:Coculture:F20:SN-38,10.17632/fypp6xhkjy.1
4769,O20,Coculture,F20,SN-38,0.4,0.4,nM,1,False,313459,,False,True,O20:Coculture:F20:SN-38,10.17632/fypp6xhkjy.1
4770,O20,Coculture,F20,SN-38,0.4,0.4,nM,2,False,84017,seeding not uniform,False,False,O20:Coculture:F20:SN-38,10.17632/fypp6xhkjy.1
4771,O20,Coculture,F20,SN-38,0.4,0.4,nM,3,False,220035,,False,True,O20:Coculture:F20:SN-38,10.17632/fypp6xhkjy.1
4772,O20,Coculture,F20,SN-38,0.7,0.7,nM,1,False,104955,,False,True,O20:Coculture:F20:SN-38,10.17632/fypp6xhkjy.1
4773,O20,Coculture,F20,SN-38,0.7,0.7,nM,2,False,79254,,False,True,O20:Coculture:F20:SN-38,10.17632/fypp6xhkjy.1
4774,O20,Coculture,F20,SN-38,0.7,0.7,nM,3,False,64295,,False,True,O20:Coculture:F20:SN-38,10.17632/fypp6xhkjy.1
4775,O20,Coculture,F20,SN-38,1.4,1.4,nM,1,False,78152,,False,True,O20:Coculture:F20:SN-38,10.17632/fypp6xhkjy.1
4776,O20,Coculture,F20,SN-38,1.4,1.4,nM,2,False,95414,,False,True,O20:Coculture:F20:SN-38,10.17632/fypp6xhkjy.1
4777,O20,Coculture,F20,SN-38,1.4,1.4,nM,3,False,32182,,False,True,O20:Coculture:F20:SN-38,10.17632/fypp6xhkjy.1
4778,O20,Coculture,F20,SN-38,2.6,2.6,nM,1,False,16733,,False,True,O20:Coculture:F20:SN-38,10.17632/fypp6xhkjy.1
4779,O20,Coculture,F20,SN-38,2.6,2.6,nM,2,False,18463,,False,True,O20:Coculture:F20:SN-38,10.17632/fypp6xhkjy.1
4780,O20,Coculture,F20,SN-38,2.6,2.6,nM,3,False,10406,,False,True,O20:Coculture:F20:SN-38,10.17632/fypp6xhkjy.1
4781,O20,Coculture,F20,SN-38,5.0,5.0,nM,1,False,6646,,False,True,O20:Coculture:F20:SN-38,10.17632/fypp6xhkjy.1
4782,O20,Coculture,F20,SN-38,5.0,5.0,nM,2,False,5005,,False,True,O20:Coculture:F20:SN-38,10.17632/fypp6xhkjy.1
4783,O20,Coculture,F20,SN-38,5.0,5.0,nM,3,False,3675,,False,True,O20:Coculture:F20:SN-38,10.17632/fypp6xhkjy.1
4784,O20,Coculture,F20,Gef,DMSO,0.0,uM,1,True,147019,,False,True,O20:Coculture:F20:Gef,10.17632/fypp6xhkjy.1
4785,O20,Coculture,F20,Gef,DMSO,0.0,uM,2,True,202676,,False,True,O20:Coculture:F20:Gef,10.17632/fypp6xhkjy.1
4786,O20,Coculture,F20,Gef,DMSO,0.0,uM,3,True,191738,,False,True,O20:Coculture:F20:Gef,10.17632/fypp6xhkjy.1
4787,O20,Coculture,F20,Gef,0.01,0.01,uM,1,False,159711,,False,True,O20:Coculture:F20:Gef,10.17632/fypp6xhkjy.1
4788,O20,Coculture,F20,Gef,0.01,0.01,uM,2,False,298294,,False,True,O20:Coculture:F20:Gef,10.17632/fypp6xhkjy.1
4789,O20,Coculture,F20,Gef,0.01,0.01,uM,3,False,211564,,False,True,O20:Coculture:F20:Gef,10.17632/fypp6xhkjy.1
4790,O20,Coculture,F20,Gef,0.04,0.04,uM,1,False,153085,,False,True,O20:Coculture:F20:Gef,10.17632/fypp6xhkjy.1
4791,O20,Coculture,F20,Gef,0.04,0.04,uM,2,False,227516,,False,True,O20:Coculture:F20:Gef,10.17632/fypp6xhkjy.1
4792,O20,Coculture,F20,Gef,0.04,0.04,uM,3,False,160952,,False,True,O20:Coculture:F20:Gef,10.17632/fypp6xhkjy.1
4793,O20,Coculture,F20,Gef,0.1,0.1,uM,1,False,87609,seeding not uniform,False,False,O20:Coculture:F20:Gef,10.17632/fypp6xhkjy.1
4794,O20,Coculture,F20,Gef,0.1,0.1,uM,2,False,232143,,False,True,O20:Coculture:F20:Gef,10.17632/fypp6xhkjy.1
4795,O20,Coculture,F20,Gef,0.1,0.1,uM,3,False,183808,,False,True,O20:Coculture:F20:Gef,10.17632/fypp6xhkjy.1
4796,O20,Coculture,F20,Gef,0.4,0.4,uM,1,False,164532,,False,True,O20:Coculture:F20:Gef,10.17632/fypp6xhkjy.1
4797,O20,Coculture,F20,Gef,0.4,0.4,uM,2,False,70388,,False,True,O20:Coculture:F20:Gef,10.17632/fypp6xhkjy.1
4798,O20,Coculture,F20,Gef,0.4,0.4,uM,3,False,73077,,False,True,O20:Coculture:F20:Gef,10.17632/fypp6xhkjy.1
4799,O20,Coculture,F20,Gef,1.1,1.1,uM,1,False,16868,,False,True,O20:Coculture:F20:Gef,10.17632/fypp6xhkjy.1
4800,O20,Coculture,F20,Gef,1.1,1.1,uM,2,False,12933,,False,True,O20:Coculture:F20:Gef,10.17632/fypp6xhkjy.1
4801,O20,Coculture,F20,Gef,1.1,1.1,uM,3,False,11088,,False,True,O20:Coculture:F20:Gef,10.17632/fypp6xhkjy.1
4802,O20,Coculture,F20,Gef,3.3,3.3,uM,1,False,8926,,False,True,O20:Coculture:F20:Gef,10.17632/fypp6xhkjy.1
4803,O20,Coculture,F20,Gef,3.3,3.3,uM,2,False,8750,,False,True,O20:Coculture:F20:Gef,10.17632/fypp6xhkjy.1
4804,O20,Coculture,F20,Gef,3.3,3.3,uM,3,False,12676,,False,True,O20:Coculture:F20:Gef,10.17632/fypp6xhkjy.1
4805,O20,Coculture,F20,Gef,10.0,10.0,uM,1,False,9132,,False,True,O20:Coculture:F20:Gef,10.17632/fypp6xhkjy.1
4806,O20,Coculture,F20,Gef,10.0,10.0,uM,2,False,4466,,False,True,O20:Coculture:F20:Gef,10.17632/fypp6xhkjy.1
4807,O20,Coculture,F20,Gef,10.0,10.0,uM,3,False,2350,,False,True,O20:Coculture:F20:Gef,10.17632/fypp6xhkjy.1
4808,O21,Monoculture,,5-FU,DMSO,0.0,uM,1,True,22172,,False,True,O21:Monoculture::5-FU,10.17632/fypp6xhkjy.1
4809,O21,Monoculture,,5-FU,DMSO,0.0,uM,2,True,23369,,False,True,O21:Monoculture::5-FU,10.17632/fypp6xhkjy.1
4810,O21,Monoculture,,5-FU,DMSO,0.0,uM,3,True,27681,,False,True,O21:Monoculture::5-FU,10.17632/fypp6xhkjy.1
4811,O21,Monoculture,,5-FU,0.5,0.5,uM,1,False,30667,,False,True,O21:Monoculture::5-FU,10.17632/fypp6xhkjy.1
4812,O21,Monoculture,,5-FU,0.5,0.5,uM,2,False,33015,,False,True,O21:Monoculture::5-FU,10.17632/fypp6xhkjy.1
4813,O21,Monoculture,,5-FU,0.5,0.5,uM,3,False,23211,,False,True,O21:Monoculture::5-FU,10.17632/fypp6xhkjy.1
4814,O21,Monoculture,,5-FU,1.1,1.1,uM,1,False,19003,,False,True,O21:Monoculture::5-FU,10.17632/fypp6xhkjy.1
4815,O21,Monoculture,,5-FU,1.1,1.1,uM,2,False,24542,,False,True,O21:Monoculture::5-FU,10.17632/fypp6xhkjy.1
4816,O21,Monoculture,,5-FU,1.1,1.1,uM,3,False,30507,,False,True,O21:Monoculture::5-FU,10.17632/fypp6xhkjy.1
4817,O21,Monoculture,,5-FU,2.5,2.5,uM,1,False,28201,,False,True,O21:Monoculture::5-FU,10.17632/fypp6xhkjy.1
4818,O21,Monoculture,,5-FU,2.5,2.5,uM,2,False,21156,,False,True,O21:Monoculture::5-FU,10.17632/fypp6xhkjy.1
4819,O21,Monoculture,,5-FU,2.5,2.5,uM,3,False,25725,,False,True,O21:Monoculture::5-FU,10.17632/fypp6xhkjy.1
4820,O21,Monoculture,,5-FU,5.5,5.5,uM,1,False,17905,,False,True,O21:Monoculture::5-FU,10.17632/fypp6xhkjy.1
4821,O21,Monoculture,,5-FU,5.5,5.5,uM,2,False,24950,,False,True,O21:Monoculture::5-FU,10.17632/fypp6xhkjy.1
4822,O21,Monoculture,,5-FU,5.5,5.5,uM,3,False,16913,,False,True,O21:Monoculture::5-FU,10.17632/fypp6xhkjy.1
4823,O21,Monoculture,,5-FU,12.2,12.2,uM,1,False,24710,,False,True,O21:Monoculture::5-FU,10.17632/fypp6xhkjy.1
4824,O21,Monoculture,,5-FU,12.2,12.2,uM,2,False,24112,,False,True,O21:Monoculture::5-FU,10.17632/fypp6xhkjy.1
4825,O21,Monoculture,,5-FU,12.2,12.2,uM,3,False,21516,,False,True,O21:Monoculture::5-FU,10.17632/fypp6xhkjy.1
4826,O21,Monoculture,,5-FU,27.0,27.0,uM,1,False,15377,,False,True,O21:Monoculture::5-FU,10.17632/fypp6xhkjy.1
4827,O21,Monoculture,,5-FU,27.0,27.0,uM,2,False,15406,,False,True,O21:Monoculture::5-FU,10.17632/fypp6xhkjy.1
4828,O21,Monoculture,,5-FU,27.0,27.0,uM,3,False,14465,,False,True,O21:Monoculture::5-FU,10.17632/fypp6xhkjy.1
4829,O21,Monoculture,,5-FU,60.0,60.0,uM,1,False,13368,,False,True,O21:Monoculture::5-FU,10.17632/fypp6xhkjy.1
4830,O21,Monoculture,,5-FU,60.0,60.0,uM,2,False,13995,,False,True,O21:Monoculture::5-FU,10.17632/fypp6xhkjy.1
4831,O21,Monoculture,,5-FU,60.0,60.0,uM,3,False,17853,,False,True,O21:Monoculture::5-FU,10.17632/fypp6xhkjy.1
4832,O21,Monoculture,,Oxa,DMSO,0.0,uM,1,True,31578,,False,True,O21:Monoculture::Oxa,10.17632/fypp6xhkjy.1
4833,O21,Monoculture,,Oxa,DMSO,0.0,uM,2,True,24273,,False,True,O21:Monoculture::Oxa,10.17632/fypp6xhkjy.1
4834,O21,Monoculture,,Oxa,DMSO,0.0,uM,3,True,12557,,False,True,O21:Monoculture::Oxa,10.17632/fypp6xhkjy.1
4835,O21,Monoculture,,Oxa,0.5,0.5,uM,1,False,28836,,False,True,O21:Monoculture::Oxa,10.17632/fypp6xhkjy.1
4836,O21,Monoculture,,Oxa,0.5,0.5,uM,2,False,26196,,False,True,O21:Monoculture::Oxa,10.17632/fypp6xhkjy.1
4837,O21,Monoculture,,Oxa,0.5,0.5,uM,3,False,38282,,False,True,O21:Monoculture::Oxa,10.17632/fypp6xhkjy.1
4838,O21,Monoculture,,Oxa,1.1,1.1,uM,1,False,25256,,False,True,O21:Monoculture::Oxa,10.17632/fypp6xhkjy.1
4839,O21,Monoculture,,Oxa,1.1,1.1,uM,2,False,21419,,False,True,O21:Monoculture::Oxa,10.17632/fypp6xhkjy.1
4840,O21,Monoculture,,Oxa,1.1,1.1,uM,3,False,33248,,False,True,O21:Monoculture::Oxa,10.17632/fypp6xhkjy.1
4841,O21,Monoculture,,Oxa,2.5,2.5,uM,1,False,22141,,False,True,O21:Monoculture::Oxa,10.17632/fypp6xhkjy.1
4842,O21,Monoculture,,Oxa,2.5,2.5,uM,2,False,11990,,False,True,O21:Monoculture::Oxa,10.17632/fypp6xhkjy.1
4843,O21,Monoculture,,Oxa,2.5,2.5,uM,3,False,17831,,False,True,O21:Monoculture::Oxa,10.17632/fypp6xhkjy.1
4844,O21,Monoculture,,Oxa,5.5,5.5,uM,1,False,9566,,False,True,O21:Monoculture::Oxa,10.17632/fypp6xhkjy.1
4845,O21,Monoculture,,Oxa,5.5,5.5,uM,2,False,10549,,False,True,O21:Monoculture::Oxa,10.17632/fypp6xhkjy.1
4846,O21,Monoculture,,Oxa,5.5,5.5,uM,3,False,9581,,False,True,O21:Monoculture::Oxa,10.17632/fypp6xhkjy.1
4847,O21,Monoculture,,Oxa,12.2,12.2,uM,1,False,8365,,False,True,O21:Monoculture::Oxa,10.17632/fypp6xhkjy.1
4848,O21,Monoculture,,Oxa,12.2,12.2,uM,2,False,7181,,False,True,O21:Monoculture::Oxa,10.17632/fypp6xhkjy.1
4849,O21,Monoculture,,Oxa,12.2,12.2,uM,3,False,7918,,False,True,O21:Monoculture::Oxa,10.17632/fypp6xhkjy.1
4850,O21,Monoculture,,Oxa,27.0,27.0,uM,1,False,5136,,False,True,O21:Monoculture::Oxa,10.17632/fypp6xhkjy.1
4851,O21,Monoculture,,Oxa,27.0,27.0,uM,2,False,4949,,False,True,O21:Monoculture::Oxa,10.17632/fypp6xhkjy.1
4852,O21,Monoculture,,Oxa,27.0,27.0,uM,3,False,3628,,False,True,O21:Monoculture::Oxa,10.17632/fypp6xhkjy.1
4853,O21,Monoculture,,Oxa,60.0,60.0,uM,1,False,2283,,False,True,O21:Monoculture::Oxa,10.17632/fypp6xhkjy.1
4854,O21,Monoculture,,Oxa,60.0,60.0,uM,2,False,1511,,False,True,O21:Monoculture::Oxa,10.17632/fypp6xhkjy.1
4855,O21,Monoculture,,Oxa,60.0,60.0,uM,3,False,2282,,False,True,O21:Monoculture::Oxa,10.17632/fypp6xhkjy.1
4856,O21,Monoculture,,SN-38,DMSO,0.0,nM,1,True,28118,,False,True,O21:Monoculture::SN-38,10.17632/fypp6xhkjy.1
4857,O21,Monoculture,,SN-38,DMSO,0.0,nM,2,True,22054,,False,True,O21:Monoculture::SN-38,10.17632/fypp6xhkjy.1
4858,O21,Monoculture,,SN-38,DMSO,0.0,nM,3,True,28079,,False,True,O21:Monoculture::SN-38,10.17632/fypp6xhkjy.1
4859,O21,Monoculture,,SN-38,0.1,0.1,nM,1,False,25957,,False,True,O21:Monoculture::SN-38,10.17632/fypp6xhkjy.1
4860,O21,Monoculture,,SN-38,0.1,0.1,nM,2,False,24659,,False,True,O21:Monoculture::SN-38,10.17632/fypp6xhkjy.1
4861,O21,Monoculture,,SN-38,0.1,0.1,nM,3,False,28807,,False,True,O21:Monoculture::SN-38,10.17632/fypp6xhkjy.1
4862,O21,Monoculture,,SN-38,0.2,0.2,nM,1,False,30416,,False,True,O21:Monoculture::SN-38,10.17632/fypp6xhkjy.1
4863,O21,Monoculture,,SN-38,0.2,0.2,nM,2,False,29063,,False,True,O21:Monoculture::SN-38,10.17632/fypp6xhkjy.1
4864,O21,Monoculture,,SN-38,0.2,0.2,nM,3,False,28457,,False,True,O21:Monoculture::SN-38,10.17632/fypp6xhkjy.1
4865,O21,Monoculture,,SN-38,0.4,0.4,nM,1,False,27243,,False,True,O21:Monoculture::SN-38,10.17632/fypp6xhkjy.1
4866,O21,Monoculture,,SN-38,0.4,0.4,nM,2,False,28785,,False,True,O21:Monoculture::SN-38,10.17632/fypp6xhkjy.1
4867,O21,Monoculture,,SN-38,0.4,0.4,nM,3,False,15180,,False,True,O21:Monoculture::SN-38,10.17632/fypp6xhkjy.1
4868,O21,Monoculture,,SN-38,0.7,0.7,nM,1,False,22911,,False,True,O21:Monoculture::SN-38,10.17632/fypp6xhkjy.1
4869,O21,Monoculture,,SN-38,0.7,0.7,nM,2,False,25457,,False,True,O21:Monoculture::SN-38,10.17632/fypp6xhkjy.1
4870,O21,Monoculture,,SN-38,0.7,0.7,nM,3,False,21159,,False,True,O21:Monoculture::SN-38,10.17632/fypp6xhkjy.1
4871,O21,Monoculture,,SN-38,1.4,1.4,nM,1,False,19033,,False,True,O21:Monoculture::SN-38,10.17632/fypp6xhkjy.1
4872,O21,Monoculture,,SN-38,1.4,1.4,nM,2,False,31006,,False,True,O21:Monoculture::SN-38,10.17632/fypp6xhkjy.1
4873,O21,Monoculture,,SN-38,1.4,1.4,nM,3,False,18422,,False,True,O21:Monoculture::SN-38,10.17632/fypp6xhkjy.1
4874,O21,Monoculture,,SN-38,2.6,2.6,nM,1,False,14316,,False,True,O21:Monoculture::SN-38,10.17632/fypp6xhkjy.1
4875,O21,Monoculture,,SN-38,2.6,2.6,nM,2,False,11191,,False,True,O21:Monoculture::SN-38,10.17632/fypp6xhkjy.1
4876,O21,Monoculture,,SN-38,2.6,2.6,nM,3,False,21463,,False,True,O21:Monoculture::SN-38,10.17632/fypp6xhkjy.1
4877,O21,Monoculture,,SN-38,5.0,5.0,nM,1,False,5625,,False,True,O21:Monoculture::SN-38,10.17632/fypp6xhkjy.1
4878,O21,Monoculture,,SN-38,5.0,5.0,nM,2,False,16579,seeding not uniform,False,False,O21:Monoculture::SN-38,10.17632/fypp6xhkjy.1
4879,O21,Monoculture,,SN-38,5.0,5.0,nM,3,False,4884,,False,True,O21:Monoculture::SN-38,10.17632/fypp6xhkjy.1
4880,O21,Monoculture,,Gef,DMSO,0.0,uM,1,True,30030,,False,True,O21:Monoculture::Gef,10.17632/fypp6xhkjy.1
4881,O21,Monoculture,,Gef,DMSO,0.0,uM,2,True,21622,,False,True,O21:Monoculture::Gef,10.17632/fypp6xhkjy.1
4882,O21,Monoculture,,Gef,DMSO,0.0,uM,3,True,21625,,False,True,O21:Monoculture::Gef,10.17632/fypp6xhkjy.1
4883,O21,Monoculture,,Gef,0.01,0.01,uM,1,False,26368,,False,True,O21:Monoculture::Gef,10.17632/fypp6xhkjy.1
4884,O21,Monoculture,,Gef,0.01,0.01,uM,2,False,26892,,False,True,O21:Monoculture::Gef,10.17632/fypp6xhkjy.1
4885,O21,Monoculture,,Gef,0.01,0.01,uM,3,False,22273,,False,True,O21:Monoculture::Gef,10.17632/fypp6xhkjy.1
4886,O21,Monoculture,,Gef,0.04,0.04,uM,1,False,31354,,False,True,O21:Monoculture::Gef,10.17632/fypp6xhkjy.1
4887,O21,Monoculture,,Gef,0.04,0.04,uM,2,False,24857,,False,True,O21:Monoculture::Gef,10.17632/fypp6xhkjy.1
4888,O21,Monoculture,,Gef,0.04,0.04,uM,3,False,17239,,False,True,O21:Monoculture::Gef,10.17632/fypp6xhkjy.1
4889,O21,Monoculture,,Gef,0.1,0.1,uM,1,False,22095,,False,True,O21:Monoculture::Gef,10.17632/fypp6xhkjy.1
4890,O21,Monoculture,,Gef,0.1,0.1,uM,2,False,22522,,False,True,O21:Monoculture::Gef,10.17632/fypp6xhkjy.1
4891,O21,Monoculture,,Gef,0.1,0.1,uM,3,False,27368,,False,True,O21:Monoculture::Gef,10.17632/fypp6xhkjy.1
4892,O21,Monoculture,,Gef,0.4,0.4,uM,1,False,31537,,False,True,O21:Monoculture::Gef,10.17632/fypp6xhkjy.1
4893,O21,Monoculture,,Gef,0.4,0.4,uM,2,False,19906,,False,True,O21:Monoculture::Gef,10.17632/fypp6xhkjy.1
4894,O21,Monoculture,,Gef,0.4,0.4,uM,3,False,27946,,False,True,O21:Monoculture::Gef,10.17632/fypp6xhkjy.1
4895,O21,Monoculture,,Gef,1.1,1.1,uM,1,False,18011,,False,True,O21:Monoculture::Gef,10.17632/fypp6xhkjy.1
4896,O21,Monoculture,,Gef,1.1,1.1,uM,2,False,13598,,False,True,O21:Monoculture::Gef,10.17632/fypp6xhkjy.1
4897,O21,Monoculture,,Gef,1.1,1.1,uM,3,False,19869,,False,True,O21:Monoculture::Gef,10.17632/fypp6xhkjy.1
4898,O21,Monoculture,,Gef,3.3,3.3,uM,1,False,15494,,False,True,O21:Monoculture::Gef,10.17632/fypp6xhkjy.1
4899,O21,Monoculture,,Gef,3.3,3.3,uM,2,False,12344,,False,True,O21:Monoculture::Gef,10.17632/fypp6xhkjy.1
4900,O21,Monoculture,,Gef,3.3,3.3,uM,3,False,17655,,False,True,O21:Monoculture::Gef,10.17632/fypp6xhkjy.1
4901,O21,Monoculture,,Gef,10.0,10.0,uM,1,False,8853,,False,True,O21:Monoculture::Gef,10.17632/fypp6xhkjy.1
4902,O21,Monoculture,,Gef,10.0,10.0,uM,2,False,11370,,False,True,O21:Monoculture::Gef,10.17632/fypp6xhkjy.1
4903,O21,Monoculture,,Gef,10.0,10.0,uM,3,False,11414,,False,True,O21:Monoculture::Gef,10.17632/fypp6xhkjy.1
4904,O21,Coculture,F14,5-FU,DMSO,0.0,uM,1,True,25050,,False,True,O21:Coculture:F14:5-FU,10.17632/fypp6xhkjy.1
4905,O21,Coculture,F14,5-FU,DMSO,0.0,uM,2,True,30613,,False,True,O21:Coculture:F14:5-FU,10.17632/fypp6xhkjy.1
4906,O21,Coculture,F14,5-FU,DMSO,0.0,uM,3,True,27586,,False,True,O21:Coculture:F14:5-FU,10.17632/fypp6xhkjy.1
4907,O21,Coculture,F14,5-FU,0.5,0.5,uM,1,False,34234,,False,True,O21:Coculture:F14:5-FU,10.17632/fypp6xhkjy.1
4908,O21,Coculture,F14,5-FU,0.5,0.5,uM,2,False,33382,,False,True,O21:Coculture:F14:5-FU,10.17632/fypp6xhkjy.1
4909,O21,Coculture,F14,5-FU,0.5,0.5,uM,3,False,36962,,False,True,O21:Coculture:F14:5-FU,10.17632/fypp6xhkjy.1
4910,O21,Coculture,F14,5-FU,1.1,1.1,uM,1,False,22351,,False,True,O21:Coculture:F14:5-FU,10.17632/fypp6xhkjy.1
4911,O21,Coculture,F14,5-FU,1.1,1.1,uM,2,False,34555,,False,True,O21:Coculture:F14:5-FU,10.17632/fypp6xhkjy.1
4912,O21,Coculture,F14,5-FU,1.1,1.1,uM,3,False,36259,,False,True,O21:Coculture:F14:5-FU,10.17632/fypp6xhkjy.1
4913,O21,Coculture,F14,5-FU,2.5,2.5,uM,1,False,28532,,False,True,O21:Coculture:F14:5-FU,10.17632/fypp6xhkjy.1
4914,O21,Coculture,F14,5-FU,2.5,2.5,uM,2,False,36244,,False,True,O21:Coculture:F14:5-FU,10.17632/fypp6xhkjy.1
4915,O21,Coculture,F14,5-FU,2.5,2.5,uM,3,False,45207,,False,True,O21:Coculture:F14:5-FU,10.17632/fypp6xhkjy.1
4916,O21,Coculture,F14,5-FU,5.5,5.5,uM,1,False,18217,,False,True,O21:Coculture:F14:5-FU,10.17632/fypp6xhkjy.1
4917,O21,Coculture,F14,5-FU,5.5,5.5,uM,2,False,24771,,False,True,O21:Coculture:F14:5-FU,10.17632/fypp6xhkjy.1
4918,O21,Coculture,F14,5-FU,5.5,5.5,uM,3,False,37901,,False,True,O21:Coculture:F14:5-FU,10.17632/fypp6xhkjy.1
4919,O21,Coculture,F14,5-FU,12.2,12.2,uM,1,False,19082,,False,True,O21:Coculture:F14:5-FU,10.17632/fypp6xhkjy.1
4920,O21,Coculture,F14,5-FU,12.2,12.2,uM,2,False,28971,,False,True,O21:Coculture:F14:5-FU,10.17632/fypp6xhkjy.1
4921,O21,Coculture,F14,5-FU,12.2,12.2,uM,3,False,24630,,False,True,O21:Coculture:F14:5-FU,10.17632/fypp6xhkjy.1
4922,O21,Coculture,F14,5-FU,27.0,27.0,uM,1,False,15374,,False,True,O21:Coculture:F14:5-FU,10.17632/fypp6xhkjy.1
4923,O21,Coculture,F14,5-FU,27.0,27.0,uM,2,False,21756,,False,True,O21:Coculture:F14:5-FU,10.17632/fypp6xhkjy.1
4924,O21,Coculture,F14,5-FU,27.0,27.0,uM,3,False,25406,,False,True,O21:Coculture:F14:5-FU,10.17632/fypp6xhkjy.1
4925,O21,Coculture,F14,5-FU,60.0,60.0,uM,1,False,13239,,False,True,O21:Coculture:F14:5-FU,10.17632/fypp6xhkjy.1
4926,O21,Coculture,F14,5-FU,60.0,60.0,uM,2,False,11239,,False,True,O21:Coculture:F14:5-FU,10.17632/fypp6xhkjy.1
4927,O21,Coculture,F14,5-FU,60.0,60.0,uM,3,False,18458,,False,True,O21:Coculture:F14:5-FU,10.17632/fypp6xhkjy.1
4928,O21,Coculture,F14,Oxa,DMSO,0.0,uM,1,True,28522,,False,True,O21:Coculture:F14:Oxa,10.17632/fypp6xhkjy.1
4929,O21,Coculture,F14,Oxa,DMSO,0.0,uM,2,True,37413,,False,True,O21:Coculture:F14:Oxa,10.17632/fypp6xhkjy.1
4930,O21,Coculture,F14,Oxa,DMSO,0.0,uM,3,True,38415,,False,True,O21:Coculture:F14:Oxa,10.17632/fypp6xhkjy.1
4931,O21,Coculture,F14,Oxa,0.5,0.5,uM,1,False,27734,,False,True,O21:Coculture:F14:Oxa,10.17632/fypp6xhkjy.1
4932,O21,Coculture,F14,Oxa,0.5,0.5,uM,2,False,31252,,False,True,O21:Coculture:F14:Oxa,10.17632/fypp6xhkjy.1
4933,O21,Coculture,F14,Oxa,0.5,0.5,uM,3,False,41955,,False,True,O21:Coculture:F14:Oxa,10.17632/fypp6xhkjy.1
4934,O21,Coculture,F14,Oxa,1.1,1.1,uM,1,False,17783,,False,True,O21:Coculture:F14:Oxa,10.17632/fypp6xhkjy.1
4935,O21,Coculture,F14,Oxa,1.1,1.1,uM,2,False,28393,,False,True,O21:Coculture:F14:Oxa,10.17632/fypp6xhkjy.1
4936,O21,Coculture,F14,Oxa,1.1,1.1,uM,3,False,28333,,False,True,O21:Coculture:F14:Oxa,10.17632/fypp6xhkjy.1
4937,O21,Coculture,F14,Oxa,2.5,2.5,uM,1,False,9281,,False,True,O21:Coculture:F14:Oxa,10.17632/fypp6xhkjy.1
4938,O21,Coculture,F14,Oxa,2.5,2.5,uM,2,False,8401,,False,True,O21:Coculture:F14:Oxa,10.17632/fypp6xhkjy.1
4939,O21,Coculture,F14,Oxa,2.5,2.5,uM,3,False,14594,,False,True,O21:Coculture:F14:Oxa,10.17632/fypp6xhkjy.1
4940,O21,Coculture,F14,Oxa,5.5,5.5,uM,1,False,6926,,False,True,O21:Coculture:F14:Oxa,10.17632/fypp6xhkjy.1
4941,O21,Coculture,F14,Oxa,5.5,5.5,uM,2,False,5103,,False,True,O21:Coculture:F14:Oxa,10.17632/fypp6xhkjy.1
4942,O21,Coculture,F14,Oxa,5.5,5.5,uM,3,False,5060,,False,True,O21:Coculture:F14:Oxa,10.17632/fypp6xhkjy.1
4943,O21,Coculture,F14,Oxa,12.2,12.2,uM,1,False,5010,,False,True,O21:Coculture:F14:Oxa,10.17632/fypp6xhkjy.1
4944,O21,Coculture,F14,Oxa,12.2,12.2,uM,2,False,4952,,False,True,O21:Coculture:F14:Oxa,10.17632/fypp6xhkjy.1
4945,O21,Coculture,F14,Oxa,12.2,12.2,uM,3,False,5107,,False,True,O21:Coculture:F14:Oxa,10.17632/fypp6xhkjy.1
4946,O21,Coculture,F14,Oxa,27.0,27.0,uM,1,False,3448,,False,True,O21:Coculture:F14:Oxa,10.17632/fypp6xhkjy.1
4947,O21,Coculture,F14,Oxa,27.0,27.0,uM,2,False,4870,,False,True,O21:Coculture:F14:Oxa,10.17632/fypp6xhkjy.1
4948,O21,Coculture,F14,Oxa,27.0,27.0,uM,3,False,3858,,False,True,O21:Coculture:F14:Oxa,10.17632/fypp6xhkjy.1
4949,O21,Coculture,F14,Oxa,60.0,60.0,uM,1,False,1945,,False,True,O21:Coculture:F14:Oxa,10.17632/fypp6xhkjy.1
4950,O21,Coculture,F14,Oxa,60.0,60.0,uM,2,False,2022,,False,True,O21:Coculture:F14:Oxa,10.17632/fypp6xhkjy.1
4951,O21,Coculture,F14,Oxa,60.0,60.0,uM,3,False,3077,,False,True,O21:Coculture:F14:Oxa,10.17632/fypp6xhkjy.1
4952,O21,Coculture,F14,SN-38,DMSO,0.0,nM,1,True,46634,,False,True,O21:Coculture:F14:SN-38,10.17632/fypp6xhkjy.1
4953,O21,Coculture,F14,SN-38,DMSO,0.0,nM,2,True,34324,,False,True,O21:Coculture:F14:SN-38,10.17632/fypp6xhkjy.1
4954,O21,Coculture,F14,SN-38,DMSO,0.0,nM,3,True,45376,,False,True,O21:Coculture:F14:SN-38,10.17632/fypp6xhkjy.1
4955,O21,Coculture,F14,SN-38,0.1,0.1,nM,1,False,37624,,False,True,O21:Coculture:F14:SN-38,10.17632/fypp6xhkjy.1
4956,O21,Coculture,F14,SN-38,0.1,0.1,nM,2,False,39233,,False,True,O21:Coculture:F14:SN-38,10.17632/fypp6xhkjy.1
4957,O21,Coculture,F14,SN-38,0.1,0.1,nM,3,False,43864,,False,True,O21:Coculture:F14:SN-38,10.17632/fypp6xhkjy.1
4958,O21,Coculture,F14,SN-38,0.2,0.2,nM,1,False,37415,,False,True,O21:Coculture:F14:SN-38,10.17632/fypp6xhkjy.1
4959,O21,Coculture,F14,SN-38,0.2,0.2,nM,2,False,49111,,False,True,O21:Coculture:F14:SN-38,10.17632/fypp6xhkjy.1
4960,O21,Coculture,F14,SN-38,0.2,0.2,nM,3,False,42189,,False,True,O21:Coculture:F14:SN-38,10.17632/fypp6xhkjy.1
4961,O21,Coculture,F14,SN-38,0.4,0.4,nM,1,False,31979,,False,True,O21:Coculture:F14:SN-38,10.17632/fypp6xhkjy.1
4962,O21,Coculture,F14,SN-38,0.4,0.4,nM,2,False,32705,,False,True,O21:Coculture:F14:SN-38,10.17632/fypp6xhkjy.1
4963,O21,Coculture,F14,SN-38,0.4,0.4,nM,3,False,29435,,False,True,O21:Coculture:F14:SN-38,10.17632/fypp6xhkjy.1
4964,O21,Coculture,F14,SN-38,0.7,0.7,nM,1,False,26646,,False,True,O21:Coculture:F14:SN-38,10.17632/fypp6xhkjy.1
4965,O21,Coculture,F14,SN-38,0.7,0.7,nM,2,False,21230,,False,True,O21:Coculture:F14:SN-38,10.17632/fypp6xhkjy.1
4966,O21,Coculture,F14,SN-38,0.7,0.7,nM,3,False,25871,,False,True,O21:Coculture:F14:SN-38,10.17632/fypp6xhkjy.1
4967,O21,Coculture,F14,SN-38,1.4,1.4,nM,1,False,16603,,False,True,O21:Coculture:F14:SN-38,10.17632/fypp6xhkjy.1
4968,O21,Coculture,F14,SN-38,1.4,1.4,nM,2,False,19520,,False,True,O21:Coculture:F14:SN-38,10.17632/fypp6xhkjy.1
4969,O21,Coculture,F14,SN-38,1.4,1.4,nM,3,False,13295,,False,True,O21:Coculture:F14:SN-38,10.17632/fypp6xhkjy.1
4970,O21,Coculture,F14,SN-38,2.6,2.6,nM,1,False,7447,,False,True,O21:Coculture:F14:SN-38,10.17632/fypp6xhkjy.1
4971,O21,Coculture,F14,SN-38,2.6,2.6,nM,2,False,9839,,False,True,O21:Coculture:F14:SN-38,10.17632/fypp6xhkjy.1
4972,O21,Coculture,F14,SN-38,2.6,2.6,nM,3,False,4192,,False,True,O21:Coculture:F14:SN-38,10.17632/fypp6xhkjy.1
4973,O21,Coculture,F14,SN-38,5.0,5.0,nM,1,False,3847,,False,True,O21:Coculture:F14:SN-38,10.17632/fypp6xhkjy.1
4974,O21,Coculture,F14,SN-38,5.0,5.0,nM,2,False,4287,,False,True,O21:Coculture:F14:SN-38,10.17632/fypp6xhkjy.1
4975,O21,Coculture,F14,SN-38,5.0,5.0,nM,3,False,3718,,False,True,O21:Coculture:F14:SN-38,10.17632/fypp6xhkjy.1
4976,O21,Coculture,F14,Gef,DMSO,0.0,uM,1,True,33333,,False,True,O21:Coculture:F14:Gef,10.17632/fypp6xhkjy.1
4977,O21,Coculture,F14,Gef,DMSO,0.0,uM,2,True,40672,,False,True,O21:Coculture:F14:Gef,10.17632/fypp6xhkjy.1
4978,O21,Coculture,F14,Gef,DMSO,0.0,uM,3,True,37524,,False,True,O21:Coculture:F14:Gef,10.17632/fypp6xhkjy.1
4979,O21,Coculture,F14,Gef,0.01,0.01,uM,1,False,49123,,False,True,O21:Coculture:F14:Gef,10.17632/fypp6xhkjy.1
4980,O21,Coculture,F14,Gef,0.01,0.01,uM,2,False,43951,,False,True,O21:Coculture:F14:Gef,10.17632/fypp6xhkjy.1
4981,O21,Coculture,F14,Gef,0.01,0.01,uM,3,False,23855,seeding not uniform,False,False,O21:Coculture:F14:Gef,10.17632/fypp6xhkjy.1
4982,O21,Coculture,F14,Gef,0.04,0.04,uM,1,False,48551,,False,True,O21:Coculture:F14:Gef,10.17632/fypp6xhkjy.1
4983,O21,Coculture,F14,Gef,0.04,0.04,uM,2,False,49807,,False,True,O21:Coculture:F14:Gef,10.17632/fypp6xhkjy.1
4984,O21,Coculture,F14,Gef,0.04,0.04,uM,3,False,45675,,False,True,O21:Coculture:F14:Gef,10.17632/fypp6xhkjy.1
4985,O21,Coculture,F14,Gef,0.1,0.1,uM,1,False,26523,,False,True,O21:Coculture:F14:Gef,10.17632/fypp6xhkjy.1
4986,O21,Coculture,F14,Gef,0.1,0.1,uM,2,False,25814,,False,True,O21:Coculture:F14:Gef,10.17632/fypp6xhkjy.1
4987,O21,Coculture,F14,Gef,0.1,0.1,uM,3,False,32471,,False,True,O21:Coculture:F14:Gef,10.17632/fypp6xhkjy.1
4988,O21,Coculture,F14,Gef,0.4,0.4,uM,1,False,21922,,False,True,O21:Coculture:F14:Gef,10.17632/fypp6xhkjy.1
4989,O21,Coculture,F14,Gef,0.4,0.4,uM,2,False,31665,,False,True,O21:Coculture:F14:Gef,10.17632/fypp6xhkjy.1
4990,O21,Coculture,F14,Gef,0.4,0.4,uM,3,False,37746,,False,True,O21:Coculture:F14:Gef,10.17632/fypp6xhkjy.1
4991,O21,Coculture,F14,Gef,1.1,1.1,uM,1,False,21280,,False,True,O21:Coculture:F14:Gef,10.17632/fypp6xhkjy.1
4992,O21,Coculture,F14,Gef,1.1,1.1,uM,2,False,52418,,False,True,O21:Coculture:F14:Gef,10.17632/fypp6xhkjy.1
4993,O21,Coculture,F14,Gef,1.1,1.1,uM,3,False,42597,,False,True,O21:Coculture:F14:Gef,10.17632/fypp6xhkjy.1
4994,O21,Coculture,F14,Gef,3.3,3.3,uM,1,False,31700,,False,True,O21:Coculture:F14:Gef,10.17632/fypp6xhkjy.1
4995,O21,Coculture,F14,Gef,3.3,3.3,uM,2,False,33686,,False,True,O21:Coculture:F14:Gef,10.17632/fypp6xhkjy.1
4996,O21,Coculture,F14,Gef,3.3,3.3,uM,3,False,31072,,False,True,O21:Coculture:F14:Gef,10.17632/fypp6xhkjy.1
4997,O21,Coculture,F14,Gef,10.0,10.0,uM,1,False,30365,,False,True,O21:Coculture:F14:Gef,10.17632/fypp6xhkjy.1
4998,O21,Coculture,F14,Gef,10.0,10.0,uM,2,False,33111,,False,True,O21:Coculture:F14:Gef,10.17632/fypp6xhkjy.1
4999,O21,Coculture,F14,Gef,10.0,10.0,uM,3,False,17708,,False,True,O21:Coculture:F14:Gef,10.17632/fypp6xhkjy.1
5000,O22,Monoculture,,5-FU,DMSO,0.0,uM,1,True,3547,,False,True,O22:Monoculture::5-FU,10.17632/fypp6xhkjy.1
5001,O22,Monoculture,,5-FU,DMSO,0.0,uM,2,True,5790,,False,True,O22:Monoculture::5-FU,10.17632/fypp6xhkjy.1
5002,O22,Monoculture,,5-FU,DMSO,0.0,uM,3,True,3633,,False,True,O22:Monoculture::5-FU,10.17632/fypp6xhkjy.1
5003,O22,Monoculture,,5-FU,0.5,0.5,uM,1,False,5648,,False,True,O22:Monoculture::5-FU,10.17632/fypp6xhkjy.1
5004,O22,Monoculture,,5-FU,0.5,0.5,uM,2,False,5089,,False,True,O22:Monoculture::5-FU,10.17632/fypp6xhkjy.1
5005,O22,Monoculture,,5-FU,0.5,0.5,uM,3,False,5124,,False,True,O22:Monoculture::5-FU,10.17632/fypp6xhkjy.1
5006,O22,Monoculture,,5-FU,1.1,1.1,uM,1,False,2365,,False,True,O22:Monoculture::5-FU,10.17632/fypp6xhkjy.1
5007,O22,Monoculture,,5-FU,1.1,1.1,uM,2,False,4455,,False,True,O22:Monoculture::5-FU,10.17632/fypp6xhkjy.1
5008,O22,Monoculture,,5-FU,1.1,1.1,uM,3,False,4418,,False,True,O22:Monoculture::5-FU,10.17632/fypp6xhkjy.1
5009,O22,Monoculture,,5-FU,2.5,2.5,uM,1,False,3486,,False,True,O22:Monoculture::5-FU,10.17632/fypp6xhkjy.1
5010,O22,Monoculture,,5-FU,2.5,2.5,uM,2,False,3149,,False,True,O22:Monoculture::5-FU,10.17632/fypp6xhkjy.1
5011,O22,Monoculture,,5-FU,2.5,2.5,uM,3,False,5556,,False,True,O22:Monoculture::5-FU,10.17632/fypp6xhkjy.1
5012,O22,Monoculture,,5-FU,5.5,5.5,uM,1,False,2410,,False,True,O22:Monoculture::5-FU,10.17632/fypp6xhkjy.1
5013,O22,Monoculture,,5-FU,5.5,5.5,uM,2,False,2757,,False,True,O22:Monoculture::5-FU,10.17632/fypp6xhkjy.1
5014,O22,Monoculture,,5-FU,5.5,5.5,uM,3,False,2964,,False,True,O22:Monoculture::5-FU,10.17632/fypp6xhkjy.1
5015,O22,Monoculture,,5-FU,12.2,12.2,uM,1,False,2284,,False,True,O22:Monoculture::5-FU,10.17632/fypp6xhkjy.1
5016,O22,Monoculture,,5-FU,12.2,12.2,uM,2,False,2323,,False,True,O22:Monoculture::5-FU,10.17632/fypp6xhkjy.1
5017,O22,Monoculture,,5-FU,12.2,12.2,uM,3,False,1957,,False,True,O22:Monoculture::5-FU,10.17632/fypp6xhkjy.1
5018,O22,Monoculture,,5-FU,27.0,27.0,uM,1,False,747,,False,True,O22:Monoculture::5-FU,10.17632/fypp6xhkjy.1
5019,O22,Monoculture,,5-FU,27.0,27.0,uM,2,False,1412,,False,True,O22:Monoculture::5-FU,10.17632/fypp6xhkjy.1
5020,O22,Monoculture,,5-FU,27.0,27.0,uM,3,False,1114,,False,True,O22:Monoculture::5-FU,10.17632/fypp6xhkjy.1
5021,O22,Monoculture,,5-FU,60.0,60.0,uM,1,False,1470,,False,True,O22:Monoculture::5-FU,10.17632/fypp6xhkjy.1
5022,O22,Monoculture,,5-FU,60.0,60.0,uM,2,False,1327,,False,True,O22:Monoculture::5-FU,10.17632/fypp6xhkjy.1
5023,O22,Monoculture,,5-FU,60.0,60.0,uM,3,False,639,,False,True,O22:Monoculture::5-FU,10.17632/fypp6xhkjy.1
5024,O22,Monoculture,,Oxa,DMSO,0.0,uM,1,True,2100,,False,True,O22:Monoculture::Oxa,10.17632/fypp6xhkjy.1
5025,O22,Monoculture,,Oxa,DMSO,0.0,uM,2,True,3933,,False,True,O22:Monoculture::Oxa,10.17632/fypp6xhkjy.1
5026,O22,Monoculture,,Oxa,DMSO,0.0,uM,3,True,7875,,False,True,O22:Monoculture::Oxa,10.17632/fypp6xhkjy.1
5027,O22,Monoculture,,Oxa,0.5,0.5,uM,1,False,3100,,False,True,O22:Monoculture::Oxa,10.17632/fypp6xhkjy.1
5028,O22,Monoculture,,Oxa,0.5,0.5,uM,2,False,2306,,False,True,O22:Monoculture::Oxa,10.17632/fypp6xhkjy.1
5029,O22,Monoculture,,Oxa,0.5,0.5,uM,3,False,3915,,False,True,O22:Monoculture::Oxa,10.17632/fypp6xhkjy.1
5030,O22,Monoculture,,Oxa,1.1,1.1,uM,1,False,5831,,False,True,O22:Monoculture::Oxa,10.17632/fypp6xhkjy.1
5031,O22,Monoculture,,Oxa,1.1,1.1,uM,2,False,2205,seeding not uniform,False,False,O22:Monoculture::Oxa,10.17632/fypp6xhkjy.1
5032,O22,Monoculture,,Oxa,1.1,1.1,uM,3,False,5035,,False,True,O22:Monoculture::Oxa,10.17632/fypp6xhkjy.1
5033,O22,Monoculture,,Oxa,2.5,2.5,uM,1,False,2066,,False,True,O22:Monoculture::Oxa,10.17632/fypp6xhkjy.1
5034,O22,Monoculture,,Oxa,2.5,2.5,uM,2,False,1834,,False,True,O22:Monoculture::Oxa,10.17632/fypp6xhkjy.1
5035,O22,Monoculture,,Oxa,2.5,2.5,uM,3,False,2458,,False,True,O22:Monoculture::Oxa,10.17632/fypp6xhkjy.1
5036,O22,Monoculture,,Oxa,5.5,5.5,uM,1,False,1559,,False,True,O22:Monoculture::Oxa,10.17632/fypp6xhkjy.1
5037,O22,Monoculture,,Oxa,5.5,5.5,uM,2,False,1240,,False,True,O22:Monoculture::Oxa,10.17632/fypp6xhkjy.1
5038,O22,Monoculture,,Oxa,5.5,5.5,uM,3,False,1513,,False,True,O22:Monoculture::Oxa,10.17632/fypp6xhkjy.1
5039,O22,Monoculture,,Oxa,12.2,12.2,uM,1,False,870,,False,True,O22:Monoculture::Oxa,10.17632/fypp6xhkjy.1
5040,O22,Monoculture,,Oxa,12.2,12.2,uM,2,False,699,,False,True,O22:Monoculture::Oxa,10.17632/fypp6xhkjy.1
5041,O22,Monoculture,,Oxa,12.2,12.2,uM,3,False,31,,False,True,O22:Monoculture::Oxa,10.17632/fypp6xhkjy.1
5042,O22,Monoculture,,Oxa,27.0,27.0,uM,1,False,1050,,False,True,O22:Monoculture::Oxa,10.17632/fypp6xhkjy.1
5043,O22,Monoculture,,Oxa,27.0,27.0,uM,2,False,830,,False,True,O22:Monoculture::Oxa,10.17632/fypp6xhkjy.1
5044,O22,Monoculture,,Oxa,27.0,27.0,uM,3,False,945,,False,True,O22:Monoculture::Oxa,10.17632/fypp6xhkjy.1
5045,O22,Monoculture,,Oxa,60.0,60.0,uM,1,False,353,,False,True,O22:Monoculture::Oxa,10.17632/fypp6xhkjy.1
5046,O22,Monoculture,,Oxa,60.0,60.0,uM,2,False,553,,False,True,O22:Monoculture::Oxa,10.17632/fypp6xhkjy.1
5047,O22,Monoculture,,Oxa,60.0,60.0,uM,3,False,444,,False,True,O22:Monoculture::Oxa,10.17632/fypp6xhkjy.1
5048,O22,Monoculture,,SN-38,DMSO,0.0,nM,1,True,5522,,False,True,O22:Monoculture::SN-38,10.17632/fypp6xhkjy.1
5049,O22,Monoculture,,SN-38,DMSO,0.0,nM,2,True,7564,,False,True,O22:Monoculture::SN-38,10.17632/fypp6xhkjy.1
5050,O22,Monoculture,,SN-38,DMSO,0.0,nM,3,True,382,cells lost,False,False,O22:Monoculture::SN-38,10.17632/fypp6xhkjy.1
5051,O22,Monoculture,,SN-38,0.1,0.1,nM,1,False,5748,,False,True,O22:Monoculture::SN-38,10.17632/fypp6xhkjy.1
5052,O22,Monoculture,,SN-38,0.1,0.1,nM,2,False,4870,,False,True,O22:Monoculture::SN-38,10.17632/fypp6xhkjy.1
5053,O22,Monoculture,,SN-38,0.1,0.1,nM,3,False,8843,seeding not uniform,False,False,O22:Monoculture::SN-38,10.17632/fypp6xhkjy.1
5054,O22,Monoculture,,SN-38,0.2,0.2,nM,1,False,3967,,False,True,O22:Monoculture::SN-38,10.17632/fypp6xhkjy.1
5055,O22,Monoculture,,SN-38,0.2,0.2,nM,2,False,5930,,False,True,O22:Monoculture::SN-38,10.17632/fypp6xhkjy.1
5056,O22,Monoculture,,SN-38,0.2,0.2,nM,3,False,3792,,False,True,O22:Monoculture::SN-38,10.17632/fypp6xhkjy.1
5057,O22,Monoculture,,SN-38,0.4,0.4,nM,1,False,3259,,False,True,O22:Monoculture::SN-38,10.17632/fypp6xhkjy.1
5058,O22,Monoculture,,SN-38,0.4,0.4,nM,2,False,3516,,False,True,O22:Monoculture::SN-38,10.17632/fypp6xhkjy.1
5059,O22,Monoculture,,SN-38,0.4,0.4,nM,3,False,4761,,False,True,O22:Monoculture::SN-38,10.17632/fypp6xhkjy.1
5060,O22,Monoculture,,SN-38,0.7,0.7,nM,1,False,3563,,False,True,O22:Monoculture::SN-38,10.17632/fypp6xhkjy.1
5061,O22,Monoculture,,SN-38,0.7,0.7,nM,2,False,2604,,False,True,O22:Monoculture::SN-38,10.17632/fypp6xhkjy.1
5062,O22,Monoculture,,SN-38,0.7,0.7,nM,3,False,3721,,False,True,O22:Monoculture::SN-38,10.17632/fypp6xhkjy.1
5063,O22,Monoculture,,SN-38,1.4,1.4,nM,1,False,2924,,False,True,O22:Monoculture::SN-38,10.17632/fypp6xhkjy.1
5064,O22,Monoculture,,SN-38,1.4,1.4,nM,2,False,162,cells lost,False,False,O22:Monoculture::SN-38,10.17632/fypp6xhkjy.1
5065,O22,Monoculture,,SN-38,1.4,1.4,nM,3,False,1798,,False,True,O22:Monoculture::SN-38,10.17632/fypp6xhkjy.1
5066,O22,Monoculture,,SN-38,2.6,2.6,nM,1,False,1070,,False,True,O22:Monoculture::SN-38,10.17632/fypp6xhkjy.1
5067,O22,Monoculture,,SN-38,2.6,2.6,nM,2,False,1300,,False,True,O22:Monoculture::SN-38,10.17632/fypp6xhkjy.1
5068,O22,Monoculture,,SN-38,2.6,2.6,nM,3,False,749,,False,True,O22:Monoculture::SN-38,10.17632/fypp6xhkjy.1
5069,O22,Monoculture,,SN-38,5.0,5.0,nM,1,False,489,,False,True,O22:Monoculture::SN-38,10.17632/fypp6xhkjy.1
5070,O22,Monoculture,,SN-38,5.0,5.0,nM,2,False,222,,False,True,O22:Monoculture::SN-38,10.17632/fypp6xhkjy.1
5071,O22,Monoculture,,SN-38,5.0,5.0,nM,3,False,314,,False,True,O22:Monoculture::SN-38,10.17632/fypp6xhkjy.1
5072,O22,Monoculture,,Gef,DMSO,0.0,uM,1,True,3044,,False,True,O22:Monoculture::Gef,10.17632/fypp6xhkjy.1
5073,O22,Monoculture,,Gef,DMSO,0.0,uM,2,True,6806,,False,True,O22:Monoculture::Gef,10.17632/fypp6xhkjy.1
5074,O22,Monoculture,,Gef,DMSO,0.0,uM,3,True,4052,,False,True,O22:Monoculture::Gef,10.17632/fypp6xhkjy.1
5075,O22,Monoculture,,Gef,0.01,0.01,uM,1,False,4982,,False,True,O22:Monoculture::Gef,10.17632/fypp6xhkjy.1
5076,O22,Monoculture,,Gef,0.01,0.01,uM,2,False,3364,,False,True,O22:Monoculture::Gef,10.17632/fypp6xhkjy.1
5077,O22,Monoculture,,Gef,0.01,0.01,uM,3,False,6120,,False,True,O22:Monoculture::Gef,10.17632/fypp6xhkjy.1
5078,O22,Monoculture,,Gef,0.04,0.04,uM,1,False,5472,,False,True,O22:Monoculture::Gef,10.17632/fypp6xhkjy.1
5079,O22,Monoculture,,Gef,0.04,0.04,uM,2,False,5817,,False,True,O22:Monoculture::Gef,10.17632/fypp6xhkjy.1
5080,O22,Monoculture,,Gef,0.04,0.04,uM,3,False,6154,,False,True,O22:Monoculture::Gef,10.17632/fypp6xhkjy.1
5081,O22,Monoculture,,Gef,0.1,0.1,uM,1,False,5802,,False,True,O22:Monoculture::Gef,10.17632/fypp6xhkjy.1
5082,O22,Monoculture,,Gef,0.1,0.1,uM,2,False,6445,,False,True,O22:Monoculture::Gef,10.17632/fypp6xhkjy.1
5083,O22,Monoculture,,Gef,0.1,0.1,uM,3,False,3591,,False,True,O22:Monoculture::Gef,10.17632/fypp6xhkjy.1
5084,O22,Monoculture,,Gef,0.4,0.4,uM,1,False,3958,,False,True,O22:Monoculture::Gef,10.17632/fypp6xhkjy.1
5085,O22,Monoculture,,Gef,0.4,0.4,uM,2,False,1931,,False,True,O22:Monoculture::Gef,10.17632/fypp6xhkjy.1
5086,O22,Monoculture,,Gef,0.4,0.4,uM,3,False,3574,,False,True,O22:Monoculture::Gef,10.17632/fypp6xhkjy.1
5087,O22,Monoculture,,Gef,1.1,1.1,uM,1,False,2161,,False,True,O22:Monoculture::Gef,10.17632/fypp6xhkjy.1
5088,O22,Monoculture,,Gef,1.1,1.1,uM,2,False,2593,,False,True,O22:Monoculture::Gef,10.17632/fypp6xhkjy.1
5089,O22,Monoculture,,Gef,1.1,1.1,uM,3,False,1343,,False,True,O22:Monoculture::Gef,10.17632/fypp6xhkjy.1
5090,O22,Monoculture,,Gef,3.3,3.3,uM,1,False,1738,,False,True,O22:Monoculture::Gef,10.17632/fypp6xhkjy.1
5091,O22,Monoculture,,Gef,3.3,3.3,uM,2,False,1693,,False,True,O22:Monoculture::Gef,10.17632/fypp6xhkjy.1
5092,O22,Monoculture,,Gef,3.3,3.3,uM,3,False,1440,,False,True,O22:Monoculture::Gef,10.17632/fypp6xhkjy.1
5093,O22,Monoculture,,Gef,10.0,10.0,uM,1,False,1767,,False,True,O22:Monoculture::Gef,10.17632/fypp6xhkjy.1
5094,O22,Monoculture,,Gef,10.0,10.0,uM,2,False,1206,,False,True,O22:Monoculture::Gef,10.17632/fypp6xhkjy.1
5095,O22,Monoculture,,Gef,10.0,10.0,uM,3,False,1262,,False,True,O22:Monoculture::Gef,10.17632/fypp6xhkjy.1
5096,O22,Coculture,F22,5-FU,DMSO,0.0,uM,1,True,3934,,False,True,O22:Coculture:F22:5-FU,10.17632/fypp6xhkjy.1
5097,O22,Coculture,F22,5-FU,DMSO,0.0,uM,2,True,4590,,False,True,O22:Coculture:F22:5-FU,10.17632/fypp6xhkjy.1
5098,O22,Coculture,F22,5-FU,DMSO,0.0,uM,3,True,4505,,False,True,O22:Coculture:F22:5-FU,10.17632/fypp6xhkjy.1
5099,O22,Coculture,F22,5-FU,0.5,0.5,uM,1,False,5051,,False,True,O22:Coculture:F22:5-FU,10.17632/fypp6xhkjy.1
5100,O22,Coculture,F22,5-FU,0.5,0.5,uM,2,False,5434,,False,True,O22:Coculture:F22:5-FU,10.17632/fypp6xhkjy.1
5101,O22,Coculture,F22,5-FU,0.5,0.5,uM,3,False,5665,,False,True,O22:Coculture:F22:5-FU,10.17632/fypp6xhkjy.1
5102,O22,Coculture,F22,5-FU,1.1,1.1,uM,1,False,3724,,False,True,O22:Coculture:F22:5-FU,10.17632/fypp6xhkjy.1
5103,O22,Coculture,F22,5-FU,1.1,1.1,uM,2,False,5397,,False,True,O22:Coculture:F22:5-FU,10.17632/fypp6xhkjy.1
5104,O22,Coculture,F22,5-FU,1.1,1.1,uM,3,False,538,cells lost,False,False,O22:Coculture:F22:5-FU,10.17632/fypp6xhkjy.1
5105,O22,Coculture,F22,5-FU,2.5,2.5,uM,1,False,5603,,False,True,O22:Coculture:F22:5-FU,10.17632/fypp6xhkjy.1
5106,O22,Coculture,F22,5-FU,2.5,2.5,uM,2,False,6820,,False,True,O22:Coculture:F22:5-FU,10.17632/fypp6xhkjy.1
5107,O22,Coculture,F22,5-FU,2.5,2.5,uM,3,False,6619,,False,True,O22:Coculture:F22:5-FU,10.17632/fypp6xhkjy.1
5108,O22,Coculture,F22,5-FU,5.5,5.5,uM,1,False,6489,,False,True,O22:Coculture:F22:5-FU,10.17632/fypp6xhkjy.1
5109,O22,Coculture,F22,5-FU,5.5,5.5,uM,2,False,6398,,False,True,O22:Coculture:F22:5-FU,10.17632/fypp6xhkjy.1
5110,O22,Coculture,F22,5-FU,5.5,5.5,uM,3,False,563,cells lost,False,False,O22:Coculture:F22:5-FU,10.17632/fypp6xhkjy.1
5111,O22,Coculture,F22,5-FU,12.2,12.2,uM,1,False,5431,,False,True,O22:Coculture:F22:5-FU,10.17632/fypp6xhkjy.1
5112,O22,Coculture,F22,5-FU,12.2,12.2,uM,2,False,7257,,False,True,O22:Coculture:F22:5-FU,10.17632/fypp6xhkjy.1
5113,O22,Coculture,F22,5-FU,12.2,12.2,uM,3,False,5401,,False,True,O22:Coculture:F22:5-FU,10.17632/fypp6xhkjy.1
5114,O22,Coculture,F22,5-FU,27.0,27.0,uM,1,False,3545,,False,True,O22:Coculture:F22:5-FU,10.17632/fypp6xhkjy.1
5115,O22,Coculture,F22,5-FU,27.0,27.0,uM,2,False,3934,,False,True,O22:Coculture:F22:5-FU,10.17632/fypp6xhkjy.1
5116,O22,Coculture,F22,5-FU,27.0,27.0,uM,3,False,3060,,False,True,O22:Coculture:F22:5-FU,10.17632/fypp6xhkjy.1
5117,O22,Coculture,F22,5-FU,60.0,60.0,uM,1,False,2221,,False,True,O22:Coculture:F22:5-FU,10.17632/fypp6xhkjy.1
5118,O22,Coculture,F22,5-FU,60.0,60.0,uM,2,False,2116,,False,True,O22:Coculture:F22:5-FU,10.17632/fypp6xhkjy.1
5119,O22,Coculture,F22,5-FU,60.0,60.0,uM,3,False,2922,,False,True,O22:Coculture:F22:5-FU,10.17632/fypp6xhkjy.1
5120,O22,Coculture,F22,Oxa,DMSO,0.0,uM,1,True,4319,,False,True,O22:Coculture:F22:Oxa,10.17632/fypp6xhkjy.1
5121,O22,Coculture,F22,Oxa,DMSO,0.0,uM,2,True,5922,,False,True,O22:Coculture:F22:Oxa,10.17632/fypp6xhkjy.1
5122,O22,Coculture,F22,Oxa,DMSO,0.0,uM,3,True,4648,,False,True,O22:Coculture:F22:Oxa,10.17632/fypp6xhkjy.1
5123,O22,Coculture,F22,Oxa,0.5,0.5,uM,1,False,3126,,False,True,O22:Coculture:F22:Oxa,10.17632/fypp6xhkjy.1
5124,O22,Coculture,F22,Oxa,0.5,0.5,uM,2,False,3014,,False,True,O22:Coculture:F22:Oxa,10.17632/fypp6xhkjy.1
5125,O22,Coculture,F22,Oxa,0.5,0.5,uM,3,False,2782,,False,True,O22:Coculture:F22:Oxa,10.17632/fypp6xhkjy.1
5126,O22,Coculture,F22,Oxa,1.1,1.1,uM,1,False,255,cells lost,False,False,O22:Coculture:F22:Oxa,10.17632/fypp6xhkjy.1
5127,O22,Coculture,F22,Oxa,1.1,1.1,uM,2,False,880,,False,True,O22:Coculture:F22:Oxa,10.17632/fypp6xhkjy.1
5128,O22,Coculture,F22,Oxa,1.1,1.1,uM,3,False,1264,,False,True,O22:Coculture:F22:Oxa,10.17632/fypp6xhkjy.1
5129,O22,Coculture,F22,Oxa,2.5,2.5,uM,1,False,605,cells lost,False,False,O22:Coculture:F22:Oxa,10.17632/fypp6xhkjy.1
5130,O22,Coculture,F22,Oxa,2.5,2.5,uM,2,False,2294,,False,True,O22:Coculture:F22:Oxa,10.17632/fypp6xhkjy.1
5131,O22,Coculture,F22,Oxa,2.5,2.5,uM,3,False,2196,,False,True,O22:Coculture:F22:Oxa,10.17632/fypp6xhkjy.1
5132,O22,Coculture,F22,Oxa,5.5,5.5,uM,1,False,1137,,False,True,O22:Coculture:F22:Oxa,10.17632/fypp6xhkjy.1
5133,O22,Coculture,F22,Oxa,5.5,5.5,uM,2,False,1457,,False,True,O22:Coculture:F22:Oxa,10.17632/fypp6xhkjy.1
5134,O22,Coculture,F22,Oxa,5.5,5.5,uM,3,False,1180,,False,True,O22:Coculture:F22:Oxa,10.17632/fypp6xhkjy.1
5135,O22,Coculture,F22,Oxa,12.2,12.2,uM,1,False,1556,,False,True,O22:Coculture:F22:Oxa,10.17632/fypp6xhkjy.1
5136,O22,Coculture,F22,Oxa,12.2,12.2,uM,2,False,1346,,False,True,O22:Coculture:F22:Oxa,10.17632/fypp6xhkjy.1
5137,O22,Coculture,F22,Oxa,12.2,12.2,uM,3,False,1453,,False,True,O22:Coculture:F22:Oxa,10.17632/fypp6xhkjy.1
5138,O22,Coculture,F22,Oxa,27.0,27.0,uM,1,False,1647,,False,True,O22:Coculture:F22:Oxa,10.17632/fypp6xhkjy.1
5139,O22,Coculture,F22,Oxa,27.0,27.0,uM,2,False,1394,,False,True,O22:Coculture:F22:Oxa,10.17632/fypp6xhkjy.1
5140,O22,Coculture,F22,Oxa,27.0,27.0,uM,3,False,1327,,False,True,O22:Coculture:F22:Oxa,10.17632/fypp6xhkjy.1
5141,O22,Coculture,F22,Oxa,60.0,60.0,uM,1,False,2051,,False,True,O22:Coculture:F22:Oxa,10.17632/fypp6xhkjy.1
5142,O22,Coculture,F22,Oxa,60.0,60.0,uM,2,False,1401,,False,True,O22:Coculture:F22:Oxa,10.17632/fypp6xhkjy.1
5143,O22,Coculture,F22,Oxa,60.0,60.0,uM,3,False,1771,,False,True,O22:Coculture:F22:Oxa,10.17632/fypp6xhkjy.1
5144,O22,Coculture,F22,SN-38,DMSO,0.0,nM,1,True,5692,,False,True,O22:Coculture:F22:SN-38,10.17632/fypp6xhkjy.1
5145,O22,Coculture,F22,SN-38,DMSO,0.0,nM,2,True,18407,seeding not uniform,False,False,O22:Coculture:F22:SN-38,10.17632/fypp6xhkjy.1
5146,O22,Coculture,F22,SN-38,DMSO,0.0,nM,3,True,6358,,False,True,O22:Coculture:F22:SN-38,10.17632/fypp6xhkjy.1
5147,O22,Coculture,F22,SN-38,0.1,0.1,nM,1,False,6088,,False,True,O22:Coculture:F22:SN-38,10.17632/fypp6xhkjy.1
5148,O22,Coculture,F22,SN-38,0.1,0.1,nM,2,False,399,cells lost,False,False,O22:Coculture:F22:SN-38,10.17632/fypp6xhkjy.1
5149,O22,Coculture,F22,SN-38,0.1,0.1,nM,3,False,1756,seeding not uniform,False,False,O22:Coculture:F22:SN-38,10.17632/fypp6xhkjy.1
5150,O22,Coculture,F22,SN-38,0.2,0.2,nM,1,False,4714,,False,True,O22:Coculture:F22:SN-38,10.17632/fypp6xhkjy.1
5151,O22,Coculture,F22,SN-38,0.2,0.2,nM,2,False,4659,,False,True,O22:Coculture:F22:SN-38,10.17632/fypp6xhkjy.1
5152,O22,Coculture,F22,SN-38,0.2,0.2,nM,3,False,6238,,False,True,O22:Coculture:F22:SN-38,10.17632/fypp6xhkjy.1
5153,O22,Coculture,F22,SN-38,0.4,0.4,nM,1,False,6890,,False,True,O22:Coculture:F22:SN-38,10.17632/fypp6xhkjy.1
5154,O22,Coculture,F22,SN-38,0.4,0.4,nM,2,False,8188,,False,True,O22:Coculture:F22:SN-38,10.17632/fypp6xhkjy.1
5155,O22,Coculture,F22,SN-38,0.4,0.4,nM,3,False,8944,,False,True,O22:Coculture:F22:SN-38,10.17632/fypp6xhkjy.1
5156,O22,Coculture,F22,SN-38,0.7,0.7,nM,1,False,6947,,False,True,O22:Coculture:F22:SN-38,10.17632/fypp6xhkjy.1
5157,O22,Coculture,F22,SN-38,0.7,0.7,nM,2,False,674,cells lost,False,False,O22:Coculture:F22:SN-38,10.17632/fypp6xhkjy.1
5158,O22,Coculture,F22,SN-38,0.7,0.7,nM,3,False,4109,,False,True,O22:Coculture:F22:SN-38,10.17632/fypp6xhkjy.1
5159,O22,Coculture,F22,SN-38,1.4,1.4,nM,1,False,3672,,False,True,O22:Coculture:F22:SN-38,10.17632/fypp6xhkjy.1
5160,O22,Coculture,F22,SN-38,1.4,1.4,nM,2,False,3840,,False,True,O22:Coculture:F22:SN-38,10.17632/fypp6xhkjy.1
5161,O22,Coculture,F22,SN-38,1.4,1.4,nM,3,False,2910,,False,True,O22:Coculture:F22:SN-38,10.17632/fypp6xhkjy.1
5162,O22,Coculture,F22,SN-38,2.6,2.6,nM,1,False,744,,False,True,O22:Coculture:F22:SN-38,10.17632/fypp6xhkjy.1
5163,O22,Coculture,F22,SN-38,2.6,2.6,nM,2,False,943,,False,True,O22:Coculture:F22:SN-38,10.17632/fypp6xhkjy.1
5164,O22,Coculture,F22,SN-38,2.6,2.6,nM,3,False,534,,False,True,O22:Coculture:F22:SN-38,10.17632/fypp6xhkjy.1
5165,O22,Coculture,F22,SN-38,5.0,5.0,nM,1,False,535,,False,True,O22:Coculture:F22:SN-38,10.17632/fypp6xhkjy.1
5166,O22,Coculture,F22,SN-38,5.0,5.0,nM,2,False,442,,False,True,O22:Coculture:F22:SN-38,10.17632/fypp6xhkjy.1
5167,O22,Coculture,F22,SN-38,5.0,5.0,nM,3,False,391,,False,True,O22:Coculture:F22:SN-38,10.17632/fypp6xhkjy.1
5168,O22,Coculture,F22,Gef,DMSO,0.0,uM,1,True,7055,,False,True,O22:Coculture:F22:Gef,10.17632/fypp6xhkjy.1
5169,O22,Coculture,F22,Gef,DMSO,0.0,uM,2,True,6165,,False,True,O22:Coculture:F22:Gef,10.17632/fypp6xhkjy.1
5170,O22,Coculture,F22,Gef,DMSO,0.0,uM,3,True,5176,,False,True,O22:Coculture:F22:Gef,10.17632/fypp6xhkjy.1
5171,O22,Coculture,F22,Gef,0.01,0.01,uM,1,False,4450,,False,True,O22:Coculture:F22:Gef,10.17632/fypp6xhkjy.1
5172,O22,Coculture,F22,Gef,0.01,0.01,uM,2,False,4191,,False,True,O22:Coculture:F22:Gef,10.17632/fypp6xhkjy.1
5173,O22,Coculture,F22,Gef,0.01,0.01,uM,3,False,5817,,False,True,O22:Coculture:F22:Gef,10.17632/fypp6xhkjy.1
5174,O22,Coculture,F22,Gef,0.04,0.04,uM,1,False,5637,,False,True,O22:Coculture:F22:Gef,10.17632/fypp6xhkjy.1
5175,O22,Coculture,F22,Gef,0.04,0.04,uM,2,False,8251,,False,True,O22:Coculture:F22:Gef,10.17632/fypp6xhkjy.1
5176,O22,Coculture,F22,Gef,0.04,0.04,uM,3,False,2672,seeding not uniform,False,False,O22:Coculture:F22:Gef,10.17632/fypp6xhkjy.1
5177,O22,Coculture,F22,Gef,0.1,0.1,uM,1,False,6264,,False,True,O22:Coculture:F22:Gef,10.17632/fypp6xhkjy.1
5178,O22,Coculture,F22,Gef,0.1,0.1,uM,2,False,7246,,False,True,O22:Coculture:F22:Gef,10.17632/fypp6xhkjy.1
5179,O22,Coculture,F22,Gef,0.1,0.1,uM,3,False,6580,,False,True,O22:Coculture:F22:Gef,10.17632/fypp6xhkjy.1
5180,O22,Coculture,F22,Gef,0.4,0.4,uM,1,False,7013,,False,True,O22:Coculture:F22:Gef,10.17632/fypp6xhkjy.1
5181,O22,Coculture,F22,Gef,0.4,0.4,uM,2,False,7804,,False,True,O22:Coculture:F22:Gef,10.17632/fypp6xhkjy.1
5182,O22,Coculture,F22,Gef,0.4,0.4,uM,3,False,7197,,False,True,O22:Coculture:F22:Gef,10.17632/fypp6xhkjy.1
5183,O22,Coculture,F22,Gef,1.1,1.1,uM,1,False,5963,,False,True,O22:Coculture:F22:Gef,10.17632/fypp6xhkjy.1
5184,O22,Coculture,F22,Gef,1.1,1.1,uM,2,False,6205,,False,True,O22:Coculture:F22:Gef,10.17632/fypp6xhkjy.1
5185,O22,Coculture,F22,Gef,1.1,1.1,uM,3,False,6254,,False,True,O22:Coculture:F22:Gef,10.17632/fypp6xhkjy.1
5186,O22,Coculture,F22,Gef,3.3,3.3,uM,1,False,1334,seeding not uniform,False,False,O22:Coculture:F22:Gef,10.17632/fypp6xhkjy.1
5187,O22,Coculture,F22,Gef,3.3,3.3,uM,2,False,4454,,False,True,O22:Coculture:F22:Gef,10.17632/fypp6xhkjy.1
5188,O22,Coculture,F22,Gef,3.3,3.3,uM,3,False,4600,,False,True,O22:Coculture:F22:Gef,10.17632/fypp6xhkjy.1
5189,O22,Coculture,F22,Gef,10.0,10.0,uM,1,False,5780,,False,True,O22:Coculture:F22:Gef,10.17632/fypp6xhkjy.1
5190,O22,Coculture,F22,Gef,10.0,10.0,uM,2,False,5379,,False,True,O22:Coculture:F22:Gef,10.17632/fypp6xhkjy.1
5191,O22,Coculture,F22,Gef,10.0,10.0,uM,3,False,4458,,False,True,O22:Coculture:F22:Gef,10.17632/fypp6xhkjy.1
5192,O23,Monoculture,,5-FU,DMSO,0.0,uM,1,True,825,,False,True,O23:Monoculture::5-FU,10.17632/fypp6xhkjy.1
5193,O23,Monoculture,,5-FU,DMSO,0.0,uM,2,True,1245,,False,True,O23:Monoculture::5-FU,10.17632/fypp6xhkjy.1
5194,O23,Monoculture,,5-FU,DMSO,0.0,uM,3,True,942,,False,True,O23:Monoculture::5-FU,10.17632/fypp6xhkjy.1
5195,O23,Monoculture,,5-FU,0.5,0.5,uM,1,False,801,,False,True,O23:Monoculture::5-FU,10.17632/fypp6xhkjy.1
5196,O23,Monoculture,,5-FU,0.5,0.5,uM,2,False,3270,seeding not uniform,False,False,O23:Monoculture::5-FU,10.17632/fypp6xhkjy.1
5197,O23,Monoculture,,5-FU,0.5,0.5,uM,3,False,2140,,False,True,O23:Monoculture::5-FU,10.17632/fypp6xhkjy.1
5198,O23,Monoculture,,5-FU,1.1,1.1,uM,1,False,927,,False,True,O23:Monoculture::5-FU,10.17632/fypp6xhkjy.1
5199,O23,Monoculture,,5-FU,1.1,1.1,uM,2,False,1059,,False,True,O23:Monoculture::5-FU,10.17632/fypp6xhkjy.1
5200,O23,Monoculture,,5-FU,1.1,1.1,uM,3,False,2329,seeding not uniform,False,False,O23:Monoculture::5-FU,10.17632/fypp6xhkjy.1
5201,O23,Monoculture,,5-FU,2.5,2.5,uM,1,False,806,,False,True,O23:Monoculture::5-FU,10.17632/fypp6xhkjy.1
5202,O23,Monoculture,,5-FU,2.5,2.5,uM,2,False,849,,False,True,O23:Monoculture::5-FU,10.17632/fypp6xhkjy.1
5203,O23,Monoculture,,5-FU,2.5,2.5,uM,3,False,1388,,False,True,O23:Monoculture::5-FU,10.17632/fypp6xhkjy.1
5204,O23,Monoculture,,5-FU,5.5,5.5,uM,1,False,267,,False,True,O23:Monoculture::5-FU,10.17632/fypp6xhkjy.1
5205,O23,Monoculture,,5-FU,5.5,5.5,uM,2,False,462,,False,True,O23:Monoculture::5-FU,10.17632/fypp6xhkjy.1
5206,O23,Monoculture,,5-FU,5.5,5.5,uM,3,False,711,,False,True,O23:Monoculture::5-FU,10.17632/fypp6xhkjy.1
5207,O23,Monoculture,,5-FU,12.2,12.2,uM,1,False,196,,False,True,O23:Monoculture::5-FU,10.17632/fypp6xhkjy.1
5208,O23,Monoculture,,5-FU,12.2,12.2,uM,2,False,179,,False,True,O23:Monoculture::5-FU,10.17632/fypp6xhkjy.1
5209,O23,Monoculture,,5-FU,12.2,12.2,uM,3,False,265,,False,True,O23:Monoculture::5-FU,10.17632/fypp6xhkjy.1
5210,O23,Monoculture,,5-FU,27.0,27.0,uM,1,False,193,,False,True,O23:Monoculture::5-FU,10.17632/fypp6xhkjy.1
5211,O23,Monoculture,,5-FU,27.0,27.0,uM,2,False,268,,False,True,O23:Monoculture::5-FU,10.17632/fypp6xhkjy.1
5212,O23,Monoculture,,5-FU,27.0,27.0,uM,3,False,123,,False,True,O23:Monoculture::5-FU,10.17632/fypp6xhkjy.1
5213,O23,Monoculture,,5-FU,60.0,60.0,uM,1,False,122,,False,True,O23:Monoculture::5-FU,10.17632/fypp6xhkjy.1
5214,O23,Monoculture,,5-FU,60.0,60.0,uM,2,False,84,,False,True,O23:Monoculture::5-FU,10.17632/fypp6xhkjy.1
5215,O23,Monoculture,,5-FU,60.0,60.0,uM,3,False,170,,False,True,O23:Monoculture::5-FU,10.17632/fypp6xhkjy.1
5216,O23,Monoculture,,Oxa,DMSO,0.0,uM,1,True,1050,,False,True,O23:Monoculture::Oxa,10.17632/fypp6xhkjy.1
5217,O23,Monoculture,,Oxa,DMSO,0.0,uM,2,True,3561,seeding not uniform,False,False,O23:Monoculture::Oxa,10.17632/fypp6xhkjy.1
5218,O23,Monoculture,,Oxa,DMSO,0.0,uM,3,True,1855,,False,True,O23:Monoculture::Oxa,10.17632/fypp6xhkjy.1
5219,O23,Monoculture,,Oxa,0.5,0.5,uM,1,False,807,,False,True,O23:Monoculture::Oxa,10.17632/fypp6xhkjy.1
5220,O23,Monoculture,,Oxa,0.5,0.5,uM,2,False,885,,False,True,O23:Monoculture::Oxa,10.17632/fypp6xhkjy.1
5221,O23,Monoculture,,Oxa,0.5,0.5,uM,3,False,941,,False,True,O23:Monoculture::Oxa,10.17632/fypp6xhkjy.1
5222,O23,Monoculture,,Oxa,1.1,1.1,uM,1,False,1297,,False,True,O23:Monoculture::Oxa,10.17632/fypp6xhkjy.1
5223,O23,Monoculture,,Oxa,1.1,1.1,uM,2,False,853,,False,True,O23:Monoculture::Oxa,10.17632/fypp6xhkjy.1
5224,O23,Monoculture,,Oxa,1.1,1.1,uM,3,False,757,,False,True,O23:Monoculture::Oxa,10.17632/fypp6xhkjy.1
5225,O23,Monoculture,,Oxa,2.5,2.5,uM,1,False,668,,False,True,O23:Monoculture::Oxa,10.17632/fypp6xhkjy.1
5226,O23,Monoculture,,Oxa,2.5,2.5,uM,2,False,363,,False,True,O23:Monoculture::Oxa,10.17632/fypp6xhkjy.1
5227,O23,Monoculture,,Oxa,2.5,2.5,uM,3,False,546,,False,True,O23:Monoculture::Oxa,10.17632/fypp6xhkjy.1
5228,O23,Monoculture,,Oxa,5.5,5.5,uM,1,False,178,,False,True,O23:Monoculture::Oxa,10.17632/fypp6xhkjy.1
5229,O23,Monoculture,,Oxa,5.5,5.5,uM,2,False,202,,False,True,O23:Monoculture::Oxa,10.17632/fypp6xhkjy.1
5230,O23,Monoculture,,Oxa,5.5,5.5,uM,3,False,230,,False,True,O23:Monoculture::Oxa,10.17632/fypp6xhkjy.1
5231,O23,Monoculture,,Oxa,12.2,12.2,uM,1,False,150,,False,True,O23:Monoculture::Oxa,10.17632/fypp6xhkjy.1
5232,O23,Monoculture,,Oxa,12.2,12.2,uM,2,False,155,,False,True,O23:Monoculture::Oxa,10.17632/fypp6xhkjy.1
5233,O23,Monoculture,,Oxa,12.2,12.2,uM,3,False,127,,False,True,O23:Monoculture::Oxa,10.17632/fypp6xhkjy.1
5234,O23,Monoculture,,Oxa,27.0,27.0,uM,1,False,156,,False,True,O23:Monoculture::Oxa,10.17632/fypp6xhkjy.1
5235,O23,Monoculture,,Oxa,27.0,27.0,uM,2,False,115,,False,True,O23:Monoculture::Oxa,10.17632/fypp6xhkjy.1
5236,O23,Monoculture,,Oxa,27.0,27.0,uM,3,False,139,,False,True,O23:Monoculture::Oxa,10.17632/fypp6xhkjy.1
5237,O23,Monoculture,,Oxa,60.0,60.0,uM,1,False,100,,False,True,O23:Monoculture::Oxa,10.17632/fypp6xhkjy.1
5238,O23,Monoculture,,Oxa,60.0,60.0,uM,2,False,95,,False,True,O23:Monoculture::Oxa,10.17632/fypp6xhkjy.1
5239,O23,Monoculture,,Oxa,60.0,60.0,uM,3,False,90,,False,True,O23:Monoculture::Oxa,10.17632/fypp6xhkjy.1
5240,O23,Monoculture,,SN-38,DMSO,0.0,nM,1,True,2016,,False,True,O23:Monoculture::SN-38,10.17632/fypp6xhkjy.1
5241,O23,Monoculture,,SN-38,DMSO,0.0,nM,2,True,1021,,False,True,O23:Monoculture::SN-38,10.17632/fypp6xhkjy.1
5242,O23,Monoculture,,SN-38,DMSO,0.0,nM,3,True,1526,,False,True,O23:Monoculture::SN-38,10.17632/fypp6xhkjy.1
5243,O23,Monoculture,,SN-38,0.1,0.1,nM,1,False,1647,,False,True,O23:Monoculture::SN-38,10.17632/fypp6xhkjy.1
5244,O23,Monoculture,,SN-38,0.1,0.1,nM,2,False,1194,,False,True,O23:Monoculture::SN-38,10.17632/fypp6xhkjy.1
5245,O23,Monoculture,,SN-38,0.1,0.1,nM,3,False,1095,,False,True,O23:Monoculture::SN-38,10.17632/fypp6xhkjy.1
5246,O23,Monoculture,,SN-38,0.2,0.2,nM,1,False,1013,,False,True,O23:Monoculture::SN-38,10.17632/fypp6xhkjy.1
5247,O23,Monoculture,,SN-38,0.2,0.2,nM,2,False,1470,,False,True,O23:Monoculture::SN-38,10.17632/fypp6xhkjy.1
5248,O23,Monoculture,,SN-38,0.2,0.2,nM,3,False,945,,False,True,O23:Monoculture::SN-38,10.17632/fypp6xhkjy.1
5249,O23,Monoculture,,SN-38,0.4,0.4,nM,1,False,1012,,False,True,O23:Monoculture::SN-38,10.17632/fypp6xhkjy.1
5250,O23,Monoculture,,SN-38,0.4,0.4,nM,2,False,390,seeding not uniform,False,False,O23:Monoculture::SN-38,10.17632/fypp6xhkjy.1
5251,O23,Monoculture,,SN-38,0.4,0.4,nM,3,False,1030,,False,True,O23:Monoculture::SN-38,10.17632/fypp6xhkjy.1
5252,O23,Monoculture,,SN-38,0.7,0.7,nM,1,False,855,,False,True,O23:Monoculture::SN-38,10.17632/fypp6xhkjy.1
5253,O23,Monoculture,,SN-38,0.7,0.7,nM,2,False,1352,,False,True,O23:Monoculture::SN-38,10.17632/fypp6xhkjy.1
5254,O23,Monoculture,,SN-38,0.7,0.7,nM,3,False,1391,,False,True,O23:Monoculture::SN-38,10.17632/fypp6xhkjy.1
5255,O23,Monoculture,,SN-38,1.4,1.4,nM,1,False,261,,False,True,O23:Monoculture::SN-38,10.17632/fypp6xhkjy.1
5256,O23,Monoculture,,SN-38,1.4,1.4,nM,2,False,361,,False,True,O23:Monoculture::SN-38,10.17632/fypp6xhkjy.1
5257,O23,Monoculture,,SN-38,1.4,1.4,nM,3,False,292,,False,True,O23:Monoculture::SN-38,10.17632/fypp6xhkjy.1
5258,O23,Monoculture,,SN-38,2.6,2.6,nM,1,False,184,,False,True,O23:Monoculture::SN-38,10.17632/fypp6xhkjy.1
5259,O23,Monoculture,,SN-38,2.6,2.6,nM,2,False,166,,False,True,O23:Monoculture::SN-38,10.17632/fypp6xhkjy.1
5260,O23,Monoculture,,SN-38,2.6,2.6,nM,3,False,341,,False,True,O23:Monoculture::SN-38,10.17632/fypp6xhkjy.1
5261,O23,Monoculture,,SN-38,5.0,5.0,nM,1,False,220,,False,True,O23:Monoculture::SN-38,10.17632/fypp6xhkjy.1
5262,O23,Monoculture,,SN-38,5.0,5.0,nM,2,False,183,,False,True,O23:Monoculture::SN-38,10.17632/fypp6xhkjy.1
5263,O23,Monoculture,,SN-38,5.0,5.0,nM,3,False,139,,False,True,O23:Monoculture::SN-38,10.17632/fypp6xhkjy.1
5264,O23,Monoculture,,Gef,DMSO,0.0,uM,1,True,1132,,False,True,O23:Monoculture::Gef,10.17632/fypp6xhkjy.1
5265,O23,Monoculture,,Gef,DMSO,0.0,uM,2,True,1114,,False,True,O23:Monoculture::Gef,10.17632/fypp6xhkjy.1
5266,O23,Monoculture,,Gef,DMSO,0.0,uM,3,True,1663,,False,True,O23:Monoculture::Gef,10.17632/fypp6xhkjy.1
5267,O23,Monoculture,,Gef,0.01,0.01,uM,1,False,536,,False,True,O23:Monoculture::Gef,10.17632/fypp6xhkjy.1
5268,O23,Monoculture,,Gef,0.01,0.01,uM,2,False,965,,False,True,O23:Monoculture::Gef,10.17632/fypp6xhkjy.1
5269,O23,Monoculture,,Gef,0.01,0.01,uM,3,False,1017,,False,True,O23:Monoculture::Gef,10.17632/fypp6xhkjy.1
5270,O23,Monoculture,,Gef,0.04,0.04,uM,1,False,450,,False,True,O23:Monoculture::Gef,10.17632/fypp6xhkjy.1
5271,O23,Monoculture,,Gef,0.04,0.04,uM,2,False,1518,,False,True,O23:Monoculture::Gef,10.17632/fypp6xhkjy.1
5272,O23,Monoculture,,Gef,0.04,0.04,uM,3,False,1178,,False,True,O23:Monoculture::Gef,10.17632/fypp6xhkjy.1
5273,O23,Monoculture,,Gef,0.1,0.1,uM,1,False,577,,False,True,O23:Monoculture::Gef,10.17632/fypp6xhkjy.1
5274,O23,Monoculture,,Gef,0.1,0.1,uM,2,False,486,,False,True,O23:Monoculture::Gef,10.17632/fypp6xhkjy.1
5275,O23,Monoculture,,Gef,0.1,0.1,uM,3,False,802,,False,True,O23:Monoculture::Gef,10.17632/fypp6xhkjy.1
5276,O23,Monoculture,,Gef,0.4,0.4,uM,1,False,579,,False,True,O23:Monoculture::Gef,10.17632/fypp6xhkjy.1
5277,O23,Monoculture,,Gef,0.4,0.4,uM,2,False,1005,,False,True,O23:Monoculture::Gef,10.17632/fypp6xhkjy.1
5278,O23,Monoculture,,Gef,0.4,0.4,uM,3,False,726,,False,True,O23:Monoculture::Gef,10.17632/fypp6xhkjy.1
5279,O23,Monoculture,,Gef,1.1,1.1,uM,1,False,368,,False,True,O23:Monoculture::Gef,10.17632/fypp6xhkjy.1
5280,O23,Monoculture,,Gef,1.1,1.1,uM,2,False,242,,False,True,O23:Monoculture::Gef,10.17632/fypp6xhkjy.1
5281,O23,Monoculture,,Gef,1.1,1.1,uM,3,False,402,,False,True,O23:Monoculture::Gef,10.17632/fypp6xhkjy.1
5282,O23,Monoculture,,Gef,3.3,3.3,uM,1,False,69,,False,True,O23:Monoculture::Gef,10.17632/fypp6xhkjy.1
5283,O23,Monoculture,,Gef,3.3,3.3,uM,2,False,137,,False,True,O23:Monoculture::Gef,10.17632/fypp6xhkjy.1
5284,O23,Monoculture,,Gef,3.3,3.3,uM,3,False,268,,False,True,O23:Monoculture::Gef,10.17632/fypp6xhkjy.1
5285,O23,Monoculture,,Gef,10.0,10.0,uM,1,False,180,,False,True,O23:Monoculture::Gef,10.17632/fypp6xhkjy.1
5286,O23,Monoculture,,Gef,10.0,10.0,uM,2,False,66,,False,True,O23:Monoculture::Gef,10.17632/fypp6xhkjy.1
5287,O23,Monoculture,,Gef,10.0,10.0,uM,3,False,123,,False,True,O23:Monoculture::Gef,10.17632/fypp6xhkjy.1
5288,O23,Coculture,F14,5-FU,DMSO,0.0,uM,1,True,1863,,False,True,O23:Coculture:F14:5-FU,10.17632/fypp6xhkjy.1
5289,O23,Coculture,F14,5-FU,DMSO,0.0,uM,2,True,2738,,False,True,O23:Coculture:F14:5-FU,10.17632/fypp6xhkjy.1
5290,O23,Coculture,F14,5-FU,DMSO,0.0,uM,3,True,2609,,False,True,O23:Coculture:F14:5-FU,10.17632/fypp6xhkjy.1
5291,O23,Coculture,F14,5-FU,0.5,0.5,uM,1,False,3304,,False,True,O23:Coculture:F14:5-FU,10.17632/fypp6xhkjy.1
5292,O23,Coculture,F14,5-FU,0.5,0.5,uM,2,False,4673,,False,True,O23:Coculture:F14:5-FU,10.17632/fypp6xhkjy.1
5293,O23,Coculture,F14,5-FU,0.5,0.5,uM,3,False,3868,,False,True,O23:Coculture:F14:5-FU,10.17632/fypp6xhkjy.1
5294,O23,Coculture,F14,5-FU,1.1,1.1,uM,1,False,2242,,False,True,O23:Coculture:F14:5-FU,10.17632/fypp6xhkjy.1
5295,O23,Coculture,F14,5-FU,1.1,1.1,uM,2,False,3686,,False,True,O23:Coculture:F14:5-FU,10.17632/fypp6xhkjy.1
5296,O23,Coculture,F14,5-FU,1.1,1.1,uM,3,False,4490,,False,True,O23:Coculture:F14:5-FU,10.17632/fypp6xhkjy.1
5297,O23,Coculture,F14,5-FU,2.5,2.5,uM,1,False,1501,,False,True,O23:Coculture:F14:5-FU,10.17632/fypp6xhkjy.1
5298,O23,Coculture,F14,5-FU,2.5,2.5,uM,2,False,2303,,False,True,O23:Coculture:F14:5-FU,10.17632/fypp6xhkjy.1
5299,O23,Coculture,F14,5-FU,2.5,2.5,uM,3,False,2733,,False,True,O23:Coculture:F14:5-FU,10.17632/fypp6xhkjy.1
5300,O23,Coculture,F14,5-FU,5.5,5.5,uM,1,False,1264,,False,True,O23:Coculture:F14:5-FU,10.17632/fypp6xhkjy.1
5301,O23,Coculture,F14,5-FU,5.5,5.5,uM,2,False,1491,,False,True,O23:Coculture:F14:5-FU,10.17632/fypp6xhkjy.1
5302,O23,Coculture,F14,5-FU,5.5,5.5,uM,3,False,1098,,False,True,O23:Coculture:F14:5-FU,10.17632/fypp6xhkjy.1
5303,O23,Coculture,F14,5-FU,12.2,12.2,uM,1,False,526,,False,True,O23:Coculture:F14:5-FU,10.17632/fypp6xhkjy.1
5304,O23,Coculture,F14,5-FU,12.2,12.2,uM,2,False,791,,False,True,O23:Coculture:F14:5-FU,10.17632/fypp6xhkjy.1
5305,O23,Coculture,F14,5-FU,12.2,12.2,uM,3,False,619,,False,True,O23:Coculture:F14:5-FU,10.17632/fypp6xhkjy.1
5306,O23,Coculture,F14,5-FU,27.0,27.0,uM,1,False,510,,False,True,O23:Coculture:F14:5-FU,10.17632/fypp6xhkjy.1
5307,O23,Coculture,F14,5-FU,27.0,27.0,uM,2,False,601,,False,True,O23:Coculture:F14:5-FU,10.17632/fypp6xhkjy.1
5308,O23,Coculture,F14,5-FU,27.0,27.0,uM,3,False,712,,False,True,O23:Coculture:F14:5-FU,10.17632/fypp6xhkjy.1
5309,O23,Coculture,F14,5-FU,60.0,60.0,uM,1,False,1043,,False,True,O23:Coculture:F14:5-FU,10.17632/fypp6xhkjy.1
5310,O23,Coculture,F14,5-FU,60.0,60.0,uM,2,False,1027,,False,True,O23:Coculture:F14:5-FU,10.17632/fypp6xhkjy.1
5311,O23,Coculture,F14,5-FU,60.0,60.0,uM,3,False,861,,False,True,O23:Coculture:F14:5-FU,10.17632/fypp6xhkjy.1
5312,O23,Coculture,F14,Oxa,DMSO,0.0,uM,1,True,2964,,False,True,O23:Coculture:F14:Oxa,10.17632/fypp6xhkjy.1
5313,O23,Coculture,F14,Oxa,DMSO,0.0,uM,2,True,2369,,False,True,O23:Coculture:F14:Oxa,10.17632/fypp6xhkjy.1
5314,O23,Coculture,F14,Oxa,DMSO,0.0,uM,3,True,4127,,False,True,O23:Coculture:F14:Oxa,10.17632/fypp6xhkjy.1
5315,O23,Coculture,F14,Oxa,0.5,0.5,uM,1,False,2830,,False,True,O23:Coculture:F14:Oxa,10.17632/fypp6xhkjy.1
5316,O23,Coculture,F14,Oxa,0.5,0.5,uM,2,False,2619,,False,True,O23:Coculture:F14:Oxa,10.17632/fypp6xhkjy.1
5317,O23,Coculture,F14,Oxa,0.5,0.5,uM,3,False,6149,,False,True,O23:Coculture:F14:Oxa,10.17632/fypp6xhkjy.1
5318,O23,Coculture,F14,Oxa,1.1,1.1,uM,1,False,3859,,False,True,O23:Coculture:F14:Oxa,10.17632/fypp6xhkjy.1
5319,O23,Coculture,F14,Oxa,1.1,1.1,uM,2,False,2241,,False,True,O23:Coculture:F14:Oxa,10.17632/fypp6xhkjy.1
5320,O23,Coculture,F14,Oxa,1.1,1.1,uM,3,False,3509,,False,True,O23:Coculture:F14:Oxa,10.17632/fypp6xhkjy.1
5321,O23,Coculture,F14,Oxa,2.5,2.5,uM,1,False,1744,,False,True,O23:Coculture:F14:Oxa,10.17632/fypp6xhkjy.1
5322,O23,Coculture,F14,Oxa,2.5,2.5,uM,2,False,2020,,False,True,O23:Coculture:F14:Oxa,10.17632/fypp6xhkjy.1
5323,O23,Coculture,F14,Oxa,2.5,2.5,uM,3,False,1711,,False,True,O23:Coculture:F14:Oxa,10.17632/fypp6xhkjy.1
5324,O23,Coculture,F14,Oxa,5.5,5.5,uM,1,False,616,,False,True,O23:Coculture:F14:Oxa,10.17632/fypp6xhkjy.1
5325,O23,Coculture,F14,Oxa,5.5,5.5,uM,2,False,787,,False,True,O23:Coculture:F14:Oxa,10.17632/fypp6xhkjy.1
5326,O23,Coculture,F14,Oxa,5.5,5.5,uM,3,False,951,,False,True,O23:Coculture:F14:Oxa,10.17632/fypp6xhkjy.1
5327,O23,Coculture,F14,Oxa,12.2,12.2,uM,1,False,516,,False,True,O23:Coculture:F14:Oxa,10.17632/fypp6xhkjy.1
5328,O23,Coculture,F14,Oxa,12.2,12.2,uM,2,False,491,,False,True,O23:Coculture:F14:Oxa,10.17632/fypp6xhkjy.1
5329,O23,Coculture,F14,Oxa,12.2,12.2,uM,3,False,505,,False,True,O23:Coculture:F14:Oxa,10.17632/fypp6xhkjy.1
5330,O23,Coculture,F14,Oxa,27.0,27.0,uM,1,False,465,,False,True,O23:Coculture:F14:Oxa,10.17632/fypp6xhkjy.1
5331,O23,Coculture,F14,Oxa,27.0,27.0,uM,2,False,529,,False,True,O23:Coculture:F14:Oxa,10.17632/fypp6xhkjy.1
5332,O23,Coculture,F14,Oxa,27.0,27.0,uM,3,False,425,,False,True,O23:Coculture:F14:Oxa,10.17632/fypp6xhkjy.1
5333,O23,Coculture,F14,Oxa,60.0,60.0,uM,1,False,440,,False,True,O23:Coculture:F14:Oxa,10.17632/fypp6xhkjy.1
5334,O23,Coculture,F14,Oxa,60.0,60.0,uM,2,False,449,,False,True,O23:Coculture:F14:Oxa,10.17632/fypp6xhkjy.1
5335,O23,Coculture,F14,Oxa,60.0,60.0,uM,3,False,360,,False,True,O23:Coculture:F14:Oxa,10.17632/fypp6xhkjy.1
5336,O23,Coculture,F14,SN-38,DMSO,0.0,nM,1,True,2788,,False,True,O23:Coculture:F14:SN-38,10.17632/fypp6xhkjy.1
5337,O23,Coculture,F14,SN-38,DMSO,0.0,nM,2,True,2966,,False,True,O23:Coculture:F14:SN-38,10.17632/fypp6xhkjy.1
5338,O23,Coculture,F14,SN-38,DMSO,0.0,nM,3,True,4222,,False,True,O23:Coculture:F14:SN-38,10.17632/fypp6xhkjy.1
5339,O23,Coculture,F14,SN-38,0.1,0.1,nM,1,False,5996,seeding not uniform,False,False,O23:Coculture:F14:SN-38,10.17632/fypp6xhkjy.1
5340,O23,Coculture,F14,SN-38,0.1,0.1,nM,2,False,4100,,False,True,O23:Coculture:F14:SN-38,10.17632/fypp6xhkjy.1
5341,O23,Coculture,F14,SN-38,0.1,0.1,nM,3,False,4904,,False,True,O23:Coculture:F14:SN-38,10.17632/fypp6xhkjy.1
5342,O23,Coculture,F14,SN-38,0.2,0.2,nM,1,False,4140,,False,True,O23:Coculture:F14:SN-38,10.17632/fypp6xhkjy.1
5343,O23,Coculture,F14,SN-38,0.2,0.2,nM,2,False,3403,,False,True,O23:Coculture:F14:SN-38,10.17632/fypp6xhkjy.1
5344,O23,Coculture,F14,SN-38,0.2,0.2,nM,3,False,5761,seeding not uniform,False,False,O23:Coculture:F14:SN-38,10.17632/fypp6xhkjy.1
5345,O23,Coculture,F14,SN-38,0.4,0.4,nM,1,False,4424,,False,True,O23:Coculture:F14:SN-38,10.17632/fypp6xhkjy.1
5346,O23,Coculture,F14,SN-38,0.4,0.4,nM,2,False,6762,seeding not uniform,False,False,O23:Coculture:F14:SN-38,10.17632/fypp6xhkjy.1
5347,O23,Coculture,F14,SN-38,0.4,0.4,nM,3,False,3536,,False,True,O23:Coculture:F14:SN-38,10.17632/fypp6xhkjy.1
5348,O23,Coculture,F14,SN-38,0.7,0.7,nM,1,False,2216,,False,True,O23:Coculture:F14:SN-38,10.17632/fypp6xhkjy.1
5349,O23,Coculture,F14,SN-38,0.7,0.7,nM,2,False,3338,,False,True,O23:Coculture:F14:SN-38,10.17632/fypp6xhkjy.1
5350,O23,Coculture,F14,SN-38,0.7,0.7,nM,3,False,3855,,False,True,O23:Coculture:F14:SN-38,10.17632/fypp6xhkjy.1
5351,O23,Coculture,F14,SN-38,1.4,1.4,nM,1,False,3030,,False,True,O23:Coculture:F14:SN-38,10.17632/fypp6xhkjy.1
5352,O23,Coculture,F14,SN-38,1.4,1.4,nM,2,False,3618,,False,True,O23:Coculture:F14:SN-38,10.17632/fypp6xhkjy.1
5353,O23,Coculture,F14,SN-38,1.4,1.4,nM,3,False,3587,,False,True,O23:Coculture:F14:SN-38,10.17632/fypp6xhkjy.1
5354,O23,Coculture,F14,SN-38,2.6,2.6,nM,1,False,2323,,False,True,O23:Coculture:F14:SN-38,10.17632/fypp6xhkjy.1
5355,O23,Coculture,F14,SN-38,2.6,2.6,nM,2,False,1225,,False,True,O23:Coculture:F14:SN-38,10.17632/fypp6xhkjy.1
5356,O23,Coculture,F14,SN-38,2.6,2.6,nM,3,False,1876,,False,True,O23:Coculture:F14:SN-38,10.17632/fypp6xhkjy.1
5357,O23,Coculture,F14,SN-38,5.0,5.0,nM,1,False,648,,False,True,O23:Coculture:F14:SN-38,10.17632/fypp6xhkjy.1
5358,O23,Coculture,F14,SN-38,5.0,5.0,nM,2,False,611,,False,True,O23:Coculture:F14:SN-38,10.17632/fypp6xhkjy.1
5359,O23,Coculture,F14,SN-38,5.0,5.0,nM,3,False,1163,,False,True,O23:Coculture:F14:SN-38,10.17632/fypp6xhkjy.1
5360,O23,Coculture,F14,Gef,DMSO,0.0,uM,1,True,3517,,False,True,O23:Coculture:F14:Gef,10.17632/fypp6xhkjy.1
5361,O23,Coculture,F14,Gef,DMSO,0.0,uM,2,True,3150,,False,True,O23:Coculture:F14:Gef,10.17632/fypp6xhkjy.1
5362,O23,Coculture,F14,Gef,DMSO,0.0,uM,3,True,1803,,False,True,O23:Coculture:F14:Gef,10.17632/fypp6xhkjy.1
5363,O23,Coculture,F14,Gef,0.01,0.01,uM,1,False,4350,,False,True,O23:Coculture:F14:Gef,10.17632/fypp6xhkjy.1
5364,O23,Coculture,F14,Gef,0.01,0.01,uM,2,False,5060,,False,True,O23:Coculture:F14:Gef,10.17632/fypp6xhkjy.1
5365,O23,Coculture,F14,Gef,0.01,0.01,uM,3,False,3729,,False,True,O23:Coculture:F14:Gef,10.17632/fypp6xhkjy.1
5366,O23,Coculture,F14,Gef,0.04,0.04,uM,1,False,2905,,False,True,O23:Coculture:F14:Gef,10.17632/fypp6xhkjy.1
5367,O23,Coculture,F14,Gef,0.04,0.04,uM,2,False,4665,,False,True,O23:Coculture:F14:Gef,10.17632/fypp6xhkjy.1
5368,O23,Coculture,F14,Gef,0.04,0.04,uM,3,False,8192,seeding not uniform,False,False,O23:Coculture:F14:Gef,10.17632/fypp6xhkjy.1
5369,O23,Coculture,F14,Gef,0.1,0.1,uM,1,False,4737,,False,True,O23:Coculture:F14:Gef,10.17632/fypp6xhkjy.1
5370,O23,Coculture,F14,Gef,0.1,0.1,uM,2,False,3020,,False,True,O23:Coculture:F14:Gef,10.17632/fypp6xhkjy.1
5371,O23,Coculture,F14,Gef,0.1,0.1,uM,3,False,2935,,False,True,O23:Coculture:F14:Gef,10.17632/fypp6xhkjy.1
5372,O23,Coculture,F14,Gef,0.4,0.4,uM,1,False,2651,,False,True,O23:Coculture:F14:Gef,10.17632/fypp6xhkjy.1
5373,O23,Coculture,F14,Gef,0.4,0.4,uM,2,False,2537,,False,True,O23:Coculture:F14:Gef,10.17632/fypp6xhkjy.1
5374,O23,Coculture,F14,Gef,0.4,0.4,uM,3,False,1612,,False,True,O23:Coculture:F14:Gef,10.17632/fypp6xhkjy.1
5375,O23,Coculture,F14,Gef,1.1,1.1,uM,1,False,2465,,False,True,O23:Coculture:F14:Gef,10.17632/fypp6xhkjy.1
5376,O23,Coculture,F14,Gef,1.1,1.1,uM,2,False,1545,,False,True,O23:Coculture:F14:Gef,10.17632/fypp6xhkjy.1
5377,O23,Coculture,F14,Gef,1.1,1.1,uM,3,False,1233,,False,True,O23:Coculture:F14:Gef,10.17632/fypp6xhkjy.1
5378,O23,Coculture,F14,Gef,3.3,3.3,uM,1,False,1264,,False,True,O23:Coculture:F14:Gef,10.17632/fypp6xhkjy.1
5379,O23,Coculture,F14,Gef,3.3,3.3,uM,2,False,1746,,False,True,O23:Coculture:F14:Gef,10.17632/fypp6xhkjy.1
5380,O23,Coculture,F14,Gef,3.3,3.3,uM,3,False,1005,,False,True,O23:Coculture:F14:Gef,10.17632/fypp6xhkjy.1
5381,O23,Coculture,F14,Gef,10.0,10.0,uM,1,False,995,,False,True,O23:Coculture:F14:Gef,10.17632/fypp6xhkjy.1
5382,O23,Coculture,F14,Gef,10.0,10.0,uM,2,False,678,,False,True,O23:Coculture:F14:Gef,10.17632/fypp6xhkjy.1
5383,O23,Coculture,F14,Gef,10.0,10.0,uM,3,False,518,,False,True,O23:Coculture:F14:Gef,10.17632/fypp6xhkjy.1
5384,O24,Monoculture,,5-FU,DMSO,0.0,uM,1,True,19716,,False,True,O24:Monoculture::5-FU,10.17632/fypp6xhkjy.1
5385,O24,Monoculture,,5-FU,DMSO,0.0,uM,2,True,23802,,False,True,O24:Monoculture::5-FU,10.17632/fypp6xhkjy.1
5386,O24,Monoculture,,5-FU,DMSO,0.0,uM,3,True,2753,cells lost,False,False,O24:Monoculture::5-FU,10.17632/fypp6xhkjy.1
5387,O24,Monoculture,,5-FU,0.5,0.5,uM,1,False,19987,,False,True,O24:Monoculture::5-FU,10.17632/fypp6xhkjy.1
5388,O24,Monoculture,,5-FU,0.5,0.5,uM,2,False,22403,,False,True,O24:Monoculture::5-FU,10.17632/fypp6xhkjy.1
5389,O24,Monoculture,,5-FU,0.5,0.5,uM,3,False,16630,,False,True,O24:Monoculture::5-FU,10.17632/fypp6xhkjy.1
5390,O24,Monoculture,,5-FU,1.1,1.1,uM,1,False,22901,,False,True,O24:Monoculture::5-FU,10.17632/fypp6xhkjy.1
5391,O24,Monoculture,,5-FU,1.1,1.1,uM,2,False,19708,,False,True,O24:Monoculture::5-FU,10.17632/fypp6xhkjy.1
5392,O24,Monoculture,,5-FU,1.1,1.1,uM,3,False,15697,,False,True,O24:Monoculture::5-FU,10.17632/fypp6xhkjy.1
5393,O24,Monoculture,,5-FU,2.5,2.5,uM,1,False,22442,,False,True,O24:Monoculture::5-FU,10.17632/fypp6xhkjy.1
5394,O24,Monoculture,,5-FU,2.5,2.5,uM,2,False,14348,,False,True,O24:Monoculture::5-FU,10.17632/fypp6xhkjy.1
5395,O24,Monoculture,,5-FU,2.5,2.5,uM,3,False,19225,,False,True,O24:Monoculture::5-FU,10.17632/fypp6xhkjy.1
5396,O24,Monoculture,,5-FU,5.5,5.5,uM,1,False,6799,,False,True,O24:Monoculture::5-FU,10.17632/fypp6xhkjy.1
5397,O24,Monoculture,,5-FU,5.5,5.5,uM,2,False,8497,,False,True,O24:Monoculture::5-FU,10.17632/fypp6xhkjy.1
5398,O24,Monoculture,,5-FU,5.5,5.5,uM,3,False,12321,,False,True,O24:Monoculture::5-FU,10.17632/fypp6xhkjy.1
5399,O24,Monoculture,,5-FU,12.2,12.2,uM,1,False,5225,,False,True,O24:Monoculture::5-FU,10.17632/fypp6xhkjy.1
5400,O24,Monoculture,,5-FU,12.2,12.2,uM,2,False,6764,,False,True,O24:Monoculture::5-FU,10.17632/fypp6xhkjy.1
5401,O24,Monoculture,,5-FU,12.2,12.2,uM,3,False,7165,,False,True,O24:Monoculture::5-FU,10.17632/fypp6xhkjy.1
5402,O24,Monoculture,,5-FU,27.0,27.0,uM,1,False,2688,,False,True,O24:Monoculture::5-FU,10.17632/fypp6xhkjy.1
5403,O24,Monoculture,,5-FU,27.0,27.0,uM,2,False,3787,,False,True,O24:Monoculture::5-FU,10.17632/fypp6xhkjy.1
5404,O24,Monoculture,,5-FU,27.0,27.0,uM,3,False,3791,,False,True,O24:Monoculture::5-FU,10.17632/fypp6xhkjy.1
5405,O24,Monoculture,,5-FU,60.0,60.0,uM,1,False,4801,,False,True,O24:Monoculture::5-FU,10.17632/fypp6xhkjy.1
5406,O24,Monoculture,,5-FU,60.0,60.0,uM,2,False,3997,,False,True,O24:Monoculture::5-FU,10.17632/fypp6xhkjy.1
5407,O24,Monoculture,,5-FU,60.0,60.0,uM,3,False,5676,,False,True,O24:Monoculture::5-FU,10.17632/fypp6xhkjy.1
5408,O24,Monoculture,,Oxa,DMSO,0.0,uM,1,True,25469,,False,True,O24:Monoculture::Oxa,10.17632/fypp6xhkjy.1
5409,O24,Monoculture,,Oxa,DMSO,0.0,uM,2,True,18067,,False,True,O24:Monoculture::Oxa,10.17632/fypp6xhkjy.1
5410,O24,Monoculture,,Oxa,DMSO,0.0,uM,3,True,18455,,False,True,O24:Monoculture::Oxa,10.17632/fypp6xhkjy.1
5411,O24,Monoculture,,Oxa,0.5,0.5,uM,1,False,10753,,False,True,O24:Monoculture::Oxa,10.17632/fypp6xhkjy.1
5412,O24,Monoculture,,Oxa,0.5,0.5,uM,2,False,22098,,False,True,O24:Monoculture::Oxa,10.17632/fypp6xhkjy.1
5413,O24,Monoculture,,Oxa,0.5,0.5,uM,3,False,18186,,False,True,O24:Monoculture::Oxa,10.17632/fypp6xhkjy.1
5414,O24,Monoculture,,Oxa,1.1,1.1,uM,1,False,13373,,False,True,O24:Monoculture::Oxa,10.17632/fypp6xhkjy.1
5415,O24,Monoculture,,Oxa,1.1,1.1,uM,2,False,14170,,False,True,O24:Monoculture::Oxa,10.17632/fypp6xhkjy.1
5416,O24,Monoculture,,Oxa,1.1,1.1,uM,3,False,10956,,False,True,O24:Monoculture::Oxa,10.17632/fypp6xhkjy.1
5417,O24,Monoculture,,Oxa,2.5,2.5,uM,1,False,13198,,False,True,O24:Monoculture::Oxa,10.17632/fypp6xhkjy.1
5418,O24,Monoculture,,Oxa,2.5,2.5,uM,2,False,10498,,False,True,O24:Monoculture::Oxa,10.17632/fypp6xhkjy.1
5419,O24,Monoculture,,Oxa,2.5,2.5,uM,3,False,13633,,False,True,O24:Monoculture::Oxa,10.17632/fypp6xhkjy.1
5420,O24,Monoculture,,Oxa,5.5,5.5,uM,1,False,6129,,False,True,O24:Monoculture::Oxa,10.17632/fypp6xhkjy.1
5421,O24,Monoculture,,Oxa,5.5,5.5,uM,2,False,7064,,False,True,O24:Monoculture::Oxa,10.17632/fypp6xhkjy.1
5422,O24,Monoculture,,Oxa,5.5,5.5,uM,3,False,9363,,False,True,O24:Monoculture::Oxa,10.17632/fypp6xhkjy.1
5423,O24,Monoculture,,Oxa,12.2,12.2,uM,1,False,4189,,False,True,O24:Monoculture::Oxa,10.17632/fypp6xhkjy.1
5424,O24,Monoculture,,Oxa,12.2,12.2,uM,2,False,2381,,False,True,O24:Monoculture::Oxa,10.17632/fypp6xhkjy.1
5425,O24,Monoculture,,Oxa,12.2,12.2,uM,3,False,3984,,False,True,O24:Monoculture::Oxa,10.17632/fypp6xhkjy.1
5426,O24,Monoculture,,Oxa,27.0,27.0,uM,1,False,4786,,False,True,O24:Monoculture::Oxa,10.17632/fypp6xhkjy.1
5427,O24,Monoculture,,Oxa,27.0,27.0,uM,2,False,3045,,False,True,O24:Monoculture::Oxa,10.17632/fypp6xhkjy.1
5428,O24,Monoculture,,Oxa,27.0,27.0,uM,3,False,3667,,False,True,O24:Monoculture::Oxa,10.17632/fypp6xhkjy.1
5429,O24,Monoculture,,Oxa,60.0,60.0,uM,1,False,2336,,False,True,O24:Monoculture::Oxa,10.17632/fypp6xhkjy.1
5430,O24,Monoculture,,Oxa,60.0,60.0,uM,2,False,2347,,False,True,O24:Monoculture::Oxa,10.17632/fypp6xhkjy.1
5431,O24,Monoculture,,Oxa,60.0,60.0,uM,3,False,2821,,False,True,O24:Monoculture::Oxa,10.17632/fypp6xhkjy.1
5432,O24,Monoculture,,SN-38,DMSO,0.0,nM,1,True,17784,,False,True,O24:Monoculture::SN-38,10.17632/fypp6xhkjy.1
5433,O24,Monoculture,,SN-38,DMSO,0.0,nM,2,True,42861,seeding not uniform,False,False,O24:Monoculture::SN-38,10.17632/fypp6xhkjy.1
5434,O24,Monoculture,,SN-38,DMSO,0.0,nM,3,True,27956,,False,True,O24:Monoculture::SN-38,10.17632/fypp6xhkjy.1
5435,O24,Monoculture,,SN-38,0.1,0.1,nM,1,False,17212,,False,True,O24:Monoculture::SN-38,10.17632/fypp6xhkjy.1
5436,O24,Monoculture,,SN-38,0.1,0.1,nM,2,False,25331,,False,True,O24:Monoculture::SN-38,10.17632/fypp6xhkjy.1
5437,O24,Monoculture,,SN-38,0.1,0.1,nM,3,False,23091,,False,True,O24:Monoculture::SN-38,10.17632/fypp6xhkjy.1
5438,O24,Monoculture,,SN-38,0.2,0.2,nM,1,False,23146,,False,True,O24:Monoculture::SN-38,10.17632/fypp6xhkjy.1
5439,O24,Monoculture,,SN-38,0.2,0.2,nM,2,False,31283,,False,True,O24:Monoculture::SN-38,10.17632/fypp6xhkjy.1
5440,O24,Monoculture,,SN-38,0.2,0.2,nM,3,False,31274,,False,True,O24:Monoculture::SN-38,10.17632/fypp6xhkjy.1
5441,O24,Monoculture,,SN-38,0.4,0.4,nM,1,False,21695,,False,True,O24:Monoculture::SN-38,10.17632/fypp6xhkjy.1
5442,O24,Monoculture,,SN-38,0.4,0.4,nM,2,False,26388,,False,True,O24:Monoculture::SN-38,10.17632/fypp6xhkjy.1
5443,O24,Monoculture,,SN-38,0.4,0.4,nM,3,False,27971,,False,True,O24:Monoculture::SN-38,10.17632/fypp6xhkjy.1
5444,O24,Monoculture,,SN-38,0.7,0.7,nM,1,False,25178,,False,True,O24:Monoculture::SN-38,10.17632/fypp6xhkjy.1
5445,O24,Monoculture,,SN-38,0.7,0.7,nM,2,False,33332,,False,True,O24:Monoculture::SN-38,10.17632/fypp6xhkjy.1
5446,O24,Monoculture,,SN-38,0.7,0.7,nM,3,False,23289,,False,True,O24:Monoculture::SN-38,10.17632/fypp6xhkjy.1
5447,O24,Monoculture,,SN-38,1.4,1.4,nM,1,False,23821,,False,True,O24:Monoculture::SN-38,10.17632/fypp6xhkjy.1
5448,O24,Monoculture,,SN-38,1.4,1.4,nM,2,False,21959,,False,True,O24:Monoculture::SN-38,10.17632/fypp6xhkjy.1
5449,O24,Monoculture,,SN-38,1.4,1.4,nM,3,False,28951,,False,True,O24:Monoculture::SN-38,10.17632/fypp6xhkjy.1
5450,O24,Monoculture,,SN-38,2.6,2.6,nM,1,False,35116,seeding not uniform,False,False,O24:Monoculture::SN-38,10.17632/fypp6xhkjy.1
5451,O24,Monoculture,,SN-38,2.6,2.6,nM,2,False,16835,,False,True,O24:Monoculture::SN-38,10.17632/fypp6xhkjy.1
5452,O24,Monoculture,,SN-38,2.6,2.6,nM,3,False,15955,,False,True,O24:Monoculture::SN-38,10.17632/fypp6xhkjy.1
5453,O24,Monoculture,,SN-38,5.0,5.0,nM,1,False,19243,,False,True,O24:Monoculture::SN-38,10.17632/fypp6xhkjy.1
5454,O24,Monoculture,,SN-38,5.0,5.0,nM,2,False,28090,seeding not uniform,False,False,O24:Monoculture::SN-38,10.17632/fypp6xhkjy.1
5455,O24,Monoculture,,SN-38,5.0,5.0,nM,3,False,19246,,False,True,O24:Monoculture::SN-38,10.17632/fypp6xhkjy.1
5456,O24,Monoculture,,Gef,DMSO,0.0,uM,1,True,15339,,False,True,O24:Monoculture::Gef,10.17632/fypp6xhkjy.1
5457,O24,Monoculture,,Gef,DMSO,0.0,uM,2,True,16178,,False,True,O24:Monoculture::Gef,10.17632/fypp6xhkjy.1
5458,O24,Monoculture,,Gef,DMSO,0.0,uM,3,True,20625,,False,True,O24:Monoculture::Gef,10.17632/fypp6xhkjy.1
5459,O24,Monoculture,,Gef,0.01,0.01,uM,1,False,21608,,False,True,O24:Monoculture::Gef,10.17632/fypp6xhkjy.1
5460,O24,Monoculture,,Gef,0.01,0.01,uM,2,False,17644,,False,True,O24:Monoculture::Gef,10.17632/fypp6xhkjy.1
5461,O24,Monoculture,,Gef,0.01,0.01,uM,3,False,14238,,False,True,O24:Monoculture::Gef,10.17632/fypp6xhkjy.1
5462,O24,Monoculture,,Gef,0.04,0.04,uM,1,False,16857,,False,True,O24:Monoculture::Gef,10.17632/fypp6xhkjy.1
5463,O24,Monoculture,,Gef,0.04,0.04,uM,2,False,15703,,False,True,O24:Monoculture::Gef,10.17632/fypp6xhkjy.1
5464,O24,Monoculture,,Gef,0.04,0.04,uM,3,False,19001,,False,True,O24:Monoculture::Gef,10.17632/fypp6xhkjy.1
5465,O24,Monoculture,,Gef,0.1,0.1,uM,1,False,7056,,False,True,O24:Monoculture::Gef,10.17632/fypp6xhkjy.1
5466,O24,Monoculture,,Gef,0.1,0.1,uM,2,False,10536,,False,True,O24:Monoculture::Gef,10.17632/fypp6xhkjy.1
5467,O24,Monoculture,,Gef,0.1,0.1,uM,3,False,6243,,False,True,O24:Monoculture::Gef,10.17632/fypp6xhkjy.1
5468,O24,Monoculture,,Gef,0.4,0.4,uM,1,False,1020,,False,True,O24:Monoculture::Gef,10.17632/fypp6xhkjy.1
5469,O24,Monoculture,,Gef,0.4,0.4,uM,2,False,1083,,False,True,O24:Monoculture::Gef,10.17632/fypp6xhkjy.1
5470,O24,Monoculture,,Gef,0.4,0.4,uM,3,False,847,,False,True,O24:Monoculture::Gef,10.17632/fypp6xhkjy.1
5471,O24,Monoculture,,Gef,1.1,1.1,uM,1,False,817,,False,True,O24:Monoculture::Gef,10.17632/fypp6xhkjy.1
5472,O24,Monoculture,,Gef,1.1,1.1,uM,2,False,918,,False,True,O24:Monoculture::Gef,10.17632/fypp6xhkjy.1
5473,O24,Monoculture,,Gef,1.1,1.1,uM,3,False,876,,False,True,O24:Monoculture::Gef,10.17632/fypp6xhkjy.1
5474,O24,Monoculture,,Gef,3.3,3.3,uM,1,False,1273,,False,True,O24:Monoculture::Gef,10.17632/fypp6xhkjy.1
5475,O24,Monoculture,,Gef,3.3,3.3,uM,2,False,638,,False,True,O24:Monoculture::Gef,10.17632/fypp6xhkjy.1
5476,O24,Monoculture,,Gef,3.3,3.3,uM,3,False,680,,False,True,O24:Monoculture::Gef,10.17632/fypp6xhkjy.1
5477,O24,Monoculture,,Gef,10.0,10.0,uM,1,False,743,,False,True,O24:Monoculture::Gef,10.17632/fypp6xhkjy.1
5478,O24,Monoculture,,Gef,10.0,10.0,uM,2,False,1096,,False,True,O24:Monoculture::Gef,10.17632/fypp6xhkjy.1
5479,O24,Monoculture,,Gef,10.0,10.0,uM,3,False,1156,,False,True,O24:Monoculture::Gef,10.17632/fypp6xhkjy.1
5480,O24,Coculture,F20,5-FU,DMSO,0.0,uM,1,True,53182,,False,True,O24:Coculture:F20:5-FU,10.17632/fypp6xhkjy.1
5481,O24,Coculture,F20,5-FU,DMSO,0.0,uM,2,True,44357,,False,True,O24:Coculture:F20:5-FU,10.17632/fypp6xhkjy.1
5482,O24,Coculture,F20,5-FU,DMSO,0.0,uM,3,True,55603,,False,True,O24:Coculture:F20:5-FU,10.17632/fypp6xhkjy.1
5483,O24,Coculture,F20,5-FU,0.5,0.5,uM,1,False,45952,,False,True,O24:Coculture:F20:5-FU,10.17632/fypp6xhkjy.1
5484,O24,Coculture,F20,5-FU,0.5,0.5,uM,2,False,44534,,False,True,O24:Coculture:F20:5-FU,10.17632/fypp6xhkjy.1
5485,O24,Coculture,F20,5-FU,0.5,0.5,uM,3,False,45771,,False,True,O24:Coculture:F20:5-FU,10.17632/fypp6xhkjy.1
5486,O24,Coculture,F20,5-FU,1.1,1.1,uM,1,False,31936,,False,True,O24:Coculture:F20:5-FU,10.17632/fypp6xhkjy.1
5487,O24,Coculture,F20,5-FU,1.1,1.1,uM,2,False,42188,,False,True,O24:Coculture:F20:5-FU,10.17632/fypp6xhkjy.1
5488,O24,Coculture,F20,5-FU,1.1,1.1,uM,3,False,39452,,False,True,O24:Coculture:F20:5-FU,10.17632/fypp6xhkjy.1
5489,O24,Coculture,F20,5-FU,2.5,2.5,uM,1,False,34314,,False,True,O24:Coculture:F20:5-FU,10.17632/fypp6xhkjy.1
5490,O24,Coculture,F20,5-FU,2.5,2.5,uM,2,False,29379,,False,True,O24:Coculture:F20:5-FU,10.17632/fypp6xhkjy.1
5491,O24,Coculture,F20,5-FU,2.5,2.5,uM,3,False,32372,,False,True,O24:Coculture:F20:5-FU,10.17632/fypp6xhkjy.1
5492,O24,Coculture,F20,5-FU,5.5,5.5,uM,1,False,23604,,False,True,O24:Coculture:F20:5-FU,10.17632/fypp6xhkjy.1
5493,O24,Coculture,F20,5-FU,5.5,5.5,uM,2,False,24460,,False,True,O24:Coculture:F20:5-FU,10.17632/fypp6xhkjy.1
5494,O24,Coculture,F20,5-FU,5.5,5.5,uM,3,False,27089,,False,True,O24:Coculture:F20:5-FU,10.17632/fypp6xhkjy.1
5495,O24,Coculture,F20,5-FU,12.2,12.2,uM,1,False,15476,,False,True,O24:Coculture:F20:5-FU,10.17632/fypp6xhkjy.1
5496,O24,Coculture,F20,5-FU,12.2,12.2,uM,2,False,15449,,False,True,O24:Coculture:F20:5-FU,10.17632/fypp6xhkjy.1
5497,O24,Coculture,F20,5-FU,12.2,12.2,uM,3,False,16630,,False,True,O24:Coculture:F20:5-FU,10.17632/fypp6xhkjy.1
5498,O24,Coculture,F20,5-FU,27.0,27.0,uM,1,False,11200,,False,True,O24:Coculture:F20:5-FU,10.17632/fypp6xhkjy.1
5499,O24,Coculture,F20,5-FU,27.0,27.0,uM,2,False,11108,,False,True,O24:Coculture:F20:5-FU,10.17632/fypp6xhkjy.1
5500,O24,Coculture,F20,5-FU,27.0,27.0,uM,3,False,11869,,False,True,O24:Coculture:F20:5-FU,10.17632/fypp6xhkjy.1
5501,O24,Coculture,F20,5-FU,60.0,60.0,uM,1,False,11635,,False,True,O24:Coculture:F20:5-FU,10.17632/fypp6xhkjy.1
5502,O24,Coculture,F20,5-FU,60.0,60.0,uM,2,False,11024,,False,True,O24:Coculture:F20:5-FU,10.17632/fypp6xhkjy.1
5503,O24,Coculture,F20,5-FU,60.0,60.0,uM,3,False,13140,,False,True,O24:Coculture:F20:5-FU,10.17632/fypp6xhkjy.1
5504,O24,Coculture,F20,Oxa,DMSO,0.0,uM,1,True,69590,,False,True,O24:Coculture:F20:Oxa,10.17632/fypp6xhkjy.1
5505,O24,Coculture,F20,Oxa,DMSO,0.0,uM,2,True,56982,,False,True,O24:Coculture:F20:Oxa,10.17632/fypp6xhkjy.1
5506,O24,Coculture,F20,Oxa,DMSO,0.0,uM,3,True,67654,,False,True,O24:Coculture:F20:Oxa,10.17632/fypp6xhkjy.1
5507,O24,Coculture,F20,Oxa,0.5,0.5,uM,1,False,40692,,False,True,O24:Coculture:F20:Oxa,10.17632/fypp6xhkjy.1
5508,O24,Coculture,F20,Oxa,0.5,0.5,uM,2,False,61120,,False,True,O24:Coculture:F20:Oxa,10.17632/fypp6xhkjy.1
5509,O24,Coculture,F20,Oxa,0.5,0.5,uM,3,False,47539,,False,True,O24:Coculture:F20:Oxa,10.17632/fypp6xhkjy.1
5510,O24,Coculture,F20,Oxa,1.1,1.1,uM,1,False,32075,,False,True,O24:Coculture:F20:Oxa,10.17632/fypp6xhkjy.1
5511,O24,Coculture,F20,Oxa,1.1,1.1,uM,2,False,40045,,False,True,O24:Coculture:F20:Oxa,10.17632/fypp6xhkjy.1
5512,O24,Coculture,F20,Oxa,1.1,1.1,uM,3,False,42946,,False,True,O24:Coculture:F20:Oxa,10.17632/fypp6xhkjy.1
5513,O24,Coculture,F20,Oxa,2.5,2.5,uM,1,False,35001,,False,True,O24:Coculture:F20:Oxa,10.17632/fypp6xhkjy.1
5514,O24,Coculture,F20,Oxa,2.5,2.5,uM,2,False,43809,,False,True,O24:Coculture:F20:Oxa,10.17632/fypp6xhkjy.1
5515,O24,Coculture,F20,Oxa,2.5,2.5,uM,3,False,29966,,False,True,O24:Coculture:F20:Oxa,10.17632/fypp6xhkjy.1
5516,O24,Coculture,F20,Oxa,5.5,5.5,uM,1,False,26686,,False,True,O24:Coculture:F20:Oxa,10.17632/fypp6xhkjy.1
5517,O24,Coculture,F20,Oxa,5.5,5.5,uM,2,False,19221,,False,True,O24:Coculture:F20:Oxa,10.17632/fypp6xhkjy.1
5518,O24,Coculture,F20,Oxa,5.5,5.5,uM,3,False,19826,,False,True,O24:Coculture:F20:Oxa,10.17632/fypp6xhkjy.1
5519,O24,Coculture,F20,Oxa,12.2,12.2,uM,1,False,12977,,False,True,O24:Coculture:F20:Oxa,10.17632/fypp6xhkjy.1
5520,O24,Coculture,F20,Oxa,12.2,12.2,uM,2,False,14437,,False,True,O24:Coculture:F20:Oxa,10.17632/fypp6xhkjy.1
5521,O24,Coculture,F20,Oxa,12.2,12.2,uM,3,False,14806,,False,True,O24:Coculture:F20:Oxa,10.17632/fypp6xhkjy.1
5522,O24,Coculture,F20,Oxa,27.0,27.0,uM,1,False,12110,,False,True,O24:Coculture:F20:Oxa,10.17632/fypp6xhkjy.1
5523,O24,Coculture,F20,Oxa,27.0,27.0,uM,2,False,11995,,False,True,O24:Coculture:F20:Oxa,10.17632/fypp6xhkjy.1
5524,O24,Coculture,F20,Oxa,27.0,27.0,uM,3,False,12342,,False,True,O24:Coculture:F20:Oxa,10.17632/fypp6xhkjy.1
5525,O24,Coculture,F20,Oxa,60.0,60.0,uM,1,False,9035,,False,True,O24:Coculture:F20:Oxa,10.17632/fypp6xhkjy.1
5526,O24,Coculture,F20,Oxa,60.0,60.0,uM,2,False,9884,,False,True,O24:Coculture:F20:Oxa,10.17632/fypp6xhkjy.1
5527,O24,Coculture,F20,Oxa,60.0,60.0,uM,3,False,9913,,False,True,O24:Coculture:F20:Oxa,10.17632/fypp6xhkjy.1
5528,O24,Coculture,F20,SN-38,DMSO,0.0,nM,1,True,55538,,False,True,O24:Coculture:F20:SN-38,10.17632/fypp6xhkjy.1
5529,O24,Coculture,F20,SN-38,DMSO,0.0,nM,2,True,61895,,False,True,O24:Coculture:F20:SN-38,10.17632/fypp6xhkjy.1
5530,O24,Coculture,F20,SN-38,DMSO,0.0,nM,3,True,50999,,False,True,O24:Coculture:F20:SN-38,10.17632/fypp6xhkjy.1
5531,O24,Coculture,F20,SN-38,0.1,0.1,nM,1,False,51218,,False,True,O24:Coculture:F20:SN-38,10.17632/fypp6xhkjy.1
5532,O24,Coculture,F20,SN-38,0.1,0.1,nM,2,False,48684,,False,True,O24:Coculture:F20:SN-38,10.17632/fypp6xhkjy.1
5533,O24,Coculture,F20,SN-38,0.1,0.1,nM,3,False,52521,,False,True,O24:Coculture:F20:SN-38,10.17632/fypp6xhkjy.1
5534,O24,Coculture,F20,SN-38,0.2,0.2,nM,1,False,48220,,False,True,O24:Coculture:F20:SN-38,10.17632/fypp6xhkjy.1
5535,O24,Coculture,F20,SN-38,0.2,0.2,nM,2,False,62511,,False,True,O24:Coculture:F20:SN-38,10.17632/fypp6xhkjy.1
5536,O24,Coculture,F20,SN-38,0.2,0.2,nM,3,False,42783,,False,True,O24:Coculture:F20:SN-38,10.17632/fypp6xhkjy.1
5537,O24,Coculture,F20,SN-38,0.4,0.4,nM,1,False,48963,,False,True,O24:Coculture:F20:SN-38,10.17632/fypp6xhkjy.1
5538,O24,Coculture,F20,SN-38,0.4,0.4,nM,2,False,55879,,False,True,O24:Coculture:F20:SN-38,10.17632/fypp6xhkjy.1
5539,O24,Coculture,F20,SN-38,0.4,0.4,nM,3,False,44082,,False,True,O24:Coculture:F20:SN-38,10.17632/fypp6xhkjy.1
5540,O24,Coculture,F20,SN-38,0.7,0.7,nM,1,False,73343,,False,True,O24:Coculture:F20:SN-38,10.17632/fypp6xhkjy.1
5541,O24,Coculture,F20,SN-38,0.7,0.7,nM,2,False,70994,,False,True,O24:Coculture:F20:SN-38,10.17632/fypp6xhkjy.1
5542,O24,Coculture,F20,SN-38,0.7,0.7,nM,3,False,37018,,False,True,O24:Coculture:F20:SN-38,10.17632/fypp6xhkjy.1
5543,O24,Coculture,F20,SN-38,1.4,1.4,nM,1,False,54286,,False,True,O24:Coculture:F20:SN-38,10.17632/fypp6xhkjy.1
5544,O24,Coculture,F20,SN-38,1.4,1.4,nM,2,False,65693,,False,True,O24:Coculture:F20:SN-38,10.17632/fypp6xhkjy.1
5545,O24,Coculture,F20,SN-38,1.4,1.4,nM,3,False,74261,,False,True,O24:Coculture:F20:SN-38,10.17632/fypp6xhkjy.1
5546,O24,Coculture,F20,SN-38,2.6,2.6,nM,1,False,53782,,False,True,O24:Coculture:F20:SN-38,10.17632/fypp6xhkjy.1
5547,O24,Coculture,F20,SN-38,2.6,2.6,nM,2,False,44349,,False,True,O24:Coculture:F20:SN-38,10.17632/fypp6xhkjy.1
5548,O24,Coculture,F20,SN-38,2.6,2.6,nM,3,False,39608,,False,True,O24:Coculture:F20:SN-38,10.17632/fypp6xhkjy.1
5549,O24,Coculture,F20,SN-38,5.0,5.0,nM,1,False,34431,,False,True,O24:Coculture:F20:SN-38,10.17632/fypp6xhkjy.1
5550,O24,Coculture,F20,SN-38,5.0,5.0,nM,2,False,21632,,False,True,O24:Coculture:F20:SN-38,10.17632/fypp6xhkjy.1
5551,O24,Coculture,F20,SN-38,5.0,5.0,nM,3,False,16629,,False,True,O24:Coculture:F20:SN-38,10.17632/fypp6xhkjy.1
5552,O24,Coculture,F20,Gef,DMSO,0.0,uM,1,True,57302,,False,True,O24:Coculture:F20:Gef,10.17632/fypp6xhkjy.1
5553,O24,Coculture,F20,Gef,DMSO,0.0,uM,2,True,47795,,False,True,O24:Coculture:F20:Gef,10.17632/fypp6xhkjy.1
5554,O24,Coculture,F20,Gef,DMSO,0.0,uM,3,True,48786,,False,True,O24:Coculture:F20:Gef,10.17632/fypp6xhkjy.1
5555,O24,Coculture,F20,Gef,0.01,0.01,uM,1,False,51630,,False,True,O24:Coculture:F20:Gef,10.17632/fypp6xhkjy.1
5556,O24,Coculture,F20,Gef,0.01,0.01,uM,2,False,55812,,False,True,O24:Coculture:F20:Gef,10.17632/fypp6xhkjy.1
5557,O24,Coculture,F20,Gef,0.01,0.01,uM,3,False,55484,,False,True,O24:Coculture:F20:Gef,10.17632/fypp6xhkjy.1
5558,O24,Coculture,F20,Gef,0.04,0.04,uM,1,False,41416,,False,True,O24:Coculture:F20:Gef,10.17632/fypp6xhkjy.1
5559,O24,Coculture,F20,Gef,0.04,0.04,uM,2,False,10774,seeding not uniform,False,False,O24:Coculture:F20:Gef,10.17632/fypp6xhkjy.1
5560,O24,Coculture,F20,Gef,0.04,0.04,uM,3,False,28354,,False,True,O24:Coculture:F20:Gef,10.17632/fypp6xhkjy.1
5561,O24,Coculture,F20,Gef,0.1,0.1,uM,1,False,36471,,False,True,O24:Coculture:F20:Gef,10.17632/fypp6xhkjy.1
5562,O24,Coculture,F20,Gef,0.1,0.1,uM,2,False,33170,,False,True,O24:Coculture:F20:Gef,10.17632/fypp6xhkjy.1
5563,O24,Coculture,F20,Gef,0.1,0.1,uM,3,False,32739,,False,True,O24:Coculture:F20:Gef,10.17632/fypp6xhkjy.1
5564,O24,Coculture,F20,Gef,0.4,0.4,uM,1,False,13336,,False,True,O24:Coculture:F20:Gef,10.17632/fypp6xhkjy.1
5565,O24,Coculture,F20,Gef,0.4,0.4,uM,2,False,10825,,False,True,O24:Coculture:F20:Gef,10.17632/fypp6xhkjy.1
5566,O24,Coculture,F20,Gef,0.4,0.4,uM,3,False,10615,,False,True,O24:Coculture:F20:Gef,10.17632/fypp6xhkjy.1
5567,O24,Coculture,F20,Gef,1.1,1.1,uM,1,False,5989,,False,True,O24:Coculture:F20:Gef,10.17632/fypp6xhkjy.1
5568,O24,Coculture,F20,Gef,1.1,1.1,uM,2,False,6544,,False,True,O24:Coculture:F20:Gef,10.17632/fypp6xhkjy.1
5569,O24,Coculture,F20,Gef,1.1,1.1,uM,3,False,5224,,False,True,O24:Coculture:F20:Gef,10.17632/fypp6xhkjy.1
5570,O24,Coculture,F20,Gef,3.3,3.3,uM,1,False,5199,,False,True,O24:Coculture:F20:Gef,10.17632/fypp6xhkjy.1
5571,O24,Coculture,F20,Gef,3.3,3.3,uM,2,False,3824,,False,True,O24:Coculture:F20:Gef,10.17632/fypp6xhkjy.1
5572,O24,Coculture,F20,Gef,3.3,3.3,uM,3,False,4889,,False,True,O24:Coculture:F20:Gef,10.17632/fypp6xhkjy.1
5573,O24,Coculture,F20,Gef,10.0,10.0,uM,1,False,3457,,False,True,O24:Coculture:F20:Gef,10.17632/fypp6xhkjy.1
5574,O24,Coculture,F20,Gef,10.0,10.0,uM,2,False,4730,,False,True,O24:Coculture:F20:Gef,10.17632/fypp6xhkjy.1
5575,O24,Coculture,F20,Gef,10.0,10.0,uM,3,False,3361,,False,True,O24:Coculture:F20:Gef,10.17632/fypp6xhkjy.1
5576,O25,Monoculture,,5-FU,DMSO,0.0,uM,1,True,2910,,True,False,O25:Monoculture::5-FU,10.17632/fypp6xhkjy.1
5577,O25,Monoculture,,5-FU,DMSO,0.0,uM,2,True,8349,,True,False,O25:Monoculture::5-FU,10.17632/fypp6xhkjy.1
5578,O25,Monoculture,,5-FU,DMSO,0.0,uM,3,True,7889,,True,False,O25:Monoculture::5-FU,10.17632/fypp6xhkjy.1
5579,O25,Monoculture,,5-FU,DMSO,0.0,uM,4,True,5416,,True,False,O25:Monoculture::5-FU,10.17632/fypp6xhkjy.1
5580,O25,Monoculture,,5-FU,DMSO,0.0,uM,4,True,4775,,True,False,O25:Monoculture::5-FU,10.17632/fypp6xhkjy.1
5581,O25,Monoculture,,5-FU,DMSO,0.0,uM,4,True,2938,,True,False,O25:Monoculture::5-FU,10.17632/fypp6xhkjy.1
5582,O25,Monoculture,,5-FU,0.5,0.5,uM,1,False,3562,,True,False,O25:Monoculture::5-FU,10.17632/fypp6xhkjy.1
5583,O25,Monoculture,,5-FU,0.5,0.5,uM,2,False,4633,,True,False,O25:Monoculture::5-FU,10.17632/fypp6xhkjy.1
5584,O25,Monoculture,,5-FU,0.5,0.5,uM,3,False,7544,seeding not uniform,True,False,O25:Monoculture::5-FU,10.17632/fypp6xhkjy.1
5585,O25,Monoculture,,5-FU,1.1,1.1,uM,1,False,4109,,True,False,O25:Monoculture::5-FU,10.17632/fypp6xhkjy.1
5586,O25,Monoculture,,5-FU,1.1,1.1,uM,2,False,4012,,True,False,O25:Monoculture::5-FU,10.17632/fypp6xhkjy.1
5587,O25,Monoculture,,5-FU,1.1,1.1,uM,3,False,2723,,True,False,O25:Monoculture::5-FU,10.17632/fypp6xhkjy.1
5588,O25,Monoculture,,5-FU,2.5,2.5,uM,1,False,4647,,True,False,O25:Monoculture::5-FU,10.17632/fypp6xhkjy.1
5589,O25,Monoculture,,5-FU,2.5,2.5,uM,2,False,2330,,True,False,O25:Monoculture::5-FU,10.17632/fypp6xhkjy.1
5590,O25,Monoculture,,5-FU,2.5,2.5,uM,3,False,2909,,True,False,O25:Monoculture::5-FU,10.17632/fypp6xhkjy.1
5591,O25,Monoculture,,5-FU,5.5,5.5,uM,1,False,2770,,True,False,O25:Monoculture::5-FU,10.17632/fypp6xhkjy.1
5592,O25,Monoculture,,5-FU,5.5,5.5,uM,2,False,1369,,True,False,O25:Monoculture::5-FU,10.17632/fypp6xhkjy.1
5593,O25,Monoculture,,5-FU,5.5,5.5,uM,3,False,2156,,True,False,O25:Monoculture::5-FU,10.17632/fypp6xhkjy.1
5594,O25,Monoculture,,5-FU,12.2,12.2,uM,1,False,2534,,True,False,O25:Monoculture::5-FU,10.17632/fypp6xhkjy.1
5595,O25,Monoculture,,5-FU,12.2,12.2,uM,2,False,1338,,True,False,O25:Monoculture::5-FU,10.17632/fypp6xhkjy.1
5596,O25,Monoculture,,5-FU,12.2,12.2,uM,3,False,1329,,True,False,O25:Monoculture::5-FU,10.17632/fypp6xhkjy.1
5597,O25,Monoculture,,5-FU,27.0,27.0,uM,1,False,828,,True,False,O25:Monoculture::5-FU,10.17632/fypp6xhkjy.1
5598,O25,Monoculture,,5-FU,27.0,27.0,uM,2,False,728,,True,False,O25:Monoculture::5-FU,10.17632/fypp6xhkjy.1
5599,O25,Monoculture,,5-FU,27.0,27.0,uM,3,False,474,,True,False,O25:Monoculture::5-FU,10.17632/fypp6xhkjy.1
5600,O25,Monoculture,,5-FU,60.0,60.0,uM,1,False,848,,True,False,O25:Monoculture::5-FU,10.17632/fypp6xhkjy.1
5601,O25,Monoculture,,5-FU,60.0,60.0,uM,2,False,871,,True,False,O25:Monoculture::5-FU,10.17632/fypp6xhkjy.1
5602,O25,Monoculture,,5-FU,60.0,60.0,uM,3,False,1070,,True,False,O25:Monoculture::5-FU,10.17632/fypp6xhkjy.1
5603,O25,Monoculture,,Oxa,DMSO,0.0,uM,1,True,5320,,False,True,O25:Monoculture::Oxa,10.17632/fypp6xhkjy.1
5604,O25,Monoculture,,Oxa,DMSO,0.0,uM,2,True,4965,,False,True,O25:Monoculture::Oxa,10.17632/fypp6xhkjy.1
5605,O25,Monoculture,,Oxa,DMSO,0.0,uM,3,True,2755,,False,True,O25:Monoculture::Oxa,10.17632/fypp6xhkjy.1
5606,O25,Monoculture,,Oxa,0.5,0.5,uM,1,False,1622,,False,True,O25:Monoculture::Oxa,10.17632/fypp6xhkjy.1
5607,O25,Monoculture,,Oxa,0.5,0.5,uM,2,False,2846,,False,True,O25:Monoculture::Oxa,10.17632/fypp6xhkjy.1
5608,O25,Monoculture,,Oxa,0.5,0.5,uM,3,False,2516,,False,True,O25:Monoculture::Oxa,10.17632/fypp6xhkjy.1
5609,O25,Monoculture,,Oxa,1.1,1.1,uM,1,False,1698,,False,True,O25:Monoculture::Oxa,10.17632/fypp6xhkjy.1
5610,O25,Monoculture,,Oxa,1.1,1.1,uM,2,False,1115,,False,True,O25:Monoculture::Oxa,10.17632/fypp6xhkjy.1
5611,O25,Monoculture,,Oxa,1.1,1.1,uM,3,False,1330,,False,True,O25:Monoculture::Oxa,10.17632/fypp6xhkjy.1
5612,O25,Monoculture,,Oxa,2.5,2.5,uM,1,False,736,,False,True,O25:Monoculture::Oxa,10.17632/fypp6xhkjy.1
5613,O25,Monoculture,,Oxa,2.5,2.5,uM,2,False,805,,False,True,O25:Monoculture::Oxa,10.17632/fypp6xhkjy.1
5614,O25,Monoculture,,Oxa,2.5,2.5,uM,3,False,836,,False,True,O25:Monoculture::Oxa,10.17632/fypp6xhkjy.1
5615,O25,Monoculture,,Oxa,5.5,5.5,uM,1,False,1037,,False,True,O25:Monoculture::Oxa,10.17632/fypp6xhkjy.1
5616,O25,Monoculture,,Oxa,5.5,5.5,uM,2,False,1020,,False,True,O25:Monoculture::Oxa,10.17632/fypp6xhkjy.1
5617,O25,Monoculture,,Oxa,5.5,5.5,uM,3,False,982,,False,True,O25:Monoculture::Oxa,10.17632/fypp6xhkjy.1
5618,O25,Monoculture,,Oxa,12.2,12.2,uM,1,False,1108,,False,True,O25:Monoculture::Oxa,10.17632/fypp6xhkjy.1
5619,O25,Monoculture,,Oxa,12.2,12.2,uM,2,False,1003,,False,True,O25:Monoculture::Oxa,10.17632/fypp6xhkjy.1
5620,O25,Monoculture,,Oxa,12.2,12.2,uM,3,False,999,,False,True,O25:Monoculture::Oxa,10.17632/fypp6xhkjy.1
5621,O25,Monoculture,,Oxa,27.0,27.0,uM,1,False,735,,False,True,O25:Monoculture::Oxa,10.17632/fypp6xhkjy.1
5622,O25,Monoculture,,Oxa,27.0,27.0,uM,2,False,734,,False,True,O25:Monoculture::Oxa,10.17632/fypp6xhkjy.1
5623,O25,Monoculture,,Oxa,27.0,27.0,uM,3,False,634,,False,True,O25:Monoculture::Oxa,10.17632/fypp6xhkjy.1
5624,O25,Monoculture,,Oxa,60.0,60.0,uM,1,False,591,,False,True,O25:Monoculture::Oxa,10.17632/fypp6xhkjy.1
5625,O25,Monoculture,,Oxa,60.0,60.0,uM,2,False,716,,False,True,O25:Monoculture::Oxa,10.17632/fypp6xhkjy.1
5626,O25,Monoculture,,Oxa,60.0,60.0,uM,3,False,645,,False,True,O25:Monoculture::Oxa,10.17632/fypp6xhkjy.1
5627,O25,Monoculture,,SN-38,DMSO,0.0,nM,1,True,30803,,False,True,O25:Monoculture::SN-38,10.17632/fypp6xhkjy.1
5628,O25,Monoculture,,SN-38,DMSO,0.0,nM,2,True,28570,,False,True,O25:Monoculture::SN-38,10.17632/fypp6xhkjy.1
5629,O25,Monoculture,,SN-38,DMSO,0.0,nM,3,True,22457,,False,True,O25:Monoculture::SN-38,10.17632/fypp6xhkjy.1
5630,O25,Monoculture,,SN-38,0.1,0.1,nM,1,False,38553,,False,True,O25:Monoculture::SN-38,10.17632/fypp6xhkjy.1
5631,O25,Monoculture,,SN-38,0.1,0.1,nM,2,False,27986,,False,True,O25:Monoculture::SN-38,10.17632/fypp6xhkjy.1
5632,O25,Monoculture,,SN-38,0.1,0.1,nM,3,False,20678,,False,True,O25:Monoculture::SN-38,10.17632/fypp6xhkjy.1
5633,O25,Monoculture,,SN-38,0.1,0.1,nM,4,False,43968,,False,True,O25:Monoculture::SN-38,10.17632/fypp6xhkjy.1
5634,O25,Monoculture,,SN-38,0.2,0.2,nM,1,False,35977,,False,True,O25:Monoculture::SN-38,10.17632/fypp6xhkjy.1
5635,O25,Monoculture,,SN-38,0.2,0.2,nM,2,False,21861,,False,True,O25:Monoculture::SN-38,10.17632/fypp6xhkjy.1
5636,O25,Monoculture,,SN-38,0.2,0.2,nM,3,False,37254,,False,True,O25:Monoculture::SN-38,10.17632/fypp6xhkjy.1
5637,O25,Monoculture,,SN-38,0.2,0.2,nM,4,False,13924,,False,True,O25:Monoculture::SN-38,10.17632/fypp6xhkjy.1
5638,O25,Monoculture,,SN-38,0.4,0.4,nM,1,False,27461,,False,True,O25:Monoculture::SN-38,10.17632/fypp6xhkjy.1
5639,O25,Monoculture,,SN-38,0.4,0.4,nM,2,False,10368,,False,True,O25:Monoculture::SN-38,10.17632/fypp6xhkjy.1
5640,O25,Monoculture,,SN-38,0.4,0.4,nM,3,False,13845,,False,True,O25:Monoculture::SN-38,10.17632/fypp6xhkjy.1
5641,O25,Monoculture,,SN-38,0.4,0.4,nM,4,False,32730,,False,True,O25:Monoculture::SN-38,10.17632/fypp6xhkjy.1
5642,O25,Monoculture,,SN-38,0.7,0.7,nM,1,False,19398,,False,True,O25:Monoculture::SN-38,10.17632/fypp6xhkjy.1
5643,O25,Monoculture,,SN-38,0.7,0.7,nM,2,False,19866,,False,True,O25:Monoculture::SN-38,10.17632/fypp6xhkjy.1
5644,O25,Monoculture,,SN-38,0.7,0.7,nM,3,False,178,cells lost,False,False,O25:Monoculture::SN-38,10.17632/fypp6xhkjy.1
5645,O25,Monoculture,,SN-38,0.7,0.7,nM,4,False,22808,,False,True,O25:Monoculture::SN-38,10.17632/fypp6xhkjy.1
5646,O25,Monoculture,,SN-38,1.4,1.4,nM,1,False,197,cells lost,False,False,O25:Monoculture::SN-38,10.17632/fypp6xhkjy.1
5647,O25,Monoculture,,SN-38,1.4,1.4,nM,2,False,171,cells lost,False,False,O25:Monoculture::SN-38,10.17632/fypp6xhkjy.1
5648,O25,Monoculture,,SN-38,1.4,1.4,nM,3,False,18910,,False,True,O25:Monoculture::SN-38,10.17632/fypp6xhkjy.1
5649,O25,Monoculture,,SN-38,1.4,1.4,nM,4,False,139,cells lost,False,False,O25:Monoculture::SN-38,10.17632/fypp6xhkjy.1
5650,O25,Monoculture,,SN-38,2.6,2.6,nM,1,False,1603,,False,True,O25:Monoculture::SN-38,10.17632/fypp6xhkjy.1
5651,O25,Monoculture,,SN-38,2.6,2.6,nM,2,False,8687,,False,True,O25:Monoculture::SN-38,10.17632/fypp6xhkjy.1
5652,O25,Monoculture,,SN-38,2.6,2.6,nM,3,False,11201,,False,True,O25:Monoculture::SN-38,10.17632/fypp6xhkjy.1
5653,O25,Monoculture,,SN-38,2.6,2.6,nM,4,False,117,cells lost,False,False,O25:Monoculture::SN-38,10.17632/fypp6xhkjy.1
5654,O25,Monoculture,,SN-38,5.0,5.0,nM,1,False,181,cells lost,False,False,O25:Monoculture::SN-38,10.17632/fypp6xhkjy.1
5655,O25,Monoculture,,SN-38,5.0,5.0,nM,2,False,16376,,False,True,O25:Monoculture::SN-38,10.17632/fypp6xhkjy.1
5656,O25,Monoculture,,SN-38,5.0,5.0,nM,3,False,13695,,False,True,O25:Monoculture::SN-38,10.17632/fypp6xhkjy.1
5657,O25,Monoculture,,SN-38,5.0,5.0,nM,4,False,184,cells lost,False,False,O25:Monoculture::SN-38,10.17632/fypp6xhkjy.1
5658,O25,Monoculture,,Gef,DMSO,0.0,uM,1,True,3078,,False,True,O25:Monoculture::Gef,10.17632/fypp6xhkjy.1
5659,O25,Monoculture,,Gef,DMSO,0.0,uM,2,True,2674,,False,True,O25:Monoculture::Gef,10.17632/fypp6xhkjy.1
5660,O25,Monoculture,,Gef,DMSO,0.0,uM,3,True,3163,,False,True,O25:Monoculture::Gef,10.17632/fypp6xhkjy.1
5661,O25,Monoculture,,Gef,0.01,0.01,uM,1,False,2491,,False,True,O25:Monoculture::Gef,10.17632/fypp6xhkjy.1
5662,O25,Monoculture,,Gef,0.01,0.01,uM,2,False,1719,,False,True,O25:Monoculture::Gef,10.17632/fypp6xhkjy.1
5663,O25,Monoculture,,Gef,0.01,0.01,uM,3,False,3340,,False,True,O25:Monoculture::Gef,10.17632/fypp6xhkjy.1
5664,O25,Monoculture,,Gef,0.04,0.04,uM,1,False,1416,,False,True,O25:Monoculture::Gef,10.17632/fypp6xhkjy.1
5665,O25,Monoculture,,Gef,0.04,0.04,uM,2,False,939,,False,True,O25:Monoculture::Gef,10.17632/fypp6xhkjy.1
5666,O25,Monoculture,,Gef,0.04,0.04,uM,3,False,933,,False,True,O25:Monoculture::Gef,10.17632/fypp6xhkjy.1
5667,O25,Monoculture,,Gef,0.1,0.1,uM,1,False,2131,,False,True,O25:Monoculture::Gef,10.17632/fypp6xhkjy.1
5668,O25,Monoculture,,Gef,0.1,0.1,uM,2,False,1271,,False,True,O25:Monoculture::Gef,10.17632/fypp6xhkjy.1
5669,O25,Monoculture,,Gef,0.1,0.1,uM,3,False,905,,False,True,O25:Monoculture::Gef,10.17632/fypp6xhkjy.1
5670,O25,Monoculture,,Gef,0.4,0.4,uM,1,False,1140,,False,True,O25:Monoculture::Gef,10.17632/fypp6xhkjy.1
5671,O25,Monoculture,,Gef,0.4,0.4,uM,2,False,1057,,False,True,O25:Monoculture::Gef,10.17632/fypp6xhkjy.1
5672,O25,Monoculture,,Gef,0.4,0.4,uM,3,False,633,,False,True,O25:Monoculture::Gef,10.17632/fypp6xhkjy.1
5673,O25,Monoculture,,Gef,1.1,1.1,uM,1,False,1175,,False,True,O25:Monoculture::Gef,10.17632/fypp6xhkjy.1
5674,O25,Monoculture,,Gef,1.1,1.1,uM,2,False,2120,,False,True,O25:Monoculture::Gef,10.17632/fypp6xhkjy.1
5675,O25,Monoculture,,Gef,1.1,1.1,uM,3,False,1479,,False,True,O25:Monoculture::Gef,10.17632/fypp6xhkjy.1
5676,O25,Monoculture,,Gef,3.3,3.3,uM,1,False,1417,,False,True,O25:Monoculture::Gef,10.17632/fypp6xhkjy.1
5677,O25,Monoculture,,Gef,3.3,3.3,uM,2,False,934,,False,True,O25:Monoculture::Gef,10.17632/fypp6xhkjy.1
5678,O25,Monoculture,,Gef,3.3,3.3,uM,3,False,1657,,False,True,O25:Monoculture::Gef,10.17632/fypp6xhkjy.1
5679,O25,Monoculture,,Gef,10.0,10.0,uM,1,False,237,,False,True,O25:Monoculture::Gef,10.17632/fypp6xhkjy.1
5680,O25,Monoculture,,Gef,10.0,10.0,uM,2,False,152,,False,True,O25:Monoculture::Gef,10.17632/fypp6xhkjy.1
5681,O25,Monoculture,,Gef,10.0,10.0,uM,3,False,154,,False,True,O25:Monoculture::Gef,10.17632/fypp6xhkjy.1
5682,O25,Coculture,F25,5-FU,DMSO,0.0,uM,1,True,45998,,False,True,O25:Coculture:F25:5-FU,10.17632/fypp6xhkjy.1
5683,O25,Coculture,F25,5-FU,DMSO,0.0,uM,2,True,29507,,False,True,O25:Coculture:F25:5-FU,10.17632/fypp6xhkjy.1
5684,O25,Coculture,F25,5-FU,DMSO,0.0,uM,3,True,74255,,False,True,O25:Coculture:F25:5-FU,10.17632/fypp6xhkjy.1
5685,O25,Coculture,F25,5-FU,DMSO,0.0,uM,4,True,48125,,False,True,O25:Coculture:F25:5-FU,10.17632/fypp6xhkjy.1
5686,O25,Coculture,F25,5-FU,DMSO,0.0,uM,5,True,37041,,False,True,O25:Coculture:F25:5-FU,10.17632/fypp6xhkjy.1
5687,O25,Coculture,F25,5-FU,DMSO,0.0,uM,6,True,52391,,False,True,O25:Coculture:F25:5-FU,10.17632/fypp6xhkjy.1
5688,O25,Coculture,F25,5-FU,0.5,0.5,uM,1,False,27173,,False,True,O25:Coculture:F25:5-FU,10.17632/fypp6xhkjy.1
5689,O25,Coculture,F25,5-FU,0.5,0.5,uM,2,False,32063,,False,True,O25:Coculture:F25:5-FU,10.17632/fypp6xhkjy.1
5690,O25,Coculture,F25,5-FU,0.5,0.5,uM,3,False,30083,,False,True,O25:Coculture:F25:5-FU,10.17632/fypp6xhkjy.1
5691,O25,Coculture,F25,5-FU,1.1,1.1,uM,1,False,41755,,False,True,O25:Coculture:F25:5-FU,10.17632/fypp6xhkjy.1
5692,O25,Coculture,F25,5-FU,1.1,1.1,uM,2,False,55089,,False,True,O25:Coculture:F25:5-FU,10.17632/fypp6xhkjy.1
5693,O25,Coculture,F25,5-FU,1.1,1.1,uM,3,False,22697,,False,True,O25:Coculture:F25:5-FU,10.17632/fypp6xhkjy.1
5694,O25,Coculture,F25,5-FU,2.5,2.5,uM,1,False,53789,,False,True,O25:Coculture:F25:5-FU,10.17632/fypp6xhkjy.1
5695,O25,Coculture,F25,5-FU,2.5,2.5,uM,2,False,15720,,False,True,O25:Coculture:F25:5-FU,10.17632/fypp6xhkjy.1
5696,O25,Coculture,F25,5-FU,2.5,2.5,uM,3,False,13760,,False,True,O25:Coculture:F25:5-FU,10.17632/fypp6xhkjy.1
5697,O25,Coculture,F25,5-FU,5.5,5.5,uM,1,False,24161,,False,True,O25:Coculture:F25:5-FU,10.17632/fypp6xhkjy.1
5698,O25,Coculture,F25,5-FU,5.5,5.5,uM,2,False,12161,,False,True,O25:Coculture:F25:5-FU,10.17632/fypp6xhkjy.1
5699,O25,Coculture,F25,5-FU,5.5,5.5,uM,3,False,7898,,False,True,O25:Coculture:F25:5-FU,10.17632/fypp6xhkjy.1
5700,O25,Coculture,F25,5-FU,12.2,12.2,uM,1,False,9586,,False,True,O25:Coculture:F25:5-FU,10.17632/fypp6xhkjy.1
5701,O25,Coculture,F25,5-FU,12.2,12.2,uM,2,False,6441,,False,True,O25:Coculture:F25:5-FU,10.17632/fypp6xhkjy.1
5702,O25,Coculture,F25,5-FU,12.2,12.2,uM,3,False,13510,,False,True,O25:Coculture:F25:5-FU,10.17632/fypp6xhkjy.1
5703,O25,Coculture,F25,5-FU,27.0,27.0,uM,1,False,10587,,False,True,O25:Coculture:F25:5-FU,10.17632/fypp6xhkjy.1
5704,O25,Coculture,F25,5-FU,27.0,27.0,uM,2,False,6468,,False,True,O25:Coculture:F25:5-FU,10.17632/fypp6xhkjy.1
5705,O25,Coculture,F25,5-FU,27.0,27.0,uM,3,False,5686,,False,True,O25:Coculture:F25:5-FU,10.17632/fypp6xhkjy.1
5706,O25,Coculture,F25,5-FU,60.0,60.0,uM,1,False,12894,,False,True,O25:Coculture:F25:5-FU,10.17632/fypp6xhkjy.1
5707,O25,Coculture,F25,5-FU,60.0,60.0,uM,2,False,11402,,False,True,O25:Coculture:F25:5-FU,10.17632/fypp6xhkjy.1
5708,O25,Coculture,F25,5-FU,60.0,60.0,uM,3,False,6021,,False,True,O25:Coculture:F25:5-FU,10.17632/fypp6xhkjy.1
5709,O25,Coculture,F25,Oxa,DMSO,0.0,uM,1,True,27966,,False,True,O25:Coculture:F25:Oxa,10.17632/fypp6xhkjy.1
5710,O25,Coculture,F25,Oxa,DMSO,0.0,uM,2,True,21906,,False,True,O25:Coculture:F25:Oxa,10.17632/fypp6xhkjy.1
5711,O25,Coculture,F25,Oxa,DMSO,0.0,uM,3,True,69062,,False,True,O25:Coculture:F25:Oxa,10.17632/fypp6xhkjy.1
5712,O25,Coculture,F25,Oxa,0.5,0.5,uM,1,False,14482,,False,True,O25:Coculture:F25:Oxa,10.17632/fypp6xhkjy.1
5713,O25,Coculture,F25,Oxa,0.5,0.5,uM,2,False,9792,,False,True,O25:Coculture:F25:Oxa,10.17632/fypp6xhkjy.1
5714,O25,Coculture,F25,Oxa,0.5,0.5,uM,3,False,9087,,False,True,O25:Coculture:F25:Oxa,10.17632/fypp6xhkjy.1
5715,O25,Coculture,F25,Oxa,1.1,1.1,uM,1,False,6094,,False,True,O25:Coculture:F25:Oxa,10.17632/fypp6xhkjy.1
5716,O25,Coculture,F25,Oxa,1.1,1.1,uM,2,False,9296,,False,True,O25:Coculture:F25:Oxa,10.17632/fypp6xhkjy.1
5717,O25,Coculture,F25,Oxa,1.1,1.1,uM,3,False,12463,,False,True,O25:Coculture:F25:Oxa,10.17632/fypp6xhkjy.1
5718,O25,Coculture,F25,Oxa,2.5,2.5,uM,1,False,9598,,False,True,O25:Coculture:F25:Oxa,10.17632/fypp6xhkjy.1
5719,O25,Coculture,F25,Oxa,2.5,2.5,uM,2,False,8441,,False,True,O25:Coculture:F25:Oxa,10.17632/fypp6xhkjy.1
5720,O25,Coculture,F25,Oxa,2.5,2.5,uM,3,False,6097,,False,True,O25:Coculture:F25:Oxa,10.17632/fypp6xhkjy.1
5721,O25,Coculture,F25,Oxa,5.5,5.5,uM,1,False,4234,,False,True,O25:Coculture:F25:Oxa,10.17632/fypp6xhkjy.1
5722,O25,Coculture,F25,Oxa,5.5,5.5,uM,2,False,5918,,False,True,O25:Coculture:F25:Oxa,10.17632/fypp6xhkjy.1
5723,O25,Coculture,F25,Oxa,5.5,5.5,uM,3,False,17036,,False,True,O25:Coculture:F25:Oxa,10.17632/fypp6xhkjy.1
5724,O25,Coculture,F25,Oxa,12.2,12.2,uM,1,False,4774,,False,True,O25:Coculture:F25:Oxa,10.17632/fypp6xhkjy.1
5725,O25,Coculture,F25,Oxa,12.2,12.2,uM,2,False,11930,,False,True,O25:Coculture:F25:Oxa,10.17632/fypp6xhkjy.1
5726,O25,Coculture,F25,Oxa,12.2,12.2,uM,3,False,7859,,False,True,O25:Coculture:F25:Oxa,10.17632/fypp6xhkjy.1
5727,O25,Coculture,F25,Oxa,27.0,27.0,uM,1,False,4055,,False,True,O25:Coculture:F25:Oxa,10.17632/fypp6xhkjy.1
5728,O25,Coculture,F25,Oxa,27.0,27.0,uM,2,False,4418,,False,True,O25:Coculture:F25:Oxa,10.17632/fypp6xhkjy.1
5729,O25,Coculture,F25,Oxa,27.0,27.0,uM,3,False,4494,,False,True,O25:Coculture:F25:Oxa,10.17632/fypp6xhkjy.1
5730,O25,Coculture,F25,Oxa,60.0,60.0,uM,1,False,4018,,False,True,O25:Coculture:F25:Oxa,10.17632/fypp6xhkjy.1
5731,O25,Coculture,F25,Oxa,60.0,60.0,uM,2,False,2964,,False,True,O25:Coculture:F25:Oxa,10.17632/fypp6xhkjy.1
5732,O25,Coculture,F25,Oxa,60.0,60.0,uM,3,False,6238,,False,True,O25:Coculture:F25:Oxa,10.17632/fypp6xhkjy.1
5733,O25,Coculture,F25,SN-38,DMSO,0.0,nM,1,True,34948,,False,True,O25:Coculture:F25:SN-38,10.17632/fypp6xhkjy.1
5734,O25,Coculture,F25,SN-38,DMSO,0.0,nM,2,True,66092,,False,True,O25:Coculture:F25:SN-38,10.17632/fypp6xhkjy.1
5735,O25,Coculture,F25,SN-38,DMSO,0.0,nM,3,True,62315,,False,True,O25:Coculture:F25:SN-38,10.17632/fypp6xhkjy.1
5736,O25,Coculture,F25,SN-38,0.1,0.1,nM,1,False,68832,,False,True,O25:Coculture:F25:SN-38,10.17632/fypp6xhkjy.1
5737,O25,Coculture,F25,SN-38,0.1,0.1,nM,2,False,94626,,False,True,O25:Coculture:F25:SN-38,10.17632/fypp6xhkjy.1
5738,O25,Coculture,F25,SN-38,0.1,0.1,nM,3,False,85500,,False,True,O25:Coculture:F25:SN-38,10.17632/fypp6xhkjy.1
5739,O25,Coculture,F25,SN-38,0.1,0.1,nM,4,False,77723,,False,True,O25:Coculture:F25:SN-38,10.17632/fypp6xhkjy.1
5740,O25,Coculture,F25,SN-38,0.2,0.2,nM,1,False,63730,,False,True,O25:Coculture:F25:SN-38,10.17632/fypp6xhkjy.1
5741,O25,Coculture,F25,SN-38,0.2,0.2,nM,2,False,56556,,False,True,O25:Coculture:F25:SN-38,10.17632/fypp6xhkjy.1
5742,O25,Coculture,F25,SN-38,0.2,0.2,nM,3,False,44283,,False,True,O25:Coculture:F25:SN-38,10.17632/fypp6xhkjy.1
5743,O25,Coculture,F25,SN-38,0.2,0.2,nM,4,False,51959,,False,True,O25:Coculture:F25:SN-38,10.17632/fypp6xhkjy.1
5744,O25,Coculture,F25,SN-38,0.4,0.4,nM,1,False,67721,,False,True,O25:Coculture:F25:SN-38,10.17632/fypp6xhkjy.1
5745,O25,Coculture,F25,SN-38,0.4,0.4,nM,2,False,67527,,False,True,O25:Coculture:F25:SN-38,10.17632/fypp6xhkjy.1
5746,O25,Coculture,F25,SN-38,0.4,0.4,nM,3,False,79559,,False,True,O25:Coculture:F25:SN-38,10.17632/fypp6xhkjy.1
5747,O25,Coculture,F25,SN-38,0.4,0.4,nM,4,False,293,cells lost,False,False,O25:Coculture:F25:SN-38,10.17632/fypp6xhkjy.1
5748,O25,Coculture,F25,SN-38,0.7,0.7,nM,1,False,414,cells lost,False,False,O25:Coculture:F25:SN-38,10.17632/fypp6xhkjy.1
5749,O25,Coculture,F25,SN-38,0.7,0.7,nM,2,False,46147,,False,True,O25:Coculture:F25:SN-38,10.17632/fypp6xhkjy.1
5750,O25,Coculture,F25,SN-38,0.7,0.7,nM,3,False,54440,,False,True,O25:Coculture:F25:SN-38,10.17632/fypp6xhkjy.1
5751,O25,Coculture,F25,SN-38,0.7,0.7,nM,4,False,203,cells lost,False,False,O25:Coculture:F25:SN-38,10.17632/fypp6xhkjy.1
5752,O25,Coculture,F25,SN-38,1.4,1.4,nM,1,False,72498,,False,True,O25:Coculture:F25:SN-38,10.17632/fypp6xhkjy.1
5753,O25,Coculture,F25,SN-38,1.4,1.4,nM,2,False,69925,,False,True,O25:Coculture:F25:SN-38,10.17632/fypp6xhkjy.1
5754,O25,Coculture,F25,SN-38,1.4,1.4,nM,3,False,41324,,False,True,O25:Coculture:F25:SN-38,10.17632/fypp6xhkjy.1
5755,O25,Coculture,F25,SN-38,1.4,1.4,nM,4,False,193,cells lost,False,False,O25:Coculture:F25:SN-38,10.17632/fypp6xhkjy.1
5756,O25,Coculture,F25,SN-38,2.6,2.6,nM,1,False,34897,,False,True,O25:Coculture:F25:SN-38,10.17632/fypp6xhkjy.1
5757,O25,Coculture,F25,SN-38,2.6,2.6,nM,2,False,35249,,False,True,O25:Coculture:F25:SN-38,10.17632/fypp6xhkjy.1
5758,O25,Coculture,F25,SN-38,2.6,2.6,nM,3,False,40362,,False,True,O25:Coculture:F25:SN-38,10.17632/fypp6xhkjy.1
5759,O25,Coculture,F25,SN-38,2.6,2.6,nM,4,False,42881,,False,True,O25:Coculture:F25:SN-38,10.17632/fypp6xhkjy.1
5760,O25,Coculture,F25,SN-38,5.0,5.0,nM,1,False,68266,seeding not uniform,False,False,O25:Coculture:F25:SN-38,10.17632/fypp6xhkjy.1
5761,O25,Coculture,F25,SN-38,5.0,5.0,nM,2,False,36628,,False,True,O25:Coculture:F25:SN-38,10.17632/fypp6xhkjy.1
5762,O25,Coculture,F25,SN-38,5.0,5.0,nM,3,False,15017,,False,True,O25:Coculture:F25:SN-38,10.17632/fypp6xhkjy.1
5763,O25,Coculture,F25,SN-38,5.0,5.0,nM,4,False,244,cells lost,False,False,O25:Coculture:F25:SN-38,10.17632/fypp6xhkjy.1
5764,O25,Coculture,F25,Gef,DMSO,0.0,uM,1,True,45784,,False,True,O25:Coculture:F25:Gef,10.17632/fypp6xhkjy.1
5765,O25,Coculture,F25,Gef,DMSO,0.0,uM,2,True,55169,,False,True,O25:Coculture:F25:Gef,10.17632/fypp6xhkjy.1
5766,O25,Coculture,F25,Gef,DMSO,0.0,uM,3,True,17017,seeding not uniform,False,False,O25:Coculture:F25:Gef,10.17632/fypp6xhkjy.1
5767,O25,Coculture,F25,Gef,0.01,0.01,uM,1,False,79914,,False,True,O25:Coculture:F25:Gef,10.17632/fypp6xhkjy.1
5768,O25,Coculture,F25,Gef,0.01,0.01,uM,2,False,40004,,False,True,O25:Coculture:F25:Gef,10.17632/fypp6xhkjy.1
5769,O25,Coculture,F25,Gef,0.01,0.01,uM,3,False,29861,,False,True,O25:Coculture:F25:Gef,10.17632/fypp6xhkjy.1
5770,O25,Coculture,F25,Gef,0.04,0.04,uM,1,False,68532,,False,True,O25:Coculture:F25:Gef,10.17632/fypp6xhkjy.1
5771,O25,Coculture,F25,Gef,0.04,0.04,uM,2,False,54748,,False,True,O25:Coculture:F25:Gef,10.17632/fypp6xhkjy.1
5772,O25,Coculture,F25,Gef,0.04,0.04,uM,3,False,23963,,False,True,O25:Coculture:F25:Gef,10.17632/fypp6xhkjy.1
5773,O25,Coculture,F25,Gef,0.1,0.1,uM,1,False,31279,,False,True,O25:Coculture:F25:Gef,10.17632/fypp6xhkjy.1
5774,O25,Coculture,F25,Gef,0.1,0.1,uM,2,False,15655,,False,True,O25:Coculture:F25:Gef,10.17632/fypp6xhkjy.1
5775,O25,Coculture,F25,Gef,0.1,0.1,uM,3,False,8728,,False,True,O25:Coculture:F25:Gef,10.17632/fypp6xhkjy.1
5776,O25,Coculture,F25,Gef,0.4,0.4,uM,1,False,22071,,False,True,O25:Coculture:F25:Gef,10.17632/fypp6xhkjy.1
5777,O25,Coculture,F25,Gef,0.4,0.4,uM,2,False,26525,,False,True,O25:Coculture:F25:Gef,10.17632/fypp6xhkjy.1
5778,O25,Coculture,F25,Gef,0.4,0.4,uM,3,False,7679,,False,True,O25:Coculture:F25:Gef,10.17632/fypp6xhkjy.1
5779,O25,Coculture,F25,Gef,1.1,1.1,uM,1,False,9964,,False,True,O25:Coculture:F25:Gef,10.17632/fypp6xhkjy.1
5780,O25,Coculture,F25,Gef,1.1,1.1,uM,2,False,20315,,False,True,O25:Coculture:F25:Gef,10.17632/fypp6xhkjy.1
5781,O25,Coculture,F25,Gef,1.1,1.1,uM,3,False,16005,,False,True,O25:Coculture:F25:Gef,10.17632/fypp6xhkjy.1
5782,O25,Coculture,F25,Gef,3.3,3.3,uM,1,False,5572,,False,True,O25:Coculture:F25:Gef,10.17632/fypp6xhkjy.1
5783,O25,Coculture,F25,Gef,3.3,3.3,uM,2,False,5938,,False,True,O25:Coculture:F25:Gef,10.17632/fypp6xhkjy.1
5784,O25,Coculture,F25,Gef,3.3,3.3,uM,3,False,10511,,False,True,O25:Coculture:F25:Gef,10.17632/fypp6xhkjy.1
5785,O25,Coculture,F25,Gef,10.0,10.0,uM,1,False,1789,,False,True,O25:Coculture:F25:Gef,10.17632/fypp6xhkjy.1
5786,O25,Coculture,F25,Gef,10.0,10.0,uM,2,False,2827,,False,True,O25:Coculture:F25:Gef,10.17632/fypp6xhkjy.1
5787,O25,Coculture,F25,Gef,10.0,10.0,uM,3,False,3539,,False,True,O25:Coculture:F25:Gef,10.17632/fypp6xhkjy.1
5788,O26,Monoculture,,5-FU,DMSO,0.0,uM,1,True,26309,,False,True,O26:Monoculture::5-FU,10.17632/fypp6xhkjy.1
5789,O26,Monoculture,,5-FU,DMSO,0.0,uM,2,True,26926,,False,True,O26:Monoculture::5-FU,10.17632/fypp6xhkjy.1
5790,O26,Monoculture,,5-FU,DMSO,0.0,uM,3,True,32963,,False,True,O26:Monoculture::5-FU,10.17632/fypp6xhkjy.1
5791,O26,Monoculture,,5-FU,0.5,0.5,uM,1,False,52566,,False,True,O26:Monoculture::5-FU,10.17632/fypp6xhkjy.1
5792,O26,Monoculture,,5-FU,0.5,0.5,uM,2,False,42365,,False,True,O26:Monoculture::5-FU,10.17632/fypp6xhkjy.1
5793,O26,Monoculture,,5-FU,0.5,0.5,uM,3,False,61233,,False,True,O26:Monoculture::5-FU,10.17632/fypp6xhkjy.1
5794,O26,Monoculture,,5-FU,1.1,1.1,uM,1,False,52401,,False,True,O26:Monoculture::5-FU,10.17632/fypp6xhkjy.1
5795,O26,Monoculture,,5-FU,1.1,1.1,uM,2,False,62552,,False,True,O26:Monoculture::5-FU,10.17632/fypp6xhkjy.1
5796,O26,Monoculture,,5-FU,1.1,1.1,uM,3,False,64800,,False,True,O26:Monoculture::5-FU,10.17632/fypp6xhkjy.1
5797,O26,Monoculture,,5-FU,2.5,2.5,uM,1,False,89358,seeding not uniform,False,False,O26:Monoculture::5-FU,10.17632/fypp6xhkjy.1
5798,O26,Monoculture,,5-FU,2.5,2.5,uM,2,False,40618,,False,True,O26:Monoculture::5-FU,10.17632/fypp6xhkjy.1
5799,O26,Monoculture,,5-FU,2.5,2.5,uM,3,False,33884,,False,True,O26:Monoculture::5-FU,10.17632/fypp6xhkjy.1
5800,O26,Monoculture,,5-FU,5.5,5.5,uM,1,False,39488,,False,True,O26:Monoculture::5-FU,10.17632/fypp6xhkjy.1
5801,O26,Monoculture,,5-FU,5.5,5.5,uM,2,False,30997,,False,True,O26:Monoculture::5-FU,10.17632/fypp6xhkjy.1
5802,O26,Monoculture,,5-FU,5.5,5.5,uM,3,False,70321,seeding not uniform,False,False,O26:Monoculture::5-FU,10.17632/fypp6xhkjy.1
5803,O26,Monoculture,,5-FU,12.2,12.2,uM,1,False,18349,,False,True,O26:Monoculture::5-FU,10.17632/fypp6xhkjy.1
5804,O26,Monoculture,,5-FU,12.2,12.2,uM,2,False,20078,,False,True,O26:Monoculture::5-FU,10.17632/fypp6xhkjy.1
5805,O26,Monoculture,,5-FU,12.2,12.2,uM,3,False,38250,,False,True,O26:Monoculture::5-FU,10.17632/fypp6xhkjy.1
5806,O26,Monoculture,,5-FU,27.0,27.0,uM,1,False,25103,,False,True,O26:Monoculture::5-FU,10.17632/fypp6xhkjy.1
5807,O26,Monoculture,,5-FU,27.0,27.0,uM,2,False,16953,,False,True,O26:Monoculture::5-FU,10.17632/fypp6xhkjy.1
5808,O26,Monoculture,,5-FU,27.0,27.0,uM,3,False,64204,seeding not uniform,False,False,O26:Monoculture::5-FU,10.17632/fypp6xhkjy.1
5809,O26,Monoculture,,5-FU,60.0,60.0,uM,1,False,20093,,False,True,O26:Monoculture::5-FU,10.17632/fypp6xhkjy.1
5810,O26,Monoculture,,5-FU,60.0,60.0,uM,2,False,19815,,False,True,O26:Monoculture::5-FU,10.17632/fypp6xhkjy.1
5811,O26,Monoculture,,5-FU,60.0,60.0,uM,3,False,7081,,False,True,O26:Monoculture::5-FU,10.17632/fypp6xhkjy.1
5812,O26,Monoculture,,Oxa,DMSO,0.0,uM,1,True,55387,,False,True,O26:Monoculture::Oxa,10.17632/fypp6xhkjy.1
5813,O26,Monoculture,,Oxa,DMSO,0.0,uM,2,True,35702,,False,True,O26:Monoculture::Oxa,10.17632/fypp6xhkjy.1
5814,O26,Monoculture,,Oxa,DMSO,0.0,uM,3,True,50393,,False,True,O26:Monoculture::Oxa,10.17632/fypp6xhkjy.1
5815,O26,Monoculture,,Oxa,0.5,0.5,uM,1,False,53221,,False,True,O26:Monoculture::Oxa,10.17632/fypp6xhkjy.1
5816,O26,Monoculture,,Oxa,0.5,0.5,uM,2,False,81493,,False,True,O26:Monoculture::Oxa,10.17632/fypp6xhkjy.1
5817,O26,Monoculture,,Oxa,0.5,0.5,uM,3,False,41919,,False,True,O26:Monoculture::Oxa,10.17632/fypp6xhkjy.1
5818,O26,Monoculture,,Oxa,1.1,1.1,uM,1,False,40783,,False,True,O26:Monoculture::Oxa,10.17632/fypp6xhkjy.1
5819,O26,Monoculture,,Oxa,1.1,1.1,uM,2,False,61140,,False,True,O26:Monoculture::Oxa,10.17632/fypp6xhkjy.1
5820,O26,Monoculture,,Oxa,1.1,1.1,uM,3,False,57542,,False,True,O26:Monoculture::Oxa,10.17632/fypp6xhkjy.1
5821,O26,Monoculture,,Oxa,2.5,2.5,uM,1,False,39349,,False,True,O26:Monoculture::Oxa,10.17632/fypp6xhkjy.1
5822,O26,Monoculture,,Oxa,2.5,2.5,uM,2,False,28910,,False,True,O26:Monoculture::Oxa,10.17632/fypp6xhkjy.1
5823,O26,Monoculture,,Oxa,2.5,2.5,uM,3,False,44804,,False,True,O26:Monoculture::Oxa,10.17632/fypp6xhkjy.1
5824,O26,Monoculture,,Oxa,5.5,5.5,uM,1,False,27252,,False,True,O26:Monoculture::Oxa,10.17632/fypp6xhkjy.1
5825,O26,Monoculture,,Oxa,5.5,5.5,uM,2,False,15654,,False,True,O26:Monoculture::Oxa,10.17632/fypp6xhkjy.1
5826,O26,Monoculture,,Oxa,5.5,5.5,uM,3,False,19438,,False,True,O26:Monoculture::Oxa,10.17632/fypp6xhkjy.1
5827,O26,Monoculture,,Oxa,12.2,12.2,uM,1,False,14369,,False,True,O26:Monoculture::Oxa,10.17632/fypp6xhkjy.1
5828,O26,Monoculture,,Oxa,12.2,12.2,uM,2,False,16197,,False,True,O26:Monoculture::Oxa,10.17632/fypp6xhkjy.1
5829,O26,Monoculture,,Oxa,12.2,12.2,uM,3,False,15874,,False,True,O26:Monoculture::Oxa,10.17632/fypp6xhkjy.1
5830,O26,Monoculture,,Oxa,27.0,27.0,uM,1,False,9393,,False,True,O26:Monoculture::Oxa,10.17632/fypp6xhkjy.1
5831,O26,Monoculture,,Oxa,27.0,27.0,uM,2,False,7881,,False,True,O26:Monoculture::Oxa,10.17632/fypp6xhkjy.1
5832,O26,Monoculture,,Oxa,27.0,27.0,uM,3,False,5990,,False,True,O26:Monoculture::Oxa,10.17632/fypp6xhkjy.1
5833,O26,Monoculture,,Oxa,60.0,60.0,uM,1,False,2761,,False,True,O26:Monoculture::Oxa,10.17632/fypp6xhkjy.1
5834,O26,Monoculture,,Oxa,60.0,60.0,uM,2,False,3622,,False,True,O26:Monoculture::Oxa,10.17632/fypp6xhkjy.1
5835,O26,Monoculture,,Oxa,60.0,60.0,uM,3,False,92,,False,True,O26:Monoculture::Oxa,10.17632/fypp6xhkjy.1
5836,O26,Monoculture,,SN-38,DMSO,0.0,nM,1,True,54771,,False,True,O26:Monoculture::SN-38,10.17632/fypp6xhkjy.1
5837,O26,Monoculture,,SN-38,DMSO,0.0,nM,2,True,46578,,False,True,O26:Monoculture::SN-38,10.17632/fypp6xhkjy.1
5838,O26,Monoculture,,SN-38,DMSO,0.0,nM,3,True,56056,,False,True,O26:Monoculture::SN-38,10.17632/fypp6xhkjy.1
5839,O26,Monoculture,,SN-38,0.1,0.1,nM,1,False,57424,,False,True,O26:Monoculture::SN-38,10.17632/fypp6xhkjy.1
5840,O26,Monoculture,,SN-38,0.1,0.1,nM,2,False,42337,,False,True,O26:Monoculture::SN-38,10.17632/fypp6xhkjy.1
5841,O26,Monoculture,,SN-38,0.1,0.1,nM,3,False,52963,,False,True,O26:Monoculture::SN-38,10.17632/fypp6xhkjy.1
5842,O26,Monoculture,,SN-38,0.2,0.2,nM,1,False,66850,,False,True,O26:Monoculture::SN-38,10.17632/fypp6xhkjy.1
5843,O26,Monoculture,,SN-38,0.2,0.2,nM,2,False,47384,,False,True,O26:Monoculture::SN-38,10.17632/fypp6xhkjy.1
5844,O26,Monoculture,,SN-38,0.2,0.2,nM,3,False,51823,,False,True,O26:Monoculture::SN-38,10.17632/fypp6xhkjy.1
5845,O26,Monoculture,,SN-38,0.4,0.4,nM,1,False,46762,,False,True,O26:Monoculture::SN-38,10.17632/fypp6xhkjy.1
5846,O26,Monoculture,,SN-38,0.4,0.4,nM,2,False,125578,seeding not uniform,False,False,O26:Monoculture::SN-38,10.17632/fypp6xhkjy.1
5847,O26,Monoculture,,SN-38,0.4,0.4,nM,3,False,70326,,False,True,O26:Monoculture::SN-38,10.17632/fypp6xhkjy.1
5848,O26,Monoculture,,SN-38,0.7,0.7,nM,1,False,45022,,False,True,O26:Monoculture::SN-38,10.17632/fypp6xhkjy.1
5849,O26,Monoculture,,SN-38,0.7,0.7,nM,2,False,67183,,False,True,O26:Monoculture::SN-38,10.17632/fypp6xhkjy.1
5850,O26,Monoculture,,SN-38,0.7,0.7,nM,3,False,63144,,False,True,O26:Monoculture::SN-38,10.17632/fypp6xhkjy.1
5851,O26,Monoculture,,SN-38,1.4,1.4,nM,1,False,20910,,False,True,O26:Monoculture::SN-38,10.17632/fypp6xhkjy.1
5852,O26,Monoculture,,SN-38,1.4,1.4,nM,2,False,20946,,False,True,O26:Monoculture::SN-38,10.17632/fypp6xhkjy.1
5853,O26,Monoculture,,SN-38,1.4,1.4,nM,3,False,29883,,False,True,O26:Monoculture::SN-38,10.17632/fypp6xhkjy.1
5854,O26,Monoculture,,SN-38,2.6,2.6,nM,1,False,9440,,False,True,O26:Monoculture::SN-38,10.17632/fypp6xhkjy.1
5855,O26,Monoculture,,SN-38,2.6,2.6,nM,2,False,12174,,False,True,O26:Monoculture::SN-38,10.17632/fypp6xhkjy.1
5856,O26,Monoculture,,SN-38,2.6,2.6,nM,3,False,17654,,False,True,O26:Monoculture::SN-38,10.17632/fypp6xhkjy.1
5857,O26,Monoculture,,SN-38,5.0,5.0,nM,1,False,6967,,False,True,O26:Monoculture::SN-38,10.17632/fypp6xhkjy.1
5858,O26,Monoculture,,SN-38,5.0,5.0,nM,2,False,6233,,False,True,O26:Monoculture::SN-38,10.17632/fypp6xhkjy.1
5859,O26,Monoculture,,SN-38,5.0,5.0,nM,3,False,240,,False,True,O26:Monoculture::SN-38,10.17632/fypp6xhkjy.1
5860,O26,Monoculture,,Gef,DMSO,0.0,uM,1,True,62837,,False,True,O26:Monoculture::Gef,10.17632/fypp6xhkjy.1
5861,O26,Monoculture,,Gef,DMSO,0.0,uM,2,True,26815,,False,True,O26:Monoculture::Gef,10.17632/fypp6xhkjy.1
5862,O26,Monoculture,,Gef,DMSO,0.0,uM,3,True,52890,,False,True,O26:Monoculture::Gef,10.17632/fypp6xhkjy.1
5863,O26,Monoculture,,Gef,0.01,0.01,uM,1,False,65575,,False,True,O26:Monoculture::Gef,10.17632/fypp6xhkjy.1
5864,O26,Monoculture,,Gef,0.01,0.01,uM,2,False,37696,,False,True,O26:Monoculture::Gef,10.17632/fypp6xhkjy.1
5865,O26,Monoculture,,Gef,0.01,0.01,uM,3,False,38837,,False,True,O26:Monoculture::Gef,10.17632/fypp6xhkjy.1
5866,O26,Monoculture,,Gef,0.04,0.04,uM,1,False,177436,seeding not uniform,False,False,O26:Monoculture::Gef,10.17632/fypp6xhkjy.1
5867,O26,Monoculture,,Gef,0.04,0.04,uM,2,False,39071,,False,True,O26:Monoculture::Gef,10.17632/fypp6xhkjy.1
5868,O26,Monoculture,,Gef,0.04,0.04,uM,3,False,31671,,False,True,O26:Monoculture::Gef,10.17632/fypp6xhkjy.1
5869,O26,Monoculture,,Gef,0.1,0.1,uM,1,False,28197,,False,True,O26:Monoculture::Gef,10.17632/fypp6xhkjy.1
5870,O26,Monoculture,,Gef,0.1,0.1,uM,2,False,13931,,False,True,O26:Monoculture::Gef,10.17632/fypp6xhkjy.1
5871,O26,Monoculture,,Gef,0.1,0.1,uM,3,False,24322,,False,True,O26:Monoculture::Gef,10.17632/fypp6xhkjy.1
5872,O26,Monoculture,,Gef,0.4,0.4,uM,1,False,10488,,False,True,O26:Monoculture::Gef,10.17632/fypp6xhkjy.1
5873,O26,Monoculture,,Gef,0.4,0.4,uM,2,False,7385,,False,True,O26:Monoculture::Gef,10.17632/fypp6xhkjy.1
5874,O26,Monoculture,,Gef,0.4,0.4,uM,3,False,5864,,False,True,O26:Monoculture::Gef,10.17632/fypp6xhkjy.1
5875,O26,Monoculture,,Gef,1.1,1.1,uM,1,False,6184,,False,True,O26:Monoculture::Gef,10.17632/fypp6xhkjy.1
5876,O26,Monoculture,,Gef,1.1,1.1,uM,2,False,8456,,False,True,O26:Monoculture::Gef,10.17632/fypp6xhkjy.1
5877,O26,Monoculture,,Gef,1.1,1.1,uM,3,False,6603,,False,True,O26:Monoculture::Gef,10.17632/fypp6xhkjy.1
5878,O26,Monoculture,,Gef,3.3,3.3,uM,1,False,7120,,False,True,O26:Monoculture::Gef,10.17632/fypp6xhkjy.1
5879,O26,Monoculture,,Gef,3.3,3.3,uM,2,False,6542,,False,True,O26:Monoculture::Gef,10.17632/fypp6xhkjy.1
5880,O26,Monoculture,,Gef,3.3,3.3,uM,3,False,5028,,False,True,O26:Monoculture::Gef,10.17632/fypp6xhkjy.1
5881,O26,Monoculture,,Gef,10.0,10.0,uM,1,False,6286,,False,True,O26:Monoculture::Gef,10.17632/fypp6xhkjy.1
5882,O26,Monoculture,,Gef,10.0,10.0,uM,2,False,4212,,False,True,O26:Monoculture::Gef,10.17632/fypp6xhkjy.1
5883,O26,Monoculture,,Gef,10.0,10.0,uM,3,False,3608,,False,True,O26:Monoculture::Gef,10.17632/fypp6xhkjy.1
5884,O26,Coculture,F26,5-FU,DMSO,0.0,uM,1,True,82962,,False,True,O26:Coculture:F26:5-FU,10.17632/fypp6xhkjy.1
5885,O26,Coculture,F26,5-FU,DMSO,0.0,uM,2,True,117048,,False,True,O26:Coculture:F26:5-FU,10.17632/fypp6xhkjy.1
5886,O26,Coculture,F26,5-FU,DMSO,0.0,uM,3,True,101461,,False,True,O26:Coculture:F26:5-FU,10.17632/fypp6xhkjy.1
5887,O26,Coculture,F26,5-FU,0.5,0.5,uM,1,False,101436,,False,True,O26:Coculture:F26:5-FU,10.17632/fypp6xhkjy.1
5888,O26,Coculture,F26,5-FU,0.5,0.5,uM,2,False,146152,,False,True,O26:Coculture:F26:5-FU,10.17632/fypp6xhkjy.1
5889,O26,Coculture,F26,5-FU,0.5,0.5,uM,3,False,121129,,False,True,O26:Coculture:F26:5-FU,10.17632/fypp6xhkjy.1
5890,O26,Coculture,F26,5-FU,1.1,1.1,uM,1,False,66176,,False,True,O26:Coculture:F26:5-FU,10.17632/fypp6xhkjy.1
5891,O26,Coculture,F26,5-FU,1.1,1.1,uM,2,False,116503,,False,True,O26:Coculture:F26:5-FU,10.17632/fypp6xhkjy.1
5892,O26,Coculture,F26,5-FU,1.1,1.1,uM,3,False,63264,,False,True,O26:Coculture:F26:5-FU,10.17632/fypp6xhkjy.1
5893,O26,Coculture,F26,5-FU,2.5,2.5,uM,1,False,51630,,False,True,O26:Coculture:F26:5-FU,10.17632/fypp6xhkjy.1
5894,O26,Coculture,F26,5-FU,2.5,2.5,uM,2,False,50671,,False,True,O26:Coculture:F26:5-FU,10.17632/fypp6xhkjy.1
5895,O26,Coculture,F26,5-FU,2.5,2.5,uM,3,False,46983,,False,True,O26:Coculture:F26:5-FU,10.17632/fypp6xhkjy.1
5896,O26,Coculture,F26,5-FU,5.5,5.5,uM,1,False,39446,,False,True,O26:Coculture:F26:5-FU,10.17632/fypp6xhkjy.1
5897,O26,Coculture,F26,5-FU,5.5,5.5,uM,2,False,45031,,False,True,O26:Coculture:F26:5-FU,10.17632/fypp6xhkjy.1
5898,O26,Coculture,F26,5-FU,5.5,5.5,uM,3,False,44684,,False,True,O26:Coculture:F26:5-FU,10.17632/fypp6xhkjy.1
5899,O26,Coculture,F26,5-FU,12.2,12.2,uM,1,False,28518,,False,True,O26:Coculture:F26:5-FU,10.17632/fypp6xhkjy.1
5900,O26,Coculture,F26,5-FU,12.2,12.2,uM,2,False,28662,,False,True,O26:Coculture:F26:5-FU,10.17632/fypp6xhkjy.1
5901,O26,Coculture,F26,5-FU,12.2,12.2,uM,3,False,28097,,False,True,O26:Coculture:F26:5-FU,10.17632/fypp6xhkjy.1
5902,O26,Coculture,F26,5-FU,27.0,27.0,uM,1,False,25953,,False,True,O26:Coculture:F26:5-FU,10.17632/fypp6xhkjy.1
5903,O26,Coculture,F26,5-FU,27.0,27.0,uM,2,False,39656,,False,True,O26:Coculture:F26:5-FU,10.17632/fypp6xhkjy.1
5904,O26,Coculture,F26,5-FU,27.0,27.0,uM,3,False,31284,,False,True,O26:Coculture:F26:5-FU,10.17632/fypp6xhkjy.1
5905,O26,Coculture,F26,5-FU,60.0,60.0,uM,1,False,25446,,False,True,O26:Coculture:F26:5-FU,10.17632/fypp6xhkjy.1
5906,O26,Coculture,F26,5-FU,60.0,60.0,uM,2,False,31612,,False,True,O26:Coculture:F26:5-FU,10.17632/fypp6xhkjy.1
5907,O26,Coculture,F26,5-FU,60.0,60.0,uM,3,False,33448,,False,True,O26:Coculture:F26:5-FU,10.17632/fypp6xhkjy.1
5908,O26,Coculture,F26,Oxa,DMSO,0.0,uM,1,True,182059,,False,True,O26:Coculture:F26:Oxa,10.17632/fypp6xhkjy.1
5909,O26,Coculture,F26,Oxa,DMSO,0.0,uM,2,True,128282,,False,True,O26:Coculture:F26:Oxa,10.17632/fypp6xhkjy.1
5910,O26,Coculture,F26,Oxa,DMSO,0.0,uM,3,True,141129,,False,True,O26:Coculture:F26:Oxa,10.17632/fypp6xhkjy.1
5911,O26,Coculture,F26,Oxa,0.5,0.5,uM,1,False,61540,,False,True,O26:Coculture:F26:Oxa,10.17632/fypp6xhkjy.1
5912,O26,Coculture,F26,Oxa,0.5,0.5,uM,2,False,137011,,False,True,O26:Coculture:F26:Oxa,10.17632/fypp6xhkjy.1
5913,O26,Coculture,F26,Oxa,0.5,0.5,uM,3,False,119214,,False,True,O26:Coculture:F26:Oxa,10.17632/fypp6xhkjy.1
5914,O26,Coculture,F26,Oxa,1.1,1.1,uM,1,False,80353,,False,True,O26:Coculture:F26:Oxa,10.17632/fypp6xhkjy.1
5915,O26,Coculture,F26,Oxa,1.1,1.1,uM,2,False,132461,,False,True,O26:Coculture:F26:Oxa,10.17632/fypp6xhkjy.1
5916,O26,Coculture,F26,Oxa,1.1,1.1,uM,3,False,83978,,False,True,O26:Coculture:F26:Oxa,10.17632/fypp6xhkjy.1
5917,O26,Coculture,F26,Oxa,2.5,2.5,uM,1,False,57527,,False,True,O26:Coculture:F26:Oxa,10.17632/fypp6xhkjy.1
5918,O26,Coculture,F26,Oxa,2.5,2.5,uM,2,False,57927,,False,True,O26:Coculture:F26:Oxa,10.17632/fypp6xhkjy.1
5919,O26,Coculture,F26,Oxa,2.5,2.5,uM,3,False,48217,,False,True,O26:Coculture:F26:Oxa,10.17632/fypp6xhkjy.1
5920,O26,Coculture,F26,Oxa,5.5,5.5,uM,1,False,50001,,False,True,O26:Coculture:F26:Oxa,10.17632/fypp6xhkjy.1
5921,O26,Coculture,F26,Oxa,5.5,5.5,uM,2,False,37468,,False,True,O26:Coculture:F26:Oxa,10.17632/fypp6xhkjy.1
5922,O26,Coculture,F26,Oxa,5.5,5.5,uM,3,False,36896,,False,True,O26:Coculture:F26:Oxa,10.17632/fypp6xhkjy.1
5923,O26,Coculture,F26,Oxa,12.2,12.2,uM,1,False,23438,,False,True,O26:Coculture:F26:Oxa,10.17632/fypp6xhkjy.1
5924,O26,Coculture,F26,Oxa,12.2,12.2,uM,2,False,26683,,False,True,O26:Coculture:F26:Oxa,10.17632/fypp6xhkjy.1
5925,O26,Coculture,F26,Oxa,12.2,12.2,uM,3,False,27036,,False,True,O26:Coculture:F26:Oxa,10.17632/fypp6xhkjy.1
5926,O26,Coculture,F26,Oxa,27.0,27.0,uM,1,False,11040,,False,True,O26:Coculture:F26:Oxa,10.17632/fypp6xhkjy.1
5927,O26,Coculture,F26,Oxa,27.0,27.0,uM,2,False,11517,,False,True,O26:Coculture:F26:Oxa,10.17632/fypp6xhkjy.1
5928,O26,Coculture,F26,Oxa,27.0,27.0,uM,3,False,9384,,False,True,O26:Coculture:F26:Oxa,10.17632/fypp6xhkjy.1
5929,O26,Coculture,F26,Oxa,60.0,60.0,uM,1,False,5783,,False,True,O26:Coculture:F26:Oxa,10.17632/fypp6xhkjy.1
5930,O26,Coculture,F26,Oxa,60.0,60.0,uM,2,False,6660,,False,True,O26:Coculture:F26:Oxa,10.17632/fypp6xhkjy.1
5931,O26,Coculture,F26,Oxa,60.0,60.0,uM,3,False,7606,,False,True,O26:Coculture:F26:Oxa,10.17632/fypp6xhkjy.1
5932,O26,Coculture,F26,SN-38,DMSO,0.0,nM,1,True,113523,,False,True,O26:Coculture:F26:SN-38,10.17632/fypp6xhkjy.1
5933,O26,Coculture,F26,SN-38,DMSO,0.0,nM,2,True,83569,,False,True,O26:Coculture:F26:SN-38,10.17632/fypp6xhkjy.1
5934,O26,Coculture,F26,SN-38,DMSO,0.0,nM,3,True,183659,,False,True,O26:Coculture:F26:SN-38,10.17632/fypp6xhkjy.1
5935,O26,Coculture,F26,SN-38,0.1,0.1,nM,1,False,131559,,False,True,O26:Coculture:F26:SN-38,10.17632/fypp6xhkjy.1
5936,O26,Coculture,F26,SN-38,0.1,0.1,nM,2,False,134294,,False,True,O26:Coculture:F26:SN-38,10.17632/fypp6xhkjy.1
5937,O26,Coculture,F26,SN-38,0.1,0.1,nM,3,False,119972,,False,True,O26:Coculture:F26:SN-38,10.17632/fypp6xhkjy.1
5938,O26,Coculture,F26,SN-38,0.2,0.2,nM,1,False,115079,,False,True,O26:Coculture:F26:SN-38,10.17632/fypp6xhkjy.1
5939,O26,Coculture,F26,SN-38,0.2,0.2,nM,2,False,102168,,False,True,O26:Coculture:F26:SN-38,10.17632/fypp6xhkjy.1
5940,O26,Coculture,F26,SN-38,0.2,0.2,nM,3,False,116128,,False,True,O26:Coculture:F26:SN-38,10.17632/fypp6xhkjy.1
5941,O26,Coculture,F26,SN-38,0.4,0.4,nM,1,False,109379,,False,True,O26:Coculture:F26:SN-38,10.17632/fypp6xhkjy.1
5942,O26,Coculture,F26,SN-38,0.4,0.4,nM,2,False,171955,,False,True,O26:Coculture:F26:SN-38,10.17632/fypp6xhkjy.1
5943,O26,Coculture,F26,SN-38,0.4,0.4,nM,3,False,133080,,False,True,O26:Coculture:F26:SN-38,10.17632/fypp6xhkjy.1
5944,O26,Coculture,F26,SN-38,0.7,0.7,nM,1,False,118499,,False,True,O26:Coculture:F26:SN-38,10.17632/fypp6xhkjy.1
5945,O26,Coculture,F26,SN-38,0.7,0.7,nM,2,False,100191,,False,True,O26:Coculture:F26:SN-38,10.17632/fypp6xhkjy.1
5946,O26,Coculture,F26,SN-38,0.7,0.7,nM,3,False,197166,,False,True,O26:Coculture:F26:SN-38,10.17632/fypp6xhkjy.1
5947,O26,Coculture,F26,SN-38,1.4,1.4,nM,1,False,23385,,False,True,O26:Coculture:F26:SN-38,10.17632/fypp6xhkjy.1
5948,O26,Coculture,F26,SN-38,1.4,1.4,nM,2,False,27421,,False,True,O26:Coculture:F26:SN-38,10.17632/fypp6xhkjy.1
5949,O26,Coculture,F26,SN-38,1.4,1.4,nM,3,False,27062,,False,True,O26:Coculture:F26:SN-38,10.17632/fypp6xhkjy.1
5950,O26,Coculture,F26,SN-38,2.6,2.6,nM,1,False,8526,,False,True,O26:Coculture:F26:SN-38,10.17632/fypp6xhkjy.1
5951,O26,Coculture,F26,SN-38,2.6,2.6,nM,2,False,9315,,False,True,O26:Coculture:F26:SN-38,10.17632/fypp6xhkjy.1
5952,O26,Coculture,F26,SN-38,2.6,2.6,nM,3,False,10421,,False,True,O26:Coculture:F26:SN-38,10.17632/fypp6xhkjy.1
5953,O26,Coculture,F26,SN-38,5.0,5.0,nM,1,False,8513,,False,True,O26:Coculture:F26:SN-38,10.17632/fypp6xhkjy.1
5954,O26,Coculture,F26,SN-38,5.0,5.0,nM,2,False,8072,,False,True,O26:Coculture:F26:SN-38,10.17632/fypp6xhkjy.1
5955,O26,Coculture,F26,SN-38,5.0,5.0,nM,3,False,6345,,False,True,O26:Coculture:F26:SN-38,10.17632/fypp6xhkjy.1
5956,O26,Coculture,F26,Gef,DMSO,0.0,uM,1,True,68965,,False,True,O26:Coculture:F26:Gef,10.17632/fypp6xhkjy.1
5957,O26,Coculture,F26,Gef,DMSO,0.0,uM,2,True,33387,seeding not uniform,False,False,O26:Coculture:F26:Gef,10.17632/fypp6xhkjy.1
5958,O26,Coculture,F26,Gef,DMSO,0.0,uM,3,True,93659,,False,True,O26:Coculture:F26:Gef,10.17632/fypp6xhkjy.1
5959,O26,Coculture,F26,Gef,0.01,0.01,uM,1,False,134625,,False,True,O26:Coculture:F26:Gef,10.17632/fypp6xhkjy.1
5960,O26,Coculture,F26,Gef,0.01,0.01,uM,2,False,67463,,False,True,O26:Coculture:F26:Gef,10.17632/fypp6xhkjy.1
5961,O26,Coculture,F26,Gef,0.01,0.01,uM,3,False,61045,,False,True,O26:Coculture:F26:Gef,10.17632/fypp6xhkjy.1
5962,O26,Coculture,F26,Gef,0.04,0.04,uM,1,False,201682,,False,True,O26:Coculture:F26:Gef,10.17632/fypp6xhkjy.1
5963,O26,Coculture,F26,Gef,0.04,0.04,uM,2,False,42679,,False,True,O26:Coculture:F26:Gef,10.17632/fypp6xhkjy.1
5964,O26,Coculture,F26,Gef,0.04,0.04,uM,3,False,104195,,False,True,O26:Coculture:F26:Gef,10.17632/fypp6xhkjy.1
5965,O26,Coculture,F26,Gef,0.1,0.1,uM,1,False,97752,,False,True,O26:Coculture:F26:Gef,10.17632/fypp6xhkjy.1
5966,O26,Coculture,F26,Gef,0.1,0.1,uM,2,False,78864,,False,True,O26:Coculture:F26:Gef,10.17632/fypp6xhkjy.1
5967,O26,Coculture,F26,Gef,0.1,0.1,uM,3,False,46359,,False,True,O26:Coculture:F26:Gef,10.17632/fypp6xhkjy.1
5968,O26,Coculture,F26,Gef,0.4,0.4,uM,1,False,39420,,False,True,O26:Coculture:F26:Gef,10.17632/fypp6xhkjy.1
5969,O26,Coculture,F26,Gef,0.4,0.4,uM,2,False,29181,,False,True,O26:Coculture:F26:Gef,10.17632/fypp6xhkjy.1
5970,O26,Coculture,F26,Gef,0.4,0.4,uM,3,False,30663,,False,True,O26:Coculture:F26:Gef,10.17632/fypp6xhkjy.1
5971,O26,Coculture,F26,Gef,1.1,1.1,uM,1,False,23512,,False,True,O26:Coculture:F26:Gef,10.17632/fypp6xhkjy.1
5972,O26,Coculture,F26,Gef,1.1,1.1,uM,2,False,16478,,False,True,O26:Coculture:F26:Gef,10.17632/fypp6xhkjy.1
5973,O26,Coculture,F26,Gef,1.1,1.1,uM,3,False,17274,,False,True,O26:Coculture:F26:Gef,10.17632/fypp6xhkjy.1
5974,O26,Coculture,F26,Gef,3.3,3.3,uM,1,False,19144,,False,True,O26:Coculture:F26:Gef,10.17632/fypp6xhkjy.1
5975,O26,Coculture,F26,Gef,3.3,3.3,uM,2,False,15330,,False,True,O26:Coculture:F26:Gef,10.17632/fypp6xhkjy.1
5976,O26,Coculture,F26,Gef,3.3,3.3,uM,3,False,16952,,False,True,O26:Coculture:F26:Gef,10.17632/fypp6xhkjy.1
5977,O26,Coculture,F26,Gef,10.0,10.0,uM,1,False,11033,,False,True,O26:Coculture:F26:Gef,10.17632/fypp6xhkjy.1
5978,O26,Coculture,F26,Gef,10.0,10.0,uM,2,False,10495,,False,True,O26:Coculture:F26:Gef,10.17632/fypp6xhkjy.1
5979,O26,Coculture,F26,Gef,10.0,10.0,uM,3,False,7642,,False,True,O26:Coculture:F26:Gef,10.17632/fypp6xhkjy.1
5980,O27,Monoculture,,5-FU,DMSO,0.0,uM,1,True,1296,seeding not uniform,False,False,O27:Monoculture::5-FU,10.17632/fypp6xhkjy.1
5981,O27,Monoculture,,5-FU,DMSO,0.0,uM,2,True,4019,,False,True,O27:Monoculture::5-FU,10.17632/fypp6xhkjy.1
5982,O27,Monoculture,,5-FU,DMSO,0.0,uM,3,True,4857,,False,True,O27:Monoculture::5-FU,10.17632/fypp6xhkjy.1
5983,O27,Monoculture,,5-FU,0.5,0.5,uM,1,False,1953,,False,True,O27:Monoculture::5-FU,10.17632/fypp6xhkjy.1
5984,O27,Monoculture,,5-FU,0.5,0.5,uM,2,False,3505,,False,True,O27:Monoculture::5-FU,10.17632/fypp6xhkjy.1
5985,O27,Monoculture,,5-FU,0.5,0.5,uM,3,False,3115,,False,True,O27:Monoculture::5-FU,10.17632/fypp6xhkjy.1
5986,O27,Monoculture,,5-FU,1.1,1.1,uM,1,False,2133,,False,True,O27:Monoculture::5-FU,10.17632/fypp6xhkjy.1
5987,O27,Monoculture,,5-FU,1.1,1.1,uM,2,False,1537,,False,True,O27:Monoculture::5-FU,10.17632/fypp6xhkjy.1
5988,O27,Monoculture,,5-FU,1.1,1.1,uM,3,False,1309,,False,True,O27:Monoculture::5-FU,10.17632/fypp6xhkjy.1
5989,O27,Monoculture,,5-FU,2.5,2.5,uM,1,False,623,,False,True,O27:Monoculture::5-FU,10.17632/fypp6xhkjy.1
5990,O27,Monoculture,,5-FU,2.5,2.5,uM,2,False,654,,False,True,O27:Monoculture::5-FU,10.17632/fypp6xhkjy.1
5991,O27,Monoculture,,5-FU,2.5,2.5,uM,3,False,599,,False,True,O27:Monoculture::5-FU,10.17632/fypp6xhkjy.1
5992,O27,Monoculture,,5-FU,5.5,5.5,uM,1,False,464,,False,True,O27:Monoculture::5-FU,10.17632/fypp6xhkjy.1
5993,O27,Monoculture,,5-FU,5.5,5.5,uM,2,False,658,,False,True,O27:Monoculture::5-FU,10.17632/fypp6xhkjy.1
5994,O27,Monoculture,,5-FU,5.5,5.5,uM,3,False,722,,False,True,O27:Monoculture::5-FU,10.17632/fypp6xhkjy.1
5995,O27,Monoculture,,5-FU,12.2,12.2,uM,1,False,345,,False,True,O27:Monoculture::5-FU,10.17632/fypp6xhkjy.1
5996,O27,Monoculture,,5-FU,12.2,12.2,uM,2,False,478,,False,True,O27:Monoculture::5-FU,10.17632/fypp6xhkjy.1
5997,O27,Monoculture,,5-FU,12.2,12.2,uM,3,False,658,,False,True,O27:Monoculture::5-FU,10.17632/fypp6xhkjy.1
5998,O27,Monoculture,,5-FU,27.0,27.0,uM,1,False,396,,False,True,O27:Monoculture::5-FU,10.17632/fypp6xhkjy.1
5999,O27,Monoculture,,5-FU,27.0,27.0,uM,2,False,306,,False,True,O27:Monoculture::5-FU,10.17632/fypp6xhkjy.1
6000,O27,Monoculture,,5-FU,27.0,27.0,uM,3,False,482,,False,True,O27:Monoculture::5-FU,10.17632/fypp6xhkjy.1
6001,O27,Monoculture,,5-FU,60.0,60.0,uM,1,False,186,,False,True,O27:Monoculture::5-FU,10.17632/fypp6xhkjy.1
6002,O27,Monoculture,,5-FU,60.0,60.0,uM,2,False,174,,False,True,O27:Monoculture::5-FU,10.17632/fypp6xhkjy.1
6003,O27,Monoculture,,5-FU,60.0,60.0,uM,3,False,262,,False,True,O27:Monoculture::5-FU,10.17632/fypp6xhkjy.1
6004,O27,Monoculture,,Oxa,DMSO,0.0,uM,1,True,2750,,False,True,O27:Monoculture::Oxa,10.17632/fypp6xhkjy.1
6005,O27,Monoculture,,Oxa,DMSO,0.0,uM,2,True,5502,,False,True,O27:Monoculture::Oxa,10.17632/fypp6xhkjy.1
6006,O27,Monoculture,,Oxa,DMSO,0.0,uM,3,True,4988,,False,True,O27:Monoculture::Oxa,10.17632/fypp6xhkjy.1
6007,O27,Monoculture,,Oxa,0.5,0.5,uM,1,False,3425,,False,True,O27:Monoculture::Oxa,10.17632/fypp6xhkjy.1
6008,O27,Monoculture,,Oxa,0.5,0.5,uM,2,False,2423,,False,True,O27:Monoculture::Oxa,10.17632/fypp6xhkjy.1
6009,O27,Monoculture,,Oxa,0.5,0.5,uM,3,False,2344,,False,True,O27:Monoculture::Oxa,10.17632/fypp6xhkjy.1
6010,O27,Monoculture,,Oxa,1.1,1.1,uM,1,False,1514,,False,True,O27:Monoculture::Oxa,10.17632/fypp6xhkjy.1
6011,O27,Monoculture,,Oxa,1.1,1.1,uM,2,False,1444,,False,True,O27:Monoculture::Oxa,10.17632/fypp6xhkjy.1
6012,O27,Monoculture,,Oxa,1.1,1.1,uM,3,False,1847,,False,True,O27:Monoculture::Oxa,10.17632/fypp6xhkjy.1
6013,O27,Monoculture,,Oxa,2.5,2.5,uM,1,False,292,,False,True,O27:Monoculture::Oxa,10.17632/fypp6xhkjy.1
6014,O27,Monoculture,,Oxa,2.5,2.5,uM,2,False,277,,False,True,O27:Monoculture::Oxa,10.17632/fypp6xhkjy.1
6015,O27,Monoculture,,Oxa,2.5,2.5,uM,3,False,408,,False,True,O27:Monoculture::Oxa,10.17632/fypp6xhkjy.1
6016,O27,Monoculture,,Oxa,5.5,5.5,uM,1,False,319,,False,True,O27:Monoculture::Oxa,10.17632/fypp6xhkjy.1
6017,O27,Monoculture,,Oxa,5.5,5.5,uM,2,False,193,,False,True,O27:Monoculture::Oxa,10.17632/fypp6xhkjy.1
6018,O27,Monoculture,,Oxa,5.5,5.5,uM,3,False,183,,False,True,O27:Monoculture::Oxa,10.17632/fypp6xhkjy.1
6019,O27,Monoculture,,Oxa,12.2,12.2,uM,1,False,97,,False,True,O27:Monoculture::Oxa,10.17632/fypp6xhkjy.1
6020,O27,Monoculture,,Oxa,12.2,12.2,uM,2,False,235,,False,True,O27:Monoculture::Oxa,10.17632/fypp6xhkjy.1
6021,O27,Monoculture,,Oxa,12.2,12.2,uM,3,False,303,,False,True,O27:Monoculture::Oxa,10.17632/fypp6xhkjy.1
6022,O27,Monoculture,,Oxa,27.0,27.0,uM,1,False,104,,False,True,O27:Monoculture::Oxa,10.17632/fypp6xhkjy.1
6023,O27,Monoculture,,Oxa,27.0,27.0,uM,2,False,122,,False,True,O27:Monoculture::Oxa,10.17632/fypp6xhkjy.1
6024,O27,Monoculture,,Oxa,27.0,27.0,uM,3,False,119,,False,True,O27:Monoculture::Oxa,10.17632/fypp6xhkjy.1
6025,O27,Monoculture,,Oxa,60.0,60.0,uM,1,False,68,,False,True,O27:Monoculture::Oxa,10.17632/fypp6xhkjy.1
6026,O27,Monoculture,,Oxa,60.0,60.0,uM,2,False,61,,False,True,O27:Monoculture::Oxa,10.17632/fypp6xhkjy.1
6027,O27,Monoculture,,Oxa,60.0,60.0,uM,3,False,61,,False,True,O27:Monoculture::Oxa,10.17632/fypp6xhkjy.1
6028,O27,Monoculture,,SN-38,DMSO,0.0,nM,1,True,2800,,False,True,O27:Monoculture::SN-38,10.17632/fypp6xhkjy.1
6029,O27,Monoculture,,SN-38,DMSO,0.0,nM,2,True,2337,,False,True,O27:Monoculture::SN-38,10.17632/fypp6xhkjy.1
6030,O27,Monoculture,,SN-38,DMSO,0.0,nM,3,True,2077,,False,True,O27:Monoculture::SN-38,10.17632/fypp6xhkjy.1
6031,O27,Monoculture,,SN-38,0.1,0.1,nM,1,False,3369,,False,True,O27:Monoculture::SN-38,10.17632/fypp6xhkjy.1
6032,O27,Monoculture,,SN-38,0.1,0.1,nM,2,False,2166,,False,True,O27:Monoculture::SN-38,10.17632/fypp6xhkjy.1
6033,O27,Monoculture,,SN-38,0.1,0.1,nM,3,False,1397,,False,True,O27:Monoculture::SN-38,10.17632/fypp6xhkjy.1
6034,O27,Monoculture,,SN-38,0.2,0.2,nM,1,False,2716,,False,True,O27:Monoculture::SN-38,10.17632/fypp6xhkjy.1
6035,O27,Monoculture,,SN-38,0.2,0.2,nM,2,False,2026,,False,True,O27:Monoculture::SN-38,10.17632/fypp6xhkjy.1
6036,O27,Monoculture,,SN-38,0.2,0.2,nM,3,False,3071,,False,True,O27:Monoculture::SN-38,10.17632/fypp6xhkjy.1
6037,O27,Monoculture,,SN-38,0.4,0.4,nM,1,False,1267,,False,True,O27:Monoculture::SN-38,10.17632/fypp6xhkjy.1
6038,O27,Monoculture,,SN-38,0.4,0.4,nM,2,False,745,,False,True,O27:Monoculture::SN-38,10.17632/fypp6xhkjy.1
6039,O27,Monoculture,,SN-38,0.4,0.4,nM,3,False,2817,,False,True,O27:Monoculture::SN-38,10.17632/fypp6xhkjy.1
6040,O27,Monoculture,,SN-38,0.7,0.7,nM,1,False,1707,,False,True,O27:Monoculture::SN-38,10.17632/fypp6xhkjy.1
6041,O27,Monoculture,,SN-38,0.7,0.7,nM,2,False,1428,,False,True,O27:Monoculture::SN-38,10.17632/fypp6xhkjy.1
6042,O27,Monoculture,,SN-38,0.7,0.7,nM,3,False,2099,,False,True,O27:Monoculture::SN-38,10.17632/fypp6xhkjy.1
6043,O27,Monoculture,,SN-38,1.4,1.4,nM,1,False,1253,,False,True,O27:Monoculture::SN-38,10.17632/fypp6xhkjy.1
6044,O27,Monoculture,,SN-38,1.4,1.4,nM,2,False,1016,,False,True,O27:Monoculture::SN-38,10.17632/fypp6xhkjy.1
6045,O27,Monoculture,,SN-38,1.4,1.4,nM,3,False,1091,,False,True,O27:Monoculture::SN-38,10.17632/fypp6xhkjy.1
6046,O27,Monoculture,,SN-38,2.6,2.6,nM,1,False,324,,False,True,O27:Monoculture::SN-38,10.17632/fypp6xhkjy.1
6047,O27,Monoculture,,SN-38,2.6,2.6,nM,2,False,213,,False,True,O27:Monoculture::SN-38,10.17632/fypp6xhkjy.1
6048,O27,Monoculture,,SN-38,2.6,2.6,nM,3,False,193,,False,True,O27:Monoculture::SN-38,10.17632/fypp6xhkjy.1
6049,O27,Monoculture,,SN-38,5.0,5.0,nM,1,False,54,,False,True,O27:Monoculture::SN-38,10.17632/fypp6xhkjy.1
6050,O27,Monoculture,,SN-38,5.0,5.0,nM,2,False,52,,False,True,O27:Monoculture::SN-38,10.17632/fypp6xhkjy.1
6051,O27,Monoculture,,SN-38,5.0,5.0,nM,3,False,81,,False,True,O27:Monoculture::SN-38,10.17632/fypp6xhkjy.1
6052,O27,Monoculture,,Gef,DMSO,0.0,uM,1,True,3731,,False,True,O27:Monoculture::Gef,10.17632/fypp6xhkjy.1
6053,O27,Monoculture,,Gef,DMSO,0.0,uM,2,True,3770,,False,True,O27:Monoculture::Gef,10.17632/fypp6xhkjy.1
6054,O27,Monoculture,,Gef,DMSO,0.0,uM,3,True,3209,,False,True,O27:Monoculture::Gef,10.17632/fypp6xhkjy.1
6055,O27,Monoculture,,Gef,0.01,0.01,uM,1,False,2555,,False,True,O27:Monoculture::Gef,10.17632/fypp6xhkjy.1
6056,O27,Monoculture,,Gef,0.01,0.01,uM,2,False,2319,,False,True,O27:Monoculture::Gef,10.17632/fypp6xhkjy.1
6057,O27,Monoculture,,Gef,0.01,0.01,uM,3,False,3243,,False,True,O27:Monoculture::Gef,10.17632/fypp6xhkjy.1
6058,O27,Monoculture,,Gef,0.04,0.04,uM,1,False,1883,,False,True,O27:Monoculture::Gef,10.17632/fypp6xhkjy.1
6059,O27,Monoculture,,Gef,0.04,0.04,uM,2,False,1663,,False,True,O27:Monoculture::Gef,10.17632/fypp6xhkjy.1
6060,O27,Monoculture,,Gef,0.04,0.04,uM,3,False,3381,seeding not uniform,False,False,O27:Monoculture::Gef,10.17632/fypp6xhkjy.1
6061,O27,Monoculture,,Gef,0.1,0.1,uM,1,False,991,,False,True,O27:Monoculture::Gef,10.17632/fypp6xhkjy.1
6062,O27,Monoculture,,Gef,0.1,0.1,uM,2,False,1011,,False,True,O27:Monoculture::Gef,10.17632/fypp6xhkjy.1
6063,O27,Monoculture,,Gef,0.1,0.1,uM,3,False,2114,,False,True,O27:Monoculture::Gef,10.17632/fypp6xhkjy.1
6064,O27,Monoculture,,Gef,0.4,0.4,uM,1,False,558,,False,True,O27:Monoculture::Gef,10.17632/fypp6xhkjy.1
6065,O27,Monoculture,,Gef,0.4,0.4,uM,2,False,366,,False,True,O27:Monoculture::Gef,10.17632/fypp6xhkjy.1
6066,O27,Monoculture,,Gef,0.4,0.4,uM,3,False,576,,False,True,O27:Monoculture::Gef,10.17632/fypp6xhkjy.1
6067,O27,Monoculture,,Gef,1.1,1.1,uM,1,False,426,,False,True,O27:Monoculture::Gef,10.17632/fypp6xhkjy.1
6068,O27,Monoculture,,Gef,1.1,1.1,uM,2,False,333,,False,True,O27:Monoculture::Gef,10.17632/fypp6xhkjy.1
6069,O27,Monoculture,,Gef,1.1,1.1,uM,3,False,330,,False,True,O27:Monoculture::Gef,10.17632/fypp6xhkjy.1
6070,O27,Monoculture,,Gef,3.3,3.3,uM,1,False,336,,False,True,O27:Monoculture::Gef,10.17632/fypp6xhkjy.1
6071,O27,Monoculture,,Gef,3.3,3.3,uM,2,False,164,,False,True,O27:Monoculture::Gef,10.17632/fypp6xhkjy.1
6072,O27,Monoculture,,Gef,3.3,3.3,uM,3,False,480,,False,True,O27:Monoculture::Gef,10.17632/fypp6xhkjy.1
6073,O27,Monoculture,,Gef,10.0,10.0,uM,1,False,314,,False,True,O27:Monoculture::Gef,10.17632/fypp6xhkjy.1
6074,O27,Monoculture,,Gef,10.0,10.0,uM,2,False,169,,False,True,O27:Monoculture::Gef,10.17632/fypp6xhkjy.1
6075,O27,Monoculture,,Gef,10.0,10.0,uM,3,False,301,,False,True,O27:Monoculture::Gef,10.17632/fypp6xhkjy.1
6076,O27,Coculture,F27,5-FU,DMSO,0.0,uM,1,True,60,cells lost,False,False,O27:Coculture:F27:5-FU,10.17632/fypp6xhkjy.1
6077,O27,Coculture,F27,5-FU,DMSO,0.0,uM,2,True,966,,False,True,O27:Coculture:F27:5-FU,10.17632/fypp6xhkjy.1
6078,O27,Coculture,F27,5-FU,DMSO,0.0,uM,3,True,1181,,False,True,O27:Coculture:F27:5-FU,10.17632/fypp6xhkjy.1
6079,O27,Coculture,F27,5-FU,0.5,0.5,uM,1,False,40,cells lost,False,False,O27:Coculture:F27:5-FU,10.17632/fypp6xhkjy.1
6080,O27,Coculture,F27,5-FU,0.5,0.5,uM,2,False,212,,False,True,O27:Coculture:F27:5-FU,10.17632/fypp6xhkjy.1
6081,O27,Coculture,F27,5-FU,0.5,0.5,uM,3,False,774,,False,True,O27:Coculture:F27:5-FU,10.17632/fypp6xhkjy.1
6082,O27,Coculture,F27,5-FU,1.1,1.1,uM,1,False,36,cells lost,False,False,O27:Coculture:F27:5-FU,10.17632/fypp6xhkjy.1
6083,O27,Coculture,F27,5-FU,1.1,1.1,uM,2,False,386,,False,True,O27:Coculture:F27:5-FU,10.17632/fypp6xhkjy.1
6084,O27,Coculture,F27,5-FU,1.1,1.1,uM,3,False,484,,False,True,O27:Coculture:F27:5-FU,10.17632/fypp6xhkjy.1
6085,O27,Coculture,F27,5-FU,2.5,2.5,uM,1,False,80,,False,True,O27:Coculture:F27:5-FU,10.17632/fypp6xhkjy.1
6086,O27,Coculture,F27,5-FU,2.5,2.5,uM,2,False,250,,False,True,O27:Coculture:F27:5-FU,10.17632/fypp6xhkjy.1
6087,O27,Coculture,F27,5-FU,2.5,2.5,uM,3,False,306,,False,True,O27:Coculture:F27:5-FU,10.17632/fypp6xhkjy.1
6088,O27,Coculture,F27,5-FU,5.5,5.5,uM,1,False,19,,False,True,O27:Coculture:F27:5-FU,10.17632/fypp6xhkjy.1
6089,O27,Coculture,F27,5-FU,5.5,5.5,uM,2,False,44,,False,True,O27:Coculture:F27:5-FU,10.17632/fypp6xhkjy.1
6090,O27,Coculture,F27,5-FU,5.5,5.5,uM,3,False,74,,False,True,O27:Coculture:F27:5-FU,10.17632/fypp6xhkjy.1
6091,O27,Coculture,F27,5-FU,12.2,12.2,uM,1,False,47,,False,True,O27:Coculture:F27:5-FU,10.17632/fypp6xhkjy.1
6092,O27,Coculture,F27,5-FU,12.2,12.2,uM,2,False,94,,False,True,O27:Coculture:F27:5-FU,10.17632/fypp6xhkjy.1
6093,O27,Coculture,F27,5-FU,12.2,12.2,uM,3,False,190,,False,True,O27:Coculture:F27:5-FU,10.17632/fypp6xhkjy.1
6094,O27,Coculture,F27,5-FU,27.0,27.0,uM,1,False,140,,False,True,O27:Coculture:F27:5-FU,10.17632/fypp6xhkjy.1
6095,O27,Coculture,F27,5-FU,27.0,27.0,uM,2,False,75,,False,True,O27:Coculture:F27:5-FU,10.17632/fypp6xhkjy.1
6096,O27,Coculture,F27,5-FU,27.0,27.0,uM,3,False,132,,False,True,O27:Coculture:F27:5-FU,10.17632/fypp6xhkjy.1
6097,O27,Coculture,F27,5-FU,60.0,60.0,uM,1,False,124,,False,True,O27:Coculture:F27:5-FU,10.17632/fypp6xhkjy.1
6098,O27,Coculture,F27,5-FU,60.0,60.0,uM,2,False,45,,False,True,O27:Coculture:F27:5-FU,10.17632/fypp6xhkjy.1
6099,O27,Coculture,F27,5-FU,60.0,60.0,uM,3,False,55,,False,True,O27:Coculture:F27:5-FU,10.17632/fypp6xhkjy.1
6100,O27,Coculture,F27,Oxa,DMSO,0.0,uM,1,True,1799,,False,True,O27:Coculture:F27:Oxa,10.17632/fypp6xhkjy.1
6101,O27,Coculture,F27,Oxa,DMSO,0.0,uM,2,True,633,seeding not uniform,False,False,O27:Coculture:F27:Oxa,10.17632/fypp6xhkjy.1
6102,O27,Coculture,F27,Oxa,DMSO,0.0,uM,3,True,1129,,False,True,O27:Coculture:F27:Oxa,10.17632/fypp6xhkjy.1
6103,O27,Coculture,F27,Oxa,0.5,0.5,uM,1,False,795,,False,True,O27:Coculture:F27:Oxa,10.17632/fypp6xhkjy.1
6104,O27,Coculture,F27,Oxa,0.5,0.5,uM,2,False,1176,,False,True,O27:Coculture:F27:Oxa,10.17632/fypp6xhkjy.1
6105,O27,Coculture,F27,Oxa,0.5,0.5,uM,3,False,1169,,False,True,O27:Coculture:F27:Oxa,10.17632/fypp6xhkjy.1
6106,O27,Coculture,F27,Oxa,1.1,1.1,uM,1,False,619,,False,True,O27:Coculture:F27:Oxa,10.17632/fypp6xhkjy.1
6107,O27,Coculture,F27,Oxa,1.1,1.1,uM,2,False,677,,False,True,O27:Coculture:F27:Oxa,10.17632/fypp6xhkjy.1
6108,O27,Coculture,F27,Oxa,1.1,1.1,uM,3,False,395,,False,True,O27:Coculture:F27:Oxa,10.17632/fypp6xhkjy.1
6109,O27,Coculture,F27,Oxa,2.5,2.5,uM,1,False,602,,False,True,O27:Coculture:F27:Oxa,10.17632/fypp6xhkjy.1
6110,O27,Coculture,F27,Oxa,2.5,2.5,uM,2,False,362,,False,True,O27:Coculture:F27:Oxa,10.17632/fypp6xhkjy.1
6111,O27,Coculture,F27,Oxa,2.5,2.5,uM,3,False,187,,False,True,O27:Coculture:F27:Oxa,10.17632/fypp6xhkjy.1
6112,O27,Coculture,F27,Oxa,5.5,5.5,uM,1,False,29,,False,True,O27:Coculture:F27:Oxa,10.17632/fypp6xhkjy.1
6113,O27,Coculture,F27,Oxa,5.5,5.5,uM,2,False,149,,False,True,O27:Coculture:F27:Oxa,10.17632/fypp6xhkjy.1
6114,O27,Coculture,F27,Oxa,5.5,5.5,uM,3,False,92,,False,True,O27:Coculture:F27:Oxa,10.17632/fypp6xhkjy.1
6115,O27,Coculture,F27,Oxa,12.2,12.2,uM,1,False,22,,False,True,O27:Coculture:F27:Oxa,10.17632/fypp6xhkjy.1
6116,O27,Coculture,F27,Oxa,12.2,12.2,uM,2,False,97,,False,True,O27:Coculture:F27:Oxa,10.17632/fypp6xhkjy.1
6117,O27,Coculture,F27,Oxa,12.2,12.2,uM,3,False,98,,False,True,O27:Coculture:F27:Oxa,10.17632/fypp6xhkjy.1
6118,O27,Coculture,F27,Oxa,27.0,27.0,uM,1,False,20,,False,True,O27:Coculture:F27:Oxa,10.17632/fypp6xhkjy.1
6119,O27,Coculture,F27,Oxa,27.0,27.0,uM,2,False,59,,False,True,O27:Coculture:F27:Oxa,10.17632/fypp6xhkjy.1
6120,O27,Coculture,F27,Oxa,27.0,27.0,uM,3,False,20,,False,True,O27:Coculture:F27:Oxa,10.17632/fypp6xhkjy.1
6121,O27,Coculture,F27,Oxa,60.0,60.0,uM,1,False,17,,False,True,O27:Coculture:F27:Oxa,10.17632/fypp6xhkjy.1
6122,O27,Coculture,F27,Oxa,60.0,60.0,uM,2,False,23,,False,True,O27:Coculture:F27:Oxa,10.17632/fypp6xhkjy.1
6123,O27,Coculture,F27,Oxa,60.0,60.0,uM,3,False,16,,False,True,O27:Coculture:F27:Oxa,10.17632/fypp6xhkjy.1
6124,O27,Coculture,F27,SN-38,DMSO,0.0,nM,1,True,2694,,False,True,O27:Coculture:F27:SN-38,10.17632/fypp6xhkjy.1
6125,O27,Coculture,F27,SN-38,DMSO,0.0,nM,2,True,1435,,False,True,O27:Coculture:F27:SN-38,10.17632/fypp6xhkjy.1
6126,O27,Coculture,F27,SN-38,DMSO,0.0,nM,3,True,1068,,False,True,O27:Coculture:F27:SN-38,10.17632/fypp6xhkjy.1
6127,O27,Coculture,F27,SN-38,0.1,0.1,nM,1,False,1331,,False,True,O27:Coculture:F27:SN-38,10.17632/fypp6xhkjy.1
6128,O27,Coculture,F27,SN-38,0.1,0.1,nM,2,False,1717,,False,True,O27:Coculture:F27:SN-38,10.17632/fypp6xhkjy.1
6129,O27,Coculture,F27,SN-38,0.1,0.1,nM,3,False,2041,,False,True,O27:Coculture:F27:SN-38,10.17632/fypp6xhkjy.1
6130,O27,Coculture,F27,SN-38,0.2,0.2,nM,1,False,569,,False,True,O27:Coculture:F27:SN-38,10.17632/fypp6xhkjy.1
6131,O27,Coculture,F27,SN-38,0.2,0.2,nM,2,False,949,,False,True,O27:Coculture:F27:SN-38,10.17632/fypp6xhkjy.1
6132,O27,Coculture,F27,SN-38,0.2,0.2,nM,3,False,598,,False,True,O27:Coculture:F27:SN-38,10.17632/fypp6xhkjy.1
6133,O27,Coculture,F27,SN-38,0.4,0.4,nM,1,False,863,,False,True,O27:Coculture:F27:SN-38,10.17632/fypp6xhkjy.1
6134,O27,Coculture,F27,SN-38,0.4,0.4,nM,2,False,610,,False,True,O27:Coculture:F27:SN-38,10.17632/fypp6xhkjy.1
6135,O27,Coculture,F27,SN-38,0.4,0.4,nM,3,False,424,,False,True,O27:Coculture:F27:SN-38,10.17632/fypp6xhkjy.1
6136,O27,Coculture,F27,SN-38,0.7,0.7,nM,1,False,195,,False,True,O27:Coculture:F27:SN-38,10.17632/fypp6xhkjy.1
6137,O27,Coculture,F27,SN-38,0.7,0.7,nM,2,False,688,,False,True,O27:Coculture:F27:SN-38,10.17632/fypp6xhkjy.1
6138,O27,Coculture,F27,SN-38,0.7,0.7,nM,3,False,490,,False,True,O27:Coculture:F27:SN-38,10.17632/fypp6xhkjy.1
6139,O27,Coculture,F27,SN-38,1.4,1.4,nM,1,False,224,,False,True,O27:Coculture:F27:SN-38,10.17632/fypp6xhkjy.1
6140,O27,Coculture,F27,SN-38,1.4,1.4,nM,2,False,467,,False,True,O27:Coculture:F27:SN-38,10.17632/fypp6xhkjy.1
6141,O27,Coculture,F27,SN-38,1.4,1.4,nM,3,False,227,,False,True,O27:Coculture:F27:SN-38,10.17632/fypp6xhkjy.1
6142,O27,Coculture,F27,SN-38,2.6,2.6,nM,1,False,33,,False,True,O27:Coculture:F27:SN-38,10.17632/fypp6xhkjy.1
6143,O27,Coculture,F27,SN-38,2.6,2.6,nM,2,False,44,,False,True,O27:Coculture:F27:SN-38,10.17632/fypp6xhkjy.1
6144,O27,Coculture,F27,SN-38,2.6,2.6,nM,3,False,80,,False,True,O27:Coculture:F27:SN-38,10.17632/fypp6xhkjy.1
6145,O27,Coculture,F27,SN-38,5.0,5.0,nM,1,False,19,,False,True,O27:Coculture:F27:SN-38,10.17632/fypp6xhkjy.1
6146,O27,Coculture,F27,SN-38,5.0,5.0,nM,2,False,11,,False,True,O27:Coculture:F27:SN-38,10.17632/fypp6xhkjy.1
6147,O27,Coculture,F27,SN-38,5.0,5.0,nM,3,False,10,,False,True,O27:Coculture:F27:SN-38,10.17632/fypp6xhkjy.1
6148,O27,Coculture,F27,Gef,DMSO,0.0,uM,1,True,1890,,False,True,O27:Coculture:F27:Gef,10.17632/fypp6xhkjy.1
6149,O27,Coculture,F27,Gef,DMSO,0.0,uM,2,True,1740,,False,True,O27:Coculture:F27:Gef,10.17632/fypp6xhkjy.1
6150,O27,Coculture,F27,Gef,DMSO,0.0,uM,3,True,2052,,False,True,O27:Coculture:F27:Gef,10.17632/fypp6xhkjy.1
6151,O27,Coculture,F27,Gef,0.01,0.01,uM,1,False,119,cells lost,False,False,O27:Coculture:F27:Gef,10.17632/fypp6xhkjy.1
6152,O27,Coculture,F27,Gef,0.01,0.01,uM,2,False,1506,,False,True,O27:Coculture:F27:Gef,10.17632/fypp6xhkjy.1
6153,O27,Coculture,F27,Gef,0.01,0.01,uM,3,False,973,,False,True,O27:Coculture:F27:Gef,10.17632/fypp6xhkjy.1
6154,O27,Coculture,F27,Gef,0.04,0.04,uM,1,False,816,,False,True,O27:Coculture:F27:Gef,10.17632/fypp6xhkjy.1
6155,O27,Coculture,F27,Gef,0.04,0.04,uM,2,False,957,,False,True,O27:Coculture:F27:Gef,10.17632/fypp6xhkjy.1
6156,O27,Coculture,F27,Gef,0.04,0.04,uM,3,False,1235,,False,True,O27:Coculture:F27:Gef,10.17632/fypp6xhkjy.1
6157,O27,Coculture,F27,Gef,0.1,0.1,uM,1,False,927,,False,True,O27:Coculture:F27:Gef,10.17632/fypp6xhkjy.1
6158,O27,Coculture,F27,Gef,0.1,0.1,uM,2,False,1082,,False,True,O27:Coculture:F27:Gef,10.17632/fypp6xhkjy.1
6159,O27,Coculture,F27,Gef,0.1,0.1,uM,3,False,1091,,False,True,O27:Coculture:F27:Gef,10.17632/fypp6xhkjy.1
6160,O27,Coculture,F27,Gef,0.4,0.4,uM,1,False,499,,False,True,O27:Coculture:F27:Gef,10.17632/fypp6xhkjy.1
6161,O27,Coculture,F27,Gef,0.4,0.4,uM,2,False,570,,False,True,O27:Coculture:F27:Gef,10.17632/fypp6xhkjy.1
6162,O27,Coculture,F27,Gef,0.4,0.4,uM,3,False,492,,False,True,O27:Coculture:F27:Gef,10.17632/fypp6xhkjy.1
6163,O27,Coculture,F27,Gef,1.1,1.1,uM,1,False,249,,False,True,O27:Coculture:F27:Gef,10.17632/fypp6xhkjy.1
6164,O27,Coculture,F27,Gef,1.1,1.1,uM,2,False,211,,False,True,O27:Coculture:F27:Gef,10.17632/fypp6xhkjy.1
6165,O27,Coculture,F27,Gef,1.1,1.1,uM,3,False,311,,False,True,O27:Coculture:F27:Gef,10.17632/fypp6xhkjy.1
6166,O27,Coculture,F27,Gef,3.3,3.3,uM,1,False,27,,False,True,O27:Coculture:F27:Gef,10.17632/fypp6xhkjy.1
6167,O27,Coculture,F27,Gef,3.3,3.3,uM,2,False,182,,False,True,O27:Coculture:F27:Gef,10.17632/fypp6xhkjy.1
6168,O27,Coculture,F27,Gef,3.3,3.3,uM,3,False,135,,False,True,O27:Coculture:F27:Gef,10.17632/fypp6xhkjy.1
6169,O27,Coculture,F27,Gef,10.0,10.0,uM,1,False,121,,False,True,O27:Coculture:F27:Gef,10.17632/fypp6xhkjy.1
6170,O27,Coculture,F27,Gef,10.0,10.0,uM,2,False,156,,False,True,O27:Coculture:F27:Gef,10.17632/fypp6xhkjy.1
6171,O27,Coculture,F27,Gef,10.0,10.0,uM,3,False,140,,False,True,O27:Coculture:F27:Gef,10.17632/fypp6xhkjy.1
6172,O28,Monoculture,,5-FU,DMSO,0.0,uM,1,True,1508842,seeding not uniform,False,False,O28:Monoculture::5-FU,10.17632/fypp6xhkjy.1
6173,O28,Monoculture,,5-FU,DMSO,0.0,uM,2,True,200400,,False,True,O28:Monoculture::5-FU,10.17632/fypp6xhkjy.1
6174,O28,Monoculture,,5-FU,DMSO,0.0,uM,3,True,770116,,False,True,O28:Monoculture::5-FU,10.17632/fypp6xhkjy.1
6175,O28,Monoculture,,5-FU,DMSO,0.0,uM,4,True,78922,seeding not uniform,False,False,O28:Monoculture::5-FU,10.17632/fypp6xhkjy.1
6176,O28,Monoculture,,5-FU,DMSO,0.0,uM,5,True,180230,,False,True,O28:Monoculture::5-FU,10.17632/fypp6xhkjy.1
6177,O28,Monoculture,,5-FU,DMSO,0.0,uM,6,True,1052948,,False,True,O28:Monoculture::5-FU,10.17632/fypp6xhkjy.1
6178,O28,Monoculture,,5-FU,0.5,0.5,uM,1,False,150362,,False,True,O28:Monoculture::5-FU,10.17632/fypp6xhkjy.1
6179,O28,Monoculture,,5-FU,0.5,0.5,uM,2,False,158516,,False,True,O28:Monoculture::5-FU,10.17632/fypp6xhkjy.1
6180,O28,Monoculture,,5-FU,0.5,0.5,uM,3,False,72471,,False,True,O28:Monoculture::5-FU,10.17632/fypp6xhkjy.1
6181,O28,Monoculture,,5-FU,1.1,1.1,uM,1,False,107337,,False,True,O28:Monoculture::5-FU,10.17632/fypp6xhkjy.1
6182,O28,Monoculture,,5-FU,1.1,1.1,uM,2,False,163389,,False,True,O28:Monoculture::5-FU,10.17632/fypp6xhkjy.1
6183,O28,Monoculture,,5-FU,1.1,1.1,uM,3,False,176448,,False,True,O28:Monoculture::5-FU,10.17632/fypp6xhkjy.1
6184,O28,Monoculture,,5-FU,2.5,2.5,uM,1,False,177227,,False,True,O28:Monoculture::5-FU,10.17632/fypp6xhkjy.1
6185,O28,Monoculture,,5-FU,2.5,2.5,uM,2,False,64031,,False,True,O28:Monoculture::5-FU,10.17632/fypp6xhkjy.1
6186,O28,Monoculture,,5-FU,2.5,2.5,uM,3,False,80612,,False,True,O28:Monoculture::5-FU,10.17632/fypp6xhkjy.1
6187,O28,Monoculture,,5-FU,5.5,5.5,uM,1,False,118908,,False,True,O28:Monoculture::5-FU,10.17632/fypp6xhkjy.1
6188,O28,Monoculture,,5-FU,5.5,5.5,uM,2,False,168697,,False,True,O28:Monoculture::5-FU,10.17632/fypp6xhkjy.1
6189,O28,Monoculture,,5-FU,5.5,5.5,uM,3,False,82942,,False,True,O28:Monoculture::5-FU,10.17632/fypp6xhkjy.1
6190,O28,Monoculture,,5-FU,12.2,12.2,uM,1,False,97310,,False,True,O28:Monoculture::5-FU,10.17632/fypp6xhkjy.1
6191,O28,Monoculture,,5-FU,12.2,12.2,uM,2,False,981655,seeding not uniform,False,False,O28:Monoculture::5-FU,10.17632/fypp6xhkjy.1
6192,O28,Monoculture,,5-FU,12.2,12.2,uM,3,False,108124,,False,True,O28:Monoculture::5-FU,10.17632/fypp6xhkjy.1
6193,O28,Monoculture,,5-FU,27.0,27.0,uM,1,False,53259,,False,True,O28:Monoculture::5-FU,10.17632/fypp6xhkjy.1
6194,O28,Monoculture,,5-FU,27.0,27.0,uM,2,False,117698,,False,True,O28:Monoculture::5-FU,10.17632/fypp6xhkjy.1
6195,O28,Monoculture,,5-FU,27.0,27.0,uM,3,False,67763,,False,True,O28:Monoculture::5-FU,10.17632/fypp6xhkjy.1
6196,O28,Monoculture,,5-FU,60.0,60.0,uM,1,False,67603,,False,True,O28:Monoculture::5-FU,10.17632/fypp6xhkjy.1
6197,O28,Monoculture,,5-FU,60.0,60.0,uM,2,False,32206,,False,True,O28:Monoculture::5-FU,10.17632/fypp6xhkjy.1
6198,O28,Monoculture,,5-FU,60.0,60.0,uM,3,False,9988,,False,True,O28:Monoculture::5-FU,10.17632/fypp6xhkjy.1
6199,O28,Monoculture,,Oxa,DMSO,0.0,uM,1,True,237353,,False,True,O28:Monoculture::Oxa,10.17632/fypp6xhkjy.1
6200,O28,Monoculture,,Oxa,DMSO,0.0,uM,2,True,327676,,False,True,O28:Monoculture::Oxa,10.17632/fypp6xhkjy.1
6201,O28,Monoculture,,Oxa,DMSO,0.0,uM,3,True,428619,,False,True,O28:Monoculture::Oxa,10.17632/fypp6xhkjy.1
6202,O28,Monoculture,,Oxa,0.5,0.5,uM,1,False,22343,,False,True,O28:Monoculture::Oxa,10.17632/fypp6xhkjy.1
6203,O28,Monoculture,,Oxa,0.5,0.5,uM,2,False,61426,,False,True,O28:Monoculture::Oxa,10.17632/fypp6xhkjy.1
6204,O28,Monoculture,,Oxa,0.5,0.5,uM,3,False,78723,,False,True,O28:Monoculture::Oxa,10.17632/fypp6xhkjy.1
6205,O28,Monoculture,,Oxa,1.1,1.1,uM,1,False,68560,,False,True,O28:Monoculture::Oxa,10.17632/fypp6xhkjy.1
6206,O28,Monoculture,,Oxa,1.1,1.1,uM,2,False,61346,,False,True,O28:Monoculture::Oxa,10.17632/fypp6xhkjy.1
6207,O28,Monoculture,,Oxa,1.1,1.1,uM,3,False,22668,,False,True,O28:Monoculture::Oxa,10.17632/fypp6xhkjy.1
6208,O28,Monoculture,,Oxa,2.5,2.5,uM,1,False,32315,,False,True,O28:Monoculture::Oxa,10.17632/fypp6xhkjy.1
6209,O28,Monoculture,,Oxa,2.5,2.5,uM,2,False,33983,,False,True,O28:Monoculture::Oxa,10.17632/fypp6xhkjy.1
6210,O28,Monoculture,,Oxa,2.5,2.5,uM,3,False,39206,,False,True,O28:Monoculture::Oxa,10.17632/fypp6xhkjy.1
6211,O28,Monoculture,,Oxa,5.5,5.5,uM,1,False,29949,,False,True,O28:Monoculture::Oxa,10.17632/fypp6xhkjy.1
6212,O28,Monoculture,,Oxa,5.5,5.5,uM,2,False,22290,,False,True,O28:Monoculture::Oxa,10.17632/fypp6xhkjy.1
6213,O28,Monoculture,,Oxa,5.5,5.5,uM,3,False,21440,,False,True,O28:Monoculture::Oxa,10.17632/fypp6xhkjy.1
6214,O28,Monoculture,,Oxa,12.2,12.2,uM,1,False,18111,,False,True,O28:Monoculture::Oxa,10.17632/fypp6xhkjy.1
6215,O28,Monoculture,,Oxa,12.2,12.2,uM,2,False,22165,,False,True,O28:Monoculture::Oxa,10.17632/fypp6xhkjy.1
6216,O28,Monoculture,,Oxa,12.2,12.2,uM,3,False,27816,,False,True,O28:Monoculture::Oxa,10.17632/fypp6xhkjy.1
6217,O28,Monoculture,,Oxa,27.0,27.0,uM,1,False,8940,,False,True,O28:Monoculture::Oxa,10.17632/fypp6xhkjy.1
6218,O28,Monoculture,,Oxa,27.0,27.0,uM,2,False,6722,,False,True,O28:Monoculture::Oxa,10.17632/fypp6xhkjy.1
6219,O28,Monoculture,,Oxa,27.0,27.0,uM,3,False,12619,,False,True,O28:Monoculture::Oxa,10.17632/fypp6xhkjy.1
6220,O28,Monoculture,,Oxa,60.0,60.0,uM,1,False,4721,,False,True,O28:Monoculture::Oxa,10.17632/fypp6xhkjy.1
6221,O28,Monoculture,,Oxa,60.0,60.0,uM,2,False,957,,False,True,O28:Monoculture::Oxa,10.17632/fypp6xhkjy.1
6222,O28,Monoculture,,Oxa,60.0,60.0,uM,3,False,1646,,False,True,O28:Monoculture::Oxa,10.17632/fypp6xhkjy.1
6223,O28,Monoculture,,SN-38,DMSO,0.0,nM,1,True,78127,,False,True,O28:Monoculture::SN-38,10.17632/fypp6xhkjy.1
6224,O28,Monoculture,,SN-38,DMSO,0.0,nM,2,True,90524,,False,True,O28:Monoculture::SN-38,10.17632/fypp6xhkjy.1
6225,O28,Monoculture,,SN-38,DMSO,0.0,nM,3,True,13944,cells lost,False,False,O28:Monoculture::SN-38,10.17632/fypp6xhkjy.1
6226,O28,Monoculture,,SN-38,0.1,0.1,nM,1,False,41443,,False,True,O28:Monoculture::SN-38,10.17632/fypp6xhkjy.1
6227,O28,Monoculture,,SN-38,0.1,0.1,nM,2,False,22906,,False,True,O28:Monoculture::SN-38,10.17632/fypp6xhkjy.1
6228,O28,Monoculture,,SN-38,0.1,0.1,nM,3,False,26359,,False,True,O28:Monoculture::SN-38,10.17632/fypp6xhkjy.1
6229,O28,Monoculture,,SN-38,0.2,0.2,nM,1,False,47994,,False,True,O28:Monoculture::SN-38,10.17632/fypp6xhkjy.1
6230,O28,Monoculture,,SN-38,0.2,0.2,nM,2,False,27803,,False,True,O28:Monoculture::SN-38,10.17632/fypp6xhkjy.1
6231,O28,Monoculture,,SN-38,0.2,0.2,nM,3,False,126897,,False,True,O28:Monoculture::SN-38,10.17632/fypp6xhkjy.1
6232,O28,Monoculture,,SN-38,0.4,0.4,nM,1,False,18424,,False,True,O28:Monoculture::SN-38,10.17632/fypp6xhkjy.1
6233,O28,Monoculture,,SN-38,0.4,0.4,nM,2,False,32891,,False,True,O28:Monoculture::SN-38,10.17632/fypp6xhkjy.1
6234,O28,Monoculture,,SN-38,0.4,0.4,nM,3,False,24390,,False,True,O28:Monoculture::SN-38,10.17632/fypp6xhkjy.1
6235,O28,Monoculture,,SN-38,0.7,0.7,nM,1,False,44602,,False,True,O28:Monoculture::SN-38,10.17632/fypp6xhkjy.1
6236,O28,Monoculture,,SN-38,0.7,0.7,nM,2,False,14452,,False,True,O28:Monoculture::SN-38,10.17632/fypp6xhkjy.1
6237,O28,Monoculture,,SN-38,0.7,0.7,nM,3,False,18858,,False,True,O28:Monoculture::SN-38,10.17632/fypp6xhkjy.1
6238,O28,Monoculture,,SN-38,1.4,1.4,nM,1,False,46967,,False,True,O28:Monoculture::SN-38,10.17632/fypp6xhkjy.1
6239,O28,Monoculture,,SN-38,1.4,1.4,nM,2,False,34090,,False,True,O28:Monoculture::SN-38,10.17632/fypp6xhkjy.1
6240,O28,Monoculture,,SN-38,1.4,1.4,nM,3,False,26957,,False,True,O28:Monoculture::SN-38,10.17632/fypp6xhkjy.1
6241,O28,Monoculture,,SN-38,2.6,2.6,nM,1,False,21184,,False,True,O28:Monoculture::SN-38,10.17632/fypp6xhkjy.1
6242,O28,Monoculture,,SN-38,2.6,2.6,nM,2,False,29357,,False,True,O28:Monoculture::SN-38,10.17632/fypp6xhkjy.1
6243,O28,Monoculture,,SN-38,2.6,2.6,nM,3,False,27397,,False,True,O28:Monoculture::SN-38,10.17632/fypp6xhkjy.1
6244,O28,Monoculture,,SN-38,5.0,5.0,nM,1,False,27070,,False,True,O28:Monoculture::SN-38,10.17632/fypp6xhkjy.1
6245,O28,Monoculture,,SN-38,5.0,5.0,nM,2,False,25078,,False,True,O28:Monoculture::SN-38,10.17632/fypp6xhkjy.1
6246,O28,Monoculture,,SN-38,5.0,5.0,nM,3,False,33630,,False,True,O28:Monoculture::SN-38,10.17632/fypp6xhkjy.1
6247,O28,Monoculture,,Gef,DMSO,0.0,uM,1,True,198763,,False,True,O28:Monoculture::Gef,10.17632/fypp6xhkjy.1
6248,O28,Monoculture,,Gef,DMSO,0.0,uM,2,True,407147,,False,True,O28:Monoculture::Gef,10.17632/fypp6xhkjy.1
6249,O28,Monoculture,,Gef,DMSO,0.0,uM,3,True,75557,seeding not uniform,False,False,O28:Monoculture::Gef,10.17632/fypp6xhkjy.1
6250,O28,Monoculture,,Gef,0.01,0.01,uM,1,False,286920,,False,True,O28:Monoculture::Gef,10.17632/fypp6xhkjy.1
6251,O28,Monoculture,,Gef,0.01,0.01,uM,2,False,102916,,False,True,O28:Monoculture::Gef,10.17632/fypp6xhkjy.1
6252,O28,Monoculture,,Gef,0.01,0.01,uM,3,False,178493,,False,True,O28:Monoculture::Gef,10.17632/fypp6xhkjy.1
6253,O28,Monoculture,,Gef,0.04,0.04,uM,1,False,147466,,False,True,O28:Monoculture::Gef,10.17632/fypp6xhkjy.1
6254,O28,Monoculture,,Gef,0.04,0.04,uM,2,False,198197,,False,True,O28:Monoculture::Gef,10.17632/fypp6xhkjy.1
6255,O28,Monoculture,,Gef,0.04,0.04,uM,3,False,86007,,False,True,O28:Monoculture::Gef,10.17632/fypp6xhkjy.1
6256,O28,Monoculture,,Gef,0.1,0.1,uM,1,False,116945,,False,True,O28:Monoculture::Gef,10.17632/fypp6xhkjy.1
6257,O28,Monoculture,,Gef,0.1,0.1,uM,2,False,154601,,False,True,O28:Monoculture::Gef,10.17632/fypp6xhkjy.1
6258,O28,Monoculture,,Gef,0.1,0.1,uM,3,False,154071,,False,True,O28:Monoculture::Gef,10.17632/fypp6xhkjy.1
6259,O28,Monoculture,,Gef,0.4,0.4,uM,1,False,217708,,False,True,O28:Monoculture::Gef,10.17632/fypp6xhkjy.1
6260,O28,Monoculture,,Gef,0.4,0.4,uM,2,False,204082,,False,True,O28:Monoculture::Gef,10.17632/fypp6xhkjy.1
6261,O28,Monoculture,,Gef,0.4,0.4,uM,3,False,132815,,False,True,O28:Monoculture::Gef,10.17632/fypp6xhkjy.1
6262,O28,Monoculture,,Gef,1.1,1.1,uM,1,False,107092,,False,True,O28:Monoculture::Gef,10.17632/fypp6xhkjy.1
6263,O28,Monoculture,,Gef,1.1,1.1,uM,2,False,103700,,False,True,O28:Monoculture::Gef,10.17632/fypp6xhkjy.1
6264,O28,Monoculture,,Gef,1.1,1.1,uM,3,False,229840,,False,True,O28:Monoculture::Gef,10.17632/fypp6xhkjy.1
6265,O28,Monoculture,,Gef,3.3,3.3,uM,1,False,347745,,False,True,O28:Monoculture::Gef,10.17632/fypp6xhkjy.1
6266,O28,Monoculture,,Gef,3.3,3.3,uM,2,False,138878,,False,True,O28:Monoculture::Gef,10.17632/fypp6xhkjy.1
6267,O28,Monoculture,,Gef,3.3,3.3,uM,3,False,114443,,False,True,O28:Monoculture::Gef,10.17632/fypp6xhkjy.1
6268,O28,Monoculture,,Gef,10.0,10.0,uM,1,False,246887,,False,True,O28:Monoculture::Gef,10.17632/fypp6xhkjy.1
6269,O28,Monoculture,,Gef,10.0,10.0,uM,2,False,269287,,False,True,O28:Monoculture::Gef,10.17632/fypp6xhkjy.1
6270,O28,Monoculture,,Gef,10.0,10.0,uM,3,False,168637,,False,True,O28:Monoculture::Gef,10.17632/fypp6xhkjy.1
6271,O28,Coculture,F28,5-FU,DMSO,0.0,uM,1,True,263866,,False,True,O28:Coculture:F28:5-FU,10.17632/fypp6xhkjy.1
6272,O28,Coculture,F28,5-FU,DMSO,0.0,uM,2,True,386037,,False,True,O28:Coculture:F28:5-FU,10.17632/fypp6xhkjy.1
6273,O28,Coculture,F28,5-FU,DMSO,0.0,uM,3,True,528147,,False,True,O28:Coculture:F28:5-FU,10.17632/fypp6xhkjy.1
6274,O28,Coculture,F28,5-FU,DMSO,0.0,uM,4,True,133903,,False,True,O28:Coculture:F28:5-FU,10.17632/fypp6xhkjy.1
6275,O28,Coculture,F28,5-FU,DMSO,0.0,uM,5,True,280084,,False,True,O28:Coculture:F28:5-FU,10.17632/fypp6xhkjy.1
6276,O28,Coculture,F28,5-FU,DMSO,0.0,uM,6,True,137099,,False,True,O28:Coculture:F28:5-FU,10.17632/fypp6xhkjy.1
6277,O28,Coculture,F28,5-FU,0.5,0.5,uM,1,False,119227,,False,True,O28:Coculture:F28:5-FU,10.17632/fypp6xhkjy.1
6278,O28,Coculture,F28,5-FU,0.5,0.5,uM,2,False,125323,,False,True,O28:Coculture:F28:5-FU,10.17632/fypp6xhkjy.1
6279,O28,Coculture,F28,5-FU,0.5,0.5,uM,3,False,219356,,False,True,O28:Coculture:F28:5-FU,10.17632/fypp6xhkjy.1
6280,O28,Coculture,F28,5-FU,1.1,1.1,uM,1,False,231921,,False,True,O28:Coculture:F28:5-FU,10.17632/fypp6xhkjy.1
6281,O28,Coculture,F28,5-FU,1.1,1.1,uM,2,False,96363,,False,True,O28:Coculture:F28:5-FU,10.17632/fypp6xhkjy.1
6282,O28,Coculture,F28,5-FU,1.1,1.1,uM,3,False,62843,,False,True,O28:Coculture:F28:5-FU,10.17632/fypp6xhkjy.1
6283,O28,Coculture,F28,5-FU,2.5,2.5,uM,1,False,177221,,False,True,O28:Coculture:F28:5-FU,10.17632/fypp6xhkjy.1
6284,O28,Coculture,F28,5-FU,2.5,2.5,uM,2,False,157406,,False,True,O28:Coculture:F28:5-FU,10.17632/fypp6xhkjy.1
6285,O28,Coculture,F28,5-FU,2.5,2.5,uM,3,False,151996,,False,True,O28:Coculture:F28:5-FU,10.17632/fypp6xhkjy.1
6286,O28,Coculture,F28,5-FU,5.5,5.5,uM,1,False,59901,,False,True,O28:Coculture:F28:5-FU,10.17632/fypp6xhkjy.1
6287,O28,Coculture,F28,5-FU,5.5,5.5,uM,2,False,35368,,False,True,O28:Coculture:F28:5-FU,10.17632/fypp6xhkjy.1
6288,O28,Coculture,F28,5-FU,5.5,5.5,uM,3,False,37858,,False,True,O28:Coculture:F28:5-FU,10.17632/fypp6xhkjy.1
6289,O28,Coculture,F28,5-FU,12.2,12.2,uM,1,False,59390,,False,True,O28:Coculture:F28:5-FU,10.17632/fypp6xhkjy.1
6290,O28,Coculture,F28,5-FU,12.2,12.2,uM,2,False,85231,,False,True,O28:Coculture:F28:5-FU,10.17632/fypp6xhkjy.1
6291,O28,Coculture,F28,5-FU,12.2,12.2,uM,3,False,42131,,False,True,O28:Coculture:F28:5-FU,10.17632/fypp6xhkjy.1
6292,O28,Coculture,F28,5-FU,27.0,27.0,uM,1,False,41377,,False,True,O28:Coculture:F28:5-FU,10.17632/fypp6xhkjy.1
6293,O28,Coculture,F28,5-FU,27.0,27.0,uM,2,False,51043,,False,True,O28:Coculture:F28:5-FU,10.17632/fypp6xhkjy.1
6294,O28,Coculture,F28,5-FU,27.0,27.0,uM,3,False,34808,,False,True,O28:Coculture:F28:5-FU,10.17632/fypp6xhkjy.1
6295,O28,Coculture,F28,5-FU,60.0,60.0,uM,1,False,43039,,False,True,O28:Coculture:F28:5-FU,10.17632/fypp6xhkjy.1
6296,O28,Coculture,F28,5-FU,60.0,60.0,uM,2,False,26445,,False,True,O28:Coculture:F28:5-FU,10.17632/fypp6xhkjy.1
6297,O28,Coculture,F28,5-FU,60.0,60.0,uM,3,False,53199,,False,True,O28:Coculture:F28:5-FU,10.17632/fypp6xhkjy.1
6298,O28,Coculture,F28,Oxa,DMSO,0.0,uM,1,True,125699,,False,True,O28:Coculture:F28:Oxa,10.17632/fypp6xhkjy.1
6299,O28,Coculture,F28,Oxa,DMSO,0.0,uM,2,True,216980,,False,True,O28:Coculture:F28:Oxa,10.17632/fypp6xhkjy.1
6300,O28,Coculture,F28,Oxa,DMSO,0.0,uM,3,True,121174,,False,True,O28:Coculture:F28:Oxa,10.17632/fypp6xhkjy.1
6301,O28,Coculture,F28,Oxa,0.5,0.5,uM,1,False,96307,,False,True,O28:Coculture:F28:Oxa,10.17632/fypp6xhkjy.1
6302,O28,Coculture,F28,Oxa,0.5,0.5,uM,2,False,43504,,False,True,O28:Coculture:F28:Oxa,10.17632/fypp6xhkjy.1
6303,O28,Coculture,F28,Oxa,0.5,0.5,uM,3,False,25488,,False,True,O28:Coculture:F28:Oxa,10.17632/fypp6xhkjy.1
6304,O28,Coculture,F28,Oxa,1.1,1.1,uM,1,False,18861,,False,True,O28:Coculture:F28:Oxa,10.17632/fypp6xhkjy.1
6305,O28,Coculture,F28,Oxa,1.1,1.1,uM,2,False,42517,,False,True,O28:Coculture:F28:Oxa,10.17632/fypp6xhkjy.1
6306,O28,Coculture,F28,Oxa,1.1,1.1,uM,3,False,53453,,False,True,O28:Coculture:F28:Oxa,10.17632/fypp6xhkjy.1
6307,O28,Coculture,F28,Oxa,2.5,2.5,uM,1,False,36943,,False,True,O28:Coculture:F28:Oxa,10.17632/fypp6xhkjy.1
6308,O28,Coculture,F28,Oxa,2.5,2.5,uM,2,False,27220,,False,True,O28:Coculture:F28:Oxa,10.17632/fypp6xhkjy.1
6309,O28,Coculture,F28,Oxa,2.5,2.5,uM,3,False,92445,,False,True,O28:Coculture:F28:Oxa,10.17632/fypp6xhkjy.1
6310,O28,Coculture,F28,Oxa,5.5,5.5,uM,1,False,17008,,False,True,O28:Coculture:F28:Oxa,10.17632/fypp6xhkjy.1
6311,O28,Coculture,F28,Oxa,5.5,5.5,uM,2,False,21171,,False,True,O28:Coculture:F28:Oxa,10.17632/fypp6xhkjy.1
6312,O28,Coculture,F28,Oxa,5.5,5.5,uM,3,False,13152,,False,True,O28:Coculture:F28:Oxa,10.17632/fypp6xhkjy.1
6313,O28,Coculture,F28,Oxa,12.2,12.2,uM,1,False,17062,,False,True,O28:Coculture:F28:Oxa,10.17632/fypp6xhkjy.1
6314,O28,Coculture,F28,Oxa,12.2,12.2,uM,2,False,22804,,False,True,O28:Coculture:F28:Oxa,10.17632/fypp6xhkjy.1
6315,O28,Coculture,F28,Oxa,12.2,12.2,uM,3,False,27717,,False,True,O28:Coculture:F28:Oxa,10.17632/fypp6xhkjy.1
6316,O28,Coculture,F28,Oxa,27.0,27.0,uM,1,False,7475,,False,True,O28:Coculture:F28:Oxa,10.17632/fypp6xhkjy.1
6317,O28,Coculture,F28,Oxa,27.0,27.0,uM,2,False,12984,,False,True,O28:Coculture:F28:Oxa,10.17632/fypp6xhkjy.1
6318,O28,Coculture,F28,Oxa,27.0,27.0,uM,3,False,9537,,False,True,O28:Coculture:F28:Oxa,10.17632/fypp6xhkjy.1
6319,O28,Coculture,F28,Oxa,60.0,60.0,uM,1,False,615,,False,True,O28:Coculture:F28:Oxa,10.17632/fypp6xhkjy.1
6320,O28,Coculture,F28,Oxa,60.0,60.0,uM,2,False,590,,False,True,O28:Coculture:F28:Oxa,10.17632/fypp6xhkjy.1
6321,O28,Coculture,F28,Oxa,60.0,60.0,uM,3,False,1047,,False,True,O28:Coculture:F28:Oxa,10.17632/fypp6xhkjy.1
6322,O28,Coculture,F28,SN-38,DMSO,0.0,nM,1,True,85721,,False,True,O28:Coculture:F28:SN-38,10.17632/fypp6xhkjy.1
6323,O28,Coculture,F28,SN-38,DMSO,0.0,nM,2,True,37830,seeding not uniform,False,False,O28:Coculture:F28:SN-38,10.17632/fypp6xhkjy.1
6324,O28,Coculture,F28,SN-38,DMSO,0.0,nM,3,True,108016,,False,True,O28:Coculture:F28:SN-38,10.17632/fypp6xhkjy.1
6325,O28,Coculture,F28,SN-38,0.1,0.1,nM,1,False,75897,,False,True,O28:Coculture:F28:SN-38,10.17632/fypp6xhkjy.1
6326,O28,Coculture,F28,SN-38,0.1,0.1,nM,2,False,57313,,False,True,O28:Coculture:F28:SN-38,10.17632/fypp6xhkjy.1
6327,O28,Coculture,F28,SN-38,0.1,0.1,nM,3,False,95428,,False,True,O28:Coculture:F28:SN-38,10.17632/fypp6xhkjy.1
6328,O28,Coculture,F28,SN-38,0.2,0.2,nM,1,False,35476,,False,True,O28:Coculture:F28:SN-38,10.17632/fypp6xhkjy.1
6329,O28,Coculture,F28,SN-38,0.2,0.2,nM,2,False,41500,,False,True,O28:Coculture:F28:SN-38,10.17632/fypp6xhkjy.1
6330,O28,Coculture,F28,SN-38,0.2,0.2,nM,3,False,32062,,False,True,O28:Coculture:F28:SN-38,10.17632/fypp6xhkjy.1
6331,O28,Coculture,F28,SN-38,0.4,0.4,nM,1,False,28095,,False,True,O28:Coculture:F28:SN-38,10.17632/fypp6xhkjy.1
6332,O28,Coculture,F28,SN-38,0.4,0.4,nM,2,False,26390,,False,True,O28:Coculture:F28:SN-38,10.17632/fypp6xhkjy.1
6333,O28,Coculture,F28,SN-38,0.4,0.4,nM,3,False,15623,,False,True,O28:Coculture:F28:SN-38,10.17632/fypp6xhkjy.1
6334,O28,Coculture,F28,SN-38,0.7,0.7,nM,1,False,13098,,False,True,O28:Coculture:F28:SN-38,10.17632/fypp6xhkjy.1
6335,O28,Coculture,F28,SN-38,0.7,0.7,nM,2,False,33067,,False,True,O28:Coculture:F28:SN-38,10.17632/fypp6xhkjy.1
6336,O28,Coculture,F28,SN-38,0.7,0.7,nM,3,False,33983,,False,True,O28:Coculture:F28:SN-38,10.17632/fypp6xhkjy.1
6337,O28,Coculture,F28,SN-38,1.4,1.4,nM,1,False,45192,,False,True,O28:Coculture:F28:SN-38,10.17632/fypp6xhkjy.1
6338,O28,Coculture,F28,SN-38,1.4,1.4,nM,2,False,25086,,False,True,O28:Coculture:F28:SN-38,10.17632/fypp6xhkjy.1
6339,O28,Coculture,F28,SN-38,1.4,1.4,nM,3,False,32738,,False,True,O28:Coculture:F28:SN-38,10.17632/fypp6xhkjy.1
6340,O28,Coculture,F28,SN-38,2.6,2.6,nM,1,False,78104,,False,True,O28:Coculture:F28:SN-38,10.17632/fypp6xhkjy.1
6341,O28,Coculture,F28,SN-38,2.6,2.6,nM,2,False,43852,,False,True,O28:Coculture:F28:SN-38,10.17632/fypp6xhkjy.1
6342,O28,Coculture,F28,SN-38,2.6,2.6,nM,3,False,28573,,False,True,O28:Coculture:F28:SN-38,10.17632/fypp6xhkjy.1
6343,O28,Coculture,F28,SN-38,5.0,5.0,nM,1,False,39194,,False,True,O28:Coculture:F28:SN-38,10.17632/fypp6xhkjy.1
6344,O28,Coculture,F28,SN-38,5.0,5.0,nM,2,False,29738,,False,True,O28:Coculture:F28:SN-38,10.17632/fypp6xhkjy.1
6345,O28,Coculture,F28,SN-38,5.0,5.0,nM,3,False,13995,,False,True,O28:Coculture:F28:SN-38,10.17632/fypp6xhkjy.1
6346,O28,Coculture,F28,Gef,DMSO,0.0,uM,1,True,155164,,True,False,O28:Coculture:F28:Gef,10.17632/fypp6xhkjy.1
6347,O28,Coculture,F28,Gef,DMSO,0.0,uM,2,True,293094,,True,False,O28:Coculture:F28:Gef,10.17632/fypp6xhkjy.1
6348,O28,Coculture,F28,Gef,DMSO,0.0,uM,3,True,159508,,True,False,O28:Coculture:F28:Gef,10.17632/fypp6xhkjy.1
6349,O28,Coculture,F28,Gef,0.0,0.0,uM,1,False,169326,,True,False,O28:Coculture:F28:Gef,10.17632/fypp6xhkjy.1
6350,O28,Coculture,F28,Gef,0.0,0.0,uM,2,False,142357,,True,False,O28:Coculture:F28:Gef,10.17632/fypp6xhkjy.1
6351,O28,Coculture,F28,Gef,0.0,0.0,uM,3,False,407616,,True,False,O28:Coculture:F28:Gef,10.17632/fypp6xhkjy.1
6352,O28,Coculture,F28,Gef,0.0,0.0,uM,1,False,411304,,True,False,O28:Coculture:F28:Gef,10.17632/fypp6xhkjy.1
6353,O28,Coculture,F28,Gef,0.0,0.0,uM,2,False,348430,,True,False,O28:Coculture:F28:Gef,10.17632/fypp6xhkjy.1
6354,O28,Coculture,F28,Gef,0.0,0.0,uM,3,False,267164,,True,False,O28:Coculture:F28:Gef,10.17632/fypp6xhkjy.1
6355,O28,Coculture,F28,Gef,0.1,0.1,uM,1,False,207281,,True,False,O28:Coculture:F28:Gef,10.17632/fypp6xhkjy.1
6356,O28,Coculture,F28,Gef,0.1,0.1,uM,2,False,235362,,True,False,O28:Coculture:F28:Gef,10.17632/fypp6xhkjy.1
6357,O28,Coculture,F28,Gef,0.1,0.1,uM,3,False,649232,seeding not uniform,True,False,O28:Coculture:F28:Gef,10.17632/fypp6xhkjy.1
6358,O28,Coculture,F28,Gef,0.4,0.4,uM,1,False,122413,,True,False,O28:Coculture:F28:Gef,10.17632/fypp6xhkjy.1
6359,O28,Coculture,F28,Gef,0.4,0.4,uM,2,False,135818,,True,False,O28:Coculture:F28:Gef,10.17632/fypp6xhkjy.1
6360,O28,Coculture,F28,Gef,0.4,0.4,uM,3,False,142532,,True,False,O28:Coculture:F28:Gef,10.17632/fypp6xhkjy.1
6361,O28,Coculture,F28,Gef,1.1,1.1,uM,1,False,144195,,True,False,O28:Coculture:F28:Gef,10.17632/fypp6xhkjy.1
6362,O28,Coculture,F28,Gef,1.1,1.1,uM,2,False,171549,,True,False,O28:Coculture:F28:Gef,10.17632/fypp6xhkjy.1
6363,O28,Coculture,F28,Gef,1.1,1.1,uM,3,False,78856,,True,False,O28:Coculture:F28:Gef,10.17632/fypp6xhkjy.1
6364,O28,Coculture,F28,Gef,3.3,3.3,uM,1,False,166821,,True,False,O28:Coculture:F28:Gef,10.17632/fypp6xhkjy.1
6365,O28,Coculture,F28,Gef,3.3,3.3,uM,2,False,127816,,True,False,O28:Coculture:F28:Gef,10.17632/fypp6xhkjy.1
6366,O28,Coculture,F28,Gef,3.3,3.3,uM,3,False,135091,,True,False,O28:Coculture:F28:Gef,10.17632/fypp6xhkjy.1
6367,O28,Coculture,F28,Gef,10.0,10.0,uM,1,False,178686,,True,False,O28:Coculture:F28:Gef,10.17632/fypp6xhkjy.1
6368,O28,Coculture,F28,Gef,10.0,10.0,uM,2,False,130145,,True,False,O28:Coculture:F28:Gef,10.17632/fypp6xhkjy.1
6369,O28,Coculture,F28,Gef,10.0,10.0,uM,3,False,121650,,True,False,O28:Coculture:F28:Gef,10.17632/fypp6xhkjy.1
6370,O29,Monoculture,,5-FU,DMSO,0.0,uM,1,True,3859,,False,True,O29:Monoculture::5-FU,10.17632/fypp6xhkjy.1
6371,O29,Monoculture,,5-FU,DMSO,0.0,uM,2,True,4724,,False,True,O29:Monoculture::5-FU,10.17632/fypp6xhkjy.1
6372,O29,Monoculture,,5-FU,DMSO,0.0,uM,3,True,6002,,False,True,O29:Monoculture::5-FU,10.17632/fypp6xhkjy.1
6373,O29,Monoculture,,5-FU,0.5,0.5,uM,1,False,5571,,False,True,O29:Monoculture::5-FU,10.17632/fypp6xhkjy.1
6374,O29,Monoculture,,5-FU,0.5,0.5,uM,2,False,6014,,False,True,O29:Monoculture::5-FU,10.17632/fypp6xhkjy.1
6375,O29,Monoculture,,5-FU,0.5,0.5,uM,3,False,4423,,False,True,O29:Monoculture::5-FU,10.17632/fypp6xhkjy.1
6376,O29,Monoculture,,5-FU,1.1,1.1,uM,1,False,3192,,False,True,O29:Monoculture::5-FU,10.17632/fypp6xhkjy.1
6377,O29,Monoculture,,5-FU,1.1,1.1,uM,2,False,3695,,False,True,O29:Monoculture::5-FU,10.17632/fypp6xhkjy.1
6378,O29,Monoculture,,5-FU,1.1,1.1,uM,3,False,3556,,False,True,O29:Monoculture::5-FU,10.17632/fypp6xhkjy.1
6379,O29,Monoculture,,5-FU,2.5,2.5,uM,1,False,2375,,False,True,O29:Monoculture::5-FU,10.17632/fypp6xhkjy.1
6380,O29,Monoculture,,5-FU,2.5,2.5,uM,2,False,2121,,False,True,O29:Monoculture::5-FU,10.17632/fypp6xhkjy.1
6381,O29,Monoculture,,5-FU,2.5,2.5,uM,3,False,1779,,False,True,O29:Monoculture::5-FU,10.17632/fypp6xhkjy.1
6382,O29,Monoculture,,5-FU,5.5,5.5,uM,1,False,1483,,False,True,O29:Monoculture::5-FU,10.17632/fypp6xhkjy.1
6383,O29,Monoculture,,5-FU,5.5,5.5,uM,2,False,1299,,False,True,O29:Monoculture::5-FU,10.17632/fypp6xhkjy.1
6384,O29,Monoculture,,5-FU,5.5,5.5,uM,3,False,983,,False,True,O29:Monoculture::5-FU,10.17632/fypp6xhkjy.1
6385,O29,Monoculture,,5-FU,12.2,12.2,uM,1,False,970,,False,True,O29:Monoculture::5-FU,10.17632/fypp6xhkjy.1
6386,O29,Monoculture,,5-FU,12.2,12.2,uM,2,False,1197,,False,True,O29:Monoculture::5-FU,10.17632/fypp6xhkjy.1
6387,O29,Monoculture,,5-FU,12.2,12.2,uM,3,False,980,,False,True,O29:Monoculture::5-FU,10.17632/fypp6xhkjy.1
6388,O29,Monoculture,,5-FU,27.0,27.0,uM,1,False,942,,False,True,O29:Monoculture::5-FU,10.17632/fypp6xhkjy.1
6389,O29,Monoculture,,5-FU,27.0,27.0,uM,2,False,731,,False,True,O29:Monoculture::5-FU,10.17632/fypp6xhkjy.1
6390,O29,Monoculture,,5-FU,27.0,27.0,uM,3,False,748,,False,True,O29:Monoculture::5-FU,10.17632/fypp6xhkjy.1
6391,O29,Monoculture,,5-FU,60.0,60.0,uM,1,False,658,,False,True,O29:Monoculture::5-FU,10.17632/fypp6xhkjy.1
6392,O29,Monoculture,,5-FU,60.0,60.0,uM,2,False,702,,False,True,O29:Monoculture::5-FU,10.17632/fypp6xhkjy.1
6393,O29,Monoculture,,5-FU,60.0,60.0,uM,3,False,414,,False,True,O29:Monoculture::5-FU,10.17632/fypp6xhkjy.1
6394,O29,Monoculture,,Oxa,DMSO,0.0,uM,1,True,5543,,False,True,O29:Monoculture::Oxa,10.17632/fypp6xhkjy.1
6395,O29,Monoculture,,Oxa,DMSO,0.0,uM,2,True,4828,,False,True,O29:Monoculture::Oxa,10.17632/fypp6xhkjy.1
6396,O29,Monoculture,,Oxa,DMSO,0.0,uM,3,True,3880,,False,True,O29:Monoculture::Oxa,10.17632/fypp6xhkjy.1
6397,O29,Monoculture,,Oxa,0.5,0.5,uM,1,False,6362,,False,True,O29:Monoculture::Oxa,10.17632/fypp6xhkjy.1
6398,O29,Monoculture,,Oxa,0.5,0.5,uM,2,False,6593,,False,True,O29:Monoculture::Oxa,10.17632/fypp6xhkjy.1
6399,O29,Monoculture,,Oxa,0.5,0.5,uM,3,False,5773,,False,True,O29:Monoculture::Oxa,10.17632/fypp6xhkjy.1
6400,O29,Monoculture,,Oxa,1.1,1.1,uM,1,False,4572,,False,True,O29:Monoculture::Oxa,10.17632/fypp6xhkjy.1
6401,O29,Monoculture,,Oxa,1.1,1.1,uM,2,False,4039,,False,True,O29:Monoculture::Oxa,10.17632/fypp6xhkjy.1
6402,O29,Monoculture,,Oxa,1.1,1.1,uM,3,False,5169,,False,True,O29:Monoculture::Oxa,10.17632/fypp6xhkjy.1
6403,O29,Monoculture,,Oxa,2.5,2.5,uM,1,False,2814,,False,True,O29:Monoculture::Oxa,10.17632/fypp6xhkjy.1
6404,O29,Monoculture,,Oxa,2.5,2.5,uM,2,False,2463,,False,True,O29:Monoculture::Oxa,10.17632/fypp6xhkjy.1
6405,O29,Monoculture,,Oxa,2.5,2.5,uM,3,False,2746,,False,True,O29:Monoculture::Oxa,10.17632/fypp6xhkjy.1
6406,O29,Monoculture,,Oxa,5.5,5.5,uM,1,False,1680,,False,True,O29:Monoculture::Oxa,10.17632/fypp6xhkjy.1
6407,O29,Monoculture,,Oxa,5.5,5.5,uM,2,False,1163,,False,True,O29:Monoculture::Oxa,10.17632/fypp6xhkjy.1
6408,O29,Monoculture,,Oxa,5.5,5.5,uM,3,False,1015,,False,True,O29:Monoculture::Oxa,10.17632/fypp6xhkjy.1
6409,O29,Monoculture,,Oxa,12.2,12.2,uM,1,False,549,,False,True,O29:Monoculture::Oxa,10.17632/fypp6xhkjy.1
6410,O29,Monoculture,,Oxa,12.2,12.2,uM,2,False,504,,False,True,O29:Monoculture::Oxa,10.17632/fypp6xhkjy.1
6411,O29,Monoculture,,Oxa,12.2,12.2,uM,3,False,535,,False,True,O29:Monoculture::Oxa,10.17632/fypp6xhkjy.1
6412,O29,Monoculture,,Oxa,27.0,27.0,uM,1,False,351,,False,True,O29:Monoculture::Oxa,10.17632/fypp6xhkjy.1
6413,O29,Monoculture,,Oxa,27.0,27.0,uM,2,False,338,,False,True,O29:Monoculture::Oxa,10.17632/fypp6xhkjy.1
6414,O29,Monoculture,,Oxa,27.0,27.0,uM,3,False,475,,False,True,O29:Monoculture::Oxa,10.17632/fypp6xhkjy.1
6415,O29,Monoculture,,Oxa,60.0,60.0,uM,1,False,306,,False,True,O29:Monoculture::Oxa,10.17632/fypp6xhkjy.1
6416,O29,Monoculture,,Oxa,60.0,60.0,uM,2,False,280,,False,True,O29:Monoculture::Oxa,10.17632/fypp6xhkjy.1
6417,O29,Monoculture,,Oxa,60.0,60.0,uM,3,False,249,,False,True,O29:Monoculture::Oxa,10.17632/fypp6xhkjy.1
6418,O29,Monoculture,,SN-38,DMSO,0.0,nM,1,True,3946,,False,True,O29:Monoculture::SN-38,10.17632/fypp6xhkjy.1
6419,O29,Monoculture,,SN-38,DMSO,0.0,nM,2,True,4066,,False,True,O29:Monoculture::SN-38,10.17632/fypp6xhkjy.1
6420,O29,Monoculture,,SN-38,DMSO,0.0,nM,3,True,6913,,False,True,O29:Monoculture::SN-38,10.17632/fypp6xhkjy.1
6421,O29,Monoculture,,SN-38,0.1,0.1,nM,1,False,5562,,False,True,O29:Monoculture::SN-38,10.17632/fypp6xhkjy.1
6422,O29,Monoculture,,SN-38,0.1,0.1,nM,2,False,4529,,False,True,O29:Monoculture::SN-38,10.17632/fypp6xhkjy.1
6423,O29,Monoculture,,SN-38,0.1,0.1,nM,3,False,5286,,False,True,O29:Monoculture::SN-38,10.17632/fypp6xhkjy.1
6424,O29,Monoculture,,SN-38,0.2,0.2,nM,1,False,7181,,False,True,O29:Monoculture::SN-38,10.17632/fypp6xhkjy.1
6425,O29,Monoculture,,SN-38,0.2,0.2,nM,2,False,5222,,False,True,O29:Monoculture::SN-38,10.17632/fypp6xhkjy.1
6426,O29,Monoculture,,SN-38,0.2,0.2,nM,3,False,6831,,False,True,O29:Monoculture::SN-38,10.17632/fypp6xhkjy.1
6427,O29,Monoculture,,SN-38,0.4,0.4,nM,1,False,3938,,False,True,O29:Monoculture::SN-38,10.17632/fypp6xhkjy.1
6428,O29,Monoculture,,SN-38,0.4,0.4,nM,2,False,3074,,False,True,O29:Monoculture::SN-38,10.17632/fypp6xhkjy.1
6429,O29,Monoculture,,SN-38,0.4,0.4,nM,3,False,4035,,False,True,O29:Monoculture::SN-38,10.17632/fypp6xhkjy.1
6430,O29,Monoculture,,SN-38,0.7,0.7,nM,1,False,3432,,False,True,O29:Monoculture::SN-38,10.17632/fypp6xhkjy.1
6431,O29,Monoculture,,SN-38,0.7,0.7,nM,2,False,3996,,False,True,O29:Monoculture::SN-38,10.17632/fypp6xhkjy.1
6432,O29,Monoculture,,SN-38,0.7,0.7,nM,3,False,4513,,False,True,O29:Monoculture::SN-38,10.17632/fypp6xhkjy.1
6433,O29,Monoculture,,SN-38,1.4,1.4,nM,1,False,1664,,False,True,O29:Monoculture::SN-38,10.17632/fypp6xhkjy.1
6434,O29,Monoculture,,SN-38,1.4,1.4,nM,2,False,1625,,False,True,O29:Monoculture::SN-38,10.17632/fypp6xhkjy.1
6435,O29,Monoculture,,SN-38,1.4,1.4,nM,3,False,3587,,False,True,O29:Monoculture::SN-38,10.17632/fypp6xhkjy.1
6436,O29,Monoculture,,SN-38,2.6,2.6,nM,1,False,433,,False,True,O29:Monoculture::SN-38,10.17632/fypp6xhkjy.1
6437,O29,Monoculture,,SN-38,2.6,2.6,nM,2,False,514,,False,True,O29:Monoculture::SN-38,10.17632/fypp6xhkjy.1
6438,O29,Monoculture,,SN-38,2.6,2.6,nM,3,False,452,,False,True,O29:Monoculture::SN-38,10.17632/fypp6xhkjy.1
6439,O29,Monoculture,,SN-38,5.0,5.0,nM,1,False,126,,False,True,O29:Monoculture::SN-38,10.17632/fypp6xhkjy.1
6440,O29,Monoculture,,SN-38,5.0,5.0,nM,2,False,96,,False,True,O29:Monoculture::SN-38,10.17632/fypp6xhkjy.1
6441,O29,Monoculture,,SN-38,5.0,5.0,nM,3,False,130,,False,True,O29:Monoculture::SN-38,10.17632/fypp6xhkjy.1
6442,O29,Monoculture,,Gef,DMSO,0.0,uM,1,True,9147,,False,True,O29:Monoculture::Gef,10.17632/fypp6xhkjy.1
6443,O29,Monoculture,,Gef,DMSO,0.0,uM,2,True,5836,,False,True,O29:Monoculture::Gef,10.17632/fypp6xhkjy.1
6444,O29,Monoculture,,Gef,DMSO,0.0,uM,3,True,6209,,False,True,O29:Monoculture::Gef,10.17632/fypp6xhkjy.1
6445,O29,Monoculture,,Gef,0.01,0.01,uM,1,False,4624,,False,True,O29:Monoculture::Gef,10.17632/fypp6xhkjy.1
6446,O29,Monoculture,,Gef,0.01,0.01,uM,2,False,4013,,False,True,O29:Monoculture::Gef,10.17632/fypp6xhkjy.1
6447,O29,Monoculture,,Gef,0.01,0.01,uM,3,False,5041,,False,True,O29:Monoculture::Gef,10.17632/fypp6xhkjy.1
6448,O29,Monoculture,,Gef,0.04,0.04,uM,1,False,2903,,False,True,O29:Monoculture::Gef,10.17632/fypp6xhkjy.1
6449,O29,Monoculture,,Gef,0.04,0.04,uM,2,False,3499,,False,True,O29:Monoculture::Gef,10.17632/fypp6xhkjy.1
6450,O29,Monoculture,,Gef,0.04,0.04,uM,3,False,4912,,False,True,O29:Monoculture::Gef,10.17632/fypp6xhkjy.1
6451,O29,Monoculture,,Gef,0.1,0.1,uM,1,False,1705,,False,True,O29:Monoculture::Gef,10.17632/fypp6xhkjy.1
6452,O29,Monoculture,,Gef,0.1,0.1,uM,2,False,2334,,False,True,O29:Monoculture::Gef,10.17632/fypp6xhkjy.1
6453,O29,Monoculture,,Gef,0.1,0.1,uM,3,False,4350,,False,True,O29:Monoculture::Gef,10.17632/fypp6xhkjy.1
6454,O29,Monoculture,,Gef,0.4,0.4,uM,1,False,880,,False,True,O29:Monoculture::Gef,10.17632/fypp6xhkjy.1
6455,O29,Monoculture,,Gef,0.4,0.4,uM,2,False,713,,False,True,O29:Monoculture::Gef,10.17632/fypp6xhkjy.1
6456,O29,Monoculture,,Gef,0.4,0.4,uM,3,False,1031,,False,True,O29:Monoculture::Gef,10.17632/fypp6xhkjy.1
6457,O29,Monoculture,,Gef,1.1,1.1,uM,1,False,584,,False,True,O29:Monoculture::Gef,10.17632/fypp6xhkjy.1
6458,O29,Monoculture,,Gef,1.1,1.1,uM,2,False,396,,False,True,O29:Monoculture::Gef,10.17632/fypp6xhkjy.1
6459,O29,Monoculture,,Gef,1.1,1.1,uM,3,False,497,,False,True,O29:Monoculture::Gef,10.17632/fypp6xhkjy.1
6460,O29,Monoculture,,Gef,3.3,3.3,uM,1,False,453,,False,True,O29:Monoculture::Gef,10.17632/fypp6xhkjy.1
6461,O29,Monoculture,,Gef,3.3,3.3,uM,2,False,363,,False,True,O29:Monoculture::Gef,10.17632/fypp6xhkjy.1
6462,O29,Monoculture,,Gef,3.3,3.3,uM,3,False,392,,False,True,O29:Monoculture::Gef,10.17632/fypp6xhkjy.1
6463,O29,Monoculture,,Gef,10.0,10.0,uM,1,False,504,,False,True,O29:Monoculture::Gef,10.17632/fypp6xhkjy.1
6464,O29,Monoculture,,Gef,10.0,10.0,uM,2,False,170,,False,True,O29:Monoculture::Gef,10.17632/fypp6xhkjy.1
6465,O29,Monoculture,,Gef,10.0,10.0,uM,3,False,361,,False,True,O29:Monoculture::Gef,10.17632/fypp6xhkjy.1
6466,O29,Coculture,F14,5-FU,DMSO,0.0,uM,1,True,4961,,False,True,O29:Coculture:F14:5-FU,10.17632/fypp6xhkjy.1
6467,O29,Coculture,F14,5-FU,DMSO,0.0,uM,2,True,3542,,False,True,O29:Coculture:F14:5-FU,10.17632/fypp6xhkjy.1
6468,O29,Coculture,F14,5-FU,DMSO,0.0,uM,3,True,4323,,False,True,O29:Coculture:F14:5-FU,10.17632/fypp6xhkjy.1
6469,O29,Coculture,F14,5-FU,0.5,0.5,uM,1,False,4419,,False,True,O29:Coculture:F14:5-FU,10.17632/fypp6xhkjy.1
6470,O29,Coculture,F14,5-FU,0.5,0.5,uM,2,False,4000,,False,True,O29:Coculture:F14:5-FU,10.17632/fypp6xhkjy.1
6471,O29,Coculture,F14,5-FU,0.5,0.5,uM,3,False,3401,,False,True,O29:Coculture:F14:5-FU,10.17632/fypp6xhkjy.1
6472,O29,Coculture,F14,5-FU,1.1,1.1,uM,1,False,2918,,False,True,O29:Coculture:F14:5-FU,10.17632/fypp6xhkjy.1
6473,O29,Coculture,F14,5-FU,1.1,1.1,uM,2,False,2214,,False,True,O29:Coculture:F14:5-FU,10.17632/fypp6xhkjy.1
6474,O29,Coculture,F14,5-FU,1.1,1.1,uM,3,False,2270,,False,True,O29:Coculture:F14:5-FU,10.17632/fypp6xhkjy.1
6475,O29,Coculture,F14,5-FU,2.5,2.5,uM,1,False,2326,,False,True,O29:Coculture:F14:5-FU,10.17632/fypp6xhkjy.1
6476,O29,Coculture,F14,5-FU,2.5,2.5,uM,2,False,1905,,False,True,O29:Coculture:F14:5-FU,10.17632/fypp6xhkjy.1
6477,O29,Coculture,F14,5-FU,2.5,2.5,uM,3,False,1780,,False,True,O29:Coculture:F14:5-FU,10.17632/fypp6xhkjy.1
6478,O29,Coculture,F14,5-FU,5.5,5.5,uM,1,False,1239,,False,True,O29:Coculture:F14:5-FU,10.17632/fypp6xhkjy.1
6479,O29,Coculture,F14,5-FU,5.5,5.5,uM,2,False,1415,,False,True,O29:Coculture:F14:5-FU,10.17632/fypp6xhkjy.1
6480,O29,Coculture,F14,5-FU,5.5,5.5,uM,3,False,1580,,False,True,O29:Coculture:F14:5-FU,10.17632/fypp6xhkjy.1
6481,O29,Coculture,F14,5-FU,12.2,12.2,uM,1,False,1135,,False,True,O29:Coculture:F14:5-FU,10.17632/fypp6xhkjy.1
6482,O29,Coculture,F14,5-FU,12.2,12.2,uM,2,False,1035,,False,True,O29:Coculture:F14:5-FU,10.17632/fypp6xhkjy.1
6483,O29,Coculture,F14,5-FU,12.2,12.2,uM,3,False,1279,,False,True,O29:Coculture:F14:5-FU,10.17632/fypp6xhkjy.1
6484,O29,Coculture,F14,5-FU,27.0,27.0,uM,1,False,888,,False,True,O29:Coculture:F14:5-FU,10.17632/fypp6xhkjy.1
6485,O29,Coculture,F14,5-FU,27.0,27.0,uM,2,False,930,,False,True,O29:Coculture:F14:5-FU,10.17632/fypp6xhkjy.1
6486,O29,Coculture,F14,5-FU,27.0,27.0,uM,3,False,741,,False,True,O29:Coculture:F14:5-FU,10.17632/fypp6xhkjy.1
6487,O29,Coculture,F14,5-FU,60.0,60.0,uM,1,False,673,,False,True,O29:Coculture:F14:5-FU,10.17632/fypp6xhkjy.1
6488,O29,Coculture,F14,5-FU,60.0,60.0,uM,2,False,579,,False,True,O29:Coculture:F14:5-FU,10.17632/fypp6xhkjy.1
6489,O29,Coculture,F14,5-FU,60.0,60.0,uM,3,False,703,,False,True,O29:Coculture:F14:5-FU,10.17632/fypp6xhkjy.1
6490,O29,Coculture,F14,Oxa,DMSO,0.0,uM,1,True,4549,,False,True,O29:Coculture:F14:Oxa,10.17632/fypp6xhkjy.1
6491,O29,Coculture,F14,Oxa,DMSO,0.0,uM,2,True,5389,,False,True,O29:Coculture:F14:Oxa,10.17632/fypp6xhkjy.1
6492,O29,Coculture,F14,Oxa,DMSO,0.0,uM,3,True,7039,,False,True,O29:Coculture:F14:Oxa,10.17632/fypp6xhkjy.1
6493,O29,Coculture,F14,Oxa,0.5,0.5,uM,1,False,4214,,False,True,O29:Coculture:F14:Oxa,10.17632/fypp6xhkjy.1
6494,O29,Coculture,F14,Oxa,0.5,0.5,uM,2,False,4417,,False,True,O29:Coculture:F14:Oxa,10.17632/fypp6xhkjy.1
6495,O29,Coculture,F14,Oxa,0.5,0.5,uM,3,False,4546,,False,True,O29:Coculture:F14:Oxa,10.17632/fypp6xhkjy.1
6496,O29,Coculture,F14,Oxa,1.1,1.1,uM,1,False,1915,,False,True,O29:Coculture:F14:Oxa,10.17632/fypp6xhkjy.1
6497,O29,Coculture,F14,Oxa,1.1,1.1,uM,2,False,2532,,False,True,O29:Coculture:F14:Oxa,10.17632/fypp6xhkjy.1
6498,O29,Coculture,F14,Oxa,1.1,1.1,uM,3,False,2850,,False,True,O29:Coculture:F14:Oxa,10.17632/fypp6xhkjy.1
6499,O29,Coculture,F14,Oxa,2.5,2.5,uM,1,False,1850,,False,True,O29:Coculture:F14:Oxa,10.17632/fypp6xhkjy.1
6500,O29,Coculture,F14,Oxa,2.5,2.5,uM,2,False,3347,,False,True,O29:Coculture:F14:Oxa,10.17632/fypp6xhkjy.1
6501,O29,Coculture,F14,Oxa,2.5,2.5,uM,3,False,3443,,False,True,O29:Coculture:F14:Oxa,10.17632/fypp6xhkjy.1
6502,O29,Coculture,F14,Oxa,5.5,5.5,uM,1,False,1569,,False,True,O29:Coculture:F14:Oxa,10.17632/fypp6xhkjy.1
6503,O29,Coculture,F14,Oxa,5.5,5.5,uM,2,False,1610,,False,True,O29:Coculture:F14:Oxa,10.17632/fypp6xhkjy.1
6504,O29,Coculture,F14,Oxa,5.5,5.5,uM,3,False,1568,,False,True,O29:Coculture:F14:Oxa,10.17632/fypp6xhkjy.1
6505,O29,Coculture,F14,Oxa,12.2,12.2,uM,1,False,736,,False,True,O29:Coculture:F14:Oxa,10.17632/fypp6xhkjy.1
6506,O29,Coculture,F14,Oxa,12.2,12.2,uM,2,False,793,,False,True,O29:Coculture:F14:Oxa,10.17632/fypp6xhkjy.1
6507,O29,Coculture,F14,Oxa,12.2,12.2,uM,3,False,683,,False,True,O29:Coculture:F14:Oxa,10.17632/fypp6xhkjy.1
6508,O29,Coculture,F14,Oxa,27.0,27.0,uM,1,False,490,,False,True,O29:Coculture:F14:Oxa,10.17632/fypp6xhkjy.1
6509,O29,Coculture,F14,Oxa,27.0,27.0,uM,2,False,732,,False,True,O29:Coculture:F14:Oxa,10.17632/fypp6xhkjy.1
6510,O29,Coculture,F14,Oxa,27.0,27.0,uM,3,False,667,,False,True,O29:Coculture:F14:Oxa,10.17632/fypp6xhkjy.1
6511,O29,Coculture,F14,Oxa,60.0,60.0,uM,1,False,408,,False,True,O29:Coculture:F14:Oxa,10.17632/fypp6xhkjy.1
6512,O29,Coculture,F14,Oxa,60.0,60.0,uM,2,False,726,,False,True,O29:Coculture:F14:Oxa,10.17632/fypp6xhkjy.1
6513,O29,Coculture,F14,Oxa,60.0,60.0,uM,3,False,545,,False,True,O29:Coculture:F14:Oxa,10.17632/fypp6xhkjy.1
6514,O29,Coculture,F14,SN-38,DMSO,0.0,nM,1,True,3825,,False,True,O29:Coculture:F14:SN-38,10.17632/fypp6xhkjy.1
6515,O29,Coculture,F14,SN-38,DMSO,0.0,nM,2,True,4596,,False,True,O29:Coculture:F14:SN-38,10.17632/fypp6xhkjy.1
6516,O29,Coculture,F14,SN-38,DMSO,0.0,nM,3,True,4100,,False,True,O29:Coculture:F14:SN-38,10.17632/fypp6xhkjy.1
6517,O29,Coculture,F14,SN-38,0.1,0.1,nM,1,False,5553,,False,True,O29:Coculture:F14:SN-38,10.17632/fypp6xhkjy.1
6518,O29,Coculture,F14,SN-38,0.1,0.1,nM,2,False,6426,,False,True,O29:Coculture:F14:SN-38,10.17632/fypp6xhkjy.1
6519,O29,Coculture,F14,SN-38,0.1,0.1,nM,3,False,4095,,False,True,O29:Coculture:F14:SN-38,10.17632/fypp6xhkjy.1
6520,O29,Coculture,F14,SN-38,0.2,0.2,nM,1,False,4842,,False,True,O29:Coculture:F14:SN-38,10.17632/fypp6xhkjy.1
6521,O29,Coculture,F14,SN-38,0.2,0.2,nM,2,False,5459,,False,True,O29:Coculture:F14:SN-38,10.17632/fypp6xhkjy.1
6522,O29,Coculture,F14,SN-38,0.2,0.2,nM,3,False,5839,,False,True,O29:Coculture:F14:SN-38,10.17632/fypp6xhkjy.1
6523,O29,Coculture,F14,SN-38,0.4,0.4,nM,1,False,6682,,False,True,O29:Coculture:F14:SN-38,10.17632/fypp6xhkjy.1
6524,O29,Coculture,F14,SN-38,0.4,0.4,nM,2,False,5589,,False,True,O29:Coculture:F14:SN-38,10.17632/fypp6xhkjy.1
6525,O29,Coculture,F14,SN-38,0.4,0.4,nM,3,False,7201,,False,True,O29:Coculture:F14:SN-38,10.17632/fypp6xhkjy.1
6526,O29,Coculture,F14,SN-38,0.7,0.7,nM,1,False,4303,,False,True,O29:Coculture:F14:SN-38,10.17632/fypp6xhkjy.1
6527,O29,Coculture,F14,SN-38,0.7,0.7,nM,2,False,3036,,False,True,O29:Coculture:F14:SN-38,10.17632/fypp6xhkjy.1
6528,O29,Coculture,F14,SN-38,0.7,0.7,nM,3,False,4508,,False,True,O29:Coculture:F14:SN-38,10.17632/fypp6xhkjy.1
6529,O29,Coculture,F14,SN-38,1.4,1.4,nM,1,False,3006,,False,True,O29:Coculture:F14:SN-38,10.17632/fypp6xhkjy.1
6530,O29,Coculture,F14,SN-38,1.4,1.4,nM,2,False,1906,,False,True,O29:Coculture:F14:SN-38,10.17632/fypp6xhkjy.1
6531,O29,Coculture,F14,SN-38,1.4,1.4,nM,3,False,2593,,False,True,O29:Coculture:F14:SN-38,10.17632/fypp6xhkjy.1
6532,O29,Coculture,F14,SN-38,2.6,2.6,nM,1,False,397,,False,True,O29:Coculture:F14:SN-38,10.17632/fypp6xhkjy.1
6533,O29,Coculture,F14,SN-38,2.6,2.6,nM,2,False,281,,False,True,O29:Coculture:F14:SN-38,10.17632/fypp6xhkjy.1
6534,O29,Coculture,F14,SN-38,2.6,2.6,nM,3,False,407,,False,True,O29:Coculture:F14:SN-38,10.17632/fypp6xhkjy.1
6535,O29,Coculture,F14,SN-38,5.0,5.0,nM,1,False,173,,False,True,O29:Coculture:F14:SN-38,10.17632/fypp6xhkjy.1
6536,O29,Coculture,F14,SN-38,5.0,5.0,nM,2,False,125,,False,True,O29:Coculture:F14:SN-38,10.17632/fypp6xhkjy.1
6537,O29,Coculture,F14,SN-38,5.0,5.0,nM,3,False,167,,False,True,O29:Coculture:F14:SN-38,10.17632/fypp6xhkjy.1
6538,O29,Coculture,F14,Gef,DMSO,0.0,uM,1,True,4727,,False,True,O29:Coculture:F14:Gef,10.17632/fypp6xhkjy.1
6539,O29,Coculture,F14,Gef,DMSO,0.0,uM,2,True,4154,,False,True,O29:Coculture:F14:Gef,10.17632/fypp6xhkjy.1
6540,O29,Coculture,F14,Gef,DMSO,0.0,uM,3,True,5386,,False,True,O29:Coculture:F14:Gef,10.17632/fypp6xhkjy.1
6541,O29,Coculture,F14,Gef,0.01,0.01,uM,1,False,4849,,False,True,O29:Coculture:F14:Gef,10.17632/fypp6xhkjy.1
6542,O29,Coculture,F14,Gef,0.01,0.01,uM,2,False,3971,,False,True,O29:Coculture:F14:Gef,10.17632/fypp6xhkjy.1
6543,O29,Coculture,F14,Gef,0.01,0.01,uM,3,False,4547,,False,True,O29:Coculture:F14:Gef,10.17632/fypp6xhkjy.1
6544,O29,Coculture,F14,Gef,0.04,0.04,uM,1,False,5720,,False,True,O29:Coculture:F14:Gef,10.17632/fypp6xhkjy.1
6545,O29,Coculture,F14,Gef,0.04,0.04,uM,2,False,4211,,False,True,O29:Coculture:F14:Gef,10.17632/fypp6xhkjy.1
6546,O29,Coculture,F14,Gef,0.04,0.04,uM,3,False,4354,,False,True,O29:Coculture:F14:Gef,10.17632/fypp6xhkjy.1
6547,O29,Coculture,F14,Gef,0.1,0.1,uM,1,False,3262,,False,True,O29:Coculture:F14:Gef,10.17632/fypp6xhkjy.1
6548,O29,Coculture,F14,Gef,0.1,0.1,uM,2,False,2420,,False,True,O29:Coculture:F14:Gef,10.17632/fypp6xhkjy.1
6549,O29,Coculture,F14,Gef,0.1,0.1,uM,3,False,4189,,False,True,O29:Coculture:F14:Gef,10.17632/fypp6xhkjy.1
6550,O29,Coculture,F14,Gef,0.4,0.4,uM,1,False,1787,,False,True,O29:Coculture:F14:Gef,10.17632/fypp6xhkjy.1
6551,O29,Coculture,F14,Gef,0.4,0.4,uM,2,False,1397,,False,True,O29:Coculture:F14:Gef,10.17632/fypp6xhkjy.1
6552,O29,Coculture,F14,Gef,0.4,0.4,uM,3,False,2459,,False,True,O29:Coculture:F14:Gef,10.17632/fypp6xhkjy.1
6553,O29,Coculture,F14,Gef,1.1,1.1,uM,1,False,1035,,False,True,O29:Coculture:F14:Gef,10.17632/fypp6xhkjy.1
6554,O29,Coculture,F14,Gef,1.1,1.1,uM,2,False,841,,False,True,O29:Coculture:F14:Gef,10.17632/fypp6xhkjy.1
6555,O29,Coculture,F14,Gef,1.1,1.1,uM,3,False,1381,,False,True,O29:Coculture:F14:Gef,10.17632/fypp6xhkjy.1
6556,O29,Coculture,F14,Gef,3.3,3.3,uM,1,False,789,,False,True,O29:Coculture:F14:Gef,10.17632/fypp6xhkjy.1
6557,O29,Coculture,F14,Gef,3.3,3.3,uM,2,False,463,,False,True,O29:Coculture:F14:Gef,10.17632/fypp6xhkjy.1
6558,O29,Coculture,F14,Gef,3.3,3.3,uM,3,False,760,,False,True,O29:Coculture:F14:Gef,10.17632/fypp6xhkjy.1
6559,O29,Coculture,F14,Gef,10.0,10.0,uM,1,False,855,,False,True,O29:Coculture:F14:Gef,10.17632/fypp6xhkjy.1
6560,O29,Coculture,F14,Gef,10.0,10.0,uM,2,False,672,,False,True,O29:Coculture:F14:Gef,10.17632/fypp6xhkjy.1
6561,O29,Coculture,F14,Gef,10.0,10.0,uM,3,False,680,,False,True,O29:Coculture:F14:Gef,10.17632/fypp6xhkjy.1
6562,O30,Monoculture,,5-FU,DMSO,0.0,uM,1,True,265850,,False,True,O30:Monoculture::5-FU,10.17632/fypp6xhkjy.1
6563,O30,Monoculture,,5-FU,DMSO,0.0,uM,2,True,178975,,False,True,O30:Monoculture::5-FU,10.17632/fypp6xhkjy.1
6564,O30,Monoculture,,5-FU,DMSO,0.0,uM,3,True,307816,,False,True,O30:Monoculture::5-FU,10.17632/fypp6xhkjy.1
6565,O30,Monoculture,,5-FU,0.5,0.5,uM,1,False,369152,,False,True,O30:Monoculture::5-FU,10.17632/fypp6xhkjy.1
6566,O30,Monoculture,,5-FU,0.5,0.5,uM,2,False,155053,,False,True,O30:Monoculture::5-FU,10.17632/fypp6xhkjy.1
6567,O30,Monoculture,,5-FU,0.5,0.5,uM,3,False,166235,,False,True,O30:Monoculture::5-FU,10.17632/fypp6xhkjy.1
6568,O30,Monoculture,,5-FU,1.1,1.1,uM,1,False,271568,,False,True,O30:Monoculture::5-FU,10.17632/fypp6xhkjy.1
6569,O30,Monoculture,,5-FU,1.1,1.1,uM,2,False,213148,,False,True,O30:Monoculture::5-FU,10.17632/fypp6xhkjy.1
6570,O30,Monoculture,,5-FU,1.1,1.1,uM,3,False,342705,,False,True,O30:Monoculture::5-FU,10.17632/fypp6xhkjy.1
6571,O30,Monoculture,,5-FU,2.5,2.5,uM,1,False,304465,,False,True,O30:Monoculture::5-FU,10.17632/fypp6xhkjy.1
6572,O30,Monoculture,,5-FU,2.5,2.5,uM,2,False,167196,,False,True,O30:Monoculture::5-FU,10.17632/fypp6xhkjy.1
6573,O30,Monoculture,,5-FU,2.5,2.5,uM,3,False,260495,,False,True,O30:Monoculture::5-FU,10.17632/fypp6xhkjy.1
6574,O30,Monoculture,,5-FU,5.5,5.5,uM,1,False,328197,,False,True,O30:Monoculture::5-FU,10.17632/fypp6xhkjy.1
6575,O30,Monoculture,,5-FU,5.5,5.5,uM,2,False,136213,,False,True,O30:Monoculture::5-FU,10.17632/fypp6xhkjy.1
6576,O30,Monoculture,,5-FU,5.5,5.5,uM,3,False,231642,,False,True,O30:Monoculture::5-FU,10.17632/fypp6xhkjy.1
6577,O30,Monoculture,,5-FU,12.2,12.2,uM,1,False,260313,,False,True,O30:Monoculture::5-FU,10.17632/fypp6xhkjy.1
6578,O30,Monoculture,,5-FU,12.2,12.2,uM,2,False,275945,,False,True,O30:Monoculture::5-FU,10.17632/fypp6xhkjy.1
6579,O30,Monoculture,,5-FU,12.2,12.2,uM,3,False,274373,,False,True,O30:Monoculture::5-FU,10.17632/fypp6xhkjy.1
6580,O30,Monoculture,,5-FU,27.0,27.0,uM,1,False,221422,,False,True,O30:Monoculture::5-FU,10.17632/fypp6xhkjy.1
6581,O30,Monoculture,,5-FU,27.0,27.0,uM,2,False,288638,,False,True,O30:Monoculture::5-FU,10.17632/fypp6xhkjy.1
6582,O30,Monoculture,,5-FU,27.0,27.0,uM,3,False,190204,,False,True,O30:Monoculture::5-FU,10.17632/fypp6xhkjy.1
6583,O30,Monoculture,,Oxa,DMSO,0.0,uM,1,True,244831,,False,True,O30:Monoculture::Oxa,10.17632/fypp6xhkjy.1
6584,O30,Monoculture,,Oxa,DMSO,0.0,uM,2,True,648437,,False,True,O30:Monoculture::Oxa,10.17632/fypp6xhkjy.1
6585,O30,Monoculture,,Oxa,DMSO,0.0,uM,3,True,455274,,False,True,O30:Monoculture::Oxa,10.17632/fypp6xhkjy.1
6586,O30,Monoculture,,Oxa,0.5,0.5,uM,1,False,280175,,False,True,O30:Monoculture::Oxa,10.17632/fypp6xhkjy.1
6587,O30,Monoculture,,Oxa,0.5,0.5,uM,2,False,439886,,False,True,O30:Monoculture::Oxa,10.17632/fypp6xhkjy.1
6588,O30,Monoculture,,Oxa,0.5,0.5,uM,3,False,400382,,False,True,O30:Monoculture::Oxa,10.17632/fypp6xhkjy.1
6589,O30,Monoculture,,Oxa,1.1,1.1,uM,1,False,192010,,False,True,O30:Monoculture::Oxa,10.17632/fypp6xhkjy.1
6590,O30,Monoculture,,Oxa,1.1,1.1,uM,2,False,318327,,False,True,O30:Monoculture::Oxa,10.17632/fypp6xhkjy.1
6591,O30,Monoculture,,Oxa,1.1,1.1,uM,3,False,383771,,False,True,O30:Monoculture::Oxa,10.17632/fypp6xhkjy.1
6592,O30,Monoculture,,Oxa,2.5,2.5,uM,1,False,193291,,False,True,O30:Monoculture::Oxa,10.17632/fypp6xhkjy.1
6593,O30,Monoculture,,Oxa,2.5,2.5,uM,2,False,186258,,False,True,O30:Monoculture::Oxa,10.17632/fypp6xhkjy.1
6594,O30,Monoculture,,Oxa,2.5,2.5,uM,3,False,132115,,False,True,O30:Monoculture::Oxa,10.17632/fypp6xhkjy.1
6595,O30,Monoculture,,Oxa,5.5,5.5,uM,1,False,60458,,False,True,O30:Monoculture::Oxa,10.17632/fypp6xhkjy.1
6596,O30,Monoculture,,Oxa,5.5,5.5,uM,2,False,255465,seeding not uniform,False,False,O30:Monoculture::Oxa,10.17632/fypp6xhkjy.1
6597,O30,Monoculture,,Oxa,5.5,5.5,uM,3,False,62791,,False,True,O30:Monoculture::Oxa,10.17632/fypp6xhkjy.1
6598,O30,Monoculture,,Oxa,12.2,12.2,uM,1,False,75821,,False,True,O30:Monoculture::Oxa,10.17632/fypp6xhkjy.1
6599,O30,Monoculture,,Oxa,12.2,12.2,uM,2,False,106961,,False,True,O30:Monoculture::Oxa,10.17632/fypp6xhkjy.1
6600,O30,Monoculture,,Oxa,12.2,12.2,uM,3,False,90868,,False,True,O30:Monoculture::Oxa,10.17632/fypp6xhkjy.1
6601,O30,Monoculture,,Oxa,27.0,27.0,uM,1,False,108664,,False,True,O30:Monoculture::Oxa,10.17632/fypp6xhkjy.1
6602,O30,Monoculture,,Oxa,27.0,27.0,uM,2,False,91944,,False,True,O30:Monoculture::Oxa,10.17632/fypp6xhkjy.1
6603,O30,Monoculture,,Oxa,27.0,27.0,uM,3,False,98185,,False,True,O30:Monoculture::Oxa,10.17632/fypp6xhkjy.1
6604,O30,Monoculture,,SN-38,DMSO,0.0,nM,1,True,292436,,False,True,O30:Monoculture::SN-38,10.17632/fypp6xhkjy.1
6605,O30,Monoculture,,SN-38,DMSO,0.0,nM,2,True,219389,,False,True,O30:Monoculture::SN-38,10.17632/fypp6xhkjy.1
6606,O30,Monoculture,,SN-38,DMSO,0.0,nM,3,True,475249,,False,True,O30:Monoculture::SN-38,10.17632/fypp6xhkjy.1
6607,O30,Monoculture,,SN-38,0.1,0.1,nM,1,False,259358,,False,True,O30:Monoculture::SN-38,10.17632/fypp6xhkjy.1
6608,O30,Monoculture,,SN-38,0.1,0.1,nM,2,False,393384,,False,True,O30:Monoculture::SN-38,10.17632/fypp6xhkjy.1
6609,O30,Monoculture,,SN-38,0.1,0.1,nM,3,False,270985,,False,True,O30:Monoculture::SN-38,10.17632/fypp6xhkjy.1
6610,O30,Monoculture,,SN-38,0.2,0.2,nM,1,False,479354,,False,True,O30:Monoculture::SN-38,10.17632/fypp6xhkjy.1
6611,O30,Monoculture,,SN-38,0.2,0.2,nM,2,False,342516,,False,True,O30:Monoculture::SN-38,10.17632/fypp6xhkjy.1
6612,O30,Monoculture,,SN-38,0.2,0.2,nM,3,False,382840,,False,True,O30:Monoculture::SN-38,10.17632/fypp6xhkjy.1
6613,O30,Monoculture,,SN-38,0.4,0.4,nM,1,False,385086,,False,True,O30:Monoculture::SN-38,10.17632/fypp6xhkjy.1
6614,O30,Monoculture,,SN-38,0.4,0.4,nM,2,False,275991,,False,True,O30:Monoculture::SN-38,10.17632/fypp6xhkjy.1
6615,O30,Monoculture,,SN-38,0.4,0.4,nM,3,False,237587,,False,True,O30:Monoculture::SN-38,10.17632/fypp6xhkjy.1
6616,O30,Monoculture,,SN-38,0.7,0.7,nM,1,False,408917,,False,True,O30:Monoculture::SN-38,10.17632/fypp6xhkjy.1
6617,O30,Monoculture,,SN-38,0.7,0.7,nM,2,False,144535,,False,True,O30:Monoculture::SN-38,10.17632/fypp6xhkjy.1
6618,O30,Monoculture,,SN-38,0.7,0.7,nM,3,False,193845,,False,True,O30:Monoculture::SN-38,10.17632/fypp6xhkjy.1
6619,O30,Monoculture,,SN-38,1.4,1.4,nM,1,False,345969,,False,True,O30:Monoculture::SN-38,10.17632/fypp6xhkjy.1
6620,O30,Monoculture,,SN-38,1.4,1.4,nM,2,False,312988,,False,True,O30:Monoculture::SN-38,10.17632/fypp6xhkjy.1
6621,O30,Monoculture,,SN-38,1.4,1.4,nM,3,False,153225,,False,True,O30:Monoculture::SN-38,10.17632/fypp6xhkjy.1
6622,O30,Monoculture,,SN-38,2.6,2.6,nM,1,False,89703,,False,True,O30:Monoculture::SN-38,10.17632/fypp6xhkjy.1
6623,O30,Monoculture,,SN-38,2.6,2.6,nM,2,False,125724,,False,True,O30:Monoculture::SN-38,10.17632/fypp6xhkjy.1
6624,O30,Monoculture,,SN-38,2.6,2.6,nM,3,False,79529,,False,True,O30:Monoculture::SN-38,10.17632/fypp6xhkjy.1
6625,O30,Monoculture,,Gef,DMSO,0.0,uM,1,True,397125,,False,True,O30:Monoculture::Gef,10.17632/fypp6xhkjy.1
6626,O30,Monoculture,,Gef,DMSO,0.0,uM,2,True,290213,,False,True,O30:Monoculture::Gef,10.17632/fypp6xhkjy.1
6627,O30,Monoculture,,Gef,DMSO,0.0,uM,3,True,251659,,False,True,O30:Monoculture::Gef,10.17632/fypp6xhkjy.1
6628,O30,Monoculture,,Gef,0.01,0.01,uM,1,False,264386,,False,True,O30:Monoculture::Gef,10.17632/fypp6xhkjy.1
6629,O30,Monoculture,,Gef,0.01,0.01,uM,2,False,168540,,False,True,O30:Monoculture::Gef,10.17632/fypp6xhkjy.1
6630,O30,Monoculture,,Gef,0.01,0.01,uM,3,False,187156,,False,True,O30:Monoculture::Gef,10.17632/fypp6xhkjy.1
6631,O30,Monoculture,,Gef,0.04,0.04,uM,1,False,179353,,False,True,O30:Monoculture::Gef,10.17632/fypp6xhkjy.1
6632,O30,Monoculture,,Gef,0.04,0.04,uM,2,False,179608,,False,True,O30:Monoculture::Gef,10.17632/fypp6xhkjy.1
6633,O30,Monoculture,,Gef,0.04,0.04,uM,3,False,152094,,False,True,O30:Monoculture::Gef,10.17632/fypp6xhkjy.1
6634,O30,Monoculture,,Gef,0.1,0.1,uM,1,False,183099,,False,True,O30:Monoculture::Gef,10.17632/fypp6xhkjy.1
6635,O30,Monoculture,,Gef,0.1,0.1,uM,2,False,190566,,False,True,O30:Monoculture::Gef,10.17632/fypp6xhkjy.1
6636,O30,Monoculture,,Gef,0.1,0.1,uM,3,False,194315,,False,True,O30:Monoculture::Gef,10.17632/fypp6xhkjy.1
6637,O30,Monoculture,,Gef,0.4,0.4,uM,1,False,111971,,False,True,O30:Monoculture::Gef,10.17632/fypp6xhkjy.1
6638,O30,Monoculture,,Gef,0.4,0.4,uM,2,False,103471,,False,True,O30:Monoculture::Gef,10.17632/fypp6xhkjy.1
6639,O30,Monoculture,,Gef,0.4,0.4,uM,3,False,115933,,False,True,O30:Monoculture::Gef,10.17632/fypp6xhkjy.1
6640,O30,Monoculture,,Gef,1.1,1.1,uM,1,False,93306,,False,True,O30:Monoculture::Gef,10.17632/fypp6xhkjy.1
6641,O30,Monoculture,,Gef,1.1,1.1,uM,2,False,134328,,False,True,O30:Monoculture::Gef,10.17632/fypp6xhkjy.1
6642,O30,Monoculture,,Gef,1.1,1.1,uM,3,False,129581,,False,True,O30:Monoculture::Gef,10.17632/fypp6xhkjy.1
6643,O30,Monoculture,,Gef,3.3,3.3,uM,1,False,122431,,False,True,O30:Monoculture::Gef,10.17632/fypp6xhkjy.1
6644,O30,Monoculture,,Gef,3.3,3.3,uM,2,False,54448,,False,True,O30:Monoculture::Gef,10.17632/fypp6xhkjy.1
6645,O30,Monoculture,,Gef,3.3,3.3,uM,3,False,157885,,False,True,O30:Monoculture::Gef,10.17632/fypp6xhkjy.1
6646,O30,Coculture,F30,5-FU,DMSO,0.0,uM,1,True,397145,,False,True,O30:Coculture:F30:5-FU,10.17632/fypp6xhkjy.1
6647,O30,Coculture,F30,5-FU,DMSO,0.0,uM,2,True,311797,,False,True,O30:Coculture:F30:5-FU,10.17632/fypp6xhkjy.1
6648,O30,Coculture,F30,5-FU,DMSO,0.0,uM,3,True,452417,,False,True,O30:Coculture:F30:5-FU,10.17632/fypp6xhkjy.1
6649,O30,Coculture,F30,5-FU,0.5,0.5,uM,1,False,391721,,False,True,O30:Coculture:F30:5-FU,10.17632/fypp6xhkjy.1
6650,O30,Coculture,F30,5-FU,0.5,0.5,uM,2,False,384322,,False,True,O30:Coculture:F30:5-FU,10.17632/fypp6xhkjy.1
6651,O30,Coculture,F30,5-FU,0.5,0.5,uM,3,False,485124,,False,True,O30:Coculture:F30:5-FU,10.17632/fypp6xhkjy.1
6652,O30,Coculture,F30,5-FU,1.1,1.1,uM,1,False,250796,,False,True,O30:Coculture:F30:5-FU,10.17632/fypp6xhkjy.1
6653,O30,Coculture,F30,5-FU,1.1,1.1,uM,2,False,397228,,False,True,O30:Coculture:F30:5-FU,10.17632/fypp6xhkjy.1
6654,O30,Coculture,F30,5-FU,1.1,1.1,uM,3,False,270486,,False,True,O30:Coculture:F30:5-FU,10.17632/fypp6xhkjy.1
6655,O30,Coculture,F30,5-FU,2.5,2.5,uM,1,False,375308,,False,True,O30:Coculture:F30:5-FU,10.17632/fypp6xhkjy.1
6656,O30,Coculture,F30,5-FU,2.5,2.5,uM,2,False,419386,,False,True,O30:Coculture:F30:5-FU,10.17632/fypp6xhkjy.1
6657,O30,Coculture,F30,5-FU,2.5,2.5,uM,3,False,343151,,False,True,O30:Coculture:F30:5-FU,10.17632/fypp6xhkjy.1
6658,O30,Coculture,F30,5-FU,5.5,5.5,uM,1,False,259144,,False,True,O30:Coculture:F30:5-FU,10.17632/fypp6xhkjy.1
6659,O30,Coculture,F30,5-FU,5.5,5.5,uM,2,False,344174,,False,True,O30:Coculture:F30:5-FU,10.17632/fypp6xhkjy.1
6660,O30,Coculture,F30,5-FU,5.5,5.5,uM,3,False,256326,,False,True,O30:Coculture:F30:5-FU,10.17632/fypp6xhkjy.1
6661,O30,Coculture,F30,5-FU,12.2,12.2,uM,1,False,305251,,False,True,O30:Coculture:F30:5-FU,10.17632/fypp6xhkjy.1
6662,O30,Coculture,F30,5-FU,12.2,12.2,uM,2,False,373266,,False,True,O30:Coculture:F30:5-FU,10.17632/fypp6xhkjy.1
6663,O30,Coculture,F30,5-FU,12.2,12.2,uM,3,False,292799,,False,True,O30:Coculture:F30:5-FU,10.17632/fypp6xhkjy.1
6664,O30,Coculture,F30,5-FU,27.0,27.0,uM,1,False,179386,,False,True,O30:Coculture:F30:5-FU,10.17632/fypp6xhkjy.1
6665,O30,Coculture,F30,5-FU,27.0,27.0,uM,2,False,304145,,False,True,O30:Coculture:F30:5-FU,10.17632/fypp6xhkjy.1
6666,O30,Coculture,F30,5-FU,27.0,27.0,uM,3,False,270207,,False,True,O30:Coculture:F30:5-FU,10.17632/fypp6xhkjy.1
6667,O30,Coculture,F30,Oxa,DMSO,0.0,uM,1,True,271551,,False,True,O30:Coculture:F30:Oxa,10.17632/fypp6xhkjy.1
6668,O30,Coculture,F30,Oxa,DMSO,0.0,uM,2,True,411768,,False,True,O30:Coculture:F30:Oxa,10.17632/fypp6xhkjy.1
6669,O30,Coculture,F30,Oxa,DMSO,0.0,uM,3,True,340206,,False,True,O30:Coculture:F30:Oxa,10.17632/fypp6xhkjy.1
6670,O30,Coculture,F30,Oxa,0.5,0.5,uM,1,False,367769,,False,True,O30:Coculture:F30:Oxa,10.17632/fypp6xhkjy.1
6671,O30,Coculture,F30,Oxa,0.5,0.5,uM,2,False,293233,,False,True,O30:Coculture:F30:Oxa,10.17632/fypp6xhkjy.1
6672,O30,Coculture,F30,Oxa,0.5,0.5,uM,3,False,323502,,False,True,O30:Coculture:F30:Oxa,10.17632/fypp6xhkjy.1
6673,O30,Coculture,F30,Oxa,1.1,1.1,uM,1,False,201846,,False,True,O30:Coculture:F30:Oxa,10.17632/fypp6xhkjy.1
6674,O30,Coculture,F30,Oxa,1.1,1.1,uM,2,False,353981,,False,True,O30:Coculture:F30:Oxa,10.17632/fypp6xhkjy.1
6675,O30,Coculture,F30,Oxa,1.1,1.1,uM,3,False,203909,,False,True,O30:Coculture:F30:Oxa,10.17632/fypp6xhkjy.1
6676,O30,Coculture,F30,Oxa,2.5,2.5,uM,1,False,140501,,False,True,O30:Coculture:F30:Oxa,10.17632/fypp6xhkjy.1
6677,O30,Coculture,F30,Oxa,2.5,2.5,uM,2,False,183229,,False,True,O30:Coculture:F30:Oxa,10.17632/fypp6xhkjy.1
6678,O30,Coculture,F30,Oxa,2.5,2.5,uM,3,False,149891,,False,True,O30:Coculture:F30:Oxa,10.17632/fypp6xhkjy.1
6679,O30,Coculture,F30,Oxa,5.5,5.5,uM,1,False,75507,,False,True,O30:Coculture:F30:Oxa,10.17632/fypp6xhkjy.1
6680,O30,Coculture,F30,Oxa,5.5,5.5,uM,2,False,189947,,False,True,O30:Coculture:F30:Oxa,10.17632/fypp6xhkjy.1
6681,O30,Coculture,F30,Oxa,5.5,5.5,uM,3,False,94215,,False,True,O30:Coculture:F30:Oxa,10.17632/fypp6xhkjy.1
6682,O30,Coculture,F30,Oxa,12.2,12.2,uM,1,False,142864,,False,True,O30:Coculture:F30:Oxa,10.17632/fypp6xhkjy.1
6683,O30,Coculture,F30,Oxa,12.2,12.2,uM,2,False,81298,,False,True,O30:Coculture:F30:Oxa,10.17632/fypp6xhkjy.1
6684,O30,Coculture,F30,Oxa,12.2,12.2,uM,3,False,61321,,False,True,O30:Coculture:F30:Oxa,10.17632/fypp6xhkjy.1
6685,O30,Coculture,F30,Oxa,27.0,27.0,uM,1,False,98233,,False,True,O30:Coculture:F30:Oxa,10.17632/fypp6xhkjy.1
6686,O30,Coculture,F30,Oxa,27.0,27.0,uM,2,False,99128,,False,True,O30:Coculture:F30:Oxa,10.17632/fypp6xhkjy.1
6687,O30,Coculture,F30,Oxa,27.0,27.0,uM,3,False,113916,,False,True,O30:Coculture:F30:Oxa,10.17632/fypp6xhkjy.1
6688,O30,Coculture,F30,SN-38,DMSO,0.0,nM,1,True,332914,,False,True,O30:Coculture:F30:SN-38,10.17632/fypp6xhkjy.1
6689,O30,Coculture,F30,SN-38,DMSO,0.0,nM,2,True,444563,,False,True,O30:Coculture:F30:SN-38,10.17632/fypp6xhkjy.1
6690,O30,Coculture,F30,SN-38,DMSO,0.0,nM,3,True,318955,,False,True,O30:Coculture:F30:SN-38,10.17632/fypp6xhkjy.1
6691,O30,Coculture,F30,SN-38,0.1,0.1,nM,1,False,374172,,False,True,O30:Coculture:F30:SN-38,10.17632/fypp6xhkjy.1
6692,O30,Coculture,F30,SN-38,0.1,0.1,nM,2,False,241567,,False,True,O30:Coculture:F30:SN-38,10.17632/fypp6xhkjy.1
6693,O30,Coculture,F30,SN-38,0.1,0.1,nM,3,False,216684,,False,True,O30:Coculture:F30:SN-38,10.17632/fypp6xhkjy.1
6694,O30,Coculture,F30,SN-38,0.2,0.2,nM,1,False,514536,,False,True,O30:Coculture:F30:SN-38,10.17632/fypp6xhkjy.1
6695,O30,Coculture,F30,SN-38,0.2,0.2,nM,2,False,389320,,False,True,O30:Coculture:F30:SN-38,10.17632/fypp6xhkjy.1
6696,O30,Coculture,F30,SN-38,0.2,0.2,nM,3,False,328324,,False,True,O30:Coculture:F30:SN-38,10.17632/fypp6xhkjy.1
6697,O30,Coculture,F30,SN-38,0.4,0.4,nM,1,False,475462,,False,True,O30:Coculture:F30:SN-38,10.17632/fypp6xhkjy.1
6698,O30,Coculture,F30,SN-38,0.4,0.4,nM,2,False,324751,,False,True,O30:Coculture:F30:SN-38,10.17632/fypp6xhkjy.1
6699,O30,Coculture,F30,SN-38,0.4,0.4,nM,3,False,331732,,False,True,O30:Coculture:F30:SN-38,10.17632/fypp6xhkjy.1
6700,O30,Coculture,F30,SN-38,0.7,0.7,nM,1,False,300743,,False,True,O30:Coculture:F30:SN-38,10.17632/fypp6xhkjy.1
6701,O30,Coculture,F30,SN-38,0.7,0.7,nM,2,False,319071,,False,True,O30:Coculture:F30:SN-38,10.17632/fypp6xhkjy.1
6702,O30,Coculture,F30,SN-38,0.7,0.7,nM,3,False,246865,,False,True,O30:Coculture:F30:SN-38,10.17632/fypp6xhkjy.1
6703,O30,Coculture,F30,SN-38,1.4,1.4,nM,1,False,473490,,False,True,O30:Coculture:F30:SN-38,10.17632/fypp6xhkjy.1
6704,O30,Coculture,F30,SN-38,1.4,1.4,nM,2,False,300248,,False,True,O30:Coculture:F30:SN-38,10.17632/fypp6xhkjy.1
6705,O30,Coculture,F30,SN-38,1.4,1.4,nM,3,False,373357,,False,True,O30:Coculture:F30:SN-38,10.17632/fypp6xhkjy.1
6706,O30,Coculture,F30,SN-38,2.6,2.6,nM,1,False,169666,,False,True,O30:Coculture:F30:SN-38,10.17632/fypp6xhkjy.1
6707,O30,Coculture,F30,SN-38,2.6,2.6,nM,2,False,184285,,False,True,O30:Coculture:F30:SN-38,10.17632/fypp6xhkjy.1
6708,O30,Coculture,F30,SN-38,2.6,2.6,nM,3,False,94682,,False,True,O30:Coculture:F30:SN-38,10.17632/fypp6xhkjy.1
6709,O30,Coculture,F30,Gef,DMSO,0.0,uM,1,True,269960,,False,True,O30:Coculture:F30:Gef,10.17632/fypp6xhkjy.1
6710,O30,Coculture,F30,Gef,DMSO,0.0,uM,2,True,370933,,False,True,O30:Coculture:F30:Gef,10.17632/fypp6xhkjy.1
6711,O30,Coculture,F30,Gef,DMSO,0.0,uM,3,True,537471,,False,True,O30:Coculture:F30:Gef,10.17632/fypp6xhkjy.1
6712,O30,Coculture,F30,Gef,0.01,0.01,uM,1,False,351795,,False,True,O30:Coculture:F30:Gef,10.17632/fypp6xhkjy.1
6713,O30,Coculture,F30,Gef,0.01,0.01,uM,2,False,364247,,False,True,O30:Coculture:F30:Gef,10.17632/fypp6xhkjy.1
6714,O30,Coculture,F30,Gef,0.01,0.01,uM,3,False,428801,,False,True,O30:Coculture:F30:Gef,10.17632/fypp6xhkjy.1
6715,O30,Coculture,F30,Gef,0.04,0.04,uM,1,False,262809,,False,True,O30:Coculture:F30:Gef,10.17632/fypp6xhkjy.1
6716,O30,Coculture,F30,Gef,0.04,0.04,uM,2,False,335084,,False,True,O30:Coculture:F30:Gef,10.17632/fypp6xhkjy.1
6717,O30,Coculture,F30,Gef,0.04,0.04,uM,3,False,370769,,False,True,O30:Coculture:F30:Gef,10.17632/fypp6xhkjy.1
6718,O30,Coculture,F30,Gef,0.1,0.1,uM,1,False,339428,,False,True,O30:Coculture:F30:Gef,10.17632/fypp6xhkjy.1
6719,O30,Coculture,F30,Gef,0.1,0.1,uM,2,False,355525,,False,True,O30:Coculture:F30:Gef,10.17632/fypp6xhkjy.1
6720,O30,Coculture,F30,Gef,0.1,0.1,uM,3,False,327564,,False,True,O30:Coculture:F30:Gef,10.17632/fypp6xhkjy.1
6721,O30,Coculture,F30,Gef,0.4,0.4,uM,1,False,193784,,False,True,O30:Coculture:F30:Gef,10.17632/fypp6xhkjy.1
6722,O30,Coculture,F30,Gef,0.4,0.4,uM,2,False,225636,,False,True,O30:Coculture:F30:Gef,10.17632/fypp6xhkjy.1
6723,O30,Coculture,F30,Gef,0.4,0.4,uM,3,False,296384,,False,True,O30:Coculture:F30:Gef,10.17632/fypp6xhkjy.1
6724,O30,Coculture,F30,Gef,1.1,1.1,uM,1,False,242228,,False,True,O30:Coculture:F30:Gef,10.17632/fypp6xhkjy.1
6725,O30,Coculture,F30,Gef,1.1,1.1,uM,2,False,389337,,False,True,O30:Coculture:F30:Gef,10.17632/fypp6xhkjy.1
6726,O30,Coculture,F30,Gef,1.1,1.1,uM,3,False,309806,,False,True,O30:Coculture:F30:Gef,10.17632/fypp6xhkjy.1
6727,O30,Coculture,F30,Gef,3.3,3.3,uM,1,False,201679,,False,True,O30:Coculture:F30:Gef,10.17632/fypp6xhkjy.1
6728,O30,Coculture,F30,Gef,3.3,3.3,uM,2,False,210138,,False,True,O30:Coculture:F30:Gef,10.17632/fypp6xhkjy.1
6729,O30,Coculture,F30,Gef,3.3,3.3,uM,3,False,191795,,False,True,O30:Coculture:F30:Gef,10.17632/fypp6xhkjy.1
