organoid_id,policy,method,budget,mse,coverage90,interval_width90,crps
O01,ivr,diagonal_matched,3,0.143032533098,0.964285714286,2.18078005431,0.233238321221
O01,ivr,diagonal_matched,4,1.28394963255,0.75,1.82632065272,0.573522189062
O01,ivr,diagonal_matched,5,0.754377244056,0.785714285714,1.7440763727,0.452644463867
O01,ivr,diagonal_matched,6,0.451458818641,0.857142857143,1.68609783062,0.353815003505
O01,ivr,diagonal_matched,7,0.405644522977,0.857142857143,1.64642486357,0.334690021401
O01,ivr,diagonal_matched,8,0.343683816369,0.892857142857,1.62133269781,0.30710032887
O01,ivr,diagonal_matched,9,0.34361739751,0.892857142857,1.59794282947,0.307202243993
O01,ivr,diagonal_matched,10,0.467048677105,0.857142857143,1.58178979223,0.345611456114
O01,ivr,diagonal_matched,11,0.460818005095,0.821428571429,1.56739303337,0.343345209391
O01,ivr,diagonal_matched,12,0.438085827249,0.857142857143,1.55724847283,0.336173620681
O01,ivr,diagonal_matched,13,0.338285946086,0.892857142857,1.5477221649,0.301833573298
O01,ivr,diagonal_matched,14,0.330727485878,0.892857142857,1.53907901743,0.296720352537
O01,ivr,diagonal_matched,15,0.332599165236,0.892857142857,1.53577117426,0.297695545873
O01,ivr,diagonal_matched,16,0.332599165236,0.892857142857,1.53577117426,0.297695545873
O01,ivr,diagonal_tuned,3,0.143032533098,0.964285714286,2.18078005431,0.233238321221
O01,ivr,diagonal_tuned,4,1.28394963255,0.75,1.82632065272,0.573522189062
O01,ivr,diagonal_tuned,5,0.754377244056,0.785714285714,1.7440763727,0.452644463867
O01,ivr,diagonal_tuned,6,0.451458818641,0.857142857143,1.68609783062,0.353815003505
O01,ivr,diagonal_tuned,7,0.405644522977,0.857142857143,1.64642486357,0.334690021401
O01,ivr,diagonal_tuned,8,0.343683816369,0.892857142857,1.62133269781,0.30710032887
O01,ivr,diagonal_tuned,9,0.34361739751,0.892857142857,1.59794282947,0.307202243993
O01,ivr,diagonal_tuned,10,0.467048677105,0.857142857143,1.58178979223,0.345611456114
O01,ivr,diagonal_tuned,11,0.460818005095,0.821428571429,1.56739303337,0.343345209391
O01,ivr,diagonal_tuned,12,0.438085827249,0.857142857143,1.55724847283,0.336173620681
O01,ivr,diagonal_tuned,13,0.338285946086,0.892857142857,1.5477221649,0.301833573298
O01,ivr,diagonal_tuned,14,0.330727485878,0.892857142857,1.53907901743,0.296720352537
O01,ivr,diagonal_tuned,15,0.332599165236,0.892857142857,1.53577117426,0.297695545873
O01,ivr,diagonal_tuned,16,0.332599165236,0.892857142857,1.53577117426,0.297695545873
O01,ivr,joint,3,0.148333847534,0.964285714286,2.20600634363,0.236735120448
O01,ivr,joint,4,1.69830650851,0.75,1.84776847591,0.647771697067
O01,ivr,joint,5,1.42476477203,0.75,1.78660655868,0.598530640459
O01,ivr,joint,6,0.779796664659,0.785714285714,1.72710233596,0.45265467531
O01,ivr,joint,7,0.402268853818,0.892857142857,1.68119537237,0.326398805891
O01,ivr,joint,8,0.377272484434,0.892857142857,1.65621205778,0.315606765048
O01,ivr,joint,9,0.327569344485,0.892857142857,1.64032966613,0.293132343379
O01,ivr,joint,10,0.332865974071,0.892857142857,1.62750692565,0.295218362936
O01,ivr,joint,11,0.443840640728,0.892857142857,1.61760719352,0.328033774178
O01,ivr,joint,12,0.428657261338,0.892857142857,1.60929932188,0.322654811853
O01,ivr,joint,13,0.309645542839,0.892857142857,1.60302221615,0.284462226143
O01,ivr,joint,14,0.299876145976,0.892857142857,1.59710104544,0.281093192708
O01,ivr,joint,15,0.302512539309,0.892857142857,1.59208362774,0.282879221905
O01,ivr,joint,16,0.301900577277,0.892857142857,1.58804777427,0.281902064984
O01,ivr,linear,3,0.167006327027,,,
O01,ivr,linear,4,1.74957114414,,,
O01,ivr,linear,5,1.49298118812,,,
O01,ivr,linear,6,1.10622920466,,,
O01,ivr,linear,7,0.922609455749,,,
O01,ivr,linear,8,0.916157400006,,,
O01,ivr,linear,9,0.908718570839,,,
O01,ivr,linear,10,0.914058352067,,,
O01,ivr,linear,11,1.01516939653,,,
O01,ivr,linear,12,0.957939292942,,,
O01,ivr,linear,13,0.3955706456,,,
O01,ivr,linear,14,0.396303107051,,,
O01,ivr,linear,15,0.395257671827,,,
O01,ivr,linear,16,0.409295580733,,,
O01,ivr,pchip,3,0.260790319625,,,
O01,ivr,pchip,4,2.32586543082,,,
O01,ivr,pchip,5,1.98178991779,,,
O01,ivr,pchip,6,1.14474817078,,,
O01,ivr,pchip,7,0.930224183682,,,
O01,ivr,pchip,8,0.922644070209,,,
O01,ivr,pchip,9,0.914428922057,,,
O01,ivr,pchip,10,0.919768703286,,,
O01,ivr,pchip,11,1.02087974775,,,
O01,ivr,pchip,12,0.957939292942,,,
O01,ivr,pchip,13,0.3955706456,,,
O01,ivr,pchip,14,0.396303107051,,,
O01,ivr,pchip,15,0.395257671827,,,
O01,ivr,pchip,16,0.409295580733,,,
O01,random,diagonal_matched,3,0.143032533098,0.964285714286,2.18078005431,0.233238321221
O01,random,diagonal_matched,4,0.3932948109,0.917857142857,1.96580331016,0.30775038926
O01,random,diagonal_matched,5,0.478504337738,0.889285714286,1.83615889878,0.335308944444
O01,random,diagonal_matched,6,0.460226149848,0.889285714286,1.7423475923,0.328054356251
O01,random,diagonal_matched,7,0.443945536273,0.880357142857,1.69082838925,0.326289625589
O01,random,diagonal_matched,8,0.415628442388,0.8625,1.65672595281,0.324846426063
O01,random,diagonal_matched,9,0.364785725334,0.864285714286,1.63173587988,0.30837416324
O01,random,diagonal_matched,10,0.32648971084,0.869642857143,1.6097632169,0.293481075023
O01,random,diagonal_matched,11,0.31064086553,0.875,1.59131403704,0.288457505773
O01,random,diagonal_matched,12,0.347311053921,0.866071428571,1.57575949889,0.30300256837
O01,random,diagonal_matched,13,0.338821656643,0.876785714286,1.56340492641,0.299180530906
O01,random,diagonal_matched,14,0.339500853854,0.880357142857,1.55287560772,0.298712357371
O01,random,diagonal_matched,15,0.342018945829,0.882142857143,1.54311783709,0.300324630741
O01,random,diagonal_matched,16,0.332599165236,0.892857142857,1.53577117426,0.297695545873
O01,random,diagonal_tuned,3,0.143032533098,0.964285714286,2.18078005431,0.233238321221
O01,random,diagonal_tuned,4,0.3932948109,0.917857142857,1.96580331016,0.30775038926
O01,random,diagonal_tuned,5,0.478504337738,0.889285714286,1.83615889878,0.335308944444
O01,random,diagonal_tuned,6,0.460226149848,0.889285714286,1.7423475923,0.328054356251
O01,random,diagonal_tuned,7,0.443945536273,0.880357142857,1.69082838925,0.326289625589
O01,random,diagonal_tuned,8,0.415628442388,0.8625,1.65672595281,0.324846426063
O01,random,diagonal_tuned,9,0.364785725334,0.864285714286,1.63173587988,0.30837416324
O01,random,diagonal_tuned,10,0.32648971084,0.869642857143,1.6097632169,0.293481075023
O01,random,diagonal_tuned,11,0.31064086553,0.875,1.59131403704,0.288457505773
O01,random,diagonal_tuned,12,0.347311053921,0.866071428571,1.57575949889,0.30300256837
O01,random,diagonal_tuned,13,0.338821656643,0.876785714286,1.56340492641,0.299180530906
O01,random,diagonal_tuned,14,0.339500853854,0.880357142857,1.55287560772,0.298712357371
O01,random,diagonal_tuned,15,0.342018945829,0.882142857143,1.54311783709,0.300324630741
O01,random,diagonal_tuned,16,0.332599165236,0.892857142857,1.53577117426,0.297695545873
O01,random,joint,3,0.148333847534,0.964285714286,2.20600634363,0.236735120448
O01,random,joint,4,0.49953577035,0.910714285714,2.00059142004,0.333260234005
O01,random,joint,5,0.640772228693,0.880357142857,1.87694064913,0.372147357582
O01,random,joint,6,0.575143206414,0.885714285714,1.78508270278,0.353117670765
O01,random,joint,7,0.518534039395,0.882142857143,1.73533149185,0.339393323292
O01,random,joint,8,0.458536417653,0.875,1.70048186993,0.328864427486
O01,random,joint,9,0.389266965893,0.878571428571,1.68392370394,0.308709017784
O01,random,joint,10,0.341659266215,0.8875,1.66509619554,0.292762403455
O01,random,joint,11,0.313409978822,0.894642857143,1.6492611581,0.283614194322
O01,random,joint,12,0.345642790395,0.891071428571,1.63060634449,0.296086775175
O01,random,joint,13,0.324575076312,0.892857142857,1.61566893215,0.288400129237
O01,random,joint,14,0.328675458537,0.894642857143,1.60893643289,0.289560780225
O01,random,joint,15,0.317574829382,0.894642857143,1.59624585796,0.286866223071
O01,random,joint,16,0.301900577277,0.892857142857,1.58804777427,0.281902064984
O01,space_filling,diagonal_matched,3,0.143032533098,0.964285714286,2.18078005431,0.233238321221
O01,space_filling,diagonal_matched,4,1.28394963255,0.75,1.82632065272,0.573522189062
O01,space_filling,diagonal_matched,5,0.997430777909,0.75,1.74841827199,0.506736607603
O01,space_filling,diagonal_matched,6,0.709391969204,0.785714285714,1.6971318564,0.434033951257
O01,space_filling,diagonal_matched,7,0.405644522977,0.857142857143,1.64642486357,0.334690021401
O01,space_filling,diagonal_matched,8,0.389664118126,0.892857142857,1.62361184928,0.327808382724
O01,space_filling,diagonal_matched,9,0.389664118126,0.892857142857,1.62361184928,0.327808382724
O01,space_filling,diagonal_matched,10,0.387788754646,0.857142857143,1.61745130979,0.326396368639
O01,space_filling,diagonal_matched,11,0.365116711669,0.857142857143,1.60661551403,0.31492348097
O01,space_filling,diagonal_matched,12,0.326995138418,0.892857142857,1.59462610627,0.298317605715
O01,space_filling,diagonal_matched,13,0.247666812148,0.892857142857,1.581634164,0.26677036011
O01,space_filling,diagonal_matched,14,0.355134154663,0.857142857143,1.56860183862,0.30594428194
O01,space_filling,diagonal_matched,15,0.330852978834,0.892857142857,1.55419793539,0.296707904732
O01,space_filling,diagonal_matched,16,0.332599165236,0.892857142857,1.53577117426,0.297695545873
O01,space_filling,diagonal_tuned,3,0.143032533098,0.964285714286,2.18078005431,0.233238321221
O01,space_filling,diagonal_tuned,4,1.28394963255,0.75,1.82632065272,0.573522189062
O01,space_filling,diagonal_tuned,5,0.997430777909,0.75,1.74841827199,0.506736607603
O01,space_filling,diagonal_tuned,6,0.709391969204,0.785714285714,1.6971318564,0.434033951257
O01,space_filling,diagonal_tuned,7,0.405644522977,0.857142857143,1.64642486357,0.334690021401
O01,space_filling,diagonal_tuned,8,0.389664118126,0.892857142857,1.62361184928,0.327808382724
O01,space_filling,diagonal_tuned,9,0.389664118126,0.892857142857,1.62361184928,0.327808382724
O01,space_filling,diagonal_tuned,10,0.387788754646,0.857142857143,1.61745130979,0.326396368639
O01,space_filling,diagonal_tuned,11,0.365116711669,0.857142857143,1.60661551403,0.31492348097
O01,space_filling,diagonal_tuned,12,0.326995138418,0.892857142857,1.59462610627,0.298317605715
O01,space_filling,diagonal_tuned,13,0.247666812148,0.892857142857,1.581634164,0.26677036011
O01,space_filling,diagonal_tuned,14,0.355134154663,0.857142857143,1.56860183862,0.30594428194
O01,space_filling,diagonal_tuned,15,0.330852978834,0.892857142857,1.55419793539,0.296707904732
O01,space_filling,diagonal_tuned,16,0.332599165236,0.892857142857,1.53577117426,0.297695545873
O01,space_filling,joint,3,0.148333847534,0.964285714286,2.20600634363,0.236735120448
O01,space_filling,joint,4,1.69830650851,0.75,1.84776847591,0.647771697067
O01,space_filling,joint,5,1.326737521,0.75,1.79137912594,0.572094126974
O01,space_filling,joint,6,0.940240559696,0.785714285714,1.75827243534,0.486054977336
O01,space_filling,joint,7,0.481105522345,0.857142857143,1.72105089339,0.353675904151
O01,space_filling,joint,8,0.470620001475,0.892857142857,1.70941403381,0.348824646441
O01,space_filling,joint,9,0.360537106548,0.892857142857,1.64263653987,0.30804983746
O01,space_filling,joint,10,0.367753675065,0.892857142857,1.63753076634,0.311581529428
O01,space_filling,joint,11,0.356633084224,0.892857142857,1.63134892113,0.305125918848
O01,space_filling,joint,12,0.315060874715,0.892857142857,1.6223647354,0.288412262235
O01,space_filling,joint,13,0.216869100999,0.892857142857,1.61419149821,0.249451572304
O01,space_filling,joint,14,0.307271883698,0.892857142857,1.60672973238,0.283465655452
O01,space_filling,joint,15,0.29743599634,0.892857142857,1.59893611908,0.280240499468
O01,space_filling,joint,16,0.301900577277,0.892857142857,1.58804777427,0.281902064984
O02,ivr,diagonal_matched,3,0.317187747329,1,2.17416702869,0.320110981794
O02,ivr,diagonal_matched,4,0.540513009375,0.714285714286,1.82575235577,0.436533803903
O02,ivr,diagonal_matched,5,0.568059830998,0.714285714286,1.74230424243,0.457785982238
O02,ivr,diagonal_matched,6,0.733786443043,0.714285714286,1.68685549632,0.548753652006
O02,ivr,diagonal_matched,7,0.69030112876,0.714285714286,1.64697644194,0.530538711
O02,ivr,diagonal_matched,8,0.76018800961,0.571428571429,1.62232052024,0.568926711817
O02,ivr,diagonal_matched,9,0.809933631227,0.571428571429,1.59890146713,0.600082316381
O02,ivr,diagonal_matched,10,0.736637031666,0.571428571429,1.58284127984,0.570413225498
O02,ivr,diagonal_matched,11,0.768739156593,0.428571428571,1.56819200439,0.590141260045
O02,ivr,diagonal_matched,12,0.758500117454,0.428571428571,1.55808252191,0.585756090906
O02,ivr,diagonal_matched,13,0.742767599145,0.428571428571,1.54862264102,0.579631438494
O02,ivr,diagonal_matched,14,0.750866813467,0.428571428571,1.53984679883,0.585174120397
O02,ivr,diagonal_matched,15,0.766552198539,0.428571428571,1.53610575038,0.594688390697
O02,ivr,diagonal_matched,16,0.766552198539,0.428571428571,1.53610575038,0.594688390697
O02,ivr,diagonal_tuned,3,0.317187747329,1,2.17416702869,0.320110981794
O02,ivr,diagonal_tuned,4,0.540513009375,0.714285714286,1.82575235577,0.436533803903
O02,ivr,diagonal_tuned,5,0.568059830998,0.714285714286,1.74230424243,0.457785982238
O02,ivr,diagonal_tuned,6,0.733786443043,0.714285714286,1.68685549632,0.548753652006
O02,ivr,diagonal_tuned,7,0.69030112876,0.714285714286,1.64697644194,0.530538711
O02,ivr,diagonal_tuned,8,0.76018800961,0.571428571429,1.62232052024,0.568926711817
O02,ivr,diagonal_tuned,9,0.809933631227,0.571428571429,1.59890146713,0.600082316381
O02,ivr,diagonal_tuned,10,0.736637031666,0.571428571429,1.58284127984,0.570413225498
O02,ivr,diagonal_tuned,11,0.768739156593,0.428571428571,1.56819200439,0.590141260045
O02,ivr,diagonal_tuned,12,0.758500117454,0.428571428571,1.55808252191,0.585756090906
O02,ivr,diagonal_tuned,13,0.742767599145,0.428571428571,1.54862264102,0.579631438494
O02,ivr,diagonal_tuned,14,0.750866813467,0.428571428571,1.53984679883,0.585174120397
O02,ivr,diagonal_tuned,15,0.766552198539,0.428571428571,1.53610575038,0.594688390697
O02,ivr,diagonal_tuned,16,0.766552198539,0.428571428571,1.53610575038,0.594688390697
O02,ivr,joint,3,0.240506597262,1,2.20269230778,0.281925992099
O02,ivr,joint,4,0.393878782393,0.857142857143,1.85162996972,0.361840690871
O02,ivr,joint,5,0.22568751782,1,1.78823175816,0.269205857215
O02,ivr,joint,6,0.238441625415,0.857142857143,1.72717581213,0.278835389388
O02,ivr,joint,7,0.320183323534,0.857142857143,1.68403545001,0.329915568238
O02,ivr,joint,8,0.304619735843,0.857142857143,1.65889030083,0.321165323353
O02,ivr,joint,9,0.335131770113,0.857142857143,1.64341934763,0.340342495648
O02,ivr,joint,10,0.335893931317,0.857142857143,1.63060757683,0.341641631058
O02,ivr,joint,11,0.296344118854,0.857142857143,1.62073990141,0.320770308008
O02,ivr,joint,12,0.299982689042,0.857142857143,1.61230651194,0.323652311848
O02,ivr,joint,13,0.289018008688,0.857142857143,1.60630011636,0.317574595646
O02,ivr,joint,14,0.286752271107,0.857142857143,1.60051494247,0.31602202185
O02,ivr,joint,15,0.285915892338,0.857142857143,1.59572468868,0.315702497549
O02,ivr,joint,16,0.282228753232,0.857142857143,1.5917731086,0.313329193
O02,ivr,linear,3,0.41043776434,,,
O02,ivr,linear,4,0.675556824566,,,
O02,ivr,linear,5,0.282023706973,,,
O02,ivr,linear,6,0.301285892782,,,
O02,ivr,linear,7,0.359199274854,,,
O02,ivr,linear,8,0.346521212269,,,
O02,ivr,linear,9,0.338525524203,,,
O02,ivr,linear,10,0.346562414825,,,
O02,ivr,linear,11,0.299784917492,,,
O02,ivr,linear,12,0.321208887991,,,
O02,ivr,linear,13,0.320244040082,,,
O02,ivr,linear,14,0.321742605498,,,
O02,ivr,linear,15,0.33087757017,,,
O02,ivr,linear,16,0.320119678631,,,
O02,ivr,pchip,3,1.2555201872,,,
O02,ivr,pchip,4,0.798818537458,,,
O02,ivr,pchip,5,0.35278867504,,,
O02,ivr,pchip,6,0.311616990683,,,
O02,ivr,pchip,7,0.364372956916,,,
O02,ivr,pchip,8,0.348911378717,,,
O02,ivr,pchip,9,0.340878513473,,,
O02,ivr,pchip,10,0.348915404095,,,
O02,ivr,pchip,11,0.302137906762,,,
O02,ivr,pchip,12,0.321208887991,,,
O02,ivr,pchip,13,0.320244040082,,,
O02,ivr,pchip,14,0.321742605498,,,
O02,ivr,pchip,15,0.33087757017,,,
O02,ivr,pchip,16,0.320119678631,,,
O02,random,diagonal_matched,3,0.317187747329,1,2.17416702869,0.320110981794
O02,random,diagonal_matched,4,0.498784161673,0.871428571429,1.96168447418,0.411761252552
O02,random,diagonal_matched,5,0.527644931478,0.814285714286,1.83314900738,0.434253646144
O02,random,diagonal_matched,6,0.589054276865,0.735714285714,1.74107426749,0.47320274994
O02,random,diagonal_matched,7,0.62073356504,0.714285714286,1.69042511858,0.495300110695
O02,random,diagonal_matched,8,0.653948419597,0.678571428571,1.65664318228,0.516042911116
O02,random,diagonal_matched,9,0.66184714139,0.642857142857,1.63179344092,0.524500553001
O02,random,diagonal_matched,10,0.699646716599,0.557142857143,1.61000251488,0.546861904352
O02,random,diagonal_matched,11,0.716205123669,0.528571428571,1.59156050106,0.557698533082
O02,random,diagonal_matched,12,0.730673538796,0.514285714286,1.57606718633,0.568316373691
O02,random,diagonal_matched,13,0.740210772138,0.478571428571,1.5637436394,0.575523201625
O02,random,diagonal_matched,14,0.749358472353,0.442857142857,1.55327140885,0.58199418173
O02,random,diagonal_matched,15,0.754022129731,0.428571428571,1.54354236738,0.586971880381
O02,random,diagonal_matched,16,0.766552198539,0.428571428571,1.53610575038,0.594688390697
O02,random,diagonal_tuned,3,0.317187747329,1,2.17416702869,0.320110981794
O02,random,diagonal_tuned,4,0.498784161673,0.871428571429,1.96168447418,0.411761252552
O02,random,diagonal_tuned,5,0.527644931478,0.814285714286,1.83314900738,0.434253646144
O02,random,diagonal_tuned,6,0.589054276865,0.735714285714,1.74107426749,0.47320274994
O02,random,diagonal_tuned,7,0.62073356504,0.714285714286,1.69042511858,0.495300110695
O02,random,diagonal_tuned,8,0.653948419597,0.678571428571,1.65664318228,0.516042911116
O02,random,diagonal_tuned,9,0.66184714139,0.642857142857,1.63179344092,0.524500553001
O02,random,diagonal_tuned,10,0.699646716599,0.557142857143,1.61000251488,0.546861904352
O02,random,diagonal_tuned,11,0.716205123669,0.528571428571,1.59156050106,0.557698533082
O02,random,diagonal_tuned,12,0.730673538796,0.514285714286,1.57606718633,0.568316373691
O02,random,diagonal_tuned,13,0.740210772138,0.478571428571,1.5637436394,0.575523201625
O02,random,diagonal_tuned,14,0.749358472353,0.442857142857,1.55327140885,0.58199418173
O02,random,diagonal_tuned,15,0.754022129731,0.428571428571,1.54354236738,0.586971880381
O02,random,diagonal_tuned,16,0.766552198539,0.428571428571,1.53610575038,0.594688390697
O02,random,joint,3,0.240506597262,1,2.20269230778,0.281925992099
O02,random,joint,4,0.356494505026,0.95,2.00140874558,0.338921448154
O02,random,joint,5,0.350620872577,0.907142857143,1.87921525696,0.338979317067
O02,random,joint,6,0.362421092027,0.857142857143,1.78913078978,0.350532685726
O02,random,joint,7,0.346391363875,0.85,1.74008267203,0.344668605681
O02,random,joint,8,0.336867220047,0.835714285714,1.7049777393,0.340330177258
O02,random,joint,9,0.33647915181,0.85,1.68873799587,0.341754788033
O02,random,joint,10,0.349678991136,0.828571428571,1.6698881462,0.350301874671
O02,random,joint,11,0.351875131455,0.828571428571,1.65392795861,0.352002673676
O02,random,joint,12,0.322330099684,0.871428571429,1.63475211879,0.335410697787
O02,random,joint,13,0.306341211239,0.871428571429,1.61959587626,0.326311967127
O02,random,joint,14,0.310944678176,0.871428571429,1.6129726134,0.32955134148
O02,random,joint,15,0.288881434437,0.878571428571,1.59998441252,0.317074997111
O02,random,joint,16,0.282228753232,0.857142857143,1.5917731086,0.313329193
O02,space_filling,diagonal_matched,3,0.317187747329,1,2.17416702869,0.320110981794
O02,space_filling,diagonal_matched,4,0.540513009375,0.714285714286,1.82575235577,0.436533803903
O02,space_filling,diagonal_matched,5,0.48317771379,0.857142857143,1.74571601007,0.414449635814
O02,space_filling,diagonal_matched,6,0.523641682304,0.714285714286,1.70257320799,0.438395463193
O02,space_filling,diagonal_matched,7,0.69030112876,0.714285714286,1.64697644194,0.530538711
O02,space_filling,diagonal_matched,8,0.743054656861,0.571428571429,1.62425560852,0.56219016717
O02,space_filling,diagonal_matched,9,0.743054656861,0.571428571429,1.62425560852,0.56219016717
O02,space_filling,diagonal_matched,10,0.769138650325,0.428571428571,1.61733343185,0.577887939607
O02,space_filling,diagonal_matched,11,0.778733772855,0.428571428571,1.60674987417,0.584135335088
O02,space_filling,diagonal_matched,12,0.816079791013,0.428571428571,1.59477184476,0.603696827929
O02,space_filling,diagonal_matched,13,0.78190555291,0.428571428571,1.5821138734,0.590359771229
O02,space_filling,diagonal_matched,14,0.730044143888,0.428571428571,1.56902304854,0.568697704821
O02,space_filling,diagonal_matched,15,0.7321113556,0.428571428571,1.55458478664,0.570401636863
O02,space_filling,diagonal_matched,16,0.766552198539,0.428571428571,1.53610575038,0.594688390697
O02,space_filling,diagonal_tuned,3,0.317187747329,1,2.17416702869,0.320110981794
O02,space_filling,diagonal_tuned,4,0.540513009375,0.714285714286,1.82575235577,0.436533803903
O02,space_filling,diagonal_tuned,5,0.48317771379,0.857142857143,1.74571601007,0.414449635814
O02,space_filling,diagonal_tuned,6,0.523641682304,0.714285714286,1.70257320799,0.438395463193
O02,space_filling,diagonal_tuned,7,0.69030112876,0.714285714286,1.64697644194,0.530538711
O02,space_filling,diagonal_tuned,8,0.743054656861,0.571428571429,1.62425560852,0.56219016717
O02,space_filling,diagonal_tuned,9,0.743054656861,0.571428571429,1.62425560852,0.56219016717
O02,space_filling,diagonal_tuned,10,0.769138650325,0.428571428571,1.61733343185,0.577887939607
O02,space_filling,diagonal_tuned,11,0.778733772855,0.428571428571,1.60674987417,0.584135335088
O02,space_filling,diagonal_tuned,12,0.816079791013,0.428571428571,1.59477184476,0.603696827929
O02,space_filling,diagonal_tuned,13,0.78190555291,0.428571428571,1.5821138734,0.590359771229
O02,space_filling,diagonal_tuned,14,0.730044143888,0.428571428571,1.56902304854,0.568697704821
O02,space_filling,diagonal_tuned,15,0.7321113556,0.428571428571,1.55458478664,0.570401636863
O02,space_filling,diagonal_tuned,16,0.766552198539,0.428571428571,1.53610575038,0.594688390697
O02,space_filling,joint,3,0.240506597262,1,2.20269230778,0.281925992099
O02,space_filling,joint,4,0.393878782393,0.857142857143,1.85162996972,0.361840690871
O02,space_filling,joint,5,0.352559749081,0.857142857143,1.79482902163,0.343277208873
O02,space_filling,joint,6,0.383740820363,0.857142857143,1.76863947192,0.36105401658
O02,space_filling,joint,7,0.51806766088,0.714285714286,1.72688642561,0.438281442229
O02,space_filling,joint,8,0.531133074407,0.714285714286,1.71550797406,0.44759855437
O02,space_filling,joint,9,0.315255032924,0.857142857143,1.64553044945,0.328908753926
O02,space_filling,joint,10,0.31350740575,0.857142857143,1.64088286267,0.328333076509
O02,space_filling,joint,11,0.311174391822,0.857142857143,1.63495387367,0.326890782969
O02,space_filling,joint,12,0.334122455382,0.857142857143,1.62593100045,0.340898828629
O02,space_filling,joint,13,0.311909243442,0.857142857143,1.61795483555,0.329214285845
O02,space_filling,joint,14,0.284126205087,0.857142857143,1.61045591913,0.314386581326
O02,space_filling,joint,15,0.285702097888,0.857142857143,1.60266349382,0.314986135626
O02,space_filling,joint,16,0.282228753232,0.857142857143,1.5917731086,0.313329193
O03,ivr,diagonal_matched,3,0.527340214358,0.914285714286,2.17750203111,0.407049801949
O03,ivr,diagonal_matched,4,0.304814036083,0.914285714286,1.82635124253,0.312498106744
O03,ivr,diagonal_matched,5,0.227670567992,0.942857142857,1.74376987255,0.26813604299
O03,ivr,diagonal_matched,6,0.221617151855,0.942857142857,1.68659257412,0.262708301124
O03,ivr,diagonal_matched,7,0.222233432141,0.914285714286,1.64711192442,0.260337983038
O03,ivr,diagonal_matched,8,0.225251069569,0.942857142857,1.62196154392,0.26200620131
O03,ivr,diagonal_matched,9,0.194213211988,0.971428571429,1.59859345793,0.251679810653
O03,ivr,diagonal_matched,10,0.176356298833,0.971428571429,1.58233447568,0.240287545633
O03,ivr,diagonal_matched,11,0.17326141336,0.971428571429,1.56827192121,0.237891264519
O03,ivr,diagonal_matched,12,0.176512907575,0.971428571429,1.55759999297,0.239810293548
O03,ivr,diagonal_matched,13,0.180467218516,0.942857142857,1.54805008629,0.242395802569
O03,ivr,diagonal_matched,14,0.176933873756,0.942857142857,1.53941657471,0.239850281765
O03,ivr,diagonal_matched,15,0.181445055841,0.942857142857,1.53577360404,0.242940856142
O03,ivr,diagonal_matched,16,0.181445055841,0.942857142857,1.53577360404,0.242940856142
O03,ivr,diagonal_tuned,3,0.527340214358,0.914285714286,2.17750203111,0.407049801949
O03,ivr,diagonal_tuned,4,0.304814036083,0.914285714286,1.82635124253,0.312498106744
O03,ivr,diagonal_tuned,5,0.227670567992,0.942857142857,1.74376987255,0.26813604299
O03,ivr,diagonal_tuned,6,0.221617151855,0.942857142857,1.68659257412,0.262708301124
O03,ivr,diagonal_tuned,7,0.222233432141,0.914285714286,1.64711192442,0.260337983038
O03,ivr,diagonal_tuned,8,0.225251069569,0.942857142857,1.62196154392,0.26200620131
O03,ivr,diagonal_tuned,9,0.194213211988,0.971428571429,1.59859345793,0.251679810653
O03,ivr,diagonal_tuned,10,0.176356298833,0.971428571429,1.58233447568,0.240287545633
O03,ivr,diagonal_tuned,11,0.17326141336,0.971428571429,1.56827192121,0.237891264519
O03,ivr,diagonal_tuned,12,0.176512907575,0.971428571429,1.55759999297,0.239810293548
O03,ivr,diagonal_tuned,13,0.180467218516,0.942857142857,1.54805008629,0.242395802569
O03,ivr,diagonal_tuned,14,0.176933873756,0.942857142857,1.53941657471,0.239850281765
O03,ivr,diagonal_tuned,15,0.181445055841,0.942857142857,1.53577360404,0.242940856142
O03,ivr,diagonal_tuned,16,0.181445055841,0.942857142857,1.53577360404,0.242940856142
O03,ivr,joint,3,0.465608144676,0.914285714286,2.20484826641,0.378408343906
O03,ivr,joint,4,0.223150082626,0.971428571429,1.85101410888,0.268268025582
O03,ivr,joint,5,0.184105889256,0.971428571429,1.78763253963,0.242777262439
O03,ivr,joint,6,0.161365494302,0.971428571429,1.72785479333,0.227377737345
O03,ivr,joint,7,0.163854313026,0.942857142857,1.68315446909,0.22861653668
O03,ivr,joint,8,0.157175184032,0.942857142857,1.65835337149,0.221526656142
O03,ivr,joint,9,0.13951114475,0.971428571429,1.64257529814,0.208497439358
O03,ivr,joint,10,0.105162495424,1,1.62978560738,0.191696774447
O03,ivr,joint,11,0.106622721762,0.971428571429,1.61985472011,0.192242602499
O03,ivr,joint,12,0.105342816287,0.971428571429,1.61133360492,0.191279142768
O03,ivr,joint,13,0.101760754131,1,1.60519297915,0.188657899615
O03,ivr,joint,14,0.102185253878,1,1.59933899519,0.1886429954
O03,ivr,joint,15,0.0965341540776,1,1.59428129058,0.184644961968
O03,ivr,joint,16,0.0931290581992,1,1.59029081026,0.182357563067
O03,ivr,linear,3,0.508440557705,,,
O03,ivr,linear,4,0.294746752059,,,
O03,ivr,linear,5,0.184338843725,,,
O03,ivr,linear,6,0.14461454786,,,
O03,ivr,linear,7,0.1531141303,,,
O03,ivr,linear,8,0.13565200388,,,
O03,ivr,linear,9,0.129715632522,,,
O03,ivr,linear,10,0.0989167604646,,,
O03,ivr,linear,11,0.100878428778,,,
O03,ivr,linear,12,0.100973128487,,,
O03,ivr,linear,13,0.0995610485562,,,
O03,ivr,linear,14,0.0934306851929,,,
O03,ivr,linear,15,0.0905608072479,,,
O03,ivr,linear,16,0.080926131541,,,
O03,ivr,pchip,3,1.06980715348,,,
O03,ivr,pchip,4,0.276989031485,,,
O03,ivr,pchip,5,0.155419017024,,,
O03,ivr,pchip,6,0.144247764807,,,
O03,ivr,pchip,7,0.144962228029,,,
O03,ivr,pchip,8,0.134250592283,,,
O03,ivr,pchip,9,0.130908824038,,,
O03,ivr,pchip,10,0.100109951981,,,
O03,ivr,pchip,11,0.102065772938,,,
O03,ivr,pchip,12,0.100973128487,,,
O03,ivr,pchip,13,0.0995610485562,,,
O03,ivr,pchip,14,0.0934306851929,,,
O03,ivr,pchip,15,0.0905608072479,,,
O03,ivr,pchip,16,0.080926131541,,,
O03,random,diagonal_matched,3,0.527340214358,0.914285714286,2.17750203111,0.407049801949
O03,random,diagonal_matched,4,0.404877884141,0.91,1.96305119255,0.352322751916
O03,random,diagonal_matched,5,0.302911263425,0.932857142857,1.83421473698,0.305342795987
O03,random,diagonal_matched,6,0.258018471624,0.945714285714,1.74138715368,0.282446423463
O03,random,diagonal_matched,7,0.243576759522,0.942857142857,1.69032531039,0.274520213749
O03,random,diagonal_matched,8,0.234906374725,0.94,1.65647642967,0.270003666531
O03,random,diagonal_matched,9,0.22950286096,0.94,1.63155120711,0.267273063528
O03,random,diagonal_matched,10,0.221843664948,0.948571428571,1.60968312953,0.263201832748
O03,random,diagonal_matched,11,0.216192447207,0.95,1.59127056971,0.259558347664
O03,random,diagonal_matched,12,0.204464011497,0.942857142857,1.57576501323,0.255033307393
O03,random,diagonal_matched,13,0.19740715511,0.944285714286,1.56341544984,0.250999543392
O03,random,diagonal_matched,14,0.195011207658,0.947142857143,1.55291424747,0.249302884841
O03,random,diagonal_matched,15,0.186471195918,0.942857142857,1.54319146062,0.245670488356
O03,random,diagonal_matched,16,0.181445055841,0.942857142857,1.53577360404,0.242940856142
O03,random,diagonal_tuned,3,0.527340214358,0.914285714286,2.17750203111,0.407049801949
O03,random,diagonal_tuned,4,0.404877884141,0.91,1.96305119255,0.352322751916
O03,random,diagonal_tuned,5,0.302911263425,0.932857142857,1.83421473698,0.305342795987
O03,random,diagonal_tuned,6,0.258018471624,0.945714285714,1.74138715368,0.282446423463
O03,random,diagonal_tuned,7,0.243576759522,0.942857142857,1.69032531039,0.274520213749
O03,random,diagonal_tuned,8,0.234906374725,0.94,1.65647642967,0.270003666531
O03,random,diagonal_tuned,9,0.22950286096,0.94,1.63155120711,0.267273063528
O03,random,diagonal_tuned,10,0.221843664948,0.948571428571,1.60968312953,0.263201832748
O03,random,diagonal_tuned,11,0.216192447207,0.95,1.59127056971,0.259558347664
O03,random,diagonal_tuned,12,0.204464011497,0.942857142857,1.57576501323,0.255033307393
O03,random,diagonal_tuned,13,0.19740715511,0.944285714286,1.56341544984,0.250999543392
O03,random,diagonal_tuned,14,0.195011207658,0.947142857143,1.55291424747,0.249302884841
O03,random,diagonal_tuned,15,0.186471195918,0.942857142857,1.54319146062,0.245670488356
O03,random,diagonal_tuned,16,0.181445055841,0.942857142857,1.53577360404,0.242940856142
O03,random,joint,3,0.465608144676,0.914285714286,2.20484826641,0.378408343906
O03,random,joint,4,0.311370249639,0.932857142857,2.00078631772,0.306722696537
O03,random,joint,5,0.209958874749,0.955714285714,1.87843608082,0.256114719237
O03,random,joint,6,0.173212058528,0.965714285714,1.78772727781,0.234740100266
O03,random,joint,7,0.157796739701,0.964285714286,1.73824541366,0.224320138418
O03,random,joint,8,0.152719429234,0.97,1.70334038027,0.220454655288
O03,random,joint,9,0.145112817255,0.972857142857,1.68694883373,0.215370712167
O03,random,joint,10,0.133660696991,0.98,1.66815589005,0.208158910339
O03,random,joint,11,0.129886088908,0.981428571429,1.65229595056,0.204969440632
O03,random,joint,12,0.115578681059,0.987142857143,1.63327090013,0.197124363506
O03,random,joint,13,0.110103993768,0.988571428571,1.61814582245,0.193266942291
O03,random,joint,14,0.10661806534,0.994285714286,1.61148032107,0.190513363497
O03,random,joint,15,0.0969917731423,0.998571428571,1.59857550222,0.184824255744
O03,random,joint,16,0.0931290581992,1,1.59029081026,0.182357563067
O03,space_filling,diagonal_matched,3,0.527340214358,0.914285714286,2.17750203111,0.407049801949
O03,space_filling,diagonal_matched,4,0.304814036083,0.914285714286,1.82635124253,0.312498106744
O03,space_filling,diagonal_matched,5,0.261767901214,0.914285714286,1.7480745,0.286865764372
O03,space_filling,diagonal_matched,6,0.222161603087,0.914285714286,1.69849284272,0.262473197999
O03,space_filling,diagonal_matched,7,0.222233432141,0.914285714286,1.64711192442,0.260337983038
O03,space_filling,diagonal_matched,8,0.217079465562,0.942857142857,1.6237848651,0.256054346042
O03,space_filling,diagonal_matched,9,0.217079465562,0.942857142857,1.6237848651,0.256054346042
O03,space_filling,diagonal_matched,10,0.221246617949,0.914285714286,1.61709130799,0.258688917755
O03,space_filling,diagonal_matched,11,0.214931986422,0.942857142857,1.60620787419,0.25441287918
O03,space_filling,diagonal_matched,12,0.223813859956,0.942857142857,1.59425829372,0.260537156933
O03,space_filling,diagonal_matched,13,0.23311977298,0.942857142857,1.58152336518,0.266142522548
O03,space_filling,diagonal_matched,14,0.213438022076,0.942857142857,1.56851110453,0.254303295156
O03,space_filling,diagonal_matched,15,0.220763635039,0.942857142857,1.55417023562,0.256816492819
O03,space_filling,diagonal_matched,16,0.181445055841,0.942857142857,1.53577360404,0.242940856142
O03,space_filling,diagonal_tuned,3,0.527340214358,0.914285714286,2.17750203111,0.407049801949
O03,space_filling,diagonal_tuned,4,0.304814036083,0.914285714286,1.82635124253,0.312498106744
O03,space_filling,diagonal_tuned,5,0.261767901214,0.914285714286,1.7480745,0.286865764372
O03,space_filling,diagonal_tuned,6,0.222161603087,0.914285714286,1.69849284272,0.262473197999
O03,space_filling,diagonal_tuned,7,0.222233432141,0.914285714286,1.64711192442,0.260337983038
O03,space_filling,diagonal_tuned,8,0.217079465562,0.942857142857,1.6237848651,0.256054346042
O03,space_filling,diagonal_tuned,9,0.217079465562,0.942857142857,1.6237848651,0.256054346042
O03,space_filling,diagonal_tuned,10,0.221246617949,0.914285714286,1.61709130799,0.258688917755
O03,space_filling,diagonal_tuned,11,0.214931986422,0.942857142857,1.60620787419,0.25441287918
O03,space_filling,diagonal_tuned,12,0.223813859956,0.942857142857,1.59425829372,0.260537156933
O03,space_filling,diagonal_tuned,13,0.23311977298,0.942857142857,1.58152336518,0.266142522548
O03,space_filling,diagonal_tuned,14,0.213438022076,0.942857142857,1.56851110453,0.254303295156
O03,space_filling,diagonal_tuned,15,0.220763635039,0.942857142857,1.55417023562,0.256816492819
O03,space_filling,diagonal_tuned,16,0.181445055841,0.942857142857,1.53577360404,0.242940856142
O03,space_filling,joint,3,0.465608144676,0.914285714286,2.20484826641,0.378408343906
O03,space_filling,joint,4,0.223150082626,0.971428571429,1.85101410888,0.268268025582
O03,space_filling,joint,5,0.194602740429,0.971428571429,1.79479696264,0.249410250964
O03,space_filling,joint,6,0.169182925328,0.971428571429,1.76315471975,0.23184843377
O03,space_filling,joint,7,0.163645838794,0.971428571429,1.72555569592,0.226254237943
O03,space_filling,joint,8,0.159563698576,0.971428571429,1.713638682,0.223315810624
O03,space_filling,joint,9,0.153901861263,0.942857142857,1.64446330344,0.219209100733
O03,space_filling,joint,10,0.153796754968,0.942857142857,1.6394346752,0.218333328239
O03,space_filling,joint,11,0.146193532118,0.971428571429,1.63321163743,0.213272669289
O03,space_filling,joint,12,0.135036381972,0.971428571429,1.6243301598,0.204503339098
O03,space_filling,joint,13,0.134668827629,0.971428571429,1.61633314492,0.203954052563
O03,space_filling,joint,14,0.133191689051,0.971428571429,1.60888342877,0.202663748795
O03,space_filling,joint,15,0.135117919258,0.971428571429,1.60114455243,0.201850892415
O03,space_filling,joint,16,0.0931290581992,1,1.59029081026,0.182357563067
O04,ivr,diagonal_matched,3,0.902832173944,0.857142857143,2.18078005431,0.525405076582
O04,ivr,diagonal_matched,4,0.610340167764,0.857142857143,1.82632065272,0.413034901421
O04,ivr,diagonal_matched,5,0.586614025262,0.821428571429,1.7440763727,0.405533335954
O04,ivr,diagonal_matched,6,0.562270743954,0.821428571429,1.68609783062,0.390103344432
O04,ivr,diagonal_matched,7,0.503424486404,0.892857142857,1.64642486357,0.371849716887
O04,ivr,diagonal_matched,8,0.507647224668,0.892857142857,1.62133269781,0.374357002805
O04,ivr,diagonal_matched,9,0.491714794553,0.892857142857,1.59794282947,0.366792634184
O04,ivr,diagonal_matched,10,0.46876894991,0.892857142857,1.58178979223,0.354058557683
O04,ivr,diagonal_matched,11,0.460928984641,0.892857142857,1.56739303337,0.347655233303
O04,ivr,diagonal_matched,12,0.469623088631,0.892857142857,1.55724847283,0.351686946609
O04,ivr,diagonal_matched,13,0.461660321338,0.892857142857,1.5477221649,0.346329459221
O04,ivr,diagonal_matched,14,0.460396971011,0.892857142857,1.53907901743,0.345392671814
O04,ivr,diagonal_matched,15,0.462446478552,0.892857142857,1.53577117426,0.346967222236
O04,ivr,diagonal_matched,16,0.462446478552,0.892857142857,1.53577117426,0.346967222236
O04,ivr,diagonal_tuned,3,0.902832173944,0.857142857143,2.18078005431,0.525405076582
O04,ivr,diagonal_tuned,4,0.610340167764,0.857142857143,1.82632065272,0.413034901421
O04,ivr,diagonal_tuned,5,0.586614025262,0.821428571429,1.7440763727,0.405533335954
O04,ivr,diagonal_tuned,6,0.562270743954,0.821428571429,1.68609783062,0.390103344432
O04,ivr,diagonal_tuned,7,0.503424486404,0.892857142857,1.64642486357,0.371849716887
O04,ivr,diagonal_tuned,8,0.507647224668,0.892857142857,1.62133269781,0.374357002805
O04,ivr,diagonal_tuned,9,0.491714794553,0.892857142857,1.59794282947,0.366792634184
O04,ivr,diagonal_tuned,10,0.46876894991,0.892857142857,1.58178979223,0.354058557683
O04,ivr,diagonal_tuned,11,0.460928984641,0.892857142857,1.56739303337,0.347655233303
O04,ivr,diagonal_tuned,12,0.469623088631,0.892857142857,1.55724847283,0.351686946609
O04,ivr,diagonal_tuned,13,0.461660321338,0.892857142857,1.5477221649,0.346329459221
O04,ivr,diagonal_tuned,14,0.460396971011,0.892857142857,1.53907901743,0.345392671814
O04,ivr,diagonal_tuned,15,0.462446478552,0.892857142857,1.53577117426,0.346967222236
O04,ivr,diagonal_tuned,16,0.462446478552,0.892857142857,1.53577117426,0.346967222236
O04,ivr,joint,3,0.821454966466,0.857142857143,2.20600634363,0.49741953498
O04,ivr,joint,4,0.504402677945,0.857142857143,1.84776847591,0.365386627452
O04,ivr,joint,5,0.442110448629,0.892857142857,1.78660655868,0.334838396517
O04,ivr,joint,6,0.439014304083,0.892857142857,1.72710233596,0.325906208019
O04,ivr,joint,7,0.420646068203,0.892857142857,1.68119537237,0.313698383193
O04,ivr,joint,8,0.378259591878,0.892857142857,1.65621205778,0.300502454378
O04,ivr,joint,9,0.380281467919,0.892857142857,1.64032966613,0.301205056262
O04,ivr,joint,10,0.364720130882,0.892857142857,1.62750692565,0.296789109915
O04,ivr,joint,11,0.356465500712,0.892857142857,1.61760719352,0.291295407871
O04,ivr,joint,12,0.36130014382,0.892857142857,1.60929932188,0.292248641098
O04,ivr,joint,13,0.361465367798,0.892857142857,1.60302221615,0.292031657539
O04,ivr,joint,14,0.367419945725,0.892857142857,1.59710104544,0.294664302782
O04,ivr,joint,15,0.350278012435,0.928571428571,1.59208362774,0.284788592193
O04,ivr,joint,16,0.349779501182,0.928571428571,1.58804777427,0.284047192967
O04,ivr,linear,3,1.02897036664,,,
O04,ivr,linear,4,0.689960877054,,,
O04,ivr,linear,5,0.529819810441,,,
O04,ivr,linear,6,0.513776623449,,,
O04,ivr,linear,7,0.479377649874,,,
O04,ivr,linear,8,0.447012542861,,,
O04,ivr,linear,9,0.44923619683,,,
O04,ivr,linear,10,0.425426285763,,,
O04,ivr,linear,11,0.396912921252,,,
O04,ivr,linear,12,0.403647897644,,,
O04,ivr,linear,13,0.403527193927,,,
O04,ivr,linear,14,0.394843573102,,,
O04,ivr,linear,15,0.385582961854,,,
O04,ivr,linear,16,0.374148435857,,,
O04,ivr,pchip,3,1.30379475007,,,
O04,ivr,pchip,4,0.64930468422,,,
O04,ivr,pchip,5,0.51031626052,,,
O04,ivr,pchip,6,0.496155227133,,,
O04,ivr,pchip,7,0.459973204054,,,
O04,ivr,pchip,8,0.451065931713,,,
O04,ivr,pchip,9,0.453182164921,,,
O04,ivr,pchip,10,0.429372253855,,,
O04,ivr,pchip,11,0.400858889343,,,
O04,ivr,pchip,12,0.403647897644,,,
O04,ivr,pchip,13,0.403527193927,,,
O04,ivr,pchip,14,0.394843573102,,,
O04,ivr,pchip,15,0.385582961854,,,
O04,ivr,pchip,16,0.374148435857,,,
O04,random,diagonal_matched,3,0.902832173944,0.857142857143,2.18078005431,0.525405076582
O04,random,diagonal_matched,4,0.682732777671,0.869642857143,1.96580331016,0.440421574825
O04,random,diagonal_matched,5,0.550587377054,0.876785714286,1.83615889878,0.390937992964
O04,random,diagonal_matched,6,0.517673226793,0.871428571429,1.7423475923,0.37403294582
O04,random,diagonal_matched,7,0.500685264262,0.873214285714,1.69082838925,0.364771089605
O04,random,diagonal_matched,8,0.495122176402,0.878571428571,1.65672595281,0.361821136438
O04,random,diagonal_matched,9,0.484812092477,0.880357142857,1.63173587988,0.356358298584
O04,random,diagonal_matched,10,0.479126783983,0.878571428571,1.6097632169,0.354245616903
O04,random,diagonal_matched,11,0.479676781429,0.882142857143,1.59131403704,0.355020715218
O04,random,diagonal_matched,12,0.473493364631,0.880357142857,1.57575949889,0.352139150191
O04,random,diagonal_matched,13,0.467040191887,0.8875,1.56340492641,0.349585606308
O04,random,diagonal_matched,14,0.465283437967,0.889285714286,1.55287560772,0.34808970769
O04,random,diagonal_matched,15,0.461335606636,0.892857142857,1.54311783709,0.346287458107
O04,random,diagonal_matched,16,0.462446478552,0.892857142857,1.53577117426,0.346967222236
O04,random,diagonal_tuned,3,0.902832173944,0.857142857143,2.18078005431,0.525405076582
O04,random,diagonal_tuned,4,0.682732777671,0.869642857143,1.96580331016,0.440421574825
O04,random,diagonal_tuned,5,0.550587377054,0.876785714286,1.83615889878,0.390937992964
O04,random,diagonal_tuned,6,0.517673226793,0.871428571429,1.7423475923,0.37403294582
O04,random,diagonal_tuned,7,0.500685264262,0.873214285714,1.69082838925,0.364771089605
O04,random,diagonal_tuned,8,0.495122176402,0.878571428571,1.65672595281,0.361821136438
O04,random,diagonal_tuned,9,0.484812092477,0.880357142857,1.63173587988,0.356358298584
O04,random,diagonal_tuned,10,0.479126783983,0.878571428571,1.6097632169,0.354245616903
O04,random,diagonal_tuned,11,0.479676781429,0.882142857143,1.59131403704,0.355020715218
O04,random,diagonal_tuned,12,0.473493364631,0.880357142857,1.57575949889,0.352139150191
O04,random,diagonal_tuned,13,0.467040191887,0.8875,1.56340492641,0.349585606308
O04,random,diagonal_tuned,14,0.465283437967,0.889285714286,1.55287560772,0.34808970769
O04,random,diagonal_tuned,15,0.461335606636,0.892857142857,1.54311783709,0.346287458107
O04,random,diagonal_tuned,16,0.462446478552,0.892857142857,1.53577117426,0.346967222236
O04,random,joint,3,0.821454966466,0.857142857143,2.20600634363,0.49741953498
O04,random,joint,4,0.5704398243,0.871428571429,2.00059142004,0.393385415208
O04,random,joint,5,0.440119520226,0.896428571429,1.87694064913,0.34020620185
O04,random,joint,6,0.419079841062,0.894642857143,1.78508270278,0.326334639509
O04,random,joint,7,0.401751705509,0.9,1.73533149185,0.31565673981
O04,random,joint,8,0.393358253194,0.896428571429,1.70048186993,0.309870004484
O04,random,joint,9,0.386268525434,0.901785714286,1.68392370394,0.305860787928
O04,random,joint,10,0.38045767938,0.905357142857,1.66509619554,0.302694844849
O04,random,joint,11,0.378448509546,0.907142857143,1.6492611581,0.301047505565
O04,random,joint,12,0.368860544999,0.9125,1.63060634449,0.295575978422
O04,random,joint,13,0.36144144136,0.914285714286,1.61566893215,0.29155359242
O04,random,joint,14,0.360561351018,0.923214285714,1.60893643289,0.290014976683
O04,random,joint,15,0.354390015283,0.925,1.59624585796,0.286556547244
O04,random,joint,16,0.349779501182,0.928571428571,1.58804777427,0.284047192967
O04,space_filling,diagonal_matched,3,0.902832173944,0.857142857143,2.18078005431,0.525405076582
O04,space_filling,diagonal_matched,4,0.610340167764,0.857142857143,1.82632065272,0.413034901421
O04,space_filling,diagonal_matched,5,0.537831223392,0.857142857143,1.74841827199,0.381583378634
O04,space_filling,diagonal_matched,6,0.503512310873,0.892857142857,1.6971318564,0.371703934413
O04,space_filling,diagonal_matched,7,0.503424486404,0.892857142857,1.64642486357,0.371849716887
O04,space_filling,diagonal_matched,8,0.493667729419,0.892857142857,1.62361184928,0.36377324305
O04,space_filling,diagonal_matched,9,0.493667729419,0.892857142857,1.62361184928,0.36377324305
O04,space_filling,diagonal_matched,10,0.497427291963,0.892857142857,1.61745130979,0.366769703249
O04,space_filling,diagonal_matched,11,0.494710735298,0.892857142857,1.60661551403,0.364558424194
O04,space_filling,diagonal_matched,12,0.50062774013,0.892857142857,1.59462610627,0.368564241452
O04,space_filling,diagonal_matched,13,0.494278084924,0.892857142857,1.581634164,0.364504421812
O04,space_filling,diagonal_matched,14,0.475112561247,0.892857142857,1.56860183862,0.354341142258
O04,space_filling,diagonal_matched,15,0.484313065991,0.892857142857,1.55419793539,0.356448980068
O04,space_filling,diagonal_matched,16,0.462446478552,0.892857142857,1.53577117426,0.346967222236
O04,space_filling,diagonal_tuned,3,0.902832173944,0.857142857143,2.18078005431,0.525405076582
O04,space_filling,diagonal_tuned,4,0.610340167764,0.857142857143,1.82632065272,0.413034901421
O04,space_filling,diagonal_tuned,5,0.537831223392,0.857142857143,1.74841827199,0.381583378634
O04,space_filling,diagonal_tuned,6,0.503512310873,0.892857142857,1.6971318564,0.371703934413
O04,space_filling,diagonal_tuned,7,0.503424486404,0.892857142857,1.64642486357,0.371849716887
O04,space_filling,diagonal_tuned,8,0.493667729419,0.892857142857,1.62361184928,0.36377324305
O04,space_filling,diagonal_tuned,9,0.493667729419,0.892857142857,1.62361184928,0.36377324305
O04,space_filling,diagonal_tuned,10,0.497427291963,0.892857142857,1.61745130979,0.366769703249
O04,space_filling,diagonal_tuned,11,0.494710735298,0.892857142857,1.60661551403,0.364558424194
O04,space_filling,diagonal_tuned,12,0.50062774013,0.892857142857,1.59462610627,0.368564241452
O04,space_filling,diagonal_tuned,13,0.494278084924,0.892857142857,1.581634164,0.364504421812
O04,space_filling,diagonal_tuned,14,0.475112561247,0.892857142857,1.56860183862,0.354341142258
O04,space_filling,diagonal_tuned,15,0.484313065991,0.892857142857,1.55419793539,0.356448980068
O04,space_filling,diagonal_tuned,16,0.462446478552,0.892857142857,1.53577117426,0.346967222236
O04,space_filling,joint,3,0.821454966466,0.857142857143,2.20600634363,0.49741953498
O04,space_filling,joint,4,0.504402677945,0.857142857143,1.84776847591,0.365386627452
O04,space_filling,joint,5,0.464626556713,0.857142857143,1.79137912594,0.347566773962
O04,space_filling,joint,6,0.412827897293,0.892857142857,1.75827243534,0.327878376136
O04,space_filling,joint,7,0.412359661129,0.892857142857,1.72105089339,0.326410069175
O04,space_filling,joint,8,0.419364472341,0.892857142857,1.70941403381,0.326861760498
O04,space_filling,joint,9,0.383829130496,0.892857142857,1.64263653987,0.301666819095
O04,space_filling,joint,10,0.368345942245,0.892857142857,1.63753076634,0.294231263415
O04,space_filling,joint,11,0.367555701665,0.892857142857,1.63134892113,0.293156188439
O04,space_filling,joint,12,0.371016479915,0.892857142857,1.6223647354,0.295235521473
O04,space_filling,joint,13,0.370357558652,0.892857142857,1.61419149821,0.294511976294
O04,space_filling,joint,14,0.362949605345,0.892857142857,1.60672973238,0.289667896994
O04,space_filling,joint,15,0.370578394962,0.928571428571,1.59893611908,0.290165033334
O04,space_filling,joint,16,0.349779501182,0.928571428571,1.58804777427,0.284047192967
O05,ivr,diagonal_matched,3,0.0619084618707,1,2.17416702869,0.193702305451
O05,ivr,diagonal_matched,4,0.0483842253933,1,1.82575235577,0.164869711724
O05,ivr,diagonal_matched,5,0.0448223899816,1,1.74230424243,0.157403770671
O05,ivr,diagonal_matched,6,0.0464683528263,1,1.68685549632,0.1562011708
O05,ivr,diagonal_matched,7,0.0561299006255,1,1.64697644194,0.160941436875
O05,ivr,diagonal_matched,8,0.0577121207168,1,1.62232052024,0.161146348021
O05,ivr,diagonal_matched,9,0.0558077336126,1,1.59890146713,0.158360777467
O05,ivr,diagonal_matched,10,0.0574068095814,1,1.58284127984,0.15865798083
O05,ivr,diagonal_matched,11,0.0822104373719,1,1.56819200439,0.177590723272
O05,ivr,diagonal_matched,12,0.083666085577,1,1.55808252191,0.178353688948
O05,ivr,diagonal_matched,13,0.0767466842726,1,1.54862264102,0.172704179415
O05,ivr,diagonal_matched,14,0.0772301144301,1,1.53984679883,0.172975826422
O05,ivr,diagonal_matched,15,0.0670185464422,1,1.53610575038,0.164801593329
O05,ivr,diagonal_matched,16,0.0670185464422,1,1.53610575038,0.164801593329
O05,ivr,diagonal_tuned,3,0.0619084618707,1,2.17416702869,0.193702305451
O05,ivr,diagonal_tuned,4,0.0483842253933,1,1.82575235577,0.164869711724
O05,ivr,diagonal_tuned,5,0.0448223899816,1,1.74230424243,0.157403770671
O05,ivr,diagonal_tuned,6,0.0464683528263,1,1.68685549632,0.1562011708
O05,ivr,diagonal_tuned,7,0.0561299006255,1,1.64697644194,0.160941436875
O05,ivr,diagonal_tuned,8,0.0577121207168,1,1.62232052024,0.161146348021
O05,ivr,diagonal_tuned,9,0.0558077336126,1,1.59890146713,0.158360777467
O05,ivr,diagonal_tuned,10,0.0574068095814,1,1.58284127984,0.15865798083
O05,ivr,diagonal_tuned,11,0.0822104373719,1,1.56819200439,0.177590723272
O05,ivr,diagonal_tuned,12,0.083666085577,1,1.55808252191,0.178353688948
O05,ivr,diagonal_tuned,13,0.0767466842726,1,1.54862264102,0.172704179415
O05,ivr,diagonal_tuned,14,0.0772301144301,1,1.53984679883,0.172975826422
O05,ivr,diagonal_tuned,15,0.0670185464422,1,1.53610575038,0.164801593329
O05,ivr,diagonal_tuned,16,0.0670185464422,1,1.53610575038,0.164801593329
O05,ivr,joint,3,0.0408248004324,1,2.20269230778,0.182520610034
O05,ivr,joint,4,0.0388740452447,1,1.85162996972,0.15922345447
O05,ivr,joint,5,0.0617121191488,1,1.78823175816,0.172182083666
O05,ivr,joint,6,0.0590312937774,1,1.72717581213,0.166886363722
O05,ivr,joint,7,0.0567401880582,1,1.68403545001,0.163659130496
O05,ivr,joint,8,0.0672172873666,1,1.65889030083,0.169899455075
O05,ivr,joint,9,0.0677482123531,1,1.64341934763,0.169725706087
O05,ivr,joint,10,0.0637010659257,1,1.63060757683,0.165948525599
O05,ivr,joint,11,0.0646260873625,1,1.62073990141,0.166009454083
O05,ivr,joint,12,0.0865781916577,1,1.61230651194,0.182564969832
O05,ivr,joint,13,0.0853283537587,1,1.60630011636,0.181569903173
O05,ivr,joint,14,0.0859123745201,1,1.60051494247,0.181802744603
O05,ivr,joint,15,0.0828248624951,1,1.59572468868,0.179085992992
O05,ivr,joint,16,0.0834385791552,1,1.5917731086,0.179497576772
O05,ivr,linear,3,0.150541367682,,,
O05,ivr,linear,4,0.12197203321,,,
O05,ivr,linear,5,0.19679441335,,,
O05,ivr,linear,6,0.187145129551,,,
O05,ivr,linear,7,0.176024985407,,,
O05,ivr,linear,8,0.230293026419,,,
O05,ivr,linear,9,0.231682633232,,,
O05,ivr,linear,10,0.223636659176,,,
O05,ivr,linear,11,0.224395670346,,,
O05,ivr,linear,12,0.283452131237,,,
O05,ivr,linear,13,0.2887608518,,,
O05,ivr,linear,14,0.271348474141,,,
O05,ivr,linear,15,0.224040238947,,,
O05,ivr,linear,16,0.186171042228,,,
O05,ivr,pchip,3,0.283217196715,,,
O05,ivr,pchip,4,0.128868028741,,,
O05,ivr,pchip,5,0.203634494808,,,
O05,ivr,pchip,6,0.20716025901,,,
O05,ivr,pchip,7,0.182045355511,,,
O05,ivr,pchip,8,0.237515787861,,,
O05,ivr,pchip,9,0.239019441177,,,
O05,ivr,pchip,10,0.230973467121,,,
O05,ivr,pchip,11,0.231732478291,,,
O05,ivr,pchip,12,0.283452131237,,,
O05,ivr,pchip,13,0.2887608518,,,
O05,ivr,pchip,14,0.271348474141,,,
O05,ivr,pchip,15,0.224040238947,,,
O05,ivr,pchip,16,0.186171042228,,,
O05,random,diagonal_matched,3,0.0619084618707,1,2.17416702869,0.193702305451
O05,random,diagonal_matched,4,0.0816354937275,1,1.96168447418,0.194210886398
O05,random,diagonal_matched,5,0.0874167680394,1,1.83314900738,0.191312230955
O05,random,diagonal_matched,6,0.0707037338967,1,1.74107426749,0.176213204439
O05,random,diagonal_matched,7,0.0657884736745,1,1.69042511858,0.17028785452
O05,random,diagonal_matched,8,0.0640390106392,1,1.65664318228,0.167327068397
O05,random,diagonal_matched,9,0.0624878005451,1,1.63179344092,0.165241342604
O05,random,diagonal_matched,10,0.0648188446355,1,1.61000251488,0.166206659974
O05,random,diagonal_matched,11,0.0640543363409,1,1.59156050106,0.164800947834
O05,random,diagonal_matched,12,0.0641381143179,1,1.57606718633,0.164130484313
O05,random,diagonal_matched,13,0.0660228375667,1,1.5637436394,0.165075321859
O05,random,diagonal_matched,14,0.0682261675488,1,1.55327140885,0.166441332244
O05,random,diagonal_matched,15,0.0680396681757,1,1.54354236738,0.165850682852
O05,random,diagonal_matched,16,0.0670185464422,1,1.53610575038,0.164801593329
O05,random,diagonal_tuned,3,0.0619084618707,1,2.17416702869,0.193702305451
O05,random,diagonal_tuned,4,0.0816354937275,1,1.96168447418,0.194210886398
O05,random,diagonal_tuned,5,0.0874167680394,1,1.83314900738,0.191312230955
O05,random,diagonal_tuned,6,0.0707037338967,1,1.74107426749,0.176213204439
O05,random,diagonal_tuned,7,0.0657884736745,1,1.69042511858,0.17028785452
O05,random,diagonal_tuned,8,0.0640390106392,1,1.65664318228,0.167327068397
O05,random,diagonal_tuned,9,0.0624878005451,1,1.63179344092,0.165241342604
O05,random,diagonal_tuned,10,0.0648188446355,1,1.61000251488,0.166206659974
O05,random,diagonal_tuned,11,0.0640543363409,1,1.59156050106,0.164800947834
O05,random,diagonal_tuned,12,0.0641381143179,1,1.57606718633,0.164130484313
O05,random,diagonal_tuned,13,0.0660228375667,1,1.5637436394,0.165075321859
O05,random,diagonal_tuned,14,0.0682261675488,1,1.55327140885,0.166441332244
O05,random,diagonal_tuned,15,0.0680396681757,1,1.54354236738,0.165850682852
O05,random,diagonal_tuned,16,0.0670185464422,1,1.53610575038,0.164801593329
O05,random,joint,3,0.0408248004324,1,2.20269230778,0.182520610034
O05,random,joint,4,0.0529152123334,1,2.00140874558,0.17742069537
O05,random,joint,5,0.0610178407526,1,1.87921525696,0.17543624806
O05,random,joint,6,0.0564978160191,1,1.78913078978,0.167936683036
O05,random,joint,7,0.0589687914404,1,1.74008267203,0.167295386208
O05,random,joint,8,0.0657599874933,1,1.7049777393,0.170265367232
O05,random,joint,9,0.0623392792403,1,1.68873799587,0.167353538399
O05,random,joint,10,0.0643065126199,1,1.6698881462,0.168304406273
O05,random,joint,11,0.0653757006475,1,1.65392795861,0.168422613535
O05,random,joint,12,0.0673238020579,1,1.63475211879,0.169026971331
O05,random,joint,13,0.0744248328432,1,1.61959587626,0.173715151705
O05,random,joint,14,0.0766173411733,1,1.6129726134,0.175162618796
O05,random,joint,15,0.080242059535,1,1.59998441252,0.177383446938
O05,random,joint,16,0.0834385791552,1,1.5917731086,0.179497576772
O05,space_filling,diagonal_matched,3,0.0619084618707,1,2.17416702869,0.193702305451
O05,space_filling,diagonal_matched,4,0.0483842253933,1,1.82575235577,0.164869711724
O05,space_filling,diagonal_matched,5,0.0674861252422,1,1.74571601007,0.173807808854
O05,space_filling,diagonal_matched,6,0.0540930709483,1,1.70257320799,0.161965496684
O05,space_filling,diagonal_matched,7,0.0561299006255,1,1.64697644194,0.160941436875
O05,space_filling,diagonal_matched,8,0.086253382534,1,1.62425560852,0.183263731561
O05,space_filling,diagonal_matched,9,0.086253382534,1,1.62425560852,0.183263731561
O05,space_filling,diagonal_matched,10,0.0708401749991,1,1.61733343185,0.171391847199
O05,space_filling,diagonal_matched,11,0.0725135744696,1,1.60674987417,0.172496019328
O05,space_filling,diagonal_matched,12,0.0708429856815,1,1.59477184476,0.17082811169
O05,space_filling,diagonal_matched,13,0.0660671177854,1,1.5821138734,0.166595853956
O05,space_filling,diagonal_matched,14,0.0677087548569,1,1.56902304854,0.167002885652
O05,space_filling,diagonal_matched,15,0.0693950755326,1,1.55458478664,0.167706346844
O05,space_filling,diagonal_matched,16,0.0670185464422,1,1.53610575038,0.164801593329
O05,space_filling,diagonal_tuned,3,0.0619084618707,1,2.17416702869,0.193702305451
O05,space_filling,diagonal_tuned,4,0.0483842253933,1,1.82575235577,0.164869711724
O05,space_filling,diagonal_tuned,5,0.0674861252422,1,1.74571601007,0.173807808854
O05,space_filling,diagonal_tuned,6,0.0540930709483,1,1.70257320799,0.161965496684
O05,space_filling,diagonal_tuned,7,0.0561299006255,1,1.64697644194,0.160941436875
O05,space_filling,diagonal_tuned,8,0.086253382534,1,1.62425560852,0.183263731561
O05,space_filling,diagonal_tuned,9,0.086253382534,1,1.62425560852,0.183263731561
O05,space_filling,diagonal_tuned,10,0.0708401749991,1,1.61733343185,0.171391847199
O05,space_filling,diagonal_tuned,11,0.0725135744696,1,1.60674987417,0.172496019328
O05,space_filling,diagonal_tuned,12,0.0708429856815,1,1.59477184476,0.17082811169
O05,space_filling,diagonal_tuned,13,0.0660671177854,1,1.5821138734,0.166595853956
O05,space_filling,diagonal_tuned,14,0.0677087548569,1,1.56902304854,0.167002885652
O05,space_filling,diagonal_tuned,15,0.0693950755326,1,1.55458478664,0.167706346844
O05,space_filling,diagonal_tuned,16,0.0670185464422,1,1.53610575038,0.164801593329
O05,space_filling,joint,3,0.0408248004324,1,2.20269230778,0.182520610034
O05,space_filling,joint,4,0.0388740452447,1,1.85162996972,0.15922345447
O05,space_filling,joint,5,0.0356019439913,1,1.79482902163,0.153589207145
O05,space_filling,joint,6,0.0423585599677,1,1.76863947192,0.156836197072
O05,space_filling,joint,7,0.0423144816736,1,1.72688642561,0.154430341579
O05,space_filling,joint,8,0.0573900700686,1,1.71550797406,0.165389866542
O05,space_filling,joint,9,0.0946388023248,1,1.64553044945,0.190172076502
O05,space_filling,joint,10,0.0921028464982,1,1.64088286267,0.187820242048
O05,space_filling,joint,11,0.0916705730502,1,1.63495387367,0.187437568786
O05,space_filling,joint,12,0.0889015879331,1,1.62593100045,0.185140517316
O05,space_filling,joint,13,0.0865269430029,1,1.61795483555,0.183218104569
O05,space_filling,joint,14,0.0878544800325,1,1.61045591913,0.183615961331
O05,space_filling,joint,15,0.0878841231334,1,1.60266349382,0.183457157557
O05,space_filling,joint,16,0.0834385791552,1,1.5917731086,0.179497576772
O06,ivr,diagonal_matched,3,0.574520070722,0.942857142857,2.17750203111,0.380150975841
O06,ivr,diagonal_matched,4,0.342213331735,0.957142857143,1.82635124253,0.269841080716
O06,ivr,diagonal_matched,5,0.299911623588,0.957142857143,1.74376987255,0.251360658853
O06,ivr,diagonal_matched,6,0.30320048231,0.957142857143,1.68659257412,0.24970490223
O06,ivr,diagonal_matched,7,0.306621940452,0.957142857143,1.64711192442,0.246982171147
O06,ivr,diagonal_matched,8,0.304950079871,0.957142857143,1.62196154392,0.244059235924
O06,ivr,diagonal_matched,9,0.283423897411,0.957142857143,1.59859345793,0.239342818979
O06,ivr,diagonal_matched,10,0.270149854339,0.957142857143,1.58233447568,0.232700345746
O06,ivr,diagonal_matched,11,0.274143678654,0.957142857143,1.56827192121,0.235186922673
O06,ivr,diagonal_matched,12,0.278068312266,0.957142857143,1.55759999297,0.238169285057
O06,ivr,diagonal_matched,13,0.27821401008,0.957142857143,1.54805008629,0.237604384305
O06,ivr,diagonal_matched,14,0.278847555119,0.957142857143,1.53941657471,0.237712012933
O06,ivr,diagonal_matched,15,0.279494158465,0.957142857143,1.53577360404,0.237999919176
O06,ivr,diagonal_matched,16,0.279494158465,0.957142857143,1.53577360404,0.237999919176
O06,ivr,diagonal_tuned,3,0.574520070722,0.942857142857,2.17750203111,0.380150975841
O06,ivr,diagonal_tuned,4,0.342213331735,0.957142857143,1.82635124253,0.269841080716
O06,ivr,diagonal_tuned,5,0.299911623588,0.957142857143,1.74376987255,0.251360658853
O06,ivr,diagonal_tuned,6,0.30320048231,0.957142857143,1.68659257412,0.24970490223
O06,ivr,diagonal_tuned,7,0.306621940452,0.957142857143,1.64711192442,0.246982171147
O06,ivr,diagonal_tuned,8,0.304950079871,0.957142857143,1.62196154392,0.244059235924
O06,ivr,diagonal_tuned,9,0.283423897411,0.957142857143,1.59859345793,0.239342818979
O06,ivr,diagonal_tuned,10,0.270149854339,0.957142857143,1.58233447568,0.232700345746
O06,ivr,diagonal_tuned,11,0.274143678654,0.957142857143,1.56827192121,0.235186922673
O06,ivr,diagonal_tuned,12,0.278068312266,0.957142857143,1.55759999297,0.238169285057
O06,ivr,diagonal_tuned,13,0.27821401008,0.957142857143,1.54805008629,0.237604384305
O06,ivr,diagonal_tuned,14,0.278847555119,0.957142857143,1.53941657471,0.237712012933
O06,ivr,diagonal_tuned,15,0.279494158465,0.957142857143,1.53577360404,0.237999919176
O06,ivr,diagonal_tuned,16,0.279494158465,0.957142857143,1.53577360404,0.237999919176
O06,ivr,joint,3,0.567710184955,0.942857142857,2.20484826641,0.376292539726
O06,ivr,joint,4,0.322463038058,0.957142857143,1.85101410888,0.261542550253
O06,ivr,joint,5,0.312397290096,0.957142857143,1.78763253963,0.254060844935
O06,ivr,joint,6,0.271026412575,0.957142857143,1.72785479333,0.237561193667
O06,ivr,joint,7,0.278696370321,0.957142857143,1.68315446909,0.240303675429
O06,ivr,joint,8,0.281381328126,0.957142857143,1.65835337149,0.237360141898
O06,ivr,joint,9,0.280789403444,0.957142857143,1.64257529814,0.235829280364
O06,ivr,joint,10,0.259463311726,0.957142857143,1.62978560738,0.230205779269
O06,ivr,joint,11,0.248436248829,0.971428571429,1.61985472011,0.224076984446
O06,ivr,joint,12,0.2471457631,0.971428571429,1.61133360492,0.224881764181
O06,ivr,joint,13,0.246522176557,0.971428571429,1.60519297915,0.224803323246
O06,ivr,joint,14,0.248680525938,0.957142857143,1.59933899519,0.226462373336
O06,ivr,joint,15,0.250910826419,0.957142857143,1.59428129058,0.226642034147
O06,ivr,joint,16,0.25084806388,0.957142857143,1.59029081026,0.226640210726
O06,ivr,linear,3,0.585205060109,,,
O06,ivr,linear,4,0.311300082564,,,
O06,ivr,linear,5,0.298751284239,,,
O06,ivr,linear,6,0.241774520567,,,
O06,ivr,linear,7,0.252655761677,,,
O06,ivr,linear,8,0.241904872812,,,
O06,ivr,linear,9,0.237296382044,,,
O06,ivr,linear,10,0.224944151493,,,
O06,ivr,linear,11,0.21996717475,,,
O06,ivr,linear,12,0.225591829663,,,
O06,ivr,linear,13,0.226435023589,,,
O06,ivr,linear,14,0.226795568632,,,
O06,ivr,linear,15,0.227751904531,,,
O06,ivr,linear,16,0.224044457616,,,
O06,ivr,pchip,3,0.473009135306,,,
O06,ivr,pchip,4,0.286738984176,,,
O06,ivr,pchip,5,0.28859623939,,,
O06,ivr,pchip,6,0.241342405,,,
O06,ivr,pchip,7,0.252976355823,,,
O06,ivr,pchip,8,0.242272315914,,,
O06,ivr,pchip,9,0.237517918793,,,
O06,ivr,pchip,10,0.225165688242,,,
O06,ivr,pchip,11,0.2201629447,,,
O06,ivr,pchip,12,0.225591829663,,,
O06,ivr,pchip,13,0.226435023589,,,
O06,ivr,pchip,14,0.226795568632,,,
O06,ivr,pchip,15,0.227751904531,,,
O06,ivr,pchip,16,0.224044457616,,,
O06,random,diagonal_matched,3,0.574520070722,0.942857142857,2.17750203111,0.380150975841
O06,random,diagonal_matched,4,0.466577510741,0.933571428571,1.96305119255,0.32694168375
O06,random,diagonal_matched,5,0.386103366446,0.950714285714,1.83421473698,0.291227045231
O06,random,diagonal_matched,6,0.344286318808,0.954285714286,1.74138715368,0.269539184077
O06,random,diagonal_matched,7,0.328296566538,0.956428571429,1.69032531039,0.260521127425
O06,random,diagonal_matched,8,0.31726657754,0.954285714286,1.65647642967,0.254668808332
O06,random,diagonal_matched,9,0.310946468077,0.959285714286,1.63155120711,0.251181250751
O06,random,diagonal_matched,10,0.306304477204,0.96,1.60968312953,0.24876507243
O06,random,diagonal_matched,11,0.301302651164,0.957142857143,1.59127056971,0.246081227544
O06,random,diagonal_matched,12,0.292181723541,0.956428571429,1.57576501323,0.2430507033
O06,random,diagonal_matched,13,0.289059024329,0.957142857143,1.56341544984,0.24152093186
O06,random,diagonal_matched,14,0.288998519057,0.957142857143,1.55291424747,0.24125856049
O06,random,diagonal_matched,15,0.282185110703,0.957142857143,1.54319146062,0.238807043218
O06,random,diagonal_matched,16,0.279494158465,0.957142857143,1.53577360404,0.237999919176
O06,random,diagonal_tuned,3,0.574520070722,0.942857142857,2.17750203111,0.380150975841
O06,random,diagonal_tuned,4,0.466577510741,0.933571428571,1.96305119255,0.32694168375
O06,random,diagonal_tuned,5,0.386103366446,0.950714285714,1.83421473698,0.291227045231
O06,random,diagonal_tuned,6,0.344286318808,0.954285714286,1.74138715368,0.269539184077
O06,random,diagonal_tuned,7,0.328296566538,0.956428571429,1.69032531039,0.260521127425
O06,random,diagonal_tuned,8,0.31726657754,0.954285714286,1.65647642967,0.254668808332
O06,random,diagonal_tuned,9,0.310946468077,0.959285714286,1.63155120711,0.251181250751
O06,random,diagonal_tuned,10,0.306304477204,0.96,1.60968312953,0.24876507243
O06,random,diagonal_tuned,11,0.301302651164,0.957142857143,1.59127056971,0.246081227544
O06,random,diagonal_tuned,12,0.292181723541,0.956428571429,1.57576501323,0.2430507033
O06,random,diagonal_tuned,13,0.289059024329,0.957142857143,1.56341544984,0.24152093186
O06,random,diagonal_tuned,14,0.288998519057,0.957142857143,1.55291424747,0.24125856049
O06,random,diagonal_tuned,15,0.282185110703,0.957142857143,1.54319146062,0.238807043218
O06,random,diagonal_tuned,16,0.279494158465,0.957142857143,1.53577360404,0.237999919176
O06,random,joint,3,0.567710184955,0.942857142857,2.20484826641,0.376292539726
O06,random,joint,4,0.449592037461,0.941428571429,2.00078631772,0.318858217349
O06,random,joint,5,0.353816645168,0.956428571429,1.87843608082,0.278640159949
O06,random,joint,6,0.314101064077,0.962857142857,1.78772727781,0.258633508961
O06,random,joint,7,0.299278968476,0.961428571429,1.73824541366,0.250143054167
O06,random,joint,8,0.288356931459,0.962857142857,1.70334038027,0.244296813411
O06,random,joint,9,0.283377331044,0.965,1.68694883373,0.241754597646
O06,random,joint,10,0.278493741284,0.966428571429,1.66815589005,0.239256079991
O06,random,joint,11,0.273923789059,0.965714285714,1.65229595056,0.236983795186
O06,random,joint,12,0.263887599565,0.965,1.63327090013,0.232790657106
O06,random,joint,13,0.26001818017,0.965714285714,1.61814582245,0.230574153064
O06,random,joint,14,0.259665124322,0.963571428571,1.61148032107,0.23025303782
O06,random,joint,15,0.252991280115,0.962142857143,1.59857550222,0.22734471664
O06,random,joint,16,0.25084806388,0.957142857143,1.59029081026,0.226640210726
O06,space_filling,diagonal_matched,3,0.574520070722,0.942857142857,2.17750203111,0.380150975841
O06,space_filling,diagonal_matched,4,0.342213331735,0.957142857143,1.82635124253,0.269841080716
O06,space_filling,diagonal_matched,5,0.318623898582,0.957142857143,1.7480745,0.256368643263
O06,space_filling,diagonal_matched,6,0.295860015674,0.957142857143,1.69849284272,0.243694146111
O06,space_filling,diagonal_matched,7,0.306621940452,0.957142857143,1.64711192442,0.246982171147
O06,space_filling,diagonal_matched,8,0.310529959085,0.957142857143,1.6237848651,0.248242436104
O06,space_filling,diagonal_matched,9,0.310529959085,0.957142857143,1.6237848651,0.248242436104
O06,space_filling,diagonal_matched,10,0.311042935758,0.957142857143,1.61709130799,0.24823268772
O06,space_filling,diagonal_matched,11,0.315513876884,0.957142857143,1.60620787419,0.250852997933
O06,space_filling,diagonal_matched,12,0.312919522454,0.957142857143,1.59425829372,0.248925336245
O06,space_filling,diagonal_matched,13,0.308213371457,0.957142857143,1.58152336518,0.246668247622
O06,space_filling,diagonal_matched,14,0.29921721723,0.957142857143,1.56851110453,0.242102244465
O06,space_filling,diagonal_matched,15,0.306040396198,0.957142857143,1.55417023562,0.244568805402
O06,space_filling,diagonal_matched,16,0.279494158465,0.957142857143,1.53577360404,0.237999919176
O06,space_filling,diagonal_tuned,3,0.574520070722,0.942857142857,2.17750203111,0.380150975841
O06,space_filling,diagonal_tuned,4,0.342213331735,0.957142857143,1.82635124253,0.269841080716
O06,space_filling,diagonal_tuned,5,0.318623898582,0.957142857143,1.7480745,0.256368643263
O06,space_filling,diagonal_tuned,6,0.295860015674,0.957142857143,1.69849284272,0.243694146111
O06,space_filling,diagonal_tuned,7,0.306621940452,0.957142857143,1.64711192442,0.246982171147
O06,space_filling,diagonal_tuned,8,0.310529959085,0.957142857143,1.6237848651,0.248242436104
O06,space_filling,diagonal_tuned,9,0.310529959085,0.957142857143,1.6237848651,0.248242436104
O06,space_filling,diagonal_tuned,10,0.311042935758,0.957142857143,1.61709130799,0.24823268772
O06,space_filling,diagonal_tuned,11,0.315513876884,0.957142857143,1.60620787419,0.250852997933
O06,space_filling,diagonal_tuned,12,0.312919522454,0.957142857143,1.59425829372,0.248925336245
O06,space_filling,diagonal_tuned,13,0.308213371457,0.957142857143,1.58152336518,0.246668247622
O06,space_filling,diagonal_tuned,14,0.29921721723,0.957142857143,1.56851110453,0.242102244465
O06,space_filling,diagonal_tuned,15,0.306040396198,0.957142857143,1.55417023562,0.244568805402
O06,space_filling,diagonal_tuned,16,0.279494158465,0.957142857143,1.53577360404,0.237999919176
O06,space_filling,joint,3,0.567710184955,0.942857142857,2.20484826641,0.376292539726
O06,space_filling,joint,4,0.322463038058,0.957142857143,1.85101410888,0.261542550253
O06,space_filling,joint,5,0.300909744436,0.971428571429,1.79479696264,0.250247653189
O06,space_filling,joint,6,0.278171337253,0.971428571429,1.76315471975,0.239092672099
O06,space_filling,joint,7,0.289867280235,0.957142857143,1.72555569592,0.244122961824
O06,space_filling,joint,8,0.285301961127,0.957142857143,1.713638682,0.243339110714
O06,space_filling,joint,9,0.280109755723,0.957142857143,1.64446330344,0.237726362262
O06,space_filling,joint,10,0.281884803758,0.957142857143,1.6394346752,0.23855034223
O06,space_filling,joint,11,0.283063536209,0.957142857143,1.63321163743,0.239181153601
O06,space_filling,joint,12,0.28044729344,0.957142857143,1.6243301598,0.237301843854
O06,space_filling,joint,13,0.278278078641,0.957142857143,1.61633314492,0.236301375836
O06,space_filling,joint,14,0.270770130482,0.971428571429,1.60888342877,0.231992462107
O06,space_filling,joint,15,0.276088148791,0.957142857143,1.60114455243,0.233988682662
O06,space_filling,joint,16,0.25084806388,0.957142857143,1.59029081026,0.226640210726
O07,ivr,diagonal_matched,3,0.173851503043,0.979591836735,2.17515244608,0.248899688772
O07,ivr,diagonal_matched,4,0.156965817046,0.959183673469,1.82628316717,0.228655628778
O07,ivr,diagonal_matched,5,0.142634210311,0.959183673469,1.74338535387,0.21724693469
O07,ivr,diagonal_matched,6,0.131140337731,0.959183673469,1.68691284501,0.209726855104
O07,ivr,diagonal_matched,7,0.127931244291,0.959183673469,1.64748517598,0.20493359238
O07,ivr,diagonal_matched,8,0.125739962808,0.959183673469,1.62237216689,0.202956247869
O07,ivr,diagonal_matched,9,0.117085643715,0.959183673469,1.59900924694,0.199195502489
O07,ivr,diagonal_matched,10,0.111139602653,0.959183673469,1.58271812396,0.194375000442
O07,ivr,diagonal_matched,11,0.111455769922,0.959183673469,1.56876272614,0.194172688466
O07,ivr,diagonal_matched,12,0.127976266849,0.959183673469,1.55786979433,0.205248976704
O07,ivr,diagonal_matched,13,0.127473025808,0.959183673469,1.54831926347,0.203843719373
O07,ivr,diagonal_matched,14,0.130705443098,0.959183673469,1.53967092518,0.205914022803
O07,ivr,diagonal_matched,15,0.135469145473,0.959183673469,1.53582244196,0.20919112762
O07,ivr,diagonal_matched,16,0.135469145473,0.959183673469,1.53582244196,0.20919112762
O07,ivr,diagonal_tuned,3,0.173851503043,0.979591836735,2.17515244608,0.248899688772
O07,ivr,diagonal_tuned,4,0.156965817046,0.959183673469,1.82628316717,0.228655628778
O07,ivr,diagonal_tuned,5,0.142634210311,0.959183673469,1.74338535387,0.21724693469
O07,ivr,diagonal_tuned,6,0.131140337731,0.959183673469,1.68691284501,0.209726855104
O07,ivr,diagonal_tuned,7,0.127931244291,0.959183673469,1.64748517598,0.20493359238
O07,ivr,diagonal_tuned,8,0.125739962808,0.959183673469,1.62237216689,0.202956247869
O07,ivr,diagonal_tuned,9,0.117085643715,0.959183673469,1.59900924694,0.199195502489
O07,ivr,diagonal_tuned,10,0.111139602653,0.959183673469,1.58271812396,0.194375000442
O07,ivr,diagonal_tuned,11,0.111455769922,0.959183673469,1.56876272614,0.194172688466
O07,ivr,diagonal_tuned,12,0.127976266849,0.959183673469,1.55786979433,0.205248976704
O07,ivr,diagonal_tuned,13,0.127473025808,0.959183673469,1.54831926347,0.203843719373
O07,ivr,diagonal_tuned,14,0.130705443098,0.959183673469,1.53967092518,0.205914022803
O07,ivr,diagonal_tuned,15,0.135469145473,0.959183673469,1.53582244196,0.20919112762
O07,ivr,diagonal_tuned,16,0.135469145473,0.959183673469,1.53582244196,0.20919112762
O07,ivr,joint,3,0.168862462625,0.979591836735,2.20387851391,0.246982438248
O07,ivr,joint,4,0.138397034887,0.959183673469,1.85295673641,0.218406214383
O07,ivr,joint,5,0.13615621937,0.959183673469,1.7883044171,0.215500526498
O07,ivr,joint,6,0.128664369348,0.959183673469,1.72818777166,0.207777644154
O07,ivr,joint,7,0.109697446909,0.979591836735,1.68439980734,0.195813285407
O07,ivr,joint,8,0.108605432038,0.979591836735,1.65965368352,0.192876666641
O07,ivr,joint,9,0.106360130504,0.959183673469,1.64397909493,0.190559899035
O07,ivr,joint,10,0.0959041180534,0.959183673469,1.63120513543,0.185297639641
O07,ivr,joint,11,0.0942047771413,0.959183673469,1.62126547549,0.183757877855
O07,ivr,joint,12,0.0923469562074,0.959183673469,1.61263503908,0.182010006121
O07,ivr,joint,13,0.0888188720022,0.959183673469,1.60659157761,0.179445272303
O07,ivr,joint,14,0.107462556076,0.959183673469,1.60078581608,0.191654530481
O07,ivr,joint,15,0.104617146152,0.959183673469,1.59574329764,0.189307423718
O07,ivr,joint,16,0.104561646997,0.959183673469,1.59178430201,0.189243108205
O07,ivr,linear,3,0.181268045866,,,
O07,ivr,linear,4,0.173473699332,,,
O07,ivr,linear,5,0.166324570105,,,
O07,ivr,linear,6,0.150499962871,,,
O07,ivr,linear,7,0.128836516469,,,
O07,ivr,linear,8,0.121322262319,,,
O07,ivr,linear,9,0.125047345968,,,
O07,ivr,linear,10,0.113053711842,,,
O07,ivr,linear,11,0.113162396563,,,
O07,ivr,linear,12,0.108403249571,,,
O07,ivr,linear,13,0.104180590151,,,
O07,ivr,linear,14,0.150990277798,,,
O07,ivr,linear,15,0.145882831717,,,
O07,ivr,linear,16,0.148179458667,,,
O07,ivr,pchip,3,0.3258986035,,,
O07,ivr,pchip,4,0.179855851638,,,
O07,ivr,pchip,5,0.177688720934,,,
O07,ivr,pchip,6,0.155733076592,,,
O07,ivr,pchip,7,0.12832236253,,,
O07,ivr,pchip,8,0.123124588954,,,
O07,ivr,pchip,9,0.126672591223,,,
O07,ivr,pchip,10,0.114678957097,,,
O07,ivr,pchip,11,0.114960502008,,,
O07,ivr,pchip,12,0.108403249571,,,
O07,ivr,pchip,13,0.104180590151,,,
O07,ivr,pchip,14,0.150990277798,,,
O07,ivr,pchip,15,0.145882831717,,,
O07,ivr,pchip,16,0.148179458667,,,
O07,random,diagonal_matched,3,0.173851503043,0.979591836735,2.17515244608,0.248899688772
O07,random,diagonal_matched,4,0.171165915709,0.968367346939,1.96128330843,0.239344222817
O07,random,diagonal_matched,5,0.161344870184,0.962244897959,1.83295154029,0.229811780577
O07,random,diagonal_matched,6,0.146857962742,0.957142857143,1.74079363358,0.219203549359
O07,random,diagonal_matched,7,0.146758204563,0.952040816327,1.69005209507,0.217518711027
O07,random,diagonal_matched,8,0.146502008489,0.94693877551,1.65635766682,0.216429022293
O07,random,diagonal_matched,9,0.142303282511,0.947959183673,1.63148028465,0.213355041737
O07,random,diagonal_matched,10,0.138462212608,0.948979591837,1.60968299179,0.210791773798
O07,random,diagonal_matched,11,0.139165281155,0.947959183673,1.59128714999,0.210569801037
O07,random,diagonal_matched,12,0.135953414642,0.951020408163,1.57581133187,0.209351001924
O07,random,diagonal_matched,13,0.133478398928,0.955102040816,1.56346834745,0.207639676695
O07,random,diagonal_matched,14,0.137765119311,0.955102040816,1.55298735038,0.210131066471
O07,random,diagonal_matched,15,0.134387044836,0.958163265306,1.54328366074,0.208339734003
O07,random,diagonal_matched,16,0.135469145473,0.959183673469,1.53582244196,0.20919112762
O07,random,diagonal_tuned,3,0.173851503043,0.979591836735,2.17515244608,0.248899688772
O07,random,diagonal_tuned,4,0.171165915709,0.968367346939,1.96128330843,0.239344222817
O07,random,diagonal_tuned,5,0.161344870184,0.962244897959,1.83295154029,0.229811780577
O07,random,diagonal_tuned,6,0.146857962742,0.957142857143,1.74079363358,0.219203549359
O07,random,diagonal_tuned,7,0.146758204563,0.952040816327,1.69005209507,0.217518711027
O07,random,diagonal_tuned,8,0.146502008489,0.94693877551,1.65635766682,0.216429022293
O07,random,diagonal_tuned,9,0.142303282511,0.947959183673,1.63148028465,0.213355041737
O07,random,diagonal_tuned,10,0.138462212608,0.948979591837,1.60968299179,0.210791773798
O07,random,diagonal_tuned,11,0.139165281155,0.947959183673,1.59128714999,0.210569801037
O07,random,diagonal_tuned,12,0.135953414642,0.951020408163,1.57581133187,0.209351001924
O07,random,diagonal_tuned,13,0.133478398928,0.955102040816,1.56346834745,0.207639676695
O07,random,diagonal_tuned,14,0.137765119311,0.955102040816,1.55298735038,0.210131066471
O07,random,diagonal_tuned,15,0.134387044836,0.958163265306,1.54328366074,0.208339734003
O07,random,diagonal_tuned,16,0.135469145473,0.959183673469,1.53582244196,0.20919112762
O07,random,joint,3,0.168862462625,0.979591836735,2.20387851391,0.246982438248
O07,random,joint,4,0.160382754739,0.972448979592,2.00098660609,0.234040973404
O07,random,joint,5,0.147854840956,0.963265306122,1.87940192408,0.221985771339
O07,random,joint,6,0.123577502402,0.963265306122,1.78943896525,0.206291156229
O07,random,joint,7,0.121144048774,0.960204081633,1.74017297732,0.202702357384
O07,random,joint,8,0.121289455232,0.958163265306,1.70520772318,0.201211885677
O07,random,joint,9,0.11569804025,0.960204081633,1.68893307392,0.197483570612
O07,random,joint,10,0.110864795747,0.962244897959,1.67015175208,0.194269832704
O07,random,joint,11,0.111107403942,0.960204081633,1.65426326169,0.193659595662
O07,random,joint,12,0.108548260818,0.95612244898,1.63500510602,0.192275697583
O07,random,joint,13,0.104479287565,0.962244897959,1.61976833889,0.189368514479
O07,random,joint,14,0.10847560476,0.962244897959,1.61314715607,0.191730165068
O07,random,joint,15,0.105289964013,0.967346938776,1.60010800041,0.189706223306
O07,random,joint,16,0.104561646997,0.959183673469,1.59178430201,0.189243108205
O07,space_filling,diagonal_matched,3,0.173851503043,0.979591836735,2.17515244608,0.248899688772
O07,space_filling,diagonal_matched,4,0.156965817046,0.959183673469,1.82628316717,0.228655628778
O07,space_filling,diagonal_matched,5,0.137842848931,0.959183673469,1.74754113172,0.214322715881
O07,space_filling,diagonal_matched,6,0.139558450141,0.959183673469,1.69985345852,0.2121398731
O07,space_filling,diagonal_matched,7,0.127931244291,0.959183673469,1.64748517598,0.20493359238
O07,space_filling,diagonal_matched,8,0.127300505058,0.959183673469,1.62395098034,0.204135356495
O07,space_filling,diagonal_matched,9,0.127300505058,0.959183673469,1.62395098034,0.204135356495
O07,space_filling,diagonal_matched,10,0.134671948977,0.959183673469,1.6169201818,0.209010954769
O07,space_filling,diagonal_matched,11,0.136037873111,0.959183673469,1.60605236571,0.209737326615
O07,space_filling,diagonal_matched,12,0.134648049582,0.959183673469,1.59412147955,0.208378562765
O07,space_filling,diagonal_matched,13,0.127885649677,0.959183673469,1.58154440989,0.203197783145
O07,space_filling,diagonal_matched,14,0.128927119234,0.959183673469,1.56853239133,0.203139321967
O07,space_filling,diagonal_matched,15,0.158974893143,0.938775510204,1.55421362876,0.220191220841
O07,space_filling,diagonal_matched,16,0.135469145473,0.959183673469,1.53582244196,0.20919112762
O07,space_filling,diagonal_tuned,3,0.173851503043,0.979591836735,2.17515244608,0.248899688772
O07,space_filling,diagonal_tuned,4,0.156965817046,0.959183673469,1.82628316717,0.228655628778
O07,space_filling,diagonal_tuned,5,0.137842848931,0.959183673469,1.74754113172,0.214322715881
O07,space_filling,diagonal_tuned,6,0.139558450141,0.959183673469,1.69985345852,0.2121398731
O07,space_filling,diagonal_tuned,7,0.127931244291,0.959183673469,1.64748517598,0.20493359238
O07,space_filling,diagonal_tuned,8,0.127300505058,0.959183673469,1.62395098034,0.204135356495
O07,space_filling,diagonal_tuned,9,0.127300505058,0.959183673469,1.62395098034,0.204135356495
O07,space_filling,diagonal_tuned,10,0.134671948977,0.959183673469,1.6169201818,0.209010954769
O07,space_filling,diagonal_tuned,11,0.136037873111,0.959183673469,1.60605236571,0.209737326615
O07,space_filling,diagonal_tuned,12,0.134648049582,0.959183673469,1.59412147955,0.208378562765
O07,space_filling,diagonal_tuned,13,0.127885649677,0.959183673469,1.58154440989,0.203197783145
O07,space_filling,diagonal_tuned,14,0.128927119234,0.959183673469,1.56853239133,0.203139321967
O07,space_filling,diagonal_tuned,15,0.158974893143,0.938775510204,1.55421362876,0.220191220841
O07,space_filling,diagonal_tuned,16,0.135469145473,0.959183673469,1.53582244196,0.20919112762
O07,space_filling,joint,3,0.168862462625,0.979591836735,2.20387851391,0.246982438248
O07,space_filling,joint,4,0.138397034887,0.959183673469,1.85295673641,0.218406214383
O07,space_filling,joint,5,0.123899274638,0.959183673469,1.79675459203,0.206703777211
O07,space_filling,joint,6,0.12426170758,0.959183673469,1.76672813257,0.204326680649
O07,space_filling,joint,7,0.111031136784,0.979591836735,1.72831997304,0.196539377261
O07,space_filling,joint,8,0.108238122748,0.979591836735,1.7163198084,0.194601926334
O07,space_filling,joint,9,0.104167207949,0.979591836735,1.64565961777,0.189538259625
O07,space_filling,joint,10,0.104324247291,0.979591836735,1.64072950704,0.189951700743
O07,space_filling,joint,11,0.103730675263,0.979591836735,1.63452493764,0.18927502135
O07,space_filling,joint,12,0.102184360528,0.959183673469,1.62568195098,0.18754389643
O07,space_filling,joint,13,0.0968655041573,0.979591836735,1.61778861313,0.183340648408
O07,space_filling,joint,14,0.0966642581531,0.959183673469,1.6103387539,0.182702863749
O07,space_filling,joint,15,0.127098994363,0.938775510204,1.60262350597,0.200482352331
O07,space_filling,joint,16,0.104561646997,0.959183673469,1.59178430201,0.189243108205
O09,ivr,diagonal_matched,3,0.264803225099,1,2.17416702869,0.314079988687
O09,ivr,diagonal_matched,4,0.426177724025,0.857142857143,1.82575235577,0.389041656435
O09,ivr,diagonal_matched,5,0.44222258278,0.857142857143,1.74230424243,0.397594490099
O09,ivr,diagonal_matched,6,0.480678109469,0.714285714286,1.68685549632,0.420452334022
O09,ivr,diagonal_matched,7,0.487643263646,0.714285714286,1.64697644194,0.426431654775
O09,ivr,diagonal_matched,8,0.492988047269,0.714285714286,1.62232052024,0.430551584189
O09,ivr,diagonal_matched,9,0.475220960659,0.714285714286,1.59890146713,0.421330596125
O09,ivr,diagonal_matched,10,0.483352653188,0.714285714286,1.58284127984,0.427105059397
O09,ivr,diagonal_matched,11,0.500532632207,0.714285714286,1.56819200439,0.43731489961
O09,ivr,diagonal_matched,12,0.489906818369,0.714285714286,1.55808252191,0.430649096946
O09,ivr,diagonal_matched,13,0.519010751623,0.714285714286,1.54862264102,0.449902293408
O09,ivr,diagonal_matched,14,0.465819169799,0.714285714286,1.53984679883,0.423768866484
O09,ivr,diagonal_matched,15,0.479072879346,0.714285714286,1.53610575038,0.430947410736
O09,ivr,diagonal_matched,16,0.479072879346,0.714285714286,1.53610575038,0.430947410736
O09,ivr,diagonal_tuned,3,0.264803225099,1,2.17416702869,0.314079988687
O09,ivr,diagonal_tuned,4,0.426177724025,0.857142857143,1.82575235577,0.389041656435
O09,ivr,diagonal_tuned,5,0.44222258278,0.857142857143,1.74230424243,0.397594490099
O09,ivr,diagonal_tuned,6,0.480678109469,0.714285714286,1.68685549632,0.420452334022
O09,ivr,diagonal_tuned,7,0.487643263646,0.714285714286,1.64697644194,0.426431654775
O09,ivr,diagonal_tuned,8,0.492988047269,0.714285714286,1.62232052024,0.430551584189
O09,ivr,diagonal_tuned,9,0.475220960659,0.714285714286,1.59890146713,0.421330596125
O09,ivr,diagonal_tuned,10,0.483352653188,0.714285714286,1.58284127984,0.427105059397
O09,ivr,diagonal_tuned,11,0.500532632207,0.714285714286,1.56819200439,0.43731489961
O09,ivr,diagonal_tuned,12,0.489906818369,0.714285714286,1.55808252191,0.430649096946
O09,ivr,diagonal_tuned,13,0.519010751623,0.714285714286,1.54862264102,0.449902293408
O09,ivr,diagonal_tuned,14,0.465819169799,0.714285714286,1.53984679883,0.423768866484
O09,ivr,diagonal_tuned,15,0.479072879346,0.714285714286,1.53610575038,0.430947410736
O09,ivr,diagonal_tuned,16,0.479072879346,0.714285714286,1.53610575038,0.430947410736
O09,ivr,joint,3,0.282600693584,1,2.20269230778,0.326409025755
O09,ivr,joint,4,0.577879702173,0.857142857143,1.85162996972,0.473373255098
O09,ivr,joint,5,0.681125578055,0.714285714286,1.78823175816,0.531139344229
O09,ivr,joint,6,0.685875118069,0.714285714286,1.72717581213,0.536796055836
O09,ivr,joint,7,0.741782137142,0.714285714286,1.68403545001,0.568339955684
O09,ivr,joint,8,0.760852721071,0.571428571429,1.65889030083,0.581354480297
O09,ivr,joint,9,0.764849529881,0.571428571429,1.64341934763,0.584889241714
O09,ivr,joint,10,0.757881698642,0.571428571429,1.63060757683,0.582557078377
O09,ivr,joint,11,0.765348771004,0.571428571429,1.62073990141,0.587806954012
O09,ivr,joint,12,0.793760176191,0.571428571429,1.61230651194,0.600601427699
O09,ivr,joint,13,0.83355414593,0.571428571429,1.60630011636,0.624053044359
O09,ivr,joint,14,0.818855900375,0.571428571429,1.60051494247,0.616360797744
O09,ivr,joint,15,0.803800853503,0.571428571429,1.59572468868,0.605853987825
O09,ivr,joint,16,0.748242981751,0.571428571429,1.5917731086,0.582486116464
O09,ivr,linear,3,0.203674201721,,,
O09,ivr,linear,4,0.300702687402,,,
O09,ivr,linear,5,0.507214519906,,,
O09,ivr,linear,6,0.518192630807,,,
O09,ivr,linear,7,0.576889240243,,,
O09,ivr,linear,8,0.605399394841,,,
O09,ivr,linear,9,0.593494483029,,,
O09,ivr,linear,10,0.601872983382,,,
O09,ivr,linear,11,0.607663304683,,,
O09,ivr,linear,12,0.721564913161,,,
O09,ivr,linear,13,0.747638799131,,,
O09,ivr,linear,14,0.725086223663,,,
O09,ivr,linear,15,0.777554706558,,,
O09,ivr,linear,16,0.6757576345,,,
O09,ivr,pchip,3,0.297258847199,,,
O09,ivr,pchip,4,0.30630756733,,,
O09,ivr,pchip,5,0.544527692737,,,
O09,ivr,pchip,6,0.515880879874,,,
O09,ivr,pchip,7,0.555407811455,,,
O09,ivr,pchip,8,0.578149987923,,,
O09,ivr,pchip,9,0.565633487421,,,
O09,ivr,pchip,10,0.574011987774,,,
O09,ivr,pchip,11,0.579802309075,,,
O09,ivr,pchip,12,0.721564913161,,,
O09,ivr,pchip,13,0.747638799131,,,
O09,ivr,pchip,14,0.725086223663,,,
O09,ivr,pchip,15,0.777554706558,,,
O09,ivr,pchip,16,0.6757576345,,,
O09,random,diagonal_matched,3,0.264803225099,1,2.17416702869,0.314079988687
O09,random,diagonal_matched,4,0.339964589802,0.885714285714,1.96168447418,0.348836372885
O09,random,diagonal_matched,5,0.383130546164,0.842857142857,1.83314900738,0.369291451212
O09,random,diagonal_matched,6,0.43968134825,0.785714285714,1.74107426749,0.399544730435
O09,random,diagonal_matched,7,0.470154567687,0.75,1.69042511858,0.417333750719
O09,random,diagonal_matched,8,0.481638998058,0.75,1.65664318228,0.42485602946
O09,random,diagonal_matched,9,0.508475663578,0.735714285714,1.63179344092,0.441493165177
O09,random,diagonal_matched,10,0.507179862425,0.735714285714,1.61000251488,0.441760472314
O09,random,diagonal_matched,11,0.507080874589,0.728571428571,1.59156050106,0.442806882626
O09,random,diagonal_matched,12,0.494454517534,0.735714285714,1.57606718633,0.436820168939
O09,random,diagonal_matched,13,0.488660304448,0.728571428571,1.5637436394,0.434554258628
O09,random,diagonal_matched,14,0.483796615853,0.721428571429,1.55327140885,0.432431334911
O09,random,diagonal_matched,15,0.483430053667,0.714285714286,1.54354236738,0.432970549763
O09,random,diagonal_matched,16,0.479072879346,0.714285714286,1.53610575038,0.430947410736
O09,random,diagonal_tuned,3,0.264803225099,1,2.17416702869,0.314079988687
O09,random,diagonal_tuned,4,0.339964589802,0.885714285714,1.96168447418,0.348836372885
O09,random,diagonal_tuned,5,0.383130546164,0.842857142857,1.83314900738,0.369291451212
O09,random,diagonal_tuned,6,0.43968134825,0.785714285714,1.74107426749,0.399544730435
O09,random,diagonal_tuned,7,0.470154567687,0.75,1.69042511858,0.417333750719
O09,random,diagonal_tuned,8,0.481638998058,0.75,1.65664318228,0.42485602946
O09,random,diagonal_tuned,9,0.508475663578,0.735714285714,1.63179344092,0.441493165177
O09,random,diagonal_tuned,10,0.507179862425,0.735714285714,1.61000251488,0.441760472314
O09,random,diagonal_tuned,11,0.507080874589,0.728571428571,1.59156050106,0.442806882626
O09,random,diagonal_tuned,12,0.494454517534,0.735714285714,1.57606718633,0.436820168939
O09,random,diagonal_tuned,13,0.488660304448,0.728571428571,1.5637436394,0.434554258628
O09,random,diagonal_tuned,14,0.483796615853,0.721428571429,1.55327140885,0.432431334911
O09,random,diagonal_tuned,15,0.483430053667,0.714285714286,1.54354236738,0.432970549763
O09,random,diagonal_tuned,16,0.479072879346,0.714285714286,1.53610575038,0.430947410736
O09,random,joint,3,0.282600693584,1,2.20269230778,0.326409025755
O09,random,joint,4,0.428373438704,0.821428571429,2.00140874558,0.397507339887
O09,random,joint,5,0.506422204475,0.785714285714,1.87921525696,0.436303218523
O09,random,joint,6,0.604975519416,0.742857142857,1.78913078978,0.489779938943
O09,random,joint,7,0.665838743685,0.707142857143,1.74008267203,0.524583561001
O09,random,joint,8,0.702677186837,0.685714285714,1.7049777393,0.546992719384
O09,random,joint,9,0.733473545875,0.671428571429,1.68873799587,0.564409010275
O09,random,joint,10,0.739733168775,0.657142857143,1.6698881462,0.569256671689
O09,random,joint,11,0.744513363895,0.65,1.65392795861,0.573281655297
O09,random,joint,12,0.752130043473,0.628571428571,1.63475211879,0.579861756474
O09,random,joint,13,0.756108735311,0.592857142857,1.61959587626,0.583765483235
O09,random,joint,14,0.74737066351,0.592857142857,1.6129726134,0.579966057363
O09,random,joint,15,0.757044024813,0.578571428571,1.59998441252,0.586592164808
O09,random,joint,16,0.748242981751,0.571428571429,1.5917731086,0.582486116464
O09,space_filling,diagonal_matched,3,0.264803225099,1,2.17416702869,0.314079988687
O09,space_filling,diagonal_matched,4,0.426177724025,0.857142857143,1.82575235577,0.389041656435
O09,space_filling,diagonal_matched,5,0.441394359205,0.857142857143,1.74571601007,0.399359246327
O09,space_filling,diagonal_matched,6,0.448655342184,0.857142857143,1.70257320799,0.403213116375
O09,space_filling,diagonal_matched,7,0.487643263646,0.714285714286,1.64697644194,0.426431654775
O09,space_filling,diagonal_matched,8,0.509539477191,0.714285714286,1.62425560852,0.439663630514
O09,space_filling,diagonal_matched,9,0.509539477191,0.714285714286,1.62425560852,0.439663630514
O09,space_filling,diagonal_matched,10,0.522046914036,0.714285714286,1.61733343185,0.446626358417
O09,space_filling,diagonal_matched,11,0.466572821962,0.714285714286,1.60674987417,0.418855427707
O09,space_filling,diagonal_matched,12,0.47346526036,0.714285714286,1.59477184476,0.42317296494
O09,space_filling,diagonal_matched,13,0.506942120297,0.714285714286,1.5821138734,0.44597914631
O09,space_filling,diagonal_matched,14,0.508982025925,0.714285714286,1.56902304854,0.447635408538
O09,space_filling,diagonal_matched,15,0.48994211899,0.714285714286,1.55458478664,0.436508846507
O09,space_filling,diagonal_matched,16,0.479072879346,0.714285714286,1.53610575038,0.430947410736
O09,space_filling,diagonal_tuned,3,0.264803225099,1,2.17416702869,0.314079988687
O09,space_filling,diagonal_tuned,4,0.426177724025,0.857142857143,1.82575235577,0.389041656435
O09,space_filling,diagonal_tuned,5,0.441394359205,0.857142857143,1.74571601007,0.399359246327
O09,space_filling,diagonal_tuned,6,0.448655342184,0.857142857143,1.70257320799,0.403213116375
O09,space_filling,diagonal_tuned,7,0.487643263646,0.714285714286,1.64697644194,0.426431654775
O09,space_filling,diagonal_tuned,8,0.509539477191,0.714285714286,1.62425560852,0.439663630514
O09,space_filling,diagonal_tuned,9,0.509539477191,0.714285714286,1.62425560852,0.439663630514
O09,space_filling,diagonal_tuned,10,0.522046914036,0.714285714286,1.61733343185,0.446626358417
O09,space_filling,diagonal_tuned,11,0.466572821962,0.714285714286,1.60674987417,0.418855427707
O09,space_filling,diagonal_tuned,12,0.47346526036,0.714285714286,1.59477184476,0.42317296494
O09,space_filling,diagonal_tuned,13,0.506942120297,0.714285714286,1.5821138734,0.44597914631
O09,space_filling,diagonal_tuned,14,0.508982025925,0.714285714286,1.56902304854,0.447635408538
O09,space_filling,diagonal_tuned,15,0.48994211899,0.714285714286,1.55458478664,0.436508846507
O09,space_filling,diagonal_tuned,16,0.479072879346,0.714285714286,1.53610575038,0.430947410736
O09,space_filling,joint,3,0.282600693584,1,2.20269230778,0.326409025755
O09,space_filling,joint,4,0.577879702173,0.857142857143,1.85162996972,0.473373255098
O09,space_filling,joint,5,0.601260351536,0.857142857143,1.79482902163,0.489401382389
O09,space_filling,joint,6,0.59584906729,0.857142857143,1.76863947192,0.486864020301
O09,space_filling,joint,7,0.651290193576,0.714285714286,1.72688642561,0.517877392672
O09,space_filling,joint,8,0.678475018579,0.714285714286,1.71550797406,0.530697126266
O09,space_filling,joint,9,0.799852461473,0.571428571429,1.64553044945,0.599945913477
O09,space_filling,joint,10,0.790021557825,0.571428571429,1.64088286267,0.592257825069
O09,space_filling,joint,11,0.720427523428,0.571428571429,1.63495387367,0.561592915485
O09,space_filling,joint,12,0.724595706173,0.571428571429,1.62593100045,0.564499076033
O09,space_filling,joint,13,0.769318802627,0.571428571429,1.61795483555,0.591997073543
O09,space_filling,joint,14,0.769018203829,0.571428571429,1.61045591913,0.592359030639
O09,space_filling,joint,15,0.750541350031,0.571428571429,1.60266349382,0.582740293085
O09,space_filling,joint,16,0.748242981751,0.571428571429,1.5917731086,0.582486116464
O10,ivr,diagonal_matched,3,1.46889399627,0.857142857143,2.17833578171,0.568328249074
O10,ivr,diagonal_matched,4,1.03713637353,0.928571428571,1.82650096422,0.386060057806
O10,ivr,diagonal_matched,5,0.967789613871,0.892857142857,1.74413628008,0.359952452863
O10,ivr,diagonal_matched,6,0.963293691967,0.892857142857,1.68652684357,0.354261956432
O10,ivr,diagonal_matched,7,1.05956751613,0.892857142857,1.64714579504,0.376182839575
O10,ivr,diagonal_matched,8,1.06116722417,0.928571428571,1.62187179985,0.374846335894
O10,ivr,diagonal_matched,9,0.68683288607,0.928571428571,1.59851645564,0.319110932448
O10,ivr,diagonal_matched,10,0.663674538132,0.928571428571,1.58220777464,0.306443290047
O10,ivr,diagonal_matched,11,0.664500581858,0.928571428571,1.56829190041,0.306018514203
O10,ivr,diagonal_matched,12,0.623773976926,0.928571428571,1.55747936074,0.298742351888
O10,ivr,diagonal_matched,13,0.610182745346,0.928571428571,1.5479069476,0.290444151752
O10,ivr,diagonal_matched,14,0.608980053688,0.928571428571,1.53930901868,0.288984133903
O10,ivr,diagonal_matched,15,0.609217280633,0.928571428571,1.53569056746,0.288974759991
O10,ivr,diagonal_matched,16,0.609217280633,0.928571428571,1.53569056746,0.288974759991
O10,ivr,diagonal_tuned,3,1.46889399627,0.857142857143,2.17833578171,0.568328249074
O10,ivr,diagonal_tuned,4,1.03713637353,0.928571428571,1.82650096422,0.386060057806
O10,ivr,diagonal_tuned,5,0.967789613871,0.892857142857,1.74413628008,0.359952452863
O10,ivr,diagonal_tuned,6,0.963293691967,0.892857142857,1.68652684357,0.354261956432
O10,ivr,diagonal_tuned,7,1.05956751613,0.892857142857,1.64714579504,0.376182839575
O10,ivr,diagonal_tuned,8,1.06116722417,0.928571428571,1.62187179985,0.374846335894
O10,ivr,diagonal_tuned,9,0.68683288607,0.928571428571,1.59851645564,0.319110932448
O10,ivr,diagonal_tuned,10,0.663674538132,0.928571428571,1.58220777464,0.306443290047
O10,ivr,diagonal_tuned,11,0.664500581858,0.928571428571,1.56829190041,0.306018514203
O10,ivr,diagonal_tuned,12,0.623773976926,0.928571428571,1.55747936074,0.298742351888
O10,ivr,diagonal_tuned,13,0.610182745346,0.928571428571,1.5479069476,0.290444151752
O10,ivr,diagonal_tuned,14,0.608980053688,0.928571428571,1.53930901868,0.288984133903
O10,ivr,diagonal_tuned,15,0.609217280633,0.928571428571,1.53569056746,0.288974759991
O10,ivr,diagonal_tuned,16,0.609217280633,0.928571428571,1.53569056746,0.288974759991
O10,ivr,joint,3,1.4107103962,0.821428571429,2.20538725607,0.557004997741
O10,ivr,joint,4,0.955702292429,0.928571428571,1.85086014367,0.363598718962
O10,ivr,joint,5,1.00414615125,0.928571428571,1.78748273499,0.363278710341
O10,ivr,joint,6,0.965771927071,0.928571428571,1.72802453864,0.350138878402
O10,ivr,joint,7,0.966401280877,0.928571428571,1.68293422386,0.348450350571
O10,ivr,joint,8,1.0685246856,0.928571428571,1.65821913916,0.372038940258
O10,ivr,joint,9,1.06768330074,0.928571428571,1.64236428577,0.3701078477
O10,ivr,joint,10,0.681699148444,0.928571428571,1.62958011502,0.317600098707
O10,ivr,joint,11,0.659539230851,0.928571428571,1.61963342479,0.303163739534
O10,ivr,joint,12,0.657711480246,0.928571428571,1.61109037816,0.301192751097
O10,ivr,joint,13,0.636125235502,0.928571428571,1.60491619484,0.292442573384
O10,ivr,joint,14,0.600961398063,0.928571428571,1.59904500836,0.287356837206
O10,ivr,joint,15,0.604141632979,0.928571428571,1.59392044105,0.28662008288
O10,ivr,joint,16,0.603443113863,0.928571428571,1.58992023567,0.286013586363
O10,ivr,linear,3,1.46811392131,,,
O10,ivr,linear,4,1.01208222729,,,
O10,ivr,linear,5,1.06667965421,,,
O10,ivr,linear,6,1.04788609481,,,
O10,ivr,linear,7,1.0533788367,,,
O10,ivr,linear,8,1.16236015645,,,
O10,ivr,linear,9,1.15755439247,,,
O10,ivr,linear,10,0.734138747916,,,
O10,ivr,linear,11,0.725634663355,,,
O10,ivr,linear,12,0.693116672444,,,
O10,ivr,linear,13,0.592744958104,,,
O10,ivr,linear,14,0.546670828541,,,
O10,ivr,linear,15,0.542221325283,,,
O10,ivr,linear,16,0.540565820806,,,
O10,ivr,pchip,3,1.38229261548,,,
O10,ivr,pchip,4,1.00747341624,,,
O10,ivr,pchip,5,1.08827991448,,,
O10,ivr,pchip,6,1.04169470828,,,
O10,ivr,pchip,7,1.04484523679,,,
O10,ivr,pchip,8,1.16589762235,,,
O10,ivr,pchip,9,1.1598231819,,,
O10,ivr,pchip,10,0.73640753735,,,
O10,ivr,pchip,11,0.727891511933,,,
O10,ivr,pchip,12,0.693116672444,,,
O10,ivr,pchip,13,0.592744958104,,,
O10,ivr,pchip,14,0.546670828541,,,
O10,ivr,pchip,15,0.542221325283,,,
O10,ivr,pchip,16,0.540565820806,,,
O10,random,diagonal_matched,3,1.46889399627,0.857142857143,2.17833578171,0.568328249074
O10,random,diagonal_matched,4,1.19767900638,0.891071428571,1.96339287214,0.463807035853
O10,random,diagonal_matched,5,1.0472349656,0.896428571429,1.83448116938,0.412207939817
O10,random,diagonal_matched,6,0.969493911207,0.917857142857,1.74146537523,0.373298373111
O10,random,diagonal_matched,7,0.919058933561,0.923214285714,1.69030035834,0.355669124069
O10,random,diagonal_matched,8,0.870889647476,0.919642857143,1.65643474152,0.344290467168
O10,random,diagonal_matched,9,0.841590938856,0.919642857143,1.63149064866,0.334049805119
O10,random,diagonal_matched,10,0.81233940508,0.925,1.60960328319,0.326974554591
O10,random,diagonal_matched,11,0.803440129072,0.925,1.59119808687,0.323557912431
O10,random,diagonal_matched,12,0.700399898145,0.925,1.57568946995,0.307701472798
O10,random,diagonal_matched,13,0.69285638332,0.928571428571,1.56333340245,0.30460667041
O10,random,diagonal_matched,14,0.674204887355,0.928571428571,1.55282495713,0.299387322604
O10,random,diagonal_matched,15,0.628341201171,0.928571428571,1.54310373393,0.292156354701
O10,random,diagonal_matched,16,0.609217280633,0.928571428571,1.53569056746,0.288974759991
O10,random,diagonal_tuned,3,1.46889399627,0.857142857143,2.17833578171,0.568328249074
O10,random,diagonal_tuned,4,1.19767900638,0.891071428571,1.96339287214,0.463807035853
O10,random,diagonal_tuned,5,1.0472349656,0.896428571429,1.83448116938,0.412207939817
O10,random,diagonal_tuned,6,0.969493911207,0.917857142857,1.74146537523,0.373298373111
O10,random,diagonal_tuned,7,0.919058933561,0.923214285714,1.69030035834,0.355669124069
O10,random,diagonal_tuned,8,0.870889647476,0.919642857143,1.65643474152,0.344290467168
O10,random,diagonal_tuned,9,0.841590938856,0.919642857143,1.63149064866,0.334049805119
O10,random,diagonal_tuned,10,0.81233940508,0.925,1.60960328319,0.326974554591
O10,random,diagonal_tuned,11,0.803440129072,0.925,1.59119808687,0.323557912431
O10,random,diagonal_tuned,12,0.700399898145,0.925,1.57568946995,0.307701472798
O10,random,diagonal_tuned,13,0.69285638332,0.928571428571,1.56333340245,0.30460667041
O10,random,diagonal_tuned,14,0.674204887355,0.928571428571,1.55282495713,0.299387322604
O10,random,diagonal_tuned,15,0.628341201171,0.928571428571,1.54310373393,0.292156354701
O10,random,diagonal_tuned,16,0.609217280633,0.928571428571,1.53569056746,0.288974759991
O10,random,joint,3,1.4107103962,0.821428571429,2.20538725607,0.557004997741
O10,random,joint,4,1.13854944912,0.882142857143,2.00063071076,0.449285136374
O10,random,joint,5,0.995481931145,0.908928571429,1.87824128678,0.396657740834
O10,random,joint,6,0.926126107182,0.919642857143,1.78737639982,0.361541610659
O10,random,joint,7,0.894195519524,0.926785714286,1.73778609906,0.348351710388
O10,random,joint,8,0.855650558487,0.926785714286,1.70293104051,0.339406124748
O10,random,joint,9,0.831843577918,0.930357142857,1.6865015432,0.331452760902
O10,random,joint,10,0.802490573255,0.930357142857,1.66772282602,0.324588341032
O10,random,joint,11,0.798106655259,0.933928571429,1.65188794855,0.32247524668
O10,random,joint,12,0.693689699527,0.935714285714,1.63290059546,0.305523389183
O10,random,joint,13,0.688675220181,0.935714285714,1.617783309,0.302850768129
O10,random,joint,14,0.669329813032,0.942857142857,1.61110724798,0.297109220038
O10,random,joint,15,0.621696226395,0.9375,1.59822327464,0.289160537594
O10,random,joint,16,0.603443113863,0.928571428571,1.58992023567,0.286013586363
O10,space_filling,diagonal_matched,3,1.46889399627,0.857142857143,2.17833578171,0.568328249074
O10,space_filling,diagonal_matched,4,1.03713637353,0.928571428571,1.82650096422,0.386060057806
O10,space_filling,diagonal_matched,5,1.12484822505,0.892857142857,1.74866412248,0.407319448231
O10,space_filling,diagonal_matched,6,1.06718848475,0.928571428571,1.6974727514,0.383629188151
O10,space_filling,diagonal_matched,7,1.05956751613,0.892857142857,1.64714579504,0.376182839575
O10,space_filling,diagonal_matched,8,1.05820201252,0.892857142857,1.62366717924,0.374155541531
O10,space_filling,diagonal_matched,9,1.05820201252,0.892857142857,1.62366717924,0.374155541531
O10,space_filling,diagonal_matched,10,1.05851682259,0.892857142857,1.61703077702,0.373901391522
O10,space_filling,diagonal_matched,11,1.05870961292,0.892857142857,1.60607237419,0.373465733353
O10,space_filling,diagonal_matched,12,1.05635610409,0.928571428571,1.59412990596,0.370027314725
O10,space_filling,diagonal_matched,13,1.04505297047,0.928571428571,1.58137573813,0.359388819118
O10,space_filling,diagonal_matched,14,1.02126535203,0.928571428571,1.56838311852,0.347975290968
O10,space_filling,diagonal_matched,15,0.883698347363,0.928571428571,1.55406659787,0.323069102529
O10,space_filling,diagonal_matched,16,0.609217280633,0.928571428571,1.53569056746,0.288974759991
O10,space_filling,diagonal_tuned,3,1.46889399627,0.857142857143,2.17833578171,0.568328249074
O10,space_filling,diagonal_tuned,4,1.03713637353,0.928571428571,1.82650096422,0.386060057806
O10,space_filling,diagonal_tuned,5,1.12484822505,0.892857142857,1.74866412248,0.407319448231
O10,space_filling,diagonal_tuned,6,1.06718848475,0.928571428571,1.6974727514,0.383629188151
O10,space_filling,diagonal_tuned,7,1.05956751613,0.892857142857,1.64714579504,0.376182839575
O10,space_filling,diagonal_tuned,8,1.05820201252,0.892857142857,1.62366717924,0.374155541531
O10,space_filling,diagonal_tuned,9,1.05820201252,0.892857142857,1.62366717924,0.374155541531
O10,space_filling,diagonal_tuned,10,1.05851682259,0.892857142857,1.61703077702,0.373901391522
O10,space_filling,diagonal_tuned,11,1.05870961292,0.892857142857,1.60607237419,0.373465733353
O10,space_filling,diagonal_tuned,12,1.05635610409,0.928571428571,1.59412990596,0.370027314725
O10,space_filling,diagonal_tuned,13,1.04505297047,0.928571428571,1.58137573813,0.359388819118
O10,space_filling,diagonal_tuned,14,1.02126535203,0.928571428571,1.56838311852,0.347975290968
O10,space_filling,diagonal_tuned,15,0.883698347363,0.928571428571,1.55406659787,0.323069102529
O10,space_filling,diagonal_tuned,16,0.609217280633,0.928571428571,1.53569056746,0.288974759991
O10,space_filling,joint,3,1.4107103962,0.821428571429,2.20538725607,0.557004997741
O10,space_filling,joint,4,0.955702292429,0.928571428571,1.85086014367,0.363598718962
O10,space_filling,joint,5,1.05716288136,0.928571428571,1.79478894789,0.392535635179
O10,space_filling,joint,6,1.00237767335,0.928571428571,1.7617835317,0.36560720132
O10,space_filling,joint,7,0.997500866444,0.928571428571,1.7252230135,0.360254988078
O10,space_filling,joint,8,0.987589096336,0.928571428571,1.71317135898,0.35562723837
O10,space_filling,joint,9,1.06187960251,0.928571428571,1.64419651694,0.368638285415
O10,space_filling,joint,10,1.07181235241,0.928571428571,1.63907262833,0.371249413368
O10,space_filling,joint,11,1.07099380425,0.928571428571,1.63277607837,0.370268593306
O10,space_filling,joint,12,1.06468432947,0.928571428571,1.62392994964,0.36641597265
O10,space_filling,joint,13,1.05775400094,0.928571428571,1.61592772226,0.35885665767
O10,space_filling,joint,14,1.04573077771,0.928571428571,1.60849030618,0.3491133034
O10,space_filling,joint,15,0.911833191211,0.928571428571,1.60076481708,0.324808373117
O10,space_filling,joint,16,0.603443113863,0.928571428571,1.58992023567,0.286013586363
O11,ivr,diagonal_matched,3,0.370601660549,0.971428571429,2.17833578171,0.316255372793
O11,ivr,diagonal_matched,4,0.300472465293,0.957142857143,1.82650096422,0.269872057341
O11,ivr,diagonal_matched,5,0.28936303782,0.935714285714,1.74413628008,0.263244574275
O11,ivr,diagonal_matched,6,0.246974201221,0.964285714286,1.68652684357,0.237929453701
O11,ivr,diagonal_matched,7,0.259957691449,0.95,1.64714579504,0.240473387144
O11,ivr,diagonal_matched,8,0.248856025314,0.95,1.62187179985,0.233416675561
O11,ivr,diagonal_matched,9,0.194551786712,0.95,1.59851645564,0.223083739855
O11,ivr,diagonal_matched,10,0.193734683666,0.942857142857,1.58220777464,0.222073081819
O11,ivr,diagonal_matched,11,0.194742661483,0.942857142857,1.56829190041,0.22212921267
O11,ivr,diagonal_matched,12,0.194711478364,0.942857142857,1.55747936074,0.221460787056
O11,ivr,diagonal_matched,13,0.192764718884,0.95,1.5479069476,0.218236440335
O11,ivr,diagonal_matched,14,0.192333887094,0.95,1.53930901868,0.217518358516
O11,ivr,diagonal_matched,15,0.192431215047,0.942857142857,1.53569056746,0.217384970648
O11,ivr,diagonal_matched,16,0.192431215047,0.942857142857,1.53569056746,0.217384970648
O11,ivr,diagonal_tuned,3,0.370601660549,0.971428571429,2.17833578171,0.316255372793
O11,ivr,diagonal_tuned,4,0.300472465293,0.957142857143,1.82650096422,0.269872057341
O11,ivr,diagonal_tuned,5,0.28936303782,0.935714285714,1.74413628008,0.263244574275
O11,ivr,diagonal_tuned,6,0.246974201221,0.964285714286,1.68652684357,0.237929453701
O11,ivr,diagonal_tuned,7,0.259957691449,0.95,1.64714579504,0.240473387144
O11,ivr,diagonal_tuned,8,0.248856025314,0.95,1.62187179985,0.233416675561
O11,ivr,diagonal_tuned,9,0.194551786712,0.95,1.59851645564,0.223083739855
O11,ivr,diagonal_tuned,10,0.193734683666,0.942857142857,1.58220777464,0.222073081819
O11,ivr,diagonal_tuned,11,0.194742661483,0.942857142857,1.56829190041,0.22212921267
O11,ivr,diagonal_tuned,12,0.194711478364,0.942857142857,1.55747936074,0.221460787056
O11,ivr,diagonal_tuned,13,0.192764718884,0.95,1.5479069476,0.218236440335
O11,ivr,diagonal_tuned,14,0.192333887094,0.95,1.53930901868,0.217518358516
O11,ivr,diagonal_tuned,15,0.192431215047,0.942857142857,1.53569056746,0.217384970648
O11,ivr,diagonal_tuned,16,0.192431215047,0.942857142857,1.53569056746,0.217384970648
O11,ivr,joint,3,0.361323596773,0.978571428571,2.20538725607,0.314051029881
O11,ivr,joint,4,0.276052574736,0.971428571429,1.85086014367,0.259791245637
O11,ivr,joint,5,0.263190130384,0.971428571429,1.78748273499,0.250793219457
O11,ivr,joint,6,0.241347383892,0.95,1.72802453864,0.237188812218
O11,ivr,joint,7,0.21938684932,0.95,1.68293422386,0.222258407593
O11,ivr,joint,8,0.230791473161,0.942857142857,1.65821913916,0.223827182944
O11,ivr,joint,9,0.223353943156,0.964285714286,1.64236428577,0.218739080622
O11,ivr,joint,10,0.167481381396,0.971428571429,1.62958011502,0.207783522729
O11,ivr,joint,11,0.166148228764,0.971428571429,1.61963342479,0.206389012791
O11,ivr,joint,12,0.167498778818,0.971428571429,1.61109037816,0.207001088305
O11,ivr,joint,13,0.158116064549,0.978571428571,1.60491619484,0.201644062353
O11,ivr,joint,14,0.158069457059,0.978571428571,1.59904500836,0.20126866736
O11,ivr,joint,15,0.159134706901,0.971428571429,1.59392044105,0.19992571754
O11,ivr,joint,16,0.158827343696,0.971428571429,1.58992023567,0.199535118386
O11,ivr,linear,3,0.365006761965,,,
O11,ivr,linear,4,0.292541368785,,,
O11,ivr,linear,5,0.276082516125,,,
O11,ivr,linear,6,0.239065087183,,,
O11,ivr,linear,7,0.218220588783,,,
O11,ivr,linear,8,0.216373573763,,,
O11,ivr,linear,9,0.215353382643,,,
O11,ivr,linear,10,0.14873423393,,,
O11,ivr,linear,11,0.147149761614,,,
O11,ivr,linear,12,0.148314970064,,,
O11,ivr,linear,13,0.143967276926,,,
O11,ivr,linear,14,0.143062748783,,,
O11,ivr,linear,15,0.140437666742,,,
O11,ivr,linear,16,0.138056512544,,,
O11,ivr,pchip,3,0.368997455765,,,
O11,ivr,pchip,4,0.299856354354,,,
O11,ivr,pchip,5,0.274347428277,,,
O11,ivr,pchip,6,0.232630312097,,,
O11,ivr,pchip,7,0.222855286877,,,
O11,ivr,pchip,8,0.216470540173,,,
O11,ivr,pchip,9,0.21570394916,,,
O11,ivr,pchip,10,0.149084800446,,,
O11,ivr,pchip,11,0.147493034291,,,
O11,ivr,pchip,12,0.148314970064,,,
O11,ivr,pchip,13,0.143967276926,,,
O11,ivr,pchip,14,0.143062748783,,,
O11,ivr,pchip,15,0.140437666742,,,
O11,ivr,pchip,16,0.138056512544,,,
O11,random,diagonal_matched,3,0.370601660549,0.971428571429,2.17833578171,0.316255372793
O11,random,diagonal_matched,4,0.338068508742,0.958214285714,1.96339287214,0.292745847483
O11,random,diagonal_matched,5,0.32029684029,0.945,1.83448116938,0.280778497086
O11,random,diagonal_matched,6,0.292541317865,0.943571428571,1.74146537523,0.264481958771
O11,random,diagonal_matched,7,0.267993348131,0.9475,1.69030035834,0.251479275097
O11,random,diagonal_matched,8,0.252048018075,0.9475,1.65643474152,0.24344136199
O11,random,diagonal_matched,9,0.242015735847,0.9475,1.63149064866,0.237945652693
O11,random,diagonal_matched,10,0.230015797427,0.947142857143,1.60960328319,0.231904406759
O11,random,diagonal_matched,11,0.226131852732,0.9475,1.59119808687,0.22875077423
O11,random,diagonal_matched,12,0.208931454025,0.948571428571,1.57568946995,0.224489983132
O11,random,diagonal_matched,13,0.204832087334,0.9475,1.56333340245,0.222253989631
O11,random,diagonal_matched,14,0.20475995173,0.946785714286,1.55282495713,0.221210150729
O11,random,diagonal_matched,15,0.195012945122,0.9475,1.54310373393,0.218289445466
O11,random,diagonal_matched,16,0.192431215047,0.942857142857,1.53569056746,0.217384970648
O11,random,diagonal_tuned,3,0.370601660549,0.971428571429,2.17833578171,0.316255372793
O11,random,diagonal_tuned,4,0.338068508742,0.958214285714,1.96339287214,0.292745847483
O11,random,diagonal_tuned,5,0.32029684029,0.945,1.83448116938,0.280778497086
O11,random,diagonal_tuned,6,0.292541317865,0.943571428571,1.74146537523,0.264481958771
O11,random,diagonal_tuned,7,0.267993348131,0.9475,1.69030035834,0.251479275097
O11,random,diagonal_tuned,8,0.252048018075,0.9475,1.65643474152,0.24344136199
O11,random,diagonal_tuned,9,0.242015735847,0.9475,1.63149064866,0.237945652693
O11,random,diagonal_tuned,10,0.230015797427,0.947142857143,1.60960328319,0.231904406759
O11,random,diagonal_tuned,11,0.226131852732,0.9475,1.59119808687,0.22875077423
O11,random,diagonal_tuned,12,0.208931454025,0.948571428571,1.57568946995,0.224489983132
O11,random,diagonal_tuned,13,0.204832087334,0.9475,1.56333340245,0.222253989631
O11,random,diagonal_tuned,14,0.20475995173,0.946785714286,1.55282495713,0.221210150729
O11,random,diagonal_tuned,15,0.195012945122,0.9475,1.54310373393,0.218289445466
O11,random,diagonal_tuned,16,0.192431215047,0.942857142857,1.53569056746,0.217384970648
O11,random,joint,3,0.361323596773,0.978571428571,2.20538725607,0.314051029881
O11,random,joint,4,0.32492692786,0.960714285714,2.00063071076,0.289214137722
O11,random,joint,5,0.303694553273,0.952142857143,1.87824128678,0.275592274308
O11,random,joint,6,0.271837492521,0.955357142857,1.78737639982,0.256590350437
O11,random,joint,7,0.244725069068,0.960357142857,1.73778609906,0.24155961707
O11,random,joint,8,0.224361287384,0.965714285714,1.70293104051,0.230510551818
O11,random,joint,9,0.213739854591,0.969285714286,1.6865015432,0.224760549399
O11,random,joint,10,0.201129298543,0.969642857143,1.66772282602,0.218168774944
O11,random,joint,11,0.196802838301,0.970714285714,1.65188794855,0.214467563686
O11,random,joint,12,0.17877129418,0.971071428571,1.63290059546,0.209140621216
O11,random,joint,13,0.173748659272,0.971428571429,1.617783309,0.206071745737
O11,random,joint,14,0.173071785484,0.972142857143,1.61110724798,0.204808446498
O11,random,joint,15,0.162695383446,0.974642857143,1.59822327464,0.201175050661
O11,random,joint,16,0.158827343696,0.971428571429,1.58992023567,0.199535118386
O11,space_filling,diagonal_matched,3,0.370601660549,0.971428571429,2.17833578171,0.316255372793
O11,space_filling,diagonal_matched,4,0.300472465293,0.957142857143,1.82650096422,0.269872057341
O11,space_filling,diagonal_matched,5,0.285204090493,0.942857142857,1.74866412248,0.258585765432
O11,space_filling,diagonal_matched,6,0.303153769999,0.921428571429,1.6974727514,0.265337525719
O11,space_filling,diagonal_matched,7,0.259957691449,0.95,1.64714579504,0.240473387144
O11,space_filling,diagonal_matched,8,0.257324806536,0.95,1.62366717924,0.238135821501
O11,space_filling,diagonal_matched,9,0.257324806536,0.95,1.62366717924,0.238135821501
O11,space_filling,diagonal_matched,10,0.256347043504,0.95,1.61703077702,0.237156631292
O11,space_filling,diagonal_matched,11,0.254309987252,0.95,1.60607237419,0.235509123879
O11,space_filling,diagonal_matched,12,0.248187958962,0.95,1.59412990596,0.231830622668
O11,space_filling,diagonal_matched,13,0.242148029866,0.957142857143,1.58137573813,0.22765366924
O11,space_filling,diagonal_matched,14,0.23869500616,0.935714285714,1.56838311852,0.225189874859
O11,space_filling,diagonal_matched,15,0.246057294807,0.935714285714,1.55406659787,0.22751579477
O11,space_filling,diagonal_matched,16,0.192431215047,0.942857142857,1.53569056746,0.217384970648
O11,space_filling,diagonal_tuned,3,0.370601660549,0.971428571429,2.17833578171,0.316255372793
O11,space_filling,diagonal_tuned,4,0.300472465293,0.957142857143,1.82650096422,0.269872057341
O11,space_filling,diagonal_tuned,5,0.285204090493,0.942857142857,1.74866412248,0.258585765432
O11,space_filling,diagonal_tuned,6,0.303153769999,0.921428571429,1.6974727514,0.265337525719
O11,space_filling,diagonal_tuned,7,0.259957691449,0.95,1.64714579504,0.240473387144
O11,space_filling,diagonal_tuned,8,0.257324806536,0.95,1.62366717924,0.238135821501
O11,space_filling,diagonal_tuned,9,0.257324806536,0.95,1.62366717924,0.238135821501
O11,space_filling,diagonal_tuned,10,0.256347043504,0.95,1.61703077702,0.237156631292
O11,space_filling,diagonal_tuned,11,0.254309987252,0.95,1.60607237419,0.235509123879
O11,space_filling,diagonal_tuned,12,0.248187958962,0.95,1.59412990596,0.231830622668
O11,space_filling,diagonal_tuned,13,0.242148029866,0.957142857143,1.58137573813,0.22765366924
O11,space_filling,diagonal_tuned,14,0.23869500616,0.935714285714,1.56838311852,0.225189874859
O11,space_filling,diagonal_tuned,15,0.246057294807,0.935714285714,1.55406659787,0.22751579477
O11,space_filling,diagonal_tuned,16,0.192431215047,0.942857142857,1.53569056746,0.217384970648
O11,space_filling,joint,3,0.361323596773,0.978571428571,2.20538725607,0.314051029881
O11,space_filling,joint,4,0.276052574736,0.971428571429,1.85086014367,0.259791245637
O11,space_filling,joint,5,0.254061876099,0.971428571429,1.79478894789,0.245451618134
O11,space_filling,joint,6,0.266178972229,0.957142857143,1.7617835317,0.249020247914
O11,space_filling,joint,7,0.23161244206,0.964285714286,1.7252230135,0.227881785824
O11,space_filling,joint,8,0.231691228587,0.964285714286,1.71317135898,0.227880023744
O11,space_filling,joint,9,0.230950334445,0.942857142857,1.64419651694,0.223662439538
O11,space_filling,joint,10,0.226336580801,0.942857142857,1.63907262833,0.221747573667
O11,space_filling,joint,11,0.224843324385,0.942857142857,1.63277607837,0.22045433053
O11,space_filling,joint,12,0.219858600542,0.964285714286,1.62392994964,0.217016941392
O11,space_filling,joint,13,0.214753076028,0.964285714286,1.61592772226,0.213197808536
O11,space_filling,joint,14,0.211311434513,0.971428571429,1.60849030618,0.210402883652
O11,space_filling,joint,15,0.215605401486,0.964285714286,1.60076481708,0.211207329498
O11,space_filling,joint,16,0.158827343696,0.971428571429,1.58992023567,0.199535118386
O12,ivr,diagonal_matched,3,0.548641056201,0.785714285714,2.18494880733,0.39939814393
O12,ivr,diagonal_matched,4,0.30566928436,0.928571428571,1.82706926117,0.297603772566
O12,ivr,diagonal_matched,5,0.294793001703,0.928571428571,1.74590841036,0.298841463999
O12,ivr,diagonal_matched,6,0.298078290794,0.892857142857,1.68576917787,0.299940895079
O12,ivr,diagonal_matched,7,0.342696701613,0.928571428571,1.64659421668,0.318216026948
O12,ivr,diagonal_matched,8,0.326355086087,0.928571428571,1.62088397742,0.307140083567
O12,ivr,diagonal_matched,9,0.241353863102,0.892857142857,1.59755781798,0.275925282417
O12,ivr,diagonal_matched,10,0.22402250319,0.892857142857,1.58115628704,0.265050994901
O12,ivr,diagonal_matched,11,0.221303614289,0.892857142857,1.56749292939,0.26253361045
O12,ivr,diagonal_matched,12,0.213542070739,0.892857142857,1.55664531166,0.255997504649
O12,ivr,diagonal_matched,13,0.209325359584,0.964285714286,1.54700647148,0.251454171749
O12,ivr,diagonal_matched,14,0.214454409163,0.928571428571,1.53854123728,0.255108483486
O12,ivr,diagonal_matched,15,0.223637517033,0.928571428571,1.53535599133,0.26200563456
O12,ivr,diagonal_matched,16,0.223637517033,0.928571428571,1.53535599133,0.26200563456
O12,ivr,diagonal_tuned,3,0.548641056201,0.785714285714,2.18494880733,0.39939814393
O12,ivr,diagonal_tuned,4,0.30566928436,0.928571428571,1.82706926117,0.297603772566
O12,ivr,diagonal_tuned,5,0.294793001703,0.928571428571,1.74590841036,0.298841463999
O12,ivr,diagonal_tuned,6,0.298078290794,0.892857142857,1.68576917787,0.299940895079
O12,ivr,diagonal_tuned,7,0.342696701613,0.928571428571,1.64659421668,0.318216026948
O12,ivr,diagonal_tuned,8,0.326355086087,0.928571428571,1.62088397742,0.307140083567
O12,ivr,diagonal_tuned,9,0.241353863102,0.892857142857,1.59755781798,0.275925282417
O12,ivr,diagonal_tuned,10,0.22402250319,0.892857142857,1.58115628704,0.265050994901
O12,ivr,diagonal_tuned,11,0.221303614289,0.892857142857,1.56749292939,0.26253361045
O12,ivr,diagonal_tuned,12,0.213542070739,0.892857142857,1.55664531166,0.255997504649
O12,ivr,diagonal_tuned,13,0.209325359584,0.964285714286,1.54700647148,0.251454171749
O12,ivr,diagonal_tuned,14,0.214454409163,0.928571428571,1.53854123728,0.255108483486
O12,ivr,diagonal_tuned,15,0.223637517033,0.928571428571,1.53535599133,0.26200563456
O12,ivr,diagonal_tuned,16,0.223637517033,0.928571428571,1.53535599133,0.26200563456
O12,ivr,joint,3,0.52985582402,0.821428571429,2.20870129191,0.394932754542
O12,ivr,joint,4,0.268551669415,0.928571428571,1.84699864986,0.277062944152
O12,ivr,joint,5,0.251802227034,0.928571428571,1.78585753552,0.276478316473
O12,ivr,joint,6,0.251835745168,0.928571428571,1.72795106247,0.275257290814
O12,ivr,joint,7,0.255358949462,0.928571428571,1.68009414622,0.277839065557
O12,ivr,joint,8,0.29555767317,0.964285714286,1.65554089611,0.293112400251
O12,ivr,joint,9,0.278596817712,0.964285714286,1.63927460428,0.281332148643
O12,ivr,joint,10,0.207160640892,0.964285714286,1.62647946384,0.256939321522
O12,ivr,joint,11,0.203185003972,0.928571428571,1.6165007169,0.254705386256
O12,ivr,joint,12,0.19873905545,0.928571428571,1.6080831881,0.251529435478
O12,ivr,joint,13,0.179662729015,0.928571428571,1.60163829463,0.239541377007
O12,ivr,joint,14,0.159195670967,0.928571428571,1.59563111133,0.224704956988
O12,ivr,joint,15,0.156550219753,0.964285714286,1.59027938011,0.220942648789
O12,ivr,joint,16,0.156280648599,0.964285714286,1.58619490134,0.220700569151
O12,ivr,linear,3,0.544345315057,,,
O12,ivr,linear,4,0.307495464972,,,
O12,ivr,linear,5,0.273165813541,,,
O12,ivr,linear,6,0.285413534748,,,
O12,ivr,linear,7,0.295286358237,,,
O12,ivr,linear,8,0.262671887741,,,
O12,ivr,linear,9,0.243822429962,,,
O12,ivr,linear,10,0.207383562095,,,
O12,ivr,linear,11,0.202234905897,,,
O12,ivr,linear,12,0.192775548054,,,
O12,ivr,linear,13,0.19174451651,,,
O12,ivr,linear,14,0.170401427411,,,
O12,ivr,linear,15,0.175294217038,,,
O12,ivr,linear,16,0.180275979207,,,
O12,ivr,pchip,3,0.976582799582,,,
O12,ivr,pchip,4,0.358837317736,,,
O12,ivr,pchip,5,0.271402729379,,,
O12,ivr,pchip,6,0.267424085184,,,
O12,ivr,pchip,7,0.274449502965,,,
O12,ivr,pchip,8,0.275899457537,,,
O12,ivr,pchip,9,0.254982028222,,,
O12,ivr,pchip,10,0.218543160355,,,
O12,ivr,pchip,11,0.210545099234,,,
O12,ivr,pchip,12,0.192775548054,,,
O12,ivr,pchip,13,0.19174451651,,,
O12,ivr,pchip,14,0.170401427411,,,
O12,ivr,pchip,15,0.175294217038,,,
O12,ivr,pchip,16,0.180275979207,,,
O12,random,diagonal_matched,3,0.548641056201,0.785714285714,2.18494880733,0.39939814393
O12,random,diagonal_matched,4,0.481805845564,0.835714285714,1.96751170812,0.37439904513
O12,random,diagonal_matched,5,0.464105058712,0.844642857143,1.83749106078,0.37147328962
O12,random,diagonal_matched,6,0.361055360625,0.878571428571,1.74273870004,0.326633148119
O12,random,diagonal_matched,7,0.319617994307,0.896428571429,1.69070362902,0.305346142468
O12,random,diagonal_matched,8,0.293733701296,0.917857142857,1.65651751205,0.29123431647
O12,random,diagonal_matched,9,0.284647660554,0.917857142857,1.63143308762,0.28391726741
O12,random,diagonal_matched,10,0.272730979464,0.926785714286,1.60936398521,0.279976085157
O12,random,diagonal_matched,11,0.268732417498,0.930357142857,1.59095162285,0.276735955197
O12,random,diagonal_matched,12,0.243129858028,0.926785714286,1.57538178251,0.267148550328
O12,random,diagonal_matched,13,0.241903940623,0.926785714286,1.56299468945,0.267819555094
O12,random,diagonal_matched,14,0.243827858472,0.932142857143,1.55242915599,0.268079120326
O12,random,diagonal_matched,15,0.225279881421,0.935714285714,1.54267920365,0.261166412442
O12,random,diagonal_matched,16,0.223637517033,0.928571428571,1.53535599133,0.26200563456
O12,random,diagonal_tuned,3,0.548641056201,0.785714285714,2.18494880733,0.39939814393
O12,random,diagonal_tuned,4,0.481805845564,0.835714285714,1.96751170812,0.37439904513
O12,random,diagonal_tuned,5,0.464105058712,0.844642857143,1.83749106078,0.37147328962
O12,random,diagonal_tuned,6,0.361055360625,0.878571428571,1.74273870004,0.326633148119
O12,random,diagonal_tuned,7,0.319617994307,0.896428571429,1.69070362902,0.305346142468
O12,random,diagonal_tuned,8,0.293733701296,0.917857142857,1.65651751205,0.29123431647
O12,random,diagonal_tuned,9,0.284647660554,0.917857142857,1.63143308762,0.28391726741
O12,random,diagonal_tuned,10,0.272730979464,0.926785714286,1.60936398521,0.279976085157
O12,random,diagonal_tuned,11,0.268732417498,0.930357142857,1.59095162285,0.276735955197
O12,random,diagonal_tuned,12,0.243129858028,0.926785714286,1.57538178251,0.267148550328
O12,random,diagonal_tuned,13,0.241903940623,0.926785714286,1.56299468945,0.267819555094
O12,random,diagonal_tuned,14,0.243827858472,0.932142857143,1.55242915599,0.268079120326
O12,random,diagonal_tuned,15,0.225279881421,0.935714285714,1.54267920365,0.261166412442
O12,random,diagonal_tuned,16,0.223637517033,0.928571428571,1.53535599133,0.26200563456
O12,random,joint,3,0.52985582402,0.821428571429,2.20870129191,0.394932754542
O12,random,joint,4,0.453926873468,0.860714285714,1.99981338522,0.362269827514
O12,random,joint,5,0.453152439312,0.853571428571,1.87596667896,0.360669312841
O12,random,joint,6,0.314427421862,0.896428571429,1.78332831282,0.300674254815
O12,random,joint,7,0.259499564617,0.925,1.73303491888,0.272707161927
O12,random,joint,8,0.235922797114,0.942857142857,1.69843517113,0.25881373159
O12,random,joint,9,0.223261450266,0.946428571429,1.68168725128,0.24957168762
O12,random,joint,10,0.209025588541,0.946428571429,1.66293087536,0.243985498435
O12,random,joint,11,0.202840355274,0.946428571429,1.64722114804,0.239578078264
O12,random,joint,12,0.184012024373,0.942857142857,1.62875482116,0.233080550205
O12,random,joint,13,0.179750678742,0.942857142857,1.61385636489,0.231602277897
O12,random,joint,14,0.179278761189,0.944642857143,1.60707106747,0.230245519921
O12,random,joint,15,0.16338847186,0.95,1.59448472009,0.223837213504
O12,random,joint,16,0.156280648599,0.964285714286,1.58619490134,0.220700569151
O12,space_filling,diagonal_matched,3,0.548641056201,0.785714285714,2.18494880733,0.39939814393
O12,space_filling,diagonal_matched,4,0.30566928436,0.928571428571,1.82706926117,0.297603772566
O12,space_filling,diagonal_matched,5,0.336279774063,0.928571428571,1.7513663844,0.314611784442
O12,space_filling,diagonal_matched,6,0.328761487519,0.964285714286,1.69203139981,0.30984290956
O12,space_filling,diagonal_matched,7,0.342696701613,0.928571428571,1.64659421668,0.318216026948
O12,space_filling,diagonal_matched,8,0.338227330905,0.928571428571,1.62302341999,0.315114428975
O12,space_filling,diagonal_matched,9,0.338227330905,0.928571428571,1.62302341999,0.315114428975
O12,space_filling,diagonal_matched,10,0.353955277881,0.928571428571,1.61714865496,0.326200658936
O12,space_filling,diagonal_matched,11,0.353667374074,0.928571428571,1.60593801405,0.326132951801
O12,space_filling,diagonal_matched,12,0.338758284876,0.928571428571,1.59398416746,0.316002860325
O12,space_filling,diagonal_matched,13,0.305305659058,0.964285714286,1.58089602872,0.292216858481
O12,space_filling,diagonal_matched,14,0.306436529246,0.964285714286,1.56796190861,0.292924769715
O12,space_filling,diagonal_matched,15,0.324915455792,0.964285714286,1.55367974661,0.292040442872
O12,space_filling,diagonal_matched,16,0.223637517033,0.928571428571,1.53535599133,0.26200563456
O12,space_filling,diagonal_tuned,3,0.548641056201,0.785714285714,2.18494880733,0.39939814393
O12,space_filling,diagonal_tuned,4,0.30566928436,0.928571428571,1.82706926117,0.297603772566
O12,space_filling,diagonal_tuned,5,0.336279774063,0.928571428571,1.7513663844,0.314611784442
O12,space_filling,diagonal_tuned,6,0.328761487519,0.964285714286,1.69203139981,0.30984290956
O12,space_filling,diagonal_tuned,7,0.342696701613,0.928571428571,1.64659421668,0.318216026948
O12,space_filling,diagonal_tuned,8,0.338227330905,0.928571428571,1.62302341999,0.315114428975
O12,space_filling,diagonal_tuned,9,0.338227330905,0.928571428571,1.62302341999,0.315114428975
O12,space_filling,diagonal_tuned,10,0.353955277881,0.928571428571,1.61714865496,0.326200658936
O12,space_filling,diagonal_tuned,11,0.353667374074,0.928571428571,1.60593801405,0.326132951801
O12,space_filling,diagonal_tuned,12,0.338758284876,0.928571428571,1.59398416746,0.316002860325
O12,space_filling,diagonal_tuned,13,0.305305659058,0.964285714286,1.58089602872,0.292216858481
O12,space_filling,diagonal_tuned,14,0.306436529246,0.964285714286,1.56796190861,0.292924769715
O12,space_filling,diagonal_tuned,15,0.324915455792,0.964285714286,1.55367974661,0.292040442872
O12,space_filling,diagonal_tuned,16,0.223637517033,0.928571428571,1.53535599133,0.26200563456
O12,space_filling,joint,3,0.52985582402,0.821428571429,2.20870129191,0.394932754542
O12,space_filling,joint,4,0.268551669415,0.928571428571,1.84699864986,0.277062944152
O12,space_filling,joint,5,0.27900065508,0.928571428571,1.7913390522,0.282655243322
O12,space_filling,joint,6,0.278125690793,0.964285714286,1.75141649512,0.280757318763
O12,space_filling,joint,7,0.288984659615,0.964285714286,1.71938748128,0.286484132471
O12,space_filling,joint,8,0.276136690231,0.964285714286,1.70707741873,0.278557035378
O12,space_filling,joint,9,0.284045630562,0.964285714286,1.64130260736,0.285848470073
O12,space_filling,joint,10,0.261109516576,0.964285714286,1.635720532,0.274768391333
O12,space_filling,joint,11,0.257487079259,0.964285714286,1.62917112582,0.272311046195
O12,space_filling,joint,12,0.245615204034,0.964285714286,1.6203636846,0.26356006685
O12,space_filling,joint,13,0.22271688851,0.964285714286,1.61216438492,0.246180929475
O12,space_filling,joint,14,0.22266128216,0.964285714286,1.60476411943,0.245985417464
O12,space_filling,joint,15,0.237446951032,0.964285714286,1.59703744234,0.245736230822
O12,space_filling,joint,16,0.156280648599,0.964285714286,1.58619490134,0.220700569151
O13,ivr,diagonal_matched,3,0.267137145587,0.964285714286,2.17833578171,0.28637765018
O13,ivr,diagonal_matched,4,0.202832436546,0.964285714286,1.82650096422,0.237032745999
O13,ivr,diagonal_matched,5,0.186103401437,0.964285714286,1.74413628008,0.221976781535
O13,ivr,diagonal_matched,6,0.175628551063,0.964285714286,1.68652684357,0.212700984999
O13,ivr,diagonal_matched,7,0.187783790999,0.964285714286,1.64714579504,0.209246749642
O13,ivr,diagonal_matched,8,0.199565050981,0.964285714286,1.62187179985,0.21573349684
O13,ivr,diagonal_matched,9,0.178067727088,0.964285714286,1.59851645564,0.210032622601
O13,ivr,diagonal_matched,10,0.17738058079,0.964285714286,1.58220777464,0.208792015632
O13,ivr,diagonal_matched,11,0.171161613063,0.964285714286,1.56829190041,0.203908937539
O13,ivr,diagonal_matched,12,0.174179746782,0.964285714286,1.55747936074,0.205178641663
O13,ivr,diagonal_matched,13,0.173810042716,0.964285714286,1.5479069476,0.201701797128
O13,ivr,diagonal_matched,14,0.170670162885,0.964285714286,1.53930901868,0.199127603579
O13,ivr,diagonal_matched,15,0.171663848833,0.964285714286,1.53569056746,0.199636650153
O13,ivr,diagonal_matched,16,0.171663848833,0.964285714286,1.53569056746,0.199636650153
O13,ivr,diagonal_tuned,3,0.267137145587,0.964285714286,2.17833578171,0.28637765018
O13,ivr,diagonal_tuned,4,0.202832436546,0.964285714286,1.82650096422,0.237032745999
O13,ivr,diagonal_tuned,5,0.186103401437,0.964285714286,1.74413628008,0.221976781535
O13,ivr,diagonal_tuned,6,0.175628551063,0.964285714286,1.68652684357,0.212700984999
O13,ivr,diagonal_tuned,7,0.187783790999,0.964285714286,1.64714579504,0.209246749642
O13,ivr,diagonal_tuned,8,0.199565050981,0.964285714286,1.62187179985,0.21573349684
O13,ivr,diagonal_tuned,9,0.178067727088,0.964285714286,1.59851645564,0.210032622601
O13,ivr,diagonal_tuned,10,0.17738058079,0.964285714286,1.58220777464,0.208792015632
O13,ivr,diagonal_tuned,11,0.171161613063,0.964285714286,1.56829190041,0.203908937539
O13,ivr,diagonal_tuned,12,0.174179746782,0.964285714286,1.55747936074,0.205178641663
O13,ivr,diagonal_tuned,13,0.173810042716,0.964285714286,1.5479069476,0.201701797128
O13,ivr,diagonal_tuned,14,0.170670162885,0.964285714286,1.53930901868,0.199127603579
O13,ivr,diagonal_tuned,15,0.171663848833,0.964285714286,1.53569056746,0.199636650153
O13,ivr,diagonal_tuned,16,0.171663848833,0.964285714286,1.53569056746,0.199636650153
O13,ivr,joint,3,0.267400555655,0.964285714286,2.20538725607,0.287220819407
O13,ivr,joint,4,0.19918965346,0.964285714286,1.85086014367,0.235431757777
O13,ivr,joint,5,0.188621891755,0.964285714286,1.78748273499,0.225249884743
O13,ivr,joint,6,0.169022254155,0.964285714286,1.72802453864,0.209779548394
O13,ivr,joint,7,0.182820283657,0.964285714286,1.68293422386,0.204179924999
O13,ivr,joint,8,0.208791176496,0.964285714286,1.65821913916,0.207086668955
O13,ivr,joint,9,0.210568457075,0.964285714286,1.64236428577,0.207421463299
O13,ivr,joint,10,0.188943374977,0.964285714286,1.62958011502,0.201051227725
O13,ivr,joint,11,0.186884256606,0.964285714286,1.61963342479,0.199099923287
O13,ivr,joint,12,0.180474219354,0.964285714286,1.61109037816,0.194827142144
O13,ivr,joint,13,0.177659634166,0.964285714286,1.60491619484,0.193102614322
O13,ivr,joint,14,0.175763542853,0.964285714286,1.59904500836,0.191207367941
O13,ivr,joint,15,0.180495577345,0.964285714286,1.59392044105,0.191786001461
O13,ivr,joint,16,0.178767373347,0.964285714286,1.58992023567,0.190302102479
O13,ivr,linear,3,0.269470481248,,,
O13,ivr,linear,4,0.190334796802,,,
O13,ivr,linear,5,0.177833492188,,,
O13,ivr,linear,6,0.150537152164,,,
O13,ivr,linear,7,0.163397438535,,,
O13,ivr,linear,8,0.160632985521,,,
O13,ivr,linear,9,0.161897015386,,,
O13,ivr,linear,10,0.160260146836,,,
O13,ivr,linear,11,0.158609969039,,,
O13,ivr,linear,12,0.153028351015,,,
O13,ivr,linear,13,0.152735952365,,,
O13,ivr,linear,14,0.149490247323,,,
O13,ivr,linear,15,0.147367548823,,,
O13,ivr,linear,16,0.146486957661,,,
O13,ivr,pchip,3,0.357388037633,,,
O13,ivr,pchip,4,0.177919643274,,,
O13,ivr,pchip,5,0.170200635793,,,
O13,ivr,pchip,6,0.14521275211,,,
O13,ivr,pchip,7,0.162047549838,,,
O13,ivr,pchip,8,0.160166765932,,,
O13,ivr,pchip,9,0.160602118898,,,
O13,ivr,pchip,10,0.158965250348,,,
O13,ivr,pchip,11,0.157135214901,,,
O13,ivr,pchip,12,0.153028351015,,,
O13,ivr,pchip,13,0.152735952365,,,
O13,ivr,pchip,14,0.149490247323,,,
O13,ivr,pchip,15,0.147367548823,,,
O13,ivr,pchip,16,0.146486957661,,,
O13,random,diagonal_matched,3,0.267137145587,0.964285714286,2.17833578171,0.28637765018
O13,random,diagonal_matched,4,0.228311554028,0.960714285714,1.96339287214,0.255726085838
O13,random,diagonal_matched,5,0.200816699452,0.960714285714,1.83448116938,0.232989260839
O13,random,diagonal_matched,6,0.193649980401,0.9625,1.74146537523,0.223780044618
O13,random,diagonal_matched,7,0.189215683566,0.960714285714,1.69030035834,0.21816009122
O13,random,diagonal_matched,8,0.185951523468,0.9625,1.65643474152,0.214081514664
O13,random,diagonal_matched,9,0.184867576861,0.960714285714,1.63149064866,0.211585617089
O13,random,diagonal_matched,10,0.183390497927,0.964285714286,1.60960328319,0.209322689063
O13,random,diagonal_matched,11,0.183323425304,0.964285714286,1.59119808687,0.207444610245
O13,random,diagonal_matched,12,0.177173372695,0.964285714286,1.57568946995,0.204824263156
O13,random,diagonal_matched,13,0.176128501834,0.964285714286,1.56333340245,0.20313704845
O13,random,diagonal_matched,14,0.176705239043,0.964285714286,1.55282495713,0.202186651368
O13,random,diagonal_matched,15,0.173503614154,0.964285714286,1.54310373393,0.200960775778
O13,random,diagonal_matched,16,0.171663848833,0.964285714286,1.53569056746,0.199636650153
O13,random,diagonal_tuned,3,0.267137145587,0.964285714286,2.17833578171,0.28637765018
O13,random,diagonal_tuned,4,0.228311554028,0.960714285714,1.96339287214,0.255726085838
O13,random,diagonal_tuned,5,0.200816699452,0.960714285714,1.83448116938,0.232989260839
O13,random,diagonal_tuned,6,0.193649980401,0.9625,1.74146537523,0.223780044618
O13,random,diagonal_tuned,7,0.189215683566,0.960714285714,1.69030035834,0.21816009122
O13,random,diagonal_tuned,8,0.185951523468,0.9625,1.65643474152,0.214081514664
O13,random,diagonal_tuned,9,0.184867576861,0.960714285714,1.63149064866,0.211585617089
O13,random,diagonal_tuned,10,0.183390497927,0.964285714286,1.60960328319,0.209322689063
O13,random,diagonal_tuned,11,0.183323425304,0.964285714286,1.59119808687,0.207444610245
O13,random,diagonal_tuned,12,0.177173372695,0.964285714286,1.57568946995,0.204824263156
O13,random,diagonal_tuned,13,0.176128501834,0.964285714286,1.56333340245,0.20313704845
O13,random,diagonal_tuned,14,0.176705239043,0.964285714286,1.55282495713,0.202186651368
O13,random,diagonal_tuned,15,0.173503614154,0.964285714286,1.54310373393,0.200960775778
O13,random,diagonal_tuned,16,0.171663848833,0.964285714286,1.53569056746,0.199636650153
O13,random,joint,3,0.267400555655,0.964285714286,2.20538725607,0.287220819407
O13,random,joint,4,0.219955451528,0.964285714286,2.00063071076,0.251684056616
O13,random,joint,5,0.197613967974,0.964285714286,1.87824128678,0.230624510788
O13,random,joint,6,0.190241704816,0.964285714286,1.78737639982,0.220306742662
O13,random,joint,7,0.184036999756,0.964285714286,1.73778609906,0.21164153523
O13,random,joint,8,0.184438999076,0.964285714286,1.70293104051,0.207523462693
O13,random,joint,9,0.182828093116,0.964285714286,1.6865015432,0.204939954416
O13,random,joint,10,0.182429889695,0.964285714286,1.66772282602,0.202209915897
O13,random,joint,11,0.182937032364,0.964285714286,1.65188794855,0.199895012098
O13,random,joint,12,0.179515672916,0.964285714286,1.63290059546,0.196517167172
O13,random,joint,13,0.18153121267,0.964285714286,1.617783309,0.195054569012
O13,random,joint,14,0.181687822759,0.964285714286,1.61110724798,0.193934207651
O13,random,joint,15,0.179195130721,0.964285714286,1.59822327464,0.191489814439
O13,random,joint,16,0.178767373347,0.964285714286,1.58992023567,0.190302102479
O13,space_filling,diagonal_matched,3,0.267137145587,0.964285714286,2.17833578171,0.28637765018
O13,space_filling,diagonal_matched,4,0.202832436546,0.964285714286,1.82650096422,0.237032745999
O13,space_filling,diagonal_matched,5,0.180309688718,0.964285714286,1.74866412248,0.21912816823
O13,space_filling,diagonal_matched,6,0.189066309028,0.964285714286,1.6974727514,0.212606167759
O13,space_filling,diagonal_matched,7,0.187783790999,0.964285714286,1.64714579504,0.209246749642
O13,space_filling,diagonal_matched,8,0.184594709244,0.964285714286,1.62366717924,0.205914376581
O13,space_filling,diagonal_matched,9,0.184594709244,0.964285714286,1.62366717924,0.205914376581
O13,space_filling,diagonal_matched,10,0.185963466222,0.964285714286,1.61703077702,0.206489928671
O13,space_filling,diagonal_matched,11,0.184574691048,0.964285714286,1.60607237419,0.20503416072
O13,space_filling,diagonal_matched,12,0.192190420407,0.964285714286,1.59412990596,0.209556248972
O13,space_filling,diagonal_matched,13,0.191150694765,0.964285714286,1.58137573813,0.207479377059
O13,space_filling,diagonal_matched,14,0.191041574123,0.964285714286,1.56838311852,0.206936733959
O13,space_filling,diagonal_matched,15,0.196784235959,0.964285714286,1.55406659787,0.206937314697
O13,space_filling,diagonal_matched,16,0.171663848833,0.964285714286,1.53569056746,0.199636650153
O13,space_filling,diagonal_tuned,3,0.267137145587,0.964285714286,2.17833578171,0.28637765018
O13,space_filling,diagonal_tuned,4,0.202832436546,0.964285714286,1.82650096422,0.237032745999
O13,space_filling,diagonal_tuned,5,0.180309688718,0.964285714286,1.74866412248,0.21912816823
O13,space_filling,diagonal_tuned,6,0.189066309028,0.964285714286,1.6974727514,0.212606167759
O13,space_filling,diagonal_tuned,7,0.187783790999,0.964285714286,1.64714579504,0.209246749642
O13,space_filling,diagonal_tuned,8,0.184594709244,0.964285714286,1.62366717924,0.205914376581
O13,space_filling,diagonal_tuned,9,0.184594709244,0.964285714286,1.62366717924,0.205914376581
O13,space_filling,diagonal_tuned,10,0.185963466222,0.964285714286,1.61703077702,0.206489928671
O13,space_filling,diagonal_tuned,11,0.184574691048,0.964285714286,1.60607237419,0.20503416072
O13,space_filling,diagonal_tuned,12,0.192190420407,0.964285714286,1.59412990596,0.209556248972
O13,space_filling,diagonal_tuned,13,0.191150694765,0.964285714286,1.58137573813,0.207479377059
O13,space_filling,diagonal_tuned,14,0.191041574123,0.964285714286,1.56838311852,0.206936733959
O13,space_filling,diagonal_tuned,15,0.196784235959,0.964285714286,1.55406659787,0.206937314697
O13,space_filling,diagonal_tuned,16,0.171663848833,0.964285714286,1.53569056746,0.199636650153
O13,space_filling,joint,3,0.267400555655,0.964285714286,2.20538725607,0.287220819407
O13,space_filling,joint,4,0.19918965346,0.964285714286,1.85086014367,0.235431757777
O13,space_filling,joint,5,0.17511097293,0.964285714286,1.79478894789,0.217946836193
O13,space_filling,joint,6,0.183720715368,0.964285714286,1.7617835317,0.211434431612
O13,space_filling,joint,7,0.178263659246,0.964285714286,1.7252230135,0.205558664197
O13,space_filling,joint,8,0.173853895518,0.964285714286,1.71317135898,0.202474498506
O13,space_filling,joint,9,0.20597141061,0.964285714286,1.64419651694,0.204716562486
O13,space_filling,joint,10,0.205170039051,0.964285714286,1.63907262833,0.20421347153
O13,space_filling,joint,11,0.204951606652,0.964285714286,1.63277607837,0.203639697401
O13,space_filling,joint,12,0.20066604535,0.964285714286,1.62392994964,0.200893832316
O13,space_filling,joint,13,0.197510132197,0.964285714286,1.61592772226,0.197646417873
O13,space_filling,joint,14,0.196844482977,0.964285714286,1.60849030618,0.196787997974
O13,space_filling,joint,15,0.203731391425,0.964285714286,1.60076481708,0.197666647356
O13,space_filling,joint,16,0.178767373347,0.964285714286,1.58992023567,0.190302102479
O14,ivr,diagonal_matched,3,0.277757158596,0.942857142857,2.17750203111,0.290446108253
O14,ivr,diagonal_matched,4,0.127617478945,0.985714285714,1.82635124253,0.211942762818
O14,ivr,diagonal_matched,5,0.118876997804,1,1.74376987255,0.205393906404
O14,ivr,diagonal_matched,6,0.107808304421,0.985714285714,1.68659257412,0.195933171863
O14,ivr,diagonal_matched,7,0.102110275053,0.985714285714,1.64711192442,0.191200723734
O14,ivr,diagonal_matched,8,0.104561606598,0.985714285714,1.62196154392,0.191376796505
O14,ivr,diagonal_matched,9,0.110469065465,0.971428571429,1.59859345793,0.193614008394
O14,ivr,diagonal_matched,10,0.11359017948,0.971428571429,1.58233447568,0.19541781101
O14,ivr,diagonal_matched,11,0.115964823418,0.971428571429,1.56827192121,0.196949953079
O14,ivr,diagonal_matched,12,0.115405382364,0.971428571429,1.55759999297,0.196439642357
O14,ivr,diagonal_matched,13,0.112193292553,0.971428571429,1.54805008629,0.194275628982
O14,ivr,diagonal_matched,14,0.111555089097,0.971428571429,1.53941657471,0.193418064651
O14,ivr,diagonal_matched,15,0.111816727256,0.971428571429,1.53577360404,0.193638405541
O14,ivr,diagonal_matched,16,0.111816727256,0.971428571429,1.53577360404,0.193638405541
O14,ivr,diagonal_tuned,3,0.277757158596,0.942857142857,2.17750203111,0.290446108253
O14,ivr,diagonal_tuned,4,0.127617478945,0.985714285714,1.82635124253,0.211942762818
O14,ivr,diagonal_tuned,5,0.118876997804,1,1.74376987255,0.205393906404
O14,ivr,diagonal_tuned,6,0.107808304421,0.985714285714,1.68659257412,0.195933171863
O14,ivr,diagonal_tuned,7,0.102110275053,0.985714285714,1.64711192442,0.191200723734
O14,ivr,diagonal_tuned,8,0.104561606598,0.985714285714,1.62196154392,0.191376796505
O14,ivr,diagonal_tuned,9,0.110469065465,0.971428571429,1.59859345793,0.193614008394
O14,ivr,diagonal_tuned,10,0.11359017948,0.971428571429,1.58233447568,0.19541781101
O14,ivr,diagonal_tuned,11,0.115964823418,0.971428571429,1.56827192121,0.196949953079
O14,ivr,diagonal_tuned,12,0.115405382364,0.971428571429,1.55759999297,0.196439642357
O14,ivr,diagonal_tuned,13,0.112193292553,0.971428571429,1.54805008629,0.194275628982
O14,ivr,diagonal_tuned,14,0.111555089097,0.971428571429,1.53941657471,0.193418064651
O14,ivr,diagonal_tuned,15,0.111816727256,0.971428571429,1.53577360404,0.193638405541
O14,ivr,diagonal_tuned,16,0.111816727256,0.971428571429,1.53577360404,0.193638405541
O14,ivr,joint,3,0.265942684213,0.957142857143,2.20484826641,0.28433474408
O14,ivr,joint,4,0.100985252807,0.985714285714,1.85101410888,0.196531654932
O14,ivr,joint,5,0.100190221337,0.985714285714,1.78763253963,0.193655760485
O14,ivr,joint,6,0.100032962583,0.985714285714,1.72785479333,0.19166123221
O14,ivr,joint,7,0.0819095188774,1,1.68315446909,0.178644961655
O14,ivr,joint,8,0.079299841104,1,1.65835337149,0.17603562345
O14,ivr,joint,9,0.0750861938884,1,1.64257529814,0.172284739981
O14,ivr,joint,10,0.074877595538,0.985714285714,1.62978560738,0.170515217272
O14,ivr,joint,11,0.0791539463095,0.985714285714,1.61985472011,0.173191260282
O14,ivr,joint,12,0.0823766846181,0.985714285714,1.61133360492,0.17526810955
O14,ivr,joint,13,0.0809138286528,0.985714285714,1.60519297915,0.174048732225
O14,ivr,joint,14,0.07869114708,0.985714285714,1.59933899519,0.172290659987
O14,ivr,joint,15,0.0787190534907,0.985714285714,1.59428129058,0.172348727361
O14,ivr,joint,16,0.0769469138805,0.985714285714,1.59029081026,0.170868908019
O14,ivr,linear,3,0.295130611186,,,
O14,ivr,linear,4,0.127530874873,,,
O14,ivr,linear,5,0.118014875459,,,
O14,ivr,linear,6,0.112642418396,,,
O14,ivr,linear,7,0.101037292711,,,
O14,ivr,linear,8,0.0945183439916,,,
O14,ivr,linear,9,0.0951940326192,,,
O14,ivr,linear,10,0.101848401385,,,
O14,ivr,linear,11,0.103491940789,,,
O14,ivr,linear,12,0.113711369132,,,
O14,ivr,linear,13,0.112229368387,,,
O14,ivr,linear,14,0.112117030165,,,
O14,ivr,linear,15,0.110478708094,,,
O14,ivr,linear,16,0.103382113172,,,
O14,ivr,pchip,3,0.333268230382,,,
O14,ivr,pchip,4,0.109665353677,,,
O14,ivr,pchip,5,0.106202988423,,,
O14,ivr,pchip,6,0.119815863645,,,
O14,ivr,pchip,7,0.107703284012,,,
O14,ivr,pchip,8,0.0948738661705,,,
O14,ivr,pchip,9,0.0957654368911,,,
O14,ivr,pchip,10,0.102419805656,,,
O14,ivr,pchip,11,0.103879336095,,,
O14,ivr,pchip,12,0.113711369132,,,
O14,ivr,pchip,13,0.112229368387,,,
O14,ivr,pchip,14,0.112117030165,,,
O14,ivr,pchip,15,0.110478708094,,,
O14,ivr,pchip,16,0.103382113172,,,
O14,random,diagonal_matched,3,0.277757158596,0.942857142857,2.17750203111,0.290446108253
O14,random,diagonal_matched,4,0.21211109771,0.964285714286,1.96305119255,0.25683829236
O14,random,diagonal_matched,5,0.162682528394,0.978571428571,1.83421473698,0.231990283127
O14,random,diagonal_matched,6,0.138602811757,0.985,1.74138715368,0.216538536316
O14,random,diagonal_matched,7,0.13062044909,0.982857142857,1.69032531039,0.21035776958
O14,random,diagonal_matched,8,0.123650855878,0.98,1.65647642967,0.205034332673
O14,random,diagonal_matched,9,0.122133128303,0.981428571429,1.63155120711,0.203610231557
O14,random,diagonal_matched,10,0.118544738187,0.979285714286,1.60968312953,0.200567960455
O14,random,diagonal_matched,11,0.115362579027,0.980714285714,1.59127056971,0.19797278584
O14,random,diagonal_matched,12,0.114022526785,0.976428571429,1.57576501323,0.196339533362
O14,random,diagonal_matched,13,0.113297175531,0.975,1.56341544984,0.195509974808
O14,random,diagonal_matched,14,0.112129906116,0.974285714286,1.55291424747,0.194430943635
O14,random,diagonal_matched,15,0.1121678864,0.972142857143,1.54319146062,0.194065752028
O14,random,diagonal_matched,16,0.111816727256,0.971428571429,1.53577360404,0.193638405541
O14,random,diagonal_tuned,3,0.277757158596,0.942857142857,2.17750203111,0.290446108253
O14,random,diagonal_tuned,4,0.21211109771,0.964285714286,1.96305119255,0.25683829236
O14,random,diagonal_tuned,5,0.162682528394,0.978571428571,1.83421473698,0.231990283127
O14,random,diagonal_tuned,6,0.138602811757,0.985,1.74138715368,0.216538536316
O14,random,diagonal_tuned,7,0.13062044909,0.982857142857,1.69032531039,0.21035776958
O14,random,diagonal_tuned,8,0.123650855878,0.98,1.65647642967,0.205034332673
O14,random,diagonal_tuned,9,0.122133128303,0.981428571429,1.63155120711,0.203610231557
O14,random,diagonal_tuned,10,0.118544738187,0.979285714286,1.60968312953,0.200567960455
O14,random,diagonal_tuned,11,0.115362579027,0.980714285714,1.59127056971,0.19797278584
O14,random,diagonal_tuned,12,0.114022526785,0.976428571429,1.57576501323,0.196339533362
O14,random,diagonal_tuned,13,0.113297175531,0.975,1.56341544984,0.195509974808
O14,random,diagonal_tuned,14,0.112129906116,0.974285714286,1.55291424747,0.194430943635
O14,random,diagonal_tuned,15,0.1121678864,0.972142857143,1.54319146062,0.194065752028
O14,random,diagonal_tuned,16,0.111816727256,0.971428571429,1.53577360404,0.193638405541
O14,random,joint,3,0.265942684213,0.957142857143,2.20484826641,0.28433474408
O14,random,joint,4,0.185866281596,0.976428571429,2.00078631772,0.243234077587
O14,random,joint,5,0.12859330272,0.991428571429,1.87843608082,0.213693495464
O14,random,joint,6,0.104189447752,0.995714285714,1.78772727781,0.196802457531
O14,random,joint,7,0.0960942074488,1,1.73824541366,0.189946513489
O14,random,joint,8,0.0898566983865,0.995714285714,1.70334038027,0.184486684787
O14,random,joint,9,0.0883823547772,0.996428571429,1.68694883373,0.182977574712
O14,random,joint,10,0.0839991408913,0.994285714286,1.66815589005,0.179269627425
O14,random,joint,11,0.0818306422516,0.995,1.65229595056,0.177136905377
O14,random,joint,12,0.0797852712594,0.991428571429,1.63327090013,0.174722044364
O14,random,joint,13,0.0793842190449,0.989285714286,1.61814582245,0.173799047977
O14,random,joint,14,0.0778025735084,0.989285714286,1.61148032107,0.172457063891
O14,random,joint,15,0.0774153844932,0.986428571429,1.59857550222,0.171534133417
O14,random,joint,16,0.0769469138805,0.985714285714,1.59029081026,0.170868908019
O14,space_filling,diagonal_matched,3,0.277757158596,0.942857142857,2.17750203111,0.290446108253
O14,space_filling,diagonal_matched,4,0.127617478945,0.985714285714,1.82635124253,0.211942762818
O14,space_filling,diagonal_matched,5,0.111602367016,0.985714285714,1.7480745,0.200401270802
O14,space_filling,diagonal_matched,6,0.113049377472,1,1.69849284272,0.200236791682
O14,space_filling,diagonal_matched,7,0.102110275053,0.985714285714,1.64711192442,0.191200723734
O14,space_filling,diagonal_matched,8,0.109508998778,0.985714285714,1.6237848651,0.195565802551
O14,space_filling,diagonal_matched,9,0.109508998778,0.985714285714,1.6237848651,0.195565802551
O14,space_filling,diagonal_matched,10,0.108935119087,0.985714285714,1.61709130799,0.195167252764
O14,space_filling,diagonal_matched,11,0.10943063361,0.985714285714,1.60620787419,0.195090026857
O14,space_filling,diagonal_matched,12,0.108403910413,0.985714285714,1.59425829372,0.193449822956
O14,space_filling,diagonal_matched,13,0.10704364462,0.985714285714,1.58152336518,0.192235141774
O14,space_filling,diagonal_matched,14,0.110092076056,0.985714285714,1.56851110453,0.194285316731
O14,space_filling,diagonal_matched,15,0.108908068622,0.985714285714,1.55417023562,0.193116104435
O14,space_filling,diagonal_matched,16,0.111816727256,0.971428571429,1.53577360404,0.193638405541
O14,space_filling,diagonal_tuned,3,0.277757158596,0.942857142857,2.17750203111,0.290446108253
O14,space_filling,diagonal_tuned,4,0.127617478945,0.985714285714,1.82635124253,0.211942762818
O14,space_filling,diagonal_tuned,5,0.111602367016,0.985714285714,1.7480745,0.200401270802
O14,space_filling,diagonal_tuned,6,0.113049377472,1,1.69849284272,0.200236791682
O14,space_filling,diagonal_tuned,7,0.102110275053,0.985714285714,1.64711192442,0.191200723734
O14,space_filling,diagonal_tuned,8,0.109508998778,0.985714285714,1.6237848651,0.195565802551
O14,space_filling,diagonal_tuned,9,0.109508998778,0.985714285714,1.6237848651,0.195565802551
O14,space_filling,diagonal_tuned,10,0.108935119087,0.985714285714,1.61709130799,0.195167252764
O14,space_filling,diagonal_tuned,11,0.10943063361,0.985714285714,1.60620787419,0.195090026857
O14,space_filling,diagonal_tuned,12,0.108403910413,0.985714285714,1.59425829372,0.193449822956
O14,space_filling,diagonal_tuned,13,0.10704364462,0.985714285714,1.58152336518,0.192235141774
O14,space_filling,diagonal_tuned,14,0.110092076056,0.985714285714,1.56851110453,0.194285316731
O14,space_filling,diagonal_tuned,15,0.108908068622,0.985714285714,1.55417023562,0.193116104435
O14,space_filling,diagonal_tuned,16,0.111816727256,0.971428571429,1.53577360404,0.193638405541
O14,space_filling,joint,3,0.265942684213,0.957142857143,2.20484826641,0.28433474408
O14,space_filling,joint,4,0.100985252807,0.985714285714,1.85101410888,0.196531654932
O14,space_filling,joint,5,0.085234102755,1,1.79479696264,0.185190530314
O14,space_filling,joint,6,0.0882817159524,1,1.76315471975,0.186182087784
O14,space_filling,joint,7,0.0728002277781,1,1.72555569592,0.17435920769
O14,space_filling,joint,8,0.0764025512767,1,1.713638682,0.176378975925
O14,space_filling,joint,9,0.0839509686667,1,1.64446330344,0.178612753186
O14,space_filling,joint,10,0.0840136047463,1,1.6394346752,0.178601356937
O14,space_filling,joint,11,0.0817868134203,1,1.63321163743,0.176882594698
O14,space_filling,joint,12,0.0776806915763,1,1.6243301598,0.173508753914
O14,space_filling,joint,13,0.077222776031,1,1.61633314492,0.172802899674
O14,space_filling,joint,14,0.0803848371296,1,1.60888342877,0.17491282943
O14,space_filling,joint,15,0.078307914972,1,1.60114455243,0.173172329043
O14,space_filling,joint,16,0.0769469138805,0.985714285714,1.59029081026,0.170868908019
O15,ivr,diagonal_matched,3,0.455943566561,0.897959183673,2.17893131786,0.379849108542
O15,ivr,diagonal_matched,4,0.216823337827,0.979591836735,1.82660790828,0.265593439526
O15,ivr,diagonal_matched,5,0.203484830803,0.979591836735,1.74439799975,0.254307371434
O15,ivr,diagonal_matched,6,0.182245869619,0.979591836735,1.68647989318,0.238294286118
O15,ivr,diagonal_matched,7,0.16623632426,0.979591836735,1.64716998834,0.227078534885
O15,ivr,diagonal_matched,8,0.176718081674,0.979591836735,1.62180769693,0.23322940166
O15,ivr,diagonal_matched,9,0.1583084029,0.959183673469,1.59846145399,0.226296125712
O15,ivr,diagonal_matched,10,0.15522987776,0.959183673469,1.5821172739,0.223616684674
O15,ivr,diagonal_matched,11,0.15089175427,0.959183673469,1.56830617127,0.219929012762
O15,ivr,diagonal_matched,12,0.146245552629,0.959183673469,1.55739319486,0.215994770182
O15,ivr,diagonal_matched,13,0.138629716775,0.959183673469,1.54780470569,0.210513511876
O15,ivr,diagonal_matched,14,0.137094811233,0.959183673469,1.53923219295,0.208989587731
O15,ivr,diagonal_matched,15,0.139031213621,0.959183673469,1.53563125561,0.210219002804
O15,ivr,diagonal_matched,16,0.139031213621,0.959183673469,1.53563125561,0.210219002804
O15,ivr,diagonal_tuned,3,0.455943566561,0.897959183673,2.17893131786,0.379849108542
O15,ivr,diagonal_tuned,4,0.216823337827,0.979591836735,1.82660790828,0.265593439526
O15,ivr,diagonal_tuned,5,0.203484830803,0.979591836735,1.74439799975,0.254307371434
O15,ivr,diagonal_tuned,6,0.182245869619,0.979591836735,1.68647989318,0.238294286118
O15,ivr,diagonal_tuned,7,0.16623632426,0.979591836735,1.64716998834,0.227078534885
O15,ivr,diagonal_tuned,8,0.176718081674,0.979591836735,1.62180769693,0.23322940166
O15,ivr,diagonal_tuned,9,0.1583084029,0.959183673469,1.59846145399,0.226296125712
O15,ivr,diagonal_tuned,10,0.15522987776,0.959183673469,1.5821172739,0.223616684674
O15,ivr,diagonal_tuned,11,0.15089175427,0.959183673469,1.56830617127,0.219929012762
O15,ivr,diagonal_tuned,12,0.146245552629,0.959183673469,1.55739319486,0.215994770182
O15,ivr,diagonal_tuned,13,0.138629716775,0.959183673469,1.54780470569,0.210513511876
O15,ivr,diagonal_tuned,14,0.137094811233,0.959183673469,1.53923219295,0.208989587731
O15,ivr,diagonal_tuned,15,0.139031213621,0.959183673469,1.53563125561,0.210219002804
O15,ivr,diagonal_tuned,16,0.139031213621,0.959183673469,1.53563125561,0.210219002804
O15,ivr,joint,3,0.413173634244,0.959183673469,2.20577224868,0.360945700112
O15,ivr,joint,4,0.192029914675,0.979591836735,1.85075016852,0.250759290499
O15,ivr,joint,5,0.214423329814,0.938775510204,1.78737573168,0.264707372838
O15,ivr,joint,6,0.194638630792,0.938775510204,1.72814578528,0.248387816643
O15,ivr,joint,7,0.169765134114,0.979591836735,1.68277690584,0.233823344022
O15,ivr,joint,8,0.152901846441,0.979591836735,1.65812325892,0.22252136252
O15,ivr,joint,9,0.162987992415,0.979591836735,1.64221356265,0.228598846872
O15,ivr,joint,10,0.147757228001,0.979591836735,1.62943333476,0.221450616416
O15,ivr,joint,11,0.144473726195,0.979591836735,1.6194753567,0.2188264684
O15,ivr,joint,12,0.141851133051,0.938775510204,1.61091664476,0.21687613454
O15,ivr,joint,13,0.149179165831,0.938775510204,1.60471849177,0.221026622206
O15,ivr,joint,14,0.148725277634,0.938775510204,1.59883501778,0.220515762539
O15,ivr,joint,15,0.142218620764,0.938775510204,1.59366269139,0.215500717231
O15,ivr,joint,16,0.139473491367,0.938775510204,1.58965553954,0.21378439486
O15,ivr,linear,3,0.507381830854,,,
O15,ivr,linear,4,0.203839599923,,,
O15,ivr,linear,5,0.222847719863,,,
O15,ivr,linear,6,0.188652445978,,,
O15,ivr,linear,7,0.164961841827,,,
O15,ivr,linear,8,0.147415323528,,,
O15,ivr,linear,9,0.15683373605,,,
O15,ivr,linear,10,0.145392811694,,,
O15,ivr,linear,11,0.145119706116,,,
O15,ivr,linear,12,0.137445113465,,,
O15,ivr,linear,13,0.135008949499,,,
O15,ivr,linear,14,0.129843332845,,,
O15,ivr,linear,15,0.127821702221,,,
O15,ivr,linear,16,0.128803684469,,,
O15,ivr,pchip,3,0.634506816343,,,
O15,ivr,pchip,4,0.196247243298,,,
O15,ivr,pchip,5,0.214243376981,,,
O15,ivr,pchip,6,0.204328619384,,,
O15,ivr,pchip,7,0.176753856072,,,
O15,ivr,pchip,8,0.151901934381,,,
O15,ivr,pchip,9,0.160923340944,,,
O15,ivr,pchip,10,0.149482416588,,,
O15,ivr,pchip,11,0.14914526416,,,
O15,ivr,pchip,12,0.137445113465,,,
O15,ivr,pchip,13,0.135008949499,,,
O15,ivr,pchip,14,0.129843332845,,,
O15,ivr,pchip,15,0.127821702221,,,
O15,ivr,pchip,16,0.128803684469,,,
O15,random,diagonal_matched,3,0.455943566561,0.897959183673,2.17893131786,0.379849108542
O15,random,diagonal_matched,4,0.318053590408,0.940816326531,1.96363692899,0.314052515598
O15,random,diagonal_matched,5,0.233026833178,0.971428571429,1.83467147823,0.271847398072
O15,random,diagonal_matched,6,0.198753303416,0.971428571429,1.74152124776,0.250817161236
O15,random,diagonal_matched,7,0.181151093441,0.971428571429,1.69028253545,0.238980630918
O15,random,diagonal_matched,8,0.170227918089,0.973469387755,1.65640496427,0.231518610176
O15,random,diagonal_matched,9,0.163210033854,0.974489795918,1.63144739262,0.226559836111
O15,random,diagonal_matched,10,0.159269801751,0.969387755102,1.60954625009,0.223563342695
O15,random,diagonal_matched,11,0.155914410128,0.970408163265,1.59114631341,0.220662120476
O15,random,diagonal_matched,12,0.14862787246,0.965306122449,1.57563551047,0.217010768491
O15,random,diagonal_matched,13,0.146258850559,0.962244897959,1.56327479717,0.215203005831
O15,random,diagonal_matched,14,0.144037603536,0.961224489796,1.55276117831,0.213094672266
O15,random,diagonal_matched,15,0.141001106672,0.958163265306,1.54304107201,0.211556349064
O15,random,diagonal_matched,16,0.139031213621,0.959183673469,1.53563125561,0.210219002804
O15,random,diagonal_tuned,3,0.455943566561,0.897959183673,2.17893131786,0.379849108542
O15,random,diagonal_tuned,4,0.318053590408,0.940816326531,1.96363692899,0.314052515598
O15,random,diagonal_tuned,5,0.233026833178,0.971428571429,1.83467147823,0.271847398072
O15,random,diagonal_tuned,6,0.198753303416,0.971428571429,1.74152124776,0.250817161236
O15,random,diagonal_tuned,7,0.181151093441,0.971428571429,1.69028253545,0.238980630918
O15,random,diagonal_tuned,8,0.170227918089,0.973469387755,1.65640496427,0.231518610176
O15,random,diagonal_tuned,9,0.163210033854,0.974489795918,1.63144739262,0.226559836111
O15,random,diagonal_tuned,10,0.159269801751,0.969387755102,1.60954625009,0.223563342695
O15,random,diagonal_tuned,11,0.155914410128,0.970408163265,1.59114631341,0.220662120476
O15,random,diagonal_tuned,12,0.14862787246,0.965306122449,1.57563551047,0.217010768491
O15,random,diagonal_tuned,13,0.146258850559,0.962244897959,1.56327479717,0.215203005831
O15,random,diagonal_tuned,14,0.144037603536,0.961224489796,1.55276117831,0.213094672266
O15,random,diagonal_tuned,15,0.141001106672,0.958163265306,1.54304107201,0.211556349064
O15,random,diagonal_tuned,16,0.139031213621,0.959183673469,1.53563125561,0.210219002804
O15,random,joint,3,0.413173634244,0.959183673469,2.20577224868,0.360945700112
O15,random,joint,4,0.268112581099,0.966326530612,2.00051956293,0.289939752507
O15,random,joint,5,0.189801087778,0.974489795918,1.87810214818,0.249625832383
O15,random,joint,6,0.171356906432,0.970408163265,1.78712577268,0.236327171015
O15,random,joint,7,0.16500393948,0.962244897959,1.73745801721,0.231065391659
O15,random,joint,8,0.160951049481,0.959183673469,1.70263865497,0.227904334343
O15,random,joint,9,0.158164537158,0.960204081633,1.68618204996,0.22564194376
O15,random,joint,10,0.153776809458,0.960204081633,1.66741349456,0.222706408595
O15,random,joint,11,0.152406847607,0.958163265306,1.65159651854,0.221512510368
O15,random,joint,12,0.148869342604,0.955102040816,1.63263609213,0.220003098368
O15,random,joint,13,0.145841897168,0.951020408163,1.61752437082,0.218049943835
O15,random,joint,14,0.143080033057,0.948979591837,1.61084076721,0.215947219867
O15,random,joint,15,0.141817595522,0.94693877551,1.59797168352,0.215361062256
O15,random,joint,16,0.139473491367,0.938775510204,1.58965553954,0.21378439486
O15,space_filling,diagonal_matched,3,0.455943566561,0.897959183673,2.17893131786,0.379849108542
O15,space_filling,diagonal_matched,4,0.216823337827,0.979591836735,1.82660790828,0.265593439526
O15,space_filling,diagonal_matched,5,0.185326198055,0.979591836735,1.74908528139,0.242212508153
O15,space_filling,diagonal_matched,6,0.169307973504,0.979591836735,1.69674411475,0.230325412979
O15,space_filling,diagonal_matched,7,0.16623632426,0.979591836735,1.64716998834,0.227078534885
O15,space_filling,diagonal_matched,8,0.163878695412,0.979591836735,1.62358311791,0.224745205647
O15,space_filling,diagonal_matched,9,0.163878695412,0.979591836735,1.62358311791,0.224745205647
O15,space_filling,diagonal_matched,10,0.166899828766,0.979591836735,1.61698754062,0.226700741579
O15,space_filling,diagonal_matched,11,0.164340301561,0.979591836735,1.60597558848,0.224178607795
O15,space_filling,diagonal_matched,12,0.170657957408,0.979591836735,1.59403820041,0.227937467391
O15,space_filling,diagonal_matched,13,0.164071089629,0.979591836735,1.58127029023,0.223171571681
O15,space_filling,diagonal_matched,14,0.16270492722,0.979591836735,1.56829169995,0.221708850461
O15,space_filling,diagonal_matched,15,0.156218040159,0.979591836735,1.5539925709,0.216651995675
O15,space_filling,diagonal_matched,16,0.139031213621,0.959183673469,1.53563125561,0.210219002804
O15,space_filling,diagonal_tuned,3,0.455943566561,0.897959183673,2.17893131786,0.379849108542
O15,space_filling,diagonal_tuned,4,0.216823337827,0.979591836735,1.82660790828,0.265593439526
O15,space_filling,diagonal_tuned,5,0.185326198055,0.979591836735,1.74908528139,0.242212508153
O15,space_filling,diagonal_tuned,6,0.169307973504,0.979591836735,1.69674411475,0.230325412979
O15,space_filling,diagonal_tuned,7,0.16623632426,0.979591836735,1.64716998834,0.227078534885
O15,space_filling,diagonal_tuned,8,0.163878695412,0.979591836735,1.62358311791,0.224745205647
O15,space_filling,diagonal_tuned,9,0.163878695412,0.979591836735,1.62358311791,0.224745205647
O15,space_filling,diagonal_tuned,10,0.166899828766,0.979591836735,1.61698754062,0.226700741579
O15,space_filling,diagonal_tuned,11,0.164340301561,0.979591836735,1.60597558848,0.224178607795
O15,space_filling,diagonal_tuned,12,0.170657957408,0.979591836735,1.59403820041,0.227937467391
O15,space_filling,diagonal_tuned,13,0.164071089629,0.979591836735,1.58127029023,0.223171571681
O15,space_filling,diagonal_tuned,14,0.16270492722,0.979591836735,1.56829169995,0.221708850461
O15,space_filling,diagonal_tuned,15,0.156218040159,0.979591836735,1.5539925709,0.216651995675
O15,space_filling,diagonal_tuned,16,0.139031213621,0.959183673469,1.53563125561,0.210219002804
O15,space_filling,joint,3,0.413173634244,0.959183673469,2.20577224868,0.360945700112
O15,space_filling,joint,4,0.192029914675,0.979591836735,1.85075016852,0.250759290499
O15,space_filling,joint,5,0.175497268901,0.979591836735,1.79478322307,0.235903381414
O15,space_filling,joint,6,0.158719528324,0.959183673469,1.76080411167,0.22471284023
O15,space_filling,joint,7,0.14469600468,0.979591836735,1.7249853832,0.215889875773
O15,space_filling,joint,8,0.146455242149,0.979591836735,1.71283755683,0.216631736311
O15,space_filling,joint,9,0.156117612389,0.979591836735,1.64400595515,0.224358317125
O15,space_filling,joint,10,0.155355177164,0.959183673469,1.63881402343,0.223741881408
O15,space_filling,joint,11,0.151118776304,0.979591836735,1.63246496475,0.220422352547
O15,space_filling,joint,12,0.157553992699,0.938775510204,1.62364408524,0.224455839221
O15,space_filling,joint,13,0.160670445137,0.959183673469,1.61563813465,0.226136391533
O15,space_filling,joint,14,0.156194171574,0.938775510204,1.60820950433,0.22263847811
O15,space_filling,joint,15,0.152577628731,0.938775510204,1.60049357754,0.219588765004
O15,space_filling,joint,16,0.139473491367,0.938775510204,1.58965553954,0.21378439486
O16,ivr,diagonal_matched,3,0.327954339363,0.938775510204,2.18032804506,0.319232520885
O16,ivr,diagonal_matched,4,0.393571503872,0.857142857143,1.82650487314,0.346128326182
O16,ivr,diagonal_matched,5,0.368001643968,0.877551020408,1.74436376696,0.336220293927
O16,ivr,diagonal_matched,6,0.3770188322,0.877551020408,1.68623474292,0.338940023421
O16,ivr,diagonal_matched,7,0.423642023517,0.877551020408,1.6467580275,0.350326273647
O16,ivr,diagonal_matched,8,0.432049155139,0.857142857143,1.62149963863,0.352007679643
O16,ivr,diagonal_matched,9,0.328644459173,0.857142857143,1.59813366761,0.320310959225
O16,ivr,diagonal_matched,10,0.319638697171,0.857142857143,1.58187842681,0.317162836028
O16,ivr,diagonal_matched,11,0.312428849259,0.877551020408,1.56779253296,0.312514920164
O16,ivr,diagonal_matched,12,0.296698158185,0.877551020408,1.55726125891,0.301082791984
O16,ivr,diagonal_matched,13,0.301180027537,0.877551020408,1.54769911557,0.302866113692
O16,ivr,diagonal_matched,14,0.28752592134,0.897959183673,1.53910076366,0.294620652438
O16,ivr,diagonal_matched,15,0.286729855866,0.897959183673,1.53567731664,0.294269735394
O16,ivr,diagonal_matched,16,0.286729855866,0.897959183673,1.53567731664,0.294269735394
O16,ivr,diagonal_tuned,3,0.327954339363,0.938775510204,2.18032804506,0.319232520885
O16,ivr,diagonal_tuned,4,0.393571503872,0.857142857143,1.82650487314,0.346128326182
O16,ivr,diagonal_tuned,5,0.368001643968,0.877551020408,1.74436376696,0.336220293927
O16,ivr,diagonal_tuned,6,0.3770188322,0.877551020408,1.68623474292,0.338940023421
O16,ivr,diagonal_tuned,7,0.423642023517,0.877551020408,1.6467580275,0.350326273647
O16,ivr,diagonal_tuned,8,0.432049155139,0.857142857143,1.62149963863,0.352007679643
O16,ivr,diagonal_tuned,9,0.328644459173,0.857142857143,1.59813366761,0.320310959225
O16,ivr,diagonal_tuned,10,0.319638697171,0.857142857143,1.58187842681,0.317162836028
O16,ivr,diagonal_tuned,11,0.312428849259,0.877551020408,1.56779253296,0.312514920164
O16,ivr,diagonal_tuned,12,0.296698158185,0.877551020408,1.55726125891,0.301082791984
O16,ivr,diagonal_tuned,13,0.301180027537,0.877551020408,1.54769911557,0.302866113692
O16,ivr,diagonal_tuned,14,0.28752592134,0.897959183673,1.53910076366,0.294620652438
O16,ivr,diagonal_tuned,15,0.286729855866,0.897959183673,1.53567731664,0.294269735394
O16,ivr,diagonal_tuned,16,0.286729855866,0.897959183673,1.53567731664,0.294269735394
O16,ivr,joint,3,0.295497653024,0.959183673469,2.206126013,0.312750448786
O16,ivr,joint,4,0.368716823433,0.918367346939,1.84898350123,0.346324896944
O16,ivr,joint,5,0.33621807988,0.897959183673,1.78687505951,0.332380134226
O16,ivr,joint,6,0.305476024458,0.877551020408,1.72761881232,0.315473083476
O16,ivr,joint,7,0.284534775912,0.897959183673,1.68178327642,0.306150236915
O16,ivr,joint,8,0.293484698446,0.918367346939,1.65697635527,0.300673103184
O16,ivr,joint,9,0.286231563858,0.897959183673,1.64105092285,0.295854806335
O16,ivr,joint,10,0.219336262097,0.897959183673,1.62824865512,0.269676211123
O16,ivr,joint,11,0.228246691223,0.836734693878,1.61831751026,0.274661805506
O16,ivr,joint,12,0.212643688393,0.897959183673,1.60989318403,0.265248066168
O16,ivr,joint,13,0.208853157201,0.897959183673,1.60363621823,0.262224258152
O16,ivr,joint,14,0.203818150796,0.897959183673,1.59772418182,0.258380764195
O16,ivr,joint,15,0.20358585112,0.897959183673,1.59261308378,0.257433931645
O16,ivr,joint,16,0.201061948105,0.897959183673,1.5885855616,0.255903792602
O16,ivr,linear,3,0.346618606736,,,
O16,ivr,linear,4,0.397787928811,,,
O16,ivr,linear,5,0.345459958261,,,
O16,ivr,linear,6,0.322298231484,,,
O16,ivr,linear,7,0.271372435717,,,
O16,ivr,linear,8,0.279926769293,,,
O16,ivr,linear,9,0.277551747336,,,
O16,ivr,linear,10,0.23080034276,,,
O16,ivr,linear,11,0.251703675829,,,
O16,ivr,linear,12,0.240589641254,,,
O16,ivr,linear,13,0.230330504339,,,
O16,ivr,linear,14,0.222648432291,,,
O16,ivr,linear,15,0.195201349179,,,
O16,ivr,linear,16,0.203469033325,,,
O16,ivr,pchip,3,0.588743009466,,,
O16,ivr,pchip,4,0.416902999144,,,
O16,ivr,pchip,5,0.36299100815,,,
O16,ivr,pchip,6,0.321137017677,,,
O16,ivr,pchip,7,0.263063635418,,,
O16,ivr,pchip,8,0.274850279047,,,
O16,ivr,pchip,9,0.273218012239,,,
O16,ivr,pchip,10,0.226466607663,,,
O16,ivr,pchip,11,0.247126302589,,,
O16,ivr,pchip,12,0.240589641254,,,
O16,ivr,pchip,13,0.230330504339,,,
O16,ivr,pchip,14,0.222648432291,,,
O16,ivr,pchip,15,0.195201349179,,,
O16,ivr,pchip,16,0.203469033325,,,
O16,random,diagonal_matched,3,0.327954339363,0.938775510204,2.18032804506,0.319232520885
O16,random,diagonal_matched,4,0.369232847176,0.902040816327,1.96501432214,0.332827522324
O16,random,diagonal_matched,5,0.376261435445,0.89387755102,1.83563018075,0.333813391974
O16,random,diagonal_matched,6,0.356773850445,0.887755102041,1.7420253718,0.322444482386
O16,random,diagonal_matched,7,0.351347179297,0.886734693878,1.6905842674,0.319452313104
O16,random,diagonal_matched,8,0.346917785216,0.885714285714,1.65657137072,0.317494958152
O16,random,diagonal_matched,9,0.339983665149,0.883673469388,1.63158752475,0.313397989244
O16,random,diagonal_matched,10,0.333723971623,0.881632653061,1.60963764078,0.310581631192
O16,random,diagonal_matched,11,0.334591741997,0.879591836735,1.59121257065,0.309645656009
O16,random,diagonal_matched,12,0.307881977606,0.883673469388,1.57567552701,0.301739604368
O16,random,diagonal_matched,13,0.305227019596,0.886734693878,1.563315668,0.300450624829
O16,random,diagonal_matched,14,0.308495513025,0.891836734694,1.55279012151,0.301168636948
O16,random,diagonal_matched,15,0.291091494808,0.89387755102,1.54304913096,0.295655102842
O16,random,diagonal_matched,16,0.286729855866,0.897959183673,1.53567731664,0.294269735394
O16,random,diagonal_tuned,3,0.327954339363,0.938775510204,2.18032804506,0.319232520885
O16,random,diagonal_tuned,4,0.369232847176,0.902040816327,1.96501432214,0.332827522324
O16,random,diagonal_tuned,5,0.376261435445,0.89387755102,1.83563018075,0.333813391974
O16,random,diagonal_tuned,6,0.356773850445,0.887755102041,1.7420253718,0.322444482386
O16,random,diagonal_tuned,7,0.351347179297,0.886734693878,1.6905842674,0.319452313104
O16,random,diagonal_tuned,8,0.346917785216,0.885714285714,1.65657137072,0.317494958152
O16,random,diagonal_tuned,9,0.339983665149,0.883673469388,1.63158752475,0.313397989244
O16,random,diagonal_tuned,10,0.333723971623,0.881632653061,1.60963764078,0.310581631192
O16,random,diagonal_tuned,11,0.334591741997,0.879591836735,1.59121257065,0.309645656009
O16,random,diagonal_tuned,12,0.307881977606,0.883673469388,1.57567552701,0.301739604368
O16,random,diagonal_tuned,13,0.305227019596,0.886734693878,1.563315668,0.300450624829
O16,random,diagonal_tuned,14,0.308495513025,0.891836734694,1.55279012151,0.301168636948
O16,random,diagonal_tuned,15,0.291091494808,0.89387755102,1.54304913096,0.295655102842
O16,random,diagonal_tuned,16,0.286729855866,0.897959183673,1.53567731664,0.294269735394
O16,random,joint,3,0.295497653024,0.959183673469,2.206126013,0.312750448786
O16,random,joint,4,0.3330437689,0.934693877551,2.00049711109,0.325610207569
O16,random,joint,5,0.324014305767,0.930612244898,1.87735892667,0.318473217438
O16,random,joint,6,0.292638560634,0.921428571429,1.78581508866,0.301422697338
O16,random,joint,7,0.282635268109,0.909183673469,1.73605538452,0.296202146838
O16,random,joint,8,0.271895656073,0.915306122449,1.70123912892,0.290204047262
O16,random,joint,9,0.268277310798,0.909183673469,1.68470899896,0.287768079586
O16,random,joint,10,0.259257463548,0.898979591837,1.66591256286,0.283258448805
O16,random,joint,11,0.255605401978,0.901020408163,1.65009549542,0.28045278462
O16,random,joint,12,0.229814989933,0.901020408163,1.63132509158,0.269937288695
O16,random,joint,13,0.221475430428,0.898979591837,1.61631615548,0.265358532261
O16,random,joint,14,0.221853121631,0.897959183673,1.60960030144,0.264857298404
O16,random,joint,15,0.206172751128,0.904081632653,1.59684173113,0.258228576475
O16,random,joint,16,0.201061948105,0.897959183673,1.5885855616,0.255903792602
O16,space_filling,diagonal_matched,3,0.327954339363,0.938775510204,2.18032804506,0.319232520885
O16,space_filling,diagonal_matched,4,0.393571503872,0.857142857143,1.82650487314,0.346128326182
O16,space_filling,diagonal_matched,5,0.359312651592,0.857142857143,1.7489447954,0.327971670368
O16,space_filling,diagonal_matched,6,0.421669803436,0.877551020408,1.6965493176,0.349655340276
O16,space_filling,diagonal_matched,7,0.423642023517,0.877551020408,1.6467580275,0.350326273647
O16,space_filling,diagonal_matched,8,0.427046368782,0.877551020408,1.62355150079,0.349851189715
O16,space_filling,diagonal_matched,9,0.427046368782,0.877551020408,1.62355150079,0.349851189715
O16,space_filling,diagonal_matched,10,0.42502742775,0.877551020408,1.61722784506,0.349123244177
O16,space_filling,diagonal_matched,11,0.410293312253,0.897959183673,1.6062859541,0.339268695033
O16,space_filling,diagonal_matched,12,0.401554164795,0.897959183673,1.59432174345,0.334844004053
O16,space_filling,diagonal_matched,13,0.38472395961,0.897959183673,1.58141796215,0.324284905595
O16,space_filling,diagonal_matched,14,0.376116451649,0.897959183673,1.56841668287,0.320889194423
O16,space_filling,diagonal_matched,15,0.388600434458,0.897959183673,1.55406762091,0.322816351768
O16,space_filling,diagonal_matched,16,0.286729855866,0.897959183673,1.53567731664,0.294269735394
O16,space_filling,diagonal_tuned,3,0.327954339363,0.938775510204,2.18032804506,0.319232520885
O16,space_filling,diagonal_tuned,4,0.393571503872,0.857142857143,1.82650487314,0.346128326182
O16,space_filling,diagonal_tuned,5,0.359312651592,0.857142857143,1.7489447954,0.327971670368
O16,space_filling,diagonal_tuned,6,0.421669803436,0.877551020408,1.6965493176,0.349655340276
O16,space_filling,diagonal_tuned,7,0.423642023517,0.877551020408,1.6467580275,0.350326273647
O16,space_filling,diagonal_tuned,8,0.427046368782,0.877551020408,1.62355150079,0.349851189715
O16,space_filling,diagonal_tuned,9,0.427046368782,0.877551020408,1.62355150079,0.349851189715
O16,space_filling,diagonal_tuned,10,0.42502742775,0.877551020408,1.61722784506,0.349123244177
O16,space_filling,diagonal_tuned,11,0.410293312253,0.897959183673,1.6062859541,0.339268695033
O16,space_filling,diagonal_tuned,12,0.401554164795,0.897959183673,1.59432174345,0.334844004053
O16,space_filling,diagonal_tuned,13,0.38472395961,0.897959183673,1.58141796215,0.324284905595
O16,space_filling,diagonal_tuned,14,0.376116451649,0.897959183673,1.56841668287,0.320889194423
O16,space_filling,diagonal_tuned,15,0.388600434458,0.897959183673,1.55406762091,0.322816351768
O16,space_filling,diagonal_tuned,16,0.286729855866,0.897959183673,1.53567731664,0.294269735394
O16,space_filling,joint,3,0.295497653024,0.959183673469,2.206126013,0.312750448786
O16,space_filling,joint,4,0.368716823433,0.918367346939,1.84898350123,0.346324896944
O16,space_filling,joint,5,0.330062801849,0.918367346939,1.79283475338,0.325580803744
O16,space_filling,joint,6,0.363872575058,0.918367346939,1.75879777089,0.335650614051
O16,space_filling,joint,7,0.366386398074,0.897959183673,1.72260131456,0.335559278121
O16,space_filling,joint,8,0.361150355123,0.897959183673,1.71069051387,0.331332748557
O16,space_filling,joint,9,0.286610113669,0.877551020408,1.64311453968,0.295492030956
O16,space_filling,joint,10,0.29005293445,0.877551020408,1.63793295943,0.296019134988
O16,space_filling,joint,11,0.279424248225,0.897959183673,1.63164944633,0.289300385868
O16,space_filling,joint,12,0.280462723923,0.918367346939,1.6227496771,0.290804685806
O16,space_filling,joint,13,0.275703070476,0.897959183673,1.61464600662,0.287594373229
O16,space_filling,joint,14,0.272520807544,0.918367346939,1.60720346216,0.285515095086
O16,space_filling,joint,15,0.272779616116,0.897959183673,1.59944860726,0.281908195327
O16,space_filling,joint,16,0.201061948105,0.897959183673,1.5885855616,0.255903792602
O17,ivr,diagonal_matched,3,0.0463919117325,1,2.17416702869,0.181332909503
O17,ivr,diagonal_matched,4,0.0333485346538,1,1.82575235577,0.153088523913
O17,ivr,diagonal_matched,5,0.0315566536337,1,1.74230424243,0.146872016822
O17,ivr,diagonal_matched,6,0.0320589060983,1,1.68685549632,0.144262141643
O17,ivr,diagonal_matched,7,0.0284478481912,1,1.64697644194,0.139235074622
O17,ivr,diagonal_matched,8,0.0284513023825,1,1.62232052024,0.137970922741
O17,ivr,diagonal_matched,9,0.0293681421458,1,1.59890146713,0.137202212815
O17,ivr,diagonal_matched,10,0.0321973410537,1,1.58284127984,0.138404703081
O17,ivr,diagonal_matched,11,0.0305110037769,1,1.56819200439,0.136335151938
O17,ivr,diagonal_matched,12,0.0289537456502,1,1.55808252191,0.134568262136
O17,ivr,diagonal_matched,13,0.0282088247762,1,1.54862264102,0.133425512798
O17,ivr,diagonal_matched,14,0.0295431150786,1,1.53984679883,0.133993726727
O17,ivr,diagonal_matched,15,0.0307651472303,1,1.53610575038,0.134754636993
O17,ivr,diagonal_matched,16,0.0307651472303,1,1.53610575038,0.134754636993
O17,ivr,diagonal_tuned,3,0.0463919117325,1,2.17416702869,0.181332909503
O17,ivr,diagonal_tuned,4,0.0333485346538,1,1.82575235577,0.153088523913
O17,ivr,diagonal_tuned,5,0.0315566536337,1,1.74230424243,0.146872016822
O17,ivr,diagonal_tuned,6,0.0320589060983,1,1.68685549632,0.144262141643
O17,ivr,diagonal_tuned,7,0.0284478481912,1,1.64697644194,0.139235074622
O17,ivr,diagonal_tuned,8,0.0284513023825,1,1.62232052024,0.137970922741
O17,ivr,diagonal_tuned,9,0.0293681421458,1,1.59890146713,0.137202212815
O17,ivr,diagonal_tuned,10,0.0321973410537,1,1.58284127984,0.138404703081
O17,ivr,diagonal_tuned,11,0.0305110037769,1,1.56819200439,0.136335151938
O17,ivr,diagonal_tuned,12,0.0289537456502,1,1.55808252191,0.134568262136
O17,ivr,diagonal_tuned,13,0.0282088247762,1,1.54862264102,0.133425512798
O17,ivr,diagonal_tuned,14,0.0295431150786,1,1.53984679883,0.133993726727
O17,ivr,diagonal_tuned,15,0.0307651472303,1,1.53610575038,0.134754636993
O17,ivr,diagonal_tuned,16,0.0307651472303,1,1.53610575038,0.134754636993
O17,ivr,joint,3,0.0483402886009,1,2.20269230778,0.1842834287
O17,ivr,joint,4,0.0387113053065,1,1.85162996972,0.158036831154
O17,ivr,joint,5,0.0491325849957,1,1.78823175816,0.161505739011
O17,ivr,joint,6,0.0449246116322,1,1.72717581213,0.15535631622
O17,ivr,joint,7,0.0470053255316,1,1.68403545001,0.154754093157
O17,ivr,joint,8,0.0437703683797,1,1.65889030083,0.151148640396
O17,ivr,joint,9,0.0414986865561,1,1.64341934763,0.148766972138
O17,ivr,joint,10,0.0412027561264,1,1.63060757683,0.147773896226
O17,ivr,joint,11,0.0400167402551,1,1.62073990141,0.146228698356
O17,ivr,joint,12,0.0376902556589,1,1.61230651194,0.144134593165
O17,ivr,joint,13,0.0339246076075,1,1.60630011636,0.140886160543
O17,ivr,joint,14,0.030758273828,1,1.60051494247,0.138206140006
O17,ivr,joint,15,0.0297502133949,1,1.59572468868,0.137112211382
O17,ivr,joint,16,0.0276445667724,1,1.5917731086,0.135295140912
O17,ivr,linear,3,0.0555914350417,,,
O17,ivr,linear,4,0.0388810632695,,,
O17,ivr,linear,5,0.0543054746579,,,
O17,ivr,linear,6,0.0487601710071,,,
O17,ivr,linear,7,0.0529825693426,,,
O17,ivr,linear,8,0.047623438757,,,
O17,ivr,linear,9,0.0448995573236,,,
O17,ivr,linear,10,0.0431756324292,,,
O17,ivr,linear,11,0.0412297334173,,,
O17,ivr,linear,12,0.0366299870415,,,
O17,ivr,linear,13,0.0346859642873,,,
O17,ivr,linear,14,0.0312039921554,,,
O17,ivr,linear,15,0.0281113921323,,,
O17,ivr,linear,16,0.0269991515389,,,
O17,ivr,pchip,3,0.0863961089912,,,
O17,ivr,pchip,4,0.0414471456125,,,
O17,ivr,pchip,5,0.056983719394,,,
O17,ivr,pchip,6,0.0556069587012,,,
O17,ivr,pchip,7,0.0559137152992,,,
O17,ivr,pchip,8,0.0488028856163,,,
O17,ivr,pchip,9,0.0455910655227,,,
O17,ivr,pchip,10,0.0438671406284,,,
O17,ivr,pchip,11,0.0419212416165,,,
O17,ivr,pchip,12,0.0366299870415,,,
O17,ivr,pchip,13,0.0346859642873,,,
O17,ivr,pchip,14,0.0312039921554,,,
O17,ivr,pchip,15,0.0281113921323,,,
O17,ivr,pchip,16,0.0269991515389,,,
O17,random,diagonal_matched,3,0.0463919117325,1,2.17416702869,0.181332909503
O17,random,diagonal_matched,4,0.0468627247101,1,1.96168447418,0.16927780484
O17,random,diagonal_matched,5,0.0410088626427,1,1.83314900738,0.158343371791
O17,random,diagonal_matched,6,0.0407046469302,1,1.74107426749,0.152873576181
O17,random,diagonal_matched,7,0.0397504371041,1,1.69042511858,0.149453573662
O17,random,diagonal_matched,8,0.0366730585803,1,1.65664318228,0.145623435089
O17,random,diagonal_matched,9,0.0355749613223,1,1.63179344092,0.143511671232
O17,random,diagonal_matched,10,0.0334669601095,1,1.61000251488,0.140851428977
O17,random,diagonal_matched,11,0.0318771642924,1,1.59156050106,0.138669445797
O17,random,diagonal_matched,12,0.031234959026,1,1.57606718633,0.137305282436
O17,random,diagonal_matched,13,0.0311159653774,1,1.5637436394,0.136540108289
O17,random,diagonal_matched,14,0.0305302994573,1,1.55327140885,0.135524635076
O17,random,diagonal_matched,15,0.0308909674207,1,1.54354236738,0.135260832964
O17,random,diagonal_matched,16,0.0307651472303,1,1.53610575038,0.134754636993
O17,random,diagonal_tuned,3,0.0463919117325,1,2.17416702869,0.181332909503
O17,random,diagonal_tuned,4,0.0468627247101,1,1.96168447418,0.16927780484
O17,random,diagonal_tuned,5,0.0410088626427,1,1.83314900738,0.158343371791
O17,random,diagonal_tuned,6,0.0407046469302,1,1.74107426749,0.152873576181
O17,random,diagonal_tuned,7,0.0397504371041,1,1.69042511858,0.149453573662
O17,random,diagonal_tuned,8,0.0366730585803,1,1.65664318228,0.145623435089
O17,random,diagonal_tuned,9,0.0355749613223,1,1.63179344092,0.143511671232
O17,random,diagonal_tuned,10,0.0334669601095,1,1.61000251488,0.140851428977
O17,random,diagonal_tuned,11,0.0318771642924,1,1.59156050106,0.138669445797
O17,random,diagonal_tuned,12,0.031234959026,1,1.57606718633,0.137305282436
O17,random,diagonal_tuned,13,0.0311159653774,1,1.5637436394,0.136540108289
O17,random,diagonal_tuned,14,0.0305302994573,1,1.55327140885,0.135524635076
O17,random,diagonal_tuned,15,0.0308909674207,1,1.54354236738,0.135260832964
O17,random,diagonal_tuned,16,0.0307651472303,1,1.53610575038,0.134754636993
O17,random,joint,3,0.0483402886009,1,2.20269230778,0.1842834287
O17,random,joint,4,0.0468315209054,1,2.00140874558,0.171574372083
O17,random,joint,5,0.040818062497,1,1.87921525696,0.160770838393
O17,random,joint,6,0.0398704825004,1,1.78913078978,0.154937229715
O17,random,joint,7,0.0386279606744,1,1.74008267203,0.151361134928
O17,random,joint,8,0.0369631123783,1,1.7049777393,0.148437056379
O17,random,joint,9,0.0333383759263,1,1.68873799587,0.144933275415
O17,random,joint,10,0.0319939211687,1,1.6698881462,0.142983113488
O17,random,joint,11,0.0303508142283,1,1.65392795861,0.140886823521
O17,random,joint,12,0.0301925253131,1,1.63475211879,0.139673797857
O17,random,joint,13,0.0300139496602,1,1.61959587626,0.138688416571
O17,random,joint,14,0.0288076928961,1,1.6129726134,0.137423980547
O17,random,joint,15,0.0284935463226,1,1.59998441252,0.136420884007
O17,random,joint,16,0.0276445667724,1,1.5917731086,0.135295140912
O17,space_filling,diagonal_matched,3,0.0463919117325,1,2.17416702869,0.181332909503
O17,space_filling,diagonal_matched,4,0.0333485346538,1,1.82575235577,0.153088523913
O17,space_filling,diagonal_matched,5,0.0301022580172,1,1.74571601007,0.14594146954
O17,space_filling,diagonal_matched,6,0.0281090328065,1,1.70257320799,0.141993358861
O17,space_filling,diagonal_matched,7,0.0284478481912,1,1.64697644194,0.139235074622
O17,space_filling,diagonal_matched,8,0.0259455352274,1,1.62425560852,0.136132901208
O17,space_filling,diagonal_matched,9,0.0259455352274,1,1.62425560852,0.136132901208
O17,space_filling,diagonal_matched,10,0.0274511908727,1,1.61733343185,0.136919609764
O17,space_filling,diagonal_matched,11,0.0283767560512,1,1.60674987417,0.137056739019
O17,space_filling,diagonal_matched,12,0.029039066338,1,1.59477184476,0.136975269596
O17,space_filling,diagonal_matched,13,0.0280930879841,1,1.5821138734,0.135455247536
O17,space_filling,diagonal_matched,14,0.0306505692515,1,1.56902304854,0.136616132684
O17,space_filling,diagonal_matched,15,0.029726971523,1,1.55458478664,0.135067886877
O17,space_filling,diagonal_matched,16,0.0307651472303,1,1.53610575038,0.134754636993
O17,space_filling,diagonal_tuned,3,0.0463919117325,1,2.17416702869,0.181332909503
O17,space_filling,diagonal_tuned,4,0.0333485346538,1,1.82575235577,0.153088523913
O17,space_filling,diagonal_tuned,5,0.0301022580172,1,1.74571601007,0.14594146954
O17,space_filling,diagonal_tuned,6,0.0281090328065,1,1.70257320799,0.141993358861
O17,space_filling,diagonal_tuned,7,0.0284478481912,1,1.64697644194,0.139235074622
O17,space_filling,diagonal_tuned,8,0.0259455352274,1,1.62425560852,0.136132901208
O17,space_filling,diagonal_tuned,9,0.0259455352274,1,1.62425560852,0.136132901208
O17,space_filling,diagonal_tuned,10,0.0274511908727,1,1.61733343185,0.136919609764
O17,space_filling,diagonal_tuned,11,0.0283767560512,1,1.60674987417,0.137056739019
O17,space_filling,diagonal_tuned,12,0.029039066338,1,1.59477184476,0.136975269596
O17,space_filling,diagonal_tuned,13,0.0280930879841,1,1.5821138734,0.135455247536
O17,space_filling,diagonal_tuned,14,0.0306505692515,1,1.56902304854,0.136616132684
O17,space_filling,diagonal_tuned,15,0.029726971523,1,1.55458478664,0.135067886877
O17,space_filling,diagonal_tuned,16,0.0307651472303,1,1.53610575038,0.134754636993
O17,space_filling,joint,3,0.0483402886009,1,2.20269230778,0.1842834287
O17,space_filling,joint,4,0.0387113053065,1,1.85162996972,0.158036831154
O17,space_filling,joint,5,0.0382356273405,1,1.79482902163,0.154325053583
O17,space_filling,joint,6,0.0337069742327,1,1.76863947192,0.149784006528
O17,space_filling,joint,7,0.0359255625129,1,1.72688642561,0.14909398247
O17,space_filling,joint,8,0.0324085595072,1,1.71550797406,0.146074930371
O17,space_filling,joint,9,0.0403982322016,1,1.64553044945,0.148114606502
O17,space_filling,joint,10,0.0405545807807,1,1.64088286267,0.147904175017
O17,space_filling,joint,11,0.0370173040455,1,1.63495387367,0.144925367788
O17,space_filling,joint,12,0.0375634244821,1,1.62593100045,0.144866472864
O17,space_filling,joint,13,0.0328161152024,1,1.61795483555,0.140770873507
O17,space_filling,joint,14,0.031396667329,1,1.61045591913,0.139174813234
O17,space_filling,joint,15,0.027859357601,1,1.60266349382,0.136109944178
O17,space_filling,joint,16,0.0276445667724,1,1.5917731086,0.135295140912
O18,ivr,diagonal_matched,3,0.186463411021,1,2.17416702869,0.256200764322
O18,ivr,diagonal_matched,4,0.0789779783902,1,1.82575235577,0.185948154494
O18,ivr,diagonal_matched,5,0.0661230204791,1,1.74230424243,0.172448696161
O18,ivr,diagonal_matched,6,0.0802343156213,1,1.68685549632,0.180345566991
O18,ivr,diagonal_matched,7,0.080758034102,1,1.64697644194,0.178176052177
O18,ivr,diagonal_matched,8,0.08968229031,1,1.62232052024,0.18385675821
O18,ivr,diagonal_matched,9,0.0896006315789,1,1.59890146713,0.182193506401
O18,ivr,diagonal_matched,10,0.0896170041295,1,1.58284127984,0.18146588394
O18,ivr,diagonal_matched,11,0.0837046687836,1,1.56819200439,0.176907192266
O18,ivr,diagonal_matched,12,0.0849599890834,1,1.55808252191,0.17727381693
O18,ivr,diagonal_matched,13,0.081417356675,1,1.54862264102,0.174429417588
O18,ivr,diagonal_matched,14,0.0779166771389,1,1.53984679883,0.171793645469
O18,ivr,diagonal_matched,15,0.0826147487775,1,1.53610575038,0.175183704774
O18,ivr,diagonal_matched,16,0.0826147487775,1,1.53610575038,0.175183704774
O18,ivr,diagonal_tuned,3,0.186463411021,1,2.17416702869,0.256200764322
O18,ivr,diagonal_tuned,4,0.0789779783902,1,1.82575235577,0.185948154494
O18,ivr,diagonal_tuned,5,0.0661230204791,1,1.74230424243,0.172448696161
O18,ivr,diagonal_tuned,6,0.0802343156213,1,1.68685549632,0.180345566991
O18,ivr,diagonal_tuned,7,0.080758034102,1,1.64697644194,0.178176052177
O18,ivr,diagonal_tuned,8,0.08968229031,1,1.62232052024,0.18385675821
O18,ivr,diagonal_tuned,9,0.0896006315789,1,1.59890146713,0.182193506401
O18,ivr,diagonal_tuned,10,0.0896170041295,1,1.58284127984,0.18146588394
O18,ivr,diagonal_tuned,11,0.0837046687836,1,1.56819200439,0.176907192266
O18,ivr,diagonal_tuned,12,0.0849599890834,1,1.55808252191,0.17727381693
O18,ivr,diagonal_tuned,13,0.081417356675,1,1.54862264102,0.174429417588
O18,ivr,diagonal_tuned,14,0.0779166771389,1,1.53984679883,0.171793645469
O18,ivr,diagonal_tuned,15,0.0826147487775,1,1.53610575038,0.175183704774
O18,ivr,diagonal_tuned,16,0.0826147487775,1,1.53610575038,0.175183704774
O18,ivr,joint,3,0.197219588341,1,2.20269230778,0.262238133494
O18,ivr,joint,4,0.0726894188281,1,1.85162996972,0.18270138864
O18,ivr,joint,5,0.134139687971,1,1.78823175816,0.220603551985
O18,ivr,joint,6,0.114892819257,1,1.72717581213,0.204988963917
O18,ivr,joint,7,0.158052446672,0.928571428571,1.68403545001,0.230944377673
O18,ivr,joint,8,0.163417962788,0.928571428571,1.65889030083,0.233674417331
O18,ivr,joint,9,0.178352712015,0.928571428571,1.64341934763,0.242963416222
O18,ivr,joint,10,0.175460095582,0.928571428571,1.63060757683,0.240229015385
O18,ivr,joint,11,0.17816768748,0.928571428571,1.62073990141,0.241817749216
O18,ivr,joint,12,0.173437206142,0.928571428571,1.61230651194,0.238809354676
O18,ivr,joint,13,0.168621596722,0.928571428571,1.60630011636,0.235811118877
O18,ivr,joint,14,0.170858807567,0.928571428571,1.60051494247,0.237266202005
O18,ivr,joint,15,0.166728696153,0.928571428571,1.59572468868,0.233996162452
O18,ivr,joint,16,0.159928853996,0.928571428571,1.5917731086,0.229993225004
O18,ivr,linear,3,0.186607705712,,,
O18,ivr,linear,4,0.0835295697496,,,
O18,ivr,linear,5,0.170927451832,,,
O18,ivr,linear,6,0.149981834624,,,
O18,ivr,linear,7,0.218747268143,,,
O18,ivr,linear,8,0.223350762222,,,
O18,ivr,linear,9,0.213406635538,,,
O18,ivr,linear,10,0.209204552371,,,
O18,ivr,linear,11,0.212586086267,,,
O18,ivr,linear,12,0.207225422965,,,
O18,ivr,linear,13,0.213684822335,,,
O18,ivr,linear,14,0.21285311382,,,
O18,ivr,linear,15,0.218605113198,,,
O18,ivr,linear,16,0.209844541499,,,
O18,ivr,pchip,3,0.175845704328,,,
O18,ivr,pchip,4,0.0947675005462,,,
O18,ivr,pchip,5,0.158127124416,,,
O18,ivr,pchip,6,0.155548206876,,,
O18,ivr,pchip,7,0.227582012591,,,
O18,ivr,pchip,8,0.23363449118,,,
O18,ivr,pchip,9,0.222996625537,,,
O18,ivr,pchip,10,0.21879454237,,,
O18,ivr,pchip,11,0.222176076266,,,
O18,ivr,pchip,12,0.207225422965,,,
O18,ivr,pchip,13,0.213684822335,,,
O18,ivr,pchip,14,0.21285311382,,,
O18,ivr,pchip,15,0.218605113198,,,
O18,ivr,pchip,16,0.209844541499,,,
O18,random,diagonal_matched,3,0.186463411021,1,2.17416702869,0.256200764322
O18,random,diagonal_matched,4,0.150637966061,1,1.96168447418,0.230284860892
O18,random,diagonal_matched,5,0.1134176222,1,1.83314900738,0.2051047775
O18,random,diagonal_matched,6,0.0938327742724,1,1.74107426749,0.190456321944
O18,random,diagonal_matched,7,0.0874788765374,1,1.69042511858,0.184799717829
O18,random,diagonal_matched,8,0.0842547677665,1,1.65664318228,0.181211145785
O18,random,diagonal_matched,9,0.0829487854985,1,1.63179344092,0.179369801545
O18,random,diagonal_matched,10,0.0866475664623,1,1.61000251488,0.181085433748
O18,random,diagonal_matched,11,0.0846754007078,1,1.59156050106,0.179032823211
O18,random,diagonal_matched,12,0.081864690782,1,1.57606718633,0.176254659798
O18,random,diagonal_matched,13,0.0821578676851,1,1.5637436394,0.175949555264
O18,random,diagonal_matched,14,0.0836074970763,1,1.55327140885,0.176646797466
O18,random,diagonal_matched,15,0.083264089705,1,1.54354236738,0.175951779281
O18,random,diagonal_matched,16,0.0826147487775,1,1.53610575038,0.175183704774
O18,random,diagonal_tuned,3,0.186463411021,1,2.17416702869,0.256200764322
O18,random,diagonal_tuned,4,0.150637966061,1,1.96168447418,0.230284860892
O18,random,diagonal_tuned,5,0.1134176222,1,1.83314900738,0.2051047775
O18,random,diagonal_tuned,6,0.0938327742724,1,1.74107426749,0.190456321944
O18,random,diagonal_tuned,7,0.0874788765374,1,1.69042511858,0.184799717829
O18,random,diagonal_tuned,8,0.0842547677665,1,1.65664318228,0.181211145785
O18,random,diagonal_tuned,9,0.0829487854985,1,1.63179344092,0.179369801545
O18,random,diagonal_tuned,10,0.0866475664623,1,1.61000251488,0.181085433748
O18,random,diagonal_tuned,11,0.0846754007078,1,1.59156050106,0.179032823211
O18,random,diagonal_tuned,12,0.081864690782,1,1.57606718633,0.176254659798
O18,random,diagonal_tuned,13,0.0821578676851,1,1.5637436394,0.175949555264
O18,random,diagonal_tuned,14,0.0836074970763,1,1.55327140885,0.176646797466
O18,random,diagonal_tuned,15,0.083264089705,1,1.54354236738,0.175951779281
O18,random,diagonal_tuned,16,0.0826147487775,1,1.53610575038,0.175183704774
O18,random,joint,3,0.197219588341,1,2.20269230778,0.262238133494
O18,random,joint,4,0.166206698447,1,2.00140874558,0.238722536719
O18,random,joint,5,0.123819446487,1,1.87921525696,0.211938100839
O18,random,joint,6,0.110738734558,0.989285714286,1.78913078978,0.201999131317
O18,random,joint,7,0.113459033778,0.985714285714,1.74008267203,0.203326396613
O18,random,joint,8,0.12313992432,0.975,1.7049777393,0.208280972854
O18,random,joint,9,0.120609854711,0.975,1.68873799587,0.206194325766
O18,random,joint,10,0.131449999863,0.971428571429,1.6698881462,0.212770034772
O18,random,joint,11,0.132785042875,0.967857142857,1.65392795861,0.213348844676
O18,random,joint,12,0.1405961151,0.953571428571,1.63475211879,0.217959536983
O18,random,joint,13,0.149963865021,0.939285714286,1.61959587626,0.22394626877
O18,random,joint,14,0.152617097191,0.939285714286,1.6129726134,0.225594956322
O18,random,joint,15,0.160077105517,0.932142857143,1.59998441252,0.230276929295
O18,random,joint,16,0.159928853996,0.928571428571,1.5917731086,0.229993225004
O18,space_filling,diagonal_matched,3,0.186463411021,1,2.17416702869,0.256200764322
O18,space_filling,diagonal_matched,4,0.0789779783902,1,1.82575235577,0.185948154494
O18,space_filling,diagonal_matched,5,0.0768862662449,1,1.74571601007,0.17978359706
O18,space_filling,diagonal_matched,6,0.066421280335,1,1.70257320799,0.17012052863
O18,space_filling,diagonal_matched,7,0.080758034102,1,1.64697644194,0.178176052177
O18,space_filling,diagonal_matched,8,0.0751880928832,1,1.62425560852,0.173506033952
O18,space_filling,diagonal_matched,9,0.0751880928832,1,1.62425560852,0.173506033952
O18,space_filling,diagonal_matched,10,0.0818877271895,1,1.61733343185,0.17820216025
O18,space_filling,diagonal_matched,11,0.0773463770834,1,1.60674987417,0.174799632761
O18,space_filling,diagonal_matched,12,0.0843897652634,1,1.59477184476,0.179627521935
O18,space_filling,diagonal_matched,13,0.0811405727612,1,1.5821138734,0.176841178626
O18,space_filling,diagonal_matched,14,0.0814278410039,1,1.56902304854,0.176414984706
O18,space_filling,diagonal_matched,15,0.0823622833066,1,1.55458478664,0.176218388084
O18,space_filling,diagonal_matched,16,0.0826147487775,1,1.53610575038,0.175183704774
O18,space_filling,diagonal_tuned,3,0.186463411021,1,2.17416702869,0.256200764322
O18,space_filling,diagonal_tuned,4,0.0789779783902,1,1.82575235577,0.185948154494
O18,space_filling,diagonal_tuned,5,0.0768862662449,1,1.74571601007,0.17978359706
O18,space_filling,diagonal_tuned,6,0.066421280335,1,1.70257320799,0.17012052863
O18,space_filling,diagonal_tuned,7,0.080758034102,1,1.64697644194,0.178176052177
O18,space_filling,diagonal_tuned,8,0.0751880928832,1,1.62425560852,0.173506033952
O18,space_filling,diagonal_tuned,9,0.0751880928832,1,1.62425560852,0.173506033952
O18,space_filling,diagonal_tuned,10,0.0818877271895,1,1.61733343185,0.17820216025
O18,space_filling,diagonal_tuned,11,0.0773463770834,1,1.60674987417,0.174799632761
O18,space_filling,diagonal_tuned,12,0.0843897652634,1,1.59477184476,0.179627521935
O18,space_filling,diagonal_tuned,13,0.0811405727612,1,1.5821138734,0.176841178626
O18,space_filling,diagonal_tuned,14,0.0814278410039,1,1.56902304854,0.176414984706
O18,space_filling,diagonal_tuned,15,0.0823622833066,1,1.55458478664,0.176218388084
O18,space_filling,diagonal_tuned,16,0.0826147487775,1,1.53610575038,0.175183704774
O18,space_filling,joint,3,0.197219588341,1,2.20269230778,0.262238133494
O18,space_filling,joint,4,0.0726894188281,1,1.85162996972,0.18270138864
O18,space_filling,joint,5,0.0722357478729,1,1.79482902163,0.17904661196
O18,space_filling,joint,6,0.0653587409527,1,1.76863947192,0.172824613708
O18,space_filling,joint,7,0.0844364540677,1,1.72688642561,0.183657536768
O18,space_filling,joint,8,0.0778403911823,1,1.71550797406,0.178565669546
O18,space_filling,joint,9,0.160416745237,0.928571428571,1.64553044945,0.231609759424
O18,space_filling,joint,10,0.158429679109,0.928571428571,1.64088286267,0.229809838681
O18,space_filling,joint,11,0.15069500053,0.928571428571,1.63495387367,0.225168819753
O18,space_filling,joint,12,0.162128534819,0.928571428571,1.62593100045,0.232516060291
O18,space_filling,joint,13,0.158607208601,0.928571428571,1.61795483555,0.230206077806
O18,space_filling,joint,14,0.160855022908,0.928571428571,1.61045591913,0.231551779889
O18,space_filling,joint,15,0.162141192478,0.928571428571,1.60266349382,0.232191686333
O18,space_filling,joint,16,0.159928853996,0.928571428571,1.5917731086,0.229993225004
O19,ivr,diagonal_matched,3,0.666193006443,0.904761904762,2.17090799857,0.402888560285
O19,ivr,diagonal_matched,4,0.70423593661,0.904761904762,1.8259927711,0.374509856928
O19,ivr,diagonal_matched,5,0.719918996384,0.904761904762,1.74238411893,0.377560260133
O19,ivr,diagonal_matched,6,0.728081136219,0.857142857143,1.68742751359,0.380904142455
O19,ivr,diagonal_matched,7,0.679794862488,0.857142857143,1.64793768389,0.381984596728
O19,ivr,diagonal_matched,8,0.687899463984,0.857142857143,1.62303932295,0.385979849922
O19,ivr,diagonal_matched,9,0.659068237946,0.857142857143,1.59966630202,0.3781327268
O19,ivr,diagonal_matched,10,0.658591161355,0.857142857143,1.58339858972,0.374985331468
O19,ivr,diagonal_matched,11,0.632273964967,0.857142857143,1.56939049378,0.370161346969
O19,ivr,diagonal_matched,12,0.637303241789,0.857142857143,1.55839037246,0.37337687041
O19,ivr,diagonal_matched,13,0.63910017157,0.857142857143,1.54886901796,0.373907387855
O19,ivr,diagonal_matched,14,0.637488690546,0.857142857143,1.54015346717,0.372864579173
O19,ivr,diagonal_matched,15,0.635500053794,0.857142857143,1.53599827464,0.371616250473
O19,ivr,diagonal_matched,16,0.635500053794,0.857142857143,1.53599827464,0.371616250473
O19,ivr,diagonal_tuned,3,0.666193006443,0.904761904762,2.17090799857,0.402888560285
O19,ivr,diagonal_tuned,4,0.70423593661,0.904761904762,1.8259927711,0.374509856928
O19,ivr,diagonal_tuned,5,0.719918996384,0.904761904762,1.74238411893,0.377560260133
O19,ivr,diagonal_tuned,6,0.728081136219,0.857142857143,1.68742751359,0.380904142455
O19,ivr,diagonal_tuned,7,0.679794862488,0.857142857143,1.64793768389,0.381984596728
O19,ivr,diagonal_tuned,8,0.687899463984,0.857142857143,1.62303932295,0.385979849922
O19,ivr,diagonal_tuned,9,0.659068237946,0.857142857143,1.59966630202,0.3781327268
O19,ivr,diagonal_tuned,10,0.658591161355,0.857142857143,1.58339858972,0.374985331468
O19,ivr,diagonal_tuned,11,0.632273964967,0.857142857143,1.56939049378,0.370161346969
O19,ivr,diagonal_tuned,12,0.637303241789,0.857142857143,1.55839037246,0.37337687041
O19,ivr,diagonal_tuned,13,0.63910017157,0.857142857143,1.54886901796,0.373907387855
O19,ivr,diagonal_tuned,14,0.637488690546,0.857142857143,1.54015346717,0.372864579173
O19,ivr,diagonal_tuned,15,0.635500053794,0.857142857143,1.53599827464,0.371616250473
O19,ivr,diagonal_tuned,16,0.635500053794,0.857142857143,1.53599827464,0.371616250473
O19,ivr,joint,3,0.618160363363,0.904761904762,2.2018668577,0.393544483441
O19,ivr,joint,4,0.656434591937,0.904761904762,1.8557521934,0.366891976983
O19,ivr,joint,5,0.671020685616,0.904761904762,1.78939999324,0.364018929765
O19,ivr,joint,6,0.686519221502,0.904761904762,1.72840541569,0.368384675328
O19,ivr,joint,7,0.690502354015,0.904761904762,1.68635391865,0.368265398553
O19,ivr,joint,8,0.643859748537,0.904761904762,1.66156640933,0.369009278367
O19,ivr,joint,9,0.647568781665,0.857142857143,1.64613217382,0.371000379126
O19,ivr,joint,10,0.635607255247,0.857142857143,1.63337182932,0.367649114925
O19,ivr,joint,11,0.637114704824,0.857142857143,1.62344154309,0.364915954907
O19,ivr,joint,12,0.632128407702,0.904761904762,1.61469458698,0.362097469867
O19,ivr,joint,13,0.613638745612,0.904761904762,1.6088254213,0.360488889277
O19,ivr,joint,14,0.616811732745,0.904761904762,1.60310689304,0.362410153212
O19,ivr,joint,15,0.617220873431,0.904761904762,1.5981737731,0.362218774716
O19,ivr,joint,16,0.60993858974,0.904761904762,1.59426972379,0.360688679715
O19,ivr,linear,3,0.613113094072,,,
O19,ivr,linear,4,0.649392201592,,,
O19,ivr,linear,5,0.659905229454,,,
O19,ivr,linear,6,0.672624668471,,,
O19,ivr,linear,7,0.676721547437,,,
O19,ivr,linear,8,0.541226141222,,,
O19,ivr,linear,9,0.542686328499,,,
O19,ivr,linear,10,0.549398603618,,,
O19,ivr,linear,11,0.550484987009,,,
O19,ivr,linear,12,0.542450632046,,,
O19,ivr,linear,13,0.543533793033,,,
O19,ivr,linear,14,0.540914884609,,,
O19,ivr,linear,15,0.534537615798,,,
O19,ivr,linear,16,0.536522922663,,,
O19,ivr,pchip,3,0.846623040437,,,
O19,ivr,pchip,4,0.776845328892,,,
O19,ivr,pchip,5,0.792493083856,,,
O19,ivr,pchip,6,0.695627651202,,,
O19,ivr,pchip,7,0.689939878381,,,
O19,ivr,pchip,8,0.547520937096,,,
O19,ivr,pchip,9,0.549174791509,,,
O19,ivr,pchip,10,0.555887066628,,,
O19,ivr,pchip,11,0.556247245094,,,
O19,ivr,pchip,12,0.542450632046,,,
O19,ivr,pchip,13,0.543533793033,,,
O19,ivr,pchip,14,0.540914884609,,,
O19,ivr,pchip,15,0.534537615798,,,
O19,ivr,pchip,16,0.536522922663,,,
O19,random,diagonal_matched,3,0.666193006443,0.904761904762,2.17090799857,0.402888560285
O19,random,diagonal_matched,4,0.679313121146,0.895238095238,1.95847055682,0.394348911393
O19,random,diagonal_matched,5,0.688147956629,0.888095238095,1.83091203484,0.396267112275
O19,random,diagonal_matched,6,0.685152814521,0.888095238095,1.73989797806,0.387271740489
O19,random,diagonal_matched,7,0.677702844402,0.883333333333,1.68972107737,0.382583634772
O19,random,diagonal_matched,8,0.670739895566,0.878571428571,1.65625490056,0.379276334201
O19,random,diagonal_matched,9,0.667017862275,0.87619047619,1.63146646596,0.377832423381
O19,random,diagonal_matched,10,0.661756052897,0.869047619048,1.60978926993,0.378126476454
O19,random,diagonal_matched,11,0.65916228592,0.864285714286,1.59140590083,0.377148460034
O19,random,diagonal_matched,12,0.64925258319,0.861904761905,1.57597381442,0.37440536313
O19,random,diagonal_matched,13,0.645504143138,0.859523809524,1.56364827412,0.374053860923
O19,random,diagonal_matched,14,0.640901294476,0.857142857143,1.55320387472,0.374201086005
O19,random,diagonal_matched,15,0.637587541333,0.857142857143,1.54352356316,0.372783466865
O19,random,diagonal_matched,16,0.635500053794,0.857142857143,1.53599827464,0.371616250473
O19,random,diagonal_tuned,3,0.666193006443,0.904761904762,2.17090799857,0.402888560285
O19,random,diagonal_tuned,4,0.679313121146,0.895238095238,1.95847055682,0.394348911393
O19,random,diagonal_tuned,5,0.688147956629,0.888095238095,1.83091203484,0.396267112275
O19,random,diagonal_tuned,6,0.685152814521,0.888095238095,1.73989797806,0.387271740489
O19,random,diagonal_tuned,7,0.677702844402,0.883333333333,1.68972107737,0.382583634772
O19,random,diagonal_tuned,8,0.670739895566,0.878571428571,1.65625490056,0.379276334201
O19,random,diagonal_tuned,9,0.667017862275,0.87619047619,1.63146646596,0.377832423381
O19,random,diagonal_tuned,10,0.661756052897,0.869047619048,1.60978926993,0.378126476454
O19,random,diagonal_tuned,11,0.65916228592,0.864285714286,1.59140590083,0.377148460034
O19,random,diagonal_tuned,12,0.64925258319,0.861904761905,1.57597381442,0.37440536313
O19,random,diagonal_tuned,13,0.645504143138,0.859523809524,1.56364827412,0.374053860923
O19,random,diagonal_tuned,14,0.640901294476,0.857142857143,1.55320387472,0.374201086005
O19,random,diagonal_tuned,15,0.637587541333,0.857142857143,1.54352356316,0.372783466865
O19,random,diagonal_tuned,16,0.635500053794,0.857142857143,1.53599827464,0.371616250473
O19,random,joint,3,0.618160363363,0.904761904762,2.2018668577,0.393544483441
O19,random,joint,4,0.636280270458,0.895238095238,2.0014611332,0.388122710678
O19,random,joint,5,0.655689816341,0.890476190476,1.88094944049,0.392645538368
O19,random,joint,6,0.647726784125,0.9,1.79218905249,0.380278049491
O19,random,joint,7,0.640806512467,0.9,1.74335548165,0.374620789451
O19,random,joint,8,0.636391042134,0.895238095238,1.70824330008,0.370362951158
O19,random,joint,9,0.633289178551,0.902380952381,1.69217511488,0.369434062977
O19,random,joint,10,0.629790266921,0.890476190476,1.67339032016,0.3695726974
O19,random,joint,11,0.628035764252,0.895238095238,1.65743034588,0.368546489969
O19,random,joint,12,0.623557247105,0.902380952381,1.63781112009,0.365829311077
O19,random,joint,13,0.619844592217,0.904761904762,1.6224150454,0.364342914779
O19,random,joint,14,0.615123389656,0.904761904762,1.61586703352,0.364265426069
O19,random,joint,15,0.613113069291,0.904761904762,1.60262096809,0.362375126594
O19,random,joint,16,0.60993858974,0.904761904762,1.59426972379,0.360688679715
O19,space_filling,diagonal_matched,3,0.666193006443,0.904761904762,2.17090799857,0.402888560285
O19,space_filling,diagonal_matched,4,0.70423593661,0.904761904762,1.8259927711,0.374509856928
O19,space_filling,diagonal_matched,5,0.659292036934,0.904761904762,1.74604381072,0.382012952891
O19,space_filling,diagonal_matched,6,0.671088936029,0.904761904762,1.70302773467,0.378206321808
O19,space_filling,diagonal_matched,7,0.679794862488,0.857142857143,1.64793768389,0.381984596728
O19,space_filling,diagonal_matched,8,0.678992502824,0.857142857143,1.62432938181,0.379792993207
O19,space_filling,diagonal_matched,9,0.678992502824,0.857142857143,1.62432938181,0.379792993207
O19,space_filling,diagonal_matched,10,0.676462283973,0.857142857143,1.6167727215,0.378296088825
O19,space_filling,diagonal_matched,11,0.678817145902,0.857142857143,1.60602568772,0.379454789821
O19,space_filling,diagonal_matched,12,0.682014584064,0.857142857143,1.59411024434,0.381210722771
O19,space_filling,diagonal_matched,13,0.685056237782,0.857142857143,1.58176930558,0.380751286794
O19,space_filling,diagonal_matched,14,0.680275944026,0.857142857143,1.56873142173,0.378567379158
O19,space_filling,diagonal_matched,15,0.655479263589,0.857142857143,1.55440966995,0.377654640565
O19,space_filling,diagonal_matched,16,0.635500053794,0.857142857143,1.53599827464,0.371616250473
O19,space_filling,diagonal_tuned,3,0.666193006443,0.904761904762,2.17090799857,0.402888560285
O19,space_filling,diagonal_tuned,4,0.70423593661,0.904761904762,1.8259927711,0.374509856928
O19,space_filling,diagonal_tuned,5,0.659292036934,0.904761904762,1.74604381072,0.382012952891
O19,space_filling,diagonal_tuned,6,0.671088936029,0.904761904762,1.70302773467,0.378206321808
O19,space_filling,diagonal_tuned,7,0.679794862488,0.857142857143,1.64793768389,0.381984596728
O19,space_filling,diagonal_tuned,8,0.678992502824,0.857142857143,1.62432938181,0.379792993207
O19,space_filling,diagonal_tuned,9,0.678992502824,0.857142857143,1.62432938181,0.379792993207
O19,space_filling,diagonal_tuned,10,0.676462283973,0.857142857143,1.6167727215,0.378296088825
O19,space_filling,diagonal_tuned,11,0.678817145902,0.857142857143,1.60602568772,0.379454789821
O19,space_filling,diagonal_tuned,12,0.682014584064,0.857142857143,1.59411024434,0.381210722771
O19,space_filling,diagonal_tuned,13,0.685056237782,0.857142857143,1.58176930558,0.380751286794
O19,space_filling,diagonal_tuned,14,0.680275944026,0.857142857143,1.56873142173,0.378567379158
O19,space_filling,diagonal_tuned,15,0.655479263589,0.857142857143,1.55440966995,0.377654640565
O19,space_filling,diagonal_tuned,16,0.635500053794,0.857142857143,1.53599827464,0.371616250473
O19,space_filling,joint,3,0.618160363363,0.904761904762,2.2018668577,0.393544483441
O19,space_filling,joint,4,0.656434591937,0.904761904762,1.8557521934,0.366891976983
O19,space_filling,joint,5,0.619544498751,0.904761904762,1.79937545089,0.376837124169
O19,space_filling,joint,6,0.629705662104,0.904761904762,1.77332093374,0.372990720443
O19,space_filling,joint,7,0.636372139295,0.857142857143,1.73244925242,0.37535128268
O19,space_filling,joint,8,0.641362449308,0.904761904762,1.72051774096,0.373854264802
O19,space_filling,joint,9,0.643293876933,0.904761904762,1.64761041887,0.364618755105
O19,space_filling,joint,10,0.63562839649,0.904761904762,1.64293867866,0.363130608842
O19,space_filling,joint,11,0.636711375259,0.904761904762,1.63685674999,0.36319712006
O19,space_filling,joint,12,0.641473119776,0.904761904762,1.62801795276,0.366042121731
O19,space_filling,joint,13,0.643893324687,0.904761904762,1.62026980096,0.366320791626
O19,space_filling,joint,14,0.638501271659,0.904761904762,1.61280335087,0.364135150679
O19,space_filling,joint,15,0.618413609072,0.904761904762,1.60510175782,0.363580931141
O19,space_filling,joint,16,0.60993858974,0.904761904762,1.59426972379,0.360688679715
O20,ivr,diagonal_matched,3,2.13957820216,0.285714285714,2.17416702869,0.969142242966
O20,ivr,diagonal_matched,4,0.642080832554,0.571428571429,1.82575235577,0.500914010675
O20,ivr,diagonal_matched,5,0.601227564493,0.571428571429,1.74230424243,0.489123536666
O20,ivr,diagonal_matched,6,0.571769606901,0.571428571429,1.68685549632,0.477706344644
O20,ivr,diagonal_matched,7,0.527978937478,0.571428571429,1.64697644194,0.457904140146
O20,ivr,diagonal_matched,8,0.51803640276,0.571428571429,1.62232052024,0.45399365534
O20,ivr,diagonal_matched,9,0.537276125253,0.571428571429,1.59890146713,0.466558790728
O20,ivr,diagonal_matched,10,0.525236974888,0.571428571429,1.58284127984,0.461553040416
O20,ivr,diagonal_matched,11,0.562715137909,0.428571428571,1.56819200439,0.487687574319
O20,ivr,diagonal_matched,12,0.624812933662,0.428571428571,1.55808252191,0.522378877308
O20,ivr,diagonal_matched,13,0.584647573222,0.428571428571,1.54862264102,0.500427886675
O20,ivr,diagonal_matched,14,0.584409957954,0.428571428571,1.53984679883,0.500712851683
O20,ivr,diagonal_matched,15,0.537327979301,0.571428571429,1.53610575038,0.471238161266
O20,ivr,diagonal_matched,16,0.537327979301,0.571428571429,1.53610575038,0.471238161266
O20,ivr,diagonal_tuned,3,2.13957820216,0.285714285714,2.17416702869,0.969142242966
O20,ivr,diagonal_tuned,4,0.642080832554,0.571428571429,1.82575235577,0.500914010675
O20,ivr,diagonal_tuned,5,0.601227564493,0.571428571429,1.74230424243,0.489123536666
O20,ivr,diagonal_tuned,6,0.571769606901,0.571428571429,1.68685549632,0.477706344644
O20,ivr,diagonal_tuned,7,0.527978937478,0.571428571429,1.64697644194,0.457904140146
O20,ivr,diagonal_tuned,8,0.51803640276,0.571428571429,1.62232052024,0.45399365534
O20,ivr,diagonal_tuned,9,0.537276125253,0.571428571429,1.59890146713,0.466558790728
O20,ivr,diagonal_tuned,10,0.525236974888,0.571428571429,1.58284127984,0.461553040416
O20,ivr,diagonal_tuned,11,0.562715137909,0.428571428571,1.56819200439,0.487687574319
O20,ivr,diagonal_tuned,12,0.624812933662,0.428571428571,1.55808252191,0.522378877308
O20,ivr,diagonal_tuned,13,0.584647573222,0.428571428571,1.54862264102,0.500427886675
O20,ivr,diagonal_tuned,14,0.584409957954,0.428571428571,1.53984679883,0.500712851683
O20,ivr,diagonal_tuned,15,0.537327979301,0.571428571429,1.53610575038,0.471238161266
O20,ivr,diagonal_tuned,16,0.537327979301,0.571428571429,1.53610575038,0.471238161266
O20,ivr,joint,3,1.85476667717,0.428571428571,2.20269230778,0.870736332285
O20,ivr,joint,4,0.293277560552,1,1.85162996972,0.320199948135
O20,ivr,joint,5,0.511915897223,0.714285714286,1.78823175816,0.436496682756
O20,ivr,joint,6,0.53259588051,0.714285714286,1.72717581213,0.451989117295
O20,ivr,joint,7,0.496823303196,0.714285714286,1.68403545001,0.434832540229
O20,ivr,joint,8,0.456112796217,0.714285714286,1.65889030083,0.4143401085
O20,ivr,joint,9,0.445898045188,0.714285714286,1.64341934763,0.409182767644
O20,ivr,joint,10,0.455708814657,0.714285714286,1.63060757683,0.415591291493
O20,ivr,joint,11,0.455209068351,0.714285714286,1.62073990141,0.416127504646
O20,ivr,joint,12,0.56296694156,0.571428571429,1.61230651194,0.482439594191
O20,ivr,joint,13,0.51992606468,0.857142857143,1.60630011636,0.458277147226
O20,ivr,joint,14,0.580291212338,0.714285714286,1.60051494247,0.491570640401
O20,ivr,joint,15,0.420384976338,0.857142857143,1.59572468868,0.400308684789
O20,ivr,joint,16,0.43274641971,0.857142857143,1.5917731086,0.408466931852
O20,ivr,linear,3,2.15991952894,,,
O20,ivr,linear,4,0.525295462369,,,
O20,ivr,linear,5,0.787162207379,,,
O20,ivr,linear,6,0.77223363384,,,
O20,ivr,linear,7,0.708132921442,,,
O20,ivr,linear,8,0.65346978985,,,
O20,ivr,linear,9,0.65432532649,,,
O20,ivr,linear,10,0.645932768765,,,
O20,ivr,linear,11,0.631878700043,,,
O20,ivr,linear,12,0.837681044448,,,
O20,ivr,linear,13,0.809122702941,,,
O20,ivr,linear,14,0.87780769111,,,
O20,ivr,linear,15,0.879353316183,,,
O20,ivr,linear,16,0.754513997351,,,
O20,ivr,pchip,3,4.39647032353,,,
O20,ivr,pchip,4,0.515917164078,,,
O20,ivr,pchip,5,0.780319427809,,,
O20,ivr,pchip,6,0.77675327455,,,
O20,ivr,pchip,7,0.730249277827,,,
O20,ivr,pchip,8,0.680570275604,,,
O20,ivr,pchip,9,0.681592970369,,,
O20,ivr,pchip,10,0.673200412643,,,
O20,ivr,pchip,11,0.659146343922,,,
O20,ivr,pchip,12,0.837681044448,,,
O20,ivr,pchip,13,0.809122702941,,,
O20,ivr,pchip,14,0.87780769111,,,
O20,ivr,pchip,15,0.879353316183,,,
O20,ivr,pchip,16,0.754513997351,,,
O20,random,diagonal_matched,3,2.13957820216,0.285714285714,2.17416702869,0.969142242966
O20,random,diagonal_matched,4,1.26913057492,0.457142857143,1.96168447418,0.709379431293
O20,random,diagonal_matched,5,0.91183365356,0.528571428571,1.83314900738,0.604394148675
O20,random,diagonal_matched,6,0.684152385789,0.578571428571,1.74107426749,0.522286437016
O20,random,diagonal_matched,7,0.593891632215,0.614285714286,1.69042511858,0.486500747436
O20,random,diagonal_matched,8,0.564341000972,0.614285714286,1.65664318228,0.475610353599
O20,random,diagonal_matched,9,0.528016183459,0.664285714286,1.63179344092,0.458094775826
O20,random,diagonal_matched,10,0.530825399248,0.664285714286,1.61000251488,0.461430262176
O20,random,diagonal_matched,11,0.528965025899,0.628571428571,1.59156050106,0.462111807113
O20,random,diagonal_matched,12,0.533466493067,0.607142857143,1.57606718633,0.466033567089
O20,random,diagonal_matched,13,0.525834983602,0.6,1.5637436394,0.462889330327
O20,random,diagonal_matched,14,0.541273791206,0.55,1.55327140885,0.472420966668
O20,random,diagonal_matched,15,0.539318562993,0.55,1.54354236738,0.472136192665
O20,random,diagonal_matched,16,0.537327979301,0.571428571429,1.53610575038,0.471238161266
O20,random,diagonal_tuned,3,2.13957820216,0.285714285714,2.17416702869,0.969142242966
O20,random,diagonal_tuned,4,1.26913057492,0.457142857143,1.96168447418,0.709379431293
O20,random,diagonal_tuned,5,0.91183365356,0.528571428571,1.83314900738,0.604394148675
O20,random,diagonal_tuned,6,0.684152385789,0.578571428571,1.74107426749,0.522286437016
O20,random,diagonal_tuned,7,0.593891632215,0.614285714286,1.69042511858,0.486500747436
O20,random,diagonal_tuned,8,0.564341000972,0.614285714286,1.65664318228,0.475610353599
O20,random,diagonal_tuned,9,0.528016183459,0.664285714286,1.63179344092,0.458094775826
O20,random,diagonal_tuned,10,0.530825399248,0.664285714286,1.61000251488,0.461430262176
O20,random,diagonal_tuned,11,0.528965025899,0.628571428571,1.59156050106,0.462111807113
O20,random,diagonal_tuned,12,0.533466493067,0.607142857143,1.57606718633,0.466033567089
O20,random,diagonal_tuned,13,0.525834983602,0.6,1.5637436394,0.462889330327
O20,random,diagonal_tuned,14,0.541273791206,0.55,1.55327140885,0.472420966668
O20,random,diagonal_tuned,15,0.539318562993,0.55,1.54354236738,0.472136192665
O20,random,diagonal_tuned,16,0.537327979301,0.571428571429,1.53610575038,0.471238161266
O20,random,joint,3,1.85476667717,0.428571428571,2.20269230778,0.870736332285
O20,random,joint,4,0.912334424147,0.721428571429,2.00140874558,0.558492280483
O20,random,joint,5,0.581187182956,0.814285714286,1.87921525696,0.44982073021
O20,random,joint,6,0.438182188058,0.828571428571,1.78913078978,0.394430125472
O20,random,joint,7,0.377214777845,0.864285714286,1.74008267203,0.367844133896
O20,random,joint,8,0.399841420616,0.814285714286,1.7049777393,0.380380497863
O20,random,joint,9,0.384716792202,0.785714285714,1.68873799587,0.372253185152
O20,random,joint,10,0.397100427468,0.792857142857,1.6698881462,0.380385550622
O20,random,joint,11,0.401250130487,0.835714285714,1.65392795861,0.383950421678
O20,random,joint,12,0.429556760282,0.807142857143,1.63475211879,0.401686527886
O20,random,joint,13,0.427037429993,0.8,1.61959587626,0.401711034834
O20,random,joint,14,0.443010240494,0.8,1.6129726134,0.411598980499
O20,random,joint,15,0.451055717569,0.821428571429,1.59998441252,0.417184492478
O20,random,joint,16,0.43274641971,0.857142857143,1.5917731086,0.408466931852
O20,space_filling,diagonal_matched,3,2.13957820216,0.285714285714,2.17416702869,0.969142242966
O20,space_filling,diagonal_matched,4,0.642080832554,0.571428571429,1.82575235577,0.500914010675
O20,space_filling,diagonal_matched,5,0.562399103114,0.571428571429,1.74571601007,0.467767699828
O20,space_filling,diagonal_matched,6,0.55841422243,0.571428571429,1.70257320799,0.470013787181
O20,space_filling,diagonal_matched,7,0.527978937478,0.571428571429,1.64697644194,0.457904140146
O20,space_filling,diagonal_matched,8,0.553537129808,0.428571428571,1.62425560852,0.47867777819
O20,space_filling,diagonal_matched,9,0.553537129808,0.428571428571,1.62425560852,0.47867777819
O20,space_filling,diagonal_matched,10,0.506463771829,0.571428571429,1.61733343185,0.448811181476
O20,space_filling,diagonal_matched,11,0.508888084106,0.571428571429,1.60674987417,0.451197815713
O20,space_filling,diagonal_matched,12,0.511418046725,0.571428571429,1.59477184476,0.45300007715
O20,space_filling,diagonal_matched,13,0.45674914961,0.714285714286,1.5821138734,0.422416596217
O20,space_filling,diagonal_matched,14,0.460027370016,0.714285714286,1.56902304854,0.425474043665
O20,space_filling,diagonal_matched,15,0.536215802693,0.571428571429,1.55458478664,0.468138415873
O20,space_filling,diagonal_matched,16,0.537327979301,0.571428571429,1.53610575038,0.471238161266
O20,space_filling,diagonal_tuned,3,2.13957820216,0.285714285714,2.17416702869,0.969142242966
O20,space_filling,diagonal_tuned,4,0.642080832554,0.571428571429,1.82575235577,0.500914010675
O20,space_filling,diagonal_tuned,5,0.562399103114,0.571428571429,1.74571601007,0.467767699828
O20,space_filling,diagonal_tuned,6,0.55841422243,0.571428571429,1.70257320799,0.470013787181
O20,space_filling,diagonal_tuned,7,0.527978937478,0.571428571429,1.64697644194,0.457904140146
O20,space_filling,diagonal_tuned,8,0.553537129808,0.428571428571,1.62425560852,0.47867777819
O20,space_filling,diagonal_tuned,9,0.553537129808,0.428571428571,1.62425560852,0.47867777819
O20,space_filling,diagonal_tuned,10,0.506463771829,0.571428571429,1.61733343185,0.448811181476
O20,space_filling,diagonal_tuned,11,0.508888084106,0.571428571429,1.60674987417,0.451197815713
O20,space_filling,diagonal_tuned,12,0.511418046725,0.571428571429,1.59477184476,0.45300007715
O20,space_filling,diagonal_tuned,13,0.45674914961,0.714285714286,1.5821138734,0.422416596217
O20,space_filling,diagonal_tuned,14,0.460027370016,0.714285714286,1.56902304854,0.425474043665
O20,space_filling,diagonal_tuned,15,0.536215802693,0.571428571429,1.55458478664,0.468138415873
O20,space_filling,diagonal_tuned,16,0.537327979301,0.571428571429,1.53610575038,0.471238161266
O20,space_filling,joint,3,1.85476667717,0.428571428571,2.20269230778,0.870736332285
O20,space_filling,joint,4,0.293277560552,1,1.85162996972,0.320199948135
O20,space_filling,joint,5,0.262698055835,1,1.79482902163,0.301421320194
O20,space_filling,joint,6,0.282760323948,1,1.76863947192,0.314099753283
O20,space_filling,joint,7,0.271200069859,1,1.72688642561,0.307751064034
O20,space_filling,joint,8,0.431145254895,0.857142857143,1.71550797406,0.404444832756
O20,space_filling,joint,9,0.551062532605,0.428571428571,1.64553044945,0.474292711614
O20,space_filling,joint,10,0.393093517842,0.857142857143,1.64088286267,0.383399662815
O20,space_filling,joint,11,0.403346773497,0.857142857143,1.63495387367,0.390316607564
O20,space_filling,joint,12,0.408766559244,0.857142857143,1.62593100045,0.393461570869
O20,space_filling,joint,13,0.368437635333,0.857142857143,1.61795483555,0.368395227894
O20,space_filling,joint,14,0.374596099103,0.857142857143,1.61045591913,0.372761451764
O20,space_filling,joint,15,0.437516731832,0.857142857143,1.60266349382,0.409260261186
O20,space_filling,joint,16,0.43274641971,0.857142857143,1.5917731086,0.408466931852
O21,ivr,diagonal_matched,3,0.37237162826,0.952380952381,2.17694619737,0.343185512198
O21,ivr,diagonal_matched,4,0.305741139343,0.904761904762,1.82625142807,0.305948305292
O21,ivr,diagonal_matched,5,0.28876230141,0.904761904762,1.74352560086,0.298815641784
O21,ivr,diagonal_matched,6,0.262516017774,0.904761904762,1.68663639449,0.286922327795
O21,ivr,diagonal_matched,7,0.249959916238,0.904761904762,1.64708934401,0.27941181104
O21,ivr,diagonal_matched,8,0.262397738849,0.904761904762,1.62202137331,0.283255415034
O21,ivr,diagonal_matched,9,0.271506707796,0.880952380952,1.5986447928,0.287628945948
O21,ivr,diagonal_matched,10,0.276100945874,0.857142857143,1.58241894304,0.290630106359
O21,ivr,diagonal_matched,11,0.270524560119,0.857142857143,1.56825860174,0.288587891689
O21,ivr,diagonal_matched,12,0.266282915517,0.880952380952,1.55768041446,0.286065595473
O21,ivr,diagonal_matched,13,0.269763399351,0.880952380952,1.54814551208,0.288303546959
O21,ivr,diagonal_matched,14,0.266528641561,0.880952380952,1.53948827873,0.28524978101
O21,ivr,diagonal_matched,15,0.26532135108,0.880952380952,1.53582896176,0.284282941464
O21,ivr,diagonal_matched,16,0.26532135108,0.880952380952,1.53582896176,0.284282941464
O21,ivr,diagonal_tuned,3,0.37237162826,0.952380952381,2.17694619737,0.343185512198
O21,ivr,diagonal_tuned,4,0.305741139343,0.904761904762,1.82625142807,0.305948305292
O21,ivr,diagonal_tuned,5,0.28876230141,0.904761904762,1.74352560086,0.298815641784
O21,ivr,diagonal_tuned,6,0.262516017774,0.904761904762,1.68663639449,0.286922327795
O21,ivr,diagonal_tuned,7,0.249959916238,0.904761904762,1.64708934401,0.27941181104
O21,ivr,diagonal_tuned,8,0.262397738849,0.904761904762,1.62202137331,0.283255415034
O21,ivr,diagonal_tuned,9,0.271506707796,0.880952380952,1.5986447928,0.287628945948
O21,ivr,diagonal_tuned,10,0.276100945874,0.857142857143,1.58241894304,0.290630106359
O21,ivr,diagonal_tuned,11,0.270524560119,0.857142857143,1.56825860174,0.288587891689
O21,ivr,diagonal_tuned,12,0.266282915517,0.880952380952,1.55768041446,0.286065595473
O21,ivr,diagonal_tuned,13,0.269763399351,0.880952380952,1.54814551208,0.288303546959
O21,ivr,diagonal_tuned,14,0.266528641561,0.880952380952,1.53948827873,0.28524978101
O21,ivr,diagonal_tuned,15,0.26532135108,0.880952380952,1.53582896176,0.284282941464
O21,ivr,diagonal_tuned,16,0.26532135108,0.880952380952,1.53582896176,0.284282941464
O21,ivr,joint,3,0.388271534379,0.952380952381,2.20448893997,0.352144817048
O21,ivr,joint,4,0.338973779972,0.880952380952,1.85111675236,0.324601537528
O21,ivr,joint,5,0.307533906043,0.904761904762,1.78773240938,0.312217550317
O21,ivr,joint,6,0.288569862004,0.904761904762,1.7277416298,0.303125251175
O21,ivr,joint,7,0.244384032088,0.928571428571,1.68330129924,0.279378952993
O21,ivr,joint,8,0.233104872688,0.928571428571,1.65844285971,0.272459097386
O21,ivr,joint,9,0.246596814355,0.904761904762,1.64271597306,0.277744432879
O21,ivr,joint,10,0.253836593788,0.880952380952,1.62992260229,0.281684284359
O21,ivr,joint,11,0.253832194577,0.880952380952,1.62000225033,0.281809258575
O21,ivr,joint,12,0.254133188942,0.880952380952,1.61149575609,0.283465035437
O21,ivr,joint,13,0.257420201394,0.857142857143,1.60537750202,0.285471494498
O21,ivr,joint,14,0.251625045776,0.857142857143,1.5995349864,0.281707954743
O21,ivr,joint,15,0.251621964266,0.857142857143,1.59452185693,0.281605341492
O21,ivr,joint,16,0.247892847011,0.857142857143,1.59053785998,0.278422922733
O21,ivr,linear,3,0.347512134858,,,
O21,ivr,linear,4,0.279700356272,,,
O21,ivr,linear,5,0.255753632441,,,
O21,ivr,linear,6,0.248369441345,,,
O21,ivr,linear,7,0.207833843857,,,
O21,ivr,linear,8,0.194685075452,,,
O21,ivr,linear,9,0.208868826419,,,
O21,ivr,linear,10,0.217126942247,,,
O21,ivr,linear,11,0.220323802945,,,
O21,ivr,linear,12,0.226004320789,,,
O21,ivr,linear,13,0.22424627781,,,
O21,ivr,linear,14,0.223509527325,,,
O21,ivr,linear,15,0.228686050238,,,
O21,ivr,linear,16,0.223621714741,,,
O21,ivr,pchip,3,0.338596098654,,,
O21,ivr,pchip,4,0.272334024822,,,
O21,ivr,pchip,5,0.257300060022,,,
O21,ivr,pchip,6,0.24544600816,,,
O21,ivr,pchip,7,0.20780805389,,,
O21,ivr,pchip,8,0.191054989509,,,
O21,ivr,pchip,9,0.20335621162,,,
O21,ivr,pchip,10,0.211614327448,,,
O21,ivr,pchip,11,0.21484490818,,,
O21,ivr,pchip,12,0.226004320789,,,
O21,ivr,pchip,13,0.22424627781,,,
O21,ivr,pchip,14,0.223509527325,,,
O21,ivr,pchip,15,0.228686050238,,,
O21,ivr,pchip,16,0.223621714741,,,
O21,random,diagonal_matched,3,0.37237162826,0.952380952381,2.17694619737,0.343185512198
O21,random,diagonal_matched,4,0.328630637478,0.925,1.96282340615,0.319947349536
O21,random,diagonal_matched,5,0.302278642479,0.914285714286,1.83403711538,0.305935561305
O21,random,diagonal_matched,6,0.289166386943,0.89880952381,1.74133500598,0.29859765478
O21,random,diagonal_matched,7,0.283041354968,0.888095238095,1.69034194509,0.295334360788
O21,random,diagonal_matched,8,0.276330278843,0.884523809524,1.65650422177,0.291759684726
O21,random,diagonal_matched,9,0.273899870645,0.882142857143,1.63159157941,0.290583669306
O21,random,diagonal_matched,10,0.270122458577,0.878571428571,1.60973636042,0.288302179835
O21,random,diagonal_matched,11,0.267212471767,0.878571428571,1.5913188916,0.286534147323
O21,random,diagonal_matched,12,0.268677832799,0.867857142857,1.57581537541,0.286609347157
O21,random,diagonal_matched,13,0.266538434888,0.865476190476,1.5634701481,0.285165554817
O21,random,diagonal_matched,14,0.264965686641,0.866666666667,1.55297377437,0.284283556077
O21,random,diagonal_matched,15,0.267107000207,0.863095238095,1.54324994508,0.28527409247
O21,random,diagonal_matched,16,0.26532135108,0.880952380952,1.53582896176,0.284282941464
O21,random,diagonal_tuned,3,0.37237162826,0.952380952381,2.17694619737,0.343185512198
O21,random,diagonal_tuned,4,0.328630637478,0.925,1.96282340615,0.319947349536
O21,random,diagonal_tuned,5,0.302278642479,0.914285714286,1.83403711538,0.305935561305
O21,random,diagonal_tuned,6,0.289166386943,0.89880952381,1.74133500598,0.29859765478
O21,random,diagonal_tuned,7,0.283041354968,0.888095238095,1.69034194509,0.295334360788
O21,random,diagonal_tuned,8,0.276330278843,0.884523809524,1.65650422177,0.291759684726
O21,random,diagonal_tuned,9,0.273899870645,0.882142857143,1.63159157941,0.290583669306
O21,random,diagonal_tuned,10,0.270122458577,0.878571428571,1.60973636042,0.288302179835
O21,random,diagonal_tuned,11,0.267212471767,0.878571428571,1.5913188916,0.286534147323
O21,random,diagonal_tuned,12,0.268677832799,0.867857142857,1.57581537541,0.286609347157
O21,random,diagonal_tuned,13,0.266538434888,0.865476190476,1.5634701481,0.285165554817
O21,random,diagonal_tuned,14,0.264965686641,0.866666666667,1.55297377437,0.284283556077
O21,random,diagonal_tuned,15,0.267107000207,0.863095238095,1.54324994508,0.28527409247
O21,random,diagonal_tuned,16,0.26532135108,0.880952380952,1.53582896176,0.284282941464
O21,random,joint,3,0.388271534379,0.952380952381,2.20448893997,0.352144817048
O21,random,joint,4,0.346738030412,0.92619047619,2.0008900557,0.330877516997
O21,random,joint,5,0.317280561149,0.915476190476,1.87856594351,0.315671311761
O21,random,joint,6,0.301348585246,0.905952380952,1.78796119647,0.30705309656
O21,random,joint,7,0.288562733656,0.90119047619,1.73855162339,0.300660239715
O21,random,joint,8,0.276685028972,0.90119047619,1.70361327344,0.294567291123
O21,random,joint,9,0.274595289591,0.89880952381,1.68724702742,0.293643584209
O21,random,joint,10,0.268903641512,0.894047619048,1.66844459941,0.290487990748
O21,random,joint,11,0.26467794989,0.891666666667,1.6525679519,0.288007223696
O21,random,joint,12,0.26025631844,0.883333333333,1.63351776991,0.28526422249
O21,random,joint,13,0.25470290534,0.882142857143,1.61838749809,0.282046285645
O21,random,joint,14,0.252989099028,0.872619047619,1.61172903646,0.281097940598
O21,random,joint,15,0.251067189318,0.861904761905,1.5988103206,0.280090871779
O21,random,joint,16,0.247892847011,0.857142857143,1.59053785998,0.278422922733
O21,space_filling,diagonal_matched,3,0.37237162826,0.952380952381,2.17694619737,0.343185512198
O21,space_filling,diagonal_matched,4,0.305741139343,0.904761904762,1.82625142807,0.305948305292
O21,space_filling,diagonal_matched,5,0.289311206493,0.904761904762,1.74768141834,0.29739991905
O21,space_filling,diagonal_matched,6,0.276369759154,0.904761904762,1.6991729036,0.291071024469
O21,space_filling,diagonal_matched,7,0.249959916238,0.904761904762,1.64708934401,0.27941181104
O21,space_filling,diagonal_matched,8,0.245059054371,0.904761904762,1.62386332233,0.276578275558
O21,space_filling,diagonal_matched,9,0.245059054371,0.904761904762,1.62386332233,0.276578275558
O21,space_filling,diagonal_matched,10,0.24367091718,0.904761904762,1.61713166197,0.275101567198
O21,space_filling,diagonal_matched,11,0.2438968011,0.904761904762,1.60629820752,0.273895837586
O21,space_filling,diagonal_matched,12,0.250549176269,0.904761904762,1.59434388556,0.275677337114
O21,space_filling,diagonal_matched,13,0.252025063143,0.880952380952,1.58162178322,0.276549185384
O21,space_filling,diagonal_matched,14,0.258489956736,0.880952380952,1.56859642853,0.280745152945
O21,space_filling,diagonal_matched,15,0.258680463197,0.880952380952,1.55423932746,0.281102817085
O21,space_filling,diagonal_matched,16,0.26532135108,0.880952380952,1.53582896176,0.284282941464
O21,space_filling,diagonal_tuned,3,0.37237162826,0.952380952381,2.17694619737,0.343185512198
O21,space_filling,diagonal_tuned,4,0.305741139343,0.904761904762,1.82625142807,0.305948305292
O21,space_filling,diagonal_tuned,5,0.289311206493,0.904761904762,1.74768141834,0.29739991905
O21,space_filling,diagonal_tuned,6,0.276369759154,0.904761904762,1.6991729036,0.291071024469
O21,space_filling,diagonal_tuned,7,0.249959916238,0.904761904762,1.64708934401,0.27941181104
O21,space_filling,diagonal_tuned,8,0.245059054371,0.904761904762,1.62386332233,0.276578275558
O21,space_filling,diagonal_tuned,9,0.245059054371,0.904761904762,1.62386332233,0.276578275558
O21,space_filling,diagonal_tuned,10,0.24367091718,0.904761904762,1.61713166197,0.275101567198
O21,space_filling,diagonal_tuned,11,0.2438968011,0.904761904762,1.60629820752,0.273895837586
O21,space_filling,diagonal_tuned,12,0.250549176269,0.904761904762,1.59434388556,0.275677337114
O21,space_filling,diagonal_tuned,13,0.252025063143,0.880952380952,1.58162178322,0.276549185384
O21,space_filling,diagonal_tuned,14,0.258489956736,0.880952380952,1.56859642853,0.280745152945
O21,space_filling,diagonal_tuned,15,0.258680463197,0.880952380952,1.55423932746,0.281102817085
O21,space_filling,diagonal_tuned,16,0.26532135108,0.880952380952,1.53582896176,0.284282941464
O21,space_filling,joint,3,0.388271534379,0.952380952381,2.20448893997,0.352144817048
O21,space_filling,joint,4,0.338973779972,0.880952380952,1.85111675236,0.324601537528
O21,space_filling,joint,5,0.320272295024,0.904761904762,1.7948023058,0.315947302585
O21,space_filling,joint,6,0.306076750913,0.904761904762,1.76406884511,0.308595752207
O21,space_filling,joint,7,0.273830225819,0.904761904762,1.7257774842,0.294741375154
O21,space_filling,joint,8,0.274479560762,0.904761904762,1.71395023067,0.29531237247
O21,space_filling,joint,9,0.23389258709,0.928571428571,1.64464116111,0.27327896135
O21,space_filling,joint,10,0.233529618695,0.928571428571,1.63967603978,0.272725850462
O21,space_filling,joint,11,0.231907997688,0.928571428571,1.63350201014,0.270626545267
O21,space_filling,joint,12,0.239854728585,0.904761904762,1.62459696658,0.273827088279
O21,space_filling,joint,13,0.240489000441,0.904761904762,1.61660342669,0.274155118864
O21,space_filling,joint,14,0.243726593689,0.904761904762,1.6091455105,0.276362413029
O21,space_filling,joint,15,0.242066104123,0.880952380952,1.60139770932,0.275140814991
O21,space_filling,joint,16,0.247892847011,0.857142857143,1.59053785998,0.278422922733
O22,ivr,diagonal_matched,3,0.183199027686,1,2.18739307992,0.261414796686
O22,ivr,diagonal_matched,4,0.243810664096,0.928571428571,1.82688894967,0.28024053697
O22,ivr,diagonal_matched,5,0.204844859592,0.928571428571,1.74584850298,0.260127914182
O22,ivr,diagonal_matched,6,0.210780503358,0.928571428571,1.68534016492,0.261222856275
O22,ivr,diagonal_matched,7,0.165218763907,0.928571428571,1.64587328521,0.232332873639
O22,ivr,diagonal_matched,8,0.179146471771,0.928571428571,1.62034487539,0.240803298613
O22,ivr,diagonal_matched,9,0.184959208337,0.928571428571,1.59698419181,0.244705636469
O22,ivr,diagonal_matched,10,0.184704735064,0.928571428571,1.58073830463,0.244673566669
O22,ivr,diagonal_matched,11,0.201098632396,0.928571428571,1.56659406234,0.256390418707
O22,ivr,diagonal_matched,12,0.17382523545,0.928571428571,1.55641442375,0.2393405236
O22,ivr,diagonal_matched,13,0.170803643734,0.928571428571,1.54682168878,0.237281018624
O22,ivr,diagonal_matched,14,0.165663208583,0.928571428571,1.53831123602,0.23300838991
O22,ivr,diagonal_matched,15,0.160727241881,0.928571428571,1.53543659814,0.229073332253
O22,ivr,diagonal_matched,16,0.160727241881,0.928571428571,1.53543659814,0.229073332253
O22,ivr,diagonal_tuned,3,0.183199027686,1,2.18739307992,0.261414796686
O22,ivr,diagonal_tuned,4,0.243810664096,0.928571428571,1.82688894967,0.28024053697
O22,ivr,diagonal_tuned,5,0.204844859592,0.928571428571,1.74584850298,0.260127914182
O22,ivr,diagonal_tuned,6,0.210780503358,0.928571428571,1.68534016492,0.261222856275
O22,ivr,diagonal_tuned,7,0.165218763907,0.928571428571,1.64587328521,0.232332873639
O22,ivr,diagonal_tuned,8,0.179146471771,0.928571428571,1.62034487539,0.240803298613
O22,ivr,diagonal_tuned,9,0.184959208337,0.928571428571,1.59698419181,0.244705636469
O22,ivr,diagonal_tuned,10,0.184704735064,0.928571428571,1.58073830463,0.244673566669
O22,ivr,diagonal_tuned,11,0.201098632396,0.928571428571,1.56659406234,0.256390418707
O22,ivr,diagonal_tuned,12,0.17382523545,0.928571428571,1.55641442375,0.2393405236
O22,ivr,diagonal_tuned,13,0.170803643734,0.928571428571,1.54682168878,0.237281018624
O22,ivr,diagonal_tuned,14,0.165663208583,0.928571428571,1.53831123602,0.23300838991
O22,ivr,diagonal_tuned,15,0.160727241881,0.928571428571,1.53543659814,0.229073332253
O22,ivr,diagonal_tuned,16,0.160727241881,0.928571428571,1.53543659814,0.229073332253
O22,ivr,joint,3,0.135965840191,1,2.20932037947,0.237774900531
O22,ivr,joint,4,0.187755364798,1,1.8439069821,0.252398402321
O22,ivr,joint,5,0.171221564103,1,1.7849813592,0.243327097288
O22,ivr,joint,6,0.163914865442,1,1.7270288598,0.235503722881
O22,ivr,joint,7,0.142457904594,1,1.67835529474,0.222011565273
O22,ivr,joint,8,0.138803888534,1,1.65353381473,0.21896556622
O22,ivr,joint,9,0.143695682907,0.928571428571,1.63723998463,0.221648449817
O22,ivr,joint,10,0.147477665909,0.928571428571,1.62440627447,0.223610186277
O22,ivr,joint,11,0.137561752473,1,1.61447448564,0.216502626912
O22,ivr,joint,12,0.163474431315,0.928571428571,1.60629213182,0.233232687538
O22,ivr,joint,13,0.167249731298,0.928571428571,1.59974431593,0.236113390671
O22,ivr,joint,14,0.161621917086,0.928571428571,1.5936871484,0.23192206214
O22,ivr,joint,15,0.162498773326,0.928571428571,1.5884425668,0.232149126862
O22,ivr,joint,16,0.153824071253,0.928571428571,1.58432243995,0.226481513741
O22,ivr,linear,3,0.220344340022,,,
O22,ivr,linear,4,0.275631220874,,,
O22,ivr,linear,5,0.209337019097,,,
O22,ivr,linear,6,0.236387242779,,,
O22,ivr,linear,7,0.119326100191,,,
O22,ivr,linear,8,0.139092200836,,,
O22,ivr,linear,9,0.146857946208,,,
O22,ivr,linear,10,0.1391653787,,,
O22,ivr,linear,11,0.144361421404,,,
O22,ivr,linear,12,0.193044457818,,,
O22,ivr,linear,13,0.201041668074,,,
O22,ivr,linear,14,0.189979295538,,,
O22,ivr,linear,15,0.190971784663,,,
O22,ivr,linear,16,0.158913695094,,,
O22,ivr,pchip,3,0.445244259656,,,
O22,ivr,pchip,4,0.296355654249,,,
O22,ivr,pchip,5,0.204117703343,,,
O22,ivr,pchip,6,0.235923025484,,,
O22,ivr,pchip,7,0.118613442047,,,
O22,ivr,pchip,8,0.136771538967,,,
O22,ivr,pchip,9,0.144287833614,,,
O22,ivr,pchip,10,0.136595266106,,,
O22,ivr,pchip,11,0.14179130881,,,
O22,ivr,pchip,12,0.193044457818,,,
O22,ivr,pchip,13,0.201041668074,,,
O22,ivr,pchip,14,0.189979295538,,,
O22,ivr,pchip,15,0.190971784663,,,
O22,ivr,pchip,16,0.158913695094,,,
O22,random,diagonal_matched,3,0.183199027686,1,2.18739307992,0.261414796686
O22,random,diagonal_matched,4,0.223154743922,0.982142857143,1.96992214614,0.273931298321
O22,random,diagonal_matched,5,0.216335535885,0.960714285714,1.83916879018,0.267318609522
O22,random,diagonal_matched,6,0.200244687129,0.957142857143,1.74362091712,0.256031154283
O22,random,diagonal_matched,7,0.186921409361,0.953571428571,1.69123165992,0.247023942262
O22,random,diagonal_matched,8,0.179342071634,0.953571428571,1.65680872335,0.241812286098
O22,random,diagonal_matched,9,0.163321532443,0.960714285714,1.63167831883,0.231875146701
O22,random,diagonal_matched,10,0.163101673165,0.953571428571,1.60952391892,0.231416966604
O22,random,diagonal_matched,11,0.158547286122,0.946428571429,1.59106757302,0.228399708021
O22,random,diagonal_matched,12,0.161169609131,0.932142857143,1.57545181145,0.229806643914
O22,random,diagonal_matched,13,0.158870054625,0.928571428571,1.56306621341,0.228046858829
O22,random,diagonal_matched,14,0.160847525824,0.928571428571,1.55247980659,0.229238584453
O22,random,diagonal_matched,15,0.161350673974,0.928571428571,1.54269330681,0.229632722159
O22,random,diagonal_matched,16,0.160727241881,0.928571428571,1.53543659814,0.229073332253
O22,random,diagonal_tuned,3,0.183199027686,1,2.18739307992,0.261414796686
O22,random,diagonal_tuned,4,0.223154743922,0.982142857143,1.96992214614,0.273931298321
O22,random,diagonal_tuned,5,0.216335535885,0.960714285714,1.83916879018,0.267318609522
O22,random,diagonal_tuned,6,0.200244687129,0.957142857143,1.74362091712,0.256031154283
O22,random,diagonal_tuned,7,0.186921409361,0.953571428571,1.69123165992,0.247023942262
O22,random,diagonal_tuned,8,0.179342071634,0.953571428571,1.65680872335,0.241812286098
O22,random,diagonal_tuned,9,0.163321532443,0.960714285714,1.63167831883,0.231875146701
O22,random,diagonal_tuned,10,0.163101673165,0.953571428571,1.60952391892,0.231416966604
O22,random,diagonal_tuned,11,0.158547286122,0.946428571429,1.59106757302,0.228399708021
O22,random,diagonal_tuned,12,0.161169609131,0.932142857143,1.57545181145,0.229806643914
O22,random,diagonal_tuned,13,0.158870054625,0.928571428571,1.56306621341,0.228046858829
O22,random,diagonal_tuned,14,0.160847525824,0.928571428571,1.55247980659,0.229238584453
O22,random,diagonal_tuned,15,0.161350673974,0.928571428571,1.54269330681,0.229632722159
O22,random,diagonal_tuned,16,0.160727241881,0.928571428571,1.53543659814,0.229073332253
O22,random,joint,3,0.135965840191,1,2.20932037947,0.237774900531
O22,random,joint,4,0.187863396345,1,1.9997740945,0.256533107342
O22,random,joint,5,0.215467687589,0.985714285714,1.87466604131,0.265879190385
O22,random,joint,6,0.179305493903,0.992857142857,1.78103461578,0.24606101186
O22,random,joint,7,0.167617035399,0.989285714286,1.73058031167,0.23847280399
O22,random,joint,8,0.158936898193,0.975,1.69598600055,0.232158115981
O22,random,joint,9,0.153353646747,0.975,1.67910941202,0.228382587716
O22,random,joint,10,0.15460290852,0.971428571429,1.66030424489,0.22890637521
O22,random,joint,11,0.15226129993,0.971428571429,1.64459435758,0.227064752909
O22,random,joint,12,0.152528312331,0.971428571429,1.62646057019,0.226821265318
O22,random,joint,13,0.152877879831,0.957142857143,1.61174198803,0.22675907529
O22,random,joint,14,0.152417730627,0.95,1.60490025238,0.226210212248
O22,random,joint,15,0.152867685769,0.939285714286,1.59250730341,0.226111733957
O22,random,joint,16,0.153824071253,0.928571428571,1.58432243995,0.226481513741
O22,space_filling,diagonal_matched,3,0.183199027686,1,2.18739307992,0.261414796686
O22,space_filling,diagonal_matched,4,0.243810664096,0.928571428571,1.82688894967,0.28024053697
O22,space_filling,diagonal_matched,5,0.243328106819,0.928571428571,1.75112053392,0.275840449029
O22,space_filling,diagonal_matched,6,0.19514515049,0.928571428571,1.6916905048,0.249465098415
O22,space_filling,diagonal_matched,7,0.165218763907,0.928571428571,1.64587328521,0.232332873639
O22,space_filling,diagonal_matched,8,0.187792108151,0.928571428571,1.62296809003,0.247796372198
O22,space_filling,diagonal_matched,9,0.187792108151,0.928571428571,1.62296809003,0.247796372198
O22,space_filling,diagonal_matched,10,0.178334583916,0.928571428571,1.61756918773,0.240712029883
O22,space_filling,diagonal_matched,11,0.176205671943,0.928571428571,1.60648115388,0.238402888757
O22,space_filling,diagonal_matched,12,0.185560486566,0.928571428571,1.59448036778,0.244385220284
O22,space_filling,diagonal_matched,13,0.149660782662,0.928571428571,1.58115445459,0.221929574965
O22,space_filling,diagonal_matched,14,0.156418032096,0.928571428571,1.56818062871,0.226098488099
O22,space_filling,diagonal_matched,15,0.154998805532,0.928571428571,1.55381108413,0.225221697401
O22,space_filling,diagonal_matched,16,0.160727241881,0.928571428571,1.53543659814,0.229073332253
O22,space_filling,diagonal_tuned,3,0.183199027686,1,2.18739307992,0.261414796686
O22,space_filling,diagonal_tuned,4,0.243810664096,0.928571428571,1.82688894967,0.28024053697
O22,space_filling,diagonal_tuned,5,0.243328106819,0.928571428571,1.75112053392,0.275840449029
O22,space_filling,diagonal_tuned,6,0.19514515049,0.928571428571,1.6916905048,0.249465098415
O22,space_filling,diagonal_tuned,7,0.165218763907,0.928571428571,1.64587328521,0.232332873639
O22,space_filling,diagonal_tuned,8,0.187792108151,0.928571428571,1.62296809003,0.247796372198
O22,space_filling,diagonal_tuned,9,0.187792108151,0.928571428571,1.62296809003,0.247796372198
O22,space_filling,diagonal_tuned,10,0.178334583916,0.928571428571,1.61756918773,0.240712029883
O22,space_filling,diagonal_tuned,11,0.176205671943,0.928571428571,1.60648115388,0.238402888757
O22,space_filling,diagonal_tuned,12,0.185560486566,0.928571428571,1.59448036778,0.244385220284
O22,space_filling,diagonal_tuned,13,0.149660782662,0.928571428571,1.58115445459,0.221929574965
O22,space_filling,diagonal_tuned,14,0.156418032096,0.928571428571,1.56818062871,0.226098488099
O22,space_filling,diagonal_tuned,15,0.154998805532,0.928571428571,1.55381108413,0.225221697401
O22,space_filling,diagonal_tuned,16,0.160727241881,0.928571428571,1.53543659814,0.229073332253
O22,space_filling,joint,3,0.135965840191,1,2.20932037947,0.237774900531
O22,space_filling,joint,4,0.187755364798,1,1.8439069821,0.252398402321
O22,space_filling,joint,5,0.20227611867,1,1.78792923026,0.258461124274
O22,space_filling,joint,6,0.138320042623,1,1.74790539876,0.218949765902
O22,space_filling,joint,7,0.125288189962,1,1.71521536117,0.211020253541
O22,space_filling,joint,8,0.150012429489,1,1.70332009355,0.226822458406
O22,space_filling,joint,9,0.17339124297,0.928571428571,1.63974263029,0.240751473935
O22,space_filling,joint,10,0.181538769052,0.928571428571,1.63417867001,0.246269825622
O22,space_filling,joint,11,0.169484029076,0.928571428571,1.62774396858,0.238538921364
O22,space_filling,joint,12,0.170485597412,0.928571428571,1.61879847036,0.239227281967
O22,space_filling,joint,13,0.157719012825,0.928571428571,1.61042816086,0.23067304752
O22,space_filling,joint,14,0.152242110358,0.928571428571,1.60300354563,0.226568198018
O22,space_filling,joint,15,0.15075310861,0.928571428571,1.59520874434,0.224935648063
O22,space_filling,joint,16,0.153824071253,0.928571428571,1.58432243995,0.226481513741
O23,ivr,diagonal_matched,3,0.321182645542,1,2.18298439618,0.322457910006
O23,ivr,diagonal_matched,4,0.220805999552,0.952380952381,1.82651008504,0.270352741389
O23,ivr,diagonal_matched,5,0.156189555137,1,1.74466708279,0.232537590396
O23,ivr,diagonal_matched,6,0.147969593657,1,1.68584527538,0.2248656714
O23,ivr,diagonal_matched,7,0.104088742897,1,1.64624100412,0.195180762307
O23,ivr,diagonal_matched,8,0.0990253322126,1,1.62100342367,0.190665530736
O23,ivr,diagonal_matched,9,0.103670793098,1,1.59762328358,0.193412823125
O23,ivr,diagonal_matched,10,0.100713552794,1,1.58143929637,0.191015967162
O23,ivr,diagonal_matched,11,0.0974002893814,1,1.56712670969,0.188289201021
O23,ivr,diagonal_matched,12,0.094144507759,1,1.55697045647,0.185335053374
O23,ivr,diagonal_matched,13,0.0953214507953,1,1.54742200619,0.185763749695
O23,ivr,diagonal_matched,14,0.0917473784723,1,1.53882309029,0.18261016595
O23,ivr,diagonal_matched,15,0.0884379007757,1,1.53565964888,0.179743241448
O23,ivr,diagonal_matched,16,0.0884379007757,1,1.53565964888,0.179743241448
O23,ivr,diagonal_tuned,3,0.321182645542,1,2.18298439618,0.322457910006
O23,ivr,diagonal_tuned,4,0.220805999552,0.952380952381,1.82651008504,0.270352741389
O23,ivr,diagonal_tuned,5,0.156189555137,1,1.74466708279,0.232537590396
O23,ivr,diagonal_tuned,6,0.147969593657,1,1.68584527538,0.2248656714
O23,ivr,diagonal_tuned,7,0.104088742897,1,1.64624100412,0.195180762307
O23,ivr,diagonal_tuned,8,0.0990253322126,1,1.62100342367,0.190665530736
O23,ivr,diagonal_tuned,9,0.103670793098,1,1.59762328358,0.193412823125
O23,ivr,diagonal_tuned,10,0.100713552794,1,1.58143929637,0.191015967162
O23,ivr,diagonal_tuned,11,0.0974002893814,1,1.56712670969,0.188289201021
O23,ivr,diagonal_tuned,12,0.094144507759,1,1.55697045647,0.185335053374
O23,ivr,diagonal_tuned,13,0.0953214507953,1,1.54742200619,0.185763749695
O23,ivr,diagonal_tuned,14,0.0917473784723,1,1.53882309029,0.18261016595
O23,ivr,diagonal_tuned,15,0.0884379007757,1,1.53565964888,0.179743241448
O23,ivr,diagonal_tuned,16,0.0884379007757,1,1.53565964888,0.179743241448
O23,ivr,joint,3,0.286140906004,1,2.20711102224,0.308867220438
O23,ivr,joint,4,0.214100945854,0.952380952381,1.84648131131,0.268710109089
O23,ivr,joint,5,0.207894928853,0.952380952381,1.78606482552,0.264816776801
O23,ivr,joint,6,0.178548194502,0.952380952381,1.72707784391,0.24339658635
O23,ivr,joint,7,0.163161203371,0.952380952381,1.68024867983,0.233338593605
O23,ivr,joint,8,0.115927902848,1,1.6553193101,0.202492111508
O23,ivr,joint,9,0.102293928934,1,1.6392997723,0.192936943537
O23,ivr,joint,10,0.0957083600753,1,1.62647337525,0.187968939377
O23,ivr,joint,11,0.0932111115535,1,1.61656295756,0.185728068156
O23,ivr,joint,12,0.0900833580334,1,1.6082969252,0.183209065977
O23,ivr,joint,13,0.0866766102359,1,1.60192958274,0.180488208545
O23,ivr,joint,14,0.0934005749709,1,1.59596307976,0.185355991303
O23,ivr,joint,15,0.0932506425708,1,1.59086994076,0.185109199232
O23,ivr,joint,16,0.0912449582936,1,1.58680599616,0.183889332209
O23,ivr,linear,3,0.353551764698,,,
O23,ivr,linear,4,0.20461123498,,,
O23,ivr,linear,5,0.173005377203,,,
O23,ivr,linear,6,0.122177974772,,,
O23,ivr,linear,7,0.142223816564,,,
O23,ivr,linear,8,0.17936433925,,,
O23,ivr,linear,9,0.173403315297,,,
O23,ivr,linear,10,0.148816526015,,,
O23,ivr,linear,11,0.145386752199,,,
O23,ivr,linear,12,0.17330377006,,,
O23,ivr,linear,13,0.173864197097,,,
O23,ivr,linear,14,0.184164778559,,,
O23,ivr,linear,15,0.160783111049,,,
O23,ivr,linear,16,0.124904819167,,,
O23,ivr,pchip,3,0.631351384677,,,
O23,ivr,pchip,4,0.208103211222,,,
O23,ivr,pchip,5,0.15584204914,,,
O23,ivr,pchip,6,0.10916532278,,,
O23,ivr,pchip,7,0.135833840648,,,
O23,ivr,pchip,8,0.176966353728,,,
O23,ivr,pchip,9,0.171452689323,,,
O23,ivr,pchip,10,0.146865900042,,,
O23,ivr,pchip,11,0.143436126225,,,
O23,ivr,pchip,12,0.17330377006,,,
O23,ivr,pchip,13,0.173864197097,,,
O23,ivr,pchip,14,0.184164778559,,,
O23,ivr,pchip,15,0.160783111049,,,
O23,ivr,pchip,16,0.124904819167,,,
O23,random,diagonal_matched,3,0.321182645542,1,2.18298439618,0.322457910006
O23,random,diagonal_matched,4,0.306001444811,0.969047619048,1.96717625548,0.310770064043
O23,random,diagonal_matched,5,0.236869867644,0.978571428571,1.83716219591,0.276960918572
O23,random,diagonal_matched,6,0.173007437409,0.992857142857,1.74277203391,0.240845807836
O23,random,diagonal_matched,7,0.152925379297,0.992857142857,1.69096281281,0.227553878401
O23,random,diagonal_matched,8,0.142457097336,0.995238095238,1.65675354299,0.22013957736
O23,random,diagonal_matched,9,0.13350341218,0.992857142857,1.63171669286,0.213332207121
O23,random,diagonal_matched,10,0.122670836614,0.997619047619,1.60968345091,0.205631392586
O23,random,diagonal_matched,11,0.109530525092,1,1.59123188237,0.19648314406
O23,random,diagonal_matched,12,0.106166821277,1,1.57565693641,0.193705287487
O23,random,diagonal_matched,13,0.0977165772558,1,1.56329202208,0.187441831321
O23,random,diagonal_matched,14,0.0954178193921,1,1.55274367401,0.185438492263
O23,random,diagonal_matched,15,0.0929892566014,1,1.542976327,0.183336279842
O23,random,diagonal_matched,16,0.0884379007757,1,1.53565964888,0.179743241448
O23,random,diagonal_tuned,3,0.321182645542,1,2.18298439618,0.322457910006
O23,random,diagonal_tuned,4,0.306001444811,0.969047619048,1.96717625548,0.310770064043
O23,random,diagonal_tuned,5,0.236869867644,0.978571428571,1.83716219591,0.276960918572
O23,random,diagonal_tuned,6,0.173007437409,0.992857142857,1.74277203391,0.240845807836
O23,random,diagonal_tuned,7,0.152925379297,0.992857142857,1.69096281281,0.227553878401
O23,random,diagonal_tuned,8,0.142457097336,0.995238095238,1.65675354299,0.22013957736
O23,random,diagonal_tuned,9,0.13350341218,0.992857142857,1.63171669286,0.213332207121
O23,random,diagonal_tuned,10,0.122670836614,0.997619047619,1.60968345091,0.205631392586
O23,random,diagonal_tuned,11,0.109530525092,1,1.59123188237,0.19648314406
O23,random,diagonal_tuned,12,0.106166821277,1,1.57565693641,0.193705287487
O23,random,diagonal_tuned,13,0.0977165772558,1,1.56329202208,0.187441831321
O23,random,diagonal_tuned,14,0.0954178193921,1,1.55274367401,0.185438492263
O23,random,diagonal_tuned,15,0.0929892566014,1,1.542976327,0.183336279842
O23,random,diagonal_tuned,16,0.0884379007757,1,1.53565964888,0.179743241448
O23,random,joint,3,0.286140906004,1,2.20711102224,0.308867220438
O23,random,joint,4,0.262129875239,0.983333333333,2.0003189782,0.291506028405
O23,random,joint,5,0.206343952589,0.980952380952,1.87618244653,0.260750977248
O23,random,joint,6,0.142674742264,0.990476190476,1.78373334045,0.224014014824
O23,random,joint,7,0.131242167791,0.995238095238,1.73374776512,0.215535162096
O23,random,joint,8,0.129614639422,0.992857142857,1.6989832468,0.213207576728
O23,random,joint,9,0.12108466166,0.995238095238,1.68231893997,0.207267203328
O23,random,joint,10,0.113868968526,0.995238095238,1.66349887866,0.201653956278
O23,random,joint,11,0.105027160028,1,1.64770555792,0.19548320711
O23,random,joint,12,0.0998748566962,1,1.62922441972,0.191382674399
O23,random,joint,13,0.0943509043049,1,1.61435995078,0.187166309263
O23,random,joint,14,0.0934725315969,1,1.60759103939,0.186279798814
O23,random,joint,15,0.0917043159275,1,1.59499967311,0.184535064555
O23,random,joint,16,0.0912449582936,1,1.58680599616,0.183889332209
O23,space_filling,diagonal_matched,3,0.321182645542,1,2.18298439618,0.322457910006
O23,space_filling,diagonal_matched,4,0.220805999552,0.952380952381,1.82651008504,0.270352741389
O23,space_filling,diagonal_matched,5,0.166228220371,1,1.74931902597,0.237895335404
O23,space_filling,diagonal_matched,6,0.117268026659,1,1.69531807253,0.20608196287
O23,space_filling,diagonal_matched,7,0.104088742897,1,1.64624100412,0.195180762307
O23,space_filling,diagonal_matched,8,0.0948098064444,1,1.62339726286,0.188004499806
O23,space_filling,diagonal_matched,9,0.0948098064444,1,1.62339726286,0.188004499806
O23,space_filling,diagonal_matched,10,0.0848470972987,1,1.61749060244,0.180143003027
O23,space_filling,diagonal_matched,11,0.0816101285751,1,1.60657072731,0.176996549918
O23,space_filling,diagonal_matched,12,0.0850507781969,1,1.59457752677,0.178898957397
O23,space_filling,diagonal_matched,13,0.0865104516261,1,1.58147426086,0.179499296238
O23,space_filling,diagonal_matched,14,0.0830912234255,1,1.56846143532,0.176672739814
O23,space_filling,diagonal_matched,15,0.085757696597,1,1.55406898497,0.178203139282
O23,space_filling,diagonal_matched,16,0.0884379007757,1,1.53565964888,0.179743241448
O23,space_filling,diagonal_tuned,3,0.321182645542,1,2.18298439618,0.322457910006
O23,space_filling,diagonal_tuned,4,0.220805999552,0.952380952381,1.82651008504,0.270352741389
O23,space_filling,diagonal_tuned,5,0.166228220371,1,1.74931902597,0.237895335404
O23,space_filling,diagonal_tuned,6,0.117268026659,1,1.69531807253,0.20608196287
O23,space_filling,diagonal_tuned,7,0.104088742897,1,1.64624100412,0.195180762307
O23,space_filling,diagonal_tuned,8,0.0948098064444,1,1.62339726286,0.188004499806
O23,space_filling,diagonal_tuned,9,0.0948098064444,1,1.62339726286,0.188004499806
O23,space_filling,diagonal_tuned,10,0.0848470972987,1,1.61749060244,0.180143003027
O23,space_filling,diagonal_tuned,11,0.0816101285751,1,1.60657072731,0.176996549918
O23,space_filling,diagonal_tuned,12,0.0850507781969,1,1.59457752677,0.178898957397
O23,space_filling,diagonal_tuned,13,0.0865104516261,1,1.58147426086,0.179499296238
O23,space_filling,diagonal_tuned,14,0.0830912234255,1,1.56846143532,0.176672739814
O23,space_filling,diagonal_tuned,15,0.085757696597,1,1.55406898497,0.178203139282
O23,space_filling,diagonal_tuned,16,0.0884379007757,1,1.53565964888,0.179743241448
O23,space_filling,joint,3,0.286140906004,1,2.20711102224,0.308867220438
O23,space_filling,joint,4,0.214100945854,0.952380952381,1.84648131131,0.268710109089
O23,space_filling,joint,5,0.181031913182,0.952380952381,1.79022916071,0.245663788746
O23,space_filling,joint,6,0.110866967396,1,1.75481675648,0.202294708603
O23,space_filling,joint,7,0.107434556601,1,1.71910571598,0.198934876905
O23,space_filling,joint,8,0.0934442806442,1,1.70738272039,0.188692446176
O23,space_filling,joint,9,0.106888764031,1,1.64167190335,0.195755446729
O23,space_filling,joint,10,0.104699215911,1,1.6364134009,0.194404844321
O23,space_filling,joint,11,0.0996158820982,1,1.63014727028,0.191326612582
O23,space_filling,joint,12,0.0948174472915,1,1.62117598039,0.187519666435
O23,space_filling,joint,13,0.0958563981485,1,1.61293705242,0.188261299421
O23,space_filling,joint,14,0.0925993578235,1,1.60548767013,0.185481491118
O23,space_filling,joint,15,0.0971632757121,1,1.59769366083,0.188479384832
O23,space_filling,joint,16,0.0912449582936,1,1.58680599616,0.183889332209
O24,ivr,diagonal_matched,3,0.303802993251,0.942857142857,2.17750203111,0.290269221782
O24,ivr,diagonal_matched,4,0.135994194087,1,1.82635124253,0.217189626533
O24,ivr,diagonal_matched,5,0.130625772921,1,1.74376987255,0.211164796781
O24,ivr,diagonal_matched,6,0.108746516289,0.971428571429,1.68659257412,0.195260200445
O24,ivr,diagonal_matched,7,0.112857893575,0.971428571429,1.64711192442,0.195854127621
O24,ivr,diagonal_matched,8,0.120300471212,0.971428571429,1.62196154392,0.198426291288
O24,ivr,diagonal_matched,9,0.11935018688,0.971428571429,1.59859345793,0.196993694168
O24,ivr,diagonal_matched,10,0.125488059961,0.971428571429,1.58233447568,0.201673420483
O24,ivr,diagonal_matched,11,0.12783839761,0.971428571429,1.56827192121,0.202363170057
O24,ivr,diagonal_matched,12,0.117022763633,0.971428571429,1.55759999297,0.196504912721
O24,ivr,diagonal_matched,13,0.110602495948,0.971428571429,1.54805008629,0.191925788818
O24,ivr,diagonal_matched,14,0.111131913654,0.971428571429,1.53941657471,0.191817801856
O24,ivr,diagonal_matched,15,0.109852694095,0.971428571429,1.53577360404,0.190678322694
O24,ivr,diagonal_matched,16,0.109852694095,0.971428571429,1.53577360404,0.190678322694
O24,ivr,diagonal_tuned,3,0.303802993251,0.942857142857,2.17750203111,0.290269221782
O24,ivr,diagonal_tuned,4,0.135994194087,1,1.82635124253,0.217189626533
O24,ivr,diagonal_tuned,5,0.130625772921,1,1.74376987255,0.211164796781
O24,ivr,diagonal_tuned,6,0.108746516289,0.971428571429,1.68659257412,0.195260200445
O24,ivr,diagonal_tuned,7,0.112857893575,0.971428571429,1.64711192442,0.195854127621
O24,ivr,diagonal_tuned,8,0.120300471212,0.971428571429,1.62196154392,0.198426291288
O24,ivr,diagonal_tuned,9,0.11935018688,0.971428571429,1.59859345793,0.196993694168
O24,ivr,diagonal_tuned,10,0.125488059961,0.971428571429,1.58233447568,0.201673420483
O24,ivr,diagonal_tuned,11,0.12783839761,0.971428571429,1.56827192121,0.202363170057
O24,ivr,diagonal_tuned,12,0.117022763633,0.971428571429,1.55759999297,0.196504912721
O24,ivr,diagonal_tuned,13,0.110602495948,0.971428571429,1.54805008629,0.191925788818
O24,ivr,diagonal_tuned,14,0.111131913654,0.971428571429,1.53941657471,0.191817801856
O24,ivr,diagonal_tuned,15,0.109852694095,0.971428571429,1.53577360404,0.190678322694
O24,ivr,diagonal_tuned,16,0.109852694095,0.971428571429,1.53577360404,0.190678322694
O24,ivr,joint,3,0.270880649431,0.971428571429,2.20484826641,0.277845807233
O24,ivr,joint,4,0.100391182876,1,1.85101410888,0.197274774698
O24,ivr,joint,5,0.0944342423195,1,1.78763253963,0.190697285475
O24,ivr,joint,6,0.080234248929,1,1.72785479333,0.179134516051
O24,ivr,joint,7,0.0654960848437,1,1.68315446909,0.167246529651
O24,ivr,joint,8,0.0691592707953,1,1.65835337149,0.168334175435
O24,ivr,joint,9,0.0748498498689,0.971428571429,1.64257529814,0.171041810942
O24,ivr,joint,10,0.0711094663312,0.971428571429,1.62978560738,0.167840618077
O24,ivr,joint,11,0.0726832531314,0.971428571429,1.61985472011,0.168698252297
O24,ivr,joint,12,0.070532666638,0.971428571429,1.61133360492,0.1667571592
O24,ivr,joint,13,0.06777018925,0.971428571429,1.60519297915,0.164471209733
O24,ivr,joint,14,0.0607192189447,1,1.59933899519,0.160066895883
O24,ivr,joint,15,0.0604967336994,1,1.59428129058,0.159568539151
O24,ivr,joint,16,0.0610240656974,1,1.59029081026,0.159767661257
O24,ivr,linear,3,0.333467859239,,,
O24,ivr,linear,4,0.160145233805,,,
O24,ivr,linear,5,0.123691416866,,,
O24,ivr,linear,6,0.116884538535,,,
O24,ivr,linear,7,0.0968750016324,,,
O24,ivr,linear,8,0.111806751531,,,
O24,ivr,linear,9,0.119232852002,,,
O24,ivr,linear,10,0.112083837083,,,
O24,ivr,linear,11,0.116579405985,,,
O24,ivr,linear,12,0.115403023378,,,
O24,ivr,linear,13,0.106201103902,,,
O24,ivr,linear,14,0.10643975225,,,
O24,ivr,linear,15,0.0823743987152,,,
O24,ivr,linear,16,0.0813728886442,,,
O24,ivr,pchip,3,0.793441745411,,,
O24,ivr,pchip,4,0.153658228517,,,
O24,ivr,pchip,5,0.118040132092,,,
O24,ivr,pchip,6,0.118528620029,,,
O24,ivr,pchip,7,0.0958931438709,,,
O24,ivr,pchip,8,0.111027564129,,,
O24,ivr,pchip,9,0.119463527256,,,
O24,ivr,pchip,10,0.112314512338,,,
O24,ivr,pchip,11,0.116824987153,,,
O24,ivr,pchip,12,0.115403023378,,,
O24,ivr,pchip,13,0.106201103902,,,
O24,ivr,pchip,14,0.10643975225,,,
O24,ivr,pchip,15,0.0823743987152,,,
O24,ivr,pchip,16,0.0813728886442,,,
O24,random,diagonal_matched,3,0.303802993251,0.942857142857,2.17750203111,0.290269221782
O24,random,diagonal_matched,4,0.268677799223,0.932857142857,1.96305119255,0.270933895017
O24,random,diagonal_matched,5,0.219431320999,0.937142857143,1.83421473698,0.24908554697
O24,random,diagonal_matched,6,0.176610784173,0.948571428571,1.74138715368,0.230113254513
O24,random,diagonal_matched,7,0.151785405141,0.961428571429,1.69032531039,0.218296373756
O24,random,diagonal_matched,8,0.13492496344,0.964285714286,1.65647642967,0.208626457934
O24,random,diagonal_matched,9,0.12617030815,0.961428571429,1.63155120711,0.203313776973
O24,random,diagonal_matched,10,0.123416357708,0.97,1.60968312953,0.200657015007
O24,random,diagonal_matched,11,0.117295579609,0.97,1.59127056971,0.196670043702
O24,random,diagonal_matched,12,0.113069334905,0.971428571429,1.57576501323,0.193908889239
O24,random,diagonal_matched,13,0.113564487523,0.971428571429,1.56341544984,0.193699984842
O24,random,diagonal_matched,14,0.112663280353,0.971428571429,1.55291424747,0.192779064366
O24,random,diagonal_matched,15,0.111755274711,0.971428571429,1.54319146062,0.192125004054
O24,random,diagonal_matched,16,0.109852694095,0.971428571429,1.53577360404,0.190678322694
O24,random,diagonal_tuned,3,0.303802993251,0.942857142857,2.17750203111,0.290269221782
O24,random,diagonal_tuned,4,0.268677799223,0.932857142857,1.96305119255,0.270933895017
O24,random,diagonal_tuned,5,0.219431320999,0.937142857143,1.83421473698,0.24908554697
O24,random,diagonal_tuned,6,0.176610784173,0.948571428571,1.74138715368,0.230113254513
O24,random,diagonal_tuned,7,0.151785405141,0.961428571429,1.69032531039,0.218296373756
O24,random,diagonal_tuned,8,0.13492496344,0.964285714286,1.65647642967,0.208626457934
O24,random,diagonal_tuned,9,0.12617030815,0.961428571429,1.63155120711,0.203313776973
O24,random,diagonal_tuned,10,0.123416357708,0.97,1.60968312953,0.200657015007
O24,random,diagonal_tuned,11,0.117295579609,0.97,1.59127056971,0.196670043702
O24,random,diagonal_tuned,12,0.113069334905,0.971428571429,1.57576501323,0.193908889239
O24,random,diagonal_tuned,13,0.113564487523,0.971428571429,1.56341544984,0.193699984842
O24,random,diagonal_tuned,14,0.112663280353,0.971428571429,1.55291424747,0.192779064366
O24,random,diagonal_tuned,15,0.111755274711,0.971428571429,1.54319146062,0.192125004054
O24,random,diagonal_tuned,16,0.109852694095,0.971428571429,1.53577360404,0.190678322694
O24,random,joint,3,0.270880649431,0.971428571429,2.20484826641,0.277845807233
O24,random,joint,4,0.221662323859,0.951428571429,2.00078631772,0.251303041774
O24,random,joint,5,0.175840621928,0.962857142857,1.87843608082,0.229276983074
O24,random,joint,6,0.1284570604,0.972857142857,1.78772727781,0.205578172661
O24,random,joint,7,0.102092486133,0.984285714286,1.73824541366,0.191297441456
O24,random,joint,8,0.0851133673416,0.99,1.70334038027,0.18016279982
O24,random,joint,9,0.0774917036013,0.995714285714,1.68694883373,0.17495807225
O24,random,joint,10,0.0734583128514,0.991428571429,1.66815589005,0.171454856737
O24,random,joint,11,0.0689978249822,0.997142857143,1.65229595056,0.167981490618
O24,random,joint,12,0.0646733799477,0.997142857143,1.63327090013,0.164316292133
O24,random,joint,13,0.0637545442826,0.995714285714,1.61814582245,0.162856645989
O24,random,joint,14,0.0631353984809,0.995714285714,1.61148032107,0.162122610216
O24,random,joint,15,0.0619197224262,0.998571428571,1.59857550222,0.160761223386
O24,random,joint,16,0.0610240656974,1,1.59029081026,0.159767661257
O24,space_filling,diagonal_matched,3,0.303802993251,0.942857142857,2.17750203111,0.290269221782
O24,space_filling,diagonal_matched,4,0.135994194087,1,1.82635124253,0.217189626533
O24,space_filling,diagonal_matched,5,0.129850683518,0.971428571429,1.7480745,0.208938368979
O24,space_filling,diagonal_matched,6,0.15182886851,0.971428571429,1.69849284272,0.219992406286
O24,space_filling,diagonal_matched,7,0.112857893575,0.971428571429,1.64711192442,0.195854127621
O24,space_filling,diagonal_matched,8,0.114525714983,0.971428571429,1.6237848651,0.195321418916
O24,space_filling,diagonal_matched,9,0.114525714983,0.971428571429,1.6237848651,0.195321418916
O24,space_filling,diagonal_matched,10,0.11188403151,0.971428571429,1.61709130799,0.193045541599
O24,space_filling,diagonal_matched,11,0.114720705634,0.971428571429,1.60620787419,0.19418754038
O24,space_filling,diagonal_matched,12,0.122931275269,0.971428571429,1.59425829372,0.198398771883
O24,space_filling,diagonal_matched,13,0.106219289049,0.971428571429,1.58152336518,0.189268155226
O24,space_filling,diagonal_matched,14,0.114836791644,0.971428571429,1.56851110453,0.195054340656
O24,space_filling,diagonal_matched,15,0.112465611791,0.971428571429,1.55417023562,0.192986277027
O24,space_filling,diagonal_matched,16,0.109852694095,0.971428571429,1.53577360404,0.190678322694
O24,space_filling,diagonal_tuned,3,0.303802993251,0.942857142857,2.17750203111,0.290269221782
O24,space_filling,diagonal_tuned,4,0.135994194087,1,1.82635124253,0.217189626533
O24,space_filling,diagonal_tuned,5,0.129850683518,0.971428571429,1.7480745,0.208938368979
O24,space_filling,diagonal_tuned,6,0.15182886851,0.971428571429,1.69849284272,0.219992406286
O24,space_filling,diagonal_tuned,7,0.112857893575,0.971428571429,1.64711192442,0.195854127621
O24,space_filling,diagonal_tuned,8,0.114525714983,0.971428571429,1.6237848651,0.195321418916
O24,space_filling,diagonal_tuned,9,0.114525714983,0.971428571429,1.6237848651,0.195321418916
O24,space_filling,diagonal_tuned,10,0.11188403151,0.971428571429,1.61709130799,0.193045541599
O24,space_filling,diagonal_tuned,11,0.114720705634,0.971428571429,1.60620787419,0.19418754038
O24,space_filling,diagonal_tuned,12,0.122931275269,0.971428571429,1.59425829372,0.198398771883
O24,space_filling,diagonal_tuned,13,0.106219289049,0.971428571429,1.58152336518,0.189268155226
O24,space_filling,diagonal_tuned,14,0.114836791644,0.971428571429,1.56851110453,0.195054340656
O24,space_filling,diagonal_tuned,15,0.112465611791,0.971428571429,1.55417023562,0.192986277027
O24,space_filling,diagonal_tuned,16,0.109852694095,0.971428571429,1.53577360404,0.190678322694
O24,space_filling,joint,3,0.270880649431,0.971428571429,2.20484826641,0.277845807233
O24,space_filling,joint,4,0.100391182876,1,1.85101410888,0.197274774698
O24,space_filling,joint,5,0.0879879511239,1,1.79479696264,0.186985864754
O24,space_filling,joint,6,0.101281902387,1,1.76315471975,0.193420097205
O24,space_filling,joint,7,0.0704092800867,1,1.72555569592,0.172409496221
O24,space_filling,joint,8,0.0659702465642,1,1.713638682,0.168892952792
O24,space_filling,joint,9,0.0651667208192,1,1.64446330344,0.164726808292
O24,space_filling,joint,10,0.0652401501358,1,1.6394346752,0.164524707596
O24,space_filling,joint,11,0.0655610534471,1,1.63321163743,0.164322266257
O24,space_filling,joint,12,0.0738313088098,0.971428571429,1.6243301598,0.169316109588
O24,space_filling,joint,13,0.0625427500463,1,1.61633314492,0.162006592041
O24,space_filling,joint,14,0.066549263638,1,1.60888342877,0.164586927544
O24,space_filling,joint,15,0.065236775191,1,1.60114455243,0.163252585652
O24,space_filling,joint,16,0.0610240656974,1,1.59029081026,0.159767661257
O25,ivr,diagonal_matched,3,0.662562538879,0.809523809524,2.18298439618,0.482316054469
O25,ivr,diagonal_matched,4,0.53648400214,0.857142857143,1.82651008504,0.438613292677
O25,ivr,diagonal_matched,5,0.504665288572,0.857142857143,1.74466708279,0.427142151131
O25,ivr,diagonal_matched,6,0.57959395763,0.761904761905,1.68584527538,0.471903278985
O25,ivr,diagonal_matched,7,0.567685102413,0.714285714286,1.64624100412,0.467910426129
O25,ivr,diagonal_matched,8,0.564752521189,0.809523809524,1.62100342367,0.469220322541
O25,ivr,diagonal_matched,9,0.543961574658,0.809523809524,1.59762328358,0.458248185515
O25,ivr,diagonal_matched,10,0.567056436331,0.714285714286,1.58143929637,0.471809241767
O25,ivr,diagonal_matched,11,0.507716019628,0.761904761905,1.56712670969,0.445176019693
O25,ivr,diagonal_matched,12,0.500628162437,0.761904761905,1.55697045647,0.442085386225
O25,ivr,diagonal_matched,13,0.491884850574,0.809523809524,1.54742200619,0.437521568234
O25,ivr,diagonal_matched,14,0.483409805761,0.809523809524,1.53882309029,0.434041487207
O25,ivr,diagonal_matched,15,0.466501707656,0.809523809524,1.53565964888,0.42573588592
O25,ivr,diagonal_matched,16,0.466501707656,0.809523809524,1.53565964888,0.42573588592
O25,ivr,diagonal_tuned,3,0.662562538879,0.809523809524,2.18298439618,0.482316054469
O25,ivr,diagonal_tuned,4,0.53648400214,0.857142857143,1.82651008504,0.438613292677
O25,ivr,diagonal_tuned,5,0.504665288572,0.857142857143,1.74466708279,0.427142151131
O25,ivr,diagonal_tuned,6,0.57959395763,0.761904761905,1.68584527538,0.471903278985
O25,ivr,diagonal_tuned,7,0.567685102413,0.714285714286,1.64624100412,0.467910426129
O25,ivr,diagonal_tuned,8,0.564752521189,0.809523809524,1.62100342367,0.469220322541
O25,ivr,diagonal_tuned,9,0.543961574658,0.809523809524,1.59762328358,0.458248185515
O25,ivr,diagonal_tuned,10,0.567056436331,0.714285714286,1.58143929637,0.471809241767
O25,ivr,diagonal_tuned,11,0.507716019628,0.761904761905,1.56712670969,0.445176019693
O25,ivr,diagonal_tuned,12,0.500628162437,0.761904761905,1.55697045647,0.442085386225
O25,ivr,diagonal_tuned,13,0.491884850574,0.809523809524,1.54742200619,0.437521568234
O25,ivr,diagonal_tuned,14,0.483409805761,0.809523809524,1.53882309029,0.434041487207
O25,ivr,diagonal_tuned,15,0.466501707656,0.809523809524,1.53565964888,0.42573588592
O25,ivr,diagonal_tuned,16,0.466501707656,0.809523809524,1.53565964888,0.42573588592
O25,ivr,joint,3,0.645971433555,0.761904761905,2.20711102224,0.4721329301
O25,ivr,joint,4,0.49553185155,0.857142857143,1.84648131131,0.412858730554
O25,ivr,joint,5,0.512133487079,0.857142857143,1.78606482552,0.427304164518
O25,ivr,joint,6,0.531699960594,0.761904761905,1.72707784391,0.437406999079
O25,ivr,joint,7,0.606413250972,0.619047619048,1.68024867983,0.47814156982
O25,ivr,joint,8,0.587910458921,0.666666666667,1.6553193101,0.469352190579
O25,ivr,joint,9,0.577070595585,0.666666666667,1.6392997723,0.465193410526
O25,ivr,joint,10,0.554413272671,0.714285714286,1.62647337525,0.452566036702
O25,ivr,joint,11,0.590404380985,0.714285714286,1.61656295756,0.471842538114
O25,ivr,joint,12,0.539457584952,0.714285714286,1.6082969252,0.450238911702
O25,ivr,joint,13,0.540523265103,0.714285714286,1.60192958274,0.450825380106
O25,ivr,joint,14,0.526403077706,0.714285714286,1.59596307976,0.444306562575
O25,ivr,joint,15,0.535513403232,0.714285714286,1.59086994076,0.45047621617
O25,ivr,joint,16,0.531367597721,0.714285714286,1.58680599616,0.44860671422
O25,ivr,linear,3,0.673831629233,,,
O25,ivr,linear,4,0.576639169474,,,
O25,ivr,linear,5,0.561414735571,,,
O25,ivr,linear,6,0.585774122587,,,
O25,ivr,linear,7,0.689738836197,,,
O25,ivr,linear,8,0.635141100416,,,
O25,ivr,linear,9,0.58666944892,,,
O25,ivr,linear,10,0.564386473155,,,
O25,ivr,linear,11,0.600390628788,,,
O25,ivr,linear,12,0.518074986768,,,
O25,ivr,linear,13,0.519118916818,,,
O25,ivr,linear,14,0.520605960735,,,
O25,ivr,linear,15,0.473173720187,,,
O25,ivr,linear,16,0.48318482357,,,
O25,ivr,pchip,3,0.66449163872,,,
O25,ivr,pchip,4,0.541280902864,,,
O25,ivr,pchip,5,0.500335038947,,,
O25,ivr,pchip,6,0.539849007675,,,
O25,ivr,pchip,7,0.673998013275,,,
O25,ivr,pchip,8,0.64644840091,,,
O25,ivr,pchip,9,0.597433429595,,,
O25,ivr,pchip,10,0.575150453831,,,
O25,ivr,pchip,11,0.611154609463,,,
O25,ivr,pchip,12,0.518074986768,,,
O25,ivr,pchip,13,0.519118916818,,,
O25,ivr,pchip,14,0.520605960735,,,
O25,ivr,pchip,15,0.473173720187,,,
O25,ivr,pchip,16,0.48318482357,,,
O25,random,diagonal_matched,3,0.662562538879,0.809523809524,2.18298439618,0.482316054469
O25,random,diagonal_matched,4,0.634731244229,0.809523809524,1.96717625548,0.476580301614
O25,random,diagonal_matched,5,0.592248322975,0.785714285714,1.83716219591,0.464312327661
O25,random,diagonal_matched,6,0.568903403472,0.77380952381,1.74277203391,0.460789709943
O25,random,diagonal_matched,7,0.544778243876,0.77380952381,1.69096281281,0.453947646275
O25,random,diagonal_matched,8,0.535483975648,0.766666666667,1.65675354299,0.451245057532
O25,random,diagonal_matched,9,0.520801681298,0.77380952381,1.63171669286,0.445480145373
O25,random,diagonal_matched,10,0.518696700891,0.77380952381,1.60968345091,0.446918175986
O25,random,diagonal_matched,11,0.504782280675,0.77619047619,1.59123188237,0.441410297042
O25,random,diagonal_matched,12,0.48969729077,0.785714285714,1.57565693641,0.434235854875
O25,random,diagonal_matched,13,0.484196663247,0.783333333333,1.56329202208,0.432539113168
O25,random,diagonal_matched,14,0.484883713671,0.785714285714,1.55274367401,0.434180769557
O25,random,diagonal_matched,15,0.47794653831,0.795238095238,1.542976327,0.431171411456
O25,random,diagonal_matched,16,0.466501707656,0.809523809524,1.53565964888,0.42573588592
O25,random,diagonal_tuned,3,0.662562538879,0.809523809524,2.18298439618,0.482316054469
O25,random,diagonal_tuned,4,0.634731244229,0.809523809524,1.96717625548,0.476580301614
O25,random,diagonal_tuned,5,0.592248322975,0.785714285714,1.83716219591,0.464312327661
O25,random,diagonal_tuned,6,0.568903403472,0.77380952381,1.74277203391,0.460789709943
O25,random,diagonal_tuned,7,0.544778243876,0.77380952381,1.69096281281,0.453947646275
O25,random,diagonal_tuned,8,0.535483975648,0.766666666667,1.65675354299,0.451245057532
O25,random,diagonal_tuned,9,0.520801681298,0.77380952381,1.63171669286,0.445480145373
O25,random,diagonal_tuned,10,0.518696700891,0.77380952381,1.60968345091,0.446918175986
O25,random,diagonal_tuned,11,0.504782280675,0.77619047619,1.59123188237,0.441410297042
O25,random,diagonal_tuned,12,0.48969729077,0.785714285714,1.57565693641,0.434235854875
O25,random,diagonal_tuned,13,0.484196663247,0.783333333333,1.56329202208,0.432539113168
O25,random,diagonal_tuned,14,0.484883713671,0.785714285714,1.55274367401,0.434180769557
O25,random,diagonal_tuned,15,0.47794653831,0.795238095238,1.542976327,0.431171411456
O25,random,diagonal_tuned,16,0.466501707656,0.809523809524,1.53565964888,0.42573588592
O25,random,joint,3,0.645971433555,0.761904761905,2.20711102224,0.4721329301
O25,random,joint,4,0.62905518345,0.785714285714,2.0003189782,0.466485873861
O25,random,joint,5,0.611138157579,0.757142857143,1.87618244653,0.462356737872
O25,random,joint,6,0.580351015574,0.75,1.78373334045,0.45446843416
O25,random,joint,7,0.556133089461,0.754761904762,1.73374776512,0.447657166524
O25,random,joint,8,0.54842040858,0.752380952381,1.6989832468,0.446325911016
O25,random,joint,9,0.541230850675,0.733333333333,1.68231893997,0.443945520578
O25,random,joint,10,0.545655173947,0.735714285714,1.66349887866,0.44827285224
O25,random,joint,11,0.53587145839,0.75,1.64770555792,0.445121836968
O25,random,joint,12,0.523486308085,0.759523809524,1.62922441972,0.439857453605
O25,random,joint,13,0.528801567804,0.752380952381,1.61435995078,0.444002832106
O25,random,joint,14,0.533616393894,0.730952380952,1.60759103939,0.44764881607
O25,random,joint,15,0.533284337187,0.716666666667,1.59499967311,0.448376858338
O25,random,joint,16,0.531367597721,0.714285714286,1.58680599616,0.44860671422
O25,space_filling,diagonal_matched,3,0.662562538879,0.809523809524,2.18298439618,0.482316054469
O25,space_filling,diagonal_matched,4,0.53648400214,0.857142857143,1.82651008504,0.438613292677
O25,space_filling,diagonal_matched,5,0.55214381065,0.809523809524,1.74931902597,0.450696149713
O25,space_filling,diagonal_matched,6,0.507127593852,0.809523809524,1.69531807253,0.432028203411
O25,space_filling,diagonal_matched,7,0.567685102413,0.714285714286,1.64624100412,0.467910426129
O25,space_filling,diagonal_matched,8,0.494776508778,0.809523809524,1.62339726286,0.435624490002
O25,space_filling,diagonal_matched,9,0.494776508778,0.809523809524,1.62339726286,0.435624490002
O25,space_filling,diagonal_matched,10,0.470533719271,0.809523809524,1.61749060244,0.423871574814
O25,space_filling,diagonal_matched,11,0.464662623421,0.809523809524,1.60657072731,0.421687196017
O25,space_filling,diagonal_matched,12,0.480040055989,0.809523809524,1.59457752677,0.430800644096
O25,space_filling,diagonal_matched,13,0.473491956475,0.809523809524,1.58147426086,0.427082426512
O25,space_filling,diagonal_matched,14,0.49538158443,0.761904761905,1.56846143532,0.439062231225
O25,space_filling,diagonal_matched,15,0.494438751445,0.761904761905,1.55406898497,0.439312338766
O25,space_filling,diagonal_matched,16,0.466501707656,0.809523809524,1.53565964888,0.42573588592
O25,space_filling,diagonal_tuned,3,0.662562538879,0.809523809524,2.18298439618,0.482316054469
O25,space_filling,diagonal_tuned,4,0.53648400214,0.857142857143,1.82651008504,0.438613292677
O25,space_filling,diagonal_tuned,5,0.55214381065,0.809523809524,1.74931902597,0.450696149713
O25,space_filling,diagonal_tuned,6,0.507127593852,0.809523809524,1.69531807253,0.432028203411
O25,space_filling,diagonal_tuned,7,0.567685102413,0.714285714286,1.64624100412,0.467910426129
O25,space_filling,diagonal_tuned,8,0.494776508778,0.809523809524,1.62339726286,0.435624490002
O25,space_filling,diagonal_tuned,9,0.494776508778,0.809523809524,1.62339726286,0.435624490002
O25,space_filling,diagonal_tuned,10,0.470533719271,0.809523809524,1.61749060244,0.423871574814
O25,space_filling,diagonal_tuned,11,0.464662623421,0.809523809524,1.60657072731,0.421687196017
O25,space_filling,diagonal_tuned,12,0.480040055989,0.809523809524,1.59457752677,0.430800644096
O25,space_filling,diagonal_tuned,13,0.473491956475,0.809523809524,1.58147426086,0.427082426512
O25,space_filling,diagonal_tuned,14,0.49538158443,0.761904761905,1.56846143532,0.439062231225
O25,space_filling,diagonal_tuned,15,0.494438751445,0.761904761905,1.55406898497,0.439312338766
O25,space_filling,diagonal_tuned,16,0.466501707656,0.809523809524,1.53565964888,0.42573588592
O25,space_filling,joint,3,0.645971433555,0.761904761905,2.20711102224,0.4721329301
O25,space_filling,joint,4,0.49553185155,0.857142857143,1.84648131131,0.412858730554
O25,space_filling,joint,5,0.519564607334,0.809523809524,1.79022916071,0.426898492689
O25,space_filling,joint,6,0.464604100001,0.761904761905,1.75481675648,0.401725418234
O25,space_filling,joint,7,0.527870164383,0.714285714286,1.71910571598,0.434768873441
O25,space_filling,joint,8,0.466830385083,0.809523809524,1.70738272039,0.408346919542
O25,space_filling,joint,9,0.51221766431,0.761904761905,1.64167190335,0.436484784949
O25,space_filling,joint,10,0.525754473332,0.761904761905,1.6364134009,0.444754381022
O25,space_filling,joint,11,0.516545641459,0.761904761905,1.63014727028,0.440564189497
O25,space_filling,joint,12,0.534783608902,0.714285714286,1.62117598039,0.450477312616
O25,space_filling,joint,13,0.526897003353,0.714285714286,1.61293705242,0.445729818539
O25,space_filling,joint,14,0.563515268156,0.666666666667,1.60548767013,0.463879047923
O25,space_filling,joint,15,0.55989845528,0.666666666667,1.59769366083,0.462907919315
O25,space_filling,joint,16,0.531367597721,0.714285714286,1.58680599616,0.44860671422
O26,ivr,diagonal_matched,3,0.69904456765,0.964285714286,2.1717227561,0.405088180938
O26,ivr,diagonal_matched,4,0.649416084863,0.857142857143,1.82593266727,0.361230837991
O26,ivr,diagonal_matched,5,0.601701194186,0.928571428571,1.74236414981,0.335598703257
O26,ivr,diagonal_matched,6,0.599884966637,0.928571428571,1.68728450927,0.333035268461
O26,ivr,diagonal_matched,7,0.597299803141,0.964285714286,1.6476973734,0.32114260537
O26,ivr,diagonal_matched,8,0.599576785379,0.964285714286,1.62285962227,0.32146720118
O26,ivr,diagonal_matched,9,0.592603771946,0.964285714286,1.5994750933,0.32121490808
O26,ivr,diagonal_matched,10,0.594091700333,0.964285714286,1.58325926225,0.321236986055
O26,ivr,diagonal_matched,11,0.585989827272,0.964285714286,1.56909087143,0.316116806821
O26,ivr,diagonal_matched,12,0.586211746506,0.964285714286,1.55831340982,0.315537682879
O26,ivr,diagonal_matched,13,0.592316904166,0.964285714286,1.54880742372,0.318631847219
O26,ivr,diagonal_matched,14,0.591099175815,0.964285714286,1.54007680008,0.317379666005
O26,ivr,diagonal_matched,15,0.592028116792,0.964285714286,1.53602514358,0.317738118943
O26,ivr,diagonal_matched,16,0.592028116792,0.964285714286,1.53602514358,0.317738118943
O26,ivr,diagonal_tuned,3,0.69904456765,0.964285714286,2.1717227561,0.405088180938
O26,ivr,diagonal_tuned,4,0.649416084863,0.857142857143,1.82593266727,0.361230837991
O26,ivr,diagonal_tuned,5,0.601701194186,0.928571428571,1.74236414981,0.335598703257
O26,ivr,diagonal_tuned,6,0.599884966637,0.928571428571,1.68728450927,0.333035268461
O26,ivr,diagonal_tuned,7,0.597299803141,0.964285714286,1.6476973734,0.32114260537
O26,ivr,diagonal_tuned,8,0.599576785379,0.964285714286,1.62285962227,0.32146720118
O26,ivr,diagonal_tuned,9,0.592603771946,0.964285714286,1.5994750933,0.32121490808
O26,ivr,diagonal_tuned,10,0.594091700333,0.964285714286,1.58325926225,0.321236986055
O26,ivr,diagonal_tuned,11,0.585989827272,0.964285714286,1.56909087143,0.316116806821
O26,ivr,diagonal_tuned,12,0.586211746506,0.964285714286,1.55831340982,0.315537682879
O26,ivr,diagonal_tuned,13,0.592316904166,0.964285714286,1.54880742372,0.318631847219
O26,ivr,diagonal_tuned,14,0.591099175815,0.964285714286,1.54007680008,0.317379666005
O26,ivr,diagonal_tuned,15,0.592028116792,0.964285714286,1.53602514358,0.317738118943
O26,ivr,diagonal_tuned,16,0.592028116792,0.964285714286,1.53602514358,0.317738118943
O26,ivr,joint,3,0.627761571902,0.964285714286,2.20207322022,0.37900341169
O26,ivr,joint,4,0.59127070745,0.892857142857,1.85472163748,0.341734599432
O26,ivr,joint,5,0.680351173071,0.857142857143,1.78910793447,0.368161123683
O26,ivr,joint,6,0.618774676374,0.928571428571,1.7280980148,0.338853437554
O26,ivr,joint,7,0.616296940647,0.892857142857,1.68577430149,0.335900704247
O26,ivr,joint,8,0.618805205064,0.964285714286,1.66089738221,0.326433390591
O26,ivr,joint,9,0.63119950272,0.964285714286,1.64545396727,0.333328645414
O26,ivr,joint,10,0.633190455758,0.964285714286,1.6326807662,0.333040067026
O26,ivr,joint,11,0.629217072298,0.964285714286,1.62276613267,0.33052892449
O26,ivr,joint,12,0.628360756267,0.964285714286,1.61409756822,0.329624970883
O26,ivr,joint,13,0.621192257185,0.964285714286,1.60819409506,0.324304892421
O26,ivr,joint,14,0.622773032585,0.964285714286,1.6024589054,0.324460483458
O26,ivr,joint,15,0.596520654601,0.964285714286,1.59756150199,0.3165854597
O26,ivr,joint,16,0.59376587571,0.964285714286,1.59364557,0.314981384942
O26,ivr,linear,3,0.734107171213,,,
O26,ivr,linear,4,0.623690505915,,,
O26,ivr,linear,5,0.699336548739,,,
O26,ivr,linear,6,0.62347124193,,,
O26,ivr,linear,7,0.613638351085,,,
O26,ivr,linear,8,0.598120304882,,,
O26,ivr,linear,9,0.613510597605,,,
O26,ivr,linear,10,0.643540227345,,,
O26,ivr,linear,11,0.635279906336,,,
O26,ivr,linear,12,0.632171530855,,,
O26,ivr,linear,13,0.625325762028,,,
O26,ivr,linear,14,0.620857882105,,,
O26,ivr,linear,15,0.609284103067,,,
O26,ivr,linear,16,0.612493059828,,,
O26,ivr,pchip,3,0.91627076799,,,
O26,ivr,pchip,4,0.702562824675,,,
O26,ivr,pchip,5,0.80463674096,,,
O26,ivr,pchip,6,0.61821660387,,,
O26,ivr,pchip,7,0.603751558188,,,
O26,ivr,pchip,8,0.599729745821,,,
O26,ivr,pchip,9,0.615079601722,,,
O26,ivr,pchip,10,0.645109231462,,,
O26,ivr,pchip,11,0.636313937336,,,
O26,ivr,pchip,12,0.632171530855,,,
O26,ivr,pchip,13,0.625325762028,,,
O26,ivr,pchip,14,0.620857882105,,,
O26,ivr,pchip,15,0.609284103067,,,
O26,ivr,pchip,16,0.612493059828,,,
O26,random,diagonal_matched,3,0.69904456765,0.964285714286,2.1717227561,0.405088180938
O26,random,diagonal_matched,4,0.662964612165,0.930357142857,1.95927403616,0.375756622648
O26,random,diagonal_matched,5,0.645343130906,0.910714285714,1.83147127798,0.357072937258
O26,random,diagonal_matched,6,0.627484130809,0.928571428571,1.74019205041,0.345472281211
O26,random,diagonal_matched,7,0.619780026333,0.939285714286,1.68989708767,0.340401401259
O26,random,diagonal_matched,8,0.61242467356,0.948214285714,1.65635197099,0.335107491991
O26,random,diagonal_matched,9,0.612785476396,0.948214285714,1.6315482097,0.334278949644
O26,random,diagonal_matched,10,0.609590046954,0.957142857143,1.60984258117,0.330937882126
O26,random,diagonal_matched,11,0.605298528233,0.9625,1.59144455089,0.327350852556
O26,random,diagonal_matched,12,0.601614965441,0.960714285714,1.5759971574,0.325490125656
O26,random,diagonal_matched,13,0.598108807723,0.964285714286,1.56367211544,0.322050958816
O26,random,diagonal_matched,14,0.596104330756,0.964285714286,1.55322075826,0.3200737812
O26,random,diagonal_matched,15,0.594816072786,0.964285714286,1.54352826422,0.319622847413
O26,random,diagonal_matched,16,0.592028116792,0.964285714286,1.53602514358,0.317738118943
O26,random,diagonal_tuned,3,0.69904456765,0.964285714286,2.1717227561,0.405088180938
O26,random,diagonal_tuned,4,0.662964612165,0.930357142857,1.95927403616,0.375756622648
O26,random,diagonal_tuned,5,0.645343130906,0.910714285714,1.83147127798,0.357072937258
O26,random,diagonal_tuned,6,0.627484130809,0.928571428571,1.74019205041,0.345472281211
O26,random,diagonal_tuned,7,0.619780026333,0.939285714286,1.68989708767,0.340401401259
O26,random,diagonal_tuned,8,0.61242467356,0.948214285714,1.65635197099,0.335107491991
O26,random,diagonal_tuned,9,0.612785476396,0.948214285714,1.6315482097,0.334278949644
O26,random,diagonal_tuned,10,0.609590046954,0.957142857143,1.60984258117,0.330937882126
O26,random,diagonal_tuned,11,0.605298528233,0.9625,1.59144455089,0.327350852556
O26,random,diagonal_tuned,12,0.601614965441,0.960714285714,1.5759971574,0.325490125656
O26,random,diagonal_tuned,13,0.598108807723,0.964285714286,1.56367211544,0.322050958816
O26,random,diagonal_tuned,14,0.596104330756,0.964285714286,1.55322075826,0.3200737812
O26,random,diagonal_tuned,15,0.594816072786,0.964285714286,1.54352826422,0.319622847413
O26,random,diagonal_tuned,16,0.592028116792,0.964285714286,1.53602514358,0.317738118943
O26,random,joint,3,0.627761571902,0.964285714286,2.20207322022,0.37900341169
O26,random,joint,4,0.587448383742,0.944642857143,2.0014480363,0.346772235734
O26,random,joint,5,0.574947786414,0.930357142857,1.8805158946,0.329485092693
O26,random,joint,6,0.569957894318,0.939285714286,1.79142448681,0.323395034241
O26,random,joint,7,0.574427376411,0.942857142857,1.74253727925,0.321358095618
O26,random,joint,8,0.580218565129,0.944642857143,1.70742690988,0.320602339497
O26,random,joint,9,0.577908225111,0.946428571429,1.69131583513,0.318995073151
O26,random,joint,10,0.580357194846,0.953571428571,1.67251477667,0.317517125966
O26,random,joint,11,0.579393593894,0.9625,1.65655474906,0.315432631622
O26,random,joint,12,0.590480830685,0.960714285714,1.63704636977,0.317590876717
O26,random,joint,13,0.59403568485,0.964285714286,1.62171025311,0.317238954155
O26,random,joint,14,0.590387312024,0.964285714286,1.61514342849,0.31481986815
O26,random,joint,15,0.59716555402,0.964285714286,1.6019618292,0.316735071619
O26,random,joint,16,0.59376587571,0.964285714286,1.59364557,0.314981384942
O26,space_filling,diagonal_matched,3,0.69904456765,0.964285714286,2.1717227561,0.405088180938
O26,space_filling,diagonal_matched,4,0.649416084863,0.857142857143,1.82593266727,0.361230837991
O26,space_filling,diagonal_matched,5,0.610630475529,0.964285714286,1.74596186055,0.331735738347
O26,space_filling,diagonal_matched,6,0.599147279284,0.964285714286,1.702914103,0.323645070077
O26,space_filling,diagonal_matched,7,0.597299803141,0.964285714286,1.6476973734,0.32114260537
O26,space_filling,diagonal_matched,8,0.597175199833,0.964285714286,1.62431093849,0.320398158732
O26,space_filling,diagonal_matched,9,0.597175199833,0.964285714286,1.62431093849,0.320398158732
O26,space_filling,diagonal_matched,10,0.596257837453,0.964285714286,1.61691289909,0.31960206396
O26,space_filling,diagonal_matched,11,0.59412787356,0.964285714286,1.60620673433,0.317663907957
O26,space_filling,diagonal_matched,12,0.59825950369,0.964285714286,1.59427564445,0.319877161399
O26,space_filling,diagonal_matched,13,0.606428397346,0.964285714286,1.58185544753,0.32437381249
O26,space_filling,diagonal_matched,14,0.603719418233,0.964285714286,1.56880432843,0.321040404152
O26,space_filling,diagonal_matched,15,0.598232140039,0.964285714286,1.55445344912,0.316722514843
O26,space_filling,diagonal_matched,16,0.592028116792,0.964285714286,1.53602514358,0.317738118943
O26,space_filling,diagonal_tuned,3,0.69904456765,0.964285714286,2.1717227561,0.405088180938
O26,space_filling,diagonal_tuned,4,0.649416084863,0.857142857143,1.82593266727,0.361230837991
O26,space_filling,diagonal_tuned,5,0.610630475529,0.964285714286,1.74596186055,0.331735738347
O26,space_filling,diagonal_tuned,6,0.599147279284,0.964285714286,1.702914103,0.323645070077
O26,space_filling,diagonal_tuned,7,0.597299803141,0.964285714286,1.6476973734,0.32114260537
O26,space_filling,diagonal_tuned,8,0.597175199833,0.964285714286,1.62431093849,0.320398158732
O26,space_filling,diagonal_tuned,9,0.597175199833,0.964285714286,1.62431093849,0.320398158732
O26,space_filling,diagonal_tuned,10,0.596257837453,0.964285714286,1.61691289909,0.31960206396
O26,space_filling,diagonal_tuned,11,0.59412787356,0.964285714286,1.60620673433,0.317663907957
O26,space_filling,diagonal_tuned,12,0.59825950369,0.964285714286,1.59427564445,0.319877161399
O26,space_filling,diagonal_tuned,13,0.606428397346,0.964285714286,1.58185544753,0.32437381249
O26,space_filling,diagonal_tuned,14,0.603719418233,0.964285714286,1.56880432843,0.321040404152
O26,space_filling,diagonal_tuned,15,0.598232140039,0.964285714286,1.55445344912,0.316722514843
O26,space_filling,diagonal_tuned,16,0.592028116792,0.964285714286,1.53602514358,0.317738118943
O26,space_filling,joint,3,0.627761571902,0.964285714286,2.20207322022,0.37900341169
O26,space_filling,joint,4,0.59127070745,0.892857142857,1.85472163748,0.341734599432
O26,space_filling,joint,5,0.552178989031,0.964285714286,1.79823884357,0.310592458296
O26,space_filling,joint,6,0.544594942534,0.964285714286,1.77215056829,0.304857462843
O26,space_filling,joint,7,0.54076585558,0.964285714286,1.73105854572,0.300773459971
O26,space_filling,joint,8,0.541049624754,0.964285714286,1.71926529924,0.299428925908
O26,space_filling,joint,9,0.616558927651,0.964285714286,1.64709042652,0.324079004381
O26,space_filling,joint,10,0.597248088748,0.964285714286,1.64242472466,0.320033484802
O26,space_filling,joint,11,0.593908073423,0.964285714286,1.63638103091,0.317851880822
O26,space_filling,joint,12,0.598893591591,0.964285714286,1.62749621468,0.321235023911
O26,space_filling,joint,13,0.602676988382,0.964285714286,1.6196910596,0.321916302903
O26,space_filling,joint,14,0.602360305944,0.964285714286,1.61221649293,0.321472537058
O26,space_filling,joint,15,0.592971985591,0.964285714286,1.60449219182,0.314506155819
O26,space_filling,joint,16,0.59376587571,0.964285714286,1.59364557,0.314981384942
O27,ivr,diagonal_matched,3,1.28775508226,0.52380952381,2.16764896845,0.714167110386
O27,ivr,diagonal_matched,4,0.93484166917,0.619047619048,1.82623318643,0.600048365317
O27,ivr,diagonal_matched,5,0.630085878146,0.714285714286,1.74246399544,0.477997546949
O27,ivr,diagonal_matched,6,0.523907312789,0.761904761905,1.68799953087,0.434833679703
O27,ivr,diagonal_matched,7,0.583991401939,0.761904761905,1.64889892585,0.457236326569
O27,ivr,diagonal_matched,8,0.599286535507,0.809523809524,1.62375812566,0.463291692178
O27,ivr,diagonal_matched,9,0.622032569718,0.809523809524,1.60043113691,0.471422916366
O27,ivr,diagonal_matched,10,0.565475636825,0.761904761905,1.5839558996,0.451662966799
O27,ivr,diagonal_matched,11,0.582489425023,0.761904761905,1.57058898317,0.46182842615
O27,ivr,diagonal_matched,12,0.590213837374,0.761904761905,1.558698223,0.467092526567
O27,ivr,diagonal_matched,13,0.501404503767,0.714285714286,1.54911539489,0.429340490518
O27,ivr,diagonal_matched,14,0.539714334272,0.619047619048,1.54046013551,0.452842475176
O27,ivr,diagonal_matched,15,0.537346362581,0.619047619048,1.53589079891,0.452484432519
O27,ivr,diagonal_matched,16,0.537346362581,0.619047619048,1.53589079891,0.452484432519
O27,ivr,diagonal_tuned,3,1.28775508226,0.52380952381,2.16764896845,0.714167110386
O27,ivr,diagonal_tuned,4,0.93484166917,0.619047619048,1.82623318643,0.600048365317
O27,ivr,diagonal_tuned,5,0.630085878146,0.714285714286,1.74246399544,0.477997546949
O27,ivr,diagonal_tuned,6,0.523907312789,0.761904761905,1.68799953087,0.434833679703
O27,ivr,diagonal_tuned,7,0.583991401939,0.761904761905,1.64889892585,0.457236326569
O27,ivr,diagonal_tuned,8,0.599286535507,0.809523809524,1.62375812566,0.463291692178
O27,ivr,diagonal_tuned,9,0.622032569718,0.809523809524,1.60043113691,0.471422916366
O27,ivr,diagonal_tuned,10,0.565475636825,0.761904761905,1.5839558996,0.451662966799
O27,ivr,diagonal_tuned,11,0.582489425023,0.761904761905,1.57058898317,0.46182842615
O27,ivr,diagonal_tuned,12,0.590213837374,0.761904761905,1.558698223,0.467092526567
O27,ivr,diagonal_tuned,13,0.501404503767,0.714285714286,1.54911539489,0.429340490518
O27,ivr,diagonal_tuned,14,0.539714334272,0.619047619048,1.54046013551,0.452842475176
O27,ivr,diagonal_tuned,15,0.537346362581,0.619047619048,1.53589079891,0.452484432519
O27,ivr,diagonal_tuned,16,0.537346362581,0.619047619048,1.53589079891,0.452484432519
O27,ivr,joint,3,1.21936288254,0.619047619048,2.20104140762,0.68353284378
O27,ivr,joint,4,0.798087838986,0.666666666667,1.85987441708,0.541626826554
O27,ivr,joint,5,0.585757337829,0.666666666667,1.79056822832,0.450652657195
O27,ivr,joint,6,0.368803539428,0.809523809524,1.72963501926,0.355109437244
O27,ivr,joint,7,0.29557439776,0.857142857143,1.6886723873,0.316605133704
O27,ivr,joint,8,0.328814406008,0.809523809524,1.66424251784,0.331077486762
O27,ivr,joint,9,0.373081089958,0.761904761905,1.64884500001,0.3555123047
O27,ivr,joint,10,0.375197862042,0.761904761905,1.63613608182,0.354800380322
O27,ivr,joint,11,0.36979889381,0.761904761905,1.62614318478,0.353114580276
O27,ivr,joint,12,0.29187328217,0.857142857143,1.61708266202,0.312615074009
O27,ivr,joint,13,0.299783958326,0.857142857143,1.61135072623,0.317049859488
O27,ivr,joint,14,0.282584003727,0.857142857143,1.60569884361,0.306471813167
O27,ivr,joint,15,0.279433980087,0.857142857143,1.60062285751,0.304786921535
O27,ivr,joint,16,0.282626978271,0.857142857143,1.59676633899,0.307262723963
O27,ivr,linear,3,1.43808373098,,,
O27,ivr,linear,4,0.984072034558,,,
O27,ivr,linear,5,0.596321069103,,,
O27,ivr,linear,6,0.443917256158,,,
O27,ivr,linear,7,0.417854354162,,,
O27,ivr,linear,8,0.49974465538,,,
O27,ivr,linear,9,0.535893709548,,,
O27,ivr,linear,10,0.538040900769,,,
O27,ivr,linear,11,0.514398700432,,,
O27,ivr,linear,12,0.49847257594,,,
O27,ivr,linear,13,0.458632445322,,,
O27,ivr,linear,14,0.390671505186,,,
O27,ivr,linear,15,0.3744315586,,,
O27,ivr,linear,16,0.350721228354,,,
O27,ivr,pchip,3,1.60930663494,,,
O27,ivr,pchip,4,0.967228576807,,,
O27,ivr,pchip,5,0.571727151428,,,
O27,ivr,pchip,6,0.480975555643,,,
O27,ivr,pchip,7,0.410227175918,,,
O27,ivr,pchip,8,0.49778207861,,,
O27,ivr,pchip,9,0.532784630438,,,
O27,ivr,pchip,10,0.534931821659,,,
O27,ivr,pchip,11,0.513736877292,,,
O27,ivr,pchip,12,0.49847257594,,,
O27,ivr,pchip,13,0.458632445322,,,
O27,ivr,pchip,14,0.390671505186,,,
O27,ivr,pchip,15,0.3744315586,,,
O27,ivr,pchip,16,0.350721228354,,,
O27,random,diagonal_matched,3,1.28775508226,0.52380952381,2.16764896845,0.714167110386
O27,random,diagonal_matched,4,1.04773568971,0.621428571429,1.95525663946,0.630207870509
O27,random,diagonal_matched,5,0.903101837857,0.683333333333,1.82867506231,0.577552695318
O27,random,diagonal_matched,6,0.689194280379,0.685714285714,1.73872168862,0.502001501571
O27,random,diagonal_matched,7,0.620692160095,0.685714285714,1.68901703616,0.477322807462
O27,random,diagonal_matched,8,0.59904332193,0.688095238095,1.65586661883,0.469464318368
O27,random,diagonal_matched,9,0.552041921193,0.680952380952,1.63113949101,0.45158838183
O27,random,diagonal_matched,10,0.549533638983,0.657142857143,1.60957602498,0.452191648618
O27,random,diagonal_matched,11,0.539200830574,0.659523809524,1.5912513006,0.448156366361
O27,random,diagonal_matched,12,0.558859126473,0.640476190476,1.57588044251,0.45793328092
O27,random,diagonal_matched,13,0.551283612179,0.65,1.56355290885,0.455699997307
O27,random,diagonal_matched,14,0.553280964584,0.616666666667,1.55313634059,0.458131700434
O27,random,diagonal_matched,15,0.541231874743,0.607142857143,1.54350475894,0.453872203913
O27,random,diagonal_matched,16,0.537346362581,0.619047619048,1.53589079891,0.452484432519
O27,random,diagonal_tuned,3,1.28775508226,0.52380952381,2.16764896845,0.714167110386
O27,random,diagonal_tuned,4,1.04773568971,0.621428571429,1.95525663946,0.630207870509
O27,random,diagonal_tuned,5,0.903101837857,0.683333333333,1.82867506231,0.577552695318
O27,random,diagonal_tuned,6,0.689194280379,0.685714285714,1.73872168862,0.502001501571
O27,random,diagonal_tuned,7,0.620692160095,0.685714285714,1.68901703616,0.477322807462
O27,random,diagonal_tuned,8,0.59904332193,0.688095238095,1.65586661883,0.469464318368
O27,random,diagonal_tuned,9,0.552041921193,0.680952380952,1.63113949101,0.45158838183
O27,random,diagonal_tuned,10,0.549533638983,0.657142857143,1.60957602498,0.452191648618
O27,random,diagonal_tuned,11,0.539200830574,0.659523809524,1.5912513006,0.448156366361
O27,random,diagonal_tuned,12,0.558859126473,0.640476190476,1.57588044251,0.45793328092
O27,random,diagonal_tuned,13,0.551283612179,0.65,1.56355290885,0.455699997307
O27,random,diagonal_tuned,14,0.553280964584,0.616666666667,1.55313634059,0.458131700434
O27,random,diagonal_tuned,15,0.541231874743,0.607142857143,1.54350475894,0.453872203913
O27,random,diagonal_tuned,16,0.537346362581,0.619047619048,1.53589079891,0.452484432519
O27,random,joint,3,1.21936288254,0.619047619048,2.20104140762,0.68353284378
O27,random,joint,4,0.929070454103,0.678571428571,2.00151352082,0.575162814194
O27,random,joint,5,0.736710805801,0.730952380952,1.88268362402,0.500734438219
O27,random,joint,6,0.506552063968,0.785714285714,1.79524731521,0.412612423427
O27,random,joint,7,0.423458335415,0.816666666667,1.74662829127,0.376741157281
O27,random,joint,8,0.388156468233,0.8,1.71150886085,0.360905001082
O27,random,joint,9,0.349053894845,0.833333333333,1.69561223389,0.342775765336
O27,random,joint,10,0.341915250647,0.82380952381,1.67689249413,0.339762994054
O27,random,joint,11,0.331269850416,0.85,1.66093273315,0.334247953631
O27,random,joint,12,0.325460312939,0.845238095238,1.64087012139,0.330969261806
O27,random,joint,13,0.30728674385,0.857142857143,1.62523421454,0.320736899577
O27,random,joint,14,0.309343200436,0.85,1.61876145365,0.321966295081
O27,random,joint,15,0.289914826701,0.857142857143,1.60525752366,0.31123946987
O27,random,joint,16,0.282626978271,0.857142857143,1.59676633899,0.307262723963
O27,space_filling,diagonal_matched,3,1.28775508226,0.52380952381,2.16764896845,0.714167110386
O27,space_filling,diagonal_matched,4,0.93484166917,0.619047619048,1.82623318643,0.600048365317
O27,space_filling,diagonal_matched,5,0.950625474488,0.666666666667,1.74637161136,0.597259688942
O27,space_filling,diagonal_matched,6,0.692059765836,0.714285714286,1.70348226134,0.500213298499
O27,space_filling,diagonal_matched,7,0.583991401939,0.761904761905,1.64889892585,0.457236326569
O27,space_filling,diagonal_matched,8,0.632829983721,0.714285714286,1.62440315509,0.482674711665
O27,space_filling,diagonal_matched,9,0.632829983721,0.714285714286,1.62440315509,0.482674711665
O27,space_filling,diagonal_matched,10,0.630566514803,0.714285714286,1.61621201114,0.482945500707
O27,space_filling,diagonal_matched,11,0.637126322674,0.714285714286,1.60530150128,0.487619056452
O27,space_filling,diagonal_matched,12,0.640670591389,0.619047619048,1.59344864393,0.492546955579
O27,space_filling,diagonal_matched,13,0.574228043194,0.619047619048,1.58142473775,0.464858858177
O27,space_filling,diagonal_matched,14,0.504083558611,0.619047619048,1.56843979493,0.43676709384
O27,space_filling,diagonal_matched,15,0.529066930706,0.571428571429,1.55423455325,0.448630740489
O27,space_filling,diagonal_matched,16,0.537346362581,0.619047619048,1.53589079891,0.452484432519
O27,space_filling,diagonal_tuned,3,1.28775508226,0.52380952381,2.16764896845,0.714167110386
O27,space_filling,diagonal_tuned,4,0.93484166917,0.619047619048,1.82623318643,0.600048365317
O27,space_filling,diagonal_tuned,5,0.950625474488,0.666666666667,1.74637161136,0.597259688942
O27,space_filling,diagonal_tuned,6,0.692059765836,0.714285714286,1.70348226134,0.500213298499
O27,space_filling,diagonal_tuned,7,0.583991401939,0.761904761905,1.64889892585,0.457236326569
O27,space_filling,diagonal_tuned,8,0.632829983721,0.714285714286,1.62440315509,0.482674711665
O27,space_filling,diagonal_tuned,9,0.632829983721,0.714285714286,1.62440315509,0.482674711665
O27,space_filling,diagonal_tuned,10,0.630566514803,0.714285714286,1.61621201114,0.482945500707
O27,space_filling,diagonal_tuned,11,0.637126322674,0.714285714286,1.60530150128,0.487619056452
O27,space_filling,diagonal_tuned,12,0.640670591389,0.619047619048,1.59344864393,0.492546955579
O27,space_filling,diagonal_tuned,13,0.574228043194,0.619047619048,1.58142473775,0.464858858177
O27,space_filling,diagonal_tuned,14,0.504083558611,0.619047619048,1.56843979493,0.43676709384
O27,space_filling,diagonal_tuned,15,0.529066930706,0.571428571429,1.55423455325,0.448630740489
O27,space_filling,diagonal_tuned,16,0.537346362581,0.619047619048,1.53589079891,0.452484432519
O27,space_filling,joint,3,1.21936288254,0.619047619048,2.20104140762,0.68353284378
O27,space_filling,joint,4,0.798087838986,0.666666666667,1.85987441708,0.541626826554
O27,space_filling,joint,5,0.786155999475,0.714285714286,1.80392188015,0.528756111919
O27,space_filling,joint,6,0.560367667042,0.714285714286,1.77800239555,0.442772652999
O27,space_filling,joint,7,0.452210361083,0.809523809524,1.73801207924,0.393015982922
O27,space_filling,joint,8,0.471112068652,0.809523809524,1.72552750786,0.404925499117
O27,space_filling,joint,9,0.344621861929,0.809523809524,1.64969038829,0.34020256522
O27,space_filling,joint,10,0.347855891887,0.809523809524,1.64499449465,0.340762921622
O27,space_filling,joint,11,0.35025451334,0.809523809524,1.63875962631,0.342462844584
O27,space_filling,joint,12,0.376544062459,0.761904761905,1.63010490508,0.357695397217
O27,space_filling,joint,13,0.334875920063,0.809523809524,1.62258476636,0.336465671265
O27,space_filling,joint,14,0.272021885537,0.857142857143,1.6151507826,0.302418526494
O27,space_filling,joint,15,0.283489934616,0.857142857143,1.60754002181,0.308808509114
O27,space_filling,joint,16,0.282626978271,0.857142857143,1.59676633899,0.307262723963
O28,ivr,diagonal_matched,3,0.956781163391,0.642857142857,2.17416702869,0.576234782109
O28,ivr,diagonal_matched,4,1.0022213989,0.571428571429,1.82575235577,0.611909708695
O28,ivr,diagonal_matched,5,0.839386280974,0.642857142857,1.74230424243,0.560516710673
O28,ivr,diagonal_matched,6,0.840858789142,0.571428571429,1.68685549632,0.564189050354
O28,ivr,diagonal_matched,7,0.768599135995,0.642857142857,1.64697644194,0.535460467763
O28,ivr,diagonal_matched,8,0.776864604911,0.642857142857,1.62232052024,0.540708747298
O28,ivr,diagonal_matched,9,0.629471976156,0.571428571429,1.59890146713,0.49398877364
O28,ivr,diagonal_matched,10,0.603500819277,0.571428571429,1.58284127984,0.483054259228
O28,ivr,diagonal_matched,11,0.628484885948,0.571428571429,1.56819200439,0.495647703183
O28,ivr,diagonal_matched,12,0.593750562976,0.642857142857,1.55808252191,0.475223892888
O28,ivr,diagonal_matched,13,0.587879036508,0.642857142857,1.54862264102,0.472079186996
O28,ivr,diagonal_matched,14,0.597636789066,0.642857142857,1.53984679883,0.477431784649
O28,ivr,diagonal_matched,15,0.580203463187,0.642857142857,1.53610575038,0.469553329505
O28,ivr,diagonal_matched,16,0.580203463187,0.642857142857,1.53610575038,0.469553329505
O28,ivr,diagonal_tuned,3,0.956781163391,0.642857142857,2.17416702869,0.576234782109
O28,ivr,diagonal_tuned,4,1.0022213989,0.571428571429,1.82575235577,0.611909708695
O28,ivr,diagonal_tuned,5,0.839386280974,0.642857142857,1.74230424243,0.560516710673
O28,ivr,diagonal_tuned,6,0.840858789142,0.571428571429,1.68685549632,0.564189050354
O28,ivr,diagonal_tuned,7,0.768599135995,0.642857142857,1.64697644194,0.535460467763
O28,ivr,diagonal_tuned,8,0.776864604911,0.642857142857,1.62232052024,0.540708747298
O28,ivr,diagonal_tuned,9,0.629471976156,0.571428571429,1.59890146713,0.49398877364
O28,ivr,diagonal_tuned,10,0.603500819277,0.571428571429,1.58284127984,0.483054259228
O28,ivr,diagonal_tuned,11,0.628484885948,0.571428571429,1.56819200439,0.495647703183
O28,ivr,diagonal_tuned,12,0.593750562976,0.642857142857,1.55808252191,0.475223892888
O28,ivr,diagonal_tuned,13,0.587879036508,0.642857142857,1.54862264102,0.472079186996
O28,ivr,diagonal_tuned,14,0.597636789066,0.642857142857,1.53984679883,0.477431784649
O28,ivr,diagonal_tuned,15,0.580203463187,0.642857142857,1.53610575038,0.469553329505
O28,ivr,diagonal_tuned,16,0.580203463187,0.642857142857,1.53610575038,0.469553329505
O28,ivr,joint,3,1.13510896011,0.642857142857,2.20269230778,0.626753541723
O28,ivr,joint,4,1.48255510551,0.5,1.85162996972,0.802973976757
O28,ivr,joint,5,1.22313188882,0.5,1.78823175816,0.694861224209
O28,ivr,joint,6,0.958666027546,0.5,1.72717581213,0.613992037368
O28,ivr,joint,7,0.99508975062,0.5,1.68403545001,0.634879440772
O28,ivr,joint,8,0.888127938132,0.5,1.65889030083,0.589343004075
O28,ivr,joint,9,0.916187966397,0.5,1.64341934763,0.602954886011
O28,ivr,joint,10,0.767924732709,0.5,1.63060757683,0.563919504546
O28,ivr,joint,11,0.746976877088,0.571428571429,1.62073990141,0.556219420308
O28,ivr,joint,12,0.782443858418,0.571428571429,1.61230651194,0.570093224577
O28,ivr,joint,13,0.767644113077,0.571428571429,1.60630011636,0.562710693126
O28,ivr,joint,14,0.724760969212,0.642857142857,1.60051494247,0.535897432536
O28,ivr,joint,15,0.716193674146,0.714285714286,1.59572468868,0.531638973601
O28,ivr,joint,16,0.736337457313,0.571428571429,1.5917731086,0.540618922305
O28,ivr,linear,3,1.04701116539,,,
O28,ivr,linear,4,0.927647175437,,,
O28,ivr,linear,5,1.03455909776,,,
O28,ivr,linear,6,0.70029341286,,,
O28,ivr,linear,7,0.690132252748,,,
O28,ivr,linear,8,0.576820823641,,,
O28,ivr,linear,9,0.608562651906,,,
O28,ivr,linear,10,0.487461959081,,,
O28,ivr,linear,11,0.473234517016,,,
O28,ivr,linear,12,0.745200938672,,,
O28,ivr,linear,13,0.730675056671,,,
O28,ivr,linear,14,0.714018284311,,,
O28,ivr,linear,15,0.625746005324,,,
O28,ivr,linear,16,0.547107045566,,,
O28,ivr,pchip,3,0.80526805733,,,
O28,ivr,pchip,4,0.880036397559,,,
O28,ivr,pchip,5,0.961090666383,,,
O28,ivr,pchip,6,0.647372445719,,,
O28,ivr,pchip,7,0.587689203455,,,
O28,ivr,pchip,8,0.575393173608,,,
O28,ivr,pchip,9,0.607029372283,,,
O28,ivr,pchip,10,0.485928679459,,,
O28,ivr,pchip,11,0.471701237393,,,
O28,ivr,pchip,12,0.745200938672,,,
O28,ivr,pchip,13,0.730675056671,,,
O28,ivr,pchip,14,0.714018284311,,,
O28,ivr,pchip,15,0.625746005324,,,
O28,ivr,pchip,16,0.547107045566,,,
O28,random,diagonal_matched,3,0.956781163391,0.642857142857,2.17416702869,0.576234782109
O28,random,diagonal_matched,4,1.01575601556,0.642857142857,1.96168447418,0.60296337104
O28,random,diagonal_matched,5,0.826973391162,0.671428571429,1.83314900738,0.545405336712
O28,random,diagonal_matched,6,0.790133435199,0.65,1.74107426749,0.537644640718
O28,random,diagonal_matched,7,0.761183157202,0.635714285714,1.69042511858,0.530728494899
O28,random,diagonal_matched,8,0.737671481278,0.65,1.65664318228,0.524191055076
O28,random,diagonal_matched,9,0.718591267748,0.660714285714,1.63179344092,0.517911107724
O28,random,diagonal_matched,10,0.69358967063,0.664285714286,1.61000251488,0.50957157933
O28,random,diagonal_matched,11,0.682348168098,0.671428571429,1.59156050106,0.505907524897
O28,random,diagonal_matched,12,0.637860028489,0.653571428571,1.57606718633,0.491721423285
O28,random,diagonal_matched,13,0.625873762184,0.65,1.5637436394,0.487730358043
O28,random,diagonal_matched,14,0.61681805351,0.675,1.55327140885,0.483135739425
O28,random,diagonal_matched,15,0.591541705693,0.657142857143,1.54354236738,0.473994021942
O28,random,diagonal_matched,16,0.580203463187,0.642857142857,1.53610575038,0.469553329505
O28,random,diagonal_tuned,3,0.956781163391,0.642857142857,2.17416702869,0.576234782109
O28,random,diagonal_tuned,4,1.01575601556,0.642857142857,1.96168447418,0.60296337104
O28,random,diagonal_tuned,5,0.826973391162,0.671428571429,1.83314900738,0.545405336712
O28,random,diagonal_tuned,6,0.790133435199,0.65,1.74107426749,0.537644640718
O28,random,diagonal_tuned,7,0.761183157202,0.635714285714,1.69042511858,0.530728494899
O28,random,diagonal_tuned,8,0.737671481278,0.65,1.65664318228,0.524191055076
O28,random,diagonal_tuned,9,0.718591267748,0.660714285714,1.63179344092,0.517911107724
O28,random,diagonal_tuned,10,0.69358967063,0.664285714286,1.61000251488,0.50957157933
O28,random,diagonal_tuned,11,0.682348168098,0.671428571429,1.59156050106,0.505907524897
O28,random,diagonal_tuned,12,0.637860028489,0.653571428571,1.57606718633,0.491721423285
O28,random,diagonal_tuned,13,0.625873762184,0.65,1.5637436394,0.487730358043
O28,random,diagonal_tuned,14,0.61681805351,0.675,1.55327140885,0.483135739425
O28,random,diagonal_tuned,15,0.591541705693,0.657142857143,1.54354236738,0.473994021942
O28,random,diagonal_tuned,16,0.580203463187,0.642857142857,1.53610575038,0.469553329505
O28,random,joint,3,1.13510896011,0.642857142857,2.20269230778,0.626753541723
O28,random,joint,4,1.39109623881,0.560714285714,2.00140874558,0.740666737665
O28,random,joint,5,1.19056287918,0.575,1.87921525696,0.685277278625
O28,random,joint,6,1.17092346862,0.525,1.78913078978,0.688977995688
O28,random,joint,7,1.12483875288,0.528571428571,1.74008267203,0.676372887611
O28,random,joint,8,1.04342712623,0.535714285714,1.7049777393,0.649627123457
O28,random,joint,9,1.02612397573,0.553571428571,1.68873799587,0.643603726026
O28,random,joint,10,0.990729941839,0.55,1.6698881462,0.632038832758
O28,random,joint,11,0.958423599106,0.557142857143,1.65392795861,0.620277390279
O28,random,joint,12,0.863709718348,0.575,1.63475211879,0.588265448317
O28,random,joint,13,0.823299957348,0.6,1.61959587626,0.574167294496
O28,random,joint,14,0.815717247563,0.603571428571,1.6129726134,0.569490357814
O28,random,joint,15,0.759152791548,0.603571428571,1.59998441252,0.549431152521
O28,random,joint,16,0.736337457313,0.571428571429,1.5917731086,0.540618922305
O28,space_filling,diagonal_matched,3,0.956781163391,0.642857142857,2.17416702869,0.576234782109
O28,space_filling,diagonal_matched,4,1.0022213989,0.571428571429,1.82575235577,0.611909708695
O28,space_filling,diagonal_matched,5,0.797114656597,0.571428571429,1.74571601007,0.542598054551
O28,space_filling,diagonal_matched,6,0.767472617224,0.714285714286,1.70257320799,0.531782886646
O28,space_filling,diagonal_matched,7,0.768599135995,0.642857142857,1.64697644194,0.535460467763
O28,space_filling,diagonal_matched,8,0.802653289699,0.642857142857,1.62425560852,0.552542780507
O28,space_filling,diagonal_matched,9,0.802653289699,0.642857142857,1.62425560852,0.552542780507
O28,space_filling,diagonal_matched,10,0.781441221743,0.642857142857,1.61733343185,0.542697676166
O28,space_filling,diagonal_matched,11,0.794597359514,0.642857142857,1.60674987417,0.550145485755
O28,space_filling,diagonal_matched,12,0.794634820396,0.642857142857,1.59477184476,0.550832729276
O28,space_filling,diagonal_matched,13,0.787743739608,0.642857142857,1.5821138734,0.547561518287
O28,space_filling,diagonal_matched,14,0.77422862877,0.714285714286,1.56902304854,0.541496209237
O28,space_filling,diagonal_matched,15,0.734658262636,0.714285714286,1.55458478664,0.523775430856
O28,space_filling,diagonal_matched,16,0.580203463187,0.642857142857,1.53610575038,0.469553329505
O28,space_filling,diagonal_tuned,3,0.956781163391,0.642857142857,2.17416702869,0.576234782109
O28,space_filling,diagonal_tuned,4,1.0022213989,0.571428571429,1.82575235577,0.611909708695
O28,space_filling,diagonal_tuned,5,0.797114656597,0.571428571429,1.74571601007,0.542598054551
O28,space_filling,diagonal_tuned,6,0.767472617224,0.714285714286,1.70257320799,0.531782886646
O28,space_filling,diagonal_tuned,7,0.768599135995,0.642857142857,1.64697644194,0.535460467763
O28,space_filling,diagonal_tuned,8,0.802653289699,0.642857142857,1.62425560852,0.552542780507
O28,space_filling,diagonal_tuned,9,0.802653289699,0.642857142857,1.62425560852,0.552542780507
O28,space_filling,diagonal_tuned,10,0.781441221743,0.642857142857,1.61733343185,0.542697676166
O28,space_filling,diagonal_tuned,11,0.794597359514,0.642857142857,1.60674987417,0.550145485755
O28,space_filling,diagonal_tuned,12,0.794634820396,0.642857142857,1.59477184476,0.550832729276
O28,space_filling,diagonal_tuned,13,0.787743739608,0.642857142857,1.5821138734,0.547561518287
O28,space_filling,diagonal_tuned,14,0.77422862877,0.714285714286,1.56902304854,0.541496209237
O28,space_filling,diagonal_tuned,15,0.734658262636,0.714285714286,1.55458478664,0.523775430856
O28,space_filling,diagonal_tuned,16,0.580203463187,0.642857142857,1.53610575038,0.469553329505
O28,space_filling,joint,3,1.13510896011,0.642857142857,2.20269230778,0.626753541723
O28,space_filling,joint,4,1.48255510551,0.5,1.85162996972,0.802973976757
O28,space_filling,joint,5,1.22263897432,0.642857142857,1.79482902163,0.709306810065
O28,space_filling,joint,6,1.20979254068,0.642857142857,1.76863947192,0.703544644167
O28,space_filling,joint,7,1.25898852089,0.5,1.72688642561,0.726902474781
O28,space_filling,joint,8,1.29015645831,0.428571428571,1.71550797406,0.736882268172
O28,space_filling,joint,9,0.943963028044,0.5,1.64553044945,0.614165161115
O28,space_filling,joint,10,0.933571928244,0.714285714286,1.64088286267,0.609280014274
O28,space_filling,joint,11,0.95844404266,0.642857142857,1.63495387367,0.620838879846
O28,space_filling,joint,12,0.953231596167,0.642857142857,1.62593100045,0.619377183101
O28,space_filling,joint,13,0.940954055883,0.642857142857,1.61795483555,0.613227533452
O28,space_filling,joint,14,0.932500965753,0.642857142857,1.61045591913,0.609902003114
O28,space_filling,joint,15,0.880377543283,0.642857142857,1.60266349382,0.58340142892
O28,space_filling,joint,16,0.736337457313,0.571428571429,1.5917731086,0.540618922305
O29,ivr,diagonal_matched,3,0.294427710166,0.982142857143,2.17833578171,0.302987026096
O29,ivr,diagonal_matched,4,0.200470448057,0.964285714286,1.82650096422,0.255095785454
O29,ivr,diagonal_matched,5,0.194171552188,0.946428571429,1.74413628008,0.249059261
O29,ivr,diagonal_matched,6,0.192179102456,0.928571428571,1.68652684357,0.246173251525
O29,ivr,diagonal_matched,7,0.186007151565,0.928571428571,1.64714579504,0.242124411041
O29,ivr,diagonal_matched,8,0.189368951037,0.946428571429,1.62187179985,0.245876694192
O29,ivr,diagonal_matched,9,0.18742987248,0.946428571429,1.59851645564,0.245666888681
O29,ivr,diagonal_matched,10,0.197231026474,0.946428571429,1.58220777464,0.252310162056
O29,ivr,diagonal_matched,11,0.194779907585,0.928571428571,1.56829190041,0.249798190276
O29,ivr,diagonal_matched,12,0.19767779165,0.928571428571,1.55747936074,0.251729314487
O29,ivr,diagonal_matched,13,0.196414366379,0.928571428571,1.5479069476,0.250997064965
O29,ivr,diagonal_matched,14,0.192643972161,0.928571428571,1.53930901868,0.248510899512
O29,ivr,diagonal_matched,15,0.195989392244,0.928571428571,1.53569056746,0.25054585469
O29,ivr,diagonal_matched,16,0.195989392244,0.928571428571,1.53569056746,0.25054585469
O29,ivr,diagonal_tuned,3,0.294427710166,0.982142857143,2.17833578171,0.302987026096
O29,ivr,diagonal_tuned,4,0.200470448057,0.964285714286,1.82650096422,0.255095785454
O29,ivr,diagonal_tuned,5,0.194171552188,0.946428571429,1.74413628008,0.249059261
O29,ivr,diagonal_tuned,6,0.192179102456,0.928571428571,1.68652684357,0.246173251525
O29,ivr,diagonal_tuned,7,0.186007151565,0.928571428571,1.64714579504,0.242124411041
O29,ivr,diagonal_tuned,8,0.189368951037,0.946428571429,1.62187179985,0.245876694192
O29,ivr,diagonal_tuned,9,0.18742987248,0.946428571429,1.59851645564,0.245666888681
O29,ivr,diagonal_tuned,10,0.197231026474,0.946428571429,1.58220777464,0.252310162056
O29,ivr,diagonal_tuned,11,0.194779907585,0.928571428571,1.56829190041,0.249798190276
O29,ivr,diagonal_tuned,12,0.19767779165,0.928571428571,1.55747936074,0.251729314487
O29,ivr,diagonal_tuned,13,0.196414366379,0.928571428571,1.5479069476,0.250997064965
O29,ivr,diagonal_tuned,14,0.192643972161,0.928571428571,1.53930901868,0.248510899512
O29,ivr,diagonal_tuned,15,0.195989392244,0.928571428571,1.53569056746,0.25054585469
O29,ivr,diagonal_tuned,16,0.195989392244,0.928571428571,1.53569056746,0.25054585469
O29,ivr,joint,3,0.276359343725,0.964285714286,2.20538725607,0.292800244371
O29,ivr,joint,4,0.160865068421,0.982142857143,1.85086014367,0.233756675431
O29,ivr,joint,5,0.150244433449,0.982142857143,1.78748273499,0.224871971083
O29,ivr,joint,6,0.140346868168,0.982142857143,1.72802453864,0.217391034209
O29,ivr,joint,7,0.128660782572,0.982142857143,1.68293422386,0.209106735967
O29,ivr,joint,8,0.12488008645,0.982142857143,1.65821913916,0.205849985913
O29,ivr,joint,9,0.120174052604,0.982142857143,1.64236428577,0.203155147841
O29,ivr,joint,10,0.11445407528,0.982142857143,1.62958011502,0.199288765134
O29,ivr,joint,11,0.121769204132,0.982142857143,1.61963342479,0.204166682421
O29,ivr,joint,12,0.118939905904,0.982142857143,1.61109037816,0.201851113726
O29,ivr,joint,13,0.118303803185,0.982142857143,1.60491619484,0.201352149179
O29,ivr,joint,14,0.123408144978,0.982142857143,1.59904500836,0.204834148737
O29,ivr,joint,15,0.119845236996,0.982142857143,1.59392044105,0.2023073379
O29,ivr,joint,16,0.119380330971,0.982142857143,1.58992023567,0.202004137395
O29,ivr,linear,3,0.330223113824,,,
O29,ivr,linear,4,0.213117306152,,,
O29,ivr,linear,5,0.185564365138,,,
O29,ivr,linear,6,0.175930437349,,,
O29,ivr,linear,7,0.150462488421,,,
O29,ivr,linear,8,0.144754839325,,,
O29,ivr,linear,9,0.134402539773,,,
O29,ivr,linear,10,0.136392381923,,,
O29,ivr,linear,11,0.147052118012,,,
O29,ivr,linear,12,0.142767373902,,,
O29,ivr,linear,13,0.142459906991,,,
O29,ivr,linear,14,0.145814533686,,,
O29,ivr,linear,15,0.142296147347,,,
O29,ivr,linear,16,0.137595756389,,,
O29,ivr,pchip,3,0.452859890738,,,
O29,ivr,pchip,4,0.237341509586,,,
O29,ivr,pchip,5,0.200223445657,,,
O29,ivr,pchip,6,0.202600299261,,,
O29,ivr,pchip,7,0.171385886982,,,
O29,ivr,pchip,8,0.148335832351,,,
O29,ivr,pchip,9,0.13722601689,,,
O29,ivr,pchip,10,0.139215859041,,,
O29,ivr,pchip,11,0.149796733056,,,
O29,ivr,pchip,12,0.142767373902,,,
O29,ivr,pchip,13,0.142459906991,,,
O29,ivr,pchip,14,0.145814533686,,,
O29,ivr,pchip,15,0.142296147347,,,
O29,ivr,pchip,16,0.137595756389,,,
O29,random,diagonal_matched,3,0.294427710166,0.982142857143,2.17833578171,0.302987026096
O29,random,diagonal_matched,4,0.254279559059,0.959821428571,1.96339287214,0.283078505509
O29,random,diagonal_matched,5,0.239642479887,0.935714285714,1.83448116938,0.274617903654
O29,random,diagonal_matched,6,0.220493144848,0.933035714286,1.74146537523,0.264520013301
O29,random,diagonal_matched,7,0.214586265506,0.926785714286,1.69030035834,0.26104907607
O29,random,diagonal_matched,8,0.21011252305,0.927678571429,1.65643474152,0.258358093999
O29,random,diagonal_matched,9,0.211238549681,0.925,1.63149064866,0.259056589551
O29,random,diagonal_matched,10,0.205722902235,0.926785714286,1.60960328319,0.255828649999
O29,random,diagonal_matched,11,0.202707784984,0.926785714286,1.59119808687,0.253893273049
O29,random,diagonal_matched,12,0.200504856748,0.928571428571,1.57568946995,0.252974172939
O29,random,diagonal_matched,13,0.198606129561,0.928571428571,1.56333340245,0.25186315648
O29,random,diagonal_matched,14,0.197725562673,0.928571428571,1.55282495713,0.251355112835
O29,random,diagonal_matched,15,0.197103991009,0.928571428571,1.54310373393,0.251318176253
O29,random,diagonal_matched,16,0.195989392244,0.928571428571,1.53569056746,0.25054585469
O29,random,diagonal_tuned,3,0.294427710166,0.982142857143,2.17833578171,0.302987026096
O29,random,diagonal_tuned,4,0.254279559059,0.959821428571,1.96339287214,0.283078505509
O29,random,diagonal_tuned,5,0.239642479887,0.935714285714,1.83448116938,0.274617903654
O29,random,diagonal_tuned,6,0.220493144848,0.933035714286,1.74146537523,0.264520013301
O29,random,diagonal_tuned,7,0.214586265506,0.926785714286,1.69030035834,0.26104907607
O29,random,diagonal_tuned,8,0.21011252305,0.927678571429,1.65643474152,0.258358093999
O29,random,diagonal_tuned,9,0.211238549681,0.925,1.63149064866,0.259056589551
O29,random,diagonal_tuned,10,0.205722902235,0.926785714286,1.60960328319,0.255828649999
O29,random,diagonal_tuned,11,0.202707784984,0.926785714286,1.59119808687,0.253893273049
O29,random,diagonal_tuned,12,0.200504856748,0.928571428571,1.57568946995,0.252974172939
O29,random,diagonal_tuned,13,0.198606129561,0.928571428571,1.56333340245,0.25186315648
O29,random,diagonal_tuned,14,0.197725562673,0.928571428571,1.55282495713,0.251355112835
O29,random,diagonal_tuned,15,0.197103991009,0.928571428571,1.54310373393,0.251318176253
O29,random,diagonal_tuned,16,0.195989392244,0.928571428571,1.53569056746,0.25054585469
O29,random,joint,3,0.276359343725,0.964285714286,2.20538725607,0.292800244371
O29,random,joint,4,0.223348762371,0.983928571429,2.00063071076,0.266825124536
O29,random,joint,5,0.199642361284,0.979464285714,1.87824128678,0.253587358648
O29,random,joint,6,0.173982594415,0.982142857143,1.78737639982,0.239391941536
O29,random,joint,7,0.162337449809,0.98125,1.73778609906,0.232042619641
O29,random,joint,8,0.153795267207,0.982142857143,1.70293104051,0.226138516336
O29,random,joint,9,0.152512076136,0.98125,1.6865015432,0.225195120858
O29,random,joint,10,0.145164580513,0.982142857143,1.66772282602,0.220290049628
O29,random,joint,11,0.14038717553,0.982142857143,1.65188794855,0.216897694284
O29,random,joint,12,0.133777188804,0.982142857143,1.63290059546,0.212292008293
O29,random,joint,13,0.128885843543,0.982142857143,1.617783309,0.208816985528
O29,random,joint,14,0.127563940986,0.982142857143,1.61110724798,0.207830647462
O29,random,joint,15,0.12348076824,0.982142857143,1.59822327464,0.204960725322
O29,random,joint,16,0.119380330971,0.982142857143,1.58992023567,0.202004137395
O29,space_filling,diagonal_matched,3,0.294427710166,0.982142857143,2.17833578171,0.302987026096
O29,space_filling,diagonal_matched,4,0.200470448057,0.964285714286,1.82650096422,0.255095785454
O29,space_filling,diagonal_matched,5,0.204641994479,0.910714285714,1.74866412248,0.256438364105
O29,space_filling,diagonal_matched,6,0.189369921356,0.928571428571,1.6974727514,0.2459625777
O29,space_filling,diagonal_matched,7,0.186007151565,0.928571428571,1.64714579504,0.242124411041
O29,space_filling,diagonal_matched,8,0.18779736403,0.928571428571,1.62366717924,0.242800806961
O29,space_filling,diagonal_matched,9,0.18779736403,0.928571428571,1.62366717924,0.242800806961
O29,space_filling,diagonal_matched,10,0.193259946152,0.928571428571,1.61703077702,0.245774937235
O29,space_filling,diagonal_matched,11,0.190991684074,0.910714285714,1.60607237419,0.244844449733
O29,space_filling,diagonal_matched,12,0.186129366849,0.928571428571,1.59412990596,0.242646762136
O29,space_filling,diagonal_matched,13,0.190887432094,0.928571428571,1.58137573813,0.245935442456
O29,space_filling,diagonal_matched,14,0.197622387013,0.910714285714,1.56838311852,0.250318775898
O29,space_filling,diagonal_matched,15,0.196171299849,0.928571428571,1.55406659787,0.249427475072
O29,space_filling,diagonal_matched,16,0.195989392244,0.928571428571,1.53569056746,0.25054585469
O29,space_filling,diagonal_tuned,3,0.294427710166,0.982142857143,2.17833578171,0.302987026096
O29,space_filling,diagonal_tuned,4,0.200470448057,0.964285714286,1.82650096422,0.255095785454
O29,space_filling,diagonal_tuned,5,0.204641994479,0.910714285714,1.74866412248,0.256438364105
O29,space_filling,diagonal_tuned,6,0.189369921356,0.928571428571,1.6974727514,0.2459625777
O29,space_filling,diagonal_tuned,7,0.186007151565,0.928571428571,1.64714579504,0.242124411041
O29,space_filling,diagonal_tuned,8,0.18779736403,0.928571428571,1.62366717924,0.242800806961
O29,space_filling,diagonal_tuned,9,0.18779736403,0.928571428571,1.62366717924,0.242800806961
O29,space_filling,diagonal_tuned,10,0.193259946152,0.928571428571,1.61703077702,0.245774937235
O29,space_filling,diagonal_tuned,11,0.190991684074,0.910714285714,1.60607237419,0.244844449733
O29,space_filling,diagonal_tuned,12,0.186129366849,0.928571428571,1.59412990596,0.242646762136
O29,space_filling,diagonal_tuned,13,0.190887432094,0.928571428571,1.58137573813,0.245935442456
O29,space_filling,diagonal_tuned,14,0.197622387013,0.910714285714,1.56838311852,0.250318775898
O29,space_filling,diagonal_tuned,15,0.196171299849,0.928571428571,1.55406659787,0.249427475072
O29,space_filling,diagonal_tuned,16,0.195989392244,0.928571428571,1.53569056746,0.25054585469
O29,space_filling,joint,3,0.276359343725,0.964285714286,2.20538725607,0.292800244371
O29,space_filling,joint,4,0.160865068421,0.982142857143,1.85086014367,0.233756675431
O29,space_filling,joint,5,0.163712354721,0.982142857143,1.79478894789,0.234449067908
O29,space_filling,joint,6,0.147160561075,0.982142857143,1.7617835317,0.223100082348
O29,space_filling,joint,7,0.141643384369,0.982142857143,1.7252230135,0.218146912144
O29,space_filling,joint,8,0.142309536165,0.982142857143,1.71317135898,0.218312043817
O29,space_filling,joint,9,0.126030923848,0.982142857143,1.64419651694,0.206391916834
O29,space_filling,joint,10,0.122861580924,0.982142857143,1.63907262833,0.204345964981
O29,space_filling,joint,11,0.119607579361,0.982142857143,1.63277607837,0.202284808597
O29,space_filling,joint,12,0.11530082696,0.982142857143,1.62392994964,0.199648868328
O29,space_filling,joint,13,0.120484958159,0.982142857143,1.61592772226,0.203090556789
O29,space_filling,joint,14,0.122820003558,0.982142857143,1.60849030618,0.204546254528
O29,space_filling,joint,15,0.122819706066,0.982142857143,1.60076481708,0.20412304843
O29,space_filling,joint,16,0.119380330971,0.982142857143,1.58992023567,0.202004137395
