curve_id,organoid_id,mode,config,nll
O01:Coculture:F01:Gef,O01,joint,0,4.35043885549
O01:Coculture:F01:Gef,O01,joint,1,3.19441247415
O01:Coculture:F01:Gef,O01,joint,2,6.95271656327
O01:Coculture:F01:Gef,O01,joint,3,7.21155238524
O01:Coculture:F01:Gef,O01,joint,4,6.05954033678
O01:Coculture:F01:Gef,O01,joint,5,9.43072733951
O01:Coculture:F01:Gef,O01,joint,6,13.0534891168
O01:Coculture:F01:Gef,O01,joint,7,12.021438765
O01:Coculture:F01:Gef,O01,joint,8,14.5543340581
O01:Coculture:F01:Gef,O01,joint,9,-0.059089285268
O01:Coculture:F01:Gef,O01,joint,10,-1.03474075205
O01:Coculture:F01:Gef,O01,joint,11,2.27270635982
O01:Coculture:F01:Gef,O01,joint,12,3.82311826156
O01:Coculture:F01:Gef,O01,joint,13,2.68253978698
O01:Coculture:F01:Gef,O01,joint,14,5.38034034197
O01:Coculture:F01:Gef,O01,joint,15,11.0626135617
O01:Coculture:F01:Gef,O01,joint,16,10.0252614466
O01:Coculture:F01:Gef,O01,joint,17,12.0695937689
O01:Coculture:F01:Gef,O01,joint,18,-1.45390985553
O01:Coculture:F01:Gef,O01,joint,19,-3.08127470922
O01:Coculture:F01:Gef,O01,joint,20,1.0278087242
O01:Coculture:F01:Gef,O01,joint,21,2.77242374769
O01:Coculture:F01:Gef,O01,joint,22,1.04193177202
O01:Coculture:F01:Gef,O01,joint,23,4.30396600427
O01:Coculture:F01:Gef,O01,joint,24,10.5669768507
O01:Coculture:F01:Gef,O01,joint,25,9.0806540114
O01:Coculture:F01:Gef,O01,joint,26,11.6258014767
O01:Coculture:F01:Gef,O01,joint,27,7.8844429569
O01:Coculture:F01:Gef,O01,joint,28,7.59731317038
O01:Coculture:F01:Gef,O01,joint,29,8.56838254784
O01:Coculture:F01:Gef,O01,joint,30,10.477057451
O01:Coculture:F01:Gef,O01,joint,31,10.1880508557
O01:Coculture:F01:Gef,O01,joint,32,11.127626878
O01:Coculture:F01:Gef,O01,joint,33,15.7352617149
O01:Coculture:F01:Gef,O01,joint,34,15.4472587028
O01:Coculture:F01:Gef,O01,joint,35,16.2900554534
O01:Coculture:F01:Gef,O01,joint,36,1.84513594417
O01:Coculture:F01:Gef,O01,joint,37,1.68604797639
O01:Coculture:F01:Gef,O01,joint,38,2.65724858187
O01:Coculture:F01:Gef,O01,joint,39,5.38448089074
O01:Coculture:F01:Gef,O01,joint,40,5.14056802404
O01:Coculture:F01:Gef,O01,joint,41,5.96742980201
O01:Coculture:F01:Gef,O01,joint,42,12.1594806842
O01:Coculture:F01:Gef,O01,joint,43,11.8743360655
O01:Coculture:F01:Gef,O01,joint,44,12.5487862043
O01:Coculture:F01:Gef,O01,joint,45,-1.18882801102
O01:Coculture:F01:Gef,O01,joint,46,-1.46335084628
O01:Coculture:F01:Gef,O01,joint,47,-0.153984924193
O01:Coculture:F01:Gef,O01,joint,48,2.8740116776
O01:Coculture:F01:Gef,O01,joint,49,2.46717046418
O01:Coculture:F01:Gef,O01,joint,50,3.49444132253
O01:Coculture:F01:Gef,O01,joint,51,10.5529609035
O01:Coculture:F01:Gef,O01,joint,52,10.1203379096
O01:Coculture:F01:Gef,O01,joint,53,10.9358464676
O01:Coculture:F01:Gef,O01,diagonal,0,4.88611873633
O01:Coculture:F01:Gef,O01,diagonal,1,4.01862710572
O01:Coculture:F01:Gef,O01,diagonal,2,8.14112775182
O01:Coculture:F01:Gef,O01,diagonal,3,9.39527515328
O01:Coculture:F01:Gef,O01,diagonal,4,8.54756560166
O01:Coculture:F01:Gef,O01,diagonal,5,12.4725118274
O01:Coculture:F01:Gef,O01,diagonal,6,15.9721085861
O01:Coculture:F01:Gef,O01,diagonal,7,15.2297804653
O01:Coculture:F01:Gef,O01,diagonal,8,18.6366471633
O01:Coculture:F01:Gef,O01,diagonal,9,1.20838236909
O01:Coculture:F01:Gef,O01,diagonal,10,0.576888345956
O01:Coculture:F01:Gef,O01,diagonal,11,4.19266666985
O01:Coculture:F01:Gef,O01,diagonal,12,6.68167725767
O01:Coculture:F01:Gef,O01,diagonal,13,5.96747897527
O01:Coculture:F01:Gef,O01,diagonal,14,9.11282801166
O01:Coculture:F01:Gef,O01,diagonal,15,14.46697338
O01:Coculture:F01:Gef,O01,diagonal,16,13.8316511698
O01:Coculture:F01:Gef,O01,diagonal,17,16.4394842047
O01:Coculture:F01:Gef,O01,diagonal,18,0.312712241985
O01:Coculture:F01:Gef,O01,diagonal,19,-0.554969769193
O01:Coculture:F01:Gef,O01,diagonal,20,4.20585383381
O01:Coculture:F01:Gef,O01,diagonal,21,5.95187865723
O01:Coculture:F01:Gef,O01,diagonal,22,4.92714472465
O01:Coculture:F01:Gef,O01,diagonal,23,8.88111112783
O01:Coculture:F01:Gef,O01,diagonal,24,14.0143619296
O01:Coculture:F01:Gef,O01,diagonal,25,13.205736524
O01:Coculture:F01:Gef,O01,diagonal,26,16.5884454112
O01:Coculture:F01:Gef,O01,diagonal,27,8.41315524963
O01:Coculture:F01:Gef,O01,diagonal,28,8.19628970158
O01:Coculture:F01:Gef,O01,diagonal,29,9.24262651648
O01:Coculture:F01:Gef,O01,diagonal,30,12.5316804293
O01:Coculture:F01:Gef,O01,diagonal,31,12.3148075217
O01:Coculture:F01:Gef,O01,diagonal,32,13.3454326832
O01:Coculture:F01:Gef,O01,diagonal,33,18.381195923
O01:Coculture:F01:Gef,O01,diagonal,34,18.1692685351
O01:Coculture:F01:Gef,O01,diagonal,35,19.1505050915
O01:Coculture:F01:Gef,O01,diagonal,36,2.93257555736
O01:Coculture:F01:Gef,O01,diagonal,37,2.84236795715
O01:Coculture:F01:Gef,O01,diagonal,38,3.87303975715
O01:Coculture:F01:Gef,O01,diagonal,39,8.1661888621
O01:Coculture:F01:Gef,O01,diagonal,40,8.00831535631
O01:Coculture:F01:Gef,O01,diagonal,41,8.91225993729
O01:Coculture:F01:Gef,O01,diagonal,42,15.5433811097
O01:Coculture:F01:Gef,O01,diagonal,43,15.3648315391
O01:Coculture:F01:Gef,O01,diagonal,44,16.1511687982
O01:Coculture:F01:Gef,O01,diagonal,45,0.439980585204
O01:Coculture:F01:Gef,O01,diagonal,46,0.356613996644
O01:Coculture:F01:Gef,O01,diagonal,47,1.82804798585
O01:Coculture:F01:Gef,O01,diagonal,48,6.12658538515
O01:Coculture:F01:Gef,O01,diagonal,49,5.90966488235
O01:Coculture:F01:Gef,O01,diagonal,50,7.0998707831
O01:Coculture:F01:Gef,O01,diagonal,51,14.249500474
O01:Coculture:F01:Gef,O01,diagonal,52,13.9933169908
O01:Coculture:F01:Gef,O01,diagonal,53,14.9818085916
O01:Coculture:F01:Oxa,O01,joint,0,325.270644706
O01:Coculture:F01:Oxa,O01,joint,1,320.349331174
O01:Coculture:F01:Oxa,O01,joint,2,320.342353698
O01:Coculture:F01:Oxa,O01,joint,3,94.3476636877
O01:Coculture:F01:Oxa,O01,joint,4,89.811879526
O01:Coculture:F01:Oxa,O01,joint,5,89.7955252076
O01:Coculture:F01:Oxa,O01,joint,6,39.5361845547
O01:Coculture:F01:Oxa,O01,joint,7,36.0615186367
O01:Coculture:F01:Oxa,O01,joint,8,36.1023984547
O01:Coculture:F01:Oxa,O01,joint,9,359.484601298
O01:Coculture:F01:Oxa,O01,joint,10,356.43478142
O01:Coculture:F01:Oxa,O01,joint,11,357.667806135
O01:Coculture:F01:Oxa,O01,joint,12,105.502406153
O01:Coculture:F01:Oxa,O01,joint,13,103.445640656
O01:Coculture:F01:Oxa,O01,joint,14,105.218799355
O01:Coculture:F01:Oxa,O01,joint,15,41.9510523053
O01:Coculture:F01:Oxa,O01,joint,16,39.9868485004
O01:Coculture:F01:Oxa,O01,joint,17,41.0666210746
O01:Coculture:F01:Oxa,O01,joint,18,444.859940655
O01:Coculture:F01:Oxa,O01,joint,19,446.895180227
O01:Coculture:F01:Oxa,O01,joint,20,454.664588648
O01:Coculture:F01:Oxa,O01,joint,21,132.02451554
O01:Coculture:F01:Oxa,O01,joint,22,131.00492644
O01:Coculture:F01:Oxa,O01,joint,23,134.957934198
O01:Coculture:F01:Oxa,O01,joint,24,49.3580797403
O01:Coculture:F01:Oxa,O01,joint,25,46.7211830016
O01:Coculture:F01:Oxa,O01,joint,26,48.0698103459
O01:Coculture:F01:Oxa,O01,joint,27,320.697370259
O01:Coculture:F01:Oxa,O01,joint,28,319.442762032
O01:Coculture:F01:Oxa,O01,joint,29,319.445613599
O01:Coculture:F01:Oxa,O01,joint,30,90.7272168763
O01:Coculture:F01:Oxa,O01,joint,31,89.4968884933
O01:Coculture:F01:Oxa,O01,joint,32,89.4951441243
O01:Coculture:F01:Oxa,O01,joint,33,37.5455268191
O01:Coculture:F01:Oxa,O01,joint,34,36.4115807787
O01:Coculture:F01:Oxa,O01,joint,35,36.4074921991
O01:Coculture:F01:Oxa,O01,joint,36,334.303067533
O01:Coculture:F01:Oxa,O01,joint,37,333.313491518
O01:Coculture:F01:Oxa,O01,joint,38,333.451677381
O01:Coculture:F01:Oxa,O01,joint,39,95.2867013389
O01:Coculture:F01:Oxa,O01,joint,40,94.5242463694
O01:Coculture:F01:Oxa,O01,joint,41,94.8325025483
O01:Coculture:F01:Oxa,O01,joint,42,37.582375882
O01:Coculture:F01:Oxa,O01,joint,43,37.0681845078
O01:Coculture:F01:Oxa,O01,joint,44,37.5114741825
O01:Coculture:F01:Oxa,O01,joint,45,396.906761333
O01:Coculture:F01:Oxa,O01,joint,46,397.385542537
O01:Coculture:F01:Oxa,O01,joint,47,399.449460976
O01:Coculture:F01:Oxa,O01,joint,48,114.442034535
O01:Coculture:F01:Oxa,O01,joint,49,114.950844428
O01:Coculture:F01:Oxa,O01,joint,50,116.893196534
O01:Coculture:F01:Oxa,O01,joint,51,42.8504342733
O01:Coculture:F01:Oxa,O01,joint,52,42.5955369983
O01:Coculture:F01:Oxa,O01,joint,53,43.5837889377
O01:Coculture:F01:Oxa,O01,diagonal,0,174.686945458
O01:Coculture:F01:Oxa,O01,diagonal,1,168.624618146
O01:Coculture:F01:Oxa,O01,diagonal,2,167.549383646
O01:Coculture:F01:Oxa,O01,diagonal,3,59.9293725882
O01:Coculture:F01:Oxa,O01,diagonal,4,54.0824528249
O01:Coculture:F01:Oxa,O01,diagonal,5,53.0075399034
O01:Coculture:F01:Oxa,O01,diagonal,6,34.8117387766
O01:Coculture:F01:Oxa,O01,diagonal,7,29.6187304975
O01:Coculture:F01:Oxa,O01,diagonal,8,28.5748377102
O01:Coculture:F01:Oxa,O01,diagonal,9,194.059650809
O01:Coculture:F01:Oxa,O01,diagonal,10,190.689852123
O01:Coculture:F01:Oxa,O01,diagonal,11,191.562864086
O01:Coculture:F01:Oxa,O01,diagonal,12,63.2498331116
O01:Coculture:F01:Oxa,O01,diagonal,13,60.5533767075
O01:Coculture:F01:Oxa,O01,diagonal,14,61.7166623598
O01:Coculture:F01:Oxa,O01,diagonal,15,33.5009544326
O01:Coculture:F01:Oxa,O01,diagonal,16,30.5252123493
O01:Coculture:F01:Oxa,O01,diagonal,17,30.7906017988
O01:Coculture:F01:Oxa,O01,diagonal,18,238.607607311
O01:Coculture:F01:Oxa,O01,diagonal,19,238.854437601
O01:Coculture:F01:Oxa,O01,diagonal,20,244.729917111
O01:Coculture:F01:Oxa,O01,diagonal,21,77.7443369369
O01:Coculture:F01:Oxa,O01,diagonal,22,74.7530168821
O01:Coculture:F01:Oxa,O01,diagonal,23,76.7389069913
O01:Coculture:F01:Oxa,O01,diagonal,24,38.7189220987
O01:Coculture:F01:Oxa,O01,diagonal,25,34.0997786989
O01:Coculture:F01:Oxa,O01,diagonal,26,33.6660364806
O01:Coculture:F01:Oxa,O01,diagonal,27,168.943125718
O01:Coculture:F01:Oxa,O01,diagonal,28,167.415466936
O01:Coculture:F01:Oxa,O01,diagonal,29,167.149985408
O01:Coculture:F01:Oxa,O01,diagonal,30,55.0149158981
O01:Coculture:F01:Oxa,O01,diagonal,31,53.4993340701
O01:Coculture:F01:Oxa,O01,diagonal,32,53.230525445
O01:Coculture:F01:Oxa,O01,diagonal,33,31.0643551395
O01:Coculture:F01:Oxa,O01,diagonal,34,29.6026251986
O01:Coculture:F01:Oxa,O01,diagonal,35,29.3338969683
O01:Coculture:F01:Oxa,O01,diagonal,36,177.442934341
O01:Coculture:F01:Oxa,O01,diagonal,37,176.26982841
O01:Coculture:F01:Oxa,O01,diagonal,38,176.214232491
O01:Coculture:F01:Oxa,O01,diagonal,39,56.4279090666
O01:Coculture:F01:Oxa,O01,diagonal,40,55.5854593951
O01:Coculture:F01:Oxa,O01,diagonal,41,55.8037123859
O01:Coculture:F01:Oxa,O01,diagonal,42,29.7231171083
O01:Coculture:F01:Oxa,O01,diagonal,43,29.0490030072
O01:Coculture:F01:Oxa,O01,diagonal,44,29.3398244203
O01:Coculture:F01:Oxa,O01,diagonal,45,210.527154857
O01:Coculture:F01:Oxa,O01,diagonal,46,210.990231709
O01:Coculture:F01:Oxa,O01,diagonal,47,213.007703077
O01:Coculture:F01:Oxa,O01,diagonal,48,65.7273665725
O01:Coculture:F01:Oxa,O01,diagonal,49,65.789074145
O01:Coculture:F01:Oxa,O01,diagonal,50,67.2579440226
O01:Coculture:F01:Oxa,O01,diagonal,51,32.2158404583
O01:Coculture:F01:Oxa,O01,diagonal,52,31.4680104446
O01:Coculture:F01:Oxa,O01,diagonal,53,31.9644829719
O01:Monoculture::5-FU,O01,joint,0,12.8609900786
O01:Monoculture::5-FU,O01,joint,1,12.2831997847
O01:Monoculture::5-FU,O01,joint,2,16.6197455465
O01:Monoculture::5-FU,O01,joint,3,9.61831094594
O01:Monoculture::5-FU,O01,joint,4,9.19059810717
O01:Monoculture::5-FU,O01,joint,5,13.2823151117
O01:Monoculture::5-FU,O01,joint,6,13.4349034057
O01:Monoculture::5-FU,O01,joint,7,13.2096849929
O01:Monoculture::5-FU,O01,joint,8,16.5000123162
O01:Monoculture::5-FU,O01,joint,9,14.9765890741
O01:Monoculture::5-FU,O01,joint,10,14.8016371638
O01:Monoculture::5-FU,O01,joint,11,18.909529847
O01:Monoculture::5-FU,O01,joint,12,7.21928592249
O01:Monoculture::5-FU,O01,joint,13,7.15300774229
O01:Monoculture::5-FU,O01,joint,14,10.916653758
O01:Monoculture::5-FU,O01,joint,15,11.4160429949
O01:Monoculture::5-FU,O01,joint,16,11.3727968335
O01:Monoculture::5-FU,O01,joint,17,14.373527051
O01:Monoculture::5-FU,O01,joint,18,14.1339805715
O01:Monoculture::5-FU,O01,joint,19,14.1678853263
O01:Monoculture::5-FU,O01,joint,20,19.9359589309
O01:Monoculture::5-FU,O01,joint,21,5.72717697348
O01:Monoculture::5-FU,O01,joint,22,5.74646424865
O01:Monoculture::5-FU,O01,joint,23,10.7383483815
O01:Monoculture::5-FU,O01,joint,24,10.5631254302
O01:Monoculture::5-FU,O01,joint,25,10.546301027
O01:Monoculture::5-FU,O01,joint,26,14.5150007069
O01:Monoculture::5-FU,O01,joint,27,15.573118764
O01:Monoculture::5-FU,O01,joint,28,15.4130385328
O01:Monoculture::5-FU,O01,joint,29,16.5104180957
O01:Monoculture::5-FU,O01,joint,30,12.6248032195
O01:Monoculture::5-FU,O01,joint,31,12.480355646
O01:Monoculture::5-FU,O01,joint,32,13.5644920865
O01:Monoculture::5-FU,O01,joint,33,16.3631886337
O01:Monoculture::5-FU,O01,joint,34,16.256260424
O01:Monoculture::5-FU,O01,joint,35,17.2791896751
O01:Monoculture::5-FU,O01,joint,36,15.2059241817
O01:Monoculture::5-FU,O01,joint,37,15.0884511303
O01:Monoculture::5-FU,O01,joint,38,16.098739958
O01:Monoculture::5-FU,O01,joint,39,9.15969828302
O01:Monoculture::5-FU,O01,joint,40,9.11596030547
O01:Monoculture::5-FU,O01,joint,41,10.1429334763
O01:Monoculture::5-FU,O01,joint,42,13.0115958244
O01:Monoculture::5-FU,O01,joint,43,12.9950262794
O01:Monoculture::5-FU,O01,joint,44,13.9359377833
O01:Monoculture::5-FU,O01,joint,45,15.1205817013
O01:Monoculture::5-FU,O01,joint,46,15.0909161556
O01:Monoculture::5-FU,O01,joint,47,16.6463878447
O01:Monoculture::5-FU,O01,joint,48,6.76054451456
O01:Monoculture::5-FU,O01,joint,49,6.76902070327
O01:Monoculture::5-FU,O01,joint,50,8.21103910442
O01:Monoculture::5-FU,O01,joint,51,11.2760996317
O01:Monoculture::5-FU,O01,joint,52,11.2809214505
O01:Monoculture::5-FU,O01,joint,53,12.5288924837
O01:Monoculture::5-FU,O01,diagonal,0,10.8134401522
O01:Monoculture::5-FU,O01,diagonal,1,11.1834140753
O01:Monoculture::5-FU,O01,diagonal,2,16.5404808096
O01:Monoculture::5-FU,O01,diagonal,3,10.6423279087
O01:Monoculture::5-FU,O01,diagonal,4,10.9973607113
O01:Monoculture::5-FU,O01,diagonal,5,16.1244003557
O01:Monoculture::5-FU,O01,diagonal,6,15.9270670854
O01:Monoculture::5-FU,O01,diagonal,7,16.2158849846
O01:Monoculture::5-FU,O01,diagonal,8,20.6538183755
O01:Monoculture::5-FU,O01,diagonal,9,9.04984537478
O01:Monoculture::5-FU,O01,diagonal,10,9.52896659685
O01:Monoculture::5-FU,O01,diagonal,11,14.250898468
O01:Monoculture::5-FU,O01,diagonal,12,8.09340422844
O01:Monoculture::5-FU,O01,diagonal,13,8.47676610412
O01:Monoculture::5-FU,O01,diagonal,14,12.7198700363
O01:Monoculture::5-FU,O01,diagonal,15,14.4220500744
O01:Monoculture::5-FU,O01,diagonal,16,14.6766642827
O01:Monoculture::5-FU,O01,diagonal,17,18.1724100238
O01:Monoculture::5-FU,O01,diagonal,18,7.16037776426
O01:Monoculture::5-FU,O01,diagonal,19,7.92325450333
O01:Monoculture::5-FU,O01,diagonal,20,14.3147804623
O01:Monoculture::5-FU,O01,diagonal,21,6.75626927287
O01:Monoculture::5-FU,O01,diagonal,22,7.20532021055
O01:Monoculture::5-FU,O01,diagonal,23,12.6315813121
O01:Monoculture::5-FU,O01,diagonal,24,13.7128133337
O01:Monoculture::5-FU,O01,diagonal,25,13.9995543156
O01:Monoculture::5-FU,O01,diagonal,26,18.471696479
O01:Monoculture::5-FU,O01,diagonal,27,14.2510939126
O01:Monoculture::5-FU,O01,diagonal,28,14.3424943506
O01:Monoculture::5-FU,O01,diagonal,29,15.6960720425
O01:Monoculture::5-FU,O01,diagonal,30,14.0465395716
O01:Monoculture::5-FU,O01,diagonal,31,14.1390330524
O01:Monoculture::5-FU,O01,diagonal,32,15.478299736
O01:Monoculture::5-FU,O01,diagonal,33,18.7425939696
O01:Monoculture::5-FU,O01,diagonal,34,18.8313521702
O01:Monoculture::5-FU,O01,diagonal,35,20.1131120813
O01:Monoculture::5-FU,O01,diagonal,36,11.1531066906
O01:Monoculture::5-FU,O01,diagonal,37,11.269651466
O01:Monoculture::5-FU,O01,diagonal,38,12.5037062539
O01:Monoculture::5-FU,O01,diagonal,39,10.1754577082
O01:Monoculture::5-FU,O01,diagonal,40,10.2952380137
O01:Monoculture::5-FU,O01,diagonal,41,11.4757209815
O01:Monoculture::5-FU,O01,diagonal,42,15.9340098875
O01:Monoculture::5-FU,O01,diagonal,43,16.0298503564
O01:Monoculture::5-FU,O01,diagonal,44,17.0906263394
O01:Monoculture::5-FU,O01,diagonal,45,8.62892688459
O01:Monoculture::5-FU,O01,diagonal,46,8.90818358162
O01:Monoculture::5-FU,O01,diagonal,47,10.7418347957
O01:Monoculture::5-FU,O01,diagonal,48,7.86555918583
O01:Monoculture::5-FU,O01,diagonal,49,8.0562783706
O01:Monoculture::5-FU,O01,diagonal,50,9.65415986035
O01:Monoculture::5-FU,O01,diagonal,51,14.4688235423
O01:Monoculture::5-FU,O01,diagonal,52,14.5810862767
O01:Monoculture::5-FU,O01,diagonal,53,15.9376515521
O01:Monoculture::Oxa,O01,joint,0,9.93786650234
O01:Monoculture::Oxa,O01,joint,1,7.42049338857
O01:Monoculture::Oxa,O01,joint,2,9.8174563304
O01:Monoculture::Oxa,O01,joint,3,9.57246661098
O01:Monoculture::Oxa,O01,joint,4,7.3472775379
O01:Monoculture::Oxa,O01,joint,5,9.64151830808
O01:Monoculture::Oxa,O01,joint,6,14.1179143196
O01:Monoculture::Oxa,O01,joint,7,12.5238471496
O01:Monoculture::Oxa,O01,joint,8,14.4453257156
O01:Monoculture::Oxa,O01,joint,9,9.06416944012
O01:Monoculture::Oxa,O01,joint,10,7.07134560827
O01:Monoculture::Oxa,O01,joint,11,9.36136636979
O01:Monoculture::Oxa,O01,joint,12,6.7772408176
O01:Monoculture::Oxa,O01,joint,13,5.48273387523
O01:Monoculture::Oxa,O01,joint,14,8.01815112874
O01:Monoculture::Oxa,O01,joint,15,11.9408145675
O01:Monoculture::Oxa,O01,joint,16,10.9453402541
O01:Monoculture::Oxa,O01,joint,17,12.9938423197
O01:Monoculture::Oxa,O01,joint,18,11.2573041568
O01:Monoculture::Oxa,O01,joint,19,10.3550597592
O01:Monoculture::Oxa,O01,joint,20,15.1869842114
O01:Monoculture::Oxa,O01,joint,21,6.32272349325
O01:Monoculture::Oxa,O01,joint,22,5.15108297923
O01:Monoculture::Oxa,O01,joint,23,8.95203932291
O01:Monoculture::Oxa,O01,joint,24,11.5853592079
O01:Monoculture::Oxa,O01,joint,25,10.3263918199
O01:Monoculture::Oxa,O01,joint,26,13.0529485148
O01:Monoculture::Oxa,O01,joint,27,12.2435253644
O01:Monoculture::Oxa,O01,joint,28,11.5906854897
O01:Monoculture::Oxa,O01,joint,29,12.1953054091
O01:Monoculture::Oxa,O01,joint,30,11.8940223254
O01:Monoculture::Oxa,O01,joint,31,11.264679047
O01:Monoculture::Oxa,O01,joint,32,11.8639197824
O01:Monoculture::Oxa,O01,joint,33,16.3517275499
O01:Monoculture::Oxa,O01,joint,34,15.7954302817
O01:Monoculture::Oxa,O01,joint,35,16.3689904742
O01:Monoculture::Oxa,O01,joint,36,8.15791028441
O01:Monoculture::Oxa,O01,joint,37,7.42773477045
O01:Monoculture::Oxa,O01,joint,38,7.82532113554
O01:Monoculture::Oxa,O01,joint,39,7.68159337454
O01:Monoculture::Oxa,O01,joint,40,7.18338741658
O01:Monoculture::Oxa,O01,joint,41,7.75589260696
O01:Monoculture::Oxa,O01,joint,42,12.9010845482
O01:Monoculture::Oxa,O01,joint,43,12.5774578126
O01:Monoculture::Oxa,O01,joint,44,13.211312126
O01:Monoculture::Oxa,O01,joint,45,10.180510192
O01:Monoculture::Oxa,O01,joint,46,9.76135944582
O01:Monoculture::Oxa,O01,joint,47,10.9273459346
O01:Monoculture::Oxa,O01,joint,48,6.0413754109
O01:Monoculture::Oxa,O01,joint,49,5.8158143115
O01:Monoculture::Oxa,O01,joint,50,7.02379542455
O01:Monoculture::Oxa,O01,joint,51,11.4249862616
O01:Monoculture::Oxa,O01,joint,52,11.1320761331
O01:Monoculture::Oxa,O01,joint,53,12.0823152191
O01:Monoculture::Oxa,O01,diagonal,0,10.0567190043
O01:Monoculture::Oxa,O01,diagonal,1,6.89847682098
O01:Monoculture::Oxa,O01,diagonal,2,8.72732744891
O01:Monoculture::Oxa,O01,diagonal,3,12.4521172493
O01:Monoculture::Oxa,O01,diagonal,4,9.46174652188
O01:Monoculture::Oxa,O01,diagonal,5,11.2433826363
O01:Monoculture::Oxa,O01,diagonal,6,18.1586761503
O01:Monoculture::Oxa,O01,diagonal,7,15.5529354332
O01:Monoculture::Oxa,O01,diagonal,8,17.0963102078
O01:Monoculture::Oxa,O01,diagonal,9,8.50579312259
O01:Monoculture::Oxa,O01,diagonal,10,6.14316846333
O01:Monoculture::Oxa,O01,diagonal,11,8.02335445319
O01:Monoculture::Oxa,O01,diagonal,12,9.66639925859
O01:Monoculture::Oxa,O01,diagonal,13,7.7105919664
O01:Monoculture::Oxa,O01,diagonal,14,9.61452673067
O01:Monoculture::Oxa,O01,diagonal,15,16.126528991
O01:Monoculture::Oxa,O01,diagonal,16,14.3456582787
O01:Monoculture::Oxa,O01,diagonal,17,15.8059190992
O01:Monoculture::Oxa,O01,diagonal,18,9.3723677888
O01:Monoculture::Oxa,O01,diagonal,19,7.16037333284
O01:Monoculture::Oxa,O01,diagonal,20,10.5770280968
O01:Monoculture::Oxa,O01,diagonal,21,9.72338376409
O01:Monoculture::Oxa,O01,diagonal,22,7.32925810672
O01:Monoculture::Oxa,O01,diagonal,23,9.91234261324
O01:Monoculture::Oxa,O01,diagonal,24,16.3958388678
O01:Monoculture::Oxa,O01,diagonal,25,13.9178066883
O01:Monoculture::Oxa,O01,diagonal,26,15.6251756901
O01:Monoculture::Oxa,O01,diagonal,27,11.6440549262
O01:Monoculture::Oxa,O01,diagonal,28,10.8398712779
O01:Monoculture::Oxa,O01,diagonal,29,11.2978648835
O01:Monoculture::Oxa,O01,diagonal,30,13.8573592846
O01:Monoculture::Oxa,O01,diagonal,31,13.0677987388
O01:Monoculture::Oxa,O01,diagonal,32,13.5250113958
O01:Monoculture::Oxa,O01,diagonal,33,19.1950413047
O01:Monoculture::Oxa,O01,diagonal,34,18.4474486229
O01:Monoculture::Oxa,O01,diagonal,35,18.8928576515
O01:Monoculture::Oxa,O01,diagonal,36,7.76834985766
O01:Monoculture::Oxa,O01,diagonal,37,6.97153439828
O01:Monoculture::Oxa,O01,diagonal,38,7.2922289515
O01:Monoculture::Oxa,O01,diagonal,39,10.0394446451
O01:Monoculture::Oxa,O01,diagonal,40,9.4487884803
O01:Monoculture::Oxa,O01,diagonal,41,9.91883497776
O01:Monoculture::Oxa,O01,diagonal,42,16.327258645
O01:Monoculture::Oxa,O01,diagonal,43,15.838306822
O01:Monoculture::Oxa,O01,diagonal,44,16.314290513
O01:Monoculture::Oxa,O01,diagonal,45,7.85156870173
O01:Monoculture::Oxa,O01,diagonal,46,7.20768873932
O01:Monoculture::Oxa,O01,diagonal,47,8.11820329391
O01:Monoculture::Oxa,O01,diagonal,48,8.41855669197
O01:Monoculture::Oxa,O01,diagonal,49,7.86555807798
O01:Monoculture::Oxa,O01,diagonal,50,8.71972176897
O01:Monoculture::Oxa,O01,diagonal,51,15.2106021651
O01:Monoculture::Oxa,O01,diagonal,52,14.6120707508
O01:Monoculture::Oxa,O01,diagonal,53,15.2578418774
O02:Monoculture::5-FU,O02,joint,0,13.0912607941
O02:Monoculture::5-FU,O02,joint,1,10.6248826048
O02:Monoculture::5-FU,O02,joint,2,13.0728404711
O02:Monoculture::5-FU,O02,joint,3,10.5378667374
O02:Monoculture::5-FU,O02,joint,4,8.19671858969
O02:Monoculture::5-FU,O02,joint,5,10.3750002853
O02:Monoculture::5-FU,O02,joint,6,14.8240016602
O02:Monoculture::5-FU,O02,joint,7,12.8441974872
O02:Monoculture::5-FU,O02,joint,8,14.3799390503
O02:Monoculture::5-FU,O02,joint,9,9.81442429812
O02:Monoculture::5-FU,O02,joint,10,7.93095437029
O02:Monoculture::5-FU,O02,joint,11,10.3303290358
O02:Monoculture::5-FU,O02,joint,12,7.86015500293
O02:Monoculture::5-FU,O02,joint,13,5.96560626023
O02:Monoculture::5-FU,O02,joint,14,7.90098171341
O02:Monoculture::5-FU,O02,joint,15,13.4321463316
O02:Monoculture::5-FU,O02,joint,16,11.4940189746
O02:Monoculture::5-FU,O02,joint,17,12.5998679966
O02:Monoculture::5-FU,O02,joint,18,17.358842453
O02:Monoculture::5-FU,O02,joint,19,15.5823657172
O02:Monoculture::5-FU,O02,joint,20,19.5400578311
O02:Monoculture::5-FU,O02,joint,21,11.829482207
O02:Monoculture::5-FU,O02,joint,22,8.5647631017
O02:Monoculture::5-FU,O02,joint,23,10.2726408541
O02:Monoculture::5-FU,O02,joint,24,15.15048073
O02:Monoculture::5-FU,O02,joint,25,11.8510500368
O02:Monoculture::5-FU,O02,joint,26,12.5371434265
O02:Monoculture::5-FU,O02,joint,27,15.417703735
O02:Monoculture::5-FU,O02,joint,28,14.7930662029
O02:Monoculture::5-FU,O02,joint,29,15.4258884649
O02:Monoculture::5-FU,O02,joint,30,12.6823708984
O02:Monoculture::5-FU,O02,joint,31,12.065776351
O02:Monoculture::5-FU,O02,joint,32,12.6777658176
O02:Monoculture::5-FU,O02,joint,33,16.5930775815
O02:Monoculture::5-FU,O02,joint,34,16.0077905446
O02:Monoculture::5-FU,O02,joint,35,16.5523609685
O02:Monoculture::5-FU,O02,joint,36,9.89674198719
O02:Monoculture::5-FU,O02,joint,37,9.42891994203
O02:Monoculture::5-FU,O02,joint,38,10.0888597759
O02:Monoculture::5-FU,O02,joint,39,7.86915708904
O02:Monoculture::5-FU,O02,joint,40,7.39828960708
O02:Monoculture::5-FU,O02,joint,41,7.99813327346
O02:Monoculture::5-FU,O02,joint,42,13.1718130945
O02:Monoculture::5-FU,O02,joint,43,12.6981759089
O02:Monoculture::5-FU,O02,joint,44,13.1820197721
O02:Monoculture::5-FU,O02,joint,45,10.3302171818
O02:Monoculture::5-FU,O02,joint,46,10.2470369207
O02:Monoculture::5-FU,O02,joint,47,11.7489938946
O02:Monoculture::5-FU,O02,joint,48,7.56675998495
O02:Monoculture::5-FU,O02,joint,49,7.12264080099
O02:Monoculture::5-FU,O02,joint,50,8.11206382948
O02:Monoculture::5-FU,O02,joint,51,12.8016759401
O02:Monoculture::5-FU,O02,joint,52,11.9854961637
O02:Monoculture::5-FU,O02,joint,53,12.4124656019
O02:Monoculture::5-FU,O02,diagonal,0,12.2616884645
O02:Monoculture::5-FU,O02,diagonal,1,10.9361603401
O02:Monoculture::5-FU,O02,diagonal,2,14.5977250268
O02:Monoculture::5-FU,O02,diagonal,3,12.0302305795
O02:Monoculture::5-FU,O02,diagonal,4,10.7541591459
O02:Monoculture::5-FU,O02,diagonal,5,14.2500945542
O02:Monoculture::5-FU,O02,diagonal,6,17.2994662322
O02:Monoculture::5-FU,O02,diagonal,7,16.2120339725
O02:Monoculture::5-FU,O02,diagonal,8,19.2737172047
O02:Monoculture::5-FU,O02,diagonal,9,9.65661723264
O02:Monoculture::5-FU,O02,diagonal,10,8.78711001137
O02:Monoculture::5-FU,O02,diagonal,11,12.1604134392
O02:Monoculture::5-FU,O02,diagonal,12,10.4331004481
O02:Monoculture::5-FU,O02,diagonal,13,9.45253303276
O02:Monoculture::5-FU,O02,diagonal,14,12.3317076739
O02:Monoculture::5-FU,O02,diagonal,15,16.5571688643
O02:Monoculture::5-FU,O02,diagonal,16,15.5719670092
O02:Monoculture::5-FU,O02,diagonal,17,17.8278966869
O02:Monoculture::5-FU,O02,diagonal,18,19.4676394728
O02:Monoculture::5-FU,O02,diagonal,19,18.9183941242
O02:Monoculture::5-FU,O02,diagonal,20,23.9977979957
O02:Monoculture::5-FU,O02,diagonal,21,15.3190030173
O02:Monoculture::5-FU,O02,diagonal,22,13.7035986405
O02:Monoculture::5-FU,O02,diagonal,23,17.0654044276
O02:Monoculture::5-FU,O02,diagonal,24,17.8255044018
O02:Monoculture::5-FU,O02,diagonal,25,16.5609014748
O02:Monoculture::5-FU,O02,diagonal,26,19.4816997292
O02:Monoculture::5-FU,O02,diagonal,27,14.9846485528
O02:Monoculture::5-FU,O02,diagonal,28,14.6514171185
O02:Monoculture::5-FU,O02,diagonal,29,15.5803629381
O02:Monoculture::5-FU,O02,diagonal,30,14.4086016497
O02:Monoculture::5-FU,O02,diagonal,31,14.0772196186
O02:Monoculture::5-FU,O02,diagonal,32,14.9926107903
O02:Monoculture::5-FU,O02,diagonal,33,19.0895696373
O02:Monoculture::5-FU,O02,diagonal,34,18.7705517789
O02:Monoculture::5-FU,O02,diagonal,35,19.644535631
O02:Monoculture::5-FU,O02,diagonal,36,9.82568105304
O02:Monoculture::5-FU,O02,diagonal,37,9.62956082581
O02:Monoculture::5-FU,O02,diagonal,38,10.5509506112
O02:Monoculture::5-FU,O02,diagonal,39,10.3271506726
O02:Monoculture::5-FU,O02,diagonal,40,10.1097738673
O02:Monoculture::5-FU,O02,diagonal,41,10.9530997243
O02:Monoculture::5-FU,O02,diagonal,42,16.5189339424
O02:Monoculture::5-FU,O02,diagonal,43,16.2737920886
O02:Monoculture::5-FU,O02,diagonal,44,16.9935857489
O02:Monoculture::5-FU,O02,diagonal,45,10.7824885045
O02:Monoculture::5-FU,O02,diagonal,46,11.1158491574
O02:Monoculture::5-FU,O02,diagonal,47,13.0036043272
O02:Monoculture::5-FU,O02,diagonal,48,10.942374613
O02:Monoculture::5-FU,O02,diagonal,49,10.8050632758
O02:Monoculture::5-FU,O02,diagonal,50,12.0749142437
O02:Monoculture::5-FU,O02,diagonal,51,16.6095069784
O02:Monoculture::5-FU,O02,diagonal,52,16.2056558842
O02:Monoculture::5-FU,O02,diagonal,53,17.046107331
O03:Coculture:F20:5-FU,O03,joint,0,4.72105229857
O03:Coculture:F20:5-FU,O03,joint,1,1.84058639646
O03:Coculture:F20:5-FU,O03,joint,2,3.87445654996
O03:Coculture:F20:5-FU,O03,joint,3,8.51327308824
O03:Coculture:F20:5-FU,O03,joint,4,5.7823647965
O03:Coculture:F20:5-FU,O03,joint,5,7.57088634802
O03:Coculture:F20:5-FU,O03,joint,6,14.3478499751
O03:Coculture:F20:5-FU,O03,joint,7,12.066209293
O03:Coculture:F20:5-FU,O03,joint,8,13.3001143469
O03:Coculture:F20:5-FU,O03,joint,9,-0.331415397061
O03:Coculture:F20:5-FU,O03,joint,10,-1.9490461949
O03:Coculture:F20:5-FU,O03,joint,11,0.716167600617
O03:Coculture:F20:5-FU,O03,joint,12,4.85024086312
O03:Coculture:F20:5-FU,O03,joint,13,2.9033471498
O03:Coculture:F20:5-FU,O03,joint,14,4.78637763236
O03:Coculture:F20:5-FU,O03,joint,15,12.367985011
O03:Coculture:F20:5-FU,O03,joint,16,10.3503604519
O03:Coculture:F20:5-FU,O03,joint,17,11.3767122717
O03:Coculture:F20:5-FU,O03,joint,18,2.21877301002
O03:Coculture:F20:5-FU,O03,joint,19,0.55188951219
O03:Coculture:F20:5-FU,O03,joint,20,4.61917486415
O03:Coculture:F20:5-FU,O03,joint,21,6.15269896579
O03:Coculture:F20:5-FU,O03,joint,22,3.05061747432
O03:Coculture:F20:5-FU,O03,joint,23,4.92113284054
O03:Coculture:F20:5-FU,O03,joint,24,13.0522989315
O03:Coculture:F20:5-FU,O03,joint,25,9.88191896673
O03:Coculture:F20:5-FU,O03,joint,26,10.6970630848
O03:Coculture:F20:5-FU,O03,joint,27,6.98157146049
O03:Coculture:F20:5-FU,O03,joint,28,6.25181719629
O03:Coculture:F20:5-FU,O03,joint,29,6.77952272618
O03:Coculture:F20:5-FU,O03,joint,30,10.5898187745
O03:Coculture:F20:5-FU,O03,joint,31,9.86970229895
O03:Coculture:F20:5-FU,O03,joint,32,10.3781698373
O03:Coculture:F20:5-FU,O03,joint,33,16.0869291693
O03:Coculture:F20:5-FU,O03,joint,34,15.4042020963
O03:Coculture:F20:5-FU,O03,joint,35,15.8513324842
O03:Coculture:F20:5-FU,O03,joint,36,0.644604622991
O03:Coculture:F20:5-FU,O03,joint,37,0.333200070785
O03:Coculture:F20:5-FU,O03,joint,38,1.14955739763
O03:Coculture:F20:5-FU,O03,joint,39,5.33269716525
O03:Coculture:F20:5-FU,O03,joint,40,4.92828946579
O03:Coculture:F20:5-FU,O03,joint,41,5.59459291467
O03:Coculture:F20:5-FU,O03,joint,42,12.4193345596
O03:Coculture:F20:5-FU,O03,joint,43,11.9326111312
O03:Coculture:F20:5-FU,O03,joint,44,12.4033687519
O03:Coculture:F20:5-FU,O03,joint,45,-1.28233219149
O03:Coculture:F20:5-FU,O03,joint,46,-1.21034333392
O03:Coculture:F20:5-FU,O03,joint,47,0.446782758543
O03:Coculture:F20:5-FU,O03,joint,48,3.7817426242
O03:Coculture:F20:5-FU,O03,joint,49,3.36502174974
O03:Coculture:F20:5-FU,O03,joint,50,4.38184308773
O03:Coculture:F20:5-FU,O03,joint,51,11.3824801298
O03:Coculture:F20:5-FU,O03,joint,52,10.6069597569
O03:Coculture:F20:5-FU,O03,joint,53,11.0745885985
O03:Coculture:F20:5-FU,O03,diagonal,0,5.96071104322
O03:Coculture:F20:5-FU,O03,diagonal,1,3.46410204872
O03:Coculture:F20:5-FU,O03,diagonal,2,5.95458586542
O03:Coculture:F20:5-FU,O03,diagonal,3,10.8259502787
O03:Coculture:F20:5-FU,O03,diagonal,4,8.3885889415
O03:Coculture:F20:5-FU,O03,diagonal,5,10.7232344461
O03:Coculture:F20:5-FU,O03,diagonal,6,17.3712112976
O03:Coculture:F20:5-FU,O03,diagonal,7,15.1884724461
O03:Coculture:F20:5-FU,O03,diagonal,8,17.1548490864
O03:Coculture:F20:5-FU,O03,diagonal,9,1.77675490425
O03:Coculture:F20:5-FU,O03,diagonal,10,0.407895958632
O03:Coculture:F20:5-FU,O03,diagonal,11,3.28184766213
O03:Coculture:F20:5-FU,O03,diagonal,12,7.95401292253
O03:Coculture:F20:5-FU,O03,diagonal,13,6.29018641346
O03:Coculture:F20:5-FU,O03,diagonal,14,8.48610196084
O03:Coculture:F20:5-FU,O03,diagonal,15,15.7531629956
O03:Coculture:F20:5-FU,O03,diagonal,16,14.067393338
O03:Coculture:F20:5-FU,O03,diagonal,17,15.6227552132
O03:Coculture:F20:5-FU,O03,diagonal,18,4.72168179256
O03:Coculture:F20:5-FU,O03,diagonal,19,3.27594556128
O03:Coculture:F20:5-FU,O03,diagonal,20,7.45885854992
O03:Coculture:F20:5-FU,O03,diagonal,21,9.18115776573
O03:Coculture:F20:5-FU,O03,diagonal,22,6.71233716369
O03:Coculture:F20:5-FU,O03,diagonal,23,9.22072672556
O03:Coculture:F20:5-FU,O03,diagonal,24,16.0143730033
O03:Coculture:F20:5-FU,O03,diagonal,25,13.7207998749
O03:Coculture:F20:5-FU,O03,diagonal,26,15.6126279279
O03:Coculture:F20:5-FU,O03,diagonal,27,8.35331857113
O03:Coculture:F20:5-FU,O03,diagonal,28,7.7265985913
O03:Coculture:F20:5-FU,O03,diagonal,29,8.36205586537
O03:Coculture:F20:5-FU,O03,diagonal,30,12.8333572944
O03:Coculture:F20:5-FU,O03,diagonal,31,12.2092050458
O03:Coculture:F20:5-FU,O03,diagonal,32,12.8318259999
O03:Coculture:F20:5-FU,O03,diagonal,33,18.7884995621
O03:Coculture:F20:5-FU,O03,diagonal,34,18.1791592278
O03:Coculture:F20:5-FU,O03,diagonal,35,18.7628206039
O03:Coculture:F20:5-FU,O03,diagonal,36,2.59891070626
O03:Coculture:F20:5-FU,O03,diagonal,37,2.35614626481
O03:Coculture:F20:5-FU,O03,diagonal,38,3.23089183596
O03:Coculture:F20:5-FU,O03,diagonal,39,8.35718509053
O03:Coculture:F20:5-FU,O03,diagonal,40,8.01497035412
O03:Coculture:F20:5-FU,O03,diagonal,41,8.73345828
O03:Coculture:F20:5-FU,O03,diagonal,42,15.899162061
O03:Coculture:F20:5-FU,O03,diagonal,43,15.4832054337
O03:Coculture:F20:5-FU,O03,diagonal,44,16.0321843206
O03:Coculture:F20:5-FU,O03,diagonal,45,1.21816439782
O03:Coculture:F20:5-FU,O03,diagonal,46,1.32535393612
O03:Coculture:F20:5-FU,O03,diagonal,47,2.98693799143
O03:Coculture:F20:5-FU,O03,diagonal,48,7.25588519291
O03:Coculture:F20:5-FU,O03,diagonal,49,6.89445113509
O03:Coculture:F20:5-FU,O03,diagonal,50,7.94017938225
O03:Coculture:F20:5-FU,O03,diagonal,51,15.0750456655
O03:Coculture:F20:5-FU,O03,diagonal,52,14.457840515
O03:Coculture:F20:5-FU,O03,diagonal,53,15.0849379055
O03:Coculture:F20:Gef,O03,joint,0,36.8448783482
O03:Coculture:F20:Gef,O03,joint,1,28.5508984975
O03:Coculture:F20:Gef,O03,joint,2,25.1712491172
O03:Coculture:F20:Gef,O03,joint,3,22.7158028306
O03:Coculture:F20:Gef,O03,joint,4,15.1227638053
O03:Coculture:F20:Gef,O03,joint,5,12.0529238311
O03:Coculture:F20:Gef,O03,joint,6,22.1994590546
O03:Coculture:F20:Gef,O03,joint,7,16.2572604625
O03:Coculture:F20:Gef,O03,joint,8,13.8800075153
O03:Coculture:F20:Gef,O03,joint,9,41.6721193047
O03:Coculture:F20:Gef,O03,joint,10,32.8679151321
O03:Coculture:F20:Gef,O03,joint,11,28.3468095381
O03:Coculture:F20:Gef,O03,joint,12,22.6033254378
O03:Coculture:F20:Gef,O03,joint,13,15.4885936489
O03:Coculture:F20:Gef,O03,joint,14,12.2122408895
O03:Coculture:F20:Gef,O03,joint,15,20.4644875683
O03:Coculture:F20:Gef,O03,joint,16,15.1061904394
O03:Coculture:F20:Gef,O03,joint,17,12.8295777478
O03:Coculture:F20:Gef,O03,joint,18,56.8981726524
O03:Coculture:F20:Gef,O03,joint,19,45.957693401
O03:Coculture:F20:Gef,O03,joint,20,40.7536624368
O03:Coculture:F20:Gef,O03,joint,21,25.4020841567
O03:Coculture:F20:Gef,O03,joint,22,16.5631025796
O03:Coculture:F20:Gef,O03,joint,23,12.7166472103
O03:Coculture:F20:Gef,O03,joint,24,21.9278599517
O03:Coculture:F20:Gef,O03,joint,25,14.9970206963
O03:Coculture:F20:Gef,O03,joint,26,12.0976517454
O03:Coculture:F20:Gef,O03,joint,27,32.0384422608
O03:Coculture:F20:Gef,O03,joint,28,29.9105987449
O03:Coculture:F20:Gef,O03,joint,29,29.040954393
O03:Coculture:F20:Gef,O03,joint,30,18.6006673242
O03:Coculture:F20:Gef,O03,joint,31,16.5271723615
O03:Coculture:F20:Gef,O03,joint,32,15.6822600165
O03:Coculture:F20:Gef,O03,joint,33,19.6113243262
O03:Coculture:F20:Gef,O03,joint,34,17.7130645699
O03:Coculture:F20:Gef,O03,joint,35,16.9456045763
O03:Coculture:F20:Gef,O03,joint,36,29.6049925099
O03:Coculture:F20:Gef,O03,joint,37,27.0643047555
O03:Coculture:F20:Gef,O03,joint,38,25.6539055744
O03:Coculture:F20:Gef,O03,joint,39,15.8172830382
O03:Coculture:F20:Gef,O03,joint,40,13.6162319951
O03:Coculture:F20:Gef,O03,joint,41,12.4859555966
O03:Coculture:F20:Gef,O03,joint,42,16.8545324783
O03:Coculture:F20:Gef,O03,joint,43,15.075849531
O03:Coculture:F20:Gef,O03,joint,44,14.2567613412
O03:Coculture:F20:Gef,O03,joint,45,41.6022426493
O03:Coculture:F20:Gef,O03,joint,46,38.0099475739
O03:Coculture:F20:Gef,O03,joint,47,36.0015412559
O03:Coculture:F20:Gef,O03,joint,48,17.4620323046
O03:Coculture:F20:Gef,O03,joint,49,14.7269124917
O03:Coculture:F20:Gef,O03,joint,50,13.4259047507
O03:Coculture:F20:Gef,O03,joint,51,16.2103760057
O03:Coculture:F20:Gef,O03,joint,52,14.0006306114
O03:Coculture:F20:Gef,O03,joint,53,13.0390167691
O03:Coculture:F20:Gef,O03,diagonal,0,26.3784031622
O03:Coculture:F20:Gef,O03,diagonal,1,18.2502942492
O03:Coculture:F20:Gef,O03,diagonal,2,15.112177613
O03:Coculture:F20:Gef,O03,diagonal,3,22.1202408039
O03:Coculture:F20:Gef,O03,diagonal,4,14.4712043354
O03:Coculture:F20:Gef,O03,diagonal,5,11.5948236442
O03:Coculture:F20:Gef,O03,diagonal,6,24.8367820898
O03:Coculture:F20:Gef,O03,diagonal,7,18.3851000394
O03:Coculture:F20:Gef,O03,diagonal,8,16.0826128077
O03:Coculture:F20:Gef,O03,diagonal,9,28.3040905778
O03:Coculture:F20:Gef,O03,diagonal,10,20.3612504723
O03:Coculture:F20:Gef,O03,diagonal,11,16.6656827138
O03:Coculture:F20:Gef,O03,diagonal,12,19.9142148979
O03:Coculture:F20:Gef,O03,diagonal,13,13.4864885864
O03:Coculture:F20:Gef,O03,diagonal,14,10.9183095936
O03:Coculture:F20:Gef,O03,diagonal,15,22.0088128692
O03:Coculture:F20:Gef,O03,diagonal,16,16.9410297089
O03:Coculture:F20:Gef,O03,diagonal,17,15.1164017936
O03:Coculture:F20:Gef,O03,diagonal,18,34.7001089737
O03:Coculture:F20:Gef,O03,diagonal,19,25.3290803215
O03:Coculture:F20:Gef,O03,diagonal,20,21.5865572835
O03:Coculture:F20:Gef,O03,diagonal,21,21.3766292741
O03:Coculture:F20:Gef,O03,diagonal,22,13.478569619
O03:Coculture:F20:Gef,O03,diagonal,23,10.5592102998
O03:Coculture:F20:Gef,O03,diagonal,24,23.1076791827
O03:Coculture:F20:Gef,O03,diagonal,25,16.7085997175
O03:Coculture:F20:Gef,O03,diagonal,26,14.500854545
O03:Coculture:F20:Gef,O03,diagonal,27,21.8081862391
O03:Coculture:F20:Gef,O03,diagonal,28,19.738959622
O03:Coculture:F20:Gef,O03,diagonal,29,18.9329353678
O03:Coculture:F20:Gef,O03,diagonal,30,17.9047515358
O03:Coculture:F20:Gef,O03,diagonal,31,15.8727243075
O03:Coculture:F20:Gef,O03,diagonal,32,15.0881951485
O03:Coculture:F20:Gef,O03,diagonal,33,21.5624373356
O03:Coculture:F20:Gef,O03,diagonal,34,19.6501782185
O03:Coculture:F20:Gef,O03,diagonal,35,18.9310830457
O03:Coculture:F20:Gef,O03,diagonal,36,19.1169289507
O03:Coculture:F20:Gef,O03,diagonal,37,16.7622525242
O03:Coculture:F20:Gef,O03,diagonal,38,15.5284554978
O03:Coculture:F20:Gef,O03,diagonal,39,14.9401159143
O03:Coculture:F20:Gef,O03,diagonal,40,12.9544058879
O03:Coculture:F20:Gef,O03,diagonal,41,12.0305139483
O03:Coculture:F20:Gef,O03,diagonal,42,18.8515155198
O03:Coculture:F20:Gef,O03,diagonal,43,17.2445839419
O03:Coculture:F20:Gef,O03,diagonal,44,16.6025391937
O03:Coculture:F20:Gef,O03,diagonal,45,24.7574146149
O03:Coculture:F20:Gef,O03,diagonal,46,21.8061394483
O03:Coculture:F20:Gef,O03,diagonal,47,20.4096648593
O03:Coculture:F20:Gef,O03,diagonal,48,14.7234345681
O03:Coculture:F20:Gef,O03,diagonal,49,12.380677405
O03:Coculture:F20:Gef,O03,diagonal,50,11.4450466455
O03:Coculture:F20:Gef,O03,diagonal,51,18.1056881282
O03:Coculture:F20:Gef,O03,diagonal,52,16.1311732144
O03:Coculture:F20:Gef,O03,diagonal,53,15.4013333846
O03:Coculture:F20:Oxa,O03,joint,0,10.6251562883
O03:Coculture:F20:Oxa,O03,joint,1,5.20153694721
O03:Coculture:F20:Oxa,O03,joint,2,4.69225366174
O03:Coculture:F20:Oxa,O03,joint,3,12.5162632588
O03:Coculture:F20:Oxa,O03,joint,4,7.46214102666
O03:Coculture:F20:Oxa,O03,joint,5,6.92744863776
O03:Coculture:F20:Oxa,O03,joint,6,17.2249644713
O03:Coculture:F20:Oxa,O03,joint,7,13.1646994071
O03:Coculture:F20:Oxa,O03,joint,8,12.6199800789
O03:Coculture:F20:Oxa,O03,joint,9,6.60709382532
O03:Coculture:F20:Oxa,O03,joint,10,2.79187381491
O03:Coculture:F20:Oxa,O03,joint,11,3.25949839785
O03:Coculture:F20:Oxa,O03,joint,12,8.91436162917
O03:Coculture:F20:Oxa,O03,joint,13,5.35636165446
O03:Coculture:F20:Oxa,O03,joint,14,5.62828587563
O03:Coculture:F20:Oxa,O03,joint,15,15.1994383643
O03:Coculture:F20:Oxa,O03,joint,16,11.8578329548
O03:Coculture:F20:Oxa,O03,joint,17,11.5602039243
O03:Coculture:F20:Oxa,O03,joint,18,16.9981088979
O03:Coculture:F20:Oxa,O03,joint,19,14.1533351742
O03:Coculture:F20:Oxa,O03,joint,20,17.0427303003
O03:Coculture:F20:Oxa,O03,joint,21,13.6450374634
O03:Coculture:F20:Oxa,O03,joint,22,8.84400843513
O03:Coculture:F20:Oxa,O03,joint,23,9.01557626453
O03:Coculture:F20:Oxa,O03,joint,24,17.3791986665
O03:Coculture:F20:Oxa,O03,joint,25,12.4002432386
O03:Coculture:F20:Oxa,O03,joint,26,11.4068118936
O03:Coculture:F20:Oxa,O03,joint,27,10.0825467584
O03:Coculture:F20:Oxa,O03,joint,28,8.70112019771
O03:Coculture:F20:Oxa,O03,joint,29,8.57715343112
O03:Coculture:F20:Oxa,O03,joint,30,12.0658447719
O03:Coculture:F20:Oxa,O03,joint,31,10.7099399366
O03:Coculture:F20:Oxa,O03,joint,32,10.5826191153
O03:Coculture:F20:Oxa,O03,joint,33,17.0876767119
O03:Coculture:F20:Oxa,O03,joint,34,15.8241461539
O03:Coculture:F20:Oxa,O03,joint,35,15.6904730566
O03:Coculture:F20:Oxa,O03,joint,36,4.45369811286
O03:Coculture:F20:Oxa,O03,joint,37,3.43644936019
O03:Coculture:F20:Oxa,O03,joint,38,3.54696248659
O03:Coculture:F20:Oxa,O03,joint,39,7.06732447084
O03:Coculture:F20:Oxa,O03,joint,40,6.11351946824
O03:Coculture:F20:Oxa,O03,joint,41,6.23042561397
O03:Coculture:F20:Oxa,O03,joint,42,13.4353647511
O03:Coculture:F20:Oxa,O03,joint,43,12.5458647574
O03:Coculture:F20:Oxa,O03,joint,44,12.6138458127
O03:Coculture:F20:Oxa,O03,joint,45,6.51236031135
O03:Coculture:F20:Oxa,O03,joint,46,6.15789043191
O03:Coculture:F20:Oxa,O03,joint,47,7.38855778736
O03:Coculture:F20:Oxa,O03,joint,48,7.47657659617
O03:Coculture:F20:Oxa,O03,joint,49,6.76538316525
O03:Coculture:F20:Oxa,O03,joint,50,7.48773194678
O03:Coculture:F20:Oxa,O03,joint,51,13.2555647542
O03:Coculture:F20:Oxa,O03,joint,52,12.0553074971
O03:Coculture:F20:Oxa,O03,joint,53,12.0981994545
O03:Coculture:F20:Oxa,O03,diagonal,0,10.5733798345
O03:Coculture:F20:Oxa,O03,diagonal,1,5.34897808005
O03:Coculture:F20:Oxa,O03,diagonal,2,5.11166913676
O03:Coculture:F20:Oxa,O03,diagonal,3,14.5964403527
O03:Coculture:F20:Oxa,O03,diagonal,4,9.5743521287
O03:Coculture:F20:Oxa,O03,diagonal,5,9.32427074655
O03:Coculture:F20:Oxa,O03,diagonal,6,20.4949383223
O03:Coculture:F20:Oxa,O03,diagonal,7,16.0844205211
O03:Coculture:F20:Oxa,O03,diagonal,8,15.8230182116
O03:Coculture:F20:Oxa,O03,diagonal,9,6.60027904393
O03:Coculture:F20:Oxa,O03,diagonal,10,3.17666336608
O03:Coculture:F20:Oxa,O03,diagonal,11,3.99585833735
O03:Coculture:F20:Oxa,O03,diagonal,12,11.2714516489
O03:Coculture:F20:Oxa,O03,diagonal,13,7.96327919471
O03:Coculture:F20:Oxa,O03,diagonal,14,8.514848797
O03:Coculture:F20:Oxa,O03,diagonal,15,18.2580791772
O03:Coculture:F20:Oxa,O03,diagonal,16,15.0667500763
O03:Coculture:F20:Oxa,O03,diagonal,17,15.1165525082
O03:Coculture:F20:Oxa,O03,diagonal,18,15.2457723607
O03:Coculture:F20:Oxa,O03,diagonal,19,12.4049175634
O03:Coculture:F20:Oxa,O03,diagonal,20,15.192711986
O03:Coculture:F20:Oxa,O03,diagonal,21,14.6184727025
O03:Coculture:F20:Oxa,O03,diagonal,22,10.1693207694
O03:Coculture:F20:Oxa,O03,diagonal,23,10.6973790001
O03:Coculture:F20:Oxa,O03,diagonal,24,19.4806830507
O03:Coculture:F20:Oxa,O03,diagonal,25,15.0876937994
O03:Coculture:F20:Oxa,O03,diagonal,26,14.8801057296
O03:Coculture:F20:Oxa,O03,diagonal,27,10.1572513661
O03:Coculture:F20:Oxa,O03,diagonal,28,8.83779437856
O03:Coculture:F20:Oxa,O03,diagonal,29,8.78051464489
O03:Coculture:F20:Oxa,O03,diagonal,30,13.9865244922
O03:Coculture:F20:Oxa,O03,diagonal,31,12.6804240536
O03:Coculture:F20:Oxa,O03,diagonal,32,12.6210968178
O03:Coculture:F20:Oxa,O03,diagonal,33,19.7311220806
O03:Coculture:F20:Oxa,O03,diagonal,34,18.4756000246
O03:Coculture:F20:Oxa,O03,diagonal,35,18.413079679
O03:Coculture:F20:Oxa,O03,diagonal,36,4.78417209751
O03:Coculture:F20:Oxa,O03,diagonal,37,3.8588061018
O03:Coculture:F20:Oxa,O03,diagonal,38,4.05095011869
O03:Coculture:F20:Oxa,O03,diagonal,39,9.56306612545
O03:Coculture:F20:Oxa,O03,diagonal,40,8.70716220599
O03:Coculture:F20:Oxa,O03,diagonal,41,8.9119609488
O03:Coculture:F20:Oxa,O03,diagonal,42,16.7285217426
O03:Coculture:F20:Oxa,O03,diagonal,43,15.9014786291
O03:Coculture:F20:Oxa,O03,diagonal,44,16.0393710296
O03:Coculture:F20:Oxa,O03,diagonal,45,6.34753319278
O03:Coculture:F20:Oxa,O03,diagonal,46,6.13078226513
O03:Coculture:F20:Oxa,O03,diagonal,47,7.46842585449
O03:Coculture:F20:Oxa,O03,diagonal,48,9.88690783494
O03:Coculture:F20:Oxa,O03,diagonal,49,9.17669413562
O03:Coculture:F20:Oxa,O03,diagonal,50,9.87364274127
O03:Coculture:F20:Oxa,O03,diagonal,51,16.4343743997
O03:Coculture:F20:Oxa,O03,diagonal,52,15.3220864164
O03:Coculture:F20:Oxa,O03,diagonal,53,15.4541009741
O03:Coculture:F20:SN-38,O03,joint,0,7.97124962006
O03:Coculture:F20:SN-38,O03,joint,1,5.28429467303
O03:Coculture:F20:SN-38,O03,joint,2,7.51570702574
O03:Coculture:F20:SN-38,O03,joint,3,9.70947978103
O03:Coculture:F20:SN-38,O03,joint,4,7.23406251079
O03:Coculture:F20:SN-38,O03,joint,5,9.28031516544
O03:Coculture:F20:SN-38,O03,joint,6,14.8432689511
O03:Coculture:F20:SN-38,O03,joint,7,12.8705096443
O03:Coculture:F20:SN-38,O03,joint,8,14.3984232793
O03:Coculture:F20:SN-38,O03,joint,9,7.26369432259
O03:Coculture:F20:SN-38,O03,joint,10,3.1346592284
O03:Coculture:F20:SN-38,O03,joint,11,3.28884819687
O03:Coculture:F20:SN-38,O03,joint,12,8.65746379036
O03:Coculture:F20:SN-38,O03,joint,13,5.23572580726
O03:Coculture:F20:SN-38,O03,joint,14,5.64334030018
O03:Coculture:F20:SN-38,O03,joint,15,14.0492053794
O03:Coculture:F20:SN-38,O03,joint,16,11.6249589465
O03:Coculture:F20:SN-38,O03,joint,17,12.2275094931
O03:Coculture:F20:SN-38,O03,joint,18,16.4857356239
O03:Coculture:F20:SN-38,O03,joint,19,9.22402511471
O03:Coculture:F20:SN-38,O03,joint,20,7.70202778444
O03:Coculture:F20:SN-38,O03,joint,21,13.5641720716
O03:Coculture:F20:SN-38,O03,joint,22,8.50077672701
O03:Coculture:F20:SN-38,O03,joint,23,8.40491595087
O03:Coculture:F20:SN-38,O03,joint,24,15.9131628083
O03:Coculture:F20:SN-38,O03,joint,25,12.5774188507
O03:Coculture:F20:SN-38,O03,joint,26,13.1985192488
O03:Coculture:F20:SN-38,O03,joint,27,9.68194963773
O03:Coculture:F20:SN-38,O03,joint,28,8.99362910975
O03:Coculture:F20:SN-38,O03,joint,29,9.56361965193
O03:Coculture:F20:SN-38,O03,joint,30,11.3795363253
O03:Coculture:F20:SN-38,O03,joint,31,10.7077975885
O03:Coculture:F20:SN-38,O03,joint,32,11.2656506767
O03:Coculture:F20:SN-38,O03,joint,33,16.3694019012
O03:Coculture:F20:SN-38,O03,joint,34,15.7505475837
O03:Coculture:F20:SN-38,O03,joint,35,16.2621107474
O03:Coculture:F20:SN-38,O03,joint,36,5.17934818332
O03:Coculture:F20:SN-38,O03,joint,37,4.01943182599
O03:Coculture:F20:SN-38,O03,joint,38,3.98714440142
O03:Coculture:F20:SN-38,O03,joint,39,7.22289359002
O03:Coculture:F20:SN-38,O03,joint,40,6.19063481648
O03:Coculture:F20:SN-38,O03,joint,41,6.22918205859
O03:Coculture:F20:SN-38,O03,joint,42,13.3709677064
O03:Coculture:F20:SN-38,O03,joint,43,12.5155332106
O03:Coculture:F20:SN-38,O03,joint,44,12.6174368339
O03:Coculture:F20:SN-38,O03,joint,45,5.68381717172
O03:Coculture:F20:SN-38,O03,joint,46,3.37389513079
O03:Coculture:F20:SN-38,O03,joint,47,2.64956140259
O03:Coculture:F20:SN-38,O03,joint,48,7.34590931983
O03:Coculture:F20:SN-38,O03,joint,49,5.53048169252
O03:Coculture:F20:SN-38,O03,joint,50,5.14998235995
O03:Coculture:F20:SN-38,O03,joint,51,13.22874061
O03:Coculture:F20:SN-38,O03,joint,52,11.9628917739
O03:Coculture:F20:SN-38,O03,joint,53,11.9389265798
O03:Coculture:F20:SN-38,O03,diagonal,0,7.81795983155
O03:Coculture:F20:SN-38,O03,diagonal,1,5.16976857766
O03:Coculture:F20:SN-38,O03,diagonal,2,7.51052361828
O03:Coculture:F20:SN-38,O03,diagonal,3,11.7515329546
O03:Coculture:F20:SN-38,O03,diagonal,4,9.3297007736
O03:Coculture:F20:SN-38,O03,diagonal,5,11.6811506594
O03:Coculture:F20:SN-38,O03,diagonal,6,17.7158663878
O03:Coculture:F20:SN-38,O03,diagonal,7,15.8124401703
O03:Coculture:F20:SN-38,O03,diagonal,8,18.0658013926
O03:Coculture:F20:SN-38,O03,diagonal,9,6.73037821349
O03:Coculture:F20:SN-38,O03,diagonal,10,2.9057365591
O03:Coculture:F20:SN-38,O03,diagonal,11,3.3189706286
O03:Coculture:F20:SN-38,O03,diagonal,12,10.6659780119
O03:Coculture:F20:SN-38,O03,diagonal,13,7.64920614238
O03:Coculture:F20:SN-38,O03,diagonal,14,8.48887348377
O03:Coculture:F20:SN-38,O03,diagonal,15,16.8573578407
O03:Coculture:F20:SN-38,O03,diagonal,16,14.8734733871
O03:Coculture:F20:SN-38,O03,diagonal,17,16.1314791151
O03:Coculture:F20:SN-38,O03,diagonal,18,13.5494481009
O03:Coculture:F20:SN-38,O03,diagonal,19,7.48147118009
O03:Coculture:F20:SN-38,O03,diagonal,20,7.03486200076
O03:Coculture:F20:SN-38,O03,diagonal,21,13.6702068416
O03:Coculture:F20:SN-38,O03,diagonal,22,9.84743565203
O03:Coculture:F20:SN-38,O03,diagonal,23,10.9994884961
O03:Coculture:F20:SN-38,O03,diagonal,24,17.487870243
O03:Coculture:F20:SN-38,O03,diagonal,25,15.3832564235
O03:Coculture:F20:SN-38,O03,diagonal,26,17.4725227907
O03:Coculture:F20:SN-38,O03,diagonal,27,9.49278958837
O03:Coculture:F20:SN-38,O03,diagonal,28,8.81176282883
O03:Coculture:F20:SN-38,O03,diagonal,29,9.39357342232
O03:Coculture:F20:SN-38,O03,diagonal,30,13.2806683304
O03:Coculture:F20:SN-38,O03,diagonal,31,12.6186205169
O03:Coculture:F20:SN-38,O03,diagonal,32,13.203809277
O03:Coculture:F20:SN-38,O03,diagonal,33,19.017142829
O03:Coculture:F20:SN-38,O03,diagonal,34,18.4116847837
O03:Coculture:F20:SN-38,O03,diagonal,35,18.9995472552
O03:Coculture:F20:SN-38,O03,diagonal,36,5.00313090356
O03:Coculture:F20:SN-38,O03,diagonal,37,3.90730404835
O03:Coculture:F20:SN-38,O03,diagonal,38,3.92763457861
O03:Coculture:F20:SN-38,O03,diagonal,39,9.60902871581
O03:Coculture:F20:SN-38,O03,diagonal,40,8.65286830221
O03:Coculture:F20:SN-38,O03,diagonal,41,8.75617681959
O03:Coculture:F20:SN-38,O03,diagonal,42,16.6008477184
O03:Coculture:F20:SN-38,O03,diagonal,43,15.846654751
O03:Coculture:F20:SN-38,O03,diagonal,44,16.0565715863
O03:Coculture:F20:SN-38,O03,diagonal,45,5.21537790124
O03:Coculture:F20:SN-38,O03,diagonal,46,3.13160117212
O03:Coculture:F20:SN-38,O03,diagonal,47,2.60005873204
O03:Coculture:F20:SN-38,O03,diagonal,48,9.48686414944
O03:Coculture:F20:SN-38,O03,diagonal,49,7.96986991925
O03:Coculture:F20:SN-38,O03,diagonal,50,7.85821762442
O03:Coculture:F20:SN-38,O03,diagonal,51,16.2200996316
O03:Coculture:F20:SN-38,O03,diagonal,52,15.2644068342
O03:Coculture:F20:SN-38,O03,diagonal,53,15.5524200452
O03:Monoculture::Oxa,O03,joint,0,31.4268320451
O03:Monoculture::Oxa,O03,joint,1,25.949494217
O03:Monoculture::Oxa,O03,joint,2,25.3864924445
O03:Monoculture::Oxa,O03,joint,3,18.7635027051
O03:Monoculture::Oxa,O03,joint,4,13.6648853577
O03:Monoculture::Oxa,O03,joint,5,13.0856978536
O03:Monoculture::Oxa,O03,joint,6,19.1488747868
O03:Monoculture::Oxa,O03,joint,7,15.1106365974
O03:Monoculture::Oxa,O03,joint,8,14.5879441439
O03:Monoculture::Oxa,O03,joint,9,41.3450443636
O03:Monoculture::Oxa,O03,joint,10,37.46508516
O03:Monoculture::Oxa,O03,joint,11,37.8679705498
O03:Monoculture::Oxa,O03,joint,12,18.0086307098
O03:Monoculture::Oxa,O03,joint,13,14.6124687577
O03:Monoculture::Oxa,O03,joint,14,15.0462310016
O03:Monoculture::Oxa,O03,joint,15,17.1770172989
O03:Monoculture::Oxa,O03,joint,16,14.0716954847
O03:Monoculture::Oxa,O03,joint,17,14.0103500495
O03:Monoculture::Oxa,O03,joint,18,53.5967624174
O03:Monoculture::Oxa,O03,joint,19,51.0875346032
O03:Monoculture::Oxa,O03,joint,20,54.3124756387
O03:Monoculture::Oxa,O03,joint,21,21.9308202268
O03:Monoculture::Oxa,O03,joint,22,17.6924114575
O03:Monoculture::Oxa,O03,joint,23,18.4265995458
O03:Monoculture::Oxa,O03,joint,24,18.8972609919
O03:Monoculture::Oxa,O03,joint,25,14.4395124331
O03:Monoculture::Oxa,O03,joint,26,13.9672879572
O03:Monoculture::Oxa,O03,joint,27,29.404935471
O03:Monoculture::Oxa,O03,joint,28,28.0107818008
O03:Monoculture::Oxa,O03,joint,29,27.8740879246
O03:Monoculture::Oxa,O03,joint,30,17.2662637111
O03:Monoculture::Oxa,O03,joint,31,15.8969292541
O03:Monoculture::Oxa,O03,joint,32,15.756178811
O03:Monoculture::Oxa,O03,joint,33,18.6494865735
O03:Monoculture::Oxa,O03,joint,34,17.3748322366
O03:Monoculture::Oxa,O03,joint,35,17.2300353606
O03:Monoculture::Oxa,O03,joint,36,33.0599584312
O03:Monoculture::Oxa,O03,joint,37,31.9235990352
O03:Monoculture::Oxa,O03,joint,38,31.9150015183
O03:Monoculture::Oxa,O03,joint,39,15.7518121054
O03:Monoculture::Oxa,O03,joint,40,14.7818223045
O03:Monoculture::Oxa,O03,joint,41,14.882543652
O03:Monoculture::Oxa,O03,joint,42,15.7089320212
O03:Monoculture::Oxa,O03,joint,43,14.8598915332
O03:Monoculture::Oxa,O03,joint,44,14.9683320942
O03:Monoculture::Oxa,O03,joint,45,44.4360040865
O03:Monoculture::Oxa,O03,joint,46,44.0724631925
O03:Monoculture::Oxa,O03,joint,47,45.2940595333
O03:Monoculture::Oxa,O03,joint,48,16.626239976
O03:Monoculture::Oxa,O03,joint,49,15.9989330225
O03:Monoculture::Oxa,O03,joint,50,16.8051682814
O03:Monoculture::Oxa,O03,joint,51,15.327010445
O03:Monoculture::Oxa,O03,joint,52,14.2674082527
O03:Monoculture::Oxa,O03,joint,53,14.4509552748
O03:Monoculture::Oxa,O03,diagonal,0,25.5874094863
O03:Monoculture::Oxa,O03,diagonal,1,21.625415639
O03:Monoculture::Oxa,O03,diagonal,2,22.6505146029
O03:Monoculture::Oxa,O03,diagonal,3,17.9869449342
O03:Monoculture::Oxa,O03,diagonal,4,14.2142997429
O03:Monoculture::Oxa,O03,diagonal,5,15.2136613934
O03:Monoculture::Oxa,O03,diagonal,6,20.4921301917
O03:Monoculture::Oxa,O03,diagonal,7,17.2000646021
O03:Monoculture::Oxa,O03,diagonal,8,18.0571145042
O03:Monoculture::Oxa,O03,diagonal,9,31.0556816039
O03:Monoculture::Oxa,O03,diagonal,10,28.9339432791
O03:Monoculture::Oxa,O03,diagonal,11,31.0550156035
O03:Monoculture::Oxa,O03,diagonal,12,16.8905922113
O03:Monoculture::Oxa,O03,diagonal,13,14.7821051738
O03:Monoculture::Oxa,O03,diagonal,14,16.5333601927
O03:Monoculture::Oxa,O03,diagonal,15,18.8885539359
O03:Monoculture::Oxa,O03,diagonal,16,16.6435571795
O03:Monoculture::Oxa,O03,diagonal,17,17.6396919559
O03:Monoculture::Oxa,O03,diagonal,18,43.2053633842
O03:Monoculture::Oxa,O03,diagonal,19,42.4128966878
O03:Monoculture::Oxa,O03,diagonal,20,47.2490792114
O03:Monoculture::Oxa,O03,diagonal,21,20.5208350226
O03:Monoculture::Oxa,O03,diagonal,22,17.6177621924
O03:Monoculture::Oxa,O03,diagonal,23,19.6918995261
O03:Monoculture::Oxa,O03,diagonal,24,19.8151175655
O03:Monoculture::Oxa,O03,diagonal,25,16.5924971708
O03:Monoculture::Oxa,O03,diagonal,26,17.5552779574
O03:Monoculture::Oxa,O03,diagonal,27,24.8142576502
O03:Monoculture::Oxa,O03,diagonal,28,23.8100360129
O03:Monoculture::Oxa,O03,diagonal,29,24.0679916294
O03:Monoculture::Oxa,O03,diagonal,30,17.7400319052
O03:Monoculture::Oxa,O03,diagonal,31,16.7495334433
O03:Monoculture::Oxa,O03,diagonal,32,17.0058081843
O03:Monoculture::Oxa,O03,diagonal,33,20.578748226
O03:Monoculture::Oxa,O03,diagonal,34,19.6355869281
O03:Monoculture::Oxa,O03,diagonal,35,19.8854273408
O03:Monoculture::Oxa,O03,diagonal,36,27.0883473915
O03:Monoculture::Oxa,O03,diagonal,37,26.4446333327
O03:Monoculture::Oxa,O03,diagonal,38,26.9184292865
O03:Monoculture::Oxa,O03,diagonal,39,15.6769167654
O03:Monoculture::Oxa,O03,diagonal,40,15.1464821843
O03:Monoculture::Oxa,O03,diagonal,41,15.6767502654
O03:Monoculture::Oxa,O03,diagonal,42,18.1333068832
O03:Monoculture::Oxa,O03,diagonal,43,17.6061851238
O03:Monoculture::Oxa,O03,diagonal,44,18.0439988785
O03:Monoculture::Oxa,O03,diagonal,45,33.7060218566
O03:Monoculture::Oxa,O03,diagonal,46,34.1276483713
O03:Monoculture::Oxa,O03,diagonal,47,36.1036694029
O03:Monoculture::Oxa,O03,diagonal,48,16.8768055908
O03:Monoculture::Oxa,O03,diagonal,49,16.6786889167
O03:Monoculture::Oxa,O03,diagonal,50,17.8877345476
O03:Monoculture::Oxa,O03,diagonal,51,17.9099649797
O03:Monoculture::Oxa,O03,diagonal,52,17.1841967722
O03:Monoculture::Oxa,O03,diagonal,53,17.7027311056
O04:Coculture:F04N:5-FU,O04,joint,0,10.7989676157
O04:Coculture:F04N:5-FU,O04,joint,1,11.3066291288
O04:Coculture:F04N:5-FU,O04,joint,2,16.7286266974
O04:Coculture:F04N:5-FU,O04,joint,3,8.31205766131
O04:Coculture:F04N:5-FU,O04,joint,4,8.82327213461
O04:Coculture:F04N:5-FU,O04,joint,5,13.8539164512
O04:Coculture:F04N:5-FU,O04,joint,6,12.7965129217
O04:Coculture:F04N:5-FU,O04,joint,7,13.2412741269
O04:Coculture:F04N:5-FU,O04,joint,8,17.201581068
O04:Coculture:F04N:5-FU,O04,joint,9,7.94425610627
O04:Coculture:F04N:5-FU,O04,joint,10,9.02612799963
O04:Coculture:F04N:5-FU,O04,joint,11,14.3908444863
O04:Coculture:F04N:5-FU,O04,joint,12,5.16812390779
O04:Coculture:F04N:5-FU,O04,joint,13,5.96199399153
O04:Coculture:F04N:5-FU,O04,joint,14,10.5857882711
O04:Coculture:F04N:5-FU,O04,joint,15,10.777329714
O04:Coculture:F04N:5-FU,O04,joint,16,11.3461516933
O04:Coculture:F04N:5-FU,O04,joint,17,14.9589500516
O04:Coculture:F04N:5-FU,O04,joint,18,6.78139639371
O04:Coculture:F04N:5-FU,O04,joint,19,8.17631726682
O04:Coculture:F04N:5-FU,O04,joint,20,15.3054069897
O04:Coculture:F04N:5-FU,O04,joint,21,3.78786123181
O04:Coculture:F04N:5-FU,O04,joint,22,4.90739425101
O04:Coculture:F04N:5-FU,O04,joint,23,10.9995241279
O04:Coculture:F04N:5-FU,O04,joint,24,9.92037401645
O04:Coculture:F04N:5-FU,O04,joint,25,10.7675879891
O04:Coculture:F04N:5-FU,O04,joint,26,15.6003260446
O04:Coculture:F04N:5-FU,O04,joint,27,14.7504439728
O04:Coculture:F04N:5-FU,O04,joint,28,14.8747585485
O04:Coculture:F04N:5-FU,O04,joint,29,16.2565329182
O04:Coculture:F04N:5-FU,O04,joint,30,12.1092976038
O04:Coculture:F04N:5-FU,O04,joint,31,12.236212982
O04:Coculture:F04N:5-FU,O04,joint,32,13.5917123742
O04:Coculture:F04N:5-FU,O04,joint,33,16.0366253125
O04:Coculture:F04N:5-FU,O04,joint,34,16.1644289308
O04:Coculture:F04N:5-FU,O04,joint,35,17.42209001
O04:Coculture:F04N:5-FU,O04,joint,36,10.1475148307
O04:Coculture:F04N:5-FU,O04,joint,37,10.4428692969
O04:Coculture:F04N:5-FU,O04,joint,38,11.8659856422
O04:Coculture:F04N:5-FU,O04,joint,39,7.40161504108
O04:Coculture:F04N:5-FU,O04,joint,40,7.67208301442
O04:Coculture:F04N:5-FU,O04,joint,41,9.0132621361
O04:Coculture:F04N:5-FU,O04,joint,42,12.4988053207
O04:Coculture:F04N:5-FU,O04,joint,43,12.6972728417
O04:Coculture:F04N:5-FU,O04,joint,44,13.8532214116
O04:Coculture:F04N:5-FU,O04,joint,45,7.86435810931
O04:Coculture:F04N:5-FU,O04,joint,46,8.37128327537
O04:Coculture:F04N:5-FU,O04,joint,47,10.4633456763
O04:Coculture:F04N:5-FU,O04,joint,48,4.92239847012
O04:Coculture:F04N:5-FU,O04,joint,49,5.2711286884
O04:Coculture:F04N:5-FU,O04,joint,50,7.05340111913
O04:Coculture:F04N:5-FU,O04,joint,51,10.7912706963
O04:Coculture:F04N:5-FU,O04,joint,52,11.0711539511
O04:Coculture:F04N:5-FU,O04,joint,53,12.5941864203
O04:Coculture:F04N:5-FU,O04,diagonal,0,11.6934665915
O04:Coculture:F04N:5-FU,O04,diagonal,1,11.008854023
O04:Coculture:F04N:5-FU,O04,diagonal,2,15.3113342658
O04:Coculture:F04N:5-FU,O04,diagonal,3,11.3028811169
O04:Coculture:F04N:5-FU,O04,diagonal,4,10.6227886868
O04:Coculture:F04N:5-FU,O04,diagonal,5,14.7147030985
O04:Coculture:F04N:5-FU,O04,diagonal,6,16.5983722775
O04:Coculture:F04N:5-FU,O04,diagonal,7,15.9266944354
O04:Coculture:F04N:5-FU,O04,diagonal,8,19.4041320851
O04:Coculture:F04N:5-FU,O04,diagonal,9,8.93314646866
O04:Coculture:F04N:5-FU,O04,diagonal,10,8.77452723254
O04:Coculture:F04N:5-FU,O04,diagonal,11,12.8587186455
O04:Coculture:F04N:5-FU,O04,diagonal,12,8.81476158178
O04:Coculture:F04N:5-FU,O04,diagonal,13,8.46933231087
O04:Coculture:F04N:5-FU,O04,diagonal,14,11.9836450964
O04:Coculture:F04N:5-FU,O04,diagonal,15,15.1071381616
O04:Coculture:F04N:5-FU,O04,diagonal,16,14.6985405777
O04:Coculture:F04N:5-FU,O04,diagonal,17,17.5310745266
O04:Coculture:F04N:5-FU,O04,diagonal,18,10.0058830627
O04:Coculture:F04N:5-FU,O04,diagonal,19,9.41383275776
O04:Coculture:F04N:5-FU,O04,diagonal,20,14.4504316727
O04:Coculture:F04N:5-FU,O04,diagonal,21,8.83375502022
O04:Coculture:F04N:5-FU,O04,diagonal,22,8.3693030092
O04:Coculture:F04N:5-FU,O04,diagonal,23,12.8820611621
O04:Coculture:F04N:5-FU,O04,diagonal,24,14.9866785044
O04:Coculture:F04N:5-FU,O04,diagonal,25,14.3509000561
O04:Coculture:F04N:5-FU,O04,diagonal,26,17.9005227891
O04:Coculture:F04N:5-FU,O04,diagonal,27,14.8778514323
O04:Coculture:F04N:5-FU,O04,diagonal,28,14.7045055219
O04:Coculture:F04N:5-FU,O04,diagonal,29,15.7933368653
O04:Coculture:F04N:5-FU,O04,diagonal,30,14.2665461815
O04:Coculture:F04N:5-FU,O04,diagonal,31,14.0953930393
O04:Coculture:F04N:5-FU,O04,diagonal,32,15.1710131
O04:Coculture:F04N:5-FU,O04,diagonal,33,18.9077322716
O04:Coculture:F04N:5-FU,O04,diagonal,34,18.7377091641
O04:Coculture:F04N:5-FU,O04,diagonal,35,19.760687767
O04:Coculture:F04N:5-FU,O04,diagonal,36,10.3836847117
O04:Coculture:F04N:5-FU,O04,diagonal,37,10.3793155321
O04:Coculture:F04N:5-FU,O04,diagonal,38,11.4924563651
O04:Coculture:F04N:5-FU,O04,diagonal,39,10.1462829816
O04:Coculture:F04N:5-FU,O04,diagonal,40,10.1066281726
O04:Coculture:F04N:5-FU,O04,diagonal,41,11.1276760258
O04:Coculture:F04N:5-FU,O04,diagonal,42,16.1143492258
O04:Coculture:F04N:5-FU,O04,diagonal,43,16.0279919081
O04:Coculture:F04N:5-FU,O04,diagonal,44,16.9065701045
O04:Coculture:F04N:5-FU,O04,diagonal,45,8.92036089998
O04:Coculture:F04N:5-FU,O04,diagonal,46,8.74830995644
O04:Coculture:F04N:5-FU,O04,diagonal,47,10.1306535299
O04:Coculture:F04N:5-FU,O04,diagonal,48,8.57693551045
O04:Coculture:F04N:5-FU,O04,diagonal,49,8.42892293421
O04:Coculture:F04N:5-FU,O04,diagonal,50,9.68807266295
O04:Coculture:F04N:5-FU,O04,diagonal,51,14.9881949791
O04:Coculture:F04N:5-FU,O04,diagonal,52,14.8720819764
O04:Coculture:F04N:5-FU,O04,diagonal,53,16.0002715146
O04:Coculture:F04N:Oxa,O04,joint,0,13.494136261
O04:Coculture:F04N:Oxa,O04,joint,1,13.0643305273
O04:Coculture:F04N:Oxa,O04,joint,2,17.5488608492
O04:Coculture:F04N:Oxa,O04,joint,3,10.3063085332
O04:Coculture:F04N:Oxa,O04,joint,4,9.78120039359
O04:Coculture:F04N:Oxa,O04,joint,5,13.7755220973
O04:Coculture:F04N:Oxa,O04,joint,6,13.9095146922
O04:Coculture:F04N:Oxa,O04,joint,7,13.3904487843
O04:Coculture:F04N:Oxa,O04,joint,8,16.3869286124
O04:Coculture:F04N:Oxa,O04,joint,9,19.1181704401
O04:Coculture:F04N:Oxa,O04,joint,10,19.4649229847
O04:Coculture:F04N:Oxa,O04,joint,11,24.0945201226
O04:Coculture:F04N:Oxa,O04,joint,12,8.51779427338
O04:Coculture:F04N:Oxa,O04,joint,13,8.38247022769
O04:Coculture:F04N:Oxa,O04,joint,14,12.0770703779
O04:Coculture:F04N:Oxa,O04,joint,15,11.9633160207
O04:Coculture:F04N:Oxa,O04,joint,16,11.6752647599
O04:Coculture:F04N:Oxa,O04,joint,17,14.4311898782
O04:Coculture:F04N:Oxa,O04,joint,18,19.3152541329
O04:Coculture:F04N:Oxa,O04,joint,19,19.7975299393
O04:Coculture:F04N:Oxa,O04,joint,20,26.0139745955
O04:Coculture:F04N:Oxa,O04,joint,21,7.57233155743
O04:Coculture:F04N:Oxa,O04,joint,22,7.481524644
O04:Coculture:F04N:Oxa,O04,joint,23,12.3633145883
O04:Coculture:F04N:Oxa,O04,joint,24,11.3565006311
O04:Coculture:F04N:Oxa,O04,joint,25,11.0302508927
O04:Coculture:F04N:Oxa,O04,joint,26,14.6895252373
O04:Coculture:F04N:Oxa,O04,joint,27,15.4338205621
O04:Coculture:F04N:Oxa,O04,joint,28,15.3397861995
O04:Coculture:F04N:Oxa,O04,joint,29,16.5032116311
O04:Coculture:F04N:Oxa,O04,joint,30,12.7830897651
O04:Coculture:F04N:Oxa,O04,joint,31,12.6756383317
O04:Coculture:F04N:Oxa,O04,joint,32,13.7967709121
O04:Coculture:F04N:Oxa,O04,joint,33,16.5351880305
O04:Coculture:F04N:Oxa,O04,joint,34,16.4039109956
O04:Coculture:F04N:Oxa,O04,joint,35,17.4024914215
O04:Coculture:F04N:Oxa,O04,joint,36,18.6590540951
O04:Coculture:F04N:Oxa,O04,joint,37,18.9579292257
O04:Coculture:F04N:Oxa,O04,joint,38,20.3845662353
O04:Coculture:F04N:Oxa,O04,joint,39,10.1950936245
O04:Coculture:F04N:Oxa,O04,joint,40,10.2817817607
O04:Coculture:F04N:Oxa,O04,joint,41,11.4391810452
O04:Coculture:F04N:Oxa,O04,joint,42,13.3362229121
O04:Coculture:F04N:Oxa,O04,joint,43,13.3023919007
O04:Coculture:F04N:Oxa,O04,joint,44,14.2260419383
O04:Coculture:F04N:Oxa,O04,joint,45,19.7355511408
O04:Coculture:F04N:Oxa,O04,joint,46,20.1447322994
O04:Coculture:F04N:Oxa,O04,joint,47,22.1390506929
O04:Coculture:F04N:Oxa,O04,joint,48,8.05586290491
O04:Coculture:F04N:Oxa,O04,joint,49,8.17643185652
O04:Coculture:F04N:Oxa,O04,joint,50,9.73054302057
O04:Coculture:F04N:Oxa,O04,joint,51,11.7373882777
O04:Coculture:F04N:Oxa,O04,joint,52,11.7146865493
O04:Coculture:F04N:Oxa,O04,joint,53,12.9351340354
O04:Coculture:F04N:Oxa,O04,diagonal,0,10.5031553919
O04:Coculture:F04N:Oxa,O04,diagonal,1,10.5289293895
O04:Coculture:F04N:Oxa,O04,diagonal,2,15.5417961982
O04:Coculture:F04N:Oxa,O04,diagonal,3,11.1551280775
O04:Coculture:F04N:Oxa,O04,diagonal,4,11.0931135217
O04:Coculture:F04N:Oxa,O04,diagonal,5,15.8031058078
O04:Coculture:F04N:Oxa,O04,diagonal,6,16.3264811512
O04:Coculture:F04N:Oxa,O04,diagonal,7,16.1759893349
O04:Coculture:F04N:Oxa,O04,diagonal,8,20.1746130104
O04:Coculture:F04N:Oxa,O04,diagonal,9,11.5661168399
O04:Coculture:F04N:Oxa,O04,diagonal,10,12.2790663065
O04:Coculture:F04N:Oxa,O04,diagonal,11,17.2348264221
O04:Coculture:F04N:Oxa,O04,diagonal,12,8.99057321333
O04:Coculture:F04N:Oxa,O04,diagonal,13,9.28921367876
O04:Coculture:F04N:Oxa,O04,diagonal,14,13.4475962006
O04:Coculture:F04N:Oxa,O04,diagonal,15,14.8044888161
O04:Coculture:F04N:Oxa,O04,diagonal,16,14.828262403
O04:Coculture:F04N:Oxa,O04,diagonal,17,18.0931675228
O04:Coculture:F04N:Oxa,O04,diagonal,18,10.8967941263
O04:Coculture:F04N:Oxa,O04,diagonal,19,12.0472317461
O04:Coculture:F04N:Oxa,O04,diagonal,20,18.8263185857
O04:Coculture:F04N:Oxa,O04,diagonal,21,8.00909582048
O04:Coculture:F04N:Oxa,O04,diagonal,22,8.29690148147
O04:Coculture:F04N:Oxa,O04,diagonal,23,13.5619173064
O04:Coculture:F04N:Oxa,O04,diagonal,24,14.254145374
O04:Coculture:F04N:Oxa,O04,diagonal,25,14.1339328794
O04:Coculture:F04N:Oxa,O04,diagonal,26,18.1991215663
O04:Coculture:F04N:Oxa,O04,diagonal,27,12.7833450782
O04:Coculture:F04N:Oxa,O04,diagonal,28,12.8015661372
O04:Coculture:F04N:Oxa,O04,diagonal,29,14.0819644502
O04:Coculture:F04N:Oxa,O04,diagonal,30,13.9689683816
O04:Coculture:F04N:Oxa,O04,diagonal,31,13.9754118809
O04:Coculture:F04N:Oxa,O04,diagonal,32,15.2286285831
O04:Coculture:F04N:Oxa,O04,diagonal,33,18.8707940118
O04:Coculture:F04N:Oxa,O04,diagonal,34,18.8552903728
O04:Coculture:F04N:Oxa,O04,diagonal,35,20.0327884444
O04:Coculture:F04N:Oxa,O04,diagonal,36,12.7799351968
O04:Coculture:F04N:Oxa,O04,diagonal,37,13.1283836292
O04:Coculture:F04N:Oxa,O04,diagonal,38,14.5943420742
O04:Coculture:F04N:Oxa,O04,diagonal,39,10.8045255744
O04:Coculture:F04N:Oxa,O04,diagonal,40,10.9827629411
O04:Coculture:F04N:Oxa,O04,diagonal,41,12.22170297
O04:Coculture:F04N:Oxa,O04,diagonal,42,16.1583021337
O04:Coculture:F04N:Oxa,O04,diagonal,43,16.2329622501
O04:Coculture:F04N:Oxa,O04,diagonal,44,17.2725578805
O04:Coculture:F04N:Oxa,O04,diagonal,45,11.6733301009
O04:Coculture:F04N:Oxa,O04,diagonal,46,12.2699475825
O04:Coculture:F04N:Oxa,O04,diagonal,47,14.4209595811
O04:Coculture:F04N:Oxa,O04,diagonal,48,8.79966327635
O04:Coculture:F04N:Oxa,O04,diagonal,49,9.08727268128
O04:Coculture:F04N:Oxa,O04,diagonal,50,10.7820443912
O04:Coculture:F04N:Oxa,O04,diagonal,51,14.7820301792
O04:Coculture:F04N:Oxa,O04,diagonal,52,14.8539815944
O04:Coculture:F04N:Oxa,O04,diagonal,53,16.1702355507
O04:Monoculture::Gef,O04,joint,0,8.65993595832
O04:Monoculture::Gef,O04,joint,1,6.09075407774
O04:Monoculture::Gef,O04,joint,2,8.43590266762
O04:Monoculture::Gef,O04,joint,3,9.93341472954
O04:Monoculture::Gef,O04,joint,4,7.63789590788
O04:Monoculture::Gef,O04,joint,5,9.86557613741
O04:Monoculture::Gef,O04,joint,6,14.775760984
O04:Monoculture::Gef,O04,joint,7,13.0539233492
O04:Monoculture::Gef,O04,joint,8,14.8970313594
O04:Monoculture::Gef,O04,joint,9,13.9001624235
O04:Monoculture::Gef,O04,joint,10,9.10590237977
O04:Monoculture::Gef,O04,joint,11,8.59474091469
O04:Monoculture::Gef,O04,joint,12,10.9935760458
O04:Monoculture::Gef,O04,joint,13,7.67327466506
O04:Monoculture::Gef,O04,joint,14,8.19135231391
O04:Monoculture::Gef,O04,joint,15,14.1546567018
O04:Monoculture::Gef,O04,joint,16,12.0903882272
O04:Monoculture::Gef,O04,joint,17,13.10780419
O04:Monoculture::Gef,O04,joint,18,27.6760364556
O04:Monoculture::Gef,O04,joint,19,20.7438491571
O04:Monoculture::Gef,O04,joint,20,19.5481101457
O04:Monoculture::Gef,O04,joint,21,14.3224401076
O04:Monoculture::Gef,O04,joint,22,10.0598082052
O04:Monoculture::Gef,O04,joint,23,10.7897025106
O04:Monoculture::Gef,O04,joint,24,14.9032161631
O04:Monoculture::Gef,O04,joint,25,12.3171468736
O04:Monoculture::Gef,O04,joint,26,13.7625478887
O04:Monoculture::Gef,O04,joint,27,10.2414373848
O04:Monoculture::Gef,O04,joint,28,9.57677066436
O04:Monoculture::Gef,O04,joint,29,10.1703031079
O04:Monoculture::Gef,O04,joint,30,11.5544317268
O04:Monoculture::Gef,O04,joint,31,10.9121362566
O04:Monoculture::Gef,O04,joint,32,11.4984234041
O04:Monoculture::Gef,O04,joint,33,16.4157273009
O04:Monoculture::Gef,O04,joint,34,15.8418475955
O04:Monoculture::Gef,O04,joint,35,16.3987676529
O04:Monoculture::Gef,O04,joint,36,7.76650571477
O04:Monoculture::Gef,O04,joint,37,6.24680282291
O04:Monoculture::Gef,O04,joint,38,5.85738850428
O04:Monoculture::Gef,O04,joint,39,8.87429381793
O04:Monoculture::Gef,O04,joint,40,7.675728807
O04:Monoculture::Gef,O04,joint,41,7.54793844073
O04:Monoculture::Gef,O04,joint,42,13.9520951302
O04:Monoculture::Gef,O04,joint,43,13.1220197851
O04:Monoculture::Gef,O04,joint,44,13.2515391973
O04:Monoculture::Gef,O04,joint,45,16.5483970033
O04:Monoculture::Gef,O04,joint,46,13.8374260769
O04:Monoculture::Gef,O04,joint,47,12.7103439078
O04:Monoculture::Gef,O04,joint,48,10.1564982554
O04:Monoculture::Gef,O04,joint,49,8.42345143076
O04:Monoculture::Gef,O04,joint,50,8.12451667791
O04:Monoculture::Gef,O04,joint,51,13.4404649935
O04:Monoculture::Gef,O04,joint,52,12.3748070178
O04:Monoculture::Gef,O04,joint,53,12.5572805942
O04:Monoculture::Gef,O04,diagonal,0,9.53704149801
O04:Monoculture::Gef,O04,diagonal,1,6.40407766812
O04:Monoculture::Gef,O04,diagonal,2,8.26110611492
O04:Monoculture::Gef,O04,diagonal,3,12.549813804
O04:Monoculture::Gef,O04,diagonal,4,9.72194508695
O04:Monoculture::Gef,O04,diagonal,5,11.6667321472
O04:Monoculture::Gef,O04,diagonal,6,17.9650325425
O04:Monoculture::Gef,O04,diagonal,7,15.7882703522
O04:Monoculture::Gef,O04,diagonal,8,17.7607029806
O04:Monoculture::Gef,O04,diagonal,9,12.9897744394
O04:Monoculture::Gef,O04,diagonal,10,8.23419391683
O04:Monoculture::Gef,O04,diagonal,11,7.72588574126
O04:Monoculture::Gef,O04,diagonal,12,12.2940607042
O04:Monoculture::Gef,O04,diagonal,13,9.02173178066
O04:Monoculture::Gef,O04,diagonal,14,9.60895017593
O04:Monoculture::Gef,O04,diagonal,15,16.9086883694
O04:Monoculture::Gef,O04,diagonal,16,14.8583224792
O04:Monoculture::Gef,O04,diagonal,17,16.051111834
O04:Monoculture::Gef,O04,diagonal,18,19.7694500083
O04:Monoculture::Gef,O04,diagonal,19,13.4092282068
O04:Monoculture::Gef,O04,diagonal,20,12.6775120195
O04:Monoculture::Gef,O04,diagonal,21,13.4380431572
O04:Monoculture::Gef,O04,diagonal,22,9.65058969473
O04:Monoculture::Gef,O04,diagonal,23,10.8418365681
O04:Monoculture::Gef,O04,diagonal,24,16.8218554629
O04:Monoculture::Gef,O04,diagonal,25,14.6081122054
O04:Monoculture::Gef,O04,diagonal,26,16.5857032406
O04:Monoculture::Gef,O04,diagonal,27,10.630298915
O04:Monoculture::Gef,O04,diagonal,28,9.82158297477
O04:Monoculture::Gef,O04,diagonal,29,10.2760693975
O04:Monoculture::Gef,O04,diagonal,30,13.6944111197
O04:Monoculture::Gef,O04,diagonal,31,12.9111701623
O04:Monoculture::Gef,O04,diagonal,32,13.375427274
O04:Monoculture::Gef,O04,diagonal,33,19.1698305856
O04:Monoculture::Gef,O04,diagonal,34,18.4628634064
O04:Monoculture::Gef,O04,diagonal,35,18.9490601714
O04:Monoculture::Gef,O04,diagonal,36,8.44446917346
O04:Monoculture::Gef,O04,diagonal,37,6.87872081537
O04:Monoculture::Gef,O04,diagonal,38,6.43385185751
O04:Monoculture::Gef,O04,diagonal,39,11.1115368797
O04:Monoculture::Gef,O04,diagonal,40,9.92264174903
O04:Monoculture::Gef,O04,diagonal,41,9.79556470514
O04:Monoculture::Gef,O04,diagonal,42,16.9464769713
O04:Monoculture::Gef,O04,diagonal,43,16.1283947405
O04:Monoculture::Gef,O04,diagonal,44,16.2751993393
O04:Monoculture::Gef,O04,diagonal,45,12.7215763452
O04:Monoculture::Gef,O04,diagonal,46,10.2033132415
O04:Monoculture::Gef,O04,diagonal,47,9.2398507155
O04:Monoculture::Gef,O04,diagonal,48,10.9907698267
O04:Monoculture::Gef,O04,diagonal,49,9.40071437636
O04:Monoculture::Gef,O04,diagonal,50,9.21778532953
O04:Monoculture::Gef,O04,diagonal,51,16.121041599
O04:Monoculture::Gef,O04,diagonal,52,15.1741782334
O04:Monoculture::Gef,O04,diagonal,53,15.4719899517
O04:Monoculture::Oxa,O04,joint,0,7.88735951563
O04:Monoculture::Oxa,O04,joint,1,6.1531417875
O04:Monoculture::Oxa,O04,joint,2,9.33326011497
O04:Monoculture::Oxa,O04,joint,3,8.48364702138
O04:Monoculture::Oxa,O04,joint,4,6.87478028758
O04:Monoculture::Oxa,O04,joint,5,9.78534339703
O04:Monoculture::Oxa,O04,joint,6,13.6106860134
O04:Monoculture::Oxa,O04,joint,7,12.3284995771
O04:Monoculture::Oxa,O04,joint,8,14.5618588767
O04:Monoculture::Oxa,O04,joint,9,3.3035915171
O04:Monoculture::Oxa,O04,joint,10,2.98180795651
O04:Monoculture::Oxa,O04,joint,11,6.94286898927
O04:Monoculture::Oxa,O04,joint,12,4.84331231063
O04:Monoculture::Oxa,O04,joint,13,4.18377565254
O04:Monoculture::Oxa,O04,joint,14,7.35416319033
O04:Monoculture::Oxa,O04,joint,15,11.4091836082
O04:Monoculture::Oxa,O04,joint,16,10.5689639875
O04:Monoculture::Oxa,O04,joint,17,12.7727207459
O04:Monoculture::Oxa,O04,joint,18,3.84334253975
O04:Monoculture::Oxa,O04,joint,19,4.04817376586
O04:Monoculture::Oxa,O04,joint,20,9.98717384176
O04:Monoculture::Oxa,O04,joint,21,4.39752468881
O04:Monoculture::Oxa,O04,joint,22,3.47651496983
O04:Monoculture::Oxa,O04,joint,23,7.52810210855
O04:Monoculture::Oxa,O04,joint,24,11.0779112695
O04:Monoculture::Oxa,O04,joint,25,9.82855644779
O04:Monoculture::Oxa,O04,joint,26,12.564725709
O04:Monoculture::Oxa,O04,joint,27,10.9947522117
O04:Monoculture::Oxa,O04,joint,28,10.5518744996
O04:Monoculture::Oxa,O04,joint,29,11.3664565815
O04:Monoculture::Oxa,O04,joint,30,11.3813955787
O04:Monoculture::Oxa,O04,joint,31,10.9478411467
O04:Monoculture::Oxa,O04,joint,32,11.7428707286
O04:Monoculture::Oxa,O04,joint,33,16.0795226525
O04:Monoculture::Oxa,O04,joint,34,15.6773059691
O04:Monoculture::Oxa,O04,joint,35,16.4049467465
O04:Monoculture::Oxa,O04,joint,36,4.87779003401
O04:Monoculture::Oxa,O04,joint,37,4.85249014757
O04:Monoculture::Oxa,O04,joint,38,5.95495214018
O04:Monoculture::Oxa,O04,joint,39,6.24144889379
O04:Monoculture::Oxa,O04,joint,40,6.16100300364
O04:Monoculture::Oxa,O04,joint,41,7.15126826183
O04:Monoculture::Oxa,O04,joint,42,12.4176024215
O04:Monoculture::Oxa,O04,joint,43,12.2527182569
O04:Monoculture::Oxa,O04,joint,44,13.0453151414
O04:Monoculture::Oxa,O04,joint,45,3.05235844046
O04:Monoculture::Oxa,O04,joint,46,3.49813917625
O04:Monoculture::Oxa,O04,joint,47,5.52905714693
O04:Monoculture::Oxa,O04,joint,48,4.18788500663
O04:Monoculture::Oxa,O04,joint,49,4.23909281316
O04:Monoculture::Oxa,O04,joint,50,5.72384283214
O04:Monoculture::Oxa,O04,joint,51,10.9436865605
O04:Monoculture::Oxa,O04,joint,52,10.7134341308
O04:Monoculture::Oxa,O04,joint,53,11.7263309155
O04:Monoculture::Oxa,O04,diagonal,0,7.19395559862
O04:Monoculture::Oxa,O04,diagonal,1,5.98632222802
O04:Monoculture::Oxa,O04,diagonal,2,9.76578166863
O04:Monoculture::Oxa,O04,diagonal,3,10.2633271386
O04:Monoculture::Oxa,O04,diagonal,4,9.057167697
O04:Monoculture::Oxa,O04,diagonal,5,12.6230150972
O04:Monoculture::Oxa,O04,diagonal,6,16.5013398877
O04:Monoculture::Oxa,O04,diagonal,7,15.3489689256
O04:Monoculture::Oxa,O04,diagonal,8,18.3457134553
O04:Monoculture::Oxa,O04,diagonal,9,3.16442745837
O04:Monoculture::Oxa,O04,diagonal,10,3.1522967837
O04:Monoculture::Oxa,O04,diagonal,11,7.38297675815
O04:Monoculture::Oxa,O04,diagonal,12,7.27206259718
O04:Monoculture::Oxa,O04,diagonal,13,6.81528083842
O04:Monoculture::Oxa,O04,diagonal,14,10.2182411361
O04:Monoculture::Oxa,O04,diagonal,15,14.7765188577
O04:Monoculture::Oxa,O04,diagonal,16,14.0436712414
O04:Monoculture::Oxa,O04,diagonal,17,16.5519551579
O04:Monoculture::Oxa,O04,diagonal,18,2.99557301306
O04:Monoculture::Oxa,O04,diagonal,19,3.30311665654
O04:Monoculture::Oxa,O04,diagonal,20,9.23930951994
O04:Monoculture::Oxa,O04,diagonal,21,6.71139054611
O04:Monoculture::Oxa,O04,diagonal,22,5.89343848869
O04:Monoculture::Oxa,O04,diagonal,23,10.0526965952
O04:Monoculture::Oxa,O04,diagonal,24,14.4620579374
O04:Monoculture::Oxa,O04,diagonal,25,13.3023137451
O04:Monoculture::Oxa,O04,diagonal,26,16.3279707342
O04:Monoculture::Oxa,O04,diagonal,27,10.5092851145
O04:Monoculture::Oxa,O04,diagonal,28,10.2074640862
O04:Monoculture::Oxa,O04,diagonal,29,11.1678203118
O04:Monoculture::Oxa,O04,diagonal,30,13.1416684332
O04:Monoculture::Oxa,O04,diagonal,31,12.8397600906
O04:Monoculture::Oxa,O04,diagonal,32,13.7846249507
O04:Monoculture::Oxa,O04,diagonal,33,18.6478437771
O04:Monoculture::Oxa,O04,diagonal,34,18.3463039167
O04:Monoculture::Oxa,O04,diagonal,35,19.2377657667
O04:Monoculture::Oxa,O04,diagonal,36,4.90334018588
O04:Monoculture::Oxa,O04,diagonal,37,4.99981604404
O04:Monoculture::Oxa,O04,diagonal,38,6.21380191481
O04:Monoculture::Oxa,O04,diagonal,39,8.70410322906
O04:Monoculture::Oxa,O04,diagonal,40,8.70107056039
O04:Monoculture::Oxa,O04,diagonal,41,9.758740554
O04:Monoculture::Oxa,O04,diagonal,42,15.7286744797
O04:Monoculture::Oxa,O04,diagonal,43,15.61447904
O04:Monoculture::Oxa,O04,diagonal,44,16.4652191144
O04:Monoculture::Oxa,O04,diagonal,45,2.81367917748
O04:Monoculture::Oxa,O04,diagonal,46,3.31790706557
O04:Monoculture::Oxa,O04,diagonal,47,5.37652947067
O04:Monoculture::Oxa,O04,diagonal,48,6.82435799803
O04:Monoculture::Oxa,O04,diagonal,49,6.9012439089
O04:Monoculture::Oxa,O04,diagonal,50,8.38529212475
O04:Monoculture::Oxa,O04,diagonal,51,14.4576038606
O04:Monoculture::Oxa,O04,diagonal,52,14.2531158462
O04:Monoculture::Oxa,O04,diagonal,53,15.2929303729
O05:Monoculture::Oxa,O05,joint,0,7.60712245717
O05:Monoculture::Oxa,O05,joint,1,8.78394437067
O05:Monoculture::Oxa,O05,joint,2,14.8751023398
O05:Monoculture::Oxa,O05,joint,3,7.29062823634
O05:Monoculture::Oxa,O05,joint,4,8.38575154654
O05:Monoculture::Oxa,O05,joint,5,14.0003047
O05:Monoculture::Oxa,O05,joint,6,12.4613431328
O05:Monoculture::Oxa,O05,joint,7,13.2952319453
O05:Monoculture::Oxa,O05,joint,8,17.6446664938
O05:Monoculture::Oxa,O05,joint,9,4.92461821424
O05:Monoculture::Oxa,O05,joint,10,5.50908708099
O05:Monoculture::Oxa,O05,joint,11,10.3764005411
O05:Monoculture::Oxa,O05,joint,12,4.72938372317
O05:Monoculture::Oxa,O05,joint,13,5.47310696077
O05:Monoculture::Oxa,O05,joint,14,10.0467543943
O05:Monoculture::Oxa,O05,joint,15,10.710096933
O05:Monoculture::Oxa,O05,joint,16,11.3224873574
O05:Monoculture::Oxa,O05,joint,17,14.9788541609
O05:Monoculture::Oxa,O05,joint,18,6.68077611441
O05:Monoculture::Oxa,O05,joint,19,8.09578516333
O05:Monoculture::Oxa,O05,joint,20,15.244963062
O05:Monoculture::Oxa,O05,joint,21,3.79714103364
O05:Monoculture::Oxa,O05,joint,22,4.84568551007
O05:Monoculture::Oxa,O05,joint,23,10.8668268442
O05:Monoculture::Oxa,O05,joint,24,9.89042115659
O05:Monoculture::Oxa,O05,joint,25,10.5985214458
O05:Monoculture::Oxa,O05,joint,26,15.292145818
O05:Monoculture::Oxa,O05,joint,27,11.9178635883
O05:Monoculture::Oxa,O05,joint,28,12.2166247787
O05:Monoculture::Oxa,O05,joint,29,13.7728457632
O05:Monoculture::Oxa,O05,joint,30,11.3113363141
O05:Monoculture::Oxa,O05,joint,31,11.6055417925
O05:Monoculture::Oxa,O05,joint,32,13.1283312848
O05:Monoculture::Oxa,O05,joint,33,15.7812679563
O05:Monoculture::Oxa,O05,joint,34,16.0550487838
O05:Monoculture::Oxa,O05,joint,35,17.4586870722
O05:Monoculture::Oxa,O05,joint,36,6.57638584972
O05:Monoculture::Oxa,O05,joint,37,6.65149497866
O05:Monoculture::Oxa,O05,joint,38,7.85436598666
O05:Monoculture::Oxa,O05,joint,39,6.64670556807
O05:Monoculture::Oxa,O05,joint,40,6.79282278476
O05:Monoculture::Oxa,O05,joint,41,8.00965114978
O05:Monoculture::Oxa,O05,joint,42,12.3891202746
O05:Monoculture::Oxa,O05,joint,43,12.575051084
O05:Monoculture::Oxa,O05,joint,44,13.7184629424
O05:Monoculture::Oxa,O05,joint,45,6.48470435487
O05:Monoculture::Oxa,O05,joint,46,6.75243370671
O05:Monoculture::Oxa,O05,joint,47,8.60530029344
O05:Monoculture::Oxa,O05,joint,48,4.8972434003
O05:Monoculture::Oxa,O05,joint,49,5.25099566253
O05:Monoculture::Oxa,O05,joint,50,7.03829013721
O05:Monoculture::Oxa,O05,joint,51,10.7935906467
O05:Monoculture::Oxa,O05,joint,52,11.0557267658
O05:Monoculture::Oxa,O05,joint,53,12.5610120994
O05:Monoculture::Oxa,O05,diagonal,0,6.39295031396
O05:Monoculture::Oxa,O05,diagonal,1,7.21459922537
O05:Monoculture::Oxa,O05,diagonal,2,13.023340948
O05:Monoculture::Oxa,O05,diagonal,3,9.19800863701
O05:Monoculture::Oxa,O05,diagonal,4,10.0271573517
O05:Monoculture::Oxa,O05,diagonal,5,15.6283129083
O05:Monoculture::Oxa,O05,diagonal,6,15.4207078349
O05:Monoculture::Oxa,O05,diagonal,7,16.2038636641
O05:Monoculture::Oxa,O05,diagonal,8,21.1361349851
O05:Monoculture::Oxa,O05,diagonal,9,3.50712532002
O05:Monoculture::Oxa,O05,diagonal,10,3.95612401176
O05:Monoculture::Oxa,O05,diagonal,11,8.64793335261
O05:Monoculture::Oxa,O05,diagonal,12,6.79381880488
O05:Monoculture::Oxa,O05,diagonal,13,7.48526442584
O05:Monoculture::Oxa,O05,diagonal,14,12.0364521033
O05:Monoculture::Oxa,O05,diagonal,15,14.0249082764
O05:Monoculture::Oxa,O05,diagonal,16,14.6780967645
O05:Monoculture::Oxa,O05,diagonal,17,18.5724167854
O05:Monoculture::Oxa,O05,diagonal,18,2.84408550506
O05:Monoculture::Oxa,O05,diagonal,19,4.12924134408
O05:Monoculture::Oxa,O05,diagonal,20,11.043046403
O05:Monoculture::Oxa,O05,diagonal,21,5.60127314516
O05:Monoculture::Oxa,O05,diagonal,22,6.64535390588
O05:Monoculture::Oxa,O05,diagonal,23,12.6666448305
O05:Monoculture::Oxa,O05,diagonal,24,13.2832619074
O05:Monoculture::Oxa,O05,diagonal,25,14.1405556248
O05:Monoculture::Oxa,O05,diagonal,26,19.1832505235
O05:Monoculture::Oxa,O05,diagonal,27,10.5352473431
O05:Monoculture::Oxa,O05,diagonal,28,10.7386383058
O05:Monoculture::Oxa,O05,diagonal,29,12.2042065223
O05:Monoculture::Oxa,O05,diagonal,30,12.9414171121
O05:Monoculture::Oxa,O05,diagonal,31,13.1468293399
O05:Monoculture::Oxa,O05,diagonal,32,14.5990147706
O05:Monoculture::Oxa,O05,diagonal,33,18.3815141517
O05:Monoculture::Oxa,O05,diagonal,34,18.5888013303
O05:Monoculture::Oxa,O05,diagonal,35,19.9890902195
O05:Monoculture::Oxa,O05,diagonal,36,5.47155354408
O05:Monoculture::Oxa,O05,diagonal,37,5.4859221825
O05:Monoculture::Oxa,O05,diagonal,38,6.61780083353
O05:Monoculture::Oxa,O05,diagonal,39,8.78977769447
O05:Monoculture::Oxa,O05,diagonal,40,8.90202736741
O05:Monoculture::Oxa,O05,diagonal,41,10.0749797026
O05:Monoculture::Oxa,O05,diagonal,42,15.6091135316
O05:Monoculture::Oxa,O05,diagonal,43,15.7819749368
O05:Monoculture::Oxa,O05,diagonal,44,16.9197718562
O05:Monoculture::Oxa,O05,diagonal,45,3.8667361513
O05:Monoculture::Oxa,O05,diagonal,46,4.13906004462
O05:Monoculture::Oxa,O05,diagonal,47,5.96577845495
O05:Monoculture::Oxa,O05,diagonal,48,6.78648612103
O05:Monoculture::Oxa,O05,diagonal,49,7.10777508079
O05:Monoculture::Oxa,O05,diagonal,50,8.83622634553
O05:Monoculture::Oxa,O05,diagonal,51,14.1800745104
O05:Monoculture::Oxa,O05,diagonal,52,14.4410947005
O05:Monoculture::Oxa,O05,diagonal,53,15.9464174317
O06:Coculture:F06:Oxa,O06,joint,0,10.445844688
O06:Coculture:F06:Oxa,O06,joint,1,7.10743515888
O06:Coculture:F06:Oxa,O06,joint,2,8.68336168534
O06:Coculture:F06:Oxa,O06,joint,3,10.3074282063
O06:Coculture:F06:Oxa,O06,joint,4,7.22642741271
O06:Coculture:F06:Oxa,O06,joint,5,8.6648564624
O06:Coculture:F06:Oxa,O06,joint,6,14.9713375511
O06:Coculture:F06:Oxa,O06,joint,7,12.5472336835
O06:Coculture:F06:Oxa,O06,joint,8,13.6386755518
O06:Coculture:F06:Oxa,O06,joint,9,5.81461164123
O06:Coculture:F06:Oxa,O06,joint,10,3.78076828761
O06:Coculture:F06:Oxa,O06,joint,11,6.02976952735
O06:Coculture:F06:Oxa,O06,joint,12,6.59923154792
O06:Coculture:F06:Oxa,O06,joint,13,4.77680560516
O06:Coculture:F06:Oxa,O06,joint,14,6.78430385828
O06:Coculture:F06:Oxa,O06,joint,15,12.8071678128
O06:Coculture:F06:Oxa,O06,joint,16,11.0614966271
O06:Coculture:F06:Oxa,O06,joint,17,12.3598018205
O06:Coculture:F06:Oxa,O06,joint,18,10.8171142089
O06:Coculture:F06:Oxa,O06,joint,19,10.2044774947
O06:Coculture:F06:Oxa,O06,joint,20,15.3260096302
O06:Coculture:F06:Oxa,O06,joint,21,8.50439161028
O06:Coculture:F06:Oxa,O06,joint,22,6.45566395056
O06:Coculture:F06:Oxa,O06,joint,23,9.37953314854
O06:Coculture:F06:Oxa,O06,joint,24,13.4664224769
O06:Coculture:F06:Oxa,O06,joint,25,10.9899805715
O06:Coculture:F06:Oxa,O06,joint,26,12.499062749
O06:Coculture:F06:Oxa,O06,joint,27,12.2584082234
O06:Coculture:F06:Oxa,O06,joint,28,11.4051097369
O06:Coculture:F06:Oxa,O06,joint,29,11.8092710444
O06:Coculture:F06:Oxa,O06,joint,30,12.0210168718
O06:Coculture:F06:Oxa,O06,joint,31,11.1864144896
O06:Coculture:F06:Oxa,O06,joint,32,11.5803961212
O06:Coculture:F06:Oxa,O06,joint,33,16.5354679488
O06:Coculture:F06:Oxa,O06,joint,34,15.7652177504
O06:Coculture:F06:Oxa,O06,joint,35,16.1248250128
O06:Coculture:F06:Oxa,O06,joint,36,6.12661565479
O06:Coculture:F06:Oxa,O06,joint,37,5.53752821566
O06:Coculture:F06:Oxa,O06,joint,38,6.07620265557
O06:Coculture:F06:Oxa,O06,joint,39,6.86920392482
O06:Coculture:F06:Oxa,O06,joint,40,6.36074308641
O06:Coculture:F06:Oxa,O06,joint,41,6.92299339635
O06:Coculture:F06:Oxa,O06,joint,42,12.8565822308
O06:Coculture:F06:Oxa,O06,joint,43,12.4009757451
O06:Coculture:F06:Oxa,O06,joint,44,12.9028503084
O06:Coculture:F06:Oxa,O06,joint,45,5.93264092082
O06:Coculture:F06:Oxa,O06,joint,46,5.98009286136
O06:Coculture:F06:Oxa,O06,joint,47,7.61268203679
O06:Coculture:F06:Oxa,O06,joint,48,5.93132792391
O06:Coculture:F06:Oxa,O06,joint,49,5.77816874536
O06:Coculture:F06:Oxa,O06,joint,50,7.05855177925
O06:Coculture:F06:Oxa,O06,joint,51,11.9704032909
O06:Coculture:F06:Oxa,O06,joint,52,11.458221376
O06:Coculture:F06:Oxa,O06,joint,53,12.1891886755
O06:Coculture:F06:Oxa,O06,diagonal,0,8.98204656628
O06:Coculture:F06:Oxa,O06,diagonal,1,5.78927802946
O06:Coculture:F06:Oxa,O06,diagonal,2,7.58360230384
O06:Coculture:F06:Oxa,O06,diagonal,3,12.1153375165
O06:Coculture:F06:Oxa,O06,diagonal,4,9.04749124532
O06:Coculture:F06:Oxa,O06,diagonal,5,10.751651816
O06:Coculture:F06:Oxa,O06,diagonal,6,18.152747647
O06:Coculture:F06:Oxa,O06,diagonal,7,15.4312666628
O06:Coculture:F06:Oxa,O06,diagonal,8,16.8589011704
O06:Coculture:F06:Oxa,O06,diagonal,9,4.68974777483
O06:Coculture:F06:Oxa,O06,diagonal,10,2.9830809299
O06:Coculture:F06:Oxa,O06,diagonal,11,5.51922473408
O06:Coculture:F06:Oxa,O06,diagonal,12,8.82372160418
O06:Coculture:F06:Oxa,O06,diagonal,13,7.16369326515
O06:Coculture:F06:Oxa,O06,diagonal,14,9.36340698256
O06:Coculture:F06:Oxa,O06,diagonal,15,16.0937422337
O06:Coculture:F06:Oxa,O06,diagonal,16,14.327108237
O06:Coculture:F06:Oxa,O06,diagonal,17,15.801605773
O06:Coculture:F06:Oxa,O06,diagonal,18,8.33217743728
O06:Coculture:F06:Oxa,O06,diagonal,19,7.68239725663
O06:Coculture:F06:Oxa,O06,diagonal,20,12.6612662959
O06:Coculture:F06:Oxa,O06,diagonal,21,9.83098139083
O06:Coculture:F06:Oxa,O06,diagonal,22,7.68044029047
O06:Coculture:F06:Oxa,O06,diagonal,23,10.507109354
O06:Coculture:F06:Oxa,O06,diagonal,24,16.4784477003
O06:Coculture:F06:Oxa,O06,diagonal,25,13.8902287525
O06:Coculture:F06:Oxa,O06,diagonal,26,15.487410986
O06:Coculture:F06:Oxa,O06,diagonal,27,10.8102154149
O06:Coculture:F06:Oxa,O06,diagonal,28,10.0027247805
O06:Coculture:F06:Oxa,O06,diagonal,29,10.4574114001
O06:Coculture:F06:Oxa,O06,diagonal,30,13.5886911751
O06:Coculture:F06:Oxa,O06,diagonal,31,12.7904990409
O06:Coculture:F06:Oxa,O06,diagonal,32,13.2390801095
O06:Coculture:F06:Oxa,O06,diagonal,33,19.1108463715
O06:Coculture:F06:Oxa,O06,diagonal,34,18.3438848037
O06:Coculture:F06:Oxa,O06,diagonal,35,18.7699249464
O06:Coculture:F06:Oxa,O06,diagonal,36,5.11248137936
O06:Coculture:F06:Oxa,O06,diagonal,37,4.61257351748
O06:Coculture:F06:Oxa,O06,diagonal,38,5.2301756682
O06:Coculture:F06:Oxa,O06,diagonal,39,9.08543330817
O06:Coculture:F06:Oxa,O06,diagonal,40,8.65876659694
O06:Coculture:F06:Oxa,O06,diagonal,41,9.29280254799
O06:Coculture:F06:Oxa,O06,diagonal,42,16.1165892314
O06:Coculture:F06:Oxa,O06,diagonal,43,15.7015821467
O06:Coculture:F06:Oxa,O06,diagonal,44,16.251510576
O06:Coculture:F06:Oxa,O06,diagonal,45,4.68492633945
O06:Coculture:F06:Oxa,O06,diagonal,46,4.8834927709
O06:Coculture:F06:Oxa,O06,diagonal,47,6.63645371937
O06:Coculture:F06:Oxa,O06,diagonal,48,8.15850910409
O06:Coculture:F06:Oxa,O06,diagonal,49,7.99606405892
O06:Coculture:F06:Oxa,O06,diagonal,50,9.24078131874
O06:Coculture:F06:Oxa,O06,diagonal,51,15.2375015718
O06:Coculture:F06:Oxa,O06,diagonal,52,14.6998662967
O06:Coculture:F06:Oxa,O06,diagonal,53,15.4065335626
O06:Coculture:F06:SN-38,O06,joint,0,15.7324831487
O06:Coculture:F06:SN-38,O06,joint,1,11.4019591868
O06:Coculture:F06:SN-38,O06,joint,2,11.9898025246
O06:Coculture:F06:SN-38,O06,joint,3,12.6226503603
O06:Coculture:F06:SN-38,O06,joint,4,8.6198979199
O06:Coculture:F06:SN-38,O06,joint,5,9.13881540443
O06:Coculture:F06:SN-38,O06,joint,6,16.3569188262
O06:Coculture:F06:SN-38,O06,joint,7,13.1820588615
O06:Coculture:F06:SN-38,O06,joint,8,13.5078718387
O06:Coculture:F06:SN-38,O06,joint,9,12.0788634894
O06:Coculture:F06:SN-38,O06,joint,10,7.49536101262
O06:Coculture:F06:SN-38,O06,joint,11,7.19508259853
O06:Coculture:F06:SN-38,O06,joint,12,10.1195133138
O06:Coculture:F06:SN-38,O06,joint,13,6.03022107202
O06:Coculture:F06:SN-38,O06,joint,14,5.77028130632
O06:Coculture:F06:SN-38,O06,joint,15,15.074385007
O06:Coculture:F06:SN-38,O06,joint,16,11.8295236494
O06:Coculture:F06:SN-38,O06,joint,17,11.6114592713
O06:Coculture:F06:SN-38,O06,joint,18,19.270534887
O06:Coculture:F06:SN-38,O06,joint,19,12.0204268794
O06:Coculture:F06:SN-38,O06,joint,20,10.5100320509
O06:Coculture:F06:SN-38,O06,joint,21,14.8568814728
O06:Coculture:F06:SN-38,O06,joint,22,8.7258439301
O06:Coculture:F06:SN-38,O06,joint,23,7.56234095588
O06:Coculture:F06:SN-38,O06,joint,24,17.4346623139
O06:Coculture:F06:SN-38,O06,joint,25,12.7761435952
O06:Coculture:F06:SN-38,O06,joint,26,12.0744692322
O06:Coculture:F06:SN-38,O06,joint,27,16.4453445886
O06:Coculture:F06:SN-38,O06,joint,28,15.3384806895
O06:Coculture:F06:SN-38,O06,joint,29,15.4899278605
O06:Coculture:F06:SN-38,O06,joint,30,13.3198447074
O06:Coculture:F06:SN-38,O06,joint,31,12.2372137169
O06:Coculture:F06:SN-38,O06,joint,32,12.3841745514
O06:Coculture:F06:SN-38,O06,joint,33,17.0976945461
O06:Coculture:F06:SN-38,O06,joint,34,16.097006436
O06:Coculture:F06:SN-38,O06,joint,35,16.2267358071
O06:Coculture:F06:SN-38,O06,joint,36,10.4566115398
O06:Coculture:F06:SN-38,O06,joint,37,9.23088287231
O06:Coculture:F06:SN-38,O06,joint,38,9.13278313759
O06:Coculture:F06:SN-38,O06,joint,39,8.42668588172
O06:Coculture:F06:SN-38,O06,joint,40,7.28081026253
O06:Coculture:F06:SN-38,O06,joint,41,7.20574065901
O06:Coculture:F06:SN-38,O06,joint,42,13.7364800872
O06:Coculture:F06:SN-38,O06,joint,43,12.7141570268
O06:Coculture:F06:SN-38,O06,joint,44,12.6491720854
O06:Coculture:F06:SN-38,O06,joint,45,9.87204429653
O06:Coculture:F06:SN-38,O06,joint,46,7.90165261024
O06:Coculture:F06:SN-38,O06,joint,47,7.51684923669
O06:Coculture:F06:SN-38,O06,joint,48,8.04210913558
O06:Coculture:F06:SN-38,O06,joint,49,6.2295821337
O06:Coculture:F06:SN-38,O06,joint,50,5.85198342656
O06:Coculture:F06:SN-38,O06,joint,51,13.5519179603
O06:Coculture:F06:SN-38,O06,joint,52,12.0191585746
O06:Coculture:F06:SN-38,O06,joint,53,11.7282828311
O06:Coculture:F06:SN-38,O06,diagonal,0,13.5759847506
O06:Coculture:F06:SN-38,O06,diagonal,1,8.73654102082
O06:Coculture:F06:SN-38,O06,diagonal,2,8.88604358556
O06:Coculture:F06:SN-38,O06,diagonal,3,14.7908351072
O06:Coculture:F06:SN-38,O06,diagonal,4,10.2079374748
O06:Coculture:F06:SN-38,O06,diagonal,5,10.3983219093
O06:Coculture:F06:SN-38,O06,diagonal,6,19.9586232041
O06:Coculture:F06:SN-38,O06,diagonal,7,16.0653460447
O06:Coculture:F06:SN-38,O06,diagonal,8,16.3288563253
O06:Coculture:F06:SN-38,O06,diagonal,9,10.5167289032
O06:Coculture:F06:SN-38,O06,diagonal,10,5.59180750612
O06:Coculture:F06:SN-38,O06,diagonal,11,4.9047618329
O06:Coculture:F06:SN-38,O06,diagonal,12,12.6612927875
O06:Coculture:F06:SN-38,O06,diagonal,13,8.27886178795
O06:Coculture:F06:SN-38,O06,diagonal,14,7.75286999931
O06:Coculture:F06:SN-38,O06,diagonal,15,18.4887519443
O06:Coculture:F06:SN-38,O06,diagonal,16,15.0682002842
O06:Coculture:F06:SN-38,O06,diagonal,17,14.8895388058
O06:Coculture:F06:SN-38,O06,diagonal,18,16.5265337261
O06:Coculture:F06:SN-38,O06,diagonal,19,9.0357413619
O06:Coculture:F06:SN-38,O06,diagonal,20,7.16631673919
O06:Coculture:F06:SN-38,O06,diagonal,21,15.4759194244
O06:Coculture:F06:SN-38,O06,diagonal,22,9.66341254888
O06:Coculture:F06:SN-38,O06,diagonal,23,8.82572970697
O06:Coculture:F06:SN-38,O06,diagonal,24,19.3155826826
O06:Coculture:F06:SN-38,O06,diagonal,25,15.1774496637
O06:Coculture:F06:SN-38,O06,diagonal,26,15.2331968316
O06:Coculture:F06:SN-38,O06,diagonal,27,13.7043886292
O06:Coculture:F06:SN-38,O06,diagonal,28,12.4750136799
O06:Coculture:F06:SN-38,O06,diagonal,29,12.5084760835
O06:Coculture:F06:SN-38,O06,diagonal,30,14.7201745601
O06:Coculture:F06:SN-38,O06,diagonal,31,13.5103136277
O06:Coculture:F06:SN-38,O06,diagonal,32,13.5476892689
O06:Coculture:F06:SN-38,O06,diagonal,33,19.7769683672
O06:Coculture:F06:SN-38,O06,diagonal,34,18.6312439591
O06:Coculture:F06:SN-38,O06,diagonal,35,18.6788400677
O06:Coculture:F06:SN-38,O06,diagonal,36,8.23503332545
O06:Coculture:F06:SN-38,O06,diagonal,37,6.92139414637
O06:Coculture:F06:SN-38,O06,diagonal,38,6.72391235275
O06:Coculture:F06:SN-38,O06,diagonal,39,10.5556163882
O06:Coculture:F06:SN-38,O06,diagonal,40,9.32438603897
O06:Coculture:F06:SN-38,O06,diagonal,41,9.15262462066
O06:Coculture:F06:SN-38,O06,diagonal,42,17.0996764123
O06:Coculture:F06:SN-38,O06,diagonal,43,16.0040686624
O06:Coculture:F06:SN-38,O06,diagonal,44,15.8725707152
O06:Coculture:F06:SN-38,O06,diagonal,45,8.16512383943
O06:Coculture:F06:SN-38,O06,diagonal,46,5.98514502091
O06:Coculture:F06:SN-38,O06,diagonal,47,5.35740049144
O06:Coculture:F06:SN-38,O06,diagonal,48,10.2311355557
O06:Coculture:F06:SN-38,O06,diagonal,49,8.3584374647
O06:Coculture:F06:SN-38,O06,diagonal,50,7.89108130902
O06:Coculture:F06:SN-38,O06,diagonal,51,16.6715277772
O06:Coculture:F06:SN-38,O06,diagonal,52,15.2184010584
O06:Coculture:F06:SN-38,O06,diagonal,53,15.0089803479
O06:Coculture:F11:5-FU,O06,joint,0,3.05540627509
O06:Coculture:F11:5-FU,O06,joint,1,0.941422371285
O06:Coculture:F11:5-FU,O06,joint,2,3.74177452308
O06:Coculture:F11:5-FU,O06,joint,3,7.4915371388
O06:Coculture:F11:5-FU,O06,joint,4,5.51901665692
O06:Coculture:F11:5-FU,O06,joint,5,8.06592601828
O06:Coculture:F11:5-FU,O06,joint,6,13.5291040885
O06:Coculture:F11:5-FU,O06,joint,7,11.9292233982
O06:Coculture:F11:5-FU,O06,joint,8,13.8448884438
O06:Coculture:F11:5-FU,O06,joint,9,-1.11147951846
O06:Coculture:F11:5-FU,O06,joint,10,-1.93212972285
O06:Coculture:F11:5-FU,O06,joint,11,1.53006466612
O06:Coculture:F11:5-FU,O06,joint,12,3.91576721103
O06:Coculture:F11:5-FU,O06,joint,13,2.68101067712
O06:Coculture:F11:5-FU,O06,joint,14,5.27617833908
O06:Coculture:F11:5-FU,O06,joint,15,11.3259662416
O06:Coculture:F11:5-FU,O06,joint,16,10.0490728667
O06:Coculture:F11:5-FU,O06,joint,17,11.8161558709
O06:Coculture:F11:5-FU,O06,joint,18,-1.33439550194
O06:Coculture:F11:5-FU,O06,joint,19,-2.42032274618
O06:Coculture:F11:5-FU,O06,joint,20,2.22791885937
O06:Coculture:F11:5-FU,O06,joint,21,3.15039984725
O06:Coculture:F11:5-FU,O06,joint,22,1.33970908161
O06:Coculture:F11:5-FU,O06,joint,23,4.50161517367
O06:Coculture:F11:5-FU,O06,joint,24,10.9679060898
O06:Coculture:F11:5-FU,O06,joint,25,9.14794688365
O06:Coculture:F11:5-FU,O06,joint,26,11.3135117605
O06:Coculture:F11:5-FU,O06,joint,27,5.92013619255
O06:Coculture:F11:5-FU,O06,joint,28,5.38101596511
O06:Coculture:F11:5-FU,O06,joint,29,6.09935553175
O06:Coculture:F11:5-FU,O06,joint,30,10.1734072686
O06:Coculture:F11:5-FU,O06,joint,31,9.64491129265
O06:Coculture:F11:5-FU,O06,joint,32,10.3449993306
O06:Coculture:F11:5-FU,O06,joint,33,15.8314951819
O06:Coculture:F11:5-FU,O06,joint,34,15.3383650614
O06:Coculture:F11:5-FU,O06,joint,35,15.9750924018
O06:Coculture:F11:5-FU,O06,joint,36,0.051308258006
O06:Coculture:F11:5-FU,O06,joint,37,-0.0361070349463
O06:Coculture:F11:5-FU,O06,joint,38,1.00423955116
O06:Coculture:F11:5-FU,O06,joint,39,5.1376811349
O06:Coculture:F11:5-FU,O06,joint,40,4.9325185838
O06:Coculture:F11:5-FU,O06,joint,41,5.79806718104
O06:Coculture:F11:5-FU,O06,joint,42,12.1857161466
O06:Coculture:F11:5-FU,O06,joint,43,11.8770270131
O06:Coculture:F11:5-FU,O06,joint,44,12.5258189286
O06:Coculture:F11:5-FU,O06,joint,45,-1.62394011278
O06:Coculture:F11:5-FU,O06,joint,46,-1.53295123478
O06:Coculture:F11:5-FU,O06,joint,47,0.143174878103
O06:Coculture:F11:5-FU,O06,joint,48,2.89345049621
O06:Coculture:F11:5-FU,O06,joint,49,2.62196868515
O06:Coculture:F11:5-FU,O06,joint,50,3.78402908654
O06:Coculture:F11:5-FU,O06,joint,51,10.6319053501
O06:Coculture:F11:5-FU,O06,joint,52,10.1792326587
O06:Coculture:F11:5-FU,O06,joint,53,10.9697091817
O06:Coculture:F11:5-FU,O06,diagonal,0,4.6938061216
O06:Coculture:F11:5-FU,O06,diagonal,1,2.54352190461
O06:Coculture:F11:5-FU,O06,diagonal,2,5.38033049881
O06:Coculture:F11:5-FU,O06,diagonal,3,10.1876724238
O06:Coculture:F11:5-FU,O06,diagonal,4,8.0656677272
O06:Coculture:F11:5-FU,O06,diagonal,5,10.7156698724
O06:Coculture:F11:5-FU,O06,diagonal,6,16.9515321134
O06:Coculture:F11:5-FU,O06,diagonal,7,15.0011240553
O06:Coculture:F11:5-FU,O06,diagonal,8,17.199831489
O06:Coculture:F11:5-FU,O06,diagonal,9,0.563079846744
O06:Coculture:F11:5-FU,O06,diagonal,10,-0.502822414
O06:Coculture:F11:5-FU,O06,diagonal,11,2.67408597437
O06:Coculture:F11:5-FU,O06,diagonal,12,6.99217119239
O06:Coculture:F11:5-FU,O06,diagonal,13,5.59197142028
O06:Coculture:F11:5-FU,O06,diagonal,14,8.05151370462
O06:Coculture:F11:5-FU,O06,diagonal,15,15.0474160535
O06:Coculture:F11:5-FU,O06,diagonal,16,13.6172254688
O06:Coculture:F11:5-FU,O06,diagonal,17,15.4281664167
O06:Coculture:F11:5-FU,O06,diagonal,18,-0.352900263419
O06:Coculture:F11:5-FU,O06,diagonal,19,-1.81188176767
O06:Coculture:F11:5-FU,O06,diagonal,20,2.357785948
O06:Coculture:F11:5-FU,O06,diagonal,21,6.30040514078
O06:Coculture:F11:5-FU,O06,diagonal,22,4.29886708241
O06:Coculture:F11:5-FU,O06,diagonal,23,7.27453918794
O06:Coculture:F11:5-FU,O06,diagonal,24,14.8221148034
O06:Coculture:F11:5-FU,O06,diagonal,25,12.8319746831
O06:Coculture:F11:5-FU,O06,diagonal,26,15.0272357441
O06:Coculture:F11:5-FU,O06,diagonal,27,7.43217553912
O06:Coculture:F11:5-FU,O06,diagonal,28,6.89346206713
O06:Coculture:F11:5-FU,O06,diagonal,29,7.61692584903
O06:Coculture:F11:5-FU,O06,diagonal,30,12.516631064
O06:Coculture:F11:5-FU,O06,diagonal,31,11.9790600097
O06:Coculture:F11:5-FU,O06,diagonal,32,12.6882621583
O06:Coculture:F11:5-FU,O06,diagonal,33,18.6289300984
O06:Coculture:F11:5-FU,O06,diagonal,34,18.0984289242
O06:Coculture:F11:5-FU,O06,diagonal,35,18.7609294605
O06:Coculture:F11:5-FU,O06,diagonal,36,1.87460614137
O06:Coculture:F11:5-FU,O06,diagonal,37,1.73669757639
O06:Coculture:F11:5-FU,O06,diagonal,38,2.71629902401
O06:Coculture:F11:5-FU,O06,diagonal,39,8.05376632615
O06:Coculture:F11:5-FU,O06,diagonal,40,7.78729076097
O06:Coculture:F11:5-FU,O06,diagonal,41,8.58151785806
O06:Coculture:F11:5-FU,O06,diagonal,42,15.6587016285
O06:Coculture:F11:5-FU,O06,diagonal,43,15.3086516854
O06:Coculture:F11:5-FU,O06,diagonal,44,15.9235372565
O06:Coculture:F11:5-FU,O06,diagonal,45,-0.455374137777
O06:Coculture:F11:5-FU,O06,diagonal,46,-0.540992880325
O06:Coculture:F11:5-FU,O06,diagonal,47,0.927782894142
O06:Coculture:F11:5-FU,O06,diagonal,48,5.98723967891
O06:Coculture:F11:5-FU,O06,diagonal,49,5.62249430285
O06:Coculture:F11:5-FU,O06,diagonal,50,6.66491123177
O06:Coculture:F11:5-FU,O06,diagonal,51,14.3548575093
O06:Coculture:F11:5-FU,O06,diagonal,52,13.8544729947
O06:Coculture:F11:5-FU,O06,diagonal,53,14.5983910211
O06:Coculture:F11:Oxa,O06,joint,0,7.71327142684
O06:Coculture:F11:Oxa,O06,joint,1,2.97871792704
O06:Coculture:F11:Oxa,O06,joint,2,3.15850048285
O06:Coculture:F11:Oxa,O06,joint,3,10.932596017
O06:Coculture:F11:Oxa,O06,joint,4,6.64683084521
O06:Coculture:F11:Oxa,O06,joint,5,6.88049551669
O06:Coculture:F11:Oxa,O06,joint,6,15.8339128267
O06:Coculture:F11:Oxa,O06,joint,7,12.5693638925
O06:Coculture:F11:Oxa,O06,joint,8,12.8203606942
O06:Coculture:F11:Oxa,O06,joint,9,3.96287807024
O06:Coculture:F11:Oxa,O06,joint,10,0.844858997295
O06:Coculture:F11:Oxa,O06,joint,11,2.0096845177
O06:Coculture:F11:Oxa,O06,joint,12,6.51114141617
O06:Coculture:F11:Oxa,O06,joint,13,3.73888409555
O06:Coculture:F11:Oxa,O06,joint,14,4.79655097081
O06:Coculture:F11:Oxa,O06,joint,15,13.1057862886
O06:Coculture:F11:Oxa,O06,joint,16,10.6913752998
O06:Coculture:F11:Oxa,O06,joint,17,11.32094069
O06:Coculture:F11:Oxa,O06,joint,18,5.04272706972
O06:Coculture:F11:Oxa,O06,joint,19,2.47438985103
O06:Coculture:F11:Oxa,O06,joint,20,5.64022148214
O06:Coculture:F11:Oxa,O06,joint,21,7.13173021757
O06:Coculture:F11:Oxa,O06,joint,22,3.8434232502
O06:Coculture:F11:Oxa,O06,joint,23,5.52771314054
O06:Coculture:F11:Oxa,O06,joint,24,13.5954980487
O06:Coculture:F11:Oxa,O06,joint,25,10.3597181908
O06:Coculture:F11:Oxa,O06,joint,26,11.1094624158
O06:Coculture:F11:Oxa,O06,joint,27,7.77854973251
O06:Coculture:F11:Oxa,O06,joint,28,6.55905094542
O06:Coculture:F11:Oxa,O06,joint,29,6.5970119524
O06:Coculture:F11:Oxa,O06,joint,30,11.3378735565
O06:Coculture:F11:Oxa,O06,joint,31,10.1542351816
O06:Coculture:F11:Oxa,O06,joint,32,10.1991808205
O06:Coculture:F11:Oxa,O06,joint,33,16.6917599014
O06:Coculture:F11:Oxa,O06,joint,34,15.6203186085
O06:Coculture:F11:Oxa,O06,joint,35,15.6787347764
O06:Coculture:F11:Oxa,O06,joint,36,3.36446417632
O06:Coculture:F11:Oxa,O06,joint,37,2.46932028666
O06:Coculture:F11:Oxa,O06,joint,38,2.70193827605
O06:Coculture:F11:Oxa,O06,joint,39,6.40627053207
O06:Coculture:F11:Oxa,O06,joint,40,5.62676576383
O06:Coculture:F11:Oxa,O06,joint,41,5.91797214394
O06:Coculture:F11:Oxa,O06,joint,42,12.8345596978
O06:Coculture:F11:Oxa,O06,joint,43,12.1414953677
O06:Coculture:F11:Oxa,O06,joint,44,12.4059120865
O06:Coculture:F11:Oxa,O06,joint,45,1.87422573027
O06:Coculture:F11:Oxa,O06,joint,46,1.31850343763
O06:Coculture:F11:Oxa,O06,joint,47,2.34791837987
O06:Coculture:F11:Oxa,O06,joint,48,4.48773113913
O06:Coculture:F11:Oxa,O06,joint,49,3.84564683446
O06:Coculture:F11:Oxa,O06,joint,50,4.63710474223
O06:Coculture:F11:Oxa,O06,joint,51,11.6272379427
O06:Coculture:F11:Oxa,O06,joint,52,10.8051612009
O06:Coculture:F11:Oxa,O06,joint,53,11.2262336735
O06:Coculture:F11:Oxa,O06,diagonal,0,8.60944000793
O06:Coculture:F11:Oxa,O06,diagonal,1,4.19829623925
O06:Coculture:F11:Oxa,O06,diagonal,2,4.77424528178
O06:Coculture:F11:Oxa,O06,diagonal,3,13.1628028425
O06:Coculture:F11:Oxa,O06,diagonal,4,8.91986992698
O06:Coculture:F11:Oxa,O06,diagonal,5,9.4489438533
O06:Coculture:F11:Oxa,O06,diagonal,6,19.3412083679
O06:Coculture:F11:Oxa,O06,diagonal,7,15.5731320069
O06:Coculture:F11:Oxa,O06,diagonal,8,15.9541711377
O06:Coculture:F11:Oxa,O06,diagonal,9,3.99601798313
O06:Coculture:F11:Oxa,O06,diagonal,10,1.16135573704
O06:Coculture:F11:Oxa,O06,diagonal,11,2.56950414007
O06:Coculture:F11:Oxa,O06,diagonal,12,9.14093231387
O06:Coculture:F11:Oxa,O06,diagonal,13,6.38749462958
O06:Coculture:F11:Oxa,O06,diagonal,14,7.49379900173
O06:Coculture:F11:Oxa,O06,diagonal,15,16.7876193009
O06:Coculture:F11:Oxa,O06,diagonal,16,14.1388959207
O06:Coculture:F11:Oxa,O06,diagonal,17,14.7313040733
O06:Coculture:F11:Oxa,O06,diagonal,18,4.58678769289
O06:Coculture:F11:Oxa,O06,diagonal,19,1.85697857936
O06:Coculture:F11:Oxa,O06,diagonal,20,4.75581868576
O06:Coculture:F11:Oxa,O06,diagonal,21,9.65462475911
O06:Coculture:F11:Oxa,O06,diagonal,22,6.0522972693
O06:Coculture:F11:Oxa,O06,diagonal,23,7.42717994339
O06:Coculture:F11:Oxa,O06,diagonal,24,17.4238398077
O06:Coculture:F11:Oxa,O06,diagonal,25,13.733790881
O06:Coculture:F11:Oxa,O06,diagonal,26,14.2291431356
O06:Coculture:F11:Oxa,O06,diagonal,27,9.07910911803
O06:Coculture:F11:Oxa,O06,diagonal,28,7.96264957833
O06:Coculture:F11:Oxa,O06,diagonal,29,8.10836729252
O06:Coculture:F11:Oxa,O06,diagonal,30,13.4955395356
O06:Coculture:F11:Oxa,O06,diagonal,31,12.3927535934
O06:Coculture:F11:Oxa,O06,diagonal,32,12.536740854
O06:Coculture:F11:Oxa,O06,diagonal,33,19.372712703
O06:Coculture:F11:Oxa,O06,diagonal,34,18.3119794742
O06:Coculture:F11:Oxa,O06,diagonal,35,18.4442479557
O06:Coculture:F11:Oxa,O06,diagonal,36,4.0108851719
O06:Coculture:F11:Oxa,O06,diagonal,37,3.23810387897
O06:Coculture:F11:Oxa,O06,diagonal,38,3.58283259865
O06:Coculture:F11:Oxa,O06,diagonal,39,8.91200086025
O06:Coculture:F11:Oxa,O06,diagonal,40,8.20333529873
O06:Coculture:F11:Oxa,O06,diagonal,41,8.55537239948
O06:Coculture:F11:Oxa,O06,diagonal,42,16.1958919088
O06:Coculture:F11:Oxa,O06,diagonal,43,15.5075324878
O06:Coculture:F11:Oxa,O06,diagonal,44,15.7841085808
O06:Coculture:F11:Oxa,O06,diagonal,45,1.88937361647
O06:Coculture:F11:Oxa,O06,diagonal,46,1.43378080837
O06:Coculture:F11:Oxa,O06,diagonal,47,2.53258251729
O06:Coculture:F11:Oxa,O06,diagonal,48,7.22216166799
O06:Coculture:F11:Oxa,O06,diagonal,49,6.53970938961
O06:Coculture:F11:Oxa,O06,diagonal,50,7.26441941621
O06:Coculture:F11:Oxa,O06,diagonal,51,15.1934124139
O06:Coculture:F11:Oxa,O06,diagonal,52,14.2928305414
O06:Coculture:F11:Oxa,O06,diagonal,53,14.6365512099
O06:Coculture:F14:Gef,O06,joint,0,18.2328224968
O06:Coculture:F14:Gef,O06,joint,1,12.761257307
O06:Coculture:F14:Gef,O06,joint,2,12.2040225876
O06:Coculture:F14:Gef,O06,joint,3,15.8956373532
O06:Coculture:F14:Gef,O06,joint,4,10.8799008315
O06:Coculture:F14:Gef,O06,joint,5,10.3873633609
O06:Coculture:F14:Gef,O06,joint,6,18.9585134865
O06:Coculture:F14:Gef,O06,joint,7,15.022762743
O06:Coculture:F14:Gef,O06,joint,8,14.6519576444
O06:Coculture:F14:Gef,O06,joint,9,28.6887241083
O06:Coculture:F14:Gef,O06,joint,10,20.4698419664
O06:Coculture:F14:Gef,O06,joint,11,16.534058403
O06:Coculture:F14:Gef,O06,joint,12,19.9060954984
O06:Coculture:F14:Gef,O06,joint,13,13.5859258386
O06:Coculture:F14:Gef,O06,joint,14,11.1041352084
O06:Coculture:F14:Gef,O06,joint,15,19.6817336569
O06:Coculture:F14:Gef,O06,joint,16,15.3208854748
O06:Coculture:F14:Gef,O06,joint,17,14.04172173
O06:Coculture:F14:Gef,O06,joint,18,54.8221367185
O06:Coculture:F14:Gef,O06,joint,19,42.3863793094
O06:Coculture:F14:Gef,O06,joint,20,35.6870701874
O06:Coculture:F14:Gef,O06,joint,21,30.5745932248
O06:Coculture:F14:Gef,O06,joint,22,22.0367594392
O06:Coculture:F14:Gef,O06,joint,23,18.4914518615
O06:Coculture:F14:Gef,O06,joint,24,23.6278962502
O06:Coculture:F14:Gef,O06,joint,25,17.9532279997
O06:Coculture:F14:Gef,O06,joint,26,16.3100300538
O06:Coculture:F14:Gef,O06,joint,27,15.8890663823
O06:Coculture:F14:Gef,O06,joint,28,14.4862771135
O06:Coculture:F14:Gef,O06,joint,29,14.3416870087
O06:Coculture:F14:Gef,O06,joint,30,13.9476533614
O06:Coculture:F14:Gef,O06,joint,31,12.5797620639
O06:Coculture:F14:Gef,O06,joint,32,12.4404533841
O06:Coculture:F14:Gef,O06,joint,33,17.9062829569
O06:Coculture:F14:Gef,O06,joint,34,16.6523488264
O06:Coculture:F14:Gef,O06,joint,35,16.5292144588
O06:Coculture:F14:Gef,O06,joint,36,15.351072849
O06:Coculture:F14:Gef,O06,joint,37,12.918783241
O06:Coculture:F14:Gef,O06,joint,38,11.6167822061
O06:Coculture:F14:Gef,O06,joint,39,12.5714342391
O06:Coculture:F14:Gef,O06,joint,40,10.5167137036
O06:Coculture:F14:Gef,O06,joint,41,9.53276781281
O06:Coculture:F14:Gef,O06,joint,42,16.1802249934
O06:Coculture:F14:Gef,O06,joint,43,14.6001825785
O06:Coculture:F14:Gef,O06,joint,44,13.9797349209
O06:Coculture:F14:Gef,O06,joint,45,28.3664936139
O06:Coculture:F14:Gef,O06,joint,46,24.0480177206
O06:Coculture:F14:Gef,O06,joint,47,21.3134305847
O06:Coculture:F14:Gef,O06,joint,48,16.9430233211
O06:Coculture:F14:Gef,O06,joint,49,13.8340839688
O06:Coculture:F14:Gef,O06,joint,50,12.1592566883
O06:Coculture:F14:Gef,O06,joint,51,17.5035032728
O06:Coculture:F14:Gef,O06,joint,52,15.3690448264
O06:Coculture:F14:Gef,O06,joint,53,14.4827179319
O06:Coculture:F14:Gef,O06,diagonal,0,15.7245594974
O06:Coculture:F14:Gef,O06,diagonal,1,10.1780244099
O06:Coculture:F14:Gef,O06,diagonal,2,9.62148159914
O06:Coculture:F14:Gef,O06,diagonal,3,17.1854236241
O06:Coculture:F14:Gef,O06,diagonal,4,12.0956970938
O06:Coculture:F14:Gef,O06,diagonal,5,11.7786263409
O06:Coculture:F14:Gef,O06,diagonal,6,21.359609289
O06:Coculture:F14:Gef,O06,diagonal,7,17.313947074
O06:Coculture:F14:Gef,O06,diagonal,8,17.4174796778
O06:Coculture:F14:Gef,O06,diagonal,9,22.5461320163
O06:Coculture:F14:Gef,O06,diagonal,10,15.045601861
O06:Coculture:F14:Gef,O06,diagonal,11,11.7923440528
O06:Coculture:F14:Gef,O06,diagonal,12,18.7809443774
O06:Coculture:F14:Gef,O06,diagonal,13,13.161172728
O06:Coculture:F14:Gef,O06,diagonal,14,11.4009483975
O06:Coculture:F14:Gef,O06,diagonal,15,20.9215706996
O06:Coculture:F14:Gef,O06,diagonal,16,17.1344294629
O06:Coculture:F14:Gef,O06,diagonal,17,16.5904434711
O06:Coculture:F14:Gef,O06,diagonal,18,38.9204064275
O06:Coculture:F14:Gef,O06,diagonal,19,28.4263640229
O06:Coculture:F14:Gef,O06,diagonal,20,23.5608272326
O06:Coculture:F14:Gef,O06,diagonal,21,25.0833499006
O06:Coculture:F14:Gef,O06,diagonal,22,18.2206112911
O06:Coculture:F14:Gef,O06,diagonal,23,16.3365730173
O06:Coculture:F14:Gef,O06,diagonal,24,22.530648976
O06:Coculture:F14:Gef,O06,diagonal,25,18.2900337286
O06:Coculture:F14:Gef,O06,diagonal,26,18.240752774
O06:Coculture:F14:Gef,O06,diagonal,27,13.3331328136
O06:Coculture:F14:Gef,O06,diagonal,28,11.9098924209
O06:Coculture:F14:Gef,O06,diagonal,29,11.7498543913
O06:Coculture:F14:Gef,O06,diagonal,30,15.2412906196
O06:Coculture:F14:Gef,O06,diagonal,31,13.8546568477
O06:Coculture:F14:Gef,O06,diagonal,32,13.715521145
O06:Coculture:F14:Gef,O06,diagonal,33,20.3287330407
O06:Coculture:F14:Gef,O06,diagonal,34,19.0563014081
O06:Coculture:F14:Gef,O06,diagonal,35,18.9770337199
O06:Coculture:F14:Gef,O06,diagonal,36,12.3312886034
O06:Coculture:F14:Gef,O06,diagonal,37,10.0269062261
O06:Coculture:F14:Gef,O06,diagonal,38,8.84340324914
O06:Coculture:F14:Gef,O06,diagonal,39,13.5006262739
O06:Coculture:F14:Gef,O06,diagonal,40,11.6254937351
O06:Coculture:F14:Gef,O06,diagonal,41,10.812179283
O06:Coculture:F14:Gef,O06,diagonal,42,18.5681978897
O06:Coculture:F14:Gef,O06,diagonal,43,17.1632549773
O06:Coculture:F14:Gef,O06,diagonal,44,16.7231988947
O06:Coculture:F14:Gef,O06,diagonal,45,19.955135192
O06:Coculture:F14:Gef,O06,diagonal,46,16.2000794852
O06:Coculture:F14:Gef,O06,diagonal,47,13.9998243562
O06:Coculture:F14:Gef,O06,diagonal,48,15.7785089315
O06:Coculture:F14:Gef,O06,diagonal,49,13.1549983304
O06:Coculture:F14:Gef,O06,diagonal,50,11.9386141328
O06:Coculture:F14:Gef,O06,diagonal,51,19.0323682848
O06:Coculture:F14:Gef,O06,diagonal,52,17.3166836324
O06:Coculture:F14:Gef,O06,diagonal,53,16.845674064
O06:Coculture:F17:Gef,O06,joint,0,6.686258885
O06:Coculture:F17:Gef,O06,joint,1,1.91835718406
O06:Coculture:F17:Gef,O06,joint,2,2.06478595358
O06:Coculture:F17:Gef,O06,joint,3,11.0975293196
O06:Coculture:F17:Gef,O06,joint,4,6.67027757064
O06:Coculture:F17:Gef,O06,joint,5,6.76622487285
O06:Coculture:F17:Gef,O06,joint,6,16.509248075
O06:Coculture:F17:Gef,O06,joint,7,12.9039021819
O06:Coculture:F17:Gef,O06,joint,8,12.8635019336
O06:Coculture:F17:Gef,O06,joint,9,8.87223345859
O06:Coculture:F17:Gef,O06,joint,10,3.9957119944
O06:Coculture:F17:Gef,O06,joint,11,3.40228910886
O06:Coculture:F17:Gef,O06,joint,12,10.2131864055
O06:Coculture:F17:Gef,O06,joint,13,6.2189156931
O06:Coculture:F17:Gef,O06,joint,14,6.0630240103
O06:Coculture:F17:Gef,O06,joint,15,15.2942946486
O06:Coculture:F17:Gef,O06,joint,16,11.9467465706
O06:Coculture:F17:Gef,O06,joint,17,11.6808829299
O06:Coculture:F17:Gef,O06,joint,18,21.0835005476
O06:Coculture:F17:Gef,O06,joint,19,16.2434325985
O06:Coculture:F17:Gef,O06,joint,20,17.1398129365
O06:Coculture:F17:Gef,O06,joint,21,14.2239317021
O06:Coculture:F17:Gef,O06,joint,22,8.86174775106
O06:Coculture:F17:Gef,O06,joint,23,8.49209000796
O06:Coculture:F17:Gef,O06,joint,24,17.1382116722
O06:Coculture:F17:Gef,O06,joint,25,12.2577413724
O06:Coculture:F17:Gef,O06,joint,26,11.4087413772
O06:Coculture:F17:Gef,O06,joint,27,6.53530295705
O06:Coculture:F17:Gef,O06,joint,28,5.31703802271
O06:Coculture:F17:Gef,O06,joint,29,5.35697225236
O06:Coculture:F17:Gef,O06,joint,30,11.0610124584
O06:Coculture:F17:Gef,O06,joint,31,9.86903703319
O06:Coculture:F17:Gef,O06,joint,32,9.90564422557
O06:Coculture:F17:Gef,O06,joint,33,16.7067559485
O06:Coculture:F17:Gef,O06,joint,34,15.5999430112
O06:Coculture:F17:Gef,O06,joint,35,15.6239298368
O06:Coculture:F17:Gef,O06,joint,36,3.4983557247
O06:Coculture:F17:Gef,O06,joint,37,2.03162196477
O06:Coculture:F17:Gef,O06,joint,38,1.69517677808
O06:Coculture:F17:Gef,O06,joint,39,7.6173115767
O06:Coculture:F17:Gef,O06,joint,40,6.39818121066
O06:Coculture:F17:Gef,O06,joint,41,6.24982548927
O06:Coculture:F17:Gef,O06,joint,42,13.7569977202
O06:Coculture:F17:Gef,O06,joint,43,12.7584300421
O06:Coculture:F17:Gef,O06,joint,44,12.7194571214
O06:Coculture:F17:Gef,O06,joint,45,10.4039817058
O06:Coculture:F17:Gef,O06,joint,46,9.04207094003
O06:Coculture:F17:Gef,O06,joint,47,9.26404893163
O06:Coculture:F17:Gef,O06,joint,48,8.50836427838
O06:Coculture:F17:Gef,O06,joint,49,7.29834729111
O06:Coculture:F17:Gef,O06,joint,50,7.52244237561
O06:Coculture:F17:Gef,O06,joint,51,13.4158378921
O06:Coculture:F17:Gef,O06,joint,52,12.0752919043
O06:Coculture:F17:Gef,O06,joint,53,11.9828774685
O06:Coculture:F17:Gef,O06,diagonal,0,8.62178707002
O06:Coculture:F17:Gef,O06,diagonal,1,3.7142650721
O06:Coculture:F17:Gef,O06,diagonal,2,3.79673535087
O06:Coculture:F17:Gef,O06,diagonal,3,13.7420077784
O06:Coculture:F17:Gef,O06,diagonal,4,9.15051587131
O06:Coculture:F17:Gef,O06,diagonal,5,9.3316797416
O06:Coculture:F17:Gef,O06,diagonal,6,19.6592044868
O06:Coculture:F17:Gef,O06,diagonal,7,15.8077526264
O06:Coculture:F17:Gef,O06,diagonal,8,16.1054955848
O06:Coculture:F17:Gef,O06,diagonal,9,8.52457284546
O06:Coculture:F17:Gef,O06,diagonal,10,4.10191150153
O06:Coculture:F17:Gef,O06,diagonal,11,3.92652250462
O06:Coculture:F17:Gef,O06,diagonal,12,11.818434748
O06:Coculture:F17:Gef,O06,diagonal,13,8.21425770944
O06:Coculture:F17:Gef,O06,diagonal,14,8.4696279897
O06:Coculture:F17:Gef,O06,diagonal,15,17.9934900899
O06:Coculture:F17:Gef,O06,diagonal,16,14.9927777188
O06:Coculture:F17:Gef,O06,diagonal,17,15.2352205927
O06:Coculture:F17:Gef,O06,diagonal,18,15.9499896545
O06:Coculture:F17:Gef,O06,diagonal,19,11.6182988637
O06:Coculture:F17:Gef,O06,diagonal,20,12.9151136871
O06:Coculture:F17:Gef,O06,diagonal,21,14.6688703277
O06:Coculture:F17:Gef,O06,diagonal,22,10.0841120134
O06:Coculture:F17:Gef,O06,diagonal,23,10.4780540349
O06:Coculture:F17:Gef,O06,diagonal,24,18.9435225931
O06:Coculture:F17:Gef,O06,diagonal,25,15.0699433206
O06:Coculture:F17:Gef,O06,diagonal,26,15.3876983408
O06:Coculture:F17:Gef,O06,diagonal,27,8.31663187154
O06:Coculture:F17:Gef,O06,diagonal,28,7.0639503292
O06:Coculture:F17:Gef,O06,diagonal,29,7.07447114982
O06:Coculture:F17:Gef,O06,diagonal,30,13.4655975127
O06:Coculture:F17:Gef,O06,diagonal,31,12.2387170133
O06:Coculture:F17:Gef,O06,diagonal,32,12.259334583
O06:Coculture:F17:Gef,O06,diagonal,33,19.4678790792
O06:Coculture:F17:Gef,O06,diagonal,34,18.3200061025
O06:Coculture:F17:Gef,O06,diagonal,35,18.36529707
O06:Coculture:F17:Gef,O06,diagonal,36,4.88846774136
O06:Coculture:F17:Gef,O06,diagonal,37,3.51068923098
O06:Coculture:F17:Gef,O06,diagonal,38,3.25379012082
O06:Coculture:F17:Gef,O06,diagonal,39,9.99523648119
O06:Coculture:F17:Gef,O06,diagonal,40,8.88957114521
O06:Coculture:F17:Gef,O06,diagonal,41,8.84572389598
O06:Coculture:F17:Gef,O06,diagonal,42,16.8275704823
O06:Coculture:F17:Gef,O06,diagonal,43,15.9265262227
O06:Coculture:F17:Gef,O06,diagonal,44,15.9903687927
O06:Coculture:F17:Gef,O06,diagonal,45,7.89597978027
O06:Coculture:F17:Gef,O06,diagonal,46,6.81120796881
O06:Coculture:F17:Gef,O06,diagonal,47,7.28123673511
O06:Coculture:F17:Gef,O06,diagonal,48,10.0359047383
O06:Coculture:F17:Gef,O06,diagonal,49,8.95298204057
O06:Coculture:F17:Gef,O06,diagonal,50,9.27718574642
O06:Coculture:F17:Gef,O06,diagonal,51,16.4287483916
O06:Coculture:F17:Gef,O06,diagonal,52,15.282558813
O06:Coculture:F17:Gef,O06,diagonal,53,15.3810443184
O06:Coculture:F17:Oxa,O06,joint,0,4.29110302985
O06:Coculture:F17:Oxa,O06,joint,1,1.1500399374
O06:Coculture:F17:Oxa,O06,joint,2,2.92331290055
O06:Coculture:F17:Oxa,O06,joint,3,8.75470070564
O06:Coculture:F17:Oxa,O06,joint,4,5.90208861887
O06:Coculture:F17:Oxa,O06,joint,5,7.56890637535
O06:Coculture:F17:Oxa,O06,joint,6,14.4346020141
O06:Coculture:F17:Oxa,O06,joint,7,12.2046727703
O06:Coculture:F17:Oxa,O06,joint,8,13.4902892624
O06:Coculture:F17:Oxa,O06,joint,9,1.97569382268
O06:Coculture:F17:Oxa,O06,joint,10,0.200661252059
O06:Coculture:F17:Oxa,O06,joint,11,2.70847327479
O06:Coculture:F17:Oxa,O06,joint,12,5.44739025645
O06:Coculture:F17:Oxa,O06,joint,13,3.80770561242
O06:Coculture:F17:Oxa,O06,joint,14,5.99794516427
O06:Coculture:F17:Oxa,O06,joint,15,12.3744874509
O06:Coculture:F17:Oxa,O06,joint,16,10.7215844742
O06:Coculture:F17:Oxa,O06,joint,17,12.1126578764
O06:Coculture:F17:Oxa,O06,joint,18,6.62275075135
O06:Coculture:F17:Oxa,O06,joint,19,6.17802988076
O06:Coculture:F17:Oxa,O06,joint,20,11.46747786
O06:Coculture:F17:Oxa,O06,joint,21,7.05498112849
O06:Coculture:F17:Oxa,O06,joint,22,5.024368078
O06:Coculture:F17:Oxa,O06,joint,23,7.96635188522
O06:Coculture:F17:Oxa,O06,joint,24,12.9009166906
O06:Coculture:F17:Oxa,O06,joint,25,10.42215153
O06:Coculture:F17:Oxa,O06,joint,26,11.9289104522
O06:Coculture:F17:Oxa,O06,joint,27,5.88010213003
O06:Coculture:F17:Oxa,O06,joint,28,5.070668716
O06:Coculture:F17:Oxa,O06,joint,29,5.51869509604
O06:Coculture:F17:Oxa,O06,joint,30,10.4823314573
O06:Coculture:F17:Oxa,O06,joint,31,9.69706568418
O06:Coculture:F17:Oxa,O06,joint,32,10.140383925
O06:Coculture:F17:Oxa,O06,joint,33,16.1472860736
O06:Coculture:F17:Oxa,O06,joint,34,15.4341330519
O06:Coculture:F17:Oxa,O06,joint,35,15.850837491
O06:Coculture:F17:Oxa,O06,joint,36,2.02593041669
O06:Coculture:F17:Oxa,O06,joint,37,1.48681125348
O06:Coculture:F17:Oxa,O06,joint,38,2.07545396933
O06:Coculture:F17:Oxa,O06,joint,39,5.90947447018
O06:Coculture:F17:Oxa,O06,joint,40,5.46571632753
O06:Coculture:F17:Oxa,O06,joint,41,6.09266933321
O06:Coculture:F17:Oxa,O06,joint,42,12.5686219079
O06:Coculture:F17:Oxa,O06,joint,43,12.1587007469
O06:Coculture:F17:Oxa,O06,joint,44,12.7062606349
O06:Coculture:F17:Oxa,O06,joint,45,2.26941124101
O06:Coculture:F17:Oxa,O06,joint,46,2.41713397137
O06:Coculture:F17:Oxa,O06,joint,47,4.14999393663
O06:Coculture:F17:Oxa,O06,joint,48,4.88273705953
O06:Coculture:F17:Oxa,O06,joint,49,4.77155684189
O06:Coculture:F17:Oxa,O06,joint,50,6.09391883669
O06:Coculture:F17:Oxa,O06,joint,51,11.6080506704
O06:Coculture:F17:Oxa,O06,joint,52,11.1003974078
O06:Coculture:F17:Oxa,O06,joint,53,11.8358933596
O06:Coculture:F17:Oxa,O06,diagonal,0,6.01424083506
O06:Coculture:F17:Oxa,O06,diagonal,1,2.91877247037
O06:Coculture:F17:Oxa,O06,diagonal,2,4.81039691689
O06:Coculture:F17:Oxa,O06,diagonal,3,11.3705385814
O06:Coculture:F17:Oxa,O06,diagonal,4,8.39949964083
O06:Coculture:F17:Oxa,O06,diagonal,5,10.2004675421
O06:Coculture:F17:Oxa,O06,diagonal,6,17.8767986978
O06:Coculture:F17:Oxa,O06,diagonal,7,15.2367452172
O06:Coculture:F17:Oxa,O06,diagonal,8,16.7458072284
O06:Coculture:F17:Oxa,O06,diagonal,9,2.63101160148
O06:Coculture:F17:Oxa,O06,diagonal,10,0.944563353004
O06:Coculture:F17:Oxa,O06,diagonal,11,3.50092575364
O06:Coculture:F17:Oxa,O06,diagonal,12,8.19152191768
O06:Coculture:F17:Oxa,O06,diagonal,13,6.50924872262
O06:Coculture:F17:Oxa,O06,diagonal,14,8.686717584
O06:Coculture:F17:Oxa,O06,diagonal,15,15.8654826687
O06:Coculture:F17:Oxa,O06,diagonal,16,14.0946300156
O06:Coculture:F17:Oxa,O06,diagonal,17,15.5649088952
O06:Coculture:F17:Oxa,O06,diagonal,18,5.46426720753
O06:Coculture:F17:Oxa,O06,diagonal,19,4.61494644988
O06:Coculture:F17:Oxa,O06,diagonal,20,9.39427491216
O06:Coculture:F17:Oxa,O06,diagonal,21,8.9170015922
O06:Coculture:F17:Oxa,O06,diagonal,22,6.6728128169
O06:Coculture:F17:Oxa,O06,diagonal,23,9.40583420551
O06:Coculture:F17:Oxa,O06,diagonal,24,16.1187392144
O06:Coculture:F17:Oxa,O06,diagonal,25,13.5598557546
O06:Coculture:F17:Oxa,O06,diagonal,26,15.1863734761
O06:Coculture:F17:Oxa,O06,diagonal,27,7.63537914927
O06:Coculture:F17:Oxa,O06,diagonal,28,6.85060722189
O06:Coculture:F17:Oxa,O06,diagonal,29,7.32801254839
O06:Coculture:F17:Oxa,O06,diagonal,30,12.8467397423
O06:Coculture:F17:Oxa,O06,diagonal,31,12.0728726512
O06:Coculture:F17:Oxa,O06,diagonal,32,12.5457787628
O06:Coculture:F17:Oxa,O06,diagonal,33,18.9246466378
O06:Coculture:F17:Oxa,O06,diagonal,34,18.1818869026
O06:Coculture:F17:Oxa,O06,diagonal,35,18.6321288779
O06:Coculture:F17:Oxa,O06,diagonal,36,3.11738938108
O06:Coculture:F17:Oxa,O06,diagonal,37,2.63054480599
O06:Coculture:F17:Oxa,O06,diagonal,38,3.26121024349
O06:Coculture:F17:Oxa,O06,diagonal,39,8.57074926484
O06:Coculture:F17:Oxa,O06,diagonal,40,8.14913720272
O06:Coculture:F17:Oxa,O06,diagonal,41,8.78822780288
O06:Coculture:F17:Oxa,O06,diagonal,42,15.9585393098
O06:Coculture:F17:Oxa,O06,diagonal,43,15.537971011
O06:Coculture:F17:Oxa,O06,diagonal,44,16.0823382264
O06:Coculture:F17:Oxa,O06,diagonal,45,2.36444579883
O06:Coculture:F17:Oxa,O06,diagonal,46,2.51952605481
O06:Coculture:F17:Oxa,O06,diagonal,47,4.2290008278
O06:Coculture:F17:Oxa,O06,diagonal,48,7.44153154665
O06:Coculture:F17:Oxa,O06,diagonal,49,7.22920135724
O06:Coculture:F17:Oxa,O06,diagonal,50,8.42403347281
O06:Coculture:F17:Oxa,O06,diagonal,51,15.0090066221
O06:Coculture:F17:Oxa,O06,diagonal,52,14.4479594283
O06:Coculture:F17:Oxa,O06,diagonal,53,15.1312147755
O06:Coculture:F17:SN-38,O06,joint,0,6.44686906439
O06:Coculture:F17:SN-38,O06,joint,1,1.79922092456
O06:Coculture:F17:SN-38,O06,joint,2,2.06994008449
O06:Coculture:F17:SN-38,O06,joint,3,10.7450991663
O06:Coculture:F17:SN-38,O06,joint,4,6.4557237686
O06:Coculture:F17:SN-38,O06,joint,5,6.68801829582
O06:Coculture:F17:SN-38,O06,joint,6,16.1675710597
O06:Coculture:F17:SN-38,O06,joint,7,12.7730118189
O06:Coculture:F17:SN-38,O06,joint,8,12.8791255202
O06:Coculture:F17:SN-38,O06,joint,9,4.89653861886
O06:Coculture:F17:SN-38,O06,joint,10,-0.132961587796
O06:Coculture:F17:SN-38,O06,joint,11,-0.8792377318
O06:Coculture:F17:SN-38,O06,joint,12,8.88406801259
O06:Coculture:F17:SN-38,O06,joint,13,4.3730136994
O06:Coculture:F17:SN-38,O06,joint,14,3.69131186224
O06:Coculture:F17:SN-38,O06,joint,15,15.0180667455
O06:Coculture:F17:SN-38,O06,joint,16,11.5133626266
O06:Coculture:F17:SN-38,O06,joint,17,11.0354554872
O06:Coculture:F17:SN-38,O06,joint,18,12.6776751894
O06:Coculture:F17:SN-38,O06,joint,19,4.46045428576
O06:Coculture:F17:SN-38,O06,joint,20,1.98294656107
O06:Coculture:F17:SN-38,O06,joint,21,13.6771258452
O06:Coculture:F17:SN-38,O06,joint,22,7.04734244535
O06:Coculture:F17:SN-38,O06,joint,23,5.38509361395
O06:Coculture:F17:SN-38,O06,joint,24,17.3517243885
O06:Coculture:F17:SN-38,O06,joint,25,12.4453999614
O06:Coculture:F17:SN-38,O06,joint,26,11.4959198899
O06:Coculture:F17:SN-38,O06,joint,27,6.61509523208
O06:Coculture:F17:SN-38,O06,joint,28,5.42632401232
O06:Coculture:F17:SN-38,O06,joint,29,5.49586386271
O06:Coculture:F17:SN-38,O06,joint,30,10.9984411863
O06:Coculture:F17:SN-38,O06,joint,31,9.83652915138
O06:Coculture:F17:SN-38,O06,joint,32,9.90420894136
O06:Coculture:F17:SN-38,O06,joint,33,16.6283067476
O06:Coculture:F17:SN-38,O06,joint,34,15.5559628981
O06:Coculture:F17:SN-38,O06,joint,35,15.6140365299
O06:Coculture:F17:SN-38,O06,joint,36,1.94448404217
O06:Coculture:F17:SN-38,O06,joint,37,0.64394523367
O06:Coculture:F17:SN-38,O06,joint,38,0.471035357912
O06:Coculture:F17:SN-38,O06,joint,39,6.63110466409
O06:Coculture:F17:SN-38,O06,joint,40,5.37372961243
O06:Coculture:F17:SN-38,O06,joint,41,5.18716057643
O06:Coculture:F17:SN-38,O06,joint,42,13.427618762
O06:Coculture:F17:SN-38,O06,joint,43,12.2998551837
O06:Coculture:F17:SN-38,O06,joint,44,12.1294297244
O06:Coculture:F17:SN-38,O06,joint,45,2.40935488501
O06:Coculture:F17:SN-38,O06,joint,46,0.0899404355153
O06:Coculture:F17:SN-38,O06,joint,47,-0.643885701245
O06:Coculture:F17:SN-38,O06,joint,48,6.39389421119
O06:Coculture:F17:SN-38,O06,joint,49,4.33958898528
O06:Coculture:F17:SN-38,O06,joint,50,3.72021205411
O06:Coculture:F17:SN-38,O06,joint,51,13.2569790534
O06:Coculture:F17:SN-38,O06,joint,52,11.5995332035
O06:Coculture:F17:SN-38,O06,joint,53,11.1839709956
O06:Coculture:F17:SN-38,O06,diagonal,0,8.13709010225
O06:Coculture:F17:SN-38,O06,diagonal,1,3.47908520431
O06:Coculture:F17:SN-38,O06,diagonal,2,3.81002660086
O06:Coculture:F17:SN-38,O06,diagonal,3,13.42357544
O06:Coculture:F17:SN-38,O06,diagonal,4,9.00174707642
O06:Coculture:F17:SN-38,O06,diagonal,5,9.35320077966
O06:Coculture:F17:SN-38,O06,diagonal,6,19.5505068352
O06:Coculture:F17:SN-38,O06,diagonal,7,15.8020264744
O06:Coculture:F17:SN-38,O06,diagonal,8,16.2103335534
O06:Coculture:F17:SN-38,O06,diagonal,9,6.21665483743
O06:Coculture:F17:SN-38,O06,diagonal,10,1.22720442241
O06:Coculture:F17:SN-38,O06,diagonal,11,0.475629731265
O06:Coculture:F17:SN-38,O06,diagonal,12,11.6554256449
O06:Coculture:F17:SN-38,O06,diagonal,13,7.26585697085
O06:Coculture:F17:SN-38,O06,diagonal,14,6.73272750777
O06:Coculture:F17:SN-38,O06,diagonal,15,18.2148617294
O06:Coculture:F17:SN-38,O06,diagonal,16,14.8631424916
O06:Coculture:F17:SN-38,O06,diagonal,17,14.7533134354
O06:Coculture:F17:SN-38,O06,diagonal,18,12.2950877065
O06:Coculture:F17:SN-38,O06,diagonal,19,4.66809830023
O06:Coculture:F17:SN-38,O06,diagonal,20,2.6624766354
O06:Coculture:F17:SN-38,O06,diagonal,21,14.725825044
O06:Coculture:F17:SN-38,O06,diagonal,22,8.95772185301
O06:Coculture:F17:SN-38,O06,diagonal,23,8.16444269561
O06:Coculture:F17:SN-38,O06,diagonal,24,19.1149945652
O06:Coculture:F17:SN-38,O06,diagonal,25,15.1166462047
O06:Coculture:F17:SN-38,O06,diagonal,26,15.3121780308
O06:Coculture:F17:SN-38,O06,diagonal,27,8.22125075601
O06:Coculture:F17:SN-38,O06,diagonal,28,7.03955787072
O06:Coculture:F17:SN-38,O06,diagonal,29,7.12070233845
O06:Coculture:F17:SN-38,O06,diagonal,30,13.360450898
O06:Coculture:F17:SN-38,O06,diagonal,31,12.1959496735
O06:Coculture:F17:SN-38,O06,diagonal,32,12.2786850227
O06:Coculture:F17:SN-38,O06,diagonal,33,19.4351534504
O06:Coculture:F17:SN-38,O06,diagonal,34,18.3296963595
O06:Coculture:F17:SN-38,O06,diagonal,35,18.4175597853
O06:Coculture:F17:SN-38,O06,diagonal,36,3.57601718607
O06:Coculture:F17:SN-38,O06,diagonal,37,2.27507032991
O06:Coculture:F17:SN-38,O06,diagonal,38,2.09028085922
O06:Coculture:F17:SN-38,O06,diagonal,39,9.4805978718
O06:Coculture:F17:SN-38,O06,diagonal,40,8.23323526804
O06:Coculture:F17:SN-38,O06,diagonal,41,8.04534159525
O06:Coculture:F17:SN-38,O06,diagonal,42,16.8482096266
O06:Coculture:F17:SN-38,O06,diagonal,43,15.7508174581
O06:Coculture:F17:SN-38,O06,diagonal,44,15.6175350923
O06:Coculture:F17:SN-38,O06,diagonal,45,3.46550031109
O06:Coculture:F17:SN-38,O06,diagonal,46,1.18618385589
O06:Coculture:F17:SN-38,O06,diagonal,47,0.459101689736
O06:Coculture:F17:SN-38,O06,diagonal,48,9.17327405085
O06:Coculture:F17:SN-38,O06,diagonal,49,7.26652669928
O06:Coculture:F17:SN-38,O06,diagonal,50,6.76512128307
O06:Coculture:F17:SN-38,O06,diagonal,51,16.4840041822
O06:Coculture:F17:SN-38,O06,diagonal,52,15.0419783844
O06:Coculture:F17:SN-38,O06,diagonal,53,14.843658595
O06:Monoculture::5-FU,O06,joint,0,1.43651738602
O06:Monoculture::5-FU,O06,joint,1,2.2684981251
O06:Monoculture::5-FU,O06,joint,2,8.01481491979
O06:Monoculture::5-FU,O06,joint,3,5.92303495292
O06:Monoculture::5-FU,O06,joint,4,6.60190300129
O06:Monoculture::5-FU,O06,joint,5,11.8002008929
O06:Monoculture::5-FU,O06,joint,6,12.2966644121
O06:Monoculture::5-FU,O06,joint,7,12.6521816226
O06:Monoculture::5-FU,O06,joint,8,16.523244569
O06:Monoculture::5-FU,O06,joint,9,-1.05624243576
O06:Monoculture::5-FU,O06,joint,10,0.394382570759
O06:Monoculture::5-FU,O06,joint,11,6.12785217064
O06:Monoculture::5-FU,O06,joint,12,3.29683077457
O06:Monoculture::5-FU,O06,joint,13,4.00461479247
O06:Monoculture::5-FU,O06,joint,14,8.54232300625
O06:Monoculture::5-FU,O06,joint,15,10.5707653958
O06:Monoculture::5-FU,O06,joint,16,10.7283144757
O06:Monoculture::5-FU,O06,joint,17,13.9298399345
O06:Monoculture::5-FU,O06,joint,18,0.343955641091
O06:Monoculture::5-FU,O06,joint,19,2.22126528461
O06:Monoculture::5-FU,O06,joint,20,9.83274377793
O06:Monoculture::5-FU,O06,joint,21,2.95746454525
O06:Monoculture::5-FU,O06,joint,22,3.30639952821
O06:Monoculture::5-FU,O06,joint,23,8.62793136887
O06:Monoculture::5-FU,O06,joint,24,10.1336966272
O06:Monoculture::5-FU,O06,joint,25,9.91266883434
O06:Monoculture::5-FU,O06,joint,26,13.6771651244
O06:Monoculture::5-FU,O06,joint,27,5.59719863748
O06:Monoculture::5-FU,O06,joint,28,5.81731748966
O06:Monoculture::5-FU,O06,joint,29,7.29489613592
O06:Monoculture::5-FU,O06,joint,30,9.76868504634
O06:Monoculture::5-FU,O06,joint,31,9.97668023111
O06:Monoculture::5-FU,O06,joint,32,11.4132594298
O06:Monoculture::5-FU,O06,joint,33,15.4393696354
O06:Monoculture::5-FU,O06,joint,34,15.6090866475
O06:Monoculture::5-FU,O06,joint,35,16.9086611204
O06:Monoculture::5-FU,O06,joint,36,0.372377299693
O06:Monoculture::5-FU,O06,joint,37,0.921969180839
O06:Monoculture::5-FU,O06,joint,38,2.59932294104
O06:Monoculture::5-FU,O06,joint,39,5.15149040557
O06:Monoculture::5-FU,O06,joint,40,5.5141466572
O06:Monoculture::5-FU,O06,joint,41,6.94751405717
O06:Monoculture::5-FU,O06,joint,42,12.0309820374
O06:Monoculture::5-FU,O06,joint,43,12.2079280419
O06:Monoculture::5-FU,O06,joint,44,13.3423550954
O06:Monoculture::5-FU,O06,joint,45,-0.21138736531
O06:Monoculture::5-FU,O06,joint,46,0.795045812693
O06:Monoculture::5-FU,O06,joint,47,3.38661622559
O06:Monoculture::5-FU,O06,joint,48,3.31303828197
O06:Monoculture::5-FU,O06,joint,49,3.78236569285
O06:Monoculture::5-FU,O06,joint,50,5.68523531618
O06:Monoculture::5-FU,O06,joint,51,10.5836715246
O06:Monoculture::5-FU,O06,joint,52,10.6709052704
O06:Monoculture::5-FU,O06,joint,53,12.0012882305
O06:Monoculture::5-FU,O06,diagonal,0,2.97697997915
O06:Monoculture::5-FU,O06,diagonal,1,3.8615969004
O06:Monoculture::5-FU,O06,diagonal,2,9.73330663284
O06:Monoculture::5-FU,O06,diagonal,3,8.45533094533
O06:Monoculture::5-FU,O06,diagonal,4,9.24651867768
O06:Monoculture::5-FU,O06,diagonal,5,14.8097132519
O06:Monoculture::5-FU,O06,diagonal,6,15.3565517114
O06:Monoculture::5-FU,O06,diagonal,7,15.9816816213
O06:Monoculture::5-FU,O06,diagonal,8,20.755927023
O06:Monoculture::5-FU,O06,diagonal,9,0.272215280725
O06:Monoculture::5-FU,O06,diagonal,10,1.57020206723
O06:Monoculture::5-FU,O06,diagonal,11,7.11099950285
O06:Monoculture::5-FU,O06,diagonal,12,6.20230315001
O06:Monoculture::5-FU,O06,diagonal,13,7.00214196323
O06:Monoculture::5-FU,O06,diagonal,14,11.6617228329
O06:Monoculture::5-FU,O06,diagonal,15,14.0841642854
O06:Monoculture::5-FU,O06,diagonal,16,14.5573895986
O06:Monoculture::5-FU,O06,diagonal,17,18.2717464445
O06:Monoculture::5-FU,O06,diagonal,18,1.10108172074
O06:Monoculture::5-FU,O06,diagonal,19,2.92425323899
O06:Monoculture::5-FU,O06,diagonal,20,10.3760739772
O06:Monoculture::5-FU,O06,diagonal,21,5.9618107344
O06:Monoculture::5-FU,O06,diagonal,22,6.74526721103
O06:Monoculture::5-FU,O06,diagonal,23,12.5059338516
O06:Monoculture::5-FU,O06,diagonal,24,13.6394422411
O06:Monoculture::5-FU,O06,diagonal,25,14.185023808
O06:Monoculture::5-FU,O06,diagonal,26,18.9160065564
O06:Monoculture::5-FU,O06,diagonal,27,7.0488351194
O06:Monoculture::5-FU,O06,diagonal,28,7.27856058062
O06:Monoculture::5-FU,O06,diagonal,29,8.77046329572
O06:Monoculture::5-FU,O06,diagonal,30,12.0874245284
O06:Monoculture::5-FU,O06,diagonal,31,12.3085787587
O06:Monoculture::5-FU,O06,diagonal,32,13.7765061918
O06:Monoculture::5-FU,O06,diagonal,33,18.1958447287
O06:Monoculture::5-FU,O06,diagonal,34,18.3936416618
O06:Monoculture::5-FU,O06,diagonal,35,19.7844403054
O06:Monoculture::5-FU,O06,diagonal,36,2.04875414402
O06:Monoculture::5-FU,O06,diagonal,37,2.54045118383
O06:Monoculture::5-FU,O06,diagonal,38,4.14965823625
O06:Monoculture::5-FU,O06,diagonal,39,7.98105018465
O06:Monoculture::5-FU,O06,diagonal,40,8.30554688128
O06:Monoculture::5-FU,O06,diagonal,41,9.69074624018
O06:Monoculture::5-FU,O06,diagonal,42,15.4612346179
O06:Monoculture::5-FU,O06,diagonal,43,15.6611943212
O06:Monoculture::5-FU,O06,diagonal,44,16.8260895386
O06:Monoculture::5-FU,O06,diagonal,45,0.652134325841
O06:Monoculture::5-FU,O06,diagonal,46,1.54266424773
O06:Monoculture::5-FU,O06,diagonal,47,3.98758868663
O06:Monoculture::5-FU,O06,diagonal,48,6.35073517495
O06:Monoculture::5-FU,O06,diagonal,49,6.80652805452
O06:Monoculture::5-FU,O06,diagonal,50,8.66948323906
O06:Monoculture::5-FU,O06,diagonal,51,14.2702089077
O06:Monoculture::5-FU,O06,diagonal,52,14.4660730268
O06:Monoculture::5-FU,O06,diagonal,53,15.906239687
O06:Monoculture::Oxa,O06,joint,0,9.0253991231
O06:Monoculture::Oxa,O06,joint,1,9.3178023467
O06:Monoculture::Oxa,O06,joint,2,14.5245416259
O06:Monoculture::Oxa,O06,joint,3,7.92346207593
O06:Monoculture::Oxa,O06,joint,4,8.20460372373
O06:Monoculture::Oxa,O06,joint,5,13.0051752148
O06:Monoculture::Oxa,O06,joint,6,12.8460922511
O06:Monoculture::Oxa,O06,joint,7,13.0538181797
O06:Monoculture::Oxa,O06,joint,8,16.7770898442
O06:Monoculture::Oxa,O06,joint,9,6.71807856452
O06:Monoculture::Oxa,O06,joint,10,7.32901320611
O06:Monoculture::Oxa,O06,joint,11,12.2227924411
O06:Monoculture::Oxa,O06,joint,12,5.50694700037
O06:Monoculture::Oxa,O06,joint,13,6.26584176224
O06:Monoculture::Oxa,O06,joint,14,10.85466072
O06:Monoculture::Oxa,O06,joint,15,11.2155183324
O06:Monoculture::Oxa,O06,joint,16,11.5954142203
O06:Monoculture::Oxa,O06,joint,17,15.0192864872
O06:Monoculture::Oxa,O06,joint,18,11.7961138265
O06:Monoculture::Oxa,O06,joint,19,14.6220365696
O06:Monoculture::Oxa,O06,joint,20,23.1821281626
O06:Monoculture::Oxa,O06,joint,21,6.18166285314
O06:Monoculture::Oxa,O06,joint,22,7.30772581712
O06:Monoculture::Oxa,O06,joint,23,13.4063856388
O06:Monoculture::Oxa,O06,joint,24,10.8850612704
O06:Monoculture::Oxa,O06,joint,25,11.0807899889
O06:Monoculture::Oxa,O06,joint,26,15.2620427904
O06:Monoculture::Oxa,O06,joint,27,13.0507996871
O06:Monoculture::Oxa,O06,joint,28,13.1238338003
O06:Monoculture::Oxa,O06,joint,29,14.4543277075
O06:Monoculture::Oxa,O06,joint,30,11.6659054806
O06:Monoculture::Oxa,O06,joint,31,11.7390062865
O06:Monoculture::Oxa,O06,joint,32,13.0406911063
O06:Monoculture::Oxa,O06,joint,33,15.9394764162
O06:Monoculture::Oxa,O06,joint,34,16.0097618281
O06:Monoculture::Oxa,O06,joint,35,17.2099047009
O06:Monoculture::Oxa,O06,joint,36,7.81930781707
O06:Monoculture::Oxa,O06,joint,37,7.84832907552
O06:Monoculture::Oxa,O06,joint,38,9.00511221302
O06:Monoculture::Oxa,O06,joint,39,7.09507065564
O06:Monoculture::Oxa,O06,joint,40,7.24780431604
O06:Monoculture::Oxa,O06,joint,41,8.47124912478
O06:Monoculture::Oxa,O06,joint,42,12.5835110939
O06:Monoculture::Oxa,O06,joint,43,12.7732347844
O06:Monoculture::Oxa,O06,joint,44,13.9204395238
O06:Monoculture::Oxa,O06,joint,45,9.14131457651
O06:Monoculture::Oxa,O06,joint,46,10.0221037846
O06:Monoculture::Oxa,O06,joint,47,12.4880302275
O06:Monoculture::Oxa,O06,joint,48,6.17607782832
O06:Monoculture::Oxa,O06,joint,49,6.88255851411
O06:Monoculture::Oxa,O06,joint,50,9.02258141234
O06:Monoculture::Oxa,O06,joint,51,11.3897211016
O06:Monoculture::Oxa,O06,joint,52,11.6712368426
O06:Monoculture::Oxa,O06,joint,53,13.195901798
O06:Monoculture::Oxa,O06,diagonal,0,7.11259400218
O06:Monoculture::Oxa,O06,diagonal,1,7.17411817625
O06:Monoculture::Oxa,O06,diagonal,2,12.2227351615
O06:Monoculture::Oxa,O06,diagonal,3,9.68811838606
O06:Monoculture::Oxa,O06,diagonal,4,9.77268446497
O06:Monoculture::Oxa,O06,diagonal,5,14.6292573857
O06:Monoculture::Oxa,O06,diagonal,6,15.8234142147
O06:Monoculture::Oxa,O06,diagonal,7,15.901338738
O06:Monoculture::Oxa,O06,diagonal,8,20.1283787531
O06:Monoculture::Oxa,O06,diagonal,9,4.47316287221
O06:Monoculture::Oxa,O06,diagonal,10,5.06933960722
O06:Monoculture::Oxa,O06,diagonal,11,9.90832699135
O06:Monoculture::Oxa,O06,diagonal,12,7.38922866782
O06:Monoculture::Oxa,O06,diagonal,13,8.01293611067
O06:Monoculture::Oxa,O06,diagonal,14,12.49638561
O06:Monoculture::Oxa,O06,diagonal,15,14.4415561078
O06:Monoculture::Oxa,O06,diagonal,16,14.7372533176
O06:Monoculture::Oxa,O06,diagonal,17,18.2740820601
O06:Monoculture::Oxa,O06,diagonal,18,6.43742897937
O06:Monoculture::Oxa,O06,diagonal,19,8.6283361659
O06:Monoculture::Oxa,O06,diagonal,20,16.4478925724
O06:Monoculture::Oxa,O06,diagonal,21,7.14171503014
O06:Monoculture::Oxa,O06,diagonal,22,7.9556375884
O06:Monoculture::Oxa,O06,diagonal,23,13.7467703106
O06:Monoculture::Oxa,O06,diagonal,24,13.9619590009
O06:Monoculture::Oxa,O06,diagonal,25,14.1490568844
O06:Monoculture::Oxa,O06,diagonal,26,18.5215559493
O06:Monoculture::Oxa,O06,diagonal,27,10.9577420668
O06:Monoculture::Oxa,O06,diagonal,28,10.9698492813
O06:Monoculture::Oxa,O06,diagonal,29,12.2441337497
O06:Monoculture::Oxa,O06,diagonal,30,13.1213280341
O06:Monoculture::Oxa,O06,diagonal,31,13.1367090776
O06:Monoculture::Oxa,O06,diagonal,32,14.398863324
O06:Monoculture::Oxa,O06,diagonal,33,18.5040415889
O06:Monoculture::Oxa,O06,diagonal,34,18.5251831087
O06:Monoculture::Oxa,O06,diagonal,35,19.7393263388
O06:Monoculture::Oxa,O06,diagonal,36,5.98102663828
O06:Monoculture::Oxa,O06,diagonal,37,6.0117194547
O06:Monoculture::Oxa,O06,diagonal,38,7.15992228372
O06:Monoculture::Oxa,O06,diagonal,39,9.03128708252
O06:Monoculture::Oxa,O06,diagonal,40,9.18033126627
O06:Monoculture::Oxa,O06,diagonal,41,10.3900781123
O06:Monoculture::Oxa,O06,diagonal,42,15.7579659973
O06:Monoculture::Oxa,O06,diagonal,43,15.913892858
O06:Monoculture::Oxa,O06,diagonal,44,17.0347552329
O06:Monoculture::Oxa,O06,diagonal,45,5.55619629563
O06:Monoculture::Oxa,O06,diagonal,46,6.39331434634
O06:Monoculture::Oxa,O06,diagonal,47,8.78482691407
O06:Monoculture::Oxa,O06,diagonal,48,7.68482198961
O06:Monoculture::Oxa,O06,diagonal,49,8.23254878624
O06:Monoculture::Oxa,O06,diagonal,50,10.1874378879
O06:Monoculture::Oxa,O06,diagonal,51,14.5651849816
O06:Monoculture::Oxa,O06,diagonal,52,14.7686656212
O06:Monoculture::Oxa,O06,diagonal,53,16.2164488017
O07:Coculture:F07:5-FU,O07,joint,0,2.51662785902
O07:Coculture:F07:5-FU,O07,joint,1,0.483826498151
O07:Coculture:F07:5-FU,O07,joint,2,3.36536119288
O07:Coculture:F07:5-FU,O07,joint,3,7.72987899695
O07:Coculture:F07:5-FU,O07,joint,4,5.73744864173
O07:Coculture:F07:5-FU,O07,joint,5,8.26444812977
O07:Coculture:F07:5-FU,O07,joint,6,14.0886276729
O07:Coculture:F07:5-FU,O07,joint,7,12.2778497757
O07:Coculture:F07:5-FU,O07,joint,8,13.9826176144
O07:Coculture:F07:5-FU,O07,joint,9,-1.1069676614
O07:Coculture:F07:5-FU,O07,joint,10,-2.2553259773
O07:Coculture:F07:5-FU,O07,joint,11,0.879160300165
O07:Coculture:F07:5-FU,O07,joint,12,5.24364634609
O07:Coculture:F07:5-FU,O07,joint,13,3.65466869559
O07:Coculture:F07:5-FU,O07,joint,14,5.89561524097
O07:Coculture:F07:5-FU,O07,joint,15,12.8712599911
O07:Coculture:F07:5-FU,O07,joint,16,11.0004227203
O07:Coculture:F07:5-FU,O07,joint,17,12.1735618285
O07:Coculture:F07:5-FU,O07,joint,18,7.51129405226
O07:Coculture:F07:5-FU,O07,joint,19,6.54650259018
O07:Coculture:F07:5-FU,O07,joint,20,11.3158799779
O07:Coculture:F07:5-FU,O07,joint,21,9.73581281069
O07:Coculture:F07:5-FU,O07,joint,22,6.70009660555
O07:Coculture:F07:5-FU,O07,joint,23,8.6369772581
O07:Coculture:F07:5-FU,O07,joint,24,14.7260282934
O07:Coculture:F07:5-FU,O07,joint,25,11.4200961029
O07:Coculture:F07:5-FU,O07,joint,26,12.0996879954
O07:Coculture:F07:5-FU,O07,joint,27,5.0823499936
O07:Coculture:F07:5-FU,O07,joint,28,4.57241679107
O07:Coculture:F07:5-FU,O07,joint,29,5.31994338263
O07:Coculture:F07:5-FU,O07,joint,30,10.0387126646
O07:Coculture:F07:5-FU,O07,joint,31,9.53051232437
O07:Coculture:F07:5-FU,O07,joint,32,10.2508959981
O07:Coculture:F07:5-FU,O07,joint,33,15.8910806464
O07:Coculture:F07:5-FU,O07,joint,34,15.3929730576
O07:Coculture:F07:5-FU,O07,joint,35,16.0247229296
O07:Coculture:F07:5-FU,O07,joint,36,-0.912309894532
O07:Coculture:F07:5-FU,O07,joint,37,-1.10621729074
O07:Coculture:F07:5-FU,O07,joint,38,-0.17236280789
O07:Coculture:F07:5-FU,O07,joint,39,5.13880909916
O07:Coculture:F07:5-FU,O07,joint,40,4.85171952019
O07:Coculture:F07:5-FU,O07,joint,41,5.63534108955
O07:Coculture:F07:5-FU,O07,joint,42,12.5176859303
O07:Coculture:F07:5-FU,O07,joint,43,12.1204415177
O07:Coculture:F07:5-FU,O07,joint,44,12.680678154
O07:Coculture:F07:5-FU,O07,joint,45,-0.740975780566
O07:Coculture:F07:5-FU,O07,joint,46,-0.353140392249
O07:Coculture:F07:5-FU,O07,joint,47,1.61983223096
O07:Coculture:F07:5-FU,O07,joint,48,5.10487288476
O07:Coculture:F07:5-FU,O07,joint,49,4.86367501924
O07:Coculture:F07:5-FU,O07,joint,50,6.05601936617
O07:Coculture:F07:5-FU,O07,joint,51,12.278258591
O07:Coculture:F07:5-FU,O07,joint,52,11.5193295397
O07:Coculture:F07:5-FU,O07,joint,53,12.0035497028
O07:Coculture:F07:5-FU,O07,diagonal,0,4.56920383772
O07:Coculture:F07:5-FU,O07,diagonal,1,2.60001822043
O07:Coculture:F07:5-FU,O07,diagonal,2,5.61792541433
O07:Coculture:F07:5-FU,O07,diagonal,3,10.3821734575
O07:Coculture:F07:5-FU,O07,diagonal,4,8.47853775336
O07:Coculture:F07:5-FU,O07,diagonal,5,11.3469088911
O07:Coculture:F07:5-FU,O07,diagonal,6,17.1501536389
O07:Coculture:F07:5-FU,O07,diagonal,7,15.4826044573
O07:Coculture:F07:5-FU,O07,diagonal,8,17.9641707675
O07:Coculture:F07:5-FU,O07,diagonal,9,1.54015928861
O07:Coculture:F07:5-FU,O07,diagonal,10,0.448123593653
O07:Coculture:F07:5-FU,O07,diagonal,11,3.5988985478
O07:Coculture:F07:5-FU,O07,diagonal,12,8.49134761551
O07:Coculture:F07:5-FU,O07,diagonal,13,7.139918882
O07:Coculture:F07:5-FU,O07,diagonal,14,9.64823220495
O07:Coculture:F07:5-FU,O07,diagonal,15,16.1674487154
O07:Coculture:F07:5-FU,O07,diagonal,16,14.7888274609
O07:Coculture:F07:5-FU,O07,diagonal,17,16.6513377392
O07:Coculture:F07:5-FU,O07,diagonal,18,10.0794612679
O07:Coculture:F07:5-FU,O07,diagonal,19,9.1658171638
O07:Coculture:F07:5-FU,O07,diagonal,20,13.8808222796
O07:Coculture:F07:5-FU,O07,diagonal,21,12.5606731612
O07:Coculture:F07:5-FU,O07,diagonal,22,10.4387967485
O07:Coculture:F07:5-FU,O07,diagonal,23,13.2941304998
O07:Coculture:F07:5-FU,O07,diagonal,24,17.1998178303
O07:Coculture:F07:5-FU,O07,diagonal,25,15.3700579717
O07:Coculture:F07:5-FU,O07,diagonal,26,17.7256992944
O07:Coculture:F07:5-FU,O07,diagonal,27,7.05837004459
O07:Coculture:F07:5-FU,O07,diagonal,28,6.56230667162
O07:Coculture:F07:5-FU,O07,diagonal,29,7.32842055254
O07:Coculture:F07:5-FU,O07,diagonal,30,12.485480493
O07:Coculture:F07:5-FU,O07,diagonal,31,11.9931840887
O07:Coculture:F07:5-FU,O07,diagonal,32,12.7476608872
O07:Coculture:F07:5-FU,O07,diagonal,33,18.6775553568
O07:Coculture:F07:5-FU,O07,diagonal,34,18.2016464308
O07:Coculture:F07:5-FU,O07,diagonal,35,18.9187392152
O07:Coculture:F07:5-FU,O07,diagonal,36,1.56139521373
O07:Coculture:F07:5-FU,O07,diagonal,37,1.3665722289
O07:Coculture:F07:5-FU,O07,diagonal,38,2.28925925667
O07:Coculture:F07:5-FU,O07,diagonal,39,8.29803618662
O07:Coculture:F07:5-FU,O07,diagonal,40,8.02502726288
O07:Coculture:F07:5-FU,O07,diagonal,41,8.81272100142
O07:Coculture:F07:5-FU,O07,diagonal,42,16.0334957343
O07:Coculture:F07:5-FU,O07,diagonal,43,15.6956385509
O07:Coculture:F07:5-FU,O07,diagonal,44,16.3227168816
O07:Coculture:F07:5-FU,O07,diagonal,45,2.1447825522
O07:Coculture:F07:5-FU,O07,diagonal,46,2.46677748663
O07:Coculture:F07:5-FU,O07,diagonal,47,4.34316693806
O07:Coculture:F07:5-FU,O07,diagonal,48,8.59533006174
O07:Coculture:F07:5-FU,O07,diagonal,49,8.36691903572
O07:Coculture:F07:5-FU,O07,diagonal,50,9.54567031468
O07:Coculture:F07:5-FU,O07,diagonal,51,15.9199245144
O07:Coculture:F07:5-FU,O07,diagonal,52,15.3894554112
O07:Coculture:F07:5-FU,O07,diagonal,53,16.103288849
O07:Coculture:F07:Oxa,O07,joint,0,13.5295083605
O07:Coculture:F07:Oxa,O07,joint,1,9.25687723403
O07:Coculture:F07:Oxa,O07,joint,2,9.89858216315
O07:Coculture:F07:Oxa,O07,joint,3,11.8202524803
O07:Coculture:F07:Oxa,O07,joint,4,7.90885860114
O07:Coculture:F07:Oxa,O07,joint,5,8.51689456524
O07:Coculture:F07:Oxa,O07,joint,6,15.8340473961
O07:Coculture:F07:Oxa,O07,joint,7,12.7751643955
O07:Coculture:F07:Oxa,O07,joint,8,13.231827131
O07:Coculture:F07:Oxa,O07,joint,9,9.03168462136
O07:Coculture:F07:Oxa,O07,joint,10,6.13760027296
O07:Coculture:F07:Oxa,O07,joint,11,7.52636051792
O07:Coculture:F07:Oxa,O07,joint,12,7.7875794369
O07:Coculture:F07:Oxa,O07,joint,13,5.16818388967
O07:Coculture:F07:Oxa,O07,joint,14,6.37871253831
O07:Coculture:F07:Oxa,O07,joint,15,13.483301704
O07:Coculture:F07:Oxa,O07,joint,16,11.0936629726
O07:Coculture:F07:Oxa,O07,joint,17,11.7480006202
O07:Coculture:F07:Oxa,O07,joint,18,12.3771415256
O07:Coculture:F07:Oxa,O07,joint,19,10.2949840527
O07:Coculture:F07:Oxa,O07,joint,20,13.9469954295
O07:Coculture:F07:Oxa,O07,joint,21,9.18992496984
O07:Coculture:F07:Oxa,O07,joint,22,5.90349704959
O07:Coculture:F07:Oxa,O07,joint,23,7.58966598704
O07:Coculture:F07:Oxa,O07,joint,24,14.2008341532
O07:Coculture:F07:Oxa,O07,joint,25,10.7938690162
O07:Coculture:F07:Oxa,O07,joint,26,11.3724279622
O07:Coculture:F07:Oxa,O07,joint,27,14.4200446757
O07:Coculture:F07:Oxa,O07,joint,28,13.3237260057
O07:Coculture:F07:Oxa,O07,joint,29,13.4848671298
O07:Coculture:F07:Oxa,O07,joint,30,12.79193279
O07:Coculture:F07:Oxa,O07,joint,31,11.7237750083
O07:Coculture:F07:Oxa,O07,joint,32,11.8842012406
O07:Coculture:F07:Oxa,O07,joint,33,16.9136740173
O07:Coculture:F07:Oxa,O07,joint,34,15.9358255475
O07:Coculture:F07:Oxa,O07,joint,35,16.0878345385
O07:Coculture:F07:Oxa,O07,joint,36,8.80974777682
O07:Coculture:F07:Oxa,O07,joint,37,7.99400859147
O07:Coculture:F07:Oxa,O07,joint,38,8.30603128518
O07:Coculture:F07:Oxa,O07,joint,39,7.67347216985
O07:Coculture:F07:Oxa,O07,joint,40,6.94995108275
O07:Coculture:F07:Oxa,O07,joint,41,7.29714114399
O07:Coculture:F07:Oxa,O07,joint,42,13.153669203
O07:Coculture:F07:Oxa,O07,joint,43,12.4988203162
O07:Coculture:F07:Oxa,O07,joint,44,12.8014524784
O07:Coculture:F07:Oxa,O07,joint,45,8.01122280456
O07:Coculture:F07:Oxa,O07,joint,46,7.66623588316
O07:Coculture:F07:Oxa,O07,joint,47,8.90638619665
O07:Coculture:F07:Oxa,O07,joint,48,6.32133475309
O07:Coculture:F07:Oxa,O07,joint,49,5.80079538486
O07:Coculture:F07:Oxa,O07,joint,50,6.71379822908
O07:Coculture:F07:Oxa,O07,joint,51,12.1417866308
O07:Coculture:F07:Oxa,O07,joint,52,11.3201796507
O07:Coculture:F07:Oxa,O07,joint,53,11.7417218851
O07:Coculture:F07:Oxa,O07,diagonal,0,11.2045101584
O07:Coculture:F07:Oxa,O07,diagonal,1,7.42025746029
O07:Coculture:F07:Oxa,O07,diagonal,2,8.62309757343
O07:Coculture:F07:Oxa,O07,diagonal,3,13.1198980488
O07:Coculture:F07:Oxa,O07,diagonal,4,9.4864934932
O07:Coculture:F07:Oxa,O07,diagonal,5,10.6250957795
O07:Coculture:F07:Oxa,O07,diagonal,6,18.7663486247
O07:Coculture:F07:Oxa,O07,diagonal,7,15.5612208882
O07:Coculture:F07:Oxa,O07,diagonal,8,16.5052086435
O07:Coculture:F07:Oxa,O07,diagonal,9,6.79933320275
O07:Coculture:F07:Oxa,O07,diagonal,10,4.43231973287
O07:Coculture:F07:Oxa,O07,diagonal,11,6.30811691211
O07:Coculture:F07:Oxa,O07,diagonal,12,9.6750331723
O07:Coculture:F07:Oxa,O07,diagonal,13,7.39206354344
O07:Coculture:F07:Oxa,O07,diagonal,14,8.96883597104
O07:Coculture:F07:Oxa,O07,diagonal,15,16.6121786177
O07:Coculture:F07:Oxa,O07,diagonal,16,14.3665541289
O07:Coculture:F07:Oxa,O07,diagonal,17,15.3620611729
O07:Coculture:F07:Oxa,O07,diagonal,18,9.84796924916
O07:Coculture:F07:Oxa,O07,diagonal,19,8.07708255664
O07:Coculture:F07:Oxa,O07,diagonal,20,11.934845084
O07:Coculture:F07:Oxa,O07,diagonal,21,10.6224972899
O07:Coculture:F07:Oxa,O07,diagonal,22,7.60215277649
O07:Coculture:F07:Oxa,O07,diagonal,23,9.55901842699
O07:Coculture:F07:Oxa,O07,diagonal,24,17.0161767488
O07:Coculture:F07:Oxa,O07,diagonal,25,13.8727059621
O07:Coculture:F07:Oxa,O07,diagonal,26,14.9146363567
O07:Coculture:F07:Oxa,O07,diagonal,27,12.5224673827
O07:Coculture:F07:Oxa,O07,diagonal,28,11.5647531853
O07:Coculture:F07:Oxa,O07,diagonal,29,11.8692162418
O07:Coculture:F07:Oxa,O07,diagonal,30,14.1443070732
O07:Coculture:F07:Oxa,O07,diagonal,31,13.1982438987
O07:Coculture:F07:Oxa,O07,diagonal,32,13.4989539269
O07:Coculture:F07:Oxa,O07,diagonal,33,19.3619865046
O07:Coculture:F07:Oxa,O07,diagonal,34,18.4536353657
O07:Coculture:F07:Oxa,O07,diagonal,35,18.7382859373
O07:Coculture:F07:Oxa,O07,diagonal,36,6.94099805182
O07:Coculture:F07:Oxa,O07,diagonal,37,6.28557610927
O07:Coculture:F07:Oxa,O07,diagonal,38,6.74766417933
O07:Coculture:F07:Oxa,O07,diagonal,39,9.61282966515
O07:Coculture:F07:Oxa,O07,diagonal,40,9.02107629768
O07:Coculture:F07:Oxa,O07,diagonal,41,9.49002559249
O07:Coculture:F07:Oxa,O07,diagonal,42,16.3294171234
O07:Coculture:F07:Oxa,O07,diagonal,43,15.7586747162
O07:Coculture:F07:Oxa,O07,diagonal,44,16.1528678231
O07:Coculture:F07:Oxa,O07,diagonal,45,6.07574168585
O07:Coculture:F07:Oxa,O07,diagonal,46,5.9735167853
O07:Coculture:F07:Oxa,O07,diagonal,47,7.42568640177
O07:Coculture:F07:Oxa,O07,diagonal,48,8.53745705706
O07:Coculture:F07:Oxa,O07,diagonal,49,8.09473538393
O07:Coculture:F07:Oxa,O07,diagonal,50,9.05917601578
O07:Coculture:F07:Oxa,O07,diagonal,51,15.4353805465
O07:Coculture:F07:Oxa,O07,diagonal,52,14.6802944182
O07:Coculture:F07:Oxa,O07,diagonal,53,15.1695108308
O07:Coculture:F07:SN-38,O07,joint,0,4.43392608741
O07:Coculture:F07:SN-38,O07,joint,1,1.5711583799
O07:Coculture:F07:SN-38,O07,joint,2,3.62675797214
O07:Coculture:F07:SN-38,O07,joint,3,8.32298152078
O07:Coculture:F07:SN-38,O07,joint,4,5.67131366913
O07:Coculture:F07:SN-38,O07,joint,5,7.54131574238
O07:Coculture:F07:SN-38,O07,joint,6,14.0627889261
O07:Coculture:F07:SN-38,O07,joint,7,11.9608102853
O07:Coculture:F07:SN-38,O07,joint,8,13.3595045864
O07:Coculture:F07:SN-38,O07,joint,9,1.03846195593
O07:Coculture:F07:SN-38,O07,joint,10,-1.05652531077
O07:Coculture:F07:SN-38,O07,joint,11,1.13171148518
O07:Coculture:F07:SN-38,O07,joint,12,4.77101226705
O07:Coculture:F07:SN-38,O07,joint,13,2.74953648824
O07:Coculture:F07:SN-38,O07,joint,14,4.55741318545
O07:Coculture:F07:SN-38,O07,joint,15,11.8421247122
O07:Coculture:F07:SN-38,O07,joint,16,10.0524808434
O07:Coculture:F07:SN-38,O07,joint,17,11.2896339542
O07:Coculture:F07:SN-38,O07,joint,18,0.285839816797
O07:Coculture:F07:SN-38,O07,joint,19,-2.12566868521
O07:Coculture:F07:SN-38,O07,joint,20,1.20253599172
O07:Coculture:F07:SN-38,O07,joint,21,4.16132332248
O07:Coculture:F07:SN-38,O07,joint,22,1.35034103934
O07:Coculture:F07:SN-38,O07,joint,23,3.50689332462
O07:Coculture:F07:SN-38,O07,joint,24,11.6991408457
O07:Coculture:F07:SN-38,O07,joint,25,9.15041260063
O07:Coculture:F07:SN-38,O07,joint,26,10.5585287112
O07:Coculture:F07:SN-38,O07,joint,27,6.71289420692
O07:Coculture:F07:SN-38,O07,joint,28,5.98181183593
O07:Coculture:F07:SN-38,O07,joint,29,6.5090405351
O07:Coculture:F07:SN-38,O07,joint,30,10.4952054421
O07:Coculture:F07:SN-38,O07,joint,31,9.77951351521
O07:Coculture:F07:SN-38,O07,joint,32,10.2934134133
O07:Coculture:F07:SN-38,O07,joint,33,16.0227773362
O07:Coculture:F07:SN-38,O07,joint,34,15.3598603733
O07:Coculture:F07:SN-38,O07,joint,35,15.8273608916
O07:Coculture:F07:SN-38,O07,joint,36,1.62038565745
O07:Coculture:F07:SN-38,O07,joint,37,1.06054487343
O07:Coculture:F07:SN-38,O07,joint,38,1.62833302217
O07:Coculture:F07:SN-38,O07,joint,39,5.66658549836
O07:Coculture:F07:SN-38,O07,joint,40,5.14283868168
O07:Coculture:F07:SN-38,O07,joint,41,5.68989788067
O07:Coculture:F07:SN-38,O07,joint,42,12.3993548256
O07:Coculture:F07:SN-38,O07,joint,43,11.8939858809
O07:Coculture:F07:SN-38,O07,joint,44,12.3459550552
O07:Coculture:F07:SN-38,O07,joint,45,-0.435619587184
O07:Coculture:F07:SN-38,O07,joint,46,-0.877928471271
O07:Coculture:F07:SN-38,O07,joint,47,0.265350957372
O07:Coculture:F07:SN-38,O07,joint,48,3.29593536804
O07:Coculture:F07:SN-38,O07,joint,49,2.69305824254
O07:Coculture:F07:SN-38,O07,joint,50,3.52510941177
O07:Coculture:F07:SN-38,O07,joint,51,10.8780284227
O07:Coculture:F07:SN-38,O07,joint,52,10.175282852
O07:Coculture:F07:SN-38,O07,joint,53,10.7144209233
O07:Coculture:F07:SN-38,O07,diagonal,0,5.67318690779
O07:Coculture:F07:SN-38,O07,diagonal,1,2.8889873293
O07:Coculture:F07:SN-38,O07,diagonal,2,5.0937340453
O07:Coculture:F07:SN-38,O07,diagonal,3,10.8108317583
O07:Coculture:F07:SN-38,O07,diagonal,4,8.15457964791
O07:Coculture:F07:SN-38,O07,diagonal,5,10.2716096044
O07:Coculture:F07:SN-38,O07,diagonal,6,17.3633782437
O07:Coculture:F07:SN-38,O07,diagonal,7,15.0382214166
O07:Coculture:F07:SN-38,O07,diagonal,8,16.8698520293
O07:Coculture:F07:SN-38,O07,diagonal,9,1.84772629252
O07:Coculture:F07:SN-38,O07,diagonal,10,-0.116269670244
O07:Coculture:F07:SN-38,O07,diagonal,11,2.15761009088
O07:Coculture:F07:SN-38,O07,diagonal,12,7.6163540899
O07:Coculture:F07:SN-38,O07,diagonal,13,5.66451351417
O07:Coculture:F07:SN-38,O07,diagonal,14,7.56911214937
O07:Coculture:F07:SN-38,O07,diagonal,15,15.4506418193
O07:Coculture:F07:SN-38,O07,diagonal,16,13.6695089897
O07:Coculture:F07:SN-38,O07,diagonal,17,15.1302663417
O07:Coculture:F07:SN-38,O07,diagonal,18,0.938941889519
O07:Coculture:F07:SN-38,O07,diagonal,19,-1.45842729682
O07:Coculture:F07:SN-38,O07,diagonal,20,1.76557125829
O07:Coculture:F07:SN-38,O07,diagonal,21,7.10976087638
O07:Coculture:F07:SN-38,O07,diagonal,22,4.45185446059
O07:Coculture:F07:SN-38,O07,diagonal,23,6.76877207841
O07:Coculture:F07:SN-38,O07,diagonal,24,15.2777819918
O07:Coculture:F07:SN-38,O07,diagonal,25,12.9059217136
O07:Coculture:F07:SN-38,O07,diagonal,26,14.7279416222
O07:Coculture:F07:SN-38,O07,diagonal,27,7.91494961367
O07:Coculture:F07:SN-38,O07,diagonal,28,7.20840542825
O07:Coculture:F07:SN-38,O07,diagonal,29,7.76469859586
O07:Coculture:F07:SN-38,O07,diagonal,30,12.7444750994
O07:Coculture:F07:SN-38,O07,diagonal,31,12.0484252048
O07:Coculture:F07:SN-38,O07,diagonal,32,12.5996118838
O07:Coculture:F07:SN-38,O07,diagonal,33,18.7819675299
O07:Coculture:F07:SN-38,O07,diagonal,34,18.1179045023
O07:Coculture:F07:SN-38,O07,diagonal,35,18.6471619914
O07:Coculture:F07:SN-38,O07,diagonal,36,2.83908999418
O07:Coculture:F07:SN-38,O07,diagonal,37,2.33434270071
O07:Coculture:F07:SN-38,O07,diagonal,38,2.9457527927
O07:Coculture:F07:SN-38,O07,diagonal,39,8.38836573557
O07:Coculture:F07:SN-38,O07,diagonal,40,7.89736674488
O07:Coculture:F07:SN-38,O07,diagonal,41,8.46583668516
O07:Coculture:F07:SN-38,O07,diagonal,42,15.8384417379
O07:Coculture:F07:SN-38,O07,diagonal,43,15.3504815939
O07:Coculture:F07:SN-38,O07,diagonal,44,15.8266312527
O07:Coculture:F07:SN-38,O07,diagonal,45,0.265420550008
O07:Coculture:F07:SN-38,O07,diagonal,46,-0.176131032244
O07:Coculture:F07:SN-38,O07,diagonal,47,0.934551674551
O07:Coculture:F07:SN-38,O07,diagonal,48,6.3342375966
O07:Coculture:F07:SN-38,O07,diagonal,49,5.73489530002
O07:Coculture:F07:SN-38,O07,diagonal,50,6.5408949388
O07:Coculture:F07:SN-38,O07,diagonal,51,14.5799881402
O07:Coculture:F07:SN-38,O07,diagonal,52,13.9155115363
O07:Coculture:F07:SN-38,O07,diagonal,53,14.4947409407
O07:Monoculture::5-FU,O07,joint,0,5.86878762008
O07:Monoculture::5-FU,O07,joint,1,2.55236592234
O07:Monoculture::5-FU,O07,joint,2,4.1502802802
O07:Monoculture::5-FU,O07,joint,3,8.99979833455
O07:Monoculture::5-FU,O07,joint,4,5.97336641896
O07:Monoculture::5-FU,O07,joint,5,7.46636434661
O07:Monoculture::5-FU,O07,joint,6,14.4237052962
O07:Monoculture::5-FU,O07,joint,7,12.0542980152
O07:Monoculture::5-FU,O07,joint,8,13.2004364702
O07:Monoculture::5-FU,O07,joint,9,1.66144473728
O07:Monoculture::5-FU,O07,joint,10,-0.774397658978
O07:Monoculture::5-FU,O07,joint,11,1.07260453812
O07:Monoculture::5-FU,O07,joint,12,5.08967288777
O07:Monoculture::5-FU,O07,joint,13,2.85103261379
O07:Monoculture::5-FU,O07,joint,14,4.4423165357
O07:Monoculture::5-FU,O07,joint,15,12.1478230613
O07:Monoculture::5-FU,O07,joint,16,10.1527246666
O07:Monoculture::5-FU,O07,joint,17,11.2016026509
O07:Monoculture::5-FU,O07,joint,18,1.2836900007
O07:Monoculture::5-FU,O07,joint,19,-1.20204586133
O07:Monoculture::5-FU,O07,joint,20,2.04638712643
O07:Monoculture::5-FU,O07,joint,21,4.92698538108
O07:Monoculture::5-FU,O07,joint,22,1.84791727802
O07:Monoculture::5-FU,O07,joint,23,3.74144603267
O07:Monoculture::5-FU,O07,joint,24,12.2644367122
O07:Monoculture::5-FU,O07,joint,25,9.37182697773
O07:Monoculture::5-FU,O07,joint,26,10.4647413262
O07:Monoculture::5-FU,O07,joint,27,7.71155109613
O07:Monoculture::5-FU,O07,joint,28,6.85901253676
O07:Monoculture::5-FU,O07,joint,29,7.26393377148
O07:Monoculture::5-FU,O07,joint,30,10.8767526049
O07:Monoculture::5-FU,O07,joint,31,10.0476471804
O07:Monoculture::5-FU,O07,joint,32,10.4471257699
O07:Monoculture::5-FU,O07,joint,33,16.2085604808
O07:Monoculture::5-FU,O07,joint,34,15.4519525019
O07:Monoculture::5-FU,O07,joint,35,15.8252019838
O07:Monoculture::5-FU,O07,joint,36,2.47217844576
O07:Monoculture::5-FU,O07,joint,37,1.79389353799
O07:Monoculture::5-FU,O07,joint,38,2.24337050927
O07:Monoculture::5-FU,O07,joint,39,5.83091219883
O07:Monoculture::5-FU,O07,joint,40,5.22195159977
O07:Monoculture::5-FU,O07,joint,41,5.68370214904
O07:Monoculture::5-FU,O07,joint,42,12.4791925657
O07:Monoculture::5-FU,O07,joint,43,11.9195324972
O07:Monoculture::5-FU,O07,joint,44,12.3173534777
O07:Monoculture::5-FU,O07,joint,45,-0.147941800642
O07:Monoculture::5-FU,O07,joint,46,-0.648896937481
O07:Monoculture::5-FU,O07,joint,47,0.435285160572
O07:Monoculture::5-FU,O07,joint,48,3.54797187187
O07:Monoculture::5-FU,O07,joint,49,2.92653790637
O07:Monoculture::5-FU,O07,joint,50,3.73864615331
O07:Monoculture::5-FU,O07,joint,51,11.0760517336
O07:Monoculture::5-FU,O07,joint,52,10.3062847078
O07:Monoculture::5-FU,O07,joint,53,10.7796668965
O07:Monoculture::5-FU,O07,diagonal,0,6.73130398133
O07:Monoculture::5-FU,O07,diagonal,1,3.40193960128
O07:Monoculture::5-FU,O07,diagonal,2,5.05966803243
O07:Monoculture::5-FU,O07,diagonal,3,11.4970093436
O07:Monoculture::5-FU,O07,diagonal,4,8.30867607243
O07:Monoculture::5-FU,O07,diagonal,5,9.89234964312
O07:Monoculture::5-FU,O07,diagonal,6,17.8866617634
O07:Monoculture::5-FU,O07,diagonal,7,15.0923821882
O07:Monoculture::5-FU,O07,diagonal,8,16.4472181048
O07:Monoculture::5-FU,O07,diagonal,9,2.33788782172
O07:Monoculture::5-FU,O07,diagonal,10,-0.113188808263
O07:Monoculture::5-FU,O07,diagonal,11,1.67854521086
O07:Monoculture::5-FU,O07,diagonal,12,8.03322135182
O07:Monoculture::5-FU,O07,diagonal,13,5.69642775937
O07:Monoculture::5-FU,O07,diagonal,14,7.21937622337
O07:Monoculture::5-FU,O07,diagonal,15,15.8246000503
O07:Monoculture::5-FU,O07,diagonal,16,13.7056407294
O07:Monoculture::5-FU,O07,diagonal,17,14.8278129413
O07:Monoculture::5-FU,O07,diagonal,18,1.75468125836
O07:Monoculture::5-FU,O07,diagonal,19,-1.03184225573
O07:Monoculture::5-FU,O07,diagonal,20,1.8102834501
O07:Monoculture::5-FU,O07,diagonal,21,7.78147415678
O07:Monoculture::5-FU,O07,diagonal,22,4.65589311038
O07:Monoculture::5-FU,O07,diagonal,23,6.50752222788
O07:Monoculture::5-FU,O07,diagonal,24,15.8198793886
O07:Monoculture::5-FU,O07,diagonal,25,12.9930831856
O07:Monoculture::5-FU,O07,diagonal,26,14.351688164
O07:Monoculture::5-FU,O07,diagonal,27,8.50340916245
O07:Monoculture::5-FU,O07,diagonal,28,7.65968906755
O07:Monoculture::5-FU,O07,diagonal,29,8.07814622653
O07:Monoculture::5-FU,O07,diagonal,30,13.0260055289
O07:Monoculture::5-FU,O07,diagonal,31,12.1936644339
O07:Monoculture::5-FU,O07,diagonal,32,12.6080965417
O07:Monoculture::5-FU,O07,diagonal,33,18.9562643283
O07:Monoculture::5-FU,O07,diagonal,34,18.1591810105
O07:Monoculture::5-FU,O07,diagonal,35,18.5550994032
O07:Monoculture::5-FU,O07,diagonal,36,3.17552834731
O07:Monoculture::5-FU,O07,diagonal,37,2.51766770726
O07:Monoculture::5-FU,O07,diagonal,38,2.97731707981
O07:Monoculture::5-FU,O07,diagonal,39,8.4974683199
O07:Monoculture::5-FU,O07,diagonal,40,7.8846991624
O07:Monoculture::5-FU,O07,diagonal,41,8.33263266718
O07:Monoculture::5-FU,O07,diagonal,42,15.9189641683
O07:Monoculture::5-FU,O07,diagonal,43,15.3347657702
O07:Monoculture::5-FU,O07,diagonal,44,15.7155028862
O07:Monoculture::5-FU,O07,diagonal,45,0.459723777777
O07:Monoculture::5-FU,O07,diagonal,46,-0.0948474419174
O07:Monoculture::5-FU,O07,diagonal,47,0.904975855402
O07:Monoculture::5-FU,O07,diagonal,48,6.51413505936
O07:Monoculture::5-FU,O07,diagonal,49,5.81750418084
O07:Monoculture::5-FU,O07,diagonal,50,6.52803560729
O07:Monoculture::5-FU,O07,diagonal,51,14.7251247633
O07:Monoculture::5-FU,O07,diagonal,52,13.9437295017
O07:Monoculture::5-FU,O07,diagonal,53,14.406636781
O07:Monoculture::Gef,O07,joint,0,8.00983947357
O07:Monoculture::Gef,O07,joint,1,8.64336390374
O07:Monoculture::Gef,O07,joint,2,14.1912188044
O07:Monoculture::Gef,O07,joint,3,7.77627305659
O07:Monoculture::Gef,O07,joint,4,8.38392897427
O07:Monoculture::Gef,O07,joint,5,13.5147839431
O07:Monoculture::Gef,O07,joint,6,12.8586651291
O07:Monoculture::Gef,O07,joint,7,13.3731146795
O07:Monoculture::Gef,O07,joint,8,17.4525098747
O07:Monoculture::Gef,O07,joint,9,6.55510511691
O07:Monoculture::Gef,O07,joint,10,5.28078476512
O07:Monoculture::Gef,O07,joint,11,8.28956299199
O07:Monoculture::Gef,O07,joint,12,6.02353761965
O07:Monoculture::Gef,O07,joint,13,5.47477933402
O07:Monoculture::Gef,O07,joint,14,8.76440007796
O07:Monoculture::Gef,O07,joint,15,11.4771442147
O07:Monoculture::Gef,O07,joint,16,11.4683218555
O07:Monoculture::Gef,O07,joint,17,14.5411839336
O07:Monoculture::Gef,O07,joint,18,11.1248856811
O07:Monoculture::Gef,O07,joint,19,8.66811972233
O07:Monoculture::Gef,O07,joint,20,11.9478020507
O07:Monoculture::Gef,O07,joint,21,6.76870096521
O07:Monoculture::Gef,O07,joint,22,6.03118789564
O07:Monoculture::Gef,O07,joint,23,10.286201034
O07:Monoculture::Gef,O07,joint,24,11.2602245386
O07:Monoculture::Gef,O07,joint,25,11.3662534907
O07:Monoculture::Gef,O07,joint,26,15.5037527472
O07:Monoculture::Gef,O07,joint,27,11.885909349
O07:Monoculture::Gef,O07,joint,28,12.0458375434
O07:Monoculture::Gef,O07,joint,29,13.4639649018
O07:Monoculture::Gef,O07,joint,30,11.3919076056
O07:Monoculture::Gef,O07,joint,31,11.5502887131
O07:Monoculture::Gef,O07,joint,32,12.9372524383
O07:Monoculture::Gef,O07,joint,33,15.8764418827
O07:Monoculture::Gef,O07,joint,34,16.0283558621
O07:Monoculture::Gef,O07,joint,35,17.3110696043
O07:Monoculture::Gef,O07,joint,36,6.75597954718
O07:Monoculture::Gef,O07,joint,37,6.27644942298
O07:Monoculture::Gef,O07,joint,38,6.92720787203
O07:Monoculture::Gef,O07,joint,39,7.03802949128
O07:Monoculture::Gef,O07,joint,40,6.71944940334
O07:Monoculture::Gef,O07,joint,41,7.47164396005
O07:Monoculture::Gef,O07,joint,42,12.7095855237
O07:Monoculture::Gef,O07,joint,43,12.5723959523
O07:Monoculture::Gef,O07,joint,44,13.3948011383
O07:Monoculture::Gef,O07,joint,45,7.41633436255
O07:Monoculture::Gef,O07,joint,46,6.20768562001
O07:Monoculture::Gef,O07,joint,47,6.58292563482
O07:Monoculture::Gef,O07,joint,48,6.01871056175
O07:Monoculture::Gef,O07,joint,49,5.40451907207
O07:Monoculture::Gef,O07,joint,50,6.22443965416
O07:Monoculture::Gef,O07,joint,51,11.5520302079
O07:Monoculture::Gef,O07,joint,52,11.3676519405
O07:Monoculture::Gef,O07,joint,53,12.431405225
O07:Monoculture::Gef,O07,diagonal,0,6.46208289547
O07:Monoculture::Gef,O07,diagonal,1,7.34953244455
O07:Monoculture::Gef,O07,diagonal,2,13.2269742703
O07:Monoculture::Gef,O07,diagonal,3,9.44526964799
O07:Monoculture::Gef,O07,diagonal,4,10.4061013846
O07:Monoculture::Gef,O07,diagonal,5,16.1395888985
O07:Monoculture::Gef,O07,diagonal,6,15.5940671022
O07:Monoculture::Gef,O07,diagonal,7,16.6277132841
O07:Monoculture::Gef,O07,diagonal,8,21.8105542848
O07:Monoculture::Gef,O07,diagonal,9,4.690353394
O07:Monoculture::Gef,O07,diagonal,10,3.99237754834
O07:Monoculture::Gef,O07,diagonal,11,7.5416740497
O07:Monoculture::Gef,O07,diagonal,12,7.71859790943
O07:Monoculture::Gef,O07,diagonal,13,7.7344162951
O07:Monoculture::Gef,O07,diagonal,14,11.6097819996
O07:Monoculture::Gef,O07,diagonal,15,14.4922560715
O07:Monoculture::Gef,O07,diagonal,16,15.0019342824
O07:Monoculture::Gef,O07,diagonal,17,18.7547677382
O07:Monoculture::Gef,O07,diagonal,18,6.67136933756
O07:Monoculture::Gef,O07,diagonal,19,5.51487665992
O07:Monoculture::Gef,O07,diagonal,20,9.98688959647
O07:Monoculture::Gef,O07,diagonal,21,7.75826989692
O07:Monoculture::Gef,O07,diagonal,22,8.0251210156
O07:Monoculture::Gef,O07,diagonal,23,13.2706724701
O07:Monoculture::Gef,O07,diagonal,24,14.1098736399
O07:Monoculture::Gef,O07,diagonal,25,15.102737811
O07:Monoculture::Gef,O07,diagonal,26,20.286936275
O07:Monoculture::Gef,O07,diagonal,27,10.299644839
O07:Monoculture::Gef,O07,diagonal,28,10.514410596
O07:Monoculture::Gef,O07,diagonal,29,11.9923787159
O07:Monoculture::Gef,O07,diagonal,30,12.9256714691
O07:Monoculture::Gef,O07,diagonal,31,13.1475338564
O07:Monoculture::Gef,O07,diagonal,32,14.6168943128
O07:Monoculture::Gef,O07,diagonal,33,18.3936945466
O07:Monoculture::Gef,O07,diagonal,34,18.6339024808
O07:Monoculture::Gef,O07,diagonal,35,20.0672743593
O07:Monoculture::Gef,O07,diagonal,36,5.43382594973
O07:Monoculture::Gef,O07,diagonal,37,5.07934610187
O07:Monoculture::Gef,O07,diagonal,38,5.84574565422
O07:Monoculture::Gef,O07,diagonal,39,9.03668161832
O07:Monoculture::Gef,O07,diagonal,40,8.86218765691
O07:Monoculture::Gef,O07,diagonal,41,9.74951178225
O07:Monoculture::Gef,O07,diagonal,42,15.8026112727
O07:Monoculture::Gef,O07,diagonal,43,15.8065658691
O07:Monoculture::Gef,O07,diagonal,44,16.7754072952
O07:Monoculture::Gef,O07,diagonal,45,4.91533981852
O07:Monoculture::Gef,O07,diagonal,46,4.11963959501
O07:Monoculture::Gef,O07,diagonal,47,4.87873994927
O07:Monoculture::Gef,O07,diagonal,48,7.71624965904
O07:Monoculture::Gef,O07,diagonal,49,7.42712648963
O07:Monoculture::Gef,O07,diagonal,50,8.54512972377
O07:Monoculture::Gef,O07,diagonal,51,14.7010982839
O07:Monoculture::Gef,O07,diagonal,52,14.7678110636
O07:Monoculture::Gef,O07,diagonal,53,16.0791989272
O07:Monoculture::Oxa,O07,joint,0,107.803705037
O07:Monoculture::Oxa,O07,joint,1,103.757332113
O07:Monoculture::Oxa,O07,joint,2,104.625295245
O07:Monoculture::Oxa,O07,joint,3,37.7531131279
O07:Monoculture::Oxa,O07,joint,4,33.9722428921
O07:Monoculture::Oxa,O07,joint,5,34.7108024995
O07:Monoculture::Oxa,O07,joint,6,23.7333301941
O07:Monoculture::Oxa,O07,joint,7,20.6148598724
O07:Monoculture::Oxa,O07,joint,8,21.0119352867
O07:Monoculture::Oxa,O07,joint,9,130.488322268
O07:Monoculture::Oxa,O07,joint,10,130.373929627
O07:Monoculture::Oxa,O07,joint,11,134.542381579
O07:Monoculture::Oxa,O07,joint,12,42.7448745021
O07:Monoculture::Oxa,O07,joint,13,41.0422849955
O07:Monoculture::Oxa,O07,joint,14,43.1696196848
O07:Monoculture::Oxa,O07,joint,15,23.3572878375
O07:Monoculture::Oxa,O07,joint,16,20.9591824762
O07:Monoculture::Oxa,O07,joint,17,21.6050534939
O07:Monoculture::Oxa,O07,joint,18,166.061258423
O07:Monoculture::Oxa,O07,joint,19,165.775077105
O07:Monoculture::Oxa,O07,joint,20,171.223064637
O07:Monoculture::Oxa,O07,joint,21,49.9806741109
O07:Monoculture::Oxa,O07,joint,22,46.6263929675
O07:Monoculture::Oxa,O07,joint,23,48.2447086818
O07:Monoculture::Oxa,O07,joint,24,25.2070908512
O07:Monoculture::Oxa,O07,joint,25,21.2900709752
O07:Monoculture::Oxa,O07,joint,26,21.3585751822
O07:Monoculture::Oxa,O07,joint,27,105.776936043
O07:Monoculture::Oxa,O07,joint,28,104.74412088
O07:Monoculture::Oxa,O07,joint,29,104.968765512
O07:Monoculture::Oxa,O07,joint,30,36.3604819591
O07:Monoculture::Oxa,O07,joint,31,35.3488887281
O07:Monoculture::Oxa,O07,joint,32,35.565879511
O07:Monoculture::Oxa,O07,joint,33,23.3968891792
O07:Monoculture::Oxa,O07,joint,34,22.4516716202
O07:Monoculture::Oxa,O07,joint,35,22.6363115221
O07:Monoculture::Oxa,O07,joint,36,114.14202626
O07:Monoculture::Oxa,O07,joint,37,114.514681323
O07:Monoculture::Oxa,O07,joint,38,116.015098265
O07:Monoculture::Oxa,O07,joint,39,38.0376315816
O07:Monoculture::Oxa,O07,joint,40,38.0090334213
O07:Monoculture::Oxa,O07,joint,41,39.0511464094
O07:Monoculture::Oxa,O07,joint,42,21.8929929693
O07:Monoculture::Oxa,O07,joint,43,21.4673455927
O07:Monoculture::Oxa,O07,joint,44,21.999179265
O07:Monoculture::Oxa,O07,joint,45,147.803047248
O07:Monoculture::Oxa,O07,joint,46,149.079119564
O07:Monoculture::Oxa,O07,joint,47,151.940329114
O07:Monoculture::Oxa,O07,joint,48,44.7423639774
O07:Monoculture::Oxa,O07,joint,49,44.6708186479
O07:Monoculture::Oxa,O07,joint,50,46.0328155309
O07:Monoculture::Oxa,O07,joint,51,22.3394739161
O07:Monoculture::Oxa,O07,joint,52,21.5009036302
O07:Monoculture::Oxa,O07,joint,53,21.9054825588
O07:Monoculture::Oxa,O07,diagonal,0,59.9461478517
O07:Monoculture::Oxa,O07,diagonal,1,56.1428742287
O07:Monoculture::Oxa,O07,diagonal,2,57.3266934169
O07:Monoculture::Oxa,O07,diagonal,3,27.4867770689
O07:Monoculture::Oxa,O07,diagonal,4,23.6177092367
O07:Monoculture::Oxa,O07,diagonal,5,24.5206482464
O07:Monoculture::Oxa,O07,diagonal,6,23.6922700695
O07:Monoculture::Oxa,O07,diagonal,7,19.9731140203
O07:Monoculture::Oxa,O07,diagonal,8,20.4030734629
O07:Monoculture::Oxa,O07,diagonal,9,71.8401416593
O07:Monoculture::Oxa,O07,diagonal,10,70.9340153629
O07:Monoculture::Oxa,O07,diagonal,11,74.2706997157
O07:Monoculture::Oxa,O07,diagonal,12,28.4141532475
O07:Monoculture::Oxa,O07,diagonal,13,26.0772505882
O07:Monoculture::Oxa,O07,diagonal,14,27.6000899853
O07:Monoculture::Oxa,O07,diagonal,15,22.2274194435
O07:Monoculture::Oxa,O07,diagonal,16,19.4416537592
O07:Monoculture::Oxa,O07,diagonal,17,19.8970196075
O07:Monoculture::Oxa,O07,diagonal,18,87.8469918893
O07:Monoculture::Oxa,O07,diagonal,19,85.9418404286
O07:Monoculture::Oxa,O07,diagonal,20,89.6653381877
O07:Monoculture::Oxa,O07,diagonal,21,31.6248468493
O07:Monoculture::Oxa,O07,diagonal,22,27.7448107046
O07:Monoculture::Oxa,O07,diagonal,23,28.8419847238
O07:Monoculture::Oxa,O07,diagonal,24,23.1891504142
O07:Monoculture::Oxa,O07,diagonal,25,19.2042858678
O07:Monoculture::Oxa,O07,diagonal,26,19.4048225029
O07:Monoculture::Oxa,O07,diagonal,27,58.3937611542
O07:Monoculture::Oxa,O07,diagonal,28,57.4514203462
O07:Monoculture::Oxa,O07,diagonal,29,57.7712567921
O07:Monoculture::Oxa,O07,diagonal,30,26.3297164965
O07:Monoculture::Oxa,O07,diagonal,31,25.3788980907
O07:Monoculture::Oxa,O07,diagonal,32,25.6748528878
O07:Monoculture::Oxa,O07,diagonal,33,22.9537062596
O07:Monoculture::Oxa,O07,diagonal,34,21.9864393016
O07:Monoculture::Oxa,O07,diagonal,35,22.212174054
O07:Monoculture::Oxa,O07,diagonal,36,62.9913694793
O07:Monoculture::Oxa,O07,diagonal,37,63.2379984421
O07:Monoculture::Oxa,O07,diagonal,38,64.6021374175
O07:Monoculture::Oxa,O07,diagonal,39,25.8730317793
O07:Monoculture::Oxa,O07,diagonal,40,25.6465002052
O07:Monoculture::Oxa,O07,diagonal,41,26.4806712934
O07:Monoculture::Oxa,O07,diagonal,42,21.0141971423
O07:Monoculture::Oxa,O07,diagonal,43,20.4299714774
O07:Monoculture::Oxa,O07,diagonal,44,20.8106813267
O07:Monoculture::Oxa,O07,diagonal,45,78.8724226015
O07:Monoculture::Oxa,O07,diagonal,46,79.4534092594
O07:Monoculture::Oxa,O07,diagonal,47,81.5887904343
O07:Monoculture::Oxa,O07,diagonal,48,28.0372127171
O07:Monoculture::Oxa,O07,diagonal,49,27.5609248519
O07:Monoculture::Oxa,O07,diagonal,50,28.4917992917
O07:Monoculture::Oxa,O07,diagonal,51,20.6859679364
O07:Monoculture::Oxa,O07,diagonal,52,19.7159589002
O07:Monoculture::Oxa,O07,diagonal,53,19.990252405
O07:Monoculture::SN-38,O07,joint,0,3.97743745307
O07:Monoculture::SN-38,O07,joint,1,2.23158141827
O07:Monoculture::SN-38,O07,joint,2,5.40409268323
O07:Monoculture::SN-38,O07,joint,3,7.42493127062
O07:Monoculture::SN-38,O07,joint,4,5.8412885171
O07:Monoculture::SN-38,O07,joint,5,8.77931568847
O07:Monoculture::SN-38,O07,joint,6,13.2425236407
O07:Monoculture::SN-38,O07,joint,7,12.0374714014
O07:Monoculture::SN-38,O07,joint,8,14.3330921041
O07:Monoculture::SN-38,O07,joint,9,0.0468370889494
O07:Monoculture::SN-38,O07,joint,10,-0.852797078758
O07:Monoculture::SN-38,O07,joint,11,2.53079281619
O07:Monoculture::SN-38,O07,joint,12,4.08284427178
O07:Monoculture::SN-38,O07,joint,13,3.24686346043
O07:Monoculture::SN-38,O07,joint,14,6.24023512509
O07:Monoculture::SN-38,O07,joint,15,11.1549349468
O07:Monoculture::SN-38,O07,joint,16,10.2982691732
O07:Monoculture::SN-38,O07,joint,17,12.4684003791
O07:Monoculture::SN-38,O07,joint,18,1.63165949178
O07:Monoculture::SN-38,O07,joint,19,1.21312402688
O07:Monoculture::SN-38,O07,joint,20,6.53430174092
O07:Monoculture::SN-38,O07,joint,21,3.64653669274
O07:Monoculture::SN-38,O07,joint,22,2.44441190354
O07:Monoculture::SN-38,O07,joint,23,6.20982168277
O07:Monoculture::SN-38,O07,joint,24,10.7627675019
O07:Monoculture::SN-38,O07,joint,25,9.42048843307
O07:Monoculture::SN-38,O07,joint,26,12.0350537199
O07:Monoculture::SN-38,O07,joint,27,7.11077557496
O07:Monoculture::SN-38,O07,joint,28,6.66181026812
O07:Monoculture::SN-38,O07,joint,29,7.47115603144
O07:Monoculture::SN-38,O07,joint,30,10.3810832835
O07:Monoculture::SN-38,O07,joint,31,9.94461927481
O07:Monoculture::SN-38,O07,joint,32,10.737747091
O07:Monoculture::SN-38,O07,joint,33,15.7982647736
O07:Monoculture::SN-38,O07,joint,34,15.4023540853
O07:Monoculture::SN-38,O07,joint,35,16.1368608781
O07:Monoculture::SN-38,O07,joint,36,1.24865010256
O07:Monoculture::SN-38,O07,joint,37,0.976706948588
O07:Monoculture::SN-38,O07,joint,38,1.83239272736
O07:Monoculture::SN-38,O07,joint,39,5.41867928161
O07:Monoculture::SN-38,O07,joint,40,5.19377073969
O07:Monoculture::SN-38,O07,joint,41,6.03966821342
O07:Monoculture::SN-38,O07,joint,42,12.2273128268
O07:Monoculture::SN-38,O07,joint,43,12.0183176239
O07:Monoculture::SN-38,O07,joint,44,12.7666605401
O07:Monoculture::SN-38,O07,joint,45,0.556415176542
O07:Monoculture::SN-38,O07,joint,46,0.625563099368
O07:Monoculture::SN-38,O07,joint,47,2.28029933492
O07:Monoculture::SN-38,O07,joint,48,3.63239028679
O07:Monoculture::SN-38,O07,joint,49,3.52775642056
O07:Monoculture::SN-38,O07,joint,50,4.85805084907
O07:Monoculture::SN-38,O07,joint,51,10.7493317653
O07:Monoculture::SN-38,O07,joint,52,10.448800568
O07:Monoculture::SN-38,O07,joint,53,11.3901530128
O07:Monoculture::SN-38,O07,diagonal,0,5.18326701551
O07:Monoculture::SN-38,O07,diagonal,1,3.24022196926
O07:Monoculture::SN-38,O07,diagonal,2,6.28612321752
O07:Monoculture::SN-38,O07,diagonal,3,10.1451824683
O07:Monoculture::SN-38,O07,diagonal,4,8.26158499794
O07:Monoculture::SN-38,O07,diagonal,5,11.1512695944
O07:Monoculture::SN-38,O07,diagonal,6,16.7926394205
O07:Monoculture::SN-38,O07,diagonal,7,15.0962292214
O07:Monoculture::SN-38,O07,diagonal,8,17.5566064622
O07:Monoculture::SN-38,O07,diagonal,9,1.58012498725
O07:Monoculture::SN-38,O07,diagonal,10,0.434504874371
O07:Monoculture::SN-38,O07,diagonal,11,3.52676048538
O07:Monoculture::SN-38,O07,diagonal,12,7.27925042469
O07:Monoculture::SN-38,O07,diagonal,13,6.05204369348
O07:Monoculture::SN-38,O07,diagonal,14,8.68127617321
O07:Monoculture::SN-38,O07,diagonal,15,15.0297713619
O07:Monoculture::SN-38,O07,diagonal,16,13.7923766121
O07:Monoculture::SN-38,O07,diagonal,17,15.7968720439
O07:Monoculture::SN-38,O07,diagonal,18,1.7035667193
O07:Monoculture::SN-38,O07,diagonal,19,0.401811895307
O07:Monoculture::SN-38,O07,diagonal,20,4.72142481276
O07:Monoculture::SN-38,O07,diagonal,21,6.65169397115
O07:Monoculture::SN-38,O07,diagonal,22,4.90659057845
O07:Monoculture::SN-38,O07,diagonal,23,8.13631121937
O07:Monoculture::SN-38,O07,diagonal,24,14.7281871941
O07:Monoculture::SN-38,O07,diagonal,25,13.0010324906
O07:Monoculture::SN-38,O07,diagonal,26,15.4677579738
O07:Monoculture::SN-38,O07,diagonal,27,8.06170822885
O07:Monoculture::SN-38,O07,diagonal,28,7.57150873383
O07:Monoculture::SN-38,O07,diagonal,29,8.34414659184
O07:Monoculture::SN-38,O07,diagonal,30,12.6219951263
O07:Monoculture::SN-38,O07,diagonal,31,12.1362338648
O07:Monoculture::SN-38,O07,diagonal,32,12.8977091769
O07:Monoculture::SN-38,O07,diagonal,33,18.6155552074
O07:Monoculture::SN-38,O07,diagonal,34,18.1446558398
O07:Monoculture::SN-38,O07,diagonal,35,18.8670769889
O07:Monoculture::SN-38,O07,diagonal,36,2.6385605568
O07:Monoculture::SN-38,O07,diagonal,37,2.33272299672
O07:Monoculture::SN-38,O07,diagonal,38,3.1430428221
O07:Monoculture::SN-38,O07,diagonal,39,8.32146540925
O07:Monoculture::SN-38,O07,diagonal,40,8.03506038103
O07:Monoculture::SN-38,O07,diagonal,41,8.80812428378
O07:Monoculture::SN-38,O07,diagonal,42,15.7541658216
O07:Monoculture::SN-38,O07,diagonal,43,15.4473641388
O07:Monoculture::SN-38,O07,diagonal,44,16.1046722587
O07:Monoculture::SN-38,O07,diagonal,45,1.3340003766
O07:Monoculture::SN-38,O07,diagonal,46,1.1863731758
O07:Monoculture::SN-38,O07,diagonal,47,2.59098026406
O07:Monoculture::SN-38,O07,diagonal,48,6.52539380405
O07:Monoculture::SN-38,O07,diagonal,49,6.19995509805
O07:Monoculture::SN-38,O07,diagonal,50,7.27985832742
O07:Monoculture::SN-38,O07,diagonal,51,14.4654714139
O07:Monoculture::SN-38,O07,diagonal,52,14.0291955658
O07:Monoculture::SN-38,O07,diagonal,53,14.836625726
O09:Coculture:F17:5-FU,O09,joint,0,9.04523765524
O09:Coculture:F17:5-FU,O09,joint,1,7.58368282793
O09:Coculture:F17:5-FU,O09,joint,2,11.0364640562
O09:Coculture:F17:5-FU,O09,joint,3,8.68949439568
O09:Coculture:F17:5-FU,O09,joint,4,7.3652781217
O09:Coculture:F17:5-FU,O09,joint,5,10.560491691
O09:Coculture:F17:5-FU,O09,joint,6,13.5826829412
O09:Coculture:F17:5-FU,O09,joint,7,12.5959739272
O09:Coculture:F17:5-FU,O09,joint,8,15.1248106491
O09:Coculture:F17:5-FU,O09,joint,9,4.33138664504
O09:Coculture:F17:5-FU,O09,joint,10,3.77421453197
O09:Coculture:F17:5-FU,O09,joint,11,7.49988701226
O09:Coculture:F17:5-FU,O09,joint,12,5.13120803014
O09:Coculture:F17:5-FU,O09,joint,13,4.61286054397
O09:Coculture:F17:5-FU,O09,joint,14,7.92443725367
O09:Coculture:F17:5-FU,O09,joint,15,11.4998017211
O09:Coculture:F17:5-FU,O09,joint,16,11.0247036216
O09:Coculture:F17:5-FU,O09,joint,17,13.5935819011
O09:Coculture:F17:5-FU,O09,joint,18,6.39719978282
O09:Coculture:F17:5-FU,O09,joint,19,6.81102117632
O09:Coculture:F17:5-FU,O09,joint,20,12.9590114196
O09:Coculture:F17:5-FU,O09,joint,21,5.81326075997
O09:Coculture:F17:5-FU,O09,joint,22,5.73447396623
O09:Coculture:F17:5-FU,O09,joint,23,10.6282840302
O09:Coculture:F17:5-FU,O09,joint,24,11.5494744434
O09:Coculture:F17:5-FU,O09,joint,25,11.1292425897
O09:Coculture:F17:5-FU,O09,joint,26,14.6945348189
O09:Coculture:F17:5-FU,O09,joint,27,12.2321698414
O09:Coculture:F17:5-FU,O09,joint,28,11.8564763231
O09:Coculture:F17:5-FU,O09,joint,29,12.7382425989
O09:Coculture:F17:5-FU,O09,joint,30,11.6708651136
O09:Coculture:F17:5-FU,O09,joint,31,11.3054764068
O09:Coculture:F17:5-FU,O09,joint,32,12.1686717139
O09:Coculture:F17:5-FU,O09,joint,33,16.1309844961
O09:Coculture:F17:5-FU,O09,joint,34,15.7999304276
O09:Coculture:F17:5-FU,O09,joint,35,16.5987338199
O09:Coculture:F17:5-FU,O09,joint,36,6.00098790562
O09:Coculture:F17:5-FU,O09,joint,37,5.86188467875
O09:Coculture:F17:5-FU,O09,joint,38,6.85054333094
O09:Coculture:F17:5-FU,O09,joint,39,6.49839767577
O09:Coculture:F17:5-FU,O09,joint,40,6.3591046475
O09:Coculture:F17:5-FU,O09,joint,41,7.29052276758
O09:Coculture:F17:5-FU,O09,joint,42,12.4895763513
O09:Coculture:F17:5-FU,O09,joint,43,12.3599894798
O09:Coculture:F17:5-FU,O09,joint,44,13.1878836572
O09:Coculture:F17:5-FU,O09,joint,45,4.42323882241
O09:Coculture:F17:5-FU,O09,joint,46,4.55781083203
O09:Coculture:F17:5-FU,O09,joint,47,6.27752007654
O09:Coculture:F17:5-FU,O09,joint,48,4.8263493174
O09:Coculture:F17:5-FU,O09,joint,49,4.92980466578
O09:Coculture:F17:5-FU,O09,joint,50,6.4668022266
O09:Coculture:F17:5-FU,O09,joint,51,11.2976205783
O09:Coculture:F17:5-FU,O09,joint,52,11.2779238799
O09:Coculture:F17:5-FU,O09,joint,53,12.5013763959
O09:Coculture:F17:5-FU,O09,diagonal,0,7.69741776177
O09:Coculture:F17:5-FU,O09,diagonal,1,6.75493150952
O09:Coculture:F17:5-FU,O09,diagonal,2,10.7995380685
O09:Coculture:F17:5-FU,O09,diagonal,3,10.3125431378
O09:Coculture:F17:5-FU,O09,diagonal,4,9.37561419693
O09:Coculture:F17:5-FU,O09,diagonal,5,13.2106920979
O09:Coculture:F17:5-FU,O09,diagonal,6,16.4563037366
O09:Coculture:F17:5-FU,O09,diagonal,7,15.5700303235
O09:Coculture:F17:5-FU,O09,diagonal,8,18.8328724022
O09:Coculture:F17:5-FU,O09,diagonal,9,3.67258229611
O09:Coculture:F17:5-FU,O09,diagonal,10,3.61160003803
O09:Coculture:F17:5-FU,O09,diagonal,11,7.79342842906
O09:Coculture:F17:5-FU,O09,diagonal,12,7.45661063768
O09:Coculture:F17:5-FU,O09,diagonal,13,7.3186050379
O09:Coculture:F17:5-FU,O09,diagonal,14,11.0403414946
O09:Coculture:F17:5-FU,O09,diagonal,15,14.8054991888
O09:Coculture:F17:5-FU,O09,diagonal,16,14.4399700129
O09:Coculture:F17:5-FU,O09,diagonal,17,17.3155723697
O09:Coculture:F17:5-FU,O09,diagonal,18,5.04480040429
O09:Coculture:F17:5-FU,O09,diagonal,19,6.02801021047
O09:Coculture:F17:5-FU,O09,diagonal,20,12.6398692366
O09:Coculture:F17:5-FU,O09,diagonal,21,7.60712153083
O09:Coculture:F17:5-FU,O09,diagonal,22,7.53548241504
O09:Coculture:F17:5-FU,O09,diagonal,23,12.4410534631
O09:Coculture:F17:5-FU,O09,diagonal,24,14.7758963431
O09:Coculture:F17:5-FU,O09,diagonal,25,14.057299631
O09:Coculture:F17:5-FU,O09,diagonal,26,17.5241041002
O09:Coculture:F17:5-FU,O09,diagonal,27,11.1046179838
O09:Coculture:F17:5-FU,O09,diagonal,28,10.8691679296
O09:Coculture:F17:5-FU,O09,diagonal,29,11.8958951292
O09:Coculture:F17:5-FU,O09,diagonal,30,13.267533974
O09:Coculture:F17:5-FU,O09,diagonal,31,13.031912411
O09:Coculture:F17:5-FU,O09,diagonal,32,14.0430640507
O09:Coculture:F17:5-FU,O09,diagonal,33,18.6601477769
O09:Coculture:F17:5-FU,O09,diagonal,34,18.4259155416
O09:Coculture:F17:5-FU,O09,diagonal,35,19.3846850169
O09:Coculture:F17:5-FU,O09,diagonal,36,5.34750977699
O09:Coculture:F17:5-FU,O09,diagonal,37,5.33944493573
O09:Coculture:F17:5-FU,O09,diagonal,38,6.44889010707
O09:Coculture:F17:5-FU,O09,diagonal,39,8.83114193849
O09:Coculture:F17:5-FU,O09,diagonal,40,8.81589637397
O09:Coculture:F17:5-FU,O09,diagonal,41,9.86135347173
O09:Coculture:F17:5-FU,O09,diagonal,42,15.7748114898
O09:Coculture:F17:5-FU,O09,diagonal,43,15.7403100899
O09:Coculture:F17:5-FU,O09,diagonal,44,16.670744204
O09:Coculture:F17:5-FU,O09,diagonal,45,4.01013449525
O09:Coculture:F17:5-FU,O09,diagonal,46,4.4526187898
O09:Coculture:F17:5-FU,O09,diagonal,47,6.44949760137
O09:Coculture:F17:5-FU,O09,diagonal,48,7.33666484584
O09:Coculture:F17:5-FU,O09,diagonal,49,7.58246729739
O09:Coculture:F17:5-FU,O09,diagonal,50,9.23543205391
O09:Coculture:F17:5-FU,O09,diagonal,51,14.6815366068
O09:Coculture:F17:5-FU,O09,diagonal,52,14.6636268278
O09:Coculture:F17:5-FU,O09,diagonal,53,15.8900195899
O10:Coculture:F11:5-FU,O10,joint,0,1.4751166421
O10:Coculture:F11:5-FU,O10,joint,1,1.39886479579
O10:Coculture:F11:5-FU,O10,joint,2,6.23694900509
O10:Coculture:F11:5-FU,O10,joint,3,6.05872012983
O10:Coculture:F11:5-FU,O10,joint,4,5.93823087617
O10:Coculture:F11:5-FU,O10,joint,5,10.3371714658
O10:Coculture:F11:5-FU,O10,joint,6,12.4381015144
O10:Coculture:F11:5-FU,O10,joint,7,12.2460740447
O10:Coculture:F11:5-FU,O10,joint,8,15.569592311
O10:Coculture:F11:5-FU,O10,joint,9,-3.04108835427
O10:Coculture:F11:5-FU,O10,joint,10,-3.43080220998
O10:Coculture:F11:5-FU,O10,joint,11,0.46232852766
O10:Coculture:F11:5-FU,O10,joint,12,2.81318155638
O10:Coculture:F11:5-FU,O10,joint,13,2.32230429404
O10:Coculture:F11:5-FU,O10,joint,14,5.66135122757
O10:Coculture:F11:5-FU,O10,joint,15,10.5884002892
O10:Coculture:F11:5-FU,O10,joint,16,10.129596476
O10:Coculture:F11:5-FU,O10,joint,17,12.7147690418
O10:Coculture:F11:5-FU,O10,joint,18,-4.043605298
O10:Coculture:F11:5-FU,O10,joint,19,-5.12403386931
O10:Coculture:F11:5-FU,O10,joint,20,-0.470293590832
O10:Coculture:F11:5-FU,O10,joint,21,2.1874636054
O10:Coculture:F11:5-FU,O10,joint,22,1.13056266362
O10:Coculture:F11:5-FU,O10,joint,23,5.04625857954
O10:Coculture:F11:5-FU,O10,joint,24,10.2186598051
O10:Coculture:F11:5-FU,O10,joint,25,9.4059937349
O10:Coculture:F11:5-FU,O10,joint,26,12.5788517476
O10:Coculture:F11:5-FU,O10,joint,27,5.5100047741
O10:Coculture:F11:5-FU,O10,joint,28,5.4948582695
O10:Coculture:F11:5-FU,O10,joint,29,6.73717155898
O10:Coculture:F11:5-FU,O10,joint,30,9.77833486036
O10:Coculture:F11:5-FU,O10,joint,31,9.75927189878
O10:Coculture:F11:5-FU,O10,joint,32,10.9687929511
O10:Coculture:F11:5-FU,O10,joint,33,15.4732909297
O10:Coculture:F11:5-FU,O10,joint,34,15.4431686162
O10:Coculture:F11:5-FU,O10,joint,35,16.5429037636
O10:Coculture:F11:5-FU,O10,joint,36,-0.741020000173
O10:Coculture:F11:5-FU,O10,joint,37,-0.801387965038
O10:Coculture:F11:5-FU,O10,joint,38,0.266005949152
O10:Coculture:F11:5-FU,O10,joint,39,4.65527892594
O10:Coculture:F11:5-FU,O10,joint,40,4.55785046201
O10:Coculture:F11:5-FU,O10,joint,41,5.53113314643
O10:Coculture:F11:5-FU,O10,joint,42,11.9100697329
O10:Coculture:F11:5-FU,O10,joint,43,11.7873504173
O10:Coculture:F11:5-FU,O10,joint,44,12.6221121507
O10:Coculture:F11:5-FU,O10,joint,45,-3.99763584948
O10:Coculture:F11:5-FU,O10,joint,46,-4.19539850414
O10:Coculture:F11:5-FU,O10,joint,47,-2.80802392391
O10:Coculture:F11:5-FU,O10,joint,48,2.2161480472
O10:Coculture:F11:5-FU,O10,joint,49,1.94604090437
O10:Coculture:F11:5-FU,O10,joint,50,3.10947597399
O10:Coculture:F11:5-FU,O10,joint,51,10.3911712897
O10:Coculture:F11:5-FU,O10,joint,52,10.1269460542
O10:Coculture:F11:5-FU,O10,joint,53,11.1058700332
O10:Coculture:F11:5-FU,O10,diagonal,0,3.42390826503
O10:Coculture:F11:5-FU,O10,diagonal,1,3.05364320353
O10:Coculture:F11:5-FU,O10,diagonal,2,7.67047095322
O10:Coculture:F11:5-FU,O10,diagonal,3,8.79726819456
O10:Coculture:F11:5-FU,O10,diagonal,4,8.4588473887
O10:Coculture:F11:5-FU,O10,diagonal,5,12.8924334247
O10:Coculture:F11:5-FU,O10,diagonal,6,15.6484133702
O10:Coculture:F11:5-FU,O10,diagonal,7,15.3952225448
O10:Coculture:F11:5-FU,O10,diagonal,8,19.2911472111
O10:Coculture:F11:5-FU,O10,diagonal,9,-0.734425835046
O10:Coculture:F11:5-FU,O10,diagonal,10,-1.33886368622
O10:Coculture:F11:5-FU,O10,diagonal,11,2.29950911172
O10:Coculture:F11:5-FU,O10,diagonal,12,6.0791597153
O10:Coculture:F11:5-FU,O10,diagonal,13,5.53758569723
O10:Coculture:F11:5-FU,O10,diagonal,14,8.85575373561
O10:Coculture:F11:5-FU,O10,diagonal,15,14.2138496575
O10:Coculture:F11:5-FU,O10,diagonal,16,13.8592149407
O10:Coculture:F11:5-FU,O10,diagonal,17,16.7457117566
O10:Coculture:F11:5-FU,O10,diagonal,18,-1.81276464955
O10:Coculture:F11:5-FU,O10,diagonal,19,-2.92680694989
O10:Coculture:F11:5-FU,O10,diagonal,20,1.5877999697
O10:Coculture:F11:5-FU,O10,diagonal,21,5.39802237746
O10:Coculture:F11:5-FU,O10,diagonal,22,4.6333471041
O10:Coculture:F11:5-FU,O10,diagonal,23,8.84588199465
O10:Coculture:F11:5-FU,O10,diagonal,24,13.7202217865
O10:Coculture:F11:5-FU,O10,diagonal,25,13.3779449953
O10:Coculture:F11:5-FU,O10,diagonal,26,17.2210693854
O10:Coculture:F11:5-FU,O10,diagonal,27,7.27589282027
O10:Coculture:F11:5-FU,O10,diagonal,28,7.18107510029
O10:Coculture:F11:5-FU,O10,diagonal,29,8.34843463421
O10:Coculture:F11:5-FU,O10,diagonal,30,12.1991565998
O10:Coculture:F11:5-FU,O10,diagonal,31,12.1065903345
O10:Coculture:F11:5-FU,O10,diagonal,32,13.2607972719
O10:Coculture:F11:5-FU,O10,diagonal,33,18.2813290411
O10:Coculture:F11:5-FU,O10,diagonal,34,18.1967238396
O10:Coculture:F11:5-FU,O10,diagonal,35,19.3051203486
O10:Coculture:F11:5-FU,O10,diagonal,36,1.4126713352
O10:Coculture:F11:5-FU,O10,diagonal,37,1.27507816665
O10:Coculture:F11:5-FU,O10,diagonal,38,2.2549950107
O10:Coculture:F11:5-FU,O10,diagonal,39,7.7293899057
O10:Coculture:F11:5-FU,O10,diagonal,40,7.57828044291
O10:Coculture:F11:5-FU,O10,diagonal,41,8.4878736424
O10:Coculture:F11:5-FU,O10,diagonal,42,15.4304487592
O10:Coculture:F11:5-FU,O10,diagonal,43,15.2950552547
O10:Coculture:F11:5-FU,O10,diagonal,44,16.1245972643
O10:Coculture:F11:5-FU,O10,diagonal,45,-1.65629426392
O10:Coculture:F11:5-FU,O10,diagonal,46,-1.96201916618
O10:Coculture:F11:5-FU,O10,diagonal,47,-0.713349551433
O10:Coculture:F11:5-FU,O10,diagonal,48,5.62227358238
O10:Coculture:F11:5-FU,O10,diagonal,49,5.3437630073
O10:Coculture:F11:5-FU,O10,diagonal,50,6.47241473719
O10:Coculture:F11:5-FU,O10,diagonal,51,14.1292618184
O10:Coculture:F11:5-FU,O10,diagonal,52,13.9380930001
O10:Coculture:F11:5-FU,O10,diagonal,53,14.9912267227
O10:Coculture:F11:Gef,O10,joint,0,11.827635427
O10:Coculture:F11:Gef,O10,joint,1,7.00518123886
O10:Coculture:F11:Gef,O10,joint,2,7.0970575212
O10:Coculture:F11:Gef,O10,joint,3,13.3816102999
O10:Coculture:F11:Gef,O10,joint,4,8.88920114991
O10:Coculture:F11:Gef,O10,joint,5,8.91999105108
O10:Coculture:F11:Gef,O10,joint,6,17.8451202303
O10:Coculture:F11:Gef,O10,joint,7,14.2236187403
O10:Coculture:F11:Gef,O10,joint,8,14.1670628951
O10:Coculture:F11:Gef,O10,joint,9,15.7793685325
O10:Coculture:F11:Gef,O10,joint,10,8.76813895359
O10:Coculture:F11:Gef,O10,joint,11,6.04000795336
O10:Coculture:F11:Gef,O10,joint,12,14.8824285627
O10:Coculture:F11:Gef,O10,joint,13,9.18166239497
O10:Coculture:F11:Gef,O10,joint,14,7.31927525678
O10:Coculture:F11:Gef,O10,joint,15,18.1945095812
O10:Coculture:F11:Gef,O10,joint,16,14.0843951578
O10:Coculture:F11:Gef,O10,joint,17,13.0559651719
O10:Coculture:F11:Gef,O10,joint,18,35.2108453546
O10:Coculture:F11:Gef,O10,joint,19,23.925679728
O10:Coculture:F11:Gef,O10,joint,20,18.3769623886
O10:Coculture:F11:Gef,O10,joint,21,25.8522365611
O10:Coculture:F11:Gef,O10,joint,22,17.712964539
O10:Coculture:F11:Gef,O10,joint,23,14.5662187249
O10:Coculture:F11:Gef,O10,joint,24,22.7302680153
O10:Coculture:F11:Gef,O10,joint,25,17.1957649818
O10:Coculture:F11:Gef,O10,joint,26,15.6927322528
O10:Coculture:F11:Gef,O10,joint,27,10.6229548035
O10:Coculture:F11:Gef,O10,joint,28,9.39407215616
O10:Coculture:F11:Gef,O10,joint,29,9.42338867281
O10:Coculture:F11:Gef,O10,joint,30,12.3463565939
O10:Coculture:F11:Gef,O10,joint,31,11.1407430469
O10:Coculture:F11:Gef,O10,joint,32,11.1637121175
O10:Coculture:F11:Gef,O10,joint,33,17.2777761935
O10:Coculture:F11:Gef,O10,joint,34,16.154673906
O10:Coculture:F11:Gef,O10,joint,35,16.1623713813
O10:Coculture:F11:Gef,O10,joint,36,7.54380000992
O10:Coculture:F11:Gef,O10,joint,37,5.57214687077
O10:Coculture:F11:Gef,O10,joint,38,4.73078230486
O10:Coculture:F11:Gef,O10,joint,39,9.34409534517
O10:Coculture:F11:Gef,O10,joint,40,7.59128795045
O10:Coculture:F11:Gef,O10,joint,41,6.9092552004
O10:Coculture:F11:Gef,O10,joint,42,14.9243082595
O10:Coculture:F11:Gef,O10,joint,43,13.4991167175
O10:Coculture:F11:Gef,O10,joint,44,13.033519933
O10:Coculture:F11:Gef,O10,joint,45,12.6142897267
O10:Coculture:F11:Gef,O10,joint,46,8.97478856879
O10:Coculture:F11:Gef,O10,joint,47,6.91917616821
O10:Coculture:F11:Gef,O10,joint,48,12.0402004801
O10:Coculture:F11:Gef,O10,joint,49,9.21890907349
O10:Coculture:F11:Gef,O10,joint,50,7.83172973862
O10:Coculture:F11:Gef,O10,joint,51,16.3229141068
O10:Coculture:F11:Gef,O10,joint,52,14.2880961013
O10:Coculture:F11:Gef,O10,joint,53,13.5014096478
O10:Coculture:F11:Gef,O10,diagonal,0,12.9396119416
O10:Coculture:F11:Gef,O10,diagonal,1,7.56704586901
O10:Coculture:F11:Gef,O10,diagonal,2,7.18447207314
O10:Coculture:F11:Gef,O10,diagonal,3,15.9975765816
O10:Coculture:F11:Gef,O10,diagonal,4,11.0130044701
O10:Coculture:F11:Gef,O10,diagonal,5,10.8010881359
O10:Coculture:F11:Gef,O10,diagonal,6,20.929500108
O10:Coculture:F11:Gef,O10,diagonal,7,16.8904368447
O10:Coculture:F11:Gef,O10,diagonal,8,17.0005684002
O10:Coculture:F11:Gef,O10,diagonal,9,15.2459211782
O10:Coculture:F11:Gef,O10,diagonal,10,8.30960214259
O10:Coculture:F11:Gef,O10,diagonal,11,5.62055545406
O10:Coculture:F11:Gef,O10,diagonal,12,16.3925355863
O10:Coculture:F11:Gef,O10,diagonal,13,10.9068743884
O10:Coculture:F11:Gef,O10,diagonal,14,9.28076050941
O10:Coculture:F11:Gef,O10,diagonal,15,20.4121672412
O10:Coculture:F11:Gef,O10,diagonal,16,16.5927626249
O10:Coculture:F11:Gef,O10,diagonal,17,16.0165132537
O10:Coculture:F11:Gef,O10,diagonal,18,29.9968778475
O10:Coculture:F11:Gef,O10,diagonal,19,19.6948072228
O10:Coculture:F11:Gef,O10,diagonal,20,15.0212422123
O10:Coculture:F11:Gef,O10,diagonal,21,23.1224418879
O10:Coculture:F11:Gef,O10,diagonal,22,16.2058304058
O10:Coculture:F11:Gef,O10,diagonal,23,14.2679192594
O10:Coculture:F11:Gef,O10,diagonal,24,22.207534094
O10:Coculture:F11:Gef,O10,diagonal,25,17.879562753
O10:Coculture:F11:Gef,O10,diagonal,26,17.7429257049
O10:Coculture:F11:Gef,O10,diagonal,27,11.2887006003
O10:Coculture:F11:Gef,O10,diagonal,28,9.91578377697
O10:Coculture:F11:Gef,O10,diagonal,29,9.80606931663
O10:Coculture:F11:Gef,O10,diagonal,30,14.5450537306
O10:Coculture:F11:Gef,O10,diagonal,31,13.2019122125
O10:Coculture:F11:Gef,O10,diagonal,32,13.1062687635
O10:Coculture:F11:Gef,O10,diagonal,33,20.03177128
O10:Coculture:F11:Gef,O10,diagonal,34,18.7856282522
O10:Coculture:F11:Gef,O10,diagonal,35,18.7326491686
O10:Coculture:F11:Gef,O10,diagonal,36,8.0488095962
O10:Coculture:F11:Gef,O10,diagonal,37,6.02523085556
O10:Coculture:F11:Gef,O10,diagonal,38,5.12253151513
O10:Coculture:F11:Gef,O10,diagonal,39,11.6755735644
O10:Coculture:F11:Gef,O10,diagonal,40,9.94149380547
O10:Coculture:F11:Gef,O10,diagonal,41,9.26923213334
O10:Coculture:F11:Gef,O10,diagonal,42,17.9710956919
O10:Coculture:F11:Gef,O10,diagonal,43,16.5996803924
O10:Coculture:F11:Gef,O10,diagonal,44,16.1931519227
O10:Coculture:F11:Gef,O10,diagonal,45,11.8113350238
O10:Coculture:F11:Gef,O10,diagonal,46,8.3164098582
O10:Coculture:F11:Gef,O10,diagonal,47,6.37628527039
O10:Coculture:F11:Gef,O10,diagonal,48,13.5476267865
O10:Coculture:F11:Gef,O10,diagonal,49,10.9721091303
O10:Coculture:F11:Gef,O10,diagonal,50,9.80371787773
O10:Coculture:F11:Gef,O10,diagonal,51,18.5421412816
O10:Coculture:F11:Gef,O10,diagonal,52,16.8129884111
O10:Coculture:F11:Gef,O10,diagonal,53,16.3285106245
O10:Coculture:F11:Oxa,O10,joint,0,148.809227803
O10:Coculture:F11:Oxa,O10,joint,1,141.966471167
O10:Coculture:F11:Oxa,O10,joint,2,140.038050587
O10:Coculture:F11:Oxa,O10,joint,3,48.7160772947
O10:Coculture:F11:Oxa,O10,joint,4,42.3916698067
O10:Coculture:F11:Oxa,O10,joint,5,40.586692162
O10:Coculture:F11:Oxa,O10,joint,6,27.4474756518
O10:Coculture:F11:Oxa,O10,joint,7,22.4305444505
O10:Coculture:F11:Oxa,O10,joint,8,20.9291589852
O10:Coculture:F11:Oxa,O10,joint,9,148.69047975
O10:Coculture:F11:Oxa,O10,joint,10,142.352907741
O10:Coculture:F11:Oxa,O10,joint,11,140.298180324
O10:Coculture:F11:Oxa,O10,joint,12,46.9135750746
O10:Coculture:F11:Oxa,O10,joint,13,41.4865528227
O10:Coculture:F11:Oxa,O10,joint,14,39.8894547666
O10:Coculture:F11:Oxa,O10,joint,15,25.7074945786
O10:Coculture:F11:Oxa,O10,joint,16,21.2529623771
O10:Coculture:F11:Oxa,O10,joint,17,19.8424065547
O10:Coculture:F11:Oxa,O10,joint,18,161.830114223
O10:Coculture:F11:Oxa,O10,joint,19,154.992696952
O10:Coculture:F11:Oxa,O10,joint,20,153.889448531
O10:Coculture:F11:Oxa,O10,joint,21,50.6263233049
O10:Coculture:F11:Oxa,O10,joint,22,43.6726676429
O10:Coculture:F11:Oxa,O10,joint,23,41.6916088385
O10:Coculture:F11:Oxa,O10,joint,24,27.6530156047
O10:Coculture:F11:Oxa,O10,joint,25,21.5137962175
O10:Coculture:F11:Oxa,O10,joint,26,19.3601009132
O10:Coculture:F11:Oxa,O10,joint,27,146.409727446
O10:Coculture:F11:Oxa,O10,joint,28,144.66074735
O10:Coculture:F11:Oxa,O10,joint,29,144.169227048
O10:Coculture:F11:Oxa,O10,joint,30,46.6118626506
O10:Coculture:F11:Oxa,O10,joint,31,44.9011734916
O10:Coculture:F11:Oxa,O10,joint,32,44.4190683465
O10:Coculture:F11:Oxa,O10,joint,33,26.1376302209
O10:Coculture:F11:Oxa,O10,joint,34,24.5565283489
O10:Coculture:F11:Oxa,O10,joint,35,24.1052839377
O10:Coculture:F11:Oxa,O10,joint,36,141.941322416
O10:Coculture:F11:Oxa,O10,joint,37,140.162733818
O10:Coculture:F11:Oxa,O10,joint,38,139.511907099
O10:Coculture:F11:Oxa,O10,joint,39,42.5881709521
O10:Coculture:F11:Oxa,O10,joint,40,41.0037779496
O10:Coculture:F11:Oxa,O10,joint,41,40.4900960955
O10:Coculture:F11:Oxa,O10,joint,42,22.9351681125
O10:Coculture:F11:Oxa,O10,joint,43,21.5784125495
O10:Coculture:F11:Oxa,O10,joint,44,21.1791380354
O10:Coculture:F11:Oxa,O10,joint,45,149.351521217
O10:Coculture:F11:Oxa,O10,joint,46,147.44486927
O10:Coculture:F11:Oxa,O10,joint,47,147.123354559
O10:Coculture:F11:Oxa,O10,joint,48,43.6845779274
O10:Coculture:F11:Oxa,O10,joint,49,41.9752236098
O10:Coculture:F11:Oxa,O10,joint,50,41.6994115045
O10:Coculture:F11:Oxa,O10,joint,51,22.5008862145
O10:Coculture:F11:Oxa,O10,joint,52,20.762472299
O10:Coculture:F11:Oxa,O10,joint,53,20.267207598
O10:Coculture:F11:Oxa,O10,diagonal,0,82.3818017606
O10:Coculture:F11:Oxa,O10,diagonal,1,75.01729535
O10:Coculture:F11:Oxa,O10,diagonal,2,72.6398817506
O10:Coculture:F11:Oxa,O10,diagonal,3,35.0010274316
O10:Coculture:F11:Oxa,O10,diagonal,4,28.0165488955
O10:Coculture:F11:Oxa,O10,diagonal,5,25.8040772011
O10:Coculture:F11:Oxa,O10,diagonal,6,27.4374959697
O10:Coculture:F11:Oxa,O10,diagonal,7,21.4492489984
O10:Coculture:F11:Oxa,O10,diagonal,8,19.6101175189
O10:Coculture:F11:Oxa,O10,diagonal,9,80.2998207602
O10:Coculture:F11:Oxa,O10,diagonal,10,74.0611458131
O10:Coculture:F11:Oxa,O10,diagonal,11,72.0652815151
O10:Coculture:F11:Oxa,O10,diagonal,12,31.562819092
O10:Coculture:F11:Oxa,O10,diagonal,13,26.2276032532
O10:Coculture:F11:Oxa,O10,diagonal,14,24.7521294708
O10:Coculture:F11:Oxa,O10,diagonal,15,24.4905536217
O10:Coculture:F11:Oxa,O10,diagonal,16,19.9726422147
O10:Coculture:F11:Oxa,O10,diagonal,17,18.6958623405
O10:Coculture:F11:Oxa,O10,diagonal,18,86.2642038499
O10:Coculture:F11:Oxa,O10,diagonal,19,79.6104543291
O10:Coculture:F11:Oxa,O10,diagonal,20,78.5853540281
O10:Coculture:F11:Oxa,O10,diagonal,21,33.5918923576
O10:Coculture:F11:Oxa,O10,diagonal,22,26.8825343535
O10:Coculture:F11:Oxa,O10,diagonal,23,25.1503865133
O10:Coculture:F11:Oxa,O10,diagonal,24,25.787156028
O10:Coculture:F11:Oxa,O10,diagonal,25,19.8762974068
O10:Coculture:F11:Oxa,O10,diagonal,26,18.150839967
O10:Coculture:F11:Oxa,O10,diagonal,27,79.2495226271
O10:Coculture:F11:Oxa,O10,diagonal,28,77.3794517421
O10:Coculture:F11:Oxa,O10,diagonal,29,76.7715581109
O10:Coculture:F11:Oxa,O10,diagonal,30,31.9386299737
O10:Coculture:F11:Oxa,O10,diagonal,31,30.0975033711
O10:Coculture:F11:Oxa,O10,diagonal,32,29.5031499712
O10:Coculture:F11:Oxa,O10,diagonal,33,24.8322688503
O10:Coculture:F11:Oxa,O10,diagonal,34,23.0861492163
O10:Coculture:F11:Oxa,O10,diagonal,35,22.5330312927
O10:Coculture:F11:Oxa,O10,diagonal,36,74.7819811664
O10:Coculture:F11:Oxa,O10,diagonal,37,72.9811019172
O10:Coculture:F11:Oxa,O10,diagonal,38,72.2977326807
O10:Coculture:F11:Oxa,O10,diagonal,39,27.9879515545
O10:Coculture:F11:Oxa,O10,diagonal,40,26.4282828177
O10:Coculture:F11:Oxa,O10,diagonal,41,25.9293167433
O10:Coculture:F11:Oxa,O10,diagonal,42,21.8013636034
O10:Coculture:F11:Oxa,O10,diagonal,43,20.4675596437
O10:Coculture:F11:Oxa,O10,diagonal,44,20.0986911981
O10:Coculture:F11:Oxa,O10,diagonal,45,77.720719105
O10:Coculture:F11:Oxa,O10,diagonal,46,75.9694064069
O10:Coculture:F11:Oxa,O10,diagonal,47,75.7724882258
O10:Coculture:F11:Oxa,O10,diagonal,48,27.6415157073
O10:Coculture:F11:Oxa,O10,diagonal,49,25.978078327
O10:Coculture:F11:Oxa,O10,diagonal,50,25.7218032518
O10:Coculture:F11:Oxa,O10,diagonal,51,21.1777293135
O10:Coculture:F11:Oxa,O10,diagonal,52,19.5003898124
O10:Coculture:F11:Oxa,O10,diagonal,53,19.0673528524
O10:Coculture:F11:SN-38,O10,joint,0,119.479436477
O10:Coculture:F11:SN-38,O10,joint,1,115.033971742
O10:Coculture:F11:SN-38,O10,joint,2,115.506874307
O10:Coculture:F11:SN-38,O10,joint,3,39.9285151126
O10:Coculture:F11:SN-38,O10,joint,4,35.6995347596
O10:Coculture:F11:SN-38,O10,joint,5,35.9922243316
O10:Coculture:F11:SN-38,O10,joint,6,24.3980890201
O10:Coculture:F11:SN-38,O10,joint,7,20.8552264097
O10:Coculture:F11:SN-38,O10,joint,8,20.8130367412
O10:Coculture:F11:SN-38,O10,joint,9,125.287113788
O10:Coculture:F11:SN-38,O10,joint,10,121.600151133
O10:Coculture:F11:SN-38,O10,joint,11,122.196412541
O10:Coculture:F11:SN-38,O10,joint,12,41.7737294028
O10:Coculture:F11:SN-38,O10,joint,13,37.5029169093
O10:Coculture:F11:SN-38,O10,joint,14,37.0614568918
O10:Coculture:F11:SN-38,O10,joint,15,24.9009910536
O10:Coculture:F11:SN-38,O10,joint,16,21.1002081541
O10:Coculture:F11:SN-38,O10,joint,17,20.3262222342
O10:Coculture:F11:SN-38,O10,joint,18,155.264824579
O10:Coculture:F11:SN-38,O10,joint,19,147.596072419
O10:Coculture:F11:SN-38,O10,joint,20,145.667033437
O10:Coculture:F11:SN-38,O10,joint,21,54.9027409422
O10:Coculture:F11:SN-38,O10,joint,22,47.5787589223
O10:Coculture:F11:SN-38,O10,joint,23,45.2223114709
O10:Coculture:F11:SN-38,O10,joint,24,30.4184471165
O10:Coculture:F11:SN-38,O10,joint,25,24.6304346819
O10:Coculture:F11:SN-38,O10,joint,26,22.7992666029
O10:Coculture:F11:SN-38,O10,joint,27,118.776266681
O10:Coculture:F11:SN-38,O10,joint,28,117.651382401
O10:Coculture:F11:SN-38,O10,joint,29,117.784809191
O10:Coculture:F11:SN-38,O10,joint,30,39.2565830394
O10:Coculture:F11:SN-38,O10,joint,31,38.1452168557
O10:Coculture:F11:SN-38,O10,joint,32,38.263442497
O10:Coculture:F11:SN-38,O10,joint,33,23.9241607341
O10:Coculture:F11:SN-38,O10,joint,34,22.8669156459
O10:Coculture:F11:SN-38,O10,joint,35,22.9400880389
O10:Coculture:F11:SN-38,O10,joint,36,116.974834287
O10:Coculture:F11:SN-38,O10,joint,37,116.329109008
O10:Coculture:F11:SN-38,O10,joint,38,116.811012663
O10:Coculture:F11:SN-38,O10,joint,39,36.7287484564
O10:Coculture:F11:SN-38,O10,joint,40,35.8070077927
O10:Coculture:F11:SN-38,O10,joint,41,35.9560731446
O10:Coculture:F11:SN-38,O10,joint,42,21.6500341095
O10:Coculture:F11:SN-38,O10,joint,43,20.5823309861
O10:Coculture:F11:SN-38,O10,joint,44,20.4719659818
O10:Coculture:F11:SN-38,O10,joint,45,133.843610415
O10:Coculture:F11:SN-38,O10,joint,46,132.398237273
O10:Coculture:F11:SN-38,O10,joint,47,132.538452444
O10:Coculture:F11:SN-38,O10,joint,48,42.0406815587
O10:Coculture:F11:SN-38,O10,joint,49,40.1234935185
O10:Coculture:F11:SN-38,O10,joint,50,39.641233773
O10:Coculture:F11:SN-38,O10,joint,51,23.5633828277
O10:Coculture:F11:SN-38,O10,joint,52,21.7323873227
O10:Coculture:F11:SN-38,O10,joint,53,21.1432754598
O10:Coculture:F11:SN-38,O10,diagonal,0,65.3070786781
O10:Coculture:F11:SN-38,O10,diagonal,1,60.7534672978
O10:Coculture:F11:SN-38,O10,diagonal,2,61.188802212
O10:Coculture:F11:SN-38,O10,diagonal,3,28.6140312393
O10:Coculture:F11:SN-38,O10,diagonal,4,24.1776808575
O10:Coculture:F11:SN-38,O10,diagonal,5,24.5146125426
O10:Coculture:F11:SN-38,O10,diagonal,6,24.1288724607
O10:Coculture:F11:SN-38,O10,diagonal,7,20.2307314693
O10:Coculture:F11:SN-38,O10,diagonal,8,20.4893779178
O10:Coculture:F11:SN-38,O10,diagonal,9,68.6370355057
O10:Coculture:F11:SN-38,O10,diagonal,10,64.4116554064
O10:Coculture:F11:SN-38,O10,diagonal,11,64.424151031
O10:Coculture:F11:SN-38,O10,diagonal,12,29.3451628125
O10:Coculture:F11:SN-38,O10,diagonal,13,24.8835727921
O10:Coculture:F11:SN-38,O10,diagonal,14,24.2784219827
O10:Coculture:F11:SN-38,O10,diagonal,15,23.8438306237
O10:Coculture:F11:SN-38,O10,diagonal,16,20.1949382002
O10:Coculture:F11:SN-38,O10,diagonal,17,19.7879359582
O10:Coculture:F11:SN-38,O10,diagonal,18,87.9056307648
O10:Coculture:F11:SN-38,O10,diagonal,19,80.111282417
O10:Coculture:F11:SN-38,O10,diagonal,20,77.9383018107
O10:Coculture:F11:SN-38,O10,diagonal,21,37.7357358213
O10:Coculture:F11:SN-38,O10,diagonal,22,31.3562533393
O10:Coculture:F11:SN-38,O10,diagonal,23,29.951594891
O10:Coculture:F11:SN-38,O10,diagonal,24,26.3686322187
O10:Coculture:F11:SN-38,O10,diagonal,25,21.973943447
O10:Coculture:F11:SN-38,O10,diagonal,26,21.7731348621
O10:Coculture:F11:SN-38,O10,diagonal,27,64.4724616021
O10:Coculture:F11:SN-38,O10,diagonal,28,63.329710559
O10:Coculture:F11:SN-38,O10,diagonal,29,63.4497968689
O10:Coculture:F11:SN-38,O10,diagonal,30,27.652948042
O10:Coculture:F11:SN-38,O10,diagonal,31,26.5145451969
O10:Coculture:F11:SN-38,O10,diagonal,32,26.6233789255
O10:Coculture:F11:SN-38,O10,diagonal,33,23.2327674002
O10:Coculture:F11:SN-38,O10,diagonal,34,22.1236798047
O10:Coculture:F11:SN-38,O10,diagonal,35,22.207912726
O10:Coculture:F11:SN-38,O10,diagonal,36,62.1614487514
O10:Coculture:F11:SN-38,O10,diagonal,37,61.3653534609
O10:Coculture:F11:SN-38,O10,diagonal,38,61.685415556
O10:Coculture:F11:SN-38,O10,diagonal,39,25.0856930389
O10:Coculture:F11:SN-38,O10,diagonal,40,24.029348014
O10:Coculture:F11:SN-38,O10,diagonal,41,24.0324719202
O10:Coculture:F11:SN-38,O10,diagonal,42,21.2706439185
O10:Coculture:F11:SN-38,O10,diagonal,43,20.1552464134
O10:Coculture:F11:SN-38,O10,diagonal,44,20.0039587111
O10:Coculture:F11:SN-38,O10,diagonal,45,71.7510168852
O10:Coculture:F11:SN-38,O10,diagonal,46,69.894215383
O10:Coculture:F11:SN-38,O10,diagonal,47,69.58964817
O10:Coculture:F11:SN-38,O10,diagonal,48,28.0759098154
O10:Coculture:F11:SN-38,O10,diagonal,49,26.1273227285
O10:Coculture:F11:SN-38,O10,diagonal,50,25.5840775769
O10:Coculture:F11:SN-38,O10,diagonal,51,22.2364818765
O10:Coculture:F11:SN-38,O10,diagonal,52,20.641611256
O10:Coculture:F11:SN-38,O10,diagonal,53,20.2904466439
O11:Coculture:F06:5-FU,O11,joint,0,4.01858929323
O11:Coculture:F06:5-FU,O11,joint,1,1.54606834045
O11:Coculture:F06:5-FU,O11,joint,2,3.98788344327
O11:Coculture:F06:5-FU,O11,joint,3,7.92831765765
O11:Coculture:F06:5-FU,O11,joint,4,5.62683382965
O11:Coculture:F06:5-FU,O11,joint,5,7.8447798449
O11:Coculture:F06:5-FU,O11,joint,6,13.7380626141
O11:Coculture:F06:5-FU,O11,joint,7,11.9280560599
O11:Coculture:F06:5-FU,O11,joint,8,13.6335952416
O11:Coculture:F06:5-FU,O11,joint,9,0.731564024944
O11:Coculture:F06:5-FU,O11,joint,10,-1.70179593742
O11:Coculture:F06:5-FU,O11,joint,11,0.147688693563
O11:Coculture:F06:5-FU,O11,joint,12,4.94281541444
O11:Coculture:F06:5-FU,O11,joint,13,2.73378190521
O11:Coculture:F06:5-FU,O11,joint,14,4.35467259185
O11:Coculture:F06:5-FU,O11,joint,15,11.7131380016
O11:Coculture:F06:5-FU,O11,joint,16,10.0742490401
O11:Coculture:F06:5-FU,O11,joint,17,11.4793364576
O11:Coculture:F06:5-FU,O11,joint,18,2.3382282894
O11:Coculture:F06:5-FU,O11,joint,19,-1.34616945515
O11:Coculture:F06:5-FU,O11,joint,20,0.703601650092
O11:Coculture:F06:5-FU,O11,joint,21,4.25857070879
O11:Coculture:F06:5-FU,O11,joint,22,1.56526910756
O11:Coculture:F06:5-FU,O11,joint,23,3.84456436402
O11:Coculture:F06:5-FU,O11,joint,24,11.1361396939
O11:Coculture:F06:5-FU,O11,joint,25,9.18049992604
O11:Coculture:F06:5-FU,O11,joint,26,11.2103842411
O11:Coculture:F06:5-FU,O11,joint,27,6.64726971261
O11:Coculture:F06:5-FU,O11,joint,28,6.01803798747
O11:Coculture:F06:5-FU,O11,joint,29,6.64626605641
O11:Coculture:F06:5-FU,O11,joint,30,10.4142030231
O11:Coculture:F06:5-FU,O11,joint,31,9.79607278495
O11:Coculture:F06:5-FU,O11,joint,32,10.4065265606
O11:Coculture:F06:5-FU,O11,joint,33,15.9406903116
O11:Coculture:F06:5-FU,O11,joint,34,15.3653193546
O11:Coculture:F06:5-FU,O11,joint,35,15.9198058584
O11:Coculture:F06:5-FU,O11,joint,36,1.15807165686
O11:Coculture:F06:5-FU,O11,joint,37,0.58596529207
O11:Coculture:F06:5-FU,O11,joint,38,1.14162080633
O11:Coculture:F06:5-FU,O11,joint,39,5.59844202075
O11:Coculture:F06:5-FU,O11,joint,40,4.99010203015
O11:Coculture:F06:5-FU,O11,joint,41,5.4524731879
O11:Coculture:F06:5-FU,O11,joint,42,12.4424781974
O11:Coculture:F06:5-FU,O11,joint,43,11.8902198201
O11:Coculture:F06:5-FU,O11,joint,44,12.2954424918
O11:Coculture:F06:5-FU,O11,joint,45,0.381222549782
O11:Coculture:F06:5-FU,O11,joint,46,-0.753074658942
O11:Coculture:F06:5-FU,O11,joint,47,-0.302234632775
O11:Coculture:F06:5-FU,O11,joint,48,3.81160644405
O11:Coculture:F06:5-FU,O11,joint,49,2.89050700791
O11:Coculture:F06:5-FU,O11,joint,50,3.40294978422
O11:Coculture:F06:5-FU,O11,joint,51,10.9089480655
O11:Coculture:F06:5-FU,O11,joint,52,10.2356226652
O11:Coculture:F06:5-FU,O11,joint,53,10.8054464793
O11:Coculture:F06:5-FU,O11,diagonal,0,5.8979719022
O11:Coculture:F06:5-FU,O11,diagonal,1,3.05624422498
O11:Coculture:F06:5-FU,O11,diagonal,2,5.20160935897
O11:Coculture:F06:5-FU,O11,diagonal,3,10.8903152527
O11:Coculture:F06:5-FU,O11,diagonal,4,8.15832602484
O11:Coculture:F06:5-FU,O11,diagonal,5,10.1983436388
O11:Coculture:F06:5-FU,O11,diagonal,6,17.3904238145
O11:Coculture:F06:5-FU,O11,diagonal,7,15.0187897838
O11:Coculture:F06:5-FU,O11,diagonal,8,16.796271245
O11:Coculture:F06:5-FU,O11,diagonal,9,2.34667889027
O11:Coculture:F06:5-FU,O11,diagonal,10,-0.307823139766
O11:Coculture:F06:5-FU,O11,diagonal,11,1.2804854793
O11:Coculture:F06:5-FU,O11,diagonal,12,7.96862187556
O11:Coculture:F06:5-FU,O11,diagonal,13,5.65859132229
O11:Coculture:F06:5-FU,O11,diagonal,14,7.20830282546
O11:Coculture:F06:5-FU,O11,diagonal,15,15.4884676497
O11:Coculture:F06:5-FU,O11,diagonal,16,13.6482335126
O11:Coculture:F06:5-FU,O11,diagonal,17,15.0491309082
O11:Coculture:F06:5-FU,O11,diagonal,18,2.36347520938
O11:Coculture:F06:5-FU,O11,diagonal,19,-1.21623915225
O11:Coculture:F06:5-FU,O11,diagonal,20,0.832695706052
O11:Coculture:F06:5-FU,O11,diagonal,21,7.30222953979
O11:Coculture:F06:5-FU,O11,diagonal,22,4.47215862113
O11:Coculture:F06:5-FU,O11,diagonal,23,6.61929786638
O11:Coculture:F06:5-FU,O11,diagonal,24,15.2373952271
O11:Coculture:F06:5-FU,O11,diagonal,25,12.8952727651
O11:Coculture:F06:5-FU,O11,diagonal,26,14.7385514846
O11:Coculture:F06:5-FU,O11,diagonal,27,8.16513950883
O11:Coculture:F06:5-FU,O11,diagonal,28,7.44837734643
O11:Coculture:F06:5-FU,O11,diagonal,29,7.99379243791
O11:Coculture:F06:5-FU,O11,diagonal,30,12.8176725091
O11:Coculture:F06:5-FU,O11,diagonal,31,12.1072405898
O11:Coculture:F06:5-FU,O11,diagonal,32,12.6435818733
O11:Coculture:F06:5-FU,O11,diagonal,33,18.8045908056
O11:Coculture:F06:5-FU,O11,diagonal,34,18.1215934986
O11:Coculture:F06:5-FU,O11,diagonal,35,18.6315979021
O11:Coculture:F06:5-FU,O11,diagonal,36,2.81046264264
O11:Coculture:F06:5-FU,O11,diagonal,37,2.13539472666
O11:Coculture:F06:5-FU,O11,diagonal,38,2.57783682327
O11:Coculture:F06:5-FU,O11,diagonal,39,8.49966608703
O11:Coculture:F06:5-FU,O11,diagonal,40,7.83604057952
O11:Coculture:F06:5-FU,O11,diagonal,41,8.23311773429
O11:Coculture:F06:5-FU,O11,diagonal,42,15.9028142993
O11:Coculture:F06:5-FU,O11,diagonal,43,15.3253066609
O11:Coculture:F06:5-FU,O11,diagonal,44,15.7127345367
O11:Coculture:F06:5-FU,O11,diagonal,45,1.14200334643
O11:Coculture:F06:5-FU,O11,diagonal,46,-0.00179418785624
O11:Coculture:F06:5-FU,O11,diagonal,47,0.40880279487
O11:Coculture:F06:5-FU,O11,diagonal,48,6.66633354711
O11:Coculture:F06:5-FU,O11,diagonal,49,5.77140495671
O11:Coculture:F06:5-FU,O11,diagonal,50,6.28363867128
O11:Coculture:F06:5-FU,O11,diagonal,51,14.605313609
O11:Coculture:F06:5-FU,O11,diagonal,52,13.8977958794
O11:Coculture:F06:5-FU,O11,diagonal,53,14.4345806907
O11:Coculture:F06:Gef,O11,joint,0,4.96377974875
O11:Coculture:F06:Gef,O11,joint,1,3.74528539579
O11:Coculture:F06:Gef,O11,joint,2,7.44112151328
O11:Coculture:F06:Gef,O11,joint,3,7.63566556516
O11:Coculture:F06:Gef,O11,joint,4,6.49026602661
O11:Coculture:F06:Gef,O11,joint,5,9.86806553924
O11:Coculture:F06:Gef,O11,joint,6,13.3023439708
O11:Coculture:F06:Gef,O11,joint,7,12.3435995074
O11:Coculture:F06:Gef,O11,joint,8,14.9498006889
O11:Coculture:F06:Gef,O11,joint,9,3.55293344017
O11:Coculture:F06:Gef,O11,joint,10,2.22991562947
O11:Coculture:F06:Gef,O11,joint,11,5.18999639741
O11:Coculture:F06:Gef,O11,joint,12,5.16898120697
O11:Coculture:F06:Gef,O11,joint,13,4.16903357952
O11:Coculture:F06:Gef,O11,joint,14,7.00746498164
O11:Coculture:F06:Gef,O11,joint,15,11.649130058
O11:Coculture:F06:Gef,O11,joint,16,10.6890950106
O11:Coculture:F06:Gef,O11,joint,17,12.8107444005
O11:Coculture:F06:Gef,O11,joint,18,6.36240371903
O11:Coculture:F06:Gef,O11,joint,19,5.42482870952
O11:Coculture:F06:Gef,O11,joint,20,10.2237019871
O11:Coculture:F06:Gef,O11,joint,21,5.98537602085
O11:Coculture:F06:Gef,O11,joint,22,4.310352272
O11:Coculture:F06:Gef,O11,joint,23,7.62785473108
O11:Coculture:F06:Gef,O11,joint,24,11.8822224167
O11:Coculture:F06:Gef,O11,joint,25,10.2002623546
O11:Coculture:F06:Gef,O11,joint,26,12.549772597
O11:Coculture:F06:Gef,O11,joint,27,8.14665929369
O11:Coculture:F06:Gef,O11,joint,28,7.83693110377
O11:Coculture:F06:Gef,O11,joint,29,8.78540207783
O11:Coculture:F06:Gef,O11,joint,30,10.6303926744
O11:Coculture:F06:Gef,O11,joint,31,10.3257690861
O11:Coculture:F06:Gef,O11,joint,32,11.2497281155
O11:Coculture:F06:Gef,O11,joint,33,15.8412900099
O11:Coculture:F06:Gef,O11,joint,34,15.5549401252
O11:Coculture:F06:Gef,O11,joint,35,16.3993900034
O11:Coculture:F06:Gef,O11,joint,36,3.73861061104
O11:Coculture:F06:Gef,O11,joint,37,3.26657236243
O11:Coculture:F06:Gef,O11,joint,38,3.92482268707
O11:Coculture:F06:Gef,O11,joint,39,6.2874865721
O11:Coculture:F06:Gef,O11,joint,40,5.95673211942
O11:Coculture:F06:Gef,O11,joint,41,6.69675231141
O11:Coculture:F06:Gef,O11,joint,42,12.4959464205
O11:Coculture:F06:Gef,O11,joint,43,12.2459595137
O11:Coculture:F06:Gef,O11,joint,44,12.9555673642
O11:Coculture:F06:Gef,O11,joint,45,4.14871629751
O11:Coculture:F06:Gef,O11,joint,46,3.99177128598
O11:Coculture:F06:Gef,O11,joint,47,5.41871503179
O11:Coculture:F06:Gef,O11,joint,48,4.82809007124
O11:Coculture:F06:Gef,O11,joint,49,4.59369631887
O11:Coculture:F06:Gef,O11,joint,50,5.79341463826
O11:Coculture:F06:Gef,O11,joint,51,11.3561989718
O11:Coculture:F06:Gef,O11,joint,52,10.9374430346
O11:Coculture:F06:Gef,O11,joint,53,11.7668186493
O11:Coculture:F06:Gef,O11,diagonal,0,5.54218676337
O11:Coculture:F06:Gef,O11,diagonal,1,4.14890949659
O11:Coculture:F06:Gef,O11,diagonal,2,7.74562450651
O11:Coculture:F06:Gef,O11,diagonal,3,9.94983259341
O11:Coculture:F06:Gef,O11,diagonal,4,8.6676744751
O11:Coculture:F06:Gef,O11,diagonal,5,12.1581721341
O11:Coculture:F06:Gef,O11,diagonal,6,16.3598737982
O11:Coculture:F06:Gef,O11,diagonal,7,15.3054839632
O11:Coculture:F06:Gef,O11,diagonal,8,18.400288947
O11:Coculture:F06:Gef,O11,diagonal,9,3.14875535
O11:Coculture:F06:Gef,O11,diagonal,10,1.86806238339
O11:Coculture:F06:Gef,O11,diagonal,11,4.83464176381
O11:Coculture:F06:Gef,O11,diagonal,12,7.56746027356
O11:Coculture:F06:Gef,O11,diagonal,13,6.50433433296
O11:Coculture:F06:Gef,O11,diagonal,14,9.30075571116
O11:Coculture:F06:Gef,O11,diagonal,15,14.9734711985
O11:Coculture:F06:Gef,O11,diagonal,16,14.0624770765
O11:Coculture:F06:Gef,O11,diagonal,17,16.3946381996
O11:Coculture:F06:Gef,O11,diagonal,18,4.25211160918
O11:Coculture:F06:Gef,O11,diagonal,19,2.95851462249
O11:Coculture:F06:Gef,O11,diagonal,20,7.29342324999
O11:Coculture:F06:Gef,O11,diagonal,21,7.82122696886
O11:Coculture:F06:Gef,O11,diagonal,22,6.3242102323
O11:Coculture:F06:Gef,O11,diagonal,23,9.80589383152
O11:Coculture:F06:Gef,O11,diagonal,24,14.8319706903
O11:Coculture:F06:Gef,O11,diagonal,25,13.6770677009
O11:Coculture:F06:Gef,O11,diagonal,26,16.7134990042
O11:Coculture:F06:Gef,O11,diagonal,27,8.58157254253
O11:Coculture:F06:Gef,O11,diagonal,28,8.2235886363
O11:Coculture:F06:Gef,O11,diagonal,29,9.12880709304
O11:Coculture:F06:Gef,O11,diagonal,30,12.6956974361
O11:Coculture:F06:Gef,O11,diagonal,31,12.3473781194
O11:Coculture:F06:Gef,O11,diagonal,32,13.2465568719
O11:Coculture:F06:Gef,O11,diagonal,33,18.519835283
O11:Coculture:F06:Gef,O11,diagonal,34,18.1992957534
O11:Coculture:F06:Gef,O11,diagonal,35,19.0719201682
O11:Coculture:F06:Gef,O11,diagonal,36,4.03839029166
O11:Coculture:F06:Gef,O11,diagonal,37,3.59019653032
O11:Coculture:F06:Gef,O11,diagonal,38,4.26288216919
O11:Coculture:F06:Gef,O11,diagonal,39,8.65128210733
O11:Coculture:F06:Gef,O11,diagonal,40,8.33110886567
O11:Coculture:F06:Gef,O11,diagonal,41,9.07275371078
O11:Coculture:F06:Gef,O11,diagonal,42,15.7648268637
O11:Coculture:F06:Gef,O11,diagonal,43,15.4990453785
O11:Coculture:F06:Gef,O11,diagonal,44,16.1981507231
O11:Coculture:F06:Gef,O11,diagonal,45,2.88028826973
O11:Coculture:F06:Gef,O11,diagonal,46,2.65081390715
O11:Coculture:F06:Gef,O11,diagonal,47,3.97614012234
O11:Coculture:F06:Gef,O11,diagonal,48,7.11143522694
O11:Coculture:F06:Gef,O11,diagonal,49,6.78803598027
O11:Coculture:F06:Gef,O11,diagonal,50,7.87176313715
O11:Coculture:F06:Gef,O11,diagonal,51,14.7168375519
O11:Coculture:F06:Gef,O11,diagonal,52,14.3425833677
O11:Coculture:F06:Gef,O11,diagonal,53,15.2130042675
O11:Coculture:F06:Oxa,O11,joint,0,9.50626898156
O11:Coculture:F06:Oxa,O11,joint,1,4.47281609593
O11:Coculture:F06:Oxa,O11,joint,2,4.3536992659
O11:Coculture:F06:Oxa,O11,joint,3,12.3493038498
O11:Coculture:F06:Oxa,O11,joint,4,7.69123001093
O11:Coculture:F06:Oxa,O11,joint,5,7.55258601534
O11:Coculture:F06:Oxa,O11,joint,6,17.2582238346
O11:Coculture:F06:Oxa,O11,joint,7,13.5132967438
O11:Coculture:F06:Oxa,O11,joint,8,13.283915389
O11:Coculture:F06:Oxa,O11,joint,9,12.8110976311
O11:Coculture:F06:Oxa,O11,joint,10,8.90499003033
O11:Coculture:F06:Oxa,O11,joint,11,9.28172702295
O11:Coculture:F06:Oxa,O11,joint,12,11.8488866754
O11:Coculture:F06:Oxa,O11,joint,13,8.45398663191
O11:Coculture:F06:Oxa,O11,joint,14,8.8890107843
O11:Coculture:F06:Oxa,O11,joint,15,16.5048881269
O11:Coculture:F06:Oxa,O11,joint,16,13.2321951217
O11:Coculture:F06:Oxa,O11,joint,17,13.0034784955
O11:Coculture:F06:Oxa,O11,joint,18,36.8173971924
O11:Coculture:F06:Oxa,O11,joint,19,33.93741473
O11:Coculture:F06:Oxa,O11,joint,20,36.7916011174
O11:Coculture:F06:Oxa,O11,joint,21,21.5022764467
O11:Coculture:F06:Oxa,O11,joint,22,16.3405833241
O11:Coculture:F06:Oxa,O11,joint,23,16.1514870592
O11:Coculture:F06:Oxa,O11,joint,24,20.3713126943
O11:Coculture:F06:Oxa,O11,joint,25,15.0702654416
O11:Coculture:F06:Oxa,O11,joint,26,13.7547422718
O11:Coculture:F06:Oxa,O11,joint,27,8.79402993962
O11:Coculture:F06:Oxa,O11,joint,28,7.50741842919
O11:Coculture:F06:Oxa,O11,joint,29,7.47826671284
O11:Coculture:F06:Oxa,O11,joint,30,11.7861229452
O11:Coculture:F06:Oxa,O11,joint,31,10.5277597238
O11:Coculture:F06:Oxa,O11,joint,32,10.4979805163
O11:Coculture:F06:Oxa,O11,joint,33,17.0459368596
O11:Coculture:F06:Oxa,O11,joint,34,15.8814183999
O11:Coculture:F06:Oxa,O11,joint,35,15.846757401
O11:Coculture:F06:Oxa,O11,joint,36,6.46748690302
O11:Coculture:F06:Oxa,O11,joint,37,5.26496753284
O11:Coculture:F06:Oxa,O11,joint,38,5.19021004172
O11:Coculture:F06:Oxa,O11,joint,39,8.61832542228
O11:Coculture:F06:Oxa,O11,joint,40,7.64179852209
O11:Coculture:F06:Oxa,O11,joint,41,7.73598277025
O11:Coculture:F06:Oxa,O11,joint,42,14.1689960126
O11:Coculture:F06:Oxa,O11,joint,43,13.3202710018
O11:Coculture:F06:Oxa,O11,joint,44,13.4290270399
O11:Coculture:F06:Oxa,O11,joint,45,19.1570700134
O11:Coculture:F06:Oxa,O11,joint,46,18.8252394026
O11:Coculture:F06:Oxa,O11,joint,47,20.0785460268
O11:Coculture:F06:Oxa,O11,joint,48,12.4313986698
O11:Coculture:F06:Oxa,O11,joint,49,11.7114030542
O11:Coculture:F06:Oxa,O11,joint,50,12.4249496511
O11:Coculture:F06:Oxa,O11,joint,51,15.2198745
O11:Coculture:F06:Oxa,O11,joint,52,13.9294512193
O11:Coculture:F06:Oxa,O11,joint,53,13.8821771531
O11:Coculture:F06:Oxa,O11,diagonal,0,10.2018092735
O11:Coculture:F06:Oxa,O11,diagonal,1,5.20477393892
O11:Coculture:F06:Oxa,O11,diagonal,2,5.19483141555
O11:Coculture:F06:Oxa,O11,diagonal,3,14.6576879756
O11:Coculture:F06:Oxa,O11,diagonal,4,9.92385499332
O11:Coculture:F06:Oxa,O11,diagonal,5,9.96202885284
O11:Coculture:F06:Oxa,O11,diagonal,6,20.4436918161
O11:Coculture:F06:Oxa,O11,diagonal,7,16.3676620806
O11:Coculture:F06:Oxa,O11,diagonal,8,16.4407478368
O11:Coculture:F06:Oxa,O11,diagonal,9,10.9494377885
O11:Coculture:F06:Oxa,O11,diagonal,10,7.33197803862
O11:Coculture:F06:Oxa,O11,diagonal,11,7.95732893788
O11:Coculture:F06:Oxa,O11,diagonal,12,13.2872372795
O11:Coculture:F06:Oxa,O11,diagonal,13,9.89615716942
O11:Coculture:F06:Oxa,O11,diagonal,14,10.3648191158
O11:Coculture:F06:Oxa,O11,diagonal,15,19.1321026375
O11:Coculture:F06:Oxa,O11,diagonal,16,15.9693071684
O11:Coculture:F06:Oxa,O11,diagonal,17,16.0476432321
O11:Coculture:F06:Oxa,O11,diagonal,18,26.5246082339
O11:Coculture:F06:Oxa,O11,diagonal,19,23.0408777352
O11:Coculture:F06:Oxa,O11,diagonal,20,25.1857964564
O11:Coculture:F06:Oxa,O11,diagonal,21,19.6380303689
O11:Coculture:F06:Oxa,O11,diagonal,22,14.8952446787
O11:Coculture:F06:Oxa,O11,diagonal,23,15.1296691525
O11:Coculture:F06:Oxa,O11,diagonal,24,21.0713756334
O11:Coculture:F06:Oxa,O11,diagonal,25,16.8594541221
O11:Coculture:F06:Oxa,O11,diagonal,26,16.8329337921
O11:Coculture:F06:Oxa,O11,diagonal,27,9.47039097643
O11:Coculture:F06:Oxa,O11,diagonal,28,8.20001293469
O11:Coculture:F06:Oxa,O11,diagonal,29,8.19181214684
O11:Coculture:F06:Oxa,O11,diagonal,30,13.893631852
O11:Coculture:F06:Oxa,O11,diagonal,31,12.6443730183
O11:Coculture:F06:Oxa,O11,diagonal,32,12.6418873875
O11:Coculture:F06:Oxa,O11,diagonal,33,19.7464339863
O11:Coculture:F06:Oxa,O11,diagonal,34,18.5629757407
O11:Coculture:F06:Oxa,O11,diagonal,35,18.5725192056
O11:Coculture:F06:Oxa,O11,diagonal,36,6.60076588759
O11:Coculture:F06:Oxa,O11,diagonal,37,5.51436605348
O11:Coculture:F06:Oxa,O11,diagonal,38,5.54547623198
O11:Coculture:F06:Oxa,O11,diagonal,39,10.6503558116
O11:Coculture:F06:Oxa,O11,diagonal,40,9.74599087412
O11:Coculture:F06:Oxa,O11,diagonal,41,9.90232859894
O11:Coculture:F06:Oxa,O11,diagonal,42,17.2324681503
O11:Coculture:F06:Oxa,O11,diagonal,43,16.3846981227
O11:Coculture:F06:Oxa,O11,diagonal,44,16.5018636093
O11:Coculture:F06:Oxa,O11,diagonal,45,13.5384357923
O11:Coculture:F06:Oxa,O11,diagonal,46,13.1506861308
O11:Coculture:F06:Oxa,O11,diagonal,47,14.3173309862
O11:Coculture:F06:Oxa,O11,diagonal,48,12.7066168032
O11:Coculture:F06:Oxa,O11,diagonal,49,11.8356841786
O11:Coculture:F06:Oxa,O11,diagonal,50,12.3719138589
O11:Coculture:F06:Oxa,O11,diagonal,51,17.6892638163
O11:Coculture:F06:Oxa,O11,diagonal,52,16.5035673938
O11:Coculture:F06:Oxa,O11,diagonal,53,16.5621735122
O11:Coculture:F06:SN-38,O11,joint,0,6.06398770855
O11:Coculture:F06:SN-38,O11,joint,1,5.44257937279
O11:Coculture:F06:SN-38,O11,joint,2,9.73953833679
O11:Coculture:F06:SN-38,O11,joint,3,7.99889139098
O11:Coculture:F06:SN-38,O11,joint,4,7.43902746985
O11:Coculture:F06:SN-38,O11,joint,5,11.4008334736
O11:Coculture:F06:SN-38,O11,joint,6,13.3920128834
O11:Coculture:F06:SN-38,O11,joint,7,12.9863461068
O11:Coculture:F06:SN-38,O11,joint,8,16.0813522721
O11:Coculture:F06:SN-38,O11,joint,9,7.40664221964
O11:Coculture:F06:SN-38,O11,joint,10,4.69187315225
O11:Coculture:F06:SN-38,O11,joint,11,6.26032814752
O11:Coculture:F06:SN-38,O11,joint,12,7.26547091673
O11:Coculture:F06:SN-38,O11,joint,13,5.52176126258
O11:Coculture:F06:SN-38,O11,joint,14,7.60740408445
O11:Coculture:F06:SN-38,O11,joint,15,12.2883033747
O11:Coculture:F06:SN-38,O11,joint,16,11.4086812763
O11:Coculture:F06:SN-38,O11,joint,17,13.5558561573
O11:Coculture:F06:SN-38,O11,joint,18,15.3470719059
O11:Coculture:F06:SN-38,O11,joint,19,10.6870753174
O11:Coculture:F06:SN-38,O11,joint,20,11.7667919078
O11:Coculture:F06:SN-38,O11,joint,21,9.28177572686
O11:Coculture:F06:SN-38,O11,joint,22,6.96369744203
O11:Coculture:F06:SN-38,O11,joint,23,9.61315372564
O11:Coculture:F06:SN-38,O11,joint,24,12.4867843655
O11:Coculture:F06:SN-38,O11,joint,25,11.4532014803
O11:Coculture:F06:SN-38,O11,joint,26,14.3764629508
O11:Coculture:F06:SN-38,O11,joint,27,9.1079637533
O11:Coculture:F06:SN-38,O11,joint,28,8.9487555245
O11:Coculture:F06:SN-38,O11,joint,29,10.0478583659
O11:Coculture:F06:SN-38,O11,joint,30,10.9027208474
O11:Coculture:F06:SN-38,O11,joint,31,10.7473687634
O11:Coculture:F06:SN-38,O11,joint,32,11.8216085044
O11:Coculture:F06:SN-38,O11,joint,33,15.9417548037
O11:Coculture:F06:SN-38,O11,joint,34,15.8017888235
O11:Coculture:F06:SN-38,O11,joint,35,16.7922403244
O11:Coculture:F06:SN-38,O11,joint,36,5.47346931927
O11:Coculture:F06:SN-38,O11,joint,37,4.61018302637
O11:Coculture:F06:SN-38,O11,joint,38,4.87452566622
O11:Coculture:F06:SN-38,O11,joint,39,7.25863056429
O11:Coculture:F06:SN-38,O11,joint,40,6.57993829744
O11:Coculture:F06:SN-38,O11,joint,41,6.97205204626
O11:Coculture:F06:SN-38,O11,joint,42,13.022969488
O11:Coculture:F06:SN-38,O11,joint,43,12.5870420745
O11:Coculture:F06:SN-38,O11,joint,44,13.1084527799
O11:Coculture:F06:SN-38,O11,joint,45,8.39099374354
O11:Coculture:F06:SN-38,O11,joint,46,6.48220682811
O11:Coculture:F06:SN-38,O11,joint,47,6.15900822541
O11:Coculture:F06:SN-38,O11,joint,48,7.06124339032
O11:Coculture:F06:SN-38,O11,joint,49,5.89624424319
O11:Coculture:F06:SN-38,O11,joint,50,6.16617339079
O11:Coculture:F06:SN-38,O11,joint,51,12.1581415238
O11:Coculture:F06:SN-38,O11,joint,52,11.5786219526
O11:Coculture:F06:SN-38,O11,joint,53,12.2409860235
O11:Coculture:F06:SN-38,O11,diagonal,0,6.07632372273
O11:Coculture:F06:SN-38,O11,diagonal,1,5.80339518659
O11:Coculture:F06:SN-38,O11,diagonal,2,10.519412945
O11:Coculture:F06:SN-38,O11,diagonal,3,9.97370754185
O11:Coculture:F06:SN-38,O11,diagonal,4,9.83933784919
O11:Coculture:F06:SN-38,O11,diagonal,5,14.4782502233
O11:Coculture:F06:SN-38,O11,diagonal,6,16.138386879
O11:Coculture:F06:SN-38,O11,diagonal,7,16.2595466495
O11:Coculture:F06:SN-38,O11,diagonal,8,20.53749386
O11:Coculture:F06:SN-38,O11,diagonal,9,6.09932758128
O11:Coculture:F06:SN-38,O11,diagonal,10,4.1246250524
O11:Coculture:F06:SN-38,O11,diagonal,11,6.38779824741
O11:Coculture:F06:SN-38,O11,diagonal,12,8.84896524013
O11:Coculture:F06:SN-38,O11,diagonal,13,7.8069620976
O11:Coculture:F06:SN-38,O11,diagonal,14,10.621398166
O11:Coculture:F06:SN-38,O11,diagonal,15,15.1593612838
O11:Coculture:F06:SN-38,O11,diagonal,16,14.8844943757
O11:Coculture:F06:SN-38,O11,diagonal,17,17.8515176492
O11:Coculture:F06:SN-38,O11,diagonal,18,10.1675483996
O11:Coculture:F06:SN-38,O11,diagonal,19,7.16442862423
O11:Coculture:F06:SN-38,O11,diagonal,20,9.78267659031
O11:Coculture:F06:SN-38,O11,diagonal,21,9.62538230459
O11:Coculture:F06:SN-38,O11,diagonal,22,8.57048949496
O11:Coculture:F06:SN-38,O11,diagonal,23,12.4904207189
O11:Coculture:F06:SN-38,O11,diagonal,24,14.9595045933
O11:Coculture:F06:SN-38,O11,diagonal,25,15.0243808695
O11:Coculture:F06:SN-38,O11,diagonal,26,19.2831373324
O11:Coculture:F06:SN-38,O11,diagonal,27,9.15851422013
O11:Coculture:F06:SN-38,O11,diagonal,28,9.07931938294
O11:Coculture:F06:SN-38,O11,diagonal,29,10.2629618988
O11:Coculture:F06:SN-38,O11,diagonal,30,12.8452593032
O11:Coculture:F06:SN-38,O11,diagonal,31,12.7770271691
O11:Coculture:F06:SN-38,O11,diagonal,32,13.9560316087
O11:Coculture:F06:SN-38,O11,diagonal,33,18.5726864758
O11:Coculture:F06:SN-38,O11,diagonal,34,18.5390940526
O11:Coculture:F06:SN-38,O11,diagonal,35,19.6988221462
O11:Coculture:F06:SN-38,O11,diagonal,36,5.4175665852
O11:Coculture:F06:SN-38,O11,diagonal,37,4.7041108885
O11:Coculture:F06:SN-38,O11,diagonal,38,5.10681257726
O11:Coculture:F06:SN-38,O11,diagonal,39,9.45126605776
O11:Coculture:F06:SN-38,O11,diagonal,40,8.95759042554
O11:Coculture:F06:SN-38,O11,diagonal,41,9.52338372429
O11:Coculture:F06:SN-38,O11,diagonal,42,16.1465945254
O11:Coculture:F06:SN-38,O11,diagonal,43,15.8860937398
O11:Coculture:F06:SN-38,O11,diagonal,44,16.5897027569
O11:Coculture:F06:SN-38,O11,diagonal,45,6.22688391261
O11:Coculture:F06:SN-38,O11,diagonal,46,4.82179155436
O11:Coculture:F06:SN-38,O11,diagonal,47,4.96893348515
O11:Coculture:F06:SN-38,O11,diagonal,48,8.64138922412
O11:Coculture:F06:SN-38,O11,diagonal,49,7.89060928028
O11:Coculture:F06:SN-38,O11,diagonal,50,8.5451712718
O11:Coculture:F06:SN-38,O11,diagonal,51,15.2088934973
O11:Coculture:F06:SN-38,O11,diagonal,52,14.9451702949
O11:Coculture:F06:SN-38,O11,diagonal,53,15.9251531009
O11:Coculture:F11:5-FU,O11,joint,0,5.55192208608
O11:Coculture:F11:5-FU,O11,joint,1,3.33173950714
O11:Coculture:F11:5-FU,O11,joint,2,6.0258929838
O11:Coculture:F11:5-FU,O11,joint,3,8.11499706869
O11:Coculture:F11:5-FU,O11,joint,4,6.03071902347
O11:Coculture:F11:5-FU,O11,joint,5,8.46587082149
O11:Coculture:F11:5-FU,O11,joint,6,13.6884133812
O11:Coculture:F11:5-FU,O11,joint,7,12.0014097939
O11:Coculture:F11:5-FU,O11,joint,8,13.8299519425
O11:Coculture:F11:5-FU,O11,joint,9,1.30397185083
O11:Coculture:F11:5-FU,O11,joint,10,-0.696815071004
O11:Coculture:F11:5-FU,O11,joint,11,1.58524260052
O11:Coculture:F11:5-FU,O11,joint,12,4.67630430772
O11:Coculture:F11:5-FU,O11,joint,13,2.85301624378
O11:Coculture:F11:5-FU,O11,joint,14,4.85965237571
O11:Coculture:F11:5-FU,O11,joint,15,11.6065146873
O11:Coculture:F11:5-FU,O11,joint,16,10.0777814389
O11:Coculture:F11:5-FU,O11,joint,17,11.5930245695
O11:Coculture:F11:5-FU,O11,joint,18,0.889495583947
O11:Coculture:F11:5-FU,O11,joint,19,-1.42025899932
O11:Coculture:F11:5-FU,O11,joint,20,2.0041552672
O11:Coculture:F11:5-FU,O11,joint,21,3.89743957814
O11:Coculture:F11:5-FU,O11,joint,22,1.49763924806
O11:Coculture:F11:5-FU,O11,joint,23,4.07043577567
O11:Coculture:F11:5-FU,O11,joint,24,11.2767339847
O11:Coculture:F11:5-FU,O11,joint,25,9.15223430642
O11:Coculture:F11:5-FU,O11,joint,26,11.0132587111
O11:Coculture:F11:5-FU,O11,joint,27,8.41672140762
O11:Coculture:F11:5-FU,O11,joint,28,7.85306892221
O11:Coculture:F11:5-FU,O11,joint,29,8.54687623088
O11:Coculture:F11:5-FU,O11,joint,30,10.7975362214
O11:Coculture:F11:5-FU,O11,joint,31,10.2424905766
O11:Coculture:F11:5-FU,O11,joint,32,10.9160289458
O11:Coculture:F11:5-FU,O11,joint,33,15.9873601644
O11:Coculture:F11:5-FU,O11,joint,34,15.4662906531
O11:Coculture:F11:5-FU,O11,joint,35,16.0750786026
O11:Coculture:F11:5-FU,O11,joint,36,2.52521531697
O11:Coculture:F11:5-FU,O11,joint,37,2.02781218972
O11:Coculture:F11:5-FU,O11,joint,38,2.65817094153
O11:Coculture:F11:5-FU,O11,joint,39,5.74154397722
O11:Coculture:F11:5-FU,O11,joint,40,5.24134724676
O11:Coculture:F11:5-FU,O11,joint,41,5.81186166464
O11:Coculture:F11:5-FU,O11,joint,42,12.3758504207
O11:Coculture:F11:5-FU,O11,joint,43,11.9200284047
O11:Coculture:F11:5-FU,O11,joint,44,12.4216874377
O11:Coculture:F11:5-FU,O11,joint,45,0.126912450307
O11:Coculture:F11:5-FU,O11,joint,46,-0.466420193021
O11:Coculture:F11:5-FU,O11,joint,47,0.525384398542
O11:Coculture:F11:5-FU,O11,joint,48,3.44942326768
O11:Coculture:F11:5-FU,O11,joint,49,2.87198462187
O11:Coculture:F11:5-FU,O11,joint,50,3.7280881885
O11:Coculture:F11:5-FU,O11,joint,51,10.8186652829
O11:Coculture:F11:5-FU,O11,joint,52,10.2187152003
O11:Coculture:F11:5-FU,O11,joint,53,10.8619143322
O11:Coculture:F11:5-FU,O11,diagonal,0,6.27841439106
O11:Coculture:F11:5-FU,O11,diagonal,1,3.78458515086
O11:Coculture:F11:5-FU,O11,diagonal,2,6.27784872185
O11:Coculture:F11:5-FU,O11,diagonal,3,10.6770400254
O11:Coculture:F11:5-FU,O11,diagonal,4,8.28609789349
O11:Coculture:F11:5-FU,O11,diagonal,5,10.6671626034
O11:Coculture:F11:5-FU,O11,diagonal,6,17.0903342657
O11:Coculture:F11:5-FU,O11,diagonal,7,15.0203251146
O11:Coculture:F11:5-FU,O11,diagonal,8,17.0994314554
O11:Coculture:F11:5-FU,O11,diagonal,9,2.05317470604
O11:Coculture:F11:5-FU,O11,diagonal,10,-0.0466387575224
O11:Coculture:F11:5-FU,O11,diagonal,11,2.09635842802
O11:Coculture:F11:5-FU,O11,diagonal,12,7.50439188204
O11:Coculture:F11:5-FU,O11,diagonal,13,5.65312390511
O11:Coculture:F11:5-FU,O11,diagonal,14,7.66159798463
O11:Coculture:F11:5-FU,O11,diagonal,15,15.2034651468
O11:Coculture:F11:5-FU,O11,diagonal,16,13.6291921522
O11:Coculture:F11:5-FU,O11,diagonal,17,15.2960506903
O11:Coculture:F11:5-FU,O11,diagonal,18,0.92500221795
O11:Coculture:F11:5-FU,O11,diagonal,19,-1.40906773435
O11:Coculture:F11:5-FU,O11,diagonal,20,1.88551153328
O11:Coculture:F11:5-FU,O11,diagonal,21,6.7183333514
O11:Coculture:F11:5-FU,O11,diagonal,22,4.37103669091
O11:Coculture:F11:5-FU,O11,diagonal,23,7.00095019431
O11:Coculture:F11:5-FU,O11,diagonal,24,14.9017794274
O11:Coculture:F11:5-FU,O11,diagonal,25,12.8447982625
O11:Coculture:F11:5-FU,O11,diagonal,26,14.973218279
O11:Coculture:F11:5-FU,O11,diagonal,27,8.87555055198
O11:Coculture:F11:5-FU,O11,diagonal,28,8.24587961243
O11:Coculture:F11:5-FU,O11,diagonal,29,8.87838592677
O11:Coculture:F11:5-FU,O11,diagonal,30,12.9127831313
O11:Coculture:F11:5-FU,O11,diagonal,31,12.2893258213
O11:Coculture:F11:5-FU,O11,diagonal,32,12.912641714
O11:Coculture:F11:5-FU,O11,diagonal,33,18.7512719988
O11:Coculture:F11:5-FU,O11,diagonal,34,18.1535364658
O11:Coculture:F11:5-FU,O11,diagonal,35,18.7488026433
O11:Coculture:F11:5-FU,O11,diagonal,36,3.21975095187
O11:Coculture:F11:5-FU,O11,diagonal,37,2.6591837718
O11:Coculture:F11:5-FU,O11,diagonal,38,3.21612660432
O11:Coculture:F11:5-FU,O11,diagonal,39,8.42629004098
O11:Coculture:F11:5-FU,O11,diagonal,40,7.90133667509
O11:Coculture:F11:5-FU,O11,diagonal,41,8.43708597147
O11:Coculture:F11:5-FU,O11,diagonal,42,15.7867568009
O11:Coculture:F11:5-FU,O11,diagonal,43,15.3239398067
O11:Coculture:F11:5-FU,O11,diagonal,44,15.8260583265
O11:Coculture:F11:5-FU,O11,diagonal,45,0.549485766965
O11:Coculture:F11:5-FU,O11,diagonal,46,-0.0471855672376
O11:Coculture:F11:5-FU,O11,diagonal,47,0.910537615574
O11:Coculture:F11:5-FU,O11,diagonal,48,6.30671529926
O11:Coculture:F11:5-FU,O11,diagonal,49,5.72319781118
O11:Coculture:F11:5-FU,O11,diagonal,50,6.54684262809
O11:Coculture:F11:5-FU,O11,diagonal,51,14.4593395619
O11:Coculture:F11:5-FU,O11,diagonal,52,13.8725153968
O11:Coculture:F11:5-FU,O11,diagonal,53,14.5299937727
O11:Coculture:F11:Gef,O11,joint,0,7.07154794444
O11:Coculture:F11:Gef,O11,joint,1,5.54038159064
O11:Coculture:F11:Gef,O11,joint,2,8.9235457073
O11:Coculture:F11:Gef,O11,joint,3,8.60024136347
O11:Coculture:F11:Gef,O11,joint,4,7.11667075963
O11:Coculture:F11:Gef,O11,joint,5,10.156299207
O11:Coculture:F11:Gef,O11,joint,6,13.8850637606
O11:Coculture:F11:Gef,O11,joint,7,12.5860288135
O11:Coculture:F11:Gef,O11,joint,8,14.8519395114
O11:Coculture:F11:Gef,O11,joint,9,6.78683157319
O11:Coculture:F11:Gef,O11,joint,10,4.83808714481
O11:Coculture:F11:Gef,O11,joint,11,7.17244129507
O11:Coculture:F11:Gef,O11,joint,12,6.53895983462
O11:Coculture:F11:Gef,O11,joint,13,4.95771536213
O11:Coculture:F11:Gef,O11,joint,14,7.2148499192
O11:Coculture:F11:Gef,O11,joint,15,12.4284975077
O11:Coculture:F11:Gef,O11,joint,16,11.0060863757
O11:Coculture:F11:Gef,O11,joint,17,12.6653596812
O11:Coculture:F11:Gef,O11,joint,18,10.4411561342
O11:Coculture:F11:Gef,O11,joint,19,8.48795470743
O11:Coculture:F11:Gef,O11,joint,20,12.2712015677
O11:Coculture:F11:Gef,O11,joint,21,8.346352183
O11:Coculture:F11:Gef,O11,joint,22,5.79773939785
O11:Coculture:F11:Gef,O11,joint,23,8.24165282061
O11:Coculture:F11:Gef,O11,joint,24,13.2188836268
O11:Coculture:F11:Gef,O11,joint,25,10.8665290872
O11:Coculture:F11:Gef,O11,joint,26,12.545644852
O11:Coculture:F11:Gef,O11,joint,27,9.76839082265
O11:Coculture:F11:Gef,O11,joint,28,9.38361672894
O11:Coculture:F11:Gef,O11,joint,29,10.2570417992
O11:Coculture:F11:Gef,O11,joint,30,11.1573347233
O11:Coculture:F11:Gef,O11,joint,31,10.7745431348
O11:Coculture:F11:Gef,O11,joint,32,11.620334164
O11:Coculture:F11:Gef,O11,joint,33,16.0824339594
O11:Coculture:F11:Gef,O11,joint,34,15.7115413085
O11:Coculture:F11:Gef,O11,joint,35,16.4714484203
O11:Coculture:F11:Gef,O11,joint,36,6.05861162516
O11:Coculture:F11:Gef,O11,joint,37,5.44150759494
O11:Coculture:F11:Gef,O11,joint,38,5.95469213797
O11:Coculture:F11:Gef,O11,joint,39,7.09596110536
O11:Coculture:F11:Gef,O11,joint,40,6.60877499826
O11:Coculture:F11:Gef,O11,joint,41,7.19236353582
O11:Coculture:F11:Gef,O11,joint,42,12.8384410775
O11:Coculture:F11:Gef,O11,joint,43,12.4431299593
O11:Coculture:F11:Gef,O11,joint,44,13.0074135986
O11:Coculture:F11:Gef,O11,joint,45,6.60948871615
O11:Coculture:F11:Gef,O11,joint,46,6.16778269536
O11:Coculture:F11:Gef,O11,joint,47,7.30996543193
O11:Coculture:F11:Gef,O11,joint,48,5.84777817504
O11:Coculture:F11:Gef,O11,joint,49,5.35947781834
O11:Coculture:F11:Gef,O11,joint,50,6.30528953342
O11:Coculture:F11:Gef,O11,joint,51,11.9464430123
O11:Coculture:F11:Gef,O11,joint,52,11.309289816
O11:Coculture:F11:Gef,O11,joint,53,11.9202681717
O11:Coculture:F11:Gef,O11,diagonal,0,6.86495527632
O11:Coculture:F11:Gef,O11,diagonal,1,5.17525166898
O11:Coculture:F11:Gef,O11,diagonal,2,8.47554033834
O11:Coculture:F11:Gef,O11,diagonal,3,10.6229704733
O11:Coculture:F11:Gef,O11,diagonal,4,9.07468629425
O11:Coculture:F11:Gef,O11,diagonal,5,12.2990578926
O11:Coculture:F11:Gef,O11,diagonal,6,16.7478895288
O11:Coculture:F11:Gef,O11,diagonal,7,15.5023730262
O11:Coculture:F11:Gef,O11,diagonal,8,18.4060513424
O11:Coculture:F11:Gef,O11,diagonal,9,5.00089416139
O11:Coculture:F11:Gef,O11,diagonal,10,3.25954504492
O11:Coculture:F11:Gef,O11,diagonal,11,5.76546827547
O11:Coculture:F11:Gef,O11,diagonal,12,8.48001248714
O11:Coculture:F11:Gef,O11,diagonal,13,7.07819759411
O11:Coculture:F11:Gef,O11,diagonal,14,9.53593001988
O11:Coculture:F11:Gef,O11,diagonal,15,15.5130226696
O11:Coculture:F11:Gef,O11,diagonal,16,14.3889963647
O11:Coculture:F11:Gef,O11,diagonal,17,16.5081253048
O11:Coculture:F11:Gef,O11,diagonal,18,7.51562087914
O11:Coculture:F11:Gef,O11,diagonal,19,5.67941986495
O11:Coculture:F11:Gef,O11,diagonal,20,9.47172446493
O11:Coculture:F11:Gef,O11,diagonal,21,9.86500633506
O11:Coculture:F11:Gef,O11,diagonal,22,7.94590137861
O11:Coculture:F11:Gef,O11,diagonal,23,11.0054967579
O11:Coculture:F11:Gef,O11,diagonal,24,15.7622660026
O11:Coculture:F11:Gef,O11,diagonal,25,14.391154231
O11:Coculture:F11:Gef,O11,diagonal,26,17.2113767522
O11:Coculture:F11:Gef,O11,diagonal,27,9.47454421426
O11:Coculture:F11:Gef,O11,diagonal,28,9.04043884601
O11:Coculture:F11:Gef,O11,diagonal,29,9.86953584072
O11:Coculture:F11:Gef,O11,diagonal,30,13.0263895643
O11:Coculture:F11:Gef,O11,diagonal,31,12.6039636625
O11:Coculture:F11:Gef,O11,diagonal,32,13.4290358298
O11:Coculture:F11:Gef,O11,diagonal,33,18.688119753
O11:Coculture:F11:Gef,O11,diagonal,34,18.3010487082
O11:Coculture:F11:Gef,O11,diagonal,35,19.1071416078
O11:Coculture:F11:Gef,O11,diagonal,36,5.32848759708
O11:Coculture:F11:Gef,O11,diagonal,37,4.75162620058
O11:Coculture:F11:Gef,O11,diagonal,38,5.29564420431
O11:Coculture:F11:Gef,O11,diagonal,39,9.11431681017
O11:Coculture:F11:Gef,O11,diagonal,40,8.67897953106
O11:Coculture:F11:Gef,O11,diagonal,41,9.30546033869
O11:Coculture:F11:Gef,O11,diagonal,42,15.9929649171
O11:Coculture:F11:Gef,O11,diagonal,43,15.6425111938
O11:Coculture:F11:Gef,O11,diagonal,44,16.2569443003
O11:Coculture:F11:Gef,O11,diagonal,45,4.26343874281
O11:Coculture:F11:Gef,O11,diagonal,46,3.87319480375
O11:Coculture:F11:Gef,O11,diagonal,47,5.03775144245
O11:Coculture:F11:Gef,O11,diagonal,48,7.92731254444
O11:Coculture:F11:Gef,O11,diagonal,49,7.46826229089
O11:Coculture:F11:Gef,O11,diagonal,50,8.41633844088
O11:Coculture:F11:Gef,O11,diagonal,51,15.2277823934
O11:Coculture:F11:Gef,O11,diagonal,52,14.7480061543
O11:Coculture:F11:Gef,O11,diagonal,53,15.5129049992
O11:Coculture:F11:Oxa,O11,joint,0,12.0202956527
O11:Coculture:F11:Oxa,O11,joint,1,7.03983866613
O11:Coculture:F11:Oxa,O11,joint,2,6.97371773519
O11:Coculture:F11:Oxa,O11,joint,3,12.7794124724
O11:Coculture:F11:Oxa,O11,joint,4,8.11949914655
O11:Coculture:F11:Oxa,O11,joint,5,7.97901566391
O11:Coculture:F11:Oxa,O11,joint,6,17.3429864622
O11:Coculture:F11:Oxa,O11,joint,7,13.5287208362
O11:Coculture:F11:Oxa,O11,joint,8,13.2300009461
O11:Coculture:F11:Oxa,O11,joint,9,10.7461806303
O11:Coculture:F11:Oxa,O11,joint,10,7.22429206971
O11:Coculture:F11:Oxa,O11,joint,11,7.98524810245
O11:Coculture:F11:Oxa,O11,joint,12,10.910642293
O11:Coculture:F11:Oxa,O11,joint,13,7.44443531776
O11:Coculture:F11:Oxa,O11,joint,14,7.80815253844
O11:Coculture:F11:Oxa,O11,joint,15,16.334440019
O11:Coculture:F11:Oxa,O11,joint,16,12.9120091131
O11:Coculture:F11:Oxa,O11,joint,17,12.5335545862
O11:Coculture:F11:Oxa,O11,joint,18,30.3864716134
O11:Coculture:F11:Oxa,O11,joint,19,27.0627201964
O11:Coculture:F11:Oxa,O11,joint,20,29.4731376291
O11:Coculture:F11:Oxa,O11,joint,21,19.9709412069
O11:Coculture:F11:Oxa,O11,joint,22,14.4432841753
O11:Coculture:F11:Oxa,O11,joint,23,13.8882240014
O11:Coculture:F11:Oxa,O11,joint,24,20.258993043
O11:Coculture:F11:Oxa,O11,joint,25,14.7529573447
O11:Coculture:F11:Oxa,O11,joint,26,13.2324457294
O11:Coculture:F11:Oxa,O11,joint,27,11.6266802225
O11:Coculture:F11:Oxa,O11,joint,28,10.3587229378
O11:Coculture:F11:Oxa,O11,joint,29,10.3482254472
O11:Coculture:F11:Oxa,O11,joint,30,12.414629613
O11:Coculture:F11:Oxa,O11,joint,31,11.1695153664
O11:Coculture:F11:Oxa,O11,joint,32,11.1529851336
O11:Coculture:F11:Oxa,O11,joint,33,17.1534640153
O11:Coculture:F11:Oxa,O11,joint,34,15.9884856838
O11:Coculture:F11:Oxa,O11,joint,35,15.9533648132
O11:Coculture:F11:Oxa,O11,joint,36,6.98607403595
O11:Coculture:F11:Oxa,O11,joint,37,6.03666478924
O11:Coculture:F11:Oxa,O11,joint,38,6.21501742157
O11:Coculture:F11:Oxa,O11,joint,39,8.10209617209
O11:Coculture:F11:Oxa,O11,joint,40,7.22162403194
O11:Coculture:F11:Oxa,O11,joint,41,7.41186304012
O11:Coculture:F11:Oxa,O11,joint,42,13.934434917
O11:Coculture:F11:Oxa,O11,joint,43,13.0678831732
O11:Coculture:F11:Oxa,O11,joint,44,13.1588124784
O11:Coculture:F11:Oxa,O11,joint,45,14.1911494042
O11:Coculture:F11:Oxa,O11,joint,46,13.9465315057
O11:Coculture:F11:Oxa,O11,joint,47,15.287050842
O11:Coculture:F11:Oxa,O11,joint,48,10.823667275
O11:Coculture:F11:Oxa,O11,joint,49,9.99272942079
O11:Coculture:F11:Oxa,O11,joint,50,10.595333779
O11:Coculture:F11:Oxa,O11,joint,51,14.83704069
O11:Coculture:F11:Oxa,O11,joint,52,13.4551264321
O11:Coculture:F11:Oxa,O11,joint,53,13.3163613887
O11:Coculture:F11:Oxa,O11,diagonal,0,11.3711283889
O11:Coculture:F11:Oxa,O11,diagonal,1,6.33360522573
O11:Coculture:F11:Oxa,O11,diagonal,2,6.28317487373
O11:Coculture:F11:Oxa,O11,diagonal,3,14.8804473058
O11:Coculture:F11:Oxa,O11,diagonal,4,10.0592391903
O11:Coculture:F11:Oxa,O11,diagonal,5,10.0100379167
O11:Coculture:F11:Oxa,O11,diagonal,6,20.578887997
O11:Coculture:F11:Oxa,O11,diagonal,7,16.3722727646
O11:Coculture:F11:Oxa,O11,diagonal,8,16.314773024
O11:Coculture:F11:Oxa,O11,diagonal,9,9.37132396968
O11:Coculture:F11:Oxa,O11,diagonal,10,5.85907948673
O11:Coculture:F11:Oxa,O11,diagonal,11,6.58964565289
O11:Coculture:F11:Oxa,O11,diagonal,12,12.8508679503
O11:Coculture:F11:Oxa,O11,diagonal,13,9.27780387291
O11:Coculture:F11:Oxa,O11,diagonal,14,9.56448185197
O11:Coculture:F11:Oxa,O11,diagonal,15,19.1556923724
O11:Coculture:F11:Oxa,O11,diagonal,16,15.8130653918
O11:Coculture:F11:Oxa,O11,diagonal,17,15.7115699439
O11:Coculture:F11:Oxa,O11,diagonal,18,22.9688450661
O11:Coculture:F11:Oxa,O11,diagonal,19,18.9332481378
O11:Coculture:F11:Oxa,O11,diagonal,20,20.5263004294
O11:Coculture:F11:Oxa,O11,diagonal,21,18.9760162427
O11:Coculture:F11:Oxa,O11,diagonal,22,13.8703731118
O11:Coculture:F11:Oxa,O11,diagonal,23,13.7419401447
O11:Coculture:F11:Oxa,O11,diagonal,24,21.1338727515
O11:Coculture:F11:Oxa,O11,diagonal,25,16.7142147189
O11:Coculture:F11:Oxa,O11,diagonal,26,16.4799578677
O11:Coculture:F11:Oxa,O11,diagonal,27,10.84703504
O11:Coculture:F11:Oxa,O11,diagonal,28,9.57174086789
O11:Coculture:F11:Oxa,O11,diagonal,29,9.55862394967
O11:Coculture:F11:Oxa,O11,diagonal,30,14.1859616308
O11:Coculture:F11:Oxa,O11,diagonal,31,12.92658084
O11:Coculture:F11:Oxa,O11,diagonal,32,12.913973252
O11:Coculture:F11:Oxa,O11,diagonal,33,19.8021238189
O11:Coculture:F11:Oxa,O11,diagonal,34,18.59682179
O11:Coculture:F11:Oxa,O11,diagonal,35,18.5845214716
O11:Coculture:F11:Oxa,O11,diagonal,36,6.23941677816
O11:Coculture:F11:Oxa,O11,diagonal,37,5.32348890665
O11:Coculture:F11:Oxa,O11,diagonal,38,5.52507104773
O11:Coculture:F11:Oxa,O11,diagonal,39,10.2558273569
O11:Coculture:F11:Oxa,O11,diagonal,40,9.37776623615
O11:Coculture:F11:Oxa,O11,diagonal,41,9.56040777769
O11:Coculture:F11:Oxa,O11,diagonal,42,17.1233758179
O11:Coculture:F11:Oxa,O11,diagonal,43,16.2301097986
O11:Coculture:F11:Oxa,O11,diagonal,44,16.3017792934
O11:Coculture:F11:Oxa,O11,diagonal,45,10.65116458
O11:Coculture:F11:Oxa,O11,diagonal,46,10.1911723897
O11:Coculture:F11:Oxa,O11,diagonal,47,11.2855747165
O11:Coculture:F11:Oxa,O11,diagonal,48,11.8176760113
O11:Coculture:F11:Oxa,O11,diagonal,49,10.8087767792
O11:Coculture:F11:Oxa,O11,diagonal,50,11.2070398521
O11:Coculture:F11:Oxa,O11,diagonal,51,17.5237602848
O11:Coculture:F11:Oxa,O11,diagonal,52,16.247349502
O11:Coculture:F11:Oxa,O11,diagonal,53,16.2152412602
O11:Coculture:F11:SN-38,O11,joint,0,4.95496630232
O11:Coculture:F11:SN-38,O11,joint,1,6.45815738168
O11:Coculture:F11:SN-38,O11,joint,2,12.8797157608
O11:Coculture:F11:SN-38,O11,joint,3,6.55812086766
O11:Coculture:F11:SN-38,O11,joint,4,7.9305712364
O11:Coculture:F11:SN-38,O11,joint,5,13.82469153
O11:Coculture:F11:SN-38,O11,joint,6,12.261868704
O11:Coculture:F11:SN-38,O11,joint,7,13.3044370073
O11:Coculture:F11:SN-38,O11,joint,8,17.8476782526
O11:Coculture:F11:SN-38,O11,joint,9,0.687340734602
O11:Coculture:F11:SN-38,O11,joint,10,0.982815483255
O11:Coculture:F11:SN-38,O11,joint,11,5.56151429456
O11:Coculture:F11:SN-38,O11,joint,12,3.49134705537
O11:Coculture:F11:SN-38,O11,joint,13,3.9662343453
O11:Coculture:F11:SN-38,O11,joint,14,8.27047411125
O11:Coculture:F11:SN-38,O11,joint,15,10.4498935324
O11:Coculture:F11:SN-38,O11,joint,16,11.0188174962
O11:Coculture:F11:SN-38,O11,joint,17,14.6145384395
O11:Coculture:F11:SN-38,O11,joint,18,0.382425845696
O11:Coculture:F11:SN-38,O11,joint,19,0.0269978404651
O11:Coculture:F11:SN-38,O11,joint,20,5.41128301418
O11:Coculture:F11:SN-38,O11,joint,21,2.8225329476
O11:Coculture:F11:SN-38,O11,joint,22,3.2597466701
O11:Coculture:F11:SN-38,O11,joint,23,8.66449496103
O11:Coculture:F11:SN-38,O11,joint,24,9.8517052799
O11:Coculture:F11:SN-38,O11,joint,25,10.5842318012
O11:Coculture:F11:SN-38,O11,joint,26,15.2736026781
O11:Coculture:F11:SN-38,O11,joint,27,9.35950462295
O11:Coculture:F11:SN-38,O11,joint,28,9.7450439039
O11:Coculture:F11:SN-38,O11,joint,29,11.388894255
O11:Coculture:F11:SN-38,O11,joint,30,10.6254654958
O11:Coculture:F11:SN-38,O11,joint,31,11.0012632657
O11:Coculture:F11:SN-38,O11,joint,32,12.6066528604
O11:Coculture:F11:SN-38,O11,joint,33,15.5815621729
O11:Coculture:F11:SN-38,O11,joint,34,15.9246747651
O11:Coculture:F11:SN-38,O11,joint,35,17.3982048385
O11:Coculture:F11:SN-38,O11,joint,36,3.1674600993
O11:Coculture:F11:SN-38,O11,joint,37,3.20880177157
O11:Coculture:F11:SN-38,O11,joint,38,4.37777237659
O11:Coculture:F11:SN-38,O11,joint,39,5.57880519303
O11:Coculture:F11:SN-38,O11,joint,40,5.65267388019
O11:Coculture:F11:SN-38,O11,joint,41,6.79734858302
O11:Coculture:F11:SN-38,O11,joint,42,12.0794385227
O11:Coculture:F11:SN-38,O11,joint,43,12.1981603451
O11:Coculture:F11:SN-38,O11,joint,44,13.2742202866
O11:Coculture:F11:SN-38,O11,joint,45,0.221267457378
O11:Coculture:F11:SN-38,O11,joint,46,-0.102873409328
O11:Coculture:F11:SN-38,O11,joint,47,1.1585740367
O11:Coculture:F11:SN-38,O11,joint,48,3.32008187527
O11:Coculture:F11:SN-38,O11,joint,49,3.23122487396
O11:Coculture:F11:SN-38,O11,joint,50,4.57729616739
O11:Coculture:F11:SN-38,O11,joint,51,10.543330829
O11:Coculture:F11:SN-38,O11,joint,52,10.6526342596
O11:Coculture:F11:SN-38,O11,joint,53,12.0038213324
O11:Coculture:F11:SN-38,O11,diagonal,0,4.58413376648
O11:Coculture:F11:SN-38,O11,diagonal,1,6.0689306285
O11:Coculture:F11:SN-38,O11,diagonal,2,12.542673785
O11:Coculture:F11:SN-38,O11,diagonal,3,8.64408823396
O11:Coculture:F11:SN-38,O11,diagonal,4,10.1193059976
O11:Coculture:F11:SN-38,O11,diagonal,5,16.3678058282
O11:Coculture:F11:SN-38,O11,diagonal,6,15.2422002738
O11:Coculture:F11:SN-38,O11,diagonal,7,16.6356037521
O11:Coculture:F11:SN-38,O11,diagonal,8,22.1857946703
O11:Coculture:F11:SN-38,O11,diagonal,9,0.842813654652
O11:Coculture:F11:SN-38,O11,diagonal,10,1.25444367277
O11:Coculture:F11:SN-38,O11,diagonal,11,5.90394941478
O11:Coculture:F11:SN-38,O11,diagonal,12,6.17399442589
O11:Coculture:F11:SN-38,O11,diagonal,13,6.85414878482
O11:Coculture:F11:SN-38,O11,diagonal,14,11.3907423547
O11:Coculture:F11:SN-38,O11,diagonal,15,13.9325544623
O11:Coculture:F11:SN-38,O11,diagonal,16,14.801399482
O11:Coculture:F11:SN-38,O11,diagonal,17,18.9121346834
O11:Coculture:F11:SN-38,O11,diagonal,18,0.1704016585
O11:Coculture:F11:SN-38,O11,diagonal,19,0.348406799346
O11:Coculture:F11:SN-38,O11,diagonal,20,6.14777968164
O11:Coculture:F11:SN-38,O11,diagonal,21,5.38741516697
O11:Coculture:F11:SN-38,O11,diagonal,22,6.36606024137
O11:Coculture:F11:SN-38,O11,diagonal,23,12.3195293494
O11:Coculture:F11:SN-38,O11,diagonal,24,13.31973888
O11:Coculture:F11:SN-38,O11,diagonal,25,14.6681393099
O11:Coculture:F11:SN-38,O11,diagonal,26,20.2104199266
O11:Coculture:F11:SN-38,O11,diagonal,27,8.88390433505
O11:Coculture:F11:SN-38,O11,diagonal,28,9.25539330967
O11:Coculture:F11:SN-38,O11,diagonal,29,10.8897196373
O11:Coculture:F11:SN-38,O11,diagonal,30,12.4722118141
O11:Coculture:F11:SN-38,O11,diagonal,31,12.8434110296
O11:Coculture:F11:SN-38,O11,diagonal,32,14.4618468187
O11:Coculture:F11:SN-38,O11,diagonal,33,18.2402816488
O11:Coculture:F11:SN-38,O11,diagonal,34,18.6090860898
O11:Coculture:F11:SN-38,O11,diagonal,35,20.1712110474
O11:Coculture:F11:SN-38,O11,diagonal,36,3.17510073004
O11:Coculture:F11:SN-38,O11,diagonal,37,3.22250570141
O11:Coculture:F11:SN-38,O11,diagonal,38,4.38606805825
O11:Coculture:F11:SN-38,O11,diagonal,39,8.1371375761
O11:Coculture:F11:SN-38,O11,diagonal,40,8.24004508063
O11:Coculture:F11:SN-38,O11,diagonal,41,9.40242151613
O11:Coculture:F11:SN-38,O11,diagonal,42,15.4778518219
O11:Coculture:F11:SN-38,O11,diagonal,43,15.6478904116
O11:Coculture:F11:SN-38,O11,diagonal,44,16.7820388041
O11:Coculture:F11:SN-38,O11,diagonal,45,0.497177884112
O11:Coculture:F11:SN-38,O11,diagonal,46,0.288282920263
O11:Coculture:F11:SN-38,O11,diagonal,47,1.63162224546
O11:Coculture:F11:SN-38,O11,diagonal,48,6.14210253885
O11:Coculture:F11:SN-38,O11,diagonal,49,6.18660382406
O11:Coculture:F11:SN-38,O11,diagonal,50,7.63644704463
O11:Coculture:F11:SN-38,O11,diagonal,51,14.1494017129
O11:Coculture:F11:SN-38,O11,diagonal,52,14.3940629815
O11:Coculture:F11:SN-38,O11,diagonal,53,15.8824302585
O11:Coculture:F14:5-FU,O11,joint,0,2.72963145541
O11:Coculture:F14:5-FU,O11,joint,1,-0.175718347316
O11:Coculture:F14:5-FU,O11,joint,2,1.83326790556
O11:Coculture:F14:5-FU,O11,joint,3,7.85867868624
O11:Coculture:F14:5-FU,O11,joint,4,5.18105548126
O11:Coculture:F14:5-FU,O11,joint,5,7.02286211953
O11:Coculture:F14:5-FU,O11,joint,6,13.9252261358
O11:Coculture:F14:5-FU,O11,joint,7,11.8381043382
O11:Coculture:F14:5-FU,O11,joint,8,13.2665282766
O11:Coculture:F14:5-FU,O11,joint,9,-0.653387565855
O11:Coculture:F14:5-FU,O11,joint,10,-3.79615298423
O11:Coculture:F14:5-FU,O11,joint,11,-2.65607380925
O11:Coculture:F14:5-FU,O11,joint,12,5.17600446083
O11:Coculture:F14:5-FU,O11,joint,13,2.45116798827
O11:Coculture:F14:5-FU,O11,joint,14,3.55625571159
O11:Coculture:F14:5-FU,O11,joint,15,12.035211448
O11:Coculture:F14:5-FU,O11,joint,16,10.0751438047
O11:Coculture:F14:5-FU,O11,joint,17,11.1590525404
O11:Coculture:F14:5-FU,O11,joint,18,3.0254583201
O11:Coculture:F14:5-FU,O11,joint,19,-1.7725325561
O11:Coculture:F14:5-FU,O11,joint,20,-0.83635458251
O11:Coculture:F14:5-FU,O11,joint,21,4.97721664511
O11:Coculture:F14:5-FU,O11,joint,22,1.63507971277
O11:Coculture:F14:5-FU,O11,joint,23,3.26553963812
O11:Coculture:F14:5-FU,O11,joint,24,11.5320701089
O11:Coculture:F14:5-FU,O11,joint,25,9.20579352848
O11:Coculture:F14:5-FU,O11,joint,26,10.865041031
O11:Coculture:F14:5-FU,O11,joint,27,5.10062300461
O11:Coculture:F14:5-FU,O11,joint,28,4.35772018764
O11:Coculture:F14:5-FU,O11,joint,29,4.87227716474
O11:Coculture:F14:5-FU,O11,joint,30,10.0919635637
O11:Coculture:F14:5-FU,O11,joint,31,9.365626113
O11:Coculture:F14:5-FU,O11,joint,32,9.86787267622
O11:Coculture:F14:5-FU,O11,joint,33,15.9232805688
O11:Coculture:F14:5-FU,O11,joint,34,15.2538747675
O11:Coculture:F14:5-FU,O11,joint,35,15.7143264271
O11:Coculture:F14:5-FU,O11,joint,36,-0.870132737974
O11:Coculture:F14:5-FU,O11,joint,37,-1.68471205249
O11:Coculture:F14:5-FU,O11,joint,38,-1.37152948796
O11:Coculture:F14:5-FU,O11,joint,39,5.25220412305
O11:Coculture:F14:5-FU,O11,joint,40,4.46651276845
O11:Coculture:F14:5-FU,O11,joint,41,4.7515325622
O11:Coculture:F14:5-FU,O11,joint,42,12.500775459
O11:Coculture:F14:5-FU,O11,joint,43,11.8195663409
O11:Coculture:F14:5-FU,O11,joint,44,12.0958382717
O11:Coculture:F14:5-FU,O11,joint,45,-0.719552711721
O11:Coculture:F14:5-FU,O11,joint,46,-2.263834504
O11:Coculture:F14:5-FU,O11,joint,47,-2.22297906138
O11:Coculture:F14:5-FU,O11,joint,48,3.98341395172
O11:Coculture:F14:5-FU,O11,joint,49,2.78391623267
O11:Coculture:F14:5-FU,O11,joint,50,3.01796072607
O11:Coculture:F14:5-FU,O11,joint,51,11.0886095496
O11:Coculture:F14:5-FU,O11,joint,52,10.2530753165
O11:Coculture:F14:5-FU,O11,joint,53,10.6606902979
O11:Coculture:F14:5-FU,O11,diagonal,0,5.21498050445
O11:Coculture:F14:5-FU,O11,diagonal,1,2.05559628295
O11:Coculture:F14:5-FU,O11,diagonal,2,3.88330487265
O11:Coculture:F14:5-FU,O11,diagonal,3,10.9186172829
O11:Coculture:F14:5-FU,O11,diagonal,4,7.92009768032
O11:Coculture:F14:5-FU,O11,diagonal,5,9.69358491955
O11:Coculture:F14:5-FU,O11,diagonal,6,17.5395478696
O11:Coculture:F14:5-FU,O11,diagonal,7,14.9824834606
O11:Coculture:F14:5-FU,O11,diagonal,8,16.5745345433
O11:Coculture:F14:5-FU,O11,diagonal,9,1.90798221428
O11:Coculture:F14:5-FU,O11,diagonal,10,-1.25902280923
O11:Coculture:F14:5-FU,O11,diagonal,11,-0.183217183626
O11:Coculture:F14:5-FU,O11,diagonal,12,8.22232981746
O11:Coculture:F14:5-FU,O11,diagonal,13,5.56904329883
O11:Coculture:F14:5-FU,O11,diagonal,14,6.77549883666
O11:Coculture:F14:5-FU,O11,diagonal,15,15.6846926519
O11:Coculture:F14:5-FU,O11,diagonal,16,13.6498986391
O11:Coculture:F14:5-FU,O11,diagonal,17,14.856236159
O11:Coculture:F14:5-FU,O11,diagonal,18,2.97477525601
O11:Coculture:F14:5-FU,O11,diagonal,19,-1.32747840573
O11:Coculture:F14:5-FU,O11,diagonal,20,-0.00108284755691
O11:Coculture:F14:5-FU,O11,diagonal,21,7.68466322048
O11:Coculture:F14:5-FU,O11,diagonal,22,4.46464120471
O11:Coculture:F14:5-FU,O11,diagonal,23,6.22182935283
O11:Coculture:F14:5-FU,O11,diagonal,24,15.4134351028
O11:Coculture:F14:5-FU,O11,diagonal,25,12.8823889771
O11:Coculture:F14:5-FU,O11,diagonal,26,14.5367440328
O11:Coculture:F14:5-FU,O11,diagonal,27,7.27795569129
O11:Coculture:F14:5-FU,O11,diagonal,28,6.47633279963
O11:Coculture:F14:5-FU,O11,diagonal,29,6.93688716185
O11:Coculture:F14:5-FU,O11,diagonal,30,12.6469246597
O11:Coculture:F14:5-FU,O11,diagonal,31,11.8570786043
O11:Coculture:F14:5-FU,O11,diagonal,32,12.3140057517
O11:Coculture:F14:5-FU,O11,diagonal,33,18.8116663131
O11:Coculture:F14:5-FU,O11,diagonal,34,18.0620364125
O11:Coculture:F14:5-FU,O11,diagonal,35,18.5054082223
O11:Coculture:F14:5-FU,O11,diagonal,36,1.74113836529
O11:Coculture:F14:5-FU,O11,diagonal,37,0.885386040563
O11:Coculture:F14:5-FU,O11,diagonal,38,1.14714372844
O11:Coculture:F14:5-FU,O11,diagonal,39,8.38999191804
O11:Coculture:F14:5-FU,O11,diagonal,40,7.59824066216
O11:Coculture:F14:5-FU,O11,diagonal,41,7.86719206856
O11:Coculture:F14:5-FU,O11,diagonal,42,15.9662412847
O11:Coculture:F14:5-FU,O11,diagonal,43,15.3029196551
O11:Coculture:F14:5-FU,O11,diagonal,44,15.6045335395
O11:Coculture:F14:5-FU,O11,diagonal,45,0.876336286056
O11:Coculture:F14:5-FU,O11,diagonal,46,-0.55728717559
O11:Coculture:F14:5-FU,O11,diagonal,47,-0.436516120223
O11:Coculture:F14:5-FU,O11,diagonal,48,6.81915855877
O11:Coculture:F14:5-FU,O11,diagonal,49,5.74359514333
O11:Coculture:F14:5-FU,O11,diagonal,50,6.07519403288
O11:Coculture:F14:5-FU,O11,diagonal,51,14.7009220292
O11:Coculture:F14:5-FU,O11,diagonal,52,13.8959165253
O11:Coculture:F14:5-FU,O11,diagonal,53,14.3352135623
O11:Coculture:F14:Gef,O11,joint,0,4.51213055804
O11:Coculture:F14:Gef,O11,joint,1,3.18435586941
O11:Coculture:F14:Gef,O11,joint,2,6.77091165123
O11:Coculture:F14:Gef,O11,joint,3,7.65282524557
O11:Coculture:F14:Gef,O11,joint,4,6.41812301338
O11:Coculture:F14:Gef,O11,joint,5,9.70661983238
O11:Coculture:F14:Gef,O11,joint,6,13.3966914565
O11:Coculture:F14:Gef,O11,joint,7,12.3850301855
O11:Coculture:F14:Gef,O11,joint,8,14.9383145593
O11:Coculture:F14:Gef,O11,joint,9,3.59312672443
O11:Coculture:F14:Gef,O11,joint,10,1.70258949176
O11:Coculture:F14:Gef,O11,joint,11,4.09515083773
O11:Coculture:F14:Gef,O11,joint,12,5.44812281765
O11:Coculture:F14:Gef,O11,joint,13,4.11134037619
O11:Coculture:F14:Gef,O11,joint,14,6.61293696429
O11:Coculture:F14:Gef,O11,joint,15,11.8549969349
O11:Coculture:F14:Gef,O11,joint,16,10.7412379086
O11:Coculture:F14:Gef,O11,joint,17,12.7091633197
O11:Coculture:F14:Gef,O11,joint,18,6.68814520132
O11:Coculture:F14:Gef,O11,joint,19,4.85092009972
O11:Coculture:F14:Gef,O11,joint,20,8.75014328522
O11:Coculture:F14:Gef,O11,joint,21,6.62417029731
O11:Coculture:F14:Gef,O11,joint,22,4.52218661683
O11:Coculture:F14:Gef,O11,joint,23,7.41272914426
O11:Coculture:F14:Gef,O11,joint,24,12.3081855693
O11:Coculture:F14:Gef,O11,joint,25,10.4531994662
O11:Coculture:F14:Gef,O11,joint,26,12.6296836675
O11:Coculture:F14:Gef,O11,joint,27,7.54680279094
O11:Coculture:F14:Gef,O11,joint,28,7.20812197355
O11:Coculture:F14:Gef,O11,joint,29,8.12764032014
O11:Coculture:F14:Gef,O11,joint,30,10.5174803767
O11:Coculture:F14:Gef,O11,joint,31,10.1855367045
O11:Coculture:F14:Gef,O11,joint,32,11.08217565
O11:Coculture:F14:Gef,O11,joint,33,15.84557993
O11:Coculture:F14:Gef,O11,joint,34,15.5369043719
O11:Coculture:F14:Gef,O11,joint,35,16.3590285767
O11:Coculture:F14:Gef,O11,joint,36,3.2340710049
O11:Coculture:F14:Gef,O11,joint,37,2.57759201791
O11:Coculture:F14:Gef,O11,joint,38,3.05140160416
O11:Coculture:F14:Gef,O11,joint,39,6.29753489316
O11:Coculture:F14:Gef,O11,joint,40,5.824900585
O11:Coculture:F14:Gef,O11,joint,41,6.42304092149
O11:Coculture:F14:Gef,O11,joint,42,12.5657318232
O11:Coculture:F14:Gef,O11,joint,43,12.2315362128
O11:Coculture:F14:Gef,O11,joint,44,12.8569353599
O11:Coculture:F14:Gef,O11,joint,45,3.9389657495
O11:Coculture:F14:Gef,O11,joint,46,3.38067599338
O11:Coculture:F14:Gef,O11,joint,47,4.40627499461
O11:Coculture:F14:Gef,O11,joint,48,4.90952544181
O11:Coculture:F14:Gef,O11,joint,49,4.45021916641
O11:Coculture:F14:Gef,O11,joint,50,5.42502496279
O11:Coculture:F14:Gef,O11,joint,51,11.5158975409
O11:Coculture:F14:Gef,O11,joint,52,10.9904016208
O11:Coculture:F14:Gef,O11,joint,53,11.7130372526
O11:Coculture:F14:Gef,O11,diagonal,0,5.45261151184
O11:Coculture:F14:Gef,O11,diagonal,1,3.92829521771
O11:Coculture:F14:Gef,O11,diagonal,2,7.39397120028
O11:Coculture:F14:Gef,O11,diagonal,3,10.0534883451
O11:Coculture:F14:Gef,O11,diagonal,4,8.67061181841
O11:Coculture:F14:Gef,O11,diagonal,5,12.0603910691
O11:Coculture:F14:Gef,O11,diagonal,6,16.4481964024
O11:Coculture:F14:Gef,O11,diagonal,7,15.354628549
O11:Coculture:F14:Gef,O11,diagonal,8,18.4102555142
O11:Coculture:F14:Gef,O11,diagonal,9,3.51037420642
O11:Coculture:F14:Gef,O11,diagonal,10,1.71705916262
O11:Coculture:F14:Gef,O11,diagonal,11,4.17101646584
O11:Coculture:F14:Gef,O11,diagonal,12,7.85129715635
O11:Coculture:F14:Gef,O11,diagonal,13,6.5106092587
O11:Coculture:F14:Gef,O11,diagonal,14,9.02946867986
O11:Coculture:F14:Gef,O11,diagonal,15,15.1353219799
O11:Coculture:F14:Gef,O11,diagonal,16,14.1237479973
O11:Coculture:F14:Gef,O11,diagonal,17,16.3553292598
O11:Coculture:F14:Gef,O11,diagonal,18,4.84375662408
O11:Coculture:F14:Gef,O11,diagonal,19,2.84182730164
O11:Coculture:F14:Gef,O11,diagonal,20,6.46840359339
O11:Coculture:F14:Gef,O11,diagonal,21,8.39296672413
O11:Coculture:F14:Gef,O11,diagonal,22,6.61714284107
O11:Coculture:F14:Gef,O11,diagonal,23,9.82001929378
O11:Coculture:F14:Gef,O11,diagonal,24,15.0980406948
O11:Coculture:F14:Gef,O11,diagonal,25,13.8973412425
O11:Coculture:F14:Gef,O11,diagonal,26,16.8879760829
O11:Coculture:F14:Gef,O11,diagonal,27,8.33392640693
O11:Coculture:F14:Gef,O11,diagonal,28,7.9408033042
O11:Coculture:F14:Gef,O11,diagonal,29,8.81088256444
O11:Coculture:F14:Gef,O11,diagonal,30,12.6733036232
O11:Coculture:F14:Gef,O11,diagonal,31,12.2922245497
O11:Coculture:F14:Gef,O11,diagonal,32,13.1586435453
O11:Coculture:F14:Gef,O11,diagonal,33,18.5457492209
O11:Coculture:F14:Gef,O11,diagonal,34,18.2000300892
O11:Coculture:F14:Gef,O11,diagonal,35,19.0474749019
O11:Coculture:F14:Gef,O11,diagonal,36,3.95101772588
O11:Coculture:F14:Gef,O11,diagonal,37,3.32086342292
O11:Coculture:F14:Gef,O11,diagonal,38,3.81158852018
O11:Coculture:F14:Gef,O11,diagonal,39,8.74168682143
O11:Coculture:F14:Gef,O11,diagonal,40,8.29335806048
O11:Coculture:F14:Gef,O11,diagonal,41,8.90684738629
O11:Coculture:F14:Gef,O11,diagonal,42,15.8357860844
O11:Coculture:F14:Gef,O11,diagonal,43,15.50061411
O11:Coculture:F14:Gef,O11,diagonal,44,16.1303289653
O11:Coculture:F14:Gef,O11,diagonal,45,2.94814189014
O11:Coculture:F14:Gef,O11,diagonal,46,2.38190829697
O11:Coculture:F14:Gef,O11,diagonal,47,3.37047528157
O11:Coculture:F14:Gef,O11,diagonal,48,7.25934648067
O11:Coculture:F14:Gef,O11,diagonal,49,6.75886415006
O11:Coculture:F14:Gef,O11,diagonal,50,7.665508223
O11:Coculture:F14:Gef,O11,diagonal,51,14.8597724907
O11:Coculture:F14:Gef,O11,diagonal,52,14.4158165199
O11:Coculture:F14:Gef,O11,diagonal,53,15.2165356331
O11:Coculture:F14:Oxa,O11,joint,0,12.2638019756
O11:Coculture:F14:Oxa,O11,joint,1,7.30149317333
O11:Coculture:F14:Oxa,O11,joint,2,7.25352042669
O11:Coculture:F14:Oxa,O11,joint,3,12.7125454929
O11:Coculture:F14:Oxa,O11,joint,4,8.13117146557
O11:Coculture:F14:Oxa,O11,joint,5,8.06922728151
O11:Coculture:F14:Oxa,O11,joint,6,16.9588819896
O11:Coculture:F14:Oxa,O11,joint,7,13.3387605144
O11:Coculture:F14:Oxa,O11,joint,8,13.2341847751
O11:Coculture:F14:Oxa,O11,joint,9,16.1759264248
O11:Coculture:F14:Oxa,O11,joint,10,11.4623404777
O11:Coculture:F14:Oxa,O11,joint,11,11.0315991238
O11:Coculture:F14:Oxa,O11,joint,12,11.8288214116
O11:Coculture:F14:Oxa,O11,joint,13,8.08016009404
O11:Coculture:F14:Oxa,O11,joint,14,8.16142297237
O11:Coculture:F14:Oxa,O11,joint,15,15.6090341049
O11:Coculture:F14:Oxa,O11,joint,16,12.4068309007
O11:Coculture:F14:Oxa,O11,joint,17,12.2486040756
O11:Coculture:F14:Oxa,O11,joint,18,29.4159576101
O11:Coculture:F14:Oxa,O11,joint,19,25.2034750558
O11:Coculture:F14:Oxa,O11,joint,20,26.7251613513
O11:Coculture:F14:Oxa,O11,joint,21,16.4526948433
O11:Coculture:F14:Oxa,O11,joint,22,11.3030752277
O11:Coculture:F14:Oxa,O11,joint,23,11.1260524697
O11:Coculture:F14:Oxa,O11,joint,24,17.7807516777
O11:Coculture:F14:Oxa,O11,joint,25,12.9447813849
O11:Coculture:F14:Oxa,O11,joint,26,12.094335175
O11:Coculture:F14:Oxa,O11,joint,27,11.8582311237
O11:Coculture:F14:Oxa,O11,joint,28,10.5904343792
O11:Coculture:F14:Oxa,O11,joint,29,10.5800974289
O11:Coculture:F14:Oxa,O11,joint,30,12.4755061937
O11:Coculture:F14:Oxa,O11,joint,31,11.2349289932
O11:Coculture:F14:Oxa,O11,joint,32,11.2229358065
O11:Coculture:F14:Oxa,O11,joint,33,17.1367472704
O11:Coculture:F14:Oxa,O11,joint,34,15.9914037636
O11:Coculture:F14:Oxa,O11,joint,35,15.9759177176
O11:Coculture:F14:Oxa,O11,joint,36,9.73836645671
O11:Coculture:F14:Oxa,O11,joint,37,8.29256260102
O11:Coculture:F14:Oxa,O11,joint,38,7.97452062438
O11:Coculture:F14:Oxa,O11,joint,39,9.45953262072
O11:Coculture:F14:Oxa,O11,joint,40,8.28113613392
O11:Coculture:F14:Oxa,O11,joint,41,8.17345079547
O11:Coculture:F14:Oxa,O11,joint,42,14.1639796967
O11:Coculture:F14:Oxa,O11,joint,43,13.2268143673
O11:Coculture:F14:Oxa,O11,joint,44,13.2471300869
O11:Coculture:F14:Oxa,O11,joint,45,19.4645941722
O11:Coculture:F14:Oxa,O11,joint,46,18.3339085635
O11:Coculture:F14:Oxa,O11,joint,47,18.7883601897
O11:Coculture:F14:Oxa,O11,joint,48,10.5810387742
O11:Coculture:F14:Oxa,O11,joint,49,9.52791813565
O11:Coculture:F14:Oxa,O11,joint,50,9.90833970953
O11:Coculture:F14:Oxa,O11,joint,51,13.9574790992
O11:Coculture:F14:Oxa,O11,joint,52,12.6700741952
O11:Coculture:F14:Oxa,O11,joint,53,12.6258185057
O11:Coculture:F14:Oxa,O11,diagonal,0,11.688772958
O11:Coculture:F14:Oxa,O11,diagonal,1,6.54629201576
O11:Coculture:F14:Oxa,O11,diagonal,2,6.39090388473
O11:Coculture:F14:Oxa,O11,diagonal,3,14.8812966493
O11:Coculture:F14:Oxa,O11,diagonal,4,10.0300803981
O11:Coculture:F14:Oxa,O11,diagonal,5,9.95087098864
O11:Coculture:F14:Oxa,O11,diagonal,6,20.2765233988
O11:Coculture:F14:Oxa,O11,diagonal,7,16.1571925901
O11:Coculture:F14:Oxa,O11,diagonal,8,16.1869772732
O11:Coculture:F14:Oxa,O11,diagonal,9,12.4974371803
O11:Coculture:F14:Oxa,O11,diagonal,10,8.07934241609
O11:Coculture:F14:Oxa,O11,diagonal,11,7.90405830101
O11:Coculture:F14:Oxa,O11,diagonal,12,12.8159884513
O11:Coculture:F14:Oxa,O11,diagonal,13,9.09676139207
O11:Coculture:F14:Oxa,O11,diagonal,14,9.23727638927
O11:Coculture:F14:Oxa,O11,diagonal,15,18.4254926002
O11:Coculture:F14:Oxa,O11,diagonal,16,15.2297865468
O11:Coculture:F14:Oxa,O11,diagonal,17,15.2752120262
O11:Coculture:F14:Oxa,O11,diagonal,18,19.3861079629
O11:Coculture:F14:Oxa,O11,diagonal,19,14.9040967995
O11:Coculture:F14:Oxa,O11,diagonal,20,16.0507348561
O11:Coculture:F14:Oxa,O11,diagonal,21,15.6074505021
O11:Coculture:F14:Oxa,O11,diagonal,22,10.7500984575
O11:Coculture:F14:Oxa,O11,diagonal,23,10.8699565768
O11:Coculture:F14:Oxa,O11,diagonal,24,19.4420806081
O11:Coculture:F14:Oxa,O11,diagonal,25,15.2814769294
O11:Coculture:F14:Oxa,O11,diagonal,26,15.306274432
O11:Coculture:F14:Oxa,O11,diagonal,27,11.060248
O11:Coculture:F14:Oxa,O11,diagonal,28,9.7526763397
O11:Coculture:F14:Oxa,O11,diagonal,29,9.70728193334
O11:Coculture:F14:Oxa,O11,diagonal,30,14.2653727731
O11:Coculture:F14:Oxa,O11,diagonal,31,12.9797525375
O11:Coculture:F14:Oxa,O11,diagonal,32,12.9409055048
O11:Coculture:F14:Oxa,O11,diagonal,33,19.8023361547
O11:Coculture:F14:Oxa,O11,diagonal,34,18.5895320919
O11:Coculture:F14:Oxa,O11,diagonal,35,18.5697297396
O11:Coculture:F14:Oxa,O11,diagonal,36,8.44148896271
O11:Coculture:F14:Oxa,O11,diagonal,37,7.06523635498
O11:Coculture:F14:Oxa,O11,diagonal,38,6.80649375986
O11:Coculture:F14:Oxa,O11,diagonal,39,11.0373556595
O11:Coculture:F14:Oxa,O11,diagonal,40,9.93283196849
O11:Coculture:F14:Oxa,O11,diagonal,41,9.88901093972
O11:Coculture:F14:Oxa,O11,diagonal,42,17.1146559432
O11:Coculture:F14:Oxa,O11,diagonal,43,16.1848491784
O11:Coculture:F14:Oxa,O11,diagonal,44,16.2199779277
O11:Coculture:F14:Oxa,O11,diagonal,45,12.1383886494
O11:Coculture:F14:Oxa,O11,diagonal,46,11.0927149508
O11:Coculture:F14:Oxa,O11,diagonal,47,11.6014357693
O11:Coculture:F14:Oxa,O11,diagonal,48,10.9219917355
O11:Coculture:F14:Oxa,O11,diagonal,49,9.80148894465
O11:Coculture:F14:Oxa,O11,diagonal,50,10.0881484588
O11:Coculture:F14:Oxa,O11,diagonal,51,16.6816188496
O11:Coculture:F14:Oxa,O11,diagonal,52,15.4672808384
O11:Coculture:F14:Oxa,O11,diagonal,53,15.4972453683
O11:Coculture:F14:SN-38,O11,joint,0,2.92668439114
O11:Coculture:F14:SN-38,O11,joint,1,3.32851046443
O11:Coculture:F14:SN-38,O11,joint,2,8.64870383748
O11:Coculture:F14:SN-38,O11,joint,3,6.36858720477
O11:Coculture:F14:SN-38,O11,joint,4,6.74087682306
O11:Coculture:F14:SN-38,O11,joint,5,11.6348363662
O11:Coculture:F14:SN-38,O11,joint,6,12.4561881589
O11:Coculture:F14:SN-38,O11,joint,7,12.7353416383
O11:Coculture:F14:SN-38,O11,joint,8,16.5151680598
O11:Coculture:F14:SN-38,O11,joint,9,-0.586012858413
O11:Coculture:F14:SN-38,O11,joint,10,-1.54461728003
O11:Coculture:F14:SN-38,O11,joint,11,1.78000236101
O11:Coculture:F14:SN-38,O11,joint,12,3.78464035487
O11:Coculture:F14:SN-38,O11,joint,13,3.22876042494
O11:Coculture:F14:SN-38,O11,joint,14,6.50223297103
O11:Coculture:F14:SN-38,O11,joint,15,10.8447657245
O11:Coculture:F14:SN-38,O11,joint,16,10.6714335715
O11:Coculture:F14:SN-38,O11,joint,17,13.524898398
O11:Coculture:F14:SN-38,O11,joint,18,1.2142119615
O11:Coculture:F14:SN-38,O11,joint,19,-1.01262872865
O11:Coculture:F14:SN-38,O11,joint,20,2.50024376014
O11:Coculture:F14:SN-38,O11,joint,21,3.96994338182
O11:Coculture:F14:SN-38,O11,joint,22,3.05128443496
O11:Coculture:F14:SN-38,O11,joint,23,7.10016005652
O11:Coculture:F14:SN-38,O11,joint,24,10.5469378496
O11:Coculture:F14:SN-38,O11,joint,25,10.3252908701
O11:Coculture:F14:SN-38,O11,joint,26,14.0604882462
O11:Coculture:F14:SN-38,O11,joint,27,6.98696393102
O11:Coculture:F14:SN-38,O11,joint,28,7.08926700283
O11:Coculture:F14:SN-38,O11,joint,29,8.4498811448
O11:Coculture:F14:SN-38,O11,joint,30,10.118395018
O11:Coculture:F14:SN-38,O11,joint,31,10.2188515363
O11:Coculture:F14:SN-38,O11,joint,32,11.5488998796
O11:Coculture:F14:SN-38,O11,joint,33,15.5341787572
O11:Coculture:F14:SN-38,O11,joint,34,15.6272511618
O11:Coculture:F14:SN-38,O11,joint,35,16.8507410476
O11:Coculture:F14:SN-38,O11,joint,36,0.98309046901
O11:Coculture:F14:SN-38,O11,joint,37,0.673091348512
O11:Coculture:F14:SN-38,O11,joint,38,1.49072116076
O11:Coculture:F14:SN-38,O11,joint,39,5.26046679477
O11:Coculture:F14:SN-38,O11,joint,40,5.02081568937
O11:Coculture:F14:SN-38,O11,joint,41,5.85197059963
O11:Coculture:F14:SN-38,O11,joint,42,12.1527618475
O11:Coculture:F14:SN-38,O11,joint,43,12.013791865
O11:Coculture:F14:SN-38,O11,joint,44,12.8321600016
O11:Coculture:F14:SN-38,O11,joint,45,-0.897327334146
O11:Coculture:F14:SN-38,O11,joint,46,-1.83172339577
O11:Coculture:F14:SN-38,O11,joint,47,-1.18053114465
O11:Coculture:F14:SN-38,O11,joint,48,3.52802840422
O11:Coculture:F14:SN-38,O11,joint,49,2.97131823168
O11:Coculture:F14:SN-38,O11,joint,50,3.84953635388
O11:Coculture:F14:SN-38,O11,joint,51,10.8301834376
O11:Coculture:F14:SN-38,O11,joint,52,10.6005187009
O11:Coculture:F14:SN-38,O11,joint,53,11.6127376063
O11:Coculture:F14:SN-38,O11,diagonal,0,4.12934923662
O11:Coculture:F14:SN-38,O11,diagonal,1,4.24018462993
O11:Coculture:F14:SN-38,O11,diagonal,2,9.33996631774
O11:Coculture:F14:SN-38,O11,diagonal,3,8.91049801553
O11:Coculture:F14:SN-38,O11,diagonal,4,9.08464121939
O11:Coculture:F14:SN-38,O11,diagonal,5,14.0320664901
O11:Coculture:F14:SN-38,O11,diagonal,6,15.5814814379
O11:Coculture:F14:SN-38,O11,diagonal,7,15.8669530188
O11:Coculture:F14:SN-38,O11,diagonal,8,20.3092120396
O11:Coculture:F14:SN-38,O11,diagonal,9,1.05437012919
O11:Coculture:F14:SN-38,O11,diagonal,10,0.0317400382467
O11:Coculture:F14:SN-38,O11,diagonal,11,3.24698567119
O11:Coculture:F14:SN-38,O11,diagonal,12,6.75543823974
O11:Coculture:F14:SN-38,O11,diagonal,13,6.23900108932
O11:Coculture:F14:SN-38,O11,diagonal,14,9.57900314982
O11:Coculture:F14:SN-38,O11,diagonal,15,14.3381964365
O11:Coculture:F14:SN-38,O11,diagonal,16,14.2934810494
O11:Coculture:F14:SN-38,O11,diagonal,17,17.4906558439
O11:Coculture:F14:SN-38,O11,diagonal,18,1.80880605961
O11:Coculture:F14:SN-38,O11,diagonal,19,-0.0406876133708
O11:Coculture:F14:SN-38,O11,diagonal,20,3.73118645509
O11:Coculture:F14:SN-38,O11,diagonal,21,6.3764952448
O11:Coculture:F14:SN-38,O11,diagonal,22,5.86554800806
O11:Coculture:F14:SN-38,O11,diagonal,23,10.3294248049
O11:Coculture:F14:SN-38,O11,diagonal,24,13.8023684897
O11:Coculture:F14:SN-38,O11,diagonal,25,14.0282258717
O11:Coculture:F14:SN-38,O11,diagonal,26,18.4479634405
O11:Coculture:F14:SN-38,O11,diagonal,27,8.00610798998
O11:Coculture:F14:SN-38,O11,diagonal,28,8.02842558743
O11:Coculture:F14:SN-38,O11,diagonal,29,9.3135805379
O11:Coculture:F14:SN-38,O11,diagonal,30,12.3585156816
O11:Coculture:F14:SN-38,O11,diagonal,31,12.38622453
O11:Coculture:F14:SN-38,O11,diagonal,32,13.6611699519
O11:Coculture:F14:SN-38,O11,diagonal,33,18.3068840942
O11:Coculture:F14:SN-38,O11,diagonal,34,18.3504198952
O11:Coculture:F14:SN-38,O11,diagonal,35,19.5872762129
O11:Coculture:F14:SN-38,O11,diagonal,36,2.52876133487
O11:Coculture:F14:SN-38,O11,diagonal,37,2.17243614229
O11:Coculture:F14:SN-38,O11,diagonal,38,2.93226833518
O11:Coculture:F14:SN-38,O11,diagonal,39,8.19002669474
O11:Coculture:F14:SN-38,O11,diagonal,40,7.934369172
O11:Coculture:F14:SN-38,O11,diagonal,41,8.73818058024
O11:Coculture:F14:SN-38,O11,diagonal,42,15.6232127753
O11:Coculture:F14:SN-38,O11,diagonal,43,15.4941034877
O11:Coculture:F14:SN-38,O11,diagonal,44,16.3291040029
O11:Coculture:F14:SN-38,O11,diagonal,45,0.664814098515
O11:Coculture:F14:SN-38,O11,diagonal,46,-0.215770470452
O11:Coculture:F14:SN-38,O11,diagonal,47,0.455879249627
O11:Coculture:F14:SN-38,O11,diagonal,48,6.55170363913
O11:Coculture:F14:SN-38,O11,diagonal,49,6.08933022088
O11:Coculture:F14:SN-38,O11,diagonal,50,7.032298738
O11:Coculture:F14:SN-38,O11,diagonal,51,14.3966717323
O11:Coculture:F14:SN-38,O11,diagonal,52,14.2689349232
O11:Coculture:F14:SN-38,O11,diagonal,53,15.3849041224
O11:Coculture:F17:5-FU,O11,joint,0,9.33188064081
O11:Coculture:F17:5-FU,O11,joint,1,6.50276405963
O11:Coculture:F17:5-FU,O11,joint,2,8.58798353404
O11:Coculture:F17:5-FU,O11,joint,3,9.71938648905
O11:Coculture:F17:5-FU,O11,joint,4,7.05307301461
O11:Coculture:F17:5-FU,O11,joint,5,8.90618938342
O11:Coculture:F17:5-FU,O11,joint,6,14.5174411649
O11:Coculture:F17:5-FU,O11,joint,7,12.353895819
O11:Coculture:F17:5-FU,O11,joint,8,13.705896209
O11:Coculture:F17:5-FU,O11,joint,9,7.42151571671
O11:Coculture:F17:5-FU,O11,joint,10,5.11445880753
O11:Coculture:F17:5-FU,O11,joint,11,7.09024649171
O11:Coculture:F17:5-FU,O11,joint,12,6.66121391719
O11:Coculture:F17:5-FU,O11,joint,13,4.43920907565
O11:Coculture:F17:5-FU,O11,joint,14,6.04712843
O11:Coculture:F17:5-FU,O11,joint,15,12.445746242
O11:Coculture:F17:5-FU,O11,joint,16,10.5252706444
O11:Coculture:F17:5-FU,O11,joint,17,11.6487714258
O11:Coculture:F17:5-FU,O11,joint,18,7.87136043623
O11:Coculture:F17:5-FU,O11,joint,19,5.16442306752
O11:Coculture:F17:5-FU,O11,joint,20,8.1916545486
O11:Coculture:F17:5-FU,O11,joint,21,6.26296097387
O11:Coculture:F17:5-FU,O11,joint,22,3.27931103723
O11:Coculture:F17:5-FU,O11,joint,23,5.2682579583
O11:Coculture:F17:5-FU,O11,joint,24,12.3618862109
O11:Coculture:F17:5-FU,O11,joint,25,9.6664964227
O11:Coculture:F17:5-FU,O11,joint,26,10.9566307174
O11:Coculture:F17:5-FU,O11,joint,27,11.389882333
O11:Coculture:F17:5-FU,O11,joint,28,10.6730578796
O11:Coculture:F17:5-FU,O11,joint,29,11.2136932202
O11:Coculture:F17:5-FU,O11,joint,30,11.74252586
O11:Coculture:F17:5-FU,O11,joint,31,11.0352467147
O11:Coculture:F17:5-FU,O11,joint,32,11.5565515833
O11:Coculture:F17:5-FU,O11,joint,33,16.3884575195
O11:Coculture:F17:5-FU,O11,joint,34,15.7218791508
O11:Coculture:F17:5-FU,O11,joint,35,16.185158243
O11:Coculture:F17:5-FU,O11,joint,36,7.42845390537
O11:Coculture:F17:5-FU,O11,joint,37,6.91050501816
O11:Coculture:F17:5-FU,O11,joint,38,7.52031800999
O11:Coculture:F17:5-FU,O11,joint,39,7.27092994369
O11:Coculture:F17:5-FU,O11,joint,40,6.69416571639
O11:Coculture:F17:5-FU,O11,joint,41,7.18811263744
O11:Coculture:F17:5-FU,O11,joint,42,12.8720778231
O11:Coculture:F17:5-FU,O11,joint,43,12.3165766127
O11:Coculture:F17:5-FU,O11,joint,44,12.7185564513
O11:Coculture:F17:5-FU,O11,joint,45,6.44925989054
O11:Coculture:F17:5-FU,O11,joint,46,5.83426827913
O11:Coculture:F17:5-FU,O11,joint,47,6.80441390261
O11:Coculture:F17:5-FU,O11,joint,48,5.19488948076
O11:Coculture:F17:5-FU,O11,joint,49,4.51815513858
O11:Coculture:F17:5-FU,O11,joint,50,5.27496300885
O11:Coculture:F17:5-FU,O11,joint,51,11.4100456318
O11:Coculture:F17:5-FU,O11,joint,52,10.6641331476
O11:Coculture:F17:5-FU,O11,joint,53,11.1613698779
O11:Coculture:F17:5-FU,O11,diagonal,0,8.4913137585
O11:Coculture:F17:5-FU,O11,diagonal,1,6.16177826886
O11:Coculture:F17:5-FU,O11,diagonal,2,8.81933559042
O11:Coculture:F17:5-FU,O11,diagonal,3,11.3542375319
O11:Coculture:F17:5-FU,O11,diagonal,4,9.09075237314
O11:Coculture:F17:5-FU,O11,diagonal,5,11.5992740562
O11:Coculture:F17:5-FU,O11,diagonal,6,17.2892251213
O11:Coculture:F17:5-FU,O11,diagonal,7,15.3063517505
O11:Coculture:F17:5-FU,O11,diagonal,8,17.4725938714
O11:Coculture:F17:5-FU,O11,diagonal,9,5.86272523963
O11:Coculture:F17:5-FU,O11,diagonal,10,4.06556470186
O11:Coculture:F17:5-FU,O11,diagonal,11,6.5112148132
O11:Coculture:F17:5-FU,O11,diagonal,12,8.64535106425
O11:Coculture:F17:5-FU,O11,diagonal,13,6.95235228766
O11:Coculture:F17:5-FU,O11,diagonal,14,9.11909556752
O11:Coculture:F17:5-FU,O11,diagonal,15,15.5648294783
O11:Coculture:F17:5-FU,O11,diagonal,16,14.0548199614
O11:Coculture:F17:5-FU,O11,diagonal,17,15.7859419772
O11:Coculture:F17:5-FU,O11,diagonal,18,6.47132420405
O11:Coculture:F17:5-FU,O11,diagonal,19,4.65810146986
O11:Coculture:F17:5-FU,O11,diagonal,20,8.4735279556
O11:Coculture:F17:5-FU,O11,diagonal,21,8.47958142032
O11:Coculture:F17:5-FU,O11,diagonal,22,6.25632241927
O11:Coculture:F17:5-FU,O11,diagonal,23,9.01027358212
O11:Coculture:F17:5-FU,O11,diagonal,24,15.3965417127
O11:Coculture:F17:5-FU,O11,diagonal,25,13.3992065655
O11:Coculture:F17:5-FU,O11,diagonal,26,15.5872725997
O11:Coculture:F17:5-FU,O11,diagonal,27,10.8161482411
O11:Coculture:F17:5-FU,O11,diagonal,28,10.2320590913
O11:Coculture:F17:5-FU,O11,diagonal,29,10.9101471955
O11:Coculture:F17:5-FU,O11,diagonal,30,13.4660079732
O11:Coculture:F17:5-FU,O11,diagonal,31,12.8836241008
O11:Coculture:F17:5-FU,O11,diagonal,32,13.5480134312
O11:Coculture:F17:5-FU,O11,diagonal,33,18.9205713754
O11:Coculture:F17:5-FU,O11,diagonal,34,18.3547000857
O11:Coculture:F17:5-FU,O11,diagonal,35,18.9818305065
O11:Coculture:F17:5-FU,O11,diagonal,36,6.48825692778
O11:Coculture:F17:5-FU,O11,diagonal,37,6.06584529412
O11:Coculture:F17:5-FU,O11,diagonal,38,6.76094367306
O11:Coculture:F17:5-FU,O11,diagonal,39,9.37867767437
O11:Coculture:F17:5-FU,O11,diagonal,40,8.92938753993
O11:Coculture:F17:5-FU,O11,diagonal,41,9.54080006777
O11:Coculture:F17:5-FU,O11,diagonal,42,16.0719965964
O11:Coculture:F17:5-FU,O11,diagonal,43,15.6487469023
O11:Coculture:F17:5-FU,O11,diagonal,44,16.1904327223
O11:Coculture:F17:5-FU,O11,diagonal,45,5.06859022156
O11:Coculture:F17:5-FU,O11,diagonal,46,4.75694954334
O11:Coculture:F17:5-FU,O11,diagonal,47,5.99970338213
O11:Coculture:F17:5-FU,O11,diagonal,48,7.69329579578
O11:Coculture:F17:5-FU,O11,diagonal,49,7.23999011223
O11:Coculture:F17:5-FU,O11,diagonal,50,8.19384673367
O11:Coculture:F17:5-FU,O11,diagonal,51,14.8996515792
O11:Coculture:F17:5-FU,O11,diagonal,52,14.3438368289
O11:Coculture:F17:5-FU,O11,diagonal,53,15.0323246196
O11:Coculture:F17:Gef,O11,joint,0,2.87450879602
O11:Coculture:F17:Gef,O11,joint,1,1.43515858236
O11:Coculture:F17:Gef,O11,joint,2,4.91013883915
O11:Coculture:F17:Gef,O11,joint,3,7.54542590869
O11:Coculture:F17:Gef,O11,joint,4,6.13995359973
O11:Coculture:F17:Gef,O11,joint,5,9.25768034196
O11:Coculture:F17:Gef,O11,joint,6,13.6391098817
O11:Coculture:F17:Gef,O11,joint,7,12.3846657104
O11:Coculture:F17:Gef,O11,joint,8,14.6951671839
O11:Coculture:F17:Gef,O11,joint,9,2.61674617737
O11:Coculture:F17:Gef,O11,joint,10,0.871633568549
O11:Coculture:F17:Gef,O11,joint,11,3.40961953837
O11:Coculture:F17:Gef,O11,joint,12,5.62540255183
O11:Coculture:F17:Gef,O11,joint,13,4.19993622447
O11:Coculture:F17:Gef,O11,joint,14,6.61284892666
O11:Coculture:F17:Gef,O11,joint,15,12.2943827245
O11:Coculture:F17:Gef,O11,joint,16,10.9264304127
O11:Coculture:F17:Gef,O11,joint,17,12.6401625381
O11:Coculture:F17:Gef,O11,joint,18,8.11649711452
O11:Coculture:F17:Gef,O11,joint,19,6.70602546089
O11:Coculture:F17:Gef,O11,joint,20,11.0320020944
O11:Coculture:F17:Gef,O11,joint,21,8.1745768991
O11:Coculture:F17:Gef,O11,joint,22,5.78626120478
O11:Coculture:F17:Gef,O11,joint,23,8.39047171838
O11:Coculture:F17:Gef,O11,joint,24,13.3034087226
O11:Coculture:F17:Gef,O11,joint,25,10.9335237853
O11:Coculture:F17:Gef,O11,joint,26,12.5951091524
O11:Coculture:F17:Gef,O11,joint,27,5.58859621014
O11:Coculture:F17:Gef,O11,joint,28,5.22780396821
O11:Coculture:F17:Gef,O11,joint,29,6.12521089026
O11:Coculture:F17:Gef,O11,joint,30,10.1080749362
O11:Coculture:F17:Gef,O11,joint,31,9.74823738276
O11:Coculture:F17:Gef,O11,joint,32,10.616982447
O11:Coculture:F17:Gef,O11,joint,33,15.8187300957
O11:Coculture:F17:Gef,O11,joint,34,15.4673620185
O11:Coculture:F17:Gef,O11,joint,35,16.2467937041
O11:Coculture:F17:Gef,O11,joint,36,1.80069295128
O11:Coculture:F17:Gef,O11,joint,37,1.23661457854
O11:Coculture:F17:Gef,O11,joint,38,1.80282477904
O11:Coculture:F17:Gef,O11,joint,39,6.0534397564
O11:Coculture:F17:Gef,O11,joint,40,5.61716160419
O11:Coculture:F17:Gef,O11,joint,41,6.25165809665
O11:Coculture:F17:Gef,O11,joint,42,12.6100517568
O11:Coculture:F17:Gef,O11,joint,43,12.2536851749
O11:Coculture:F17:Gef,O11,joint,44,12.8569133505
O11:Coculture:F17:Gef,O11,joint,45,3.07958397327
O11:Coculture:F17:Gef,O11,joint,46,2.84886054998
O11:Coculture:F17:Gef,O11,joint,47,4.20202588404
O11:Coculture:F17:Gef,O11,joint,48,5.26661342012
O11:Coculture:F17:Gef,O11,joint,49,4.91399550671
O11:Coculture:F17:Gef,O11,joint,50,5.99548966507
O11:Coculture:F17:Gef,O11,joint,51,11.9034991913
O11:Coculture:F17:Gef,O11,joint,52,11.3064202677
O11:Coculture:F17:Gef,O11,joint,53,11.9574728961
O11:Coculture:F17:Gef,O11,diagonal,0,4.58464665645
O11:Coculture:F17:Gef,O11,diagonal,1,3.20635742064
O11:Coculture:F17:Gef,O11,diagonal,2,6.81806046154
O11:Coculture:F17:Gef,O11,diagonal,3,9.98035003987
O11:Coculture:F17:Gef,O11,diagonal,4,8.7256616234
O11:Coculture:F17:Gef,O11,diagonal,5,12.2436289843
O11:Coculture:F17:Gef,O11,diagonal,6,16.5325676693
O11:Coculture:F17:Gef,O11,diagonal,7,15.5365266914
O11:Coculture:F17:Gef,O11,diagonal,8,18.6896805323
O11:Coculture:F17:Gef,O11,diagonal,9,3.02643958361
O11:Coculture:F17:Gef,O11,diagonal,10,1.68443522871
O11:Coculture:F17:Gef,O11,diagonal,11,4.58970322084
O11:Coculture:F17:Gef,O11,diagonal,12,8.1094819904
O11:Coculture:F17:Gef,O11,diagonal,13,7.0298598908
O11:Coculture:F17:Gef,O11,diagonal,14,9.80978510999
O11:Coculture:F17:Gef,O11,diagonal,15,15.4712162941
O11:Coculture:F17:Gef,O11,diagonal,16,14.5614526061
O11:Coculture:F17:Gef,O11,diagonal,17,16.8948441632
O11:Coculture:F17:Gef,O11,diagonal,18,7.62772029458
O11:Coculture:F17:Gef,O11,diagonal,19,6.53625730257
O11:Coculture:F17:Gef,O11,diagonal,20,11.0732999247
O11:Coculture:F17:Gef,O11,diagonal,21,10.3819622717
O11:Coculture:F17:Gef,O11,diagonal,22,8.83686393008
O11:Coculture:F17:Gef,O11,diagonal,23,12.2704659242
O11:Coculture:F17:Gef,O11,diagonal,24,15.9456029855
O11:Coculture:F17:Gef,O11,diagonal,25,14.8191870476
O11:Coculture:F17:Gef,O11,diagonal,26,17.8841054024
O11:Coculture:F17:Gef,O11,diagonal,27,7.27270655936
O11:Coculture:F17:Gef,O11,diagonal,28,6.91792457377
O11:Coculture:F17:Gef,O11,diagonal,29,7.82634495115
O11:Coculture:F17:Gef,O11,diagonal,30,12.4563124094
O11:Coculture:F17:Gef,O11,diagonal,31,12.1117401004
O11:Coculture:F17:Gef,O11,diagonal,32,13.0146658606
O11:Coculture:F17:Gef,O11,diagonal,33,18.5274646446
O11:Coculture:F17:Gef,O11,diagonal,34,18.2137925405
O11:Coculture:F17:Gef,O11,diagonal,35,19.0932843807
O11:Coculture:F17:Gef,O11,diagonal,36,3.19845892158
O11:Coculture:F17:Gef,O11,diagonal,37,2.73209716673
O11:Coculture:F17:Gef,O11,diagonal,38,3.3866148121
O11:Coculture:F17:Gef,O11,diagonal,39,8.62070316573
O11:Coculture:F17:Gef,O11,diagonal,40,8.285202077
O11:Coculture:F17:Gef,O11,diagonal,41,9.01151907504
O11:Coculture:F17:Gef,O11,diagonal,42,15.9003322929
O11:Coculture:F17:Gef,O11,diagonal,43,15.630426768
O11:Coculture:F17:Gef,O11,diagonal,44,16.3254080728
O11:Coculture:F17:Gef,O11,diagonal,45,2.98654033732
O11:Coculture:F17:Gef,O11,diagonal,46,2.89644682892
O11:Coculture:F17:Gef,O11,diagonal,47,4.36115389828
O11:Coculture:F17:Gef,O11,diagonal,48,7.9553373983
O11:Coculture:F17:Gef,O11,diagonal,49,7.68247165029
O11:Coculture:F17:Gef,O11,diagonal,50,8.81673230584
O11:Coculture:F17:Gef,O11,diagonal,51,15.3570213776
O11:Coculture:F17:Gef,O11,diagonal,52,14.9707467922
O11:Coculture:F17:Gef,O11,diagonal,53,15.8291472907
O11:Coculture:F17:Oxa,O11,joint,0,11.5117834585
O11:Coculture:F17:Oxa,O11,joint,1,6.15795955099
O11:Coculture:F17:Oxa,O11,joint,2,5.71847169909
O11:Coculture:F17:Oxa,O11,joint,3,13.3323389622
O11:Coculture:F17:Oxa,O11,joint,4,8.37989310213
O11:Coculture:F17:Oxa,O11,joint,5,7.94687708534
O11:Coculture:F17:Oxa,O11,joint,6,17.8760257184
O11:Coculture:F17:Oxa,O11,joint,7,13.8999067771
O11:Coculture:F17:Oxa,O11,joint,8,13.4393335718
O11:Coculture:F17:Oxa,O11,joint,9,15.9854524423
O11:Coculture:F17:Oxa,O11,joint,10,12.0067018277
O11:Coculture:F17:Oxa,O11,joint,11,12.3107958066
O11:Coculture:F17:Oxa,O11,joint,12,13.4579939818
O11:Coculture:F17:Oxa,O11,joint,13,9.91141861744
O11:Coculture:F17:Oxa,O11,joint,14,10.1947674489
O11:Coculture:F17:Oxa,O11,joint,15,17.3741514813
O11:Coculture:F17:Oxa,O11,joint,16,13.9161865035
O11:Coculture:F17:Oxa,O11,joint,17,13.5021979047
O11:Coculture:F17:Oxa,O11,joint,18,45.5903585939
O11:Coculture:F17:Oxa,O11,joint,19,42.5047979708
O11:Coculture:F17:Oxa,O11,joint,20,45.1534061975
O11:Coculture:F17:Oxa,O11,joint,21,24.9234166401
O11:Coculture:F17:Oxa,O11,joint,22,19.4152653636
O11:Coculture:F17:Oxa,O11,joint,23,18.8797109447
O11:Coculture:F17:Oxa,O11,joint,24,21.8590845621
O11:Coculture:F17:Oxa,O11,joint,25,16.2386839303
O11:Coculture:F17:Oxa,O11,joint,26,14.6038073814
O11:Coculture:F17:Oxa,O11,joint,27,10.2705302318
O11:Coculture:F17:Oxa,O11,joint,28,8.90182786646
O11:Coculture:F17:Oxa,O11,joint,29,8.79058529517
O11:Coculture:F17:Oxa,O11,joint,30,12.2875015645
O11:Coculture:F17:Oxa,O11,joint,31,10.9490455876
O11:Coculture:F17:Oxa,O11,joint,32,10.8391736246
O11:Coculture:F17:Oxa,O11,joint,33,17.2916956377
O11:Coculture:F17:Oxa,O11,joint,34,16.0535841727
O11:Coculture:F17:Oxa,O11,joint,35,15.9453301685
O11:Coculture:F17:Oxa,O11,joint,36,8.40108147771
O11:Coculture:F17:Oxa,O11,joint,37,7.19239659484
O11:Coculture:F17:Oxa,O11,joint,38,7.11147359103
O11:Coculture:F17:Oxa,O11,joint,39,9.41191412508
O11:Coculture:F17:Oxa,O11,joint,40,8.41722647145
O11:Coculture:F17:Oxa,O11,joint,41,8.49324996615
O11:Coculture:F17:Oxa,O11,joint,42,14.5712728393
O11:Coculture:F17:Oxa,O11,joint,43,13.6846289982
O11:Coculture:F17:Oxa,O11,joint,44,13.755466206
O11:Coculture:F17:Oxa,O11,joint,45,24.7380611827
O11:Coculture:F17:Oxa,O11,joint,46,24.4453556783
O11:Coculture:F17:Oxa,O11,joint,47,25.7377874088
O11:Coculture:F17:Oxa,O11,joint,48,14.6246390202
O11:Coculture:F17:Oxa,O11,joint,49,13.8532488644
O11:Coculture:F17:Oxa,O11,joint,50,14.5154009211
O11:Coculture:F17:Oxa,O11,joint,51,16.0751595484
O11:Coculture:F17:Oxa,O11,joint,52,14.6981217292
O11:Coculture:F17:Oxa,O11,joint,53,14.5642331245
O11:Coculture:F17:Oxa,O11,diagonal,0,12.3964310864
O11:Coculture:F17:Oxa,O11,diagonal,1,6.65529983216
O11:Coculture:F17:Oxa,O11,diagonal,2,5.90126138912
O11:Coculture:F17:Oxa,O11,diagonal,3,16.1262326509
O11:Coculture:F17:Oxa,O11,diagonal,4,10.6676797026
O11:Coculture:F17:Oxa,O11,diagonal,5,9.98113359612
O11:Coculture:F17:Oxa,O11,diagonal,6,21.5859558206
O11:Coculture:F17:Oxa,O11,diagonal,7,16.8538877797
O11:Coculture:F17:Oxa,O11,diagonal,8,16.2709352306
O11:Coculture:F17:Oxa,O11,diagonal,9,14.1045070501
O11:Coculture:F17:Oxa,O11,diagonal,10,9.95758058551
O11:Coculture:F17:Oxa,O11,diagonal,11,10.0534647701
O11:Coculture:F17:Oxa,O11,diagonal,12,14.9450774937
O11:Coculture:F17:Oxa,O11,diagonal,13,10.9631552825
O11:Coculture:F17:Oxa,O11,diagonal,14,10.8409751279
O11:Coculture:F17:Oxa,O11,diagonal,15,20.1200635723
O11:Coculture:F17:Oxa,O11,diagonal,16,16.4234774188
O11:Coculture:F17:Oxa,O11,diagonal,17,15.968022798
O11:Coculture:F17:Oxa,O11,diagonal,18,31.3625455402
O11:Coculture:F17:Oxa,O11,diagonal,19,26.8778557535
O11:Coculture:F17:Oxa,O11,diagonal,20,28.0218151868
O11:Coculture:F17:Oxa,O11,diagonal,21,21.4959089853
O11:Coculture:F17:Oxa,O11,diagonal,22,15.9102745537
O11:Coculture:F17:Oxa,O11,diagonal,23,15.301850286
O11:Coculture:F17:Oxa,O11,diagonal,24,22.2299484037
O11:Coculture:F17:Oxa,O11,diagonal,25,17.3199960323
O11:Coculture:F17:Oxa,O11,diagonal,26,16.5954448423
O11:Coculture:F17:Oxa,O11,diagonal,27,10.6895764633
O11:Coculture:F17:Oxa,O11,diagonal,28,9.23172412167
O11:Coculture:F17:Oxa,O11,diagonal,29,9.0360490339
O11:Coculture:F17:Oxa,O11,diagonal,30,14.4422873052
O11:Coculture:F17:Oxa,O11,diagonal,31,13.0070044916
O11:Coculture:F17:Oxa,O11,diagonal,32,12.8184948809
O11:Coculture:F17:Oxa,O11,diagonal,33,20.1135701551
O11:Coculture:F17:Oxa,O11,diagonal,34,18.7489319181
O11:Coculture:F17:Oxa,O11,diagonal,35,18.5772953914
O11:Coculture:F17:Oxa,O11,diagonal,36,8.26338755215
O11:Coculture:F17:Oxa,O11,diagonal,37,7.06081620884
O11:Coculture:F17:Oxa,O11,diagonal,38,6.97575487813
O11:Coculture:F17:Oxa,O11,diagonal,39,11.439123127
O11:Coculture:F17:Oxa,O11,diagonal,40,10.4023915108
O11:Coculture:F17:Oxa,O11,diagonal,41,10.426362557
O11:Coculture:F17:Oxa,O11,diagonal,42,17.6469282038
O11:Coculture:F17:Oxa,O11,diagonal,43,16.651447651
O11:Coculture:F17:Oxa,O11,diagonal,44,16.6209026123
O11:Coculture:F17:Oxa,O11,diagonal,45,17.6164000913
O11:Coculture:F17:Oxa,O11,diagonal,46,16.9842321781
O11:Coculture:F17:Oxa,O11,diagonal,47,17.9064587819
O11:Coculture:F17:Oxa,O11,diagonal,48,13.9161011298
O11:Coculture:F17:Oxa,O11,diagonal,49,12.7949286831
O11:Coculture:F17:Oxa,O11,diagonal,50,13.0809185415
O11:Coculture:F17:Oxa,O11,diagonal,51,18.1537334704
O11:Coculture:F17:Oxa,O11,diagonal,52,16.7573248625
O11:Coculture:F17:Oxa,O11,diagonal,53,16.6052187956
O11:Coculture:F17:SN-38,O11,joint,0,-0.361517429092
O11:Coculture:F17:SN-38,O11,joint,1,1.09355054254
O11:Coculture:F17:SN-38,O11,joint,2,7.46698581393
O11:Coculture:F17:SN-38,O11,joint,3,5.21322939295
O11:Coculture:F17:SN-38,O11,joint,4,6.57385418034
O11:Coculture:F17:SN-38,O11,joint,5,12.4561488926
O11:Coculture:F17:SN-38,O11,joint,6,11.8943639193
O11:Coculture:F17:SN-38,O11,joint,7,12.9820901401
O11:Coculture:F17:SN-38,O11,joint,8,17.5704893028
O11:Coculture:F17:SN-38,O11,joint,9,-4.09593077543
O11:Coculture:F17:SN-38,O11,joint,10,-3.94002141437
O11:Coculture:F17:SN-38,O11,joint,11,0.499112009347
O11:Coculture:F17:SN-38,O11,joint,12,2.28554107147
O11:Coculture:F17:SN-38,O11,joint,13,2.82179048319
O11:Coculture:F17:SN-38,O11,joint,14,7.18739237093
O11:Coculture:F17:SN-38,O11,joint,15,10.0606496893
O11:Coculture:F17:SN-38,O11,joint,16,10.7662689176
O11:Coculture:F17:SN-38,O11,joint,17,14.4986851255
O11:Coculture:F17:SN-38,O11,joint,18,-4.13968064275
O11:Coculture:F17:SN-38,O11,joint,19,-4.34941352574
O11:Coculture:F17:SN-38,O11,joint,20,1.1805667702
O11:Coculture:F17:SN-38,O11,joint,21,1.28994791905
O11:Coculture:F17:SN-38,O11,joint,22,2.05247775836
O11:Coculture:F17:SN-38,O11,joint,23,7.7825421661
O11:Coculture:F17:SN-38,O11,joint,24,9.26093861488
O11:Coculture:F17:SN-38,O11,joint,25,10.296505473
O11:Coculture:F17:SN-38,O11,joint,26,15.2889166867
O11:Coculture:F17:SN-38,O11,joint,27,4.0513737817
O11:Coculture:F17:SN-38,O11,joint,28,4.42154552125
O11:Coculture:F17:SN-38,O11,joint,29,6.05002833095
O11:Coculture:F17:SN-38,O11,joint,30,9.29634456296
O11:Coculture:F17:SN-38,O11,joint,31,9.66011155587
O11:Coculture:F17:SN-38,O11,joint,32,11.2534703737
O11:Coculture:F17:SN-38,O11,joint,33,15.2453393042
O11:Coculture:F17:SN-38,O11,joint,34,15.5854955011
O11:Coculture:F17:SN-38,O11,joint,35,17.0560691792
O11:Coculture:F17:SN-38,O11,joint,36,-1.92288610397
O11:Coculture:F17:SN-38,O11,joint,37,-1.98212099816
O11:Coculture:F17:SN-38,O11,joint,38,-0.91372695961
O11:Coculture:F17:SN-38,O11,joint,39,4.38298731552
O11:Coculture:F17:SN-38,O11,joint,40,4.42196465578
O11:Coculture:F17:SN-38,O11,joint,41,5.53174801171
O11:Coculture:F17:SN-38,O11,joint,42,11.7779870267
O11:Coculture:F17:SN-38,O11,joint,43,11.9120493796
O11:Coculture:F17:SN-38,O11,joint,44,13.0034498515
O11:Coculture:F17:SN-38,O11,joint,45,-4.12188628452
O11:Coculture:F17:SN-38,O11,joint,46,-4.53594166399
O11:Coculture:F17:SN-38,O11,joint,47,-3.36440873074
O11:Coculture:F17:SN-38,O11,joint,48,2.18955525316
O11:Coculture:F17:SN-38,O11,joint,49,2.13712203241
O11:Coculture:F17:SN-38,O11,joint,50,3.51961710639
O11:Coculture:F17:SN-38,O11,joint,51,10.1601845719
O11:Coculture:F17:SN-38,O11,joint,52,10.3508170317
O11:Coculture:F17:SN-38,O11,joint,53,11.7833331336
O11:Coculture:F17:SN-38,O11,diagonal,0,1.90708204568
O11:Coculture:F17:SN-38,O11,diagonal,1,3.3983461357
O11:Coculture:F17:SN-38,O11,diagonal,2,9.87855652023
O11:Coculture:F17:SN-38,O11,diagonal,3,7.95343455365
O11:Coculture:F17:SN-38,O11,diagonal,4,9.45160742939
O11:Coculture:F17:SN-38,O11,diagonal,5,15.723062372
O11:Coculture:F17:SN-38,O11,diagonal,6,15.0370554923
O11:Coculture:F17:SN-38,O11,diagonal,7,16.4627856571
O11:Coculture:F17:SN-38,O11,diagonal,8,22.0453032618
O11:Coculture:F17:SN-38,O11,diagonal,9,-1.5105242397
O11:Coculture:F17:SN-38,O11,diagonal,10,-1.11910530029
O11:Coculture:F17:SN-38,O11,diagonal,11,3.510189363
O11:Coculture:F17:SN-38,O11,diagonal,12,5.51678987247
O11:Coculture:F17:SN-38,O11,diagonal,13,6.29169828406
O11:Coculture:F17:SN-38,O11,diagonal,14,10.9230459066
O11:Coculture:F17:SN-38,O11,diagonal,15,13.6948828936
O11:Coculture:F17:SN-38,O11,diagonal,16,14.6532291871
O11:Coculture:F17:SN-38,O11,diagonal,17,18.8534656622
O11:Coculture:F17:SN-38,O11,diagonal,18,-2.3577390892
O11:Coculture:F17:SN-38,O11,diagonal,19,-1.96653328242
O11:Coculture:F17:SN-38,O11,diagonal,20,4.04604026581
O11:Coculture:F17:SN-38,O11,diagonal,21,4.4202928169
O11:Coculture:F17:SN-38,O11,diagonal,22,5.6105596691
O11:Coculture:F17:SN-38,O11,diagonal,23,11.7756505549
O11:Coculture:F17:SN-38,O11,diagonal,24,12.9526864147
O11:Coculture:F17:SN-38,O11,diagonal,25,14.3900226961
O11:Coculture:F17:SN-38,O11,diagonal,26,20.0212391642
O11:Coculture:F17:SN-38,O11,diagonal,27,6.21807380507
O11:Coculture:F17:SN-38,O11,diagonal,28,6.5890880168
O11:Coculture:F17:SN-38,O11,diagonal,29,8.22293958154
O11:Coculture:F17:SN-38,O11,diagonal,30,11.8029488839
O11:Coculture:F17:SN-38,O11,diagonal,31,12.1757649064
O11:Coculture:F17:SN-38,O11,diagonal,32,13.7958175025
O11:Coculture:F17:SN-38,O11,diagonal,33,18.0676182288
O11:Coculture:F17:SN-38,O11,diagonal,34,18.4421614477
O11:Coculture:F17:SN-38,O11,diagonal,35,20.0100251833
O11:Coculture:F17:SN-38,O11,diagonal,36,0.69979973653
O11:Coculture:F17:SN-38,O11,diagonal,37,0.685276397958
O11:Coculture:F17:SN-38,O11,diagonal,38,1.78691044485
O11:Coculture:F17:SN-38,O11,diagonal,39,7.54880310251
O11:Coculture:F17:SN-38,O11,diagonal,40,7.64665783737
O11:Coculture:F17:SN-38,O11,diagonal,41,8.80398150319
O11:Coculture:F17:SN-38,O11,diagonal,42,15.3135506835
O11:Coculture:F17:SN-38,O11,diagonal,43,15.5072777864
O11:Coculture:F17:SN-38,O11,diagonal,44,16.665114692
O11:Coculture:F17:SN-38,O11,diagonal,45,-1.66363080804
O11:Coculture:F17:SN-38,O11,diagonal,46,-1.88447599706
O11:Coculture:F17:SN-38,O11,diagonal,47,-0.553086897023
O11:Coculture:F17:SN-38,O11,diagonal,48,5.51006735193
O11:Coculture:F17:SN-38,O11,diagonal,49,5.60786880362
O11:Coculture:F17:SN-38,O11,diagonal,50,7.11101219068
O11:Coculture:F17:SN-38,O11,diagonal,51,13.9076211254
O11:Coculture:F17:SN-38,O11,diagonal,52,14.2051878384
O11:Coculture:F17:SN-38,O11,diagonal,53,15.7464605599
O11:Monoculture::5-FU,O11,joint,0,7.97603935997
O11:Monoculture::5-FU,O11,joint,1,4.32065977334
O11:Monoculture::5-FU,O11,joint,2,5.57961624231
O11:Monoculture::5-FU,O11,joint,3,9.66182387889
O11:Monoculture::5-FU,O11,joint,4,6.29166257756
O11:Monoculture::5-FU,O11,joint,5,7.44093111947
O11:Monoculture::5-FU,O11,joint,6,14.7418169494
O11:Monoculture::5-FU,O11,joint,7,12.1036783081
O11:Monoculture::5-FU,O11,joint,8,12.9810854028
O11:Monoculture::5-FU,O11,joint,9,2.87205613491
O11:Monoculture::5-FU,O11,joint,10,-0.585388313885
O11:Monoculture::5-FU,O11,joint,11,0.240011830676
O11:Monoculture::5-FU,O11,joint,12,5.78160984939
O11:Monoculture::5-FU,O11,joint,13,2.79655997096
O11:Monoculture::5-FU,O11,joint,14,3.64143428841
O11:Monoculture::5-FU,O11,joint,15,12.4416498396
O11:Monoculture::5-FU,O11,joint,16,10.0884473091
O11:Monoculture::5-FU,O11,joint,17,10.7792211575
O11:Monoculture::5-FU,O11,joint,18,1.61976701046
O11:Monoculture::5-FU,O11,joint,19,-2.79913453233
O11:Monoculture::5-FU,O11,joint,20,-1.48386722532
O11:Monoculture::5-FU,O11,joint,21,5.02594029802
O11:Monoculture::5-FU,O11,joint,22,1.15507399311
O11:Monoculture::5-FU,O11,joint,23,2.25680454591
O11:Monoculture::5-FU,O11,joint,24,12.3003945837
O11:Monoculture::5-FU,O11,joint,25,9.16757553774
O11:Monoculture::5-FU,O11,joint,26,10.0202805747
O11:Monoculture::5-FU,O11,joint,27,9.79919010643
O11:Monoculture::5-FU,O11,joint,28,8.86476863441
O11:Monoculture::5-FU,O11,joint,29,9.18780695648
O11:Monoculture::5-FU,O11,joint,30,11.4035655398
O11:Monoculture::5-FU,O11,joint,31,10.4897206432
O11:Monoculture::5-FU,O11,joint,32,10.8044597604
O11:Monoculture::5-FU,O11,joint,33,16.3740668669
O11:Monoculture::5-FU,O11,joint,34,15.5315265416
O11:Monoculture::5-FU,O11,joint,35,15.8188436771
O11:Monoculture::5-FU,O11,joint,36,3.39022519248
O11:Monoculture::5-FU,O11,joint,37,2.45346931193
O11:Monoculture::5-FU,O11,joint,38,2.64447531043
O11:Monoculture::5-FU,O11,joint,39,6.13356504824
O11:Monoculture::5-FU,O11,joint,40,5.26920393604
O11:Monoculture::5-FU,O11,joint,41,5.47555397218
O11:Monoculture::5-FU,O11,joint,42,12.6521768061
O11:Monoculture::5-FU,O11,joint,43,11.9059143365
O11:Monoculture::5-FU,O11,joint,44,12.1171329159
O11:Monoculture::5-FU,O11,joint,45,0.113902549259
O11:Monoculture::5-FU,O11,joint,46,-1.16923109579
O11:Monoculture::5-FU,O11,joint,47,-0.867227505945
O11:Monoculture::5-FU,O11,joint,48,3.63199112431
O11:Monoculture::5-FU,O11,joint,49,2.52726573862
O11:Monoculture::5-FU,O11,joint,50,2.85608256537
O11:Monoculture::5-FU,O11,joint,51,11.1007904628
O11:Monoculture::5-FU,O11,joint,52,10.1330738866
O11:Monoculture::5-FU,O11,joint,53,10.4085065248
O11:Monoculture::5-FU,O11,diagonal,0,7.91244625418
O11:Monoculture::5-FU,O11,diagonal,1,4.18475321793
O11:Monoculture::5-FU,O11,diagonal,2,5.44415299289
O11:Monoculture::5-FU,O11,diagonal,3,11.9917590167
O11:Monoculture::5-FU,O11,diagonal,4,8.44265577562
O11:Monoculture::5-FU,O11,diagonal,5,9.66555937637
O11:Monoculture::5-FU,O11,diagonal,6,18.1715391301
O11:Monoculture::5-FU,O11,diagonal,7,15.1198359928
O11:Monoculture::5-FU,O11,diagonal,8,16.2172483473
O11:Monoculture::5-FU,O11,diagonal,9,3.22670629216
O11:Monoculture::5-FU,O11,diagonal,10,-0.111187533702
O11:Monoculture::5-FU,O11,diagonal,11,0.793729289542
O11:Monoculture::5-FU,O11,diagonal,12,8.53236912356
O11:Monoculture::5-FU,O11,diagonal,13,5.62597190575
O11:Monoculture::5-FU,O11,diagonal,14,6.57931674438
O11:Monoculture::5-FU,O11,diagonal,15,16.0544909338
O11:Monoculture::5-FU,O11,diagonal,16,13.6616586709
O11:Monoculture::5-FU,O11,diagonal,17,14.5099579408
O11:Monoculture::5-FU,O11,diagonal,18,1.96663834427
O11:Monoculture::5-FU,O11,diagonal,19,-2.20074441896
O11:Monoculture::5-FU,O11,diagonal,20,-0.739477962255
O11:Monoculture::5-FU,O11,diagonal,21,7.92405921928
O11:Monoculture::5-FU,O11,diagonal,22,4.22935033198
O11:Monoculture::5-FU,O11,diagonal,23,5.51185160859
O11:Monoculture::5-FU,O11,diagonal,24,15.9507292119
O11:Monoculture::5-FU,O11,diagonal,25,12.8860112793
O11:Monoculture::5-FU,O11,diagonal,26,14.0066945282
O11:Monoculture::5-FU,O11,diagonal,27,9.56455086303
O11:Monoculture::5-FU,O11,diagonal,28,8.6198303597
O11:Monoculture::5-FU,O11,diagonal,29,8.93728711026
O11:Monoculture::5-FU,O11,diagonal,30,13.3212910971
O11:Monoculture::5-FU,O11,diagonal,31,12.3893678381
O11:Monoculture::5-FU,O11,diagonal,32,12.7042177818
O11:Monoculture::5-FU,O11,diagonal,33,19.0799517466
O11:Monoculture::5-FU,O11,diagonal,34,18.1926759363
O11:Monoculture::5-FU,O11,diagonal,35,18.4984018365
O11:Monoculture::5-FU,O11,diagonal,36,3.63046372347
O11:Monoculture::5-FU,O11,diagonal,37,2.70918072787
O11:Monoculture::5-FU,O11,diagonal,38,2.90540774488
O11:Monoculture::5-FU,O11,diagonal,39,8.71967293751
O11:Monoculture::5-FU,O11,diagonal,40,7.88519948104
O11:Monoculture::5-FU,O11,diagonal,41,8.11142868685
O11:Monoculture::5-FU,O11,diagonal,42,16.0437511113
O11:Monoculture::5-FU,O11,diagonal,43,15.3171518068
O11:Monoculture::5-FU,O11,diagonal,44,15.5554880165
O11:Monoculture::5-FU,O11,diagonal,45,0.605916637535
O11:Monoculture::5-FU,O11,diagonal,46,-0.5794943125
O11:Monoculture::5-FU,O11,diagonal,47,-0.210510745522
O11:Monoculture::5-FU,O11,diagonal,48,6.56712433083
O11:Monoculture::5-FU,O11,diagonal,49,5.52527864003
O11:Monoculture::5-FU,O11,diagonal,50,5.8905952542
O11:Monoculture::5-FU,O11,diagonal,51,14.7607710289
O11:Monoculture::5-FU,O11,diagonal,52,13.8370938071
O11:Monoculture::5-FU,O11,diagonal,53,14.1577191262
O11:Monoculture::Gef,O11,joint,0,71.6268654323
O11:Monoculture::Gef,O11,joint,1,66.0016466179
O11:Monoculture::Gef,O11,joint,2,65.2907582739
O11:Monoculture::Gef,O11,joint,3,29.3978842315
O11:Monoculture::Gef,O11,joint,4,24.2082626838
O11:Monoculture::Gef,O11,joint,5,23.5418401874
O11:Monoculture::Gef,O11,joint,6,22.3592870547
O11:Monoculture::Gef,O11,joint,7,18.2369489429
O11:Monoculture::Gef,O11,joint,8,17.6795564761
O11:Monoculture::Gef,O11,joint,9,88.788712901
O11:Monoculture::Gef,O11,joint,10,81.2821522216
O11:Monoculture::Gef,O11,joint,11,78.0586901209
O11:Monoculture::Gef,O11,joint,12,34.316856347
O11:Monoculture::Gef,O11,joint,13,28.7420507455
O11:Monoculture::Gef,O11,joint,14,27.0056241736
O11:Monoculture::Gef,O11,joint,15,22.5269770461
O11:Monoculture::Gef,O11,joint,16,18.4104305308
O11:Monoculture::Gef,O11,joint,17,17.3755684529
O11:Monoculture::Gef,O11,joint,18,114.985223848
O11:Monoculture::Gef,O11,joint,19,106.269155622
O11:Monoculture::Gef,O11,joint,20,103.289535683
O11:Monoculture::Gef,O11,joint,21,40.9040525616
O11:Monoculture::Gef,O11,joint,22,33.6691167357
O11:Monoculture::Gef,O11,joint,23,31.4267071177
O11:Monoculture::Gef,O11,joint,24,25.2257403181
O11:Monoculture::Gef,O11,joint,25,19.5278450205
O11:Monoculture::Gef,O11,joint,26,17.8614200274
O11:Monoculture::Gef,O11,joint,27,69.0579874121
O11:Monoculture::Gef,O11,joint,28,67.6195592797
O11:Monoculture::Gef,O11,joint,29,67.4393303113
O11:Monoculture::Gef,O11,joint,30,27.2961640952
O11:Monoculture::Gef,O11,joint,31,25.8898593916
O11:Monoculture::Gef,O11,joint,32,25.7121373056
O11:Monoculture::Gef,O11,joint,33,21.2818446764
O11:Monoculture::Gef,O11,joint,34,19.9844392895
O11:Monoculture::Gef,O11,joint,35,19.8178336654
O11:Monoculture::Gef,O11,joint,36,72.0954732387
O11:Monoculture::Gef,O11,joint,37,69.7651315559
O11:Monoculture::Gef,O11,joint,38,68.5650784464
O11:Monoculture::Gef,O11,joint,39,27.5964314373
O11:Monoculture::Gef,O11,joint,40,25.7197912675
O11:Monoculture::Gef,O11,joint,41,24.9139257423
O11:Monoculture::Gef,O11,joint,42,19.7829152056
O11:Monoculture::Gef,O11,joint,43,18.3892138052
O11:Monoculture::Gef,O11,joint,44,17.9551071622
O11:Monoculture::Gef,O11,joint,45,96.0045790324
O11:Monoculture::Gef,O11,joint,46,92.9284396673
O11:Monoculture::Gef,O11,joint,47,91.4361890595
O11:Monoculture::Gef,O11,joint,48,31.9837951034
O11:Monoculture::Gef,O11,joint,49,29.8047780469
O11:Monoculture::Gef,O11,joint,50,29.0598730622
O11:Monoculture::Gef,O11,joint,51,20.0858681069
O11:Monoculture::Gef,O11,joint,52,18.2771341505
O11:Monoculture::Gef,O11,joint,53,17.716531746
O11:Monoculture::Gef,O11,diagonal,0,42.5072028421
O11:Monoculture::Gef,O11,diagonal,1,36.8234284646
O11:Monoculture::Gef,O11,diagonal,2,36.1296463638
O11:Monoculture::Gef,O11,diagonal,3,23.933149353
O11:Monoculture::Gef,O11,diagonal,4,18.6977046575
O11:Monoculture::Gef,O11,diagonal,5,18.2349157394
O11:Monoculture::Gef,O11,diagonal,6,23.0450716922
O11:Monoculture::Gef,O11,diagonal,7,18.8197452219
O11:Monoculture::Gef,O11,diagonal,8,18.7436135703
O11:Monoculture::Gef,O11,diagonal,9,52.463745553
O11:Monoculture::Gef,O11,diagonal,10,45.8909742778
O11:Monoculture::Gef,O11,diagonal,11,43.5654753496
O11:Monoculture::Gef,O11,diagonal,12,25.0554000298
O11:Monoculture::Gef,O11,diagonal,13,20.2324889828
O11:Monoculture::Gef,O11,diagonal,14,19.2691252547
O11:Monoculture::Gef,O11,diagonal,15,21.9966722043
O11:Monoculture::Gef,O11,diagonal,16,18.4629910294
O11:Monoculture::Gef,O11,diagonal,17,18.1724650996
O11:Monoculture::Gef,O11,diagonal,18,65.0947212911
O11:Monoculture::Gef,O11,diagonal,19,57.842352866
O11:Monoculture::Gef,O11,diagonal,20,56.2184900551
O11:Monoculture::Gef,O11,diagonal,21,29.2995989331
O11:Monoculture::Gef,O11,diagonal,22,23.4546061225
O11:Monoculture::Gef,O11,diagonal,23,22.5883136477
O11:Monoculture::Gef,O11,diagonal,24,23.3533174668
O11:Monoculture::Gef,O11,diagonal,25,19.0938441788
O11:Monoculture::Gef,O11,diagonal,26,19.0257051836
O11:Monoculture::Gef,O11,diagonal,27,39.9487945916
O11:Monoculture::Gef,O11,diagonal,28,38.4920540612
O11:Monoculture::Gef,O11,diagonal,29,38.2985158938
O11:Monoculture::Gef,O11,diagonal,30,21.9369514558
O11:Monoculture::Gef,O11,diagonal,31,20.5160078614
O11:Monoculture::Gef,O11,diagonal,32,20.3425623362
O11:Monoculture::Gef,O11,diagonal,33,22.0156644729
O11:Monoculture::Gef,O11,diagonal,34,20.706803299
O11:Monoculture::Gef,O11,diagonal,35,20.5911060695
O11:Monoculture::Gef,O11,diagonal,36,41.571436872
O11:Monoculture::Gef,O11,diagonal,37,39.4207244194
O11:Monoculture::Gef,O11,diagonal,38,38.3908913669
O11:Monoculture::Gef,O11,diagonal,39,20.9800296581
O11:Monoculture::Gef,O11,diagonal,40,19.3368368393
O11:Monoculture::Gef,O11,diagonal,41,18.7554621072
O11:Monoculture::Gef,O11,diagonal,42,20.1368118027
O11:Monoculture::Gef,O11,diagonal,43,18.931084041
O11:Monoculture::Gef,O11,diagonal,44,18.690243109
O11:Monoculture::Gef,O11,diagonal,45,52.7068228136
O11:Monoculture::Gef,O11,diagonal,46,50.2681623084
O11:Monoculture::Gef,O11,diagonal,47,49.3843023809
O11:Monoculture::Gef,O11,diagonal,48,22.3220876474
O11:Monoculture::Gef,O11,diagonal,49,20.5089955412
O11:Monoculture::Gef,O11,diagonal,50,20.1030298384
O11:Monoculture::Gef,O11,diagonal,51,20.0864305429
O11:Monoculture::Gef,O11,diagonal,52,18.6251823403
O11:Monoculture::Gef,O11,diagonal,53,18.4086092216
O11:Monoculture::Oxa,O11,joint,0,13.8999392611
O11:Monoculture::Oxa,O11,joint,1,6.84962296666
O11:Monoculture::Oxa,O11,joint,2,4.71364272782
O11:Monoculture::Oxa,O11,joint,3,15.8862231974
O11:Monoculture::Oxa,O11,joint,4,9.3561962157
O11:Monoculture::Oxa,O11,joint,5,7.34559907722
O11:Monoculture::Oxa,O11,joint,6,20.0181016078
O11:Monoculture::Oxa,O11,joint,7,14.7941158204
O11:Monoculture::Oxa,O11,joint,8,13.085675769
O11:Monoculture::Oxa,O11,joint,9,16.0931117967
O11:Monoculture::Oxa,O11,joint,10,10.8144518714
O11:Monoculture::Oxa,O11,joint,11,9.81863653946
O11:Monoculture::Oxa,O11,joint,12,14.8845983128
O11:Monoculture::Oxa,O11,joint,13,10.0107485153
O11:Monoculture::Oxa,O11,joint,14,8.9668229137
O11:Monoculture::Oxa,O11,joint,15,19.1099928649
O11:Monoculture::Oxa,O11,joint,16,14.5600652993
O11:Monoculture::Oxa,O11,joint,17,13.0541141128
O11:Monoculture::Oxa,O11,joint,18,44.5052055552
O11:Monoculture::Oxa,O11,joint,19,39.3187153473
O11:Monoculture::Oxa,O11,joint,20,39.8663939891
O11:Monoculture::Oxa,O11,joint,21,26.9750913139
O11:Monoculture::Oxa,O11,joint,22,19.6537445861
O11:Monoculture::Oxa,O11,joint,23,17.3049947159
O11:Monoculture::Oxa,O11,joint,24,24.488823546
O11:Monoculture::Oxa,O11,joint,25,17.4483011791
O11:Monoculture::Oxa,O11,joint,26,14.393302895
O11:Monoculture::Oxa,O11,joint,27,10.539272647
O11:Monoculture::Oxa,O11,joint,28,8.73828781121
O11:Monoculture::Oxa,O11,joint,29,8.19476276953
O11:Monoculture::Oxa,O11,joint,30,12.8845405151
O11:Monoculture::Oxa,O11,joint,31,11.1219614415
O11:Monoculture::Oxa,O11,joint,32,10.5879663818
O11:Monoculture::Oxa,O11,joint,33,17.9301666966
O11:Monoculture::Oxa,O11,joint,34,16.2976599511
O11:Monoculture::Oxa,O11,joint,35,15.7950106665
O11:Monoculture::Oxa,O11,joint,36,7.73683621192
O11:Monoculture::Oxa,O11,joint,37,6.24325012126
O11:Monoculture::Oxa,O11,joint,38,5.87742590966
O11:Monoculture::Oxa,O11,joint,39,9.43882896368
O11:Monoculture::Oxa,O11,joint,40,8.11916398236
O11:Monoculture::Oxa,O11,joint,41,7.87021014938
O11:Monoculture::Oxa,O11,joint,42,14.927923922
O11:Monoculture::Oxa,O11,joint,43,13.7094614726
O11:Monoculture::Oxa,O11,joint,44,13.4484800722
O11:Monoculture::Oxa,O11,joint,45,22.2213109324
O11:Monoculture::Oxa,O11,joint,46,21.4349342791
O11:Monoculture::Oxa,O11,joint,47,22.2336948607
O11:Monoculture::Oxa,O11,joint,48,14.3533507605
O11:Monoculture::Oxa,O11,joint,49,13.0567282085
O11:Monoculture::Oxa,O11,joint,50,13.193647869
O11:Monoculture::Oxa,O11,joint,51,16.5880782168
O11:Monoculture::Oxa,O11,joint,52,14.7577415348
O11:Monoculture::Oxa,O11,joint,53,14.1705540673
O11:Monoculture::Oxa,O11,diagonal,0,14.4048036016
O11:Monoculture::Oxa,O11,diagonal,1,7.23014289844
O11:Monoculture::Oxa,O11,diagonal,2,5.04257500644
O11:Monoculture::Oxa,O11,diagonal,3,18.4392556864
O11:Monoculture::Oxa,O11,diagonal,4,11.5897402874
O11:Monoculture::Oxa,O11,diagonal,5,9.51223173018
O11:Monoculture::Oxa,O11,diagonal,6,23.7441239139
O11:Monoculture::Oxa,O11,diagonal,7,17.7804384576
O11:Monoculture::Oxa,O11,diagonal,8,15.965868493
O11:Monoculture::Oxa,O11,diagonal,9,14.3748567182
O11:Monoculture::Oxa,O11,diagonal,10,9.1113349497
O11:Monoculture::Oxa,O11,diagonal,11,8.09062383035
O11:Monoculture::Oxa,O11,diagonal,12,16.4813805184
O11:Monoculture::Oxa,O11,diagonal,13,11.351092644
O11:Monoculture::Oxa,O11,diagonal,14,10.0805468261
O11:Monoculture::Oxa,O11,diagonal,15,21.8441581285
O11:Monoculture::Oxa,O11,diagonal,16,17.1561453619
O11:Monoculture::Oxa,O11,diagonal,17,15.709264128
O11:Monoculture::Oxa,O11,diagonal,18,32.2506646673
O11:Monoculture::Oxa,O11,diagonal,19,26.045957414
O11:Monoculture::Oxa,O11,diagonal,20,25.4698993806
O11:Monoculture::Oxa,O11,diagonal,21,24.1067358962
O11:Monoculture::Oxa,O11,diagonal,22,16.9712997209
O11:Monoculture::Oxa,O11,diagonal,23,14.8130737096
O11:Monoculture::Oxa,O11,diagonal,24,24.6213510662
O11:Monoculture::Oxa,O11,diagonal,25,18.4346149324
O11:Monoculture::Oxa,O11,diagonal,26,16.4332799799
O11:Monoculture::Oxa,O11,diagonal,27,10.8390548342
O11:Monoculture::Oxa,O11,diagonal,28,9.02050755713
O11:Monoculture::Oxa,O11,diagonal,29,8.46413753391
O11:Monoculture::Oxa,O11,diagonal,30,14.944380434
O11:Monoculture::Oxa,O11,diagonal,31,13.1507152582
O11:Monoculture::Oxa,O11,diagonal,32,12.6038232852
O11:Monoculture::Oxa,O11,diagonal,33,20.691825914
O11:Monoculture::Oxa,O11,diagonal,34,18.9794470642
O11:Monoculture::Oxa,O11,diagonal,35,18.460069925
O11:Monoculture::Oxa,O11,diagonal,36,7.58837115855
O11:Monoculture::Oxa,O11,diagonal,37,6.15322528243
O11:Monoculture::Oxa,O11,diagonal,38,5.83558941891
O11:Monoculture::Oxa,O11,diagonal,39,11.506710544
O11:Monoculture::Oxa,O11,diagonal,40,10.1908301019
O11:Monoculture::Oxa,O11,diagonal,41,9.93565232205
O11:Monoculture::Oxa,O11,diagonal,42,18.03100396
O11:Monoculture::Oxa,O11,diagonal,43,16.7484319914
O11:Monoculture::Oxa,O11,diagonal,44,16.4307955369
O11:Monoculture::Oxa,O11,diagonal,45,16.0746653357
O11:Monoculture::Oxa,O11,diagonal,46,15.0322670822
O11:Monoculture::Oxa,O11,diagonal,47,15.5442633458
O11:Monoculture::Oxa,O11,diagonal,48,14.1381309116
O11:Monoculture::Oxa,O11,diagonal,49,12.5869540983
O11:Monoculture::Oxa,O11,diagonal,50,12.4429395899
O11:Monoculture::Oxa,O11,diagonal,51,18.8064401981
O11:Monoculture::Oxa,O11,diagonal,52,17.0225811543
O11:Monoculture::Oxa,O11,diagonal,53,16.4830246515
O11:Monoculture::SN-38,O11,joint,0,6.45643066657
O11:Monoculture::SN-38,O11,joint,1,7.29724142437
O11:Monoculture::SN-38,O11,joint,2,13.0564194819
O11:Monoculture::SN-38,O11,joint,3,7.26919030337
O11:Monoculture::SN-38,O11,joint,4,8.03001037957
O11:Monoculture::SN-38,O11,joint,5,13.3125003807
O11:Monoculture::SN-38,O11,joint,6,12.7064611577
O11:Monoculture::SN-38,O11,joint,7,13.2808749139
O11:Monoculture::SN-38,O11,joint,8,17.355961612
O11:Monoculture::SN-38,O11,joint,9,3.51453406293
O11:Monoculture::SN-38,O11,joint,10,2.76508147754
O11:Monoculture::SN-38,O11,joint,11,6.2988529548
O11:Monoculture::SN-38,O11,joint,12,5.14597633321
O11:Monoculture::SN-38,O11,joint,13,4.68750948218
O11:Monoculture::SN-38,O11,joint,14,8.05839510718
O11:Monoculture::SN-38,O11,joint,15,11.3495393757
O11:Monoculture::SN-38,O11,joint,16,11.3385438386
O11:Monoculture::SN-38,O11,joint,17,14.3543452809
O11:Monoculture::SN-38,O11,joint,18,8.89856672255
O11:Monoculture::SN-38,O11,joint,19,6.13222393067
O11:Monoculture::SN-38,O11,joint,20,9.10559431774
O11:Monoculture::SN-38,O11,joint,21,6.76084073092
O11:Monoculture::SN-38,O11,joint,22,5.89224571445
O11:Monoculture::SN-38,O11,joint,23,9.99118526641
O11:Monoculture::SN-38,O11,joint,24,11.3505033451
O11:Monoculture::SN-38,O11,joint,25,11.4460423943
O11:Monoculture::SN-38,O11,joint,26,15.498425799
O11:Monoculture::SN-38,O11,joint,27,10.4986137561
O11:Monoculture::SN-38,O11,joint,28,10.715177675
O11:Monoculture::SN-38,O11,joint,29,12.1900526641
O11:Monoculture::SN-38,O11,joint,30,11.0008315869
O11:Monoculture::SN-38,O11,joint,31,11.2110342763
O11:Monoculture::SN-38,O11,joint,32,12.6508287907
O11:Monoculture::SN-38,O11,joint,33,15.7593295318
O11:Monoculture::SN-38,O11,joint,34,15.9495345509
O11:Monoculture::SN-38,O11,joint,35,17.2701570512
O11:Monoculture::SN-38,O11,joint,36,4.75504128396
O11:Monoculture::SN-38,O11,joint,37,4.56491525703
O11:Monoculture::SN-38,O11,joint,38,5.50241816284
O11:Monoculture::SN-38,O11,joint,39,6.28560352511
O11:Monoculture::SN-38,O11,joint,40,6.09824037876
O11:Monoculture::SN-38,O11,joint,41,6.98168324808
O11:Monoculture::SN-38,O11,joint,42,12.4930958421
O11:Monoculture::SN-38,O11,joint,43,12.3784791294
O11:Monoculture::SN-38,O11,joint,44,13.2212005356
O11:Monoculture::SN-38,O11,joint,45,4.13921247533
O11:Monoculture::SN-38,O11,joint,46,3.01643188791
O11:Monoculture::SN-38,O11,joint,47,3.47923961322
O11:Monoculture::SN-38,O11,joint,48,5.44911709448
O11:Monoculture::SN-38,O11,joint,49,4.75753139651
O11:Monoculture::SN-38,O11,joint,50,5.50087399328
O11:Monoculture::SN-38,O11,joint,51,11.5279077749
O11:Monoculture::SN-38,O11,joint,52,11.3107590207
O11:Monoculture::SN-38,O11,joint,53,12.3354939087
O11:Monoculture::SN-38,O11,diagonal,0,6.28825784312
O11:Monoculture::SN-38,O11,diagonal,1,7.76532317384
O11:Monoculture::SN-38,O11,diagonal,2,14.2313347991
O11:Monoculture::SN-38,O11,diagonal,3,9.3451347855
O11:Monoculture::SN-38,O11,diagonal,4,10.8159615904
O11:Monoculture::SN-38,O11,diagonal,5,17.0600704621
O11:Monoculture::SN-38,O11,diagonal,6,15.6147138788
O11:Monoculture::SN-38,O11,diagonal,7,17.0398730477
O11:Monoculture::SN-38,O11,diagonal,8,22.6218196565
O11:Monoculture::SN-38,O11,diagonal,9,3.70208751045
O11:Monoculture::SN-38,O11,diagonal,10,3.59399372458
O11:Monoculture::SN-38,O11,diagonal,11,7.72377566258
O11:Monoculture::SN-38,O11,diagonal,12,7.55750409024
O11:Monoculture::SN-38,O11,diagonal,13,7.83796451239
O11:Monoculture::SN-38,O11,diagonal,14,11.9748641455
O11:Monoculture::SN-38,O11,diagonal,15,14.56526458
O11:Monoculture::SN-38,O11,diagonal,16,15.2836639019
O11:Monoculture::SN-38,O11,diagonal,17,19.2439534054
O11:Monoculture::SN-38,O11,diagonal,18,6.65048304003
O11:Monoculture::SN-38,O11,diagonal,19,5.56688198114
O11:Monoculture::SN-38,O11,diagonal,20,10.1046486637
O11:Monoculture::SN-38,O11,diagonal,21,8.15730422031
O11:Monoculture::SN-38,O11,diagonal,22,8.64042477316
O11:Monoculture::SN-38,O11,diagonal,23,14.0983693596
O11:Monoculture::SN-38,O11,diagonal,24,14.3396360901
O11:Monoculture::SN-38,O11,diagonal,25,15.6501078055
O11:Monoculture::SN-38,O11,diagonal,26,21.1544597077
O11:Monoculture::SN-38,O11,diagonal,27,10.2762093119
O11:Monoculture::SN-38,O11,diagonal,28,10.6464310568
O11:Monoculture::SN-38,O11,diagonal,29,12.2794901547
O11:Monoculture::SN-38,O11,diagonal,30,12.8982428333
O11:Monoculture::SN-38,O11,diagonal,31,13.2675091659
O11:Monoculture::SN-38,O11,diagonal,32,14.8840120722
O11:Monoculture::SN-38,O11,diagonal,33,18.4155432867
O11:Monoculture::SN-38,O11,diagonal,34,18.7832499879
O11:Monoculture::SN-38,O11,diagonal,35,20.3442772059
O11:Monoculture::SN-38,O11,diagonal,36,4.97310342476
O11:Monoculture::SN-38,O11,diagonal,37,4.91889871886
O11:Monoculture::SN-38,O11,diagonal,38,5.98085139842
O11:Monoculture::SN-38,O11,diagonal,39,8.85195604005
O11:Monoculture::SN-38,O11,diagonal,40,8.82493259358
O11:Monoculture::SN-38,O11,diagonal,41,9.85737807808
O11:Monoculture::SN-38,O11,diagonal,42,15.823729238
O11:Monoculture::SN-38,O11,diagonal,43,15.8938443435
O11:Monoculture::SN-38,O11,diagonal,44,16.9280692518
O11:Monoculture::SN-38,O11,diagonal,45,4.08618264661
O11:Monoculture::SN-38,O11,diagonal,46,3.38050023997
O11:Monoculture::SN-38,O11,diagonal,47,4.22705212237
O11:Monoculture::SN-38,O11,diagonal,48,7.76212288423
O11:Monoculture::SN-38,O11,diagonal,49,7.49122261951
O11:Monoculture::SN-38,O11,diagonal,50,8.62566429015
O11:Monoculture::SN-38,O11,diagonal,51,14.8418739762
O11:Monoculture::SN-38,O11,diagonal,52,14.9626541144
O11:Monoculture::SN-38,O11,diagonal,53,16.3271402611
O12:Coculture:F11:Gef,O12,joint,0,8.02510060559
O12:Coculture:F11:Gef,O12,joint,1,5.14623830845
O12:Coculture:F11:Gef,O12,joint,2,7.18170648177
O12:Coculture:F11:Gef,O12,joint,3,9.2549201655
O12:Coculture:F11:Gef,O12,joint,4,6.6887714726
O12:Coculture:F11:Gef,O12,joint,5,8.64582183089
O12:Coculture:F11:Gef,O12,joint,6,14.2197151925
O12:Coculture:F11:Gef,O12,joint,7,12.2870469268
O12:Coculture:F11:Gef,O12,joint,8,13.9193243059
O12:Coculture:F11:Gef,O12,joint,9,4.6439083997
O12:Coculture:F11:Gef,O12,joint,10,2.66760534552
O12:Coculture:F11:Gef,O12,joint,11,4.97440086999
O12:Coculture:F11:Gef,O12,joint,12,5.67054916755
O12:Coculture:F11:Gef,O12,joint,13,4.07269510158
O12:Coculture:F11:Gef,O12,joint,14,6.31322006518
O12:Coculture:F11:Gef,O12,joint,15,11.960282647
O12:Coculture:F11:Gef,O12,joint,16,10.6226490641
O12:Coculture:F11:Gef,O12,joint,17,12.3666999186
O12:Coculture:F11:Gef,O12,joint,18,6.01962686147
O12:Coculture:F11:Gef,O12,joint,19,4.80942937653
O12:Coculture:F11:Gef,O12,joint,20,9.33568017869
O12:Coculture:F11:Gef,O12,joint,21,5.68900247182
O12:Coculture:F11:Gef,O12,joint,22,4.0893978893
O12:Coculture:F11:Gef,O12,joint,23,7.48231951471
O12:Coculture:F11:Gef,O12,joint,24,11.8965378592
O12:Coculture:F11:Gef,O12,joint,25,10.1871269188
O12:Coculture:F11:Gef,O12,joint,26,12.5091862831
O12:Coculture:F11:Gef,O12,joint,27,10.1178161519
O12:Coculture:F11:Gef,O12,joint,28,9.37137531149
O12:Coculture:F11:Gef,O12,joint,29,9.88313363504
O12:Coculture:F11:Gef,O12,joint,30,11.3957228886
O12:Coculture:F11:Gef,O12,joint,31,10.6760073143
O12:Coculture:F11:Gef,O12,joint,32,11.1848743576
O12:Coculture:F11:Gef,O12,joint,33,16.2461036599
O12:Coculture:F11:Gef,O12,joint,34,15.6045664867
O12:Coculture:F11:Gef,O12,joint,35,16.0938290763
O12:Coculture:F11:Gef,O12,joint,36,5.09047574444
O12:Coculture:F11:Gef,O12,joint,37,4.48412924796
O12:Coculture:F11:Gef,O12,joint,38,5.00807132472
O12:Coculture:F11:Gef,O12,joint,39,6.56023031198
O12:Coculture:F11:Gef,O12,joint,40,6.06615454844
O12:Coculture:F11:Gef,O12,joint,41,6.64285342955
O12:Coculture:F11:Gef,O12,joint,42,12.6213384107
O12:Coculture:F11:Gef,O12,joint,43,12.2218748942
O12:Coculture:F11:Gef,O12,joint,44,12.7820061351
O12:Coculture:F11:Gef,O12,joint,45,4.35682628943
O12:Coculture:F11:Gef,O12,joint,46,3.97304186671
O12:Coculture:F11:Gef,O12,joint,47,5.17314620133
O12:Coculture:F11:Gef,O12,joint,48,4.74239585685
O12:Coculture:F11:Gef,O12,joint,49,4.43984648562
O12:Coculture:F11:Gef,O12,joint,50,5.57140918616
O12:Coculture:F11:Gef,O12,joint,51,11.2821055845
O12:Coculture:F11:Gef,O12,joint,52,10.8822044389
O12:Coculture:F11:Gef,O12,joint,53,11.7304348452
O12:Coculture:F11:Gef,O12,diagonal,0,7.91973050723
O12:Coculture:F11:Gef,O12,diagonal,1,4.83661638907
O12:Coculture:F11:Gef,O12,diagonal,2,6.74349454762
O12:Coculture:F11:Gef,O12,diagonal,3,11.7056504114
O12:Coculture:F11:Gef,O12,diagonal,4,8.75662871022
O12:Coculture:F11:Gef,O12,diagonal,5,10.5802627864
O12:Coculture:F11:Gef,O12,diagonal,6,17.8522292518
O12:Coculture:F11:Gef,O12,diagonal,7,15.2549161134
O12:Coculture:F11:Gef,O12,diagonal,8,16.8067977937
O12:Coculture:F11:Gef,O12,diagonal,9,4.25061052594
O12:Coculture:F11:Gef,O12,diagonal,10,2.11969962967
O12:Coculture:F11:Gef,O12,diagonal,11,4.23606108044
O12:Coculture:F11:Gef,O12,diagonal,12,8.32555593564
O12:Coculture:F11:Gef,O12,diagonal,13,6.46301238205
O12:Coculture:F11:Gef,O12,diagonal,14,8.46001614727
O12:Coculture:F11:Gef,O12,diagonal,15,15.7355590545
O12:Coculture:F11:Gef,O12,diagonal,16,13.9922928927
O12:Coculture:F11:Gef,O12,diagonal,17,15.492181976
O12:Coculture:F11:Gef,O12,diagonal,18,4.32958259322
O12:Coculture:F11:Gef,O12,diagonal,19,2.56568074203
O12:Coculture:F11:Gef,O12,diagonal,20,6.43028450503
O12:Coculture:F11:Gef,O12,diagonal,21,8.35410165747
O12:Coculture:F11:Gef,O12,diagonal,22,6.08913536223
O12:Coculture:F11:Gef,O12,diagonal,23,8.80286940277
O12:Coculture:F11:Gef,O12,diagonal,24,15.9941498108
O12:Coculture:F11:Gef,O12,diagonal,25,13.5434607184
O12:Coculture:F11:Gef,O12,diagonal,26,15.2841059188
O12:Coculture:F11:Gef,O12,diagonal,27,9.73820136031
O12:Coculture:F11:Gef,O12,diagonal,28,8.95632751877
O12:Coculture:F11:Gef,O12,diagonal,29,9.4376560402
O12:Coculture:F11:Gef,O12,diagonal,30,13.290083372
O12:Coculture:F11:Gef,O12,diagonal,31,12.5193048425
O12:Coculture:F11:Gef,O12,diagonal,32,12.9960243821
O12:Coculture:F11:Gef,O12,diagonal,33,18.9587897375
O12:Coculture:F11:Gef,O12,diagonal,34,18.2215343122
O12:Coculture:F11:Gef,O12,diagonal,35,18.6774428312
O12:Coculture:F11:Gef,O12,diagonal,36,4.7975927498
O12:Coculture:F11:Gef,O12,diagonal,37,4.16189683415
O12:Coculture:F11:Gef,O12,diagonal,38,4.64708031872
O12:Coculture:F11:Gef,O12,diagonal,39,8.92674590131
O12:Coculture:F11:Gef,O12,diagonal,40,8.39401817724
O12:Coculture:F11:Gef,O12,diagonal,41,8.92310853993
O12:Coculture:F11:Gef,O12,diagonal,42,15.9543507792
O12:Coculture:F11:Gef,O12,diagonal,43,15.4887148908
O12:Coculture:F11:Gef,O12,diagonal,44,15.9879658321
O12:Coculture:F11:Gef,O12,diagonal,45,3.03660058
O12:Coculture:F11:Gef,O12,diagonal,46,2.61011114982
O12:Coculture:F11:Gef,O12,diagonal,47,3.7384222974
O12:Coculture:F11:Gef,O12,diagonal,48,7.13080297296
O12:Coculture:F11:Gef,O12,diagonal,49,6.68982751016
O12:Coculture:F11:Gef,O12,diagonal,50,7.65597845091
O12:Coculture:F11:Gef,O12,diagonal,51,14.850056224
O12:Coculture:F11:Gef,O12,diagonal,52,14.2838146502
O12:Coculture:F11:Gef,O12,diagonal,53,14.9622481604
O12:Monoculture::5-FU,O12,joint,0,11.7014153306
O12:Monoculture::5-FU,O12,joint,1,7.27058040693
O12:Monoculture::5-FU,O12,joint,2,7.75408153881
O12:Monoculture::5-FU,O12,joint,3,12.4426996374
O12:Monoculture::5-FU,O12,joint,4,8.24935730918
O12:Monoculture::5-FU,O12,joint,5,8.57544482422
O12:Monoculture::5-FU,O12,joint,6,16.9811142163
O12:Monoculture::5-FU,O12,joint,7,13.5297962551
O12:Monoculture::5-FU,O12,joint,8,13.5940240298
O12:Monoculture::5-FU,O12,joint,9,15.3984945123
O12:Monoculture::5-FU,O12,joint,10,12.26339667
O12:Monoculture::5-FU,O12,joint,11,13.4111434211
O12:Monoculture::5-FU,O12,joint,12,13.0960398813
O12:Monoculture::5-FU,O12,joint,13,9.97668310928
O12:Monoculture::5-FU,O12,joint,14,10.6872505332
O12:Monoculture::5-FU,O12,joint,15,16.2294695502
O12:Monoculture::5-FU,O12,joint,16,13.3817158491
O12:Monoculture::5-FU,O12,joint,17,13.577938527
O12:Monoculture::5-FU,O12,joint,18,44.1829820734
O12:Monoculture::5-FU,O12,joint,19,41.8982436552
O12:Monoculture::5-FU,O12,joint,20,45.3476740867
O12:Monoculture::5-FU,O12,joint,21,20.2963359816
O12:Monoculture::5-FU,O12,joint,22,16.6198096117
O12:Monoculture::5-FU,O12,joint,23,17.9158800995
O12:Monoculture::5-FU,O12,joint,24,18.1775771236
O12:Monoculture::5-FU,O12,joint,25,14.2801959071
O12:Monoculture::5-FU,O12,joint,26,14.3683387735
O12:Monoculture::5-FU,O12,joint,27,11.532103059
O12:Monoculture::5-FU,O12,joint,28,10.4099825169
O12:Monoculture::5-FU,O12,joint,29,10.5453217689
O12:Monoculture::5-FU,O12,joint,30,12.3349095325
O12:Monoculture::5-FU,O12,joint,31,11.2272008016
O12:Monoculture::5-FU,O12,joint,32,11.3480760845
O12:Monoculture::5-FU,O12,joint,33,17.0692858065
O12:Monoculture::5-FU,O12,joint,34,16.0209502245
O12:Monoculture::5-FU,O12,joint,35,16.1024721032
O12:Monoculture::5-FU,O12,joint,36,8.58588076931
O12:Monoculture::5-FU,O12,joint,37,7.86805351078
O12:Monoculture::5-FU,O12,joint,38,8.2779881313
O12:Monoculture::5-FU,O12,joint,39,9.26517464259
O12:Monoculture::5-FU,O12,joint,40,8.48140018202
O12:Monoculture::5-FU,O12,joint,41,8.76833686978
O12:Monoculture::5-FU,O12,joint,42,14.4807843141
O12:Monoculture::5-FU,O12,joint,43,13.7009451211
O12:Monoculture::5-FU,O12,joint,44,13.8785869771
O12:Monoculture::5-FU,O12,joint,45,26.270069836
O12:Monoculture::5-FU,O12,joint,46,25.9368263602
O12:Monoculture::5-FU,O12,joint,47,27.1887201193
O12:Monoculture::5-FU,O12,joint,48,14.2727948901
O12:Monoculture::5-FU,O12,joint,49,13.7016102855
O12:Monoculture::5-FU,O12,joint,50,14.5639678934
O12:Monoculture::5-FU,O12,joint,51,14.9183893837
O12:Monoculture::5-FU,O12,joint,52,13.9992577912
O12:Monoculture::5-FU,O12,joint,53,14.3232754132
O12:Monoculture::5-FU,O12,diagonal,0,11.3116805665
O12:Monoculture::5-FU,O12,diagonal,1,6.63000287076
O12:Monoculture::5-FU,O12,diagonal,2,6.93541798626
O12:Monoculture::5-FU,O12,diagonal,3,14.6736323443
O12:Monoculture::5-FU,O12,diagonal,4,10.1588306899
O12:Monoculture::5-FU,O12,diagonal,5,10.4160358774
O12:Monoculture::5-FU,O12,diagonal,6,20.3160180984
O12:Monoculture::5-FU,O12,diagonal,7,16.3409619433
O12:Monoculture::5-FU,O12,diagonal,8,16.51502128
O12:Monoculture::5-FU,O12,diagonal,9,12.9210928672
O12:Monoculture::5-FU,O12,diagonal,10,9.94858979654
O12:Monoculture::5-FU,O12,diagonal,11,11.218897375
O12:Monoculture::5-FU,O12,diagonal,12,13.6211493612
O12:Monoculture::5-FU,O12,diagonal,13,10.8610992155
O12:Monoculture::5-FU,O12,diagonal,14,11.9607911263
O12:Monoculture::5-FU,O12,diagonal,15,18.4806375391
O12:Monoculture::5-FU,O12,diagonal,16,15.8146118774
O12:Monoculture::5-FU,O12,diagonal,17,16.3897177484
O12:Monoculture::5-FU,O12,diagonal,18,29.791316806
O12:Monoculture::5-FU,O12,diagonal,19,28.0054076036
O12:Monoculture::5-FU,O12,diagonal,20,31.8481476212
O12:Monoculture::5-FU,O12,diagonal,21,17.2666144876
O12:Monoculture::5-FU,O12,diagonal,22,13.8565729553
O12:Monoculture::5-FU,O12,diagonal,23,15.4237415869
O12:Monoculture::5-FU,O12,diagonal,24,19.5760146184
O12:Monoculture::5-FU,O12,diagonal,25,15.8098818006
O12:Monoculture::5-FU,O12,diagonal,26,16.2291501642
O12:Monoculture::5-FU,O12,diagonal,27,10.915449959
O12:Monoculture::5-FU,O12,diagonal,28,9.73523424218
O12:Monoculture::5-FU,O12,diagonal,29,9.81719577925
O12:Monoculture::5-FU,O12,diagonal,30,14.1710996752
O12:Monoculture::5-FU,O12,diagonal,31,13.0006802513
O12:Monoculture::5-FU,O12,diagonal,32,13.0770340301
O12:Monoculture::5-FU,O12,diagonal,33,19.7504200785
O12:Monoculture::5-FU,O12,diagonal,34,18.6217196649
O12:Monoculture::5-FU,O12,diagonal,35,18.6860209618
O12:Monoculture::5-FU,O12,diagonal,36,7.60306637173
O12:Monoculture::5-FU,O12,diagonal,37,6.8403203594
O12:Monoculture::5-FU,O12,diagonal,38,7.19508435968
O12:Monoculture::5-FU,O12,diagonal,39,11.1432695813
O12:Monoculture::5-FU,O12,diagonal,40,10.4001438136
O12:Monoculture::5-FU,O12,diagonal,41,10.7177207082
O12:Monoculture::5-FU,O12,diagonal,42,17.3159461707
O12:Monoculture::5-FU,O12,diagonal,43,16.6259336343
O12:Monoculture::5-FU,O12,diagonal,44,16.9008566119
O12:Monoculture::5-FU,O12,diagonal,45,19.0327364584
O12:Monoculture::5-FU,O12,diagonal,46,18.9354020337
O12:Monoculture::5-FU,O12,diagonal,47,20.3924621259
O12:Monoculture::5-FU,O12,diagonal,48,13.5232939463
O12:Monoculture::5-FU,O12,diagonal,49,13.0768166457
O12:Monoculture::5-FU,O12,diagonal,50,14.0375016501
O12:Monoculture::5-FU,O12,diagonal,51,17.096409846
O12:Monoculture::5-FU,O12,diagonal,52,16.2438994629
O12:Monoculture::5-FU,O12,diagonal,53,16.6356916208
O12:Monoculture::Gef,O12,joint,0,30.1787783505
O12:Monoculture::Gef,O12,joint,1,22.1784889628
O12:Monoculture::Gef,O12,joint,2,19.0925300454
O12:Monoculture::Gef,O12,joint,3,23.3005365521
O12:Monoculture::Gef,O12,joint,4,16.0314868654
O12:Monoculture::Gef,O12,joint,5,13.2856362299
O12:Monoculture::Gef,O12,joint,6,23.5087123828
O12:Monoculture::Gef,O12,joint,7,18.010251219
O12:Monoculture::Gef,O12,joint,8,16.0767357001
O12:Monoculture::Gef,O12,joint,9,71.0691605415
O12:Monoculture::Gef,O12,joint,10,59.6771567637
O12:Monoculture::Gef,O12,joint,11,52.5682515646
O12:Monoculture::Gef,O12,joint,12,41.6055826379
O12:Monoculture::Gef,O12,joint,13,33.2491512168
O12:Monoculture::Gef,O12,joint,14,28.7310988252
O12:Monoculture::Gef,O12,joint,15,26.9353583957
O12:Monoculture::Gef,O12,joint,16,21.7125136093
O12:Monoculture::Gef,O12,joint,17,19.5713532603
O12:Monoculture::Gef,O12,joint,18,169.440527648
O12:Monoculture::Gef,O12,joint,19,153.551441066
O12:Monoculture::Gef,O12,joint,20,143.398802771
O12:Monoculture::Gef,O12,joint,21,59.0873240009
O12:Monoculture::Gef,O12,joint,22,49.8922666117
O12:Monoculture::Gef,O12,joint,23,45.6897354304
O12:Monoculture::Gef,O12,joint,24,28.3451125176
O12:Monoculture::Gef,O12,joint,25,22.7571030875
O12:Monoculture::Gef,O12,joint,26,21.2005639619
O12:Monoculture::Gef,O12,joint,27,22.7094767581
O12:Monoculture::Gef,O12,joint,28,20.654474095
O12:Monoculture::Gef,O12,joint,29,19.8576705959
O12:Monoculture::Gef,O12,joint,30,16.9341423248
O12:Monoculture::Gef,O12,joint,31,14.9340699779
O12:Monoculture::Gef,O12,joint,32,14.1625802485
O12:Monoculture::Gef,O12,joint,33,19.7575077566
O12:Monoculture::Gef,O12,joint,34,17.9402453349
O12:Monoculture::Gef,O12,joint,35,17.253782676
O12:Monoculture::Gef,O12,joint,36,32.3724905526
O12:Monoculture::Gef,O12,joint,37,28.9909300309
O12:Monoculture::Gef,O12,joint,38,26.7396580823
O12:Monoculture::Gef,O12,joint,39,23.1665433474
O12:Monoculture::Gef,O12,joint,40,20.318542403
O12:Monoculture::Gef,O12,joint,41,18.5413161032
O12:Monoculture::Gef,O12,joint,42,21.6050967783
O12:Monoculture::Gef,O12,joint,43,19.515988923
O12:Monoculture::Gef,O12,joint,44,18.3864758251
O12:Monoculture::Gef,O12,joint,45,106.689169846
O12:Monoculture::Gef,O12,joint,46,100.439123372
O12:Monoculture::Gef,O12,joint,47,95.7729656548
O12:Monoculture::Gef,O12,joint,48,45.5976210536
O12:Monoculture::Gef,O12,joint,49,41.625349408
O12:Monoculture::Gef,O12,joint,50,39.0871898342
O12:Monoculture::Gef,O12,joint,51,24.6316859668
O12:Monoculture::Gef,O12,joint,52,22.3329216195
O12:Monoculture::Gef,O12,joint,53,21.2822888241
O12:Monoculture::Gef,O12,diagonal,0,24.9752692252
O12:Monoculture::Gef,O12,diagonal,1,16.9427002612
O12:Monoculture::Gef,O12,diagonal,2,13.9001235739
O12:Monoculture::Gef,O12,diagonal,3,23.7449605392
O12:Monoculture::Gef,O12,diagonal,4,16.3265983113
O12:Monoculture::Gef,O12,diagonal,5,13.6808918608
O12:Monoculture::Gef,O12,diagonal,6,25.7680287326
O12:Monoculture::Gef,O12,diagonal,7,19.7654666387
O12:Monoculture::Gef,O12,diagonal,8,17.9120993636
O12:Monoculture::Gef,O12,diagonal,9,54.0475985513
O12:Monoculture::Gef,O12,diagonal,10,44.0557373636
O12:Monoculture::Gef,O12,diagonal,11,38.3111485229
O12:Monoculture::Gef,O12,diagonal,12,32.1864566189
O12:Monoculture::Gef,O12,diagonal,13,25.0847237324
O12:Monoculture::Gef,O12,diagonal,14,21.8425381647
O12:Monoculture::Gef,O12,diagonal,15,25.268564395
O12:Monoculture::Gef,O12,diagonal,16,20.4550741801
O12:Monoculture::Gef,O12,diagonal,17,18.8847392102
O12:Monoculture::Gef,O12,diagonal,18,99.2242879499
O12:Monoculture::Gef,O12,diagonal,19,86.8741926192
O12:Monoculture::Gef,O12,diagonal,20,80.1526029027
O12:Monoculture::Gef,O12,diagonal,21,38.3640455825
O12:Monoculture::Gef,O12,diagonal,22,30.4767085451
O12:Monoculture::Gef,O12,diagonal,23,27.5680718436
O12:Monoculture::Gef,O12,diagonal,24,26.1580001737
O12:Monoculture::Gef,O12,diagonal,25,20.4826219177
O12:Monoculture::Gef,O12,diagonal,26,18.9985779544
O12:Monoculture::Gef,O12,diagonal,27,17.5884359645
O12:Monoculture::Gef,O12,diagonal,28,15.5319703376
O12:Monoculture::Gef,O12,diagonal,29,14.7387070736
O12:Monoculture::Gef,O12,diagonal,30,17.5539680515
O12:Monoculture::Gef,O12,diagonal,31,15.5458258105
O12:Monoculture::Gef,O12,diagonal,32,14.7851816387
O12:Monoculture::Gef,O12,diagonal,33,21.9686172694
O12:Monoculture::Gef,O12,diagonal,34,20.1140267125
O12:Monoculture::Gef,O12,diagonal,35,19.4526000998
O12:Monoculture::Gef,O12,diagonal,36,25.6949650251
O12:Monoculture::Gef,O12,diagonal,37,22.5409831162
O12:Monoculture::Gef,O12,diagonal,38,20.5078806076
O12:Monoculture::Gef,O12,diagonal,39,21.3759929077
O12:Monoculture::Gef,O12,diagonal,40,18.8780276107
O12:Monoculture::Gef,O12,diagonal,41,17.4418804005
O12:Monoculture::Gef,O12,diagonal,42,21.91957595
O12:Monoculture::Gef,O12,diagonal,43,20.1441427284
O12:Monoculture::Gef,O12,diagonal,44,19.3335963365
O12:Monoculture::Gef,O12,diagonal,45,69.6495184071
O12:Monoculture::Gef,O12,diagonal,46,64.7070158938
O12:Monoculture::Gef,O12,diagonal,47,61.3193139584
O12:Monoculture::Gef,O12,diagonal,48,30.8544793121
O12:Monoculture::Gef,O12,diagonal,49,27.7669554794
O12:Monoculture::Gef,O12,diagonal,50,26.0865580503
O12:Monoculture::Gef,O12,diagonal,51,22.3525422053
O12:Monoculture::Gef,O12,diagonal,52,20.380707946
O12:Monoculture::Gef,O12,diagonal,53,19.6535487706
O12:Monoculture::SN-38,O12,joint,0,22.4437856658
O12:Monoculture::SN-38,O12,joint,1,17.876322909
O12:Monoculture::SN-38,O12,joint,2,18.227227452
O12:Monoculture::SN-38,O12,joint,3,14.929799261
O12:Monoculture::SN-38,O12,joint,4,10.6684504888
O12:Monoculture::SN-38,O12,joint,5,10.9287716415
O12:Monoculture::SN-38,O12,joint,6,17.3258100434
O12:Monoculture::SN-38,O12,joint,7,13.9100697015
O12:Monoculture::SN-38,O12,joint,8,13.9950023017
O12:Monoculture::SN-38,O12,joint,9,23.3460353508
O12:Monoculture::SN-38,O12,joint,10,17.903755749
O12:Monoculture::SN-38,O12,joint,11,16.7447002099
O12:Monoculture::SN-38,O12,joint,12,13.9462080351
O12:Monoculture::SN-38,O12,joint,13,9.31785465305
O12:Monoculture::SN-38,O12,joint,14,8.51885374699
O12:Monoculture::SN-38,O12,joint,15,16.2622243297
O12:Monoculture::SN-38,O12,joint,16,12.7150854846
O12:Monoculture::SN-38,O12,joint,17,12.1947436189
O12:Monoculture::SN-38,O12,joint,18,31.0355136965
O12:Monoculture::SN-38,O12,joint,19,23.1703040118
O12:Monoculture::SN-38,O12,joint,20,21.0448075061
O12:Monoculture::SN-38,O12,joint,21,17.625994574
O12:Monoculture::SN-38,O12,joint,22,11.133974092
O12:Monoculture::SN-38,O12,joint,23,9.60948817839
O12:Monoculture::SN-38,O12,joint,24,18.2246485196
O12:Monoculture::SN-38,O12,joint,25,13.2632656269
O12:Monoculture::SN-38,O12,joint,26,12.2587270898
O12:Monoculture::SN-38,O12,joint,27,22.3807580998
O12:Monoculture::SN-38,O12,joint,28,21.2184022122
O12:Monoculture::SN-38,O12,joint,29,21.3143573947
O12:Monoculture::SN-38,O12,joint,30,14.9976703367
O12:Monoculture::SN-38,O12,joint,31,13.8558046475
O12:Monoculture::SN-38,O12,joint,32,13.9435307832
O12:Monoculture::SN-38,O12,joint,33,17.6744817713
O12:Monoculture::SN-38,O12,joint,34,16.6091445782
O12:Monoculture::SN-38,O12,joint,35,16.6742248664
O12:Monoculture::SN-38,O12,joint,36,18.9320954873
O12:Monoculture::SN-38,O12,joint,37,17.480699048
O12:Monoculture::SN-38,O12,joint,38,17.1569315414
O12:Monoculture::SN-38,O12,joint,39,11.2434788471
O12:Monoculture::SN-38,O12,joint,40,9.88290894664
O12:Monoculture::SN-38,O12,joint,41,9.59314506186
O12:Monoculture::SN-38,O12,joint,42,14.6931537676
O12:Monoculture::SN-38,O12,joint,43,13.5360654221
O12:Monoculture::SN-38,O12,joint,44,13.3363151956
O12:Monoculture::SN-38,O12,joint,45,21.0106954439
O12:Monoculture::SN-38,O12,joint,46,18.6415962168
O12:Monoculture::SN-38,O12,joint,47,17.8580853025
O12:Monoculture::SN-38,O12,joint,48,10.983353838
O12:Monoculture::SN-38,O12,joint,49,9.01705141679
O12:Monoculture::SN-38,O12,joint,50,8.48567729036
O12:Monoculture::SN-38,O12,joint,51,14.2441962356
O12:Monoculture::SN-38,O12,joint,52,12.6211911151
O12:Monoculture::SN-38,O12,joint,53,12.2400696367
O12:Monoculture::SN-38,O12,diagonal,0,16.1335742556
O12:Monoculture::SN-38,O12,diagonal,1,11.7357670999
O12:Monoculture::SN-38,O12,diagonal,2,12.3269062388
O12:Monoculture::SN-38,O12,diagonal,3,15.3140261512
O12:Monoculture::SN-38,O12,diagonal,4,11.1771107277
O12:Monoculture::SN-38,O12,diagonal,5,11.813477371
O12:Monoculture::SN-38,O12,diagonal,6,19.7835612237
O12:Monoculture::SN-38,O12,diagonal,7,16.3538373043
O12:Monoculture::SN-38,O12,diagonal,8,17.0809008247
O12:Monoculture::SN-38,O12,diagonal,9,15.8005864507
O12:Monoculture::SN-38,O12,diagonal,10,10.8913500085
O12:Monoculture::SN-38,O12,diagonal,11,10.2199892901
O12:Monoculture::SN-38,O12,diagonal,12,13.8605965797
O12:Monoculture::SN-38,O12,diagonal,13,9.84091240259
O12:Monoculture::SN-38,O12,diagonal,14,9.67766743645
O12:Monoculture::SN-38,O12,diagonal,15,18.4758755474
O12:Monoculture::SN-38,O12,diagonal,16,15.4731495782
O12:Monoculture::SN-38,O12,diagonal,17,15.7123137906
O12:Monoculture::SN-38,O12,diagonal,18,21.2551545997
O12:Monoculture::SN-38,O12,diagonal,19,14.742221849
O12:Monoculture::SN-38,O12,diagonal,20,13.8506568397
O12:Monoculture::SN-38,O12,diagonal,21,16.7189095498
O12:Monoculture::SN-38,O12,diagonal,22,11.6107361272
O12:Monoculture::SN-38,O12,diagonal,23,11.4773867382
O12:Monoculture::SN-38,O12,diagonal,24,19.4045455195
O12:Monoculture::SN-38,O12,diagonal,25,15.8341747941
O12:Monoculture::SN-38,O12,diagonal,26,16.4576842555
O12:Monoculture::SN-38,O12,diagonal,27,16.1752411766
O12:Monoculture::SN-38,O12,diagonal,28,15.0581548114
O12:Monoculture::SN-38,O12,diagonal,29,15.2039057992
O12:Monoculture::SN-38,O12,diagonal,30,15.3595719364
O12:Monoculture::SN-38,O12,diagonal,31,14.2601201475
O12:Monoculture::SN-38,O12,diagonal,32,14.4079049322
O12:Monoculture::SN-38,O12,diagonal,33,19.9077661282
O12:Monoculture::SN-38,O12,diagonal,34,18.8735372723
O12:Monoculture::SN-38,O12,diagonal,35,19.0326289331
O12:Monoculture::SN-38,O12,diagonal,36,12.4134100087
O12:Monoculture::SN-38,O12,diagonal,37,11.0357509074
O12:Monoculture::SN-38,O12,diagonal,38,10.7742491916
O12:Monoculture::SN-38,O12,diagonal,39,11.8765807751
O12:Monoculture::SN-38,O12,diagonal,40,10.6492716646
O12:Monoculture::SN-38,O12,diagonal,41,10.481431485
O12:Monoculture::SN-38,O12,diagonal,42,17.3995023603
O12:Monoculture::SN-38,O12,diagonal,43,16.394581316
O12:Monoculture::SN-38,O12,diagonal,44,16.3537700745
O12:Monoculture::SN-38,O12,diagonal,45,13.0720333799
O12:Monoculture::SN-38,O12,diagonal,46,11.0708350017
O12:Monoculture::SN-38,O12,diagonal,47,10.6218709126
O12:Monoculture::SN-38,O12,diagonal,48,11.4132907742
O12:Monoculture::SN-38,O12,diagonal,49,9.78505758647
O12:Monoculture::SN-38,O12,diagonal,50,9.56216633416
O12:Monoculture::SN-38,O12,diagonal,51,16.9822753086
O12:Monoculture::SN-38,O12,diagonal,52,15.7052319529
O12:Monoculture::SN-38,O12,diagonal,53,15.6718946057
O13:Coculture:F13:5-FU,O13,joint,0,2.57176184484
O13:Coculture:F13:5-FU,O13,joint,1,0.691803221491
O13:Coculture:F13:5-FU,O13,joint,2,3.72618065374
O13:Coculture:F13:5-FU,O13,joint,3,7.18857753469
O13:Coculture:F13:5-FU,O13,joint,4,5.43120981396
O13:Coculture:F13:5-FU,O13,joint,5,8.19327193648
O13:Coculture:F13:5-FU,O13,joint,6,13.3201543964
O13:Coculture:F13:5-FU,O13,joint,7,11.9014521045
O13:Coculture:F13:5-FU,O13,joint,8,13.9982955486
O13:Coculture:F13:5-FU,O13,joint,9,-1.48733702326
O13:Coculture:F13:5-FU,O13,joint,10,-3.02726032436
O13:Coculture:F13:5-FU,O13,joint,11,-0.284339032103
O13:Coculture:F13:5-FU,O13,joint,12,3.76959440066
O13:Coculture:F13:5-FU,O13,joint,13,2.39435809028
O13:Coculture:F13:5-FU,O13,joint,14,4.84904597578
O13:Coculture:F13:5-FU,O13,joint,15,11.3201556911
O13:Coculture:F13:5-FU,O13,joint,16,10.0479898546
O13:Coculture:F13:5-FU,O13,joint,17,11.8198003972
O13:Coculture:F13:5-FU,O13,joint,18,-1.16233501
O13:Coculture:F13:5-FU,O13,joint,19,-2.61814322306
O13:Coculture:F13:5-FU,O13,joint,20,1.66021741368
O13:Coculture:F13:5-FU,O13,joint,21,3.68102305726
O13:Coculture:F13:5-FU,O13,joint,22,1.60425417611
O13:Coculture:F13:5-FU,O13,joint,23,4.50008215267
O13:Coculture:F13:5-FU,O13,joint,24,11.2976170717
O13:Coculture:F13:5-FU,O13,joint,25,9.28818300755
O13:Coculture:F13:5-FU,O13,joint,26,11.2642730263
O13:Coculture:F13:5-FU,O13,joint,27,5.63134795193
O13:Coculture:F13:5-FU,O13,joint,28,5.15338423433
O13:Coculture:F13:5-FU,O13,joint,29,5.93288031082
O13:Coculture:F13:5-FU,O13,joint,30,10.052496161
O13:Coculture:F13:5-FU,O13,joint,31,9.58250650521
O13:Coculture:F13:5-FU,O13,joint,32,10.3411008633
O13:Coculture:F13:5-FU,O13,joint,33,15.7557552809
O13:Coculture:F13:5-FU,O13,joint,34,15.3164133507
O13:Coculture:F13:5-FU,O13,joint,35,16.0069288813
O13:Coculture:F13:5-FU,O13,joint,36,-0.123006015877
O13:Coculture:F13:5-FU,O13,joint,37,-0.53836280625
O13:Coculture:F13:5-FU,O13,joint,38,0.174042282431
O13:Coculture:F13:5-FU,O13,joint,39,5.0437167587
O13:Coculture:F13:5-FU,O13,joint,40,4.65873593342
O13:Coculture:F13:5-FU,O13,joint,41,5.34446625649
O13:Coculture:F13:5-FU,O13,joint,42,12.149172944
O13:Coculture:F13:5-FU,O13,joint,43,11.8053638664
O13:Coculture:F13:5-FU,O13,joint,44,12.4190358377
O13:Coculture:F13:5-FU,O13,joint,45,-2.22016506108
O13:Coculture:F13:5-FU,O13,joint,46,-2.48138531202
O13:Coculture:F13:5-FU,O13,joint,47,-1.15746832807
O13:Coculture:F13:5-FU,O13,joint,48,2.9364656192
O13:Coculture:F13:5-FU,O13,joint,49,2.57251356593
O13:Coculture:F13:5-FU,O13,joint,50,3.64210372512
O13:Coculture:F13:5-FU,O13,joint,51,10.7645611526
O13:Coculture:F13:5-FU,O13,joint,52,10.2453689324
O13:Coculture:F13:5-FU,O13,joint,53,10.9693259265
O13:Coculture:F13:5-FU,O13,diagonal,0,4.26554947512
O13:Coculture:F13:5-FU,O13,diagonal,1,2.64471693342
O13:Coculture:F13:5-FU,O13,diagonal,2,6.01097720293
O13:Coculture:F13:5-FU,O13,diagonal,3,9.68491963047
O13:Coculture:F13:5-FU,O13,diagonal,4,8.12871067652
O13:Coculture:F13:5-FU,O13,diagonal,5,11.3445085644
O13:Coculture:F13:5-FU,O13,diagonal,6,16.4320346654
O13:Coculture:F13:5-FU,O13,diagonal,7,15.085935551
O13:Coculture:F13:5-FU,O13,diagonal,8,17.8889519285
O13:Coculture:F13:5-FU,O13,diagonal,9,0.327345312805
O13:Coculture:F13:5-FU,O13,diagonal,10,-0.939996784463
O13:Coculture:F13:5-FU,O13,diagonal,11,2.03547176738
O13:Coculture:F13:5-FU,O13,diagonal,12,6.82521529595
O13:Coculture:F13:5-FU,O13,diagonal,13,5.63414478419
O13:Coculture:F13:5-FU,O13,diagonal,14,8.30281632888
O13:Coculture:F13:5-FU,O13,diagonal,15,14.8473758138
O13:Coculture:F13:5-FU,O13,diagonal,16,13.7657992192
O13:Coculture:F13:5-FU,O13,diagonal,17,15.9253541574
O13:Coculture:F13:5-FU,O13,diagonal,18,0.39434732282
O13:Coculture:F13:5-FU,O13,diagonal,19,-0.914857747147
O13:Coculture:F13:5-FU,O13,diagonal,20,3.40458640281
O13:Coculture:F13:5-FU,O13,diagonal,21,6.71211865176
O13:Coculture:F13:5-FU,O13,diagonal,22,5.04330237575
O13:Coculture:F13:5-FU,O13,diagonal,23,8.35169626364
O13:Coculture:F13:5-FU,O13,diagonal,24,14.6283950827
O13:Coculture:F13:5-FU,O13,diagonal,25,13.2149699701
O13:Coculture:F13:5-FU,O13,diagonal,26,15.9869460388
O13:Coculture:F13:5-FU,O13,diagonal,27,7.37191573282
O13:Coculture:F13:5-FU,O13,diagonal,28,6.96321353931
O13:Coculture:F13:5-FU,O13,diagonal,29,7.81668859968
O13:Coculture:F13:5-FU,O13,diagonal,30,12.4095669024
O13:Coculture:F13:5-FU,O13,diagonal,31,12.0043587669
O13:Coculture:F13:5-FU,O13,diagonal,32,12.8459238343
O13:Coculture:F13:5-FU,O13,diagonal,33,18.5032419
O13:Coculture:F13:5-FU,O13,diagonal,34,18.1141896615
O13:Coculture:F13:5-FU,O13,diagonal,35,18.9181391335
O13:Coculture:F13:5-FU,O13,diagonal,36,1.85698766141
O13:Coculture:F13:5-FU,O13,diagonal,37,1.51053118192
O13:Coculture:F13:5-FU,O13,diagonal,38,2.28158471503
O13:Coculture:F13:5-FU,O13,diagonal,39,7.99483269267
O13:Coculture:F13:5-FU,O13,diagonal,40,7.67799716835
O13:Coculture:F13:5-FU,O13,diagonal,41,8.42186430631
O13:Coculture:F13:5-FU,O13,diagonal,42,15.6169626544
O13:Coculture:F13:5-FU,O13,diagonal,43,15.3191950264
O13:Coculture:F13:5-FU,O13,diagonal,44,15.9863629126
O13:Coculture:F13:5-FU,O13,diagonal,45,-0.504190656358
O13:Coculture:F13:5-FU,O13,diagonal,46,-0.676956667395
O13:Coculture:F13:5-FU,O13,diagonal,47,0.704671838582
O13:Coculture:F13:5-FU,O13,diagonal,48,6.17405157547
O13:Coculture:F13:5-FU,O13,diagonal,49,5.84675030798
O13:Coculture:F13:5-FU,O13,diagonal,50,6.92661134547
O13:Coculture:F13:5-FU,O13,diagonal,51,14.457785887
O13:Coculture:F13:5-FU,O13,diagonal,52,14.040581818
O13:Coculture:F13:5-FU,O13,diagonal,53,14.86768029
O13:Coculture:F13:Oxa,O13,joint,0,3.48451450067
O13:Coculture:F13:Oxa,O13,joint,1,0.392414003235
O13:Coculture:F13:Oxa,O13,joint,2,2.2146495614
O13:Coculture:F13:Oxa,O13,joint,3,8.3410921517
O13:Coculture:F13:Oxa,O13,joint,4,5.4430113302
O13:Coculture:F13:Oxa,O13,joint,5,7.06436035195
O13:Coculture:F13:Oxa,O13,joint,6,14.3124933629
O13:Coculture:F13:Oxa,O13,joint,7,11.9687922525
O13:Coculture:F13:Oxa,O13,joint,8,13.140636878
O13:Coculture:F13:Oxa,O13,joint,9,-0.495205540325
O13:Coculture:F13:Oxa,O13,joint,10,-2.66101824184
O13:Coculture:F13:Oxa,O13,joint,11,-0.543986349998
O13:Coculture:F13:Oxa,O13,joint,12,4.80881225947
O13:Coculture:F13:Oxa,O13,joint,13,2.68722115498
O13:Coculture:F13:Oxa,O13,joint,14,4.39555424636
O13:Coculture:F13:Oxa,O13,joint,15,12.1773537777
O13:Coculture:F13:Oxa,O13,joint,16,10.2297903767
O13:Coculture:F13:Oxa,O13,joint,17,11.3262033547
O13:Coculture:F13:Oxa,O13,joint,18,1.40001683861
O13:Coculture:F13:Oxa,O13,joint,19,-0.478158213341
O13:Coculture:F13:Oxa,O13,joint,20,3.3778355845
O13:Coculture:F13:Oxa,O13,joint,21,5.17875017036
O13:Coculture:F13:Oxa,O13,joint,22,2.41630750998
O13:Coculture:F13:Oxa,O13,joint,23,4.6264617073
O13:Coculture:F13:Oxa,O13,joint,24,12.3718572448
O13:Coculture:F13:Oxa,O13,joint,25,9.58646728003
O13:Coculture:F13:Oxa,O13,joint,26,10.7866013982
O13:Coculture:F13:Oxa,O13,joint,27,5.53199089324
O13:Coculture:F13:Oxa,O13,joint,28,4.74629201762
O13:Coculture:F13:Oxa,O13,joint,29,5.21805293608
O13:Coculture:F13:Oxa,O13,joint,30,10.280684325
O13:Coculture:F13:Oxa,O13,joint,31,9.50765920064
O13:Coculture:F13:Oxa,O13,joint,32,9.96321809018
O13:Coculture:F13:Oxa,O13,joint,33,16.0438839351
O13:Coculture:F13:Oxa,O13,joint,34,15.3193637297
O13:Coculture:F13:Oxa,O13,joint,35,15.7247009852
O13:Coculture:F13:Oxa,O13,joint,36,-0.022084702874
O13:Coculture:F13:Oxa,O13,joint,37,-0.531327011097
O13:Coculture:F13:Oxa,O13,joint,38,0.0871925597337
O13:Coculture:F13:Oxa,O13,joint,39,5.29174962943
O13:Coculture:F13:Oxa,O13,joint,40,4.75029645405
O13:Coculture:F13:Oxa,O13,joint,41,5.27955442701
O13:Coculture:F13:Oxa,O13,joint,42,12.4089774087
O13:Coculture:F13:Oxa,O13,joint,43,11.8785796325
O13:Coculture:F13:Oxa,O13,joint,44,12.3056629054
O13:Coculture:F13:Oxa,O13,joint,45,-1.23640186689
O13:Coculture:F13:Oxa,O13,joint,46,-1.52826448087
O13:Coculture:F13:Oxa,O13,joint,47,-0.234989859968
O13:Coculture:F13:Oxa,O13,joint,48,3.57705358135
O13:Coculture:F13:Oxa,O13,joint,49,3.10750981836
O13:Coculture:F13:Oxa,O13,joint,50,4.07150826782
O13:Coculture:F13:Oxa,O13,joint,51,11.1389929309
O13:Coculture:F13:Oxa,O13,joint,52,10.4483822658
O13:Coculture:F13:Oxa,O13,joint,53,11.0009208151
O13:Coculture:F13:Oxa,O13,diagonal,0,5.37357926146
O13:Coculture:F13:Oxa,O13,diagonal,1,2.33427330549
O13:Coculture:F13:Oxa,O13,diagonal,2,4.28206016072
O13:Coculture:F13:Oxa,O13,diagonal,3,11.0104069209
O13:Coculture:F13:Oxa,O13,diagonal,4,8.0665301518
O13:Coculture:F13:Oxa,O13,diagonal,5,9.89466022452
O13:Coculture:F13:Oxa,O13,diagonal,6,17.665804124
O13:Coculture:F13:Oxa,O13,diagonal,7,15.0632747979
O13:Coculture:F13:Oxa,O13,diagonal,8,16.6098609635
O13:Coculture:F13:Oxa,O13,diagonal,9,1.35771083469
O13:Coculture:F13:Oxa,O13,diagonal,10,-0.669036862849
O13:Coculture:F13:Oxa,O13,diagonal,11,1.54702608873
O13:Coculture:F13:Oxa,O13,diagonal,12,7.79812551326
O13:Coculture:F13:Oxa,O13,diagonal,13,5.83734593597
O13:Coculture:F13:Oxa,O13,diagonal,14,7.73630841513
O13:Coculture:F13:Oxa,O13,diagonal,15,15.6755082571
O13:Coculture:F13:Oxa,O13,diagonal,16,13.812204705
O13:Coculture:F13:Oxa,O13,diagonal,17,15.1900326858
O13:Coculture:F13:Oxa,O13,diagonal,18,2.53293667931
O13:Coculture:F13:Oxa,O13,diagonal,19,0.793316898692
O13:Coculture:F13:Oxa,O13,diagonal,20,4.682346338
O13:Coculture:F13:Oxa,O13,diagonal,21,7.9012682345
O13:Coculture:F13:Oxa,O13,diagonal,22,5.33165800847
O13:Coculture:F13:Oxa,O13,diagonal,23,7.73925794633
O13:Coculture:F13:Oxa,O13,diagonal,24,15.7209966988
O13:Coculture:F13:Oxa,O13,diagonal,25,13.156225498
O13:Coculture:F13:Oxa,O13,diagonal,26,14.7768554785
O13:Coculture:F13:Oxa,O13,diagonal,27,7.37553432934
O13:Coculture:F13:Oxa,O13,diagonal,28,6.61079354848
O13:Coculture:F13:Oxa,O13,diagonal,29,7.10823002151
O13:Coculture:F13:Oxa,O13,diagonal,30,12.6865743489
O13:Coculture:F13:Oxa,O13,diagonal,31,11.9267478599
O13:Coculture:F13:Oxa,O13,diagonal,32,12.4136945738
O13:Coculture:F13:Oxa,O13,diagonal,33,18.8346137226
O13:Coculture:F13:Oxa,O13,diagonal,34,18.0986445304
O13:Coculture:F13:Oxa,O13,diagonal,35,18.5556770485
O13:Coculture:F13:Oxa,O13,diagonal,36,1.97130265963
O13:Coculture:F13:Oxa,O13,diagonal,37,1.46794515182
O13:Coculture:F13:Oxa,O13,diagonal,38,2.0820976566
O13:Coculture:F13:Oxa,O13,diagonal,39,8.25242407314
O13:Coculture:F13:Oxa,O13,diagonal,40,7.74573714875
O13:Coculture:F13:Oxa,O13,diagonal,41,8.29975288665
O13:Coculture:F13:Oxa,O13,diagonal,42,15.8601902087
O13:Coculture:F13:Oxa,O13,diagonal,43,15.3699953144
O13:Coculture:F13:Oxa,O13,diagonal,44,15.8447359342
O13:Coculture:F13:Oxa,O13,diagonal,45,0.477690889631
O13:Coculture:F13:Oxa,O13,diagonal,46,0.279763308448
O13:Coculture:F13:Oxa,O13,diagonal,47,1.63623024428
O13:Coculture:F13:Oxa,O13,diagonal,48,6.70869891459
O13:Coculture:F13:Oxa,O13,diagonal,49,6.27379396944
O13:Coculture:F13:Oxa,O13,diagonal,50,7.24605132927
O13:Coculture:F13:Oxa,O13,diagonal,51,14.7550732827
O13:Coculture:F13:Oxa,O13,diagonal,52,14.1126707262
O13:Coculture:F13:Oxa,O13,diagonal,53,14.7145707107
O13:Coculture:F13:SN-38,O13,joint,0,1.67042939784
O13:Coculture:F13:SN-38,O13,joint,1,1.46939839784
O13:Coculture:F13:SN-38,O13,joint,2,6.18673469758
O13:Coculture:F13:SN-38,O13,joint,3,6.42500706795
O13:Coculture:F13:SN-38,O13,joint,4,6.24377349734
O13:Coculture:F13:SN-38,O13,joint,5,10.5842098516
O13:Coculture:F13:SN-38,O13,joint,6,12.7281604847
O13:Coculture:F13:SN-38,O13,joint,7,12.5865574547
O13:Coculture:F13:SN-38,O13,joint,8,15.9456273667
O13:Coculture:F13:SN-38,O13,joint,9,-0.0516395041478
O13:Coculture:F13:SN-38,O13,joint,10,-1.94531949
O13:Coculture:F13:SN-38,O13,joint,11,0.444224586793
O13:Coculture:F13:SN-38,O13,joint,12,4.71349893873
O13:Coculture:F13:SN-38,O13,joint,13,3.4726019233
O13:Coculture:F13:SN-38,O13,joint,14,6.06105738389
O13:Coculture:F13:SN-38,O13,joint,15,11.3811864316
O13:Coculture:F13:SN-38,O13,joint,16,10.7722526421
O13:Coculture:F13:SN-38,O13,joint,17,13.1901158322
O13:Coculture:F13:SN-38,O13,joint,18,5.08450721544
O13:Coculture:F13:SN-38,O13,joint,19,1.54434414584
O13:Coculture:F13:SN-38,O13,joint,20,3.74389425519
O13:Coculture:F13:SN-38,O13,joint,21,5.75084914018
O13:Coculture:F13:SN-38,O13,joint,22,4.02158846521
O13:Coculture:F13:SN-38,O13,joint,23,7.25986235866
O13:Coculture:F13:SN-38,O13,joint,24,11.2875608452
O13:Coculture:F13:SN-38,O13,joint,25,10.5548165712
O13:Coculture:F13:SN-38,O13,joint,26,13.7789166529
O13:Coculture:F13:SN-38,O13,joint,27,5.31340078207
O13:Coculture:F13:SN-38,O13,joint,28,5.26173883316
O13:Coculture:F13:SN-38,O13,joint,29,6.4683879544
O13:Coculture:F13:SN-38,O13,joint,30,9.8043312697
O13:Coculture:F13:SN-38,O13,joint,31,9.7540735197
O13:Coculture:F13:SN-38,O13,joint,32,10.9334075946
O13:Coculture:F13:SN-38,O13,joint,33,15.548283723
O13:Coculture:F13:SN-38,O13,joint,34,15.5029753303
O13:Coculture:F13:SN-38,O13,joint,35,16.5880844189
O13:Coculture:F13:SN-38,O13,joint,36,-0.0340603355293
O13:Coculture:F13:SN-38,O13,joint,37,-0.617608666417
O13:Coculture:F13:SN-38,O13,joint,38,-0.0735280645592
O13:Coculture:F13:SN-38,O13,joint,39,5.39406013334
O13:Coculture:F13:SN-38,O13,joint,40,4.92064013688
O13:Coculture:F13:SN-38,O13,joint,41,5.51802615607
O13:Coculture:F13:SN-38,O13,joint,42,12.3849764935
O13:Coculture:F13:SN-38,O13,joint,43,12.0747522396
O13:Coculture:F13:SN-38,O13,joint,44,12.7218661048
O13:Coculture:F13:SN-38,O13,joint,45,0.489398491308
O13:Coculture:F13:SN-38,O13,joint,46,-0.948540870478
O13:Coculture:F13:SN-38,O13,joint,47,-0.800891919532
O13:Coculture:F13:SN-38,O13,joint,48,4.4956022177
O13:Coculture:F13:SN-38,O13,joint,49,3.6105614503
O13:Coculture:F13:SN-38,O13,joint,50,4.16044897764
O13:Coculture:F13:SN-38,O13,joint,51,11.2754098772
O13:Coculture:F13:SN-38,O13,joint,52,10.8430947084
O13:Coculture:F13:SN-38,O13,joint,53,11.6526631818
O13:Coculture:F13:SN-38,O13,diagonal,0,3.52773720361
O13:Coculture:F13:SN-38,O13,diagonal,1,3.21751226596
O13:Coculture:F13:SN-38,O13,diagonal,2,7.8962336228
O13:Coculture:F13:SN-38,O13,diagonal,3,9.06429303374
O13:Coculture:F13:SN-38,O13,diagonal,4,8.85820424872
O13:Coculture:F13:SN-38,O13,diagonal,5,13.4253975305
O13:Coculture:F13:SN-38,O13,diagonal,6,15.8058192146
O13:Coculture:F13:SN-38,O13,diagonal,7,15.8051322739
O13:Coculture:F13:SN-38,O13,diagonal,8,19.961232773
O13:Coculture:F13:SN-38,O13,diagonal,9,1.73705459485
O13:Coculture:F13:SN-38,O13,diagonal,10,0.0531739253466
O13:Coculture:F13:SN-38,O13,diagonal,11,2.60716897974
O13:Coculture:F13:SN-38,O13,diagonal,12,7.40475234741
O13:Coculture:F13:SN-38,O13,diagonal,13,6.45339769363
O13:Coculture:F13:SN-38,O13,diagonal,14,9.35848225079
O13:Coculture:F13:SN-38,O13,diagonal,15,14.6719033253
O13:Coculture:F13:SN-38,O13,diagonal,16,14.3658065235
O13:Coculture:F13:SN-38,O13,diagonal,17,17.3015999034
O13:Coculture:F13:SN-38,O13,diagonal,18,4.16465433496
O13:Coculture:F13:SN-38,O13,diagonal,19,1.52495799636
O13:Coculture:F13:SN-38,O13,diagonal,20,4.5066293992
O13:Coculture:F13:SN-38,O13,diagonal,21,7.47474434061
O13:Coculture:F13:SN-38,O13,diagonal,22,6.4881764003
O13:Coculture:F13:SN-38,O13,diagonal,23,10.4764324936
O13:Coculture:F13:SN-38,O13,diagonal,24,14.2509401786
O13:Coculture:F13:SN-38,O13,diagonal,25,14.200243381
O13:Coculture:F13:SN-38,O13,diagonal,26,18.3434267702
O13:Coculture:F13:SN-38,O13,diagonal,27,7.03941956196
O13:Coculture:F13:SN-38,O13,diagonal,28,6.95361076266
O13:Coculture:F13:SN-38,O13,diagonal,29,8.13063931638
O13:Coculture:F13:SN-38,O13,diagonal,30,12.2081126734
O13:Coculture:F13:SN-38,O13,diagonal,31,12.130556439
O13:Coculture:F13:SN-38,O13,diagonal,32,13.3002367782
O13:Coculture:F13:SN-38,O13,diagonal,33,18.3453328488
O13:Coculture:F13:SN-38,O13,diagonal,34,18.2938106525
O13:Coculture:F13:SN-38,O13,diagonal,35,19.435608973
O13:Coculture:F13:SN-38,O13,diagonal,36,2.10101098217
O13:Coculture:F13:SN-38,O13,diagonal,37,1.52882655021
O13:Coculture:F13:SN-38,O13,diagonal,38,2.07279950373
O13:Coculture:F13:SN-38,O13,diagonal,39,8.36069781115
O13:Coculture:F13:SN-38,O13,diagonal,40,7.93972764378
O13:Coculture:F13:SN-38,O13,diagonal,41,8.57822640737
O13:Coculture:F13:SN-38,O13,diagonal,42,15.7855413023
O13:Coculture:F13:SN-38,O13,diagonal,43,15.5477026388
O13:Coculture:F13:SN-38,O13,diagonal,44,16.2739737781
O13:Coculture:F13:SN-38,O13,diagonal,45,1.66839275338
O13:Coculture:F13:SN-38,O13,diagonal,46,0.462934400362
O13:Coculture:F13:SN-38,O13,diagonal,47,0.80971033639
O13:Coculture:F13:SN-38,O13,diagonal,48,7.14066570796
O13:Coculture:F13:SN-38,O13,diagonal,49,6.48074162331
O13:Coculture:F13:SN-38,O13,diagonal,50,7.22615947403
O13:Coculture:F13:SN-38,O13,diagonal,51,14.6712340063
O13:Coculture:F13:SN-38,O13,diagonal,52,14.4245920212
O13:Coculture:F13:SN-38,O13,diagonal,53,15.4216560445
O13:Monoculture::Gef,O13,joint,0,15.0615548551
O13:Monoculture::Gef,O13,joint,1,11.1618732797
O13:Monoculture::Gef,O13,joint,2,12.1765221747
O13:Monoculture::Gef,O13,joint,3,12.1252690042
O13:Monoculture::Gef,O13,joint,4,8.56368746433
O13:Monoculture::Gef,O13,joint,5,9.52530497567
O13:Monoculture::Gef,O13,joint,6,15.8070666672
O13:Monoculture::Gef,O13,joint,7,13.0060031864
O13:Monoculture::Gef,O13,joint,8,13.7698853505
O13:Monoculture::Gef,O13,joint,9,17.126381495
O13:Monoculture::Gef,O13,joint,10,12.2420552844
O13:Monoculture::Gef,O13,joint,11,11.6408276525
O13:Monoculture::Gef,O13,joint,12,11.4044631908
O13:Monoculture::Gef,O13,joint,13,7.61477031131
O13:Monoculture::Gef,O13,joint,14,7.66345646135
O13:Monoculture::Gef,O13,joint,15,14.4310708434
O13:Monoculture::Gef,O13,joint,16,11.6841912615
O13:Monoculture::Gef,O13,joint,17,12.0189961168
O13:Monoculture::Gef,O13,joint,18,25.4084031129
O13:Monoculture::Gef,O13,joint,19,19.1452222478
O13:Monoculture::Gef,O13,joint,20,18.6184896697
O13:Monoculture::Gef,O13,joint,21,12.3620490714
O13:Monoculture::Gef,O13,joint,22,7.59075872293
O13:Monoculture::Gef,O13,joint,23,7.81199458238
O13:Monoculture::Gef,O13,joint,24,14.6168922023
O13:Monoculture::Gef,O13,joint,25,11.045925523
O13:Monoculture::Gef,O13,joint,26,11.5064291482
O13:Monoculture::Gef,O13,joint,27,15.9894857761
O13:Monoculture::Gef,O13,joint,28,14.9872387809
O13:Monoculture::Gef,O13,joint,29,15.2431909498
O13:Monoculture::Gef,O13,joint,30,13.154836451
O13:Monoculture::Gef,O13,joint,31,12.1799160571
O13:Monoculture::Gef,O13,joint,32,12.4335782809
O13:Monoculture::Gef,O13,joint,33,16.9636908696
O13:Monoculture::Gef,O13,joint,34,16.0732954846
O13:Monoculture::Gef,O13,joint,35,16.3136998625
O13:Monoculture::Gef,O13,joint,36,12.7032561116
O13:Monoculture::Gef,O13,joint,37,11.2336667333
O13:Monoculture::Gef,O13,joint,38,10.8943659281
O13:Monoculture::Gef,O13,joint,39,9.68084858581
O13:Monoculture::Gef,O13,joint,40,8.45976703317
O13:Monoculture::Gef,O13,joint,41,8.30946012519
O13:Monoculture::Gef,O13,joint,42,14.0548169165
O13:Monoculture::Gef,O13,joint,43,13.1073936966
O13:Monoculture::Gef,O13,joint,44,13.1195652341
O13:Monoculture::Gef,O13,joint,45,18.2163498315
O13:Monoculture::Gef,O13,joint,46,16.0417326666
O13:Monoculture::Gef,O13,joint,47,15.4510042591
O13:Monoculture::Gef,O13,joint,48,9.58958991971
O13:Monoculture::Gef,O13,joint,49,8.02379470342
O13:Monoculture::Gef,O13,joint,50,7.89211155891
O13:Monoculture::Gef,O13,joint,51,12.9503672344
O13:Monoculture::Gef,O13,joint,52,11.7575446473
O13:Monoculture::Gef,O13,joint,53,11.8128536121
O13:Monoculture::Gef,O13,diagonal,0,16.829016532
O13:Monoculture::Gef,O13,diagonal,1,11.6782559794
O13:Monoculture::Gef,O13,diagonal,2,11.5174877034
O13:Monoculture::Gef,O13,diagonal,3,15.7918314229
O13:Monoculture::Gef,O13,diagonal,4,10.99335926
O13:Monoculture::Gef,O13,diagonal,5,10.9675428743
O13:Monoculture::Gef,O13,diagonal,6,20.0730226142
O13:Monoculture::Gef,O13,diagonal,7,16.0843676186
O13:Monoculture::Gef,O13,diagonal,8,16.2449074417
O13:Monoculture::Gef,O13,diagonal,9,16.990013608
O13:Monoculture::Gef,O13,diagonal,10,11.505035445
O13:Monoculture::Gef,O13,diagonal,11,10.2673296292
O13:Monoculture::Gef,O13,diagonal,12,13.5751236203
O13:Monoculture::Gef,O13,diagonal,13,9.32144739783
O13:Monoculture::Gef,O13,diagonal,14,8.92731849419
O13:Monoculture::Gef,O13,diagonal,15,17.995318458
O13:Monoculture::Gef,O13,diagonal,16,14.797852418
O13:Monoculture::Gef,O13,diagonal,17,14.8435416231
O13:Monoculture::Gef,O13,diagonal,18,19.1850738115
O13:Monoculture::Gef,O13,diagonal,19,12.4274742795
O13:Monoculture::Gef,O13,diagonal,20,11.2983803617
O13:Monoculture::Gef,O13,diagonal,21,13.4364820321
O13:Monoculture::Gef,O13,diagonal,22,8.31523806435
O13:Monoculture::Gef,O13,diagonal,23,8.17269443239
O13:Monoculture::Gef,O13,diagonal,24,18.0315161009
O13:Monoculture::Gef,O13,diagonal,25,14.0900910854
O13:Monoculture::Gef,O13,diagonal,26,14.3400003627
O13:Monoculture::Gef,O13,diagonal,27,16.4074576016
O13:Monoculture::Gef,O13,diagonal,28,15.0903501988
O13:Monoculture::Gef,O13,diagonal,29,15.0364451589
O13:Monoculture::Gef,O13,diagonal,30,15.5174048782
O13:Monoculture::Gef,O13,diagonal,31,14.2297147401
O13:Monoculture::Gef,O13,diagonal,32,14.1895226711
O13:Monoculture::Gef,O13,diagonal,33,19.9803349904
O13:Monoculture::Gef,O13,diagonal,34,18.7807169496
O13:Monoculture::Gef,O13,diagonal,35,18.7742628532
O13:Monoculture::Gef,O13,diagonal,36,13.3324021111
O13:Monoculture::Gef,O13,diagonal,37,11.635053952
O13:Monoculture::Gef,O13,diagonal,38,11.0585851932
O13:Monoculture::Gef,O13,diagonal,39,12.1115966718
O13:Monoculture::Gef,O13,diagonal,40,10.7403521311
O13:Monoculture::Gef,O13,diagonal,41,10.4309256771
O13:Monoculture::Gef,O13,diagonal,42,17.2667427004
O13:Monoculture::Gef,O13,diagonal,43,16.2033236448
O13:Monoculture::Gef,O13,diagonal,44,16.1047914189
O13:Monoculture::Gef,O13,diagonal,45,14.5934113136
O13:Monoculture::Gef,O13,diagonal,46,12.2609151227
O13:Monoculture::Gef,O13,diagonal,47,11.4832195096
O13:Monoculture::Gef,O13,diagonal,48,10.8446757775
O13:Monoculture::Gef,O13,diagonal,49,9.15527589453
O13:Monoculture::Gef,O13,diagonal,50,8.87300241509
O13:Monoculture::Gef,O13,diagonal,51,16.1206513177
O13:Monoculture::Gef,O13,diagonal,52,14.8403403258
O13:Monoculture::Gef,O13,diagonal,53,14.8047044178
O14:Coculture:F06:Gef,O14,joint,0,2.08572733113
O14:Coculture:F06:Gef,O14,joint,1,2.50689393012
O14:Coculture:F06:Gef,O14,joint,2,7.84239099958
O14:Coculture:F06:Gef,O14,joint,3,5.98971105026
O14:Coculture:F06:Gef,O14,joint,4,6.41359306372
O14:Coculture:F06:Gef,O14,joint,5,11.3606741284
O14:Coculture:F06:Gef,O14,joint,6,12.1811789296
O14:Coculture:F06:Gef,O14,joint,7,12.5293582412
O14:Coculture:F06:Gef,O14,joint,8,16.4424831977
O14:Coculture:F06:Gef,O14,joint,9,-1.92437266967
O14:Coculture:F06:Gef,O14,joint,10,-1.86987827422
O14:Coculture:F06:Gef,O14,joint,11,2.46771469988
O14:Coculture:F06:Gef,O14,joint,12,2.76284626795
O14:Coculture:F06:Gef,O14,joint,13,2.81655694942
O14:Coculture:F06:Gef,O14,joint,14,6.70864666046
O14:Coculture:F06:Gef,O14,joint,15,10.3120545046
O14:Coculture:F06:Gef,O14,joint,16,10.4109388734
O14:Coculture:F06:Gef,O14,joint,17,13.5915076796
O14:Coculture:F06:Gef,O14,joint,18,-3.18620162568
O14:Coculture:F06:Gef,O14,joint,19,-3.77314816423
O14:Coculture:F06:Gef,O14,joint,20,1.37635358433
O14:Coculture:F06:Gef,O14,joint,21,1.76622344326
O14:Coculture:F06:Gef,O14,joint,22,1.58080662276
O14:Coculture:F06:Gef,O14,joint,23,6.38791601018
O14:Coculture:F06:Gef,O14,joint,24,9.65615930073
O14:Coculture:F06:Gef,O14,joint,25,9.73862337722
O14:Coculture:F06:Gef,O14,joint,26,13.8525577582
O14:Coculture:F06:Gef,O14,joint,27,6.25922688646
O14:Coculture:F06:Gef,O14,joint,28,6.3621022625
O14:Coculture:F06:Gef,O14,joint,29,7.72317680252
O14:Coculture:F06:Gef,O14,joint,30,9.91087956995
O14:Coculture:F06:Gef,O14,joint,31,10.0161712197
O14:Coculture:F06:Gef,O14,joint,32,11.3500454871
O14:Coculture:F06:Gef,O14,joint,33,15.4298013811
O14:Coculture:F06:Gef,O14,joint,34,15.5357718845
O14:Coculture:F06:Gef,O14,joint,35,16.7725421507
O14:Coculture:F06:Gef,O14,joint,36,0.622592123254
O14:Coculture:F06:Gef,O14,joint,37,0.624282361769
O14:Coculture:F06:Gef,O14,joint,38,1.75626117353
O14:Coculture:F06:Gef,O14,joint,39,4.91816004464
O14:Coculture:F06:Gef,O14,joint,40,4.9317836435
O14:Coculture:F06:Gef,O14,joint,41,6.01618188703
O14:Coculture:F06:Gef,O14,joint,42,11.8944126858
O14:Coculture:F06:Gef,O14,joint,43,11.9078403562
O14:Coculture:F06:Gef,O14,joint,44,12.8808627839
O14:Coculture:F06:Gef,O14,joint,45,-2.56173420532
O14:Coculture:F06:Gef,O14,joint,46,-2.76170453683
O14:Coculture:F06:Gef,O14,joint,47,-1.37778611099
O14:Coculture:F06:Gef,O14,joint,48,2.44093873506
O14:Coculture:F06:Gef,O14,joint,49,2.29420210043
O14:Coculture:F06:Gef,O14,joint,50,3.58157753757
O14:Coculture:F06:Gef,O14,joint,51,10.3014108274
O14:Coculture:F06:Gef,O14,joint,52,10.2550566222
O14:Coculture:F06:Gef,O14,joint,53,11.4568339691
O14:Coculture:F06:Gef,O14,diagonal,0,3.74944958664
O14:Coculture:F06:Gef,O14,diagonal,1,4.75693999175
O14:Coculture:F06:Gef,O14,diagonal,2,10.7544226736
O14:Coculture:F06:Gef,O14,diagonal,3,8.42109621269
O14:Coculture:F06:Gef,O14,diagonal,4,9.4078138624
O14:Coculture:F06:Gef,O14,diagonal,5,15.1671872894
O14:Coculture:F06:Gef,O14,diagonal,6,15.1645649807
O14:Coculture:F06:Gef,O14,diagonal,7,16.0669552436
O14:Coculture:F06:Gef,O14,diagonal,8,21.1185403252
O14:Coculture:F06:Gef,O14,diagonal,9,-0.178771654984
O14:Coculture:F06:Gef,O14,diagonal,10,0.318112320674
O14:Coculture:F06:Gef,O14,diagonal,11,5.06226864336
O14:Coculture:F06:Gef,O14,diagonal,12,5.80583211642
O14:Coculture:F06:Gef,O14,diagonal,13,6.28768526978
O14:Coculture:F06:Gef,O14,diagonal,14,10.6290857419
O14:Coculture:F06:Gef,O14,diagonal,15,13.8332370806
O14:Coculture:F06:Gef,O14,diagonal,16,14.3645263853
O14:Coculture:F06:Gef,O14,diagonal,17,18.138970935
O14:Coculture:F06:Gef,O14,diagonal,18,-1.41986450828
O14:Coculture:F06:Gef,O14,diagonal,19,-1.17582378032
O14:Coculture:F06:Gef,O14,diagonal,20,4.69672256182
O14:Coculture:F06:Gef,O14,diagonal,21,4.957582808
O14:Coculture:F06:Gef,O14,diagonal,22,5.52135510023
O14:Coculture:F06:Gef,O14,diagonal,23,11.0638277282
O14:Coculture:F06:Gef,O14,diagonal,24,13.2452059104
O14:Coculture:F06:Gef,O14,diagonal,25,14.0599123451
O14:Coculture:F06:Gef,O14,diagonal,26,19.0659530725
O14:Coculture:F06:Gef,O14,diagonal,27,8.01773275576
O14:Coculture:F06:Gef,O14,diagonal,28,8.27022432995
O14:Coculture:F06:Gef,O14,diagonal,29,9.7859182671
O14:Coculture:F06:Gef,O14,diagonal,30,12.2475131419
O14:Coculture:F06:Gef,O14,diagonal,31,12.4993857432
O14:Coculture:F06:Gef,O14,diagonal,32,13.9987564136
O14:Coculture:F06:Gef,O14,diagonal,33,18.1376511878
O14:Coculture:F06:Gef,O14,diagonal,34,18.3843306002
O14:Coculture:F06:Gef,O14,diagonal,35,19.824173957
O14:Coculture:F06:Gef,O14,diagonal,36,2.37482383892
O14:Coculture:F06:Gef,O14,diagonal,37,2.52012899007
O14:Coculture:F06:Gef,O14,diagonal,38,3.78631354144
O14:Coculture:F06:Gef,O14,diagonal,39,7.81940035608
O14:Coculture:F06:Gef,O14,diagonal,40,7.94362134999
O14:Coculture:F06:Gef,O14,diagonal,41,9.12966043067
O14:Coculture:F06:Gef,O14,diagonal,42,15.3244198244
O14:Coculture:F06:Gef,O14,diagonal,43,15.4448831127
O14:Coculture:F06:Gef,O14,diagonal,44,16.5302332308
O14:Coculture:F06:Gef,O14,diagonal,45,-0.673764074799
O14:Coculture:F06:Gef,O14,diagonal,46,-0.646045005999
O14:Coculture:F06:Gef,O14,diagonal,47,0.936474640564
O14:Coculture:F06:Gef,O14,diagonal,48,5.69344119758
O14:Coculture:F06:Gef,O14,diagonal,49,5.75445137957
O14:Coculture:F06:Gef,O14,diagonal,50,7.22258796511
O14:Coculture:F06:Gef,O14,diagonal,51,14.0009265117
O14:Coculture:F06:Gef,O14,diagonal,52,14.1418695847
O14:Coculture:F06:Gef,O14,diagonal,53,15.5274877417
O14:Coculture:F06:Oxa,O14,joint,0,3.75298844009
O14:Coculture:F06:Oxa,O14,joint,1,2.23695026362
O14:Coculture:F06:Oxa,O14,joint,2,5.63524814274
O14:Coculture:F06:Oxa,O14,joint,3,7.29646127472
O14:Coculture:F06:Oxa,O14,joint,4,5.86616283994
O14:Coculture:F06:Oxa,O14,joint,5,8.95529424842
O14:Coculture:F06:Oxa,O14,joint,6,13.241166869
O14:Coculture:F06:Oxa,O14,joint,7,12.0500090573
O14:Coculture:F06:Oxa,O14,joint,8,14.3743969816
O14:Coculture:F06:Oxa,O14,joint,9,-0.566259830594
O14:Coculture:F06:Oxa,O14,joint,10,-1.38568373172
O14:Coculture:F06:Oxa,O14,joint,11,2.07773696051
O14:Coculture:F06:Oxa,O14,joint,12,3.88312408351
O14:Coculture:F06:Oxa,O14,joint,13,3.06946439318
O14:Coculture:F06:Oxa,O14,joint,14,6.08572889873
O14:Coculture:F06:Oxa,O14,joint,15,11.2865302909
O14:Coculture:F06:Oxa,O14,joint,16,10.3256588625
O14:Coculture:F06:Oxa,O14,joint,17,12.408763813
O14:Coculture:F06:Oxa,O14,joint,18,1.10153705698
O14:Coculture:F06:Oxa,O14,joint,19,1.24697358473
O14:Coculture:F06:Oxa,O14,joint,20,7.12657896227
O14:Coculture:F06:Oxa,O14,joint,21,4.22615363611
O14:Coculture:F06:Oxa,O14,joint,22,2.96093704478
O14:Coculture:F06:Oxa,O14,joint,23,6.66831731115
O14:Coculture:F06:Oxa,O14,joint,24,11.2760675467
O14:Coculture:F06:Oxa,O14,joint,25,9.61534884772
O14:Coculture:F06:Oxa,O14,joint,26,11.9401542317
O14:Coculture:F06:Oxa,O14,joint,27,7.0445848125
O14:Coculture:F06:Oxa,O14,joint,28,6.65982274732
O14:Coculture:F06:Oxa,O14,joint,29,7.53252047621
O14:Coculture:F06:Oxa,O14,joint,30,10.3478028099
O14:Coculture:F06:Oxa,O14,joint,31,9.96879326574
O14:Coculture:F06:Oxa,O14,joint,32,10.8183677355
O14:Coculture:F06:Oxa,O14,joint,33,15.7827262159
O14:Coculture:F06:Oxa,O14,joint,34,15.4251516072
O14:Coculture:F06:Oxa,O14,joint,35,16.1974344593
O14:Coculture:F06:Oxa,O14,joint,36,1.06838253597
O14:Coculture:F06:Oxa,O14,joint,37,0.821232062524
O14:Coculture:F06:Oxa,O14,joint,38,1.70184346813
O14:Coculture:F06:Oxa,O14,joint,39,5.27398605686
O14:Coculture:F06:Oxa,O14,joint,40,5.06913008158
O14:Coculture:F06:Oxa,O14,joint,41,5.93498525464
O14:Coculture:F06:Oxa,O14,joint,42,12.1775553647
O14:Coculture:F06:Oxa,O14,joint,43,11.9741404421
O14:Coculture:F06:Oxa,O14,joint,44,12.7282065685
O14:Coculture:F06:Oxa,O14,joint,45,-0.784445132774
O14:Coculture:F06:Oxa,O14,joint,46,-0.463557591617
O14:Coculture:F06:Oxa,O14,joint,47,1.44246718443
O14:Coculture:F06:Oxa,O14,joint,48,3.50243363594
O14:Coculture:F06:Oxa,O14,joint,49,3.53879276788
O14:Coculture:F06:Oxa,O14,joint,50,5.00869411226
O14:Coculture:F06:Oxa,O14,joint,51,10.9008437974
O14:Coculture:F06:Oxa,O14,joint,52,10.5845396495
O14:Coculture:F06:Oxa,O14,joint,53,11.5113847161
O14:Coculture:F06:Oxa,O14,diagonal,0,4.69044318351
O14:Coculture:F06:Oxa,O14,diagonal,1,3.32763280589
O14:Coculture:F06:Oxa,O14,diagonal,2,6.95191523946
O14:Coculture:F06:Oxa,O14,diagonal,3,9.66181058099
O14:Coculture:F06:Oxa,O14,diagonal,4,8.35883181294
O14:Coculture:F06:Oxa,O14,diagonal,5,11.8278598867
O14:Coculture:F06:Oxa,O14,diagonal,6,16.3356320221
O14:Coculture:F06:Oxa,O14,diagonal,7,15.1896619665
O14:Coculture:F06:Oxa,O14,diagonal,8,18.1928074026
O14:Coculture:F06:Oxa,O14,diagonal,9,0.702507922597
O14:Coculture:F06:Oxa,O14,diagonal,10,0.120881363846
O14:Coculture:F06:Oxa,O14,diagonal,11,3.78206545421
O14:Coculture:F06:Oxa,O14,diagonal,12,6.83474729148
O14:Coculture:F06:Oxa,O14,diagonal,13,6.17404202517
O14:Coculture:F06:Oxa,O14,diagonal,14,9.3730788153
O14:Coculture:F06:Oxa,O14,diagonal,15,14.7679364816
O14:Coculture:F06:Oxa,O14,diagonal,16,13.980140215
O14:Coculture:F06:Oxa,O14,diagonal,17,16.4334754811
O14:Coculture:F06:Oxa,O14,diagonal,18,2.03425875236
O14:Coculture:F06:Oxa,O14,diagonal,19,2.11987245201
O14:Coculture:F06:Oxa,O14,diagonal,20,7.83413537159
O14:Coculture:F06:Oxa,O14,diagonal,21,6.95316980221
O14:Coculture:F06:Oxa,O14,diagonal,22,5.9479975388
O14:Coculture:F06:Oxa,O14,diagonal,23,9.9200354393
O14:Coculture:F06:Oxa,O14,diagonal,24,14.5525745741
O14:Coculture:F06:Oxa,O14,diagonal,25,13.3991217187
O14:Coculture:F06:Oxa,O14,diagonal,26,16.4310700446
O14:Coculture:F06:Oxa,O14,diagonal,27,7.94934629828
O14:Coculture:F06:Oxa,O14,diagonal,28,7.60413654357
O14:Coculture:F06:Oxa,O14,diagonal,29,8.52110404275
O14:Coculture:F06:Oxa,O14,diagonal,30,12.5157903295
O14:Coculture:F06:Oxa,O14,diagonal,31,12.175087735
O14:Coculture:F06:Oxa,O14,diagonal,32,13.0811583434
O14:Coculture:F06:Oxa,O14,diagonal,33,18.4974646377
O14:Coculture:F06:Oxa,O14,diagonal,34,18.1717199456
O14:Coculture:F06:Oxa,O14,diagonal,35,19.0389769641
O14:Coculture:F06:Oxa,O14,diagonal,36,2.35288142845
O14:Coculture:F06:Oxa,O14,diagonal,37,2.1758114089
O14:Coculture:F06:Oxa,O14,diagonal,38,3.11625140195
O14:Coculture:F06:Oxa,O14,diagonal,39,8.08862334512
O14:Coculture:F06:Oxa,O14,diagonal,40,7.94321670543
O14:Coculture:F06:Oxa,O14,diagonal,41,8.85851272802
O14:Coculture:F06:Oxa,O14,diagonal,42,15.6193456532
O14:Coculture:F06:Oxa,O14,diagonal,43,15.4541693367
O14:Coculture:F06:Oxa,O14,diagonal,44,16.2539285342
O14:Coculture:F06:Oxa,O14,diagonal,45,0.534767342014
O14:Coculture:F06:Oxa,O14,diagonal,46,0.905048457528
O14:Coculture:F06:Oxa,O14,diagonal,47,2.82972409006
O14:Coculture:F06:Oxa,O14,diagonal,48,6.58402943286
O14:Coculture:F06:Oxa,O14,diagonal,49,6.60543285777
O14:Coculture:F06:Oxa,O14,diagonal,50,8.03399858767
O14:Coculture:F06:Oxa,O14,diagonal,51,14.5180486746
O14:Coculture:F06:Oxa,O14,diagonal,52,14.2667556088
O14:Coculture:F06:Oxa,O14,diagonal,53,15.2597650839
O14:Coculture:F06:SN-38,O14,joint,0,8.53432281325
O14:Coculture:F06:SN-38,O14,joint,1,4.2430106469
O14:Coculture:F06:SN-38,O14,joint,2,4.8700657803
O14:Coculture:F06:SN-38,O14,joint,3,11.1381826484
O14:Coculture:F06:SN-38,O14,joint,4,7.22562974321
O14:Coculture:F06:SN-38,O14,joint,5,7.83474676292
O14:Coculture:F06:SN-38,O14,joint,6,16.0116468891
O14:Coculture:F06:SN-38,O14,joint,7,13.0156275784
O14:Coculture:F06:SN-38,O14,joint,8,13.5202812096
O14:Coculture:F06:SN-38,O14,joint,9,10.08067281
O14:Coculture:F06:SN-38,O14,joint,10,4.36418163598
O14:Coculture:F06:SN-38,O14,joint,11,2.9309145246
O14:Coculture:F06:SN-38,O14,joint,12,10.6613304979
O14:Coculture:F06:SN-38,O14,joint,13,6.08141226207
O14:Coculture:F06:SN-38,O14,joint,14,5.33084650228
O14:Coculture:F06:SN-38,O14,joint,15,15.2427303533
O14:Coculture:F06:SN-38,O14,joint,16,12.0528760166
O14:Coculture:F06:SN-38,O14,joint,17,11.8898186594
O14:Coculture:F06:SN-38,O14,joint,18,23.2845865186
O14:Coculture:F06:SN-38,O14,joint,19,13.9263412427
O14:Coculture:F06:SN-38,O14,joint,20,10.3078091458
O14:Coculture:F06:SN-38,O14,joint,21,16.6306011064
O14:Coculture:F06:SN-38,O14,joint,22,10.2412275642
O14:Coculture:F06:SN-38,O14,joint,23,8.81938859031
O14:Coculture:F06:SN-38,O14,joint,24,17.2769713696
O14:Coculture:F06:SN-38,O14,joint,25,13.0958564068
O14:Coculture:F06:SN-38,O14,joint,26,12.8715857997
O14:Coculture:F06:SN-38,O14,joint,27,8.75683368882
O14:Coculture:F06:SN-38,O14,joint,28,7.65547290548
O14:Coculture:F06:SN-38,O14,joint,29,7.8124231923
O14:Coculture:F06:SN-38,O14,joint,30,11.5203046235
O14:Coculture:F06:SN-38,O14,joint,31,10.447476582
O14:Coculture:F06:SN-38,O14,joint,32,10.6042403653
O14:Coculture:F06:SN-38,O14,joint,33,16.7265776181
O14:Coculture:F06:SN-38,O14,joint,34,15.7484393918
O14:Coculture:F06:SN-38,O14,joint,35,15.9007186467
O14:Coculture:F06:SN-38,O14,joint,36,5.40809217419
O14:Coculture:F06:SN-38,O14,joint,37,3.74525560656
O14:Coculture:F06:SN-38,O14,joint,38,3.21004797167
O14:Coculture:F06:SN-38,O14,joint,39,7.92713821188
O14:Coculture:F06:SN-38,O14,joint,40,6.49801541837
O14:Coculture:F06:SN-38,O14,joint,41,6.13969864053
O14:Coculture:F06:SN-38,O14,joint,42,13.8719343833
O14:Coculture:F06:SN-38,O14,joint,43,12.7269548243
O14:Coculture:F06:SN-38,O14,joint,44,12.5393133844
O14:Coculture:F06:SN-38,O14,joint,45,8.67141033998
O14:Coculture:F06:SN-38,O14,joint,46,5.61322424858
O14:Coculture:F06:SN-38,O14,joint,47,4.14062646991
O14:Coculture:F06:SN-38,O14,joint,48,9.04562204349
O14:Coculture:F06:SN-38,O14,joint,49,6.70606072453
O14:Coculture:F06:SN-38,O14,joint,50,5.8014277003
O14:Coculture:F06:SN-38,O14,joint,51,13.9953478687
O14:Coculture:F06:SN-38,O14,joint,52,12.3980044832
O14:Coculture:F06:SN-38,O14,joint,53,12.0425447397
O14:Coculture:F06:SN-38,O14,diagonal,0,9.74655379978
O14:Coculture:F06:SN-38,O14,diagonal,1,5.12683221099
O14:Coculture:F06:SN-38,O14,diagonal,2,5.49605691671
O14:Coculture:F06:SN-38,O14,diagonal,3,13.8490840014
O14:Coculture:F06:SN-38,O14,diagonal,4,9.56021852137
O14:Coculture:F06:SN-38,O14,diagonal,5,10.0446351081
O14:Coculture:F06:SN-38,O14,diagonal,6,19.4714321535
O14:Coculture:F06:SN-38,O14,diagonal,7,15.9553228021
O14:Coculture:F06:SN-38,O14,diagonal,8,16.5960008907
O14:Coculture:F06:SN-38,O14,diagonal,9,10.1401461976
O14:Coculture:F06:SN-38,O14,diagonal,10,4.50057551434
O14:Coculture:F06:SN-38,O14,diagonal,11,3.09888055496
O14:Coculture:F06:SN-38,O14,diagonal,12,13.110178942
O14:Coculture:F06:SN-38,O14,diagonal,13,8.54213610344
O14:Coculture:F06:SN-38,O14,diagonal,14,7.83053247578
O14:Coculture:F06:SN-38,O14,diagonal,15,18.4211738662
O14:Coculture:F06:SN-38,O14,diagonal,16,15.185037066
O14:Coculture:F06:SN-38,O14,diagonal,17,15.1907904473
O14:Coculture:F06:SN-38,O14,diagonal,18,20.4248054825
O14:Coculture:F06:SN-38,O14,diagonal,19,11.6950425908
O14:Coculture:F06:SN-38,O14,diagonal,20,8.58664744048
O14:Coculture:F06:SN-38,O14,diagonal,21,16.3507333715
O14:Coculture:F06:SN-38,O14,diagonal,22,10.5768441589
O14:Coculture:F06:SN-38,O14,diagonal,23,9.77777898005
O14:Coculture:F06:SN-38,O14,diagonal,24,18.9464780096
O14:Coculture:F06:SN-38,O14,diagonal,25,15.2356410861
O14:Coculture:F06:SN-38,O14,diagonal,26,15.7186843494
O14:Coculture:F06:SN-38,O14,diagonal,27,9.6151085867
O14:Coculture:F06:SN-38,O14,diagonal,28,8.43306641789
O14:Coculture:F06:SN-38,O14,diagonal,29,8.51386160211
O14:Coculture:F06:SN-38,O14,diagonal,30,13.7628168224
O14:Coculture:F06:SN-38,O14,diagonal,31,12.6078864252
O14:Coculture:F06:SN-38,O14,diagonal,32,12.7001926016
O14:Coculture:F06:SN-38,O14,diagonal,33,19.5415305907
O14:Coculture:F06:SN-38,O14,diagonal,34,18.4693142207
O14:Coculture:F06:SN-38,O14,diagonal,35,18.5904183674
O14:Coculture:F06:SN-38,O14,diagonal,36,6.05236353725
O14:Coculture:F06:SN-38,O14,diagonal,37,4.4108271012
O14:Coculture:F06:SN-38,O14,diagonal,38,3.88544805061
O14:Coculture:F06:SN-38,O14,diagonal,39,10.4614707118
O14:Coculture:F06:SN-38,O14,diagonal,40,9.05157804102
O14:Coculture:F06:SN-38,O14,diagonal,41,8.70115430118
O14:Coculture:F06:SN-38,O14,diagonal,42,17.2118979509
O14:Coculture:F06:SN-38,O14,diagonal,43,16.0698872413
O14:Coculture:F06:SN-38,O14,diagonal,44,15.8919863343
O14:Coculture:F06:SN-38,O14,diagonal,45,8.59434730768
O14:Coculture:F06:SN-38,O14,diagonal,46,5.62133534545
O14:Coculture:F06:SN-38,O14,diagonal,47,4.20055767227
O14:Coculture:F06:SN-38,O14,diagonal,48,11.2057034949
O14:Coculture:F06:SN-38,O14,diagonal,49,9.02326277192
O14:Coculture:F06:SN-38,O14,diagonal,50,8.24616398434
O14:Coculture:F06:SN-38,O14,diagonal,51,16.890231264
O14:Coculture:F06:SN-38,O14,diagonal,52,15.4467589609
O14:Coculture:F06:SN-38,O14,diagonal,53,15.2469926662
O14:Coculture:F11:5-FU,O14,joint,0,2.13613976765
O14:Coculture:F11:5-FU,O14,joint,1,1.75040829001
O14:Coculture:F11:5-FU,O14,joint,2,6.27901286798
O14:Coculture:F11:5-FU,O14,joint,3,6.35911901915
O14:Coculture:F11:5-FU,O14,joint,4,6.01536965949
O14:Coculture:F11:5-FU,O14,joint,5,10.1910501431
O14:Coculture:F11:5-FU,O14,joint,6,12.5442137319
O14:Coculture:F11:5-FU,O14,joint,7,12.3222490212
O14:Coculture:F11:5-FU,O14,joint,8,15.6158300464
O14:Coculture:F11:5-FU,O14,joint,9,-0.894133464348
O14:Coculture:F11:5-FU,O14,joint,10,-1.44365127704
O14:Coculture:F11:5-FU,O14,joint,11,2.28967550361
O14:Coculture:F11:5-FU,O14,joint,12,3.91277762065
O14:Coculture:F11:5-FU,O14,joint,13,3.28629485955
O14:Coculture:F11:5-FU,O14,joint,14,6.48973629434
O14:Coculture:F11:5-FU,O14,joint,15,10.87688587
O14:Coculture:F11:5-FU,O14,joint,16,10.6178442303
O14:Coculture:F11:5-FU,O14,joint,17,13.4027789696
O14:Coculture:F11:5-FU,O14,joint,18,4.23502090474
O14:Coculture:F11:5-FU,O14,joint,19,1.94070812921
O14:Coculture:F11:5-FU,O14,joint,20,5.38056420347
O14:Coculture:F11:5-FU,O14,joint,21,4.28721124789
O14:Coculture:F11:5-FU,O14,joint,22,3.57278570482
O14:Coculture:F11:5-FU,O14,joint,23,7.83095701945
O14:Coculture:F11:5-FU,O14,joint,24,10.1958615628
O14:Coculture:F11:5-FU,O14,joint,25,10.2487413544
O14:Coculture:F11:5-FU,O14,joint,26,14.2871452288
O14:Coculture:F11:5-FU,O14,joint,27,5.99374585067
O14:Coculture:F11:5-FU,O14,joint,28,5.89439519418
O14:Coculture:F11:5-FU,O14,joint,29,7.05250433177
O14:Coculture:F11:5-FU,O14,joint,30,9.94359064174
O14:Coculture:F11:5-FU,O14,joint,31,9.84715777234
O14:Coculture:F11:5-FU,O14,joint,32,10.9793089168
O14:Coculture:F11:5-FU,O14,joint,33,15.548390652
O14:Coculture:F11:5-FU,O14,joint,34,15.4624533121
O14:Coculture:F11:5-FU,O14,joint,35,16.506373433
O14:Coculture:F11:5-FU,O14,joint,36,0.241716301145
O14:Coculture:F11:5-FU,O14,joint,37,0.192159449744
O14:Coculture:F11:5-FU,O14,joint,38,1.2703644774
O14:Coculture:F11:5-FU,O14,joint,39,5.19201764842
O14:Coculture:F11:5-FU,O14,joint,40,5.05463819525
O14:Coculture:F11:5-FU,O14,joint,41,5.98796989041
O14:Coculture:F11:5-FU,O14,joint,42,12.184968749
O14:Coculture:F11:5-FU,O14,joint,43,12.0283480587
O14:Coculture:F11:5-FU,O14,joint,44,12.8292084174
O14:Coculture:F11:5-FU,O14,joint,45,0.87040880446
O14:Coculture:F11:5-FU,O14,joint,46,0.0942820719876
O14:Coculture:F11:5-FU,O14,joint,47,0.903292574406
O14:Coculture:F11:5-FU,O14,joint,48,4.28580459788
O14:Coculture:F11:5-FU,O14,joint,49,3.712226404
O14:Coculture:F11:5-FU,O14,joint,50,4.57219042256
O14:Coculture:F11:5-FU,O14,joint,51,10.9161082003
O14:Coculture:F11:5-FU,O14,joint,52,10.7375018145
O14:Coculture:F11:5-FU,O14,joint,53,11.8020446432
O14:Coculture:F11:5-FU,O14,diagonal,0,3.56290177791
O14:Coculture:F11:5-FU,O14,diagonal,1,3.15654183347
O14:Coculture:F11:5-FU,O14,diagonal,2,7.73727470024
O14:Coculture:F11:5-FU,O14,diagonal,3,8.94845988464
O14:Coculture:F11:5-FU,O14,diagonal,4,8.53729946106
O14:Coculture:F11:5-FU,O14,diagonal,5,12.8981458793
O14:Coculture:F11:5-FU,O14,diagonal,6,15.791705526
O14:Coculture:F11:5-FU,O14,diagonal,7,15.4160982592
O14:Coculture:F11:5-FU,O14,diagonal,8,19.1896064841
O14:Coculture:F11:5-FU,O14,diagonal,9,0.74437293188
O14:Coculture:F11:5-FU,O14,diagonal,10,0.0306128566493
O14:Coculture:F11:5-FU,O14,diagonal,11,3.55966343053
O14:Coculture:F11:5-FU,O14,diagonal,12,6.88874700293
O14:Coculture:F11:5-FU,O14,diagonal,13,6.19298491336
O14:Coculture:F11:5-FU,O14,diagonal,14,9.35696488023
O14:Coculture:F11:5-FU,O14,diagonal,15,14.513732269
O14:Coculture:F11:5-FU,O14,diagonal,16,14.1024480478
O14:Coculture:F11:5-FU,O14,diagonal,17,16.9322953595
O14:Coculture:F11:5-FU,O14,diagonal,18,3.72273179805
O14:Coculture:F11:5-FU,O14,diagonal,19,1.68546822582
O14:Coculture:F11:5-FU,O14,diagonal,20,5.27685387352
O14:Coculture:F11:5-FU,O14,diagonal,21,6.84480349311
O14:Coculture:F11:5-FU,O14,diagonal,22,6.01226689802
O14:Coculture:F11:5-FU,O14,diagonal,23,10.1569404668
O14:Coculture:F11:5-FU,O14,diagonal,24,14.0338951114
O14:Coculture:F11:5-FU,O14,diagonal,25,13.6210294291
O14:Coculture:F11:5-FU,O14,diagonal,26,17.3935649282
O14:Coculture:F11:5-FU,O14,diagonal,27,7.30014967865
O14:Coculture:F11:5-FU,O14,diagonal,28,7.19969775626
O14:Coculture:F11:5-FU,O14,diagonal,29,8.36142308775
O14:Coculture:F11:5-FU,O14,diagonal,30,12.2339049781
O14:Coculture:F11:5-FU,O14,diagonal,31,12.1323149919
O14:Coculture:F11:5-FU,O14,diagonal,32,13.2774982086
O14:Coculture:F11:5-FU,O14,diagonal,33,18.3191269636
O14:Coculture:F11:5-FU,O14,diagonal,34,18.2163368577
O14:Coculture:F11:5-FU,O14,diagonal,35,19.3065484622
O14:Coculture:F11:5-FU,O14,diagonal,36,1.96223057902
O14:Coculture:F11:5-FU,O14,diagonal,37,1.86732654326
O14:Coculture:F11:5-FU,O14,diagonal,38,2.8899325201
O14:Coculture:F11:5-FU,O14,diagonal,39,8.09908959744
O14:Coculture:F11:5-FU,O14,diagonal,40,7.92064957863
O14:Coculture:F11:5-FU,O14,diagonal,41,8.8029122221
O14:Coculture:F11:5-FU,O14,diagonal,42,15.6328455811
O14:Coculture:F11:5-FU,O14,diagonal,43,15.4589050587
O14:Coculture:F11:5-FU,O14,diagonal,44,16.2499000504
O14:Coculture:F11:5-FU,O14,diagonal,45,1.65329598571
O14:Coculture:F11:5-FU,O14,diagonal,46,0.843682150911
O14:Coculture:F11:5-FU,O14,diagonal,47,1.58846283313
O14:Coculture:F11:5-FU,O14,diagonal,48,7.00614769428
O14:Coculture:F11:5-FU,O14,diagonal,49,6.49683180122
O14:Coculture:F11:5-FU,O14,diagonal,50,7.39467821315
O14:Coculture:F11:5-FU,O14,diagonal,51,14.4909570974
O14:Coculture:F11:5-FU,O14,diagonal,52,14.2828229486
O14:Coculture:F11:5-FU,O14,diagonal,53,15.3189913408
O14:Coculture:F11:Oxa,O14,joint,0,8.98513723405
O14:Coculture:F11:Oxa,O14,joint,1,5.78656332471
O14:Coculture:F11:Oxa,O14,joint,2,7.50232547096
O14:Coculture:F11:Oxa,O14,joint,3,9.74581956006
O14:Coculture:F11:Oxa,O14,joint,4,6.74649094661
O14:Coculture:F11:Oxa,O14,joint,5,8.26659217642
O14:Coculture:F11:Oxa,O14,joint,6,14.6854212878
O14:Coculture:F11:Oxa,O14,joint,7,12.2632116903
O14:Coculture:F11:Oxa,O14,joint,8,13.3565478289
O14:Coculture:F11:Oxa,O14,joint,9,3.77818186118
O14:Coculture:F11:Oxa,O14,joint,10,1.77944119629
O14:Coculture:F11:Oxa,O14,joint,11,4.06354512476
O14:Coculture:F11:Oxa,O14,joint,12,5.68962005348
O14:Coculture:F11:Oxa,O14,joint,13,3.58801042939
O14:Coculture:F11:Oxa,O14,joint,14,5.31632500117
O14:Coculture:F11:Oxa,O14,joint,15,12.3976055986
O14:Coculture:F11:Oxa,O14,joint,16,10.3904254416
O14:Coculture:F11:Oxa,O14,joint,17,11.4272216636
O14:Coculture:F11:Oxa,O14,joint,18,4.1922977838
O14:Coculture:F11:Oxa,O14,joint,19,2.16063926284
O14:Coculture:F11:Oxa,O14,joint,20,5.86314959167
O14:Coculture:F11:Oxa,O14,joint,21,5.88728509834
O14:Coculture:F11:Oxa,O14,joint,22,2.87179654257
O14:Coculture:F11:Oxa,O14,joint,23,4.8289048445
O14:Coculture:F11:Oxa,O14,joint,24,12.6395796645
O14:Coculture:F11:Oxa,O14,joint,25,9.67347570526
O14:Coculture:F11:Oxa,O14,joint,26,10.6928958289
O14:Coculture:F11:Oxa,O14,joint,27,11.0016724931
O14:Coculture:F11:Oxa,O14,joint,28,10.18920614
O14:Coculture:F11:Oxa,O14,joint,29,10.6341995811
O14:Coculture:F11:Oxa,O14,joint,30,11.6558400083
O14:Coculture:F11:Oxa,O14,joint,31,10.856196531
O14:Coculture:F11:Oxa,O14,joint,32,11.2851370676
O14:Coculture:F11:Oxa,O14,joint,33,16.3950657872
O14:Coculture:F11:Oxa,O14,joint,34,15.6452336338
O14:Coculture:F11:Oxa,O14,joint,35,16.0252589413
O14:Coculture:F11:Oxa,O14,joint,36,4.91250076881
O14:Coculture:F11:Oxa,O14,joint,37,4.4619605878
O14:Coculture:F11:Oxa,O14,joint,38,5.13918228585
O14:Coculture:F11:Oxa,O14,joint,39,6.36009647981
O14:Coculture:F11:Oxa,O14,joint,40,5.86041131358
O14:Coculture:F11:Oxa,O14,joint,41,6.4314372957
O14:Coculture:F11:Oxa,O14,joint,42,12.6291793572
O14:Coculture:F11:Oxa,O14,joint,43,12.1037769511
O14:Coculture:F11:Oxa,O14,joint,44,12.5358555941
O14:Coculture:F11:Oxa,O14,joint,45,2.19565689982
O14:Coculture:F11:Oxa,O14,joint,46,2.00626473774
O14:Coculture:F11:Oxa,O14,joint,47,3.40200981055
O14:Coculture:F11:Oxa,O14,joint,48,4.27512381765
O14:Coculture:F11:Oxa,O14,joint,49,3.76720918741
O14:Coculture:F11:Oxa,O14,joint,50,4.69283676961
O14:Coculture:F11:Oxa,O14,joint,51,11.3161266629
O14:Coculture:F11:Oxa,O14,joint,52,10.562254524
O14:Coculture:F11:Oxa,O14,joint,53,11.0515315995
O14:Coculture:F11:Oxa,O14,diagonal,0,8.16969775039
O14:Coculture:F11:Oxa,O14,diagonal,1,4.98625761877
O14:Coculture:F11:Oxa,O14,diagonal,2,6.78991029837
O14:Coculture:F11:Oxa,O14,diagonal,3,11.7841383724
O14:Coculture:F11:Oxa,O14,diagonal,4,8.6903917312
O14:Coculture:F11:Oxa,O14,diagonal,5,10.3686519319
O14:Coculture:F11:Oxa,O14,diagonal,6,17.9597831008
O14:Coculture:F11:Oxa,O14,diagonal,7,15.2006350774
O14:Coculture:F11:Oxa,O14,diagonal,8,16.5906025457
O14:Coculture:F11:Oxa,O14,diagonal,9,3.29015759342
O14:Coculture:F11:Oxa,O14,diagonal,10,1.26253340869
O14:Coculture:F11:Oxa,O14,diagonal,11,3.47771987307
O14:Coculture:F11:Oxa,O14,diagonal,12,8.29326852097
O14:Coculture:F11:Oxa,O14,diagonal,13,6.13190953417
O14:Coculture:F11:Oxa,O14,diagonal,14,7.83029260382
O14:Coculture:F11:Oxa,O14,diagonal,15,15.9220988539
O14:Coculture:F11:Oxa,O14,diagonal,16,13.8477463616
O14:Coculture:F11:Oxa,O14,diagonal,17,15.014525402
O14:Coculture:F11:Oxa,O14,diagonal,18,3.43668824508
O14:Coculture:F11:Oxa,O14,diagonal,19,1.0952747867
O14:Coculture:F11:Oxa,O14,diagonal,20,4.38251054825
O14:Coculture:F11:Oxa,O14,diagonal,21,8.30931630196
O14:Coculture:F11:Oxa,O14,diagonal,22,5.30376635087
O14:Coculture:F11:Oxa,O14,diagonal,23,7.27542656369
O14:Coculture:F11:Oxa,O14,diagonal,24,15.9893457358
O14:Coculture:F11:Oxa,O14,diagonal,25,13.1722835904
O14:Coculture:F11:Oxa,O14,diagonal,26,14.5406226264
O14:Coculture:F11:Oxa,O14,diagonal,27,10.1125234968
O14:Coculture:F11:Oxa,O14,diagonal,28,9.31205870178
O14:Coculture:F11:Oxa,O14,diagonal,29,9.77377116065
O14:Coculture:F11:Oxa,O14,diagonal,30,13.3856039712
O14:Coculture:F11:Oxa,O14,diagonal,31,12.5897439383
O14:Coculture:F11:Oxa,O14,diagonal,32,13.0406571082
O14:Coculture:F11:Oxa,O14,diagonal,33,19.0280465855
O14:Coculture:F11:Oxa,O14,diagonal,34,18.2546099252
O14:Coculture:F11:Oxa,O14,diagonal,35,18.6741749754
O14:Coculture:F11:Oxa,O14,diagonal,36,4.27779368047
O14:Coculture:F11:Oxa,O14,diagonal,37,3.81971728891
O14:Coculture:F11:Oxa,O14,diagonal,38,4.47915090995
O14:Coculture:F11:Oxa,O14,diagonal,39,8.73553576282
O14:Coculture:F11:Oxa,O14,diagonal,40,8.22862971664
O14:Coculture:F11:Oxa,O14,diagonal,41,8.78242633273
O14:Coculture:F11:Oxa,O14,diagonal,42,15.9839759606
O14:Coculture:F11:Oxa,O14,diagonal,43,15.4436362139
O14:Coculture:F11:Oxa,O14,diagonal,44,15.8682319813
O14:Coculture:F11:Oxa,O14,diagonal,45,1.76263497306
O14:Coculture:F11:Oxa,O14,diagonal,46,1.4794373825
O14:Coculture:F11:Oxa,O14,diagonal,47,2.75063430895
O14:Coculture:F11:Oxa,O14,diagonal,48,6.93463680604
O14:Coculture:F11:Oxa,O14,diagonal,49,6.34928344144
O14:Coculture:F11:Oxa,O14,diagonal,50,7.17109238183
O14:Coculture:F11:Oxa,O14,diagonal,51,14.8570852996
O14:Coculture:F11:Oxa,O14,diagonal,52,14.1056978118
O14:Coculture:F11:Oxa,O14,diagonal,53,14.598612865
O14:Coculture:F11:SN-38,O14,joint,0,11.5131253767
O14:Coculture:F11:SN-38,O14,joint,1,7.9444535534
O14:Coculture:F11:SN-38,O14,joint,2,9.29414902987
O14:Coculture:F11:SN-38,O14,joint,3,11.6167274613
O14:Coculture:F11:SN-38,O14,joint,4,8.28111973235
O14:Coculture:F11:SN-38,O14,joint,5,9.46718192833
O14:Coculture:F11:SN-38,O14,joint,6,16.0677502224
O14:Coculture:F11:SN-38,O14,joint,7,13.3962667225
O14:Coculture:F11:SN-38,O14,joint,8,14.2254561645
O14:Coculture:F11:SN-38,O14,joint,9,13.6558412441
O14:Coculture:F11:SN-38,O14,joint,10,8.46981945561
O14:Coculture:F11:SN-38,O14,joint,11,7.5670217298
O14:Coculture:F11:SN-38,O14,joint,12,11.8226077504
O14:Coculture:F11:SN-38,O14,joint,13,7.44146659824
O14:Coculture:F11:SN-38,O14,joint,14,6.88967792209
O14:Coculture:F11:SN-38,O14,joint,15,15.6990935027
O14:Coculture:F11:SN-38,O14,joint,16,12.5803511668
O14:Coculture:F11:SN-38,O14,joint,17,12.4884058105
O14:Coculture:F11:SN-38,O14,joint,18,27.4612201337
O14:Coculture:F11:SN-38,O14,joint,19,18.4370226994
O14:Coculture:F11:SN-38,O14,joint,20,15.1525384441
O14:Coculture:F11:SN-38,O14,joint,21,18.4842902212
O14:Coculture:F11:SN-38,O14,joint,22,12.1603087847
O14:Coculture:F11:SN-38,O14,joint,23,10.8038619165
O14:Coculture:F11:SN-38,O14,joint,24,18.2168395301
O14:Coculture:F11:SN-38,O14,joint,25,14.0030170482
O14:Coculture:F11:SN-38,O14,joint,26,13.746038922
O14:Coculture:F11:SN-38,O14,joint,27,12.0842761814
O14:Coculture:F11:SN-38,O14,joint,28,11.1770619034
O14:Coculture:F11:SN-38,O14,joint,29,11.5281586955
O14:Coculture:F11:SN-38,O14,joint,30,12.2650052644
O14:Coculture:F11:SN-38,O14,joint,31,11.3728373086
O14:Coculture:F11:SN-38,O14,joint,32,11.7102611777
O14:Coculture:F11:SN-38,O14,joint,33,16.8462138213
O14:Coculture:F11:SN-38,O14,joint,34,16.0123118891
O14:Coculture:F11:SN-38,O14,joint,35,16.3088274381
O14:Coculture:F11:SN-38,O14,joint,36,9.10406844194
O14:Coculture:F11:SN-38,O14,joint,37,7.75974674979
O14:Coculture:F11:SN-38,O14,joint,38,7.54305399038
O14:Coculture:F11:SN-38,O14,joint,39,8.8209303204
O14:Coculture:F11:SN-38,O14,joint,40,7.52442487328
O14:Coculture:F11:SN-38,O14,joint,41,7.29872544183
O14:Coculture:F11:SN-38,O14,joint,42,14.1622536964
O14:Coculture:F11:SN-38,O14,joint,43,13.0669684084
O14:Coculture:F11:SN-38,O14,joint,44,12.9290212393
O14:Coculture:F11:SN-38,O14,joint,45,12.4063572117
O14:Coculture:F11:SN-38,O14,joint,46,9.53553368246
O14:Coculture:F11:SN-38,O14,joint,47,8.25029846594
O14:Coculture:F11:SN-38,O14,joint,48,10.0897804473
O14:Coculture:F11:SN-38,O14,joint,49,7.8337310887
O14:Coculture:F11:SN-38,O14,joint,50,7.01261002488
O14:Coculture:F11:SN-38,O14,joint,51,14.4587701474
O14:Coculture:F11:SN-38,O14,joint,52,12.8777747883
O14:Coculture:F11:SN-38,O14,joint,53,12.5386630713
O14:Coculture:F11:SN-38,O14,diagonal,0,11.6906806476
O14:Coculture:F11:SN-38,O14,diagonal,1,7.52747051593
O14:Coculture:F11:SN-38,O14,diagonal,2,8.35320667878
O14:Coculture:F11:SN-38,O14,diagonal,3,14.1321846203
O14:Coculture:F11:SN-38,O14,diagonal,4,10.2221948621
O14:Coculture:F11:SN-38,O14,diagonal,5,11.0854871707
O14:Coculture:F11:SN-38,O14,diagonal,6,19.3877580282
O14:Coculture:F11:SN-38,O14,diagonal,7,16.1805888733
O14:Coculture:F11:SN-38,O14,diagonal,8,17.1302071582
O14:Coculture:F11:SN-38,O14,diagonal,9,12.4599341827
O14:Coculture:F11:SN-38,O14,diagonal,10,7.0545261499
O14:Coculture:F11:SN-38,O14,diagonal,11,5.88699384099
O14:Coculture:F11:SN-38,O14,diagonal,12,13.6820841045
O14:Coculture:F11:SN-38,O14,diagonal,13,9.30220201127
O14:Coculture:F11:SN-38,O14,diagonal,14,8.77875912902
O14:Coculture:F11:SN-38,O14,diagonal,15,18.5012792727
O14:Coculture:F11:SN-38,O14,diagonal,16,15.4627034814
O14:Coculture:F11:SN-38,O14,diagonal,17,15.6660178717
O14:Coculture:F11:SN-38,O14,diagonal,18,22.3304605137
O14:Coculture:F11:SN-38,O14,diagonal,19,13.9659343472
O14:Coculture:F11:SN-38,O14,diagonal,20,11.2227759221
O14:Coculture:F11:SN-38,O14,diagonal,21,17.3244329782
O14:Coculture:F11:SN-38,O14,diagonal,22,11.8161093997
O14:Coculture:F11:SN-38,O14,diagonal,23,11.2826098549
O14:Coculture:F11:SN-38,O14,diagonal,24,19.2562656194
O14:Coculture:F11:SN-38,O14,diagonal,25,15.8387276685
O14:Coculture:F11:SN-38,O14,diagonal,26,16.6150699043
O14:Coculture:F11:SN-38,O14,diagonal,27,11.8073842088
O14:Coculture:F11:SN-38,O14,diagonal,28,10.7499248335
O14:Coculture:F11:SN-38,O14,diagonal,29,10.9553028112
O14:Coculture:F11:SN-38,O14,diagonal,30,14.2488485344
O14:Coculture:F11:SN-38,O14,diagonal,31,13.2080460015
O14:Coculture:F11:SN-38,O14,diagonal,32,13.4144800422
O14:Coculture:F11:SN-38,O14,diagonal,33,19.6123057454
O14:Coculture:F11:SN-38,O14,diagonal,34,18.6348083059
O14:Coculture:F11:SN-38,O14,diagonal,35,18.850631383
O14:Coculture:F11:SN-38,O14,diagonal,36,8.32399643725
O14:Coculture:F11:SN-38,O14,diagonal,37,6.8462524418
O14:Coculture:F11:SN-38,O14,diagonal,38,6.48466583182
O14:Coculture:F11:SN-38,O14,diagonal,39,11.0414177081
O14:Coculture:F11:SN-38,O14,diagonal,40,9.69006569991
O14:Coculture:F11:SN-38,O14,diagonal,41,9.39818262269
O14:Coculture:F11:SN-38,O14,diagonal,42,17.3548742415
O14:Coculture:F11:SN-38,O14,diagonal,43,16.2599037182
O14:Coculture:F11:SN-38,O14,diagonal,44,16.1290429977
O14:Coculture:F11:SN-38,O14,diagonal,45,10.5238487489
O14:Coculture:F11:SN-38,O14,diagonal,46,7.67657871818
O14:Coculture:F11:SN-38,O14,diagonal,47,6.3815429765
O14:Coculture:F11:SN-38,O14,diagonal,48,11.6821172526
O14:Coculture:F11:SN-38,O14,diagonal,49,9.59098571102
O14:Coculture:F11:SN-38,O14,diagonal,50,8.90519610475
O14:Coculture:F11:SN-38,O14,diagonal,51,17.1336561657
O14:Coculture:F11:SN-38,O14,diagonal,52,15.7565752711
O14:Coculture:F11:SN-38,O14,diagonal,53,15.6232003849
O14:Coculture:F14:Gef,O14,joint,0,0.500443775098
O14:Coculture:F14:Gef,O14,joint,1,2.32475426494
O14:Coculture:F14:Gef,O14,joint,2,9.06339522525
O14:Coculture:F14:Gef,O14,joint,3,5.42338543244
O14:Coculture:F14:Gef,O14,joint,4,7.03594979672
O14:Coculture:F14:Gef,O14,joint,5,13.1717132122
O14:Coculture:F14:Gef,O14,joint,6,11.9698524471
O14:Coculture:F14:Gef,O14,joint,7,13.1292343341
O14:Coculture:F14:Gef,O14,joint,8,17.853561866
O14:Coculture:F14:Gef,O14,joint,9,-3.57495829541
O14:Coculture:F14:Gef,O14,joint,10,-2.20638507442
O14:Coculture:F14:Gef,O14,joint,11,3.44528672522
O14:Coculture:F14:Gef,O14,joint,12,2.43720465122
O14:Coculture:F14:Gef,O14,joint,13,3.37127504152
O14:Coculture:F14:Gef,O14,joint,14,8.14372446139
O14:Coculture:F14:Gef,O14,joint,15,10.2582133418
O14:Coculture:F14:Gef,O14,joint,16,10.9199703768
O14:Coculture:F14:Gef,O14,joint,17,14.6634118492
O14:Coculture:F14:Gef,O14,joint,18,-2.92907175142
O14:Coculture:F14:Gef,O14,joint,19,-2.2317574936
O14:Coculture:F14:Gef,O14,joint,20,4.20200505131
O14:Coculture:F14:Gef,O14,joint,21,2.28299287939
O14:Coculture:F14:Gef,O14,joint,22,2.88464613183
O14:Coculture:F14:Gef,O14,joint,23,8.47882559218
O14:Coculture:F14:Gef,O14,joint,24,9.90410692804
O14:Coculture:F14:Gef,O14,joint,25,10.5617429917
O14:Coculture:F14:Gef,O14,joint,26,15.25084936
O14:Coculture:F14:Gef,O14,joint,27,4.93159611563
O14:Coculture:F14:Gef,O14,joint,28,5.40480480355
O14:Coculture:F14:Gef,O14,joint,29,7.13621265547
O14:Coculture:F14:Gef,O14,joint,30,9.51455868095
O14:Coculture:F14:Gef,O14,joint,31,9.97063630341
O14:Coculture:F14:Gef,O14,joint,32,11.6552965435
O14:Coculture:F14:Gef,O14,joint,33,15.2882199767
O14:Coculture:F14:Gef,O14,joint,34,15.6913610677
O14:Coculture:F14:Gef,O14,joint,35,17.2253019216
O14:Coculture:F14:Gef,O14,joint,36,-1.16752217288
O14:Coculture:F14:Gef,O14,joint,37,-0.713467110649
O14:Coculture:F14:Gef,O14,joint,38,0.870876524825
O14:Coculture:F14:Gef,O14,joint,39,4.5055136382
O14:Coculture:F14:Gef,O14,joint,40,4.84765694345
O14:Coculture:F14:Gef,O14,joint,41,6.26057489336
O14:Coculture:F14:Gef,O14,joint,42,11.8130022816
O14:Coculture:F14:Gef,O14,joint,43,12.0465198792
O14:Coculture:F14:Gef,O14,joint,44,13.2396322341
O14:Coculture:F14:Gef,O14,joint,45,-3.17493214747
O14:Coculture:F14:Gef,O14,joint,46,-2.79510443725
O14:Coculture:F14:Gef,O14,joint,47,-0.831387969681
O14:Coculture:F14:Gef,O14,joint,48,2.50522120363
O14:Coculture:F14:Gef,O14,joint,49,2.67954976808
O14:Coculture:F14:Gef,O14,joint,50,4.28799040431
O14:Coculture:F14:Gef,O14,joint,51,10.4306031864
O14:Coculture:F14:Gef,O14,joint,52,10.5810164995
O14:Coculture:F14:Gef,O14,joint,53,11.9795613646
O14:Coculture:F14:Gef,O14,diagonal,0,2.31904063909
O14:Coculture:F14:Gef,O14,diagonal,1,4.2321354475
O14:Coculture:F14:Gef,O14,diagonal,2,11.1352225326
O14:Coculture:F14:Gef,O14,diagonal,3,8.02436007018
O14:Coculture:F14:Gef,O14,diagonal,4,9.85060283832
O14:Coculture:F14:Gef,O14,diagonal,5,16.4495013838
O14:Coculture:F14:Gef,O14,diagonal,6,15.0451850417
O14:Coculture:F14:Gef,O14,diagonal,7,16.6521732073
O14:Coculture:F14:Gef,O14,diagonal,8,22.4083561916
O14:Coculture:F14:Gef,O14,diagonal,9,-1.30543393656
O14:Coculture:F14:Gef,O14,diagonal,10,0.040570290926
O14:Coculture:F14:Gef,O14,diagonal,11,5.63384686544
O14:Coculture:F14:Gef,O14,diagonal,12,5.61209490792
O14:Coculture:F14:Gef,O14,diagonal,13,6.68793677177
O14:Coculture:F14:Gef,O14,diagonal,14,11.6233259544
O14:Coculture:F14:Gef,O14,diagonal,15,13.8183429919
O14:Coculture:F14:Gef,O14,diagonal,16,14.8197036224
O14:Coculture:F14:Gef,O14,diagonal,17,19.0642194979
O14:Coculture:F14:Gef,O14,diagonal,18,-1.30326488751
O14:Coculture:F14:Gef,O14,diagonal,19,-0.341741513722
O14:Coculture:F14:Gef,O14,diagonal,20,6.24828747425
O14:Coculture:F14:Gef,O14,diagonal,21,5.33345063545
O14:Coculture:F14:Gef,O14,diagonal,22,6.52793490363
O14:Coculture:F14:Gef,O14,diagonal,23,12.7011195076
O14:Coculture:F14:Gef,O14,diagonal,24,13.4151189892
O14:Coculture:F14:Gef,O14,diagonal,25,14.8594151312
O14:Coculture:F14:Gef,O14,diagonal,26,20.495045566
O14:Coculture:F14:Gef,O14,diagonal,27,6.65629314667
O14:Coculture:F14:Gef,O14,diagonal,28,7.14150477018
O14:Coculture:F14:Gef,O14,diagonal,29,8.88991875665
O14:Coculture:F14:Gef,O14,diagonal,30,11.889910905
O14:Coculture:F14:Gef,O14,diagonal,31,12.3681846071
O14:Coculture:F14:Gef,O14,diagonal,32,14.0939563784
O14:Coculture:F14:Gef,O14,diagonal,33,18.0384671522
O14:Coculture:F14:Gef,O14,diagonal,34,18.4950278442
O14:Coculture:F14:Gef,O14,diagonal,35,20.1447524806
O14:Coculture:F14:Gef,O14,diagonal,36,1.00647242368
O14:Coculture:F14:Gef,O14,diagonal,37,1.44762678978
O14:Coculture:F14:Gef,O14,diagonal,38,3.00966055609
O14:Coculture:F14:Gef,O14,diagonal,39,7.53773478569
O14:Coculture:F14:Gef,O14,diagonal,40,7.87423584256
O14:Coculture:F14:Gef,O14,diagonal,41,9.27255498619
O14:Coculture:F14:Gef,O14,diagonal,42,15.2759855223
O14:Coculture:F14:Gef,O14,diagonal,43,15.5449459882
O14:Coculture:F14:Gef,O14,diagonal,44,16.7787932839
O14:Coculture:F14:Gef,O14,diagonal,45,-1.22726050588
O14:Coculture:F14:Gef,O14,diagonal,46,-0.903136412357
O14:Coculture:F14:Gef,O14,diagonal,47,0.975788258933
O14:Coculture:F14:Gef,O14,diagonal,48,5.72259110277
O14:Coculture:F14:Gef,O14,diagonal,49,5.96297194622
O14:Coculture:F14:Gef,O14,diagonal,50,7.61047919321
O14:Coculture:F14:Gef,O14,diagonal,51,14.0948934685
O14:Coculture:F14:Gef,O14,diagonal,52,14.3935145356
O14:Coculture:F14:Gef,O14,diagonal,53,15.9368106866
O14:Coculture:F17:Oxa,O14,joint,0,12.6688324361
O14:Coculture:F17:Oxa,O14,joint,1,8.81453647232
O14:Coculture:F17:Oxa,O14,joint,2,9.87457656418
O14:Coculture:F17:Oxa,O14,joint,3,11.3947266115
O14:Coculture:F17:Oxa,O14,joint,4,7.83354230704
O14:Coculture:F17:Oxa,O14,joint,5,8.79178784583
O14:Coculture:F17:Oxa,O14,joint,6,15.5065970975
O14:Coculture:F17:Oxa,O14,joint,7,12.7290183491
O14:Coculture:F17:Oxa,O14,joint,8,13.4669853366
O14:Coculture:F17:Oxa,O14,joint,9,10.1787519647
O14:Coculture:F17:Oxa,O14,joint,10,7.72462373183
O14:Coculture:F17:Oxa,O14,joint,11,9.55334009237
O14:Coculture:F17:Oxa,O14,joint,12,7.90149324032
O14:Coculture:F17:Oxa,O14,joint,13,5.62825800431
O14:Coculture:F17:Oxa,O14,joint,14,7.18494696418
O14:Coculture:F17:Oxa,O14,joint,15,13.1690447718
O14:Coculture:F17:Oxa,O14,joint,16,11.0669665263
O14:Coculture:F17:Oxa,O14,joint,17,12.0088646598
O14:Coculture:F17:Oxa,O14,joint,18,13.7669695365
O14:Coculture:F17:Oxa,O14,joint,19,11.8826521411
O14:Coculture:F17:Oxa,O14,joint,20,15.7325035956
O14:Coculture:F17:Oxa,O14,joint,21,8.71242771879
O14:Coculture:F17:Oxa,O14,joint,22,5.74095963694
O14:Coculture:F17:Oxa,O14,joint,23,7.74208841279
O14:Coculture:F17:Oxa,O14,joint,24,13.5527923272
O14:Coculture:F17:Oxa,O14,joint,25,10.5129192035
O14:Coculture:F17:Oxa,O14,joint,26,11.4585701627
O14:Coculture:F17:Oxa,O14,joint,27,13.795506166
O14:Coculture:F17:Oxa,O14,joint,28,12.8120698237
O14:Coculture:F17:Oxa,O14,joint,29,13.0860932754
O14:Coculture:F17:Oxa,O14,joint,30,12.5767638088
O14:Coculture:F17:Oxa,O14,joint,31,11.6131898179
O14:Coculture:F17:Oxa,O14,joint,32,11.8781998409
O14:Coculture:F17:Oxa,O14,joint,33,16.8072925501
O14:Coculture:F17:Oxa,O14,joint,34,15.916996474
O14:Coculture:F17:Oxa,O14,joint,35,16.1565578587
O14:Coculture:F17:Oxa,O14,joint,36,9.34018146235
O14:Coculture:F17:Oxa,O14,joint,37,8.70599676007
O14:Coculture:F17:Oxa,O14,joint,38,9.19957393685
O14:Coculture:F17:Oxa,O14,joint,39,7.96023900567
O14:Coculture:F17:Oxa,O14,joint,40,7.34670694747
O14:Coculture:F17:Oxa,O14,joint,41,7.8038860376
O14:Coculture:F17:Oxa,O14,joint,42,13.1821476539
O14:Coculture:F17:Oxa,O14,joint,43,12.6138388449
O14:Coculture:F17:Oxa,O14,joint,44,13.0030110848
O14:Coculture:F17:Oxa,O14,joint,45,10.247999324
O14:Coculture:F17:Oxa,O14,joint,46,9.98643974734
O14:Coculture:F17:Oxa,O14,joint,47,11.3100174055
O14:Coculture:F17:Oxa,O14,joint,48,6.66879175582
O14:Coculture:F17:Oxa,O14,joint,49,6.19771240698
O14:Coculture:F17:Oxa,O14,joint,50,7.16017527059
O14:Coculture:F17:Oxa,O14,joint,51,12.022412318
O14:Coculture:F17:Oxa,O14,joint,52,11.2795452976
O14:Coculture:F17:Oxa,O14,joint,53,11.7798274915
O14:Coculture:F17:Oxa,O14,diagonal,0,10.6571742415
O14:Coculture:F17:Oxa,O14,diagonal,1,7.28297958055
O14:Coculture:F17:Oxa,O14,diagonal,2,8.89587773079
O14:Coculture:F17:Oxa,O14,diagonal,3,12.743789253
O14:Coculture:F17:Oxa,O14,diagonal,4,9.45956223179
O14:Coculture:F17:Oxa,O14,diagonal,5,10.9473420524
O14:Coculture:F17:Oxa,O14,diagonal,6,18.4370547168
O14:Coculture:F17:Oxa,O14,diagonal,7,15.4989298322
O14:Coculture:F17:Oxa,O14,diagonal,8,16.7099204393
O14:Coculture:F17:Oxa,O14,diagonal,9,7.21701764554
O14:Coculture:F17:Oxa,O14,diagonal,10,5.14886111893
O14:Coculture:F17:Oxa,O14,diagonal,11,7.32351524142
O14:Coculture:F17:Oxa,O14,diagonal,12,9.51650228909
O14:Coculture:F17:Oxa,O14,diagonal,13,7.38439355179
O14:Coculture:F17:Oxa,O14,diagonal,14,9.11202687094
O14:Coculture:F17:Oxa,O14,diagonal,15,16.3588090594
O14:Coculture:F17:Oxa,O14,diagonal,16,14.2401285186
O14:Coculture:F17:Oxa,O14,diagonal,17,15.3625795106
O14:Coculture:F17:Oxa,O14,diagonal,18,8.91362698254
O14:Coculture:F17:Oxa,O14,diagonal,19,6.96695520847
O14:Coculture:F17:Oxa,O14,diagonal,20,10.6489326543
O14:Coculture:F17:Oxa,O14,diagonal,21,9.87795531779
O14:Coculture:F17:Oxa,O14,diagonal,22,6.94321089584
O14:Coculture:F17:Oxa,O14,diagonal,23,8.9856766378
O14:Coculture:F17:Oxa,O14,diagonal,24,16.5691552816
O14:Coculture:F17:Oxa,O14,diagonal,25,13.6203301193
O14:Coculture:F17:Oxa,O14,diagonal,26,14.8569061384
O14:Coculture:F17:Oxa,O14,diagonal,27,12.1723179592
O14:Coculture:F17:Oxa,O14,diagonal,28,11.3247574701
O14:Coculture:F17:Oxa,O14,diagonal,29,11.7393742349
O14:Coculture:F17:Oxa,O14,diagonal,30,14.007473094
O14:Coculture:F17:Oxa,O14,diagonal,31,13.1639244287
O14:Coculture:F17:Oxa,O14,diagonal,32,13.5671489663
O14:Coculture:F17:Oxa,O14,diagonal,33,19.2679593057
O14:Coculture:F17:Oxa,O14,diagonal,34,18.4469025504
O14:Coculture:F17:Oxa,O14,diagonal,35,18.8188475055
O14:Coculture:F17:Oxa,O14,diagonal,36,7.39291842094
O14:Coculture:F17:Oxa,O14,diagonal,37,6.87418687656
O14:Coculture:F17:Oxa,O14,diagonal,38,7.47296534477
O14:Coculture:F17:Oxa,O14,diagonal,39,9.71725077585
O14:Coculture:F17:Oxa,O14,diagonal,40,9.2002116442
O14:Coculture:F17:Oxa,O14,diagonal,41,9.74387517482
O14:Coculture:F17:Oxa,O14,diagonal,42,16.2897844026
O14:Coculture:F17:Oxa,O14,diagonal,43,15.7567572183
O14:Coculture:F17:Oxa,O14,diagonal,44,16.1886655481
O14:Coculture:F17:Oxa,O14,diagonal,45,6.48593039708
O14:Coculture:F17:Oxa,O14,diagonal,46,6.3308996438
O14:Coculture:F17:Oxa,O14,diagonal,47,7.73026340753
O14:Coculture:F17:Oxa,O14,diagonal,48,8.3038714904
O14:Coculture:F17:Oxa,O14,diagonal,49,7.81720354688
O14:Coculture:F17:Oxa,O14,diagonal,50,8.73769790835
O14:Coculture:F17:Oxa,O14,diagonal,51,15.2492450535
O14:Coculture:F17:Oxa,O14,diagonal,52,14.515558948
O14:Coculture:F17:Oxa,O14,diagonal,53,15.0261753835
O14:Monoculture::5-FU,O14,joint,0,6.41819286507
O14:Monoculture::5-FU,O14,joint,1,7.78829976763
O14:Monoculture::5-FU,O14,joint,2,14.0727427258
O14:Monoculture::5-FU,O14,joint,3,7.13912184596
O14:Monoculture::5-FU,O14,joint,4,8.30490059242
O14:Monoculture::5-FU,O14,joint,5,13.9901091821
O14:Monoculture::5-FU,O14,joint,6,12.5326259218
O14:Monoculture::5-FU,O14,joint,7,13.2673291047
O14:Monoculture::5-FU,O14,joint,8,17.5175780235
O14:Monoculture::5-FU,O14,joint,9,4.93643847686
O14:Monoculture::5-FU,O14,joint,10,6.46912192086
O14:Monoculture::5-FU,O14,joint,11,12.2846499582
O14:Monoculture::5-FU,O14,joint,12,4.78845906594
O14:Monoculture::5-FU,O14,joint,13,5.70804278351
O14:Monoculture::5-FU,O14,joint,14,10.457550697
O14:Monoculture::5-FU,O14,joint,15,10.8609555732
O14:Monoculture::5-FU,O14,joint,16,11.2811745827
O14:Monoculture::5-FU,O14,joint,17,14.7453699711
O14:Monoculture::5-FU,O14,joint,18,6.61988646033
O14:Monoculture::5-FU,O14,joint,19,8.61166375074
O14:Monoculture::5-FU,O14,joint,20,16.3376098909
O14:Monoculture::5-FU,O14,joint,21,4.35468671448
O14:Monoculture::5-FU,O14,joint,22,5.06701638816
O14:Monoculture::5-FU,O14,joint,23,10.7519429195
O14:Monoculture::5-FU,O14,joint,24,10.3298427275
O14:Monoculture::5-FU,O14,joint,25,10.5008063719
O14:Monoculture::5-FU,O14,joint,26,14.6572940993
O14:Monoculture::5-FU,O14,joint,27,10.5593298696
O14:Monoculture::5-FU,O14,joint,28,10.9185328593
O14:Monoculture::5-FU,O14,joint,29,12.535195643
O14:Monoculture::5-FU,O14,joint,30,11.0141039161
O14:Monoculture::5-FU,O14,joint,31,11.3566306417
O14:Monoculture::5-FU,O14,joint,32,12.9277413813
O14:Monoculture::5-FU,O14,joint,33,15.7433913587
O14:Monoculture::5-FU,O14,joint,34,16.0348360453
O14:Monoculture::5-FU,O14,joint,35,17.4561381927
O14:Monoculture::5-FU,O14,joint,36,6.14335564226
O14:Monoculture::5-FU,O14,joint,37,6.70351940064
O14:Monoculture::5-FU,O14,joint,38,8.39144503807
O14:Monoculture::5-FU,O14,joint,39,6.64966063373
O14:Monoculture::5-FU,O14,joint,40,7.03283149473
O14:Monoculture::5-FU,O14,joint,41,8.48671350407
O14:Monoculture::5-FU,O14,joint,42,12.4038891103
O14:Monoculture::5-FU,O14,joint,43,12.6337850397
O14:Monoculture::5-FU,O14,joint,44,13.821162018
O14:Monoculture::5-FU,O14,joint,45,6.06948145909
O14:Monoculture::5-FU,O14,joint,46,6.97103307542
O14:Monoculture::5-FU,O14,joint,47,9.45772192664
O14:Monoculture::5-FU,O14,joint,48,4.88202098678
O14:Monoculture::5-FU,O14,joint,49,5.37996530938
O14:Monoculture::5-FU,O14,joint,50,7.31145184443
O14:Monoculture::5-FU,O14,joint,51,10.9329770669
O14:Monoculture::5-FU,O14,joint,52,11.1110594854
O14:Monoculture::5-FU,O14,joint,53,12.5322911182
O14:Monoculture::5-FU,O14,diagonal,0,5.87527255515
O14:Monoculture::5-FU,O14,diagonal,1,6.85351572171
O14:Monoculture::5-FU,O14,diagonal,2,12.8188516995
O14:Monoculture::5-FU,O14,diagonal,3,9.14949317307
O14:Monoculture::5-FU,O14,diagonal,4,10.040227064
O14:Monoculture::5-FU,O14,diagonal,5,15.7029677968
O14:Monoculture::5-FU,O14,diagonal,6,15.4758258874
O14:Monoculture::5-FU,O14,diagonal,7,16.2156620656
O14:Monoculture::5-FU,O14,diagonal,8,21.1046137357
O14:Monoculture::5-FU,O14,diagonal,9,3.34121302894
O14:Monoculture::5-FU,O14,diagonal,10,4.41785864525
O14:Monoculture::5-FU,O14,diagonal,11,9.73731491067
O14:Monoculture::5-FU,O14,diagonal,12,6.85209284652
O14:Monoculture::5-FU,O14,diagonal,13,7.62917765664
O14:Monoculture::5-FU,O14,diagonal,14,12.2660045232
O14:Monoculture::5-FU,O14,diagonal,15,14.1624529661
O14:Monoculture::5-FU,O14,diagonal,16,14.7161057432
O14:Monoculture::5-FU,O14,diagonal,17,18.5108900531
O14:Monoculture::5-FU,O14,diagonal,18,3.30511136167
O14:Monoculture::5-FU,O14,diagonal,19,4.90569199743
O14:Monoculture::5-FU,O14,diagonal,20,12.1349218531
O14:Monoculture::5-FU,O14,diagonal,21,6.22887180897
O14:Monoculture::5-FU,O14,diagonal,22,7.09835041158
O14:Monoculture::5-FU,O14,diagonal,23,12.9450391781
O14:Monoculture::5-FU,O14,diagonal,24,13.6092856157
O14:Monoculture::5-FU,O14,diagonal,25,14.3013156359
O14:Monoculture::5-FU,O14,diagonal,26,19.1787468374
O14:Monoculture::5-FU,O14,diagonal,27,9.92918272875
O14:Monoculture::5-FU,O14,diagonal,28,10.1824747989
O14:Monoculture::5-FU,O14,diagonal,29,11.6979441228
O14:Monoculture::5-FU,O14,diagonal,30,12.8119976724
O14:Monoculture::5-FU,O14,diagonal,31,13.056558464
O14:Monoculture::5-FU,O14,diagonal,32,14.5478924584
O14:Monoculture::5-FU,O14,diagonal,33,18.3693852857
O14:Monoculture::5-FU,O14,diagonal,34,18.5920687584
O14:Monoculture::5-FU,O14,diagonal,35,20.0077539416
O14:Monoculture::5-FU,O14,diagonal,36,5.26842066744
O14:Monoculture::5-FU,O14,diagonal,37,5.66068159006
O14:Monoculture::5-FU,O14,diagonal,38,7.17045252527
O14:Monoculture::5-FU,O14,diagonal,39,8.7482996217
O14:Monoculture::5-FU,O14,diagonal,40,9.01746102578
O14:Monoculture::5-FU,O14,diagonal,41,10.3473250921
O14:Monoculture::5-FU,O14,diagonal,42,15.623682042
O14:Monoculture::5-FU,O14,diagonal,43,15.8179532445
O14:Monoculture::5-FU,O14,diagonal,44,16.9771599612
O14:Monoculture::5-FU,O14,diagonal,45,3.53946585978
O14:Monoculture::5-FU,O14,diagonal,46,4.22099025814
O14:Monoculture::5-FU,O14,diagonal,47,6.4569091735
O14:Monoculture::5-FU,O14,diagonal,48,6.90174258519
O14:Monoculture::5-FU,O14,diagonal,49,7.30188774413
O14:Monoculture::5-FU,O14,diagonal,50,9.10919520805
O14:Monoculture::5-FU,O14,diagonal,51,14.3369741763
O14:Monoculture::5-FU,O14,diagonal,52,14.554343827
O14:Monoculture::5-FU,O14,diagonal,53,16.0160160186
O14:Monoculture::Oxa,O14,joint,0,11.8287981931
O14:Monoculture::Oxa,O14,joint,1,9.03805489895
O14:Monoculture::Oxa,O14,joint,2,11.1616476604
O14:Monoculture::Oxa,O14,joint,3,10.2081153716
O14:Monoculture::Oxa,O14,joint,4,7.62423154046
O14:Monoculture::Oxa,O14,joint,5,9.55977755261
O14:Monoculture::Oxa,O14,joint,6,14.5536706282
O14:Monoculture::Oxa,O14,joint,7,12.5015615545
O14:Monoculture::Oxa,O14,joint,8,13.9649982167
O14:Monoculture::Oxa,O14,joint,9,8.88563602233
O14:Monoculture::Oxa,O14,joint,10,7.09695274891
O14:Monoculture::Oxa,O14,joint,11,9.59111406885
O14:Monoculture::Oxa,O14,joint,12,6.80472620949
O14:Monoculture::Oxa,O14,joint,13,5.05090460934
O14:Monoculture::Oxa,O14,joint,14,7.12700720507
O14:Monoculture::Oxa,O14,joint,15,12.4116552874
O14:Monoculture::Oxa,O14,joint,16,10.7398869435
O14:Monoculture::Oxa,O14,joint,17,12.1120949786
O14:Monoculture::Oxa,O14,joint,18,10.0710006135
O14:Monoculture::Oxa,O14,joint,19,8.55652931433
O14:Monoculture::Oxa,O14,joint,20,12.776226865
O14:Monoculture::Oxa,O14,joint,21,6.9192201443
O14:Monoculture::Oxa,O14,joint,22,4.44861267996
O14:Monoculture::Oxa,O14,joint,23,6.95060207332
O14:Monoculture::Oxa,O14,joint,24,12.5105053237
O14:Monoculture::Oxa,O14,joint,25,9.99464017797
O14:Monoculture::Oxa,O14,joint,26,11.4642991151
O14:Monoculture::Oxa,O14,joint,27,14.0817916672
O14:Monoculture::Oxa,O14,joint,28,13.3693135377
O14:Monoculture::Oxa,O14,joint,29,13.9142952023
O14:Monoculture::Oxa,O14,joint,30,12.3667552481
O14:Monoculture::Oxa,O14,joint,31,11.6690694246
O14:Monoculture::Oxa,O14,joint,32,12.1999676149
O14:Monoculture::Oxa,O14,joint,33,16.5106397401
O14:Monoculture::Oxa,O14,joint,34,15.8646687823
O14:Monoculture::Oxa,O14,joint,35,16.3485552853
O14:Monoculture::Oxa,O14,joint,36,9.17740623703
O14:Monoculture::Oxa,O14,joint,37,8.74443878408
O14:Monoculture::Oxa,O14,joint,38,9.43923321019
O14:Monoculture::Oxa,O14,joint,39,7.63696002009
O14:Monoculture::Oxa,O14,joint,40,7.18978920174
O14:Monoculture::Oxa,O14,joint,41,7.81332953172
O14:Monoculture::Oxa,O14,joint,42,12.9079558962
O14:Monoculture::Oxa,O14,joint,43,12.4695004961
O14:Monoculture::Oxa,O14,joint,44,12.9885261451
O14:Monoculture::Oxa,O14,joint,45,8.33464791472
O14:Monoculture::Oxa,O14,joint,46,8.16803690617
O14:Monoculture::Oxa,O14,joint,47,9.58656313251
O14:Monoculture::Oxa,O14,joint,48,5.74479952507
O14:Monoculture::Oxa,O14,joint,49,5.36618170028
O14:Monoculture::Oxa,O14,joint,50,6.42110608794
O14:Monoculture::Oxa,O14,joint,51,11.5741104244
O14:Monoculture::Oxa,O14,joint,52,10.9564585583
O14:Monoculture::Oxa,O14,joint,53,11.5819559067
O14:Monoculture::Oxa,O14,diagonal,0,10.7845261249
O14:Monoculture::Oxa,O14,diagonal,1,8.9554679423
O14:Monoculture::Oxa,O14,diagonal,2,12.1135025709
O14:Monoculture::Oxa,O14,diagonal,3,11.5641371982
O14:Monoculture::Oxa,O14,diagonal,4,9.77158035163
O14:Monoculture::Oxa,O14,diagonal,5,12.7510303469
O14:Monoculture::Oxa,O14,diagonal,6,17.1168307319
O14:Monoculture::Oxa,O14,diagonal,7,15.5103038969
O14:Monoculture::Oxa,O14,diagonal,8,18.0528925537
O14:Monoculture::Oxa,O14,diagonal,9,7.34447403206
O14:Monoculture::Oxa,O14,diagonal,10,6.32608752112
O14:Monoculture::Oxa,O14,diagonal,11,9.55051165929
O14:Monoculture::Oxa,O14,diagonal,12,8.79745528967
O14:Monoculture::Oxa,O14,diagonal,13,7.65897524653
O14:Monoculture::Oxa,O14,diagonal,14,10.3802372598
O14:Monoculture::Oxa,O14,diagonal,15,15.5101687704
O14:Monoculture::Oxa,O14,diagonal,16,14.32270596
O14:Monoculture::Oxa,O14,diagonal,17,16.3763746823
O14:Monoculture::Oxa,O14,diagonal,18,8.98335289636
O14:Monoculture::Oxa,O14,diagonal,19,8.30064972068
O14:Monoculture::Oxa,O14,diagonal,20,13.2465957649
O14:Monoculture::Oxa,O14,diagonal,21,9.1741683605
O14:Monoculture::Oxa,O14,diagonal,22,7.51726368553
O14:Monoculture::Oxa,O14,diagonal,23,10.8375691745
O14:Monoculture::Oxa,O14,diagonal,24,15.4367670036
O14:Monoculture::Oxa,O14,diagonal,25,13.7835310814
O14:Monoculture::Oxa,O14,diagonal,26,16.3156963405
O14:Monoculture::Oxa,O14,diagonal,27,13.6266292423
O14:Monoculture::Oxa,O14,diagonal,28,13.1687001352
O14:Monoculture::Oxa,O14,diagonal,29,13.972948282
O14:Monoculture::Oxa,O14,diagonal,30,14.0393110648
O14:Monoculture::Oxa,O14,diagonal,31,13.5820465192
O14:Monoculture::Oxa,O14,diagonal,32,14.3715551763
O14:Monoculture::Oxa,O14,diagonal,33,18.973046292
O14:Monoculture::Oxa,O14,diagonal,34,18.5249070803
O14:Monoculture::Oxa,O14,diagonal,35,19.2697695791
O14:Monoculture::Oxa,O14,diagonal,36,8.53938327755
O14:Monoculture::Oxa,O14,diagonal,37,8.32055330205
O14:Monoculture::Oxa,O14,diagonal,38,9.21923333916
O14:Monoculture::Oxa,O14,diagonal,39,9.74911487248
O14:Monoculture::Oxa,O14,diagonal,40,9.49451824475
O14:Monoculture::Oxa,O14,diagonal,41,10.3006242793
O14:Monoculture::Oxa,O14,diagonal,42,16.1100226528
O14:Monoculture::Oxa,O14,diagonal,43,15.825402642
O14:Monoculture::Oxa,O14,diagonal,44,16.5057181453
O14:Monoculture::Oxa,O14,diagonal,45,7.01481564644
O14:Monoculture::Oxa,O14,diagonal,46,7.19160394628
O14:Monoculture::Oxa,O14,diagonal,47,8.92278676315
O14:Monoculture::Oxa,O14,diagonal,48,8.32130296886
O14:Monoculture::Oxa,O14,diagonal,49,8.15062717494
O14:Monoculture::Oxa,O14,diagonal,50,9.387113686
O14:Monoculture::Oxa,O14,diagonal,51,15.0732983142
O14:Monoculture::Oxa,O14,diagonal,52,14.6590721455
O14:Monoculture::Oxa,O14,diagonal,53,15.4891485177
O15:Coculture:F15:5-FU,O15,joint,0,4.99592256626
O15:Coculture:F15:5-FU,O15,joint,1,4.5015524806
O15:Coculture:F15:5-FU,O15,joint,2,8.92151845053
O15:Coculture:F15:5-FU,O15,joint,3,7.13255576144
O15:Coculture:F15:5-FU,O15,joint,4,6.62872691764
O15:Coculture:F15:5-FU,O15,joint,5,10.6443279171
O15:Coculture:F15:5-FU,O15,joint,6,12.8451492288
O15:Coculture:F15:5-FU,O15,joint,7,12.333788837
O15:Coculture:F15:5-FU,O15,joint,8,15.3379741812
O15:Coculture:F15:5-FU,O15,joint,9,1.62951507647
O15:Coculture:F15:5-FU,O15,joint,10,1.74542610096
O15:Coculture:F15:5-FU,O15,joint,11,6.14418171881
O15:Coculture:F15:5-FU,O15,joint,12,4.11254850513
O15:Coculture:F15:5-FU,O15,joint,13,3.75066208438
O15:Coculture:F15:5-FU,O15,joint,14,7.21869985951
O15:Coculture:F15:5-FU,O15,joint,15,10.9549093883
O15:Coculture:F15:5-FU,O15,joint,16,10.386310693
O15:Coculture:F15:5-FU,O15,joint,17,12.8616883767
O15:Coculture:F15:5-FU,O15,joint,18,1.49524598066
O15:Coculture:F15:5-FU,O15,joint,19,1.38994879845
O15:Coculture:F15:5-FU,O15,joint,20,7.01882046603
O15:Coculture:F15:5-FU,O15,joint,21,3.28264131244
O15:Coculture:F15:5-FU,O15,joint,22,2.38552633301
O15:Coculture:F15:5-FU,O15,joint,23,6.46100821127
O15:Coculture:F15:5-FU,O15,joint,24,10.4762080591
O15:Coculture:F15:5-FU,O15,joint,25,9.46208551328
O15:Coculture:F15:5-FU,O15,joint,26,12.4334870503
O15:Coculture:F15:5-FU,O15,joint,27,8.80392914154
O15:Coculture:F15:5-FU,O15,joint,28,8.68062408637
O15:Coculture:F15:5-FU,O15,joint,29,9.81477882528
O15:Coculture:F15:5-FU,O15,joint,30,10.6585363414
O15:Coculture:F15:5-FU,O15,joint,31,10.53494382
O15:Coculture:F15:5-FU,O15,joint,32,11.6399353125
O15:Coculture:F15:5-FU,O15,joint,33,15.7417498376
O15:Coculture:F15:5-FU,O15,joint,34,15.6157926266
O15:Coculture:F15:5-FU,O15,joint,35,16.6196928765
O15:Coculture:F15:5-FU,O15,joint,36,3.21018852652
O15:Coculture:F15:5-FU,O15,joint,37,3.35295668493
O15:Coculture:F15:5-FU,O15,joint,38,4.62348672239
O15:Coculture:F15:5-FU,O15,joint,39,5.82292978363
O15:Coculture:F15:5-FU,O15,joint,40,5.85190753975
O15:Coculture:F15:5-FU,O15,joint,41,6.95159644421
O15:Coculture:F15:5-FU,O15,joint,42,12.2349114701
O15:Coculture:F15:5-FU,O15,joint,43,12.1444398649
O15:Coculture:F15:5-FU,O15,joint,44,13.0114493087
O15:Coculture:F15:5-FU,O15,joint,45,1.74024071403
O15:Coculture:F15:5-FU,O15,joint,46,2.07593444649
O15:Coculture:F15:5-FU,O15,joint,47,3.99676541384
O15:Coculture:F15:5-FU,O15,joint,48,3.60086086686
O15:Coculture:F15:5-FU,O15,joint,49,3.57453657131
O15:Coculture:F15:5-FU,O15,joint,50,4.9817544882
O15:Coculture:F15:5-FU,O15,joint,51,10.6649657164
O15:Coculture:F15:5-FU,O15,joint,52,10.4406869716
O15:Coculture:F15:5-FU,O15,joint,53,11.4595574411
O15:Coculture:F15:5-FU,O15,diagonal,0,5.02787155397
O15:Coculture:F15:5-FU,O15,diagonal,1,4.4943018422
O15:Coculture:F15:5-FU,O15,diagonal,2,8.94782494164
O15:Coculture:F15:5-FU,O15,diagonal,3,9.33894641134
O15:Coculture:F15:5-FU,O15,diagonal,4,8.79896033171
O15:Coculture:F15:5-FU,O15,diagonal,5,13.0309810939
O15:Coculture:F15:5-FU,O15,diagonal,6,15.9082786008
O15:Coculture:F15:5-FU,O15,diagonal,7,15.3959558534
O15:Coculture:F15:5-FU,O15,diagonal,8,19.0327485978
O15:Coculture:F15:5-FU,O15,diagonal,9,1.59489098809
O15:Coculture:F15:5-FU,O15,diagonal,10,1.54280780361
O15:Coculture:F15:5-FU,O15,diagonal,11,5.73353526824
O15:Coculture:F15:5-FU,O15,diagonal,12,6.67898158272
O15:Coculture:F15:5-FU,O15,diagonal,13,6.32993792782
O15:Coculture:F15:5-FU,O15,diagonal,14,9.84063632937
O15:Coculture:F15:5-FU,O15,diagonal,15,14.3998180758
O15:Coculture:F15:5-FU,O15,diagonal,16,13.9756380683
O15:Coculture:F15:5-FU,O15,diagonal,17,16.7925895936
O15:Coculture:F15:5-FU,O15,diagonal,18,0.839483558637
O15:Coculture:F15:5-FU,O15,diagonal,19,0.679570034703
O15:Coculture:F15:5-FU,O15,diagonal,20,6.14830573069
O15:Coculture:F15:5-FU,O15,diagonal,21,5.91266064499
O15:Coculture:F15:5-FU,O15,diagonal,22,5.2786729314
O15:Coculture:F15:5-FU,O15,diagonal,23,9.62189538171
O15:Coculture:F15:5-FU,O15,diagonal,24,13.9049025073
O15:Coculture:F15:5-FU,O15,diagonal,25,13.3212385004
O15:Coculture:F15:5-FU,O15,diagonal,26,16.922975675
O15:Coculture:F15:5-FU,O15,diagonal,27,8.72016297706
O15:Coculture:F15:5-FU,O15,diagonal,28,8.58734954058
O15:Coculture:F15:5-FU,O15,diagonal,29,9.71671335799
O15:Coculture:F15:5-FU,O15,diagonal,30,12.6001474221
O15:Coculture:F15:5-FU,O15,diagonal,31,12.4667549941
O15:Coculture:F15:5-FU,O15,diagonal,32,13.580135769
O15:Coculture:F15:5-FU,O15,diagonal,33,18.4167485952
O15:Coculture:F15:5-FU,O15,diagonal,34,18.2817520753
O15:Coculture:F15:5-FU,O15,diagonal,35,19.3397572659
O15:Coculture:F15:5-FU,O15,diagonal,36,3.38949885782
O15:Coculture:F15:5-FU,O15,diagonal,37,3.48842238812
O15:Coculture:F15:5-FU,O15,diagonal,38,4.70485593101
O15:Coculture:F15:5-FU,O15,diagonal,39,8.31171911149
O15:Coculture:F15:5-FU,O15,diagonal,40,8.29869831537
O15:Coculture:F15:5-FU,O15,diagonal,41,9.34638018153
O15:Coculture:F15:5-FU,O15,diagonal,42,15.5804042261
O15:Coculture:F15:5-FU,O15,diagonal,43,15.4931433123
O15:Coculture:F15:5-FU,O15,diagonal,44,16.3708179127
O15:Coculture:F15:5-FU,O15,diagonal,45,1.202898185
O15:Coculture:F15:5-FU,O15,diagonal,46,1.4226994416
O15:Coculture:F15:5-FU,O15,diagonal,47,3.19689521522
O15:Coculture:F15:5-FU,O15,diagonal,48,6.28533563443
O15:Coculture:F15:5-FU,O15,diagonal,49,6.24535725344
O15:Coculture:F15:5-FU,O15,diagonal,50,7.61254117744
O15:Coculture:F15:5-FU,O15,diagonal,51,14.2579213853
O15:Coculture:F15:5-FU,O15,diagonal,52,14.0994244569
O15:Coculture:F15:5-FU,O15,diagonal,53,15.1852300695
O15:Coculture:F15:Gef,O15,joint,0,6.87239641149
O15:Coculture:F15:Gef,O15,joint,1,4.93376299119
O15:Coculture:F15:Gef,O15,joint,2,7.90946004135
O15:Coculture:F15:Gef,O15,joint,3,8.63439793405
O15:Coculture:F15:Gef,O15,joint,4,6.79924468815
O15:Coculture:F15:Gef,O15,joint,5,9.48729049344
O15:Coculture:F15:Gef,O15,joint,6,13.9455762169
O15:Coculture:F15:Gef,O15,joint,7,12.4513683635
O15:Coculture:F15:Gef,O15,joint,8,14.5221061549
O15:Coculture:F15:Gef,O15,joint,9,4.4686708764
O15:Coculture:F15:Gef,O15,joint,10,4.3548372236
O15:Coculture:F15:Gef,O15,joint,11,8.52410214945
O15:Coculture:F15:Gef,O15,joint,12,5.95408184995
O15:Coculture:F15:Gef,O15,joint,13,5.21181203703
O15:Coculture:F15:Gef,O15,joint,14,8.30792125369
O15:Coculture:F15:Gef,O15,joint,15,11.928002893
O15:Coculture:F15:Gef,O15,joint,16,10.9916075144
O15:Coculture:F15:Gef,O15,joint,17,13.1368965731
O15:Coculture:F15:Gef,O15,joint,18,9.22098262568
O15:Coculture:F15:Gef,O15,joint,19,9.04897835788
O15:Coculture:F15:Gef,O15,joint,20,14.6134223772
O15:Coculture:F15:Gef,O15,joint,21,6.19684089134
O15:Coculture:F15:Gef,O15,joint,22,5.17085889421
O15:Coculture:F15:Gef,O15,joint,23,9.13740310499
O15:Coculture:F15:Gef,O15,joint,24,11.6999941492
O15:Coculture:F15:Gef,O15,joint,25,10.4642735982
O15:Coculture:F15:Gef,O15,joint,26,13.2600233518
O15:Coculture:F15:Gef,O15,joint,27,9.51944860056
O15:Coculture:F15:Gef,O15,joint,28,9.02871676385
O15:Coculture:F15:Gef,O15,joint,29,9.79618409113
O15:Coculture:F15:Gef,O15,joint,30,11.10754684
O15:Coculture:F15:Gef,O15,joint,31,10.622888485
O15:Coculture:F15:Gef,O15,joint,32,11.3668127475
O15:Coculture:F15:Gef,O15,joint,33,16.0909731021
O15:Coculture:F15:Gef,O15,joint,34,15.6321847906
O15:Coculture:F15:Gef,O15,joint,35,16.3041962419
O15:Coculture:F15:Gef,O15,joint,36,4.22618880452
O15:Coculture:F15:Gef,O15,joint,37,4.37347938299
O15:Coculture:F15:Gef,O15,joint,38,5.6510585347
O15:Coculture:F15:Gef,O15,joint,39,6.51642093116
O15:Coculture:F15:Gef,O15,joint,40,6.48796251796
O15:Coculture:F15:Gef,O15,joint,41,7.53027874942
O15:Coculture:F15:Gef,O15,joint,42,12.6922215813
O15:Coculture:F15:Gef,O15,joint,43,12.5066541281
O15:Coculture:F15:Gef,O15,joint,44,13.2806814322
O15:Coculture:F15:Gef,O15,joint,45,6.5643701596
O15:Coculture:F15:Gef,O15,joint,46,7.0093081147
O15:Coculture:F15:Gef,O15,joint,47,9.03813482714
O15:Coculture:F15:Gef,O15,joint,48,5.5427347979
O15:Coculture:F15:Gef,O15,joint,49,5.49973373095
O15:Coculture:F15:Gef,O15,joint,50,6.89084473578
O15:Coculture:F15:Gef,O15,joint,51,11.4090651894
O15:Coculture:F15:Gef,O15,joint,52,11.1525696901
O15:Coculture:F15:Gef,O15,joint,53,12.1442057428
O15:Coculture:F15:Gef,O15,diagonal,0,7.04881655355
O15:Coculture:F15:Gef,O15,diagonal,1,4.82652261167
O15:Coculture:F15:Gef,O15,diagonal,2,7.59422094649
O15:Coculture:F15:Gef,O15,diagonal,3,11.1026792827
O15:Coculture:F15:Gef,O15,diagonal,4,8.86523748813
O15:Coculture:F15:Gef,O15,diagonal,5,11.4004514709
O15:Coculture:F15:Gef,O15,diagonal,6,17.4771468712
O15:Coculture:F15:Gef,O15,diagonal,7,15.3435514611
O15:Coculture:F15:Gef,O15,diagonal,8,17.3591508698
O15:Coculture:F15:Gef,O15,diagonal,9,4.15091899298
O15:Coculture:F15:Gef,O15,diagonal,10,3.47960055281
O15:Coculture:F15:Gef,O15,diagonal,11,7.05555445967
O15:Coculture:F15:Gef,O15,diagonal,12,8.41931015044
O15:Coculture:F15:Gef,O15,diagonal,13,7.14097188794
O15:Coculture:F15:Gef,O15,diagonal,14,9.72218094423
O15:Coculture:F15:Gef,O15,diagonal,15,15.6647301799
O15:Coculture:F15:Gef,O15,diagonal,16,14.1911607356
O15:Coculture:F15:Gef,O15,diagonal,17,15.9607465364
O15:Coculture:F15:Gef,O15,diagonal,18,6.19347255466
O15:Coculture:F15:Gef,O15,diagonal,19,4.95387288135
O15:Coculture:F15:Gef,O15,diagonal,20,9.34277882222
O15:Coculture:F15:Gef,O15,diagonal,21,8.7144519718
O15:Coculture:F15:Gef,O15,diagonal,22,6.80397563057
O15:Coculture:F15:Gef,O15,diagonal,23,9.87219962511
O15:Coculture:F15:Gef,O15,diagonal,24,15.9033573313
O15:Coculture:F15:Gef,O15,diagonal,25,13.7512135881
O15:Coculture:F15:Gef,O15,diagonal,26,15.7904041376
O15:Coculture:F15:Gef,O15,diagonal,27,9.4144120863
O15:Coculture:F15:Gef,O15,diagonal,28,8.86218820287
O15:Coculture:F15:Gef,O15,diagonal,29,9.57316668241
O15:Coculture:F15:Gef,O15,diagonal,30,13.0723548836
O15:Coculture:F15:Gef,O15,diagonal,31,12.5167813982
O15:Coculture:F15:Gef,O15,diagonal,32,13.2087059819
O15:Coculture:F15:Gef,O15,diagonal,33,18.8080469553
O15:Coculture:F15:Gef,O15,diagonal,34,18.2486865067
O15:Coculture:F15:Gef,O15,diagonal,35,18.8824900024
O15:Coculture:F15:Gef,O15,diagonal,36,4.25523076819
O15:Coculture:F15:Gef,O15,diagonal,37,4.27845788068
O15:Coculture:F15:Gef,O15,diagonal,38,5.42256439339
O15:Coculture:F15:Gef,O15,diagonal,39,8.90182301807
O15:Coculture:F15:Gef,O15,diagonal,40,8.73399340803
O15:Coculture:F15:Gef,O15,diagonal,41,9.62798188474
O15:Coculture:F15:Gef,O15,diagonal,42,15.9777893329
O15:Coculture:F15:Gef,O15,diagonal,43,15.6582047673
O15:Coculture:F15:Gef,O15,diagonal,44,16.3035070314
O15:Coculture:F15:Gef,O15,diagonal,45,4.46612432728
O15:Coculture:F15:Gef,O15,diagonal,46,4.5074293068
O15:Coculture:F15:Gef,O15,diagonal,47,6.10353486409
O15:Coculture:F15:Gef,O15,diagonal,48,7.59677546332
O15:Coculture:F15:Gef,O15,diagonal,49,7.28687554499
O15:Coculture:F15:Gef,O15,diagonal,50,8.38410203021
O15:Coculture:F15:Gef,O15,diagonal,51,14.9401438026
O15:Coculture:F15:Gef,O15,diagonal,52,14.4625247173
O15:Coculture:F15:Gef,O15,diagonal,53,15.2295807159
O15:Coculture:F15:SN-38,O15,joint,0,12.5655826518
O15:Coculture:F15:SN-38,O15,joint,1,8.56447549804
O15:Coculture:F15:SN-38,O15,joint,2,9.481735644
O15:Coculture:F15:SN-38,O15,joint,3,11.9178268983
O15:Coculture:F15:SN-38,O15,joint,4,8.25852900193
O15:Coculture:F15:SN-38,O15,joint,5,9.12090103049
O15:Coculture:F15:SN-38,O15,joint,6,16.1576471
O15:Coculture:F15:SN-38,O15,joint,7,13.3431096698
O15:Coculture:F15:SN-38,O15,joint,8,14.0292451816
O15:Coculture:F15:SN-38,O15,joint,9,12.6293913533
O15:Coculture:F15:SN-38,O15,joint,10,6.90985343368
O15:Coculture:F15:SN-38,O15,joint,11,5.47353957669
O15:Coculture:F15:SN-38,O15,joint,12,11.9279390104
O15:Coculture:F15:SN-38,O15,joint,13,7.2631777213
O15:Coculture:F15:SN-38,O15,joint,14,6.42776890819
O15:Coculture:F15:SN-38,O15,joint,15,15.8567273769
O15:Coculture:F15:SN-38,O15,joint,16,12.6872679319
O15:Coculture:F15:SN-38,O15,joint,17,12.5446054664
O15:Coculture:F15:SN-38,O15,joint,18,30.9478533318
O15:Coculture:F15:SN-38,O15,joint,19,20.8319827441
O15:Coculture:F15:SN-38,O15,joint,20,16.4558253355
O15:Coculture:F15:SN-38,O15,joint,21,20.0552938175
O15:Coculture:F15:SN-38,O15,joint,22,13.4947495764
O15:Coculture:F15:SN-38,O15,joint,23,11.9017399038
O15:Coculture:F15:SN-38,O15,joint,24,18.3379129341
O15:Coculture:F15:SN-38,O15,joint,25,14.2671945637
O15:Coculture:F15:SN-38,O15,joint,26,14.153320549
O15:Coculture:F15:SN-38,O15,joint,27,13.1461744746
O15:Coculture:F15:SN-38,O15,joint,28,12.1205360323
O15:Coculture:F15:SN-38,O15,joint,29,12.3532086601
O15:Coculture:F15:SN-38,O15,joint,30,12.5281195832
O15:Coculture:F15:SN-38,O15,joint,31,11.5278427947
O15:Coculture:F15:SN-38,O15,joint,32,11.7571578312
O15:Coculture:F15:SN-38,O15,joint,33,16.9214886806
O15:Coculture:F15:SN-38,O15,joint,34,16.0066642065
O15:Coculture:F15:SN-38,O15,joint,35,16.2222572136
O15:Coculture:F15:SN-38,O15,joint,36,8.20245979787
O15:Coculture:F15:SN-38,O15,joint,37,6.62114213503
O15:Coculture:F15:SN-38,O15,joint,38,6.16745340494
O15:Coculture:F15:SN-38,O15,joint,39,8.56431784771
O15:Coculture:F15:SN-38,O15,joint,40,7.1344333678
O15:Coculture:F15:SN-38,O15,joint,41,6.77535490355
O15:Coculture:F15:SN-38,O15,joint,42,14.1885865114
O15:Coculture:F15:SN-38,O15,joint,43,13.0223961891
O15:Coculture:F15:SN-38,O15,joint,44,12.8135439859
O15:Coculture:F15:SN-38,O15,joint,45,11.945624698
O15:Coculture:F15:SN-38,O15,joint,46,8.60624910306
O15:Coculture:F15:SN-38,O15,joint,47,6.85246182082
O15:Coculture:F15:SN-38,O15,joint,48,10.9614387468
O15:Coculture:F15:SN-38,O15,joint,49,8.43247109988
O15:Coculture:F15:SN-38,O15,joint,50,7.33843174771
O15:Coculture:F15:SN-38,O15,joint,51,14.8515210465
O15:Coculture:F15:SN-38,O15,joint,52,13.2113849862
O15:Coculture:F15:SN-38,O15,joint,53,12.8131325681
O15:Coculture:F15:SN-38,O15,diagonal,0,10.9885328898
O15:Coculture:F15:SN-38,O15,diagonal,1,7.50068138369
O15:Coculture:F15:SN-38,O15,diagonal,2,9.0017761721
O15:Coculture:F15:SN-38,O15,diagonal,3,13.325063793
O15:Coculture:F15:SN-38,O15,diagonal,4,10.0982909226
O15:Coculture:F15:SN-38,O15,diagonal,5,11.644800119
O15:Coculture:F15:SN-38,O15,diagonal,6,18.727461216
O15:Coculture:F15:SN-38,O15,diagonal,7,16.1459302323
O15:Coculture:F15:SN-38,O15,diagonal,8,17.7211866885
O15:Coculture:F15:SN-38,O15,diagonal,9,10.9369972237
O15:Coculture:F15:SN-38,O15,diagonal,10,5.91880025796
O15:Coculture:F15:SN-38,O15,diagonal,11,5.13847901613
O15:Coculture:F15:SN-38,O15,diagonal,12,13.1563683951
O15:Coculture:F15:SN-38,O15,diagonal,13,9.17589774634
O15:Coculture:F15:SN-38,O15,diagonal,14,9.05186630848
O15:Coculture:F15:SN-38,O15,diagonal,15,18.1500534213
O15:Coculture:F15:SN-38,O15,diagonal,16,15.5235412782
O15:Coculture:F15:SN-38,O15,diagonal,17,16.1389193167
O15:Coculture:F15:SN-38,O15,diagonal,18,23.5916494784
O15:Coculture:F15:SN-38,O15,diagonal,19,15.393542072
O15:Coculture:F15:SN-38,O15,diagonal,20,12.816802407
O15:Coculture:F15:SN-38,O15,diagonal,21,17.668791361
O15:Coculture:F15:SN-38,O15,diagonal,22,12.6655159991
O15:Coculture:F15:SN-38,O15,diagonal,23,12.6370646707
O15:Coculture:F15:SN-38,O15,diagonal,24,18.9660621069
O15:Coculture:F15:SN-38,O15,diagonal,25,16.1467394978
O15:Coculture:F15:SN-38,O15,diagonal,26,17.5212970754
O15:Coculture:F15:SN-38,O15,diagonal,27,11.8973764985
O15:Coculture:F15:SN-38,O15,diagonal,28,11.0053211455
O15:Coculture:F15:SN-38,O15,diagonal,29,11.3761031455
O15:Coculture:F15:SN-38,O15,diagonal,30,14.0733115949
O15:Coculture:F15:SN-38,O15,diagonal,31,13.2013487184
O15:Coculture:F15:SN-38,O15,diagonal,32,13.5766224155
O15:Coculture:F15:SN-38,O15,diagonal,33,19.4105255386
O15:Coculture:F15:SN-38,O15,diagonal,34,18.603832321
O15:Coculture:F15:SN-38,O15,diagonal,35,18.9904596201
O15:Coculture:F15:SN-38,O15,diagonal,36,7.29199225625
O15:Coculture:F15:SN-38,O15,diagonal,37,5.87671785584
O15:Coculture:F15:SN-38,O15,diagonal,38,5.5776008409
O15:Coculture:F15:SN-38,O15,diagonal,39,10.6606834684
O15:Coculture:F15:SN-38,O15,diagonal,40,9.40613422693
O15:Coculture:F15:SN-38,O15,diagonal,41,9.21105391647
O15:Coculture:F15:SN-38,O15,diagonal,42,17.2234453142
O15:Coculture:F15:SN-38,O15,diagonal,43,16.228327652
O15:Coculture:F15:SN-38,O15,diagonal,44,16.1973197925
O15:Coculture:F15:SN-38,O15,diagonal,45,10.1294298361
O15:Coculture:F15:SN-38,O15,diagonal,46,7.24068654843
O15:Coculture:F15:SN-38,O15,diagonal,47,5.90417754979
O15:Coculture:F15:SN-38,O15,diagonal,48,11.9974144938
O15:Coculture:F15:SN-38,O15,diagonal,49,9.94788764223
O15:Coculture:F15:SN-38,O15,diagonal,50,9.30370272598
O15:Coculture:F15:SN-38,O15,diagonal,51,17.2197457614
O15:Coculture:F15:SN-38,O15,diagonal,52,15.9689269209
O15:Coculture:F15:SN-38,O15,diagonal,53,15.9618140888
O15:Monoculture::5-FU,O15,joint,0,11.5601274238
O15:Monoculture::5-FU,O15,joint,1,12.0763095834
O15:Monoculture::5-FU,O15,joint,2,17.5068277986
O15:Monoculture::5-FU,O15,joint,3,9.13075422633
O15:Monoculture::5-FU,O15,joint,4,9.51548759035
O15:Monoculture::5-FU,O15,joint,5,14.4196507976
O15:Monoculture::5-FU,O15,joint,6,13.4348191656
O15:Monoculture::5-FU,O15,joint,7,13.6092250915
O15:Monoculture::5-FU,O15,joint,8,17.2991767533
O15:Monoculture::5-FU,O15,joint,9,13.7318918863
O15:Monoculture::5-FU,O15,joint,10,15.5064216365
O15:Monoculture::5-FU,O15,joint,11,21.56379598
O15:Monoculture::5-FU,O15,joint,12,7.7621657731
O15:Monoculture::5-FU,O15,joint,13,8.94743557479
O15:Monoculture::5-FU,O15,joint,14,13.9626295724
O15:Monoculture::5-FU,O15,joint,15,12.0994828666
O15:Monoculture::5-FU,O15,joint,16,12.5490037253
O15:Monoculture::5-FU,O15,joint,17,16.042500963
O15:Monoculture::5-FU,O15,joint,18,22.9041722168
O15:Monoculture::5-FU,O15,joint,19,27.0927098257
O15:Monoculture::5-FU,O15,joint,20,37.0154162843
O15:Monoculture::5-FU,O15,joint,21,10.27174105
O15:Monoculture::5-FU,O15,joint,22,11.842549791
O15:Monoculture::5-FU,O15,joint,23,18.3859553897
O15:Monoculture::5-FU,O15,joint,24,12.295068469
O15:Monoculture::5-FU,O15,joint,25,12.5164590577
O15:Monoculture::5-FU,O15,joint,26,16.7233737292
O15:Monoculture::5-FU,O15,joint,27,14.7402282527
O15:Monoculture::5-FU,O15,joint,28,14.8821696301
O15:Monoculture::5-FU,O15,joint,29,16.2815708015
O15:Monoculture::5-FU,O15,joint,30,12.2995875558
O15:Monoculture::5-FU,O15,joint,31,12.4286330957
O15:Monoculture::5-FU,O15,joint,32,13.7862626495
O15:Monoculture::5-FU,O15,joint,33,16.2412994538
O15:Monoculture::5-FU,O15,joint,34,16.3374827948
O15:Monoculture::5-FU,O15,joint,35,17.5635235966
O15:Monoculture::5-FU,O15,joint,36,13.4193370082
O15:Monoculture::5-FU,O15,joint,37,14.0235184943
O15:Monoculture::5-FU,O15,joint,38,15.7554618594
O15:Monoculture::5-FU,O15,joint,39,8.84852398608
O15:Monoculture::5-FU,O15,joint,40,9.29215642363
O15:Monoculture::5-FU,O15,joint,41,10.8065000095
O15:Monoculture::5-FU,O15,joint,42,13.1473157871
O15:Monoculture::5-FU,O15,joint,43,13.4436332375
O15:Monoculture::5-FU,O15,joint,44,14.6974317369
O15:Monoculture::5-FU,O15,joint,45,16.9075136328
O15:Monoculture::5-FU,O15,joint,46,18.5301786475
O15:Monoculture::5-FU,O15,joint,47,21.7379808971
O15:Monoculture::5-FU,O15,joint,48,8.95309242589
O15:Monoculture::5-FU,O15,joint,49,10.0002268281
O15:Monoculture::5-FU,O15,joint,50,12.4809034428
O15:Monoculture::5-FU,O15,joint,51,12.4122406508
O15:Monoculture::5-FU,O15,joint,52,12.8049428361
O15:Monoculture::5-FU,O15,joint,53,14.4407942358
O15:Monoculture::5-FU,O15,diagonal,0,11.7609398607
O15:Monoculture::5-FU,O15,diagonal,1,13.5022385572
O15:Monoculture::5-FU,O15,diagonal,2,20.2306300648
O15:Monoculture::5-FU,O15,diagonal,3,11.0304633557
O15:Monoculture::5-FU,O15,diagonal,4,12.6035678993
O15:Monoculture::5-FU,O15,diagonal,5,18.9486792847
O15:Monoculture::5-FU,O15,diagonal,6,16.1228695179
O15:Monoculture::5-FU,O15,diagonal,7,17.3742944898
O15:Monoculture::5-FU,O15,diagonal,8,22.7748349535
O15:Monoculture::5-FU,O15,diagonal,9,12.8264023845
O15:Monoculture::5-FU,O15,diagonal,10,15.58400218
O15:Monoculture::5-FU,O15,diagonal,11,22.5844126246
O15:Monoculture::5-FU,O15,diagonal,12,10.3726206484
O15:Monoculture::5-FU,O15,diagonal,13,12.4947423276
O15:Monoculture::5-FU,O15,diagonal,14,18.4766060634
O15:Monoculture::5-FU,O15,diagonal,15,15.3898991839
O15:Monoculture::5-FU,O15,diagonal,16,16.6835782547
O15:Monoculture::5-FU,O15,diagonal,17,21.2183888584
O15:Monoculture::5-FU,O15,diagonal,18,23.7978979991
O15:Monoculture::5-FU,O15,diagonal,19,29.0831671147
O15:Monoculture::5-FU,O15,diagonal,20,39.9970854502
O15:Monoculture::5-FU,O15,diagonal,21,12.496604341
O15:Monoculture::5-FU,O15,diagonal,22,15.0493725761
O15:Monoculture::5-FU,O15,diagonal,23,22.5793509751
O15:Monoculture::5-FU,O15,diagonal,24,15.1635396499
O15:Monoculture::5-FU,O15,diagonal,25,16.5042467617
O15:Monoculture::5-FU,O15,diagonal,26,22.030355055
O15:Monoculture::5-FU,O15,diagonal,27,15.0361744344
O15:Monoculture::5-FU,O15,diagonal,28,15.4882020171
O15:Monoculture::5-FU,O15,diagonal,29,17.2024068538
O15:Monoculture::5-FU,O15,diagonal,30,14.2834144988
O15:Monoculture::5-FU,O15,diagonal,31,14.7187391729
O15:Monoculture::5-FU,O15,diagonal,32,16.4008370498
O15:Monoculture::5-FU,O15,diagonal,33,18.8396278313
O15:Monoculture::5-FU,O15,diagonal,34,19.2329039672
O15:Monoculture::5-FU,O15,diagonal,35,20.8191818136
O15:Monoculture::5-FU,O15,diagonal,36,12.8004762083
O15:Monoculture::5-FU,O15,diagonal,37,13.6373444926
O15:Monoculture::5-FU,O15,diagonal,38,15.5917227894
O15:Monoculture::5-FU,O15,diagonal,39,11.1195969606
O15:Monoculture::5-FU,O15,diagonal,40,11.8089969095
O15:Monoculture::5-FU,O15,diagonal,41,13.5590995206
O15:Monoculture::5-FU,O15,diagonal,42,16.5038139925
O15:Monoculture::5-FU,O15,diagonal,43,17.0343444123
O15:Monoculture::5-FU,O15,diagonal,44,18.5298103462
O15:Monoculture::5-FU,O15,diagonal,45,16.8469409923
O15:Monoculture::5-FU,O15,diagonal,46,18.9508610292
O15:Monoculture::5-FU,O15,diagonal,47,22.6091755832
O15:Monoculture::5-FU,O15,diagonal,48,12.0249392445
O15:Monoculture::5-FU,O15,diagonal,49,13.3462565234
O15:Monoculture::5-FU,O15,diagonal,50,16.0747361073
O15:Monoculture::5-FU,O15,diagonal,51,15.9039073093
O15:Monoculture::5-FU,O15,diagonal,52,16.5420993681
O15:Monoculture::5-FU,O15,diagonal,53,18.4245939679
O15:Monoculture::Gef,O15,joint,0,11.4258403851
O15:Monoculture::Gef,O15,joint,1,10.5545307255
O15:Monoculture::Gef,O15,joint,2,14.5975515363
O15:Monoculture::Gef,O15,joint,3,8.87710709153
O15:Monoculture::Gef,O15,joint,4,8.02808850518
O15:Monoculture::Gef,O15,joint,5,11.70226897
O15:Monoculture::Gef,O15,joint,6,13.3885532681
O15:Monoculture::Gef,O15,joint,7,12.6162866039
O15:Monoculture::Gef,O15,joint,8,15.4089655846
O15:Monoculture::Gef,O15,joint,9,7.35839689882
O15:Monoculture::Gef,O15,joint,10,6.71254285727
O15:Monoculture::Gef,O15,joint,11,10.3497873944
O15:Monoculture::Gef,O15,joint,12,5.5876451963
O15:Monoculture::Gef,O15,joint,13,4.87930442366
O15:Monoculture::Gef,O15,joint,14,8.00934268059
O15:Monoculture::Gef,O15,joint,15,11.5114963177
O15:Monoculture::Gef,O15,joint,16,10.7186809308
O15:Monoculture::Gef,O15,joint,17,13.0075499813
O15:Monoculture::Gef,O15,joint,18,7.03178860783
O15:Monoculture::Gef,O15,joint,19,6.53833898545
O15:Monoculture::Gef,O15,joint,20,11.7813376502
O15:Monoculture::Gef,O15,joint,21,5.31158578803
O15:Monoculture::Gef,O15,joint,22,4.00868664732
O15:Monoculture::Gef,O15,joint,23,7.69831371453
O15:Monoculture::Gef,O15,joint,24,11.3350918194
O15:Monoculture::Gef,O15,joint,25,9.94946162018
O15:Monoculture::Gef,O15,joint,26,12.5953017255
O15:Monoculture::Gef,O15,joint,27,15.0608588003
O15:Monoculture::Gef,O15,joint,28,14.8414585706
O15:Monoculture::Gef,O15,joint,29,15.8802575049
O15:Monoculture::Gef,O15,joint,30,12.2459078334
O15:Monoculture::Gef,O15,joint,31,12.0280804185
O15:Monoculture::Gef,O15,joint,32,13.0388356213
O15:Monoculture::Gef,O15,joint,33,16.1516503914
O15:Monoculture::Gef,O15,joint,34,15.9393957449
O15:Monoculture::Gef,O15,joint,35,16.8579408611
O15:Monoculture::Gef,O15,joint,36,9.27885189076
O15:Monoculture::Gef,O15,joint,37,9.09325208813
O15:Monoculture::Gef,O15,joint,38,10.0379408588
O15:Monoculture::Gef,O15,joint,39,7.23885243676
O15:Monoculture::Gef,O15,joint,40,7.07738892637
O15:Monoculture::Gef,O15,joint,41,7.98670006065
O15:Monoculture::Gef,O15,joint,42,12.6006124179
O15:Monoculture::Gef,O15,joint,43,12.4235272247
O15:Monoculture::Gef,O15,joint,44,13.2060367889
O15:Monoculture::Gef,O15,joint,45,6.52028616421
O15:Monoculture::Gef,O15,joint,46,6.62115902339
O15:Monoculture::Gef,O15,joint,47,8.30592063991
O15:Monoculture::Gef,O15,joint,48,4.99543629344
O15:Monoculture::Gef,O15,joint,49,4.87207388785
O15:Monoculture::Gef,O15,joint,50,6.18282355403
O15:Monoculture::Gef,O15,joint,51,11.1877514136
O15:Monoculture::Gef,O15,joint,52,10.8620266284
O15:Monoculture::Gef,O15,joint,53,11.7844333952
O15:Monoculture::Gef,O15,diagonal,0,9.7101814358
O15:Monoculture::Gef,O15,diagonal,1,8.16482702282
O15:Monoculture::Gef,O15,diagonal,2,11.6094648865
O15:Monoculture::Gef,O15,diagonal,3,10.8735771388
O15:Monoculture::Gef,O15,diagonal,4,9.41605631629
O15:Monoculture::Gef,O15,diagonal,5,12.7311912712
O15:Monoculture::Gef,O15,diagonal,6,16.5850799577
O15:Monoculture::Gef,O15,diagonal,7,15.3305012026
O15:Monoculture::Gef,O15,diagonal,8,18.2251172662
O15:Monoculture::Gef,O15,diagonal,9,5.45600853588
O15:Monoculture::Gef,O15,diagonal,10,4.28973441087
O15:Monoculture::Gef,O15,diagonal,11,7.37073263289
O15:Monoculture::Gef,O15,diagonal,12,7.88249855817
O15:Monoculture::Gef,O15,diagonal,13,6.7617952591
O15:Monoculture::Gef,O15,diagonal,14,9.50063927883
O15:Monoculture::Gef,O15,diagonal,15,14.9672075311
O15:Monoculture::Gef,O15,diagonal,16,13.955479151
O15:Monoculture::Gef,O15,diagonal,17,16.1869060159
O15:Monoculture::Gef,O15,diagonal,18,4.45197427833
O15:Monoculture::Gef,O15,diagonal,19,3.07584071638
O15:Monoculture::Gef,O15,diagonal,20,7.32821276861
O15:Monoculture::Gef,O15,diagonal,21,7.27622069244
O15:Monoculture::Gef,O15,diagonal,22,5.70601748963
O15:Monoculture::Gef,O15,diagonal,23,9.11451462259
O15:Monoculture::Gef,O15,diagonal,24,14.6135718603
O15:Monoculture::Gef,O15,diagonal,25,13.2879625003
O15:Monoculture::Gef,O15,diagonal,26,16.1536874332
O15:Monoculture::Gef,O15,diagonal,27,12.9530445958
O15:Monoculture::Gef,O15,diagonal,28,12.5589329767
O15:Monoculture::Gef,O15,diagonal,29,13.4280237204
O15:Monoculture::Gef,O15,diagonal,30,13.7376961042
O15:Monoculture::Gef,O15,diagonal,31,13.3513575009
O15:Monoculture::Gef,O15,diagonal,32,14.2125169669
O15:Monoculture::Gef,O15,diagonal,33,18.7507714193
O15:Monoculture::Gef,O15,diagonal,34,18.3863912137
O15:Monoculture::Gef,O15,diagonal,35,19.2151749524
O15:Monoculture::Gef,O15,diagonal,36,7.30443337506
O15:Monoculture::Gef,O15,diagonal,37,6.96925506041
O15:Monoculture::Gef,O15,diagonal,38,7.75495614598
O15:Monoculture::Gef,O15,diagonal,39,9.2280954038
O15:Monoculture::Gef,O15,diagonal,40,8.93652687254
O15:Monoculture::Gef,O15,diagonal,41,9.70677642805
O15:Monoculture::Gef,O15,diagonal,42,15.8435864348
O15:Monoculture::Gef,O15,diagonal,43,15.5634106101
O15:Monoculture::Gef,O15,diagonal,44,16.248121615
O15:Monoculture::Gef,O15,diagonal,45,4.37252612691
O15:Monoculture::Gef,O15,diagonal,46,4.14489674904
O15:Monoculture::Gef,O15,diagonal,47,5.47206794893
O15:Monoculture::Gef,O15,diagonal,48,7.16140089423
O15:Monoculture::Gef,O15,diagonal,49,6.81736750375
O15:Monoculture::Gef,O15,diagonal,50,7.8804605168
O15:Monoculture::Gef,O15,diagonal,51,14.5805859828
O15:Monoculture::Gef,O15,diagonal,52,14.1880351821
O15:Monoculture::Gef,O15,diagonal,53,15.0401594653
O15:Monoculture::Oxa,O15,joint,0,8.8520505357
O15:Monoculture::Oxa,O15,joint,1,8.03127116419
O15:Monoculture::Oxa,O15,joint,2,12.1248278483
O15:Monoculture::Oxa,O15,joint,3,8.86359985797
O15:Monoculture::Oxa,O15,joint,4,7.98511370793
O15:Monoculture::Oxa,O15,joint,5,11.6260574011
O15:Monoculture::Oxa,O15,joint,6,13.6450748955
O15:Monoculture::Oxa,O15,joint,7,12.8014315254
O15:Monoculture::Oxa,O15,joint,8,15.4733338912
O15:Monoculture::Oxa,O15,joint,9,9.11116633537
O15:Monoculture::Oxa,O15,joint,10,9.41949738892
O15:Monoculture::Oxa,O15,joint,11,14.0106730358
O15:Monoculture::Oxa,O15,joint,12,6.36413177116
O15:Monoculture::Oxa,O15,joint,13,6.19825822644
O15:Monoculture::Oxa,O15,joint,14,9.8623088776
O15:Monoculture::Oxa,O15,joint,15,11.8465464742
O15:Monoculture::Oxa,O15,joint,16,11.2785183791
O15:Monoculture::Oxa,O15,joint,17,13.754466663
O15:Monoculture::Oxa,O15,joint,18,12.721000548
O15:Monoculture::Oxa,O15,joint,19,14.3255025379
O15:Monoculture::Oxa,O15,joint,20,21.6641733775
O15:Monoculture::Oxa,O15,joint,21,7.20934051082
O15:Monoculture::Oxa,O15,joint,22,6.88695924328
O15:Monoculture::Oxa,O15,joint,23,11.5371748334
O15:Monoculture::Oxa,O15,joint,24,11.8453578129
O15:Monoculture::Oxa,O15,joint,25,10.762916728
O15:Monoculture::Oxa,O15,joint,26,13.6659997261
O15:Monoculture::Oxa,O15,joint,27,11.4904592855
O15:Monoculture::Oxa,O15,joint,28,11.2940940514
O15:Monoculture::Oxa,O15,joint,29,12.3551886113
O15:Monoculture::Oxa,O15,joint,30,11.6225683338
O15:Monoculture::Oxa,O15,joint,31,11.4173734909
O15:Monoculture::Oxa,O15,joint,32,12.4407626619
O15:Monoculture::Oxa,O15,joint,33,16.1745108617
O15:Monoculture::Oxa,O15,joint,34,15.9548893242
O15:Monoculture::Oxa,O15,joint,35,16.8651252475
O15:Monoculture::Oxa,O15,joint,36,9.82417112442
O15:Monoculture::Oxa,O15,joint,37,10.0562840944
O15:Monoculture::Oxa,O15,joint,38,11.4161589435
O15:Monoculture::Oxa,O15,joint,39,7.69334259835
O15:Monoculture::Oxa,O15,joint,40,7.77042536174
O15:Monoculture::Oxa,O15,joint,41,8.91821927347
O15:Monoculture::Oxa,O15,joint,42,12.7978072866
O15:Monoculture::Oxa,O15,joint,43,12.7563389004
O15:Monoculture::Oxa,O15,joint,44,13.6723515632
O15:Monoculture::Oxa,O15,joint,45,9.79025672528
O15:Monoculture::Oxa,O15,joint,46,10.6916289006
O15:Monoculture::Oxa,O15,joint,47,13.1781383108
O15:Monoculture::Oxa,O15,joint,48,6.40729950871
O15:Monoculture::Oxa,O15,joint,49,6.80842500617
O15:Monoculture::Oxa,O15,joint,50,8.64309271608
O15:Monoculture::Oxa,O15,joint,51,11.646640516
O15:Monoculture::Oxa,O15,joint,52,11.5660451991
O15:Monoculture::Oxa,O15,joint,53,12.7285990967
O15:Monoculture::Oxa,O15,diagonal,0,7.65027892763
O15:Monoculture::Oxa,O15,diagonal,1,6.67444600435
O15:Monoculture::Oxa,O15,diagonal,2,10.6857058923
O15:Monoculture::Oxa,O15,diagonal,3,10.5804914837
O15:Monoculture::Oxa,O15,diagonal,4,9.5692582008
O15:Monoculture::Oxa,O15,diagonal,5,13.3300317598
O15:Monoculture::Oxa,O15,diagonal,6,16.5686496471
O15:Monoculture::Oxa,O15,diagonal,7,15.5893920536
O15:Monoculture::Oxa,O15,diagonal,8,18.7592499519
O15:Monoculture::Oxa,O15,diagonal,9,5.58629951732
O15:Monoculture::Oxa,O15,diagonal,10,5.76731149202
O15:Monoculture::Oxa,O15,diagonal,11,10.1911341158
O15:Monoculture::Oxa,O15,diagonal,12,8.04883662975
O15:Monoculture::Oxa,O15,diagonal,13,7.86706371465
O15:Monoculture::Oxa,O15,diagonal,14,11.545032856
O15:Monoculture::Oxa,O15,diagonal,15,15.0040104338
O15:Monoculture::Oxa,O15,diagonal,16,14.4782961582
O15:Monoculture::Oxa,O15,diagonal,17,17.1937134154
O15:Monoculture::Oxa,O15,diagonal,18,7.96522521427
O15:Monoculture::Oxa,O15,diagonal,19,9.19716205137
O15:Monoculture::Oxa,O15,diagonal,20,16.0577481084
O15:Monoculture::Oxa,O15,diagonal,21,8.24852866492
O15:Monoculture::Oxa,O15,diagonal,22,7.8630464148
O15:Monoculture::Oxa,O15,diagonal,23,12.4547743286
O15:Monoculture::Oxa,O15,diagonal,24,14.7855760039
O15:Monoculture::Oxa,O15,diagonal,25,13.8545207704
O15:Monoculture::Oxa,O15,diagonal,26,17.1088667182
O15:Monoculture::Oxa,O15,diagonal,27,10.3329575419
O15:Monoculture::Oxa,O15,diagonal,28,10.0956707058
O15:Monoculture::Oxa,O15,diagonal,29,11.1205611236
O15:Monoculture::Oxa,O15,diagonal,30,13.2557492655
O15:Monoculture::Oxa,O15,diagonal,31,13.0117910347
O15:Monoculture::Oxa,O15,diagonal,32,14.0146060066
O15:Monoculture::Oxa,O15,diagonal,33,18.7271348633
O15:Monoculture::Oxa,O15,diagonal,34,18.4743265426
O15:Monoculture::Oxa,O15,diagonal,35,19.4145199324
O15:Monoculture::Oxa,O15,diagonal,36,6.95796690607
O15:Monoculture::Oxa,O15,diagonal,37,7.1087053147
O15:Monoculture::Oxa,O15,diagonal,38,8.37695373592
O15:Monoculture::Oxa,O15,diagonal,39,9.3095712438
O15:Monoculture::Oxa,O15,diagonal,40,9.35482423747
O15:Monoculture::Oxa,O15,diagonal,41,10.4607798934
O15:Monoculture::Oxa,O15,diagonal,42,15.9228679878
O15:Monoculture::Oxa,O15,diagonal,43,15.877424759
O15:Monoculture::Oxa,O15,diagonal,44,16.7969170444
O15:Monoculture::Oxa,O15,diagonal,45,6.02525555344
O15:Monoculture::Oxa,O15,diagonal,46,6.83419462308
O15:Monoculture::Oxa,O15,diagonal,47,9.19752820974
O15:Monoculture::Oxa,O15,diagonal,48,8.06677104834
O15:Monoculture::Oxa,O15,diagonal,49,8.37475525761
O15:Monoculture::Oxa,O15,diagonal,50,10.0899017719
O15:Monoculture::Oxa,O15,diagonal,51,14.8418883903
O15:Monoculture::Oxa,O15,diagonal,52,14.7455178278
O15:Monoculture::Oxa,O15,diagonal,53,15.8934498062
O15:Monoculture::SN-38,O15,joint,0,8.05546289049
O15:Monoculture::SN-38,O15,joint,1,4.78504725402
O15:Monoculture::SN-38,O15,joint,2,6.4329989173
O15:Monoculture::SN-38,O15,joint,3,9.59240521485
O15:Monoculture::SN-38,O15,joint,4,6.57987188036
O15:Monoculture::SN-38,O15,joint,5,8.08900847077
O15:Monoculture::SN-38,O15,joint,6,14.6977599558
O15:Monoculture::SN-38,O15,joint,7,12.3269514993
O15:Monoculture::SN-38,O15,joint,8,13.4568159847
O15:Monoculture::SN-38,O15,joint,9,4.29304935428
O15:Monoculture::SN-38,O15,joint,10,0.813520916501
O15:Monoculture::SN-38,O15,joint,11,1.61721654138
O15:Monoculture::SN-38,O15,joint,12,6.77614901048
O15:Monoculture::SN-38,O15,joint,13,3.63455250702
O15:Monoculture::SN-38,O15,joint,14,4.32230847959
O15:Monoculture::SN-38,O15,joint,15,13.0721842034
O15:Monoculture::SN-38,O15,joint,16,10.6452228294
O15:Monoculture::SN-38,O15,joint,17,11.2450584348
O15:Monoculture::SN-38,O15,joint,18,8.01043274695
O15:Monoculture::SN-38,O15,joint,19,2.14583567606
O15:Monoculture::SN-38,O15,joint,20,2.02095178412
O15:Monoculture::SN-38,O15,joint,21,8.68791981194
O15:Monoculture::SN-38,O15,joint,22,4.05868991657
O15:Monoculture::SN-38,O15,joint,23,4.39699458963
O15:Monoculture::SN-38,O15,joint,24,13.8728115418
O15:Monoculture::SN-38,O15,joint,25,10.5100356404
O15:Monoculture::SN-38,O15,joint,26,11.1041040946
O15:Monoculture::SN-38,O15,joint,27,9.94703361531
O15:Monoculture::SN-38,O15,joint,28,9.1100248765
O15:Monoculture::SN-38,O15,joint,29,9.53132720784
O15:Monoculture::SN-38,O15,joint,30,11.4005896429
O15:Monoculture::SN-38,O15,joint,31,10.5829857337
O15:Monoculture::SN-38,O15,joint,32,10.9949736496
O15:Monoculture::SN-38,O15,joint,33,16.3401332597
O15:Monoculture::SN-38,O15,joint,34,15.5869999261
O15:Monoculture::SN-38,O15,joint,35,15.9642840737
O15:Monoculture::SN-38,O15,joint,36,4.1023085701
O15:Monoculture::SN-38,O15,joint,37,3.20347834053
O15:Monoculture::SN-38,O15,joint,38,3.43227704371
O15:Monoculture::SN-38,O15,joint,39,6.48023234795
O15:Monoculture::SN-38,O15,joint,40,5.6103502385
O15:Monoculture::SN-38,O15,joint,41,5.81127414472
O15:Monoculture::SN-38,O15,joint,42,12.9006390114
O15:Monoculture::SN-38,O15,joint,43,12.1152398856
O15:Monoculture::SN-38,O15,joint,44,12.2871788787
O15:Monoculture::SN-38,O15,joint,45,2.63093549256
O15:Monoculture::SN-38,O15,joint,46,0.983670284692
O15:Monoculture::SN-38,O15,joint,47,0.921993389559
O15:Monoculture::SN-38,O15,joint,48,5.22708360058
O15:Monoculture::SN-38,O15,joint,49,3.76093433286
O15:Monoculture::SN-38,O15,joint,50,3.72971335987
O15:Monoculture::SN-38,O15,joint,51,12.0096775451
O15:Monoculture::SN-38,O15,joint,52,10.8523700713
O15:Monoculture::SN-38,O15,joint,53,10.9369462395
O15:Monoculture::SN-38,O15,diagonal,0,8.22332214065
O15:Monoculture::SN-38,O15,diagonal,1,5.62197027834
O15:Monoculture::SN-38,O15,diagonal,2,8.00956471054
O15:Monoculture::SN-38,O15,diagonal,3,11.4376068411
O15:Monoculture::SN-38,O15,diagonal,4,8.97504210018
O15:Monoculture::SN-38,O15,diagonal,5,11.2857594261
O15:Monoculture::SN-38,O15,diagonal,6,17.483095271
O15:Monoculture::SN-38,O15,diagonal,7,15.4119177743
O15:Monoculture::SN-38,O15,diagonal,8,17.4975277175
O15:Monoculture::SN-38,O15,diagonal,9,4.78741922784
O15:Monoculture::SN-38,O15,diagonal,10,1.87826942493
O15:Monoculture::SN-38,O15,diagonal,11,3.20699534591
O15:Monoculture::SN-38,O15,diagonal,12,9.17871071747
O15:Monoculture::SN-38,O15,diagonal,13,6.58671588446
O15:Monoculture::SN-38,O15,diagonal,14,7.85116026238
O15:Monoculture::SN-38,O15,diagonal,15,16.1668624702
O15:Monoculture::SN-38,O15,diagonal,16,14.2188892329
O15:Monoculture::SN-38,O15,diagonal,17,15.5128061773
O15:Monoculture::SN-38,O15,diagonal,18,7.32697594523
O15:Monoculture::SN-38,O15,diagonal,19,2.65764889373
O15:Monoculture::SN-38,O15,diagonal,20,3.60968958367
O15:Monoculture::SN-38,O15,diagonal,21,10.4478991117
O15:Monoculture::SN-38,O15,diagonal,22,6.98107858844
O15:Monoculture::SN-38,O15,diagonal,23,8.48908209876
O15:Monoculture::SN-38,O15,diagonal,24,16.3717560204
O15:Monoculture::SN-38,O15,diagonal,25,14.1021712536
O15:Monoculture::SN-38,O15,diagonal,26,16.0264666734
O15:Monoculture::SN-38,O15,diagonal,27,10.5154345596
O15:Monoculture::SN-38,O15,diagonal,28,9.85478547265
O15:Monoculture::SN-38,O15,diagonal,29,10.4569737388
O15:Monoculture::SN-38,O15,diagonal,30,13.3820089076
O15:Monoculture::SN-38,O15,diagonal,31,12.7316709421
O15:Monoculture::SN-38,O15,diagonal,32,13.3285695501
O15:Monoculture::SN-38,O15,diagonal,33,18.9386613006
O15:Monoculture::SN-38,O15,diagonal,34,18.3230201154
O15:Monoculture::SN-38,O15,diagonal,35,18.9006994469
O15:Monoculture::SN-38,O15,diagonal,36,4.9422538987
O15:Monoculture::SN-38,O15,diagonal,37,4.20141783631
O15:Monoculture::SN-38,O15,diagonal,38,4.57673915937
O15:Monoculture::SN-38,O15,diagonal,39,9.1232889694
O15:Monoculture::SN-38,O15,diagonal,40,8.39600151867
O15:Monoculture::SN-38,O15,diagonal,41,8.72818299892
O15:Monoculture::SN-38,O15,diagonal,42,16.2290308948
O15:Monoculture::SN-38,O15,diagonal,43,15.5810321865
O15:Monoculture::SN-38,O15,diagonal,44,15.897143281
O15:Monoculture::SN-38,O15,diagonal,45,3.20933761093
O15:Monoculture::SN-38,O15,diagonal,46,1.83918562605
O15:Monoculture::SN-38,O15,diagonal,47,2.02126793021
O15:Monoculture::SN-38,O15,diagonal,48,7.93124611053
O15:Monoculture::SN-38,O15,diagonal,49,6.76391434766
O15:Monoculture::SN-38,O15,diagonal,50,7.00192452014
O15:Monoculture::SN-38,O15,diagonal,51,15.4145226991
O15:Monoculture::SN-38,O15,diagonal,52,14.5478175683
O15:Monoculture::SN-38,O15,diagonal,53,14.9248184458
O16:Coculture:F17:5-FU,O16,joint,0,10.7480534096
O16:Coculture:F17:5-FU,O16,joint,1,9.11156694726
O16:Coculture:F17:5-FU,O16,joint,2,12.3894165405
O16:Coculture:F17:5-FU,O16,joint,3,9.24963662904
O16:Coculture:F17:5-FU,O16,joint,4,7.71231821744
O16:Coculture:F17:5-FU,O16,joint,5,10.6944296491
O16:Coculture:F17:5-FU,O16,joint,6,13.8665776197
O16:Coculture:F17:5-FU,O16,joint,7,12.5553030529
O16:Coculture:F17:5-FU,O16,joint,8,14.7595742221
O16:Coculture:F17:5-FU,O16,joint,9,7.76016142418
O16:Coculture:F17:5-FU,O16,joint,10,7.27980870221
O16:Coculture:F17:5-FU,O16,joint,11,11.0823005736
O16:Coculture:F17:5-FU,O16,joint,12,6.19042311631
O16:Coculture:F17:5-FU,O16,joint,13,5.32266003281
O16:Coculture:F17:5-FU,O16,joint,14,8.2848211452
O16:Coculture:F17:5-FU,O16,joint,15,11.9971535931
O16:Coculture:F17:5-FU,O16,joint,16,10.8814161343
O16:Coculture:F17:5-FU,O16,joint,17,12.8096550545
O16:Coculture:F17:5-FU,O16,joint,18,10.0972963297
O16:Coculture:F17:5-FU,O16,joint,19,10.2004157202
O16:Coculture:F17:5-FU,O16,joint,20,16.0377039605
O16:Coculture:F17:5-FU,O16,joint,21,6.67018807994
O16:Coculture:F17:5-FU,O16,joint,22,5.20198378971
O16:Coculture:F17:5-FU,O16,joint,23,8.70637635717
O16:Coculture:F17:5-FU,O16,joint,24,12.0550665987
O16:Coculture:F17:5-FU,O16,joint,25,10.1809186427
O16:Coculture:F17:5-FU,O16,joint,26,12.2922947696
O16:Coculture:F17:5-FU,O16,joint,27,13.7544584505
O16:Coculture:F17:5-FU,O16,joint,28,13.3366865745
O16:Coculture:F17:5-FU,O16,joint,29,14.1763744926
O16:Coculture:F17:5-FU,O16,joint,30,12.0965690522
O16:Coculture:F17:5-FU,O16,joint,31,11.6874474366
O16:Coculture:F17:5-FU,O16,joint,32,12.506909835
O16:Coculture:F17:5-FU,O16,joint,33,16.2710200545
O16:Coculture:F17:5-FU,O16,joint,34,15.8866904516
O16:Coculture:F17:5-FU,O16,joint,35,16.6322183095
O16:Coculture:F17:5-FU,O16,joint,36,8.78286059289
O16:Coculture:F17:5-FU,O16,joint,37,8.73574698659
O16:Coculture:F17:5-FU,O16,joint,38,9.81639525935
O16:Coculture:F17:5-FU,O16,joint,39,7.35559137056
O16:Coculture:F17:5-FU,O16,joint,40,7.23550319006
O16:Coculture:F17:5-FU,O16,joint,41,8.18612615791
O16:Coculture:F17:5-FU,O16,joint,42,12.7543801229
O16:Coculture:F17:5-FU,O16,joint,43,12.537439352
O16:Coculture:F17:5-FU,O16,joint,44,13.2779796301
O16:Coculture:F17:5-FU,O16,joint,45,7.91470795789
O16:Coculture:F17:5-FU,O16,joint,46,8.39560075872
O16:Coculture:F17:5-FU,O16,joint,47,10.4616307944
O16:Coculture:F17:5-FU,O16,joint,48,5.75137345413
O16:Coculture:F17:5-FU,O16,joint,49,5.77715330175
O16:Coculture:F17:5-FU,O16,joint,50,7.23647536181
O16:Coculture:F17:5-FU,O16,joint,51,11.5118524083
O16:Coculture:F17:5-FU,O16,joint,52,11.1448013358
O16:Coculture:F17:5-FU,O16,joint,53,12.0208994776
O16:Coculture:F17:5-FU,O16,diagonal,0,8.48713537397
O16:Coculture:F17:5-FU,O16,diagonal,1,7.24487251752
O16:Coculture:F17:5-FU,O16,diagonal,2,10.9897024723
O16:Coculture:F17:5-FU,O16,diagonal,3,10.6826190449
O16:Coculture:F17:5-FU,O16,diagonal,4,9.45531060873
O16:Coculture:F17:5-FU,O16,diagonal,5,13.0000090144
O16:Coculture:F17:5-FU,O16,diagonal,6,16.6424671115
O16:Coculture:F17:5-FU,O16,diagonal,7,15.5102542059
O16:Coculture:F17:5-FU,O16,diagonal,8,18.527156792
O16:Coculture:F17:5-FU,O16,diagonal,9,5.41684583146
O16:Coculture:F17:5-FU,O16,diagonal,10,5.16622917856
O16:Coculture:F17:5-FU,O16,diagonal,11,9.15842317476
O16:Coculture:F17:5-FU,O16,diagonal,12,8.18029331061
O16:Coculture:F17:5-FU,O16,diagonal,13,7.61007562236
O16:Coculture:F17:5-FU,O16,diagonal,14,10.8995999906
O16:Coculture:F17:5-FU,O16,diagonal,15,15.1632053102
O16:Coculture:F17:5-FU,O16,diagonal,16,14.3881997746
O16:Coculture:F17:5-FU,O16,diagonal,17,16.8543257717
O16:Coculture:F17:5-FU,O16,diagonal,18,7.95649268267
O16:Coculture:F17:5-FU,O16,diagonal,19,8.31570236257
O16:Coculture:F17:5-FU,O16,diagonal,20,14.3035612624
O16:Coculture:F17:5-FU,O16,diagonal,21,8.62229881909
O16:Coculture:F17:5-FU,O16,diagonal,22,7.67228135526
O16:Coculture:F17:5-FU,O16,diagonal,23,11.6994740553
O16:Coculture:F17:5-FU,O16,diagonal,24,15.0140952395
O16:Coculture:F17:5-FU,O16,diagonal,25,13.8529290623
O16:Coculture:F17:5-FU,O16,diagonal,26,16.8771640665
O16:Coculture:F17:5-FU,O16,diagonal,27,11.6383054596
O16:Coculture:F17:5-FU,O16,diagonal,28,11.3266798507
O16:Coculture:F17:5-FU,O16,diagonal,29,12.2772314956
O16:Coculture:F17:5-FU,O16,diagonal,30,13.4649633771
O16:Coculture:F17:5-FU,O16,diagonal,31,13.154397663
O16:Coculture:F17:5-FU,O16,diagonal,32,14.0906051516
O16:Coculture:F17:5-FU,O16,diagonal,33,18.7526667536
O16:Coculture:F17:5-FU,O16,diagonal,34,18.4458396446
O16:Coculture:F17:5-FU,O16,diagonal,35,19.332014246
O16:Coculture:F17:5-FU,O16,diagonal,36,6.63212616319
O16:Coculture:F17:5-FU,O16,diagonal,37,6.65665950254
O16:Coculture:F17:5-FU,O16,diagonal,38,7.79870285449
O16:Coculture:F17:5-FU,O16,diagonal,39,9.26720782233
O16:Coculture:F17:5-FU,O16,diagonal,40,9.20455365911
O16:Coculture:F17:5-FU,O16,diagonal,41,10.2026021582
O16:Coculture:F17:5-FU,O16,diagonal,42,15.955732158
O16:Coculture:F17:5-FU,O16,diagonal,43,15.813177736
O16:Coculture:F17:5-FU,O16,diagonal,44,16.635558828
O16:Coculture:F17:5-FU,O16,diagonal,45,5.74059822125
O16:Coculture:F17:5-FU,O16,diagonal,46,6.29948916192
O16:Coculture:F17:5-FU,O16,diagonal,47,8.41277461961
O16:Coculture:F17:5-FU,O16,diagonal,48,8.06458791544
O16:Coculture:F17:5-FU,O16,diagonal,49,8.15439033541
O16:Coculture:F17:5-FU,O16,diagonal,50,9.65135506037
O16:Coculture:F17:5-FU,O16,diagonal,51,14.9353309288
O16:Coculture:F17:5-FU,O16,diagonal,52,14.6978265629
O16:Coculture:F17:5-FU,O16,diagonal,53,15.7046247379
O16:Coculture:F17:Gef,O16,joint,0,29.5124243937
O16:Coculture:F17:Gef,O16,joint,1,29.6924696348
O16:Coculture:F17:Gef,O16,joint,2,34.7868453464
O16:Coculture:F17:Gef,O16,joint,3,13.528573635
O16:Coculture:F17:Gef,O16,joint,4,13.7343072338
O16:Coculture:F17:Gef,O16,joint,5,18.4632398838
O16:Coculture:F17:Gef,O16,joint,6,14.4579770487
O16:Coculture:F17:Gef,O16,joint,7,14.5457501843
O16:Coculture:F17:Gef,O16,joint,8,18.1984689647
O16:Coculture:F17:Gef,O16,joint,9,31.0033126883
O16:Coculture:F17:Gef,O16,joint,10,32.2186991193
O16:Coculture:F17:Gef,O16,joint,11,37.7171841289
O16:Coculture:F17:Gef,O16,joint,12,11.9125574974
O16:Coculture:F17:Gef,O16,joint,13,12.7189396235
O16:Coculture:F17:Gef,O16,joint,14,17.3637007792
O16:Coculture:F17:Gef,O16,joint,15,13.1556946703
O16:Coculture:F17:Gef,O16,joint,16,13.270743437
O16:Coculture:F17:Gef,O16,joint,17,16.467476641
O16:Coculture:F17:Gef,O16,joint,18,39.1276537471
O16:Coculture:F17:Gef,O16,joint,19,42.1820219915
O16:Coculture:F17:Gef,O16,joint,20,50.972838523
O16:Coculture:F17:Gef,O16,joint,21,14.2901022922
O16:Coculture:F17:Gef,O16,joint,22,14.81366734
O16:Coculture:F17:Gef,O16,joint,23,20.3297585957
O16:Coculture:F17:Gef,O16,joint,24,13.4087097538
O16:Coculture:F17:Gef,O16,joint,25,12.8946271375
O16:Coculture:F17:Gef,O16,joint,26,16.4120148257
O16:Coculture:F17:Gef,O16,joint,27,32.7099607445
O16:Coculture:F17:Gef,O16,joint,28,32.7478481614
O16:Coculture:F17:Gef,O16,joint,29,34.0439347424
O16:Coculture:F17:Gef,O16,joint,30,16.7675538356
O16:Coculture:F17:Gef,O16,joint,31,16.8125651459
O16:Coculture:F17:Gef,O16,joint,32,18.0861590738
O16:Coculture:F17:Gef,O16,joint,33,17.3145170273
O16:Coculture:F17:Gef,O16,joint,34,17.365950427
O16:Coculture:F17:Gef,O16,joint,35,18.5481835895
O16:Coculture:F17:Gef,O16,joint,36,31.3281546723
O16:Coculture:F17:Gef,O16,joint,37,31.5902504657
O16:Coculture:F17:Gef,O16,joint,38,32.9826348324
O16:Coculture:F17:Gef,O16,joint,39,13.1500813841
O16:Coculture:F17:Gef,O16,joint,40,13.4539279919
O16:Coculture:F17:Gef,O16,joint,41,14.8285492443
O16:Coculture:F17:Gef,O16,joint,42,14.1818404931
O16:Coculture:F17:Gef,O16,joint,43,14.3834360247
O16:Coculture:F17:Gef,O16,joint,44,15.5446263136
O16:Coculture:F17:Gef,O16,joint,45,33.553574265
O16:Coculture:F17:Gef,O16,joint,46,34.9140020802
O16:Coculture:F17:Gef,O16,joint,47,37.8583186528
O16:Coculture:F17:Gef,O16,joint,48,13.0194025783
O16:Coculture:F17:Gef,O16,joint,49,13.7829946394
O16:Coculture:F17:Gef,O16,joint,50,15.9806987722
O16:Coculture:F17:Gef,O16,joint,51,13.4323805396
O16:Coculture:F17:Gef,O16,joint,52,13.5632718016
O16:Coculture:F17:Gef,O16,joint,53,14.9422946155
O16:Coculture:F17:Gef,O16,diagonal,0,20.6747466605
O16:Coculture:F17:Gef,O16,diagonal,1,19.802687399
O16:Coculture:F17:Gef,O16,diagonal,2,23.9206204142
O16:Coculture:F17:Gef,O16,diagonal,3,13.7935652126
O16:Coculture:F17:Gef,O16,diagonal,4,12.971151385
O16:Coculture:F17:Gef,O16,diagonal,5,16.9213933348
O16:Coculture:F17:Gef,O16,diagonal,6,17.2275272245
O16:Coculture:F17:Gef,O16,diagonal,7,16.4686504711
O16:Coculture:F17:Gef,O16,diagonal,8,19.8589685366
O16:Coculture:F17:Gef,O16,diagonal,9,20.4346570292
O16:Coculture:F17:Gef,O16,diagonal,10,20.4919571509
O16:Coculture:F17:Gef,O16,diagonal,11,24.7965296195
O16:Coculture:F17:Gef,O16,diagonal,12,11.7143271103
O16:Coculture:F17:Gef,O16,diagonal,13,11.521872354
O16:Coculture:F17:Gef,O16,diagonal,14,15.1889649164
O16:Coculture:F17:Gef,O16,diagonal,15,15.8371308497
O16:Coculture:F17:Gef,O16,diagonal,16,15.3607730544
O16:Coculture:F17:Gef,O16,diagonal,17,18.127570504
O16:Coculture:F17:Gef,O16,diagonal,18,23.0008389354
O16:Coculture:F17:Gef,O16,diagonal,19,23.8143566039
O16:Coculture:F17:Gef,O16,diagonal,20,30.2563798866
O16:Coculture:F17:Gef,O16,diagonal,21,11.8945997725
O16:Coculture:F17:Gef,O16,diagonal,22,11.4046284477
O16:Coculture:F17:Gef,O16,diagonal,23,15.8933574587
O16:Coculture:F17:Gef,O16,diagonal,24,15.5808861951
O16:Coculture:F17:Gef,O16,diagonal,25,14.7787927673
O16:Coculture:F17:Gef,O16,diagonal,26,18.1680336323
O16:Coculture:F17:Gef,O16,diagonal,27,23.2307475598
O16:Coculture:F17:Gef,O16,diagonal,28,23.0052211655
O16:Coculture:F17:Gef,O16,diagonal,29,24.0428971341
O16:Coculture:F17:Gef,O16,diagonal,30,16.4788374104
O16:Coculture:F17:Gef,O16,diagonal,31,16.260822595
O16:Coculture:F17:Gef,O16,diagonal,32,17.2903058488
O16:Coculture:F17:Gef,O16,diagonal,33,19.4807684378
O16:Coculture:F17:Gef,O16,diagonal,34,19.2751649809
O16:Coculture:F17:Gef,O16,diagonal,35,20.2627254683
O16:Coculture:F17:Gef,O16,diagonal,36,21.3142264101
O16:Coculture:F17:Gef,O16,diagonal,37,21.2958130548
O16:Coculture:F17:Gef,O16,diagonal,38,22.3982790998
O16:Coculture:F17:Gef,O16,diagonal,39,12.9727575271
O16:Coculture:F17:Gef,O16,diagonal,40,12.9870825575
O16:Coculture:F17:Gef,O16,diagonal,41,14.0632256747
O16:Coculture:F17:Gef,O16,diagonal,42,16.8015435729
O16:Coculture:F17:Gef,O16,diagonal,43,16.7534298838
O16:Coculture:F17:Gef,O16,diagonal,44,17.6702030244
O16:Coculture:F17:Gef,O16,diagonal,45,21.3985409893
O16:Coculture:F17:Gef,O16,diagonal,46,22.0300789595
O16:Coculture:F17:Gef,O16,diagonal,47,24.2164175075
O16:Coculture:F17:Gef,O16,diagonal,48,11.7986170585
O16:Coculture:F17:Gef,O16,diagonal,49,12.0019964756
O16:Coculture:F17:Gef,O16,diagonal,50,13.6125022963
O16:Coculture:F17:Gef,O16,diagonal,51,15.7351807528
O16:Coculture:F17:Gef,O16,diagonal,52,15.6126879216
O16:Coculture:F17:Gef,O16,diagonal,53,16.7348701743
O16:Coculture:F17:Oxa,O16,joint,0,12.8026516427
O16:Coculture:F17:Oxa,O16,joint,1,9.88179412467
O16:Coculture:F17:Oxa,O16,joint,2,11.8752726622
O16:Coculture:F17:Oxa,O16,joint,3,10.3883342649
O16:Coculture:F17:Oxa,O16,joint,4,7.70951445998
O16:Coculture:F17:Oxa,O16,joint,5,9.55012449829
O16:Coculture:F17:Oxa,O16,joint,6,14.5489271587
O16:Coculture:F17:Oxa,O16,joint,7,12.4632371032
O16:Coculture:F17:Oxa,O16,joint,8,13.8930927837
O16:Coculture:F17:Oxa,O16,joint,9,7.5329196503
O16:Coculture:F17:Oxa,O16,joint,10,5.63875275789
O16:Coculture:F17:Oxa,O16,joint,11,8.02743045883
O16:Coculture:F17:Oxa,O16,joint,12,6.2793168238
O16:Coculture:F17:Oxa,O16,joint,13,4.38811589384
O16:Coculture:F17:Oxa,O16,joint,14,6.32683915975
O16:Coculture:F17:Oxa,O16,joint,15,12.1299794907
O16:Coculture:F17:Oxa,O16,joint,16,10.5076266713
O16:Coculture:F17:Oxa,O16,joint,17,11.9292502308
O16:Coculture:F17:Oxa,O16,joint,18,6.34010598938
O16:Coculture:F17:Oxa,O16,joint,19,4.1770253552
O16:Coculture:F17:Oxa,O16,joint,20,7.74811357081
O16:Coculture:F17:Oxa,O16,joint,21,5.49381979303
O16:Coculture:F17:Oxa,O16,joint,22,3.2110910146
O16:Coculture:F17:Oxa,O16,joint,23,5.90095909387
O16:Coculture:F17:Oxa,O16,joint,24,11.8174393287
O16:Coculture:F17:Oxa,O16,joint,25,9.75315198143
O16:Coculture:F17:Oxa,O16,joint,26,11.6743887171
O16:Coculture:F17:Oxa,O16,joint,27,15.1177994998
O16:Coculture:F17:Oxa,O16,joint,28,14.3689132015
O16:Coculture:F17:Oxa,O16,joint,29,14.8774866974
O16:Coculture:F17:Oxa,O16,joint,30,12.6102186105
O16:Coculture:F17:Oxa,O16,joint,31,11.880004231
O16:Coculture:F17:Oxa,O16,joint,32,12.3783738654
O16:Coculture:F17:Oxa,O16,joint,33,16.5556944634
O16:Coculture:F17:Oxa,O16,joint,34,15.8859895122
O16:Coculture:F17:Oxa,O16,joint,35,16.3461420218
O16:Coculture:F17:Oxa,O16,joint,36,8.92980163835
O16:Coculture:F17:Oxa,O16,joint,37,8.46466206069
O16:Coculture:F17:Oxa,O16,joint,38,9.12728436208
O16:Coculture:F17:Oxa,O16,joint,39,7.29878092709
O16:Coculture:F17:Oxa,O16,joint,40,6.82523920398
O16:Coculture:F17:Oxa,O16,joint,41,7.42240862922
O16:Coculture:F17:Oxa,O16,joint,42,12.7766035497
O16:Coculture:F17:Oxa,O16,joint,43,12.3038033173
O16:Coculture:F17:Oxa,O16,joint,44,12.7884841337
O16:Coculture:F17:Oxa,O16,joint,45,5.79191930796
O16:Coculture:F17:Oxa,O16,joint,46,5.34383113088
O16:Coculture:F17:Oxa,O16,joint,47,6.48088018868
O16:Coculture:F17:Oxa,O16,joint,48,4.81207586904
O16:Coculture:F17:Oxa,O16,joint,49,4.2713057105
O16:Coculture:F17:Oxa,O16,joint,50,5.1640777644
O16:Coculture:F17:Oxa,O16,joint,51,11.2177603366
O16:Coculture:F17:Oxa,O16,joint,52,10.647078142
O16:Coculture:F17:Oxa,O16,joint,53,11.3195451618
O16:Coculture:F17:Oxa,O16,diagonal,0,11.891671418
O16:Coculture:F17:Oxa,O16,diagonal,1,10.113099301
O16:Coculture:F17:Oxa,O16,diagonal,2,13.3216199953
O16:Coculture:F17:Oxa,O16,diagonal,3,11.684896581
O16:Coculture:F17:Oxa,O16,diagonal,4,9.96119782663
O16:Coculture:F17:Oxa,O16,diagonal,5,13.0095059141
O16:Coculture:F17:Oxa,O16,diagonal,6,17.0475424401
O16:Coculture:F17:Oxa,O16,diagonal,7,15.501164121
O16:Coculture:F17:Oxa,O16,diagonal,8,18.1039012937
O16:Coculture:F17:Oxa,O16,diagonal,9,7.88555773891
O16:Coculture:F17:Oxa,O16,diagonal,10,6.98229274477
O16:Coculture:F17:Oxa,O16,diagonal,11,10.3218383997
O16:Coculture:F17:Oxa,O16,diagonal,12,8.6532511311
O16:Coculture:F17:Oxa,O16,diagonal,13,7.61492606968
O16:Coculture:F17:Oxa,O16,diagonal,14,10.4363430647
O16:Coculture:F17:Oxa,O16,diagonal,15,15.2543211396
O16:Coculture:F17:Oxa,O16,diagonal,16,14.1850079393
O16:Coculture:F17:Oxa,O16,diagonal,17,16.3568262718
O16:Coculture:F17:Oxa,O16,diagonal,18,7.51289725011
O16:Coculture:F17:Oxa,O16,diagonal,19,6.80653784931
O16:Coculture:F17:Oxa,O16,diagonal,20,11.7288276684
O16:Coculture:F17:Oxa,O16,diagonal,21,8.00112952465
O16:Coculture:F17:Oxa,O16,diagonal,22,6.5977989255
O16:Coculture:F17:Oxa,O16,diagonal,23,10.1716784902
O16:Coculture:F17:Oxa,O16,diagonal,24,14.9446847292
O16:Coculture:F17:Oxa,O16,diagonal,25,13.4281581388
O16:Coculture:F17:Oxa,O16,diagonal,26,16.0970327298
O16:Coculture:F17:Oxa,O16,diagonal,27,14.933683349
O16:Coculture:F17:Oxa,O16,diagonal,28,14.4848348731
O16:Coculture:F17:Oxa,O16,diagonal,29,15.298163651
O16:Coculture:F17:Oxa,O16,diagonal,30,14.3160973881
O16:Coculture:F17:Oxa,O16,diagonal,31,13.8714543588
O16:Coculture:F17:Oxa,O16,diagonal,32,14.6735845324
O16:Coculture:F17:Oxa,O16,diagonal,33,19.0032361377
O16:Coculture:F17:Oxa,O16,diagonal,34,18.5723114491
O16:Coculture:F17:Oxa,O16,diagonal,35,19.3343884709
O16:Coculture:F17:Oxa,O16,diagonal,36,9.33247101792
O16:Coculture:F17:Oxa,O16,diagonal,37,9.15643072236
O16:Coculture:F17:Oxa,O16,diagonal,38,10.0979004394
O16:Coculture:F17:Oxa,O16,diagonal,39,9.88438579919
O16:Coculture:F17:Oxa,O16,diagonal,40,9.65856955066
O16:Coculture:F17:Oxa,O16,diagonal,41,10.4934559644
O16:Coculture:F17:Oxa,O16,diagonal,42,16.0739716132
O16:Coculture:F17:Oxa,O16,diagonal,43,15.8143903478
O16:Coculture:F17:Oxa,O16,diagonal,44,16.5197445966
O16:Coculture:F17:Oxa,O16,diagonal,45,7.28874371834
O16:Coculture:F17:Oxa,O16,diagonal,46,7.34982299888
O16:Coculture:F17:Oxa,O16,diagonal,47,8.96529679643
O16:Coculture:F17:Oxa,O16,diagonal,48,7.9536890573
O16:Coculture:F17:Oxa,O16,diagonal,49,7.77709920709
O16:Coculture:F17:Oxa,O16,diagonal,50,9.00767166188
O16:Coculture:F17:Oxa,O16,diagonal,51,14.7800386052
O16:Coculture:F17:Oxa,O16,diagonal,52,14.4292059554
O16:Coculture:F17:Oxa,O16,diagonal,53,15.3226758466
O16:Coculture:F17:SN-38,O16,joint,0,16.9413063893
O16:Coculture:F17:SN-38,O16,joint,1,14.54756367
O16:Coculture:F17:SN-38,O16,joint,2,17.0721882505
O16:Coculture:F17:SN-38,O16,joint,3,11.1435245837
O16:Coculture:F17:SN-38,O16,joint,4,8.96798614533
O16:Coculture:F17:SN-38,O16,joint,5,11.3141176318
O16:Coculture:F17:SN-38,O16,joint,6,14.5143866263
O16:Coculture:F17:SN-38,O16,joint,7,12.8245587862
O16:Coculture:F17:SN-38,O16,joint,8,14.6354038881
O16:Coculture:F17:SN-38,O16,joint,9,14.2917954908
O16:Coculture:F17:SN-38,O16,joint,10,12.2539406459
O16:Coculture:F17:SN-38,O16,joint,11,14.4993098637
O16:Coculture:F17:SN-38,O16,joint,12,8.04033207945
O16:Coculture:F17:SN-38,O16,joint,13,6.42664154226
O16:Coculture:F17:SN-38,O16,joint,14,8.6423034811
O16:Coculture:F17:SN-38,O16,joint,15,12.5538415249
O16:Coculture:F17:SN-38,O16,joint,16,11.1086084947
O16:Coculture:F17:SN-38,O16,joint,17,12.6901724441
O16:Coculture:F17:SN-38,O16,joint,18,16.0414715121
O16:Coculture:F17:SN-38,O16,joint,19,14.5336025547
O16:Coculture:F17:SN-38,O16,joint,20,18.7654467762
O16:Coculture:F17:SN-38,O16,joint,21,8.32045961353
O16:Coculture:F17:SN-38,O16,joint,22,6.05120104797
O16:Coculture:F17:SN-38,O16,joint,23,8.74947705085
O16:Coculture:F17:SN-38,O16,joint,24,12.6733751362
O16:Coculture:F17:SN-38,O16,joint,25,10.4076567613
O16:Coculture:F17:SN-38,O16,joint,26,12.098782742
O16:Coculture:F17:SN-38,O16,joint,27,19.4895557871
O16:Coculture:F17:SN-38,O16,joint,28,18.8736507081
O16:Coculture:F17:SN-38,O16,joint,29,19.5160566992
O16:Coculture:F17:SN-38,O16,joint,30,13.6220505176
O16:Coculture:F17:SN-38,O16,joint,31,13.0236148377
O16:Coculture:F17:SN-38,O16,joint,32,13.6547709829
O16:Coculture:F17:SN-38,O16,joint,33,16.7279131019
O16:Coculture:F17:SN-38,O16,joint,34,16.1840284923
O16:Coculture:F17:SN-38,O16,joint,35,16.770561364
O16:Coculture:F17:SN-38,O16,joint,36,14.6573304585
O16:Coculture:F17:SN-38,O16,joint,37,13.982221692
O16:Coculture:F17:SN-38,O16,joint,38,14.4347418583
O16:Coculture:F17:SN-38,O16,joint,39,8.97991888208
O16:Coculture:F17:SN-38,O16,joint,40,8.47045517086
O16:Coculture:F17:SN-38,O16,joint,41,9.0317974753
O16:Coculture:F17:SN-38,O16,joint,42,13.2166847787
O16:Coculture:F17:SN-38,O16,joint,43,12.8132621444
O16:Coculture:F17:SN-38,O16,joint,44,13.3671776291
O16:Coculture:F17:SN-38,O16,joint,45,14.1807464479
O16:Coculture:F17:SN-38,O16,joint,46,13.8458046935
O16:Coculture:F17:SN-38,O16,joint,47,15.0964512518
O16:Coculture:F17:SN-38,O16,joint,48,7.23484329186
O16:Coculture:F17:SN-38,O16,joint,49,6.85787605251
O16:Coculture:F17:SN-38,O16,joint,50,7.9158371079
O16:Coculture:F17:SN-38,O16,joint,51,11.9178124955
O16:Coculture:F17:SN-38,O16,joint,52,11.3504978541
O16:Coculture:F17:SN-38,O16,joint,53,12.0250668548
O16:Coculture:F17:SN-38,O16,diagonal,0,13.4247129989
O16:Coculture:F17:SN-38,O16,diagonal,1,12.0755457658
O16:Coculture:F17:SN-38,O16,diagonal,2,15.7153248272
O16:Coculture:F17:SN-38,O16,diagonal,3,11.9041927379
O16:Coculture:F17:SN-38,O16,diagonal,4,10.6614961694
O16:Coculture:F17:SN-38,O16,diagonal,5,14.1920816679
O16:Coculture:F17:SN-38,O16,diagonal,6,16.9024852033
O16:Coculture:F17:SN-38,O16,diagonal,7,15.8746723675
O16:Coculture:F17:SN-38,O16,diagonal,8,19.0036469716
O16:Coculture:F17:SN-38,O16,diagonal,9,10.3641346441
O16:Coculture:F17:SN-38,O16,diagonal,10,9.39242423578
O16:Coculture:F17:SN-38,O16,diagonal,11,12.6585895513
O16:Coculture:F17:SN-38,O16,diagonal,12,9.46201595622
O16:Coculture:F17:SN-38,O16,diagonal,13,8.64258601975
O16:Coculture:F17:SN-38,O16,diagonal,14,11.6795952942
O16:Coculture:F17:SN-38,O16,diagonal,15,15.5333519554
O16:Coculture:F17:SN-38,O16,diagonal,16,14.7356164425
O16:Coculture:F17:SN-38,O16,diagonal,17,17.1797711113
O16:Coculture:F17:SN-38,O16,diagonal,18,12.6945420366
O16:Coculture:F17:SN-38,O16,diagonal,19,12.2619445795
O16:Coculture:F17:SN-38,O16,diagonal,20,17.4507148638
O16:Coculture:F17:SN-38,O16,diagonal,21,10.2085804988
O16:Coculture:F17:SN-38,O16,diagonal,22,9.01759752933
O16:Coculture:F17:SN-38,O16,diagonal,23,12.8014385935
O16:Coculture:F17:SN-38,O16,diagonal,24,15.4982876037
O16:Coculture:F17:SN-38,O16,diagonal,25,14.4272380873
O16:Coculture:F17:SN-38,O16,diagonal,26,17.5500687577
O16:Coculture:F17:SN-38,O16,diagonal,27,16.5361443997
O16:Coculture:F17:SN-38,O16,diagonal,28,16.188947801
O16:Coculture:F17:SN-38,O16,diagonal,29,17.1045885553
O16:Coculture:F17:SN-38,O16,diagonal,30,14.6823566222
O16:Coculture:F17:SN-38,O16,diagonal,31,14.3450648139
O16:Coculture:F17:SN-38,O16,diagonal,32,15.2550095793
O16:Coculture:F17:SN-38,O16,diagonal,33,19.0553077748
O16:Coculture:F17:SN-38,O16,diagonal,34,18.7446336327
O16:Coculture:F17:SN-38,O16,diagonal,35,19.6272800073
O16:Coculture:F17:SN-38,O16,diagonal,36,11.5154692694
O16:Coculture:F17:SN-38,O16,diagonal,37,11.1545857735
O16:Coculture:F17:SN-38,O16,diagonal,38,11.9098596631
O16:Coculture:F17:SN-38,O16,diagonal,39,10.5174678235
O16:Coculture:F17:SN-38,O16,diagonal,40,10.2745402214
O16:Coculture:F17:SN-38,O16,diagonal,41,11.0910815503
O16:Coculture:F17:SN-38,O16,diagonal,42,16.2998572045
O16:Coculture:F17:SN-38,O16,diagonal,43,16.0949997203
O16:Coculture:F17:SN-38,O16,diagonal,44,16.8542520389
O16:Coculture:F17:SN-38,O16,diagonal,45,10.3938365461
O16:Coculture:F17:SN-38,O16,diagonal,46,10.522608374
O16:Coculture:F17:SN-38,O16,diagonal,47,12.203614491
O16:Coculture:F17:SN-38,O16,diagonal,48,9.27313763337
O16:Coculture:F17:SN-38,O16,diagonal,49,9.16498826909
O16:Coculture:F17:SN-38,O16,diagonal,50,10.4621808402
O16:Coculture:F17:SN-38,O16,diagonal,51,15.3546930458
O16:Coculture:F17:SN-38,O16,diagonal,52,15.0569473035
O16:Coculture:F17:SN-38,O16,diagonal,53,16.0029075695
O16:Monoculture::5-FU,O16,joint,0,8.85717079056
O16:Monoculture::5-FU,O16,joint,1,5.98586952433
O16:Monoculture::5-FU,O16,joint,2,8.0289043137
O16:Monoculture::5-FU,O16,joint,3,9.56860815114
O16:Monoculture::5-FU,O16,joint,4,6.91226511742
O16:Monoculture::5-FU,O16,joint,5,8.77535192696
O16:Monoculture::5-FU,O16,joint,6,14.5422650038
O16:Monoculture::5-FU,O16,joint,7,12.4220223242
O16:Monoculture::5-FU,O16,joint,8,13.8173253806
O16:Monoculture::5-FU,O16,joint,9,5.11186636657
O16:Monoculture::5-FU,O16,joint,10,3.37858070962
O16:Monoculture::5-FU,O16,joint,11,5.92813964602
O16:Monoculture::5-FU,O16,joint,12,6.26107012347
O16:Monoculture::5-FU,O16,joint,13,4.66780221764
O16:Monoculture::5-FU,O16,joint,14,6.90445850769
O16:Monoculture::5-FU,O16,joint,15,12.5444485509
O16:Monoculture::5-FU,O16,joint,16,10.9675670697
O16:Monoculture::5-FU,O16,joint,17,12.4346619674
O16:Monoculture::5-FU,O16,joint,18,10.3298317866
O16:Monoculture::5-FU,O16,joint,19,9.94989484253
O16:Monoculture::5-FU,O16,joint,20,15.3041267482
O16:Monoculture::5-FU,O16,joint,21,7.95230685472
O16:Monoculture::5-FU,O16,joint,22,6.10158525831
O16:Monoculture::5-FU,O16,joint,23,9.2234605196
O16:Monoculture::5-FU,O16,joint,24,13.0415644707
O16:Monoculture::5-FU,O16,joint,25,10.7438153915
O16:Monoculture::5-FU,O16,joint,26,12.4315903952
O16:Monoculture::5-FU,O16,joint,27,11.0352929997
O16:Monoculture::5-FU,O16,joint,28,10.3012656987
O16:Monoculture::5-FU,O16,joint,29,10.8246981918
O16:Monoculture::5-FU,O16,joint,30,11.6238483975
O16:Monoculture::5-FU,O16,joint,31,10.9060230809
O16:Monoculture::5-FU,O16,joint,32,11.4167817783
O16:Monoculture::5-FU,O16,joint,33,16.350762935
O16:Monoculture::5-FU,O16,joint,34,15.6866771765
O16:Monoculture::5-FU,O16,joint,35,16.1524488789
O16:Monoculture::5-FU,O16,joint,36,5.43634356674
O16:Monoculture::5-FU,O16,joint,37,4.92379058012
O16:Monoculture::5-FU,O16,joint,38,5.53899947256
O16:Monoculture::5-FU,O16,joint,39,6.69351760615
O16:Monoculture::5-FU,O16,joint,40,6.26019619191
O16:Monoculture::5-FU,O16,joint,41,6.89758592601
O16:Monoculture::5-FU,O16,joint,42,12.7720418747
O16:Monoculture::5-FU,O16,joint,43,12.3737248982
O16:Monoculture::5-FU,O16,joint,44,12.9328889707
O16:Monoculture::5-FU,O16,joint,45,5.64954140502
O16:Monoculture::5-FU,O16,joint,46,5.78513208412
O16:Monoculture::5-FU,O16,joint,47,7.5058599981
O16:Monoculture::5-FU,O16,joint,48,5.80950731836
O16:Monoculture::5-FU,O16,joint,49,5.71452308233
O16:Monoculture::5-FU,O16,joint,50,7.05308105875
O16:Monoculture::5-FU,O16,joint,51,11.832382102
O16:Monoculture::5-FU,O16,joint,52,11.3697017029
O16:Monoculture::5-FU,O16,joint,53,12.1501705182
O16:Monoculture::5-FU,O16,diagonal,0,7.95850297279
O16:Monoculture::5-FU,O16,diagonal,1,5.19212701743
O16:Monoculture::5-FU,O16,diagonal,2,7.41284387327
O16:Monoculture::5-FU,O16,diagonal,3,11.5119506651
O16:Monoculture::5-FU,O16,diagonal,4,8.86754331468
O16:Monoculture::5-FU,O16,diagonal,5,10.9951428061
O16:Monoculture::5-FU,O16,diagonal,6,17.67307937
O16:Monoculture::5-FU,O16,diagonal,7,15.3395203702
O16:Monoculture::5-FU,O16,diagonal,8,17.1550768622
O16:Monoculture::5-FU,O16,diagonal,9,4.26099380803
O16:Monoculture::5-FU,O16,diagonal,10,2.84012990872
O16:Monoculture::5-FU,O16,diagonal,11,5.66207665852
O16:Monoculture::5-FU,O16,diagonal,12,8.52714295557
O16:Monoculture::5-FU,O16,diagonal,13,7.14170720992
O16:Monoculture::5-FU,O16,diagonal,14,9.61601352072
O16:Monoculture::5-FU,O16,diagonal,15,15.78801255
O16:Monoculture::5-FU,O16,diagonal,16,14.2859441942
O16:Monoculture::5-FU,O16,diagonal,17,16.0250073713
O16:Monoculture::5-FU,O16,diagonal,18,8.09152666712
O16:Monoculture::5-FU,O16,diagonal,19,7.76965967559
O16:Monoculture::5-FU,O16,diagonal,20,13.076441904
O16:Monoculture::5-FU,O16,diagonal,21,9.37071696257
O16:Monoculture::5-FU,O16,diagonal,22,7.56979596751
O16:Monoculture::5-FU,O16,diagonal,23,10.7460851363
O16:Monoculture::5-FU,O16,diagonal,24,15.9805196485
O16:Monoculture::5-FU,O16,diagonal,25,13.7676139371
O16:Monoculture::5-FU,O16,diagonal,26,15.740109407
O16:Monoculture::5-FU,O16,diagonal,27,10.1151763866
O16:Monoculture::5-FU,O16,diagonal,28,9.41361458019
O16:Monoculture::5-FU,O16,diagonal,29,9.97423002769
O16:Monoculture::5-FU,O16,diagonal,30,13.3328052768
O16:Monoculture::5-FU,O16,diagonal,31,12.6412112879
O16:Monoculture::5-FU,O16,diagonal,32,13.1963905019
O16:Monoculture::5-FU,O16,diagonal,33,18.9599996587
O16:Monoculture::5-FU,O16,diagonal,34,18.2988978211
O16:Monoculture::5-FU,O16,diagonal,35,18.8307976939
O16:Monoculture::5-FU,O16,diagonal,36,4.76480558505
O16:Monoculture::5-FU,O16,diagonal,37,4.3379045119
O16:Monoculture::5-FU,O16,diagonal,38,5.02851345135
O16:Monoculture::5-FU,O16,diagonal,39,8.97824481647
O16:Monoculture::5-FU,O16,diagonal,40,8.62302884165
O16:Monoculture::5-FU,O16,diagonal,41,9.3285155291
O16:Monoculture::5-FU,O16,diagonal,42,16.0424445693
O16:Monoculture::5-FU,O16,diagonal,43,15.6960856329
O16:Monoculture::5-FU,O16,diagonal,44,16.3146622106
O16:Monoculture::5-FU,O16,diagonal,45,4.64223344737
O16:Monoculture::5-FU,O16,diagonal,46,4.92831050825
O16:Monoculture::5-FU,O16,diagonal,47,6.76878208615
O16:Monoculture::5-FU,O16,diagonal,48,8.09834641155
O16:Monoculture::5-FU,O16,diagonal,49,8.01787966367
O16:Monoculture::5-FU,O16,diagonal,50,9.34457522076
O16:Monoculture::5-FU,O16,diagonal,51,15.1224354647
O16:Monoculture::5-FU,O16,diagonal,52,14.672205216
O16:Monoculture::5-FU,O16,diagonal,53,15.4662775082
O16:Monoculture::Gef,O16,joint,0,79.9406459845
O16:Monoculture::Gef,O16,joint,1,71.8928239568
O16:Monoculture::Gef,O16,joint,2,68.7593323995
O16:Monoculture::Gef,O16,joint,3,36.7881907623
O16:Monoculture::Gef,O16,joint,4,29.4213802187
O16:Monoculture::Gef,O16,joint,5,26.5777687264
O16:Monoculture::Gef,O16,joint,6,27.4803474902
O16:Monoculture::Gef,O16,joint,7,21.780043547
O16:Monoculture::Gef,O16,joint,8,19.6446852486
O16:Monoculture::Gef,O16,joint,9,125.63816514
O16:Monoculture::Gef,O16,joint,10,113.66965805
O16:Monoculture::Gef,O16,joint,11,105.98424954
O16:Monoculture::Gef,O16,joint,12,53.3224676238
O16:Monoculture::Gef,O16,joint,13,44.5159870089
O16:Monoculture::Gef,O16,joint,14,39.5478854236
O16:Monoculture::Gef,O16,joint,15,30.3000853337
O16:Monoculture::Gef,O16,joint,16,24.470407885
O16:Monoculture::Gef,O16,joint,17,21.7224148737
O16:Monoculture::Gef,O16,joint,18,190.624899263
O16:Monoculture::Gef,O16,joint,19,174.062659823
O16:Monoculture::Gef,O16,joint,20,163.23686867
O16:Monoculture::Gef,O16,joint,21,66.733129466
O16:Monoculture::Gef,O16,joint,22,55.9562603496
O16:Monoculture::Gef,O16,joint,23,50.1719174412
O16:Monoculture::Gef,O16,joint,24,33.2424271008
O16:Monoculture::Gef,O16,joint,25,26.1571950211
O16:Monoculture::Gef,O16,joint,26,23.1034332461
O16:Monoculture::Gef,O16,joint,27,71.0947026295
O16:Monoculture::Gef,O16,joint,28,69.032083223
O16:Monoculture::Gef,O16,joint,29,68.2276629804
O16:Monoculture::Gef,O16,joint,30,29.3746092333
O16:Monoculture::Gef,O16,joint,31,27.3626537264
O16:Monoculture::Gef,O16,joint,32,26.579280837
O16:Monoculture::Gef,O16,joint,33,23.1294213091
O16:Monoculture::Gef,O16,joint,34,21.2877186732
O16:Monoculture::Gef,O16,joint,35,20.5768158002
O16:Monoculture::Gef,O16,joint,36,86.7785865435
O16:Monoculture::Gef,O16,joint,37,83.1217780379
O16:Monoculture::Gef,O16,joint,38,80.5952581055
O16:Monoculture::Gef,O16,joint,39,36.808794497
O16:Monoculture::Gef,O16,joint,40,33.8166677247
O16:Monoculture::Gef,O16,joint,41,31.895315597
O16:Monoculture::Gef,O16,joint,42,24.5343180248
O16:Monoculture::Gef,O16,joint,43,22.332697871
O16:Monoculture::Gef,O16,joint,44,21.0906724747
O16:Monoculture::Gef,O16,joint,45,142.29671539
O16:Monoculture::Gef,O16,joint,46,136.117101995
O16:Monoculture::Gef,O16,joint,47,131.521377358
O16:Monoculture::Gef,O16,joint,48,50.8937139573
O16:Monoculture::Gef,O16,joint,49,46.7531540972
O16:Monoculture::Gef,O16,joint,50,44.0467063089
O16:Monoculture::Gef,O16,joint,51,26.543137333
O16:Monoculture::Gef,O16,joint,52,23.848920054
O16:Monoculture::Gef,O16,joint,53,22.4028343269
O16:Monoculture::Gef,O16,diagonal,0,53.5976172743
O16:Monoculture::Gef,O16,diagonal,1,47.1127858147
O16:Monoculture::Gef,O16,diagonal,2,45.6179466317
O16:Monoculture::Gef,O16,diagonal,3,30.0169107239
O16:Monoculture::Gef,O16,diagonal,4,24.1483945816
O16:Monoculture::Gef,O16,diagonal,5,23.0525342165
O16:Monoculture::Gef,O16,diagonal,6,26.027431695
O16:Monoculture::Gef,O16,diagonal,7,21.4829493095
O16:Monoculture::Gef,O16,diagonal,8,21.0876617427
O16:Monoculture::Gef,O16,diagonal,9,85.4862786193
O16:Monoculture::Gef,O16,diagonal,10,76.5226371739
O16:Monoculture::Gef,O16,diagonal,11,71.8062680755
O16:Monoculture::Gef,O16,diagonal,12,38.550683546
O16:Monoculture::Gef,O16,diagonal,13,32.3092973358
O16:Monoculture::Gef,O16,diagonal,14,29.9274584444
O16:Monoculture::Gef,O16,diagonal,15,26.4111084282
O16:Monoculture::Gef,O16,diagonal,16,22.3514931943
O16:Monoculture::Gef,O16,diagonal,17,21.5350332054
O16:Monoculture::Gef,O16,diagonal,18,118.531565261
O16:Monoculture::Gef,O16,diagonal,19,107.447092269
O16:Monoculture::Gef,O16,diagonal,20,101.991124892
O16:Monoculture::Gef,O16,diagonal,21,45.7006895558
O16:Monoculture::Gef,O16,diagonal,22,38.4951787271
O16:Monoculture::Gef,O16,diagonal,23,36.2683682341
O16:Monoculture::Gef,O16,diagonal,24,27.96132654
O16:Monoculture::Gef,O16,diagonal,25,23.4313988233
O16:Monoculture::Gef,O16,diagonal,26,23.0928053995
O16:Monoculture::Gef,O16,diagonal,27,46.4185003834
O16:Monoculture::Gef,O16,diagonal,28,44.7473149768
O16:Monoculture::Gef,O16,diagonal,29,44.3393319331
O16:Monoculture::Gef,O16,diagonal,30,24.7095550638
O16:Monoculture::Gef,O16,diagonal,31,23.0883471989
O16:Monoculture::Gef,O16,diagonal,32,22.7146374032
O16:Monoculture::Gef,O16,diagonal,33,23.5366048156
O16:Monoculture::Gef,O16,diagonal,34,22.06947578
O16:Monoculture::Gef,O16,diagonal,35,21.7955106888
O16:Monoculture::Gef,O16,diagonal,36,59.2749660271
O16:Monoculture::Gef,O16,diagonal,37,56.3479358017
O16:Monoculture::Gef,O16,diagonal,38,54.5417849766
O16:Monoculture::Gef,O16,diagonal,39,29.2356629247
O16:Monoculture::Gef,O16,diagonal,40,26.9947525633
O16:Monoculture::Gef,O16,diagonal,41,25.8156602887
O16:Monoculture::Gef,O16,diagonal,42,23.5106326818
O16:Monoculture::Gef,O16,diagonal,43,21.9502861293
O16:Monoculture::Gef,O16,diagonal,44,21.3548264064
O16:Monoculture::Gef,O16,diagonal,45,92.2016595988
O16:Monoculture::Gef,O16,diagonal,46,87.9708314742
O16:Monoculture::Gef,O16,diagonal,47,85.2948039275
O16:Monoculture::Gef,O16,diagonal,48,35.6812986399
O16:Monoculture::Gef,O16,diagonal,49,32.910180392
O16:Monoculture::Gef,O16,diagonal,50,31.5461885475
O16:Monoculture::Gef,O16,diagonal,51,24.1867031986
O16:Monoculture::Gef,O16,diagonal,52,22.3853254914
O16:Monoculture::Gef,O16,diagonal,53,21.8286228682
O16:Monoculture::Oxa,O16,joint,0,22.726082226
O16:Monoculture::Oxa,O16,joint,1,20.1097129254
O16:Monoculture::Oxa,O16,joint,2,22.4076796805
O16:Monoculture::Oxa,O16,joint,3,12.801605182
O16:Monoculture::Oxa,O16,joint,4,10.3981479846
O16:Monoculture::Oxa,O16,joint,5,12.5141206305
O16:Monoculture::Oxa,O16,joint,6,15.1439494364
O16:Monoculture::Oxa,O16,joint,7,13.2574806192
O16:Monoculture::Oxa,O16,joint,8,14.886557538
O16:Monoculture::Oxa,O16,joint,9,20.8060194461
O16:Monoculture::Oxa,O16,joint,10,18.4432276884
O16:Monoculture::Oxa,O16,joint,11,20.3632805241
O16:Monoculture::Oxa,O16,joint,12,10.5969574443
O16:Monoculture::Oxa,O16,joint,13,8.69351173765
O16:Monoculture::Oxa,O16,joint,14,10.6199902269
O16:Monoculture::Oxa,O16,joint,15,13.4115295789
O16:Monoculture::Oxa,O16,joint,16,11.867401196
O16:Monoculture::Oxa,O16,joint,17,13.3672491921
O16:Monoculture::Oxa,O16,joint,18,28.4825153381
O16:Monoculture::Oxa,O16,joint,19,26.6999012559
O16:Monoculture::Oxa,O16,joint,20,30.6514560235
O16:Monoculture::Oxa,O16,joint,21,11.5251496134
O16:Monoculture::Oxa,O16,joint,22,9.46340394469
O16:Monoculture::Oxa,O16,joint,23,12.3742551337
O16:Monoculture::Oxa,O16,joint,24,13.3841806881
O16:Monoculture::Oxa,O16,joint,25,11.3550230149
O16:Monoculture::Oxa,O16,joint,26,13.3113894246
O16:Monoculture::Oxa,O16,joint,27,25.1521265348
O16:Monoculture::Oxa,O16,joint,28,24.4818482
O16:Monoculture::Oxa,O16,joint,29,25.0690296593
O16:Monoculture::Oxa,O16,joint,30,15.0910762563
O16:Monoculture::Oxa,O16,joint,31,14.4369839312
O16:Monoculture::Oxa,O16,joint,32,15.01147562
O16:Monoculture::Oxa,O16,joint,33,17.1590121927
O16:Monoculture::Oxa,O16,joint,34,16.5581478934
O16:Monoculture::Oxa,O16,joint,35,17.0871410548
O16:Monoculture::Oxa,O16,joint,36,19.8451539325
O16:Monoculture::Oxa,O16,joint,37,19.1510135179
O16:Monoculture::Oxa,O16,joint,38,19.5846349824
O16:Monoculture::Oxa,O16,joint,39,10.617055876
O16:Monoculture::Oxa,O16,joint,40,10.0263579366
O16:Monoculture::Oxa,O16,joint,41,10.5063711455
O16:Monoculture::Oxa,O16,joint,42,13.8560137049
O16:Monoculture::Oxa,O16,joint,43,13.3801522782
O16:Monoculture::Oxa,O16,joint,44,13.8617719005
O16:Monoculture::Oxa,O16,joint,45,23.7725484451
O16:Monoculture::Oxa,O16,joint,46,23.1831793372
O16:Monoculture::Oxa,O16,joint,47,24.1789474643
O16:Monoculture::Oxa,O16,joint,48,10.3476782062
O16:Monoculture::Oxa,O16,joint,49,9.90202468568
O16:Monoculture::Oxa,O16,joint,50,10.8899133776
O16:Monoculture::Oxa,O16,joint,51,12.7255927917
O16:Monoculture::Oxa,O16,joint,52,12.2101563745
O16:Monoculture::Oxa,O16,joint,53,12.9378691718
O16:Monoculture::Oxa,O16,diagonal,0,14.7997358944
O16:Monoculture::Oxa,O16,diagonal,1,12.180684645
O16:Monoculture::Oxa,O16,diagonal,2,14.5487262068
O16:Monoculture::Oxa,O16,diagonal,3,13.0542521661
O16:Monoculture::Oxa,O16,diagonal,4,10.5756778484
O16:Monoculture::Oxa,O16,diagonal,5,12.8691103727
O16:Monoculture::Oxa,O16,diagonal,6,17.8560442568
O16:Monoculture::Oxa,O16,diagonal,7,15.7325244707
O16:Monoculture::Oxa,O16,diagonal,8,17.7581201763
O16:Monoculture::Oxa,O16,diagonal,9,12.5488920482
O16:Monoculture::Oxa,O16,diagonal,10,10.5075195153
O16:Monoculture::Oxa,O16,diagonal,11,12.7089576315
O16:Monoculture::Oxa,O16,diagonal,12,10.6253941963
O16:Monoculture::Oxa,O16,diagonal,13,9.01414258032
O16:Monoculture::Oxa,O16,diagonal,14,11.2626330208
O16:Monoculture::Oxa,O16,diagonal,15,16.076402514
O16:Monoculture::Oxa,O16,diagonal,16,14.6475220062
O16:Monoculture::Oxa,O16,diagonal,17,16.4597730311
O16:Monoculture::Oxa,O16,diagonal,18,15.8812078296
O16:Monoculture::Oxa,O16,diagonal,19,14.5849105093
O16:Monoculture::Oxa,O16,diagonal,20,18.917262409
O16:Monoculture::Oxa,O16,diagonal,21,10.6566632909
O16:Monoculture::Oxa,O16,diagonal,22,8.78792710616
O16:Monoculture::Oxa,O16,diagonal,23,11.8964010853
O16:Monoculture::Oxa,O16,diagonal,24,15.9728922062
O16:Monoculture::Oxa,O16,diagonal,25,13.9996690886
O16:Monoculture::Oxa,O16,diagonal,26,16.2118471523
O16:Monoculture::Oxa,O16,diagonal,27,17.120988504
O16:Monoculture::Oxa,O16,diagonal,28,16.4553394356
O16:Monoculture::Oxa,O16,diagonal,29,17.0518676212
O16:Monoculture::Oxa,O16,diagonal,30,15.0431135072
O16:Monoculture::Oxa,O16,diagonal,31,14.3883506948
O16:Monoculture::Oxa,O16,diagonal,32,14.9803610853
O16:Monoculture::Oxa,O16,diagonal,33,19.3455750339
O16:Monoculture::Oxa,O16,diagonal,34,18.7259314545
O16:Monoculture::Oxa,O16,diagonal,35,19.2992895856
O16:Monoculture::Oxa,O16,diagonal,36,12.1514183771
O16:Monoculture::Oxa,O16,diagonal,37,11.5093463036
O16:Monoculture::Oxa,O16,diagonal,38,11.9847842426
O16:Monoculture::Oxa,O16,diagonal,39,11.0502193765
O16:Monoculture::Oxa,O16,diagonal,40,10.5398762433
O16:Monoculture::Oxa,O16,diagonal,41,11.0902357723
O16:Monoculture::Oxa,O16,diagonal,42,16.5670073794
O16:Monoculture::Oxa,O16,diagonal,43,16.1641944755
O16:Monoculture::Oxa,O16,diagonal,44,16.7263170856
O16:Monoculture::Oxa,O16,diagonal,45,13.6767512054
O16:Monoculture::Oxa,O16,diagonal,46,13.3629069536
O16:Monoculture::Oxa,O16,diagonal,47,14.6034572189
O16:Monoculture::Oxa,O16,diagonal,48,10.0457667022
O16:Monoculture::Oxa,O16,diagonal,49,9.72169237209
O16:Monoculture::Oxa,O16,diagonal,50,10.804780347
O16:Monoculture::Oxa,O16,diagonal,51,15.4439220468
O16:Monoculture::Oxa,O16,diagonal,52,14.9767380006
O16:Monoculture::Oxa,O16,diagonal,53,15.7538564954
O17:Coculture:F06:5-FU,O17,joint,0,2.67964109445
O17:Coculture:F06:5-FU,O17,joint,1,2.23297296509
O17:Coculture:F06:5-FU,O17,joint,2,6.70064089133
O17:Coculture:F06:5-FU,O17,joint,3,6.41545437484
O17:Coculture:F06:5-FU,O17,joint,4,6.04998510122
O17:Coculture:F06:5-FU,O17,joint,5,10.2039456708
O17:Coculture:F06:5-FU,O17,joint,6,12.4527383623
O17:Coculture:F06:5-FU,O17,joint,7,12.2232544362
O17:Coculture:F06:5-FU,O17,joint,8,15.5093162461
O17:Coculture:F06:5-FU,O17,joint,9,-1.37256867447
O17:Coculture:F06:5-FU,O17,joint,10,-2.242475126
O17:Coculture:F06:5-FU,O17,joint,11,1.17046301582
O17:Coculture:F06:5-FU,O17,joint,12,3.0417386132
O17:Coculture:F06:5-FU,O17,joint,13,2.48334332703
O17:Coculture:F06:5-FU,O17,joint,14,5.75487223674
O17:Coculture:F06:5-FU,O17,joint,15,10.415338088
O17:Coculture:F06:5-FU,O17,joint,16,10.1481208965
O17:Coculture:F06:5-FU,O17,joint,17,12.9248800841
O17:Coculture:F06:5-FU,O17,joint,18,-2.97619339351
O17:Coculture:F06:5-FU,O17,joint,19,-4.40425796997
O17:Coculture:F06:5-FU,O17,joint,20,-0.0981536966364
O17:Coculture:F06:5-FU,O17,joint,21,1.63460347659
O17:Coculture:F06:5-FU,O17,joint,22,1.02046714348
O17:Coculture:F06:5-FU,O17,joint,23,5.37892766807
O17:Coculture:F06:5-FU,O17,joint,24,9.55619513815
O17:Coculture:F06:5-FU,O17,joint,25,9.34286683511
O17:Coculture:F06:5-FU,O17,joint,26,13.115062615
O17:Coculture:F06:5-FU,O17,joint,27,6.54083162736
O17:Coculture:F06:5-FU,O17,joint,28,6.42141232308
O17:Coculture:F06:5-FU,O17,joint,29,7.55945281289
O17:Coculture:F06:5-FU,O17,joint,30,10.0794659734
O17:Coculture:F06:5-FU,O17,joint,31,9.96779894111
O17:Coculture:F06:5-FU,O17,joint,32,11.0847159227
O17:Coculture:F06:5-FU,O17,joint,33,15.5624744909
O17:Coculture:F06:5-FU,O17,joint,34,15.4711071725
O17:Coculture:F06:5-FU,O17,joint,35,16.5095973149
O17:Coculture:F06:5-FU,O17,joint,36,0.953959252583
O17:Coculture:F06:5-FU,O17,joint,37,0.649265717924
O17:Coculture:F06:5-FU,O17,joint,38,1.47233406232
O17:Coculture:F06:5-FU,O17,joint,39,5.07240884589
O17:Coculture:F06:5-FU,O17,joint,40,4.85493223301
O17:Coculture:F06:5-FU,O17,joint,41,5.70816676846
O17:Coculture:F06:5-FU,O17,joint,42,11.9672089971
O17:Coculture:F06:5-FU,O17,joint,43,11.8276101756
O17:Coculture:F06:5-FU,O17,joint,44,12.645492403
O17:Coculture:F06:5-FU,O17,joint,45,-2.39715722497
O17:Coculture:F06:5-FU,O17,joint,46,-2.99872905356
O17:Coculture:F06:5-FU,O17,joint,47,-2.01516364727
O17:Coculture:F06:5-FU,O17,joint,48,2.48300102332
O17:Coculture:F06:5-FU,O17,joint,49,2.12598487921
O17:Coculture:F06:5-FU,O17,joint,50,3.20251094754
O17:Coculture:F06:5-FU,O17,joint,51,10.2529562575
O17:Coculture:F06:5-FU,O17,joint,52,10.0994221742
O17:Coculture:F06:5-FU,O17,joint,53,11.1890373053
O17:Coculture:F06:5-FU,O17,diagonal,0,3.95902750975
O17:Coculture:F06:5-FU,O17,diagonal,1,3.95114597282
O17:Coculture:F06:5-FU,O17,diagonal,2,8.9303572471
O17:Coculture:F06:5-FU,O17,diagonal,3,8.75029411818
O17:Coculture:F06:5-FU,O17,diagonal,4,8.78501155981
O17:Coculture:F06:5-FU,O17,diagonal,5,13.5917358433
O17:Coculture:F06:5-FU,O17,diagonal,6,15.4572935516
O17:Coculture:F06:5-FU,O17,diagonal,7,15.5454892057
O17:Coculture:F06:5-FU,O17,diagonal,8,19.7828003517
O17:Coculture:F06:5-FU,O17,diagonal,9,0.0131685616025
O17:Coculture:F06:5-FU,O17,diagonal,10,-0.384965209777
O17:Coculture:F06:5-FU,O17,diagonal,11,3.45971166795
O17:Coculture:F06:5-FU,O17,diagonal,12,5.96874522188
O17:Coculture:F06:5-FU,O17,diagonal,13,5.79488194106
O17:Coculture:F06:5-FU,O17,diagonal,14,9.4807607167
O17:Coculture:F06:5-FU,O17,diagonal,15,13.9526120045
O17:Coculture:F06:5-FU,O17,diagonal,16,13.9499766029
O17:Coculture:F06:5-FU,O17,diagonal,17,17.1884727341
O17:Coculture:F06:5-FU,O17,diagonal,18,-1.76924328527
O17:Coculture:F06:5-FU,O17,diagonal,19,-2.38719975112
O17:Coculture:F06:5-FU,O17,diagonal,20,2.62349300295
O17:Coculture:F06:5-FU,O17,diagonal,21,4.676539705
O17:Coculture:F06:5-FU,O17,diagonal,22,4.5407805641
O17:Coculture:F06:5-FU,O17,diagonal,23,9.38223158711
O17:Coculture:F06:5-FU,O17,diagonal,24,13.2285532825
O17:Coculture:F06:5-FU,O17,diagonal,25,13.3163133135
O17:Coculture:F06:5-FU,O17,diagonal,26,17.5894745259
O17:Coculture:F06:5-FU,O17,diagonal,27,7.9338607256
O17:Coculture:F06:5-FU,O17,diagonal,28,7.92702729186
O17:Coculture:F06:5-FU,O17,diagonal,29,9.18237111201
O17:Coculture:F06:5-FU,O17,diagonal,30,12.332936411
O17:Coculture:F06:5-FU,O17,diagonal,31,12.3309660268
O17:Coculture:F06:5-FU,O17,diagonal,32,13.5757688454
O17:Coculture:F06:5-FU,O17,diagonal,33,18.269585522
O17:Coculture:F06:5-FU,O17,diagonal,34,18.2782648824
O17:Coculture:F06:5-FU,O17,diagonal,35,19.4799459532
O17:Coculture:F06:5-FU,O17,diagonal,36,2.41375887245
O17:Coculture:F06:5-FU,O17,diagonal,37,2.24967405527
O17:Coculture:F06:5-FU,O17,diagonal,38,3.20309925069
O17:Coculture:F06:5-FU,O17,diagonal,39,7.91628850487
O17:Coculture:F06:5-FU,O17,diagonal,40,7.81675506202
O17:Coculture:F06:5-FU,O17,diagonal,41,8.77792428146
O17:Coculture:F06:5-FU,O17,diagonal,42,15.4028451358
O17:Coculture:F06:5-FU,O17,diagonal,43,15.3593793156
O17:Coculture:F06:5-FU,O17,diagonal,44,16.2808490096
O17:Coculture:F06:5-FU,O17,diagonal,45,-0.751170697886
O17:Coculture:F06:5-FU,O17,diagonal,46,-1.0772604781
O17:Coculture:F06:5-FU,O17,diagonal,47,0.151044258703
O17:Coculture:F06:5-FU,O17,diagonal,48,5.63315392345
O17:Coculture:F06:5-FU,O17,diagonal,49,5.47866480699
O17:Coculture:F06:5-FU,O17,diagonal,50,6.7313379955
O17:Coculture:F06:5-FU,O17,diagonal,51,13.9488911503
O17:Coculture:F06:5-FU,O17,diagonal,52,13.9149513651
O17:Coculture:F06:5-FU,O17,diagonal,53,15.1253141209
O17:Coculture:F06:Oxa,O17,joint,0,8.28170078423
O17:Coculture:F06:Oxa,O17,joint,1,7.89060005083
O17:Coculture:F06:Oxa,O17,joint,2,12.413835373
O17:Coculture:F06:Oxa,O17,joint,3,7.91919119669
O17:Coculture:F06:Oxa,O17,joint,4,7.61033688758
O17:Coculture:F06:Oxa,O17,joint,5,11.8209124217
O17:Coculture:F06:Oxa,O17,joint,6,12.8475889912
O17:Coculture:F06:Oxa,O17,joint,7,12.6565425532
O17:Coculture:F06:Oxa,O17,joint,8,15.9810418511
O17:Coculture:F06:Oxa,O17,joint,9,5.20562468318
O17:Coculture:F06:Oxa,O17,joint,10,4.99870354415
O17:Coculture:F06:Oxa,O17,joint,11,9.07462699848
O17:Coculture:F06:Oxa,O17,joint,12,4.58109173251
O17:Coculture:F06:Oxa,O17,joint,13,4.38038853234
O17:Coculture:F06:Oxa,O17,joint,14,8.00960952806
O17:Coculture:F06:Oxa,O17,joint,15,10.7569329386
O17:Coculture:F06:Oxa,O17,joint,16,10.645074496
O17:Coculture:F06:Oxa,O17,joint,17,13.5771924324
O17:Coculture:F06:Oxa,O17,joint,18,3.33867236553
O17:Coculture:F06:Oxa,O17,joint,19,2.88202111072
O17:Coculture:F06:Oxa,O17,joint,20,8.15953870571
O17:Coculture:F06:Oxa,O17,joint,21,3.05784264202
O17:Coculture:F06:Oxa,O17,joint,22,2.91263822463
O17:Coculture:F06:Oxa,O17,joint,23,7.74003066494
O17:Coculture:F06:Oxa,O17,joint,24,9.88010316947
O17:Coculture:F06:Oxa,O17,joint,25,9.86448759974
O17:Coculture:F06:Oxa,O17,joint,26,13.8343961129
O17:Coculture:F06:Oxa,O17,joint,27,11.9326906161
O17:Coculture:F06:Oxa,O17,joint,28,11.826222631
O17:Coculture:F06:Oxa,O17,joint,29,12.9772144399
O17:Coculture:F06:Oxa,O17,joint,30,11.4799808959
O17:Coculture:F06:Oxa,O17,joint,31,11.3822057125
O17:Coculture:F06:Oxa,O17,joint,32,12.5130145431
O17:Coculture:F06:Oxa,O17,joint,33,15.9384086964
O17:Coculture:F06:Oxa,O17,joint,34,15.8611951191
O17:Coculture:F06:Oxa,O17,joint,35,16.9138390026
O17:Coculture:F06:Oxa,O17,joint,36,7.44025326261
O17:Coculture:F06:Oxa,O17,joint,37,7.36464151015
O17:Coculture:F06:Oxa,O17,joint,38,8.41679163675
O17:Coculture:F06:Oxa,O17,joint,39,6.71695718531
O17:Coculture:F06:Oxa,O17,joint,40,6.66522690055
O17:Coculture:F06:Oxa,O17,joint,41,7.68420776413
O17:Coculture:F06:Oxa,O17,joint,42,12.3520472769
O17:Coculture:F06:Oxa,O17,joint,43,12.3018714769
O17:Coculture:F06:Oxa,O17,joint,44,13.2091767258
O17:Coculture:F06:Oxa,O17,joint,45,4.44733205307
O17:Coculture:F06:Oxa,O17,joint,46,4.28824339356
O17:Coculture:F06:Oxa,O17,joint,47,5.71429196895
O17:Coculture:F06:Oxa,O17,joint,48,4.06171746308
O17:Coculture:F06:Oxa,O17,joint,49,3.94755464938
O17:Coculture:F06:Oxa,O17,joint,50,5.26693404813
O17:Coculture:F06:Oxa,O17,joint,51,10.6087660488
O17:Coculture:F06:Oxa,O17,joint,52,10.5724649445
O17:Coculture:F06:Oxa,O17,joint,53,11.7793130546
O17:Coculture:F06:Oxa,O17,diagonal,0,6.68888263184
O17:Coculture:F06:Oxa,O17,diagonal,1,6.57191448484
O17:Coculture:F06:Oxa,O17,diagonal,2,11.442039149
O17:Coculture:F06:Oxa,O17,diagonal,3,9.5518237334
O17:Coculture:F06:Oxa,O17,diagonal,4,9.44653900607
O17:Coculture:F06:Oxa,O17,diagonal,5,14.1132611206
O17:Coculture:F06:Oxa,O17,diagonal,6,15.7415246131
O17:Coculture:F06:Oxa,O17,diagonal,7,15.6406907404
O17:Coculture:F06:Oxa,O17,diagonal,8,19.6889723595
O17:Coculture:F06:Oxa,O17,diagonal,9,3.06915954699
O17:Coculture:F06:Oxa,O17,diagonal,10,3.03360844693
O17:Coculture:F06:Oxa,O17,diagonal,11,7.24086799598
O17:Coculture:F06:Oxa,O17,diagonal,12,6.70366854017
O17:Coculture:F06:Oxa,O17,diagonal,13,6.63943068481
O17:Coculture:F06:Oxa,O17,diagonal,14,10.4349348859
O17:Coculture:F06:Oxa,O17,diagonal,15,14.1724496611
O17:Coculture:F06:Oxa,O17,diagonal,16,14.1147355017
O17:Coculture:F06:Oxa,O17,diagonal,17,17.2981528751
O17:Coculture:F06:Oxa,O17,diagonal,18,1.13312723468
O17:Coculture:F06:Oxa,O17,diagonal,19,0.989937271913
O17:Coculture:F06:Oxa,O17,diagonal,20,6.47539652907
O17:Coculture:F06:Oxa,O17,diagonal,21,5.4128737907
O17:Coculture:F06:Oxa,O17,diagonal,22,5.35067521978
O17:Coculture:F06:Oxa,O17,diagonal,23,10.2656868128
O17:Coculture:F06:Oxa,O17,diagonal,24,13.5096924698
O17:Coculture:F06:Oxa,O17,diagonal,25,13.4239792647
O17:Coculture:F06:Oxa,O17,diagonal,26,17.5236672411
O17:Coculture:F06:Oxa,O17,diagonal,27,10.4495043405
O17:Coculture:F06:Oxa,O17,diagonal,28,10.4176007975
O17:Coculture:F06:Oxa,O17,diagonal,29,11.6478745083
O17:Coculture:F06:Oxa,O17,diagonal,30,13.0154001915
O17:Coculture:F06:Oxa,O17,diagonal,31,12.9861581548
O17:Coculture:F06:Oxa,O17,diagonal,32,14.2036893208
O17:Coculture:F06:Oxa,O17,diagonal,33,18.4699679258
O17:Coculture:F06:Oxa,O17,diagonal,34,18.4436467439
O17:Coculture:F06:Oxa,O17,diagonal,35,19.6103272726
O17:Coculture:F06:Oxa,O17,diagonal,36,5.4991008905
O17:Coculture:F06:Oxa,O17,diagonal,37,5.49788208141
O17:Coculture:F06:Oxa,O17,diagonal,38,6.61417328492
O17:Coculture:F06:Oxa,O17,diagonal,39,8.68028625122
O17:Coculture:F06:Oxa,O17,diagonal,40,8.6713984762
O17:Coculture:F06:Oxa,O17,diagonal,41,9.72321336346
O17:Coculture:F06:Oxa,O17,diagonal,42,15.5865759654
O17:Coculture:F06:Oxa,O17,diagonal,43,15.5705165016
O17:Coculture:F06:Oxa,O17,diagonal,44,16.5193925518
O17:Coculture:F06:Oxa,O17,diagonal,45,2.37596161871
O17:Coculture:F06:Oxa,O17,diagonal,46,2.31562228087
O17:Coculture:F06:Oxa,O17,diagonal,47,3.80967746003
O17:Coculture:F06:Oxa,O17,diagonal,48,6.35874655344
O17:Coculture:F06:Oxa,O17,diagonal,49,6.32294906275
O17:Coculture:F06:Oxa,O17,diagonal,50,7.69431387703
O17:Coculture:F06:Oxa,O17,diagonal,51,14.1329746717
O17:Coculture:F06:Oxa,O17,diagonal,52,14.117425029
O17:Coculture:F06:Oxa,O17,diagonal,53,15.3461779273
O17:Coculture:F11:5-FU,O17,joint,0,3.52951917665
O17:Coculture:F11:5-FU,O17,joint,1,2.88300123576
O17:Coculture:F11:5-FU,O17,joint,2,7.15081935047
O17:Coculture:F11:5-FU,O17,joint,3,6.88033019363
O17:Coculture:F11:5-FU,O17,joint,4,6.27798284426
O17:Coculture:F11:5-FU,O17,joint,5,10.1950653381
O17:Coculture:F11:5-FU,O17,joint,6,12.7524183317
O17:Coculture:F11:5-FU,O17,joint,7,12.2806899535
O17:Coculture:F11:5-FU,O17,joint,8,15.3245073113
O17:Coculture:F11:5-FU,O17,joint,9,0.922302794048
O17:Coculture:F11:5-FU,O17,joint,10,0.968794450851
O17:Coculture:F11:5-FU,O17,joint,11,5.29813070101
O17:Coculture:F11:5-FU,O17,joint,12,3.68008712064
O17:Coculture:F11:5-FU,O17,joint,13,3.4720477082
O17:Coculture:F11:5-FU,O17,joint,14,7.09393249163
O17:Coculture:F11:5-FU,O17,joint,15,10.6416024639
O17:Coculture:F11:5-FU,O17,joint,16,10.3610605894
O17:Coculture:F11:5-FU,O17,joint,17,13.1244950939
O17:Coculture:F11:5-FU,O17,joint,18,-0.563803783257
O17:Coculture:F11:5-FU,O17,joint,19,-0.522218102628
O17:Coculture:F11:5-FU,O17,joint,20,5.25353642779
O17:Coculture:F11:5-FU,O17,joint,21,2.25323367637
O17:Coculture:F11:5-FU,O17,joint,22,1.97642638925
O17:Coculture:F11:5-FU,O17,joint,23,6.67221595983
O17:Coculture:F11:5-FU,O17,joint,24,9.87293579687
O17:Coculture:F11:5-FU,O17,joint,25,9.50314412534
O17:Coculture:F11:5-FU,O17,joint,26,13.1188765367
O17:Coculture:F11:5-FU,O17,joint,27,7.14657565565
O17:Coculture:F11:5-FU,O17,joint,28,6.98218555564
O17:Coculture:F11:5-FU,O17,joint,29,8.07525524971
O17:Coculture:F11:5-FU,O17,joint,30,10.291935494
O17:Coculture:F11:5-FU,O17,joint,31,10.1303060088
O17:Coculture:F11:5-FU,O17,joint,32,11.1972605375
O17:Coculture:F11:5-FU,O17,joint,33,15.6786934456
O17:Coculture:F11:5-FU,O17,joint,34,15.5281066083
O17:Coculture:F11:5-FU,O17,joint,35,16.5073772317
O17:Coculture:F11:5-FU,O17,joint,36,2.42914332781
O17:Coculture:F11:5-FU,O17,joint,37,2.54328101492
O17:Coculture:F11:5-FU,O17,joint,38,3.7851805811
O17:Coculture:F11:5-FU,O17,joint,39,5.64612671302
O17:Coculture:F11:5-FU,O17,joint,40,5.65774962722
O17:Coculture:F11:5-FU,O17,joint,41,6.74008368976
O17:Coculture:F11:5-FU,O17,joint,42,12.126796124
O17:Coculture:F11:5-FU,O17,joint,43,12.0747862708
O17:Coculture:F11:5-FU,O17,joint,44,12.9802574667
O17:Coculture:F11:5-FU,O17,joint,45,0.507638764284
O17:Coculture:F11:5-FU,O17,joint,46,0.673141466859
O17:Coculture:F11:5-FU,O17,joint,47,2.42378140432
O17:Coculture:F11:5-FU,O17,joint,48,3.08609842588
O17:Coculture:F11:5-FU,O17,joint,49,3.09649484604
O17:Coculture:F11:5-FU,O17,joint,50,4.54043347865
O17:Coculture:F11:5-FU,O17,joint,51,10.4076138074
O17:Coculture:F11:5-FU,O17,joint,52,10.3384119856
O17:Coculture:F11:5-FU,O17,joint,53,11.5123593783
O17:Coculture:F11:5-FU,O17,diagonal,0,4.84061630642
O17:Coculture:F11:5-FU,O17,diagonal,1,3.85616684755
O17:Coculture:F11:5-FU,O17,diagonal,2,7.85881019988
O17:Coculture:F11:5-FU,O17,diagonal,3,9.59656904092
O17:Coculture:F11:5-FU,O17,diagonal,4,8.58949830366
O17:Coculture:F11:5-FU,O17,diagonal,5,12.3544344082
O17:Coculture:F11:5-FU,O17,diagonal,6,16.2066089358
O17:Coculture:F11:5-FU,O17,diagonal,7,15.2425835346
O17:Coculture:F11:5-FU,O17,diagonal,8,18.4276736253
O17:Coculture:F11:5-FU,O17,diagonal,9,1.6775786818
O17:Coculture:F11:5-FU,O17,diagonal,10,1.2164319977
O17:Coculture:F11:5-FU,O17,diagonal,11,4.99809596271
O17:Coculture:F11:5-FU,O17,diagonal,12,6.7428644639
O17:Coculture:F11:5-FU,O17,diagonal,13,6.0981874124
O17:Coculture:F11:5-FU,O17,diagonal,14,9.31325241736
O17:Coculture:F11:5-FU,O17,diagonal,15,14.5114720098
O17:Coculture:F11:5-FU,O17,diagonal,16,13.8369142132
O17:Coculture:F11:5-FU,O17,diagonal,17,16.4034879493
O17:Coculture:F11:5-FU,O17,diagonal,18,0.250501387716
O17:Coculture:F11:5-FU,O17,diagonal,19,-0.489455046831
O17:Coculture:F11:5-FU,O17,diagonal,20,4.39923773855
O17:Coculture:F11:5-FU,O17,diagonal,21,5.75869222592
O17:Coculture:F11:5-FU,O17,diagonal,22,4.86329103538
O17:Coculture:F11:5-FU,O17,diagonal,23,8.94510000875
O17:Coculture:F11:5-FU,O17,diagonal,24,14.0805702133
O17:Coculture:F11:5-FU,O17,diagonal,25,13.1153492073
O17:Coculture:F11:5-FU,O17,diagonal,26,16.3355293826
O17:Coculture:F11:5-FU,O17,diagonal,27,8.17074082882
O17:Coculture:F11:5-FU,O17,diagonal,28,7.92832061365
O17:Coculture:F11:5-FU,O17,diagonal,29,8.94807765238
O17:Coculture:F11:5-FU,O17,diagonal,30,12.5533336102
O17:Coculture:F11:5-FU,O17,diagonal,31,12.3072212455
O17:Coculture:F11:5-FU,O17,diagonal,32,13.3078820835
O17:Coculture:F11:5-FU,O17,diagonal,33,18.4811542526
O17:Coculture:F11:5-FU,O17,diagonal,34,18.2293865683
O17:Coculture:F11:5-FU,O17,diagonal,35,19.1706205945
O17:Coculture:F11:5-FU,O17,diagonal,36,3.41518323923
O17:Coculture:F11:5-FU,O17,diagonal,37,3.38859147118
O17:Coculture:F11:5-FU,O17,diagonal,38,4.47950971573
O17:Coculture:F11:5-FU,O17,diagonal,39,8.33239103492
O17:Coculture:F11:5-FU,O17,diagonal,40,8.21710436389
O17:Coculture:F11:5-FU,O17,diagonal,41,9.16252035514
O17:Coculture:F11:5-FU,O17,diagonal,42,15.5963749464
O17:Coculture:F11:5-FU,O17,diagonal,43,15.4352056835
O17:Coculture:F11:5-FU,O17,diagonal,44,16.2389719347
O17:Coculture:F11:5-FU,O17,diagonal,45,0.886664188387
O17:Coculture:F11:5-FU,O17,diagonal,46,0.781454850778
O17:Coculture:F11:5-FU,O17,diagonal,47,2.23064003018
O17:Coculture:F11:5-FU,O17,diagonal,48,6.1380900917
O17:Coculture:F11:5-FU,O17,diagonal,49,5.95310098306
O17:Coculture:F11:5-FU,O17,diagonal,50,7.1752741794
O17:Coculture:F11:5-FU,O17,diagonal,51,14.2194292806
O17:Coculture:F11:5-FU,O17,diagonal,52,13.9955789829
O17:Coculture:F11:5-FU,O17,diagonal,53,15.0160312263
O17:Coculture:F11:Oxa,O17,joint,0,11.135863767
O17:Coculture:F11:Oxa,O17,joint,1,10.2080302881
O17:Coculture:F11:Oxa,O17,joint,2,14.1945328647
O17:Coculture:F11:Oxa,O17,joint,3,8.87130322492
O17:Coculture:F11:Oxa,O17,joint,4,7.96540889482
O17:Coculture:F11:Oxa,O17,joint,5,11.578944408
O17:Coculture:F11:Oxa,O17,joint,6,13.3704649296
O17:Coculture:F11:Oxa,O17,joint,7,12.5956532433
O17:Coculture:F11:Oxa,O17,joint,8,15.3363872929
O17:Coculture:F11:Oxa,O17,joint,9,8.09279208083
O17:Coculture:F11:Oxa,O17,joint,10,7.58292334064
O17:Coculture:F11:Oxa,O17,joint,11,11.3558991938
O17:Coculture:F11:Oxa,O17,joint,12,5.7662244658
O17:Coculture:F11:Oxa,O17,joint,13,4.97980859271
O17:Coculture:F11:Oxa,O17,joint,14,8.0233169155
O17:Coculture:F11:Oxa,O17,joint,15,11.3495129248
O17:Coculture:F11:Oxa,O17,joint,16,10.6303866765
O17:Coculture:F11:Oxa,O17,joint,17,12.9552368072
O17:Coculture:F11:Oxa,O17,joint,18,7.32745021489
O17:Coculture:F11:Oxa,O17,joint,19,6.19709469035
O17:Coculture:F11:Oxa,O17,joint,20,10.8009080156
O17:Coculture:F11:Oxa,O17,joint,21,4.49142729098
O17:Coculture:F11:Oxa,O17,joint,22,3.36728858302
O17:Coculture:F11:Oxa,O17,joint,23,7.21574673276
O17:Coculture:F11:Oxa,O17,joint,24,10.6355922152
O17:Coculture:F11:Oxa,O17,joint,25,9.69091032143
O17:Coculture:F11:Oxa,O17,joint,26,12.7317525106
O17:Coculture:F11:Oxa,O17,joint,27,14.6821560365
O17:Coculture:F11:Oxa,O17,joint,28,14.4502264947
O17:Coculture:F11:Oxa,O17,joint,29,15.475756747
O17:Coculture:F11:Oxa,O17,joint,30,12.1935216416
O17:Coculture:F11:Oxa,O17,joint,31,11.9615632718
O17:Coculture:F11:Oxa,O17,joint,32,12.958188916
O17:Coculture:F11:Oxa,O17,joint,33,16.1764367034
O17:Coculture:F11:Oxa,O17,joint,34,15.9499631209
O17:Coculture:F11:Oxa,O17,joint,35,16.8533469992
O17:Coculture:F11:Oxa,O17,joint,36,9.56106015943
O17:Coculture:F11:Oxa,O17,joint,37,9.56897179013
O17:Coculture:F11:Oxa,O17,joint,38,10.7046452999
O17:Coculture:F11:Oxa,O17,joint,39,7.43874903472
O17:Coculture:F11:Oxa,O17,joint,40,7.31128184967
O17:Coculture:F11:Oxa,O17,joint,41,8.25452581296
O17:Coculture:F11:Oxa,O17,joint,42,12.6483304602
O17:Coculture:F11:Oxa,O17,joint,43,12.451726492
O17:Coculture:F11:Oxa,O17,joint,44,13.2126035727
O17:Coculture:F11:Oxa,O17,joint,45,7.89044311495
O17:Coculture:F11:Oxa,O17,joint,46,7.73288594237
O17:Coculture:F11:Oxa,O17,joint,47,9.16046600468
O17:Coculture:F11:Oxa,O17,joint,48,5.05891192542
O17:Coculture:F11:Oxa,O17,joint,49,4.77632304429
O17:Coculture:F11:Oxa,O17,joint,50,5.9272763756
O17:Coculture:F11:Oxa,O17,joint,51,10.9671622111
O17:Coculture:F11:Oxa,O17,joint,52,10.6861275341
O17:Coculture:F11:Oxa,O17,joint,53,11.6482420715
O17:Coculture:F11:Oxa,O17,diagonal,0,8.36470472002
O17:Coculture:F11:Oxa,O17,diagonal,1,7.81209602903
O17:Coculture:F11:Oxa,O17,diagonal,2,12.2465801492
O17:Coculture:F11:Oxa,O17,diagonal,3,10.201543
O17:Coculture:F11:Oxa,O17,diagonal,4,9.62408101126
O17:Coculture:F11:Oxa,O17,diagonal,5,13.8186258643
O17:Coculture:F11:Oxa,O17,diagonal,6,16.119220075
O17:Coculture:F11:Oxa,O17,diagonal,7,15.5726445948
O17:Coculture:F11:Oxa,O17,diagonal,8,19.1751846063
O17:Coculture:F11:Oxa,O17,diagonal,9,5.23441871826
O17:Coculture:F11:Oxa,O17,diagonal,10,4.95341805611
O17:Coculture:F11:Oxa,O17,diagonal,11,8.91522804308
O17:Coculture:F11:Oxa,O17,diagonal,12,7.53859617364
O17:Coculture:F11:Oxa,O17,diagonal,13,7.09423447522
O17:Coculture:F11:Oxa,O17,diagonal,14,10.5096148332
O17:Coculture:F11:Oxa,O17,diagonal,15,14.5518384084
O17:Coculture:F11:Oxa,O17,diagonal,16,14.1219921206
O17:Coculture:F11:Oxa,O17,diagonal,17,16.9332773656
O17:Coculture:F11:Oxa,O17,diagonal,18,3.98648171962
O17:Coculture:F11:Oxa,O17,diagonal,19,3.51880857902
O17:Coculture:F11:Oxa,O17,diagonal,20,8.67978465835
O17:Coculture:F11:Oxa,O17,diagonal,21,6.40746171873
O17:Coculture:F11:Oxa,O17,diagonal,22,5.77475713763
O17:Coculture:F11:Oxa,O17,diagonal,23,10.1192627204
O17:Coculture:F11:Oxa,O17,diagonal,24,13.9516643003
O17:Coculture:F11:Oxa,O17,diagonal,25,13.3783973296
O17:Coculture:F11:Oxa,O17,diagonal,26,16.9905315402
O17:Coculture:F11:Oxa,O17,diagonal,27,11.978552926
O17:Coculture:F11:Oxa,O17,diagonal,28,11.8447125187
O17:Coculture:F11:Oxa,O17,diagonal,29,12.9730493653
O17:Coculture:F11:Oxa,O17,diagonal,30,13.4343557136
O17:Coculture:F11:Oxa,O17,diagonal,31,13.2962035408
O17:Coculture:F11:Oxa,O17,diagonal,32,14.4048245709
O17:Coculture:F11:Oxa,O17,diagonal,33,18.6323977424
O17:Coculture:F11:Oxa,O17,diagonal,34,18.4880322452
O17:Coculture:F11:Oxa,O17,diagonal,35,19.5366684585
O17:Coculture:F11:Oxa,O17,diagonal,36,7.00269132493
O17:Coculture:F11:Oxa,O17,diagonal,37,7.04725707576
O17:Coculture:F11:Oxa,O17,diagonal,38,8.20933283918
O17:Coculture:F11:Oxa,O17,diagonal,39,9.22160104403
O17:Coculture:F11:Oxa,O17,diagonal,40,9.1513508785
O17:Coculture:F11:Oxa,O17,diagonal,41,10.1418033752
O17:Coculture:F11:Oxa,O17,diagonal,42,15.7953078738
O17:Coculture:F11:Oxa,O17,diagonal,43,15.6842174492
O17:Coculture:F11:Oxa,O17,diagonal,44,16.5380625387
O17:Coculture:F11:Oxa,O17,diagonal,45,4.81906318869
O17:Coculture:F11:Oxa,O17,diagonal,46,4.81230094211
O17:Coculture:F11:Oxa,O17,diagonal,47,6.35993321255
O17:Coculture:F11:Oxa,O17,diagonal,48,7.07208517467
O17:Coculture:F11:Oxa,O17,diagonal,49,6.95516688952
O17:Coculture:F11:Oxa,O17,diagonal,50,8.24541090936
O17:Coculture:F11:Oxa,O17,diagonal,51,14.3816216538
O17:Coculture:F11:Oxa,O17,diagonal,52,14.2234455085
O17:Coculture:F11:Oxa,O17,diagonal,53,15.3095719042
O17:Monoculture::5-FU,O17,joint,0,0.575140696038
O17:Monoculture::5-FU,O17,joint,1,1.8097581941
O17:Monoculture::5-FU,O17,joint,2,7.95871174776
O17:Monoculture::5-FU,O17,joint,3,5.51026568377
O17:Monoculture::5-FU,O17,joint,4,6.60144382804
O17:Monoculture::5-FU,O17,joint,5,12.2120518156
O17:Monoculture::5-FU,O17,joint,6,12.0262555053
O17:Monoculture::5-FU,O17,joint,7,12.762369609
O17:Monoculture::5-FU,O17,joint,8,17.0140294486
O17:Monoculture::5-FU,O17,joint,9,-2.62784224161
O17:Monoculture::5-FU,O17,joint,10,-1.04374276526
O17:Monoculture::5-FU,O17,joint,11,4.82320130445
O17:Monoculture::5-FU,O17,joint,12,2.6064811139
O17:Monoculture::5-FU,O17,joint,13,3.63366104287
O17:Monoculture::5-FU,O17,joint,14,8.49076516772
O17:Monoculture::5-FU,O17,joint,15,10.1844648915
O17:Monoculture::5-FU,O17,joint,16,10.7271033133
O17:Monoculture::5-FU,O17,joint,17,14.3137181141
O17:Monoculture::5-FU,O17,joint,18,-2.6458936703
O17:Monoculture::5-FU,O17,joint,19,-0.443476059492
O17:Monoculture::5-FU,O17,joint,20,7.49311040111
O17:Monoculture::5-FU,O17,joint,21,1.57838457539
O17:Monoculture::5-FU,O17,joint,22,2.59683215558
O17:Monoculture::5-FU,O17,joint,23,8.58787659347
O17:Monoculture::5-FU,O17,joint,24,9.44655417987
O17:Monoculture::5-FU,O17,joint,25,9.89114866819
O17:Monoculture::5-FU,O17,joint,26,14.3212672394
O17:Monoculture::5-FU,O17,joint,27,4.93869027742
O17:Monoculture::5-FU,O17,joint,28,5.25738332494
O17:Monoculture::5-FU,O17,joint,29,6.83353616653
O17:Monoculture::5-FU,O17,joint,30,9.55334087384
O17:Monoculture::5-FU,O17,joint,31,9.86199524836
O17:Monoculture::5-FU,O17,joint,32,11.3992336368
O17:Monoculture::5-FU,O17,joint,33,15.3361773181
O17:Monoculture::5-FU,O17,joint,34,15.6089718542
O17:Monoculture::5-FU,O17,joint,35,17.0116238511
O17:Monoculture::5-FU,O17,joint,36,-0.574889172335
O17:Monoculture::5-FU,O17,joint,37,-0.0594876348144
O17:Monoculture::5-FU,O17,joint,38,1.58367578176
O17:Monoculture::5-FU,O17,joint,39,4.75859045411
O17:Monoculture::5-FU,O17,joint,40,5.1546153232
O17:Monoculture::5-FU,O17,joint,41,6.62135134062
O17:Monoculture::5-FU,O17,joint,42,11.8583946223
O17:Monoculture::5-FU,O17,joint,43,12.1151896045
O17:Monoculture::5-FU,O17,joint,44,13.3294656357
O17:Monoculture::5-FU,O17,joint,45,-2.12187559279
O17:Monoculture::5-FU,O17,joint,46,-1.19623150827
O17:Monoculture::5-FU,O17,joint,47,1.31454981115
O17:Monoculture::5-FU,O17,joint,48,2.56557595412
O17:Monoculture::5-FU,O17,joint,49,3.11618035682
O17:Monoculture::5-FU,O17,joint,50,5.10032697197
O17:Monoculture::5-FU,O17,joint,51,10.2389015322
O17:Monoculture::5-FU,O17,joint,52,10.4935134272
O17:Monoculture::5-FU,O17,joint,53,11.9912745367
O17:Monoculture::5-FU,O17,diagonal,0,2.4785402431
O17:Monoculture::5-FU,O17,diagonal,1,3.6005344716
O17:Monoculture::5-FU,O17,diagonal,2,9.70962151131
O17:Monoculture::5-FU,O17,diagonal,3,8.16280975115
O17:Monoculture::5-FU,O17,diagonal,4,9.20677818191
O17:Monoculture::5-FU,O17,diagonal,5,15.0227534545
O17:Monoculture::5-FU,O17,diagonal,6,15.1531080898
O17:Monoculture::5-FU,O17,diagonal,7,16.0204860359
O17:Monoculture::5-FU,O17,diagonal,8,21.0369794738
O17:Monoculture::5-FU,O17,diagonal,9,-0.837708369949
O17:Monoculture::5-FU,O17,diagonal,10,0.519042499923
O17:Monoculture::5-FU,O17,diagonal,11,6.1186040189
O17:Monoculture::5-FU,O17,diagonal,12,5.64840774258
O17:Monoculture::5-FU,O17,diagonal,13,6.65758760477
O17:Monoculture::5-FU,O17,diagonal,14,11.5265095234
O17:Monoculture::5-FU,O17,diagonal,15,13.7702073306
O17:Monoculture::5-FU,O17,diagonal,16,14.478095815
O17:Monoculture::5-FU,O17,diagonal,17,18.4271158321
O17:Monoculture::5-FU,O17,diagonal,18,-1.56873834174
O17:Monoculture::5-FU,O17,diagonal,19,0.452123344001
O17:Monoculture::5-FU,O17,diagonal,20,8.10163424967
O17:Monoculture::5-FU,O17,diagonal,21,4.67260533676
O17:Monoculture::5-FU,O17,diagonal,22,5.85186764906
O17:Monoculture::5-FU,O17,diagonal,23,12.0083401253
O17:Monoculture::5-FU,O17,diagonal,24,13.1011830843
O17:Monoculture::5-FU,O17,diagonal,25,13.9511020609
O17:Monoculture::5-FU,O17,diagonal,26,18.9864222188
O17:Monoculture::5-FU,O17,diagonal,27,6.72914603564
O17:Monoculture::5-FU,O17,diagonal,28,7.01559508592
O17:Monoculture::5-FU,O17,diagonal,29,8.56422139008
O17:Monoculture::5-FU,O17,diagonal,30,11.9628145944
O17:Monoculture::5-FU,O17,diagonal,31,12.2433131515
O17:Monoculture::5-FU,O17,diagonal,32,13.7705849114
O17:Monoculture::5-FU,O17,diagonal,33,18.1227144302
O17:Monoculture::5-FU,O17,diagonal,34,18.3837065379
O17:Monoculture::5-FU,O17,diagonal,35,19.837700356
O17:Monoculture::5-FU,O17,diagonal,36,1.44636804744
O17:Monoculture::5-FU,O17,diagonal,37,1.8902633064
O17:Monoculture::5-FU,O17,diagonal,38,3.45166857796
O17:Monoculture::5-FU,O17,diagonal,39,7.70356927198
O17:Monoculture::5-FU,O17,diagonal,40,8.04275698945
O17:Monoculture::5-FU,O17,diagonal,41,9.44264736919
O17:Monoculture::5-FU,O17,diagonal,42,15.322760766
O17:Monoculture::5-FU,O17,diagonal,43,15.5750557316
O17:Monoculture::5-FU,O17,diagonal,44,16.7922862112
O17:Monoculture::5-FU,O17,diagonal,45,-0.768057603331
O17:Monoculture::5-FU,O17,diagonal,46,0.0370399481336
O17:Monoculture::5-FU,O17,diagonal,47,2.39653201661
O17:Monoculture::5-FU,O17,diagonal,48,5.68328015933
O17:Monoculture::5-FU,O17,diagonal,49,6.18849558077
O17:Monoculture::5-FU,O17,diagonal,50,8.10087330718
O17:Monoculture::5-FU,O17,diagonal,51,13.9479075583
O17:Monoculture::5-FU,O17,diagonal,52,14.2427231363
O17:Monoculture::5-FU,O17,diagonal,53,15.7818412554
O18:Coculture:F20:Oxa,O18,joint,0,7.48517090133
O18:Coculture:F20:Oxa,O18,joint,1,3.9101100699
O18:Coculture:F20:Oxa,O18,joint,2,5.24938529407
O18:Coculture:F20:Oxa,O18,joint,3,9.62286406019
O18:Coculture:F20:Oxa,O18,joint,4,6.3421430664
O18:Coculture:F20:Oxa,O18,joint,5,7.58085191586
O18:Coculture:F20:Oxa,O18,joint,6,14.7693954901
O18:Coculture:F20:Oxa,O18,joint,7,12.2056872541
O18:Coculture:F20:Oxa,O18,joint,8,13.1575247541
O18:Coculture:F20:Oxa,O18,joint,9,3.70125036072
O18:Coculture:F20:Oxa,O18,joint,10,0.976654031307
O18:Coculture:F20:Oxa,O18,joint,11,2.53490229525
O18:Coculture:F20:Oxa,O18,joint,12,5.9372263792
O18:Coculture:F20:Oxa,O18,joint,13,3.50692648622
O18:Coculture:F20:Oxa,O18,joint,14,4.90655078912
O18:Coculture:F20:Oxa,O18,joint,15,12.4741622209
O18:Coculture:F20:Oxa,O18,joint,16,10.3874102655
O18:Coculture:F20:Oxa,O18,joint,17,11.3446346892
O18:Coculture:F20:Oxa,O18,joint,18,4.56091265425
O18:Coculture:F20:Oxa,O18,joint,19,1.99839397576
O18:Coculture:F20:Oxa,O18,joint,20,5.17004414706
O18:Coculture:F20:Oxa,O18,joint,21,5.84720184845
O18:Coculture:F20:Oxa,O18,joint,22,2.81494355941
O18:Coculture:F20:Oxa,O18,joint,23,4.75528212807
O18:Coculture:F20:Oxa,O18,joint,24,12.5492768066
O18:Coculture:F20:Oxa,O18,joint,25,9.674483614
O18:Coculture:F20:Oxa,O18,joint,26,10.7852145044
O18:Coculture:F20:Oxa,O18,joint,27,9.17419124976
O18:Coculture:F20:Oxa,O18,joint,28,8.25816941605
O18:Coculture:F20:Oxa,O18,joint,29,8.59960737643
O18:Coculture:F20:Oxa,O18,joint,30,11.2808484252
O18:Coculture:F20:Oxa,O18,joint,31,10.3870832173
O18:Coculture:F20:Oxa,O18,joint,32,10.7219020234
O18:Coculture:F20:Oxa,O18,joint,33,16.3643269122
O18:Coculture:F20:Oxa,O18,joint,34,15.5441466638
O18:Coculture:F20:Oxa,O18,joint,35,15.8538238762
O18:Coculture:F20:Oxa,O18,joint,36,3.68965228822
O18:Coculture:F20:Oxa,O18,joint,37,2.95814263175
O18:Coculture:F20:Oxa,O18,joint,38,3.35439485433
O18:Coculture:F20:Oxa,O18,joint,39,6.34086360469
O18:Coculture:F20:Oxa,O18,joint,40,5.65971452234
O18:Coculture:F20:Oxa,O18,joint,41,6.04927658832
O18:Coculture:F20:Oxa,O18,joint,42,12.6910809386
O18:Coculture:F20:Oxa,O18,joint,43,12.0835059653
O18:Coculture:F20:Oxa,O18,joint,44,12.4334120411
O18:Coculture:F20:Oxa,O18,joint,45,2.58517539213
O18:Coculture:F20:Oxa,O18,joint,46,1.96303067601
O18:Coculture:F20:Oxa,O18,joint,47,2.92602319477
O18:Coculture:F20:Oxa,O18,joint,48,4.36727753526
O18:Coculture:F20:Oxa,O18,joint,49,3.72664786564
O18:Coculture:F20:Oxa,O18,joint,50,4.51956040846
O18:Coculture:F20:Oxa,O18,joint,51,11.3061058504
O18:Coculture:F20:Oxa,O18,joint,52,10.5480412782
O18:Coculture:F20:Oxa,O18,joint,53,11.0331259203
O18:Coculture:F20:Oxa,O18,diagonal,0,8.73073719201
O18:Coculture:F20:Oxa,O18,diagonal,1,4.65846458622
O18:Coculture:F20:Oxa,O18,diagonal,2,5.57328479164
O18:Coculture:F20:Oxa,O18,diagonal,3,12.709353099
O18:Coculture:F20:Oxa,O18,diagonal,4,8.7950981205
O18:Coculture:F20:Oxa,O18,diagonal,5,9.65284998388
O18:Coculture:F20:Oxa,O18,diagonal,6,18.8020258912
O18:Coculture:F20:Oxa,O18,diagonal,7,15.3639082606
O18:Coculture:F20:Oxa,O18,diagonal,8,16.0749061218
O18:Coculture:F20:Oxa,O18,diagonal,9,4.62960310692
O18:Coculture:F20:Oxa,O18,diagonal,10,1.55318385411
O18:Coculture:F20:Oxa,O18,diagonal,11,2.71957525041
O18:Coculture:F20:Oxa,O18,diagonal,12,9.03122437068
O18:Coculture:F20:Oxa,O18,diagonal,13,6.23392394418
O18:Coculture:F20:Oxa,O18,diagonal,14,7.29636557412
O18:Coculture:F20:Oxa,O18,diagonal,15,16.4282717391
O18:Coculture:F20:Oxa,O18,diagonal,16,13.9224344194
O18:Coculture:F20:Oxa,O18,diagonal,17,14.6577286324
O18:Coculture:F20:Oxa,O18,diagonal,18,4.09556631048
O18:Coculture:F20:Oxa,O18,diagonal,19,0.828750115805
O18:Coculture:F20:Oxa,O18,diagonal,20,3.19058314106
O18:Coculture:F20:Oxa,O18,diagonal,21,8.81018853586
O18:Coculture:F20:Oxa,O18,diagonal,22,5.24069488479
O18:Coculture:F20:Oxa,O18,diagonal,23,6.64841139763
O18:Coculture:F20:Oxa,O18,diagonal,24,16.6606946666
O18:Coculture:F20:Oxa,O18,diagonal,25,13.2797505552
O18:Coculture:F20:Oxa,O18,diagonal,26,14.0842076253
O18:Coculture:F20:Oxa,O18,diagonal,27,9.81884785371
O18:Coculture:F20:Oxa,O18,diagonal,28,8.78961842462
O18:Coculture:F20:Oxa,O18,diagonal,29,9.02256624941
O18:Coculture:F20:Oxa,O18,diagonal,30,13.5258638316
O18:Coculture:F20:Oxa,O18,diagonal,31,12.5077956801
O18:Coculture:F20:Oxa,O18,diagonal,32,12.7365007315
O18:Coculture:F20:Oxa,O18,diagonal,33,19.2593502671
O18:Coculture:F20:Oxa,O18,diagonal,34,18.2807865225
O18:Coculture:F20:Oxa,O18,diagonal,35,18.4952244884
O18:Coculture:F20:Oxa,O18,diagonal,36,4.6198477544
O18:Coculture:F20:Oxa,O18,diagonal,37,3.78118197104
O18:Coculture:F20:Oxa,O18,diagonal,38,4.06002620028
O18:Coculture:F20:Oxa,O18,diagonal,39,9.0703971412
O18:Coculture:F20:Oxa,O18,diagonal,40,8.30129232799
O18:Coculture:F20:Oxa,O18,diagonal,41,8.59289017707
O18:Coculture:F20:Oxa,O18,diagonal,42,16.168464923
O18:Coculture:F20:Oxa,O18,diagonal,43,15.4691398164
O18:Coculture:F20:Oxa,O18,diagonal,44,15.7347502239
O18:Coculture:F20:Oxa,O18,diagonal,45,2.47172961311
O18:Coculture:F20:Oxa,O18,diagonal,46,1.69531371034
O18:Coculture:F20:Oxa,O18,diagonal,47,2.47329232457
O18:Coculture:F20:Oxa,O18,diagonal,48,7.09935632239
O18:Coculture:F20:Oxa,O18,diagonal,49,6.28265227372
O18:Coculture:F20:Oxa,O18,diagonal,50,6.87311053003
O18:Coculture:F20:Oxa,O18,diagonal,51,14.982303358
O18:Coculture:F20:Oxa,O18,diagonal,52,14.0899299453
O18:Coculture:F20:Oxa,O18,diagonal,53,14.4418590735
O18:Monoculture::5-FU,O18,joint,0,6.57581928791
O18:Monoculture::5-FU,O18,joint,1,4.30447490295
O18:Monoculture::5-FU,O18,joint,2,6.9474665736
O18:Monoculture::5-FU,O18,joint,3,8.52629020336
O18:Monoculture::5-FU,O18,joint,4,6.49883186553
O18:Monoculture::5-FU,O18,joint,5,8.99080337095
O18:Monoculture::5-FU,O18,joint,6,13.7287145354
O18:Monoculture::5-FU,O18,joint,7,12.2313733608
O18:Monoculture::5-FU,O18,joint,8,14.2495779222
O18:Monoculture::5-FU,O18,joint,9,4.50775745291
O18:Monoculture::5-FU,O18,joint,10,2.13119246908
O18:Monoculture::5-FU,O18,joint,11,4.03747207859
O18:Monoculture::5-FU,O18,joint,12,6.01455747786
O18:Monoculture::5-FU,O18,joint,13,3.92145985016
O18:Monoculture::5-FU,O18,joint,14,5.65828641833
O18:Monoculture::5-FU,O18,joint,15,11.9594018241
O18:Monoculture::5-FU,O18,joint,16,10.5364963499
O18:Monoculture::5-FU,O18,joint,17,12.1575672546
O18:Monoculture::5-FU,O18,joint,18,9.46207919205
O18:Monoculture::5-FU,O18,joint,19,4.89249115656
O18:Monoculture::5-FU,O18,joint,20,6.05707197087
O18:Monoculture::5-FU,O18,joint,21,6.611216863
O18:Monoculture::5-FU,O18,joint,22,3.84090912637
O18:Monoculture::5-FU,O18,joint,23,6.04319824745
O18:Monoculture::5-FU,O18,joint,24,11.5070472522
O18:Monoculture::5-FU,O18,joint,25,9.90064648039
O18:Monoculture::5-FU,O18,joint,26,12.2797697915
O18:Monoculture::5-FU,O18,joint,27,9.06869498458
O18:Monoculture::5-FU,O18,joint,28,8.48046330044
O18:Monoculture::5-FU,O18,joint,29,9.14969141038
O18:Monoculture::5-FU,O18,joint,30,11.0535105218
O18:Monoculture::5-FU,O18,joint,31,10.4856744256
O18:Monoculture::5-FU,O18,joint,32,11.1464223432
O18:Monoculture::5-FU,O18,joint,33,16.090183448
O18:Monoculture::5-FU,O18,joint,34,15.5833188636
O18:Monoculture::5-FU,O18,joint,35,16.2063117399
O18:Monoculture::5-FU,O18,joint,36,4.69429706583
O18:Monoculture::5-FU,O18,joint,37,4.06190745184
O18:Monoculture::5-FU,O18,joint,38,4.55727971691
O18:Monoculture::5-FU,O18,joint,39,6.54249037774
O18:Monoculture::5-FU,O18,joint,40,5.94834913178
O18:Monoculture::5-FU,O18,joint,41,6.42491903416
O18:Monoculture::5-FU,O18,joint,42,12.7104137133
O18:Monoculture::5-FU,O18,joint,43,12.1871393063
O18:Monoculture::5-FU,O18,joint,44,12.6213459484
O18:Monoculture::5-FU,O18,joint,45,4.8842800535
O18:Monoculture::5-FU,O18,joint,46,3.44168863197
O18:Monoculture::5-FU,O18,joint,47,3.58423444532
O18:Monoculture::5-FU,O18,joint,48,5.59256916971
O18:Monoculture::5-FU,O18,joint,49,4.45017216084
O18:Monoculture::5-FU,O18,joint,50,4.74131736441
O18:Monoculture::5-FU,O18,joint,51,11.4971096041
O18:Monoculture::5-FU,O18,joint,52,10.8045326699
O18:Monoculture::5-FU,O18,joint,53,11.3551049502
O18:Monoculture::5-FU,O18,diagonal,0,7.49777245658
O18:Monoculture::5-FU,O18,diagonal,1,6.07348674771
O18:Monoculture::5-FU,O18,diagonal,2,9.63629385004
O18:Monoculture::5-FU,O18,diagonal,3,10.4143399833
O18:Monoculture::5-FU,O18,diagonal,4,9.07139735634
O18:Monoculture::5-FU,O18,diagonal,5,12.5004615713
O18:Monoculture::5-FU,O18,diagonal,6,16.4917443955
O18:Monoculture::5-FU,O18,diagonal,7,15.357362251
O18:Monoculture::5-FU,O18,diagonal,8,18.3720955982
O18:Monoculture::5-FU,O18,diagonal,9,4.66627727839
O18:Monoculture::5-FU,O18,diagonal,10,2.93846589608
O18:Monoculture::5-FU,O18,diagonal,11,5.45346516287
O18:Monoculture::5-FU,O18,diagonal,12,8.14617522694
O18:Monoculture::5-FU,O18,diagonal,13,6.59456890547
O18:Monoculture::5-FU,O18,diagonal,14,8.90270464046
O18:Monoculture::5-FU,O18,diagonal,15,15.0826156462
O18:Monoculture::5-FU,O18,diagonal,16,13.9861508424
O18:Monoculture::5-FU,O18,diagonal,17,16.1308175714
O18:Monoculture::5-FU,O18,diagonal,18,6.18713328658
O18:Monoculture::5-FU,O18,diagonal,19,2.90876561866
O18:Monoculture::5-FU,O18,diagonal,20,5.25904717066
O18:Monoculture::5-FU,O18,diagonal,21,7.78865222716
O18:Monoculture::5-FU,O18,diagonal,22,5.77849921057
O18:Monoculture::5-FU,O18,diagonal,23,8.74555635788
O18:Monoculture::5-FU,O18,diagonal,24,14.5740453872
O18:Monoculture::5-FU,O18,diagonal,25,13.3351278953
O18:Monoculture::5-FU,O18,diagonal,26,16.2816115848
O18:Monoculture::5-FU,O18,diagonal,27,10.5910087093
O18:Monoculture::5-FU,O18,diagonal,28,10.2275843588
O18:Monoculture::5-FU,O18,diagonal,29,11.1263372622
O18:Monoculture::5-FU,O18,diagonal,30,13.2176226477
O18:Monoculture::5-FU,O18,diagonal,31,12.8615512205
O18:Monoculture::5-FU,O18,diagonal,32,13.7522529961
O18:Monoculture::5-FU,O18,diagonal,33,18.6855969882
O18:Monoculture::5-FU,O18,diagonal,34,18.3498613315
O18:Monoculture::5-FU,O18,diagonal,35,19.2071273852
O18:Monoculture::5-FU,O18,diagonal,36,5.68769403961
O18:Monoculture::5-FU,O18,diagonal,37,5.26823921383
O18:Monoculture::5-FU,O18,diagonal,38,5.96629440065
O18:Monoculture::5-FU,O18,diagonal,39,9.07956568406
O18:Monoculture::5-FU,O18,diagonal,40,8.64761283849
O18:Monoculture::5-FU,O18,diagonal,41,9.27636265518
O18:Monoculture::5-FU,O18,diagonal,42,15.9472026371
O18:Monoculture::5-FU,O18,diagonal,43,15.5593010567
O18:Monoculture::5-FU,O18,diagonal,44,16.1363349905
O18:Monoculture::5-FU,O18,diagonal,45,4.41356909984
O18:Monoculture::5-FU,O18,diagonal,46,3.3143162896
O18:Monoculture::5-FU,O18,diagonal,47,3.76945799638
O18:Monoculture::5-FU,O18,diagonal,48,7.62224806641
O18:Monoculture::5-FU,O18,diagonal,49,6.80265614943
O18:Monoculture::5-FU,O18,diagonal,50,7.39022653743
O18:Monoculture::5-FU,O18,diagonal,51,14.7269192809
O18:Monoculture::5-FU,O18,diagonal,52,14.2243810267
O18:Monoculture::5-FU,O18,diagonal,53,14.9661453135
O19:Coculture:F19:SN-38,O19,joint,0,6.9943095279
O19:Coculture:F19:SN-38,O19,joint,1,2.08616645225
O19:Coculture:F19:SN-38,O19,joint,2,2.09639067635
O19:Coculture:F19:SN-38,O19,joint,3,11.8334716978
O19:Coculture:F19:SN-38,O19,joint,4,7.18714904498
O19:Coculture:F19:SN-38,O19,joint,5,7.06249631703
O19:Coculture:F19:SN-38,O19,joint,6,17.2977787735
O19:Coculture:F19:SN-38,O19,joint,7,13.4583224705
O19:Coculture:F19:SN-38,O19,joint,8,13.1195391095
O19:Coculture:F19:SN-38,O19,joint,9,9.11585135501
O19:Coculture:F19:SN-38,O19,joint,10,4.76464052664
O19:Coculture:F19:SN-38,O19,joint,11,4.69665376093
O19:Coculture:F19:SN-38,O19,joint,12,11.4460853445
O19:Coculture:F19:SN-38,O19,joint,13,6.86314300754
O19:Coculture:F19:SN-38,O19,joint,14,6.1095531466
O19:Coculture:F19:SN-38,O19,joint,15,16.7799879523
O19:Coculture:F19:SN-38,O19,joint,16,12.8276870494
O19:Coculture:F19:SN-38,O19,joint,17,11.902183126
O19:Coculture:F19:SN-38,O19,joint,18,25.4868542714
O19:Coculture:F19:SN-38,O19,joint,19,17.7317529475
O19:Coculture:F19:SN-38,O19,joint,20,15.7163648025
O19:Coculture:F19:SN-38,O19,joint,21,19.8379907581
O19:Coculture:F19:SN-38,O19,joint,22,12.5110481445
O19:Coculture:F19:SN-38,O19,joint,23,10.1516400994
O19:Coculture:F19:SN-38,O19,joint,24,20.8202681964
O19:Coculture:F19:SN-38,O19,joint,25,14.9756686412
O19:Coculture:F19:SN-38,O19,joint,26,13.0879134417
O19:Coculture:F19:SN-38,O19,joint,27,6.18521419379
O19:Coculture:F19:SN-38,O19,joint,28,4.94171862683
O19:Coculture:F19:SN-38,O19,joint,29,4.95653413002
O19:Coculture:F19:SN-38,O19,joint,30,11.1353013022
O19:Coculture:F19:SN-38,O19,joint,31,9.9082655333
O19:Coculture:F19:SN-38,O19,joint,32,9.91082158933
O19:Coculture:F19:SN-38,O19,joint,33,16.9003998804
O19:Coculture:F19:SN-38,O19,joint,34,15.7388192172
O19:Coculture:F19:SN-38,O19,joint,35,15.7076560352
O19:Coculture:F19:SN-38,O19,joint,36,3.37607017292
O19:Coculture:F19:SN-38,O19,joint,37,2.44886944122
O19:Coculture:F19:SN-38,O19,joint,38,2.64929764227
O19:Coculture:F19:SN-38,O19,joint,39,7.68593284813
O19:Coculture:F19:SN-38,O19,joint,40,6.59813014104
O19:Coculture:F19:SN-38,O19,joint,41,6.58113344961
O19:Coculture:F19:SN-38,O19,joint,42,14.0681230949
O19:Coculture:F19:SN-38,O19,joint,43,12.9223875107
O19:Coculture:F19:SN-38,O19,joint,44,12.7339900455
O19:Coculture:F19:SN-38,O19,joint,45,10.9889720014
O19:Coculture:F19:SN-38,O19,joint,46,9.35995167393
O19:Coculture:F19:SN-38,O19,joint,47,9.31651965917
O19:Coculture:F19:SN-38,O19,joint,48,9.59618898169
O19:Coculture:F19:SN-38,O19,joint,49,7.65741365071
O19:Coculture:F19:SN-38,O19,joint,50,7.15356661446
O19:Coculture:F19:SN-38,O19,joint,51,14.7971952817
O19:Coculture:F19:SN-38,O19,joint,52,12.9654596283
O19:Coculture:F19:SN-38,O19,joint,53,12.375607617
O19:Coculture:F19:SN-38,O19,diagonal,0,9.42203981855
O19:Coculture:F19:SN-38,O19,diagonal,1,4.24213109599
O19:Coculture:F19:SN-38,O19,diagonal,2,4.05116866794
O19:Coculture:F19:SN-38,O19,diagonal,3,14.7761888653
O19:Coculture:F19:SN-38,O19,diagonal,4,9.79298828628
O19:Coculture:F19:SN-38,O19,diagonal,5,9.58306977406
O19:Coculture:F19:SN-38,O19,diagonal,6,20.7627806267
O19:Coculture:F19:SN-38,O19,diagonal,7,16.4386959518
O19:Coculture:F19:SN-38,O19,diagonal,8,16.2713987168
O19:Coculture:F19:SN-38,O19,diagonal,9,9.51390727344
O19:Coculture:F19:SN-38,O19,diagonal,10,4.78168939018
O19:Coculture:F19:SN-38,O19,diagonal,11,4.28734723082
O19:Coculture:F19:SN-38,O19,diagonal,12,13.7338530159
O19:Coculture:F19:SN-38,O19,diagonal,13,9.03896731014
O19:Coculture:F19:SN-38,O19,diagonal,14,8.20052081532
O19:Coculture:F19:SN-38,O19,diagonal,15,19.6913996751
O19:Coculture:F19:SN-38,O19,diagonal,16,15.8517748696
O19:Coculture:F19:SN-38,O19,diagonal,17,15.2540402458
O19:Coculture:F19:SN-38,O19,diagonal,18,20.7011977624
O19:Coculture:F19:SN-38,O19,diagonal,19,12.9400937955
O19:Coculture:F19:SN-38,O19,diagonal,20,10.80035757
O19:Coculture:F19:SN-38,O19,diagonal,21,19.3296027996
O19:Coculture:F19:SN-38,O19,diagonal,22,12.8271541838
O19:Coculture:F19:SN-38,O19,diagonal,23,11.2995296016
O19:Coculture:F19:SN-38,O19,diagonal,24,21.5311751807
O19:Coculture:F19:SN-38,O19,diagonal,25,16.8303320384
O19:Coculture:F19:SN-38,O19,diagonal,26,16.3233690828
O19:Coculture:F19:SN-38,O19,diagonal,27,8.36834594073
O19:Coculture:F19:SN-38,O19,diagonal,28,7.06152292467
O19:Coculture:F19:SN-38,O19,diagonal,29,7.01753726163
O19:Coculture:F19:SN-38,O19,diagonal,30,13.6816883271
O19:Coculture:F19:SN-38,O19,diagonal,31,12.3867111465
O19:Coculture:F19:SN-38,O19,diagonal,32,12.3389705395
O19:Coculture:F19:SN-38,O19,diagonal,33,19.7733068067
O19:Coculture:F19:SN-38,O19,diagonal,34,18.5275066619
O19:Coculture:F19:SN-38,O19,diagonal,35,18.4750270339
O19:Coculture:F19:SN-38,O19,diagonal,36,4.9199641009
O19:Coculture:F19:SN-38,O19,diagonal,37,3.87554806518
O19:Coculture:F19:SN-38,O19,diagonal,38,3.94728941492
O19:Coculture:F19:SN-38,O19,diagonal,39,10.3049109808
O19:Coculture:F19:SN-38,O19,diagonal,40,9.12185650998
O19:Coculture:F19:SN-38,O19,diagonal,41,8.99827097014
O19:Coculture:F19:SN-38,O19,diagonal,42,17.3678164694
O19:Coculture:F19:SN-38,O19,diagonal,43,16.1940950429
O19:Coculture:F19:SN-38,O19,diagonal,44,15.9844834192
O19:Coculture:F19:SN-38,O19,diagonal,45,8.66172490147
O19:Coculture:F19:SN-38,O19,diagonal,46,6.74009881539
O19:Coculture:F19:SN-38,O19,diagonal,47,6.37070701836
O19:Coculture:F19:SN-38,O19,diagonal,48,11.2748015648
O19:Coculture:F19:SN-38,O19,diagonal,49,9.3345255731
O19:Coculture:F19:SN-38,O19,diagonal,50,8.79959151673
O19:Coculture:F19:SN-38,O19,diagonal,51,17.634948621
O19:Coculture:F19:SN-38,O19,diagonal,52,16.0093364671
O19:Coculture:F19:SN-38,O19,diagonal,53,15.6274303215
O19:Monoculture::5-FU,O19,joint,0,1.65765341712
O19:Monoculture::5-FU,O19,joint,1,-0.482143083866
O19:Monoculture::5-FU,O19,joint,2,2.29239647075
O19:Monoculture::5-FU,O19,joint,3,7.14385325636
O19:Monoculture::5-FU,O19,joint,4,5.14383948178
O19:Monoculture::5-FU,O19,joint,5,7.66325555046
O19:Monoculture::5-FU,O19,joint,6,13.4404029358
O19:Monoculture::5-FU,O19,joint,7,11.822083818
O19:Monoculture::5-FU,O19,joint,8,13.7193104363
O19:Monoculture::5-FU,O19,joint,9,-2.16631061146
O19:Monoculture::5-FU,O19,joint,10,-3.23307100885
O19:Monoculture::5-FU,O19,joint,11,-0.0169868128854
O19:Monoculture::5-FU,O19,joint,12,3.72645836505
O19:Monoculture::5-FU,O19,joint,13,2.2949496474
O19:Monoculture::5-FU,O19,joint,14,4.69336512562
O19:Monoculture::5-FU,O19,joint,15,11.2666641962
O19:Monoculture::5-FU,O19,joint,16,9.91798877591
O19:Monoculture::5-FU,O19,joint,17,11.6132897346
O19:Monoculture::5-FU,O19,joint,18,-2.39299826775
O19:Monoculture::5-FU,O19,joint,19,-4.13973322616
O19:Monoculture::5-FU,O19,joint,20,-0.152299334774
O19:Monoculture::5-FU,O19,joint,21,2.77710754268
O19:Monoculture::5-FU,O19,joint,22,0.755964535878
O19:Monoculture::5-FU,O19,joint,23,3.70741838678
O19:Monoculture::5-FU,O19,joint,24,10.7978442708
O19:Monoculture::5-FU,O19,joint,25,8.97786969208
O19:Monoculture::5-FU,O19,joint,26,11.1434191963
O19:Monoculture::5-FU,O19,joint,27,4.52717429587
O19:Monoculture::5-FU,O19,joint,28,3.98205883292
O19:Monoculture::5-FU,O19,joint,29,4.69440316405
O19:Monoculture::5-FU,O19,joint,30,9.82396905411
O19:Monoculture::5-FU,O19,joint,31,9.28901992887
O19:Monoculture::5-FU,O19,joint,32,9.98265481752
O19:Monoculture::5-FU,O19,joint,33,15.7445742113
O19:Monoculture::5-FU,O19,joint,34,15.2445707676
O19:Monoculture::5-FU,O19,joint,35,15.8744247848
O19:Monoculture::5-FU,O19,joint,36,-1.23723936528
O19:Monoculture::5-FU,O19,joint,37,-1.37608615749
O19:Monoculture::5-FU,O19,joint,38,-0.387171070638
O19:Monoculture::5-FU,O19,joint,39,4.87397336165
O19:Monoculture::5-FU,O19,joint,40,4.6072832623
O19:Monoculture::5-FU,O19,joint,41,5.41130431129
O19:Monoculture::5-FU,O19,joint,42,12.1383889351
O19:Monoculture::5-FU,O19,joint,43,11.7805117556
O19:Monoculture::5-FU,O19,joint,44,12.3801156252
O19:Monoculture::5-FU,O19,joint,45,-2.5377496866
O19:Monoculture::5-FU,O19,joint,46,-2.70949155145
O19:Monoculture::5-FU,O19,joint,47,-1.29609618141
O19:Monoculture::5-FU,O19,joint,48,2.62879980476
O19:Monoculture::5-FU,O19,joint,49,2.19211606516
O19:Monoculture::5-FU,O19,joint,50,3.188974538
O19:Monoculture::5-FU,O19,joint,51,10.538582274
O19:Monoculture::5-FU,O19,joint,52,10.0332965223
O19:Monoculture::5-FU,O19,joint,53,10.771159985
O19:Monoculture::5-FU,O19,diagonal,0,4.3156580237
O19:Monoculture::5-FU,O19,diagonal,1,1.91383257241
O19:Monoculture::5-FU,O19,diagonal,2,4.49909993232
O19:Monoculture::5-FU,O19,diagonal,3,10.2503880804
O19:Monoculture::5-FU,O19,diagonal,4,7.89098226073
O19:Monoculture::5-FU,O19,diagonal,5,10.3035832829
O19:Monoculture::5-FU,O19,diagonal,6,17.0941665407
O19:Monoculture::5-FU,O19,diagonal,7,14.9493552601
O19:Monoculture::5-FU,O19,diagonal,8,16.9536594713
O19:Monoculture::5-FU,O19,diagonal,9,0.320407413233
O19:Monoculture::5-FU,O19,diagonal,10,-1.1654778113
O19:Monoculture::5-FU,O19,diagonal,11,1.59144761329
O19:Monoculture::5-FU,O19,diagonal,12,7.07657720181
O19:Monoculture::5-FU,O19,diagonal,13,5.3628606035
O19:Monoculture::5-FU,O19,diagonal,14,7.50888606165
O19:Monoculture::5-FU,O19,diagonal,15,15.1575987415
O19:Monoculture::5-FU,O19,diagonal,16,13.5449950446
O19:Monoculture::5-FU,O19,diagonal,17,15.1735228805
O19:Monoculture::5-FU,O19,diagonal,18,-0.681897986612
O19:Monoculture::5-FU,O19,diagonal,19,-2.88858547775
O19:Monoculture::5-FU,O19,diagonal,20,0.53337625103
O19:Monoculture::5-FU,O19,diagonal,21,6.3273003705
O19:Monoculture::5-FU,O19,diagonal,22,3.9842796345
O19:Monoculture::5-FU,O19,diagonal,23,6.6184690624
O19:Monoculture::5-FU,O19,diagonal,24,14.9424554626
O19:Monoculture::5-FU,O19,diagonal,25,12.7620779528
O19:Monoculture::5-FU,O19,diagonal,26,14.7671016244
O19:Monoculture::5-FU,O19,diagonal,27,6.88960118681
O19:Monoculture::5-FU,O19,diagonal,28,6.2872053235
O19:Monoculture::5-FU,O19,diagonal,29,6.94698671406
O19:Monoculture::5-FU,O19,diagonal,30,12.4220940395
O19:Monoculture::5-FU,O19,diagonal,31,11.8216376767
O19:Monoculture::5-FU,O19,diagonal,32,12.4679545167
O19:Monoculture::5-FU,O19,diagonal,33,18.6446090125
O19:Monoculture::5-FU,O19,diagonal,34,18.0547575576
O19:Monoculture::5-FU,O19,diagonal,35,18.6579078131
O19:Monoculture::5-FU,O19,diagonal,36,1.40336026144
O19:Monoculture::5-FU,O19,diagonal,37,1.15464681405
O19:Monoculture::5-FU,O19,diagonal,38,2.02344337927
O19:Monoculture::5-FU,O19,diagonal,39,7.99309821777
O19:Monoculture::5-FU,O19,diagonal,40,7.62162691164
O19:Monoculture::5-FU,O19,diagonal,41,8.31085826779
O19:Monoculture::5-FU,O19,diagonal,42,15.6798031308
O19:Monoculture::5-FU,O19,diagonal,43,15.2513739813
O19:Monoculture::5-FU,O19,diagonal,44,15.7878803458
O19:Monoculture::5-FU,O19,diagonal,45,-0.845719164657
O19:Monoculture::5-FU,O19,diagonal,46,-1.24973263246
O19:Monoculture::5-FU,O19,diagonal,47,-0.099351583243
O19:Monoculture::5-FU,O19,diagonal,48,5.90499024811
O19:Monoculture::5-FU,O19,diagonal,49,5.35331837533
O19:Monoculture::5-FU,O19,diagonal,50,6.20880880753
O19:Monoculture::5-FU,O19,diagonal,51,14.3615813167
O19:Monoculture::5-FU,O19,diagonal,52,13.7758261327
O19:Monoculture::5-FU,O19,diagonal,53,14.4343734897
O19:Monoculture::Oxa,O19,joint,0,7.91811990114
O19:Monoculture::Oxa,O19,joint,1,1.50161518493
O19:Monoculture::Oxa,O19,joint,2,-0.000553475670749
O19:Monoculture::Oxa,O19,joint,3,12.6377336448
O19:Monoculture::Oxa,O19,joint,4,6.68821778135
O19:Monoculture::Oxa,O19,joint,5,5.25813176113
O19:Monoculture::Oxa,O19,joint,6,17.7572270338
O19:Monoculture::Oxa,O19,joint,7,13.0457035618
O19:Monoculture::Oxa,O19,joint,8,11.8497258257
O19:Monoculture::Oxa,O19,joint,9,3.04804475392
O19:Monoculture::Oxa,O19,joint,10,-2.92174022327
O19:Monoculture::Oxa,O19,joint,11,-4.60868060711
O19:Monoculture::Oxa,O19,joint,12,8.73615862842
O19:Monoculture::Oxa,O19,joint,13,3.37742791968
O19:Monoculture::Oxa,O19,joint,14,1.84862140681
O19:Monoculture::Oxa,O19,joint,15,15.4009222727
O19:Monoculture::Oxa,O19,joint,16,11.1028326016
O19:Monoculture::Oxa,O19,joint,17,9.84871930945
O19:Monoculture::Oxa,O19,joint,18,4.28254753783
O19:Monoculture::Oxa,O19,joint,19,-3.80513013944
O19:Monoculture::Oxa,O19,joint,20,-6.15863896692
O19:Monoculture::Oxa,O19,joint,21,9.83307636874
O19:Monoculture::Oxa,O19,joint,22,2.65629216119
O19:Monoculture::Oxa,O19,joint,23,0.452104811344
O19:Monoculture::Oxa,O19,joint,24,16.5775945877
O19:Monoculture::Oxa,O19,joint,25,10.7851291092
O19:Monoculture::Oxa,O19,joint,26,8.9781877136
O19:Monoculture::Oxa,O19,joint,27,6.47499955956
O19:Monoculture::Oxa,O19,joint,28,4.83790017268
O19:Monoculture::Oxa,O19,joint,29,4.45826057989
O19:Monoculture::Oxa,O19,joint,30,11.3890856751
O19:Monoculture::Oxa,O19,joint,31,9.78495949607
O19:Monoculture::Oxa,O19,joint,32,9.40941733091
O19:Monoculture::Oxa,O19,joint,33,17.1180443084
O19:Monoculture::Oxa,O19,joint,34,15.6306653425
O19:Monoculture::Oxa,O19,joint,35,15.2731438375
O19:Monoculture::Oxa,O19,joint,36,0.266015117606
O19:Monoculture::Oxa,O19,joint,37,-1.28938929395
O19:Monoculture::Oxa,O19,joint,38,-1.71703182645
O19:Monoculture::Oxa,O19,joint,39,6.17756220299
O19:Monoculture::Oxa,O19,joint,40,4.68511595869
O19:Monoculture::Oxa,O19,joint,41,4.26338086273
O19:Monoculture::Oxa,O19,joint,42,13.3908140009
O19:Monoculture::Oxa,O19,joint,43,12.0511313237
O19:Monoculture::Oxa,O19,joint,44,11.6689296955
O19:Monoculture::Oxa,O19,joint,45,-2.15678557672
O19:Monoculture::Oxa,O19,joint,46,-4.36823567454
O19:Monoculture::Oxa,O19,joint,47,-4.99454853747
O19:Monoculture::Oxa,O19,joint,48,4.29768625615
O19:Monoculture::Oxa,O19,joint,49,2.27576683684
O19:Monoculture::Oxa,O19,joint,50,1.68738962997
O19:Monoculture::Oxa,O19,joint,51,12.3025744805
O19:Monoculture::Oxa,O19,joint,52,10.5083784286
O19:Monoculture::Oxa,O19,joint,53,9.95733159116
O19:Monoculture::Oxa,O19,diagonal,0,10.0127943128
O19:Monoculture::Oxa,O19,diagonal,1,3.55622661749
O19:Monoculture::Oxa,O19,diagonal,2,2.08675173338
O19:Monoculture::Oxa,O19,diagonal,3,15.526402072
O19:Monoculture::Oxa,O19,diagonal,4,9.36835934422
O19:Monoculture::Oxa,O19,diagonal,5,7.98232345829
O19:Monoculture::Oxa,O19,diagonal,6,21.5181955132
O19:Monoculture::Oxa,O19,diagonal,7,16.2146593365
O19:Monoculture::Oxa,O19,diagonal,8,15.0602386515
O19:Monoculture::Oxa,O19,diagonal,9,5.30289130686
O19:Monoculture::Oxa,O19,diagonal,10,-0.438386771983
O19:Monoculture::Oxa,O19,diagonal,11,-1.93685420172
O19:Monoculture::Oxa,O19,diagonal,12,11.6957273959
O19:Monoculture::Oxa,O19,diagonal,13,6.5690072079
O19:Monoculture::Oxa,O19,diagonal,14,5.30202907634
O19:Monoculture::Oxa,O19,diagonal,15,18.870829747
O19:Monoculture::Oxa,O19,diagonal,16,14.6433251515
O19:Monoculture::Oxa,O19,diagonal,17,13.6569520888
O19:Monoculture::Oxa,O19,diagonal,18,6.19378815887
O19:Monoculture::Oxa,O19,diagonal,19,-1.27353539212
O19:Monoculture::Oxa,O19,diagonal,20,-3.11220972318
O19:Monoculture::Oxa,O19,diagonal,21,12.5870100286
O19:Monoculture::Oxa,O19,diagonal,22,5.97683432364
O19:Monoculture::Oxa,O19,diagonal,23,4.3438687826
O19:Monoculture::Oxa,O19,diagonal,24,19.6369990527
O19:Monoculture::Oxa,O19,diagonal,25,14.253319904
O19:Monoculture::Oxa,O19,diagonal,26,13.0550419368
O19:Monoculture::Oxa,O19,diagonal,27,8.44225398088
O19:Monoculture::Oxa,O19,diagonal,28,6.80720409335
O19:Monoculture::Oxa,O19,diagonal,29,6.4343314597
O19:Monoculture::Oxa,O19,diagonal,30,13.8463781118
O19:Monoculture::Oxa,O19,diagonal,31,12.2322361879
O19:Monoculture::Oxa,O19,diagonal,32,11.8648674669
O19:Monoculture::Oxa,O19,diagonal,33,19.9636125104
O19:Monoculture::Oxa,O19,diagonal,34,18.4241018285
O19:Monoculture::Oxa,O19,diagonal,35,18.077592857
O19:Monoculture::Oxa,O19,diagonal,36,2.61839307277
O19:Monoculture::Oxa,O19,diagonal,37,1.09380452214
O19:Monoculture::Oxa,O19,diagonal,38,0.686725984114
O19:Monoculture::Oxa,O19,diagonal,39,9.23871919118
O19:Monoculture::Oxa,O19,diagonal,40,7.80339967147
O19:Monoculture::Oxa,O19,diagonal,41,7.42878281404
O19:Monoculture::Oxa,O19,diagonal,42,16.8345906794
O19:Monoculture::Oxa,O19,diagonal,43,15.5529106324
O19:Monoculture::Oxa,O19,diagonal,44,15.2361660995
O19:Monoculture::Oxa,O19,diagonal,45,0.376673156654
O19:Monoculture::Oxa,O19,diagonal,46,-1.67318556241
O19:Monoculture::Oxa,O19,diagonal,47,-2.16864976446
O19:Monoculture::Oxa,O19,diagonal,48,7.62391178449
O19:Monoculture::Oxa,O19,diagonal,49,5.75708089674
O19:Monoculture::Oxa,O19,diagonal,50,5.29741231397
O19:Monoculture::Oxa,O19,diagonal,51,15.9265087312
O19:Monoculture::Oxa,O19,diagonal,52,14.273964805
O19:Monoculture::Oxa,O19,diagonal,53,13.8657234197
O20:Coculture:F20:5-FU,O20,joint,0,26.7710166424
O20:Coculture:F20:5-FU,O20,joint,1,23.6940150273
O20:Coculture:F20:5-FU,O20,joint,2,25.5313494678
O20:Coculture:F20:5-FU,O20,joint,3,18.4604286865
O20:Coculture:F20:5-FU,O20,joint,4,15.3846712147
O20:Coculture:F20:5-FU,O20,joint,5,16.8283435862
O20:Coculture:F20:5-FU,O20,joint,6,18.4951070191
O20:Coculture:F20:5-FU,O20,joint,7,15.8748458141
O20:Coculture:F20:5-FU,O20,joint,8,16.7701303449
O20:Coculture:F20:5-FU,O20,joint,9,60.7602840663
O20:Coculture:F20:5-FU,O20,joint,10,59.0002140958
O20:Coculture:F20:5-FU,O20,joint,11,61.5229887188
O20:Coculture:F20:5-FU,O20,joint,12,22.8044409571
O20:Coculture:F20:5-FU,O20,joint,13,20.6596814441
O20:Coculture:F20:5-FU,O20,joint,14,22.344846127
O20:Coculture:F20:5-FU,O20,joint,15,17.4819866147
O20:Coculture:F20:5-FU,O20,joint,16,15.4981200975
O20:Coculture:F20:5-FU,O20,joint,17,16.5582299593
O20:Coculture:F20:5-FU,O20,joint,18,79.5450769812
O20:Coculture:F20:5-FU,O20,joint,19,78.1349672381
O20:Coculture:F20:5-FU,O20,joint,20,82.4590263448
O20:Coculture:F20:5-FU,O20,joint,21,27.1151736798
O20:Coculture:F20:5-FU,O20,joint,22,24.8340511505
O20:Coculture:F20:5-FU,O20,joint,23,27.5255254789
O20:Coculture:F20:5-FU,O20,joint,24,18.6602191613
O20:Coculture:F20:5-FU,O20,joint,25,16.204884619
O20:Coculture:F20:5-FU,O20,joint,26,17.7350741597
O20:Coculture:F20:5-FU,O20,joint,27,21.7975452266
O20:Coculture:F20:5-FU,O20,joint,28,21.0398452497
O20:Coculture:F20:5-FU,O20,joint,29,21.5396050668
O20:Coculture:F20:5-FU,O20,joint,30,16.1023098604
O20:Coculture:F20:5-FU,O20,joint,31,15.3330594567
O20:Coculture:F20:5-FU,O20,joint,32,15.7923930668
O20:Coculture:F20:5-FU,O20,joint,33,18.5737180688
O20:Coculture:F20:5-FU,O20,joint,34,17.8047787009
O20:Coculture:F20:5-FU,O20,joint,35,18.1656967937
O20:Coculture:F20:5-FU,O20,joint,36,48.0978781183
O20:Coculture:F20:5-FU,O20,joint,37,47.9256066834
O20:Coculture:F20:5-FU,O20,joint,38,48.8810971276
O20:Coculture:F20:5-FU,O20,joint,39,20.6056220311
O20:Coculture:F20:5-FU,O20,joint,40,20.1656045385
O20:Coculture:F20:5-FU,O20,joint,41,20.7962981942
O20:Coculture:F20:5-FU,O20,joint,42,16.9078845831
O20:Coculture:F20:5-FU,O20,joint,43,16.3716947048
O20:Coculture:F20:5-FU,O20,joint,44,16.7929858756
O20:Coculture:F20:5-FU,O20,joint,45,69.4304763646
O20:Coculture:F20:5-FU,O20,joint,46,69.3951276427
O20:Coculture:F20:5-FU,O20,joint,47,70.9449161556
O20:Coculture:F20:5-FU,O20,joint,48,23.113318617
O20:Coculture:F20:5-FU,O20,joint,49,22.7607911812
O20:Coculture:F20:5-FU,O20,joint,50,23.8418059579
O20:Coculture:F20:5-FU,O20,joint,51,16.6230988083
O20:Coculture:F20:5-FU,O20,joint,52,16.052818176
O20:Coculture:F20:5-FU,O20,joint,53,16.7256867581
O20:Coculture:F20:5-FU,O20,diagonal,0,21.4578211606
O20:Coculture:F20:5-FU,O20,diagonal,1,17.8429449185
O20:Coculture:F20:5-FU,O20,diagonal,2,19.2151614876
O20:Coculture:F20:5-FU,O20,diagonal,3,18.0518161687
O20:Coculture:F20:5-FU,O20,diagonal,4,14.4842009468
O20:Coculture:F20:5-FU,O20,diagonal,5,15.6885925668
O20:Coculture:F20:5-FU,O20,diagonal,6,20.6824815739
O20:Coculture:F20:5-FU,O20,diagonal,7,17.4550002235
O20:Coculture:F20:5-FU,O20,diagonal,8,18.376634365
O20:Coculture:F20:5-FU,O20,diagonal,9,34.6681611265
O20:Coculture:F20:5-FU,O20,diagonal,10,32.7690898304
O20:Coculture:F20:5-FU,O20,diagonal,11,35.1128291834
O20:Coculture:F20:5-FU,O20,diagonal,12,17.5427900984
O20:Coculture:F20:5-FU,O20,diagonal,13,15.5038635949
O20:Coculture:F20:5-FU,O20,diagonal,14,17.3246791478
O20:Coculture:F20:5-FU,O20,diagonal,15,18.7607712881
O20:Coculture:F20:5-FU,O20,diagonal,16,16.6743397938
O20:Coculture:F20:5-FU,O20,diagonal,17,17.8290398322
O20:Coculture:F20:5-FU,O20,diagonal,18,43.6793410333
O20:Coculture:F20:5-FU,O20,diagonal,19,42.4043438616
O20:Coculture:F20:5-FU,O20,diagonal,20,46.7579959097
O20:Coculture:F20:5-FU,O20,diagonal,21,19.7473612464
O20:Coculture:F20:5-FU,O20,diagonal,22,17.2118439242
O20:Coculture:F20:5-FU,O20,diagonal,23,19.6535367659
O20:Coculture:F20:5-FU,O20,diagonal,24,19.7523417472
O20:Coculture:F20:5-FU,O20,diagonal,25,16.7208099355
O20:Coculture:F20:5-FU,O20,diagonal,26,17.8746793053
O20:Coculture:F20:5-FU,O20,diagonal,27,17.4882777807
O20:Coculture:F20:5-FU,O20,diagonal,28,16.5892523982
O20:Coculture:F20:5-FU,O20,diagonal,29,16.9524042696
O20:Coculture:F20:5-FU,O20,diagonal,30,16.7076348237
O20:Coculture:F20:5-FU,O20,diagonal,31,15.8039157632
O20:Coculture:F20:5-FU,O20,diagonal,32,16.1469699055
O20:Coculture:F20:5-FU,O20,diagonal,33,20.5949660346
O20:Coculture:F20:5-FU,O20,diagonal,34,19.7030622291
O20:Coculture:F20:5-FU,O20,diagonal,35,20.0041601341
O20:Coculture:F20:5-FU,O20,diagonal,36,29.5956372065
O20:Coculture:F20:5-FU,O20,diagonal,37,29.2537523978
O20:Coculture:F20:5-FU,O20,diagonal,38,30.0293776017
O20:Coculture:F20:5-FU,O20,diagonal,39,16.5800366461
O20:Coculture:F20:5-FU,O20,diagonal,40,16.1052688221
O20:Coculture:F20:5-FU,O20,diagonal,41,16.6912036603
O20:Coculture:F20:5-FU,O20,diagonal,42,18.296356355
O20:Coculture:F20:5-FU,O20,diagonal,43,17.7866247291
O20:Coculture:F20:5-FU,O20,diagonal,44,18.2418286173
O20:Coculture:F20:5-FU,O20,diagonal,45,37.9568130145
O20:Coculture:F20:5-FU,O20,diagonal,46,37.9573493938
O20:Coculture:F20:5-FU,O20,diagonal,47,39.5122802901
O20:Coculture:F20:5-FU,O20,diagonal,48,16.9953000031
O20:Coculture:F20:5-FU,O20,diagonal,49,16.6765507102
O20:Coculture:F20:5-FU,O20,diagonal,50,17.7649637222
O20:Coculture:F20:5-FU,O20,diagonal,51,17.7165965357
O20:Coculture:F20:5-FU,O20,diagonal,52,17.0827172051
O20:Coculture:F20:5-FU,O20,diagonal,53,17.6931404155
O21:Coculture:F14:5-FU,O21,joint,0,7.32414206088
O21:Coculture:F14:5-FU,O21,joint,1,8.22609232029
O21:Coculture:F14:5-FU,O21,joint,2,14.0423786353
O21:Coculture:F14:5-FU,O21,joint,3,7.35181814526
O21:Coculture:F14:5-FU,O21,joint,4,8.12688811582
O21:Coculture:F14:5-FU,O21,joint,5,13.4213879296
O21:Coculture:F14:5-FU,O21,joint,6,12.53186803
O21:Coculture:F14:5-FU,O21,joint,7,13.0688692751
O21:Coculture:F14:5-FU,O21,joint,8,17.1214162561
O21:Coculture:F14:5-FU,O21,joint,9,4.51915645298
O21:Coculture:F14:5-FU,O21,joint,10,4.78136876681
O21:Coculture:F14:5-FU,O21,joint,11,9.32642567398
O21:Coculture:F14:5-FU,O21,joint,12,4.38548915574
O21:Coculture:F14:5-FU,O21,joint,13,4.65750109572
O21:Coculture:F14:5-FU,O21,joint,14,8.75943723158
O21:Coculture:F14:5-FU,O21,joint,15,10.64291246
O21:Coculture:F14:5-FU,O21,joint,16,10.8969791799
O21:Coculture:F14:5-FU,O21,joint,17,14.1950222789
O21:Coculture:F14:5-FU,O21,joint,18,3.29644410435
O21:Coculture:F14:5-FU,O21,joint,19,3.4072825675
O21:Coculture:F14:5-FU,O21,joint,20,9.25228988045
O21:Coculture:F14:5-FU,O21,joint,21,3.11050277738
O21:Coculture:F14:5-FU,O21,joint,22,3.32156419137
O21:Coculture:F14:5-FU,O21,joint,23,8.50522246305
O21:Coculture:F14:5-FU,O21,joint,24,9.87893527548
O21:Coculture:F14:5-FU,O21,joint,25,10.1260235478
O21:Coculture:F14:5-FU,O21,joint,26,14.3586359031
O21:Coculture:F14:5-FU,O21,joint,27,11.4224827432
O21:Coculture:F14:5-FU,O21,joint,28,11.6596077262
O21:Coculture:F14:5-FU,O21,joint,29,13.1541925033
O21:Coculture:F14:5-FU,O21,joint,30,11.2405912151
O21:Coculture:F14:5-FU,O21,joint,31,11.4660787799
O21:Coculture:F14:5-FU,O21,joint,32,12.9201503587
O21:Coculture:F14:5-FU,O21,joint,33,15.7965654335
O21:Coculture:F14:5-FU,O21,joint,34,15.9903329261
O21:Coculture:F14:5-FU,O21,joint,35,17.3139578796
O21:Coculture:F14:5-FU,O21,joint,36,6.7136536578
O21:Coculture:F14:5-FU,O21,joint,37,6.82146779908
O21:Coculture:F14:5-FU,O21,joint,38,8.05704381942
O21:Coculture:F14:5-FU,O21,joint,39,6.54534012776
O21:Coculture:F14:5-FU,O21,joint,40,6.61089320621
O21:Coculture:F14:5-FU,O21,joint,41,7.74715743301
O21:Coculture:F14:5-FU,O21,joint,42,12.3031466327
O21:Coculture:F14:5-FU,O21,joint,43,12.3711496177
O21:Coculture:F14:5-FU,O21,joint,44,13.3966336517
O21:Coculture:F14:5-FU,O21,joint,45,4.16064146286
O21:Coculture:F14:5-FU,O21,joint,46,4.12704294461
O21:Coculture:F14:5-FU,O21,joint,47,5.67858166125
O21:Coculture:F14:5-FU,O21,joint,48,4.05116039778
O21:Coculture:F14:5-FU,O21,joint,49,4.07887001357
O21:Coculture:F14:5-FU,O21,joint,50,5.54012184181
O21:Coculture:F14:5-FU,O21,joint,51,10.6219310827
O21:Coculture:F14:5-FU,O21,joint,52,10.6746964362
O21:Coculture:F14:5-FU,O21,joint,53,11.9706110041
O21:Coculture:F14:5-FU,O21,diagonal,0,6.13200042156
O21:Coculture:F14:5-FU,O21,diagonal,1,7.3944410359
O21:Coculture:F14:5-FU,O21,diagonal,2,13.6439744614
O21:Coculture:F14:5-FU,O21,diagonal,3,9.12713885568
O21:Coculture:F14:5-FU,O21,diagonal,4,10.3421265461
O21:Coculture:F14:5-FU,O21,diagonal,5,16.3291210784
O21:Coculture:F14:5-FU,O21,diagonal,6,15.3729818082
O21:Coculture:F14:5-FU,O21,diagonal,7,16.4811061555
O21:Coculture:F14:5-FU,O21,diagonal,8,21.7383459946
O21:Coculture:F14:5-FU,O21,diagonal,9,3.08856951886
O21:Coculture:F14:5-FU,O21,diagonal,10,3.76424101857
O21:Coculture:F14:5-FU,O21,diagonal,11,8.6827231674
O21:Coculture:F14:5-FU,O21,diagonal,12,6.66244955783
O21:Coculture:F14:5-FU,O21,diagonal,13,7.41961967962
O21:Coculture:F14:5-FU,O21,diagonal,14,12.0365318579
O21:Coculture:F14:5-FU,O21,diagonal,15,14.0245517479
O21:Coculture:F14:5-FU,O21,diagonal,16,14.7826418582
O21:Coculture:F14:5-FU,O21,diagonal,17,18.7818635012
O21:Coculture:F14:5-FU,O21,diagonal,18,2.03462405406
O21:Coculture:F14:5-FU,O21,diagonal,19,3.02143105602
O21:Coculture:F14:5-FU,O21,diagonal,20,9.63688727789
O21:Coculture:F14:5-FU,O21,diagonal,21,5.7353655438
O21:Coculture:F14:5-FU,O21,diagonal,22,6.74369255958
O21:Coculture:F14:5-FU,O21,diagonal,23,12.7292297393
O21:Coculture:F14:5-FU,O21,diagonal,24,13.4011529252
O21:Coculture:F14:5-FU,O21,diagonal,25,14.4825188005
O21:Coculture:F14:5-FU,O21,diagonal,26,19.7492858571
O21:Coculture:F14:5-FU,O21,diagonal,27,10.1986257004
O21:Coculture:F14:5-FU,O21,diagonal,28,10.5196938097
O21:Coculture:F14:5-FU,O21,diagonal,29,12.1029391728
O21:Coculture:F14:5-FU,O21,diagonal,30,12.876179639
O21:Coculture:F14:5-FU,O21,diagonal,31,13.1917897926
O21:Coculture:F14:5-FU,O21,diagonal,32,14.7541731489
O21:Coculture:F14:5-FU,O21,diagonal,33,18.3637967063
O21:Coculture:F14:5-FU,O21,diagonal,34,18.6675436289
O21:Coculture:F14:5-FU,O21,diagonal,35,20.164292262
O21:Coculture:F14:5-FU,O21,diagonal,36,5.36728614336
O21:Coculture:F14:5-FU,O21,diagonal,37,5.5427603528
O21:Coculture:F14:5-FU,O21,diagonal,38,6.83574457484
O21:Coculture:F14:5-FU,O21,diagonal,39,8.68513874418
O21:Coculture:F14:5-FU,O21,diagonal,40,8.85405661911
O21:Coculture:F14:5-FU,O21,diagonal,41,10.0836771563
O21:Coculture:F14:5-FU,O21,diagonal,42,15.5762712198
O21:Coculture:F14:5-FU,O21,diagonal,43,15.7655637503
O21:Coculture:F14:5-FU,O21,diagonal,44,16.9197917948
O21:Coculture:F14:5-FU,O21,diagonal,45,2.82609467912
O21:Coculture:F14:5-FU,O21,diagonal,46,3.05531638238
O21:Coculture:F14:5-FU,O21,diagonal,47,4.83893260265
O21:Coculture:F14:5-FU,O21,diagonal,48,6.58412075828
O21:Coculture:F14:5-FU,O21,diagonal,49,6.83082250877
O21:Coculture:F14:5-FU,O21,diagonal,50,8.48468656424
O21:Coculture:F14:5-FU,O21,diagonal,51,14.21359761
O21:Coculture:F14:5-FU,O21,diagonal,52,14.465679364
O21:Coculture:F14:5-FU,O21,diagonal,53,15.9620636589
O21:Coculture:F14:Oxa,O21,joint,0,9.88564116074
O21:Coculture:F14:Oxa,O21,joint,1,5.42041444365
O21:Coculture:F14:Oxa,O21,joint,2,5.86952378216
O21:Coculture:F14:Oxa,O21,joint,3,11.0840547698
O21:Coculture:F14:Oxa,O21,joint,4,6.9706928159
O21:Coculture:F14:Oxa,O21,joint,5,7.3767607052
O21:Coculture:F14:Oxa,O21,joint,6,15.7995734432
O21:Coculture:F14:Oxa,O21,joint,7,12.5626019617
O21:Coculture:F14:Oxa,O21,joint,8,12.8411762161
O21:Coculture:F14:Oxa,O21,joint,9,7.82720166855
O21:Coculture:F14:Oxa,O21,joint,10,3.6418879244
O21:Coculture:F14:Oxa,O21,joint,11,3.73941877359
O21:Coculture:F14:Oxa,O21,joint,12,8.64980807716
O21:Coculture:F14:Oxa,O21,joint,13,4.96775423877
O21:Coculture:F14:Oxa,O21,joint,14,5.11562459626
O21:Coculture:F14:Oxa,O21,joint,15,13.8495191429
O21:Coculture:F14:Oxa,O21,joint,16,10.9723281553
O21:Coculture:F14:Oxa,O21,joint,17,11.1391135467
O21:Coculture:F14:Oxa,O21,joint,18,14.1230949823
O21:Coculture:F14:Oxa,O21,joint,19,8.8326409379
O21:Coculture:F14:Oxa,O21,joint,20,9.27635574328
O21:Coculture:F14:Oxa,O21,joint,21,9.17576910204
O21:Coculture:F14:Oxa,O21,joint,22,4.65410541493
O21:Coculture:F14:Oxa,O21,joint,23,5.10503858552
O21:Coculture:F14:Oxa,O21,joint,24,13.9063338938
O21:Coculture:F14:Oxa,O21,joint,25,10.2393482678
O21:Coculture:F14:Oxa,O21,joint,26,10.5578867247
O21:Coculture:F14:Oxa,O21,joint,27,10.6366996041
O21:Coculture:F14:Oxa,O21,joint,28,9.49373323558
O21:Coculture:F14:Oxa,O21,joint,29,9.60822666112
O21:Coculture:F14:Oxa,O21,joint,30,11.88096599
O21:Coculture:F14:Oxa,O21,joint,31,10.7646593107
O21:Coculture:F14:Oxa,O21,joint,32,10.8769366454
O21:Coculture:F14:Oxa,O21,joint,33,16.7296245897
O21:Coculture:F14:Oxa,O21,joint,34,15.7012841012
O21:Coculture:F14:Oxa,O21,joint,35,15.8028010735
O21:Coculture:F14:Oxa,O21,joint,36,5.52441181221
O21:Coculture:F14:Oxa,O21,joint,37,4.3996097795
O21:Coculture:F14:Oxa,O21,joint,38,4.40256962585
O21:Coculture:F14:Oxa,O21,joint,39,7.37235143165
O21:Coculture:F14:Oxa,O21,joint,40,6.32602299561
O21:Coculture:F14:Oxa,O21,joint,41,6.35040570791
O21:Coculture:F14:Oxa,O21,joint,42,13.3692263631
O21:Coculture:F14:Oxa,O21,joint,43,12.4487129035
O21:Coculture:F14:Oxa,O21,joint,44,12.4856804929
O21:Coculture:F14:Oxa,O21,joint,45,8.41567398736
O21:Coculture:F14:Oxa,O21,joint,46,6.85370791724
O21:Coculture:F14:Oxa,O21,joint,47,6.87687908202
O21:Coculture:F14:Oxa,O21,joint,48,6.75782311728
O21:Coculture:F14:Oxa,O21,joint,49,5.43520960617
O21:Coculture:F14:Oxa,O21,joint,50,5.54613830752
O21:Coculture:F14:Oxa,O21,joint,51,12.1382476638
O21:Coculture:F14:Oxa,O21,joint,52,11.0078317421
O21:Coculture:F14:Oxa,O21,joint,53,11.1205650347
O21:Coculture:F14:Oxa,O21,diagonal,0,9.4042225233
O21:Coculture:F14:Oxa,O21,diagonal,1,5.32814296978
O21:Coculture:F14:Oxa,O21,diagonal,2,6.23915622745
O21:Coculture:F14:Oxa,O21,diagonal,3,12.8896231312
O21:Coculture:F14:Oxa,O21,diagonal,4,9.02610366788
O21:Coculture:F14:Oxa,O21,diagonal,5,9.93459104639
O21:Coculture:F14:Oxa,O21,diagonal,6,18.7572941487
O21:Coculture:F14:Oxa,O21,diagonal,7,15.4501126565
O21:Coculture:F14:Oxa,O21,diagonal,8,16.2920466561
O21:Coculture:F14:Oxa,O21,diagonal,9,7.42104486257
O21:Coculture:F14:Oxa,O21,diagonal,10,3.89407655025
O21:Coculture:F14:Oxa,O21,diagonal,11,4.60991888704
O21:Coculture:F14:Oxa,O21,diagonal,12,10.3737552565
O21:Coculture:F14:Oxa,O21,diagonal,13,7.35531930954
O21:Coculture:F14:Oxa,O21,diagonal,14,8.19662541904
O21:Coculture:F14:Oxa,O21,diagonal,15,16.7297344767
O21:Coculture:F14:Oxa,O21,diagonal,16,14.2342567317
O21:Coculture:F14:Oxa,O21,diagonal,17,14.9799105195
O21:Coculture:F14:Oxa,O21,diagonal,18,10.4037039948
O21:Coculture:F14:Oxa,O21,diagonal,19,6.4900912816
O21:Coculture:F14:Oxa,O21,diagonal,20,8.20512778836
O21:Coculture:F14:Oxa,O21,diagonal,21,10.3336041313
O21:Coculture:F14:Oxa,O21,diagonal,22,6.61640030336
O21:Coculture:F14:Oxa,O21,diagonal,23,7.87640663934
O21:Coculture:F14:Oxa,O21,diagonal,24,16.7680942993
O21:Coculture:F14:Oxa,O21,diagonal,25,13.5312643908
O21:Coculture:F14:Oxa,O21,diagonal,26,14.4798356637
O21:Coculture:F14:Oxa,O21,diagonal,27,10.4289144825
O21:Coculture:F14:Oxa,O21,diagonal,28,9.39333153615
O21:Coculture:F14:Oxa,O21,diagonal,29,9.61992584371
O21:Coculture:F14:Oxa,O21,diagonal,30,13.6942351644
O21:Coculture:F14:Oxa,O21,diagonal,31,12.675215276
O21:Coculture:F14:Oxa,O21,diagonal,32,12.9029685904
O21:Coculture:F14:Oxa,O21,diagonal,33,19.3044177752
O21:Coculture:F14:Oxa,O21,diagonal,34,18.3385379094
O21:Coculture:F14:Oxa,O21,diagonal,35,18.565659754
O21:Coculture:F14:Oxa,O21,diagonal,36,5.64898758581
O21:Coculture:F14:Oxa,O21,diagonal,37,4.67419261967
O21:Coculture:F14:Oxa,O21,diagonal,38,4.81690766613
O21:Coculture:F14:Oxa,O21,diagonal,39,9.76825758011
O21:Coculture:F14:Oxa,O21,diagonal,40,8.88651550203
O21:Coculture:F14:Oxa,O21,diagonal,41,9.06547608623
O21:Coculture:F14:Oxa,O21,diagonal,42,16.5040976445
O21:Coculture:F14:Oxa,O21,diagonal,43,15.7494886578
O21:Coculture:F14:Oxa,O21,diagonal,44,15.9598151851
O21:Coculture:F14:Oxa,O21,diagonal,45,7.27440968141
O21:Coculture:F14:Oxa,O21,diagonal,46,6.17612593135
O21:Coculture:F14:Oxa,O21,diagonal,47,6.6322366983
O21:Coculture:F14:Oxa,O21,diagonal,48,8.67639074346
O21:Coculture:F14:Oxa,O21,diagonal,49,7.69798756517
O21:Coculture:F14:Oxa,O21,diagonal,50,8.12674669186
O21:Coculture:F14:Oxa,O21,diagonal,51,15.3631572569
O21:Coculture:F14:Oxa,O21,diagonal,52,14.4338562999
O21:Coculture:F14:Oxa,O21,diagonal,53,14.7488578839
O21:Coculture:F14:SN-38,O21,joint,0,5.09307524666
O21:Coculture:F14:SN-38,O21,joint,1,2.86573004769
O21:Coculture:F14:SN-38,O21,joint,2,5.55675214849
O21:Coculture:F14:SN-38,O21,joint,3,8.16779770492
O21:Coculture:F14:SN-38,O21,joint,4,6.09299461188
O21:Coculture:F14:SN-38,O21,joint,5,8.53986144373
O21:Coculture:F14:SN-38,O21,joint,6,13.8802152213
O21:Coculture:F14:SN-38,O21,joint,7,12.1944471177
O21:Coculture:F14:SN-38,O21,joint,8,14.009351956
O21:Coculture:F14:SN-38,O21,joint,9,1.69204182895
O21:Coculture:F14:SN-38,O21,joint,10,-1.03054857553
O21:Coculture:F14:SN-38,O21,joint,11,0.530085082641
O21:Coculture:F14:SN-38,O21,joint,12,5.49456350131
O21:Coculture:F14:SN-38,O21,joint,13,3.07064203224
O21:Coculture:F14:SN-38,O21,joint,14,4.47607303918
O21:Coculture:F14:SN-38,O21,joint,15,12.3065958303
O21:Coculture:F14:SN-38,O21,joint,16,10.4130144689
O21:Coculture:F14:SN-38,O21,joint,17,11.5462300869
O21:Coculture:F14:SN-38,O21,joint,18,3.45522098376
O21:Coculture:F14:SN-38,O21,joint,19,-0.984634773177
O21:Coculture:F14:SN-38,O21,joint,20,0.315222648832
O21:Coculture:F14:SN-38,O21,joint,21,6.6773792222
O21:Coculture:F14:SN-38,O21,joint,22,3.01372205693
O21:Coculture:F14:SN-38,O21,joint,23,4.31759946009
O21:Coculture:F14:SN-38,O21,joint,24,12.9105222381
O21:Coculture:F14:SN-38,O21,joint,25,10.1629179413
O21:Coculture:F14:SN-38,O21,joint,26,11.3721580001
O21:Coculture:F14:SN-38,O21,joint,27,7.77877374982
O21:Coculture:F14:SN-38,O21,joint,28,7.21062034166
O21:Coculture:F14:SN-38,O21,joint,29,7.90077800366
O21:Coculture:F14:SN-38,O21,joint,30,10.6599927319
O21:Coculture:F14:SN-38,O21,joint,31,10.1031564322
O21:Coculture:F14:SN-38,O21,joint,32,10.7759119574
O21:Coculture:F14:SN-38,O21,joint,33,15.9839813822
O21:Coculture:F14:SN-38,O21,joint,34,15.465280609
O21:Coculture:F14:SN-38,O21,joint,35,16.0769973169
O21:Coculture:F14:SN-38,O21,joint,36,2.02825980546
O21:Coculture:F14:SN-38,O21,joint,37,1.32696594305
O21:Coculture:F14:SN-38,O21,joint,38,1.75330101338
O21:Coculture:F14:SN-38,O21,joint,39,5.82998046662
O21:Coculture:F14:SN-38,O21,joint,40,5.14933286549
O21:Coculture:F14:SN-38,O21,joint,41,5.53949128004
O21:Coculture:F14:SN-38,O21,joint,42,12.5802426341
O21:Coculture:F14:SN-38,O21,joint,43,11.9742622669
O21:Coculture:F14:SN-38,O21,joint,44,12.3256200186
O21:Coculture:F14:SN-38,O21,joint,45,-0.0234939352601
O21:Coculture:F14:SN-38,O21,joint,46,-1.28843815233
O21:Coculture:F14:SN-38,O21,joint,47,-0.967794056678
O21:Coculture:F14:SN-38,O21,joint,48,4.08828065978
O21:Coculture:F14:SN-38,O21,joint,49,2.97831672055
O21:Coculture:F14:SN-38,O21,joint,50,3.30328107605
O21:Coculture:F14:SN-38,O21,joint,51,11.5070423977
O21:Coculture:F14:SN-38,O21,joint,52,10.5911281064
O21:Coculture:F14:SN-38,O21,joint,53,10.9170974571
O21:Coculture:F14:SN-38,O21,diagonal,0,6.76187752105
O21:Coculture:F14:SN-38,O21,diagonal,1,4.03540072991
O21:Coculture:F14:SN-38,O21,diagonal,2,6.29787023328
O21:Coculture:F14:SN-38,O21,diagonal,3,11.0992779882
O21:Coculture:F14:SN-38,O21,diagonal,4,8.52024909023
O21:Coculture:F14:SN-38,O21,diagonal,5,10.7145022591
O21:Coculture:F14:SN-38,O21,diagonal,6,17.396440133
O21:Coculture:F14:SN-38,O21,diagonal,7,15.231610489
O21:Coculture:F14:SN-38,O21,diagonal,8,17.223568285
O21:Coculture:F14:SN-38,O21,diagonal,9,3.53050361434
O21:Coculture:F14:SN-38,O21,diagonal,10,0.473380700068
O21:Coculture:F14:SN-38,O21,diagonal,11,1.65413350969
O21:Coculture:F14:SN-38,O21,diagonal,12,8.67390409047
O21:Coculture:F14:SN-38,O21,diagonal,13,6.06676194131
O21:Coculture:F14:SN-38,O21,diagonal,14,7.31605900308
O21:Coculture:F14:SN-38,O21,diagonal,15,15.9076767842
O21:Coculture:F14:SN-38,O21,diagonal,16,13.9584789118
O21:Coculture:F14:SN-38,O21,diagonal,17,15.2511712211
O21:Coculture:F14:SN-38,O21,diagonal,18,4.57010107258
O21:Coculture:F14:SN-38,O21,diagonal,19,0.0477180675277
O21:Coculture:F14:SN-38,O21,diagonal,20,1.14670280392
O21:Coculture:F14:SN-38,O21,diagonal,21,9.11713452354
O21:Coculture:F14:SN-38,O21,diagonal,22,5.73917200282
O21:Coculture:F14:SN-38,O21,diagonal,23,7.33603351571
O21:Coculture:F14:SN-38,O21,diagonal,24,15.8764159322
O21:Coculture:F14:SN-38,O21,diagonal,25,13.5763033495
O21:Coculture:F14:SN-38,O21,diagonal,26,15.4700709535
O21:Coculture:F14:SN-38,O21,diagonal,27,9.01026298478
O21:Coculture:F14:SN-38,O21,diagonal,28,8.31805029926
O21:Coculture:F14:SN-38,O21,diagonal,29,8.88867496676
O21:Coculture:F14:SN-38,O21,diagonal,30,13.0166477527
O21:Coculture:F14:SN-38,O21,diagonal,31,12.3350285549
O21:Coculture:F14:SN-38,O21,diagonal,32,12.9006459308
O21:Coculture:F14:SN-38,O21,diagonal,33,18.8540790874
O21:Coculture:F14:SN-38,O21,diagonal,34,18.2093218629
O21:Coculture:F14:SN-38,O21,diagonal,35,18.7578851551
O21:Coculture:F14:SN-38,O21,diagonal,36,3.67758266508
O21:Coculture:F14:SN-38,O21,diagonal,37,2.86048305973
O21:Coculture:F14:SN-38,O21,diagonal,38,3.15954083986
O21:Coculture:F14:SN-38,O21,diagonal,39,8.80906006602
O21:Coculture:F14:SN-38,O21,diagonal,40,8.04477933746
O21:Coculture:F14:SN-38,O21,diagonal,41,8.33996753986
O21:Coculture:F14:SN-38,O21,diagonal,42,16.102829238
O21:Coculture:F14:SN-38,O21,diagonal,43,15.4510437007
O21:Coculture:F14:SN-38,O21,diagonal,44,15.7633679662
O21:Coculture:F14:SN-38,O21,diagonal,45,1.57597893023
O21:Coculture:F14:SN-38,O21,diagonal,46,0.185574035779
O21:Coculture:F14:SN-38,O21,diagonal,47,0.347403430369
O21:Coculture:F14:SN-38,O21,diagonal,48,7.24202739237
O21:Coculture:F14:SN-38,O21,diagonal,49,6.11143164111
O21:Coculture:F14:SN-38,O21,diagonal,50,6.3861778252
O21:Coculture:F14:SN-38,O21,diagonal,51,15.081831552
O21:Coculture:F14:SN-38,O21,diagonal,52,14.2373409219
O21:Coculture:F14:SN-38,O21,diagonal,53,14.6365563001
O21:Monoculture::5-FU,O21,joint,0,2.56913195015
O21:Monoculture::5-FU,O21,joint,1,4.19979822712
O21:Monoculture::5-FU,O21,joint,2,10.7448005597
O21:Monoculture::5-FU,O21,joint,3,6.14165014033
O21:Monoculture::5-FU,O21,joint,4,7.5467134604
O21:Monoculture::5-FU,O21,joint,5,13.4712066237
O21:Monoculture::5-FU,O21,joint,6,12.1668596466
O21:Monoculture::5-FU,O21,joint,7,13.1389729815
O21:Monoculture::5-FU,O21,joint,8,17.6266320525
O21:Monoculture::5-FU,O21,joint,9,0.879702456817
O21:Monoculture::5-FU,O21,joint,10,2.26076961075
O21:Monoculture::5-FU,O21,joint,11,7.92468135804
O21:Monoculture::5-FU,O21,joint,12,3.3872017327
O21:Monoculture::5-FU,O21,joint,13,4.28284790492
O21:Monoculture::5-FU,O21,joint,14,9.00841827301
O21:Monoculture::5-FU,O21,joint,15,10.2958232325
O21:Monoculture::5-FU,O21,joint,16,10.926410833
O21:Monoculture::5-FU,O21,joint,17,14.6009748125
O21:Monoculture::5-FU,O21,joint,18,-0.062422250971
O21:Monoculture::5-FU,O21,joint,19,0.969478119128
O21:Monoculture::5-FU,O21,joint,20,7.73554733902
O21:Monoculture::5-FU,O21,joint,21,2.01762933114
O21:Monoculture::5-FU,O21,joint,22,2.87083348346
O21:Monoculture::5-FU,O21,joint,23,8.69663449347
O21:Monoculture::5-FU,O21,joint,24,9.44980529073
O21:Monoculture::5-FU,O21,joint,25,10.1894025142
O21:Monoculture::5-FU,O21,joint,26,14.9145238206
O21:Monoculture::5-FU,O21,joint,27,6.61832221516
O21:Monoculture::5-FU,O21,joint,28,7.04582149992
O21:Monoculture::5-FU,O21,joint,29,8.73078057876
O21:Monoculture::5-FU,O21,joint,30,10.0518386874
O21:Monoculture::5-FU,O21,joint,31,10.4595052566
O21:Monoculture::5-FU,O21,joint,32,12.0957558398
O21:Monoculture::5-FU,O21,joint,33,15.4940234323
O21:Monoculture::5-FU,O21,joint,34,15.8452892623
O21:Monoculture::5-FU,O21,joint,35,17.3264125531
O21:Monoculture::5-FU,O21,joint,36,2.78062008738
O21:Monoculture::5-FU,O21,joint,37,3.30190959054
O21:Monoculture::5-FU,O21,joint,38,4.95096097275
O21:Monoculture::5-FU,O21,joint,39,5.63547662871
O21:Monoculture::5-FU,O21,joint,40,5.9807434172
O21:Monoculture::5-FU,O21,joint,41,7.39672135402
O21:Monoculture::5-FU,O21,joint,42,12.053574777
O21:Monoculture::5-FU,O21,joint,43,12.27748632
O21:Monoculture::5-FU,O21,joint,44,13.458878912
O21:Monoculture::5-FU,O21,joint,45,1.14523857035
O21:Monoculture::5-FU,O21,joint,46,1.5898306103
O21:Monoculture::5-FU,O21,joint,47,3.61955988514
O21:Monoculture::5-FU,O21,joint,48,3.21144380895
O21:Monoculture::5-FU,O21,joint,49,3.46941890148
O21:Monoculture::5-FU,O21,joint,50,5.16093620645
O21:Monoculture::5-FU,O21,joint,51,10.3487127211
O21:Monoculture::5-FU,O21,joint,52,10.5620137592
O21:Monoculture::5-FU,O21,joint,53,12.0184640117
O21:Monoculture::5-FU,O21,diagonal,0,3.57315789124
O21:Monoculture::5-FU,O21,diagonal,1,5.33646495502
O21:Monoculture::5-FU,O21,diagonal,2,12.08686483
O21:Monoculture::5-FU,O21,diagonal,3,8.456982358
O21:Monoculture::5-FU,O21,diagonal,4,10.1089843313
O21:Monoculture::5-FU,O21,diagonal,5,16.5329931464
O21:Monoculture::5-FU,O21,diagonal,6,15.1542298955
O21:Monoculture::5-FU,O21,diagonal,7,16.580019869
O21:Monoculture::5-FU,O21,diagonal,8,22.1549253344
O21:Monoculture::5-FU,O21,diagonal,9,1.05099294675
O21:Monoculture::5-FU,O21,diagonal,10,2.47233720096
O21:Monoculture::5-FU,O21,diagonal,11,8.13649210429
O21:Monoculture::5-FU,O21,diagonal,12,6.03795456896
O21:Monoculture::5-FU,O21,diagonal,13,7.19153169769
O21:Monoculture::5-FU,O21,diagonal,14,12.2048508829
O21:Monoculture::5-FU,O21,diagonal,15,13.7909936954
O21:Monoculture::5-FU,O21,diagonal,16,14.7950176102
O21:Monoculture::5-FU,O21,diagonal,17,19.0401730579
O21:Monoculture::5-FU,O21,diagonal,18,-0.29385046991
O21:Monoculture::5-FU,O21,diagonal,19,1.22017696751
O21:Monoculture::5-FU,O21,diagonal,20,8.36285362486
O21:Monoculture::5-FU,O21,diagonal,21,4.88196756138
O21:Monoculture::5-FU,O21,diagonal,22,6.28879707756
O21:Monoculture::5-FU,O21,diagonal,23,12.6728367576
O21:Monoculture::5-FU,O21,diagonal,24,13.0828962909
O21:Monoculture::5-FU,O21,diagonal,25,14.4479351195
O21:Monoculture::5-FU,O21,diagonal,26,19.9983751294
O21:Monoculture::5-FU,O21,diagonal,27,7.60359239103
O21:Monoculture::5-FU,O21,diagonal,28,8.05548176772
O21:Monoculture::5-FU,O21,diagonal,29,9.7695483983
O21:Monoculture::5-FU,O21,diagonal,30,12.2364690064
O21:Monoculture::5-FU,O21,diagonal,31,12.6772957723
O21:Monoculture::5-FU,O21,diagonal,32,14.3648957411
O21:Monoculture::5-FU,O21,diagonal,33,18.1962575819
O21:Monoculture::5-FU,O21,diagonal,34,18.6092580752
O21:Monoculture::5-FU,O21,diagonal,35,20.215260279
O21:Monoculture::5-FU,O21,diagonal,36,3.28379857976
O21:Monoculture::5-FU,O21,diagonal,37,3.77312595179
O21:Monoculture::5-FU,O21,diagonal,38,5.37996333641
O21:Monoculture::5-FU,O21,diagonal,39,8.17574460115
O21:Monoculture::5-FU,O21,diagonal,40,8.53108066471
O21:Monoculture::5-FU,O21,diagonal,41,9.94711939054
O21:Monoculture::5-FU,O21,diagonal,42,15.4201474726
O21:Monoculture::5-FU,O21,diagonal,43,15.7085417548
O21:Monoculture::5-FU,O21,diagonal,44,16.9618715511
O21:Monoculture::5-FU,O21,diagonal,45,0.969152438193
O21:Monoculture::5-FU,O21,diagonal,46,1.45636181031
O21:Monoculture::5-FU,O21,diagonal,47,3.49796569945
O21:Monoculture::5-FU,O21,diagonal,48,6.00200212729
O21:Monoculture::5-FU,O21,diagonal,49,6.38050898665
O21:Monoculture::5-FU,O21,diagonal,50,8.16617815098
O21:Monoculture::5-FU,O21,diagonal,51,14.0002481144
O21:Monoculture::5-FU,O21,diagonal,52,14.3519554935
O21:Monoculture::5-FU,O21,diagonal,53,15.9479654135
O21:Monoculture::Gef,O21,joint,0,5.68724065807
O21:Monoculture::Gef,O21,joint,1,6.18369640998
O21:Monoculture::Gef,O21,joint,2,11.5944826324
O21:Monoculture::Gef,O21,joint,3,6.91268587856
O21:Monoculture::Gef,O21,joint,4,7.36968764932
O21:Monoculture::Gef,O21,joint,5,12.3498884713
O21:Monoculture::Gef,O21,joint,6,12.4318722442
O21:Monoculture::Gef,O21,joint,7,12.7579146576
O21:Monoculture::Gef,O21,joint,8,16.6489027159
O21:Monoculture::Gef,O21,joint,9,2.25577202241
O21:Monoculture::Gef,O21,joint,10,2.453352186
O21:Monoculture::Gef,O21,joint,11,6.93403092824
O21:Monoculture::Gef,O21,joint,12,3.75520514592
O21:Monoculture::Gef,O21,joint,13,3.93757481237
O21:Monoculture::Gef,O21,joint,14,7.95832350838
O21:Monoculture::Gef,O21,joint,15,10.5326937616
O21:Monoculture::Gef,O21,joint,16,10.6504168437
O21:Monoculture::Gef,O21,joint,17,13.8498243632
O21:Monoculture::Gef,O21,joint,18,0.511332378252
O21:Monoculture::Gef,O21,joint,19,0.586018874499
O21:Monoculture::Gef,O21,joint,20,6.39715365785
O21:Monoculture::Gef,O21,joint,21,2.53277026516
O21:Monoculture::Gef,O21,joint,22,2.52301233545
O21:Monoculture::Gef,O21,joint,23,7.50578061366
O21:Monoculture::Gef,O21,joint,24,9.84362813228
O21:Monoculture::Gef,O21,joint,25,9.86823301074
O21:Monoculture::Gef,O21,joint,26,13.9243081937
O21:Monoculture::Gef,O21,joint,27,9.85173227125
O21:Monoculture::Gef,O21,joint,28,9.97759871231
O21:Monoculture::Gef,O21,joint,29,11.3616643174
O21:Monoculture::Gef,O21,joint,30,10.8112579017
O21:Monoculture::Gef,O21,joint,31,10.9353718397
O21:Monoculture::Gef,O21,joint,32,12.2880683953
O21:Monoculture::Gef,O21,joint,33,15.6605450882
O21:Monoculture::Gef,O21,joint,34,15.7747955309
O21:Monoculture::Gef,O21,joint,35,17.0198457364
O21:Monoculture::Gef,O21,joint,36,4.59347058638
O21:Monoculture::Gef,O21,joint,37,4.59864694963
O21:Monoculture::Gef,O21,joint,38,5.73411188612
O21:Monoculture::Gef,O21,joint,39,5.96319621766
O21:Monoculture::Gef,O21,joint,40,6.01259125856
O21:Monoculture::Gef,O21,joint,41,7.13276094412
O21:Monoculture::Gef,O21,joint,42,12.1425024053
O21:Monoculture::Gef,O21,joint,43,12.1880948219
O21:Monoculture::Gef,O21,joint,44,13.1932819959
O21:Monoculture::Gef,O21,joint,45,1.61152137102
O21:Monoculture::Gef,O21,joint,46,1.67631947708
O21:Monoculture::Gef,O21,joint,47,3.3250063405
O21:Monoculture::Gef,O21,joint,48,3.36532223605
O21:Monoculture::Gef,O21,joint,49,3.38399386011
O21:Monoculture::Gef,O21,joint,50,4.83677755595
O21:Monoculture::Gef,O21,joint,51,10.4930475328
O21:Monoculture::Gef,O21,joint,52,10.4906080504
O21:Monoculture::Gef,O21,joint,53,11.73630012
O21:Monoculture::Gef,O21,diagonal,0,5.89851914158
O21:Monoculture::Gef,O21,diagonal,1,5.88447516046
O21:Monoculture::Gef,O21,diagonal,2,10.860423456
O21:Monoculture::Gef,O21,diagonal,3,9.22255492608
O21:Monoculture::Gef,O21,diagonal,4,9.25183018705
O21:Monoculture::Gef,O21,diagonal,5,14.0537612254
O21:Monoculture::Gef,O21,diagonal,6,15.5497589403
O21:Monoculture::Gef,O21,diagonal,7,15.6195067146
O21:Monoculture::Gef,O21,diagonal,8,19.8384493075
O21:Monoculture::Gef,O21,diagonal,9,2.21360831707
O21:Monoculture::Gef,O21,diagonal,10,2.00693196083
O21:Monoculture::Gef,O21,diagonal,11,6.04752795162
O21:Monoculture::Gef,O21,diagonal,12,6.48994225157
O21:Monoculture::Gef,O21,diagonal,13,6.36231453592
O21:Monoculture::Gef,O21,diagonal,14,10.0942341391
O21:Monoculture::Gef,O21,diagonal,15,14.095685636
O21:Monoculture::Gef,O21,diagonal,16,14.0595833104
O21:Monoculture::Gef,O21,diagonal,17,17.2666362298
O21:Monoculture::Gef,O21,diagonal,18,0.518150741652
O21:Monoculture::Gef,O21,diagonal,19,0.0437974202297
O21:Monoculture::Gef,O21,diagonal,20,5.19794971299
O21:Monoculture::Gef,O21,diagonal,21,5.33582542613
O21:Monoculture::Gef,O21,diagonal,22,5.14028095323
O21:Monoculture::Gef,O21,diagonal,23,9.92343681611
O21:Monoculture::Gef,O21,diagonal,24,13.4371438127
O21:Monoculture::Gef,O21,diagonal,25,13.4588455602
O21:Monoculture::Gef,O21,diagonal,26,17.6718816005
O21:Monoculture::Gef,O21,diagonal,27,9.82317869764
O21:Monoculture::Gef,O21,diagonal,28,9.81418640797
O21:Monoculture::Gef,O21,diagonal,29,11.0683964813
O21:Monoculture::Gef,O21,diagonal,30,12.7847805306
O21:Monoculture::Gef,O21,diagonal,31,12.7812695354
O21:Monoculture::Gef,O21,diagonal,32,14.0252566092
O21:Monoculture::Gef,O21,diagonal,33,18.3380158662
O21:Monoculture::Gef,O21,diagonal,34,18.3453346814
O21:Monoculture::Gef,O21,diagonal,35,19.545817441
O21:Monoculture::Gef,O21,diagonal,36,4.60024013977
O21:Monoculture::Gef,O21,diagonal,37,4.49845318508
O21:Monoculture::Gef,O21,diagonal,38,5.51754563061
O21:Monoculture::Gef,O21,diagonal,39,8.41749534909
O21:Monoculture::Gef,O21,diagonal,40,8.36582626003
O21:Monoculture::Gef,O21,diagonal,41,9.37597525773
O21:Monoculture::Gef,O21,diagonal,42,15.4954473582
O21:Monoculture::Gef,O21,diagonal,43,15.4635404293
O21:Monoculture::Gef,O21,diagonal,44,16.3965203301
O21:Monoculture::Gef,O21,diagonal,45,1.52163781329
O21:Monoculture::Gef,O21,diagonal,46,1.35047341513
O21:Monoculture::Gef,O21,diagonal,47,2.73410959473
O21:Monoculture::Gef,O21,diagonal,48,6.17794501006
O21:Monoculture::Gef,O21,diagonal,49,6.05935667971
O21:Monoculture::Gef,O21,diagonal,50,7.3478947529
O21:Monoculture::Gef,O21,diagonal,51,14.0954871662
O21:Monoculture::Gef,O21,diagonal,52,14.046601048
O21:Monoculture::Gef,O21,diagonal,53,15.2423900137
O21:Monoculture::Oxa,O21,joint,0,10.2939396308
O21:Monoculture::Oxa,O21,joint,1,6.78077366442
O21:Monoculture::Oxa,O21,joint,2,8.18194375364
O21:Monoculture::Oxa,O21,joint,3,10.3482420058
O21:Monoculture::Oxa,O21,joint,4,7.09224739397
O21:Monoculture::Oxa,O21,joint,5,8.35568262534
O21:Monoculture::Oxa,O21,joint,6,15.0339547162
O21:Monoculture::Oxa,O21,joint,7,12.446649063
O21:Monoculture::Oxa,O21,joint,8,13.3748891458
O21:Monoculture::Oxa,O21,joint,9,7.37599386183
O21:Monoculture::Oxa,O21,joint,10,3.31944550475
O21:Monoculture::Oxa,O21,joint,11,3.54574174103
O21:Monoculture::Oxa,O21,joint,12,7.83681839797
O21:Monoculture::Oxa,O21,joint,13,4.42327273719
O21:Monoculture::Oxa,O21,joint,14,4.83965127229
O21:Monoculture::Oxa,O21,joint,15,13.2990763362
O21:Monoculture::Oxa,O21,joint,16,10.7194905162
O21:Monoculture::Oxa,O21,joint,17,11.1838810752
O21:Monoculture::Oxa,O21,joint,18,10.1560942644
O21:Monoculture::Oxa,O21,joint,19,4.4371040788
O21:Monoculture::Oxa,O21,joint,20,4.45228274296
O21:Monoculture::Oxa,O21,joint,21,8.2718064744
O21:Monoculture::Oxa,O21,joint,22,3.7121517552
O21:Monoculture::Oxa,O21,joint,23,4.1250938937
O21:Monoculture::Oxa,O21,joint,24,13.5142877583
O21:Monoculture::Oxa,O21,joint,25,10.0657236496
O21:Monoculture::Oxa,O21,joint,26,10.6026836239
O21:Monoculture::Oxa,O21,joint,27,12.0201600881
O21:Monoculture::Oxa,O21,joint,28,11.1234311463
O21:Monoculture::Oxa,O21,joint,29,11.4841619986
O21:Monoculture::Oxa,O21,joint,30,11.9830406075
O21:Monoculture::Oxa,O21,joint,31,11.1047491159
O21:Monoculture::Oxa,O21,joint,32,11.4550416382
O21:Monoculture::Oxa,O21,joint,33,16.5456713987
O21:Monoculture::Oxa,O21,joint,34,15.7316727457
O21:Monoculture::Oxa,O21,joint,35,16.0475315535
O21:Monoculture::Oxa,O21,joint,36,6.2605778943
O21:Monoculture::Oxa,O21,joint,37,5.15183714153
O21:Monoculture::Oxa,O21,joint,38,5.17085826783
O21:Monoculture::Oxa,O21,joint,39,7.25954947997
O21:Monoculture::Oxa,O21,joint,40,6.2454123907
O21:Monoculture::Oxa,O21,joint,41,6.30198644977
O21:Monoculture::Oxa,O21,joint,42,13.1659789433
O21:Monoculture::Oxa,O21,joint,43,12.3125925281
O21:Monoculture::Oxa,O21,joint,44,12.4166871619
O21:Monoculture::Oxa,O21,joint,45,5.64935875827
O21:Monoculture::Oxa,O21,joint,46,3.86898814836
O21:Monoculture::Oxa,O21,joint,47,3.67375477333
O21:Monoculture::Oxa,O21,joint,48,5.76607293781
O21:Monoculture::Oxa,O21,joint,49,4.3363253914
O21:Monoculture::Oxa,O21,joint,50,4.34012005744
O21:Monoculture::Oxa,O21,joint,51,11.9122570069
O21:Monoculture::Oxa,O21,joint,52,10.7723433271
O21:Monoculture::Oxa,O21,joint,53,10.8755788617
O21:Monoculture::Oxa,O21,diagonal,0,9.90173289443
O21:Monoculture::Oxa,O21,diagonal,1,5.94976826213
O21:Monoculture::Oxa,O21,diagonal,2,6.98489644104
O21:Monoculture::Oxa,O21,diagonal,3,12.7871478324
O21:Monoculture::Oxa,O21,diagonal,4,9.06134982573
O21:Monoculture::Oxa,O21,diagonal,5,10.1075586609
O21:Monoculture::Oxa,O21,diagonal,6,18.5088081252
O21:Monoculture::Oxa,O21,diagonal,7,15.3775595432
O21:Monoculture::Oxa,O21,diagonal,8,16.3954264528
O21:Monoculture::Oxa,O21,diagonal,9,6.79133613956
O21:Monoculture::Oxa,O21,diagonal,10,2.67003000589
O21:Monoculture::Oxa,O21,diagonal,11,2.79153452134
O21:Monoculture::Oxa,O21,diagonal,12,10.0837407297
O21:Monoculture::Oxa,O21,diagonal,13,6.69572336508
O21:Monoculture::Oxa,O21,diagonal,14,7.16744805689
O21:Monoculture::Oxa,O21,diagonal,15,16.6369858172
O21:Monoculture::Oxa,O21,diagonal,16,14.048233353
O21:Monoculture::Oxa,O21,diagonal,17,14.7006124216
O21:Monoculture::Oxa,O21,diagonal,18,7.48993792028
O21:Monoculture::Oxa,O21,diagonal,19,2.09903985611
O21:Monoculture::Oxa,O21,diagonal,20,2.33679101187
O21:Monoculture::Oxa,O21,diagonal,21,9.97249775189
O21:Monoculture::Oxa,O21,diagonal,22,5.75453529511
O21:Monoculture::Oxa,O21,diagonal,23,6.51378300224
O21:Monoculture::Oxa,O21,diagonal,24,16.5657172548
O21:Monoculture::Oxa,O21,diagonal,25,13.3946833613
O21:Monoculture::Oxa,O21,diagonal,26,14.4090506493
O21:Monoculture::Oxa,O21,diagonal,27,11.1767965372
O21:Monoculture::Oxa,O21,diagonal,28,10.1720996722
O21:Monoculture::Oxa,O21,diagonal,29,10.4295800611
O21:Monoculture::Oxa,O21,diagonal,30,13.8186127572
O21:Monoculture::Oxa,O21,diagonal,31,12.8306215991
O21:Monoculture::Oxa,O21,diagonal,32,13.0894036438
O21:Monoculture::Oxa,O21,diagonal,33,19.2787989505
O21:Monoculture::Oxa,O21,diagonal,34,18.3473494488
O21:Monoculture::Oxa,O21,diagonal,35,18.6089016576
O21:Monoculture::Oxa,O21,diagonal,36,5.79828756086
O21:Monoculture::Oxa,O21,diagonal,37,4.62682414059
O21:Monoculture::Oxa,O21,diagonal,38,4.57287073292
O21:Monoculture::Oxa,O21,diagonal,39,9.61083039936
O21:Monoculture::Oxa,O21,diagonal,40,8.58050386594
O21:Monoculture::Oxa,O21,diagonal,41,8.6108799948
O21:Monoculture::Oxa,O21,diagonal,42,16.4315940128
O21:Monoculture::Oxa,O21,diagonal,43,15.5845896716
O21:Monoculture::Oxa,O21,diagonal,44,15.7025208446
O21:Monoculture::Oxa,O21,diagonal,45,4.3064834049
O21:Monoculture::Oxa,O21,diagonal,46,2.59224966767
O21:Monoculture::Oxa,O21,diagonal,47,2.43241044745
O21:Monoculture::Oxa,O21,diagonal,48,7.94794922484
O21:Monoculture::Oxa,O21,diagonal,49,6.6002247088
O21:Monoculture::Oxa,O21,diagonal,50,6.65966249773
O21:Monoculture::Oxa,O21,diagonal,51,15.272880662
O21:Monoculture::Oxa,O21,diagonal,52,14.2183900479
O21:Monoculture::Oxa,O21,diagonal,53,14.4082019746
O22:Monoculture::5-FU,O22,joint,0,12.8209373139
O22:Monoculture::5-FU,O22,joint,1,12.5105304569
O22:Monoculture::5-FU,O22,joint,2,17.1144596555
O22:Monoculture::5-FU,O22,joint,3,9.42978852356
O22:Monoculture::5-FU,O22,joint,4,9.02607007757
O22:Monoculture::5-FU,O22,joint,5,13.1417814748
O22:Monoculture::5-FU,O22,joint,6,13.5366845662
O22:Monoculture::5-FU,O22,joint,7,13.0598250728
O22:Monoculture::5-FU,O22,joint,8,16.0985113154
O22:Monoculture::5-FU,O22,joint,9,13.3469695774
O22:Monoculture::5-FU,O22,joint,10,14.0551413259
O22:Monoculture::5-FU,O22,joint,11,19.0461576677
O22:Monoculture::5-FU,O22,joint,12,7.29804323081
O22:Monoculture::5-FU,O22,joint,13,7.17381539847
O22:Monoculture::5-FU,O22,joint,14,10.879511762
O22:Monoculture::5-FU,O22,joint,15,11.7400157267
O22:Monoculture::5-FU,O22,joint,16,11.2754238643
O22:Monoculture::5-FU,O22,joint,17,13.854808381
O22:Monoculture::5-FU,O22,joint,18,15.2480821243
O22:Monoculture::5-FU,O22,joint,19,15.5178725088
O22:Monoculture::5-FU,O22,joint,20,21.521831743
O22:Monoculture::5-FU,O22,joint,21,6.59241342233
O22:Monoculture::5-FU,O22,joint,22,5.90488199963
O22:Monoculture::5-FU,O22,joint,23,10.1899474346
O22:Monoculture::5-FU,O22,joint,24,11.204509065
O22:Monoculture::5-FU,O22,joint,25,10.3402347253
O22:Monoculture::5-FU,O22,joint,26,13.4614844686
O22:Monoculture::5-FU,O22,joint,27,16.0817479642
O22:Monoculture::5-FU,O22,joint,28,16.0146081898
O22:Monoculture::5-FU,O22,joint,29,17.2049282094
O22:Monoculture::5-FU,O22,joint,30,12.6147900283
O22:Monoculture::5-FU,O22,joint,31,12.5371883141
O22:Monoculture::5-FU,O22,joint,32,13.6881706137
O22:Monoculture::5-FU,O22,joint,33,16.3160580281
O22:Monoculture::5-FU,O22,joint,34,16.2151284166
O22:Monoculture::5-FU,O22,joint,35,17.2440562659
O22:Monoculture::5-FU,O22,joint,36,13.364392675
O22:Monoculture::5-FU,O22,joint,37,13.8114168417
O22:Monoculture::5-FU,O22,joint,38,15.3862028875
O22:Monoculture::5-FU,O22,joint,39,8.75229340887
O22:Monoculture::5-FU,O22,joint,40,8.92933634598
O22:Monoculture::5-FU,O22,joint,41,10.1770904314
O22:Monoculture::5-FU,O22,joint,42,13.0312851515
O22:Monoculture::5-FU,O22,joint,43,13.0002281934
O22:Monoculture::5-FU,O22,joint,44,13.9266522843
O22:Monoculture::5-FU,O22,joint,45,15.0820787726
O22:Monoculture::5-FU,O22,joint,46,15.6883951269
O22:Monoculture::5-FU,O22,joint,47,17.8798487161
O22:Monoculture::5-FU,O22,joint,48,7.03906990277
O22:Monoculture::5-FU,O22,joint,49,7.10651749889
O22:Monoculture::5-FU,O22,joint,50,8.60750730745
O22:Monoculture::5-FU,O22,joint,51,11.4924087439
O22:Monoculture::5-FU,O22,joint,52,11.3205258882
O22:Monoculture::5-FU,O22,joint,53,12.391792247
O22:Monoculture::5-FU,O22,diagonal,0,10.3776352526
O22:Monoculture::5-FU,O22,diagonal,1,10.8532694623
O22:Monoculture::5-FU,O22,diagonal,2,16.3159964833
O22:Monoculture::5-FU,O22,diagonal,3,10.6825652946
O22:Monoculture::5-FU,O22,diagonal,4,11.0400152339
O22:Monoculture::5-FU,O22,diagonal,5,16.169472015
O22:Monoculture::5-FU,O22,diagonal,6,16.0851797409
O22:Monoculture::5-FU,O22,diagonal,7,16.2873659403
O22:Monoculture::5-FU,O22,diagonal,8,20.6386676313
O22:Monoculture::5-FU,O22,diagonal,9,9.85659577919
O22:Monoculture::5-FU,O22,diagonal,10,10.9586439733
O22:Monoculture::5-FU,O22,diagonal,11,16.3035028165
O22:Monoculture::5-FU,O22,diagonal,12,8.72608228071
O22:Monoculture::5-FU,O22,diagonal,13,9.14328349862
O22:Monoculture::5-FU,O22,diagonal,14,13.420226773
O22:Monoculture::5-FU,O22,diagonal,15,14.7738111566
O22:Monoculture::5-FU,O22,diagonal,16,14.8869404255
O22:Monoculture::5-FU,O22,diagonal,17,18.2412012272
O22:Monoculture::5-FU,O22,diagonal,18,10.5050446201
O22:Monoculture::5-FU,O22,diagonal,19,11.5817452492
O22:Monoculture::5-FU,O22,diagonal,20,18.2870950982
O22:Monoculture::5-FU,O22,diagonal,21,8.24365597594
O22:Monoculture::5-FU,O22,diagonal,22,8.44478616548
O22:Monoculture::5-FU,O22,diagonal,23,13.6231265189
O22:Monoculture::5-FU,O22,diagonal,24,14.290890818
O22:Monoculture::5-FU,O22,diagonal,25,14.368365674
O22:Monoculture::5-FU,O22,diagonal,26,18.6312417113
O22:Monoculture::5-FU,O22,diagonal,27,13.7595228909
O22:Monoculture::5-FU,O22,diagonal,28,13.8913430001
O22:Monoculture::5-FU,O22,diagonal,29,15.2853403632
O22:Monoculture::5-FU,O22,diagonal,30,13.9375883467
O22:Monoculture::5-FU,O22,diagonal,31,14.0564968992
O22:Monoculture::5-FU,O22,diagonal,32,15.4221786544
O22:Monoculture::5-FU,O22,diagonal,33,18.7526533161
O22:Monoculture::5-FU,O22,diagonal,34,18.8420158009
O22:Monoculture::5-FU,O22,diagonal,35,20.1243799962
O22:Monoculture::5-FU,O22,diagonal,36,10.7608209135
O22:Monoculture::5-FU,O22,diagonal,37,11.3001122272
O22:Monoculture::5-FU,O22,diagonal,38,12.9569135534
O22:Monoculture::5-FU,O22,diagonal,39,10.3771453093
O22:Monoculture::5-FU,O22,diagonal,40,10.6526573578
O22:Monoculture::5-FU,O22,diagonal,41,11.9888720686
O22:Monoculture::5-FU,O22,diagonal,42,16.0921794006
O22:Monoculture::5-FU,O22,diagonal,43,16.196479705
O22:Monoculture::5-FU,O22,diagonal,44,17.2657155236
O22:Monoculture::5-FU,O22,diagonal,45,10.4975157312
O22:Monoculture::5-FU,O22,diagonal,46,11.2371808911
O22:Monoculture::5-FU,O22,diagonal,47,13.5312405681
O22:Monoculture::5-FU,O22,diagonal,48,8.7017258998
O22:Monoculture::5-FU,O22,diagonal,49,8.97090105706
O22:Monoculture::5-FU,O22,diagonal,50,10.6472385193
O22:Monoculture::5-FU,O22,diagonal,51,14.8406702181
O22:Monoculture::5-FU,O22,diagonal,52,14.8909527654
O22:Monoculture::5-FU,O22,diagonal,53,16.1855378538
O22:Monoculture::Gef,O22,joint,0,16.4914746626
O22:Monoculture::Gef,O22,joint,1,16.472229714
O22:Monoculture::Gef,O22,joint,2,21.3673152359
O22:Monoculture::Gef,O22,joint,3,9.85607356869
O22:Monoculture::Gef,O22,joint,4,9.84279918395
O22:Monoculture::Gef,O22,joint,5,14.3527238504
O22:Monoculture::Gef,O22,joint,6,13.3772844267
O22:Monoculture::Gef,O22,joint,7,13.3374811479
O22:Monoculture::Gef,O22,joint,8,16.8626235139
O22:Monoculture::Gef,O22,joint,9,14.1829352728
O22:Monoculture::Gef,O22,joint,10,14.1907758073
O22:Monoculture::Gef,O22,joint,11,18.4817149205
O22:Monoculture::Gef,O22,joint,12,7.28079349449
O22:Monoculture::Gef,O22,joint,13,7.3567222254
O22:Monoculture::Gef,O22,joint,14,11.2710299859
O22:Monoculture::Gef,O22,joint,15,11.7262100192
O22:Monoculture::Gef,O22,joint,16,11.6093021346
O22:Monoculture::Gef,O22,joint,17,14.5740786874
O22:Monoculture::Gef,O22,joint,18,16.5642366796
O22:Monoculture::Gef,O22,joint,19,17.3820079778
O22:Monoculture::Gef,O22,joint,20,23.9362275632
O22:Monoculture::Gef,O22,joint,21,7.50906518663
O22:Monoculture::Gef,O22,joint,22,7.3058353356
O22:Monoculture::Gef,O22,joint,23,12.0951316925
O22:Monoculture::Gef,O22,joint,24,11.523772267
O22:Monoculture::Gef,O22,joint,25,10.9704313966
O22:Monoculture::Gef,O22,joint,26,14.4485608308
O22:Monoculture::Gef,O22,joint,27,20.4159596592
O22:Monoculture::Gef,O22,joint,28,20.4100779864
O22:Monoculture::Gef,O22,joint,29,21.6623954775
O22:Monoculture::Gef,O22,joint,30,13.5123164028
O22:Monoculture::Gef,O22,joint,31,13.5075051657
O22:Monoculture::Gef,O22,joint,32,14.7312765461
O22:Monoculture::Gef,O22,joint,33,16.3963920107
O22:Monoculture::Gef,O22,joint,34,16.3930734145
O22:Monoculture::Gef,O22,joint,35,17.5205545812
O22:Monoculture::Gef,O22,joint,36,15.3689751893
O22:Monoculture::Gef,O22,joint,37,15.3373498834
O22:Monoculture::Gef,O22,joint,38,16.4360131507
O22:Monoculture::Gef,O22,joint,39,8.94498703025
O22:Monoculture::Gef,O22,joint,40,8.94694716388
O22:Monoculture::Gef,O22,joint,41,10.0196819422
O22:Monoculture::Gef,O22,joint,42,13.0238994924
O22:Monoculture::Gef,O22,joint,43,13.0428816751
O22:Monoculture::Gef,O22,joint,44,14.0214586153
O22:Monoculture::Gef,O22,joint,45,15.3036909114
O22:Monoculture::Gef,O22,joint,46,15.6326645569
O22:Monoculture::Gef,O22,joint,47,17.5455269598
O22:Monoculture::Gef,O22,joint,48,7.37854831138
O22:Monoculture::Gef,O22,joint,49,7.58299113594
O22:Monoculture::Gef,O22,joint,50,9.22154603227
O22:Monoculture::Gef,O22,joint,51,11.7371212632
O22:Monoculture::Gef,O22,joint,52,11.6863138005
O22:Monoculture::Gef,O22,joint,53,12.8836378897
O22:Monoculture::Gef,O22,diagonal,0,13.9037314652
O22:Monoculture::Gef,O22,diagonal,1,15.1960358648
O22:Monoculture::Gef,O22,diagonal,2,21.4783325411
O22:Monoculture::Gef,O22,diagonal,3,11.1369897826
O22:Monoculture::Gef,O22,diagonal,4,12.3701039209
O22:Monoculture::Gef,O22,diagonal,5,18.3758738365
O22:Monoculture::Gef,O22,diagonal,6,15.9930120639
O22:Monoculture::Gef,O22,diagonal,7,17.088740537
O22:Monoculture::Gef,O22,diagonal,8,22.3336638289
O22:Monoculture::Gef,O22,diagonal,9,11.1138893675
O22:Monoculture::Gef,O22,diagonal,10,12.2661549475
O22:Monoculture::Gef,O22,diagonal,11,17.6656928745
O22:Monoculture::Gef,O22,diagonal,12,9.22698088172
O22:Monoculture::Gef,O22,diagonal,13,10.2600929119
O22:Monoculture::Gef,O22,diagonal,14,15.1527522608
O22:Monoculture::Gef,O22,diagonal,15,15.0151283195
O22:Monoculture::Gef,O22,diagonal,16,15.8026857058
O22:Monoculture::Gef,O22,diagonal,17,19.8333983371
O22:Monoculture::Gef,O22,diagonal,18,15.0729707644
O22:Monoculture::Gef,O22,diagonal,19,17.2761266195
O22:Monoculture::Gef,O22,diagonal,20,25.1077880888
O22:Monoculture::Gef,O22,diagonal,21,10.5124509745
O22:Monoculture::Gef,O22,diagonal,22,11.6841103231
O22:Monoculture::Gef,O22,diagonal,23,17.8344700074
O22:Monoculture::Gef,O22,diagonal,24,15.0061079275
O22:Monoculture::Gef,O22,diagonal,25,16.0145261654
O22:Monoculture::Gef,O22,diagonal,26,21.2142786962
O22:Monoculture::Gef,O22,diagonal,27,17.9926997036
O22:Monoculture::Gef,O22,diagonal,28,18.3213388736
O22:Monoculture::Gef,O22,diagonal,29,19.9131804067
O22:Monoculture::Gef,O22,diagonal,30,14.7860836115
O22:Monoculture::Gef,O22,diagonal,31,15.1091597114
O22:Monoculture::Gef,O22,diagonal,32,16.6797338805
O22:Monoculture::Gef,O22,diagonal,33,18.8166245803
O22:Monoculture::Gef,O22,diagonal,34,19.1249031149
O22:Monoculture::Gef,O22,diagonal,35,20.6263455938
O22:Monoculture::Gef,O22,diagonal,36,12.7507819523
O22:Monoculture::Gef,O22,diagonal,37,13.052848622
O22:Monoculture::Gef,O22,diagonal,38,14.4757946919
O22:Monoculture::Gef,O22,diagonal,39,10.6425656117
O22:Monoculture::Gef,O22,diagonal,40,10.9306320067
O22:Monoculture::Gef,O22,diagonal,41,12.2805164884
O22:Monoculture::Gef,O22,diagonal,42,16.1797070157
O22:Monoculture::Gef,O22,diagonal,43,16.4379850233
O22:Monoculture::Gef,O22,diagonal,44,17.6611498605
O22:Monoculture::Gef,O22,diagonal,45,12.1615616446
O22:Monoculture::Gef,O22,diagonal,46,13.0441316149
O22:Monoculture::Gef,O22,diagonal,47,15.4815021629
O22:Monoculture::Gef,O22,diagonal,48,9.81665001574
O22:Monoculture::Gef,O22,diagonal,49,10.3674389795
O22:Monoculture::Gef,O22,diagonal,50,12.3253543468
O22:Monoculture::Gef,O22,diagonal,51,15.3896435533
O22:Monoculture::Gef,O22,diagonal,52,15.6825583904
O22:Monoculture::Gef,O22,diagonal,53,17.2201483115
O23:Coculture:F14:5-FU,O23,joint,0,10.5005942065
O23:Coculture:F14:5-FU,O23,joint,1,10.6765517149
O23:Coculture:F14:5-FU,O23,joint,2,15.7668452789
O23:Coculture:F14:5-FU,O23,joint,3,8.79401192693
O23:Coculture:F14:5-FU,O23,joint,4,8.83504732799
O23:Coculture:F14:5-FU,O23,joint,5,13.3955125723
O23:Coculture:F14:5-FU,O23,joint,6,13.5008942023
O23:Coculture:F14:5-FU,O23,joint,7,13.2997650561
O23:Coculture:F14:5-FU,O23,joint,8,16.6141816459
O23:Coculture:F14:5-FU,O23,joint,9,10.3502696208
O23:Coculture:F14:5-FU,O23,joint,10,12.3040518462
O23:Coculture:F14:5-FU,O23,joint,11,18.5406786649
O23:Coculture:F14:5-FU,O23,joint,12,7.40480118869
O23:Coculture:F14:5-FU,O23,joint,13,8.3522160501
O23:Coculture:F14:5-FU,O23,joint,14,13.1295551074
O23:Coculture:F14:5-FU,O23,joint,15,12.3136506242
O23:Coculture:F14:5-FU,O23,joint,16,12.288526326
O23:Coculture:F14:5-FU,O23,joint,17,15.3073784068
O23:Coculture:F14:5-FU,O23,joint,18,22.3073689749
O23:Coculture:F14:5-FU,O23,joint,19,26.3715704556
O23:Coculture:F14:5-FU,O23,joint,20,36.169940786
O23:Coculture:F14:5-FU,O23,joint,21,10.8940523808
O23:Coculture:F14:5-FU,O23,joint,22,11.5724773
O23:Coculture:F14:5-FU,O23,joint,23,17.2234990768
O23:Coculture:F14:5-FU,O23,joint,24,12.8209439216
O23:Coculture:F14:5-FU,O23,joint,25,12.0937838432
O23:Coculture:F14:5-FU,O23,joint,26,15.3521478476
O23:Coculture:F14:5-FU,O23,joint,27,14.0047015773
O23:Coculture:F14:5-FU,O23,joint,28,14.0601490446
O23:Coculture:F14:5-FU,O23,joint,29,15.3730563059
O23:Coculture:F14:5-FU,O23,joint,30,12.0347042515
O23:Coculture:F14:5-FU,O23,joint,31,12.0786936286
O23:Coculture:F14:5-FU,O23,joint,32,13.3512670196
O23:Coculture:F14:5-FU,O23,joint,33,16.1571138789
O23:Coculture:F14:5-FU,O23,joint,34,16.1673727292
O23:Coculture:F14:5-FU,O23,joint,35,17.3074890403
O23:Coculture:F14:5-FU,O23,joint,36,9.72563445167
O23:Coculture:F14:5-FU,O23,joint,37,10.3893187103
O23:Coculture:F14:5-FU,O23,joint,38,12.1807648479
O23:Coculture:F14:5-FU,O23,joint,39,8.00311841972
O23:Coculture:F14:5-FU,O23,joint,40,8.49156397605
O23:Coculture:F14:5-FU,O23,joint,41,10.0507206807
O23:Coculture:F14:5-FU,O23,joint,42,13.057974641
O23:Coculture:F14:5-FU,O23,joint,43,13.2948283563
O23:Coculture:F14:5-FU,O23,joint,44,14.4891631206
O23:Coculture:F14:5-FU,O23,joint,45,13.8478436376
O23:Coculture:F14:5-FU,O23,joint,46,15.8459728693
O23:Coculture:F14:5-FU,O23,joint,47,19.429239336
O23:Coculture:F14:5-FU,O23,joint,48,8.80389161543
O23:Coculture:F14:5-FU,O23,joint,49,9.81994198559
O23:Coculture:F14:5-FU,O23,joint,50,12.2695345682
O23:Coculture:F14:5-FU,O23,joint,51,12.5678184835
O23:Coculture:F14:5-FU,O23,joint,52,12.7374247133
O23:Coculture:F14:5-FU,O23,joint,53,14.1501801575
O23:Coculture:F14:5-FU,O23,diagonal,0,8.73226007598
O23:Coculture:F14:5-FU,O23,diagonal,1,9.55166006896
O23:Coculture:F14:5-FU,O23,diagonal,2,15.3581528731
O23:Coculture:F14:5-FU,O23,diagonal,3,10.4005451373
O23:Coculture:F14:5-FU,O23,diagonal,4,11.1141621358
O23:Coculture:F14:5-FU,O23,diagonal,5,16.5997859761
O23:Coculture:F14:5-FU,O23,diagonal,6,16.1870657782
O23:Coculture:F14:5-FU,O23,diagonal,7,16.6805788956
O23:Coculture:F14:5-FU,O23,diagonal,8,21.3232075047
O23:Coculture:F14:5-FU,O23,diagonal,9,9.15664935251
O23:Coculture:F14:5-FU,O23,diagonal,10,11.5322925829
O23:Coculture:F14:5-FU,O23,diagonal,11,18.1507464624
O23:Coculture:F14:5-FU,O23,diagonal,12,9.71273229553
O23:Coculture:F14:5-FU,O23,diagonal,13,11.1659462761
O23:Coculture:F14:5-FU,O23,diagonal,14,16.4789023131
O23:Coculture:F14:5-FU,O23,diagonal,15,15.4677120404
O23:Coculture:F14:5-FU,O23,diagonal,16,16.0876821305
O23:Coculture:F14:5-FU,O23,diagonal,17,19.9487837533
O23:Coculture:F14:5-FU,O23,diagonal,18,21.1170848026
O23:Coculture:F14:5-FU,O23,diagonal,19,25.4099104163
O23:Coculture:F14:5-FU,O23,diagonal,20,35.33138525
O23:Coculture:F14:5-FU,O23,diagonal,21,12.6305055228
O23:Coculture:F14:5-FU,O23,diagonal,22,14.0636463039
O23:Coculture:F14:5-FU,O23,diagonal,23,20.473997249
O23:Coculture:F14:5-FU,O23,diagonal,24,15.557977088
O23:Coculture:F14:5-FU,O23,diagonal,25,16.0264516549
O23:Coculture:F14:5-FU,O23,diagonal,26,20.6803274032
O23:Coculture:F14:5-FU,O23,diagonal,27,12.1853900303
O23:Coculture:F14:5-FU,O23,diagonal,28,12.399029858
O23:Coculture:F14:5-FU,O23,diagonal,29,13.8748469396
O23:Coculture:F14:5-FU,O23,diagonal,30,13.5262445526
O23:Coculture:F14:5-FU,O23,diagonal,31,13.7310945508
O23:Coculture:F14:5-FU,O23,diagonal,32,15.1827177519
O23:Coculture:F14:5-FU,O23,diagonal,33,18.6821482767
O23:Coculture:F14:5-FU,O23,diagonal,34,18.8605525264
O23:Coculture:F14:5-FU,O23,diagonal,35,20.2319584864
O23:Coculture:F14:5-FU,O23,diagonal,36,8.55867144493
O23:Coculture:F14:5-FU,O23,diagonal,37,9.34866255011
O23:Coculture:F14:5-FU,O23,diagonal,38,11.2561636679
O23:Coculture:F14:5-FU,O23,diagonal,39,10.2021587026
O23:Coculture:F14:5-FU,O23,diagonal,40,10.7960695102
O23:Coculture:F14:5-FU,O23,diagonal,41,12.4506829801
O23:Coculture:F14:5-FU,O23,diagonal,42,16.3388419043
O23:Coculture:F14:5-FU,O23,diagonal,43,16.7021453994
O23:Coculture:F14:5-FU,O23,diagonal,44,18.0303844087
O23:Coculture:F14:5-FU,O23,diagonal,45,12.8951969053
O23:Coculture:F14:5-FU,O23,diagonal,46,14.9649661699
O23:Coculture:F14:5-FU,O23,diagonal,47,18.5891299515
O23:Coculture:F14:5-FU,O23,diagonal,48,11.3547359454
O23:Coculture:F14:5-FU,O23,diagonal,49,12.4279423489
O23:Coculture:F14:5-FU,O23,diagonal,50,14.9083110573
O23:Coculture:F14:5-FU,O23,diagonal,51,15.9373826048
O23:Coculture:F14:5-FU,O23,diagonal,52,16.2956678001
O23:Coculture:F14:5-FU,O23,diagonal,53,17.8982555363
O23:Coculture:F14:Oxa,O23,joint,0,6.35827505242
O23:Coculture:F14:Oxa,O23,joint,1,4.18743303139
O23:Coculture:F14:Oxa,O23,joint,2,6.93092706595
O23:Coculture:F14:Oxa,O23,joint,3,8.46621489892
O23:Coculture:F14:Oxa,O23,joint,4,6.44574924429
O23:Coculture:F14:Oxa,O23,joint,5,8.94471343291
O23:Coculture:F14:Oxa,O23,joint,6,13.9382724373
O23:Coculture:F14:Oxa,O23,joint,7,12.2880427957
O23:Coculture:F14:Oxa,O23,joint,8,14.15335889
O23:Coculture:F14:Oxa,O23,joint,9,3.66576490624
O23:Coculture:F14:Oxa,O23,joint,10,2.28769540498
O23:Coculture:F14:Oxa,O23,joint,11,5.19247049708
O23:Coculture:F14:Oxa,O23,joint,12,5.89175348133
O23:Coculture:F14:Oxa,O23,joint,13,4.65530121269
O23:Coculture:F14:Oxa,O23,joint,14,7.24877313992
O23:Coculture:F14:Oxa,O23,joint,15,12.2908181384
O23:Coculture:F14:Oxa,O23,joint,16,10.9700359483
O23:Coculture:F14:Oxa,O23,joint,17,12.6932301372
O23:Coculture:F14:Oxa,O23,joint,18,11.2536184481
O23:Coculture:F14:Oxa,O23,joint,19,11.296922707
O23:Coculture:F14:Oxa,O23,joint,20,17.0743958157
O23:Coculture:F14:Oxa,O23,joint,21,7.94431554544
O23:Coculture:F14:Oxa,O23,joint,22,6.31246423235
O23:Coculture:F14:Oxa,O23,joint,23,9.65320977696
O23:Coculture:F14:Oxa,O23,joint,24,12.7513198977
O23:Coculture:F14:Oxa,O23,joint,25,10.5979847254
O23:Coculture:F14:Oxa,O23,joint,26,12.4301736361
O23:Coculture:F14:Oxa,O23,joint,27,9.08176213546
O23:Coculture:F14:Oxa,O23,joint,28,8.52779180945
O23:Coculture:F14:Oxa,O23,joint,29,9.23128127752
O23:Coculture:F14:Oxa,O23,joint,30,10.9991244629
O23:Coculture:F14:Oxa,O23,joint,31,10.4564139577
O23:Coculture:F14:Oxa,O23,joint,32,11.1422874663
O23:Coculture:F14:Oxa,O23,joint,33,16.0751646219
O23:Coculture:F14:Oxa,O23,joint,34,15.5700482083
O23:Coculture:F14:Oxa,O23,joint,35,16.1947892554
O23:Coculture:F14:Oxa,O23,joint,36,3.63631411484
O23:Coculture:F14:Oxa,O23,joint,37,3.23390163643
O23:Coculture:F14:Oxa,O23,joint,38,3.95925103708
O23:Coculture:F14:Oxa,O23,joint,39,6.33199224107
O23:Coculture:F14:Oxa,O23,joint,40,5.98747486576
O23:Coculture:F14:Oxa,O23,joint,41,6.71366863878
O23:Coculture:F14:Oxa,O23,joint,42,12.6797127141
O23:Coculture:F14:Oxa,O23,joint,43,12.370599647
O23:Coculture:F14:Oxa,O23,joint,44,13.0189676288
O23:Coculture:F14:Oxa,O23,joint,45,5.80486762272
O23:Coculture:F14:Oxa,O23,joint,46,6.04492046732
O23:Coculture:F14:Oxa,O23,joint,47,7.87011054682
O23:Coculture:F14:Oxa,O23,joint,48,6.04045398372
O23:Coculture:F14:Oxa,O23,joint,49,6.05128004844
O23:Coculture:F14:Oxa,O23,joint,50,7.49564832561
O23:Coculture:F14:Oxa,O23,joint,51,11.8303842747
O23:Coculture:F14:Oxa,O23,joint,52,11.4224214464
O23:Coculture:F14:Oxa,O23,joint,53,12.2576078326
O23:Coculture:F14:Oxa,O23,diagonal,0,7.05584549109
O23:Coculture:F14:Oxa,O23,diagonal,1,4.4978809788
O23:Coculture:F14:Oxa,O23,diagonal,2,6.92700927771
O23:Coculture:F14:Oxa,O23,diagonal,3,11.1157930787
O23:Coculture:F14:Oxa,O23,diagonal,4,8.66162518487
O23:Coculture:F14:Oxa,O23,diagonal,5,10.9794641328
O23:Coculture:F14:Oxa,O23,diagonal,6,17.4123619083
O23:Coculture:F14:Oxa,O23,diagonal,7,15.2580701001
O23:Coculture:F14:Oxa,O23,diagonal,8,17.2528937836
O23:Coculture:F14:Oxa,O23,diagonal,9,3.97865678333
O23:Coculture:F14:Oxa,O23,diagonal,10,2.42038262747
O23:Coculture:F14:Oxa,O23,diagonal,11,5.10491912072
O23:Coculture:F14:Oxa,O23,diagonal,12,8.39102484927
O23:Coculture:F14:Oxa,O23,diagonal,13,6.97043398214
O23:Coculture:F14:Oxa,O23,diagonal,14,9.40958517147
O23:Coculture:F14:Oxa,O23,diagonal,15,15.6580019009
O23:Coculture:F14:Oxa,O23,diagonal,16,14.2044692287
O23:Coculture:F14:Oxa,O23,diagonal,17,15.9920680893
O23:Coculture:F14:Oxa,O23,diagonal,18,7.55828054672
O23:Coculture:F14:Oxa,O23,diagonal,19,6.95682717338
O23:Coculture:F14:Oxa,O23,diagonal,20,11.98402302
O23:Coculture:F14:Oxa,O23,diagonal,21,9.08408852464
O23:Coculture:F14:Oxa,O23,diagonal,22,7.22847524556
O23:Coculture:F14:Oxa,O23,diagonal,23,10.3500721304
O23:Coculture:F14:Oxa,O23,diagonal,24,15.7208816058
O23:Coculture:F14:Oxa,O23,diagonal,25,13.6402015959
O23:Coculture:F14:Oxa,O23,diagonal,26,15.7449227674
O23:Coculture:F14:Oxa,O23,diagonal,27,9.40386142208
O23:Coculture:F14:Oxa,O23,diagonal,28,8.75698220558
O23:Coculture:F14:Oxa,O23,diagonal,29,9.37228024297
O23:Coculture:F14:Oxa,O23,diagonal,30,13.1071409064
O23:Coculture:F14:Oxa,O23,diagonal,31,12.4676497783
O23:Coculture:F14:Oxa,O23,diagonal,32,13.074931853
O23:Coculture:F14:Oxa,O23,diagonal,33,18.8609602621
O23:Coculture:F14:Oxa,O23,diagonal,34,18.2474182886
O23:Coculture:F14:Oxa,O23,diagonal,35,18.8268780256
O23:Coculture:F14:Oxa,O23,diagonal,36,4.2859052698
O23:Coculture:F14:Oxa,O23,diagonal,37,3.81402104601
O23:Coculture:F14:Oxa,O23,diagonal,38,4.45964683483
O23:Coculture:F14:Oxa,O23,diagonal,39,8.9076605603
O23:Coculture:F14:Oxa,O23,diagonal,40,8.51809202133
O23:Coculture:F14:Oxa,O23,diagonal,41,9.18922614465
O23:Coculture:F14:Oxa,O23,diagonal,42,16.0084150427
O23:Coculture:F14:Oxa,O23,diagonal,43,15.6532673259
O23:Coculture:F14:Oxa,O23,diagonal,44,16.2630551232
O23:Coculture:F14:Oxa,O23,diagonal,45,4.45215000109
O23:Coculture:F14:Oxa,O23,diagonal,46,4.60051529654
O23:Coculture:F14:Oxa,O23,diagonal,47,6.30327510901
O23:Coculture:F14:Oxa,O23,diagonal,48,7.96503488145
O23:Coculture:F14:Oxa,O23,diagonal,49,7.81467153811
O23:Coculture:F14:Oxa,O23,diagonal,50,9.07147049976
O23:Coculture:F14:Oxa,O23,diagonal,51,15.0507783552
O23:Coculture:F14:Oxa,O23,diagonal,52,14.5868750355
O23:Coculture:F14:Oxa,O23,diagonal,53,15.3672742567
O23:Monoculture::Gef,O23,joint,0,45.6387816384
O23:Monoculture::Gef,O23,joint,1,42.7672048276
O23:Monoculture::Gef,O23,joint,2,44.8099584874
O23:Monoculture::Gef,O23,joint,3,19.2937015774
O23:Monoculture::Gef,O23,joint,4,16.6932944888
O23:Monoculture::Gef,O23,joint,5,18.6160864513
O23:Monoculture::Gef,O23,joint,6,17.1873913062
O23:Monoculture::Gef,O23,joint,7,15.1066775025
O23:Monoculture::Gef,O23,joint,8,16.5909093436
O23:Monoculture::Gef,O23,joint,9,50.4013037165
O23:Monoculture::Gef,O23,joint,10,48.8061740398
O23:Monoculture::Gef,O23,joint,11,51.4941429418
O23:Monoculture::Gef,O23,joint,12,19.2214749773
O23:Monoculture::Gef,O23,joint,13,17.1656658741
O23:Monoculture::Gef,O23,joint,14,18.9482358005
O23:Monoculture::Gef,O23,joint,15,16.1517790534
O23:Monoculture::Gef,O23,joint,16,14.1796824251
O23:Monoculture::Gef,O23,joint,17,15.2892702342
O23:Monoculture::Gef,O23,joint,18,66.1903344857
O23:Monoculture::Gef,O23,joint,19,62.7070128923
O23:Monoculture::Gef,O23,joint,20,64.9601395859
O23:Monoculture::Gef,O23,joint,21,22.5286301587
O23:Monoculture::Gef,O23,joint,22,18.9370601885
O23:Monoculture::Gef,O23,joint,23,20.3380164262
O23:Monoculture::Gef,O23,joint,24,16.8822109409
O23:Monoculture::Gef,O23,joint,25,13.9685193133
O23:Monoculture::Gef,O23,joint,26,15.0862979902
O23:Monoculture::Gef,O23,joint,27,46.9193373786
O23:Monoculture::Gef,O23,joint,28,46.1764523116
O23:Monoculture::Gef,O23,joint,29,46.6917664086
O23:Monoculture::Gef,O23,joint,30,20.7991431468
O23:Monoculture::Gef,O23,joint,31,20.0812489441
O23:Monoculture::Gef,O23,joint,32,20.591937359
O23:Monoculture::Gef,O23,joint,33,18.7557990129
O23:Monoculture::Gef,O23,joint,34,18.1056972408
O23:Monoculture::Gef,O23,joint,35,18.5863952314
O23:Monoculture::Gef,O23,joint,36,46.1999447298
O23:Monoculture::Gef,O23,joint,37,45.8705305662
O23:Monoculture::Gef,O23,joint,38,46.6714049758
O23:Monoculture::Gef,O23,joint,39,17.9995791412
O23:Monoculture::Gef,O23,joint,40,17.600796722
O23:Monoculture::Gef,O23,joint,41,18.2727889475
O23:Monoculture::Gef,O23,joint,42,16.0090698631
O23:Monoculture::Gef,O23,joint,43,15.4951175873
O23:Monoculture::Gef,O23,joint,44,15.9407600689
O23:Monoculture::Gef,O23,joint,45,57.889921657
O23:Monoculture::Gef,O23,joint,46,57.448044693
O23:Monoculture::Gef,O23,joint,47,58.5900564864
O23:Monoculture::Gef,O23,joint,48,19.7850727629
O23:Monoculture::Gef,O23,joint,49,18.9142423646
O23:Monoculture::Gef,O23,joint,50,19.477524038
O23:Monoculture::Gef,O23,joint,51,15.4920125062
O23:Monoculture::Gef,O23,joint,52,14.5941200137
O23:Monoculture::Gef,O23,joint,53,14.9443590731
O23:Monoculture::Gef,O23,diagonal,0,27.0151549722
O23:Monoculture::Gef,O23,diagonal,1,24.0296604078
O23:Monoculture::Gef,O23,diagonal,2,26.03415812
O23:Monoculture::Gef,O23,diagonal,3,16.8584325266
O23:Monoculture::Gef,O23,diagonal,4,13.970805648
O23:Monoculture::Gef,O23,diagonal,5,15.8558345466
O23:Monoculture::Gef,O23,diagonal,6,19.3079386735
O23:Monoculture::Gef,O23,diagonal,7,16.7216544358
O23:Monoculture::Gef,O23,diagonal,8,18.2845650169
O23:Monoculture::Gef,O23,diagonal,9,28.8504486902
O23:Monoculture::Gef,O23,diagonal,10,26.6708970877
O23:Monoculture::Gef,O23,diagonal,11,28.7386178322
O23:Monoculture::Gef,O23,diagonal,12,15.9458835322
O23:Monoculture::Gef,O23,diagonal,13,13.3827253613
O23:Monoculture::Gef,O23,diagonal,14,14.6791145092
O23:Monoculture::Gef,O23,diagonal,15,18.0778116869
O23:Monoculture::Gef,O23,diagonal,16,15.8134556639
O23:Monoculture::Gef,O23,diagonal,17,16.7922548859
O23:Monoculture::Gef,O23,diagonal,18,36.8157888306
O23:Monoculture::Gef,O23,diagonal,19,32.4627772643
O23:Monoculture::Gef,O23,diagonal,20,33.7382713121
O23:Monoculture::Gef,O23,diagonal,21,17.2600292766
O23:Monoculture::Gef,O23,diagonal,22,13.5024647859
O23:Monoculture::Gef,O23,diagonal,23,14.723600631
O23:Monoculture::Gef,O23,diagonal,24,18.1857609096
O23:Monoculture::Gef,O23,diagonal,25,15.3163189612
O23:Monoculture::Gef,O23,diagonal,26,16.6382113056
O23:Monoculture::Gef,O23,diagonal,27,28.2184318887
O23:Monoculture::Gef,O23,diagonal,28,27.4629968905
O23:Monoculture::Gef,O23,diagonal,29,27.9707642553
O23:Monoculture::Gef,O23,diagonal,30,18.0639394883
O23:Monoculture::Gef,O23,diagonal,31,17.3175658472
O23:Monoculture::Gef,O23,diagonal,32,17.8186902752
O23:Monoculture::Gef,O23,diagonal,33,20.2469852663
O23:Monoculture::Gef,O23,diagonal,34,19.5250785466
O23:Monoculture::Gef,O23,diagonal,35,19.9963357713
O23:Monoculture::Gef,O23,diagonal,36,26.187221882
O23:Monoculture::Gef,O23,diagonal,37,25.7844921277
O23:Monoculture::Gef,O23,diagonal,38,26.5026417735
O23:Monoculture::Gef,O23,diagonal,39,15.0767054424
O23:Monoculture::Gef,O23,diagonal,40,14.5318175418
O23:Monoculture::Gef,O23,diagonal,41,15.0487477279
O23:Monoculture::Gef,O23,diagonal,42,17.8594326784
O23:Monoculture::Gef,O23,diagonal,43,17.2186431356
O23:Monoculture::Gef,O23,diagonal,44,17.5427404226
O23:Monoculture::Gef,O23,diagonal,45,31.9500897565
O23:Monoculture::Gef,O23,diagonal,46,31.0201193538
O23:Monoculture::Gef,O23,diagonal,47,31.6449495289
O23:Monoculture::Gef,O23,diagonal,48,15.2523545323
O23:Monoculture::Gef,O23,diagonal,49,14.1641016407
O23:Monoculture::Gef,O23,diagonal,50,14.4829751527
O23:Monoculture::Gef,O23,diagonal,51,17.0765381288
O23:Monoculture::Gef,O23,diagonal,52,16.1371470062
O23:Monoculture::Gef,O23,diagonal,53,16.4424309674
O24:Coculture:F20:5-FU,O24,joint,0,1.67827369551
O24:Coculture:F20:5-FU,O24,joint,1,0.508992652095
O24:Coculture:F20:5-FU,O24,joint,2,4.25404766428
O24:Coculture:F20:5-FU,O24,joint,3,6.48136028092
O24:Coculture:F20:5-FU,O24,joint,4,5.3699685123
O24:Coculture:F20:5-FU,O24,joint,5,8.77800658693
O24:Coculture:F20:5-FU,O24,joint,6,12.8033054612
O24:Coculture:F20:5-FU,O24,joint,7,11.8761272795
O24:Coculture:F20:5-FU,O24,joint,8,14.4644948338
O24:Coculture:F20:5-FU,O24,joint,9,-3.66546237589
O24:Coculture:F20:5-FU,O24,joint,10,-4.14773168766
O24:Coculture:F20:5-FU,O24,joint,11,-0.347156406067
O24:Coculture:F20:5-FU,O24,joint,12,2.6786275597
O24:Coculture:F20:5-FU,O24,joint,13,2.00216470894
O24:Coculture:F20:5-FU,O24,joint,14,5.15562605407
O24:Coculture:F20:5-FU,O24,joint,15,10.6646572304
O24:Coculture:F20:5-FU,O24,joint,16,9.89932506252
O24:Coculture:F20:5-FU,O24,joint,17,12.1779692737
O24:Coculture:F20:5-FU,O24,joint,18,-5.08192953989
O24:Coculture:F20:5-FU,O24,joint,19,-5.44580052054
O24:Coculture:F20:5-FU,O24,joint,20,-0.0755026514048
O24:Coculture:F20:5-FU,O24,joint,21,1.71181256337
O24:Coculture:F20:5-FU,O24,joint,22,0.599028131578
O24:Coculture:F20:5-FU,O24,joint,23,4.45884055748
O24:Coculture:F20:5-FU,O24,joint,24,10.1889877609
O24:Coculture:F20:5-FU,O24,joint,25,8.96249934815
O24:Coculture:F20:5-FU,O24,joint,26,11.7215350183
O24:Coculture:F20:5-FU,O24,joint,27,5.29727845216
O24:Coculture:F20:5-FU,O24,joint,28,5.00149638257
O24:Coculture:F20:5-FU,O24,joint,29,5.96317410706
O24:Coculture:F20:5-FU,O24,joint,30,9.82912412371
O24:Coculture:F20:5-FU,O24,joint,31,9.53680386286
O24:Coculture:F20:5-FU,O24,joint,32,10.4730676159
O24:Coculture:F20:5-FU,O24,joint,33,15.5789509674
O24:Coculture:F20:5-FU,O24,joint,34,15.3011030253
O24:Coculture:F20:5-FU,O24,joint,35,16.1531125439
O24:Coculture:F20:5-FU,O24,joint,36,-1.21263913922
O24:Coculture:F20:5-FU,O24,joint,37,-1.28677273348
O24:Coculture:F20:5-FU,O24,joint,38,-0.233144448694
O24:Coculture:F20:5-FU,O24,joint,39,4.49918542054
O24:Coculture:F20:5-FU,O24,joint,40,4.3786180926
O24:Coculture:F20:5-FU,O24,joint,41,5.32876191299
O24:Coculture:F20:5-FU,O24,joint,42,11.8764312337
O24:Coculture:F20:5-FU,O24,joint,43,11.707315521
O24:Coculture:F20:5-FU,O24,joint,44,12.4956808573
O24:Coculture:F20:5-FU,O24,joint,45,-4.70765416502
O24:Coculture:F20:5-FU,O24,joint,46,-4.54121725479
O24:Coculture:F20:5-FU,O24,joint,47,-2.78964310967
O24:Coculture:F20:5-FU,O24,joint,48,1.95656698673
O24:Coculture:F20:5-FU,O24,joint,49,1.86559924156
O24:Coculture:F20:5-FU,O24,joint,50,3.20817370885
O24:Coculture:F20:5-FU,O24,joint,51,10.2722585292
O24:Coculture:F20:5-FU,O24,joint,52,9.99406242122
O24:Coculture:F20:5-FU,O24,joint,53,10.9590155277
O24:Coculture:F20:5-FU,O24,diagonal,0,3.87991525571
O24:Coculture:F20:5-FU,O24,diagonal,1,2.40495146559
O24:Coculture:F20:5-FU,O24,diagonal,2,5.91708048666
O24:Coculture:F20:5-FU,O24,diagonal,3,9.41813271501
O24:Coculture:F20:5-FU,O24,diagonal,4,7.97726418121
O24:Coculture:F20:5-FU,O24,diagonal,5,11.3084024892
O24:Coculture:F20:5-FU,O24,diagonal,6,16.282640811
O24:Coculture:F20:5-FU,O24,diagonal,7,14.9806277545
O24:Coculture:F20:5-FU,O24,diagonal,8,17.8277301897
O24:Coculture:F20:5-FU,O24,diagonal,9,-0.916667108713
O24:Coculture:F20:5-FU,O24,diagonal,10,-1.73156195147
O24:Coculture:F20:5-FU,O24,diagonal,11,1.69635385489
O24:Coculture:F20:5-FU,O24,diagonal,12,6.22287424521
O24:Coculture:F20:5-FU,O24,diagonal,13,5.25400125226
O24:Coculture:F20:5-FU,O24,diagonal,14,8.14487031576
O24:Coculture:F20:5-FU,O24,diagonal,15,14.5278738807
O24:Coculture:F20:5-FU,O24,diagonal,16,13.5534158956
O24:Coculture:F20:5-FU,O24,diagonal,17,15.8200894432
O24:Coculture:F20:5-FU,O24,diagonal,18,-2.35763294861
O24:Coculture:F20:5-FU,O24,diagonal,19,-3.36882517669
O24:Coculture:F20:5-FU,O24,diagonal,20,1.24863181515
O24:Coculture:F20:5-FU,O24,diagonal,21,5.31072546301
O24:Coculture:F20:5-FU,O24,diagonal,22,3.91313824474
O24:Coculture:F20:5-FU,O24,diagonal,23,7.49276119038
O24:Coculture:F20:5-FU,O24,diagonal,24,14.1039993694
O24:Coculture:F20:5-FU,O24,diagonal,25,12.7623767194
O24:Coculture:F20:5-FU,O24,diagonal,26,15.6061552508
O24:Coculture:F20:5-FU,O24,diagonal,27,7.22577331089
O24:Coculture:F20:5-FU,O24,diagonal,28,6.8552783131
O24:Coculture:F20:5-FU,O24,diagonal,29,7.74696056921
O24:Coculture:F20:5-FU,O24,diagonal,30,12.3131583475
O24:Coculture:F20:5-FU,O24,diagonal,31,11.9444174
O24:Coculture:F20:5-FU,O24,diagonal,32,12.8224496552
O24:Coculture:F20:5-FU,O24,diagonal,33,18.4365451712
O24:Coculture:F20:5-FU,O24,diagonal,34,18.0763280377
O24:Coculture:F20:5-FU,O24,diagonal,35,18.9091126147
O24:Coculture:F20:5-FU,O24,diagonal,36,1.16063324323
O24:Coculture:F20:5-FU,O24,diagonal,37,1.00063688523
O24:Coculture:F20:5-FU,O24,diagonal,38,1.95815053982
O24:Coculture:F20:5-FU,O24,diagonal,39,7.68382958729
O24:Coculture:F20:5-FU,O24,diagonal,40,7.4801058766
O24:Coculture:F20:5-FU,O24,diagonal,41,8.33708482819
O24:Coculture:F20:5-FU,O24,diagonal,42,15.4663773917
O24:Coculture:F20:5-FU,O24,diagonal,43,15.2241591434
O24:Coculture:F20:5-FU,O24,diagonal,44,15.9468764093
O24:Coculture:F20:5-FU,O24,diagonal,45,-1.9540802823
O24:Coculture:F20:5-FU,O24,diagonal,46,-2.01788349763
O24:Coculture:F20:5-FU,O24,diagonal,47,-0.52729219595
O24:Coculture:F20:5-FU,O24,diagonal,48,5.48605650762
O24:Coculture:F20:5-FU,O24,diagonal,49,5.2332584506
O24:Coculture:F20:5-FU,O24,diagonal,50,6.38762269856
O24:Coculture:F20:5-FU,O24,diagonal,51,14.1074375898
O24:Coculture:F20:5-FU,O24,diagonal,52,13.7580407853
O24:Coculture:F20:5-FU,O24,diagonal,53,14.6529465217
O24:Coculture:F20:Oxa,O24,joint,0,6.17128594594
O24:Coculture:F20:Oxa,O24,joint,1,3.85543253155
O24:Coculture:F20:Oxa,O24,joint,2,6.45391517276
O24:Coculture:F20:Oxa,O24,joint,3,8.36072513089
O24:Coculture:F20:Oxa,O24,joint,4,6.21318661801
O24:Coculture:F20:Oxa,O24,joint,5,8.5850779484
O24:Coculture:F20:Oxa,O24,joint,6,13.7329563719
O24:Coculture:F20:Oxa,O24,joint,7,12.0599666705
O24:Coculture:F20:Oxa,O24,joint,8,13.9025227051
O24:Coculture:F20:Oxa,O24,joint,9,2.55068143852
O24:Coculture:F20:Oxa,O24,joint,10,0.644822382649
O24:Coculture:F20:Oxa,O24,joint,11,3.02180792013
O24:Coculture:F20:Oxa,O24,joint,12,4.77083607215
O24:Coculture:F20:Oxa,O24,joint,13,3.1611210157
O24:Coculture:F20:Oxa,O24,joint,14,5.38133015512
O24:Coculture:F20:Oxa,O24,joint,15,11.4877921142
O24:Coculture:F20:Oxa,O24,joint,16,10.1372805535
O24:Coculture:F20:Oxa,O24,joint,17,11.8307453718
O24:Coculture:F20:Oxa,O24,joint,18,1.50951517424
O24:Coculture:F20:Oxa,O24,joint,19,-0.386533425498
O24:Coculture:F20:Oxa,O24,joint,20,3.45158682455
O24:Coculture:F20:Oxa,O24,joint,21,3.78923109684
O24:Coculture:F20:Oxa,O24,joint,22,1.70486540041
O24:Coculture:F20:Oxa,O24,joint,23,4.59309656168
O24:Coculture:F20:Oxa,O24,joint,24,11.0860501633
O24:Coculture:F20:Oxa,O24,joint,25,9.19472538585
O24:Coculture:F20:Oxa,O24,joint,26,11.2889246913
O24:Coculture:F20:Oxa,O24,joint,27,8.87330066007
O24:Coculture:F20:Oxa,O24,joint,28,8.28370929833
O24:Coculture:F20:Oxa,O24,joint,29,8.95157773066
O24:Coculture:F20:Oxa,O24,joint,30,10.9523771863
O24:Coculture:F20:Oxa,O24,joint,31,10.3734138327
O24:Coculture:F20:Oxa,O24,joint,32,11.023034493
O24:Coculture:F20:Oxa,O24,joint,33,16.0487921799
O24:Coculture:F20:Oxa,O24,joint,34,15.5119075517
O24:Coculture:F20:Oxa,O24,joint,35,16.1048803843
O24:Coculture:F20:Oxa,O24,joint,36,3.64982182042
O24:Coculture:F20:Oxa,O24,joint,37,3.11940318716
O24:Coculture:F20:Oxa,O24,joint,38,3.71674643295
O24:Coculture:F20:Oxa,O24,joint,39,6.05322137414
O24:Coculture:F20:Oxa,O24,joint,40,5.57675661017
O24:Coculture:F20:Oxa,O24,joint,41,6.17100299454
O24:Coculture:F20:Oxa,O24,joint,42,12.3994833618
O24:Coculture:F20:Oxa,O24,joint,43,11.9970545977
O24:Coculture:F20:Oxa,O24,joint,44,12.5521068826
O24:Coculture:F20:Oxa,O24,joint,45,1.41452499376
O24:Coculture:F20:Oxa,O24,joint,46,0.92663178736
O24:Coculture:F20:Oxa,O24,joint,47,2.02387581586
O24:Coculture:F20:Oxa,O24,joint,48,3.60442816526
O24:Coculture:F20:Oxa,O24,joint,49,3.13041601532
O24:Coculture:F20:Oxa,O24,joint,50,4.08994607784
O24:Coculture:F20:Oxa,O24,joint,51,10.7916131625
O24:Coculture:F20:Oxa,O24,joint,52,10.2705217384
O24:Coculture:F20:Oxa,O24,joint,53,10.9925795287
O24:Coculture:F20:Oxa,O24,diagonal,0,6.85528417726
O24:Coculture:F20:Oxa,O24,diagonal,1,4.1920914029
O24:Coculture:F20:Oxa,O24,diagonal,2,6.51599143974
O24:Coculture:F20:Oxa,O24,diagonal,3,10.987709665
O24:Coculture:F20:Oxa,O24,diagonal,4,8.43274371456
O24:Coculture:F20:Oxa,O24,diagonal,5,10.649784606
O24:Coculture:F20:Oxa,O24,diagonal,6,17.3012228963
O24:Coculture:F20:Oxa,O24,diagonal,7,15.0690013053
O24:Coculture:F20:Oxa,O24,diagonal,8,16.985895206
O24:Coculture:F20:Oxa,O24,diagonal,9,2.96844448851
O24:Coculture:F20:Oxa,O24,diagonal,10,0.859951398245
O24:Coculture:F20:Oxa,O24,diagonal,11,2.99426895709
O24:Coculture:F20:Oxa,O24,diagonal,12,7.77560513644
O24:Coculture:F20:Oxa,O24,diagonal,13,5.8622152645
O24:Coculture:F20:Oxa,O24,diagonal,14,7.80856744901
O24:Coculture:F20:Oxa,O24,diagonal,15,15.3516097449
O24:Coculture:F20:Oxa,O24,diagonal,16,13.6662397063
O24:Coculture:F20:Oxa,O24,diagonal,17,15.2220012005
O24:Coculture:F20:Oxa,O24,diagonal,18,1.75846014492
O24:Coculture:F20:Oxa,O24,diagonal,19,-0.75326436991
O24:Coculture:F20:Oxa,O24,diagonal,20,2.36366033519
O24:Coculture:F20:Oxa,O24,diagonal,21,6.97364429164
O24:Coculture:F20:Oxa,O24,diagonal,22,4.47560468506
O24:Coculture:F20:Oxa,O24,diagonal,23,6.95477524237
O24:Coculture:F20:Oxa,O24,diagonal,24,15.1013247221
O24:Coculture:F20:Oxa,O24,diagonal,25,12.8645346086
O24:Coculture:F20:Oxa,O24,diagonal,26,14.8131456764
O24:Coculture:F20:Oxa,O24,diagonal,27,9.2359638988
O24:Coculture:F20:Oxa,O24,diagonal,28,8.5633900305
O24:Coculture:F20:Oxa,O24,diagonal,29,9.15299341609
O24:Coculture:F20:Oxa,O24,diagonal,30,13.0570005779
O24:Coculture:F20:Oxa,O24,diagonal,31,12.3912023843
O24:Coculture:F20:Oxa,O24,diagonal,32,12.9721773935
O24:Coculture:F20:Oxa,O24,diagonal,33,18.8289394087
O24:Coculture:F20:Oxa,O24,diagonal,34,18.190197921
O24:Coculture:F20:Oxa,O24,diagonal,35,18.7444581439
O24:Coculture:F20:Oxa,O24,diagonal,36,3.99265642322
O24:Coculture:F20:Oxa,O24,diagonal,37,3.40121592349
O24:Coculture:F20:Oxa,O24,diagonal,38,3.92728543636
O24:Coculture:F20:Oxa,O24,diagonal,39,8.6551074866
O24:Coculture:F20:Oxa,O24,diagonal,40,8.12798421403
O24:Coculture:F20:Oxa,O24,diagonal,41,8.66156360374
O24:Coculture:F20:Oxa,O24,diagonal,42,15.8545601145
O24:Coculture:F20:Oxa,O24,diagonal,43,15.3762126465
O24:Coculture:F20:Oxa,O24,diagonal,44,15.8628006926
O24:Coculture:F20:Oxa,O24,diagonal,45,1.49718196273
O24:Coculture:F20:Oxa,O24,diagonal,46,0.866331891152
O24:Coculture:F20:Oxa,O24,diagonal,47,1.78987633658
O24:Coculture:F20:Oxa,O24,diagonal,48,6.515079781
O24:Coculture:F20:Oxa,O24,diagonal,49,5.88714865229
O24:Coculture:F20:Oxa,O24,diagonal,50,6.66637982856
O24:Coculture:F20:Oxa,O24,diagonal,51,14.523167297
O24:Coculture:F20:Oxa,O24,diagonal,52,13.8986573953
O24:Coculture:F20:Oxa,O24,diagonal,53,14.5184500347
O24:Coculture:F20:SN-38,O24,joint,0,3.6124168944
O24:Coculture:F20:SN-38,O24,joint,1,4.73904190802
O24:Coculture:F20:SN-38,O24,joint,2,10.7840342214
O24:Coculture:F20:SN-38,O24,joint,3,6.3183601785
O24:Coculture:F20:SN-38,O24,joint,4,7.38686179103
O24:Coculture:F20:SN-38,O24,joint,5,12.9770333284
O24:Coculture:F20:SN-38,O24,joint,6,12.2253770573
O24:Coculture:F20:SN-38,O24,joint,7,13.0917299003
O24:Coculture:F20:SN-38,O24,joint,8,17.4587556853
O24:Coculture:F20:SN-38,O24,joint,9,0.108833805329
O24:Coculture:F20:SN-38,O24,joint,10,0.14906233369
O24:Coculture:F20:SN-38,O24,joint,11,4.4725149247
O24:Coculture:F20:SN-38,O24,joint,12,3.42140595107
O24:Coculture:F20:SN-38,O24,joint,13,3.69235558284
O24:Coculture:F20:SN-38,O24,joint,14,7.79265769064
O24:Coculture:F20:SN-38,O24,joint,15,10.466225291
O24:Coculture:F20:SN-38,O24,joint,16,10.9496743128
O24:Coculture:F20:SN-38,O24,joint,17,14.459920314
O24:Coculture:F20:SN-38,O24,joint,18,1.00717121628
O24:Coculture:F20:SN-38,O24,joint,19,-0.0056461190715
O24:Coculture:F20:SN-38,O24,joint,20,4.72124972452
O24:Coculture:F20:SN-38,O24,joint,21,3.09619856749
O24:Coculture:F20:SN-38,O24,joint,22,3.3445839228
O24:Coculture:F20:SN-38,O24,joint,23,8.56050384654
O24:Coculture:F20:SN-38,O24,joint,24,9.8527397625
O24:Coculture:F20:SN-38,O24,joint,25,10.6174789279
O24:Coculture:F20:SN-38,O24,joint,26,15.3390624489
O24:Coculture:F20:SN-38,O24,joint,27,7.84422905686
O24:Coculture:F20:SN-38,O24,joint,28,8.12875639467
O24:Coculture:F20:SN-38,O24,joint,29,9.67159480264
O24:Coculture:F20:SN-38,O24,joint,30,10.2898281438
O24:Coculture:F20:SN-38,O24,joint,31,10.5714843972
O24:Coculture:F20:SN-38,O24,joint,32,12.0827324756
O24:Coculture:F20:SN-38,O24,joint,33,15.5216220006
O24:Coculture:F20:SN-38,O24,joint,34,15.7887474037
O24:Coculture:F20:SN-38,O24,joint,35,17.1862902881
O24:Coculture:F20:SN-38,O24,joint,36,2.40546933998
O24:Coculture:F20:SN-38,O24,joint,37,2.34843826003
O24:Coculture:F20:SN-38,O24,joint,38,3.41903611283
O24:Coculture:F20:SN-38,O24,joint,39,5.43417846071
O24:Coculture:F20:SN-38,O24,joint,40,5.4442355928
O24:Coculture:F20:SN-38,O24,joint,41,6.52509874055
O24:Coculture:F20:SN-38,O24,joint,42,12.0619532466
O24:Coculture:F20:SN-38,O24,joint,43,12.1296906545
O24:Coculture:F20:SN-38,O24,joint,44,13.1547661815
O24:Coculture:F20:SN-38,O24,joint,45,-0.0203300037329
O24:Coculture:F20:SN-38,O24,joint,46,-0.575961164567
O24:Coculture:F20:SN-38,O24,joint,47,0.453995987329
O24:Coculture:F20:SN-38,O24,joint,48,3.47626821791
O24:Coculture:F20:SN-38,O24,joint,49,3.22306388408
O24:Coculture:F20:SN-38,O24,joint,50,4.40478784497
O24:Coculture:F20:SN-38,O24,joint,51,10.611747234
O24:Coculture:F20:SN-38,O24,joint,52,10.6738435728
O24:Coculture:F20:SN-38,O24,joint,53,11.9778235538
O24:Coculture:F20:SN-38,O24,diagonal,0,4.01443782693
O24:Coculture:F20:SN-38,O24,diagonal,1,5.34570433278
O24:Coculture:F20:SN-38,O24,diagonal,2,11.6659171331
O24:Coculture:F20:SN-38,O24,diagonal,3,8.54466883912
O24:Coculture:F20:SN-38,O24,diagonal,4,9.8804010283
O24:Coculture:F20:SN-38,O24,diagonal,5,15.9894152843
O24:Coculture:F20:SN-38,O24,diagonal,6,15.2272098381
O24:Coculture:F20:SN-38,O24,diagonal,7,16.4900737456
O24:Coculture:F20:SN-38,O24,diagonal,8,21.9097250931
O24:Coculture:F20:SN-38,O24,diagonal,9,0.605885807796
O24:Coculture:F20:SN-38,O24,diagonal,10,0.887156465924
O24:Coculture:F20:SN-38,O24,diagonal,11,5.40630284794
O24:Coculture:F20:SN-38,O24,diagonal,12,6.17823184417
O24:Coculture:F20:SN-38,O24,diagonal,13,6.69965695188
O24:Coculture:F20:SN-38,O24,diagonal,14,11.0775212705
O24:Coculture:F20:SN-38,O24,diagonal,15,13.9479843838
O24:Coculture:F20:SN-38,O24,diagonal,16,14.6986390582
O24:Coculture:F20:SN-38,O24,diagonal,17,18.6911839142
O24:Coculture:F20:SN-38,O24,diagonal,18,0.717841860438
O24:Coculture:F20:SN-38,O24,diagonal,19,0.396380323448
O24:Coculture:F20:SN-38,O24,diagonal,20,5.6962865279
O24:Coculture:F20:SN-38,O24,diagonal,21,5.47148006331
O24:Coculture:F20:SN-38,O24,diagonal,22,6.2370658858
O24:Coculture:F20:SN-38,O24,diagonal,23,11.9774757419
O24:Coculture:F20:SN-38,O24,diagonal,24,13.2791166199
O24:Coculture:F20:SN-38,O24,diagonal,25,14.4858936938
O24:Coculture:F20:SN-38,O24,diagonal,26,19.8865509544
O24:Coculture:F20:SN-38,O24,diagonal,27,8.20154761303
O24:Coculture:F20:SN-38,O24,diagonal,28,8.53192574358
O24:Coculture:F20:SN-38,O24,diagonal,29,10.1251412272
O24:Coculture:F20:SN-38,O24,diagonal,30,12.3297878292
O24:Coculture:F20:SN-38,O24,diagonal,31,12.6626044557
O24:Coculture:F20:SN-38,O24,diagonal,32,14.2426576558
O24:Coculture:F20:SN-38,O24,diagonal,33,18.2154268001
O24:Coculture:F20:SN-38,O24,diagonal,34,18.5493598474
O24:Coculture:F20:SN-38,O24,diagonal,35,20.0766134114
O24:Coculture:F20:SN-38,O24,diagonal,36,2.88209180338
O24:Coculture:F20:SN-38,O24,diagonal,37,2.8980864932
O24:Coculture:F20:SN-38,O24,diagonal,38,4.03023856849
O24:Coculture:F20:SN-38,O24,diagonal,39,8.07790561439
O24:Coculture:F20:SN-38,O24,diagonal,40,8.14822327892
O24:Coculture:F20:SN-38,O24,diagonal,41,9.27800987442
O24:Coculture:F20:SN-38,O24,diagonal,42,15.4789111764
O24:Coculture:F20:SN-38,O24,diagonal,43,15.6092674534
O24:Coculture:F20:SN-38,O24,diagonal,44,16.703733533
O24:Coculture:F20:SN-38,O24,diagonal,45,0.556578491807
O24:Coculture:F20:SN-38,O24,diagonal,46,0.158681865843
O24:Coculture:F20:SN-38,O24,diagonal,47,1.31301952892
O24:Coculture:F20:SN-38,O24,diagonal,48,6.27896258933
O24:Coculture:F20:SN-38,O24,diagonal,49,6.19859720509
O24:Coculture:F20:SN-38,O24,diagonal,50,7.5235737562
O24:Coculture:F20:SN-38,O24,diagonal,51,14.170417937
O24:Coculture:F20:SN-38,O24,diagonal,52,14.3618143926
O24:Coculture:F20:SN-38,O24,diagonal,53,15.7969168566
O24:Monoculture::Gef,O24,joint,0,15.8437308011
O24:Monoculture::Gef,O24,joint,1,10.5640243729
O24:Monoculture::Gef,O24,joint,2,10.1986484152
O24:Monoculture::Gef,O24,joint,3,14.3267388372
O24:Monoculture::Gef,O24,joint,4,9.35758415828
O24:Monoculture::Gef,O24,joint,5,8.91162853055
O24:Monoculture::Gef,O24,joint,6,18.2338284133
O24:Monoculture::Gef,O24,joint,7,14.1225404653
O24:Monoculture::Gef,O24,joint,8,13.5761981622
O24:Monoculture::Gef,O24,joint,9,17.5911857856
O24:Monoculture::Gef,O24,joint,10,14.233809742
O24:Monoculture::Gef,O24,joint,11,15.1595322771
O24:Monoculture::Gef,O24,joint,12,14.0116190024
O24:Monoculture::Gef,O24,joint,13,10.7911282317
O24:Monoculture::Gef,O24,joint,14,11.4090164905
O24:Monoculture::Gef,O24,joint,15,17.4344030988
O24:Monoculture::Gef,O24,joint,16,14.2284299773
O24:Monoculture::Gef,O24,joint,17,14.1041412932
O24:Monoculture::Gef,O24,joint,18,49.7844323982
O24:Monoculture::Gef,O24,joint,19,48.6435738117
O24:Monoculture::Gef,O24,joint,20,53.2391635122
O24:Monoculture::Gef,O24,joint,21,24.8825314457
O24:Monoculture::Gef,O24,joint,22,20.8900032488
O24:Monoculture::Gef,O24,joint,23,21.8900012598
O24:Monoculture::Gef,O24,joint,24,20.9279696889
O24:Monoculture::Gef,O24,joint,25,16.1159874201
O24:Monoculture::Gef,O24,joint,26,15.3354754558
O24:Monoculture::Gef,O24,joint,27,14.8104651941
O24:Monoculture::Gef,O24,joint,28,13.4691384474
O24:Monoculture::Gef,O24,joint,29,13.3860108647
O24:Monoculture::Gef,O24,joint,30,13.3503804374
O24:Monoculture::Gef,O24,joint,31,12.0304538304
O24:Monoculture::Gef,O24,joint,32,11.939109841
O24:Monoculture::Gef,O24,joint,33,17.5140583279
O24:Monoculture::Gef,O24,joint,34,16.2717696581
O24:Monoculture::Gef,O24,joint,35,16.1602807512
O24:Monoculture::Gef,O24,joint,36,11.1453930347
O24:Monoculture::Gef,O24,joint,37,10.2967804305
O24:Monoculture::Gef,O24,joint,38,10.5784563995
O24:Monoculture::Gef,O24,joint,39,9.79704965845
O24:Monoculture::Gef,O24,joint,40,8.95770564756
O24:Monoculture::Gef,O24,joint,41,9.18913628134
O24:Monoculture::Gef,O24,joint,42,14.7066058694
O24:Monoculture::Gef,O24,joint,43,13.9014831767
O24:Monoculture::Gef,O24,joint,44,14.0559552414
O24:Monoculture::Gef,O24,joint,45,26.9889209402
O24:Monoculture::Gef,O24,joint,46,27.1390098245
O24:Monoculture::Gef,O24,joint,47,28.8729874663
O24:Monoculture::Gef,O24,joint,48,15.683597241
O24:Monoculture::Gef,O24,joint,49,15.3983825944
O24:Monoculture::Gef,O24,joint,50,16.5472800195
O24:Monoculture::Gef,O24,joint,51,16.080487828
O24:Monoculture::Gef,O24,joint,52,15.0823557787
O24:Monoculture::Gef,O24,joint,53,15.3323552815
O24:Monoculture::Gef,O24,diagonal,0,13.5747725166
O24:Monoculture::Gef,O24,diagonal,1,8.32453564436
O24:Monoculture::Gef,O24,diagonal,2,8.06429104885
O24:Monoculture::Gef,O24,diagonal,3,15.9238344601
O24:Monoculture::Gef,O24,diagonal,4,10.8490629568
O24:Monoculture::Gef,O24,diagonal,5,10.5469472308
O24:Monoculture::Gef,O24,diagonal,6,21.284776024
O24:Monoculture::Gef,O24,diagonal,7,16.7886829916
O24:Monoculture::Gef,O24,diagonal,8,16.441784778
O24:Monoculture::Gef,O24,diagonal,9,14.0380668349
O24:Monoculture::Gef,O24,diagonal,10,11.0178928128
O24:Monoculture::Gef,O24,diagonal,11,12.2449911377
O24:Monoculture::Gef,O24,diagonal,12,14.651081781
O24:Monoculture::Gef,O24,diagonal,13,11.7441006862
O24:Monoculture::Gef,O24,diagonal,14,12.6966669102
O24:Monoculture::Gef,O24,diagonal,15,19.5678874497
O24:Monoculture::Gef,O24,diagonal,16,16.5507328733
O24:Monoculture::Gef,O24,diagonal,17,16.7767335419
O24:Monoculture::Gef,O24,diagonal,18,36.6908296805
O24:Monoculture::Gef,O24,diagonal,19,35.5142074465
O24:Monoculture::Gef,O24,diagonal,20,39.9660908267
O24:Monoculture::Gef,O24,diagonal,21,21.2439920351
O24:Monoculture::Gef,O24,diagonal,22,17.438806931
O24:Monoculture::Gef,O24,diagonal,23,18.6123221627
O24:Monoculture::Gef,O24,diagonal,24,21.4428741712
O24:Monoculture::Gef,O24,diagonal,25,17.0899475235
O24:Monoculture::Gef,O24,diagonal,26,16.9283551686
O24:Monoculture::Gef,O24,diagonal,27,12.5133877256
O24:Monoculture::Gef,O24,diagonal,28,11.1903425796
O24:Monoculture::Gef,O24,diagonal,29,11.1304997965
O24:Monoculture::Gef,O24,diagonal,30,14.7038438744
O24:Monoculture::Gef,O24,diagonal,31,13.3912846563
O24:Monoculture::Gef,O24,diagonal,32,13.3262235075
O24:Monoculture::Gef,O24,diagonal,33,20.0133357497
O24:Monoculture::Gef,O24,diagonal,34,18.7446428738
O24:Monoculture::Gef,O24,diagonal,35,18.6691139423
O24:Monoculture::Gef,O24,diagonal,36,8.79156723275
O24:Monoculture::Gef,O24,diagonal,37,7.97634188448
O24:Monoculture::Gef,O24,diagonal,38,8.28199593643
O24:Monoculture::Gef,O24,diagonal,39,11.3736099785
O24:Monoculture::Gef,O24,diagonal,40,10.618566473
O24:Monoculture::Gef,O24,diagonal,41,10.9253410543
O24:Monoculture::Gef,O24,diagonal,42,17.5357322405
O24:Monoculture::Gef,O24,diagonal,43,16.8089869668
O24:Monoculture::Gef,O24,diagonal,44,17.0471285228
O24:Monoculture::Gef,O24,diagonal,45,20.0936787922
O24:Monoculture::Gef,O24,diagonal,46,20.4592246565
O24:Monoculture::Gef,O24,diagonal,47,22.3795710985
O24:Monoculture::Gef,O24,diagonal,48,15.2211147448
O24:Monoculture::Gef,O24,diagonal,49,14.9269591863
O24:Monoculture::Gef,O24,diagonal,50,16.0399300313
O24:Monoculture::Gef,O24,diagonal,51,18.0725288184
O24:Monoculture::Gef,O24,diagonal,52,17.1212325424
O24:Monoculture::Gef,O24,diagonal,53,17.4146113503
O24:Monoculture::Oxa,O24,joint,0,16.0512617602
O24:Monoculture::Oxa,O24,joint,1,12.8670024592
O24:Monoculture::Oxa,O24,joint,2,14.5970792139
O24:Monoculture::Oxa,O24,joint,3,11.4638910615
O24:Monoculture::Oxa,O24,joint,4,8.56832417999
O24:Monoculture::Oxa,O24,joint,5,10.1921871417
O24:Monoculture::Oxa,O24,joint,6,14.9431911986
O24:Monoculture::Oxa,O24,joint,7,12.7370374126
O24:Monoculture::Oxa,O24,joint,8,14.0464293624
O24:Monoculture::Oxa,O24,joint,9,14.3258082071
O24:Monoculture::Oxa,O24,joint,10,11.3613100108
O24:Monoculture::Oxa,O24,joint,11,12.6796564078
O24:Monoculture::Oxa,O24,joint,12,8.43680332743
O24:Monoculture::Oxa,O24,joint,13,6.20096844802
O24:Monoculture::Oxa,O24,joint,14,7.7950577645
O24:Monoculture::Oxa,O24,joint,15,12.7569561392
O24:Monoculture::Oxa,O24,joint,16,10.9747694609
O24:Monoculture::Oxa,O24,joint,17,12.2365591615
O24:Monoculture::Oxa,O24,joint,18,15.4269108734
O24:Monoculture::Oxa,O24,joint,19,12.8310689936
O24:Monoculture::Oxa,O24,joint,20,15.9693959637
O24:Monoculture::Oxa,O24,joint,21,7.90806098476
O24:Monoculture::Oxa,O24,joint,22,5.18957008441
O24:Monoculture::Oxa,O24,joint,23,7.44367604175
O24:Monoculture::Oxa,O24,joint,24,12.587215289
O24:Monoculture::Oxa,O24,joint,25,10.1194288019
O24:Monoculture::Oxa,O24,joint,26,11.6371663977
O24:Monoculture::Oxa,O24,joint,27,18.0477338691
O24:Monoculture::Oxa,O24,joint,28,17.2300161965
O24:Monoculture::Oxa,O24,joint,29,17.669758318
O24:Monoculture::Oxa,O24,joint,30,13.4223711399
O24:Monoculture::Oxa,O24,joint,31,12.6263063146
O24:Monoculture::Oxa,O24,joint,32,13.0588255033
O24:Monoculture::Oxa,O24,joint,33,16.8245836626
O24:Monoculture::Oxa,O24,joint,34,16.1006919422
O24:Monoculture::Oxa,O24,joint,35,16.5066576826
O24:Monoculture::Oxa,O24,joint,36,13.3857061267
O24:Monoculture::Oxa,O24,joint,37,12.4371607486
O24:Monoculture::Oxa,O24,joint,38,12.6163772495
O24:Monoculture::Oxa,O24,joint,39,8.9970030663
O24:Monoculture::Oxa,O24,joint,40,8.25587851721
O24:Monoculture::Oxa,O24,joint,41,8.58546511647
O24:Monoculture::Oxa,O24,joint,42,13.3159751757
O24:Monoculture::Oxa,O24,joint,43,12.7570164558
O24:Monoculture::Oxa,O24,joint,44,13.1555387849
O24:Monoculture::Oxa,O24,joint,45,14.1489270609
O24:Monoculture::Oxa,O24,joint,46,13.3118891445
O24:Monoculture::Oxa,O24,joint,47,14.0599884629
O24:Monoculture::Oxa,O24,joint,48,7.08377709004
O24:Monoculture::Oxa,O24,joint,49,6.4348166201
O24:Monoculture::Oxa,O24,joint,50,7.21939836261
O24:Monoculture::Oxa,O24,joint,51,11.8213206345
O24:Monoculture::Oxa,O24,joint,52,11.1416979094
O24:Monoculture::Oxa,O24,joint,53,11.7052243988
O24:Monoculture::Oxa,O24,diagonal,0,13.1191532804
O24:Monoculture::Oxa,O24,diagonal,1,9.34810760886
O24:Monoculture::Oxa,O24,diagonal,2,10.5641547485
O24:Monoculture::Oxa,O24,diagonal,3,13.4814728284
O24:Monoculture::Oxa,O24,diagonal,4,9.91927583238
O24:Monoculture::Oxa,O24,diagonal,5,11.1290856782
O24:Monoculture::Oxa,O24,diagonal,6,18.6273243076
O24:Monoculture::Oxa,O24,diagonal,7,15.5721012403
O24:Monoculture::Oxa,O24,diagonal,8,16.6659936649
O24:Monoculture::Oxa,O24,diagonal,9,10.5495664539
O24:Monoculture::Oxa,O24,diagonal,10,7.36200132599
O24:Monoculture::Oxa,O24,diagonal,11,8.41724684716
O24:Monoculture::Oxa,O24,diagonal,12,10.3327047483
O24:Monoculture::Oxa,O24,diagonal,13,7.67626831827
O24:Monoculture::Oxa,O24,diagonal,14,8.87957394473
O24:Monoculture::Oxa,O24,diagonal,15,16.4636281121
O24:Monoculture::Oxa,O24,diagonal,16,14.192506475
O24:Monoculture::Oxa,O24,diagonal,17,15.1625163707
O24:Monoculture::Oxa,O24,diagonal,18,10.0078045151
O24:Monoculture::Oxa,O24,diagonal,19,6.57524994861
O24:Monoculture::Oxa,O24,diagonal,20,8.77134460202
O24:Monoculture::Oxa,O24,diagonal,21,9.77446645491
O24:Monoculture::Oxa,O24,diagonal,22,6.43297839731
O24:Monoculture::Oxa,O24,diagonal,23,8.06870050361
O24:Monoculture::Oxa,O24,diagonal,24,16.4484074793
O24:Monoculture::Oxa,O24,diagonal,25,13.4450126558
O24:Monoculture::Oxa,O24,diagonal,26,14.6270190138
O24:Monoculture::Oxa,O24,diagonal,27,14.4806172107
O24:Monoculture::Oxa,O24,diagonal,28,13.5211353269
O24:Monoculture::Oxa,O24,diagonal,29,13.823830697
O24:Monoculture::Oxa,O24,diagonal,30,14.6229678537
O24:Monoculture::Oxa,O24,diagonal,31,13.6802064358
O24:Monoculture::Oxa,O24,diagonal,32,13.9842182207
O24:Monoculture::Oxa,O24,diagonal,33,19.4523801995
O24:Monoculture::Oxa,O24,diagonal,34,18.5618309505
O24:Monoculture::Oxa,O24,diagonal,35,18.864283412
O24:Monoculture::Oxa,O24,diagonal,36,9.98731415116
O24:Monoculture::Oxa,O24,diagonal,37,8.9842015446
O24:Monoculture::Oxa,O24,diagonal,38,9.09859895064
O24:Monoculture::Oxa,O24,diagonal,39,10.5503879779
O24:Monoculture::Oxa,O24,diagonal,40,9.75349669596
O24:Monoculture::Oxa,O24,diagonal,41,10.0173080763
O24:Monoculture::Oxa,O24,diagonal,42,16.4938350174
O24:Monoculture::Oxa,O24,diagonal,43,15.8297259099
O24:Monoculture::Oxa,O24,diagonal,44,16.1305523166
O24:Monoculture::Oxa,O24,diagonal,45,8.89101461629
O24:Monoculture::Oxa,O24,diagonal,46,7.91844744051
O24:Monoculture::Oxa,O24,diagonal,47,8.50027478174
O24:Monoculture::Oxa,O24,diagonal,48,8.57741587355
O24:Monoculture::Oxa,O24,diagonal,49,7.71927723192
O24:Monoculture::Oxa,O24,diagonal,50,8.26830089527
O24:Monoculture::Oxa,O24,diagonal,51,15.2233728378
O24:Monoculture::Oxa,O24,diagonal,52,14.3880008234
O24:Monoculture::Oxa,O24,diagonal,53,14.79693135
O25:Coculture:F25:Oxa,O25,joint,0,18.9562927138
O25:Coculture:F25:Oxa,O25,joint,1,16.3205200083
O25:Coculture:F25:Oxa,O25,joint,2,18.5990833584
O25:Coculture:F25:Oxa,O25,joint,3,12.2900132457
O25:Coculture:F25:Oxa,O25,joint,4,9.87280484304
O25:Coculture:F25:Oxa,O25,joint,5,11.9750262836
O25:Coculture:F25:Oxa,O25,joint,6,15.0075252449
O25:Coculture:F25:Oxa,O25,joint,7,13.2206575113
O25:Coculture:F25:Oxa,O25,joint,8,14.9493355138
O25:Coculture:F25:Oxa,O25,joint,9,21.2289271756
O25:Coculture:F25:Oxa,O25,joint,10,18.8675610015
O25:Coculture:F25:Oxa,O25,joint,11,20.7890394207
O25:Coculture:F25:Oxa,O25,joint,12,10.2871588124
O25:Coculture:F25:Oxa,O25,joint,13,8.2075401806
O25:Coculture:F25:Oxa,O25,joint,14,9.95784574471
O25:Coculture:F25:Oxa,O25,joint,15,12.9931783267
O25:Coculture:F25:Oxa,O25,joint,16,11.5967922277
O25:Coculture:F25:Oxa,O25,joint,17,13.2443825078
O25:Coculture:F25:Oxa,O25,joint,18,25.148821367
O25:Coculture:F25:Oxa,O25,joint,19,21.1901130385
O25:Coculture:F25:Oxa,O25,joint,20,22.9655735599
O25:Coculture:F25:Oxa,O25,joint,21,10.2704228862
O25:Coculture:F25:Oxa,O25,joint,22,7.93970738941
O25:Coculture:F25:Oxa,O25,joint,23,10.5815887504
O25:Coculture:F25:Oxa,O25,joint,24,12.387328406
O25:Coculture:F25:Oxa,O25,joint,25,10.9891979404
O25:Coculture:F25:Oxa,O25,joint,26,13.5765915578
O25:Coculture:F25:Oxa,O25,joint,27,20.6488784172
O25:Coculture:F25:Oxa,O25,joint,28,19.9765769781
O25:Coculture:F25:Oxa,O25,joint,29,20.5617353331
O25:Coculture:F25:Oxa,O25,joint,30,14.1486288783
O25:Coculture:F25:Oxa,O25,joint,31,13.4896857019
O25:Coculture:F25:Oxa,O25,joint,32,14.0593265394
O25:Coculture:F25:Oxa,O25,joint,33,17.0311142086
O25:Coculture:F25:Oxa,O25,joint,34,16.426812108
O25:Coculture:F25:Oxa,O25,joint,35,16.9523674681
O25:Coculture:F25:Oxa,O25,joint,36,19.6278782613
O25:Coculture:F25:Oxa,O25,joint,37,19.1081043724
O25:Coculture:F25:Oxa,O25,joint,38,19.7160923626
O25:Coculture:F25:Oxa,O25,joint,39,10.7227828084
O25:Coculture:F25:Oxa,O25,joint,40,10.1324412649
O25:Coculture:F25:Oxa,O25,joint,41,10.6128108697
O25:Coculture:F25:Oxa,O25,joint,42,13.7785640469
O25:Coculture:F25:Oxa,O25,joint,43,13.2586593889
O25:Coculture:F25:Oxa,O25,joint,44,13.69623578
O25:Coculture:F25:Oxa,O25,joint,45,21.5594601637
O25:Coculture:F25:Oxa,O25,joint,46,20.2351825985
O25:Coculture:F25:Oxa,O25,joint,47,20.4960422681
O25:Coculture:F25:Oxa,O25,joint,48,9.51425471344
O25:Coculture:F25:Oxa,O25,joint,49,8.52457763133
O25:Coculture:F25:Oxa,O25,joint,50,8.96844276168
O25:Coculture:F25:Oxa,O25,joint,51,12.4119111099
O25:Coculture:F25:Oxa,O25,joint,52,11.8292322357
O25:Coculture:F25:Oxa,O25,joint,53,12.4897025759
O25:Coculture:F25:Oxa,O25,diagonal,0,14.1866239787
O25:Coculture:F25:Oxa,O25,diagonal,1,11.0834798092
O25:Coculture:F25:Oxa,O25,diagonal,2,12.967428451
O25:Coculture:F25:Oxa,O25,diagonal,3,13.6862998848
O25:Coculture:F25:Oxa,O25,diagonal,4,10.6516237469
O25:Coculture:F25:Oxa,O25,diagonal,5,12.3889544508
O25:Coculture:F25:Oxa,O25,diagonal,6,18.5813434425
O25:Coculture:F25:Oxa,O25,diagonal,7,15.8795636668
O25:Coculture:F25:Oxa,O25,diagonal,8,17.326899383
O25:Coculture:F25:Oxa,O25,diagonal,9,13.9728950697
O25:Coculture:F25:Oxa,O25,diagonal,10,11.0852226072
O25:Coculture:F25:Oxa,O25,diagonal,11,12.4403607938
O25:Coculture:F25:Oxa,O25,diagonal,12,11.6692024448
O25:Coculture:F25:Oxa,O25,diagonal,13,9.05458394682
O25:Coculture:F25:Oxa,O25,diagonal,14,10.2997075053
O25:Coculture:F25:Oxa,O25,diagonal,15,16.8972431563
O25:Coculture:F25:Oxa,O25,diagonal,16,14.7990342928
O25:Coculture:F25:Oxa,O25,diagonal,17,15.941956962
O25:Coculture:F25:Oxa,O25,diagonal,18,18.4271415294
O25:Coculture:F25:Oxa,O25,diagonal,19,13.8859443565
O25:Coculture:F25:Oxa,O25,diagonal,20,14.9733964035
O25:Coculture:F25:Oxa,O25,diagonal,21,12.7274591386
O25:Coculture:F25:Oxa,O25,diagonal,22,9.48977502626
O25:Coculture:F25:Oxa,O25,diagonal,23,11.2293010778
O25:Coculture:F25:Oxa,O25,diagonal,24,17.2121255729
O25:Coculture:F25:Oxa,O25,diagonal,25,14.5234376175
O25:Coculture:F25:Oxa,O25,diagonal,26,16.0201508435
O25:Coculture:F25:Oxa,O25,diagonal,27,15.461332766
O25:Coculture:F25:Oxa,O25,diagonal,28,14.6845857295
O25:Coculture:F25:Oxa,O25,diagonal,29,15.1700159468
O25:Coculture:F25:Oxa,O25,diagonal,30,14.8898355283
O25:Coculture:F25:Oxa,O25,diagonal,31,14.1140494859
O25:Coculture:F25:Oxa,O25,diagonal,32,14.5850366463
O25:Coculture:F25:Oxa,O25,diagonal,33,19.5035869636
O25:Coculture:F25:Oxa,O25,diagonal,34,18.7449179291
O25:Coculture:F25:Oxa,O25,diagonal,35,19.1792506051
O25:Coculture:F25:Oxa,O25,diagonal,36,12.9569392391
O25:Coculture:F25:Oxa,O25,diagonal,37,12.2666353775
O25:Coculture:F25:Oxa,O25,diagonal,38,12.6938415285
O25:Coculture:F25:Oxa,O25,diagonal,39,11.4062201319
O25:Coculture:F25:Oxa,O25,diagonal,40,10.6843020163
O25:Coculture:F25:Oxa,O25,diagonal,41,11.0230865629
O25:Coculture:F25:Oxa,O25,diagonal,42,16.8279594416
O25:Coculture:F25:Oxa,O25,diagonal,43,16.1743048171
O25:Coculture:F25:Oxa,O25,diagonal,44,16.4855857067
O25:Coculture:F25:Oxa,O25,diagonal,45,13.6175524875
O25:Coculture:F25:Oxa,O25,diagonal,46,12.0858494063
O25:Coculture:F25:Oxa,O25,diagonal,47,12.1085408422
O25:Coculture:F25:Oxa,O25,diagonal,48,10.6822501271
O25:Coculture:F25:Oxa,O25,diagonal,49,9.54695083389
O25:Coculture:F25:Oxa,O25,diagonal,50,9.81881384565
O25:Coculture:F25:Oxa,O25,diagonal,51,15.9616210087
O25:Coculture:F25:Oxa,O25,diagonal,52,15.1521999806
O25:Coculture:F25:Oxa,O25,diagonal,53,15.5870814935
O25:Monoculture::Gef,O25,joint,0,18.8512111247
O25:Monoculture::Gef,O25,joint,1,15.6440644874
O25:Monoculture::Gef,O25,joint,2,17.3512483206
O25:Monoculture::Gef,O25,joint,3,13.2891860253
O25:Monoculture::Gef,O25,joint,4,10.3711700109
O25:Monoculture::Gef,O25,joint,5,11.9763530476
O25:Monoculture::Gef,O25,joint,6,16.0192498512
O25:Monoculture::Gef,O25,joint,7,13.8804105299
O25:Monoculture::Gef,O25,joint,8,15.3065168534
O25:Monoculture::Gef,O25,joint,9,29.2661800862
O25:Monoculture::Gef,O25,joint,10,23.5048358581
O25:Monoculture::Gef,O25,joint,11,22.0265902086
O25:Monoculture::Gef,O25,joint,12,16.4002296433
O25:Monoculture::Gef,O25,joint,13,12.2988930486
O25:Monoculture::Gef,O25,joint,14,12.0359354835
O25:Monoculture::Gef,O25,joint,15,15.9156018647
O25:Monoculture::Gef,O25,joint,16,13.59453188
O25:Monoculture::Gef,O25,joint,17,14.3551463327
O25:Monoculture::Gef,O25,joint,18,55.5504896057
O25:Monoculture::Gef,O25,joint,19,46.1551959352
O25:Monoculture::Gef,O25,joint,20,42.4963505519
O25:Monoculture::Gef,O25,joint,21,22.5716513729
O25:Monoculture::Gef,O25,joint,22,17.7628021239
O25:Monoculture::Gef,O25,joint,23,17.9464790829
O25:Monoculture::Gef,O25,joint,24,16.347430966
O25:Monoculture::Gef,O25,joint,25,14.0041894957
O25:Monoculture::Gef,O25,joint,26,15.6924183299
O25:Monoculture::Gef,O25,joint,27,19.4386742659
O25:Monoculture::Gef,O25,joint,28,18.6181917584
O25:Monoculture::Gef,O25,joint,29,19.0559084148
O25:Monoculture::Gef,O25,joint,30,14.1022505184
O25:Monoculture::Gef,O25,joint,31,13.300463859
O25:Monoculture::Gef,O25,joint,32,13.7272598173
O25:Monoculture::Gef,O25,joint,33,17.2546701249
O25:Monoculture::Gef,O25,joint,34,16.5251661213
O25:Monoculture::Gef,O25,joint,35,16.9264618805
O25:Monoculture::Gef,O25,joint,36,20.0743504149
O25:Monoculture::Gef,O25,joint,37,18.403681272
O25:Monoculture::Gef,O25,joint,38,17.8633007023
O25:Monoculture::Gef,O25,joint,39,12.7157982336
O25:Monoculture::Gef,O25,joint,40,11.2754621766
O25:Monoculture::Gef,O25,joint,41,10.9059007642
O25:Monoculture::Gef,O25,joint,42,15.3037585296
O25:Monoculture::Gef,O25,joint,43,14.2784243809
O25:Monoculture::Gef,O25,joint,44,14.2126849897
O25:Monoculture::Gef,O25,joint,45,34.7894169591
O25:Monoculture::Gef,O25,joint,46,31.0723479067
O25:Monoculture::Gef,O25,joint,47,28.9391676117
O25:Monoculture::Gef,O25,joint,48,17.1251115429
O25:Monoculture::Gef,O25,joint,49,14.7762881253
O25:Monoculture::Gef,O25,joint,50,13.8615767794
O25:Monoculture::Gef,O25,joint,51,15.5027678098
O25:Monoculture::Gef,O25,joint,52,14.3005554975
O25:Monoculture::Gef,O25,joint,53,14.3464747373
O25:Monoculture::Gef,O25,diagonal,0,14.3066616921
O25:Monoculture::Gef,O25,diagonal,1,10.8629687578
O25:Monoculture::Gef,O25,diagonal,2,12.4092681001
O25:Monoculture::Gef,O25,diagonal,3,14.2857040853
O25:Monoculture::Gef,O25,diagonal,4,11.1095287604
O25:Monoculture::Gef,O25,diagonal,5,12.7060092128
O25:Monoculture::Gef,O25,diagonal,6,18.7662069239
O25:Monoculture::Gef,O25,diagonal,7,16.2571002448
O25:Monoculture::Gef,O25,diagonal,8,17.8971883845
O25:Monoculture::Gef,O25,diagonal,9,20.7471763296
O25:Monoculture::Gef,O25,diagonal,10,15.3499427182
O25:Monoculture::Gef,O25,diagonal,11,14.1999814537
O25:Monoculture::Gef,O25,diagonal,12,15.5090384802
O25:Monoculture::Gef,O25,diagonal,13,11.7052336227
O25:Monoculture::Gef,O25,diagonal,14,11.760976084
O25:Monoculture::Gef,O25,diagonal,15,18.0819476348
O25:Monoculture::Gef,O25,diagonal,16,15.7496591829
O25:Monoculture::Gef,O25,diagonal,17,16.6605259761
O25:Monoculture::Gef,O25,diagonal,18,36.8319336622
O25:Monoculture::Gef,O25,diagonal,19,28.8395498546
O25:Monoculture::Gef,O25,diagonal,20,26.4756716612
O25:Monoculture::Gef,O25,diagonal,21,18.2757817264
O25:Monoculture::Gef,O25,diagonal,22,13.9729773887
O25:Monoculture::Gef,O25,diagonal,23,14.6488733867
O25:Monoculture::Gef,O25,diagonal,24,17.9640005518
O25:Monoculture::Gef,O25,diagonal,25,15.466666465
O25:Monoculture::Gef,O25,diagonal,26,17.160666671
O25:Monoculture::Gef,O25,diagonal,27,14.7365555107
O25:Monoculture::Gef,O25,diagonal,28,13.8571284012
O25:Monoculture::Gef,O25,diagonal,29,14.2409036547
O25:Monoculture::Gef,O25,diagonal,30,14.8868161683
O25:Monoculture::Gef,O25,diagonal,31,14.0258929347
O25:Monoculture::Gef,O25,diagonal,32,14.4124677703
O25:Monoculture::Gef,O25,diagonal,33,19.603803156
O25:Monoculture::Gef,O25,diagonal,34,18.8097593247
O25:Monoculture::Gef,O25,diagonal,35,19.2088794378
O25:Monoculture::Gef,O25,diagonal,36,14.1406884745
O25:Monoculture::Gef,O25,diagonal,37,12.4816607038
O25:Monoculture::Gef,O25,diagonal,38,11.9435123334
O25:Monoculture::Gef,O25,diagonal,39,13.0508873522
O25:Monoculture::Gef,O25,diagonal,40,11.7015789494
O25:Monoculture::Gef,O25,diagonal,41,11.4140886333
O25:Monoculture::Gef,O25,diagonal,42,17.7502214154
O25:Monoculture::Gef,O25,diagonal,43,16.799270201
O25:Monoculture::Gef,O25,diagonal,44,16.8132058163
O25:Monoculture::Gef,O25,diagonal,45,23.2245593981
O25:Monoculture::Gef,O25,diagonal,46,19.9487314415
O25:Monoculture::Gef,O25,diagonal,47,18.2277040627
O25:Monoculture::Gef,O25,diagonal,48,15.2563907402
O25:Monoculture::Gef,O25,diagonal,49,13.2582947883
O25:Monoculture::Gef,O25,diagonal,50,12.6673252399
O25:Monoculture::Gef,O25,diagonal,51,17.3304762413
O25:Monoculture::Gef,O25,diagonal,52,16.2547751568
O25:Monoculture::Gef,O25,diagonal,53,16.4237491564
O25:Monoculture::Oxa,O25,joint,0,8.97364187013
O25:Monoculture::Oxa,O25,joint,1,5.68232375448
O25:Monoculture::Oxa,O25,joint,2,7.30534169444
O25:Monoculture::Oxa,O25,joint,3,9.99454306482
O25:Monoculture::Oxa,O25,joint,4,7.03140220211
O25:Monoculture::Oxa,O25,joint,5,8.58769118266
O25:Monoculture::Oxa,O25,joint,6,14.7293154484
O25:Monoculture::Oxa,O25,joint,7,12.5606559714
O25:Monoculture::Oxa,O25,joint,8,13.9075422303
O25:Monoculture::Oxa,O25,joint,9,6.06016940982
O25:Monoculture::Oxa,O25,joint,10,3.51155811188
O25:Monoculture::Oxa,O25,joint,11,5.24579140729
O25:Monoculture::Oxa,O25,joint,12,7.2688925398
O25:Monoculture::Oxa,O25,joint,13,4.8993124699
O25:Monoculture::Oxa,O25,joint,14,6.35965659587
O25:Monoculture::Oxa,O25,joint,15,12.7285400486
O25:Monoculture::Oxa,O25,joint,16,11.117290451
O25:Monoculture::Oxa,O25,joint,17,12.5500172324
O25:Monoculture::Oxa,O25,joint,18,14.7703672931
O25:Monoculture::Oxa,O25,joint,19,10.3335150253
O25:Monoculture::Oxa,O25,joint,20,11.6308316073
O25:Monoculture::Oxa,O25,joint,21,9.24722938315
O25:Monoculture::Oxa,O25,joint,22,6.72968589216
O25:Monoculture::Oxa,O25,joint,23,9.18473925888
O25:Monoculture::Oxa,O25,joint,24,12.59611203
O25:Monoculture::Oxa,O25,joint,25,11.1350001541
O25:Monoculture::Oxa,O25,joint,26,13.6594123612
O25:Monoculture::Oxa,O25,joint,27,10.5920516947
O25:Monoculture::Oxa,O25,joint,28,9.7439739663
O25:Monoculture::Oxa,O25,joint,29,10.153356032
O25:Monoculture::Oxa,O25,joint,30,11.6529661674
O25:Monoculture::Oxa,O25,joint,31,10.8301366385
O25:Monoculture::Oxa,O25,joint,32,11.2358911234
O25:Monoculture::Oxa,O25,joint,33,16.4572466634
O25:Monoculture::Oxa,O25,joint,34,15.7164614477
O25:Monoculture::Oxa,O25,joint,35,16.1055336929
O25:Monoculture::Oxa,O25,joint,36,5.2126253213
O25:Monoculture::Oxa,O25,joint,37,4.59624154736
O25:Monoculture::Oxa,O25,joint,38,5.10761965247
O25:Monoculture::Oxa,O25,joint,39,6.93059336697
O25:Monoculture::Oxa,O25,joint,40,6.29344054248
O25:Monoculture::Oxa,O25,joint,41,6.72699886633
O25:Monoculture::Oxa,O25,joint,42,13.0239974787
O25:Monoculture::Oxa,O25,joint,43,12.4316024613
O25:Monoculture::Oxa,O25,joint,44,12.7966884928
O25:Monoculture::Oxa,O25,joint,45,7.28207446995
O25:Monoculture::Oxa,O25,joint,46,5.88174885448
O25:Monoculture::Oxa,O25,joint,47,6.0665604739
O25:Monoculture::Oxa,O25,joint,48,6.91964119498
O25:Monoculture::Oxa,O25,joint,49,5.81042812803
O25:Monoculture::Oxa,O25,joint,50,6.13475727353
O25:Monoculture::Oxa,O25,joint,51,12.1561127341
O25:Monoculture::Oxa,O25,joint,52,11.5267268614
O25:Monoculture::Oxa,O25,joint,53,12.140490203
O25:Monoculture::Oxa,O25,diagonal,0,8.74474574887
O25:Monoculture::Oxa,O25,diagonal,1,5.25191002721
O25:Monoculture::Oxa,O25,diagonal,2,6.74616711675
O25:Monoculture::Oxa,O25,diagonal,3,12.5132351462
O25:Monoculture::Oxa,O25,diagonal,4,9.13616242589
O25:Monoculture::Oxa,O25,diagonal,5,10.5310965474
O25:Monoculture::Oxa,O25,diagonal,6,18.6441251038
O25:Monoculture::Oxa,O25,diagonal,7,15.6307749108
O25:Monoculture::Oxa,O25,diagonal,8,16.7665402095
O25:Monoculture::Oxa,O25,diagonal,9,5.8559184019
O25:Monoculture::Oxa,O25,diagonal,10,3.00470927221
O25:Monoculture::Oxa,O25,diagonal,11,4.39631079163
O25:Monoculture::Oxa,O25,diagonal,12,10.1631196373
O25:Monoculture::Oxa,O25,diagonal,13,7.44135433555
O25:Monoculture::Oxa,O25,diagonal,14,8.57933109023
O25:Monoculture::Oxa,O25,diagonal,15,16.9553982317
O25:Monoculture::Oxa,O25,diagonal,16,14.6956627408
O25:Monoculture::Oxa,O25,diagonal,17,15.6770587826
O25:Monoculture::Oxa,O25,diagonal,18,13.2892995669
O25:Monoculture::Oxa,O25,diagonal,19,8.67075712165
O25:Monoculture::Oxa,O25,diagonal,20,9.6808638963
O25:Monoculture::Oxa,O25,diagonal,21,12.8258036524
O25:Monoculture::Oxa,O25,diagonal,22,9.45088582683
O25:Monoculture::Oxa,O25,diagonal,23,11.0531781652
O25:Monoculture::Oxa,O25,diagonal,24,17.9446249212
O25:Monoculture::Oxa,O25,diagonal,25,14.9854041299
O25:Monoculture::Oxa,O25,diagonal,26,16.21158452
O25:Monoculture::Oxa,O25,diagonal,27,10.0642070257
O25:Monoculture::Oxa,O25,diagonal,28,9.1821764166
O25:Monoculture::Oxa,O25,diagonal,29,9.56232306143
O25:Monoculture::Oxa,O25,diagonal,30,13.5293659708
O25:Monoculture::Oxa,O25,diagonal,31,12.6561570404
O25:Monoculture::Oxa,O25,diagonal,32,13.0297213128
O25:Monoculture::Oxa,O25,diagonal,33,19.210320779
O25:Monoculture::Oxa,O25,diagonal,34,18.3660525989
O25:Monoculture::Oxa,O25,diagonal,35,18.7147861293
O25:Monoculture::Oxa,O25,diagonal,36,4.89869969467
O25:Monoculture::Oxa,O25,diagonal,37,4.22893223522
O25:Monoculture::Oxa,O25,diagonal,38,4.67667478836
O25:Monoculture::Oxa,O25,diagonal,39,9.37697596494
O25:Monoculture::Oxa,O25,diagonal,40,8.66417368252
O25:Monoculture::Oxa,O25,diagonal,41,9.01207406237
O25:Monoculture::Oxa,O25,diagonal,42,16.4514387397
O25:Monoculture::Oxa,O25,diagonal,43,15.7709974143
O25:Monoculture::Oxa,O25,diagonal,44,16.0554916029
O25:Monoculture::Oxa,O25,diagonal,45,6.1292040564
O25:Monoculture::Oxa,O25,diagonal,46,4.62103488333
O25:Monoculture::Oxa,O25,diagonal,47,4.66726022727
O25:Monoculture::Oxa,O25,diagonal,48,9.3977896365
O25:Monoculture::Oxa,O25,diagonal,49,8.24315402518
O25:Monoculture::Oxa,O25,diagonal,50,8.49568071884
O25:Monoculture::Oxa,O25,diagonal,51,15.9862071372
O25:Monoculture::Oxa,O25,diagonal,52,15.1424776808
O25:Monoculture::Oxa,O25,diagonal,53,15.5430507654
O26:Coculture:F26:5-FU,O26,joint,0,9.27866935731
O26:Coculture:F26:5-FU,O26,joint,1,8.40201892575
O26:Coculture:F26:5-FU,O26,joint,2,12.4397045498
O26:Coculture:F26:5-FU,O26,joint,3,8.42174708119
O26:Coculture:F26:5-FU,O26,joint,4,7.57365084974
O26:Coculture:F26:5-FU,O26,joint,5,11.2449844615
O26:Coculture:F26:5-FU,O26,joint,6,13.3050300195
O26:Coculture:F26:5-FU,O26,joint,7,12.5634556329
O26:Coculture:F26:5-FU,O26,joint,8,15.3374269822
O26:Coculture:F26:5-FU,O26,joint,9,6.31358759339
O26:Coculture:F26:5-FU,O26,joint,10,5.96949499001
O26:Coculture:F26:5-FU,O26,joint,11,9.90824697999
O26:Coculture:F26:5-FU,O26,joint,12,5.46307647389
O26:Coculture:F26:5-FU,O26,joint,13,5.00451778281
O26:Coculture:F26:5-FU,O26,joint,14,8.37588328761
O26:Coculture:F26:5-FU,O26,joint,15,11.3867971328
O26:Coculture:F26:5-FU,O26,joint,16,10.817552412
O26:Coculture:F26:5-FU,O26,joint,17,13.2922840702
O26:Coculture:F26:5-FU,O26,joint,18,7.67029273667
O26:Coculture:F26:5-FU,O26,joint,19,8.08420240252
O26:Coculture:F26:5-FU,O26,joint,20,14.2322809182
O26:Coculture:F26:5-FU,O26,joint,21,5.05274092027
O26:Coculture:F26:5-FU,O26,joint,22,4.53119321541
O26:Coculture:F26:5-FU,O26,joint,23,8.98224236825
O26:Coculture:F26:5-FU,O26,joint,24,10.9666406994
O26:Coculture:F26:5-FU,O26,joint,25,10.092306437
O26:Coculture:F26:5-FU,O26,joint,26,13.2034962574
O26:Coculture:F26:5-FU,O26,joint,27,12.8385535117
O26:Coculture:F26:5-FU,O26,joint,28,12.6177162905
O26:Coculture:F26:5-FU,O26,joint,29,13.6543388634
O26:Coculture:F26:5-FU,O26,joint,30,11.7292230392
O26:Coculture:F26:5-FU,O26,joint,31,11.5100604313
O26:Coculture:F26:5-FU,O26,joint,32,12.5194818373
O26:Coculture:F26:5-FU,O26,joint,33,16.0640476675
O26:Coculture:F26:5-FU,O26,joint,34,15.8520236096
O26:Coculture:F26:5-FU,O26,joint,35,16.7698570126
O26:Coculture:F26:5-FU,O26,joint,36,7.56335587002
O26:Coculture:F26:5-FU,O26,joint,37,7.47912777693
O26:Coculture:F26:5-FU,O26,joint,38,8.52266156289
O26:Coculture:F26:5-FU,O26,joint,39,6.99394791286
O26:Coculture:F26:5-FU,O26,joint,40,6.90792476201
O26:Coculture:F26:5-FU,O26,joint,41,7.89261275951
O26:Coculture:F26:5-FU,O26,joint,42,12.5725434623
O26:Coculture:F26:5-FU,O26,joint,43,12.4579037895
O26:Coculture:F26:5-FU,O26,joint,44,13.3007451657
O26:Coculture:F26:5-FU,O26,joint,45,6.74648502225
O26:Coculture:F26:5-FU,O26,joint,46,7.05848228619
O26:Coculture:F26:5-FU,O26,joint,47,8.95561678502
O26:Coculture:F26:5-FU,O26,joint,48,5.14462255587
O26:Coculture:F26:5-FU,O26,joint,49,5.24809997233
O26:Coculture:F26:5-FU,O26,joint,50,6.78511960124
O26:Coculture:F26:5-FU,O26,joint,51,11.1074906184
O26:Coculture:F26:5-FU,O26,joint,52,10.9771036922
O26:Coculture:F26:5-FU,O26,joint,53,12.0898659804
O26:Coculture:F26:5-FU,O26,diagonal,0,7.74347381159
O26:Coculture:F26:5-FU,O26,diagonal,1,7.43138179409
O26:Coculture:F26:5-FU,O26,diagonal,2,12.1063825878
O26:Coculture:F26:5-FU,O26,diagonal,3,10.0258329647
O26:Coculture:F26:5-FU,O26,diagonal,4,9.73353919898
O26:Coculture:F26:5-FU,O26,diagonal,5,14.2132522751
O26:Coculture:F26:5-FU,O26,diagonal,6,16.0356904383
O26:Coculture:F26:5-FU,O26,diagonal,7,15.7745581034
O26:Coculture:F26:5-FU,O26,diagonal,8,19.6625412602
O26:Coculture:F26:5-FU,O26,diagonal,9,5.3904305545
O26:Coculture:F26:5-FU,O26,diagonal,10,5.70122763401
O26:Coculture:F26:5-FU,O26,diagonal,11,10.2548353626
O26:Coculture:F26:5-FU,O26,diagonal,12,7.7869501424
O26:Coculture:F26:5-FU,O26,diagonal,13,7.96978178414
O26:Coculture:F26:5-FU,O26,diagonal,14,12.0123554823
O26:Coculture:F26:5-FU,O26,diagonal,15,14.6330245981
O26:Coculture:F26:5-FU,O26,diagonal,16,14.5923143023
O26:Coculture:F26:5-FU,O26,diagonal,17,17.7927355392
O26:Coculture:F26:5-FU,O26,diagonal,18,7.29608110754
O26:Coculture:F26:5-FU,O26,diagonal,19,8.65443540099
O26:Coculture:F26:5-FU,O26,diagonal,20,15.6414389144
O26:Coculture:F26:5-FU,O26,diagonal,21,7.48379845864
O26:Coculture:F26:5-FU,O26,diagonal,22,7.69134797513
O26:Coculture:F26:5-FU,O26,diagonal,23,12.8761076555
O26:Coculture:F26:5-FU,O26,diagonal,24,14.1654449155
O26:Coculture:F26:5-FU,O26,diagonal,25,13.9717680733
O26:Coculture:F26:5-FU,O26,diagonal,26,17.9634924125
O26:Coculture:F26:5-FU,O26,diagonal,27,11.3764615011
O26:Coculture:F26:5-FU,O26,diagonal,28,11.2964389671
O26:Coculture:F26:5-FU,O26,diagonal,29,12.478593687
O26:Coculture:F26:5-FU,O26,diagonal,30,13.2790479865
O26:Coculture:F26:5-FU,O26,diagonal,31,13.2010249821
O26:Coculture:F26:5-FU,O26,diagonal,32,14.3697751805
O26:Coculture:F26:5-FU,O26,diagonal,33,18.5884702336
O26:Coculture:F26:5-FU,O26,diagonal,34,18.5153967922
O26:Coculture:F26:5-FU,O26,diagonal,35,19.6353250612
O26:Coculture:F26:5-FU,O26,diagonal,36,6.62079895843
O26:Coculture:F26:5-FU,O26,diagonal,37,6.70558340712
O26:Coculture:F26:5-FU,O26,diagonal,38,7.9078778684
O26:Coculture:F26:5-FU,O26,diagonal,39,9.26060400309
O26:Coculture:F26:5-FU,O26,diagonal,40,9.33830327297
O26:Coculture:F26:5-FU,O26,diagonal,41,10.4767052051
O26:Coculture:F26:5-FU,O26,diagonal,42,15.857396366
O26:Coculture:F26:5-FU,O26,diagonal,43,15.9031042764
O26:Coculture:F26:5-FU,O26,diagonal,44,16.913747701
O26:Coculture:F26:5-FU,O26,diagonal,45,6.2914073237
O26:Coculture:F26:5-FU,O26,diagonal,46,6.95046830845
O26:Coculture:F26:5-FU,O26,diagonal,47,9.16392381021
O26:Coculture:F26:5-FU,O26,diagonal,48,7.89948502165
O26:Coculture:F26:5-FU,O26,diagonal,49,8.23907359502
O26:Coculture:F26:5-FU,O26,diagonal,50,9.98582447336
O26:Coculture:F26:5-FU,O26,diagonal,51,14.6507058387
O26:Coculture:F26:5-FU,O26,diagonal,52,14.7025932179
O26:Coculture:F26:5-FU,O26,diagonal,53,15.998783138
O26:Coculture:F26:Oxa,O26,joint,0,17.5814785236
O26:Coculture:F26:Oxa,O26,joint,1,12.5606213332
O26:Coculture:F26:Oxa,O26,joint,2,12.4541001985
O26:Coculture:F26:Oxa,O26,joint,3,13.5075457334
O26:Coculture:F26:Oxa,O26,joint,4,8.91706362817
O26:Coculture:F26:Oxa,O26,joint,5,8.84601136621
O26:Coculture:F26:Oxa,O26,joint,6,16.6740983913
O26:Coculture:F26:Oxa,O26,joint,7,13.0930108064
O26:Coculture:F26:Oxa,O26,joint,8,13.0274689574
O26:Coculture:F26:Oxa,O26,joint,9,14.1383555175
O26:Coculture:F26:Oxa,O26,joint,10,9.59724934057
O26:Coculture:F26:Oxa,O26,joint,11,9.33898775698
O26:Coculture:F26:Oxa,O26,joint,12,9.88632567645
O26:Coculture:F26:Oxa,O26,joint,13,5.78189699361
O26:Coculture:F26:Oxa,O26,joint,14,5.50739250664
O26:Coculture:F26:Oxa,O26,joint,15,14.4643644644
O26:Coculture:F26:Oxa,O26,joint,16,11.1786131084
O26:Coculture:F26:Oxa,O26,joint,17,10.9368381315
O26:Coculture:F26:Oxa,O26,joint,18,14.8598366198
O26:Coculture:F26:Oxa,O26,joint,19,8.32112334683
O26:Coculture:F26:Oxa,O26,joint,20,7.51657892362
O26:Coculture:F26:Oxa,O26,joint,21,10.487208041
O26:Coculture:F26:Oxa,O26,joint,22,4.83830755545
O26:Coculture:F26:Oxa,O26,joint,23,4.16200392756
O26:Coculture:F26:Oxa,O26,joint,24,15.0703259548
O26:Coculture:F26:Oxa,O26,joint,25,10.6232504362
O26:Coculture:F26:Oxa,O26,joint,26,10.1616990006
O26:Coculture:F26:Oxa,O26,joint,27,17.6195339082
O26:Coculture:F26:Oxa,O26,joint,28,16.3303255138
O26:Coculture:F26:Oxa,O26,joint,29,16.2985769134
O26:Coculture:F26:Oxa,O26,joint,30,13.8049253307
O26:Coculture:F26:Oxa,O26,joint,31,12.5497110331
O26:Coculture:F26:Oxa,O26,joint,32,12.5230807495
O26:Coculture:F26:Oxa,O26,joint,33,17.3354973305
O26:Coculture:F26:Oxa,O26,joint,34,16.1878768042
O26:Coculture:F26:Oxa,O26,joint,35,16.1701137387
O26:Coculture:F26:Oxa,O26,joint,36,12.9426372276
O26:Coculture:F26:Oxa,O26,joint,37,11.7319446481
O26:Coculture:F26:Oxa,O26,joint,38,11.6490139476
O26:Coculture:F26:Oxa,O26,joint,39,8.95013989389
O26:Coculture:F26:Oxa,O26,joint,40,7.81486334965
O26:Coculture:F26:Oxa,O26,joint,41,7.75029795375
O26:Coculture:F26:Oxa,O26,joint,42,13.6783557629
O26:Coculture:F26:Oxa,O26,joint,43,12.6522485922
O26:Coculture:F26:Oxa,O26,joint,44,12.5836224705
O26:Coculture:F26:Oxa,O26,joint,45,10.6739451295
O26:Coculture:F26:Oxa,O26,joint,46,8.90186185702
O26:Coculture:F26:Oxa,O26,joint,47,8.71491581945
O26:Coculture:F26:Oxa,O26,joint,48,6.94200852665
O26:Coculture:F26:Oxa,O26,joint,49,5.3073302084
O26:Coculture:F26:Oxa,O26,joint,50,5.1061941026
O26:Coculture:F26:Oxa,O26,joint,51,12.4661073986
O26:Coculture:F26:Oxa,O26,joint,52,11.0538822772
O26:Coculture:F26:Oxa,O26,joint,53,10.8848063702
O26:Coculture:F26:Oxa,O26,diagonal,0,15.5226052839
O26:Coculture:F26:Oxa,O26,diagonal,1,9.8568790513
O26:Coculture:F26:Oxa,O26,diagonal,2,9.1782456299
O26:Coculture:F26:Oxa,O26,diagonal,3,16.0256475256
O26:Coculture:F26:Oxa,O26,diagonal,4,10.6208910105
O26:Coculture:F26:Oxa,O26,diagonal,5,9.98814133736
O26:Coculture:F26:Oxa,O26,diagonal,6,20.8835635722
O26:Coculture:F26:Oxa,O26,diagonal,7,16.2042987233
O26:Coculture:F26:Oxa,O26,diagonal,8,15.6741493661
O26:Coculture:F26:Oxa,O26,diagonal,9,11.8000270326
O26:Coculture:F26:Oxa,O26,diagonal,10,6.71133004278
O26:Coculture:F26:Oxa,O26,diagonal,11,5.86544370207
O26:Coculture:F26:Oxa,O26,diagonal,12,12.5911705287
O26:Coculture:F26:Oxa,O26,diagonal,13,7.97815271797
O26:Coculture:F26:Oxa,O26,diagonal,14,7.22487696366
O26:Coculture:F26:Oxa,O26,diagonal,15,18.4847441962
O26:Coculture:F26:Oxa,O26,diagonal,16,14.702402249
O26:Coculture:F26:Oxa,O26,diagonal,17,14.1611918346
O26:Coculture:F26:Oxa,O26,diagonal,18,12.8906864207
O26:Coculture:F26:Oxa,O26,diagonal,19,5.69057056207
O26:Coculture:F26:Oxa,O26,diagonal,20,4.11910392336
O26:Coculture:F26:Oxa,O26,diagonal,21,13.0012230471
O26:Coculture:F26:Oxa,O26,diagonal,22,7.00622570181
O26:Coculture:F26:Oxa,O26,diagonal,23,5.98843852046
O26:Coculture:F26:Oxa,O26,diagonal,24,18.8875848847
O26:Coculture:F26:Oxa,O26,diagonal,25,14.0956709362
O26:Coculture:F26:Oxa,O26,diagonal,26,13.489158169
O26:Coculture:F26:Oxa,O26,diagonal,27,14.7173575245
O26:Coculture:F26:Oxa,O26,diagonal,28,13.2804761887
O26:Coculture:F26:Oxa,O26,diagonal,29,13.1057721068
O26:Coculture:F26:Oxa,O26,diagonal,30,15.2238308546
O26:Coculture:F26:Oxa,O26,diagonal,31,13.8073992964
O26:Coculture:F26:Oxa,O26,diagonal,32,13.6377409411
O26:Coculture:F26:Oxa,O26,diagonal,33,20.0884238738
O26:Coculture:F26:Oxa,O26,diagonal,34,18.737234745
O26:Coculture:F26:Oxa,O26,diagonal,35,18.5790473268
O26:Coculture:F26:Oxa,O26,diagonal,36,9.97225842323
O26:Coculture:F26:Oxa,O26,diagonal,37,8.62875688296
O26:Coculture:F26:Oxa,O26,diagonal,38,8.40276535529
O26:Coculture:F26:Oxa,O26,diagonal,39,10.8630031226
O26:Coculture:F26:Oxa,O26,diagonal,40,9.59082887516
O26:Coculture:F26:Oxa,O26,diagonal,41,9.37935728998
O26:Coculture:F26:Oxa,O26,diagonal,42,17.0584514626
O26:Coculture:F26:Oxa,O26,diagonal,43,15.9051970099
O26:Coculture:F26:Oxa,O26,diagonal,44,15.7168780713
O26:Coculture:F26:Oxa,O26,diagonal,45,8.05541951952
O26:Coculture:F26:Oxa,O26,diagonal,46,5.99851851703
O26:Coculture:F26:Oxa,O26,diagonal,47,5.49601203155
O26:Coculture:F26:Oxa,O26,diagonal,48,9.29813634994
O26:Coculture:F26:Oxa,O26,diagonal,49,7.49810738528
O26:Coculture:F26:Oxa,O26,diagonal,50,7.10524072561
O26:Coculture:F26:Oxa,O26,diagonal,51,16.0300619858
O26:Coculture:F26:Oxa,O26,diagonal,52,14.5313126495
O26:Coculture:F26:Oxa,O26,diagonal,53,14.2768658542
O26:Coculture:F26:SN-38,O26,joint,0,7.00413847172
O26:Coculture:F26:SN-38,O26,joint,1,4.46035912381
O26:Coculture:F26:SN-38,O26,joint,2,6.83494707564
O26:Coculture:F26:SN-38,O26,joint,3,9.70032561192
O26:Coculture:F26:SN-38,O26,joint,4,7.24598945684
O26:Coculture:F26:SN-38,O26,joint,5,9.31332322666
O26:Coculture:F26:SN-38,O26,joint,6,15.2119026709
O26:Coculture:F26:SN-38,O26,joint,7,13.0703100003
O26:Coculture:F26:SN-38,O26,joint,8,14.4293902716
O26:Coculture:F26:SN-38,O26,joint,9,8.43604387026
O26:Coculture:F26:SN-38,O26,joint,10,6.91728696603
O26:Coculture:F26:SN-38,O26,joint,11,9.68175412445
O26:Coculture:F26:SN-38,O26,joint,12,9.52529148033
O26:Coculture:F26:SN-38,O26,joint,13,7.45892420984
O26:Coculture:F26:SN-38,O26,joint,14,9.22190941536
O26:Coculture:F26:SN-38,O26,joint,15,14.9049832901
O26:Coculture:F26:SN-38,O26,joint,16,12.6434725513
O26:Coculture:F26:SN-38,O26,joint,17,13.4087587921
O26:Coculture:F26:SN-38,O26,joint,18,30.7505572923
O26:Coculture:F26:SN-38,O26,joint,19,28.1632035671
O26:Coculture:F26:SN-38,O26,joint,20,31.3155630208
O26:Coculture:F26:SN-38,O26,joint,21,18.8937265617
O26:Coculture:F26:SN-38,O26,joint,22,14.692161544
O26:Coculture:F26:SN-38,O26,joint,23,15.4581310947
O26:Coculture:F26:SN-38,O26,joint,24,18.6391587773
O26:Coculture:F26:SN-38,O26,joint,25,14.6511382686
O26:Coculture:F26:SN-38,O26,joint,26,14.6199621155
O26:Coculture:F26:SN-38,O26,joint,27,8.5932937614
O26:Coculture:F26:SN-38,O26,joint,28,7.95226362506
O26:Coculture:F26:SN-38,O26,joint,29,8.56954455888
O26:Coculture:F26:SN-38,O26,joint,30,11.1377585382
O26:Coculture:F26:SN-38,O26,joint,31,10.5018137012
O26:Coculture:F26:SN-38,O26,joint,32,11.0954606891
O26:Coculture:F26:SN-38,O26,joint,33,16.367113359
O26:Coculture:F26:SN-38,O26,joint,34,15.7535293202
O26:Coculture:F26:SN-38,O26,joint,35,16.2703627627
O26:Coculture:F26:SN-38,O26,joint,36,4.86811431464
O26:Coculture:F26:SN-38,O26,joint,37,4.60891232464
O26:Coculture:F26:SN-38,O26,joint,38,5.4773392674
O26:Coculture:F26:SN-38,O26,joint,39,7.51598097694
O26:Coculture:F26:SN-38,O26,joint,40,7.13629175088
O26:Coculture:F26:SN-38,O26,joint,41,7.82740854049
O26:Coculture:F26:SN-38,O26,joint,42,13.5879246289
O26:Coculture:F26:SN-38,O26,joint,43,13.0713328113
O26:Coculture:F26:SN-38,O26,joint,44,13.5120791127
O26:Coculture:F26:SN-38,O26,joint,45,15.5618169354
O26:Coculture:F26:SN-38,O26,joint,46,15.6293832381
O26:Coculture:F26:SN-38,O26,joint,47,17.2825378535
O26:Coculture:F26:SN-38,O26,joint,48,10.9121147369
O26:Coculture:F26:SN-38,O26,joint,49,10.2652763056
O26:Coculture:F26:SN-38,O26,joint,50,11.0533661691
O26:Coculture:F26:SN-38,O26,joint,51,14.5611292325
O26:Coculture:F26:SN-38,O26,joint,52,13.5107379781
O26:Coculture:F26:SN-38,O26,joint,53,13.7022303658
O26:Coculture:F26:SN-38,O26,diagonal,0,8.32908877483
O26:Coculture:F26:SN-38,O26,diagonal,1,5.29474352862
O26:Coculture:F26:SN-38,O26,diagonal,2,7.24934457691
O26:Coculture:F26:SN-38,O26,diagonal,3,12.4401477177
O26:Coculture:F26:SN-38,O26,diagonal,4,9.50204128864
O26:Coculture:F26:SN-38,O26,diagonal,5,11.3372169265
O26:Coculture:F26:SN-38,O26,diagonal,6,18.5642758293
O26:Coculture:F26:SN-38,O26,diagonal,7,15.9713643278
O26:Coculture:F26:SN-38,O26,diagonal,8,17.5352402662
O26:Coculture:F26:SN-38,O26,diagonal,9,8.44186087375
O26:Coculture:F26:SN-38,O26,diagonal,10,6.26348779598
O26:Coculture:F26:SN-38,O26,diagonal,11,8.3229904421
O26:Coculture:F26:SN-38,O26,diagonal,12,11.7391571291
O26:Coculture:F26:SN-38,O26,diagonal,13,9.17109496759
O26:Coculture:F26:SN-38,O26,diagonal,14,10.459472017
O26:Coculture:F26:SN-38,O26,diagonal,15,17.8660811107
O26:Coculture:F26:SN-38,O26,diagonal,16,15.5242561375
O26:Coculture:F26:SN-38,O26,diagonal,17,16.4243213458
O26:Coculture:F26:SN-38,O26,diagonal,18,22.0775177734
O26:Coculture:F26:SN-38,O26,diagonal,19,18.3195085573
O26:Coculture:F26:SN-38,O26,diagonal,20,20.1828670827
O26:Coculture:F26:SN-38,O26,diagonal,21,17.3891955747
O26:Coculture:F26:SN-38,O26,diagonal,22,13.4376242568
O26:Coculture:F26:SN-38,O26,diagonal,23,14.4608769724
O26:Coculture:F26:SN-38,O26,diagonal,24,19.4870442813
O26:Coculture:F26:SN-38,O26,diagonal,25,16.5373166512
O26:Coculture:F26:SN-38,O26,diagonal,26,17.7814692079
O26:Coculture:F26:SN-38,O26,diagonal,27,9.57480862918
O26:Coculture:F26:SN-38,O26,diagonal,28,8.81033623215
O26:Coculture:F26:SN-38,O26,diagonal,29,9.30870118814
O26:Coculture:F26:SN-38,O26,diagonal,30,13.4084505662
O26:Coculture:F26:SN-38,O26,diagonal,31,12.6498642546
O26:Coculture:F26:SN-38,O26,diagonal,32,13.1385145167
O26:Coculture:F26:SN-38,O26,diagonal,33,19.1892965198
O26:Coculture:F26:SN-38,O26,diagonal,34,18.4547699125
O26:Coculture:F26:SN-38,O26,diagonal,35,18.913563822
O26:Coculture:F26:SN-38,O26,diagonal,36,5.63937486899
O26:Coculture:F26:SN-38,O26,diagonal,37,5.22916072079
O26:Coculture:F26:SN-38,O26,diagonal,38,5.93510395806
O26:Coculture:F26:SN-38,O26,diagonal,39,10.0368993809
O26:Coculture:F26:SN-38,O26,diagonal,40,9.49230611143
O26:Coculture:F26:SN-38,O26,diagonal,41,10.007181773
O26:Coculture:F26:SN-38,O26,diagonal,42,16.8691424977
O26:Coculture:F26:SN-38,O26,diagonal,43,16.2271269573
O26:Coculture:F26:SN-38,O26,diagonal,44,16.5492212196
O26:Coculture:F26:SN-38,O26,diagonal,45,11.9062812165
O26:Coculture:F26:SN-38,O26,diagonal,46,11.4126676811
O26:Coculture:F26:SN-38,O26,diagonal,47,12.4712884347
O26:Coculture:F26:SN-38,O26,diagonal,48,11.6188815676
O26:Coculture:F26:SN-38,O26,diagonal,49,10.6793792636
O26:Coculture:F26:SN-38,O26,diagonal,50,11.1452188949
O26:Coculture:F26:SN-38,O26,diagonal,51,17.1498468148
O26:Coculture:F26:SN-38,O26,diagonal,52,16.1619539853
O26:Coculture:F26:SN-38,O26,diagonal,53,16.4177671643
O26:Monoculture::Oxa,O26,joint,0,14.3862201434
O26:Monoculture::Oxa,O26,joint,1,11.3020841291
O26:Monoculture::Oxa,O26,joint,2,13.1322841704
O26:Monoculture::Oxa,O26,joint,3,11.3650866601
O26:Monoculture::Oxa,O26,joint,4,8.44118519066
O26:Monoculture::Oxa,O26,joint,5,10.0367135645
O26:Monoculture::Oxa,O26,joint,6,15.3692901499
O26:Monoculture::Oxa,O26,joint,7,12.9323400338
O26:Monoculture::Oxa,O26,joint,8,14.0109356536
O26:Monoculture::Oxa,O26,joint,9,12.9173933297
O26:Monoculture::Oxa,O26,joint,10,9.32428937733
O26:Monoculture::Oxa,O26,joint,11,10.0140300183
O26:Monoculture::Oxa,O26,joint,12,9.71281269986
O26:Monoculture::Oxa,O26,joint,13,6.47042629543
O26:Monoculture::Oxa,O26,joint,14,7.05796408687
O26:Monoculture::Oxa,O26,joint,15,14.059979502
O26:Monoculture::Oxa,O26,joint,16,11.457538218
O26:Monoculture::Oxa,O26,joint,17,11.8990733129
O26:Monoculture::Oxa,O26,joint,18,18.7540205177
O26:Monoculture::Oxa,O26,joint,19,13.5205662006
O26:Monoculture::Oxa,O26,joint,20,14.0212807332
O26:Monoculture::Oxa,O26,joint,21,11.4292908837
O26:Monoculture::Oxa,O26,joint,22,6.79915705915
O26:Monoculture::Oxa,O26,joint,23,7.14162009228
O26:Monoculture::Oxa,O26,joint,24,14.8499206798
O26:Monoculture::Oxa,O26,joint,25,11.1682490602
O26:Monoculture::Oxa,O26,joint,26,11.4721015234
O26:Monoculture::Oxa,O26,joint,27,16.1512056536
O26:Monoculture::Oxa,O26,joint,28,15.3700893551
O26:Monoculture::Oxa,O26,joint,29,15.8464328507
O26:Monoculture::Oxa,O26,joint,30,13.0061107357
O26:Monoculture::Oxa,O26,joint,31,12.2350767321
O26:Monoculture::Oxa,O26,joint,32,12.6926267424
O26:Monoculture::Oxa,O26,joint,33,16.7998825622
O26:Monoculture::Oxa,O26,joint,34,16.0689071949
O26:Monoculture::Oxa,O26,joint,35,16.4677892883
O26:Monoculture::Oxa,O26,joint,36,11.0045856645
O26:Monoculture::Oxa,O26,joint,37,10.0906339678
O26:Monoculture::Oxa,O26,joint,38,10.30444415
O26:Monoculture::Oxa,O26,joint,39,8.64489934694
O26:Monoculture::Oxa,O26,joint,40,7.74662335884
O26:Monoculture::Oxa,O26,joint,41,7.91905851908
O26:Monoculture::Oxa,O26,joint,42,13.6349775188
O26:Monoculture::Oxa,O26,joint,43,12.8243809177
O26:Monoculture::Oxa,O26,joint,44,12.9712653655
O26:Monoculture::Oxa,O26,joint,45,12.4050631948
O26:Monoculture::Oxa,O26,joint,46,10.9547533162
O26:Monoculture::Oxa,O26,joint,47,11.0895806724
O26:Monoculture::Oxa,O26,joint,48,7.91555450112
O26:Monoculture::Oxa,O26,joint,49,6.60719092184
O26:Monoculture::Oxa,O26,joint,50,6.73236955501
O26:Monoculture::Oxa,O26,joint,51,12.7016281093
O26:Monoculture::Oxa,O26,joint,52,11.5440946531
O26:Monoculture::Oxa,O26,joint,53,11.6297104114
O26:Monoculture::Oxa,O26,diagonal,0,12.6789489144
O26:Monoculture::Oxa,O26,diagonal,1,8.90309290192
O26:Monoculture::Oxa,O26,diagonal,2,10.1143297006
O26:Monoculture::Oxa,O26,diagonal,3,13.4777232382
O26:Monoculture::Oxa,O26,diagonal,4,9.91127103838
O26:Monoculture::Oxa,O26,diagonal,5,11.1168256804
O26:Monoculture::Oxa,O26,diagonal,6,18.6660769069
O26:Monoculture::Oxa,O26,diagonal,7,15.671233351
O26:Monoculture::Oxa,O26,diagonal,8,16.8255052868
O26:Monoculture::Oxa,O26,diagonal,9,10.1307041167
O26:Monoculture::Oxa,O26,diagonal,10,6.25813869392
O26:Monoculture::Oxa,O26,diagonal,11,6.62838392028
O26:Monoculture::Oxa,O26,diagonal,12,11.1537047689
O26:Monoculture::Oxa,O26,diagonal,13,7.89109741316
O26:Monoculture::Oxa,O26,diagonal,14,8.48823211389
O26:Monoculture::Oxa,O26,diagonal,15,17.0077182143
O26:Monoculture::Oxa,O26,diagonal,16,14.4911485437
O26:Monoculture::Oxa,O26,diagonal,17,15.2157104059
O26:Monoculture::Oxa,O26,diagonal,18,12.3253005478
O26:Monoculture::Oxa,O26,diagonal,19,7.28631913638
O26:Monoculture::Oxa,O26,diagonal,20,7.8759869449
O26:Monoculture::Oxa,O26,diagonal,21,11.8501367289
O26:Monoculture::Oxa,O26,diagonal,22,7.7168100977
O26:Monoculture::Oxa,O26,diagonal,23,8.56069363042
O26:Monoculture::Oxa,O26,diagonal,24,17.1775160174
O26:Monoculture::Oxa,O26,diagonal,25,14.1068565235
O26:Monoculture::Oxa,O26,diagonal,26,15.2215982111
O26:Monoculture::Oxa,O26,diagonal,27,13.9439638958
O26:Monoculture::Oxa,O26,diagonal,28,12.9852449043
O26:Monoculture::Oxa,O26,diagonal,29,13.2887031667
O26:Monoculture::Oxa,O26,diagonal,30,14.5129167622
O26:Monoculture::Oxa,O26,diagonal,31,13.5689527591
O26:Monoculture::Oxa,O26,diagonal,32,13.8717619587
O26:Monoculture::Oxa,O26,diagonal,33,19.451442802
O26:Monoculture::Oxa,O26,diagonal,34,18.559829752
O26:Monoculture::Oxa,O26,diagonal,35,18.8612184125
O26:Monoculture::Oxa,O26,diagonal,36,8.74805230508
O26:Monoculture::Oxa,O26,diagonal,37,7.69090181951
O26:Monoculture::Oxa,O26,diagonal,38,7.75126134655
O26:Monoculture::Oxa,O26,diagonal,39,10.4456723936
O26:Monoculture::Oxa,O26,diagonal,40,9.47753103795
O26:Monoculture::Oxa,O26,diagonal,41,9.57009234454
O26:Monoculture::Oxa,O26,diagonal,42,16.6990850226
O26:Monoculture::Oxa,O26,diagonal,43,15.8834331837
O26:Monoculture::Oxa,O26,diagonal,44,16.0327168588
O26:Monoculture::Oxa,O26,diagonal,45,8.09478501441
O26:Monoculture::Oxa,O26,diagonal,46,6.5995361962
O26:Monoculture::Oxa,O26,diagonal,47,6.65868189501
O26:Monoculture::Oxa,O26,diagonal,48,9.15678988171
O26:Monoculture::Oxa,O26,diagonal,49,7.89704452886
O26:Monoculture::Oxa,O26,diagonal,50,8.04446148099
O26:Monoculture::Oxa,O26,diagonal,51,15.7422904063
O26:Monoculture::Oxa,O26,diagonal,52,14.7089587485
O26:Monoculture::Oxa,O26,diagonal,53,14.9199296317
O27:Coculture:F27:SN-38,O27,joint,0,50.7629554486
O27:Coculture:F27:SN-38,O27,joint,1,42.7041307936
O27:Coculture:F27:SN-38,O27,joint,2,39.5636734384
O27:Coculture:F27:SN-38,O27,joint,3,27.4187715695
O27:Coculture:F27:SN-38,O27,joint,4,19.8587412964
O27:Coculture:F27:SN-38,O27,joint,5,16.8203809481
O27:Coculture:F27:SN-38,O27,joint,6,24.2768167473
O27:Coculture:F27:SN-38,O27,joint,7,18.2075522663
O27:Coculture:F27:SN-38,O27,joint,8,15.6389607272
O27:Coculture:F27:SN-38,O27,joint,9,63.2892395
O27:Coculture:F27:SN-38,O27,joint,10,55.6856288237
O27:Coculture:F27:SN-38,O27,joint,11,52.36524221
O27:Coculture:F27:SN-38,O27,joint,12,29.728209103
O27:Coculture:F27:SN-38,O27,joint,13,22.2185693695
O27:Coculture:F27:SN-38,O27,joint,14,18.5382821121
O27:Coculture:F27:SN-38,O27,joint,15,23.980632181
O27:Coculture:F27:SN-38,O27,joint,16,18.0188376009
O27:Coculture:F27:SN-38,O27,joint,17,15.0838400003
O27:Coculture:F27:SN-38,O27,joint,18,86.5766531007
O27:Coculture:F27:SN-38,O27,joint,19,73.2989892399
O27:Coculture:F27:SN-38,O27,joint,20,65.761038558
O27:Coculture:F27:SN-38,O27,joint,21,38.9943933487
O27:Coculture:F27:SN-38,O27,joint,22,28.2158292582
O27:Coculture:F27:SN-38,O27,joint,23,22.4047997361
O27:Coculture:F27:SN-38,O27,joint,24,28.0451731789
O27:Coculture:F27:SN-38,O27,joint,25,20.0289353361
O27:Coculture:F27:SN-38,O27,joint,26,15.969541849
O27:Coculture:F27:SN-38,O27,joint,27,44.452202818
O27:Coculture:F27:SN-38,O27,joint,28,42.4058895283
O27:Coculture:F27:SN-38,O27,joint,29,41.6178873088
O27:Coculture:F27:SN-38,O27,joint,30,22.0774627824
O27:Coculture:F27:SN-38,O27,joint,31,20.0627566186
O27:Coculture:F27:SN-38,O27,joint,32,19.2776422798
O27:Coculture:F27:SN-38,O27,joint,33,20.7967248484
O27:Coculture:F27:SN-38,O27,joint,34,18.9067172801
O27:Coculture:F27:SN-38,O27,joint,35,18.147127193
O27:Coculture:F27:SN-38,O27,joint,36,49.445580036
O27:Coculture:F27:SN-38,O27,joint,37,47.8118513344
O27:Coculture:F27:SN-38,O27,joint,38,47.3057515656
O27:Coculture:F27:SN-38,O27,joint,39,21.2292798844
O27:Coculture:F27:SN-38,O27,joint,40,19.3283772153
O27:Coculture:F27:SN-38,O27,joint,41,18.4982805619
O27:Coculture:F27:SN-38,O27,joint,42,18.6386540346
O27:Coculture:F27:SN-38,O27,joint,43,16.7612441012
O27:Coculture:F27:SN-38,O27,joint,44,15.8411722868
O27:Coculture:F27:SN-38,O27,joint,45,64.2709323309
O27:Coculture:F27:SN-38,O27,joint,46,60.8152880145
O27:Coculture:F27:SN-38,O27,joint,47,58.9452320107
O27:Coculture:F27:SN-38,O27,joint,48,24.868638689
O27:Coculture:F27:SN-38,O27,joint,49,21.5492227238
O27:Coculture:F27:SN-38,O27,joint,50,19.6647350534
O27:Coculture:F27:SN-38,O27,joint,51,19.5862959293
O27:Coculture:F27:SN-38,O27,joint,52,16.8916549067
O27:Coculture:F27:SN-38,O27,joint,53,15.4388975261
O27:Coculture:F27:SN-38,O27,diagonal,0,38.6413122662
O27:Coculture:F27:SN-38,O27,diagonal,1,29.4752984072
O27:Coculture:F27:SN-38,O27,diagonal,2,25.2982308428
O27:Coculture:F27:SN-38,O27,diagonal,3,27.9729247909
O27:Coculture:F27:SN-38,O27,diagonal,4,19.1164561596
O27:Coculture:F27:SN-38,O27,diagonal,5,15.0332695952
O27:Coculture:F27:SN-38,O27,diagonal,6,28.7246869077
O27:Coculture:F27:SN-38,O27,diagonal,7,20.9993528314
O27:Coculture:F27:SN-38,O27,diagonal,8,17.430806195
O27:Coculture:F27:SN-38,O27,diagonal,9,43.7574685803
O27:Coculture:F27:SN-38,O27,diagonal,10,35.045279755
O27:Coculture:F27:SN-38,O27,diagonal,11,30.5709666536
O27:Coculture:F27:SN-38,O27,diagonal,12,27.5033316997
O27:Coculture:F27:SN-38,O27,diagonal,13,19.3551955525
O27:Coculture:F27:SN-38,O27,diagonal,14,15.0634986161
O27:Coculture:F27:SN-38,O27,diagonal,15,26.5390986516
O27:Coculture:F27:SN-38,O27,diagonal,16,20.0260536963
O27:Coculture:F27:SN-38,O27,diagonal,17,16.7548989226
O27:Coculture:F27:SN-38,O27,diagonal,18,59.6751995959
O27:Coculture:F27:SN-38,O27,diagonal,19,46.0628900289
O27:Coculture:F27:SN-38,O27,diagonal,20,38.0719482034
O27:Coculture:F27:SN-38,O27,diagonal,21,33.0567327091
O27:Coculture:F27:SN-38,O27,diagonal,22,22.3805464703
O27:Coculture:F27:SN-38,O27,diagonal,23,16.6791842652
O27:Coculture:F27:SN-38,O27,diagonal,24,28.6101667141
O27:Coculture:F27:SN-38,O27,diagonal,25,20.5452043285
O27:Coculture:F27:SN-38,O27,diagonal,26,16.6741221296
O27:Coculture:F27:SN-38,O27,diagonal,27,30.9500861026
O27:Coculture:F27:SN-38,O27,diagonal,28,28.643088451
O27:Coculture:F27:SN-38,O27,diagonal,29,27.5989281524
O27:Coculture:F27:SN-38,O27,diagonal,30,20.986506439
O27:Coculture:F27:SN-38,O27,diagonal,31,18.6950029743
O27:Coculture:F27:SN-38,O27,diagonal,32,17.6507360832
O27:Coculture:F27:SN-38,O27,diagonal,33,23.0724907881
O27:Coculture:F27:SN-38,O27,diagonal,34,20.8583736303
O27:Coculture:F27:SN-38,O27,diagonal,35,19.8375769891
O27:Coculture:F27:SN-38,O27,diagonal,36,31.911480523
O27:Coculture:F27:SN-38,O27,diagonal,37,29.8947375565
O27:Coculture:F27:SN-38,O27,diagonal,38,28.9941519754
O27:Coculture:F27:SN-38,O27,diagonal,39,18.8658013075
O27:Coculture:F27:SN-38,O27,diagonal,40,16.6877541012
O27:Coculture:F27:SN-38,O27,diagonal,41,15.5691758258
O27:Coculture:F27:SN-38,O27,diagonal,42,20.8101861403
O27:Coculture:F27:SN-38,O27,diagonal,43,18.7731521035
O27:Coculture:F27:SN-38,O27,diagonal,44,17.7002278694
O27:Coculture:F27:SN-38,O27,diagonal,45,39.7827028572
O27:Coculture:F27:SN-38,O27,diagonal,46,35.8501235933
O27:Coculture:F27:SN-38,O27,diagonal,47,33.4697786184
O27:Coculture:F27:SN-38,O27,diagonal,48,21.0183020232
O27:Coculture:F27:SN-38,O27,diagonal,49,17.6152246315
O27:Coculture:F27:SN-38,O27,diagonal,50,15.6174891751
O27:Coculture:F27:SN-38,O27,diagonal,51,21.0667310984
O27:Coculture:F27:SN-38,O27,diagonal,52,18.3976845387
O27:Coculture:F27:SN-38,O27,diagonal,53,16.9723439874
O27:Monoculture::Oxa,O27,joint,0,30.745652613
O27:Monoculture::Oxa,O27,joint,1,22.4573747262
O27:Monoculture::Oxa,O27,joint,2,19.0834328951
O27:Monoculture::Oxa,O27,joint,3,21.6108481923
O27:Monoculture::Oxa,O27,joint,4,13.9772462856
O27:Monoculture::Oxa,O27,joint,5,10.8630742223
O27:Monoculture::Oxa,O27,joint,6,22.2366942548
O27:Monoculture::Oxa,O27,joint,7,16.2473546898
O27:Monoculture::Oxa,O27,joint,8,13.7735608608
O27:Monoculture::Oxa,O27,joint,9,34.3396323839
O27:Monoculture::Oxa,O27,joint,10,27.7268327569
O27:Monoculture::Oxa,O27,joint,11,25.3968777232
O27:Monoculture::Oxa,O27,joint,12,19.8865034541
O27:Monoculture::Oxa,O27,joint,13,13.6674859998
O27:Monoculture::Oxa,O27,joint,14,11.2783927414
O27:Monoculture::Oxa,O27,joint,15,19.81017393
O27:Monoculture::Oxa,O27,joint,16,14.7772859504
O27:Monoculture::Oxa,O27,joint,17,12.7883743497
O27:Monoculture::Oxa,O27,joint,18,49.5996480648
O27:Monoculture::Oxa,O27,joint,19,41.1155108436
O27:Monoculture::Oxa,O27,joint,20,38.3655424722
O27:Monoculture::Oxa,O27,joint,21,23.6290762136
O27:Monoculture::Oxa,O27,joint,22,16.0149189704
O27:Monoculture::Oxa,O27,joint,23,13.3733585849
O27:Monoculture::Oxa,O27,joint,24,21.4892917076
O27:Monoculture::Oxa,O27,joint,25,15.1579417206
O27:Monoculture::Oxa,O27,joint,26,12.8121158165
O27:Monoculture::Oxa,O27,joint,27,25.4799325066
O27:Monoculture::Oxa,O27,joint,28,23.3582405206
O27:Monoculture::Oxa,O27,joint,29,22.4940083286
O27:Monoculture::Oxa,O27,joint,30,17.0959688531
O27:Monoculture::Oxa,O27,joint,31,15.0238993814
O27:Monoculture::Oxa,O27,joint,32,14.1804139236
O27:Monoculture::Oxa,O27,joint,33,19.3613229453
O27:Monoculture::Oxa,O27,joint,34,17.4529224686
O27:Monoculture::Oxa,O27,joint,35,16.6743794528
O27:Monoculture::Oxa,O27,joint,36,24.5244390554
O27:Monoculture::Oxa,O27,joint,37,22.8312782582
O27:Monoculture::Oxa,O27,joint,38,22.2658793402
O27:Monoculture::Oxa,O27,joint,39,14.0004591105
O27:Monoculture::Oxa,O27,joint,40,12.3472592037
O27:Monoculture::Oxa,O27,joint,41,11.7647704453
O27:Monoculture::Oxa,O27,joint,42,16.1784002073
O27:Monoculture::Oxa,O27,joint,43,14.6236458437
O27:Monoculture::Oxa,O27,joint,44,14.0263725291
O27:Monoculture::Oxa,O27,joint,45,36.0685161365
O27:Monoculture::Oxa,O27,joint,46,33.8598015846
O27:Monoculture::Oxa,O27,joint,47,33.2362242676
O27:Monoculture::Oxa,O27,joint,48,15.6269613879
O27:Monoculture::Oxa,O27,joint,49,13.5059270826
O27:Monoculture::Oxa,O27,joint,50,12.8184349897
O27:Monoculture::Oxa,O27,joint,51,15.7515744417
O27:Monoculture::Oxa,O27,joint,52,13.8480351309
O27:Monoculture::Oxa,O27,joint,53,13.1876450346
O27:Monoculture::Oxa,O27,diagonal,0,24.53850604
O27:Monoculture::Oxa,O27,diagonal,1,17.2517637483
O27:Monoculture::Oxa,O27,diagonal,2,14.9521142677
O27:Monoculture::Oxa,O27,diagonal,3,21.0450382063
O27:Monoculture::Oxa,O27,diagonal,4,14.0782950343
O27:Monoculture::Oxa,O27,diagonal,5,11.8835587042
O27:Monoculture::Oxa,O27,diagonal,6,24.3491779947
O27:Monoculture::Oxa,O27,diagonal,7,18.2638597496
O27:Monoculture::Oxa,O27,diagonal,8,16.3276569963
O27:Monoculture::Oxa,O27,diagonal,9,26.9153934937
O27:Monoculture::Oxa,O27,diagonal,10,21.471657764
O27:Monoculture::Oxa,O27,diagonal,11,20.2707326834
O27:Monoculture::Oxa,O27,diagonal,12,18.6172586878
O27:Monoculture::Oxa,O27,diagonal,13,13.5089413634
O27:Monoculture::Oxa,O27,diagonal,14,12.2603660954
O27:Monoculture::Oxa,O27,diagonal,15,21.3249395301
O27:Monoculture::Oxa,O27,diagonal,16,16.8364755669
O27:Monoculture::Oxa,O27,diagonal,17,15.5891431364
O27:Monoculture::Oxa,O27,diagonal,18,36.0553027657
O27:Monoculture::Oxa,O27,diagonal,19,29.7836972584
O27:Monoculture::Oxa,O27,diagonal,20,29.140740971
O27:Monoculture::Oxa,O27,diagonal,21,20.7176726157
O27:Monoculture::Oxa,O27,diagonal,22,14.2294975724
O27:Monoculture::Oxa,O27,diagonal,23,12.718532693
O27:Monoculture::Oxa,O27,diagonal,24,22.8239535974
O27:Monoculture::Oxa,O27,diagonal,25,16.8430790721
O27:Monoculture::Oxa,O27,diagonal,26,15.0476057282
O27:Monoculture::Oxa,O27,diagonal,27,20.742643318
O27:Monoculture::Oxa,O27,diagonal,28,18.8958102942
O27:Monoculture::Oxa,O27,diagonal,29,18.3111545244
O27:Monoculture::Oxa,O27,diagonal,30,17.4778060436
O27:Monoculture::Oxa,O27,diagonal,31,15.6561204706
O27:Monoculture::Oxa,O27,diagonal,32,15.0812081005
O27:Monoculture::Oxa,O27,diagonal,33,21.343271544
O27:Monoculture::Oxa,O27,diagonal,34,19.601585751
O27:Monoculture::Oxa,O27,diagonal,35,19.0529016685
O27:Monoculture::Oxa,O27,diagonal,36,19.3420193295
O27:Monoculture::Oxa,O27,diagonal,37,17.9655931442
O27:Monoculture::Oxa,O27,diagonal,38,17.7066769715
O27:Monoculture::Oxa,O27,diagonal,39,14.6418447379
O27:Monoculture::Oxa,O27,diagonal,40,13.2809108055
O27:Monoculture::Oxa,O27,diagonal,41,12.9806795353
O27:Monoculture::Oxa,O27,diagonal,42,18.5649735023
O27:Monoculture::Oxa,O27,diagonal,43,17.2878941712
O27:Monoculture::Oxa,O27,diagonal,44,16.9757503542
O27:Monoculture::Oxa,O27,diagonal,45,27.5942973164
O27:Monoculture::Oxa,O27,diagonal,46,26.100830287
O27:Monoculture::Oxa,O27,diagonal,47,26.1617577745
O27:Monoculture::Oxa,O27,diagonal,48,15.0892904362
O27:Monoculture::Oxa,O27,diagonal,49,13.5213890594
O27:Monoculture::Oxa,O27,diagonal,50,13.3606499875
O27:Monoculture::Oxa,O27,diagonal,51,17.959174378
O27:Monoculture::Oxa,O27,diagonal,52,16.3371306172
O27:Monoculture::Oxa,O27,diagonal,53,15.9593893973
O27:Monoculture::SN-38,O27,joint,0,16.8974003162
O27:Monoculture::SN-38,O27,joint,1,11.7116878306
O27:Monoculture::SN-38,O27,joint,2,11.4443426447
O27:Monoculture::SN-38,O27,joint,3,15.0724483998
O27:Monoculture::SN-38,O27,joint,4,10.2616779788
O27:Monoculture::SN-38,O27,joint,5,9.97257748266
O27:Monoculture::SN-38,O27,joint,6,18.4960501224
O27:Monoculture::SN-38,O27,joint,7,14.6331210969
O27:Monoculture::SN-38,O27,joint,8,14.2708650133
O27:Monoculture::SN-38,O27,joint,9,27.7855435506
O27:Monoculture::SN-38,O27,joint,10,21.4160886916
O27:Monoculture::SN-38,O27,joint,11,19.3298578952
O27:Monoculture::SN-38,O27,joint,12,19.3451125252
O27:Monoculture::SN-38,O27,joint,13,13.4950791231
O27:Monoculture::SN-38,O27,joint,14,11.474398197
O27:Monoculture::SN-38,O27,joint,15,19.3666517047
O27:Monoculture::SN-38,O27,joint,16,15.0560180806
O27:Monoculture::SN-38,O27,joint,17,13.772181436
O27:Monoculture::SN-38,O27,joint,18,58.3931213527
O27:Monoculture::SN-38,O27,joint,19,46.6689246976
O27:Monoculture::SN-38,O27,joint,20,40.6844412214
O27:Monoculture::SN-38,O27,joint,21,29.5907630745
O27:Monoculture::SN-38,O27,joint,22,21.2213639256
O27:Monoculture::SN-38,O27,joint,23,17.8194993453
O27:Monoculture::SN-38,O27,joint,24,22.570933689
O27:Monoculture::SN-38,O27,joint,25,16.9157227884
O27:Monoculture::SN-38,O27,joint,26,15.2173562436
O27:Monoculture::SN-38,O27,joint,27,15.0523485218
O27:Monoculture::SN-38,O27,joint,28,13.7270436856
O27:Monoculture::SN-38,O27,joint,29,13.6600499195
O27:Monoculture::SN-38,O27,joint,30,13.6110739993
O27:Monoculture::SN-38,O27,joint,31,12.3146458779
O27:Monoculture::SN-38,O27,joint,32,12.2478095814
O27:Monoculture::SN-38,O27,joint,33,17.7101440559
O27:Monoculture::SN-38,O27,joint,34,16.5074514507
O27:Monoculture::SN-38,O27,joint,35,16.4351763267
O27:Monoculture::SN-38,O27,joint,36,15.9655004288
O27:Monoculture::SN-38,O27,joint,37,14.3871926789
O27:Monoculture::SN-38,O27,joint,38,13.9365138618
O27:Monoculture::SN-38,O27,joint,39,12.353355897
O27:Monoculture::SN-38,O27,joint,40,10.7609921823
O27:Monoculture::SN-38,O27,joint,41,10.2394344832
O27:Monoculture::SN-38,O27,joint,42,16.0428798901
O27:Monoculture::SN-38,O27,joint,43,14.5803715396
O27:Monoculture::SN-38,O27,joint,44,14.0752013081
O27:Monoculture::SN-38,O27,joint,45,33.4209098853
O27:Monoculture::SN-38,O27,joint,46,29.9500305906
O27:Monoculture::SN-38,O27,joint,47,28.0647396087
O27:Monoculture::SN-38,O27,joint,48,17.822755752
O27:Monoculture::SN-38,O27,joint,49,14.8917065882
O27:Monoculture::SN-38,O27,joint,50,13.3955857192
O27:Monoculture::SN-38,O27,joint,51,17.2353883607
O27:Monoculture::SN-38,O27,joint,52,15.1430385735
O27:Monoculture::SN-38,O27,joint,53,14.2925724284
O27:Monoculture::SN-38,O27,diagonal,0,15.1658595099
O27:Monoculture::SN-38,O27,diagonal,1,9.67003610886
O27:Monoculture::SN-38,O27,diagonal,2,9.1631590023
O27:Monoculture::SN-38,O27,diagonal,3,16.8993854542
O27:Monoculture::SN-38,O27,diagonal,4,11.7219054801
O27:Monoculture::SN-38,O27,diagonal,5,11.3177075729
O27:Monoculture::SN-38,O27,diagonal,6,21.4976703257
O27:Monoculture::SN-38,O27,diagonal,7,17.1695590627
O27:Monoculture::SN-38,O27,diagonal,8,16.9982352395
O27:Monoculture::SN-38,O27,diagonal,9,21.7808445565
O27:Monoculture::SN-38,O27,diagonal,10,15.3135224769
O27:Monoculture::SN-38,O27,diagonal,11,13.0840761212
O27:Monoculture::SN-38,O27,diagonal,12,18.6124441928
O27:Monoculture::SN-38,O27,diagonal,13,13.0735350568
O27:Monoculture::SN-38,O27,diagonal,14,11.3910651318
O27:Monoculture::SN-38,O27,diagonal,15,20.9456188124
O27:Monoculture::SN-38,O27,diagonal,16,16.965653582
O27:Monoculture::SN-38,O27,diagonal,17,16.2275785332
O27:Monoculture::SN-38,O27,diagonal,18,39.6421470274
O27:Monoculture::SN-38,O27,diagonal,19,29.3605127479
O27:Monoculture::SN-38,O27,diagonal,20,24.7002462098
O27:Monoculture::SN-38,O27,diagonal,21,23.9585440266
O27:Monoculture::SN-38,O27,diagonal,22,16.9307024211
O27:Monoculture::SN-38,O27,diagonal,23,14.8776848492
O27:Monoculture::SN-38,O27,diagonal,24,22.1133130336
O27:Monoculture::SN-38,O27,diagonal,25,17.5259817012
O27:Monoculture::SN-38,O27,diagonal,26,17.1325305554
O27:Monoculture::SN-38,O27,diagonal,27,13.0726574313
O27:Monoculture::SN-38,O27,diagonal,28,11.6734279222
O27:Monoculture::SN-38,O27,diagonal,29,11.5370357662
O27:Monoculture::SN-38,O27,diagonal,30,15.11764325
O27:Monoculture::SN-38,O27,diagonal,31,13.7436873997
O27:Monoculture::SN-38,O27,diagonal,32,13.616968123
O27:Monoculture::SN-38,O27,diagonal,33,20.3041059539
O27:Monoculture::SN-38,O27,diagonal,34,19.0097359604
O27:Monoculture::SN-38,O27,diagonal,35,18.9086864836
O27:Monoculture::SN-38,O27,diagonal,36,12.4924401381
O27:Monoculture::SN-38,O27,diagonal,37,10.8468105688
O27:Monoculture::SN-38,O27,diagonal,38,10.3173383849
O27:Monoculture::SN-38,O27,diagonal,39,13.3716453016
O27:Monoculture::SN-38,O27,diagonal,40,11.7548147817
O27:Monoculture::SN-38,O27,diagonal,41,11.1974531927
O27:Monoculture::SN-38,O27,diagonal,42,18.5874642636
O27:Monoculture::SN-38,O27,diagonal,43,17.2027369796
O27:Monoculture::SN-38,O27,diagonal,44,16.7821194983
O27:Monoculture::SN-38,O27,diagonal,45,22.3483980317
O27:Monoculture::SN-38,O27,diagonal,46,19.0010637785
O27:Monoculture::SN-38,O27,diagonal,47,17.2059638144
O27:Monoculture::SN-38,O27,diagonal,48,16.0100388811
O27:Monoculture::SN-38,O27,diagonal,49,13.4396303112
O27:Monoculture::SN-38,O27,diagonal,50,12.2745636767
O27:Monoculture::SN-38,O27,diagonal,51,18.7921839278
O27:Monoculture::SN-38,O27,diagonal,52,17.0352235264
O27:Monoculture::SN-38,O27,diagonal,53,16.5219691334
O28:Coculture:F28:Oxa,O28,joint,0,41.6352107544
O28:Coculture:F28:Oxa,O28,joint,1,31.6724179501
O28:Coculture:F28:Oxa,O28,joint,2,26.6239612015
O28:Coculture:F28:Oxa,O28,joint,3,28.0871333366
O28:Coculture:F28:Oxa,O28,joint,4,18.9867017021
O28:Coculture:F28:Oxa,O28,joint,5,14.4056999107
O28:Coculture:F28:Oxa,O28,joint,6,25.9624924794
O28:Coculture:F28:Oxa,O28,joint,7,19.0945725333
O28:Coculture:F28:Oxa,O28,joint,8,15.7421983231
O28:Coculture:F28:Oxa,O28,joint,9,62.4535153697
O28:Coculture:F28:Oxa,O28,joint,10,49.8395156167
O28:Coculture:F28:Oxa,O28,joint,11,41.5083604571
O28:Coculture:F28:Oxa,O28,joint,12,36.4261506872
O28:Coculture:F28:Oxa,O28,joint,13,26.4834105209
O28:Coculture:F28:Oxa,O28,joint,14,20.3705945504
O28:Coculture:F28:Oxa,O28,joint,15,27.1576547575
O28:Coculture:F28:Oxa,O28,joint,16,20.5684093362
O28:Coculture:F28:Oxa,O28,joint,17,17.0231402938
O28:Coculture:F28:Oxa,O28,joint,18,121.491999286
O28:Coculture:F28:Oxa,O28,joint,19,101.882434168
O28:Coculture:F28:Oxa,O28,joint,20,88.0070378995
O28:Coculture:F28:Oxa,O28,joint,21,53.0357222178
O28:Coculture:F28:Oxa,O28,joint,22,40.8019386514
O28:Coculture:F28:Oxa,O28,joint,23,33.5407519426
O28:Coculture:F28:Oxa,O28,joint,24,30.0258028469
O28:Coculture:F28:Oxa,O28,joint,25,22.398302553
O28:Coculture:F28:Oxa,O28,joint,26,18.756326342
O28:Coculture:F28:Oxa,O28,joint,27,31.9456380823
O28:Coculture:F28:Oxa,O28,joint,28,29.3944890295
O28:Coculture:F28:Oxa,O28,joint,29,28.1007997708
O28:Coculture:F28:Oxa,O28,joint,30,19.8183583884
O28:Coculture:F28:Oxa,O28,joint,31,17.3276601874
O28:Coculture:F28:Oxa,O28,joint,32,16.0655460002
O28:Coculture:F28:Oxa,O28,joint,33,20.9803942314
O28:Coculture:F28:Oxa,O28,joint,34,18.7052863227
O28:Coculture:F28:Oxa,O28,joint,35,17.5600358749
O28:Coculture:F28:Oxa,O28,joint,36,36.4935984382
O28:Coculture:F28:Oxa,O28,joint,37,32.9672581745
O28:Coculture:F28:Oxa,O28,joint,38,30.5686797899
O28:Coculture:F28:Oxa,O28,joint,39,21.0289298569
O28:Coculture:F28:Oxa,O28,joint,40,17.8754299187
O28:Coculture:F28:Oxa,O28,joint,41,15.7926411288
O28:Coculture:F28:Oxa,O28,joint,42,20.3133120156
O28:Coculture:F28:Oxa,O28,joint,43,17.827626974
O28:Coculture:F28:Oxa,O28,joint,44,16.2994229814
O28:Coculture:F28:Oxa,O28,joint,45,66.1424397719
O28:Coculture:F28:Oxa,O28,joint,46,59.2399350111
O28:Coculture:F28:Oxa,O28,joint,47,53.9225674852
O28:Coculture:F28:Oxa,O28,joint,48,33.6000491931
O28:Coculture:F28:Oxa,O28,joint,49,28.6976579136
O28:Coculture:F28:Oxa,O28,joint,50,25.2288088466
O28:Coculture:F28:Oxa,O28,joint,51,23.1032359428
O28:Coculture:F28:Oxa,O28,joint,52,20.0447900512
O28:Coculture:F28:Oxa,O28,joint,53,18.229493374
O28:Coculture:F28:Oxa,O28,diagonal,0,32.0338582231
O28:Coculture:F28:Oxa,O28,diagonal,1,22.8539536055
O28:Coculture:F28:Oxa,O28,diagonal,2,18.6611417991
O28:Coculture:F28:Oxa,O28,diagonal,3,26.4846277329
O28:Coculture:F28:Oxa,O28,diagonal,4,17.8711046167
O28:Coculture:F28:Oxa,O28,diagonal,5,14.0295883424
O28:Coculture:F28:Oxa,O28,diagonal,6,27.6775280513
O28:Coculture:F28:Oxa,O28,diagonal,7,20.5368957764
O28:Coculture:F28:Oxa,O28,diagonal,8,17.5453789933
O28:Coculture:F28:Oxa,O28,diagonal,9,45.8440220642
O28:Coculture:F28:Oxa,O28,diagonal,10,34.7698676663
O28:Coculture:F28:Oxa,O28,diagonal,11,27.9385239175
O28:Coculture:F28:Oxa,O28,diagonal,12,30.4747512212
O28:Coculture:F28:Oxa,O28,diagonal,13,21.7692134813
O28:Coculture:F28:Oxa,O28,diagonal,14,16.9234177978
O28:Coculture:F28:Oxa,O28,diagonal,15,26.7715220935
O28:Coculture:F28:Oxa,O28,diagonal,16,20.6180633038
O28:Coculture:F28:Oxa,O28,diagonal,17,17.705736047
O28:Coculture:F28:Oxa,O28,diagonal,18,79.9262209358
O28:Coculture:F28:Oxa,O28,diagonal,19,63.8839927044
O28:Coculture:F28:Oxa,O28,diagonal,20,53.470413693
O28:Coculture:F28:Oxa,O28,diagonal,21,38.2436262598
O28:Coculture:F28:Oxa,O28,diagonal,22,27.7410948828
O28:Coculture:F28:Oxa,O28,diagonal,23,22.2157736697
O28:Coculture:F28:Oxa,O28,diagonal,24,28.1225706361
O28:Coculture:F28:Oxa,O28,diagonal,25,20.8981207601
O28:Coculture:F28:Oxa,O28,diagonal,26,17.8590720655
O28:Coculture:F28:Oxa,O28,diagonal,27,23.7914011622
O28:Coculture:F28:Oxa,O28,diagonal,28,21.4561826887
O28:Coculture:F28:Oxa,O28,diagonal,29,20.383141469
O28:Coculture:F28:Oxa,O28,diagonal,30,19.3516440893
O28:Coculture:F28:Oxa,O28,diagonal,31,17.0566679349
O28:Coculture:F28:Oxa,O28,diagonal,32,16.0084649833
O28:Coculture:F28:Oxa,O28,diagonal,33,22.7031689256
O28:Coculture:F28:Oxa,O28,diagonal,34,20.5497881466
O28:Coculture:F28:Oxa,O28,diagonal,35,19.589409078
O28:Coculture:F28:Oxa,O28,diagonal,36,26.4712772111
O28:Coculture:F28:Oxa,O28,diagonal,37,23.2725182649
O28:Coculture:F28:Oxa,O28,diagonal,38,21.1912693314
O28:Coculture:F28:Oxa,O28,diagonal,39,19.3740018805
O28:Coculture:F28:Oxa,O28,diagonal,40,16.605463281
O28:Coculture:F28:Oxa,O28,diagonal,41,14.8976273439
O28:Coculture:F28:Oxa,O28,diagonal,42,21.5293466357
O28:Coculture:F28:Oxa,O28,diagonal,43,19.3529622007
O28:Coculture:F28:Oxa,O28,diagonal,44,18.1415132798
O28:Coculture:F28:Oxa,O28,diagonal,45,45.6030472092
O28:Coculture:F28:Oxa,O28,diagonal,46,39.8223395881
O28:Coculture:F28:Oxa,O28,diagonal,47,35.596026484
O28:Coculture:F28:Oxa,O28,diagonal,48,26.0570199787
O28:Coculture:F28:Oxa,O28,diagonal,49,22.0464629209
O28:Coculture:F28:Oxa,O28,diagonal,50,19.443068168
O28:Coculture:F28:Oxa,O28,diagonal,51,22.340662789
O28:Coculture:F28:Oxa,O28,diagonal,52,19.7150299448
O28:Coculture:F28:Oxa,O28,diagonal,53,18.3336996415
O28:Monoculture::Oxa,O28,joint,0,61.2269125207
O28:Monoculture::Oxa,O28,joint,1,51.8911808257
O28:Monoculture::Oxa,O28,joint,2,47.4697851862
O28:Monoculture::Oxa,O28,joint,3,31.61743773
O28:Monoculture::Oxa,O28,joint,4,23.2758523125
O28:Monoculture::Oxa,O28,joint,5,19.4536967383
O28:Monoculture::Oxa,O28,joint,6,25.063387769
O28:Monoculture::Oxa,O28,joint,7,18.9229392644
O28:Monoculture::Oxa,O28,joint,8,16.2980364957
O28:Monoculture::Oxa,O28,joint,9,79.8900127815
O28:Monoculture::Oxa,O28,joint,10,70.3142427221
O28:Monoculture::Oxa,O28,joint,11,65.0213172561
O28:Monoculture::Oxa,O28,joint,12,33.6760705758
O28:Monoculture::Oxa,O28,joint,13,25.9647729008
O28:Monoculture::Oxa,O28,joint,14,22.0833994216
O28:Monoculture::Oxa,O28,joint,15,23.4232792391
O28:Monoculture::Oxa,O28,joint,16,18.058305754
O28:Monoculture::Oxa,O28,joint,17,15.737308648
O28:Monoculture::Oxa,O28,joint,18,106.786756779
O28:Monoculture::Oxa,O28,joint,19,92.5091461731
O28:Monoculture::Oxa,O28,joint,20,83.9657044173
O28:Monoculture::Oxa,O28,joint,21,40.2207314497
O28:Monoculture::Oxa,O28,joint,22,30.676920512
O28:Monoculture::Oxa,O28,joint,23,26.105706432
O28:Monoculture::Oxa,O28,joint,24,24.4766172859
O28:Monoculture::Oxa,O28,joint,25,18.1156413314
O28:Monoculture::Oxa,O28,joint,26,15.7401894599
O28:Monoculture::Oxa,O28,joint,27,51.8026772486
O28:Monoculture::Oxa,O28,joint,28,49.3884375842
O28:Monoculture::Oxa,O28,joint,29,48.2316577139
O28:Monoculture::Oxa,O28,joint,30,24.71628383
O28:Monoculture::Oxa,O28,joint,31,22.3823509062
O28:Monoculture::Oxa,O28,joint,32,21.2770019964
O28:Monoculture::Oxa,O28,joint,33,21.8629703297
O28:Monoculture::Oxa,O28,joint,34,19.7775739753
O28:Monoculture::Oxa,O28,joint,35,18.8220350818
O28:Monoculture::Oxa,O28,joint,36,62.0530829619
O28:Monoculture::Oxa,O28,joint,37,59.2933004365
O28:Monoculture::Oxa,O28,joint,38,57.6612797903
O28:Monoculture::Oxa,O28,joint,39,25.3880542099
O28:Monoculture::Oxa,O28,joint,40,22.994111695
O28:Monoculture::Oxa,O28,joint,41,21.6708803285
O28:Monoculture::Oxa,O28,joint,42,19.6257919878
O28:Monoculture::Oxa,O28,joint,43,17.697967569
O28:Monoculture::Oxa,O28,joint,44,16.7276241992
O28:Monoculture::Oxa,O28,joint,45,80.0366553522
O28:Monoculture::Oxa,O28,joint,46,75.227408538
O28:Monoculture::Oxa,O28,joint,47,72.0032989587
O28:Monoculture::Oxa,O28,joint,48,29.9237385664
O28:Monoculture::Oxa,O28,joint,49,26.354335915
O28:Monoculture::Oxa,O28,joint,50,24.218475476
O28:Monoculture::Oxa,O28,joint,51,19.8994882507
O28:Monoculture::Oxa,O28,joint,52,17.5135355163
O28:Monoculture::Oxa,O28,joint,53,16.3707319963
O28:Monoculture::Oxa,O28,diagonal,0,40.9346062145
O28:Monoculture::Oxa,O28,diagonal,1,31.8985093789
O28:Monoculture::Oxa,O28,diagonal,2,27.8495053546
O28:Monoculture::Oxa,O28,diagonal,3,28.2515655264
O28:Monoculture::Oxa,O28,diagonal,4,19.6863909125
O28:Monoculture::Oxa,O28,diagonal,5,15.8932231404
O28:Monoculture::Oxa,O28,diagonal,6,28.0794658859
O28:Monoculture::Oxa,O28,diagonal,7,20.7448401064
O28:Monoculture::Oxa,O28,diagonal,8,17.5593298187
O28:Monoculture::Oxa,O28,diagonal,9,49.9811198381
O28:Monoculture::Oxa,O28,diagonal,10,40.7414835738
O28:Monoculture::Oxa,O28,diagonal,11,35.7446579587
O28:Monoculture::Oxa,O28,diagonal,12,28.4576918056
O28:Monoculture::Oxa,O28,diagonal,13,20.6434719675
O28:Monoculture::Oxa,O28,diagonal,14,16.6889941858
O28:Monoculture::Oxa,O28,diagonal,15,25.8609222734
O28:Monoculture::Oxa,O28,diagonal,16,19.8463086556
O28:Monoculture::Oxa,O28,diagonal,17,17.0728265705
O28:Monoculture::Oxa,O28,diagonal,18,70.3768336246
O28:Monoculture::Oxa,O28,diagonal,19,56.7822765193
O28:Monoculture::Oxa,O28,diagonal,20,48.8163686339
O28:Monoculture::Oxa,O28,diagonal,21,33.6228043763
O28:Monoculture::Oxa,O28,diagonal,22,23.8548411397
O28:Monoculture::Oxa,O28,diagonal,23,19.0640880671
O28:Monoculture::Oxa,O28,diagonal,24,27.4953321989
O28:Monoculture::Oxa,O28,diagonal,25,20.0600470972
O28:Monoculture::Oxa,O28,diagonal,26,16.8101631768
O28:Monoculture::Oxa,O28,diagonal,27,32.7359594688
O28:Monoculture::Oxa,O28,diagonal,28,30.4386460499
O28:Monoculture::Oxa,O28,diagonal,29,29.4035098848
O28:Monoculture::Oxa,O28,diagonal,30,21.5768310872
O28:Monoculture::Oxa,O28,diagonal,31,19.3178068783
O28:Monoculture::Oxa,O28,diagonal,32,18.3055558722
O28:Monoculture::Oxa,O28,diagonal,33,23.144903374
O28:Monoculture::Oxa,O28,diagonal,34,21.0036097205
O28:Monoculture::Oxa,O28,diagonal,35,20.0553177775
O28:Monoculture::Oxa,O28,diagonal,36,36.974224428
O28:Monoculture::Oxa,O28,diagonal,37,34.3757122197
O28:Monoculture::Oxa,O28,diagonal,38,32.894710024
O28:Monoculture::Oxa,O28,diagonal,39,20.408276324
O28:Monoculture::Oxa,O28,diagonal,40,18.0983672579
O28:Monoculture::Oxa,O28,diagonal,41,16.8491608541
O28:Monoculture::Oxa,O28,diagonal,42,21.0250817818
O28:Monoculture::Oxa,O28,diagonal,43,19.0715268222
O28:Monoculture::Oxa,O28,diagonal,44,18.0829073768
O28:Monoculture::Oxa,O28,diagonal,45,47.7000004679
O28:Monoculture::Oxa,O28,diagonal,46,43.1538724394
O28:Monoculture::Oxa,O28,diagonal,47,40.1621389279
O28:Monoculture::Oxa,O28,diagonal,48,23.6696731509
O28:Monoculture::Oxa,O28,diagonal,49,20.2710338746
O28:Monoculture::Oxa,O28,diagonal,50,18.2795569033
O28:Monoculture::Oxa,O28,diagonal,51,21.1854573181
O28:Monoculture::Oxa,O28,diagonal,52,18.743466509
O28:Monoculture::Oxa,O28,diagonal,53,17.5457782409
O29:Coculture:F14:5-FU,O29,joint,0,4.61235850056
O29:Coculture:F14:5-FU,O29,joint,1,2.35135054675
O29:Coculture:F14:5-FU,O29,joint,2,5.00467864854
O29:Coculture:F14:5-FU,O29,joint,3,7.98019189042
O29:Coculture:F14:5-FU,O29,joint,4,5.85027460938
O29:Coculture:F14:5-FU,O29,joint,5,8.23978717158
O29:Coculture:F14:5-FU,O29,joint,6,13.6663949031
O29:Coculture:F14:5-FU,O29,joint,7,11.9584498642
O29:Coculture:F14:5-FU,O29,joint,8,13.7660505614
O29:Coculture:F14:5-FU,O29,joint,9,0.842119991001
O29:Coculture:F14:5-FU,O29,joint,10,-1.16213857344
O29:Coculture:F14:5-FU,O29,joint,11,1.11644745547
O29:Coculture:F14:5-FU,O29,joint,12,4.45371624035
O29:Coculture:F14:5-FU,O29,joint,13,2.62734544443
O29:Coculture:F14:5-FU,O29,joint,14,4.63089884438
O29:Coculture:F14:5-FU,O29,joint,15,11.4660865953
O29:Coculture:F14:5-FU,O29,joint,16,9.98773476851
O29:Coculture:F14:5-FU,O29,joint,17,11.5533593207
O29:Coculture:F14:5-FU,O29,joint,18,-0.310546993475
O29:Coculture:F14:5-FU,O29,joint,19,-2.74780001965
O29:Coculture:F14:5-FU,O29,joint,20,0.549115803971
O29:Coculture:F14:5-FU,O29,joint,21,3.35503643296
O29:Coculture:F14:5-FU,O29,joint,22,1.07933510119
O29:Coculture:F14:5-FU,O29,joint,23,3.77623062712
O29:Coculture:F14:5-FU,O29,joint,24,10.9733460435
O29:Coculture:F14:5-FU,O29,joint,25,9.04367233012
O29:Coculture:F14:5-FU,O29,joint,26,11.0995226996
O29:Coculture:F14:5-FU,O29,joint,27,7.30316779042
O29:Coculture:F14:5-FU,O29,joint,28,6.73067222937
O29:Coculture:F14:5-FU,O29,joint,29,7.41563646239
O29:Coculture:F14:5-FU,O29,joint,30,10.562645325
O29:Coculture:F14:5-FU,O29,joint,31,9.99739333652
O29:Coculture:F14:5-FU,O29,joint,32,10.660725362
O29:Coculture:F14:5-FU,O29,joint,33,15.9536588698
O29:Coculture:F14:5-FU,O29,joint,34,15.4211795495
O29:Coculture:F14:5-FU,O29,joint,35,16.0185576901
O29:Coculture:F14:5-FU,O29,joint,36,2.06944401957
O29:Coculture:F14:5-FU,O29,joint,37,1.57884648522
O29:Coculture:F14:5-FU,O29,joint,38,2.21601082992
O29:Coculture:F14:5-FU,O29,joint,39,5.62608101226
O29:Coculture:F14:5-FU,O29,joint,40,5.12501637115
O29:Coculture:F14:5-FU,O29,joint,41,5.69466287838
O29:Coculture:F14:5-FU,O29,joint,42,12.3202034039
O29:Coculture:F14:5-FU,O29,joint,43,11.8636107049
O29:Coculture:F14:5-FU,O29,joint,44,12.3644990549
O29:Coculture:F14:5-FU,O29,joint,45,-0.627219602372
O29:Coculture:F14:5-FU,O29,joint,46,-1.28449803638
O29:Coculture:F14:5-FU,O29,joint,47,-0.356639235493
O29:Coculture:F14:5-FU,O29,joint,48,3.14941262333
O29:Coculture:F14:5-FU,O29,joint,49,2.54009936679
O29:Coculture:F14:5-FU,O29,joint,50,3.36432832269
O29:Coculture:F14:5-FU,O29,joint,51,10.6830644966
O29:Coculture:F14:5-FU,O29,joint,52,10.1141391636
O29:Coculture:F14:5-FU,O29,joint,53,10.7883630451
O29:Coculture:F14:5-FU,O29,diagonal,0,6.62055334755
O29:Coculture:F14:5-FU,O29,diagonal,1,3.80639000522
O29:Coculture:F14:5-FU,O29,diagonal,2,5.97931947409
O29:Coculture:F14:5-FU,O29,diagonal,3,11.0163328872
O29:Coculture:F14:5-FU,O29,diagonal,4,8.31486844974
O29:Coculture:F14:5-FU,O29,diagonal,5,10.3854108542
O29:Coculture:F14:5-FU,O29,diagonal,6,17.3797645473
O29:Coculture:F14:5-FU,O29,diagonal,7,15.0266581174
O29:Coculture:F14:5-FU,O29,diagonal,8,16.8226671792
O29:Coculture:F14:5-FU,O29,diagonal,9,2.24608981021
O29:Coculture:F14:5-FU,O29,diagonal,10,-0.0780832816981
O29:Coculture:F14:5-FU,O29,diagonal,11,1.8405542755
O29:Coculture:F14:5-FU,O29,diagonal,12,7.63582046543
O29:Coculture:F14:5-FU,O29,diagonal,13,5.56217214236
O29:Coculture:F14:5-FU,O29,diagonal,14,7.34826587573
O29:Coculture:F14:5-FU,O29,diagonal,15,15.3534337408
O29:Coculture:F14:5-FU,O29,diagonal,16,13.5910401499
O29:Coculture:F14:5-FU,O29,diagonal,17,15.0697780919
O29:Coculture:F14:5-FU,O29,diagonal,18,0.728983767711
O29:Coculture:F14:5-FU,O29,diagonal,19,-2.06529128998
O29:Coculture:F14:5-FU,O29,diagonal,20,0.76908287225
O29:Coculture:F14:5-FU,O29,diagonal,21,6.77524976095
O29:Coculture:F14:5-FU,O29,diagonal,22,4.17269931245
O29:Coculture:F14:5-FU,O29,diagonal,23,6.54735902785
O29:Coculture:F14:5-FU,O29,diagonal,24,15.124206821
O29:Coculture:F14:5-FU,O29,diagonal,25,12.8067932637
O29:Coculture:F14:5-FU,O29,diagonal,26,14.6747808878
O29:Coculture:F14:5-FU,O29,diagonal,27,8.89642024955
O29:Coculture:F14:5-FU,O29,diagonal,28,8.18615941306
O29:Coculture:F14:5-FU,O29,diagonal,29,8.73807583047
O29:Coculture:F14:5-FU,O29,diagonal,30,12.9983178705
O29:Coculture:F14:5-FU,O29,diagonal,31,12.2947770349
O29:Coculture:F14:5-FU,O29,diagonal,32,12.8380094021
O29:Coculture:F14:5-FU,O29,diagonal,33,18.8360952142
O29:Coculture:F14:5-FU,O29,diagonal,34,18.1607291048
O29:Coculture:F14:5-FU,O29,diagonal,35,18.6783647059
O29:Coculture:F14:5-FU,O29,diagonal,36,3.40787943778
O29:Coculture:F14:5-FU,O29,diagonal,37,2.79299575547
O29:Coculture:F14:5-FU,O29,diagonal,38,3.29562208576
O29:Coculture:F14:5-FU,O29,diagonal,39,8.47451881702
O29:Coculture:F14:5-FU,O29,diagonal,40,7.89347554404
O29:Coculture:F14:5-FU,O29,diagonal,41,8.37313493334
O29:Coculture:F14:5-FU,O29,diagonal,42,15.8196139467
O29:Coculture:F14:5-FU,O29,diagonal,43,15.301201866
O29:Coculture:F14:5-FU,O29,diagonal,44,15.7477252993
O29:Coculture:F14:5-FU,O29,diagonal,45,0.410423440692
O29:Coculture:F14:5-FU,O29,diagonal,46,-0.366917697685
O29:Coculture:F14:5-FU,O29,diagonal,47,0.410135680952
O29:Coculture:F14:5-FU,O29,diagonal,48,6.2577106867
O29:Coculture:F14:5-FU,O29,diagonal,49,5.55914192227
O29:Coculture:F14:5-FU,O29,diagonal,50,6.26773546283
O29:Coculture:F14:5-FU,O29,diagonal,51,14.4735686643
O29:Coculture:F14:5-FU,O29,diagonal,52,13.8229310522
O29:Coculture:F14:5-FU,O29,diagonal,53,14.416595981
O29:Coculture:F14:Gef,O29,joint,0,8.86917654332
O29:Coculture:F14:Gef,O29,joint,1,6.83595050701
O29:Coculture:F14:Gef,O29,joint,2,9.71705494116
O29:Coculture:F14:Gef,O29,joint,3,8.99440292463
O29:Coculture:F14:Gef,O29,joint,4,7.08999733433
O29:Coculture:F14:Gef,O29,joint,5,9.70879079523
O29:Coculture:F14:Gef,O29,joint,6,14.0076062508
O29:Coculture:F14:Gef,O29,joint,7,12.3810675444
O29:Coculture:F14:Gef,O29,joint,8,14.3194744829
O29:Coculture:F14:Gef,O29,joint,9,5.19739234558
O29:Coculture:F14:Gef,O29,joint,10,4.60783866961
O29:Coculture:F14:Gef,O29,joint,11,8.30138357229
O29:Coculture:F14:Gef,O29,joint,12,5.76942114418
O29:Coculture:F14:Gef,O29,joint,13,4.74079828921
O29:Coculture:F14:Gef,O29,joint,14,7.55055446381
O29:Coculture:F14:Gef,O29,joint,15,12.1450272437
O29:Coculture:F14:Gef,O29,joint,16,10.8122110938
O29:Coculture:F14:Gef,O29,joint,17,12.5610793814
O29:Coculture:F14:Gef,O29,joint,18,8.58127322282
O29:Coculture:F14:Gef,O29,joint,19,8.67592556596
O29:Coculture:F14:Gef,O29,joint,20,14.5070261962
O29:Coculture:F14:Gef,O29,joint,21,6.90878686025
O29:Coculture:F14:Gef,O29,joint,22,5.1480197821
O29:Coculture:F14:Gef,O29,joint,23,8.37977891186
O29:Coculture:F14:Gef,O29,joint,24,12.4846819929
O29:Coculture:F14:Gef,O29,joint,25,10.2492968485
O29:Coculture:F14:Gef,O29,joint,26,12.0453820085
O29:Coculture:F14:Gef,O29,joint,27,11.6395522182
O29:Coculture:F14:Gef,O29,joint,28,11.1197262384
O29:Coculture:F14:Gef,O29,joint,29,11.8580994227
O29:Coculture:F14:Gef,O29,joint,30,11.606741873
O29:Coculture:F14:Gef,O29,joint,31,11.0984353639
O29:Coculture:F14:Gef,O29,joint,32,11.8187114725
O29:Coculture:F14:Gef,O29,joint,33,16.1809743497
O29:Coculture:F14:Gef,O29,joint,34,15.7048729521
O29:Coculture:F14:Gef,O29,joint,35,16.3595713174
O29:Coculture:F14:Gef,O29,joint,36,6.25788608486
O29:Coculture:F14:Gef,O29,joint,37,6.17528364335
O29:Coculture:F14:Gef,O29,joint,38,7.22296977508
O29:Coculture:F14:Gef,O29,joint,39,6.69860129845
O29:Coculture:F14:Gef,O29,joint,40,6.55121287946
O29:Coculture:F14:Gef,O29,joint,41,7.47459910513
O29:Coculture:F14:Gef,O29,joint,42,12.6460564048
O29:Coculture:F14:Gef,O29,joint,43,12.3889006911
O29:Coculture:F14:Gef,O29,joint,44,13.0913397348
O29:Coculture:F14:Gef,O29,joint,45,5.2723853571
O29:Coculture:F14:Gef,O29,joint,46,5.85113134745
O29:Coculture:F14:Gef,O29,joint,47,8.01376609515
O29:Coculture:F14:Gef,O29,joint,48,5.38280744719
O29:Coculture:F14:Gef,O29,joint,49,5.40647053297
O29:Coculture:F14:Gef,O29,joint,50,6.86424569054
O29:Coculture:F14:Gef,O29,joint,51,11.5870516816
O29:Coculture:F14:Gef,O29,joint,52,11.1468599121
O29:Coculture:F14:Gef,O29,joint,53,11.9547996945
O29:Coculture:F14:Gef,O29,diagonal,0,7.92469545749
O29:Coculture:F14:Gef,O29,diagonal,1,5.6385318676
O29:Coculture:F14:Gef,O29,diagonal,2,8.3423605544
O29:Coculture:F14:Gef,O29,diagonal,3,11.1033139644
O29:Coculture:F14:Gef,O29,diagonal,4,8.87630511221
O29:Coculture:F14:Gef,O29,diagonal,5,11.4219520374
O29:Coculture:F14:Gef,O29,diagonal,6,17.2430881118
O29:Coculture:F14:Gef,O29,diagonal,7,15.2200760522
O29:Coculture:F14:Gef,O29,diagonal,8,17.3462588113
O29:Coculture:F14:Gef,O29,diagonal,9,3.97744622228
O29:Coculture:F14:Gef,O29,diagonal,10,3.0046989153
O29:Coculture:F14:Gef,O29,diagonal,11,6.27922395534
O29:Coculture:F14:Gef,O29,diagonal,12,8.09489134006
O29:Coculture:F14:Gef,O29,diagonal,13,6.78879179338
O29:Coculture:F14:Gef,O29,diagonal,14,9.34223956549
O29:Coculture:F14:Gef,O29,diagonal,15,15.5044840885
O29:Coculture:F14:Gef,O29,diagonal,16,14.0500863714
O29:Coculture:F14:Gef,O29,diagonal,17,15.8388438994
O29:Coculture:F14:Gef,O29,diagonal,18,5.72536259461
O29:Coculture:F14:Gef,O29,diagonal,19,4.99862936156
O29:Coculture:F14:Gef,O29,diagonal,20,9.90040174269
O29:Coculture:F14:Gef,O29,diagonal,21,8.48786830563
O29:Coculture:F14:Gef,O29,diagonal,22,6.52789758244
O29:Coculture:F14:Gef,O29,diagonal,23,9.54662719502
O29:Coculture:F14:Gef,O29,diagonal,24,15.5335471985
O29:Coculture:F14:Gef,O29,diagonal,25,13.450718793
O29:Coculture:F14:Gef,O29,diagonal,26,15.5592246802
O29:Coculture:F14:Gef,O29,diagonal,27,10.442765226
O29:Coculture:F14:Gef,O29,diagonal,28,9.86634295212
O29:Coculture:F14:Gef,O29,diagonal,29,10.5531230412
O29:Coculture:F14:Gef,O29,diagonal,30,13.2913246096
O29:Coculture:F14:Gef,O29,diagonal,31,12.7197837121
O29:Coculture:F14:Gef,O29,diagonal,32,13.3957408838
O29:Coculture:F14:Gef,O29,diagonal,33,18.8082056257
O29:Coculture:F14:Gef,O29,diagonal,34,18.2514534127
O29:Coculture:F14:Gef,O29,diagonal,35,18.887865144
O29:Coculture:F14:Gef,O29,diagonal,36,5.12721163482
O29:Coculture:F14:Gef,O29,diagonal,37,4.95695855203
O29:Coculture:F14:Gef,O29,diagonal,38,5.90758486946
O29:Coculture:F14:Gef,O29,diagonal,39,8.8584548254
O29:Coculture:F14:Gef,O29,diagonal,40,8.61526799865
O29:Coculture:F14:Gef,O29,diagonal,41,9.43389925866
O29:Coculture:F14:Gef,O29,diagonal,42,15.8966846303
O29:Coculture:F14:Gef,O29,diagonal,43,15.5701597436
O29:Coculture:F14:Gef,O29,diagonal,44,16.2085216867
O29:Coculture:F14:Gef,O29,diagonal,45,3.56019433148
O29:Coculture:F14:Gef,O29,diagonal,46,3.85367028728
O29:Coculture:F14:Gef,O29,diagonal,47,5.70194682084
O29:Coculture:F14:Gef,O29,diagonal,48,7.4797479733
O29:Coculture:F14:Gef,O29,diagonal,49,7.29806466504
O29:Coculture:F14:Gef,O29,diagonal,50,8.52350776032
O29:Coculture:F14:Gef,O29,diagonal,51,14.8834978861
O29:Coculture:F14:Gef,O29,diagonal,52,14.3935052053
O29:Coculture:F14:Gef,O29,diagonal,53,15.1481876084
O29:Coculture:F14:Oxa,O29,joint,0,13.6127590174
O29:Coculture:F14:Oxa,O29,joint,1,10.4362865281
O29:Coculture:F14:Oxa,O29,joint,2,12.1741500945
O29:Coculture:F14:Oxa,O29,joint,3,11.1725049918
O29:Coculture:F14:Oxa,O29,joint,4,8.18921387205
O29:Coculture:F14:Oxa,O29,joint,5,9.72535259552
O29:Coculture:F14:Oxa,O29,joint,6,15.0654762092
O29:Coculture:F14:Oxa,O29,joint,7,12.6921662776
O29:Coculture:F14:Oxa,O29,joint,8,13.834402082
O29:Coculture:F14:Oxa,O29,joint,9,12.2901591767
O29:Coculture:F14:Oxa,O29,joint,10,10.0681423042
O29:Coculture:F14:Oxa,O29,joint,11,12.1289700251
O29:Coculture:F14:Oxa,O29,joint,12,7.88825885212
O29:Coculture:F14:Oxa,O29,joint,13,5.73393962337
O29:Coculture:F14:Oxa,O29,joint,14,7.4095445905
O29:Coculture:F14:Oxa,O29,joint,15,12.764749393
O29:Coculture:F14:Oxa,O29,joint,16,10.8535845337
O29:Coculture:F14:Oxa,O29,joint,17,11.9863960534
O29:Coculture:F14:Oxa,O29,joint,18,12.8378014909
O29:Coculture:F14:Oxa,O29,joint,19,10.3606698807
O29:Coculture:F14:Oxa,O29,joint,20,13.6177071202
O29:Coculture:F14:Oxa,O29,joint,21,7.46640125974
O29:Coculture:F14:Oxa,O29,joint,22,4.55571467555
O29:Coculture:F14:Oxa,O29,joint,23,6.61762494905
O29:Coculture:F14:Oxa,O29,joint,24,12.6575893512
O29:Coculture:F14:Oxa,O29,joint,25,9.98639454214
O29:Coculture:F14:Oxa,O29,joint,26,11.300723816
O29:Coculture:F14:Oxa,O29,joint,27,15.1532978376
O29:Coculture:F14:Oxa,O29,joint,28,14.3483737963
O29:Coculture:F14:Oxa,O29,joint,29,14.8009095491
O29:Coculture:F14:Oxa,O29,joint,30,12.8127454542
O29:Coculture:F14:Oxa,O29,joint,31,12.0186273319
O29:Coculture:F14:Oxa,O29,joint,32,12.4530932234
O29:Coculture:F14:Oxa,O29,joint,33,16.7517371452
O29:Coculture:F14:Oxa,O29,joint,34,16.0059143652
O29:Coculture:F14:Oxa,O29,joint,35,16.3899490461
O29:Coculture:F14:Oxa,O29,joint,36,12.0336403177
O29:Coculture:F14:Oxa,O29,joint,37,11.4962979711
O29:Coculture:F14:Oxa,O29,joint,38,12.0867175036
O29:Coculture:F14:Oxa,O29,joint,39,8.48809080868
O29:Coculture:F14:Oxa,O29,joint,40,7.93258659057
O29:Coculture:F14:Oxa,O29,joint,41,8.44779352079
O29:Coculture:F14:Oxa,O29,joint,42,13.1788390568
O29:Coculture:F14:Oxa,O29,joint,43,12.6402592496
O29:Coculture:F14:Oxa,O29,joint,44,13.0591604914
O29:Coculture:F14:Oxa,O29,joint,45,11.4986428916
O29:Coculture:F14:Oxa,O29,joint,46,11.0517222251
O29:Coculture:F14:Oxa,O29,joint,47,12.1899387935
O29:Coculture:F14:Oxa,O29,joint,48,6.43649974443
O29:Coculture:F14:Oxa,O29,joint,49,5.81721684187
O29:Coculture:F14:Oxa,O29,joint,50,6.63147615176
O29:Coculture:F14:Oxa,O29,joint,51,11.7109057033
O29:Coculture:F14:Oxa,O29,joint,52,10.9832340572
O29:Coculture:F14:Oxa,O29,joint,53,11.4987116256
O29:Coculture:F14:Oxa,O29,diagonal,0,10.6716138079
O29:Coculture:F14:Oxa,O29,diagonal,1,7.73739682574
O29:Coculture:F14:Oxa,O29,diagonal,2,9.79027265482
O29:Coculture:F14:Oxa,O29,diagonal,3,12.3771417718
O29:Coculture:F14:Oxa,O29,diagonal,4,9.53496959624
O29:Coculture:F14:Oxa,O29,diagonal,5,11.4648042625
O29:Coculture:F14:Oxa,O29,diagonal,6,17.9310431018
O29:Coculture:F14:Oxa,O29,diagonal,7,15.4102847648
O29:Coculture:F14:Oxa,O29,diagonal,8,17.0386419195
O29:Coculture:F14:Oxa,O29,diagonal,9,7.8043681754
O29:Coculture:F14:Oxa,O29,diagonal,10,5.84398031005
O29:Coculture:F14:Oxa,O29,diagonal,11,8.12640309382
O29:Coculture:F14:Oxa,O29,diagonal,12,9.23419339897
O29:Coculture:F14:Oxa,O29,diagonal,13,7.20794617414
O29:Coculture:F14:Oxa,O29,diagonal,14,9.04144100576
O29:Coculture:F14:Oxa,O29,diagonal,15,15.9480591635
O29:Coculture:F14:Oxa,O29,diagonal,16,14.0460155504
O29:Coculture:F14:Oxa,O29,diagonal,17,15.3851034701
O29:Coculture:F14:Oxa,O29,diagonal,18,7.3682576058
O29:Coculture:F14:Oxa,O29,diagonal,19,4.96727014113
O29:Coculture:F14:Oxa,O29,diagonal,20,8.19493189638
O29:Coculture:F14:Oxa,O29,diagonal,21,8.81288517923
O29:Coculture:F14:Oxa,O29,diagonal,22,6.02874504835
O29:Coculture:F14:Oxa,O29,diagonal,23,8.22181508137
O29:Coculture:F14:Oxa,O29,diagonal,24,15.8520896036
O29:Coculture:F14:Oxa,O29,diagonal,25,13.286576066
O29:Coculture:F14:Oxa,O29,diagonal,26,14.9064637097
O29:Coculture:F14:Oxa,O29,diagonal,27,12.3833974193
O29:Coculture:F14:Oxa,O29,diagonal,28,11.64542277
O29:Coculture:F14:Oxa,O29,diagonal,29,12.1696253747
O29:Coculture:F14:Oxa,O29,diagonal,30,14.0110829855
O29:Coculture:F14:Oxa,O29,diagonal,31,13.27752874
O29:Coculture:F14:Oxa,O29,diagonal,32,13.7907476973
O29:Coculture:F14:Oxa,O29,diagonal,33,19.1762974354
O29:Coculture:F14:Oxa,O29,diagonal,34,18.4657543915
O29:Coculture:F14:Oxa,O29,diagonal,35,18.948213058
O29:Coculture:F14:Oxa,O29,diagonal,36,8.47102080734
O29:Coculture:F14:Oxa,O29,diagonal,37,8.00398587344
O29:Coculture:F14:Oxa,O29,diagonal,38,8.65446095213
O29:Coculture:F14:Oxa,O29,diagonal,39,9.86408840832
O29:Coculture:F14:Oxa,O29,diagonal,40,9.37399144198
O29:Coculture:F14:Oxa,O29,diagonal,41,9.94459713792
O29:Coculture:F14:Oxa,O29,diagonal,42,16.2192071801
O29:Coculture:F14:Oxa,O29,diagonal,43,15.7126453739
O29:Coculture:F14:Oxa,O29,diagonal,44,16.1710190818
O29:Coculture:F14:Oxa,O29,diagonal,45,6.49571306451
O29:Coculture:F14:Oxa,O29,diagonal,46,6.09903049862
O29:Coculture:F14:Oxa,O29,diagonal,47,7.25674244974
O29:Coculture:F14:Oxa,O29,diagonal,48,7.91752914622
O29:Coculture:F14:Oxa,O29,diagonal,49,7.31728228005
O29:Coculture:F14:Oxa,O29,diagonal,50,8.12419771886
O29:Coculture:F14:Oxa,O29,diagonal,51,14.9829775189
O29:Coculture:F14:Oxa,O29,diagonal,52,14.2869424862
O29:Coculture:F14:Oxa,O29,diagonal,53,14.8352099944
O29:Coculture:F14:SN-38,O29,joint,0,12.8492193066
O29:Coculture:F14:SN-38,O29,joint,1,9.19922040853
O29:Coculture:F14:SN-38,O29,joint,2,10.4675888103
O29:Coculture:F14:SN-38,O29,joint,3,12.8799866894
O29:Coculture:F14:SN-38,O29,joint,4,9.36365407173
O29:Coculture:F14:SN-38,O29,joint,5,10.368991379
O29:Coculture:F14:SN-38,O29,joint,6,17.2481528547
O29:Coculture:F14:SN-38,O29,joint,7,14.2343208385
O29:Coculture:F14:SN-38,O29,joint,8,14.7211617642
O29:Coculture:F14:SN-38,O29,joint,9,19.3752083629
O29:Coculture:F14:SN-38,O29,joint,10,15.4695576806
O29:Coculture:F14:SN-38,O29,joint,11,15.8471310611
O29:Coculture:F14:SN-38,O29,joint,12,14.346165555
O29:Coculture:F14:SN-38,O29,joint,13,10.1553045275
O29:Coculture:F14:SN-38,O29,joint,14,9.79379597597
O29:Coculture:F14:SN-38,O29,joint,15,17.6917002876
O29:Coculture:F14:SN-38,O29,joint,16,14.1366865531
O29:Coculture:F14:SN-38,O29,joint,17,13.6084697981
O29:Coculture:F14:SN-38,O29,joint,18,39.8915776179
O29:Coculture:F14:SN-38,O29,joint,19,31.94330116
O29:Coculture:F14:SN-38,O29,joint,20,29.734737881
O29:Coculture:F14:SN-38,O29,joint,21,26.3154223144
O29:Coculture:F14:SN-38,O29,joint,22,19.2409597043
O29:Coculture:F14:SN-38,O29,joint,23,17.1340316627
O29:Coculture:F14:SN-38,O29,joint,24,23.2173848398
O29:Coculture:F14:SN-38,O29,joint,25,17.8093013237
O29:Coculture:F14:SN-38,O29,joint,26,16.3580621632
O29:Coculture:F14:SN-38,O29,joint,27,12.4083663436
O29:Coculture:F14:SN-38,O29,joint,28,11.4893626359
O29:Coculture:F14:SN-38,O29,joint,29,11.8286699984
O29:Coculture:F14:SN-38,O29,joint,30,12.5990287469
O29:Coculture:F14:SN-38,O29,joint,31,11.6865290224
O29:Coculture:F14:SN-38,O29,joint,32,12.0036211228
O29:Coculture:F14:SN-38,O29,joint,33,17.1620286283
O29:Coculture:F14:SN-38,O29,joint,34,16.2829454739
O29:Coculture:F14:SN-38,O29,joint,35,16.5342798007
O29:Coculture:F14:SN-38,O29,joint,36,12.6041937227
O29:Coculture:F14:SN-38,O29,joint,37,11.8733763403
O29:Coculture:F14:SN-38,O29,joint,38,12.2701878906
O29:Coculture:F14:SN-38,O29,joint,39,10.2507721001
O29:Coculture:F14:SN-38,O29,joint,40,9.27435942954
O29:Coculture:F14:SN-38,O29,joint,41,9.36875277464
O29:Coculture:F14:SN-38,O29,joint,42,14.7931431476
O29:Coculture:F14:SN-38,O29,joint,43,13.7454278907
O29:Coculture:F14:SN-38,O29,joint,44,13.6550507528
O29:Coculture:F14:SN-38,O29,joint,45,21.6267859685
O29:Coculture:F14:SN-38,O29,joint,46,19.8283214449
O29:Coculture:F14:SN-38,O29,joint,47,19.615445234
O29:Coculture:F14:SN-38,O29,joint,48,13.1973698183
O29:Coculture:F14:SN-38,O29,joint,49,11.2103007038
O29:Coculture:F14:SN-38,O29,joint,50,10.6581598841
O29:Coculture:F14:SN-38,O29,joint,51,16.4165531707
O29:Coculture:F14:SN-38,O29,joint,52,14.6479375182
O29:Coculture:F14:SN-38,O29,joint,53,14.1212055078
O29:Coculture:F14:SN-38,O29,diagonal,0,11.6018081679
O29:Coculture:F14:SN-38,O29,diagonal,1,8.22524216722
O29:Coculture:F14:SN-38,O29,diagonal,2,9.83762246107
O29:Coculture:F14:SN-38,O29,diagonal,3,14.377954589
O29:Coculture:F14:SN-38,O29,diagonal,4,11.1083321579
O29:Coculture:F14:SN-38,O29,diagonal,5,12.6119917936
O29:Coculture:F14:SN-38,O29,diagonal,6,19.7258480724
O29:Coculture:F14:SN-38,O29,diagonal,7,16.9421738056
O29:Coculture:F14:SN-38,O29,diagonal,8,18.3152869787
O29:Coculture:F14:SN-38,O29,diagonal,9,14.8578785761
O29:Coculture:F14:SN-38,O29,diagonal,10,10.9724045505
O29:Coculture:F14:SN-38,O29,diagonal,11,11.3248062489
O29:Coculture:F14:SN-38,O29,diagonal,12,15.0040760635
O29:Coculture:F14:SN-38,O29,diagonal,13,11.237336959
O29:Coculture:F14:SN-38,O29,diagonal,14,11.3270370655
O29:Coculture:F14:SN-38,O29,diagonal,15,19.7273411037
O29:Coculture:F14:SN-38,O29,diagonal,16,16.8819731809
O29:Coculture:F14:SN-38,O29,diagonal,17,17.2784954398
O29:Coculture:F14:SN-38,O29,diagonal,18,30.8574313526
O29:Coculture:F14:SN-38,O29,diagonal,19,23.9540185678
O29:Coculture:F14:SN-38,O29,diagonal,20,22.6719735244
O29:Coculture:F14:SN-38,O29,diagonal,21,24.2839647093
O29:Coculture:F14:SN-38,O29,diagonal,22,19.010364049
O29:Coculture:F14:SN-38,O29,diagonal,23,18.7115874223
O29:Coculture:F14:SN-38,O29,diagonal,24,22.7521643165
O29:Coculture:F14:SN-38,O29,diagonal,25,19.5215538043
O29:Coculture:F14:SN-38,O29,diagonal,26,20.4848234788
O29:Coculture:F14:SN-38,O29,diagonal,27,11.3594446903
O29:Coculture:F14:SN-38,O29,diagonal,28,10.5127106693
O29:Coculture:F14:SN-38,O29,diagonal,29,10.9288140012
O29:Coculture:F14:SN-38,O29,diagonal,30,14.2266304144
O29:Coculture:F14:SN-38,O29,diagonal,31,13.3824889143
O29:Coculture:F14:SN-38,O29,diagonal,32,13.7855839877
O29:Coculture:F14:SN-38,O29,diagonal,33,19.6737482376
O29:Coculture:F14:SN-38,O29,diagonal,34,18.8563426298
O29:Coculture:F14:SN-38,O29,diagonal,35,19.2322575387
O29:Coculture:F14:SN-38,O29,diagonal,36,9.97055321101
O29:Coculture:F14:SN-38,O29,diagonal,37,9.1839585721
O29:Coculture:F14:SN-38,O29,diagonal,38,9.51352131866
O29:Coculture:F14:SN-38,O29,diagonal,39,11.6409038065
O29:Coculture:F14:SN-38,O29,diagonal,40,10.6695353001
O29:Coculture:F14:SN-38,O29,diagonal,41,10.7576357247
O29:Coculture:F14:SN-38,O29,diagonal,42,17.6853722313
O29:Coculture:F14:SN-38,O29,diagonal,43,16.7436874552
O29:Coculture:F14:SN-38,O29,diagonal,44,16.7661124818
O29:Coculture:F14:SN-38,O29,diagonal,45,14.7468506581
O29:Coculture:F14:SN-38,O29,diagonal,46,12.9368249396
O29:Coculture:F14:SN-38,O29,diagonal,47,12.6790335101
O29:Coculture:F14:SN-38,O29,diagonal,48,13.8138599624
O29:Coculture:F14:SN-38,O29,diagonal,49,12.0880067662
O29:Coculture:F14:SN-38,O29,diagonal,50,11.7674955053
O29:Coculture:F14:SN-38,O29,diagonal,51,18.8735390985
O29:Coculture:F14:SN-38,O29,diagonal,52,17.5551389334
O29:Coculture:F14:SN-38,O29,diagonal,53,17.4804447767
O29:Monoculture::5-FU,O29,joint,0,3.74343754446
O29:Monoculture::5-FU,O29,joint,1,1.65825784558
O29:Monoculture::5-FU,O29,joint,2,4.48741420229
O29:Monoculture::5-FU,O29,joint,3,7.81530885288
O29:Monoculture::5-FU,O29,joint,4,5.80249692638
O29:Monoculture::5-FU,O29,joint,5,8.30911484313
O29:Monoculture::5-FU,O29,joint,6,13.7459565318
O29:Monoculture::5-FU,O29,joint,7,12.0340603571
O29:Monoculture::5-FU,O29,joint,8,13.8377099184
O29:Monoculture::5-FU,O29,joint,9,0.862428240699
O29:Monoculture::5-FU,O29,joint,10,-0.53125213427
O29:Monoculture::5-FU,O29,joint,11,2.35791208412
O29:Monoculture::5-FU,O29,joint,12,4.84833307113
O29:Monoculture::5-FU,O29,joint,13,3.26495002696
O29:Monoculture::5-FU,O29,joint,14,5.51149117866
O29:Monoculture::5-FU,O29,joint,15,11.8054570541
O29:Monoculture::5-FU,O29,joint,16,10.2873019696
O29:Monoculture::5-FU,O29,joint,17,11.813123264
O29:Monoculture::5-FU,O29,joint,18,2.87868061031
O29:Monoculture::5-FU,O29,joint,19,1.48091839422
O29:Monoculture::5-FU,O29,joint,20,5.81732502793
O29:Monoculture::5-FU,O29,joint,21,4.7561569637
O29:Monoculture::5-FU,O29,joint,22,2.58696303906
O29:Monoculture::5-FU,O29,joint,23,5.39036597212
O29:Monoculture::5-FU,O29,joint,24,11.6778430304
O29:Monoculture::5-FU,O29,joint,25,9.48857083533
O29:Monoculture::5-FU,O29,joint,26,11.2848227232
O29:Monoculture::5-FU,O29,joint,27,6.42215213792
O29:Monoculture::5-FU,O29,joint,28,5.89809860709
O29:Monoculture::5-FU,O29,joint,29,6.63150487034
O29:Monoculture::5-FU,O29,joint,30,10.3454150859
O29:Monoculture::5-FU,O29,joint,31,9.82412016123
O29:Monoculture::5-FU,O29,joint,32,10.5314092504
O29:Monoculture::5-FU,O29,joint,33,15.9124381104
O29:Monoculture::5-FU,O29,joint,34,15.4092351288
O29:Monoculture::5-FU,O29,joint,35,16.035889608
O29:Monoculture::5-FU,O29,joint,36,1.35123690621
O29:Monoculture::5-FU,O29,joint,37,1.09021068282
O29:Monoculture::5-FU,O29,joint,38,1.95694633848
O29:Monoculture::5-FU,O29,joint,39,5.63115807469
O29:Monoculture::5-FU,O29,joint,40,5.28273798094
O29:Monoculture::5-FU,O29,joint,41,6.00502903554
O29:Monoculture::5-FU,O29,joint,42,12.4188576116
O29:Monoculture::5-FU,O29,joint,43,12.0230118505
O29:Monoculture::5-FU,O29,joint,44,12.5846471385
O29:Monoculture::5-FU,O29,joint,45,0.908982875672
O29:Monoculture::5-FU,O29,joint,46,0.809016046209
O29:Monoculture::5-FU,O29,joint,47,2.29418645164
O29:Monoculture::5-FU,O29,joint,48,3.94671952427
O29:Monoculture::5-FU,O29,joint,49,3.59727897025
O29:Monoculture::5-FU,O29,joint,50,4.68138062868
O29:Monoculture::5-FU,O29,joint,51,11.0333446292
O29:Monoculture::5-FU,O29,joint,52,10.4910461481
O29:Monoculture::5-FU,O29,joint,53,11.1918968814
O29:Monoculture::5-FU,O29,diagonal,0,5.1481767068
O29:Monoculture::5-FU,O29,diagonal,1,3.38823096745
O29:Monoculture::5-FU,O29,diagonal,2,6.61537803931
O29:Monoculture::5-FU,O29,diagonal,3,10.155728661
O29:Monoculture::5-FU,O29,diagonal,4,8.44629238878
O29:Monoculture::5-FU,O29,diagonal,5,11.5088629584
O29:Monoculture::5-FU,O29,diagonal,6,16.7126972335
O29:Monoculture::5-FU,O29,diagonal,7,15.2015087347
O29:Monoculture::5-FU,O29,diagonal,8,17.8394357276
O29:Monoculture::5-FU,O29,diagonal,9,2.58325631688
O29:Monoculture::5-FU,O29,diagonal,10,1.60211254551
O29:Monoculture::5-FU,O29,diagonal,11,4.86377942325
O29:Monoculture::5-FU,O29,diagonal,12,7.69212118723
O29:Monoculture::5-FU,O29,diagonal,13,6.62510530775
O29:Monoculture::5-FU,O29,diagonal,14,9.41783148471
O29:Monoculture::5-FU,O29,diagonal,15,15.1170586374
O29:Monoculture::5-FU,O29,diagonal,16,14.0440178576
O29:Monoculture::5-FU,O29,diagonal,17,16.2121086106
O29:Monoculture::5-FU,O29,diagonal,18,4.60060347473
O29:Monoculture::5-FU,O29,diagonal,19,4.01001380369
O29:Monoculture::5-FU,O29,diagonal,20,9.04807335257
O29:Monoculture::5-FU,O29,diagonal,21,7.67314703677
O29:Monoculture::5-FU,O29,diagonal,22,6.22816283179
O29:Monoculture::5-FU,O29,diagonal,23,9.76038879071
O29:Monoculture::5-FU,O29,diagonal,24,14.8908480471
O29:Monoculture::5-FU,O29,diagonal,25,13.3962807544
O29:Monoculture::5-FU,O29,diagonal,26,16.087114643
O29:Monoculture::5-FU,O29,diagonal,27,7.90071558689
O29:Monoculture::5-FU,O29,diagonal,28,7.45890191412
O29:Monoculture::5-FU,O29,diagonal,29,8.27926549524
O29:Monoculture::5-FU,O29,diagonal,30,12.6302237103
O29:Monoculture::5-FU,O29,diagonal,31,12.1902372754
O29:Monoculture::5-FU,O29,diagonal,32,12.9970240434
O29:Monoculture::5-FU,O29,diagonal,33,18.6209441577
O29:Monoculture::5-FU,O29,diagonal,34,18.1935850896
O29:Monoculture::5-FU,O29,diagonal,35,18.959227732
O29:Monoculture::5-FU,O29,diagonal,36,3.14597037646
O29:Monoculture::5-FU,O29,diagonal,37,2.95785303001
O29:Monoculture::5-FU,O29,diagonal,38,3.88724569617
O29:Monoculture::5-FU,O29,diagonal,39,8.55881044369
O29:Monoculture::5-FU,O29,diagonal,40,8.31352450084
O29:Monoculture::5-FU,O29,diagonal,41,9.12894122028
O29:Monoculture::5-FU,O29,diagonal,42,15.8336891272
O29:Monoculture::5-FU,O29,diagonal,43,15.5669351573
O29:Monoculture::5-FU,O29,diagonal,44,16.2651167016
O29:Monoculture::5-FU,O29,diagonal,45,2.85419045453
O29:Monoculture::5-FU,O29,diagonal,46,2.9946597281
O29:Monoculture::5-FU,O29,diagonal,47,4.68952351868
O29:Monoculture::5-FU,O29,diagonal,48,7.22561561345
O29:Monoculture::5-FU,O29,diagonal,49,7.07796819569
O29:Monoculture::5-FU,O29,diagonal,50,8.33748308291
O29:Monoculture::5-FU,O29,diagonal,51,14.6980429833
O29:Monoculture::5-FU,O29,diagonal,52,14.336796932
O29:Monoculture::5-FU,O29,diagonal,53,15.2198534218
O29:Monoculture::Gef,O29,joint,0,25.9607389502
O29:Monoculture::Gef,O29,joint,1,19.9656441079
O29:Monoculture::Gef,O29,joint,2,18.8848797361
O29:Monoculture::Gef,O29,joint,3,16.456093579
O29:Monoculture::Gef,O29,joint,4,10.9983450015
O29:Monoculture::Gef,O29,joint,5,10.0637954752
O29:Monoculture::Gef,O29,joint,6,18.0392665466
O29:Monoculture::Gef,O29,joint,7,13.8104213153
O29:Monoculture::Gef,O29,joint,8,13.1465217289
O29:Monoculture::Gef,O29,joint,9,20.2088713106
O29:Monoculture::Gef,O29,joint,10,15.4060135862
O29:Monoculture::Gef,O29,joint,11,14.8862544404
O29:Monoculture::Gef,O29,joint,12,11.48555763
O29:Monoculture::Gef,O29,joint,13,7.35639353215
O29:Monoculture::Gef,O29,joint,14,7.06560846387
O29:Monoculture::Gef,O29,joint,15,15.0636013276
O29:Monoculture::Gef,O29,joint,16,11.6806199848
O29:Monoculture::Gef,O29,joint,17,11.3793230795
O29:Monoculture::Gef,O29,joint,18,19.7469715212
O29:Monoculture::Gef,O29,joint,19,14.5545334603
O29:Monoculture::Gef,O29,joint,20,15.0985436865
O29:Monoculture::Gef,O29,joint,21,11.521401251
O29:Monoculture::Gef,O29,joint,22,6.45460637088
O29:Monoculture::Gef,O29,joint,23,6.38033769866
O29:Monoculture::Gef,O29,joint,24,15.5959831794
O29:Monoculture::Gef,O29,joint,25,11.140041102
O29:Monoculture::Gef,O29,joint,26,10.7155693291
O29:Monoculture::Gef,O29,joint,27,25.0799974049
O29:Monoculture::Gef,O29,joint,28,23.5387552242
O29:Monoculture::Gef,O29,joint,29,23.2557122074
O29:Monoculture::Gef,O29,joint,30,15.8796324747
O29:Monoculture::Gef,O29,joint,31,14.3808587642
O29:Monoculture::Gef,O29,joint,32,14.1106676712
O29:Monoculture::Gef,O29,joint,33,18.0463970133
O29:Monoculture::Gef,O29,joint,34,16.6819598689
O29:Monoculture::Gef,O29,joint,35,16.4483224874
O29:Monoculture::Gef,O29,joint,36,18.8670767322
O29:Monoculture::Gef,O29,joint,37,17.5089792912
O29:Monoculture::Gef,O29,joint,38,17.2811704234
O29:Monoculture::Gef,O29,joint,39,10.4514710397
O29:Monoculture::Gef,O29,joint,40,9.2507566086
O29:Monoculture::Gef,O29,joint,41,9.12081682216
O29:Monoculture::Gef,O29,joint,42,14.0750905263
O29:Monoculture::Gef,O29,joint,43,13.0427995018
O29:Monoculture::Gef,O29,joint,44,12.9701032348
O29:Monoculture::Gef,O29,joint,45,16.3450855392
O29:Monoculture::Gef,O29,joint,46,14.8977992084
O29:Monoculture::Gef,O29,joint,47,15.034401635
O29:Monoculture::Gef,O29,joint,48,8.17423202178
O29:Monoculture::Gef,O29,joint,49,6.87612250655
O29:Monoculture::Gef,O29,joint,50,7.0121250631
O29:Monoculture::Gef,O29,joint,51,12.7402052793
O29:Monoculture::Gef,O29,joint,52,11.4735065593
O29:Monoculture::Gef,O29,joint,53,11.4549393912
O29:Monoculture::Gef,O29,diagonal,0,21.4690768673
O29:Monoculture::Gef,O29,diagonal,1,14.6166248726
O29:Monoculture::Gef,O29,diagonal,2,12.7541651546
O29:Monoculture::Gef,O29,diagonal,3,19.0052794405
O29:Monoculture::Gef,O29,diagonal,4,12.4551480641
O29:Monoculture::Gef,O29,diagonal,5,10.677672465
O29:Monoculture::Gef,O29,diagonal,6,22.9981617376
O29:Monoculture::Gef,O29,diagonal,7,17.2733153562
O29:Monoculture::Gef,O29,diagonal,8,15.6976637935
O29:Monoculture::Gef,O29,diagonal,9,16.5392825306
O29:Monoculture::Gef,O29,diagonal,10,11.0678760894
O29:Monoculture::Gef,O29,diagonal,11,9.84374199526
O29:Monoculture::Gef,O29,diagonal,12,14.3088470868
O29:Monoculture::Gef,O29,diagonal,13,9.40922938027
O29:Monoculture::Gef,O29,diagonal,14,8.36915899258
O29:Monoculture::Gef,O29,diagonal,15,19.7109823825
O29:Monoculture::Gef,O29,diagonal,16,15.4539033775
O29:Monoculture::Gef,O29,diagonal,17,14.4399796176
O29:Monoculture::Gef,O29,diagonal,18,16.8568247077
O29:Monoculture::Gef,O29,diagonal,19,10.3123607298
O29:Monoculture::Gef,O29,diagonal,20,9.3964023661
O29:Monoculture::Gef,O29,diagonal,21,15.167800793
O29:Monoculture::Gef,O29,diagonal,22,8.94064893363
O29:Monoculture::Gef,O29,diagonal,23,7.69219741002
O29:Monoculture::Gef,O29,diagonal,24,21.0169070815
O29:Monoculture::Gef,O29,diagonal,25,15.3594522789
O29:Monoculture::Gef,O29,diagonal,26,13.8933317692
O29:Monoculture::Gef,O29,diagonal,27,19.1879539076
O29:Monoculture::Gef,O29,diagonal,28,17.4515430642
O29:Monoculture::Gef,O29,diagonal,29,16.9783345837
O29:Monoculture::Gef,O29,diagonal,30,16.6774199621
O29:Monoculture::Gef,O29,diagonal,31,14.9643069634
O29:Monoculture::Gef,O29,diagonal,32,14.4986920339
O29:Monoculture::Gef,O29,diagonal,33,20.7836969948
O29:Monoculture::Gef,O29,diagonal,34,19.1461641507
O29:Monoculture::Gef,O29,diagonal,35,18.7017952509
O29:Monoculture::Gef,O29,diagonal,36,13.8167224864
O29:Monoculture::Gef,O29,diagonal,37,12.2841648152
O29:Monoculture::Gef,O29,diagonal,38,11.8724865442
O29:Monoculture::Gef,O29,diagonal,39,11.9989139025
O29:Monoculture::Gef,O29,diagonal,40,10.6310622922
O29:Monoculture::Gef,O29,diagonal,41,10.3250287686
O29:Monoculture::Gef,O29,diagonal,42,17.450173567
O29:Monoculture::Gef,O29,diagonal,43,16.2252691404
O29:Monoculture::Gef,O29,diagonal,44,15.9652515434
O29:Monoculture::Gef,O29,diagonal,45,11.9187540742
O29:Monoculture::Gef,O29,diagonal,46,10.120869868
O29:Monoculture::Gef,O29,diagonal,47,9.87778623958
O29:Monoculture::Gef,O29,diagonal,48,10.2626135016
O29:Monoculture::Gef,O29,diagonal,49,8.6264975071
O29:Monoculture::Gef,O29,diagonal,50,8.39750791618
O29:Monoculture::Gef,O29,diagonal,51,16.5534810079
O29:Monoculture::Gef,O29,diagonal,52,14.9966930431
O29:Monoculture::Gef,O29,diagonal,53,14.6845801622
O29:Monoculture::Oxa,O29,joint,0,6.60496491689
O29:Monoculture::Oxa,O29,joint,1,2.0407483868
O29:Monoculture::Oxa,O29,joint,2,2.39086791231
O29:Monoculture::Oxa,O29,joint,3,10.6039917306
O29:Monoculture::Oxa,O29,joint,4,6.30953267957
O29:Monoculture::Oxa,O29,joint,5,6.53450347174
O29:Monoculture::Oxa,O29,joint,6,16.1134274532
O29:Monoculture::Oxa,O29,joint,7,12.5858470872
O29:Monoculture::Oxa,O29,joint,8,12.5738124572
O29:Monoculture::Oxa,O29,joint,9,2.42235849628
O29:Monoculture::Oxa,O29,joint,10,-0.69016497378
O29:Monoculture::Oxa,O29,joint,11,0.480156149512
O29:Monoculture::Oxa,O29,joint,12,6.98780819489
O29:Monoculture::Oxa,O29,joint,13,3.77519796627
O29:Monoculture::Oxa,O29,joint,14,4.39251193353
O29:Monoculture::Oxa,O29,joint,15,14.1066899734
O29:Monoculture::Oxa,O29,joint,16,11.0299423393
O29:Monoculture::Oxa,O29,joint,17,10.9971710841
O29:Monoculture::Oxa,O29,joint,18,7.55931819119
O29:Monoculture::Oxa,O29,joint,19,4.50177131156
O29:Monoculture::Oxa,O29,joint,20,7.17839328172
O29:Monoculture::Oxa,O29,joint,21,9.84284103565
O29:Monoculture::Oxa,O29,joint,22,5.17854545753
O29:Monoculture::Oxa,O29,joint,23,5.4868467371
O29:Monoculture::Oxa,O29,joint,24,15.6967410575
O29:Monoculture::Oxa,O29,joint,25,11.073949153
O29:Monoculture::Oxa,O29,joint,26,10.4366813313
O29:Monoculture::Oxa,O29,joint,27,7.09419654938
O29:Monoculture::Oxa,O29,joint,28,5.93493840542
O29:Monoculture::Oxa,O29,joint,29,6.03314005554
O29:Monoculture::Oxa,O29,joint,30,11.0607969291
O29:Monoculture::Oxa,O29,joint,31,9.91974279653
O29:Monoculture::Oxa,O29,joint,32,10.0072726779
O29:Monoculture::Oxa,O29,joint,33,16.6096088299
O29:Monoculture::Oxa,O29,joint,34,15.5359940671
O29:Monoculture::Oxa,O29,joint,35,15.5922367651
O29:Monoculture::Oxa,O29,joint,36,1.4233702775
O29:Monoculture::Oxa,O29,joint,37,0.669147618706
O29:Monoculture::Oxa,O29,joint,38,1.04268683896
O29:Monoculture::Oxa,O29,joint,39,6.02114063858
O29:Monoculture::Oxa,O29,joint,40,5.24300977107
O29:Monoculture::Oxa,O29,joint,41,5.53559005189
O29:Monoculture::Oxa,O29,joint,42,12.9537263925
O29:Monoculture::Oxa,O29,joint,43,12.1505738354
O29:Monoculture::Oxa,O29,joint,44,12.3049023272
O29:Monoculture::Oxa,O29,joint,45,0.794574566587
O29:Monoculture::Oxa,O29,joint,46,0.501474035821
O29:Monoculture::Oxa,O29,joint,47,1.79351073995
O29:Monoculture::Oxa,O29,joint,48,5.11687891949
O29:Monoculture::Oxa,O29,joint,49,4.35249219959
O29:Monoculture::Oxa,O29,joint,50,5.02164769213
O29:Monoculture::Oxa,O29,joint,51,12.3050156472
O29:Monoculture::Oxa,O29,joint,52,11.1389417527
O29:Monoculture::Oxa,O29,joint,53,11.2160170726
O29:Monoculture::Oxa,O29,diagonal,0,8.39942938228
O29:Monoculture::Oxa,O29,diagonal,1,3.58024823718
O29:Monoculture::Oxa,O29,diagonal,2,3.74815990328
O29:Monoculture::Oxa,O29,diagonal,3,13.4904973785
O29:Monoculture::Oxa,O29,diagonal,4,8.85558042133
O29:Monoculture::Oxa,O29,diagonal,5,8.992670306
O29:Monoculture::Oxa,O29,diagonal,6,19.7467251419
O29:Monoculture::Oxa,O29,diagonal,7,15.6708175729
O29:Monoculture::Oxa,O29,diagonal,8,15.7440254957
O29:Monoculture::Oxa,O29,diagonal,9,3.80699136175
O29:Monoculture::Oxa,O29,diagonal,10,0.588041422788
O29:Monoculture::Oxa,O29,diagonal,11,1.61190213293
O29:Monoculture::Oxa,O29,diagonal,12,9.93156669745
O29:Monoculture::Oxa,O29,diagonal,13,6.66753321796
O29:Monoculture::Oxa,O29,diagonal,14,7.26324179492
O29:Monoculture::Oxa,O29,diagonal,15,17.5269346752
O29:Monoculture::Oxa,O29,diagonal,16,14.4560934599
O29:Monoculture::Oxa,O29,diagonal,17,14.6263837774
O29:Monoculture::Oxa,O29,diagonal,18,7.81644120933
O29:Monoculture::Oxa,O29,diagonal,19,4.37854179595
O29:Monoculture::Oxa,O29,diagonal,20,6.5692916025
O29:Monoculture::Oxa,O29,diagonal,21,11.9079114851
O29:Monoculture::Oxa,O29,diagonal,22,7.43749992367
O29:Monoculture::Oxa,O29,diagonal,23,7.94429852609
O29:Monoculture::Oxa,O29,diagonal,24,18.3721404181
O29:Monoculture::Oxa,O29,diagonal,25,14.2330305167
O29:Monoculture::Oxa,O29,diagonal,26,14.2793217966
O29:Monoculture::Oxa,O29,diagonal,27,8.59093954893
O29:Monoculture::Oxa,O29,diagonal,28,7.37344459741
O29:Monoculture::Oxa,O29,diagonal,29,7.41812689978
O29:Monoculture::Oxa,O29,diagonal,30,13.4430368791
O29:Monoculture::Oxa,O29,diagonal,31,12.2382415929
O29:Monoculture::Oxa,O29,diagonal,32,12.2802195094
O29:Monoculture::Oxa,O29,diagonal,33,19.454636337
O29:Monoculture::Oxa,O29,diagonal,34,18.2959070977
O29:Monoculture::Oxa,O29,diagonal,35,18.3301795689
O29:Monoculture::Oxa,O29,diagonal,36,2.97660139241
O29:Monoculture::Oxa,O29,diagonal,37,2.1843335885
O29:Monoculture::Oxa,O29,diagonal,38,2.5095757972
O29:Monoculture::Oxa,O29,diagonal,39,8.8647442049
O29:Monoculture::Oxa,O29,diagonal,40,8.06000672016
O29:Monoculture::Oxa,O29,diagonal,41,8.3159718977
O29:Monoculture::Oxa,O29,diagonal,42,16.3935505047
O29:Monoculture::Oxa,O29,diagonal,43,15.5775421349
O29:Monoculture::Oxa,O29,diagonal,44,15.7264692791
O29:Monoculture::Oxa,O29,diagonal,45,1.99583631464
O29:Monoculture::Oxa,O29,diagonal,46,1.56810782677
O29:Monoculture::Oxa,O29,diagonal,47,2.69477385592
O29:Monoculture::Oxa,O29,diagonal,48,8.0295750471
O29:Monoculture::Oxa,O29,diagonal,49,7.17010019376
O29:Monoculture::Oxa,O29,diagonal,50,7.71778764539
O29:Monoculture::Oxa,O29,diagonal,51,15.7567340954
O29:Monoculture::Oxa,O29,diagonal,52,14.639131205
O29:Monoculture::Oxa,O29,diagonal,53,14.7658308556
O29:Monoculture::SN-38,O29,joint,0,9.45579742395
O29:Monoculture::SN-38,O29,joint,1,5.07988233376
O29:Monoculture::SN-38,O29,joint,2,5.62233454332
O29:Monoculture::SN-38,O29,joint,3,12.1446927715
O29:Monoculture::SN-38,O29,joint,4,8.07666151648
O29:Monoculture::SN-38,O29,joint,5,8.5303001863
O29:Monoculture::SN-38,O29,joint,6,17.111561613
O29:Monoculture::SN-38,O29,joint,7,13.7953048759
O29:Monoculture::SN-38,O29,joint,8,13.9797210807
O29:Monoculture::SN-38,O29,joint,9,11.493663466
O29:Monoculture::SN-38,O29,joint,10,6.01965460473
O29:Monoculture::SN-38,O29,joint,11,4.82886980609
O29:Monoculture::SN-38,O29,joint,12,12.4778815735
O29:Monoculture::SN-38,O29,joint,13,7.56205482388
O29:Monoculture::SN-38,O29,joint,14,6.47558055031
O29:Monoculture::SN-38,O29,joint,15,17.1825420335
O29:Monoculture::SN-38,O29,joint,16,13.3586931041
O29:Monoculture::SN-38,O29,joint,17,12.5616411542
O29:Monoculture::SN-38,O29,joint,18,26.8270571645
O29:Monoculture::SN-38,O29,joint,19,17.5033222404
O29:Monoculture::SN-38,O29,joint,20,13.9193004952
O29:Monoculture::SN-38,O29,joint,21,22.3721132928
O29:Monoculture::SN-38,O29,joint,22,14.8440610635
O29:Monoculture::SN-38,O29,joint,23,12.2835434027
O29:Monoculture::SN-38,O29,joint,24,21.8831847196
O29:Monoculture::SN-38,O29,joint,25,16.3502851644
O29:Monoculture::SN-38,O29,joint,26,14.774229965
O29:Monoculture::SN-38,O29,joint,27,8.87443922405
O29:Monoculture::SN-38,O29,joint,28,7.75635308036
O29:Monoculture::SN-38,O29,joint,29,7.89657800682
O29:Monoculture::SN-38,O29,joint,30,11.7506732762
O29:Monoculture::SN-38,O29,joint,31,10.6566945037
O29:Monoculture::SN-38,O29,joint,32,10.7923075561
O29:Monoculture::SN-38,O29,joint,33,16.9782051489
O29:Monoculture::SN-38,O29,joint,34,15.9611973351
O29:Monoculture::SN-38,O29,joint,35,16.0746070026
O29:Monoculture::SN-38,O29,joint,36,6.05864974631
O29:Monoculture::SN-38,O29,joint,37,4.61531416699
O29:Monoculture::SN-38,O29,joint,38,4.29960752042
O29:Monoculture::SN-38,O29,joint,39,8.28038587588
O29:Monoculture::SN-38,O29,joint,40,6.91188366056
O29:Monoculture::SN-38,O29,joint,41,6.6141874609
O29:Monoculture::SN-38,O29,joint,42,14.3260721522
O29:Monoculture::SN-38,O29,joint,43,13.0971154648
O29:Monoculture::SN-38,O29,joint,44,12.8254968964
O29:Monoculture::SN-38,O29,joint,45,9.19788796435
O29:Monoculture::SN-38,O29,joint,46,6.57239893908
O29:Monoculture::SN-38,O29,joint,47,5.53249822654
O29:Monoculture::SN-38,O29,joint,48,9.93123970496
O29:Monoculture::SN-38,O29,joint,49,7.60030597394
O29:Monoculture::SN-38,O29,joint,50,6.70430053765
O29:Monoculture::SN-38,O29,joint,51,15.4307259153
O29:Monoculture::SN-38,O29,joint,52,13.548712858
O29:Monoculture::SN-38,O29,joint,53,12.9085834428
O29:Monoculture::SN-38,O29,diagonal,0,10.0234129767
O29:Monoculture::SN-38,O29,diagonal,1,5.69365609549
O29:Monoculture::SN-38,O29,diagonal,2,6.35284550877
O29:Monoculture::SN-38,O29,diagonal,3,14.2883834538
O29:Monoculture::SN-38,O29,diagonal,4,10.2472023334
O29:Monoculture::SN-38,O29,diagonal,5,10.9793032799
O29:Monoculture::SN-38,O29,diagonal,6,19.9139859682
O29:Monoculture::SN-38,O29,diagonal,7,16.6004224444
O29:Monoculture::SN-38,O29,diagonal,8,17.4436463605
O29:Monoculture::SN-38,O29,diagonal,9,10.7793035736
O29:Monoculture::SN-38,O29,diagonal,10,5.55372489533
O29:Monoculture::SN-38,O29,diagonal,11,4.56602194096
O29:Monoculture::SN-38,O29,diagonal,12,14.1436454909
O29:Monoculture::SN-38,O29,diagonal,13,9.70536561705
O29:Monoculture::SN-38,O29,diagonal,14,9.12352495416
O29:Monoculture::SN-38,O29,diagonal,15,19.4921125192
O29:Monoculture::SN-38,O29,diagonal,16,16.2886034065
O29:Monoculture::SN-38,O29,diagonal,17,16.3269844753
O29:Monoculture::SN-38,O29,diagonal,18,23.3317796628
O29:Monoculture::SN-38,O29,diagonal,19,15.2946277068
O29:Monoculture::SN-38,O29,diagonal,20,12.8788434922
O29:Monoculture::SN-38,O29,diagonal,21,21.5120193264
O29:Monoculture::SN-38,O29,diagonal,22,15.6875641966
O29:Monoculture::SN-38,O29,diagonal,23,14.8379331004
O29:Monoculture::SN-38,O29,diagonal,24,21.8673327378
O29:Monoculture::SN-38,O29,diagonal,25,18.234565498
O29:Monoculture::SN-38,O29,diagonal,26,18.7956784449
O29:Monoculture::SN-38,O29,diagonal,27,9.47784881376
O29:Monoculture::SN-38,O29,diagonal,28,8.37196691163
O29:Monoculture::SN-38,O29,diagonal,29,8.52892236251
O29:Monoculture::SN-38,O29,diagonal,30,13.8320316166
O29:Monoculture::SN-38,O29,diagonal,31,12.7495923963
O29:Monoculture::SN-38,O29,diagonal,32,12.9143897497
O29:Monoculture::SN-38,O29,diagonal,33,19.6513554538
O29:Monoculture::SN-38,O29,diagonal,34,18.6410601737
O29:Monoculture::SN-38,O29,diagonal,35,18.8240854103
O29:Monoculture::SN-38,O29,diagonal,36,6.0521788011
O29:Monoculture::SN-38,O29,diagonal,37,4.65438299455
O29:Monoculture::SN-38,O29,diagonal,38,4.37274457347
O29:Monoculture::SN-38,O29,diagonal,39,10.6212600558
O29:Monoculture::SN-38,O29,diagonal,40,9.31486538627
O29:Monoculture::SN-38,O29,diagonal,41,9.06793964768
O29:Monoculture::SN-38,O29,diagonal,42,17.4702645881
O29:Monoculture::SN-38,O29,diagonal,43,16.3606946197
O29:Monoculture::SN-38,O29,diagonal,44,16.2152344539
O29:Monoculture::SN-38,O29,diagonal,45,8.13465985955
O29:Monoculture::SN-38,O29,diagonal,46,5.68600710822
O29:Monoculture::SN-38,O29,diagonal,47,4.78958864594
O29:Monoculture::SN-38,O29,diagonal,48,11.9324470399
O29:Monoculture::SN-38,O29,diagonal,49,9.92315905092
O29:Monoculture::SN-38,O29,diagonal,50,9.31921299728
O29:Monoculture::SN-38,O29,diagonal,51,18.1805527528
O29:Monoculture::SN-38,O29,diagonal,52,16.7244389703
O29:Monoculture::SN-38,O29,diagonal,53,16.5120311962
