organoid_id,policy,method,budget,mse
O01,control_first_space,constant,3,0.524207047828
O01,control_first_space,constant,4,0.604339237254
O01,control_first_space,constant,5,0.919422639429
O01,control_first_space,constant,6,0.841926001428
O01,control_first_space,constant,7,0.785924904966
O01,control_first_space,constant,8,0.65622787291
O01,control_first_space,constant,9,0.586009500997
O01,control_first_space,constant,10,0.588320193619
O01,control_first_space,constant,11,0.582655117035
O01,control_first_space,constant,12,0.590904442181
O01,control_first_space,constant,13,0.52473561575
O01,control_first_space,constant,14,0.556836238942
O01,control_first_space,constant,15,0.555192193049
O01,control_first_space,constant,16,0.5474637245
O01,control_first_space,linear,3,0.167006327027
O01,control_first_space,linear,4,0.26042625318
O01,control_first_space,linear,5,1.48354281823
O01,control_first_space,linear,6,1.28561157125
O01,control_first_space,linear,7,1.0912466403
O01,control_first_space,linear,8,0.916157400006
O01,control_first_space,linear,9,0.863418407033
O01,control_first_space,linear,10,0.862149861109
O01,control_first_space,linear,11,0.876187770015
O01,control_first_space,linear,12,0.864257830233
O01,control_first_space,linear,13,0.302550421713
O01,control_first_space,linear,14,0.403661466176
O01,control_first_space,linear,15,0.403955799505
O01,control_first_space,linear,16,0.409295580733
O01,control_first_space,pchip,3,0.260790319625
O01,control_first_space,pchip,4,0.417327443279
O01,control_first_space,pchip,5,1.9690379262
O01,control_first_space,pchip,6,1.32234442707
O01,control_first_space,pchip,7,1.12836689728
O01,control_first_space,pchip,8,0.922644070209
O01,control_first_space,pchip,9,0.863418407033
O01,control_first_space,pchip,10,0.862149861109
O01,control_first_space,pchip,11,0.876187770015
O01,control_first_space,pchip,12,0.864257830233
O01,control_first_space,pchip,13,0.302550421713
O01,control_first_space,pchip,14,0.403661466176
O01,control_first_space,pchip,15,0.403955799505
O01,control_first_space,pchip,16,0.409295580733
O01,random,constant,3,0.524207047828
O01,random,constant,4,0.690405430843
O01,random,constant,5,0.735860561374
O01,random,constant,6,0.728510536728
O01,random,constant,7,0.712790605251
O01,random,constant,8,0.680329444032
O01,random,constant,9,0.644718038281
O01,random,constant,10,0.630255286319
O01,random,constant,11,0.604930567028
O01,random,constant,12,0.596393196712
O01,random,constant,13,0.573200888937
O01,random,constant,14,0.579602966024
O01,random,constant,15,0.560055325873
O01,random,constant,16,0.5474637245
O01,random,linear,3,0.167006327027
O01,random,linear,4,0.532886034634
O01,random,linear,5,0.696512078113
O01,random,linear,6,0.704386595774
O01,random,linear,7,0.692004807145
O01,random,linear,8,0.720092932536
O01,random,linear,9,0.582464631661
O01,random,linear,10,0.54482831094
O01,random,linear,11,0.485050182443
O01,random,linear,12,0.518871538729
O01,random,linear,13,0.49791496167
O01,random,linear,14,0.516419470573
O01,random,linear,15,0.448730515255
O01,random,linear,16,0.409295580733
O01,random,pchip,3,0.260790319625
O01,random,pchip,4,0.703073753527
O01,random,pchip,5,0.879803785782
O01,random,pchip,6,0.845996440544
O01,random,pchip,7,0.76147041974
O01,random,pchip,8,0.776760100696
O01,random,pchip,9,0.61246258575
O01,random,pchip,10,0.550843224461
O01,random,pchip,11,0.486177500829
O01,random,pchip,12,0.520832498009
O01,random,pchip,13,0.498077284437
O01,random,pchip,14,0.516419470573
O01,random,pchip,15,0.448730515255
O01,random,pchip,16,0.409295580733
O01,space_filling,constant,3,0.524207047828
O01,space_filling,constant,4,1.12115263211
O01,space_filling,constant,5,1.01848636116
O01,space_filling,constant,6,0.965160859005
O01,space_filling,constant,7,0.79098664684
O01,space_filling,constant,8,0.705636609586
O01,space_filling,constant,9,0.586009500997
O01,space_filling,constant,10,0.588320193619
O01,space_filling,constant,11,0.582655117035
O01,space_filling,constant,12,0.590904442181
O01,space_filling,constant,13,0.52473561575
O01,space_filling,constant,14,0.556836238942
O01,space_filling,constant,15,0.555192193049
O01,space_filling,constant,16,0.5474637245
O01,space_filling,linear,3,0.167006327027
O01,space_filling,linear,4,1.74957114414
O01,space_filling,linear,5,1.4974727375
O01,space_filling,linear,6,1.27086116535
O01,space_filling,linear,7,1.00720610884
O01,space_filling,linear,8,0.983045515622
O01,space_filling,linear,9,0.863418407033
O01,space_filling,linear,10,0.862149861109
O01,space_filling,linear,11,0.876187770015
O01,space_filling,linear,12,0.864257830233
O01,space_filling,linear,13,0.302550421713
O01,space_filling,linear,14,0.403661466176
O01,space_filling,linear,15,0.403955799505
O01,space_filling,linear,16,0.409295580733
O01,space_filling,pchip,3,0.260790319625
O01,space_filling,pchip,4,2.32586543082
O01,space_filling,pchip,5,1.56700150202
O01,space_filling,pchip,6,1.33910357193
O01,space_filling,pchip,7,1.00871387506
O01,space_filling,pchip,8,0.983045515622
O01,space_filling,pchip,9,0.863418407033
O01,space_filling,pchip,10,0.862149861109
O01,space_filling,pchip,11,0.876187770015
O01,space_filling,pchip,12,0.864257830233
O01,space_filling,pchip,13,0.302550421713
O01,space_filling,pchip,14,0.403661466176
O01,space_filling,pchip,15,0.403955799505
O01,space_filling,pchip,16,0.409295580733
O02,control_first_space,constant,3,1.03529593781
O02,control_first_space,constant,4,0.850020003998
O02,control_first_space,constant,5,0.928059050797
O02,control_first_space,constant,6,0.845278070274
O02,control_first_space,constant,7,0.847203412338
O02,control_first_space,constant,8,0.945611898861
O02,control_first_space,constant,9,1.09405739082
O02,control_first_space,constant,10,1.10231268453
O02,control_first_space,constant,11,1.09445167631
O02,control_first_space,constant,12,1.08853252427
O02,control_first_space,constant,13,1.08783609509
O02,control_first_space,constant,14,1.06417310639
O02,control_first_space,constant,15,1.06850389823
O02,control_first_space,constant,16,1.10964464057
O02,control_first_space,linear,3,0.41043776434
O02,control_first_space,linear,4,0.156772923877
O02,control_first_space,linear,5,0.282023706973
O02,control_first_space,linear,6,0.251308381813
O02,control_first_space,linear,7,0.288607830197
O02,control_first_space,linear,8,0.346521212269
O02,control_first_space,linear,9,0.364825266595
O02,control_first_space,linear,10,0.373960231268
O02,control_first_space,linear,11,0.363202339729
O02,control_first_space,linear,12,0.358326567836
O02,control_first_space,linear,13,0.357361719927
O02,control_first_space,linear,14,0.310584222593
O02,control_first_space,linear,15,0.312082788009
O02,control_first_space,linear,16,0.320119678631
O02,control_first_space,pchip,3,1.2555201872
O02,control_first_space,pchip,4,0.457982619992
O02,control_first_space,pchip,5,0.35278867504
O02,control_first_space,pchip,6,0.269732302467
O02,control_first_space,pchip,7,0.296155412484
O02,control_first_space,pchip,8,0.348911378717
O02,control_first_space,pchip,9,0.364825266595
O02,control_first_space,pchip,10,0.373960231268
O02,control_first_space,pchip,11,0.363202339729
O02,control_first_space,pchip,12,0.358326567836
O02,control_first_space,pchip,13,0.357361719927
O02,control_first_space,pchip,14,0.310584222593
O02,control_first_space,pchip,15,0.312082788009
O02,control_first_space,pchip,16,0.320119678631
O02,random,constant,3,1.03529593781
O02,random,constant,4,1.24647452851
O02,random,constant,5,1.22647525527
O02,random,constant,6,1.29969240208
O02,random,constant,7,1.26271112494
O02,random,constant,8,1.21174606336
O02,random,constant,9,1.22635362781
O02,random,constant,10,1.21848366566
O02,random,constant,11,1.23048365711
O02,random,constant,12,1.19794245734
O02,random,constant,13,1.16335014132
O02,random,constant,14,1.1695630702
O02,random,constant,15,1.12515896002
O02,random,constant,16,1.10964464057
O02,random,linear,3,0.41043776434
O02,random,linear,4,0.561599138569
O02,random,linear,5,0.588361882255
O02,random,linear,6,0.607266505214
O02,random,linear,7,0.558029976812
O02,random,linear,8,0.51508496229
O02,random,linear,9,0.52163364935
O02,random,linear,10,0.510530519891
O02,random,linear,11,0.503878335371
O02,random,linear,12,0.437219572724
O02,random,linear,13,0.389959250165
O02,random,linear,14,0.386106733201
O02,random,linear,15,0.334980125591
O02,random,linear,16,0.320119678631
O02,random,pchip,3,1.2555201872
O02,random,pchip,4,1.04742998359
O02,random,pchip,5,0.731430544559
O02,random,pchip,6,0.634000677515
O02,random,pchip,7,0.567689890883
O02,random,pchip,8,0.515676948443
O02,random,pchip,9,0.521453701397
O02,random,pchip,10,0.512336263558
O02,random,pchip,11,0.503859588288
O02,random,pchip,12,0.436382099568
O02,random,pchip,13,0.390159018433
O02,random,pchip,14,0.386106733201
O02,random,pchip,15,0.334980125591
O02,random,pchip,16,0.320119678631
O02,space_filling,constant,3,1.03529593781
O02,space_filling,constant,4,1.26598662801
O02,space_filling,constant,5,1.00059532579
O02,space_filling,constant,6,1.01742442326
O02,space_filling,constant,7,1.30427905383
O02,space_filling,constant,8,1.58311748684
O02,space_filling,constant,9,1.09405739082
O02,space_filling,constant,10,1.10231268453
O02,space_filling,constant,11,1.09445167631
O02,space_filling,constant,12,1.08853252427
O02,space_filling,constant,13,1.08783609509
O02,space_filling,constant,14,1.06417310639
O02,space_filling,constant,15,1.06850389823
O02,space_filling,constant,16,1.10964464057
O02,space_filling,linear,3,0.41043776434
O02,space_filling,linear,4,0.675556824566
O02,space_filling,linear,5,0.620911470364
O02,space_filling,linear,6,0.672031155346
O02,space_filling,linear,7,0.825751187151
O02,space_filling,linear,8,0.853885362617
O02,space_filling,linear,9,0.364825266595
O02,space_filling,linear,10,0.373960231268
O02,space_filling,linear,11,0.363202339729
O02,space_filling,linear,12,0.358326567836
O02,space_filling,linear,13,0.357361719927
O02,space_filling,linear,14,0.310584222593
O02,space_filling,linear,15,0.312082788009
O02,space_filling,linear,16,0.320119678631
O02,space_filling,pchip,3,1.2555201872
O02,space_filling,pchip,4,0.798818537458
O02,space_filling,pchip,5,0.665914450105
O02,space_filling,pchip,6,0.701385823242
O02,space_filling,pchip,7,0.83811378522
O02,space_filling,pchip,8,0.853885362617
O02,space_filling,pchip,9,0.364825266595
O02,space_filling,pchip,10,0.373960231268
O02,space_filling,pchip,11,0.363202339729
O02,space_filling,pchip,12,0.358326567836
O02,space_filling,pchip,13,0.357361719927
O02,space_filling,pchip,14,0.310584222593
O02,space_filling,pchip,15,0.312082788009
O02,space_filling,pchip,16,0.320119678631
O03,control_first_space,constant,3,1.71269008375
O03,control_first_space,constant,4,1.57393637953
O03,control_first_space,constant,5,1.49497824083
O03,control_first_space,constant,6,1.47875364089
O03,control_first_space,constant,7,1.54252199862
O03,control_first_space,constant,8,1.50133028546
O03,control_first_space,constant,9,1.45739767859
O03,control_first_space,constant,10,1.45768672036
O03,control_first_space,constant,11,1.45519398664
O03,control_first_space,constant,12,1.45164388567
O03,control_first_space,constant,13,1.44930590074
O03,control_first_space,constant,14,1.44939762621
O03,control_first_space,constant,15,1.4511840407
O03,control_first_space,constant,16,1.46176996762
O03,control_first_space,linear,3,0.508440557705
O03,control_first_space,linear,4,0.338641140761
O03,control_first_space,linear,5,0.204500990715
O03,control_first_space,linear,6,0.164378913521
O03,control_first_space,linear,7,0.134608212195
O03,control_first_space,linear,8,0.13565200388
O03,control_first_space,linear,9,0.136173441336
O03,control_first_space,linear,10,0.136164593821
O03,control_first_space,linear,11,0.127354876216
O03,control_first_space,linear,12,0.123199291261
O03,control_first_space,linear,13,0.113332000528
O03,control_first_space,linear,14,0.113086144691
O03,control_first_space,linear,15,0.111725003598
O03,control_first_space,linear,16,0.080926131541
O03,control_first_space,pchip,3,1.06980715348
O03,control_first_space,pchip,4,0.600922696471
O03,control_first_space,pchip,5,0.188276679932
O03,control_first_space,pchip,6,0.179527835478
O03,control_first_space,pchip,7,0.140958057907
O03,control_first_space,pchip,8,0.134250592283
O03,control_first_space,pchip,9,0.136173441336
O03,control_first_space,pchip,10,0.136164593821
O03,control_first_space,pchip,11,0.127354876216
O03,control_first_space,pchip,12,0.123199291261
O03,control_first_space,pchip,13,0.113332000528
O03,control_first_space,pchip,14,0.113086144691
O03,control_first_space,pchip,15,0.111725003598
O03,control_first_space,pchip,16,0.080926131541
O03,random,constant,3,1.71269008375
O03,random,constant,4,1.68678789298
O03,random,constant,5,1.61829960031
O03,random,constant,6,1.57814343758
O03,random,constant,7,1.52630140028
O03,random,constant,8,1.51246036074
O03,random,constant,9,1.50599083319
O03,random,constant,10,1.5006644683
O03,random,constant,11,1.49047163011
O03,random,constant,12,1.48637004016
O03,random,constant,13,1.47349514122
O03,random,constant,14,1.46998130036
O03,random,constant,15,1.46459593374
O03,random,constant,16,1.46176996762
O03,random,linear,3,0.508440557705
O03,random,linear,4,0.354205613967
O03,random,linear,5,0.251828675639
O03,random,linear,6,0.210485467969
O03,random,linear,7,0.178881026504
O03,random,linear,8,0.16626060348
O03,random,linear,9,0.157365949182
O03,random,linear,10,0.143351942345
O03,random,linear,11,0.135395121403
O03,random,linear,12,0.113147545052
O03,random,linear,13,0.104628185673
O03,random,linear,14,0.1004974762
O03,random,linear,15,0.0875335383493
O03,random,linear,16,0.080926131541
O03,random,pchip,3,1.06980715348
O03,random,pchip,4,0.461466509527
O03,random,pchip,5,0.256916010745
O03,random,pchip,6,0.209400357226
O03,random,pchip,7,0.180137741745
O03,random,pchip,8,0.16711798882
O03,random,pchip,9,0.155608189148
O03,random,pchip,10,0.143074556089
O03,random,pchip,11,0.135432251237
O03,random,pchip,12,0.11272382077
O03,random,pchip,13,0.104683973752
O03,random,pchip,14,0.1004974762
O03,random,pchip,15,0.0875335383493
O03,random,pchip,16,0.080926131541
O03,space_filling,constant,3,1.71269008375
O03,space_filling,constant,4,1.58699134814
O03,space_filling,constant,5,1.50147038154
O03,space_filling,constant,6,1.50190441153
O03,space_filling,constant,7,1.49674868973
O03,space_filling,constant,8,1.50772617417
O03,space_filling,constant,9,1.45739767859
O03,space_filling,constant,10,1.45768672036
O03,space_filling,constant,11,1.45519398664
O03,space_filling,constant,12,1.45164388567
O03,space_filling,constant,13,1.44930590074
O03,space_filling,constant,14,1.44939762621
O03,space_filling,constant,15,1.4511840407
O03,space_filling,constant,16,1.46176996762
O03,space_filling,linear,3,0.508440557705
O03,space_filling,linear,4,0.294746752059
O03,space_filling,linear,5,0.247509759168
O03,space_filling,linear,6,0.196363902582
O03,space_filling,linear,7,0.193483234479
O03,space_filling,linear,8,0.186501936923
O03,space_filling,linear,9,0.136173441336
O03,space_filling,linear,10,0.136164593821
O03,space_filling,linear,11,0.127354876216
O03,space_filling,linear,12,0.123199291261
O03,space_filling,linear,13,0.113332000528
O03,space_filling,linear,14,0.113086144691
O03,space_filling,linear,15,0.111725003598
O03,space_filling,linear,16,0.080926131541
O03,space_filling,pchip,3,1.06980715348
O03,space_filling,pchip,4,0.276989031485
O03,space_filling,pchip,5,0.268399982238
O03,space_filling,pchip,6,0.221140090943
O03,space_filling,pchip,7,0.197776304696
O03,space_filling,pchip,8,0.186501936923
O03,space_filling,pchip,9,0.136173441336
O03,space_filling,pchip,10,0.136164593821
O03,space_filling,pchip,11,0.127354876216
O03,space_filling,pchip,12,0.123199291261
O03,space_filling,pchip,13,0.113332000528
O03,space_filling,pchip,14,0.113086144691
O03,space_filling,pchip,15,0.111725003598
O03,space_filling,pchip,16,0.080926131541
O04,control_first_space,constant,3,1.41614598439
O04,control_first_space,constant,4,1.20292434173
O04,control_first_space,constant,5,0.982542294065
O04,control_first_space,constant,6,0.840511021195
O04,control_first_space,constant,7,0.853024956332
O04,control_first_space,constant,8,0.859312865163
O04,control_first_space,constant,9,0.834622475583
O04,control_first_space,constant,10,0.833879001616
O04,control_first_space,constant,11,0.837930241148
O04,control_first_space,constant,12,0.837743414589
O04,control_first_space,constant,13,0.842408174446
O04,control_first_space,constant,14,0.830065980215
O04,control_first_space,constant,15,0.836667654452
O04,control_first_space,constant,16,0.827722308803
O04,control_first_space,linear,3,1.02897036664
O04,control_first_space,linear,4,0.814608527835
O04,control_first_space,linear,5,0.538733615011
O04,control_first_space,linear,6,0.520363415128
O04,control_first_space,linear,7,0.446961827595
O04,control_first_space,linear,8,0.447012542861
O04,control_first_space,linear,9,0.455189956426
O04,control_first_space,linear,10,0.445507346655
O04,control_first_space,linear,11,0.434072820658
O04,control_first_space,linear,12,0.434854037454
O04,control_first_space,linear,13,0.433905065091
O04,control_first_space,linear,14,0.40539170058
O04,control_first_space,linear,15,0.397958346923
O04,control_first_space,linear,16,0.374148435857
O04,control_first_space,pchip,3,1.30379475007
O04,control_first_space,pchip,4,0.904480004166
O04,control_first_space,pchip,5,0.501701019936
O04,control_first_space,pchip,6,0.52133035405
O04,control_first_space,pchip,7,0.456468126922
O04,control_first_space,pchip,8,0.451065931713
O04,control_first_space,pchip,9,0.455189956426
O04,control_first_space,pchip,10,0.445507346655
O04,control_first_space,pchip,11,0.434072820658
O04,control_first_space,pchip,12,0.434854037454
O04,control_first_space,pchip,13,0.433905065091
O04,control_first_space,pchip,14,0.40539170058
O04,control_first_space,pchip,15,0.397958346923
O04,control_first_space,pchip,16,0.374148435857
O04,random,constant,3,1.41614598439
O04,random,constant,4,1.1780730901
O04,random,constant,5,1.06197350005
O04,random,constant,6,0.983328410596
O04,random,constant,7,0.931947208876
O04,random,constant,8,0.900561945294
O04,random,constant,9,0.890383458317
O04,random,constant,10,0.881055768656
O04,random,constant,11,0.875258825133
O04,random,constant,12,0.855871089471
O04,random,constant,13,0.842596113697
O04,random,constant,14,0.841286121573
O04,random,constant,15,0.830330949713
O04,random,constant,16,0.827722308803
O04,random,linear,3,1.02897036664
O04,random,linear,4,0.733729831109
O04,random,linear,5,0.575618910869
O04,random,linear,6,0.52914995037
O04,random,linear,7,0.487698901619
O04,random,linear,8,0.464038120976
O04,random,linear,9,0.453150419221
O04,random,linear,10,0.446598858465
O04,random,linear,11,0.441285237426
O04,random,linear,12,0.415620448595
O04,random,linear,13,0.403935258065
O04,random,linear,14,0.397782116754
O04,random,linear,15,0.381185729993
O04,random,linear,16,0.374148435857
O04,random,pchip,3,1.30379475007
O04,random,pchip,4,0.723890199018
O04,random,pchip,5,0.559777416704
O04,random,pchip,6,0.521707717004
O04,random,pchip,7,0.480413281454
O04,random,pchip,8,0.46051215697
O04,random,pchip,9,0.448787505932
O04,random,pchip,10,0.445396351655
O04,random,pchip,11,0.440991274573
O04,random,pchip,12,0.414754344915
O04,random,pchip,13,0.404068958195
O04,random,pchip,14,0.397782116754
O04,random,pchip,15,0.381185729993
O04,random,pchip,16,0.374148435857
O04,space_filling,constant,3,1.41614598439
O04,space_filling,constant,4,1.14681411502
O04,space_filling,constant,5,0.951336071748
O04,space_filling,constant,6,0.966927654445
O04,space_filling,constant,7,0.98108911053
O04,space_filling,constant,8,0.937520838469
O04,space_filling,constant,9,0.834622475583
O04,space_filling,constant,10,0.833879001616
O04,space_filling,constant,11,0.837930241148
O04,space_filling,constant,12,0.837743414589
O04,space_filling,constant,13,0.842408174446
O04,space_filling,constant,14,0.830065980215
O04,space_filling,constant,15,0.836667654452
O04,space_filling,constant,16,0.827722308803
O04,space_filling,linear,3,1.02897036664
O04,space_filling,linear,4,0.689960877054
O04,space_filling,linear,5,0.649392981433
O04,space_filling,linear,6,0.564210639443
O04,space_filling,linear,7,0.569911592869
O04,space_filling,linear,8,0.558088319311
O04,space_filling,linear,9,0.455189956426
O04,space_filling,linear,10,0.445507346655
O04,space_filling,linear,11,0.434072820658
O04,space_filling,linear,12,0.434854037454
O04,space_filling,linear,13,0.433905065091
O04,space_filling,linear,14,0.40539170058
O04,space_filling,linear,15,0.397958346923
O04,space_filling,linear,16,0.374148435857
O04,space_filling,pchip,3,1.30379475007
O04,space_filling,pchip,4,0.64930468422
O04,space_filling,pchip,5,0.653637611306
O04,space_filling,pchip,6,0.578311077532
O04,space_filling,pchip,7,0.577405912372
O04,space_filling,pchip,8,0.558088319311
O04,space_filling,pchip,9,0.455189956426
O04,space_filling,pchip,10,0.445507346655
O04,space_filling,pchip,11,0.434072820658
O04,space_filling,pchip,12,0.434854037454
O04,space_filling,pchip,13,0.433905065091
O04,space_filling,pchip,14,0.40539170058
O04,space_filling,pchip,15,0.397958346923
O04,space_filling,pchip,16,0.374148435857
O05,control_first_space,constant,3,0.149090820422
O05,control_first_space,constant,4,0.236502278578
O05,control_first_space,constant,5,0.196870182014
O05,control_first_space,constant,6,0.19493277678
O05,control_first_space,constant,7,0.149327365261
O05,control_first_space,constant,8,0.164052201301
O05,control_first_space,constant,9,0.236054900708
O05,control_first_space,constant,10,0.203940897689
O05,control_first_space,constant,11,0.184550523738
O05,control_first_space,constant,12,0.18531472986
O05,control_first_space,constant,13,0.168444691075
O05,control_first_space,constant,14,0.181597294293
O05,control_first_space,constant,15,0.172565546122
O05,control_first_space,constant,16,0.163316648507
O05,control_first_space,linear,3,0.150541367682
O05,control_first_space,linear,4,0.245483345852
O05,control_first_space,linear,5,0.19679441335
O05,control_first_space,linear,6,0.249086248652
O05,control_first_space,linear,7,0.241413170563
O05,control_first_space,linear,8,0.230293026419
O05,control_first_space,linear,9,0.289807301396
O05,control_first_space,linear,10,0.242499066202
O05,control_first_space,linear,11,0.204629869484
O05,control_first_space,linear,12,0.20556166221
O05,control_first_space,linear,13,0.210870382773
O05,control_first_space,linear,14,0.211629393943
O05,control_first_space,linear,15,0.194217016284
O05,control_first_space,linear,16,0.186171042228
O05,control_first_space,pchip,3,0.283217196715
O05,control_first_space,pchip,4,0.419062102586
O05,control_first_space,pchip,5,0.203634494808
O05,control_first_space,pchip,6,0.253277482319
O05,control_first_space,pchip,7,0.26263069136
O05,control_first_space,pchip,8,0.237515787861
O05,control_first_space,pchip,9,0.289807301396
O05,control_first_space,pchip,10,0.242499066202
O05,control_first_space,pchip,11,0.204629869484
O05,control_first_space,pchip,12,0.20556166221
O05,control_first_space,pchip,13,0.210870382773
O05,control_first_space,pchip,14,0.211629393943
O05,control_first_space,pchip,15,0.194217016284
O05,control_first_space,pchip,16,0.186171042228
O05,random,constant,3,0.149090820422
O05,random,constant,4,0.163652521927
O05,random,constant,5,0.148393654797
O05,random,constant,6,0.14319246518
O05,random,constant,7,0.147533000164
O05,random,constant,8,0.152424885622
O05,random,constant,9,0.141946544701
O05,random,constant,10,0.149278826566
O05,random,constant,11,0.148817201856
O05,random,constant,12,0.157413608352
O05,random,constant,13,0.166500123109
O05,random,constant,14,0.167297966215
O05,random,constant,15,0.171202282336
O05,random,constant,16,0.163316648507
O05,random,linear,3,0.150541367682
O05,random,linear,4,0.155851429496
O05,random,linear,5,0.160682020671
O05,random,linear,6,0.158177873259
O05,random,linear,7,0.172933289936
O05,random,linear,8,0.187438905904
O05,random,linear,9,0.186656449745
O05,random,linear,10,0.194529406739
O05,random,linear,11,0.197533546972
O05,random,linear,12,0.196574673077
O05,random,linear,13,0.20509936199
O05,random,linear,14,0.199661511616
O05,random,linear,15,0.201673158686
O05,random,linear,16,0.186171042228
O05,random,pchip,3,0.283217196715
O05,random,pchip,4,0.214356083717
O05,random,pchip,5,0.177833454954
O05,random,pchip,6,0.164626079539
O05,random,pchip,7,0.180097694299
O05,random,pchip,8,0.193346962213
O05,random,pchip,9,0.191928069933
O05,random,pchip,10,0.196117104145
O05,random,pchip,11,0.198606103151
O05,random,pchip,12,0.197210063642
O05,random,pchip,13,0.205245674151
O05,random,pchip,14,0.199661511616
O05,random,pchip,15,0.201673158686
O05,random,pchip,16,0.186171042228
O05,space_filling,constant,3,0.149090820422
O05,space_filling,constant,4,0.121307194879
O05,space_filling,constant,5,0.119989309552
O05,space_filling,constant,6,0.0904664068203
O05,space_filling,constant,7,0.0996386866287
O05,space_filling,constant,8,0.148769480773
O05,space_filling,constant,9,0.236054900708
O05,space_filling,constant,10,0.203940897689
O05,space_filling,constant,11,0.184550523738
O05,space_filling,constant,12,0.18531472986
O05,space_filling,constant,13,0.168444691075
O05,space_filling,constant,14,0.181597294293
O05,space_filling,constant,15,0.172565546122
O05,space_filling,constant,16,0.163316648507
O05,space_filling,linear,3,0.150541367682
O05,space_filling,linear,4,0.12197203321
O05,space_filling,linear,5,0.160133736906
O05,space_filling,linear,6,0.162144383525
O05,space_filling,linear,7,0.153807643761
O05,space_filling,linear,8,0.202521881461
O05,space_filling,linear,9,0.289807301396
O05,space_filling,linear,10,0.242499066202
O05,space_filling,linear,11,0.204629869484
O05,space_filling,linear,12,0.20556166221
O05,space_filling,linear,13,0.210870382773
O05,space_filling,linear,14,0.211629393943
O05,space_filling,linear,15,0.194217016284
O05,space_filling,linear,16,0.186171042228
O05,space_filling,pchip,3,0.283217196715
O05,space_filling,pchip,4,0.128868028741
O05,space_filling,pchip,5,0.163572953013
O05,space_filling,pchip,6,0.178729041299
O05,space_filling,pchip,7,0.159385813976
O05,space_filling,pchip,8,0.202521881461
O05,space_filling,pchip,9,0.289807301396
O05,space_filling,pchip,10,0.242499066202
O05,space_filling,pchip,11,0.204629869484
O05,space_filling,pchip,12,0.20556166221
O05,space_filling,pchip,13,0.210870382773
O05,space_filling,pchip,14,0.211629393943
O05,space_filling,pchip,15,0.194217016284
O05,space_filling,pchip,16,0.186171042228
O06,control_first_space,constant,3,1.43762495156
O06,control_first_space,constant,4,1.40465128018
O06,control_first_space,constant,5,1.25340137414
O06,control_first_space,constant,6,1.26553477452
O06,control_first_space,constant,7,1.24092572538
O06,control_first_space,constant,8,1.22927400817
O06,control_first_space,constant,9,1.2556328609
O06,control_first_space,constant,10,1.25804500333
O06,control_first_space,constant,11,1.25482700367
O06,control_first_space,constant,12,1.25210765595
O06,control_first_space,constant,13,1.25367368149
O06,control_first_space,constant,14,1.25215736843
O06,control_first_space,constant,15,1.25381033818
O06,control_first_space,constant,16,1.25499453664
O06,control_first_space,linear,3,0.585205060109
O06,control_first_space,linear,4,0.553268688592
O06,control_first_space,linear,5,0.303472656251
O06,control_first_space,linear,6,0.278871324043
O06,control_first_space,linear,7,0.23336448427
O06,control_first_space,linear,8,0.241904872812
O06,control_first_space,linear,9,0.24787013003
O06,control_first_space,linear,10,0.248668545555
O06,control_first_space,linear,11,0.244800702478
O06,control_first_space,linear,12,0.24122959796
O06,control_first_space,linear,13,0.242778732599
O06,control_first_space,linear,14,0.236423767302
O06,control_first_space,linear,15,0.236396688167
O06,control_first_space,linear,16,0.224044457616
O06,control_first_space,pchip,3,0.473009135306
O06,control_first_space,pchip,4,0.447370185451
O06,control_first_space,pchip,5,0.28532634349
O06,control_first_space,pchip,6,0.261813455478
O06,control_first_space,pchip,7,0.233294947978
O06,control_first_space,pchip,8,0.242272315914
O06,control_first_space,pchip,9,0.24787013003
O06,control_first_space,pchip,10,0.248668545555
O06,control_first_space,pchip,11,0.244800702478
O06,control_first_space,pchip,12,0.24122959796
O06,control_first_space,pchip,13,0.242778732599
O06,control_first_space,pchip,14,0.236423767302
O06,control_first_space,pchip,15,0.236396688167
O06,control_first_space,pchip,16,0.224044457616
O06,random,constant,3,1.43762495156
O06,random,constant,4,1.39510982774
O06,random,constant,5,1.35562760588
O06,random,constant,6,1.30704356077
O06,random,constant,7,1.27917854163
O06,random,constant,8,1.26796022627
O06,random,constant,9,1.26209158914
O06,random,constant,10,1.26459084358
O06,random,constant,11,1.25732602944
O06,random,constant,12,1.25693713431
O06,random,constant,13,1.2540405935
O06,random,constant,14,1.25520482403
O06,random,constant,15,1.25427970533
O06,random,constant,16,1.25499453664
O06,random,linear,3,0.585205060109
O06,random,linear,4,0.448758178931
O06,random,linear,5,0.342774781528
O06,random,linear,6,0.292292946326
O06,random,linear,7,0.27177439199
O06,random,linear,8,0.260427709146
O06,random,linear,9,0.254713962631
O06,random,linear,10,0.247568520057
O06,random,linear,11,0.242954587048
O06,random,linear,12,0.236586569127
O06,random,linear,13,0.231619840393
O06,random,linear,14,0.23014608444
O06,random,linear,15,0.225708867219
O06,random,linear,16,0.224044457616
O06,random,pchip,3,0.473009135306
O06,random,pchip,4,0.452408543587
O06,random,pchip,5,0.308362252943
O06,random,pchip,6,0.281608699844
O06,random,pchip,7,0.267490935559
O06,random,pchip,8,0.259099726067
O06,random,pchip,9,0.254288052248
O06,random,pchip,10,0.247132320142
O06,random,pchip,11,0.243315890644
O06,random,pchip,12,0.236714982967
O06,random,pchip,13,0.231644566805
O06,random,pchip,14,0.23014608444
O06,random,pchip,15,0.225708867219
O06,random,pchip,16,0.224044457616
O06,space_filling,constant,3,1.43762495156
O06,space_filling,constant,4,1.26645131587
O06,space_filling,constant,5,1.27328049838
O06,space_filling,constant,6,1.24365906379
O06,space_filling,constant,7,1.23254438188
O06,space_filling,constant,8,1.25811909792
O06,space_filling,constant,9,1.2556328609
O06,space_filling,constant,10,1.25804500333
O06,space_filling,constant,11,1.25482700367
O06,space_filling,constant,12,1.25210765595
O06,space_filling,constant,13,1.25367368149
O06,space_filling,constant,14,1.25215736843
O06,space_filling,constant,15,1.25381033818
O06,space_filling,constant,16,1.25499453664
O06,space_filling,linear,3,0.585205060109
O06,space_filling,linear,4,0.311300082564
O06,space_filling,linear,5,0.283962183331
O06,space_filling,linear,6,0.234071546385
O06,space_filling,linear,7,0.244123957358
O06,space_filling,linear,8,0.250356367043
O06,space_filling,linear,9,0.24787013003
O06,space_filling,linear,10,0.248668545555
O06,space_filling,linear,11,0.244800702478
O06,space_filling,linear,12,0.24122959796
O06,space_filling,linear,13,0.242778732599
O06,space_filling,linear,14,0.236423767302
O06,space_filling,linear,15,0.236396688167
O06,space_filling,linear,16,0.224044457616
O06,space_filling,pchip,3,0.473009135306
O06,space_filling,pchip,4,0.286738984176
O06,space_filling,pchip,5,0.264700820458
O06,space_filling,pchip,6,0.233629840053
O06,space_filling,pchip,7,0.244637324928
O06,space_filling,pchip,8,0.250356367043
O06,space_filling,pchip,9,0.24787013003
O06,space_filling,pchip,10,0.248668545555
O06,space_filling,pchip,11,0.244800702478
O06,space_filling,pchip,12,0.24122959796
O06,space_filling,pchip,13,0.242778732599
O06,space_filling,pchip,14,0.236423767302
O06,space_filling,pchip,15,0.236396688167
O06,space_filling,pchip,16,0.224044457616
O07,control_first_space,constant,3,0.676841542135
O07,control_first_space,constant,4,0.67704236047
O07,control_first_space,constant,5,0.683715734799
O07,control_first_space,constant,6,0.739439336469
O07,control_first_space,constant,7,0.785121227677
O07,control_first_space,constant,8,0.716818650996
O07,control_first_space,constant,9,0.682652842515
O07,control_first_space,constant,10,0.684315388015
O07,control_first_space,constant,11,0.684106912251
O07,control_first_space,constant,12,0.68705534998
O07,control_first_space,constant,13,0.683202221807
O07,control_first_space,constant,14,0.684725892096
O07,control_first_space,constant,15,0.700421746642
O07,control_first_space,constant,16,0.697604266217
O07,control_first_space,linear,3,0.181268045866
O07,control_first_space,linear,4,0.174304900407
O07,control_first_space,linear,5,0.167421888286
O07,control_first_space,linear,6,0.14983022026
O07,control_first_space,linear,7,0.140296587585
O07,control_first_space,linear,8,0.121322262319
O07,control_first_space,linear,9,0.11789670029
O07,control_first_space,linear,10,0.117502926678
O07,control_first_space,linear,11,0.115718040579
O07,control_first_space,linear,12,0.119044301498
O07,control_first_space,linear,13,0.114453251666
O07,control_first_space,linear,14,0.113627174155
O07,control_first_space,linear,15,0.160173092793
O07,control_first_space,linear,16,0.148179458667
O07,control_first_space,pchip,3,0.3258986035
O07,control_first_space,pchip,4,0.325991550879
O07,control_first_space,pchip,5,0.174980761853
O07,control_first_space,pchip,6,0.150772026448
O07,control_first_space,pchip,7,0.147506009959
O07,control_first_space,pchip,8,0.123124588954
O07,control_first_space,pchip,9,0.11789670029
O07,control_first_space,pchip,10,0.117502926678
O07,control_first_space,pchip,11,0.115718040579
O07,control_first_space,pchip,12,0.119044301498
O07,control_first_space,pchip,13,0.114453251666
O07,control_first_space,pchip,14,0.113627174155
O07,control_first_space,pchip,15,0.160173092793
O07,control_first_space,pchip,16,0.148179458667
O07,random,constant,3,0.676841542135
O07,random,constant,4,0.718904752487
O07,random,constant,5,0.731262601975
O07,random,constant,6,0.722131499494
O07,random,constant,7,0.710379834884
O07,random,constant,8,0.713099264032
O07,random,constant,9,0.710211258054
O07,random,constant,10,0.711526018036
O07,random,constant,11,0.706303338709
O07,random,constant,12,0.705305759655
O07,random,constant,13,0.695449745499
O07,random,constant,14,0.696147795645
O07,random,constant,15,0.696266169992
O07,random,constant,16,0.697604266217
O07,random,linear,3,0.181268045866
O07,random,linear,4,0.177926727596
O07,random,linear,5,0.17001784718
O07,random,linear,6,0.152446699229
O07,random,linear,7,0.161751225592
O07,random,linear,8,0.173624420722
O07,random,linear,9,0.165890219284
O07,random,linear,10,0.16229231545
O07,random,linear,11,0.16434426439
O07,random,linear,12,0.158512459918
O07,random,linear,13,0.142034269018
O07,random,linear,14,0.145678702989
O07,random,linear,15,0.145409325386
O07,random,linear,16,0.148179458667
O07,random,pchip,3,0.3258986035
O07,random,pchip,4,0.282597913935
O07,random,pchip,5,0.187104313927
O07,random,pchip,6,0.156407889322
O07,random,pchip,7,0.164706166969
O07,random,pchip,8,0.174828786434
O07,random,pchip,9,0.166922109366
O07,random,pchip,10,0.162299303639
O07,random,pchip,11,0.164608126003
O07,random,pchip,12,0.158627598728
O07,random,pchip,13,0.142131495552
O07,random,pchip,14,0.145678702989
O07,random,pchip,15,0.145409325386
O07,random,pchip,16,0.148179458667
O07,space_filling,constant,3,0.676841542135
O07,space_filling,constant,4,0.686866087337
O07,space_filling,constant,5,0.721158991361
O07,space_filling,constant,6,0.759398758454
O07,space_filling,constant,7,0.706569098282
O07,space_filling,constant,8,0.692317615717
O07,space_filling,constant,9,0.682652842515
O07,space_filling,constant,10,0.684315388015
O07,space_filling,constant,11,0.684106912251
O07,space_filling,constant,12,0.68705534998
O07,space_filling,constant,13,0.683202221807
O07,space_filling,constant,14,0.684725892096
O07,space_filling,constant,15,0.700421746642
O07,space_filling,constant,16,0.697604266217
O07,space_filling,linear,3,0.181268045866
O07,space_filling,linear,4,0.173473699332
O07,space_filling,linear,5,0.150012641173
O07,space_filling,linear,6,0.139623935375
O07,space_filling,linear,7,0.125060787003
O07,space_filling,linear,8,0.127561473492
O07,space_filling,linear,9,0.11789670029
O07,space_filling,linear,10,0.117502926678
O07,space_filling,linear,11,0.115718040579
O07,space_filling,linear,12,0.119044301498
O07,space_filling,linear,13,0.114453251666
O07,space_filling,linear,14,0.113627174155
O07,space_filling,linear,15,0.160173092793
O07,space_filling,linear,16,0.148179458667
O07,space_filling,pchip,3,0.3258986035
O07,space_filling,pchip,4,0.179855851638
O07,space_filling,pchip,5,0.150077364668
O07,space_filling,pchip,6,0.146905181394
O07,space_filling,pchip,7,0.126750194802
O07,space_filling,pchip,8,0.127561473492
O07,space_filling,pchip,9,0.11789670029
O07,space_filling,pchip,10,0.117502926678
O07,space_filling,pchip,11,0.115718040579
O07,space_filling,pchip,12,0.119044301498
O07,space_filling,pchip,13,0.114453251666
O07,space_filling,pchip,14,0.113627174155
O07,space_filling,pchip,15,0.160173092793
O07,space_filling,pchip,16,0.148179458667
O09,control_first_space,constant,3,0.386355835925
O09,control_first_space,constant,4,0.464626633079
O09,control_first_space,constant,5,0.743346419112
O09,control_first_space,constant,6,0.914773870678
O09,control_first_space,constant,7,1.04163401504
O09,control_first_space,constant,8,1.04968491124
O09,control_first_space,constant,9,0.976873974668
O09,control_first_space,constant,10,1.03410461363
O09,control_first_space,constant,11,0.975439320787
O09,control_first_space,constant,12,0.967448847689
O09,control_first_space,constant,13,0.993094809928
O09,control_first_space,constant,14,1.00300078728
O09,control_first_space,constant,15,0.981942220296
O09,control_first_space,constant,16,0.992197023415
O09,control_first_space,linear,3,0.203674201721
O09,control_first_space,linear,4,0.268126815189
O09,control_first_space,linear,5,0.507214519906
O09,control_first_space,linear,6,0.549688019169
O09,control_first_space,linear,7,0.546702785406
O09,control_first_space,linear,8,0.605399394841
O09,control_first_space,linear,9,0.713892584713
O09,control_first_space,linear,10,0.766361067608
O09,control_first_space,linear,11,0.664563995549
O09,control_first_space,linear,12,0.658067502343
O09,control_first_space,linear,13,0.684141388314
O09,control_first_space,linear,14,0.689931709614
O09,control_first_space,linear,15,0.667379134146
O09,control_first_space,linear,16,0.6757576345
O09,control_first_space,pchip,3,0.297258847199
O09,control_first_space,pchip,4,0.271890316806
O09,control_first_space,pchip,5,0.544527692737
O09,control_first_space,pchip,6,0.54460680503
O09,control_first_space,pchip,7,0.538623056342
O09,control_first_space,pchip,8,0.578149987923
O09,control_first_space,pchip,9,0.713892584713
O09,control_first_space,pchip,10,0.766361067608
O09,control_first_space,pchip,11,0.664563995549
O09,control_first_space,pchip,12,0.658067502343
O09,control_first_space,pchip,13,0.684141388314
O09,control_first_space,pchip,14,0.689931709614
O09,control_first_space,pchip,15,0.667379134146
O09,control_first_space,pchip,16,0.6757576345
O09,random,constant,3,0.386355835925
O09,random,constant,4,0.48472624978
O09,random,constant,5,0.586119316268
O09,random,constant,6,0.676176389337
O09,random,constant,7,0.75306060618
O09,random,constant,8,0.825006941383
O09,random,constant,9,0.871728311149
O09,random,constant,10,0.897046926807
O09,random,constant,11,0.91012326287
O09,random,constant,12,0.931305922886
O09,random,constant,13,0.956448680139
O09,random,constant,14,0.946479579847
O09,random,constant,15,0.973722381006
O09,random,constant,16,0.992197023415
O09,random,linear,3,0.203674201721
O09,random,linear,4,0.272863067423
O09,random,linear,5,0.334020706361
O09,random,linear,6,0.415664877198
O09,random,linear,7,0.484460776556
O09,random,linear,8,0.531595065824
O09,random,linear,9,0.569938607544
O09,random,linear,10,0.586780686461
O09,random,linear,11,0.599482990419
O09,random,linear,12,0.616665786626
O09,random,linear,13,0.641741286026
O09,random,linear,14,0.635428442327
O09,random,linear,15,0.661541860714
O09,random,linear,16,0.6757576345
O09,random,pchip,3,0.297258847199
O09,random,pchip,4,0.276501731929
O09,random,pchip,5,0.3466707211
O09,random,pchip,6,0.433286558264
O09,random,pchip,7,0.494062234146
O09,random,pchip,8,0.536288355029
O09,random,pchip,9,0.574080919457
O09,random,pchip,10,0.588246323742
O09,random,pchip,11,0.598899867985
O09,random,pchip,12,0.616677097882
O09,random,pchip,13,0.64133461073
O09,random,pchip,14,0.635428442327
O09,random,pchip,15,0.661541860714
O09,random,pchip,16,0.6757576345
O09,space_filling,constant,3,0.386355835925
O09,space_filling,constant,4,0.55850929426
O09,space_filling,constant,5,0.685200636345
O09,space_filling,constant,6,0.783374365264
O09,space_filling,constant,7,0.789700127696
O09,space_filling,constant,8,0.732884246481
O09,space_filling,constant,9,0.976873974668
O09,space_filling,constant,10,1.03410461363
O09,space_filling,constant,11,0.975439320787
O09,space_filling,constant,12,0.967448847689
O09,space_filling,constant,13,0.993094809928
O09,space_filling,constant,14,1.00300078728
O09,space_filling,constant,15,0.981942220296
O09,space_filling,constant,16,0.992197023415
O09,space_filling,linear,3,0.203674201721
O09,space_filling,linear,4,0.300702687402
O09,space_filling,linear,5,0.33234606602
O09,space_filling,linear,6,0.330521647386
O09,space_filling,linear,7,0.375329250666
O09,space_filling,linear,8,0.469902856526
O09,space_filling,linear,9,0.713892584713
O09,space_filling,linear,10,0.766361067608
O09,space_filling,linear,11,0.664563995549
O09,space_filling,linear,12,0.658067502343
O09,space_filling,linear,13,0.684141388314
O09,space_filling,linear,14,0.689931709614
O09,space_filling,linear,15,0.667379134146
O09,space_filling,linear,16,0.6757576345
O09,space_filling,pchip,3,0.297258847199
O09,space_filling,pchip,4,0.30630756733
O09,space_filling,pchip,5,0.30666672888
O09,space_filling,pchip,6,0.302954554393
O09,space_filling,pchip,7,0.342231106974
O09,space_filling,pchip,8,0.469902856526
O09,space_filling,pchip,9,0.713892584713
O09,space_filling,pchip,10,0.766361067608
O09,space_filling,pchip,11,0.664563995549
O09,space_filling,pchip,12,0.658067502343
O09,space_filling,pchip,13,0.684141388314
O09,space_filling,pchip,14,0.689931709614
O09,space_filling,pchip,15,0.667379134146
O09,space_filling,pchip,16,0.6757576345
O10,control_first_space,constant,3,2.96832218015
O10,control_first_space,constant,4,2.98499734495
O10,control_first_space,constant,5,2.64089529194
O10,control_first_space,constant,6,2.58714805295
O10,control_first_space,constant,7,2.4947385783
O10,control_first_space,constant,8,2.52933980355
O10,control_first_space,constant,9,2.6463237845
O10,control_first_space,constant,10,2.62729832495
O10,control_first_space,constant,11,2.62164623609
O10,control_first_space,constant,12,2.60806331772
O10,control_first_space,constant,13,2.5836874137
O10,control_first_space,constant,14,2.56658571627
O10,control_first_space,constant,15,2.49735720962
O10,control_first_space,constant,16,2.42393128093
O10,control_first_space,linear,3,1.46811392131
O10,control_first_space,linear,4,1.50158032696
O10,control_first_space,linear,5,1.08160991946
O10,control_first_space,linear,6,1.1821966352
O10,control_first_space,linear,7,1.16461645121
O10,control_first_space,linear,8,1.16236015645
O10,control_first_space,linear,9,1.16161329679
O10,control_first_space,linear,10,1.15559804999
O10,control_first_space,linear,11,1.15400916346
O10,control_first_space,linear,12,1.15052027769
O10,control_first_space,linear,13,1.14342972354
O10,control_first_space,linear,14,1.10183762951
O10,control_first_space,linear,15,0.963981465359
O10,control_first_space,linear,16,0.540565820806
O10,control_first_space,pchip,3,1.38229261548
O10,control_first_space,pchip,4,1.53086144653
O10,control_first_space,pchip,5,1.09405553915
O10,control_first_space,pchip,6,1.1663901888
O10,control_first_space,pchip,7,1.17286945053
O10,control_first_space,pchip,8,1.16589762235
O10,control_first_space,pchip,9,1.16161329679
O10,control_first_space,pchip,10,1.15559804999
O10,control_first_space,pchip,11,1.15400916346
O10,control_first_space,pchip,12,1.15052027769
O10,control_first_space,pchip,13,1.14342972354
O10,control_first_space,pchip,14,1.10183762951
O10,control_first_space,pchip,15,0.963981465359
O10,control_first_space,pchip,16,0.540565820806
O10,random,constant,3,2.96832218015
O10,random,constant,4,2.75131208847
O10,random,constant,5,2.64378592584
O10,random,constant,6,2.55690714534
O10,random,constant,7,2.51864566417
O10,random,constant,8,2.49398207192
O10,random,constant,9,2.46449186913
O10,random,constant,10,2.4642599409
O10,random,constant,11,2.46290803665
O10,random,constant,12,2.45054315084
O10,random,constant,13,2.45485260919
O10,random,constant,14,2.44188362753
O10,random,constant,15,2.42966329183
O10,random,constant,16,2.42393128093
O10,random,linear,3,1.46811392131
O10,random,linear,4,1.19450917066
O10,random,linear,5,1.05226968067
O10,random,linear,6,0.978628534239
O10,random,linear,7,0.956835912579
O10,random,linear,8,0.930066783776
O10,random,linear,9,0.892749984998
O10,random,linear,10,0.853727153401
O10,random,linear,11,0.849541353684
O10,random,linear,12,0.713276542496
O10,random,linear,13,0.689600394527
O10,random,linear,14,0.644212231792
O10,random,linear,15,0.572169784826
O10,random,linear,16,0.540565820806
O10,random,pchip,3,1.38229261548
O10,random,pchip,4,1.11252336481
O10,random,pchip,5,1.04640988832
O10,random,pchip,6,0.984050495184
O10,random,pchip,7,0.965828308496
O10,random,pchip,8,0.935414127642
O10,random,pchip,9,0.898969208888
O10,random,pchip,10,0.853628402965
O10,random,pchip,11,0.848982195326
O10,random,pchip,12,0.7127644158
O10,random,pchip,13,0.689705038541
O10,random,pchip,14,0.644212231792
O10,random,pchip,15,0.572169784826
O10,random,pchip,16,0.540565820806
O10,space_filling,constant,3,2.96832218015
O10,space_filling,constant,4,2.58732759908
O10,space_filling,constant,5,2.51865003938
O10,space_filling,constant,6,2.45891140217
O10,space_filling,constant,7,2.47559677815
O10,space_filling,constant,8,2.55893459077
O10,space_filling,constant,9,2.6463237845
O10,space_filling,constant,10,2.62729832495
O10,space_filling,constant,11,2.62164623609
O10,space_filling,constant,12,2.60806331772
O10,space_filling,constant,13,2.5836874137
O10,space_filling,constant,14,2.56658571627
O10,space_filling,constant,15,2.49735720962
O10,space_filling,constant,16,2.42393128093
O10,space_filling,linear,3,1.46811392131
O10,space_filling,linear,4,1.01208222729
O10,space_filling,linear,5,1.09981652375
O10,space_filling,linear,6,1.07924329406
O10,space_filling,linear,7,1.0742464525
O10,space_filling,linear,8,1.07422410306
O10,space_filling,linear,9,1.16161329679
O10,space_filling,linear,10,1.15559804999
O10,space_filling,linear,11,1.15400916346
O10,space_filling,linear,12,1.15052027769
O10,space_filling,linear,13,1.14342972354
O10,space_filling,linear,14,1.10183762951
O10,space_filling,linear,15,0.963981465359
O10,space_filling,linear,16,0.540565820806
O10,space_filling,pchip,3,1.38229261548
O10,space_filling,pchip,4,1.00747341624
O10,space_filling,pchip,5,1.07376247409
O10,space_filling,pchip,6,1.08030248469
O10,space_filling,pchip,7,1.07547136153
O10,space_filling,pchip,8,1.07422410306
O10,space_filling,pchip,9,1.16161329679
O10,space_filling,pchip,10,1.15559804999
O10,space_filling,pchip,11,1.15400916346
O10,space_filling,pchip,12,1.15052027769
O10,space_filling,pchip,13,1.14342972354
O10,space_filling,pchip,14,1.10183762951
O10,space_filling,pchip,15,0.963981465359
O10,space_filling,pchip,16,0.540565820806
O11,control_first_space,constant,3,1.25159859558
O11,control_first_space,constant,4,1.24399278474
O11,control_first_space,constant,5,1.18423782385
O11,control_first_space,constant,6,1.30854057264
O11,control_first_space,constant,7,1.33527463166
O11,control_first_space,constant,8,1.21526053237
O11,control_first_space,constant,9,1.19421177909
O11,control_first_space,constant,10,1.19535159257
O11,control_first_space,constant,11,1.19633980493
O11,control_first_space,constant,12,1.19657077257
O11,control_first_space,constant,13,1.19242746936
O11,control_first_space,constant,14,1.19103519733
O11,control_first_space,constant,15,1.19212903588
O11,control_first_space,constant,16,1.17965197222
O11,control_first_space,linear,3,0.365006761965
O11,control_first_space,linear,4,0.359890216952
O11,control_first_space,linear,5,0.289004968618
O11,control_first_space,linear,6,0.265830785893
O11,control_first_space,linear,7,0.252479247932
O11,control_first_space,linear,8,0.216373573763
O11,control_first_space,linear,9,0.217731974786
O11,control_first_space,linear,10,0.21585805465
O11,control_first_space,linear,11,0.213009845945
O11,control_first_space,linear,12,0.212403757147
O11,control_first_space,linear,13,0.20764951417
O11,control_first_space,linear,14,0.205457746959
O11,control_first_space,linear,15,0.204675661257
O11,control_first_space,linear,16,0.138056512544
O11,control_first_space,pchip,3,0.368997455765
O11,control_first_space,pchip,4,0.371206959328
O11,control_first_space,pchip,5,0.296210877852
O11,control_first_space,pchip,6,0.258588494177
O11,control_first_space,pchip,7,0.241616439828
O11,control_first_space,pchip,8,0.216470540173
O11,control_first_space,pchip,9,0.217731974786
O11,control_first_space,pchip,10,0.21585805465
O11,control_first_space,pchip,11,0.213009845945
O11,control_first_space,pchip,12,0.212403757147
O11,control_first_space,pchip,13,0.20764951417
O11,control_first_space,pchip,14,0.205457746959
O11,control_first_space,pchip,15,0.204675661257
O11,control_first_space,pchip,16,0.138056512544
O11,random,constant,3,1.25159859558
O11,random,constant,4,1.26531594199
O11,random,constant,5,1.28814650275
O11,random,constant,6,1.25066714684
O11,random,constant,7,1.21990422236
O11,random,constant,8,1.21360878831
O11,random,constant,9,1.20599999826
O11,random,constant,10,1.20743827388
O11,random,constant,11,1.19748554943
O11,random,constant,12,1.19076895154
O11,random,constant,13,1.18384660659
O11,random,constant,14,1.18295071912
O11,random,constant,15,1.18010942188
O11,random,constant,16,1.17965197222
O11,random,linear,3,0.365006761965
O11,random,linear,4,0.331825455549
O11,random,linear,5,0.31047123719
O11,random,linear,6,0.272352978444
O11,random,linear,7,0.242814158461
O11,random,linear,8,0.217416983845
O11,random,linear,9,0.204991258184
O11,random,linear,10,0.191429454176
O11,random,linear,11,0.186130547893
O11,random,linear,12,0.163627163718
O11,random,linear,13,0.15620365412
O11,random,linear,14,0.155032407524
O11,random,linear,15,0.142942443688
O11,random,linear,16,0.138056512544
O11,random,pchip,3,0.368997455765
O11,random,pchip,4,0.350566359723
O11,random,pchip,5,0.307676837387
O11,random,pchip,6,0.265215802878
O11,random,pchip,7,0.236111110027
O11,random,pchip,8,0.21267764025
O11,random,pchip,9,0.201946841534
O11,random,pchip,10,0.189454649016
O11,random,pchip,11,0.185246892
O11,random,pchip,12,0.163027410066
O11,random,pchip,13,0.156205475951
O11,random,pchip,14,0.155032407524
O11,random,pchip,15,0.142942443688
O11,random,pchip,16,0.138056512544
O11,space_filling,constant,3,1.25159859558
O11,space_filling,constant,4,1.18930598933
O11,space_filling,constant,5,1.31481650121
O11,space_filling,constant,6,1.34926080068
O11,space_filling,constant,7,1.22845177405
O11,space_filling,constant,8,1.20085301307
O11,space_filling,constant,9,1.19421177909
O11,space_filling,constant,10,1.19535159257
O11,space_filling,constant,11,1.19633980493
O11,space_filling,constant,12,1.19657077257
O11,space_filling,constant,13,1.19242746936
O11,space_filling,constant,14,1.19103519733
O11,space_filling,constant,15,1.19212903588
O11,space_filling,constant,16,1.17965197222
O11,space_filling,linear,3,0.365006761965
O11,space_filling,linear,4,0.292541368785
O11,space_filling,linear,5,0.269338355622
O11,space_filling,linear,6,0.257778857797
O11,space_filling,linear,7,0.223442530083
O11,space_filling,linear,8,0.224373208762
O11,space_filling,linear,9,0.217731974786
O11,space_filling,linear,10,0.21585805465
O11,space_filling,linear,11,0.213009845945
O11,space_filling,linear,12,0.212403757147
O11,space_filling,linear,13,0.20764951417
O11,space_filling,linear,14,0.205457746959
O11,space_filling,linear,15,0.204675661257
O11,space_filling,linear,16,0.138056512544
O11,space_filling,pchip,3,0.368997455765
O11,space_filling,pchip,4,0.299856354354
O11,space_filling,pchip,5,0.262625479891
O11,space_filling,pchip,6,0.247153867988
O11,space_filling,pchip,7,0.223532444334
O11,space_filling,pchip,8,0.224373208762
O11,space_filling,pchip,9,0.217731974786
O11,space_filling,pchip,10,0.21585805465
O11,space_filling,pchip,11,0.213009845945
O11,space_filling,pchip,12,0.212403757147
O11,space_filling,pchip,13,0.20764951417
O11,space_filling,pchip,14,0.205457746959
O11,space_filling,pchip,15,0.204675661257
O11,space_filling,pchip,16,0.138056512544
O12,control_first_space,constant,3,1.31776433802
O12,control_first_space,constant,4,1.34956823438
O12,control_first_space,constant,5,1.2141266137
O12,control_first_space,constant,6,1.16076668652
O12,control_first_space,constant,7,1.16193145163
O12,control_first_space,constant,8,1.20259787439
O12,control_first_space,constant,9,1.2619366164
O12,control_first_space,constant,10,1.27331779461
O12,control_first_space,constant,11,1.27752757387
O12,control_first_space,constant,12,1.27070357897
O12,control_first_space,constant,13,1.25328868425
O12,control_first_space,constant,14,1.250146273
O12,control_first_space,constant,15,1.235360538
O12,control_first_space,constant,16,1.20781004106
O12,control_first_space,linear,3,0.544345315057
O12,control_first_space,linear,4,0.577044003462
O12,control_first_space,linear,5,0.304371720993
O12,control_first_space,linear,6,0.336334690304
O12,control_first_space,linear,7,0.24205891002
O12,control_first_space,linear,8,0.262671887741
O12,control_first_space,linear,9,0.245067848444
O12,control_first_space,linear,10,0.258295183752
O12,control_first_space,linear,11,0.258146263175
O12,control_first_space,linear,12,0.248461844155
O12,control_first_space,linear,13,0.24146936118
O12,control_first_space,linear,14,0.235300347677
O12,control_first_space,linear,15,0.216714847074
O12,control_first_space,linear,16,0.180275979207
O12,control_first_space,pchip,3,0.976582799582
O12,control_first_space,pchip,4,1.03098113421
O12,control_first_space,pchip,5,0.35128300417
O12,control_first_space,pchip,6,0.352985011695
O12,control_first_space,pchip,7,0.257431530658
O12,control_first_space,pchip,8,0.275899457537
O12,control_first_space,pchip,9,0.245067848444
O12,control_first_space,pchip,10,0.258295183752
O12,control_first_space,pchip,11,0.258146263175
O12,control_first_space,pchip,12,0.248461844155
O12,control_first_space,pchip,13,0.24146936118
O12,control_first_space,pchip,14,0.235300347677
O12,control_first_space,pchip,15,0.216714847074
O12,control_first_space,pchip,16,0.180275979207
O12,random,constant,3,1.31776433802
O12,random,constant,4,1.31659717227
O12,random,constant,5,1.2592843636
O12,random,constant,6,1.24738895163
O12,random,constant,7,1.23750807892
O12,random,constant,8,1.21976581262
O12,random,constant,9,1.20789885791
O12,random,constant,10,1.21071158869
O12,random,constant,11,1.21001314037
O12,random,constant,12,1.20831691259
O12,random,constant,13,1.21265885896
O12,random,constant,14,1.21303770172
O12,random,constant,15,1.20674518517
O12,random,constant,16,1.20781004106
O12,random,linear,3,0.544345315057
O12,random,linear,4,0.447432760632
O12,random,linear,5,0.405194460856
O12,random,linear,6,0.299212191371
O12,random,linear,7,0.256123971047
O12,random,linear,8,0.235436736198
O12,random,linear,9,0.22959496364
O12,random,linear,10,0.216315021859
O12,random,linear,11,0.210111074158
O12,random,linear,12,0.197034160099
O12,random,linear,13,0.19548153463
O12,random,linear,14,0.188985017159
O12,random,linear,15,0.180165385379
O12,random,linear,16,0.180275979207
O12,random,pchip,3,0.976582799582
O12,random,pchip,4,0.592825557444
O12,random,pchip,5,0.449794016162
O12,random,pchip,6,0.296316625052
O12,random,pchip,7,0.242380459408
O12,random,pchip,8,0.227538016631
O12,random,pchip,9,0.223387443866
O12,random,pchip,10,0.217691349687
O12,random,pchip,11,0.210196359421
O12,random,pchip,12,0.196809938014
O12,random,pchip,13,0.196305070596
O12,random,pchip,14,0.188985017159
O12,random,pchip,15,0.180165385379
O12,random,pchip,16,0.180275979207
O12,space_filling,constant,3,1.31776433802
O12,space_filling,constant,4,1.21105474173
O12,space_filling,constant,5,1.15764074014
O12,space_filling,constant,6,1.16440159007
O12,space_filling,constant,7,1.2077253044
O12,space_filling,constant,8,1.26194797514
O12,space_filling,constant,9,1.2619366164
O12,space_filling,constant,10,1.27331779461
O12,space_filling,constant,11,1.27752757387
O12,space_filling,constant,12,1.27070357897
O12,space_filling,constant,13,1.25328868425
O12,space_filling,constant,14,1.250146273
O12,space_filling,constant,15,1.235360538
O12,space_filling,constant,16,1.20781004106
O12,space_filling,linear,3,0.544345315057
O12,space_filling,linear,4,0.307495464972
O12,space_filling,linear,5,0.339132557947
O12,space_filling,linear,6,0.244248672146
O12,space_filling,linear,7,0.264053900288
O12,space_filling,linear,8,0.245079207184
O12,space_filling,linear,9,0.245067848444
O12,space_filling,linear,10,0.258295183752
O12,space_filling,linear,11,0.258146263175
O12,space_filling,linear,12,0.248461844155
O12,space_filling,linear,13,0.24146936118
O12,space_filling,linear,14,0.235300347677
O12,space_filling,linear,15,0.216714847074
O12,space_filling,linear,16,0.180275979207
O12,space_filling,pchip,3,0.976582799582
O12,space_filling,pchip,4,0.358837317736
O12,space_filling,pchip,5,0.356983523411
O12,space_filling,pchip,6,0.260314187767
O12,space_filling,pchip,7,0.276653436511
O12,space_filling,pchip,8,0.245079207184
O12,space_filling,pchip,9,0.245067848444
O12,space_filling,pchip,10,0.258295183752
O12,space_filling,pchip,11,0.258146263175
O12,space_filling,pchip,12,0.248461844155
O12,space_filling,pchip,13,0.24146936118
O12,space_filling,pchip,14,0.235300347677
O12,space_filling,pchip,15,0.216714847074
O12,space_filling,pchip,16,0.180275979207
O13,control_first_space,constant,3,0.980694428472
O13,control_first_space,constant,4,0.937971567486
O13,control_first_space,constant,5,0.914986744693
O13,control_first_space,constant,6,0.972370900133
O13,control_first_space,constant,7,0.969806910619
O13,control_first_space,constant,8,0.933076104952
O13,control_first_space,constant,9,0.952985806181
O13,control_first_space,constant,10,0.952805837495
O13,control_first_space,constant,11,0.952616997911
O13,control_first_space,constant,12,0.944503032919
O13,control_first_space,constant,13,0.94245506411
O13,control_first_space,constant,14,0.941277348293
O13,control_first_space,constant,15,0.939205221556
O13,control_first_space,constant,16,0.937868700981
O13,control_first_space,linear,3,0.269470481248
O13,control_first_space,linear,4,0.233419714993
O13,control_first_space,linear,5,0.18354939198
O13,control_first_space,linear,6,0.169479204116
O13,control_first_space,linear,7,0.166205375014
O13,control_first_space,linear,8,0.160632985521
O13,control_first_space,linear,9,0.158488920115
O13,control_first_space,linear,10,0.156859577652
O13,control_first_space,linear,11,0.157006169246
O13,control_first_space,linear,12,0.154663279529
O13,control_first_space,linear,13,0.15128745296
O13,control_first_space,linear,14,0.149806642128
O13,control_first_space,linear,15,0.148123826211
O13,control_first_space,linear,16,0.146486957661
O13,control_first_space,pchip,3,0.357388037633
O13,control_first_space,pchip,4,0.263703509388
O13,control_first_space,pchip,5,0.170340915403
O13,control_first_space,pchip,6,0.167873329462
O13,control_first_space,pchip,7,0.164401494456
O13,control_first_space,pchip,8,0.160166765932
O13,control_first_space,pchip,9,0.158488920115
O13,control_first_space,pchip,10,0.156859577652
O13,control_first_space,pchip,11,0.157006169246
O13,control_first_space,pchip,12,0.154663279529
O13,control_first_space,pchip,13,0.15128745296
O13,control_first_space,pchip,14,0.149806642128
O13,control_first_space,pchip,15,0.148123826211
O13,control_first_space,pchip,16,0.146486957661
O13,random,constant,3,0.980694428472
O13,random,constant,4,0.963762646079
O13,random,constant,5,0.953415101596
O13,random,constant,6,0.938310427247
O13,random,constant,7,0.930104177328
O13,random,constant,8,0.930258111708
O13,random,constant,9,0.926068390847
O13,random,constant,10,0.931491209286
O13,random,constant,11,0.929542987817
O13,random,constant,12,0.931608438609
O13,random,constant,13,0.935668758358
O13,random,constant,14,0.935197107041
O13,random,constant,15,0.936274055437
O13,random,constant,16,0.937868700981
O13,random,linear,3,0.269470481248
O13,random,linear,4,0.209994225806
O13,random,linear,5,0.170725441452
O13,random,linear,6,0.159848075924
O13,random,linear,7,0.148182394287
O13,random,linear,8,0.144828367095
O13,random,linear,9,0.141235374688
O13,random,linear,10,0.141380038925
O13,random,linear,11,0.140828969656
O13,random,linear,12,0.143764490481
O13,random,linear,13,0.146746513026
O13,random,linear,14,0.144445529797
O13,random,linear,15,0.145888812937
O13,random,linear,16,0.146486957661
O13,random,pchip,3,0.357388037633
O13,random,pchip,4,0.224457979786
O13,random,pchip,5,0.177217715225
O13,random,pchip,6,0.160028645418
O13,random,pchip,7,0.145330319294
O13,random,pchip,8,0.143333132144
O13,random,pchip,9,0.139257527345
O13,random,pchip,10,0.140564540239
O13,random,pchip,11,0.140694934673
O13,random,pchip,12,0.143531795924
O13,random,pchip,13,0.14670860824
O13,random,pchip,14,0.144445529797
O13,random,pchip,15,0.145888812937
O13,random,pchip,16,0.146486957661
O13,space_filling,constant,3,0.980694428472
O13,space_filling,constant,4,0.933181241223
O13,space_filling,constant,5,0.930634830647
O13,space_filling,constant,6,0.938108704207
O13,space_filling,constant,7,0.917628750897
O13,space_filling,constant,8,0.911442421187
O13,space_filling,constant,9,0.952985806181
O13,space_filling,constant,10,0.952805837495
O13,space_filling,constant,11,0.952616997911
O13,space_filling,constant,12,0.944503032919
O13,space_filling,constant,13,0.94245506411
O13,space_filling,constant,14,0.941277348293
O13,space_filling,constant,15,0.939205221556
O13,space_filling,constant,16,0.937868700981
O13,space_filling,linear,3,0.269470481248
O13,space_filling,linear,4,0.190334796802
O13,space_filling,linear,5,0.157921225297
O13,space_filling,linear,6,0.121508613779
O13,space_filling,linear,7,0.123757310736
O13,space_filling,linear,8,0.116945535121
O13,space_filling,linear,9,0.158488920115
O13,space_filling,linear,10,0.156859577652
O13,space_filling,linear,11,0.157006169246
O13,space_filling,linear,12,0.154663279529
O13,space_filling,linear,13,0.15128745296
O13,space_filling,linear,14,0.149806642128
O13,space_filling,linear,15,0.148123826211
O13,space_filling,linear,16,0.146486957661
O13,space_filling,pchip,3,0.357388037633
O13,space_filling,pchip,4,0.177919643274
O13,space_filling,pchip,5,0.157748867979
O13,space_filling,pchip,6,0.120241426178
O13,space_filling,pchip,7,0.123981461429
O13,space_filling,pchip,8,0.116945535121
O13,space_filling,pchip,9,0.158488920115
O13,space_filling,pchip,10,0.156859577652
O13,space_filling,pchip,11,0.157006169246
O13,space_filling,pchip,12,0.154663279529
O13,space_filling,pchip,13,0.15128745296
O13,space_filling,pchip,14,0.149806642128
O13,space_filling,pchip,15,0.148123826211
O13,space_filling,pchip,16,0.146486957661
O14,control_first_space,constant,3,0.778311390726
O14,control_first_space,constant,4,0.736131170621
O14,control_first_space,constant,5,0.644455571564
O14,control_first_space,constant,6,0.693853723658
O14,control_first_space,constant,7,0.710010336193
O14,control_first_space,constant,8,0.653037169932
O14,control_first_space,constant,9,0.640445835743
O14,control_first_space,constant,10,0.639126053361
O14,control_first_space,constant,11,0.63585169781
O14,control_first_space,constant,12,0.634362773202
O14,control_first_space,constant,13,0.634579952052
O14,control_first_space,constant,14,0.635734783975
O14,control_first_space,constant,15,0.636616997115
O14,control_first_space,constant,16,0.642429966629
O14,control_first_space,linear,3,0.295130611186
O14,control_first_space,linear,4,0.25122784797
O14,control_first_space,linear,5,0.116306478382
O14,control_first_space,linear,6,0.100588383036
O14,control_first_space,linear,7,0.105032643881
O14,control_first_space,linear,8,0.0945183439916
O14,control_first_space,linear,9,0.10416803101
O14,control_first_space,linear,10,0.103134153736
O14,control_first_space,linear,11,0.0966595811977
O14,control_first_space,linear,12,0.0980278826359
O14,control_first_space,linear,13,0.0966291189633
O14,control_first_space,linear,14,0.0981497868823
O14,control_first_space,linear,15,0.0967277444062
O14,control_first_space,linear,16,0.103382113172
O14,control_first_space,pchip,3,0.333268230382
O14,control_first_space,pchip,4,0.256512371311
O14,control_first_space,pchip,5,0.105482795768
O14,control_first_space,pchip,6,0.104806554255
O14,control_first_space,pchip,7,0.105011575664
O14,control_first_space,pchip,8,0.0948738661705
O14,control_first_space,pchip,9,0.10416803101
O14,control_first_space,pchip,10,0.103134153736
O14,control_first_space,pchip,11,0.0966595811977
O14,control_first_space,pchip,12,0.0980278826359
O14,control_first_space,pchip,13,0.0966291189633
O14,control_first_space,pchip,14,0.0981497868823
O14,control_first_space,pchip,15,0.0967277444062
O14,control_first_space,pchip,16,0.103382113172
O14,random,constant,3,0.778311390726
O14,random,constant,4,0.735118302432
O14,random,constant,5,0.721462995281
O14,random,constant,6,0.683806425933
O14,random,constant,7,0.663247974221
O14,random,constant,8,0.655880237981
O14,random,constant,9,0.654314709315
O14,random,constant,10,0.652380126794
O14,random,constant,11,0.648190016352
O14,random,constant,12,0.64762684989
O14,random,constant,13,0.643950889348
O14,random,constant,14,0.64330615443
O14,random,constant,15,0.643125583605
O14,random,constant,16,0.642429966629
O14,random,linear,3,0.295130611186
O14,random,linear,4,0.215580539696
O14,random,linear,5,0.155370836307
O14,random,linear,6,0.131542775596
O14,random,linear,7,0.12227760787
O14,random,linear,8,0.114938605968
O14,random,linear,9,0.115125415954
O14,random,linear,10,0.111286666898
O14,random,linear,11,0.108897745646
O14,random,linear,12,0.108324455076
O14,random,linear,13,0.107402981634
O14,random,linear,14,0.106404008462
O14,random,linear,15,0.105839929351
O14,random,linear,16,0.103382113172
O14,random,pchip,3,0.333268230382
O14,random,pchip,4,0.212015924979
O14,random,pchip,5,0.148217028905
O14,random,pchip,6,0.13005516575
O14,random,pchip,7,0.125179512627
O14,random,pchip,8,0.116046520603
O14,random,pchip,9,0.116421673969
O14,random,pchip,10,0.110843391752
O14,random,pchip,11,0.109091853134
O14,random,pchip,12,0.108491343902
O14,random,pchip,13,0.107423300174
O14,random,pchip,14,0.106404008462
O14,random,pchip,15,0.105839929351
O14,random,pchip,16,0.103382113172
O14,space_filling,constant,3,0.778311390726
O14,space_filling,constant,4,0.660755644733
O14,space_filling,constant,5,0.696112893375
O14,space_filling,constant,6,0.697497818793
O14,space_filling,constant,7,0.647391362369
O14,space_filling,constant,8,0.643233733681
O14,space_filling,constant,9,0.640445835743
O14,space_filling,constant,10,0.639126053361
O14,space_filling,constant,11,0.63585169781
O14,space_filling,constant,12,0.634362773202
O14,space_filling,constant,13,0.634579952052
O14,space_filling,constant,14,0.635734783975
O14,space_filling,constant,15,0.636616997115
O14,space_filling,constant,16,0.642429966629
O14,space_filling,linear,3,0.295130611186
O14,space_filling,linear,4,0.127530874873
O14,space_filling,linear,5,0.0987972007144
O14,space_filling,linear,6,0.10192171843
O14,space_filling,linear,7,0.0975269623572
O14,space_filling,linear,8,0.106955928947
O14,space_filling,linear,9,0.10416803101
O14,space_filling,linear,10,0.103134153736
O14,space_filling,linear,11,0.0966595811977
O14,space_filling,linear,12,0.0980278826359
O14,space_filling,linear,13,0.0966291189633
O14,space_filling,linear,14,0.0981497868823
O14,space_filling,linear,15,0.0967277444062
O14,space_filling,linear,16,0.103382113172
O14,space_filling,pchip,3,0.333268230382
O14,space_filling,pchip,4,0.109665353677
O14,space_filling,pchip,5,0.102592751626
O14,space_filling,pchip,6,0.102957938236
O14,space_filling,pchip,7,0.0989042581963
O14,space_filling,pchip,8,0.106955928947
O14,space_filling,pchip,9,0.10416803101
O14,space_filling,pchip,10,0.103134153736
O14,space_filling,pchip,11,0.0966595811977
O14,space_filling,pchip,12,0.0980278826359
O14,space_filling,pchip,13,0.0966291189633
O14,space_filling,pchip,14,0.0981497868823
O14,space_filling,pchip,15,0.0967277444062
O14,space_filling,pchip,16,0.103382113172
O15,control_first_space,constant,3,0.917780558001
O15,control_first_space,constant,4,0.93788907655
O15,control_first_space,constant,5,0.742031916473
O15,control_first_space,constant,6,0.726258552396
O15,control_first_space,constant,7,0.691475126778
O15,control_first_space,constant,8,0.665996468946
O15,control_first_space,constant,9,0.666498454259
O15,control_first_space,constant,10,0.671200240857
O15,control_first_space,constant,11,0.668967927368
O15,control_first_space,constant,12,0.678449392476
O15,control_first_space,constant,13,0.680453105687
O15,control_first_space,constant,14,0.674734043426
O15,control_first_space,constant,15,0.674923407757
O15,control_first_space,constant,16,0.667433219732
O15,control_first_space,linear,3,0.507381830854
O15,control_first_space,linear,4,0.517204392424
O15,control_first_space,linear,5,0.221221944962
O15,control_first_space,linear,6,0.185893472359
O15,control_first_space,linear,7,0.162837514107
O15,control_first_space,linear,8,0.147415323528
O15,control_first_space,linear,9,0.14917340176
O15,control_first_space,linear,10,0.147931190557
O15,control_first_space,linear,11,0.14346991016
O15,control_first_space,linear,12,0.1470763982
O15,control_first_space,linear,13,0.146501955294
O15,control_first_space,linear,14,0.142608103315
O15,control_first_space,linear,15,0.140244608825
O15,control_first_space,linear,16,0.128803684469
O15,control_first_space,pchip,3,0.634506816343
O15,control_first_space,pchip,4,0.635930322956
O15,control_first_space,pchip,5,0.208727633243
O15,control_first_space,pchip,6,0.192392524132
O15,control_first_space,pchip,7,0.169965870441
O15,control_first_space,pchip,8,0.151901934381
O15,control_first_space,pchip,9,0.14917340176
O15,control_first_space,pchip,10,0.147931190557
O15,control_first_space,pchip,11,0.14346991016
O15,control_first_space,pchip,12,0.1470763982
O15,control_first_space,pchip,13,0.146501955294
O15,control_first_space,pchip,14,0.142608103315
O15,control_first_space,pchip,15,0.140244608825
O15,control_first_space,pchip,16,0.128803684469
O15,random,constant,3,0.917780558001
O15,random,constant,4,0.809376175049
O15,random,constant,5,0.746692775865
O15,random,constant,6,0.709311356922
O15,random,constant,7,0.687620675618
O15,random,constant,8,0.677256283555
O15,random,constant,9,0.673323765776
O15,random,constant,10,0.671965042809
O15,random,constant,11,0.66974162945
O15,random,constant,12,0.669305438783
O15,random,constant,13,0.666475843797
O15,random,constant,14,0.665873682612
O15,random,constant,15,0.666438175011
O15,random,constant,16,0.667433219732
O15,random,linear,3,0.507381830854
O15,random,linear,4,0.321491827057
O15,random,linear,5,0.217234804785
O15,random,linear,6,0.17941607936
O15,random,linear,7,0.165123910082
O15,random,linear,8,0.156284139016
O15,random,linear,9,0.15359588323
O15,random,linear,10,0.149524991367
O15,random,linear,11,0.144561466683
O15,random,linear,12,0.139933298244
O15,random,linear,13,0.135434262679
O15,random,linear,14,0.133120996736
O15,random,linear,15,0.131133404321
O15,random,linear,16,0.128803684469
O15,random,pchip,3,0.634506816343
O15,random,pchip,4,0.333273941094
O15,random,pchip,5,0.206188950411
O15,random,pchip,6,0.177199017803
O15,random,pchip,7,0.166586574198
O15,random,pchip,8,0.158811027862
O15,random,pchip,9,0.15685284318
O15,random,pchip,10,0.151753750402
O15,random,pchip,11,0.146471899339
O15,random,pchip,12,0.141031915969
O15,random,pchip,13,0.13564975661
O15,random,pchip,14,0.133120996736
O15,random,pchip,15,0.131133404321
O15,random,pchip,16,0.128803684469
O15,space_filling,constant,3,0.917780558001
O15,space_filling,constant,4,0.722711213453
O15,space_filling,constant,5,0.666483867986
O15,space_filling,constant,6,0.646618673227
O15,space_filling,constant,7,0.655640684061
O15,space_filling,constant,8,0.665232265744
O15,space_filling,constant,9,0.666498454259
O15,space_filling,constant,10,0.671200240857
O15,space_filling,constant,11,0.668967927368
O15,space_filling,constant,12,0.678449392476
O15,space_filling,constant,13,0.680453105687
O15,space_filling,constant,14,0.674734043426
O15,space_filling,constant,15,0.674923407757
O15,space_filling,constant,16,0.667433219732
O15,space_filling,linear,3,0.507381830854
O15,space_filling,linear,4,0.203839599923
O15,space_filling,linear,5,0.163262807064
O15,space_filling,linear,6,0.150876825544
O15,space_filling,linear,7,0.152940978951
O15,space_filling,linear,8,0.147907213245
O15,space_filling,linear,9,0.14917340176
O15,space_filling,linear,10,0.147931190557
O15,space_filling,linear,11,0.14346991016
O15,space_filling,linear,12,0.1470763982
O15,space_filling,linear,13,0.146501955294
O15,space_filling,linear,14,0.142608103315
O15,space_filling,linear,15,0.140244608825
O15,space_filling,linear,16,0.128803684469
O15,space_filling,pchip,3,0.634506816343
O15,space_filling,pchip,4,0.196247243298
O15,space_filling,pchip,5,0.173522569163
O15,space_filling,pchip,6,0.160363544662
O15,space_filling,pchip,7,0.158195547058
O15,space_filling,pchip,8,0.147907213245
O15,space_filling,pchip,9,0.14917340176
O15,space_filling,pchip,10,0.147931190557
O15,space_filling,pchip,11,0.14346991016
O15,space_filling,pchip,12,0.1470763982
O15,space_filling,pchip,13,0.146501955294
O15,space_filling,pchip,14,0.142608103315
O15,space_filling,pchip,15,0.140244608825
O15,space_filling,pchip,16,0.128803684469
O16,control_first_space,constant,3,1.02087589148
O16,control_first_space,constant,4,0.968292039664
O16,control_first_space,constant,5,1.01179631841
O16,control_first_space,constant,6,1.04741116178
O16,control_first_space,constant,7,1.07305572682
O16,control_first_space,constant,8,1.04563439564
O16,control_first_space,constant,9,1.03568591861
O16,control_first_space,constant,10,1.02832919818
O16,control_first_space,constant,11,1.01399702066
O16,control_first_space,constant,12,1.01043342769
O16,control_first_space,constant,13,0.999653828795
O16,control_first_space,constant,14,0.998307029111
O16,control_first_space,constant,15,0.99097231152
O16,control_first_space,constant,16,0.978632047404
O16,control_first_space,linear,3,0.346618606736
O16,control_first_space,linear,4,0.271610433482
O16,control_first_space,linear,5,0.281551605541
O16,control_first_space,linear,6,0.265169013472
O16,control_first_space,linear,7,0.277546078855
O16,control_first_space,linear,8,0.279926769293
O16,control_first_space,linear,9,0.291517313367
O16,control_first_space,linear,10,0.279331102352
O16,control_first_space,linear,11,0.275657874144
O16,control_first_space,linear,12,0.274114921367
O16,control_first_space,linear,13,0.265413477626
O16,control_first_space,linear,14,0.262780162865
O16,control_first_space,linear,15,0.250220437901
O16,control_first_space,linear,16,0.203469033325
O16,control_first_space,pchip,3,0.588743009466
O16,control_first_space,pchip,4,0.324889584106
O16,control_first_space,pchip,5,0.285790494421
O16,control_first_space,pchip,6,0.25644619688
O16,control_first_space,pchip,7,0.276934237879
O16,control_first_space,pchip,8,0.274850279047
O16,control_first_space,pchip,9,0.291517313367
O16,control_first_space,pchip,10,0.279331102352
O16,control_first_space,pchip,11,0.275657874144
O16,control_first_space,pchip,12,0.274114921367
O16,control_first_space,pchip,13,0.265413477626
O16,control_first_space,pchip,14,0.262780162865
O16,control_first_space,pchip,15,0.250220437901
O16,control_first_space,pchip,16,0.203469033325
O16,random,constant,3,1.02087589148
O16,random,constant,4,1.09136592427
O16,random,constant,5,1.08293330189
O16,random,constant,6,1.08140488618
O16,random,constant,7,1.06199912102
O16,random,constant,8,1.04770336162
O16,random,constant,9,1.04409161101
O16,random,constant,10,1.04059867131
O16,random,constant,11,1.03475507561
O16,random,constant,12,1.01794331954
O16,random,constant,13,1.00180138383
O16,random,constant,14,0.999485999084
O16,random,constant,15,0.985754951894
O16,random,constant,16,0.978632047404
O16,random,linear,3,0.346618606736
O16,random,linear,4,0.375436465623
O16,random,linear,5,0.357895018958
O16,random,linear,6,0.34200532152
O16,random,linear,7,0.330846732018
O16,random,linear,8,0.31536674977
O16,random,linear,9,0.308647564157
O16,random,linear,10,0.298638675118
O16,random,linear,11,0.291691610582
O16,random,linear,12,0.259261711332
O16,random,linear,13,0.24437516605
O16,random,linear,14,0.238761324642
O16,random,linear,15,0.217524636871
O16,random,linear,16,0.203469033325
O16,random,pchip,3,0.588743009466
O16,random,pchip,4,0.492916889191
O16,random,pchip,5,0.380801601936
O16,random,pchip,6,0.349439281936
O16,random,pchip,7,0.334257630575
O16,random,pchip,8,0.316296863963
O16,random,pchip,9,0.30891718757
O16,random,pchip,10,0.299263743024
O16,random,pchip,11,0.292095938847
O16,random,pchip,12,0.25932838668
O16,random,pchip,13,0.244150258805
O16,random,pchip,14,0.238761324642
O16,random,pchip,15,0.217524636871
O16,random,pchip,16,0.203469033325
O16,space_filling,constant,3,1.02087589148
O16,space_filling,constant,4,1.10810905366
O16,space_filling,constant,5,1.12645539438
O16,space_filling,constant,6,1.14768903606
O16,space_filling,constant,7,1.14267299688
O16,space_filling,constant,8,1.18391503467
O16,space_filling,constant,9,1.03568591861
O16,space_filling,constant,10,1.02832919818
O16,space_filling,constant,11,1.01399702066
O16,space_filling,constant,12,1.01043342769
O16,space_filling,constant,13,0.999653828795
O16,space_filling,constant,14,0.998307029111
O16,space_filling,constant,15,0.99097231152
O16,space_filling,constant,16,0.978632047404
O16,space_filling,linear,3,0.346618606736
O16,space_filling,linear,4,0.397787928811
O16,space_filling,linear,5,0.361314745041
O16,space_filling,linear,6,0.423361838416
O16,space_filling,linear,7,0.421677823293
O16,space_filling,linear,8,0.439746429422
O16,space_filling,linear,9,0.291517313367
O16,space_filling,linear,10,0.279331102352
O16,space_filling,linear,11,0.275657874144
O16,space_filling,linear,12,0.274114921367
O16,space_filling,linear,13,0.265413477626
O16,space_filling,linear,14,0.262780162865
O16,space_filling,linear,15,0.250220437901
O16,space_filling,linear,16,0.203469033325
O16,space_filling,pchip,3,0.588743009466
O16,space_filling,pchip,4,0.416902999144
O16,space_filling,pchip,5,0.364078101622
O16,space_filling,pchip,6,0.42461485204
O16,space_filling,pchip,7,0.41637422552
O16,space_filling,pchip,8,0.439746429422
O16,space_filling,pchip,9,0.291517313367
O16,space_filling,pchip,10,0.279331102352
O16,space_filling,pchip,11,0.275657874144
O16,space_filling,pchip,12,0.274114921367
O16,space_filling,pchip,13,0.265413477626
O16,space_filling,pchip,14,0.262780162865
O16,space_filling,pchip,15,0.250220437901
O16,space_filling,pchip,16,0.203469033325
O17,control_first_space,constant,3,0.163361329766
O17,control_first_space,constant,4,0.183455162388
O17,control_first_space,constant,5,0.167881194684
O17,control_first_space,constant,6,0.17922784665
O17,control_first_space,constant,7,0.175435091503
O17,control_first_space,constant,8,0.165424589041
O17,control_first_space,constant,9,0.157649731321
O17,control_first_space,constant,10,0.157032693293
O17,control_first_space,constant,11,0.154895084694
O17,control_first_space,constant,12,0.154722886981
O17,control_first_space,constant,13,0.153222120331
O17,control_first_space,constant,14,0.154405315978
O17,control_first_space,constant,15,0.153622792455
O17,control_first_space,constant,16,0.152047991943
O17,control_first_space,linear,3,0.0555914350417
O17,control_first_space,linear,4,0.0719407133872
O17,control_first_space,linear,5,0.0543054746579
O17,control_first_space,linear,6,0.052022324802
O17,control_first_space,linear,7,0.0434010404215
O17,control_first_space,linear,8,0.047623438757
O17,control_first_space,linear,9,0.0416840061417
O17,control_first_space,linear,10,0.0385914061185
O17,control_first_space,linear,11,0.0374791655251
O17,control_first_space,linear,12,0.0360949703312
O17,control_first_space,linear,13,0.034150947577
O17,control_first_space,linear,14,0.0322050485651
O17,control_first_space,linear,15,0.0287230764332
O17,control_first_space,linear,16,0.0269991515389
O17,control_first_space,pchip,3,0.0863961089912
O17,control_first_space,pchip,4,0.120787000375
O17,control_first_space,pchip,5,0.056983719394
O17,control_first_space,pchip,6,0.0584649574587
O17,control_first_space,pchip,7,0.0484961290183
O17,control_first_space,pchip,8,0.0488028856163
O17,control_first_space,pchip,9,0.0416840061417
O17,control_first_space,pchip,10,0.0385914061185
O17,control_first_space,pchip,11,0.0374791655251
O17,control_first_space,pchip,12,0.0360949703312
O17,control_first_space,pchip,13,0.034150947577
O17,control_first_space,pchip,14,0.0322050485651
O17,control_first_space,pchip,15,0.0287230764332
O17,control_first_space,pchip,16,0.0269991515389
O17,random,constant,3,0.163361329766
O17,random,constant,4,0.166577830381
O17,random,constant,5,0.161669167955
O17,random,constant,6,0.159463815712
O17,random,constant,7,0.158631838908
O17,random,constant,8,0.156880989316
O17,random,constant,9,0.155350570696
O17,random,constant,10,0.153586598149
O17,random,constant,11,0.15221239385
O17,random,constant,12,0.152442050899
O17,random,constant,13,0.153120588012
O17,random,constant,14,0.1526146383
O17,random,constant,15,0.152716400599
O17,random,constant,16,0.152047991943
O17,random,linear,3,0.0555914350417
O17,random,linear,4,0.0549245148974
O17,random,linear,5,0.048257636111
O17,random,linear,6,0.0505231280404
O17,random,linear,7,0.0504436842896
O17,random,linear,8,0.0457706644636
O17,random,linear,9,0.0416494728515
O17,random,linear,10,0.0386232273756
O17,random,linear,11,0.0360350113908
O17,random,linear,12,0.0352585094941
O17,random,linear,13,0.0342365353137
O17,random,linear,14,0.0314541791822
O17,random,linear,15,0.0296555358725
O17,random,linear,16,0.0269991515389
O17,random,pchip,3,0.0863961089912
O17,random,pchip,4,0.076433324163
O17,random,pchip,5,0.0557221657745
O17,random,pchip,6,0.0580704553525
O17,random,pchip,7,0.057281067579
O17,random,pchip,8,0.0486807030289
O17,random,pchip,9,0.0440590675384
O17,random,pchip,10,0.0391783508028
O17,random,pchip,11,0.0366393872676
O17,random,pchip,12,0.0358516769023
O17,random,pchip,13,0.0343675267629
O17,random,pchip,14,0.0314541791822
O17,random,pchip,15,0.0296555358725
O17,random,pchip,16,0.0269991515389
O17,space_filling,constant,3,0.163361329766
O17,space_filling,constant,4,0.150713234866
O17,space_filling,constant,5,0.156160466731
O17,space_filling,constant,6,0.154335869539
O17,space_filling,constant,7,0.14642179435
O17,space_filling,constant,8,0.142987262495
O17,space_filling,constant,9,0.157649731321
O17,space_filling,constant,10,0.157032693293
O17,space_filling,constant,11,0.154895084694
O17,space_filling,constant,12,0.154722886981
O17,space_filling,constant,13,0.153222120331
O17,space_filling,constant,14,0.154405315978
O17,space_filling,constant,15,0.153622792455
O17,space_filling,constant,16,0.152047991943
O17,space_filling,linear,3,0.0555914350417
O17,space_filling,linear,4,0.0388810632695
O17,space_filling,linear,5,0.0388110635325
O17,space_filling,linear,6,0.031988976915
O17,space_filling,linear,7,0.0333963540764
O17,space_filling,linear,8,0.0270215373153
O17,space_filling,linear,9,0.0416840061417
O17,space_filling,linear,10,0.0385914061185
O17,space_filling,linear,11,0.0374791655251
O17,space_filling,linear,12,0.0360949703312
O17,space_filling,linear,13,0.034150947577
O17,space_filling,linear,14,0.0322050485651
O17,space_filling,linear,15,0.0287230764332
O17,space_filling,linear,16,0.0269991515389
O17,space_filling,pchip,3,0.0863961089912
O17,space_filling,pchip,4,0.0414471456125
O17,space_filling,pchip,5,0.0448048504524
O17,space_filling,pchip,6,0.0360727525918
O17,space_filling,pchip,7,0.0338845388663
O17,space_filling,pchip,8,0.0270215373153
O17,space_filling,pchip,9,0.0416840061417
O17,space_filling,pchip,10,0.0385914061185
O17,space_filling,pchip,11,0.0374791655251
O17,space_filling,pchip,12,0.0360949703312
O17,space_filling,pchip,13,0.034150947577
O17,space_filling,pchip,14,0.0322050485651
O17,space_filling,pchip,15,0.0287230764332
O17,space_filling,pchip,16,0.0269991515389
O18,control_first_space,constant,3,0.680401705302
O18,control_first_space,constant,4,0.875971732345
O18,control_first_space,constant,5,0.718563043423
O18,control_first_space,constant,6,0.804058674727
O18,control_first_space,constant,7,0.764073062753
O18,control_first_space,constant,8,0.73039526954
O18,control_first_space,constant,9,0.694115099942
O18,control_first_space,constant,10,0.702519204754
O18,control_first_space,constant,11,0.698089695959
O18,control_first_space,constant,12,0.694529346578
O18,control_first_space,constant,13,0.700536650478
O18,control_first_space,constant,14,0.710803137006
O18,control_first_space,constant,15,0.712538300934
O18,control_first_space,constant,16,0.709760072197
O18,control_first_space,linear,3,0.186607705712
O18,control_first_space,linear,4,0.375706286367
O18,control_first_space,linear,5,0.170927451832
O18,control_first_space,linear,6,0.167743587285
O18,control_first_space,linear,7,0.154585328702
O18,control_first_space,linear,8,0.223350762222
O18,control_first_space,linear,9,0.216060174549
O18,control_first_space,linear,10,0.221812173927
O18,control_first_space,linear,11,0.213051602228
O18,control_first_space,linear,12,0.205037399915
O18,control_first_space,linear,13,0.211496799285
O18,control_first_space,linear,14,0.214878333181
O18,control_first_space,linear,15,0.214046624666
O18,control_first_space,linear,16,0.209844541499
O18,control_first_space,pchip,3,0.175845704328
O18,control_first_space,pchip,4,0.498275985132
O18,control_first_space,pchip,5,0.158127124416
O18,control_first_space,pchip,6,0.167750660174
O18,control_first_space,pchip,7,0.161600685465
O18,control_first_space,pchip,8,0.23363449118
O18,control_first_space,pchip,9,0.216060174549
O18,control_first_space,pchip,10,0.221812173927
O18,control_first_space,pchip,11,0.213051602228
O18,control_first_space,pchip,12,0.205037399915
O18,control_first_space,pchip,13,0.211496799285
O18,control_first_space,pchip,14,0.214878333181
O18,control_first_space,pchip,15,0.214046624666
O18,control_first_space,pchip,16,0.209844541499
O18,random,constant,3,0.680401705302
O18,random,constant,4,0.676639881319
O18,random,constant,5,0.677750274992
O18,random,constant,6,0.656139413261
O18,random,constant,7,0.655202239285
O18,random,constant,8,0.667290955656
O18,random,constant,9,0.66459740774
O18,random,constant,10,0.674201842595
O18,random,constant,11,0.670863355573
O18,random,constant,12,0.684887028277
O18,random,constant,13,0.692894039569
O18,random,constant,14,0.692016104345
O18,random,constant,15,0.704032085803
O18,random,constant,16,0.709760072197
O18,random,linear,3,0.186607705712
O18,random,linear,4,0.167056288728
O18,random,linear,5,0.137068075612
O18,random,linear,6,0.12964593703
O18,random,linear,7,0.139689082807
O18,random,linear,8,0.15551805285
O18,random,linear,9,0.156878530168
O18,random,linear,10,0.16494552804
O18,random,linear,11,0.167559277322
O18,random,linear,12,0.182693605836
O18,random,linear,13,0.196064359274
O18,random,linear,14,0.194521558714
O18,random,linear,15,0.204687453871
O18,random,linear,16,0.209844541499
O18,random,pchip,3,0.175845704328
O18,random,pchip,4,0.213406216993
O18,random,pchip,5,0.141725701954
O18,random,pchip,6,0.132812533646
O18,random,pchip,7,0.141289153643
O18,random,pchip,8,0.157645987168
O18,random,pchip,9,0.15907166987
O18,random,pchip,10,0.165845538988
O18,random,pchip,11,0.16893825911
O18,random,pchip,12,0.18372611747
O18,random,pchip,13,0.196572318091
O18,random,pchip,14,0.194521558714
O18,random,pchip,15,0.204687453871
O18,random,pchip,16,0.209844541499
O18,space_filling,constant,3,0.680401705302
O18,space_filling,constant,4,0.608809706898
O18,space_filling,constant,5,0.681474940288
O18,space_filling,constant,6,0.670941193724
O18,space_filling,constant,7,0.621879599695
O18,space_filling,constant,8,0.578494912763
O18,space_filling,constant,9,0.694115099942
O18,space_filling,constant,10,0.702519204754
O18,space_filling,constant,11,0.698089695959
O18,space_filling,constant,12,0.694529346578
O18,space_filling,constant,13,0.700536650478
O18,space_filling,constant,14,0.710803137006
O18,space_filling,constant,15,0.712538300934
O18,space_filling,constant,16,0.709760072197
O18,space_filling,linear,3,0.186607705712
O18,space_filling,linear,4,0.0835295697496
O18,space_filling,linear,5,0.0815173177992
O18,space_filling,linear,6,0.078731605199
O18,space_filling,linear,7,0.11031868137
O18,space_filling,linear,8,0.10043998737
O18,space_filling,linear,9,0.216060174549
O18,space_filling,linear,10,0.221812173927
O18,space_filling,linear,11,0.213051602228
O18,space_filling,linear,12,0.205037399915
O18,space_filling,linear,13,0.211496799285
O18,space_filling,linear,14,0.214878333181
O18,space_filling,linear,15,0.214046624666
O18,space_filling,linear,16,0.209844541499
O18,space_filling,pchip,3,0.175845704328
O18,space_filling,pchip,4,0.0947675005462
O18,space_filling,pchip,5,0.0912546041659
O18,space_filling,pchip,6,0.0921506710167
O18,space_filling,pchip,7,0.114972789669
O18,space_filling,pchip,8,0.10043998737
O18,space_filling,pchip,9,0.216060174549
O18,space_filling,pchip,10,0.221812173927
O18,space_filling,pchip,11,0.213051602228
O18,space_filling,pchip,12,0.205037399915
O18,space_filling,pchip,13,0.211496799285
O18,space_filling,pchip,14,0.214878333181
O18,space_filling,pchip,15,0.214046624666
O18,space_filling,pchip,16,0.209844541499
O19,control_first_space,constant,3,2.27415727928
O19,control_first_space,constant,4,2.25656382665
O19,control_first_space,constant,5,2.33752642729
O19,control_first_space,constant,6,2.29731544254
O19,control_first_space,constant,7,2.29511897524
O19,control_first_space,constant,8,2.32264792204
O19,control_first_space,constant,9,2.37161343652
O19,control_first_space,constant,10,2.36549068273
O19,control_first_space,constant,11,2.36924078298
O19,control_first_space,constant,12,2.37165774332
O19,control_first_space,constant,13,2.37217636538
O19,control_first_space,constant,14,2.36757187401
O19,control_first_space,constant,15,2.36381188295
O19,control_first_space,constant,16,2.36561585131
O19,control_first_space,linear,3,0.613113094072
O19,control_first_space,linear,4,0.60389633455
O19,control_first_space,linear,5,0.659905229454
O19,control_first_space,linear,6,0.552904539806
O19,control_first_space,linear,7,0.537129262257
O19,control_first_space,linear,8,0.541226141222
O19,control_first_space,linear,9,0.534368482057
O19,control_first_space,linear,10,0.527676647835
O19,control_first_space,linear,11,0.529976520111
O19,control_first_space,linear,12,0.530778457355
O19,control_first_space,linear,13,0.530972074198
O19,control_first_space,linear,14,0.531540011825
O19,control_first_space,linear,15,0.529810647544
O19,control_first_space,linear,16,0.536522922663
O19,control_first_space,pchip,3,0.846623040437
O19,control_first_space,pchip,4,0.864932111241
O19,control_first_space,pchip,5,0.792493083856
O19,control_first_space,pchip,6,0.570732707713
O19,control_first_space,pchip,7,0.553208709917
O19,control_first_space,pchip,8,0.547520937096
O19,control_first_space,pchip,9,0.534368482057
O19,control_first_space,pchip,10,0.527676647835
O19,control_first_space,pchip,11,0.529976520111
O19,control_first_space,pchip,12,0.530778457355
O19,control_first_space,pchip,13,0.530972074198
O19,control_first_space,pchip,14,0.531540011825
O19,control_first_space,pchip,15,0.529810647544
O19,control_first_space,pchip,16,0.536522922663
O19,random,constant,3,2.27415727928
O19,random,constant,4,2.33945836672
O19,random,constant,5,2.35754942895
O19,random,constant,6,2.36366392585
O19,random,constant,7,2.3609657386
O19,random,constant,8,2.36334842032
O19,random,constant,9,2.359808036
O19,random,constant,10,2.35924178458
O19,random,constant,11,2.35824994402
O19,random,constant,12,2.36357064631
O19,random,constant,13,2.36571316568
O19,random,constant,14,2.36664955143
O19,random,constant,15,2.3665217304
O19,random,constant,16,2.36561585131
O19,random,linear,3,0.613113094072
O19,random,linear,4,0.627854819264
O19,random,linear,5,0.634809164043
O19,random,linear,6,0.610989880168
O19,random,linear,7,0.594168104004
O19,random,linear,8,0.576728962622
O19,random,linear,9,0.567703671621
O19,random,linear,10,0.550529917801
O19,random,linear,11,0.54410381174
O19,random,linear,12,0.546221236302
O19,random,linear,13,0.538669454672
O19,random,linear,14,0.537824293267
O19,random,linear,15,0.538390300536
O19,random,linear,16,0.536522922663
O19,random,pchip,3,0.846623040437
O19,random,pchip,4,0.723365759261
O19,random,pchip,5,0.706074270906
O19,random,pchip,6,0.651005625248
O19,random,pchip,7,0.61086413009
O19,random,pchip,8,0.591135419358
O19,random,pchip,9,0.577339183071
O19,random,pchip,10,0.560440346778
O19,random,pchip,11,0.545818254683
O19,random,pchip,12,0.547502245107
O19,random,pchip,13,0.53887958781
O19,random,pchip,14,0.537824293267
O19,random,pchip,15,0.538390300536
O19,random,pchip,16,0.536522922663
O19,space_filling,constant,3,2.27415727928
O19,space_filling,constant,4,2.33390681382
O19,space_filling,constant,5,2.3236427405
O19,space_filling,constant,6,2.31842981887
O19,space_filling,constant,7,2.33310401978
O19,space_filling,constant,8,2.37089590184
O19,space_filling,constant,9,2.37161343652
O19,space_filling,constant,10,2.36549068273
O19,space_filling,constant,11,2.36924078298
O19,space_filling,constant,12,2.37165774332
O19,space_filling,constant,13,2.37217636538
O19,space_filling,constant,14,2.36757187401
O19,space_filling,constant,15,2.36381188295
O19,space_filling,constant,16,2.36561585131
O19,space_filling,linear,3,0.613113094072
O19,space_filling,linear,4,0.649392201592
O19,space_filling,linear,5,0.551120564901
O19,space_filling,linear,6,0.531657578199
O19,space_filling,linear,7,0.538454177666
O19,space_filling,linear,8,0.533650947374
O19,space_filling,linear,9,0.534368482057
O19,space_filling,linear,10,0.527676647835
O19,space_filling,linear,11,0.529976520111
O19,space_filling,linear,12,0.530778457355
O19,space_filling,linear,13,0.530972074198
O19,space_filling,linear,14,0.531540011825
O19,space_filling,linear,15,0.529810647544
O19,space_filling,linear,16,0.536522922663
O19,space_filling,pchip,3,0.846623040437
O19,space_filling,pchip,4,0.776845328892
O19,space_filling,pchip,5,0.568461376561
O19,space_filling,pchip,6,0.547722131289
O19,space_filling,pchip,7,0.545254683544
O19,space_filling,pchip,8,0.533650947374
O19,space_filling,pchip,9,0.534368482057
O19,space_filling,pchip,10,0.527676647835
O19,space_filling,pchip,11,0.529976520111
O19,space_filling,pchip,12,0.530778457355
O19,space_filling,pchip,13,0.530972074198
O19,space_filling,pchip,14,0.531540011825
O19,space_filling,pchip,15,0.529810647544
O19,space_filling,pchip,16,0.536522922663
O20,control_first_space,constant,3,3.22937941075
O20,control_first_space,constant,4,3.68859469762
O20,control_first_space,constant,5,2.59065840492
O20,control_first_space,constant,6,2.13792850779
O20,control_first_space,constant,7,1.98923542582
O20,control_first_space,constant,8,2.03661415805
O20,control_first_space,constant,9,2.00867802602
O20,control_first_space,constant,10,2.01046625362
O20,control_first_space,constant,11,2.07686859308
O20,control_first_space,constant,12,2.07760210281
O20,control_first_space,constant,13,2.05695744099
O20,control_first_space,constant,14,2.04938889215
O20,control_first_space,constant,15,2.10099962801
O20,control_first_space,constant,16,2.09725197435
O20,control_first_space,linear,3,2.15991952894
O20,control_first_space,linear,4,2.65328293475
O20,control_first_space,linear,5,0.787162207379
O20,control_first_space,linear,6,0.688325293548
O20,control_first_space,linear,7,0.717570502249
O20,control_first_space,linear,8,0.65346978985
O20,control_first_space,linear,9,0.859437028733
O20,control_first_space,linear,10,0.860982653806
O20,control_first_space,linear,11,0.736143334974
O20,control_first_space,linear,12,0.736833977136
O20,control_first_space,linear,13,0.708275635629
O20,control_first_space,linear,14,0.694221566908
O20,control_first_space,linear,15,0.762906555077
O20,control_first_space,linear,16,0.754513997351
O20,control_first_space,pchip,3,4.39647032353
O20,control_first_space,pchip,4,5.10191004678
O20,control_first_space,pchip,5,0.780319427809
O20,control_first_space,pchip,6,0.701706540873
O20,control_first_space,pchip,7,0.727074272326
O20,control_first_space,pchip,8,0.680570275604
O20,control_first_space,pchip,9,0.859437028733
O20,control_first_space,pchip,10,0.860982653806
O20,control_first_space,pchip,11,0.736143334974
O20,control_first_space,pchip,12,0.736833977136
O20,control_first_space,pchip,13,0.708275635629
O20,control_first_space,pchip,14,0.694221566908
O20,control_first_space,pchip,15,0.762906555077
O20,control_first_space,pchip,16,0.754513997351
O20,random,constant,3,3.22937941075
O20,random,constant,4,2.62309376497
O20,random,constant,5,2.26049514253
O20,random,constant,6,2.13715144441
O20,random,constant,7,2.09434147599
O20,random,constant,8,2.06506114714
O20,random,constant,9,2.01956727933
O20,random,constant,10,1.99623382082
O20,random,constant,11,1.99472051404
O20,random,constant,12,2.0406907771
O20,random,constant,13,2.0480743085
O20,random,constant,14,2.05955939679
O20,random,constant,15,2.07759208241
O20,random,constant,16,2.09725197435
O20,random,linear,3,2.15991952894
O20,random,linear,4,1.1997587804
O20,random,linear,5,0.888542762555
O20,random,linear,6,0.682317752094
O20,random,linear,7,0.624380724141
O20,random,linear,8,0.641544940139
O20,random,linear,9,0.650225525206
O20,random,linear,10,0.665095630778
O20,random,linear,11,0.681282569477
O20,random,linear,12,0.707047011186
O20,random,linear,13,0.717029592795
O20,random,linear,14,0.731128862809
O20,random,linear,15,0.746391457534
O20,random,linear,16,0.754513997351
O20,random,pchip,3,4.39647032353
O20,random,pchip,4,1.7428562506
O20,random,pchip,5,0.86779279323
O20,random,pchip,6,0.652427953092
O20,random,pchip,7,0.615149107981
O20,random,pchip,8,0.647421203496
O20,random,pchip,9,0.65986586093
O20,random,pchip,10,0.67279367955
O20,random,pchip,11,0.686503890387
O20,random,pchip,12,0.711199642685
O20,random,pchip,13,0.718533950056
O20,random,pchip,14,0.731128862809
O20,random,pchip,15,0.746391457534
O20,random,pchip,16,0.754513997351
O20,space_filling,constant,3,3.22937941075
O20,space_filling,constant,4,2.29833130042
O20,space_filling,constant,5,1.94858871119
O20,space_filling,constant,6,1.84657531788
O20,space_filling,constant,7,1.87782922337
O20,space_filling,constant,8,1.85922634879
O20,space_filling,constant,9,2.00867802602
O20,space_filling,constant,10,2.01046625362
O20,space_filling,constant,11,2.07686859308
O20,space_filling,constant,12,2.07760210281
O20,space_filling,constant,13,2.05695744099
O20,space_filling,constant,14,2.04938889215
O20,space_filling,constant,15,2.10099962801
O20,space_filling,constant,16,2.09725197435
O20,space_filling,linear,3,2.15991952894
O20,space_filling,linear,4,0.525295462369
O20,space_filling,linear,5,0.447254047808
O20,space_filling,linear,6,0.471371658334
O20,space_filling,linear,7,0.426677274038
O20,space_filling,linear,8,0.709985351494
O20,space_filling,linear,9,0.859437028733
O20,space_filling,linear,10,0.860982653806
O20,space_filling,linear,11,0.736143334974
O20,space_filling,linear,12,0.736833977136
O20,space_filling,linear,13,0.708275635629
O20,space_filling,linear,14,0.694221566908
O20,space_filling,linear,15,0.762906555077
O20,space_filling,linear,16,0.754513997351
O20,space_filling,pchip,3,4.39647032353
O20,space_filling,pchip,4,0.515917164078
O20,space_filling,pchip,5,0.453197395753
O20,space_filling,pchip,6,0.475250031488
O20,space_filling,pchip,7,0.44231767578
O20,space_filling,pchip,8,0.709985351494
O20,space_filling,pchip,9,0.859437028733
O20,space_filling,pchip,10,0.860982653806
O20,space_filling,pchip,11,0.736143334974
O20,space_filling,pchip,12,0.736833977136
O20,space_filling,pchip,13,0.708275635629
O20,space_filling,pchip,14,0.694221566908
O20,space_filling,pchip,15,0.762906555077
O20,space_filling,pchip,16,0.754513997351
O21,control_first_space,constant,3,0.835825362963
O21,control_first_space,constant,4,0.755414636636
O21,control_first_space,constant,5,0.714456241532
O21,control_first_space,constant,6,0.776830180989
O21,control_first_space,constant,7,0.775922366713
O21,control_first_space,constant,8,0.704342458873
O21,control_first_space,constant,9,0.655803707319
O21,control_first_space,constant,10,0.658138616468
O21,control_first_space,constant,11,0.660146639703
O21,control_first_space,constant,12,0.668875031418
O21,control_first_space,constant,13,0.666709630502
O21,control_first_space,constant,14,0.668623436473
O21,control_first_space,constant,15,0.66936192467
O21,control_first_space,constant,16,0.678632977747
O21,control_first_space,linear,3,0.347512134858
O21,control_first_space,linear,4,0.270384479197
O21,control_first_space,linear,5,0.240226393103
O21,control_first_space,linear,6,0.223964525979
O21,control_first_space,linear,7,0.217956152898
O21,control_first_space,linear,8,0.194685075452
O21,control_first_space,linear,9,0.205441280284
O21,control_first_space,linear,10,0.208225135734
O21,control_first_space,linear,11,0.20365587056
O21,control_first_space,linear,12,0.211193777977
O21,control_first_space,linear,13,0.205523820865
O21,control_first_space,linear,14,0.210290838126
O21,control_first_space,linear,15,0.215363598913
O21,control_first_space,linear,16,0.223621714741
O21,control_first_space,pchip,3,0.338596098654
O21,control_first_space,pchip,4,0.195496477916
O21,control_first_space,pchip,5,0.236683389198
O21,control_first_space,pchip,6,0.208394942812
O21,control_first_space,pchip,7,0.210888065828
O21,control_first_space,pchip,8,0.191054989509
O21,control_first_space,pchip,9,0.205441280284
O21,control_first_space,pchip,10,0.208225135734
O21,control_first_space,pchip,11,0.20365587056
O21,control_first_space,pchip,12,0.211193777977
O21,control_first_space,pchip,13,0.205523820865
O21,control_first_space,pchip,14,0.210290838126
O21,control_first_space,pchip,15,0.215363598913
O21,control_first_space,pchip,16,0.223621714741
O21,random,constant,3,0.835825362963
O21,random,constant,4,0.793359919436
O21,random,constant,5,0.801659817912
O21,random,constant,6,0.755608544314
O21,random,constant,7,0.727231707133
O21,random,constant,8,0.715895083948
O21,random,constant,9,0.711388477278
O21,random,constant,10,0.709724214933
O21,random,constant,11,0.700188464694
O21,random,constant,12,0.693236089797
O21,random,constant,13,0.684382598398
O21,random,constant,14,0.681900176506
O21,random,constant,15,0.680519187679
O21,random,constant,16,0.678632977747
O21,random,linear,3,0.347512134858
O21,random,linear,4,0.310373445122
O21,random,linear,5,0.285927318426
O21,random,linear,6,0.271259477393
O21,random,linear,7,0.261193021699
O21,random,linear,8,0.248689252931
O21,random,linear,9,0.246873205312
O21,random,linear,10,0.242977384423
O21,random,linear,11,0.238941998769
O21,random,linear,12,0.234795979086
O21,random,linear,13,0.230131628358
O21,random,linear,14,0.230121458216
O21,random,linear,15,0.227538143376
O21,random,linear,16,0.223621714741
O21,random,pchip,3,0.338596098654
O21,random,pchip,4,0.293186490818
O21,random,pchip,5,0.277334664848
O21,random,pchip,6,0.270439821734
O21,random,pchip,7,0.261351349997
O21,random,pchip,8,0.248973798916
O21,random,pchip,9,0.247025943055
O21,random,pchip,10,0.242173666503
O21,random,pchip,11,0.238423718372
O21,random,pchip,12,0.234351084957
O21,random,pchip,13,0.229961229184
O21,random,pchip,14,0.230121458216
O21,random,pchip,15,0.227538143376
O21,random,pchip,16,0.223621714741
O21,space_filling,constant,3,0.835825362963
O21,space_filling,constant,4,0.762715596814
O21,space_filling,constant,5,0.827344436915
O21,space_filling,constant,6,0.824861976561
O21,space_filling,constant,7,0.745245645075
O21,space_filling,constant,8,0.68720178077
O21,space_filling,constant,9,0.655803707319
O21,space_filling,constant,10,0.658138616468
O21,space_filling,constant,11,0.660146639703
O21,space_filling,constant,12,0.668875031418
O21,space_filling,constant,13,0.666709630502
O21,space_filling,constant,14,0.668623436473
O21,space_filling,constant,15,0.66936192467
O21,space_filling,constant,16,0.678632977747
O21,space_filling,linear,3,0.347512134858
O21,space_filling,linear,4,0.279700356272
O21,space_filling,linear,5,0.265520174197
O21,space_filling,linear,6,0.25694015318
O21,space_filling,linear,7,0.230606245688
O21,space_filling,linear,8,0.236839353736
O21,space_filling,linear,9,0.205441280284
O21,space_filling,linear,10,0.208225135734
O21,space_filling,linear,11,0.20365587056
O21,space_filling,linear,12,0.211193777977
O21,space_filling,linear,13,0.205523820865
O21,space_filling,linear,14,0.210290838126
O21,space_filling,linear,15,0.215363598913
O21,space_filling,linear,16,0.223621714741
O21,space_filling,pchip,3,0.338596098654
O21,space_filling,pchip,4,0.272334024822
O21,space_filling,pchip,5,0.248945406302
O21,space_filling,pchip,6,0.25383900421
O21,space_filling,pchip,7,0.228326282443
O21,space_filling,pchip,8,0.236839353736
O21,space_filling,pchip,9,0.205441280284
O21,space_filling,pchip,10,0.208225135734
O21,space_filling,pchip,11,0.20365587056
O21,space_filling,pchip,12,0.211193777977
O21,space_filling,pchip,13,0.205523820865
O21,space_filling,pchip,14,0.210290838126
O21,space_filling,pchip,15,0.215363598913
O21,space_filling,pchip,16,0.223621714741
O22,control_first_space,constant,3,0.586951594576
O22,control_first_space,constant,4,0.505478892432
O22,control_first_space,constant,5,0.51143969982
O22,control_first_space,constant,6,0.619245733329
O22,control_first_space,constant,7,0.587498099495
O22,control_first_space,constant,8,0.553854386548
O22,control_first_space,constant,9,0.552773896216
O22,control_first_space,constant,10,0.553708795886
O22,control_first_space,constant,11,0.540602358363
O22,control_first_space,constant,12,0.54292287524
O22,control_first_space,constant,13,0.539181527385
O22,control_first_space,constant,14,0.538892049169
O22,control_first_space,constant,15,0.527757647207
O22,control_first_space,constant,16,0.529578968788
O22,control_first_space,linear,3,0.220344340022
O22,control_first_space,linear,4,0.119522032072
O22,control_first_space,linear,5,0.155874016829
O22,control_first_space,linear,6,0.204478322821
O22,control_first_space,linear,7,0.157710970427
O22,control_first_space,linear,8,0.139092200836
O22,control_first_space,linear,9,0.187439873393
O22,control_first_space,linear,10,0.200340812474
O22,control_first_space,linear,11,0.168282722905
O22,control_first_space,linear,12,0.176383832133
O22,control_first_space,linear,13,0.182522192719
O22,control_first_space,linear,14,0.187718235423
O22,control_first_space,linear,15,0.166606262602
O22,control_first_space,linear,16,0.158913695094
O22,control_first_space,pchip,3,0.445244259656
O22,control_first_space,pchip,4,0.172742955426
O22,control_first_space,pchip,5,0.161939989593
O22,control_first_space,pchip,6,0.198385808076
O22,control_first_space,pchip,7,0.150526001553
O22,control_first_space,pchip,8,0.136771538967
O22,control_first_space,pchip,9,0.187439873393
O22,control_first_space,pchip,10,0.200340812474
O22,control_first_space,pchip,11,0.168282722905
O22,control_first_space,pchip,12,0.176383832133
O22,control_first_space,pchip,13,0.182522192719
O22,control_first_space,pchip,14,0.187718235423
O22,control_first_space,pchip,15,0.166606262602
O22,control_first_space,pchip,16,0.158913695094
O22,random,constant,3,0.586951594576
O22,random,constant,4,0.60207439337
O22,random,constant,5,0.601046436008
O22,random,constant,6,0.588354837123
O22,random,constant,7,0.566558295894
O22,random,constant,8,0.550576720584
O22,random,constant,9,0.550302659501
O22,random,constant,10,0.555302830772
O22,random,constant,11,0.555983253681
O22,random,constant,12,0.551102364658
O22,random,constant,13,0.543460938796
O22,random,constant,14,0.540226017992
O22,random,constant,15,0.53328465793
O22,random,constant,16,0.529578968788
O22,random,linear,3,0.220344340022
O22,random,linear,4,0.252328018714
O22,random,linear,5,0.259360493641
O22,random,linear,6,0.232070386556
O22,random,linear,7,0.220170033493
O22,random,linear,8,0.201327213417
O22,random,linear,9,0.206906008966
O22,random,linear,10,0.205609185407
O22,random,linear,11,0.20419590362
O22,random,linear,12,0.183887020189
O22,random,linear,13,0.17961572223
O22,random,linear,14,0.174652284721
O22,random,linear,15,0.16655217534
O22,random,linear,16,0.158913695094
O22,random,pchip,3,0.445244259656
O22,random,pchip,4,0.333615292173
O22,random,pchip,5,0.288917034427
O22,random,pchip,6,0.237499542527
O22,random,pchip,7,0.22361186153
O22,random,pchip,8,0.20322209163
O22,random,pchip,9,0.208848004972
O22,random,pchip,10,0.205946934682
O22,random,pchip,11,0.204669262927
O22,random,pchip,12,0.184168932326
O22,random,pchip,13,0.179519307942
O22,random,pchip,14,0.174652284721
O22,random,pchip,15,0.16655217534
O22,random,pchip,16,0.158913695094
O22,space_filling,constant,3,0.586951594576
O22,space_filling,constant,4,0.616968018628
O22,space_filling,constant,5,0.703522131464
O22,space_filling,constant,6,0.616794210187
O22,space_filling,constant,7,0.578369945748
O22,space_filling,constant,8,0.613692039901
O22,space_filling,constant,9,0.552773896216
O22,space_filling,constant,10,0.553708795886
O22,space_filling,constant,11,0.540602358363
O22,space_filling,constant,12,0.54292287524
O22,space_filling,constant,13,0.539181527385
O22,space_filling,constant,14,0.538892049169
O22,space_filling,constant,15,0.527757647207
O22,space_filling,constant,16,0.529578968788
O22,space_filling,linear,3,0.220344340022
O22,space_filling,linear,4,0.275631220874
O22,space_filling,linear,5,0.304998503667
O22,space_filling,linear,6,0.251431759515
O22,space_filling,linear,7,0.222569904675
O22,space_filling,linear,8,0.248358017079
O22,space_filling,linear,9,0.187439873393
O22,space_filling,linear,10,0.200340812474
O22,space_filling,linear,11,0.168282722905
O22,space_filling,linear,12,0.176383832133
O22,space_filling,linear,13,0.182522192719
O22,space_filling,linear,14,0.187718235423
O22,space_filling,linear,15,0.166606262602
O22,space_filling,linear,16,0.158913695094
O22,space_filling,pchip,3,0.445244259656
O22,space_filling,pchip,4,0.296355654249
O22,space_filling,pchip,5,0.303314845246
O22,space_filling,pchip,6,0.243898483734
O22,space_filling,pchip,7,0.224553377984
O22,space_filling,pchip,8,0.248358017079
O22,space_filling,pchip,9,0.187439873393
O22,space_filling,pchip,10,0.200340812474
O22,space_filling,pchip,11,0.168282722905
O22,space_filling,pchip,12,0.176383832133
O22,space_filling,pchip,13,0.182522192719
O22,space_filling,pchip,14,0.187718235423
O22,space_filling,pchip,15,0.166606262602
O22,space_filling,pchip,16,0.158913695094
O23,control_first_space,constant,3,0.863866100805
O23,control_first_space,constant,4,0.834173728078
O23,control_first_space,constant,5,0.769321420004
O23,control_first_space,constant,6,0.753134892457
O23,control_first_space,constant,7,0.766507120795
O23,control_first_space,constant,8,0.757495629137
O23,control_first_space,constant,9,0.777064332909
O23,control_first_space,constant,10,0.773320647052
O23,control_first_space,constant,11,0.765380749293
O23,control_first_space,constant,12,0.766751098335
O23,control_first_space,constant,13,0.772200557864
O23,control_first_space,constant,14,0.770595243372
O23,control_first_space,constant,15,0.775638021678
O23,control_first_space,constant,16,0.772492374091
O23,control_first_space,linear,3,0.353551764698
O23,control_first_space,linear,4,0.323637913138
O23,control_first_space,linear,5,0.178322795965
O23,control_first_space,linear,6,0.136195543631
O23,control_first_space,linear,7,0.158838851202
O23,control_first_space,linear,8,0.17936433925
O23,control_first_space,linear,9,0.205091217721
O23,control_first_space,linear,10,0.20477848577
O23,control_first_space,linear,11,0.168900193888
O23,control_first_space,linear,12,0.165129309325
O23,control_first_space,linear,13,0.176502587128
O23,control_first_space,linear,14,0.173072813312
O23,control_first_space,linear,15,0.149491608449
O23,control_first_space,linear,16,0.124904819167
O23,control_first_space,pchip,3,0.631351384677
O23,control_first_space,pchip,4,0.629753355123
O23,control_first_space,pchip,5,0.18149066921
O23,control_first_space,pchip,6,0.144323062944
O23,control_first_space,pchip,7,0.149214662254
O23,control_first_space,pchip,8,0.176966353728
O23,control_first_space,pchip,9,0.205091217721
O23,control_first_space,pchip,10,0.20477848577
O23,control_first_space,pchip,11,0.168900193888
O23,control_first_space,pchip,12,0.165129309325
O23,control_first_space,pchip,13,0.176502587128
O23,control_first_space,pchip,14,0.173072813312
O23,control_first_space,pchip,15,0.149491608449
O23,control_first_space,pchip,16,0.124904819167
O23,random,constant,3,0.863866100805
O23,random,constant,4,0.878682998515
O23,random,constant,5,0.843343915969
O23,random,constant,6,0.814672703259
O23,random,constant,7,0.795641762433
O23,random,constant,8,0.79178842522
O23,random,constant,9,0.785612577389
O23,random,constant,10,0.78234370704
O23,random,constant,11,0.774296925813
O23,random,constant,12,0.775187600412
O23,random,constant,13,0.773438422943
O23,random,constant,14,0.773941360777
O23,random,constant,15,0.773983501896
O23,random,constant,16,0.772492374091
O23,random,linear,3,0.353551764698
O23,random,linear,4,0.30375953949
O23,random,linear,5,0.244642977941
O23,random,linear,6,0.191531162071
O23,random,linear,7,0.181207253842
O23,random,linear,8,0.183241771238
O23,random,linear,9,0.182633457264
O23,random,linear,10,0.180889594647
O23,random,linear,11,0.173916966239
O23,random,linear,12,0.157182793771
O23,random,linear,13,0.156226360958
O23,random,linear,14,0.145966523215
O23,random,linear,15,0.137231803166
O23,random,linear,16,0.124904819167
O23,random,pchip,3,0.631351384677
O23,random,pchip,4,0.44283922059
O23,random,pchip,5,0.268921328477
O23,random,pchip,6,0.189807496061
O23,random,pchip,7,0.180640812882
O23,random,pchip,8,0.183591912833
O23,random,pchip,9,0.184684505969
O23,random,pchip,10,0.18251947024
O23,random,pchip,11,0.174362059542
O23,random,pchip,12,0.157317895627
O23,random,pchip,13,0.156200653039
O23,random,pchip,14,0.145966523215
O23,random,pchip,15,0.137231803166
O23,random,pchip,16,0.124904819167
O23,space_filling,constant,3,0.863866100805
O23,space_filling,constant,4,0.796254563135
O23,space_filling,constant,5,0.75482130947
O23,space_filling,constant,6,0.754553240269
O23,space_filling,constant,7,0.742227873818
O23,space_filling,constant,8,0.75815827749
O23,space_filling,constant,9,0.777064332909
O23,space_filling,constant,10,0.773320647052
O23,space_filling,constant,11,0.765380749293
O23,space_filling,constant,12,0.766751098335
O23,space_filling,constant,13,0.772200557864
O23,space_filling,constant,14,0.770595243372
O23,space_filling,constant,15,0.775638021678
O23,space_filling,constant,16,0.772492374091
O23,space_filling,linear,3,0.353551764698
O23,space_filling,linear,4,0.20461123498
O23,space_filling,linear,5,0.142023581887
O23,space_filling,linear,6,0.158737487325
O23,space_filling,linear,7,0.166734255584
O23,space_filling,linear,8,0.186185162302
O23,space_filling,linear,9,0.205091217721
O23,space_filling,linear,10,0.20477848577
O23,space_filling,linear,11,0.168900193888
O23,space_filling,linear,12,0.165129309325
O23,space_filling,linear,13,0.176502587128
O23,space_filling,linear,14,0.173072813312
O23,space_filling,linear,15,0.149491608449
O23,space_filling,linear,16,0.124904819167
O23,space_filling,pchip,3,0.631351384677
O23,space_filling,pchip,4,0.208103211222
O23,space_filling,pchip,5,0.151405302921
O23,space_filling,pchip,6,0.15336562057
O23,space_filling,pchip,7,0.164543626155
O23,space_filling,pchip,8,0.186185162302
O23,space_filling,pchip,9,0.205091217721
O23,space_filling,pchip,10,0.20477848577
O23,space_filling,pchip,11,0.168900193888
O23,space_filling,pchip,12,0.165129309325
O23,space_filling,pchip,13,0.176502587128
O23,space_filling,pchip,14,0.173072813312
O23,space_filling,pchip,15,0.149491608449
O23,space_filling,pchip,16,0.124904819167
O24,control_first_space,constant,3,0.797566205385
O24,control_first_space,constant,4,0.748963316815
O24,control_first_space,constant,5,0.654650388813
O24,control_first_space,constant,6,0.694041053866
O24,control_first_space,constant,7,0.679524081791
O24,control_first_space,constant,8,0.629089027971
O24,control_first_space,constant,9,0.641584988452
O24,control_first_space,constant,10,0.635407401362
O24,control_first_space,constant,11,0.636077443484
O24,control_first_space,constant,12,0.642250436694
O24,control_first_space,constant,13,0.641245556643
O24,control_first_space,constant,14,0.646893239042
O24,control_first_space,constant,15,0.642153166744
O24,control_first_space,constant,16,0.644959910895
O24,control_first_space,linear,3,0.333467859239
O24,control_first_space,linear,4,0.291719302657
O24,control_first_space,linear,5,0.125665608814
O24,control_first_space,linear,6,0.113768217111
O24,control_first_space,linear,7,0.1357964711
O24,control_first_space,linear,8,0.111806751531
O24,control_first_space,linear,9,0.111872550863
O24,control_first_space,linear,10,0.0983333041592
O24,control_first_space,linear,11,0.0974091306413
O24,control_first_space,linear,12,0.105740814313
O24,control_first_space,linear,13,0.101179673191
O24,control_first_space,linear,14,0.103527476953
O24,control_first_space,linear,15,0.088521903563
O24,control_first_space,linear,16,0.0813728886442
O24,control_first_space,pchip,3,0.793441745411
O24,control_first_space,pchip,4,0.721303919292
O24,control_first_space,pchip,5,0.118386016917
O24,control_first_space,pchip,6,0.113745879791
O24,control_first_space,pchip,7,0.137311293733
O24,control_first_space,pchip,8,0.111027564129
O24,control_first_space,pchip,9,0.111872550863
O24,control_first_space,pchip,10,0.0983333041592
O24,control_first_space,pchip,11,0.0974091306413
O24,control_first_space,pchip,12,0.105740814313
O24,control_first_space,pchip,13,0.101179673191
O24,control_first_space,pchip,14,0.103527476953
O24,control_first_space,pchip,15,0.088521903563
O24,control_first_space,pchip,16,0.0813728886442
O24,random,constant,3,0.797566205385
O24,random,constant,4,0.795014389445
O24,random,constant,5,0.750428583137
O24,random,constant,6,0.725367736654
O24,random,constant,7,0.701066595387
O24,random,constant,8,0.682989625605
O24,random,constant,9,0.673626210846
O24,random,constant,10,0.672429188784
O24,random,constant,11,0.661404401791
O24,random,constant,12,0.65767657374
O24,random,constant,13,0.653154425869
O24,random,constant,14,0.652667895601
O24,random,constant,15,0.650279864949
O24,random,constant,16,0.644959910895
O24,random,linear,3,0.333467859239
O24,random,linear,4,0.27868876541
O24,random,linear,5,0.228729526186
O24,random,linear,6,0.180345047872
O24,random,linear,7,0.148655687927
O24,random,linear,8,0.126847537073
O24,random,linear,9,0.12017194881
O24,random,linear,10,0.116121484525
O24,random,linear,11,0.109829046603
O24,random,linear,12,0.103579662484
O24,random,linear,13,0.100655351264
O24,random,linear,14,0.0957983747856
O24,random,linear,15,0.0904319839273
O24,random,linear,16,0.0813728886442
O24,random,pchip,3,0.793441745411
O24,random,pchip,4,0.408820307434
O24,random,pchip,5,0.247424367928
O24,random,pchip,6,0.180618168174
O24,random,pchip,7,0.145885707498
O24,random,pchip,8,0.125538370796
O24,random,pchip,9,0.11995503808
O24,random,pchip,10,0.115006649749
O24,random,pchip,11,0.109685601089
O24,random,pchip,12,0.103498467039
O24,random,pchip,13,0.100589669618
O24,random,pchip,14,0.0957983747856
O24,random,pchip,15,0.0904319839273
O24,random,pchip,16,0.0813728886442
O24,space_filling,constant,3,0.797566205385
O24,space_filling,constant,4,0.693163926729
O24,space_filling,constant,5,0.74988541704
O24,space_filling,constant,6,0.74108952609
O24,space_filling,constant,7,0.668746278893
O24,space_filling,constant,8,0.670893358326
O24,space_filling,constant,9,0.641584988452
O24,space_filling,constant,10,0.635407401362
O24,space_filling,constant,11,0.636077443484
O24,space_filling,constant,12,0.642250436694
O24,space_filling,constant,13,0.641245556643
O24,space_filling,constant,14,0.646893239042
O24,space_filling,constant,15,0.642153166744
O24,space_filling,constant,16,0.644959910895
O24,space_filling,linear,3,0.333467859239
O24,space_filling,linear,4,0.160145233805
O24,space_filling,linear,5,0.147668050804
O24,space_filling,linear,6,0.174942667516
O24,space_filling,linear,7,0.139752522537
O24,space_filling,linear,8,0.141180920736
O24,space_filling,linear,9,0.111872550863
O24,space_filling,linear,10,0.0983333041592
O24,space_filling,linear,11,0.0974091306413
O24,space_filling,linear,12,0.105740814313
O24,space_filling,linear,13,0.101179673191
O24,space_filling,linear,14,0.103527476953
O24,space_filling,linear,15,0.088521903563
O24,space_filling,linear,16,0.0813728886442
O24,space_filling,pchip,3,0.793441745411
O24,space_filling,pchip,4,0.153658228517
O24,space_filling,pchip,5,0.149140952314
O24,space_filling,pchip,6,0.176910689729
O24,space_filling,pchip,7,0.139085588911
O24,space_filling,pchip,8,0.141180920736
O24,space_filling,pchip,9,0.111872550863
O24,space_filling,pchip,10,0.0983333041592
O24,space_filling,pchip,11,0.0974091306413
O24,space_filling,pchip,12,0.105740814313
O24,space_filling,pchip,13,0.101179673191
O24,space_filling,pchip,14,0.103527476953
O24,space_filling,pchip,15,0.088521903563
O24,space_filling,pchip,16,0.0813728886442
O25,control_first_space,constant,3,0.788838680041
O25,control_first_space,constant,4,0.83866563597
O25,control_first_space,constant,5,0.715288044005
O25,control_first_space,constant,6,0.71902553811
O25,control_first_space,constant,7,0.697759099579
O25,control_first_space,constant,8,0.760559885726
O25,control_first_space,constant,9,0.727860859001
O25,control_first_space,constant,10,0.6928191801
O25,control_first_space,constant,11,0.713461144337
O25,control_first_space,constant,12,0.700235072616
O25,control_first_space,constant,13,0.711251919849
O25,control_first_space,constant,14,0.754306390321
O25,control_first_space,constant,15,0.752481065223
O25,control_first_space,constant,16,0.730619057751
O25,control_first_space,linear,3,0.673831629233
O25,control_first_space,linear,4,0.730240208044
O25,control_first_space,linear,5,0.617486420238
O25,control_first_space,linear,6,0.649846299012
O25,control_first_space,linear,7,0.540880759421
O25,control_first_space,linear,8,0.635141100416
O25,control_first_space,linear,9,0.536616046917
O25,control_first_space,linear,10,0.491041690548
O25,control_first_space,linear,11,0.501052793931
O25,control_first_space,linear,12,0.468790553914
O25,control_first_space,linear,13,0.462338688721
O25,control_first_space,linear,14,0.498342844354
O25,control_first_space,linear,15,0.505467799335
O25,control_first_space,linear,16,0.48318482357
O25,control_first_space,pchip,3,0.66449163872
O25,control_first_space,pchip,4,0.711114485964
O25,control_first_space,pchip,5,0.586113260922
O25,control_first_space,pchip,6,0.630366847241
O25,control_first_space,pchip,7,0.524698165727
O25,control_first_space,pchip,8,0.64644840091
O25,control_first_space,pchip,9,0.536616046917
O25,control_first_space,pchip,10,0.491041690548
O25,control_first_space,pchip,11,0.501052793931
O25,control_first_space,pchip,12,0.468790553914
O25,control_first_space,pchip,13,0.462338688721
O25,control_first_space,pchip,14,0.498342844354
O25,control_first_space,pchip,15,0.505467799335
O25,control_first_space,pchip,16,0.48318482357
O25,random,constant,3,0.788838680041
O25,random,constant,4,0.747189162056
O25,random,constant,5,0.713041970708
O25,random,constant,6,0.728104825745
O25,random,constant,7,0.73875168029
O25,random,constant,8,0.738935280303
O25,random,constant,9,0.737961412314
O25,random,constant,10,0.737574593282
O25,random,constant,11,0.733271687674
O25,random,constant,12,0.73757075771
O25,random,constant,13,0.745326189538
O25,random,constant,14,0.745734587117
O25,random,constant,15,0.746151768711
O25,random,constant,16,0.730619057751
O25,random,linear,3,0.673831629233
O25,random,linear,4,0.636605607537
O25,random,linear,5,0.576378705744
O25,random,linear,6,0.560207491083
O25,random,linear,7,0.546372479073
O25,random,linear,8,0.544604256111
O25,random,linear,9,0.534035770996
O25,random,linear,10,0.526258324962
O25,random,linear,11,0.508907298572
O25,random,linear,12,0.51404523542
O25,random,linear,13,0.513300908762
O25,random,linear,14,0.511260477754
O25,random,linear,15,0.504594219075
O25,random,linear,16,0.48318482357
O25,random,pchip,3,0.66449163872
O25,random,pchip,4,0.637871399618
O25,random,pchip,5,0.557503358806
O25,random,pchip,6,0.547169001
O25,random,pchip,7,0.540467736361
O25,random,pchip,8,0.539737329084
O25,random,pchip,9,0.531743317867
O25,random,pchip,10,0.524211855727
O25,random,pchip,11,0.508035418994
O25,random,pchip,12,0.512794751128
O25,random,pchip,13,0.513697626653
O25,random,pchip,14,0.511260477754
O25,random,pchip,15,0.504594219075
O25,random,pchip,16,0.48318482357
O25,space_filling,constant,3,0.788838680041
O25,space_filling,constant,4,0.674827248729
O25,space_filling,constant,5,0.678772978265
O25,space_filling,constant,6,0.656911674453
O25,space_filling,constant,7,0.712873620803
O25,space_filling,constant,8,0.676573400364
O25,space_filling,constant,9,0.727860859001
O25,space_filling,constant,10,0.6928191801
O25,space_filling,constant,11,0.713461144337
O25,space_filling,constant,12,0.700235072616
O25,space_filling,constant,13,0.711251919849
O25,space_filling,constant,14,0.754306390321
O25,space_filling,constant,15,0.752481065223
O25,space_filling,constant,16,0.730619057751
O25,space_filling,linear,3,0.673831629233
O25,space_filling,linear,4,0.576639169474
O25,space_filling,linear,5,0.606084647368
O25,space_filling,linear,6,0.482388316219
O25,space_filling,linear,7,0.573873243691
O25,space_filling,linear,8,0.48532858828
O25,space_filling,linear,9,0.536616046917
O25,space_filling,linear,10,0.491041690548
O25,space_filling,linear,11,0.501052793931
O25,space_filling,linear,12,0.468790553914
O25,space_filling,linear,13,0.462338688721
O25,space_filling,linear,14,0.498342844354
O25,space_filling,linear,15,0.505467799335
O25,space_filling,linear,16,0.48318482357
O25,space_filling,pchip,3,0.66449163872
O25,space_filling,pchip,4,0.541280902864
O25,space_filling,pchip,5,0.587032052162
O25,space_filling,pchip,6,0.467195110729
O25,space_filling,pchip,7,0.584864418472
O25,space_filling,pchip,8,0.48532858828
O25,space_filling,pchip,9,0.536616046917
O25,space_filling,pchip,10,0.491041690548
O25,space_filling,pchip,11,0.501052793931
O25,space_filling,pchip,12,0.468790553914
O25,space_filling,pchip,13,0.462338688721
O25,space_filling,pchip,14,0.498342844354
O25,space_filling,pchip,15,0.505467799335
O25,space_filling,pchip,16,0.48318482357
O26,control_first_space,constant,3,1.94847996522
O26,control_first_space,constant,4,1.89730246053
O26,control_first_space,constant,5,1.96992197691
O26,control_first_space,constant,6,1.88445702369
O26,control_first_space,constant,7,1.87892481779
O26,control_first_space,constant,8,1.91108014272
O26,control_first_space,constant,9,1.96426945847
O26,control_first_space,constant,10,1.97118102407
O26,control_first_space,constant,11,1.97779315624
O26,control_first_space,constant,12,1.97863967782
O26,control_first_space,constant,13,1.96230191773
O26,control_first_space,constant,14,1.96804230515
O26,control_first_space,constant,15,1.96598806808
O26,control_first_space,constant,16,1.97163096253
O26,control_first_space,linear,3,0.734107171213
O26,control_first_space,linear,4,0.705016848368
O26,control_first_space,linear,5,0.699336548739
O26,control_first_space,linear,6,0.620927528426
O26,control_first_space,linear,7,0.607953195726
O26,control_first_space,linear,8,0.598120304882
O26,control_first_space,linear,9,0.590022269967
O26,control_first_space,linear,10,0.581516631192
O26,control_first_space,linear,11,0.58165744769
O26,control_first_space,linear,12,0.591409472564
O26,control_first_space,linear,13,0.582625036884
O26,control_first_space,linear,14,0.584992643158
O26,control_first_space,linear,15,0.582463430088
O26,control_first_space,linear,16,0.612493059828
O26,control_first_space,pchip,3,0.91627076799
O26,control_first_space,pchip,4,0.912643882372
O26,control_first_space,pchip,5,0.80463674096
O26,control_first_space,pchip,6,0.623333601236
O26,control_first_space,pchip,7,0.614194791504
O26,control_first_space,pchip,8,0.599729745821
O26,control_first_space,pchip,9,0.590022269967
O26,control_first_space,pchip,10,0.581516631192
O26,control_first_space,pchip,11,0.58165744769
O26,control_first_space,pchip,12,0.591409472564
O26,control_first_space,pchip,13,0.582625036884
O26,control_first_space,pchip,14,0.584992643158
O26,control_first_space,pchip,15,0.582463430088
O26,control_first_space,pchip,16,0.612493059828
O26,random,constant,3,1.94847996522
O26,random,constant,4,1.93092222633
O26,random,constant,5,1.92534981537
O26,random,constant,6,1.9195266557
O26,random,constant,7,1.92222267628
O26,random,constant,8,1.92844726671
O26,random,constant,9,1.92059223346
O26,random,constant,10,1.9209695133
O26,random,constant,11,1.92069594088
O26,random,constant,12,1.93928842427
O26,random,constant,13,1.95306403433
O26,random,constant,14,1.95719787729
O26,random,constant,15,1.9658590892
O26,random,constant,16,1.97163096253
O26,random,linear,3,0.734107171213
O26,random,linear,4,0.647017587399
O26,random,linear,5,0.611427003893
O26,random,linear,6,0.589866327987
O26,random,linear,7,0.585859597901
O26,random,linear,8,0.586860266693
O26,random,linear,9,0.578817045566
O26,random,linear,10,0.580349958587
O26,random,linear,11,0.576567073459
O26,random,linear,12,0.59657102126
O26,random,linear,13,0.603663396463
O26,random,linear,14,0.600553416131
O26,random,linear,15,0.612288064076
O26,random,linear,16,0.612493059828
O26,random,pchip,3,0.91627076799
O26,random,pchip,4,0.713050605165
O26,random,pchip,5,0.646085185331
O26,random,pchip,6,0.599265744425
O26,random,pchip,7,0.587327357377
O26,random,pchip,8,0.592335022769
O26,random,pchip,9,0.582088018387
O26,random,pchip,10,0.583917196734
O26,random,pchip,11,0.576901560616
O26,random,pchip,12,0.596646278066
O26,random,pchip,13,0.603821601319
O26,random,pchip,14,0.600553416131
O26,random,pchip,15,0.612288064076
O26,random,pchip,16,0.612493059828
O26,space_filling,constant,3,1.94847996522
O26,space_filling,constant,4,1.9234804795
O26,space_filling,constant,5,1.89287408946
O26,space_filling,constant,6,1.88391252825
O26,space_filling,constant,7,1.87107244365
O26,space_filling,constant,8,1.88987792348
O26,space_filling,constant,9,1.96426945847
O26,space_filling,constant,10,1.97118102407
O26,space_filling,constant,11,1.97779315624
O26,space_filling,constant,12,1.97863967782
O26,space_filling,constant,13,1.96230191773
O26,space_filling,constant,14,1.96804230515
O26,space_filling,constant,15,1.96598806808
O26,space_filling,constant,16,1.97163096253
O26,space_filling,linear,3,0.734107171213
O26,space_filling,linear,4,0.623690505915
O26,space_filling,linear,5,0.549170677307
O26,space_filling,linear,6,0.539599692458
O26,space_filling,linear,7,0.526404609372
O26,space_filling,linear,8,0.515630734975
O26,space_filling,linear,9,0.590022269967
O26,space_filling,linear,10,0.581516631192
O26,space_filling,linear,11,0.58165744769
O26,space_filling,linear,12,0.591409472564
O26,space_filling,linear,13,0.582625036884
O26,space_filling,linear,14,0.584992643158
O26,space_filling,linear,15,0.582463430088
O26,space_filling,linear,16,0.612493059828
O26,space_filling,pchip,3,0.91627076799
O26,space_filling,pchip,4,0.702562824675
O26,space_filling,pchip,5,0.547521857922
O26,space_filling,pchip,6,0.54520392544
O26,space_filling,pchip,7,0.528408361786
O26,space_filling,pchip,8,0.515630734975
O26,space_filling,pchip,9,0.590022269967
O26,space_filling,pchip,10,0.581516631192
O26,space_filling,pchip,11,0.58165744769
O26,space_filling,pchip,12,0.591409472564
O26,space_filling,pchip,13,0.582625036884
O26,space_filling,pchip,14,0.584992643158
O26,space_filling,pchip,15,0.582463430088
O26,space_filling,pchip,16,0.612493059828
O27,control_first_space,constant,3,3.15273830637
O27,control_first_space,constant,4,2.67707622437
O27,control_first_space,constant,5,2.36883052003
O27,control_first_space,constant,6,2.69939837839
O27,control_first_space,constant,7,2.52537283331
O27,control_first_space,constant,8,2.26435068974
O27,control_first_space,constant,9,2.13676928863
O27,control_first_space,constant,10,2.13045052098
O27,control_first_space,constant,11,2.11641766116
O27,control_first_space,constant,12,2.13482113392
O27,control_first_space,constant,13,2.09501750883
O27,control_first_space,constant,14,2.08159934665
O27,control_first_space,constant,15,2.08177500093
O27,control_first_space,constant,16,2.09656103188
O27,control_first_space,linear,3,1.43808373098
O27,control_first_space,linear,4,0.96840952986
O27,control_first_space,linear,5,0.596321069103
O27,control_first_space,linear,6,0.625051339065
O27,control_first_space,linear,7,0.525807557376
O27,control_first_space,linear,8,0.49974465538
O27,control_first_space,linear,9,0.509837772893
O27,control_first_space,linear,10,0.47729056509
O27,control_first_space,linear,11,0.469887496061
O27,control_first_space,linear,12,0.498740274987
O27,control_first_space,linear,13,0.413368076117
O27,control_first_space,linear,14,0.371002909018
O27,control_first_space,linear,15,0.348574037134
O27,control_first_space,linear,16,0.350721228354
O27,control_first_space,pchip,3,1.60930663494
O27,control_first_space,pchip,4,0.773104115491
O27,control_first_space,pchip,5,0.571727151428
O27,control_first_space,pchip,6,0.625540779412
O27,control_first_space,pchip,7,0.568530458335
O27,control_first_space,pchip,8,0.49778207861
O27,control_first_space,pchip,9,0.509837772893
O27,control_first_space,pchip,10,0.47729056509
O27,control_first_space,pchip,11,0.469887496061
O27,control_first_space,pchip,12,0.498740274987
O27,control_first_space,pchip,13,0.413368076117
O27,control_first_space,pchip,14,0.371002909018
O27,control_first_space,pchip,15,0.348574037134
O27,control_first_space,pchip,16,0.350721228354
O27,random,constant,3,3.15273830637
O27,random,constant,4,2.87702823112
O27,random,constant,5,2.8262595208
O27,random,constant,6,2.52686221563
O27,random,constant,7,2.37051104528
O27,random,constant,8,2.30010687498
O27,random,constant,9,2.26256494577
O27,random,constant,10,2.25105906531
O27,random,constant,11,2.21685111025
O27,random,constant,12,2.18391144333
O27,random,constant,13,2.13866341074
O27,random,constant,14,2.13330755357
O27,random,constant,15,2.1073581634
O27,random,constant,16,2.09656103188
O27,random,linear,3,1.43808373098
O27,random,linear,4,1.1060126718
O27,random,linear,5,0.907610092727
O27,random,linear,6,0.677248870123
O27,random,linear,7,0.572656223797
O27,random,linear,8,0.532678473609
O27,random,linear,9,0.488242641112
O27,random,linear,10,0.482963197653
O27,random,linear,11,0.469309559324
O27,random,linear,12,0.448640078934
O27,random,linear,13,0.420362303356
O27,random,linear,14,0.410487221133
O27,random,linear,15,0.372803276242
O27,random,linear,16,0.350721228354
O27,random,pchip,3,1.60930663494
O27,random,pchip,4,1.10466057916
O27,random,pchip,5,0.901905435535
O27,random,pchip,6,0.684595861621
O27,random,pchip,7,0.562629619036
O27,random,pchip,8,0.527341270667
O27,random,pchip,9,0.479436557213
O27,random,pchip,10,0.476371077488
O27,random,pchip,11,0.466961235645
O27,random,pchip,12,0.447715522312
O27,random,pchip,13,0.420291383883
O27,random,pchip,14,0.410487221133
O27,random,pchip,15,0.372803276242
O27,random,pchip,16,0.350721228354
O27,space_filling,constant,3,3.15273830637
O27,space_filling,constant,4,2.77046723274
O27,space_filling,constant,5,3.1175242106
O27,space_filling,constant,6,2.85345394608
O27,space_filling,constant,7,2.52755375376
O27,space_filling,constant,8,2.41391111296
O27,space_filling,constant,9,2.13676928863
O27,space_filling,constant,10,2.13045052098
O27,space_filling,constant,11,2.11641766116
O27,space_filling,constant,12,2.13482113392
O27,space_filling,constant,13,2.09501750883
O27,space_filling,constant,14,2.08159934665
O27,space_filling,constant,15,2.08177500093
O27,space_filling,constant,16,2.09656103188
O27,space_filling,linear,3,1.43808373098
O27,space_filling,linear,4,0.984072034558
O27,space_filling,linear,5,1.0110937904
O27,space_filling,linear,6,0.854341278756
O27,space_filling,linear,7,0.751192643379
O27,space_filling,linear,8,0.786979597228
O27,space_filling,linear,9,0.509837772893
O27,space_filling,linear,10,0.47729056509
O27,space_filling,linear,11,0.469887496061
O27,space_filling,linear,12,0.498740274987
O27,space_filling,linear,13,0.413368076117
O27,space_filling,linear,14,0.371002909018
O27,space_filling,linear,15,0.348574037134
O27,space_filling,linear,16,0.350721228354
O27,space_filling,pchip,3,1.60930663494
O27,space_filling,pchip,4,0.967228576807
O27,space_filling,pchip,5,1.03224219587
O27,space_filling,pchip,6,0.94160888013
O27,space_filling,pchip,7,0.750670623774
O27,space_filling,pchip,8,0.786979597228
O27,space_filling,pchip,9,0.509837772893
O27,space_filling,pchip,10,0.47729056509
O27,space_filling,pchip,11,0.469887496061
O27,space_filling,pchip,12,0.498740274987
O27,space_filling,pchip,13,0.413368076117
O27,space_filling,pchip,14,0.371002909018
O27,space_filling,pchip,15,0.348574037134
O27,space_filling,pchip,16,0.350721228354
O28,control_first_space,constant,3,1.90273499218
O28,control_first_space,constant,4,2.18682011362
O28,control_first_space,constant,5,1.92531849729
O28,control_first_space,constant,6,1.97653767308
O28,control_first_space,constant,7,1.87736700072
O28,control_first_space,constant,8,1.75720463919
O28,control_first_space,constant,9,1.80247813136
O28,control_first_space,constant,10,1.87133222924
O28,control_first_space,constant,11,1.8339396551
O28,control_first_space,constant,12,1.84791494202
O28,control_first_space,constant,13,1.82813975124
O28,control_first_space,constant,14,1.82453604716
O28,control_first_space,constant,15,1.79395077284
O28,control_first_space,constant,16,1.74387952353
O28,control_first_space,linear,3,1.04701116539
O28,control_first_space,linear,4,1.27203990544
O28,control_first_space,linear,5,1.03455909776
O28,control_first_space,linear,6,0.645815566892
O28,control_first_space,linear,7,0.586981983752
O28,control_first_space,linear,8,0.576820823641
O28,control_first_space,linear,9,0.851202771784
O28,control_first_space,linear,10,0.762930492798
O28,control_first_space,linear,11,0.68429153304
O28,control_first_space,linear,12,0.713617834817
O28,control_first_space,linear,13,0.699091952816
O28,control_first_space,linear,14,0.684864510751
O28,control_first_space,linear,15,0.668207738391
O28,control_first_space,linear,16,0.547107045566
O28,control_first_space,pchip,3,0.80526805733
O28,control_first_space,pchip,4,1.15054666767
O28,control_first_space,pchip,5,0.961090666383
O28,control_first_space,pchip,6,0.644424152676
O28,control_first_space,pchip,7,0.635076415872
O28,control_first_space,pchip,8,0.575393173608
O28,control_first_space,pchip,9,0.851202771784
O28,control_first_space,pchip,10,0.762930492798
O28,control_first_space,pchip,11,0.68429153304
O28,control_first_space,pchip,12,0.713617834817
O28,control_first_space,pchip,13,0.699091952816
O28,control_first_space,pchip,14,0.684864510751
O28,control_first_space,pchip,15,0.668207738391
O28,control_first_space,pchip,16,0.547107045566
O28,random,constant,3,1.90273499218
O28,random,constant,4,1.86910194791
O28,random,constant,5,1.85391887999
O28,random,constant,6,1.79062170341
O28,random,constant,7,1.76760495725
O28,random,constant,8,1.75290714711
O28,random,constant,9,1.75521084661
O28,random,constant,10,1.75304967326
O28,random,constant,11,1.75309228733
O28,random,constant,12,1.74133568671
O28,random,constant,13,1.7426999941
O28,random,constant,14,1.74040159901
O28,random,constant,15,1.73619721212
O28,random,constant,16,1.74387952353
O28,random,linear,3,1.04701116539
O28,random,linear,4,1.06972221578
O28,random,linear,5,0.790979573423
O28,random,linear,6,0.766998180182
O28,random,linear,7,0.753572391327
O28,random,linear,8,0.731935926931
O28,random,linear,9,0.714330551872
O28,random,linear,10,0.682351963127
O28,random,linear,11,0.665168119237
O28,random,linear,12,0.623256736976
O28,random,linear,13,0.605649505509
O28,random,linear,14,0.6023198355
O28,random,linear,15,0.581431293235
O28,random,linear,16,0.547107045566
O28,random,pchip,3,0.80526805733
O28,random,pchip,4,1.27034748911
O28,random,pchip,5,0.758318233788
O28,random,pchip,6,0.746455273863
O28,random,pchip,7,0.736387719997
O28,random,pchip,8,0.714370263277
O28,random,pchip,9,0.69701608178
O28,random,pchip,10,0.673367290318
O28,random,pchip,11,0.661202659027
O28,random,pchip,12,0.619633772231
O28,random,pchip,13,0.605620345578
O28,random,pchip,14,0.6023198355
O28,random,pchip,15,0.581431293235
O28,random,pchip,16,0.547107045566
O28,space_filling,constant,3,1.90273499218
O28,space_filling,constant,4,1.77090398927
O28,space_filling,constant,5,1.78212482211
O28,space_filling,constant,6,1.72677529083
O28,space_filling,constant,7,1.6865311531
O28,space_filling,constant,8,1.77999996294
O28,space_filling,constant,9,1.80247813136
O28,space_filling,constant,10,1.87133222924
O28,space_filling,constant,11,1.8339396551
O28,space_filling,constant,12,1.84791494202
O28,space_filling,constant,13,1.82813975124
O28,space_filling,constant,14,1.82453604716
O28,space_filling,constant,15,1.79395077284
O28,space_filling,constant,16,1.74387952353
O28,space_filling,linear,3,1.04701116539
O28,space_filling,linear,4,0.927647175437
O28,space_filling,linear,5,0.618626968016
O28,space_filling,linear,6,0.577836455806
O28,space_filling,linear,7,0.579746519667
O28,space_filling,linear,8,0.828724603357
O28,space_filling,linear,9,0.851202771784
O28,space_filling,linear,10,0.762930492798
O28,space_filling,linear,11,0.68429153304
O28,space_filling,linear,12,0.713617834817
O28,space_filling,linear,13,0.699091952816
O28,space_filling,linear,14,0.684864510751
O28,space_filling,linear,15,0.668207738391
O28,space_filling,linear,16,0.547107045566
O28,space_filling,pchip,3,0.80526805733
O28,space_filling,pchip,4,0.880036397559
O28,space_filling,pchip,5,0.614184469045
O28,space_filling,pchip,6,0.605495140523
O28,space_filling,pchip,7,0.580100408474
O28,space_filling,pchip,8,0.828724603357
O28,space_filling,pchip,9,0.851202771784
O28,space_filling,pchip,10,0.762930492798
O28,space_filling,pchip,11,0.68429153304
O28,space_filling,pchip,12,0.713617834817
O28,space_filling,pchip,13,0.699091952816
O28,space_filling,pchip,14,0.684864510751
O28,space_filling,pchip,15,0.668207738391
O28,space_filling,pchip,16,0.547107045566
O29,control_first_space,constant,3,1.24251093579
O29,control_first_space,constant,4,1.23085388176
O29,control_first_space,constant,5,1.14496601519
O29,control_first_space,constant,6,1.18394977415
O29,control_first_space,constant,7,1.17159825646
O29,control_first_space,constant,8,1.15017519947
O29,control_first_space,constant,9,1.15198453016
O29,control_first_space,constant,10,1.15136977272
O29,control_first_space,constant,11,1.14968993738
O29,control_first_space,constant,12,1.14671019881
O29,control_first_space,constant,13,1.1490179924
O29,control_first_space,constant,14,1.15373620411
O29,control_first_space,constant,15,1.15529651634
O29,control_first_space,constant,16,1.16489893829
O29,control_first_space,linear,3,0.330223113824
O29,control_first_space,linear,4,0.319103842584
O29,control_first_space,linear,5,0.169609694483
O29,control_first_space,linear,6,0.176919675836
O29,control_first_space,linear,7,0.148731166249
O29,control_first_space,linear,8,0.144754839325
O29,control_first_space,linear,9,0.146195425938
O29,control_first_space,linear,10,0.145455259799
O29,control_first_space,linear,11,0.138604084593
O29,control_first_space,linear,12,0.129314213067
O29,control_first_space,linear,13,0.130573248432
O29,control_first_space,linear,14,0.134445225771
O29,control_first_space,linear,15,0.135605914238
O29,control_first_space,linear,16,0.137595756389
O29,control_first_space,pchip,3,0.452859890738
O29,control_first_space,pchip,4,0.416575695289
O29,control_first_space,pchip,5,0.182303435678
O29,control_first_space,pchip,6,0.171098186201
O29,control_first_space,pchip,7,0.156522896667
O29,control_first_space,pchip,8,0.148335832351
O29,control_first_space,pchip,9,0.146195425938
O29,control_first_space,pchip,10,0.145455259799
O29,control_first_space,pchip,11,0.138604084593
O29,control_first_space,pchip,12,0.129314213067
O29,control_first_space,pchip,13,0.130573248432
O29,control_first_space,pchip,14,0.134445225771
O29,control_first_space,pchip,15,0.135605914238
O29,control_first_space,pchip,16,0.137595756389
O29,random,constant,3,1.24251093579
O29,random,constant,4,1.25510905685
O29,random,constant,5,1.26778163876
O29,random,constant,6,1.23779652234
O29,random,constant,7,1.2143184813
O29,random,constant,8,1.20799356055
O29,random,constant,9,1.20626442794
O29,random,constant,10,1.20593581544
O29,random,constant,11,1.19361128313
O29,random,constant,12,1.18534701466
O29,random,constant,13,1.17355468377
O29,random,constant,14,1.17296581471
O29,random,constant,15,1.16867051041
O29,random,constant,16,1.16489893829
O29,random,linear,3,0.330223113824
O29,random,linear,4,0.274051611013
O29,random,linear,5,0.249449389765
O29,random,linear,6,0.216077663297
O29,random,linear,7,0.201599599924
O29,random,linear,8,0.190761218437
O29,random,linear,9,0.189510560891
O29,random,linear,10,0.18116856876
O29,random,linear,11,0.173469952844
O29,random,linear,12,0.162159938364
O29,random,linear,13,0.151935710044
O29,random,linear,14,0.150435810943
O29,random,linear,15,0.14294344331
O29,random,linear,16,0.137595756389
O29,random,pchip,3,0.452859890738
O29,random,pchip,4,0.320341451148
O29,random,pchip,5,0.272794842127
O29,random,pchip,6,0.230721294273
O29,random,pchip,7,0.210665405531
O29,random,pchip,8,0.195947921218
O29,random,pchip,9,0.193891824843
O29,random,pchip,10,0.18274967845
O29,random,pchip,11,0.174715679754
O29,random,pchip,12,0.163118300893
O29,random,pchip,13,0.152094714122
O29,random,pchip,14,0.150435810943
O29,random,pchip,15,0.14294344331
O29,random,pchip,16,0.137595756389
O29,space_filling,constant,3,1.24251093579
O29,space_filling,constant,4,1.18340814952
O29,space_filling,constant,5,1.20968633047
O29,space_filling,constant,6,1.21774893225
O29,space_filling,constant,7,1.20770870939
O29,space_filling,constant,8,1.19871187807
O29,space_filling,constant,9,1.15198453016
O29,space_filling,constant,10,1.15136977272
O29,space_filling,constant,11,1.14968993738
O29,space_filling,constant,12,1.14671019881
O29,space_filling,constant,13,1.1490179924
O29,space_filling,constant,14,1.15373620411
O29,space_filling,constant,15,1.15529651634
O29,space_filling,constant,16,1.16489893829
O29,space_filling,linear,3,0.330223113824
O29,space_filling,linear,4,0.213117306152
O29,space_filling,linear,5,0.21952081315
O29,space_filling,linear,6,0.19819025911
O29,space_filling,linear,7,0.194637836165
O29,space_filling,linear,8,0.19292277385
O29,space_filling,linear,9,0.146195425938
O29,space_filling,linear,10,0.145455259799
O29,space_filling,linear,11,0.138604084593
O29,space_filling,linear,12,0.129314213067
O29,space_filling,linear,13,0.130573248432
O29,space_filling,linear,14,0.134445225771
O29,space_filling,linear,15,0.135605914238
O29,space_filling,linear,16,0.137595756389
O29,space_filling,pchip,3,0.452859890738
O29,space_filling,pchip,4,0.237341509586
O29,space_filling,pchip,5,0.217349012552
O29,space_filling,pchip,6,0.208540931404
O29,space_filling,pchip,7,0.198831751316
O29,space_filling,pchip,8,0.19292277385
O29,space_filling,pchip,9,0.146195425938
O29,space_filling,pchip,10,0.145455259799
O29,space_filling,pchip,11,0.138604084593
O29,space_filling,pchip,12,0.129314213067
O29,space_filling,pchip,13,0.130573248432
O29,space_filling,pchip,14,0.134445225771
O29,space_filling,pchip,15,0.135605914238
O29,space_filling,pchip,16,0.137595756389
