curve_id,policy,seed,source_rows
O01:Coculture:F01:Gef,space_filling,-1,"[169, 172, 190, 181, 178, 187, 184, 175, 170, 173, 176, 179, 182, 185, 188, 191]"
O01:Coculture:F01:Gef,control_first_space,-1,"[169, 172, 190, 170, 181, 178, 187, 184, 175, 173, 176, 179, 182, 185, 188, 191]"
O01:Coculture:F01:Gef,random,0,"[169, 172, 190, 187, 175, 182, 178, 179, 191, 170, 176, 181, 185, 188, 184, 173]"
O01:Coculture:F01:Gef,random,1,"[169, 172, 190, 173, 187, 182, 185, 191, 178, 179, 184, 170, 175, 188, 181, 176]"
O01:Coculture:F01:Gef,random,2,"[169, 172, 190, 175, 187, 182, 170, 181, 185, 191, 188, 179, 176, 178, 184, 173]"
O01:Coculture:F01:Gef,random,3,"[169, 172, 190, 185, 191, 175, 188, 170, 173, 178, 182, 181, 187, 179, 176, 184]"
O01:Coculture:F01:Gef,random,4,"[169, 172, 190, 173, 185, 170, 175, 191, 182, 187, 184, 181, 178, 176, 179, 188]"
O01:Coculture:F01:Gef,random,5,"[169, 172, 190, 185, 173, 176, 191, 182, 175, 187, 178, 181, 170, 188, 179, 184]"
O01:Coculture:F01:Gef,random,6,"[169, 172, 190, 185, 187, 188, 181, 178, 175, 191, 184, 176, 170, 179, 182, 173]"
O01:Coculture:F01:Gef,random,7,"[169, 172, 190, 181, 184, 170, 182, 178, 173, 187, 176, 191, 175, 179, 185, 188]"
O01:Coculture:F01:Gef,random,8,"[169, 172, 190, 187, 170, 176, 182, 184, 173, 188, 181, 191, 179, 185, 175, 178]"
O01:Coculture:F01:Gef,random,9,"[169, 172, 190, 175, 185, 181, 182, 188, 187, 176, 179, 191, 184, 178, 170, 173]"
O01:Coculture:F01:Gef,random,10,"[169, 172, 190, 173, 187, 185, 176, 182, 175, 178, 188, 191, 179, 181, 170, 184]"
O01:Coculture:F01:Gef,random,11,"[169, 172, 190, 175, 188, 184, 173, 181, 185, 178, 179, 191, 176, 187, 182, 170]"
O01:Coculture:F01:Gef,random,12,"[169, 172, 190, 181, 173, 178, 185, 187, 182, 179, 170, 188, 176, 175, 191, 184]"
O01:Coculture:F01:Gef,random,13,"[169, 172, 190, 181, 173, 179, 170, 178, 182, 175, 184, 176, 187, 188, 185, 191]"
O01:Coculture:F01:Gef,random,14,"[169, 172, 190, 179, 191, 187, 182, 176, 185, 178, 181, 170, 184, 188, 173, 175]"
O01:Coculture:F01:Gef,random,15,"[169, 172, 190, 179, 176, 184, 170, 181, 182, 175, 187, 188, 191, 178, 185, 173]"
O01:Coculture:F01:Gef,random,16,"[169, 172, 190, 170, 187, 178, 181, 184, 188, 179, 182, 176, 185, 173, 191, 175]"
O01:Coculture:F01:Gef,random,17,"[169, 172, 190, 191, 181, 185, 178, 188, 182, 184, 173, 170, 187, 175, 179, 176]"
O01:Coculture:F01:Gef,random,18,"[169, 172, 190, 175, 181, 179, 188, 170, 182, 184, 178, 187, 173, 185, 191, 176]"
O01:Coculture:F01:Gef,random,19,"[169, 172, 190, 185, 184, 182, 178, 170, 187, 179, 175, 191, 173, 176, 188, 181]"
O01:Coculture:F01:Oxa,space_filling,-1,"[121, 124, 142, 133, 139, 136, 130, 127, 122, 125, 128, 131, 134, 137, 140, 143]"
O01:Coculture:F01:Oxa,control_first_space,-1,"[121, 124, 142, 122, 133, 139, 136, 130, 127, 125, 128, 131, 134, 137, 140, 143]"
O01:Coculture:F01:Oxa,random,0,"[121, 124, 142, 139, 127, 134, 130, 131, 143, 122, 128, 133, 137, 140, 136, 125]"
O01:Coculture:F01:Oxa,random,1,"[121, 124, 142, 125, 139, 134, 137, 143, 130, 131, 136, 122, 127, 140, 133, 128]"
O01:Coculture:F01:Oxa,random,2,"[121, 124, 142, 127, 139, 134, 122, 133, 137, 143, 140, 131, 128, 130, 136, 125]"
O01:Coculture:F01:Oxa,random,3,"[121, 124, 142, 137, 143, 127, 140, 122, 125, 130, 134, 133, 139, 131, 128, 136]"
O01:Coculture:F01:Oxa,random,4,"[121, 124, 142, 125, 137, 122, 127, 143, 134, 139, 136, 133, 130, 128, 131, 140]"
O01:Coculture:F01:Oxa,random,5,"[121, 124, 142, 137, 125, 128, 143, 134, 127, 139, 130, 133, 122, 140, 131, 136]"
O01:Coculture:F01:Oxa,random,6,"[121, 124, 142, 137, 139, 140, 133, 130, 127, 143, 136, 128, 122, 131, 134, 125]"
O01:Coculture:F01:Oxa,random,7,"[121, 124, 142, 133, 136, 122, 134, 130, 125, 139, 128, 143, 127, 131, 137, 140]"
O01:Coculture:F01:Oxa,random,8,"[121, 124, 142, 139, 122, 128, 134, 136, 125, 140, 133, 143, 131, 137, 127, 130]"
O01:Coculture:F01:Oxa,random,9,"[121, 124, 142, 127, 137, 133, 134, 140, 139, 128, 131, 143, 136, 130, 122, 125]"
O01:Coculture:F01:Oxa,random,10,"[121, 124, 142, 125, 139, 137, 128, 134, 127, 130, 140, 143, 131, 133, 122, 136]"
O01:Coculture:F01:Oxa,random,11,"[121, 124, 142, 127, 140, 136, 125, 133, 137, 130, 131, 143, 128, 139, 134, 122]"
O01:Coculture:F01:Oxa,random,12,"[121, 124, 142, 133, 125, 130, 137, 139, 134, 131, 122, 140, 128, 127, 143, 136]"
O01:Coculture:F01:Oxa,random,13,"[121, 124, 142, 133, 125, 131, 122, 130, 134, 127, 136, 128, 139, 140, 137, 143]"
O01:Coculture:F01:Oxa,random,14,"[121, 124, 142, 131, 143, 139, 134, 128, 137, 130, 133, 122, 136, 140, 125, 127]"
O01:Coculture:F01:Oxa,random,15,"[121, 124, 142, 131, 128, 136, 122, 133, 134, 127, 139, 140, 143, 130, 137, 125]"
O01:Coculture:F01:Oxa,random,16,"[121, 124, 142, 122, 139, 130, 133, 136, 140, 131, 134, 128, 137, 125, 143, 127]"
O01:Coculture:F01:Oxa,random,17,"[121, 124, 142, 143, 133, 137, 130, 140, 134, 136, 125, 122, 139, 127, 131, 128]"
O01:Coculture:F01:Oxa,random,18,"[121, 124, 142, 127, 133, 131, 140, 122, 134, 136, 130, 139, 125, 137, 143, 128]"
O01:Coculture:F01:Oxa,random,19,"[121, 124, 142, 137, 136, 134, 130, 122, 139, 131, 127, 143, 125, 128, 140, 133]"
O01:Monoculture::5-FU,space_filling,-1,"[1, 4, 22, 13, 19, 16, 10, 7, 2, 5, 8, 11, 14, 17, 20, 23]"
O01:Monoculture::5-FU,control_first_space,-1,"[1, 4, 22, 2, 13, 19, 16, 10, 7, 5, 8, 11, 14, 17, 20, 23]"
O01:Monoculture::5-FU,random,0,"[1, 4, 22, 19, 7, 14, 10, 11, 23, 2, 8, 13, 17, 20, 16, 5]"
O01:Monoculture::5-FU,random,1,"[1, 4, 22, 5, 19, 14, 17, 23, 10, 11, 16, 2, 7, 20, 13, 8]"
O01:Monoculture::5-FU,random,2,"[1, 4, 22, 7, 19, 14, 2, 13, 17, 23, 20, 11, 8, 10, 16, 5]"
O01:Monoculture::5-FU,random,3,"[1, 4, 22, 17, 23, 7, 20, 2, 5, 10, 14, 13, 19, 11, 8, 16]"
O01:Monoculture::5-FU,random,4,"[1, 4, 22, 5, 17, 2, 7, 23, 14, 19, 16, 13, 10, 8, 11, 20]"
O01:Monoculture::5-FU,random,5,"[1, 4, 22, 17, 5, 8, 23, 14, 7, 19, 10, 13, 2, 20, 11, 16]"
O01:Monoculture::5-FU,random,6,"[1, 4, 22, 17, 19, 20, 13, 10, 7, 23, 16, 8, 2, 11, 14, 5]"
O01:Monoculture::5-FU,random,7,"[1, 4, 22, 13, 16, 2, 14, 10, 5, 19, 8, 23, 7, 11, 17, 20]"
O01:Monoculture::5-FU,random,8,"[1, 4, 22, 19, 2, 8, 14, 16, 5, 20, 13, 23, 11, 17, 7, 10]"
O01:Monoculture::5-FU,random,9,"[1, 4, 22, 7, 17, 13, 14, 20, 19, 8, 11, 23, 16, 10, 2, 5]"
O01:Monoculture::5-FU,random,10,"[1, 4, 22, 5, 19, 17, 8, 14, 7, 10, 20, 23, 11, 13, 2, 16]"
O01:Monoculture::5-FU,random,11,"[1, 4, 22, 7, 20, 16, 5, 13, 17, 10, 11, 23, 8, 19, 14, 2]"
O01:Monoculture::5-FU,random,12,"[1, 4, 22, 13, 5, 10, 17, 19, 14, 11, 2, 20, 8, 7, 23, 16]"
O01:Monoculture::5-FU,random,13,"[1, 4, 22, 13, 5, 11, 2, 10, 14, 7, 16, 8, 19, 20, 17, 23]"
O01:Monoculture::5-FU,random,14,"[1, 4, 22, 11, 23, 19, 14, 8, 17, 10, 13, 2, 16, 20, 5, 7]"
O01:Monoculture::5-FU,random,15,"[1, 4, 22, 11, 8, 16, 2, 13, 14, 7, 19, 20, 23, 10, 17, 5]"
O01:Monoculture::5-FU,random,16,"[1, 4, 22, 2, 19, 10, 13, 16, 20, 11, 14, 8, 17, 5, 23, 7]"
O01:Monoculture::5-FU,random,17,"[1, 4, 22, 23, 13, 17, 10, 20, 14, 16, 5, 2, 19, 7, 11, 8]"
O01:Monoculture::5-FU,random,18,"[1, 4, 22, 7, 13, 11, 20, 2, 14, 16, 10, 19, 5, 17, 23, 8]"
O01:Monoculture::5-FU,random,19,"[1, 4, 22, 17, 16, 14, 10, 2, 19, 11, 7, 23, 5, 8, 20, 13]"
O01:Monoculture::Oxa,space_filling,-1,"[25, 28, 46, 37, 43, 40, 34, 31, 26, 29, 32, 35, 38, 41, 44, 47]"
O01:Monoculture::Oxa,control_first_space,-1,"[25, 28, 46, 26, 37, 43, 40, 34, 31, 29, 32, 35, 38, 41, 44, 47]"
O01:Monoculture::Oxa,random,0,"[25, 28, 46, 43, 31, 38, 34, 35, 47, 26, 32, 37, 41, 44, 40, 29]"
O01:Monoculture::Oxa,random,1,"[25, 28, 46, 29, 43, 38, 41, 47, 34, 35, 40, 26, 31, 44, 37, 32]"
O01:Monoculture::Oxa,random,2,"[25, 28, 46, 31, 43, 38, 26, 37, 41, 47, 44, 35, 32, 34, 40, 29]"
O01:Monoculture::Oxa,random,3,"[25, 28, 46, 41, 47, 31, 44, 26, 29, 34, 38, 37, 43, 35, 32, 40]"
O01:Monoculture::Oxa,random,4,"[25, 28, 46, 29, 41, 26, 31, 47, 38, 43, 40, 37, 34, 32, 35, 44]"
O01:Monoculture::Oxa,random,5,"[25, 28, 46, 41, 29, 32, 47, 38, 31, 43, 34, 37, 26, 44, 35, 40]"
O01:Monoculture::Oxa,random,6,"[25, 28, 46, 41, 43, 44, 37, 34, 31, 47, 40, 32, 26, 35, 38, 29]"
O01:Monoculture::Oxa,random,7,"[25, 28, 46, 37, 40, 26, 38, 34, 29, 43, 32, 47, 31, 35, 41, 44]"
O01:Monoculture::Oxa,random,8,"[25, 28, 46, 43, 26, 32, 38, 40, 29, 44, 37, 47, 35, 41, 31, 34]"
O01:Monoculture::Oxa,random,9,"[25, 28, 46, 31, 41, 37, 38, 44, 43, 32, 35, 47, 40, 34, 26, 29]"
O01:Monoculture::Oxa,random,10,"[25, 28, 46, 29, 43, 41, 32, 38, 31, 34, 44, 47, 35, 37, 26, 40]"
O01:Monoculture::Oxa,random,11,"[25, 28, 46, 31, 44, 40, 29, 37, 41, 34, 35, 47, 32, 43, 38, 26]"
O01:Monoculture::Oxa,random,12,"[25, 28, 46, 37, 29, 34, 41, 43, 38, 35, 26, 44, 32, 31, 47, 40]"
O01:Monoculture::Oxa,random,13,"[25, 28, 46, 37, 29, 35, 26, 34, 38, 31, 40, 32, 43, 44, 41, 47]"
O01:Monoculture::Oxa,random,14,"[25, 28, 46, 35, 47, 43, 38, 32, 41, 34, 37, 26, 40, 44, 29, 31]"
O01:Monoculture::Oxa,random,15,"[25, 28, 46, 35, 32, 40, 26, 37, 38, 31, 43, 44, 47, 34, 41, 29]"
O01:Monoculture::Oxa,random,16,"[25, 28, 46, 26, 43, 34, 37, 40, 44, 35, 38, 32, 41, 29, 47, 31]"
O01:Monoculture::Oxa,random,17,"[25, 28, 46, 47, 37, 41, 34, 44, 38, 40, 29, 26, 43, 31, 35, 32]"
O01:Monoculture::Oxa,random,18,"[25, 28, 46, 31, 37, 35, 44, 26, 38, 40, 34, 43, 29, 41, 47, 32]"
O01:Monoculture::Oxa,random,19,"[25, 28, 46, 41, 40, 38, 34, 26, 43, 35, 31, 47, 29, 32, 44, 37]"
O02:Monoculture::5-FU,space_filling,-1,"[193, 196, 214, 205, 211, 208, 202, 199, 194, 197, 200, 203, 206, 209, 212, 215]"
O02:Monoculture::5-FU,control_first_space,-1,"[193, 196, 214, 194, 205, 211, 208, 202, 199, 197, 200, 203, 206, 209, 212, 215]"
O02:Monoculture::5-FU,random,0,"[193, 196, 214, 211, 199, 206, 202, 203, 215, 194, 200, 205, 209, 212, 208, 197]"
O02:Monoculture::5-FU,random,1,"[193, 196, 214, 197, 211, 206, 209, 215, 202, 203, 208, 194, 199, 212, 205, 200]"
O02:Monoculture::5-FU,random,2,"[193, 196, 214, 199, 211, 206, 194, 205, 209, 215, 212, 203, 200, 202, 208, 197]"
O02:Monoculture::5-FU,random,3,"[193, 196, 214, 209, 215, 199, 212, 194, 197, 202, 206, 205, 211, 203, 200, 208]"
O02:Monoculture::5-FU,random,4,"[193, 196, 214, 197, 209, 194, 199, 215, 206, 211, 208, 205, 202, 200, 203, 212]"
O02:Monoculture::5-FU,random,5,"[193, 196, 214, 209, 197, 200, 215, 206, 199, 211, 202, 205, 194, 212, 203, 208]"
O02:Monoculture::5-FU,random,6,"[193, 196, 214, 209, 211, 212, 205, 202, 199, 215, 208, 200, 194, 203, 206, 197]"
O02:Monoculture::5-FU,random,7,"[193, 196, 214, 205, 208, 194, 206, 202, 197, 211, 200, 215, 199, 203, 209, 212]"
O02:Monoculture::5-FU,random,8,"[193, 196, 214, 211, 194, 200, 206, 208, 197, 212, 205, 215, 203, 209, 199, 202]"
O02:Monoculture::5-FU,random,9,"[193, 196, 214, 199, 209, 205, 206, 212, 211, 200, 203, 215, 208, 202, 194, 197]"
O02:Monoculture::5-FU,random,10,"[193, 196, 214, 197, 211, 209, 200, 206, 199, 202, 212, 215, 203, 205, 194, 208]"
O02:Monoculture::5-FU,random,11,"[193, 196, 214, 199, 212, 208, 197, 205, 209, 202, 203, 215, 200, 211, 206, 194]"
O02:Monoculture::5-FU,random,12,"[193, 196, 214, 205, 197, 202, 209, 211, 206, 203, 194, 212, 200, 199, 215, 208]"
O02:Monoculture::5-FU,random,13,"[193, 196, 214, 205, 197, 203, 194, 202, 206, 199, 208, 200, 211, 212, 209, 215]"
O02:Monoculture::5-FU,random,14,"[193, 196, 214, 203, 215, 211, 206, 200, 209, 202, 205, 194, 208, 212, 197, 199]"
O02:Monoculture::5-FU,random,15,"[193, 196, 214, 203, 200, 208, 194, 205, 206, 199, 211, 212, 215, 202, 209, 197]"
O02:Monoculture::5-FU,random,16,"[193, 196, 214, 194, 211, 202, 205, 208, 212, 203, 206, 200, 209, 197, 215, 199]"
O02:Monoculture::5-FU,random,17,"[193, 196, 214, 215, 205, 209, 202, 212, 206, 208, 197, 194, 211, 199, 203, 200]"
O02:Monoculture::5-FU,random,18,"[193, 196, 214, 199, 205, 203, 212, 194, 206, 208, 202, 211, 197, 209, 215, 200]"
O02:Monoculture::5-FU,random,19,"[193, 196, 214, 209, 208, 206, 202, 194, 211, 203, 199, 215, 197, 200, 212, 205]"
O03:Coculture:F20:5-FU,space_filling,-1,"[481, 484, 502, 493, 499, 496, 490, 487, 482, 485, 488, 491, 494, 497, 500, 503]"
O03:Coculture:F20:5-FU,control_first_space,-1,"[481, 484, 502, 482, 493, 499, 496, 490, 487, 485, 488, 491, 494, 497, 500, 503]"
O03:Coculture:F20:5-FU,random,0,"[481, 484, 502, 499, 487, 494, 490, 491, 503, 482, 488, 493, 497, 500, 496, 485]"
O03:Coculture:F20:5-FU,random,1,"[481, 484, 502, 485, 499, 494, 497, 503, 490, 491, 496, 482, 487, 500, 493, 488]"
O03:Coculture:F20:5-FU,random,2,"[481, 484, 502, 487, 499, 494, 482, 493, 497, 503, 500, 491, 488, 490, 496, 485]"
O03:Coculture:F20:5-FU,random,3,"[481, 484, 502, 497, 503, 487, 500, 482, 485, 490, 494, 493, 499, 491, 488, 496]"
O03:Coculture:F20:5-FU,random,4,"[481, 484, 502, 485, 497, 482, 487, 503, 494, 499, 496, 493, 490, 488, 491, 500]"
O03:Coculture:F20:5-FU,random,5,"[481, 484, 502, 497, 485, 488, 503, 494, 487, 499, 490, 493, 482, 500, 491, 496]"
O03:Coculture:F20:5-FU,random,6,"[481, 484, 502, 497, 499, 500, 493, 490, 487, 503, 496, 488, 482, 491, 494, 485]"
O03:Coculture:F20:5-FU,random,7,"[481, 484, 502, 493, 496, 482, 494, 490, 485, 499, 488, 503, 487, 491, 497, 500]"
O03:Coculture:F20:5-FU,random,8,"[481, 484, 502, 499, 482, 488, 494, 496, 485, 500, 493, 503, 491, 497, 487, 490]"
O03:Coculture:F20:5-FU,random,9,"[481, 484, 502, 487, 497, 493, 494, 500, 499, 488, 491, 503, 496, 490, 482, 485]"
O03:Coculture:F20:5-FU,random,10,"[481, 484, 502, 485, 499, 497, 488, 494, 487, 490, 500, 503, 491, 493, 482, 496]"
O03:Coculture:F20:5-FU,random,11,"[481, 484, 502, 487, 500, 496, 485, 493, 497, 490, 491, 503, 488, 499, 494, 482]"
O03:Coculture:F20:5-FU,random,12,"[481, 484, 502, 493, 485, 490, 497, 499, 494, 491, 482, 500, 488, 487, 503, 496]"
O03:Coculture:F20:5-FU,random,13,"[481, 484, 502, 493, 485, 491, 482, 490, 494, 487, 496, 488, 499, 500, 497, 503]"
O03:Coculture:F20:5-FU,random,14,"[481, 484, 502, 491, 503, 499, 494, 488, 497, 490, 493, 482, 496, 500, 485, 487]"
O03:Coculture:F20:5-FU,random,15,"[481, 484, 502, 491, 488, 496, 482, 493, 494, 487, 499, 500, 503, 490, 497, 485]"
O03:Coculture:F20:5-FU,random,16,"[481, 484, 502, 482, 499, 490, 493, 496, 500, 491, 494, 488, 497, 485, 503, 487]"
O03:Coculture:F20:5-FU,random,17,"[481, 484, 502, 503, 493, 497, 490, 500, 494, 496, 485, 482, 499, 487, 491, 488]"
O03:Coculture:F20:5-FU,random,18,"[481, 484, 502, 487, 493, 491, 500, 482, 494, 496, 490, 499, 485, 497, 503, 488]"
O03:Coculture:F20:5-FU,random,19,"[481, 484, 502, 497, 496, 494, 490, 482, 499, 491, 487, 503, 485, 488, 500, 493]"
O03:Coculture:F20:Gef,space_filling,-1,"[553, 556, 574, 565, 562, 571, 568, 559, 554, 557, 560, 563, 566, 569, 572, 575]"
O03:Coculture:F20:Gef,control_first_space,-1,"[553, 556, 574, 554, 565, 562, 571, 568, 559, 557, 560, 563, 566, 569, 572, 575]"
O03:Coculture:F20:Gef,random,0,"[553, 556, 574, 571, 559, 566, 562, 563, 575, 554, 560, 565, 569, 572, 568, 557]"
O03:Coculture:F20:Gef,random,1,"[553, 556, 574, 557, 571, 566, 569, 575, 562, 563, 568, 554, 559, 572, 565, 560]"
O03:Coculture:F20:Gef,random,2,"[553, 556, 574, 559, 571, 566, 554, 565, 569, 575, 572, 563, 560, 562, 568, 557]"
O03:Coculture:F20:Gef,random,3,"[553, 556, 574, 569, 575, 559, 572, 554, 557, 562, 566, 565, 571, 563, 560, 568]"
O03:Coculture:F20:Gef,random,4,"[553, 556, 574, 557, 569, 554, 559, 575, 566, 571, 568, 565, 562, 560, 563, 572]"
O03:Coculture:F20:Gef,random,5,"[553, 556, 574, 569, 557, 560, 575, 566, 559, 571, 562, 565, 554, 572, 563, 568]"
O03:Coculture:F20:Gef,random,6,"[553, 556, 574, 569, 571, 572, 565, 562, 559, 575, 568, 560, 554, 563, 566, 557]"
O03:Coculture:F20:Gef,random,7,"[553, 556, 574, 565, 568, 554, 566, 562, 557, 571, 560, 575, 559, 563, 569, 572]"
O03:Coculture:F20:Gef,random,8,"[553, 556, 574, 571, 554, 560, 566, 568, 557, 572, 565, 575, 563, 569, 559, 562]"
O03:Coculture:F20:Gef,random,9,"[553, 556, 574, 559, 569, 565, 566, 572, 571, 560, 563, 575, 568, 562, 554, 557]"
O03:Coculture:F20:Gef,random,10,"[553, 556, 574, 557, 571, 569, 560, 566, 559, 562, 572, 575, 563, 565, 554, 568]"
O03:Coculture:F20:Gef,random,11,"[553, 556, 574, 559, 572, 568, 557, 565, 569, 562, 563, 575, 560, 571, 566, 554]"
O03:Coculture:F20:Gef,random,12,"[553, 556, 574, 565, 557, 562, 569, 571, 566, 563, 554, 572, 560, 559, 575, 568]"
O03:Coculture:F20:Gef,random,13,"[553, 556, 574, 565, 557, 563, 554, 562, 566, 559, 568, 560, 571, 572, 569, 575]"
O03:Coculture:F20:Gef,random,14,"[553, 556, 574, 563, 575, 571, 566, 560, 569, 562, 565, 554, 568, 572, 557, 559]"
O03:Coculture:F20:Gef,random,15,"[553, 556, 574, 563, 560, 568, 554, 565, 566, 559, 571, 572, 575, 562, 569, 557]"
O03:Coculture:F20:Gef,random,16,"[553, 556, 574, 554, 571, 562, 565, 568, 572, 563, 566, 560, 569, 557, 575, 559]"
O03:Coculture:F20:Gef,random,17,"[553, 556, 574, 575, 565, 569, 562, 572, 566, 568, 557, 554, 571, 559, 563, 560]"
O03:Coculture:F20:Gef,random,18,"[553, 556, 574, 559, 565, 563, 572, 554, 566, 568, 562, 571, 557, 569, 575, 560]"
O03:Coculture:F20:Gef,random,19,"[553, 556, 574, 569, 568, 566, 562, 554, 571, 563, 559, 575, 557, 560, 572, 565]"
O03:Coculture:F20:Oxa,space_filling,-1,"[505, 508, 526, 517, 523, 520, 514, 511, 506, 509, 512, 515, 518, 521, 524, 527]"
O03:Coculture:F20:Oxa,control_first_space,-1,"[505, 508, 526, 506, 517, 523, 520, 514, 511, 509, 512, 515, 518, 521, 524, 527]"
O03:Coculture:F20:Oxa,random,0,"[505, 508, 526, 523, 511, 518, 514, 515, 527, 506, 512, 517, 521, 524, 520, 509]"
O03:Coculture:F20:Oxa,random,1,"[505, 508, 526, 509, 523, 518, 521, 527, 514, 515, 520, 506, 511, 524, 517, 512]"
O03:Coculture:F20:Oxa,random,2,"[505, 508, 526, 511, 523, 518, 506, 517, 521, 527, 524, 515, 512, 514, 520, 509]"
O03:Coculture:F20:Oxa,random,3,"[505, 508, 526, 521, 527, 511, 524, 506, 509, 514, 518, 517, 523, 515, 512, 520]"
O03:Coculture:F20:Oxa,random,4,"[505, 508, 526, 509, 521, 506, 511, 527, 518, 523, 520, 517, 514, 512, 515, 524]"
O03:Coculture:F20:Oxa,random,5,"[505, 508, 526, 521, 509, 512, 527, 518, 511, 523, 514, 517, 506, 524, 515, 520]"
O03:Coculture:F20:Oxa,random,6,"[505, 508, 526, 521, 523, 524, 517, 514, 511, 527, 520, 512, 506, 515, 518, 509]"
O03:Coculture:F20:Oxa,random,7,"[505, 508, 526, 517, 520, 506, 518, 514, 509, 523, 512, 527, 511, 515, 521, 524]"
O03:Coculture:F20:Oxa,random,8,"[505, 508, 526, 523, 506, 512, 518, 520, 509, 524, 517, 527, 515, 521, 511, 514]"
O03:Coculture:F20:Oxa,random,9,"[505, 508, 526, 511, 521, 517, 518, 524, 523, 512, 515, 527, 520, 514, 506, 509]"
O03:Coculture:F20:Oxa,random,10,"[505, 508, 526, 509, 523, 521, 512, 518, 511, 514, 524, 527, 515, 517, 506, 520]"
O03:Coculture:F20:Oxa,random,11,"[505, 508, 526, 511, 524, 520, 509, 517, 521, 514, 515, 527, 512, 523, 518, 506]"
O03:Coculture:F20:Oxa,random,12,"[505, 508, 526, 517, 509, 514, 521, 523, 518, 515, 506, 524, 512, 511, 527, 520]"
O03:Coculture:F20:Oxa,random,13,"[505, 508, 526, 517, 509, 515, 506, 514, 518, 511, 520, 512, 523, 524, 521, 527]"
O03:Coculture:F20:Oxa,random,14,"[505, 508, 526, 515, 527, 523, 518, 512, 521, 514, 517, 506, 520, 524, 509, 511]"
O03:Coculture:F20:Oxa,random,15,"[505, 508, 526, 515, 512, 520, 506, 517, 518, 511, 523, 524, 527, 514, 521, 509]"
O03:Coculture:F20:Oxa,random,16,"[505, 508, 526, 506, 523, 514, 517, 520, 524, 515, 518, 512, 521, 509, 527, 511]"
O03:Coculture:F20:Oxa,random,17,"[505, 508, 526, 527, 517, 521, 514, 524, 518, 520, 509, 506, 523, 511, 515, 512]"
O03:Coculture:F20:Oxa,random,18,"[505, 508, 526, 511, 517, 515, 524, 506, 518, 520, 514, 523, 509, 521, 527, 512]"
O03:Coculture:F20:Oxa,random,19,"[505, 508, 526, 521, 520, 518, 514, 506, 523, 515, 511, 527, 509, 512, 524, 517]"
O03:Coculture:F20:SN-38,space_filling,-1,"[529, 532, 550, 541, 547, 544, 538, 535, 530, 533, 536, 539, 542, 545, 548, 551]"
O03:Coculture:F20:SN-38,control_first_space,-1,"[529, 532, 550, 530, 541, 547, 544, 538, 535, 533, 536, 539, 542, 545, 548, 551]"
O03:Coculture:F20:SN-38,random,0,"[529, 532, 550, 547, 535, 542, 538, 539, 551, 530, 536, 541, 545, 548, 544, 533]"
O03:Coculture:F20:SN-38,random,1,"[529, 532, 550, 533, 547, 542, 545, 551, 538, 539, 544, 530, 535, 548, 541, 536]"
O03:Coculture:F20:SN-38,random,2,"[529, 532, 550, 535, 547, 542, 530, 541, 545, 551, 548, 539, 536, 538, 544, 533]"
O03:Coculture:F20:SN-38,random,3,"[529, 532, 550, 545, 551, 535, 548, 530, 533, 538, 542, 541, 547, 539, 536, 544]"
O03:Coculture:F20:SN-38,random,4,"[529, 532, 550, 533, 545, 530, 535, 551, 542, 547, 544, 541, 538, 536, 539, 548]"
O03:Coculture:F20:SN-38,random,5,"[529, 532, 550, 545, 533, 536, 551, 542, 535, 547, 538, 541, 530, 548, 539, 544]"
O03:Coculture:F20:SN-38,random,6,"[529, 532, 550, 545, 547, 548, 541, 538, 535, 551, 544, 536, 530, 539, 542, 533]"
O03:Coculture:F20:SN-38,random,7,"[529, 532, 550, 541, 544, 530, 542, 538, 533, 547, 536, 551, 535, 539, 545, 548]"
O03:Coculture:F20:SN-38,random,8,"[529, 532, 550, 547, 530, 536, 542, 544, 533, 548, 541, 551, 539, 545, 535, 538]"
O03:Coculture:F20:SN-38,random,9,"[529, 532, 550, 535, 545, 541, 542, 548, 547, 536, 539, 551, 544, 538, 530, 533]"
O03:Coculture:F20:SN-38,random,10,"[529, 532, 550, 533, 547, 545, 536, 542, 535, 538, 548, 551, 539, 541, 530, 544]"
O03:Coculture:F20:SN-38,random,11,"[529, 532, 550, 535, 548, 544, 533, 541, 545, 538, 539, 551, 536, 547, 542, 530]"
O03:Coculture:F20:SN-38,random,12,"[529, 532, 550, 541, 533, 538, 545, 547, 542, 539, 530, 548, 536, 535, 551, 544]"
O03:Coculture:F20:SN-38,random,13,"[529, 532, 550, 541, 533, 539, 530, 538, 542, 535, 544, 536, 547, 548, 545, 551]"
O03:Coculture:F20:SN-38,random,14,"[529, 532, 550, 539, 551, 547, 542, 536, 545, 538, 541, 530, 544, 548, 533, 535]"
O03:Coculture:F20:SN-38,random,15,"[529, 532, 550, 539, 536, 544, 530, 541, 542, 535, 547, 548, 551, 538, 545, 533]"
O03:Coculture:F20:SN-38,random,16,"[529, 532, 550, 530, 547, 538, 541, 544, 548, 539, 542, 536, 545, 533, 551, 535]"
O03:Coculture:F20:SN-38,random,17,"[529, 532, 550, 551, 541, 545, 538, 548, 542, 544, 533, 530, 547, 535, 539, 536]"
O03:Coculture:F20:SN-38,random,18,"[529, 532, 550, 535, 541, 539, 548, 530, 542, 544, 538, 547, 533, 545, 551, 536]"
O03:Coculture:F20:SN-38,random,19,"[529, 532, 550, 545, 544, 542, 538, 530, 547, 539, 535, 551, 533, 536, 548, 541]"
O03:Monoculture::Oxa,space_filling,-1,"[409, 412, 430, 421, 427, 424, 418, 415, 410, 413, 416, 419, 422, 425, 428, 431]"
O03:Monoculture::Oxa,control_first_space,-1,"[409, 412, 430, 410, 421, 427, 424, 418, 415, 413, 416, 419, 422, 425, 428, 431]"
O03:Monoculture::Oxa,random,0,"[409, 412, 430, 427, 415, 422, 418, 419, 431, 410, 416, 421, 425, 428, 424, 413]"
O03:Monoculture::Oxa,random,1,"[409, 412, 430, 413, 427, 422, 425, 431, 418, 419, 424, 410, 415, 428, 421, 416]"
O03:Monoculture::Oxa,random,2,"[409, 412, 430, 415, 427, 422, 410, 421, 425, 431, 428, 419, 416, 418, 424, 413]"
O03:Monoculture::Oxa,random,3,"[409, 412, 430, 425, 431, 415, 428, 410, 413, 418, 422, 421, 427, 419, 416, 424]"
O03:Monoculture::Oxa,random,4,"[409, 412, 430, 413, 425, 410, 415, 431, 422, 427, 424, 421, 418, 416, 419, 428]"
O03:Monoculture::Oxa,random,5,"[409, 412, 430, 425, 413, 416, 431, 422, 415, 427, 418, 421, 410, 428, 419, 424]"
O03:Monoculture::Oxa,random,6,"[409, 412, 430, 425, 427, 428, 421, 418, 415, 431, 424, 416, 410, 419, 422, 413]"
O03:Monoculture::Oxa,random,7,"[409, 412, 430, 421, 424, 410, 422, 418, 413, 427, 416, 431, 415, 419, 425, 428]"
O03:Monoculture::Oxa,random,8,"[409, 412, 430, 427, 410, 416, 422, 424, 413, 428, 421, 431, 419, 425, 415, 418]"
O03:Monoculture::Oxa,random,9,"[409, 412, 430, 415, 425, 421, 422, 428, 427, 416, 419, 431, 424, 418, 410, 413]"
O03:Monoculture::Oxa,random,10,"[409, 412, 430, 413, 427, 425, 416, 422, 415, 418, 428, 431, 419, 421, 410, 424]"
O03:Monoculture::Oxa,random,11,"[409, 412, 430, 415, 428, 424, 413, 421, 425, 418, 419, 431, 416, 427, 422, 410]"
O03:Monoculture::Oxa,random,12,"[409, 412, 430, 421, 413, 418, 425, 427, 422, 419, 410, 428, 416, 415, 431, 424]"
O03:Monoculture::Oxa,random,13,"[409, 412, 430, 421, 413, 419, 410, 418, 422, 415, 424, 416, 427, 428, 425, 431]"
O03:Monoculture::Oxa,random,14,"[409, 412, 430, 419, 431, 427, 422, 416, 425, 418, 421, 410, 424, 428, 413, 415]"
O03:Monoculture::Oxa,random,15,"[409, 412, 430, 419, 416, 424, 410, 421, 422, 415, 427, 428, 431, 418, 425, 413]"
O03:Monoculture::Oxa,random,16,"[409, 412, 430, 410, 427, 418, 421, 424, 428, 419, 422, 416, 425, 413, 431, 415]"
O03:Monoculture::Oxa,random,17,"[409, 412, 430, 431, 421, 425, 418, 428, 422, 424, 413, 410, 427, 415, 419, 416]"
O03:Monoculture::Oxa,random,18,"[409, 412, 430, 415, 421, 419, 428, 410, 422, 424, 418, 427, 413, 425, 431, 416]"
O03:Monoculture::Oxa,random,19,"[409, 412, 430, 425, 424, 422, 418, 410, 427, 419, 415, 431, 413, 416, 428, 421]"
O04:Coculture:F04N:5-FU,space_filling,-1,"[673, 676, 694, 685, 691, 688, 682, 679, 674, 677, 680, 683, 686, 689, 692, 695]"
O04:Coculture:F04N:5-FU,control_first_space,-1,"[673, 676, 694, 674, 685, 691, 688, 682, 679, 677, 680, 683, 686, 689, 692, 695]"
O04:Coculture:F04N:5-FU,random,0,"[673, 676, 694, 691, 679, 686, 682, 683, 695, 674, 680, 685, 689, 692, 688, 677]"
O04:Coculture:F04N:5-FU,random,1,"[673, 676, 694, 677, 691, 686, 689, 695, 682, 683, 688, 674, 679, 692, 685, 680]"
O04:Coculture:F04N:5-FU,random,2,"[673, 676, 694, 679, 691, 686, 674, 685, 689, 695, 692, 683, 680, 682, 688, 677]"
O04:Coculture:F04N:5-FU,random,3,"[673, 676, 694, 689, 695, 679, 692, 674, 677, 682, 686, 685, 691, 683, 680, 688]"
O04:Coculture:F04N:5-FU,random,4,"[673, 676, 694, 677, 689, 674, 679, 695, 686, 691, 688, 685, 682, 680, 683, 692]"
O04:Coculture:F04N:5-FU,random,5,"[673, 676, 694, 689, 677, 680, 695, 686, 679, 691, 682, 685, 674, 692, 683, 688]"
O04:Coculture:F04N:5-FU,random,6,"[673, 676, 694, 689, 691, 692, 685, 682, 679, 695, 688, 680, 674, 683, 686, 677]"
O04:Coculture:F04N:5-FU,random,7,"[673, 676, 694, 685, 688, 674, 686, 682, 677, 691, 680, 695, 679, 683, 689, 692]"
O04:Coculture:F04N:5-FU,random,8,"[673, 676, 694, 691, 674, 680, 686, 688, 677, 692, 685, 695, 683, 689, 679, 682]"
O04:Coculture:F04N:5-FU,random,9,"[673, 676, 694, 679, 689, 685, 686, 692, 691, 680, 683, 695, 688, 682, 674, 677]"
O04:Coculture:F04N:5-FU,random,10,"[673, 676, 694, 677, 691, 689, 680, 686, 679, 682, 692, 695, 683, 685, 674, 688]"
O04:Coculture:F04N:5-FU,random,11,"[673, 676, 694, 679, 692, 688, 677, 685, 689, 682, 683, 695, 680, 691, 686, 674]"
O04:Coculture:F04N:5-FU,random,12,"[673, 676, 694, 685, 677, 682, 689, 691, 686, 683, 674, 692, 680, 679, 695, 688]"
O04:Coculture:F04N:5-FU,random,13,"[673, 676, 694, 685, 677, 683, 674, 682, 686, 679, 688, 680, 691, 692, 689, 695]"
O04:Coculture:F04N:5-FU,random,14,"[673, 676, 694, 683, 695, 691, 686, 680, 689, 682, 685, 674, 688, 692, 677, 679]"
O04:Coculture:F04N:5-FU,random,15,"[673, 676, 694, 683, 680, 688, 674, 685, 686, 679, 691, 692, 695, 682, 689, 677]"
O04:Coculture:F04N:5-FU,random,16,"[673, 676, 694, 674, 691, 682, 685, 688, 692, 683, 686, 680, 689, 677, 695, 679]"
O04:Coculture:F04N:5-FU,random,17,"[673, 676, 694, 695, 685, 689, 682, 692, 686, 688, 677, 674, 691, 679, 683, 680]"
O04:Coculture:F04N:5-FU,random,18,"[673, 676, 694, 679, 685, 683, 692, 674, 686, 688, 682, 691, 677, 689, 695, 680]"
O04:Coculture:F04N:5-FU,random,19,"[673, 676, 694, 689, 688, 686, 682, 674, 691, 683, 679, 695, 677, 680, 692, 685]"
O04:Coculture:F04N:Oxa,space_filling,-1,"[697, 700, 718, 709, 715, 712, 706, 703, 698, 701, 704, 707, 710, 713, 716, 719]"
O04:Coculture:F04N:Oxa,control_first_space,-1,"[697, 700, 718, 698, 709, 715, 712, 706, 703, 701, 704, 707, 710, 713, 716, 719]"
O04:Coculture:F04N:Oxa,random,0,"[697, 700, 718, 715, 703, 710, 706, 707, 719, 698, 704, 709, 713, 716, 712, 701]"
O04:Coculture:F04N:Oxa,random,1,"[697, 700, 718, 701, 715, 710, 713, 719, 706, 707, 712, 698, 703, 716, 709, 704]"
O04:Coculture:F04N:Oxa,random,2,"[697, 700, 718, 703, 715, 710, 698, 709, 713, 719, 716, 707, 704, 706, 712, 701]"
O04:Coculture:F04N:Oxa,random,3,"[697, 700, 718, 713, 719, 703, 716, 698, 701, 706, 710, 709, 715, 707, 704, 712]"
O04:Coculture:F04N:Oxa,random,4,"[697, 700, 718, 701, 713, 698, 703, 719, 710, 715, 712, 709, 706, 704, 707, 716]"
O04:Coculture:F04N:Oxa,random,5,"[697, 700, 718, 713, 701, 704, 719, 710, 703, 715, 706, 709, 698, 716, 707, 712]"
O04:Coculture:F04N:Oxa,random,6,"[697, 700, 718, 713, 715, 716, 709, 706, 703, 719, 712, 704, 698, 707, 710, 701]"
O04:Coculture:F04N:Oxa,random,7,"[697, 700, 718, 709, 712, 698, 710, 706, 701, 715, 704, 719, 703, 707, 713, 716]"
O04:Coculture:F04N:Oxa,random,8,"[697, 700, 718, 715, 698, 704, 710, 712, 701, 716, 709, 719, 707, 713, 703, 706]"
O04:Coculture:F04N:Oxa,random,9,"[697, 700, 718, 703, 713, 709, 710, 716, 715, 704, 707, 719, 712, 706, 698, 701]"
O04:Coculture:F04N:Oxa,random,10,"[697, 700, 718, 701, 715, 713, 704, 710, 703, 706, 716, 719, 707, 709, 698, 712]"
O04:Coculture:F04N:Oxa,random,11,"[697, 700, 718, 703, 716, 712, 701, 709, 713, 706, 707, 719, 704, 715, 710, 698]"
O04:Coculture:F04N:Oxa,random,12,"[697, 700, 718, 709, 701, 706, 713, 715, 710, 707, 698, 716, 704, 703, 719, 712]"
O04:Coculture:F04N:Oxa,random,13,"[697, 700, 718, 709, 701, 707, 698, 706, 710, 703, 712, 704, 715, 716, 713, 719]"
O04:Coculture:F04N:Oxa,random,14,"[697, 700, 718, 707, 719, 715, 710, 704, 713, 706, 709, 698, 712, 716, 701, 703]"
O04:Coculture:F04N:Oxa,random,15,"[697, 700, 718, 707, 704, 712, 698, 709, 710, 703, 715, 716, 719, 706, 713, 701]"
O04:Coculture:F04N:Oxa,random,16,"[697, 700, 718, 698, 715, 706, 709, 712, 716, 707, 710, 704, 713, 701, 719, 703]"
O04:Coculture:F04N:Oxa,random,17,"[697, 700, 718, 719, 709, 713, 706, 716, 710, 712, 701, 698, 715, 703, 707, 704]"
O04:Coculture:F04N:Oxa,random,18,"[697, 700, 718, 703, 709, 707, 716, 698, 710, 712, 706, 715, 701, 713, 719, 704]"
O04:Coculture:F04N:Oxa,random,19,"[697, 700, 718, 713, 712, 710, 706, 698, 715, 707, 703, 719, 701, 704, 716, 709]"
O04:Monoculture::Gef,space_filling,-1,"[649, 652, 670, 661, 658, 667, 664, 655, 650, 653, 656, 659, 662, 665, 668, 671]"
O04:Monoculture::Gef,control_first_space,-1,"[649, 652, 670, 650, 661, 658, 667, 664, 655, 653, 656, 659, 662, 665, 668, 671]"
O04:Monoculture::Gef,random,0,"[649, 652, 670, 667, 655, 662, 658, 659, 671, 650, 656, 661, 665, 668, 664, 653]"
O04:Monoculture::Gef,random,1,"[649, 652, 670, 653, 667, 662, 665, 671, 658, 659, 664, 650, 655, 668, 661, 656]"
O04:Monoculture::Gef,random,2,"[649, 652, 670, 655, 667, 662, 650, 661, 665, 671, 668, 659, 656, 658, 664, 653]"
O04:Monoculture::Gef,random,3,"[649, 652, 670, 665, 671, 655, 668, 650, 653, 658, 662, 661, 667, 659, 656, 664]"
O04:Monoculture::Gef,random,4,"[649, 652, 670, 653, 665, 650, 655, 671, 662, 667, 664, 661, 658, 656, 659, 668]"
O04:Monoculture::Gef,random,5,"[649, 652, 670, 665, 653, 656, 671, 662, 655, 667, 658, 661, 650, 668, 659, 664]"
O04:Monoculture::Gef,random,6,"[649, 652, 670, 665, 667, 668, 661, 658, 655, 671, 664, 656, 650, 659, 662, 653]"
O04:Monoculture::Gef,random,7,"[649, 652, 670, 661, 664, 650, 662, 658, 653, 667, 656, 671, 655, 659, 665, 668]"
O04:Monoculture::Gef,random,8,"[649, 652, 670, 667, 650, 656, 662, 664, 653, 668, 661, 671, 659, 665, 655, 658]"
O04:Monoculture::Gef,random,9,"[649, 652, 670, 655, 665, 661, 662, 668, 667, 656, 659, 671, 664, 658, 650, 653]"
O04:Monoculture::Gef,random,10,"[649, 652, 670, 653, 667, 665, 656, 662, 655, 658, 668, 671, 659, 661, 650, 664]"
O04:Monoculture::Gef,random,11,"[649, 652, 670, 655, 668, 664, 653, 661, 665, 658, 659, 671, 656, 667, 662, 650]"
O04:Monoculture::Gef,random,12,"[649, 652, 670, 661, 653, 658, 665, 667, 662, 659, 650, 668, 656, 655, 671, 664]"
O04:Monoculture::Gef,random,13,"[649, 652, 670, 661, 653, 659, 650, 658, 662, 655, 664, 656, 667, 668, 665, 671]"
O04:Monoculture::Gef,random,14,"[649, 652, 670, 659, 671, 667, 662, 656, 665, 658, 661, 650, 664, 668, 653, 655]"
O04:Monoculture::Gef,random,15,"[649, 652, 670, 659, 656, 664, 650, 661, 662, 655, 667, 668, 671, 658, 665, 653]"
O04:Monoculture::Gef,random,16,"[649, 652, 670, 650, 667, 658, 661, 664, 668, 659, 662, 656, 665, 653, 671, 655]"
O04:Monoculture::Gef,random,17,"[649, 652, 670, 671, 661, 665, 658, 668, 662, 664, 653, 650, 667, 655, 659, 656]"
O04:Monoculture::Gef,random,18,"[649, 652, 670, 655, 661, 659, 668, 650, 662, 664, 658, 667, 653, 665, 671, 656]"
O04:Monoculture::Gef,random,19,"[649, 652, 670, 665, 664, 662, 658, 650, 667, 659, 655, 671, 653, 656, 668, 661]"
O04:Monoculture::Oxa,space_filling,-1,"[601, 604, 622, 613, 619, 616, 610, 607, 602, 605, 608, 611, 614, 617, 620, 623]"
O04:Monoculture::Oxa,control_first_space,-1,"[601, 604, 622, 602, 613, 619, 616, 610, 607, 605, 608, 611, 614, 617, 620, 623]"
O04:Monoculture::Oxa,random,0,"[601, 604, 622, 619, 607, 614, 610, 611, 623, 602, 608, 613, 617, 620, 616, 605]"
O04:Monoculture::Oxa,random,1,"[601, 604, 622, 605, 619, 614, 617, 623, 610, 611, 616, 602, 607, 620, 613, 608]"
O04:Monoculture::Oxa,random,2,"[601, 604, 622, 607, 619, 614, 602, 613, 617, 623, 620, 611, 608, 610, 616, 605]"
O04:Monoculture::Oxa,random,3,"[601, 604, 622, 617, 623, 607, 620, 602, 605, 610, 614, 613, 619, 611, 608, 616]"
O04:Monoculture::Oxa,random,4,"[601, 604, 622, 605, 617, 602, 607, 623, 614, 619, 616, 613, 610, 608, 611, 620]"
O04:Monoculture::Oxa,random,5,"[601, 604, 622, 617, 605, 608, 623, 614, 607, 619, 610, 613, 602, 620, 611, 616]"
O04:Monoculture::Oxa,random,6,"[601, 604, 622, 617, 619, 620, 613, 610, 607, 623, 616, 608, 602, 611, 614, 605]"
O04:Monoculture::Oxa,random,7,"[601, 604, 622, 613, 616, 602, 614, 610, 605, 619, 608, 623, 607, 611, 617, 620]"
O04:Monoculture::Oxa,random,8,"[601, 604, 622, 619, 602, 608, 614, 616, 605, 620, 613, 623, 611, 617, 607, 610]"
O04:Monoculture::Oxa,random,9,"[601, 604, 622, 607, 617, 613, 614, 620, 619, 608, 611, 623, 616, 610, 602, 605]"
O04:Monoculture::Oxa,random,10,"[601, 604, 622, 605, 619, 617, 608, 614, 607, 610, 620, 623, 611, 613, 602, 616]"
O04:Monoculture::Oxa,random,11,"[601, 604, 622, 607, 620, 616, 605, 613, 617, 610, 611, 623, 608, 619, 614, 602]"
O04:Monoculture::Oxa,random,12,"[601, 604, 622, 613, 605, 610, 617, 619, 614, 611, 602, 620, 608, 607, 623, 616]"
O04:Monoculture::Oxa,random,13,"[601, 604, 622, 613, 605, 611, 602, 610, 614, 607, 616, 608, 619, 620, 617, 623]"
O04:Monoculture::Oxa,random,14,"[601, 604, 622, 611, 623, 619, 614, 608, 617, 610, 613, 602, 616, 620, 605, 607]"
O04:Monoculture::Oxa,random,15,"[601, 604, 622, 611, 608, 616, 602, 613, 614, 607, 619, 620, 623, 610, 617, 605]"
O04:Monoculture::Oxa,random,16,"[601, 604, 622, 602, 619, 610, 613, 616, 620, 611, 614, 608, 617, 605, 623, 607]"
O04:Monoculture::Oxa,random,17,"[601, 604, 622, 623, 613, 617, 610, 620, 614, 616, 605, 602, 619, 607, 611, 608]"
O04:Monoculture::Oxa,random,18,"[601, 604, 622, 607, 613, 611, 620, 602, 614, 616, 610, 619, 605, 617, 623, 608]"
O04:Monoculture::Oxa,random,19,"[601, 604, 622, 617, 616, 614, 610, 602, 619, 611, 607, 623, 605, 608, 620, 613]"
O05:Monoculture::Oxa,space_filling,-1,"[793, 796, 814, 805, 811, 808, 802, 799, 794, 797, 800, 803, 806, 809, 812, 815]"
O05:Monoculture::Oxa,control_first_space,-1,"[793, 796, 814, 794, 805, 811, 808, 802, 799, 797, 800, 803, 806, 809, 812, 815]"
O05:Monoculture::Oxa,random,0,"[793, 796, 814, 811, 799, 806, 802, 803, 815, 794, 800, 805, 809, 812, 808, 797]"
O05:Monoculture::Oxa,random,1,"[793, 796, 814, 797, 811, 806, 809, 815, 802, 803, 808, 794, 799, 812, 805, 800]"
O05:Monoculture::Oxa,random,2,"[793, 796, 814, 799, 811, 806, 794, 805, 809, 815, 812, 803, 800, 802, 808, 797]"
O05:Monoculture::Oxa,random,3,"[793, 796, 814, 809, 815, 799, 812, 794, 797, 802, 806, 805, 811, 803, 800, 808]"
O05:Monoculture::Oxa,random,4,"[793, 796, 814, 797, 809, 794, 799, 815, 806, 811, 808, 805, 802, 800, 803, 812]"
O05:Monoculture::Oxa,random,5,"[793, 796, 814, 809, 797, 800, 815, 806, 799, 811, 802, 805, 794, 812, 803, 808]"
O05:Monoculture::Oxa,random,6,"[793, 796, 814, 809, 811, 812, 805, 802, 799, 815, 808, 800, 794, 803, 806, 797]"
O05:Monoculture::Oxa,random,7,"[793, 796, 814, 805, 808, 794, 806, 802, 797, 811, 800, 815, 799, 803, 809, 812]"
O05:Monoculture::Oxa,random,8,"[793, 796, 814, 811, 794, 800, 806, 808, 797, 812, 805, 815, 803, 809, 799, 802]"
O05:Monoculture::Oxa,random,9,"[793, 796, 814, 799, 809, 805, 806, 812, 811, 800, 803, 815, 808, 802, 794, 797]"
O05:Monoculture::Oxa,random,10,"[793, 796, 814, 797, 811, 809, 800, 806, 799, 802, 812, 815, 803, 805, 794, 808]"
O05:Monoculture::Oxa,random,11,"[793, 796, 814, 799, 812, 808, 797, 805, 809, 802, 803, 815, 800, 811, 806, 794]"
O05:Monoculture::Oxa,random,12,"[793, 796, 814, 805, 797, 802, 809, 811, 806, 803, 794, 812, 800, 799, 815, 808]"
O05:Monoculture::Oxa,random,13,"[793, 796, 814, 805, 797, 803, 794, 802, 806, 799, 808, 800, 811, 812, 809, 815]"
O05:Monoculture::Oxa,random,14,"[793, 796, 814, 803, 815, 811, 806, 800, 809, 802, 805, 794, 808, 812, 797, 799]"
O05:Monoculture::Oxa,random,15,"[793, 796, 814, 803, 800, 808, 794, 805, 806, 799, 811, 812, 815, 802, 809, 797]"
O05:Monoculture::Oxa,random,16,"[793, 796, 814, 794, 811, 802, 805, 808, 812, 803, 806, 800, 809, 797, 815, 799]"
O05:Monoculture::Oxa,random,17,"[793, 796, 814, 815, 805, 809, 802, 812, 806, 808, 797, 794, 811, 799, 803, 800]"
O05:Monoculture::Oxa,random,18,"[793, 796, 814, 799, 805, 803, 812, 794, 806, 808, 802, 811, 797, 809, 815, 800]"
O05:Monoculture::Oxa,random,19,"[793, 796, 814, 809, 808, 806, 802, 794, 811, 803, 799, 815, 797, 800, 812, 805]"
O06:Coculture:F06:Oxa,space_filling,-1,"[1081, 1084, 1102, 1093, 1099, 1096, 1090, 1087, 1082, 1085, 1088, 1091, 1094, 1097, 1100, 1103]"
O06:Coculture:F06:Oxa,control_first_space,-1,"[1081, 1084, 1102, 1082, 1093, 1099, 1096, 1090, 1087, 1085, 1088, 1091, 1094, 1097, 1100, 1103]"
O06:Coculture:F06:Oxa,random,0,"[1081, 1084, 1102, 1099, 1087, 1094, 1090, 1091, 1103, 1082, 1088, 1093, 1097, 1100, 1096, 1085]"
O06:Coculture:F06:Oxa,random,1,"[1081, 1084, 1102, 1085, 1099, 1094, 1097, 1103, 1090, 1091, 1096, 1082, 1087, 1100, 1093, 1088]"
O06:Coculture:F06:Oxa,random,2,"[1081, 1084, 1102, 1087, 1099, 1094, 1082, 1093, 1097, 1103, 1100, 1091, 1088, 1090, 1096, 1085]"
O06:Coculture:F06:Oxa,random,3,"[1081, 1084, 1102, 1097, 1103, 1087, 1100, 1082, 1085, 1090, 1094, 1093, 1099, 1091, 1088, 1096]"
O06:Coculture:F06:Oxa,random,4,"[1081, 1084, 1102, 1085, 1097, 1082, 1087, 1103, 1094, 1099, 1096, 1093, 1090, 1088, 1091, 1100]"
O06:Coculture:F06:Oxa,random,5,"[1081, 1084, 1102, 1097, 1085, 1088, 1103, 1094, 1087, 1099, 1090, 1093, 1082, 1100, 1091, 1096]"
O06:Coculture:F06:Oxa,random,6,"[1081, 1084, 1102, 1097, 1099, 1100, 1093, 1090, 1087, 1103, 1096, 1088, 1082, 1091, 1094, 1085]"
O06:Coculture:F06:Oxa,random,7,"[1081, 1084, 1102, 1093, 1096, 1082, 1094, 1090, 1085, 1099, 1088, 1103, 1087, 1091, 1097, 1100]"
O06:Coculture:F06:Oxa,random,8,"[1081, 1084, 1102, 1099, 1082, 1088, 1094, 1096, 1085, 1100, 1093, 1103, 1091, 1097, 1087, 1090]"
O06:Coculture:F06:Oxa,random,9,"[1081, 1084, 1102, 1087, 1097, 1093, 1094, 1100, 1099, 1088, 1091, 1103, 1096, 1090, 1082, 1085]"
O06:Coculture:F06:Oxa,random,10,"[1081, 1084, 1102, 1085, 1099, 1097, 1088, 1094, 1087, 1090, 1100, 1103, 1091, 1093, 1082, 1096]"
O06:Coculture:F06:Oxa,random,11,"[1081, 1084, 1102, 1087, 1100, 1096, 1085, 1093, 1097, 1090, 1091, 1103, 1088, 1099, 1094, 1082]"
O06:Coculture:F06:Oxa,random,12,"[1081, 1084, 1102, 1093, 1085, 1090, 1097, 1099, 1094, 1091, 1082, 1100, 1088, 1087, 1103, 1096]"
O06:Coculture:F06:Oxa,random,13,"[1081, 1084, 1102, 1093, 1085, 1091, 1082, 1090, 1094, 1087, 1096, 1088, 1099, 1100, 1097, 1103]"
O06:Coculture:F06:Oxa,random,14,"[1081, 1084, 1102, 1091, 1103, 1099, 1094, 1088, 1097, 1090, 1093, 1082, 1096, 1100, 1085, 1087]"
O06:Coculture:F06:Oxa,random,15,"[1081, 1084, 1102, 1091, 1088, 1096, 1082, 1093, 1094, 1087, 1099, 1100, 1103, 1090, 1097, 1085]"
O06:Coculture:F06:Oxa,random,16,"[1081, 1084, 1102, 1082, 1099, 1090, 1093, 1096, 1100, 1091, 1094, 1088, 1097, 1085, 1103, 1087]"
O06:Coculture:F06:Oxa,random,17,"[1081, 1084, 1102, 1103, 1093, 1097, 1090, 1100, 1094, 1096, 1085, 1082, 1099, 1087, 1091, 1088]"
O06:Coculture:F06:Oxa,random,18,"[1081, 1084, 1102, 1087, 1093, 1091, 1100, 1082, 1094, 1096, 1090, 1099, 1085, 1097, 1103, 1088]"
O06:Coculture:F06:Oxa,random,19,"[1081, 1084, 1102, 1097, 1096, 1094, 1090, 1082, 1099, 1091, 1087, 1103, 1085, 1088, 1100, 1093]"
O06:Coculture:F06:SN-38,space_filling,-1,"[1105, 1108, 1126, 1117, 1123, 1120, 1114, 1111, 1106, 1109, 1112, 1115, 1118, 1121, 1124, 1127]"
O06:Coculture:F06:SN-38,control_first_space,-1,"[1105, 1108, 1126, 1106, 1117, 1123, 1120, 1114, 1111, 1109, 1112, 1115, 1118, 1121, 1124, 1127]"
O06:Coculture:F06:SN-38,random,0,"[1105, 1108, 1126, 1123, 1111, 1118, 1114, 1115, 1127, 1106, 1112, 1117, 1121, 1124, 1120, 1109]"
O06:Coculture:F06:SN-38,random,1,"[1105, 1108, 1126, 1109, 1123, 1118, 1121, 1127, 1114, 1115, 1120, 1106, 1111, 1124, 1117, 1112]"
O06:Coculture:F06:SN-38,random,2,"[1105, 1108, 1126, 1111, 1123, 1118, 1106, 1117, 1121, 1127, 1124, 1115, 1112, 1114, 1120, 1109]"
O06:Coculture:F06:SN-38,random,3,"[1105, 1108, 1126, 1121, 1127, 1111, 1124, 1106, 1109, 1114, 1118, 1117, 1123, 1115, 1112, 1120]"
O06:Coculture:F06:SN-38,random,4,"[1105, 1108, 1126, 1109, 1121, 1106, 1111, 1127, 1118, 1123, 1120, 1117, 1114, 1112, 1115, 1124]"
O06:Coculture:F06:SN-38,random,5,"[1105, 1108, 1126, 1121, 1109, 1112, 1127, 1118, 1111, 1123, 1114, 1117, 1106, 1124, 1115, 1120]"
O06:Coculture:F06:SN-38,random,6,"[1105, 1108, 1126, 1121, 1123, 1124, 1117, 1114, 1111, 1127, 1120, 1112, 1106, 1115, 1118, 1109]"
O06:Coculture:F06:SN-38,random,7,"[1105, 1108, 1126, 1117, 1120, 1106, 1118, 1114, 1109, 1123, 1112, 1127, 1111, 1115, 1121, 1124]"
O06:Coculture:F06:SN-38,random,8,"[1105, 1108, 1126, 1123, 1106, 1112, 1118, 1120, 1109, 1124, 1117, 1127, 1115, 1121, 1111, 1114]"
O06:Coculture:F06:SN-38,random,9,"[1105, 1108, 1126, 1111, 1121, 1117, 1118, 1124, 1123, 1112, 1115, 1127, 1120, 1114, 1106, 1109]"
O06:Coculture:F06:SN-38,random,10,"[1105, 1108, 1126, 1109, 1123, 1121, 1112, 1118, 1111, 1114, 1124, 1127, 1115, 1117, 1106, 1120]"
O06:Coculture:F06:SN-38,random,11,"[1105, 1108, 1126, 1111, 1124, 1120, 1109, 1117, 1121, 1114, 1115, 1127, 1112, 1123, 1118, 1106]"
O06:Coculture:F06:SN-38,random,12,"[1105, 1108, 1126, 1117, 1109, 1114, 1121, 1123, 1118, 1115, 1106, 1124, 1112, 1111, 1127, 1120]"
O06:Coculture:F06:SN-38,random,13,"[1105, 1108, 1126, 1117, 1109, 1115, 1106, 1114, 1118, 1111, 1120, 1112, 1123, 1124, 1121, 1127]"
O06:Coculture:F06:SN-38,random,14,"[1105, 1108, 1126, 1115, 1127, 1123, 1118, 1112, 1121, 1114, 1117, 1106, 1120, 1124, 1109, 1111]"
O06:Coculture:F06:SN-38,random,15,"[1105, 1108, 1126, 1115, 1112, 1120, 1106, 1117, 1118, 1111, 1123, 1124, 1127, 1114, 1121, 1109]"
O06:Coculture:F06:SN-38,random,16,"[1105, 1108, 1126, 1106, 1123, 1114, 1117, 1120, 1124, 1115, 1118, 1112, 1121, 1109, 1127, 1111]"
O06:Coculture:F06:SN-38,random,17,"[1105, 1108, 1126, 1127, 1117, 1121, 1114, 1124, 1118, 1120, 1109, 1106, 1123, 1111, 1115, 1112]"
O06:Coculture:F06:SN-38,random,18,"[1105, 1108, 1126, 1111, 1117, 1115, 1124, 1106, 1118, 1120, 1114, 1123, 1109, 1121, 1127, 1112]"
O06:Coculture:F06:SN-38,random,19,"[1105, 1108, 1126, 1121, 1120, 1118, 1114, 1106, 1123, 1115, 1111, 1127, 1109, 1112, 1124, 1117]"
O06:Coculture:F11:5-FU,space_filling,-1,"[1153, 1156, 1174, 1165, 1171, 1168, 1162, 1159, 1154, 1157, 1160, 1163, 1166, 1169, 1172, 1175]"
O06:Coculture:F11:5-FU,control_first_space,-1,"[1153, 1156, 1174, 1154, 1165, 1171, 1168, 1162, 1159, 1157, 1160, 1163, 1166, 1169, 1172, 1175]"
O06:Coculture:F11:5-FU,random,0,"[1153, 1156, 1174, 1171, 1159, 1166, 1162, 1163, 1175, 1154, 1160, 1165, 1169, 1172, 1168, 1157]"
O06:Coculture:F11:5-FU,random,1,"[1153, 1156, 1174, 1157, 1171, 1166, 1169, 1175, 1162, 1163, 1168, 1154, 1159, 1172, 1165, 1160]"
O06:Coculture:F11:5-FU,random,2,"[1153, 1156, 1174, 1159, 1171, 1166, 1154, 1165, 1169, 1175, 1172, 1163, 1160, 1162, 1168, 1157]"
O06:Coculture:F11:5-FU,random,3,"[1153, 1156, 1174, 1169, 1175, 1159, 1172, 1154, 1157, 1162, 1166, 1165, 1171, 1163, 1160, 1168]"
O06:Coculture:F11:5-FU,random,4,"[1153, 1156, 1174, 1157, 1169, 1154, 1159, 1175, 1166, 1171, 1168, 1165, 1162, 1160, 1163, 1172]"
O06:Coculture:F11:5-FU,random,5,"[1153, 1156, 1174, 1169, 1157, 1160, 1175, 1166, 1159, 1171, 1162, 1165, 1154, 1172, 1163, 1168]"
O06:Coculture:F11:5-FU,random,6,"[1153, 1156, 1174, 1169, 1171, 1172, 1165, 1162, 1159, 1175, 1168, 1160, 1154, 1163, 1166, 1157]"
O06:Coculture:F11:5-FU,random,7,"[1153, 1156, 1174, 1165, 1168, 1154, 1166, 1162, 1157, 1171, 1160, 1175, 1159, 1163, 1169, 1172]"
O06:Coculture:F11:5-FU,random,8,"[1153, 1156, 1174, 1171, 1154, 1160, 1166, 1168, 1157, 1172, 1165, 1175, 1163, 1169, 1159, 1162]"
O06:Coculture:F11:5-FU,random,9,"[1153, 1156, 1174, 1159, 1169, 1165, 1166, 1172, 1171, 1160, 1163, 1175, 1168, 1162, 1154, 1157]"
O06:Coculture:F11:5-FU,random,10,"[1153, 1156, 1174, 1157, 1171, 1169, 1160, 1166, 1159, 1162, 1172, 1175, 1163, 1165, 1154, 1168]"
O06:Coculture:F11:5-FU,random,11,"[1153, 1156, 1174, 1159, 1172, 1168, 1157, 1165, 1169, 1162, 1163, 1175, 1160, 1171, 1166, 1154]"
O06:Coculture:F11:5-FU,random,12,"[1153, 1156, 1174, 1165, 1157, 1162, 1169, 1171, 1166, 1163, 1154, 1172, 1160, 1159, 1175, 1168]"
O06:Coculture:F11:5-FU,random,13,"[1153, 1156, 1174, 1165, 1157, 1163, 1154, 1162, 1166, 1159, 1168, 1160, 1171, 1172, 1169, 1175]"
O06:Coculture:F11:5-FU,random,14,"[1153, 1156, 1174, 1163, 1175, 1171, 1166, 1160, 1169, 1162, 1165, 1154, 1168, 1172, 1157, 1159]"
O06:Coculture:F11:5-FU,random,15,"[1153, 1156, 1174, 1163, 1160, 1168, 1154, 1165, 1166, 1159, 1171, 1172, 1175, 1162, 1169, 1157]"
O06:Coculture:F11:5-FU,random,16,"[1153, 1156, 1174, 1154, 1171, 1162, 1165, 1168, 1172, 1163, 1166, 1160, 1169, 1157, 1175, 1159]"
O06:Coculture:F11:5-FU,random,17,"[1153, 1156, 1174, 1175, 1165, 1169, 1162, 1172, 1166, 1168, 1157, 1154, 1171, 1159, 1163, 1160]"
O06:Coculture:F11:5-FU,random,18,"[1153, 1156, 1174, 1159, 1165, 1163, 1172, 1154, 1166, 1168, 1162, 1171, 1157, 1169, 1175, 1160]"
O06:Coculture:F11:5-FU,random,19,"[1153, 1156, 1174, 1169, 1168, 1166, 1162, 1154, 1171, 1163, 1159, 1175, 1157, 1160, 1172, 1165]"
O06:Coculture:F11:Oxa,space_filling,-1,"[1177, 1180, 1198, 1189, 1195, 1192, 1186, 1183, 1178, 1181, 1184, 1187, 1190, 1193, 1196, 1199]"
O06:Coculture:F11:Oxa,control_first_space,-1,"[1177, 1180, 1198, 1178, 1189, 1195, 1192, 1186, 1183, 1181, 1184, 1187, 1190, 1193, 1196, 1199]"
O06:Coculture:F11:Oxa,random,0,"[1177, 1180, 1198, 1195, 1183, 1190, 1186, 1187, 1199, 1178, 1184, 1189, 1193, 1196, 1192, 1181]"
O06:Coculture:F11:Oxa,random,1,"[1177, 1180, 1198, 1181, 1195, 1190, 1193, 1199, 1186, 1187, 1192, 1178, 1183, 1196, 1189, 1184]"
O06:Coculture:F11:Oxa,random,2,"[1177, 1180, 1198, 1183, 1195, 1190, 1178, 1189, 1193, 1199, 1196, 1187, 1184, 1186, 1192, 1181]"
O06:Coculture:F11:Oxa,random,3,"[1177, 1180, 1198, 1193, 1199, 1183, 1196, 1178, 1181, 1186, 1190, 1189, 1195, 1187, 1184, 1192]"
O06:Coculture:F11:Oxa,random,4,"[1177, 1180, 1198, 1181, 1193, 1178, 1183, 1199, 1190, 1195, 1192, 1189, 1186, 1184, 1187, 1196]"
O06:Coculture:F11:Oxa,random,5,"[1177, 1180, 1198, 1193, 1181, 1184, 1199, 1190, 1183, 1195, 1186, 1189, 1178, 1196, 1187, 1192]"
O06:Coculture:F11:Oxa,random,6,"[1177, 1180, 1198, 1193, 1195, 1196, 1189, 1186, 1183, 1199, 1192, 1184, 1178, 1187, 1190, 1181]"
O06:Coculture:F11:Oxa,random,7,"[1177, 1180, 1198, 1189, 1192, 1178, 1190, 1186, 1181, 1195, 1184, 1199, 1183, 1187, 1193, 1196]"
O06:Coculture:F11:Oxa,random,8,"[1177, 1180, 1198, 1195, 1178, 1184, 1190, 1192, 1181, 1196, 1189, 1199, 1187, 1193, 1183, 1186]"
O06:Coculture:F11:Oxa,random,9,"[1177, 1180, 1198, 1183, 1193, 1189, 1190, 1196, 1195, 1184, 1187, 1199, 1192, 1186, 1178, 1181]"
O06:Coculture:F11:Oxa,random,10,"[1177, 1180, 1198, 1181, 1195, 1193, 1184, 1190, 1183, 1186, 1196, 1199, 1187, 1189, 1178, 1192]"
O06:Coculture:F11:Oxa,random,11,"[1177, 1180, 1198, 1183, 1196, 1192, 1181, 1189, 1193, 1186, 1187, 1199, 1184, 1195, 1190, 1178]"
O06:Coculture:F11:Oxa,random,12,"[1177, 1180, 1198, 1189, 1181, 1186, 1193, 1195, 1190, 1187, 1178, 1196, 1184, 1183, 1199, 1192]"
O06:Coculture:F11:Oxa,random,13,"[1177, 1180, 1198, 1189, 1181, 1187, 1178, 1186, 1190, 1183, 1192, 1184, 1195, 1196, 1193, 1199]"
O06:Coculture:F11:Oxa,random,14,"[1177, 1180, 1198, 1187, 1199, 1195, 1190, 1184, 1193, 1186, 1189, 1178, 1192, 1196, 1181, 1183]"
O06:Coculture:F11:Oxa,random,15,"[1177, 1180, 1198, 1187, 1184, 1192, 1178, 1189, 1190, 1183, 1195, 1196, 1199, 1186, 1193, 1181]"
O06:Coculture:F11:Oxa,random,16,"[1177, 1180, 1198, 1178, 1195, 1186, 1189, 1192, 1196, 1187, 1190, 1184, 1193, 1181, 1199, 1183]"
O06:Coculture:F11:Oxa,random,17,"[1177, 1180, 1198, 1199, 1189, 1193, 1186, 1196, 1190, 1192, 1181, 1178, 1195, 1183, 1187, 1184]"
O06:Coculture:F11:Oxa,random,18,"[1177, 1180, 1198, 1183, 1189, 1187, 1196, 1178, 1190, 1192, 1186, 1195, 1181, 1193, 1199, 1184]"
O06:Coculture:F11:Oxa,random,19,"[1177, 1180, 1198, 1193, 1192, 1190, 1186, 1178, 1195, 1187, 1183, 1199, 1181, 1184, 1196, 1189]"
O06:Coculture:F14:Gef,space_filling,-1,"[1321, 1324, 1342, 1333, 1330, 1339, 1336, 1327, 1322, 1325, 1328, 1331, 1334, 1337, 1340, 1343]"
O06:Coculture:F14:Gef,control_first_space,-1,"[1321, 1324, 1342, 1322, 1333, 1330, 1339, 1336, 1327, 1325, 1328, 1331, 1334, 1337, 1340, 1343]"
O06:Coculture:F14:Gef,random,0,"[1321, 1324, 1342, 1339, 1327, 1334, 1330, 1331, 1343, 1322, 1328, 1333, 1337, 1340, 1336, 1325]"
O06:Coculture:F14:Gef,random,1,"[1321, 1324, 1342, 1325, 1339, 1334, 1337, 1343, 1330, 1331, 1336, 1322, 1327, 1340, 1333, 1328]"
O06:Coculture:F14:Gef,random,2,"[1321, 1324, 1342, 1327, 1339, 1334, 1322, 1333, 1337, 1343, 1340, 1331, 1328, 1330, 1336, 1325]"
O06:Coculture:F14:Gef,random,3,"[1321, 1324, 1342, 1337, 1343, 1327, 1340, 1322, 1325, 1330, 1334, 1333, 1339, 1331, 1328, 1336]"
O06:Coculture:F14:Gef,random,4,"[1321, 1324, 1342, 1325, 1337, 1322, 1327, 1343, 1334, 1339, 1336, 1333, 1330, 1328, 1331, 1340]"
O06:Coculture:F14:Gef,random,5,"[1321, 1324, 1342, 1337, 1325, 1328, 1343, 1334, 1327, 1339, 1330, 1333, 1322, 1340, 1331, 1336]"
O06:Coculture:F14:Gef,random,6,"[1321, 1324, 1342, 1337, 1339, 1340, 1333, 1330, 1327, 1343, 1336, 1328, 1322, 1331, 1334, 1325]"
O06:Coculture:F14:Gef,random,7,"[1321, 1324, 1342, 1333, 1336, 1322, 1334, 1330, 1325, 1339, 1328, 1343, 1327, 1331, 1337, 1340]"
O06:Coculture:F14:Gef,random,8,"[1321, 1324, 1342, 1339, 1322, 1328, 1334, 1336, 1325, 1340, 1333, 1343, 1331, 1337, 1327, 1330]"
O06:Coculture:F14:Gef,random,9,"[1321, 1324, 1342, 1327, 1337, 1333, 1334, 1340, 1339, 1328, 1331, 1343, 1336, 1330, 1322, 1325]"
O06:Coculture:F14:Gef,random,10,"[1321, 1324, 1342, 1325, 1339, 1337, 1328, 1334, 1327, 1330, 1340, 1343, 1331, 1333, 1322, 1336]"
O06:Coculture:F14:Gef,random,11,"[1321, 1324, 1342, 1327, 1340, 1336, 1325, 1333, 1337, 1330, 1331, 1343, 1328, 1339, 1334, 1322]"
O06:Coculture:F14:Gef,random,12,"[1321, 1324, 1342, 1333, 1325, 1330, 1337, 1339, 1334, 1331, 1322, 1340, 1328, 1327, 1343, 1336]"
O06:Coculture:F14:Gef,random,13,"[1321, 1324, 1342, 1333, 1325, 1331, 1322, 1330, 1334, 1327, 1336, 1328, 1339, 1340, 1337, 1343]"
O06:Coculture:F14:Gef,random,14,"[1321, 1324, 1342, 1331, 1343, 1339, 1334, 1328, 1337, 1330, 1333, 1322, 1336, 1340, 1325, 1327]"
O06:Coculture:F14:Gef,random,15,"[1321, 1324, 1342, 1331, 1328, 1336, 1322, 1333, 1334, 1327, 1339, 1340, 1343, 1330, 1337, 1325]"
O06:Coculture:F14:Gef,random,16,"[1321, 1324, 1342, 1322, 1339, 1330, 1333, 1336, 1340, 1331, 1334, 1328, 1337, 1325, 1343, 1327]"
O06:Coculture:F14:Gef,random,17,"[1321, 1324, 1342, 1343, 1333, 1337, 1330, 1340, 1334, 1336, 1325, 1322, 1339, 1327, 1331, 1328]"
O06:Coculture:F14:Gef,random,18,"[1321, 1324, 1342, 1327, 1333, 1331, 1340, 1322, 1334, 1336, 1330, 1339, 1325, 1337, 1343, 1328]"
O06:Coculture:F14:Gef,random,19,"[1321, 1324, 1342, 1337, 1336, 1334, 1330, 1322, 1339, 1331, 1327, 1343, 1325, 1328, 1340, 1333]"
O06:Coculture:F17:Gef,space_filling,-1,"[1417, 1420, 1438, 1429, 1426, 1435, 1432, 1423, 1418, 1421, 1424, 1427, 1430, 1433, 1436, 1439]"
O06:Coculture:F17:Gef,control_first_space,-1,"[1417, 1420, 1438, 1418, 1429, 1426, 1435, 1432, 1423, 1421, 1424, 1427, 1430, 1433, 1436, 1439]"
O06:Coculture:F17:Gef,random,0,"[1417, 1420, 1438, 1435, 1423, 1430, 1426, 1427, 1439, 1418, 1424, 1429, 1433, 1436, 1432, 1421]"
O06:Coculture:F17:Gef,random,1,"[1417, 1420, 1438, 1421, 1435, 1430, 1433, 1439, 1426, 1427, 1432, 1418, 1423, 1436, 1429, 1424]"
O06:Coculture:F17:Gef,random,2,"[1417, 1420, 1438, 1423, 1435, 1430, 1418, 1429, 1433, 1439, 1436, 1427, 1424, 1426, 1432, 1421]"
O06:Coculture:F17:Gef,random,3,"[1417, 1420, 1438, 1433, 1439, 1423, 1436, 1418, 1421, 1426, 1430, 1429, 1435, 1427, 1424, 1432]"
O06:Coculture:F17:Gef,random,4,"[1417, 1420, 1438, 1421, 1433, 1418, 1423, 1439, 1430, 1435, 1432, 1429, 1426, 1424, 1427, 1436]"
O06:Coculture:F17:Gef,random,5,"[1417, 1420, 1438, 1433, 1421, 1424, 1439, 1430, 1423, 1435, 1426, 1429, 1418, 1436, 1427, 1432]"
O06:Coculture:F17:Gef,random,6,"[1417, 1420, 1438, 1433, 1435, 1436, 1429, 1426, 1423, 1439, 1432, 1424, 1418, 1427, 1430, 1421]"
O06:Coculture:F17:Gef,random,7,"[1417, 1420, 1438, 1429, 1432, 1418, 1430, 1426, 1421, 1435, 1424, 1439, 1423, 1427, 1433, 1436]"
O06:Coculture:F17:Gef,random,8,"[1417, 1420, 1438, 1435, 1418, 1424, 1430, 1432, 1421, 1436, 1429, 1439, 1427, 1433, 1423, 1426]"
O06:Coculture:F17:Gef,random,9,"[1417, 1420, 1438, 1423, 1433, 1429, 1430, 1436, 1435, 1424, 1427, 1439, 1432, 1426, 1418, 1421]"
O06:Coculture:F17:Gef,random,10,"[1417, 1420, 1438, 1421, 1435, 1433, 1424, 1430, 1423, 1426, 1436, 1439, 1427, 1429, 1418, 1432]"
O06:Coculture:F17:Gef,random,11,"[1417, 1420, 1438, 1423, 1436, 1432, 1421, 1429, 1433, 1426, 1427, 1439, 1424, 1435, 1430, 1418]"
O06:Coculture:F17:Gef,random,12,"[1417, 1420, 1438, 1429, 1421, 1426, 1433, 1435, 1430, 1427, 1418, 1436, 1424, 1423, 1439, 1432]"
O06:Coculture:F17:Gef,random,13,"[1417, 1420, 1438, 1429, 1421, 1427, 1418, 1426, 1430, 1423, 1432, 1424, 1435, 1436, 1433, 1439]"
O06:Coculture:F17:Gef,random,14,"[1417, 1420, 1438, 1427, 1439, 1435, 1430, 1424, 1433, 1426, 1429, 1418, 1432, 1436, 1421, 1423]"
O06:Coculture:F17:Gef,random,15,"[1417, 1420, 1438, 1427, 1424, 1432, 1418, 1429, 1430, 1423, 1435, 1436, 1439, 1426, 1433, 1421]"
O06:Coculture:F17:Gef,random,16,"[1417, 1420, 1438, 1418, 1435, 1426, 1429, 1432, 1436, 1427, 1430, 1424, 1433, 1421, 1439, 1423]"
O06:Coculture:F17:Gef,random,17,"[1417, 1420, 1438, 1439, 1429, 1433, 1426, 1436, 1430, 1432, 1421, 1418, 1435, 1423, 1427, 1424]"
O06:Coculture:F17:Gef,random,18,"[1417, 1420, 1438, 1423, 1429, 1427, 1436, 1418, 1430, 1432, 1426, 1435, 1421, 1433, 1439, 1424]"
O06:Coculture:F17:Gef,random,19,"[1417, 1420, 1438, 1433, 1432, 1430, 1426, 1418, 1435, 1427, 1423, 1439, 1421, 1424, 1436, 1429]"
O06:Coculture:F17:Oxa,space_filling,-1,"[1369, 1372, 1390, 1381, 1387, 1384, 1378, 1375, 1370, 1373, 1376, 1379, 1382, 1385, 1388, 1391]"
O06:Coculture:F17:Oxa,control_first_space,-1,"[1369, 1372, 1390, 1370, 1381, 1387, 1384, 1378, 1375, 1373, 1376, 1379, 1382, 1385, 1388, 1391]"
O06:Coculture:F17:Oxa,random,0,"[1369, 1372, 1390, 1387, 1375, 1382, 1378, 1379, 1391, 1370, 1376, 1381, 1385, 1388, 1384, 1373]"
O06:Coculture:F17:Oxa,random,1,"[1369, 1372, 1390, 1373, 1387, 1382, 1385, 1391, 1378, 1379, 1384, 1370, 1375, 1388, 1381, 1376]"
O06:Coculture:F17:Oxa,random,2,"[1369, 1372, 1390, 1375, 1387, 1382, 1370, 1381, 1385, 1391, 1388, 1379, 1376, 1378, 1384, 1373]"
O06:Coculture:F17:Oxa,random,3,"[1369, 1372, 1390, 1385, 1391, 1375, 1388, 1370, 1373, 1378, 1382, 1381, 1387, 1379, 1376, 1384]"
O06:Coculture:F17:Oxa,random,4,"[1369, 1372, 1390, 1373, 1385, 1370, 1375, 1391, 1382, 1387, 1384, 1381, 1378, 1376, 1379, 1388]"
O06:Coculture:F17:Oxa,random,5,"[1369, 1372, 1390, 1385, 1373, 1376, 1391, 1382, 1375, 1387, 1378, 1381, 1370, 1388, 1379, 1384]"
O06:Coculture:F17:Oxa,random,6,"[1369, 1372, 1390, 1385, 1387, 1388, 1381, 1378, 1375, 1391, 1384, 1376, 1370, 1379, 1382, 1373]"
O06:Coculture:F17:Oxa,random,7,"[1369, 1372, 1390, 1381, 1384, 1370, 1382, 1378, 1373, 1387, 1376, 1391, 1375, 1379, 1385, 1388]"
O06:Coculture:F17:Oxa,random,8,"[1369, 1372, 1390, 1387, 1370, 1376, 1382, 1384, 1373, 1388, 1381, 1391, 1379, 1385, 1375, 1378]"
O06:Coculture:F17:Oxa,random,9,"[1369, 1372, 1390, 1375, 1385, 1381, 1382, 1388, 1387, 1376, 1379, 1391, 1384, 1378, 1370, 1373]"
O06:Coculture:F17:Oxa,random,10,"[1369, 1372, 1390, 1373, 1387, 1385, 1376, 1382, 1375, 1378, 1388, 1391, 1379, 1381, 1370, 1384]"
O06:Coculture:F17:Oxa,random,11,"[1369, 1372, 1390, 1375, 1388, 1384, 1373, 1381, 1385, 1378, 1379, 1391, 1376, 1387, 1382, 1370]"
O06:Coculture:F17:Oxa,random,12,"[1369, 1372, 1390, 1381, 1373, 1378, 1385, 1387, 1382, 1379, 1370, 1388, 1376, 1375, 1391, 1384]"
O06:Coculture:F17:Oxa,random,13,"[1369, 1372, 1390, 1381, 1373, 1379, 1370, 1378, 1382, 1375, 1384, 1376, 1387, 1388, 1385, 1391]"
O06:Coculture:F17:Oxa,random,14,"[1369, 1372, 1390, 1379, 1391, 1387, 1382, 1376, 1385, 1378, 1381, 1370, 1384, 1388, 1373, 1375]"
O06:Coculture:F17:Oxa,random,15,"[1369, 1372, 1390, 1379, 1376, 1384, 1370, 1381, 1382, 1375, 1387, 1388, 1391, 1378, 1385, 1373]"
O06:Coculture:F17:Oxa,random,16,"[1369, 1372, 1390, 1370, 1387, 1378, 1381, 1384, 1388, 1379, 1382, 1376, 1385, 1373, 1391, 1375]"
O06:Coculture:F17:Oxa,random,17,"[1369, 1372, 1390, 1391, 1381, 1385, 1378, 1388, 1382, 1384, 1373, 1370, 1387, 1375, 1379, 1376]"
O06:Coculture:F17:Oxa,random,18,"[1369, 1372, 1390, 1375, 1381, 1379, 1388, 1370, 1382, 1384, 1378, 1387, 1373, 1385, 1391, 1376]"
O06:Coculture:F17:Oxa,random,19,"[1369, 1372, 1390, 1385, 1384, 1382, 1378, 1370, 1387, 1379, 1375, 1391, 1373, 1376, 1388, 1381]"
O06:Coculture:F17:SN-38,space_filling,-1,"[1393, 1396, 1414, 1405, 1411, 1408, 1402, 1399, 1394, 1397, 1400, 1403, 1406, 1409, 1412, 1415]"
O06:Coculture:F17:SN-38,control_first_space,-1,"[1393, 1396, 1414, 1394, 1405, 1411, 1408, 1402, 1399, 1397, 1400, 1403, 1406, 1409, 1412, 1415]"
O06:Coculture:F17:SN-38,random,0,"[1393, 1396, 1414, 1411, 1399, 1406, 1402, 1403, 1415, 1394, 1400, 1405, 1409, 1412, 1408, 1397]"
O06:Coculture:F17:SN-38,random,1,"[1393, 1396, 1414, 1397, 1411, 1406, 1409, 1415, 1402, 1403, 1408, 1394, 1399, 1412, 1405, 1400]"
O06:Coculture:F17:SN-38,random,2,"[1393, 1396, 1414, 1399, 1411, 1406, 1394, 1405, 1409, 1415, 1412, 1403, 1400, 1402, 1408, 1397]"
O06:Coculture:F17:SN-38,random,3,"[1393, 1396, 1414, 1409, 1415, 1399, 1412, 1394, 1397, 1402, 1406, 1405, 1411, 1403, 1400, 1408]"
O06:Coculture:F17:SN-38,random,4,"[1393, 1396, 1414, 1397, 1409, 1394, 1399, 1415, 1406, 1411, 1408, 1405, 1402, 1400, 1403, 1412]"
O06:Coculture:F17:SN-38,random,5,"[1393, 1396, 1414, 1409, 1397, 1400, 1415, 1406, 1399, 1411, 1402, 1405, 1394, 1412, 1403, 1408]"
O06:Coculture:F17:SN-38,random,6,"[1393, 1396, 1414, 1409, 1411, 1412, 1405, 1402, 1399, 1415, 1408, 1400, 1394, 1403, 1406, 1397]"
O06:Coculture:F17:SN-38,random,7,"[1393, 1396, 1414, 1405, 1408, 1394, 1406, 1402, 1397, 1411, 1400, 1415, 1399, 1403, 1409, 1412]"
O06:Coculture:F17:SN-38,random,8,"[1393, 1396, 1414, 1411, 1394, 1400, 1406, 1408, 1397, 1412, 1405, 1415, 1403, 1409, 1399, 1402]"
O06:Coculture:F17:SN-38,random,9,"[1393, 1396, 1414, 1399, 1409, 1405, 1406, 1412, 1411, 1400, 1403, 1415, 1408, 1402, 1394, 1397]"
O06:Coculture:F17:SN-38,random,10,"[1393, 1396, 1414, 1397, 1411, 1409, 1400, 1406, 1399, 1402, 1412, 1415, 1403, 1405, 1394, 1408]"
O06:Coculture:F17:SN-38,random,11,"[1393, 1396, 1414, 1399, 1412, 1408, 1397, 1405, 1409, 1402, 1403, 1415, 1400, 1411, 1406, 1394]"
O06:Coculture:F17:SN-38,random,12,"[1393, 1396, 1414, 1405, 1397, 1402, 1409, 1411, 1406, 1403, 1394, 1412, 1400, 1399, 1415, 1408]"
O06:Coculture:F17:SN-38,random,13,"[1393, 1396, 1414, 1405, 1397, 1403, 1394, 1402, 1406, 1399, 1408, 1400, 1411, 1412, 1409, 1415]"
O06:Coculture:F17:SN-38,random,14,"[1393, 1396, 1414, 1403, 1415, 1411, 1406, 1400, 1409, 1402, 1405, 1394, 1408, 1412, 1397, 1399]"
O06:Coculture:F17:SN-38,random,15,"[1393, 1396, 1414, 1403, 1400, 1408, 1394, 1405, 1406, 1399, 1411, 1412, 1415, 1402, 1409, 1397]"
O06:Coculture:F17:SN-38,random,16,"[1393, 1396, 1414, 1394, 1411, 1402, 1405, 1408, 1412, 1403, 1406, 1400, 1409, 1397, 1415, 1399]"
O06:Coculture:F17:SN-38,random,17,"[1393, 1396, 1414, 1415, 1405, 1409, 1402, 1412, 1406, 1408, 1397, 1394, 1411, 1399, 1403, 1400]"
O06:Coculture:F17:SN-38,random,18,"[1393, 1396, 1414, 1399, 1405, 1403, 1412, 1394, 1406, 1408, 1402, 1411, 1397, 1409, 1415, 1400]"
O06:Coculture:F17:SN-38,random,19,"[1393, 1396, 1414, 1409, 1408, 1406, 1402, 1394, 1411, 1403, 1399, 1415, 1397, 1400, 1412, 1405]"
O06:Monoculture::5-FU,space_filling,-1,"[961, 964, 982, 973, 979, 976, 970, 967, 962, 965, 968, 971, 974, 977, 980, 983]"
O06:Monoculture::5-FU,control_first_space,-1,"[961, 964, 982, 962, 973, 979, 976, 970, 967, 965, 968, 971, 974, 977, 980, 983]"
O06:Monoculture::5-FU,random,0,"[961, 964, 982, 979, 967, 974, 970, 971, 983, 962, 968, 973, 977, 980, 976, 965]"
O06:Monoculture::5-FU,random,1,"[961, 964, 982, 965, 979, 974, 977, 983, 970, 971, 976, 962, 967, 980, 973, 968]"
O06:Monoculture::5-FU,random,2,"[961, 964, 982, 967, 979, 974, 962, 973, 977, 983, 980, 971, 968, 970, 976, 965]"
O06:Monoculture::5-FU,random,3,"[961, 964, 982, 977, 983, 967, 980, 962, 965, 970, 974, 973, 979, 971, 968, 976]"
O06:Monoculture::5-FU,random,4,"[961, 964, 982, 965, 977, 962, 967, 983, 974, 979, 976, 973, 970, 968, 971, 980]"
O06:Monoculture::5-FU,random,5,"[961, 964, 982, 977, 965, 968, 983, 974, 967, 979, 970, 973, 962, 980, 971, 976]"
O06:Monoculture::5-FU,random,6,"[961, 964, 982, 977, 979, 980, 973, 970, 967, 983, 976, 968, 962, 971, 974, 965]"
O06:Monoculture::5-FU,random,7,"[961, 964, 982, 973, 976, 962, 974, 970, 965, 979, 968, 983, 967, 971, 977, 980]"
O06:Monoculture::5-FU,random,8,"[961, 964, 982, 979, 962, 968, 974, 976, 965, 980, 973, 983, 971, 977, 967, 970]"
O06:Monoculture::5-FU,random,9,"[961, 964, 982, 967, 977, 973, 974, 980, 979, 968, 971, 983, 976, 970, 962, 965]"
O06:Monoculture::5-FU,random,10,"[961, 964, 982, 965, 979, 977, 968, 974, 967, 970, 980, 983, 971, 973, 962, 976]"
O06:Monoculture::5-FU,random,11,"[961, 964, 982, 967, 980, 976, 965, 973, 977, 970, 971, 983, 968, 979, 974, 962]"
O06:Monoculture::5-FU,random,12,"[961, 964, 982, 973, 965, 970, 977, 979, 974, 971, 962, 980, 968, 967, 983, 976]"
O06:Monoculture::5-FU,random,13,"[961, 964, 982, 973, 965, 971, 962, 970, 974, 967, 976, 968, 979, 980, 977, 983]"
O06:Monoculture::5-FU,random,14,"[961, 964, 982, 971, 983, 979, 974, 968, 977, 970, 973, 962, 976, 980, 965, 967]"
O06:Monoculture::5-FU,random,15,"[961, 964, 982, 971, 968, 976, 962, 973, 974, 967, 979, 980, 983, 970, 977, 965]"
O06:Monoculture::5-FU,random,16,"[961, 964, 982, 962, 979, 970, 973, 976, 980, 971, 974, 968, 977, 965, 983, 967]"
O06:Monoculture::5-FU,random,17,"[961, 964, 982, 983, 973, 977, 970, 980, 974, 976, 965, 962, 979, 967, 971, 968]"
O06:Monoculture::5-FU,random,18,"[961, 964, 982, 967, 973, 971, 980, 962, 974, 976, 970, 979, 965, 977, 983, 968]"
O06:Monoculture::5-FU,random,19,"[961, 964, 982, 977, 976, 974, 970, 962, 979, 971, 967, 983, 965, 968, 980, 973]"
O06:Monoculture::Oxa,space_filling,-1,"[985, 988, 1006, 997, 1003, 1000, 994, 991, 986, 989, 992, 995, 998, 1001, 1004, 1007]"
O06:Monoculture::Oxa,control_first_space,-1,"[985, 988, 1006, 986, 997, 1003, 1000, 994, 991, 989, 992, 995, 998, 1001, 1004, 1007]"
O06:Monoculture::Oxa,random,0,"[985, 988, 1006, 1003, 991, 998, 994, 995, 1007, 986, 992, 997, 1001, 1004, 1000, 989]"
O06:Monoculture::Oxa,random,1,"[985, 988, 1006, 989, 1003, 998, 1001, 1007, 994, 995, 1000, 986, 991, 1004, 997, 992]"
O06:Monoculture::Oxa,random,2,"[985, 988, 1006, 991, 1003, 998, 986, 997, 1001, 1007, 1004, 995, 992, 994, 1000, 989]"
O06:Monoculture::Oxa,random,3,"[985, 988, 1006, 1001, 1007, 991, 1004, 986, 989, 994, 998, 997, 1003, 995, 992, 1000]"
O06:Monoculture::Oxa,random,4,"[985, 988, 1006, 989, 1001, 986, 991, 1007, 998, 1003, 1000, 997, 994, 992, 995, 1004]"
O06:Monoculture::Oxa,random,5,"[985, 988, 1006, 1001, 989, 992, 1007, 998, 991, 1003, 994, 997, 986, 1004, 995, 1000]"
O06:Monoculture::Oxa,random,6,"[985, 988, 1006, 1001, 1003, 1004, 997, 994, 991, 1007, 1000, 992, 986, 995, 998, 989]"
O06:Monoculture::Oxa,random,7,"[985, 988, 1006, 997, 1000, 986, 998, 994, 989, 1003, 992, 1007, 991, 995, 1001, 1004]"
O06:Monoculture::Oxa,random,8,"[985, 988, 1006, 1003, 986, 992, 998, 1000, 989, 1004, 997, 1007, 995, 1001, 991, 994]"
O06:Monoculture::Oxa,random,9,"[985, 988, 1006, 991, 1001, 997, 998, 1004, 1003, 992, 995, 1007, 1000, 994, 986, 989]"
O06:Monoculture::Oxa,random,10,"[985, 988, 1006, 989, 1003, 1001, 992, 998, 991, 994, 1004, 1007, 995, 997, 986, 1000]"
O06:Monoculture::Oxa,random,11,"[985, 988, 1006, 991, 1004, 1000, 989, 997, 1001, 994, 995, 1007, 992, 1003, 998, 986]"
O06:Monoculture::Oxa,random,12,"[985, 988, 1006, 997, 989, 994, 1001, 1003, 998, 995, 986, 1004, 992, 991, 1007, 1000]"
O06:Monoculture::Oxa,random,13,"[985, 988, 1006, 997, 989, 995, 986, 994, 998, 991, 1000, 992, 1003, 1004, 1001, 1007]"
O06:Monoculture::Oxa,random,14,"[985, 988, 1006, 995, 1007, 1003, 998, 992, 1001, 994, 997, 986, 1000, 1004, 989, 991]"
O06:Monoculture::Oxa,random,15,"[985, 988, 1006, 995, 992, 1000, 986, 997, 998, 991, 1003, 1004, 1007, 994, 1001, 989]"
O06:Monoculture::Oxa,random,16,"[985, 988, 1006, 986, 1003, 994, 997, 1000, 1004, 995, 998, 992, 1001, 989, 1007, 991]"
O06:Monoculture::Oxa,random,17,"[985, 988, 1006, 1007, 997, 1001, 994, 1004, 998, 1000, 989, 986, 1003, 991, 995, 992]"
O06:Monoculture::Oxa,random,18,"[985, 988, 1006, 991, 997, 995, 1004, 986, 998, 1000, 994, 1003, 989, 1001, 1007, 992]"
O06:Monoculture::Oxa,random,19,"[985, 988, 1006, 1001, 1000, 998, 994, 986, 1003, 995, 991, 1007, 989, 992, 1004, 997]"
O07:Coculture:F07:5-FU,space_filling,-1,"[1537, 1540, 1558, 1549, 1555, 1552, 1546, 1543, 1538, 1541, 1544, 1547, 1550, 1553, 1556, 1559]"
O07:Coculture:F07:5-FU,control_first_space,-1,"[1537, 1540, 1558, 1538, 1549, 1555, 1552, 1546, 1543, 1541, 1544, 1547, 1550, 1553, 1556, 1559]"
O07:Coculture:F07:5-FU,random,0,"[1537, 1540, 1558, 1555, 1543, 1550, 1546, 1547, 1559, 1538, 1544, 1549, 1553, 1556, 1552, 1541]"
O07:Coculture:F07:5-FU,random,1,"[1537, 1540, 1558, 1541, 1555, 1550, 1553, 1559, 1546, 1547, 1552, 1538, 1543, 1556, 1549, 1544]"
O07:Coculture:F07:5-FU,random,2,"[1537, 1540, 1558, 1543, 1555, 1550, 1538, 1549, 1553, 1559, 1556, 1547, 1544, 1546, 1552, 1541]"
O07:Coculture:F07:5-FU,random,3,"[1537, 1540, 1558, 1553, 1559, 1543, 1556, 1538, 1541, 1546, 1550, 1549, 1555, 1547, 1544, 1552]"
O07:Coculture:F07:5-FU,random,4,"[1537, 1540, 1558, 1541, 1553, 1538, 1543, 1559, 1550, 1555, 1552, 1549, 1546, 1544, 1547, 1556]"
O07:Coculture:F07:5-FU,random,5,"[1537, 1540, 1558, 1553, 1541, 1544, 1559, 1550, 1543, 1555, 1546, 1549, 1538, 1556, 1547, 1552]"
O07:Coculture:F07:5-FU,random,6,"[1537, 1540, 1558, 1553, 1555, 1556, 1549, 1546, 1543, 1559, 1552, 1544, 1538, 1547, 1550, 1541]"
O07:Coculture:F07:5-FU,random,7,"[1537, 1540, 1558, 1549, 1552, 1538, 1550, 1546, 1541, 1555, 1544, 1559, 1543, 1547, 1553, 1556]"
O07:Coculture:F07:5-FU,random,8,"[1537, 1540, 1558, 1555, 1538, 1544, 1550, 1552, 1541, 1556, 1549, 1559, 1547, 1553, 1543, 1546]"
O07:Coculture:F07:5-FU,random,9,"[1537, 1540, 1558, 1543, 1553, 1549, 1550, 1556, 1555, 1544, 1547, 1559, 1552, 1546, 1538, 1541]"
O07:Coculture:F07:5-FU,random,10,"[1537, 1540, 1558, 1541, 1555, 1553, 1544, 1550, 1543, 1546, 1556, 1559, 1547, 1549, 1538, 1552]"
O07:Coculture:F07:5-FU,random,11,"[1537, 1540, 1558, 1543, 1556, 1552, 1541, 1549, 1553, 1546, 1547, 1559, 1544, 1555, 1550, 1538]"
O07:Coculture:F07:5-FU,random,12,"[1537, 1540, 1558, 1549, 1541, 1546, 1553, 1555, 1550, 1547, 1538, 1556, 1544, 1543, 1559, 1552]"
O07:Coculture:F07:5-FU,random,13,"[1537, 1540, 1558, 1549, 1541, 1547, 1538, 1546, 1550, 1543, 1552, 1544, 1555, 1556, 1553, 1559]"
O07:Coculture:F07:5-FU,random,14,"[1537, 1540, 1558, 1547, 1559, 1555, 1550, 1544, 1553, 1546, 1549, 1538, 1552, 1556, 1541, 1543]"
O07:Coculture:F07:5-FU,random,15,"[1537, 1540, 1558, 1547, 1544, 1552, 1538, 1549, 1550, 1543, 1555, 1556, 1559, 1546, 1553, 1541]"
O07:Coculture:F07:5-FU,random,16,"[1537, 1540, 1558, 1538, 1555, 1546, 1549, 1552, 1556, 1547, 1550, 1544, 1553, 1541, 1559, 1543]"
O07:Coculture:F07:5-FU,random,17,"[1537, 1540, 1558, 1559, 1549, 1553, 1546, 1556, 1550, 1552, 1541, 1538, 1555, 1543, 1547, 1544]"
O07:Coculture:F07:5-FU,random,18,"[1537, 1540, 1558, 1543, 1549, 1547, 1556, 1538, 1550, 1552, 1546, 1555, 1541, 1553, 1559, 1544]"
O07:Coculture:F07:5-FU,random,19,"[1537, 1540, 1558, 1553, 1552, 1550, 1546, 1538, 1555, 1547, 1543, 1559, 1541, 1544, 1556, 1549]"
O07:Coculture:F07:Oxa,space_filling,-1,"[1561, 1564, 1582, 1573, 1579, 1576, 1570, 1567, 1562, 1565, 1568, 1571, 1574, 1577, 1580, 1583]"
O07:Coculture:F07:Oxa,control_first_space,-1,"[1561, 1564, 1582, 1562, 1573, 1579, 1576, 1570, 1567, 1565, 1568, 1571, 1574, 1577, 1580, 1583]"
O07:Coculture:F07:Oxa,random,0,"[1561, 1564, 1582, 1579, 1567, 1574, 1570, 1571, 1583, 1562, 1568, 1573, 1577, 1580, 1576, 1565]"
O07:Coculture:F07:Oxa,random,1,"[1561, 1564, 1582, 1565, 1579, 1574, 1577, 1583, 1570, 1571, 1576, 1562, 1567, 1580, 1573, 1568]"
O07:Coculture:F07:Oxa,random,2,"[1561, 1564, 1582, 1567, 1579, 1574, 1562, 1573, 1577, 1583, 1580, 1571, 1568, 1570, 1576, 1565]"
O07:Coculture:F07:Oxa,random,3,"[1561, 1564, 1582, 1577, 1583, 1567, 1580, 1562, 1565, 1570, 1574, 1573, 1579, 1571, 1568, 1576]"
O07:Coculture:F07:Oxa,random,4,"[1561, 1564, 1582, 1565, 1577, 1562, 1567, 1583, 1574, 1579, 1576, 1573, 1570, 1568, 1571, 1580]"
O07:Coculture:F07:Oxa,random,5,"[1561, 1564, 1582, 1577, 1565, 1568, 1583, 1574, 1567, 1579, 1570, 1573, 1562, 1580, 1571, 1576]"
O07:Coculture:F07:Oxa,random,6,"[1561, 1564, 1582, 1577, 1579, 1580, 1573, 1570, 1567, 1583, 1576, 1568, 1562, 1571, 1574, 1565]"
O07:Coculture:F07:Oxa,random,7,"[1561, 1564, 1582, 1573, 1576, 1562, 1574, 1570, 1565, 1579, 1568, 1583, 1567, 1571, 1577, 1580]"
O07:Coculture:F07:Oxa,random,8,"[1561, 1564, 1582, 1579, 1562, 1568, 1574, 1576, 1565, 1580, 1573, 1583, 1571, 1577, 1567, 1570]"
O07:Coculture:F07:Oxa,random,9,"[1561, 1564, 1582, 1567, 1577, 1573, 1574, 1580, 1579, 1568, 1571, 1583, 1576, 1570, 1562, 1565]"
O07:Coculture:F07:Oxa,random,10,"[1561, 1564, 1582, 1565, 1579, 1577, 1568, 1574, 1567, 1570, 1580, 1583, 1571, 1573, 1562, 1576]"
O07:Coculture:F07:Oxa,random,11,"[1561, 1564, 1582, 1567, 1580, 1576, 1565, 1573, 1577, 1570, 1571, 1583, 1568, 1579, 1574, 1562]"
O07:Coculture:F07:Oxa,random,12,"[1561, 1564, 1582, 1573, 1565, 1570, 1577, 1579, 1574, 1571, 1562, 1580, 1568, 1567, 1583, 1576]"
O07:Coculture:F07:Oxa,random,13,"[1561, 1564, 1582, 1573, 1565, 1571, 1562, 1570, 1574, 1567, 1576, 1568, 1579, 1580, 1577, 1583]"
O07:Coculture:F07:Oxa,random,14,"[1561, 1564, 1582, 1571, 1583, 1579, 1574, 1568, 1577, 1570, 1573, 1562, 1576, 1580, 1565, 1567]"
O07:Coculture:F07:Oxa,random,15,"[1561, 1564, 1582, 1571, 1568, 1576, 1562, 1573, 1574, 1567, 1579, 1580, 1583, 1570, 1577, 1565]"
O07:Coculture:F07:Oxa,random,16,"[1561, 1564, 1582, 1562, 1579, 1570, 1573, 1576, 1580, 1571, 1574, 1568, 1577, 1565, 1583, 1567]"
O07:Coculture:F07:Oxa,random,17,"[1561, 1564, 1582, 1583, 1573, 1577, 1570, 1580, 1574, 1576, 1565, 1562, 1579, 1567, 1571, 1568]"
O07:Coculture:F07:Oxa,random,18,"[1561, 1564, 1582, 1567, 1573, 1571, 1580, 1562, 1574, 1576, 1570, 1579, 1565, 1577, 1583, 1568]"
O07:Coculture:F07:Oxa,random,19,"[1561, 1564, 1582, 1577, 1576, 1574, 1570, 1562, 1579, 1571, 1567, 1583, 1565, 1568, 1580, 1573]"
O07:Coculture:F07:SN-38,space_filling,-1,"[1585, 1588, 1606, 1597, 1603, 1600, 1594, 1591, 1586, 1589, 1592, 1595, 1598, 1601, 1604, 1607]"
O07:Coculture:F07:SN-38,control_first_space,-1,"[1585, 1588, 1606, 1586, 1597, 1603, 1600, 1594, 1591, 1589, 1592, 1595, 1598, 1601, 1604, 1607]"
O07:Coculture:F07:SN-38,random,0,"[1585, 1588, 1606, 1603, 1591, 1598, 1594, 1595, 1607, 1586, 1592, 1597, 1601, 1604, 1600, 1589]"
O07:Coculture:F07:SN-38,random,1,"[1585, 1588, 1606, 1589, 1603, 1598, 1601, 1607, 1594, 1595, 1600, 1586, 1591, 1604, 1597, 1592]"
O07:Coculture:F07:SN-38,random,2,"[1585, 1588, 1606, 1591, 1603, 1598, 1586, 1597, 1601, 1607, 1604, 1595, 1592, 1594, 1600, 1589]"
O07:Coculture:F07:SN-38,random,3,"[1585, 1588, 1606, 1601, 1607, 1591, 1604, 1586, 1589, 1594, 1598, 1597, 1603, 1595, 1592, 1600]"
O07:Coculture:F07:SN-38,random,4,"[1585, 1588, 1606, 1589, 1601, 1586, 1591, 1607, 1598, 1603, 1600, 1597, 1594, 1592, 1595, 1604]"
O07:Coculture:F07:SN-38,random,5,"[1585, 1588, 1606, 1601, 1589, 1592, 1607, 1598, 1591, 1603, 1594, 1597, 1586, 1604, 1595, 1600]"
O07:Coculture:F07:SN-38,random,6,"[1585, 1588, 1606, 1601, 1603, 1604, 1597, 1594, 1591, 1607, 1600, 1592, 1586, 1595, 1598, 1589]"
O07:Coculture:F07:SN-38,random,7,"[1585, 1588, 1606, 1597, 1600, 1586, 1598, 1594, 1589, 1603, 1592, 1607, 1591, 1595, 1601, 1604]"
O07:Coculture:F07:SN-38,random,8,"[1585, 1588, 1606, 1603, 1586, 1592, 1598, 1600, 1589, 1604, 1597, 1607, 1595, 1601, 1591, 1594]"
O07:Coculture:F07:SN-38,random,9,"[1585, 1588, 1606, 1591, 1601, 1597, 1598, 1604, 1603, 1592, 1595, 1607, 1600, 1594, 1586, 1589]"
O07:Coculture:F07:SN-38,random,10,"[1585, 1588, 1606, 1589, 1603, 1601, 1592, 1598, 1591, 1594, 1604, 1607, 1595, 1597, 1586, 1600]"
O07:Coculture:F07:SN-38,random,11,"[1585, 1588, 1606, 1591, 1604, 1600, 1589, 1597, 1601, 1594, 1595, 1607, 1592, 1603, 1598, 1586]"
O07:Coculture:F07:SN-38,random,12,"[1585, 1588, 1606, 1597, 1589, 1594, 1601, 1603, 1598, 1595, 1586, 1604, 1592, 1591, 1607, 1600]"
O07:Coculture:F07:SN-38,random,13,"[1585, 1588, 1606, 1597, 1589, 1595, 1586, 1594, 1598, 1591, 1600, 1592, 1603, 1604, 1601, 1607]"
O07:Coculture:F07:SN-38,random,14,"[1585, 1588, 1606, 1595, 1607, 1603, 1598, 1592, 1601, 1594, 1597, 1586, 1600, 1604, 1589, 1591]"
O07:Coculture:F07:SN-38,random,15,"[1585, 1588, 1606, 1595, 1592, 1600, 1586, 1597, 1598, 1591, 1603, 1604, 1607, 1594, 1601, 1589]"
O07:Coculture:F07:SN-38,random,16,"[1585, 1588, 1606, 1586, 1603, 1594, 1597, 1600, 1604, 1595, 1598, 1592, 1601, 1589, 1607, 1591]"
O07:Coculture:F07:SN-38,random,17,"[1585, 1588, 1606, 1607, 1597, 1601, 1594, 1604, 1598, 1600, 1589, 1586, 1603, 1591, 1595, 1592]"
O07:Coculture:F07:SN-38,random,18,"[1585, 1588, 1606, 1591, 1597, 1595, 1604, 1586, 1598, 1600, 1594, 1603, 1589, 1601, 1607, 1592]"
O07:Coculture:F07:SN-38,random,19,"[1585, 1588, 1606, 1601, 1600, 1598, 1594, 1586, 1603, 1595, 1591, 1607, 1589, 1592, 1604, 1597]"
O07:Monoculture::5-FU,space_filling,-1,"[1441, 1444, 1462, 1453, 1459, 1456, 1450, 1447, 1442, 1445, 1448, 1451, 1454, 1457, 1460, 1463]"
O07:Monoculture::5-FU,control_first_space,-1,"[1441, 1444, 1462, 1442, 1453, 1459, 1456, 1450, 1447, 1445, 1448, 1451, 1454, 1457, 1460, 1463]"
O07:Monoculture::5-FU,random,0,"[1441, 1444, 1462, 1459, 1447, 1454, 1450, 1451, 1463, 1442, 1448, 1453, 1457, 1460, 1456, 1445]"
O07:Monoculture::5-FU,random,1,"[1441, 1444, 1462, 1445, 1459, 1454, 1457, 1463, 1450, 1451, 1456, 1442, 1447, 1460, 1453, 1448]"
O07:Monoculture::5-FU,random,2,"[1441, 1444, 1462, 1447, 1459, 1454, 1442, 1453, 1457, 1463, 1460, 1451, 1448, 1450, 1456, 1445]"
O07:Monoculture::5-FU,random,3,"[1441, 1444, 1462, 1457, 1463, 1447, 1460, 1442, 1445, 1450, 1454, 1453, 1459, 1451, 1448, 1456]"
O07:Monoculture::5-FU,random,4,"[1441, 1444, 1462, 1445, 1457, 1442, 1447, 1463, 1454, 1459, 1456, 1453, 1450, 1448, 1451, 1460]"
O07:Monoculture::5-FU,random,5,"[1441, 1444, 1462, 1457, 1445, 1448, 1463, 1454, 1447, 1459, 1450, 1453, 1442, 1460, 1451, 1456]"
O07:Monoculture::5-FU,random,6,"[1441, 1444, 1462, 1457, 1459, 1460, 1453, 1450, 1447, 1463, 1456, 1448, 1442, 1451, 1454, 1445]"
O07:Monoculture::5-FU,random,7,"[1441, 1444, 1462, 1453, 1456, 1442, 1454, 1450, 1445, 1459, 1448, 1463, 1447, 1451, 1457, 1460]"
O07:Monoculture::5-FU,random,8,"[1441, 1444, 1462, 1459, 1442, 1448, 1454, 1456, 1445, 1460, 1453, 1463, 1451, 1457, 1447, 1450]"
O07:Monoculture::5-FU,random,9,"[1441, 1444, 1462, 1447, 1457, 1453, 1454, 1460, 1459, 1448, 1451, 1463, 1456, 1450, 1442, 1445]"
O07:Monoculture::5-FU,random,10,"[1441, 1444, 1462, 1445, 1459, 1457, 1448, 1454, 1447, 1450, 1460, 1463, 1451, 1453, 1442, 1456]"
O07:Monoculture::5-FU,random,11,"[1441, 1444, 1462, 1447, 1460, 1456, 1445, 1453, 1457, 1450, 1451, 1463, 1448, 1459, 1454, 1442]"
O07:Monoculture::5-FU,random,12,"[1441, 1444, 1462, 1453, 1445, 1450, 1457, 1459, 1454, 1451, 1442, 1460, 1448, 1447, 1463, 1456]"
O07:Monoculture::5-FU,random,13,"[1441, 1444, 1462, 1453, 1445, 1451, 1442, 1450, 1454, 1447, 1456, 1448, 1459, 1460, 1457, 1463]"
O07:Monoculture::5-FU,random,14,"[1441, 1444, 1462, 1451, 1463, 1459, 1454, 1448, 1457, 1450, 1453, 1442, 1456, 1460, 1445, 1447]"
O07:Monoculture::5-FU,random,15,"[1441, 1444, 1462, 1451, 1448, 1456, 1442, 1453, 1454, 1447, 1459, 1460, 1463, 1450, 1457, 1445]"
O07:Monoculture::5-FU,random,16,"[1441, 1444, 1462, 1442, 1459, 1450, 1453, 1456, 1460, 1451, 1454, 1448, 1457, 1445, 1463, 1447]"
O07:Monoculture::5-FU,random,17,"[1441, 1444, 1462, 1463, 1453, 1457, 1450, 1460, 1454, 1456, 1445, 1442, 1459, 1447, 1451, 1448]"
O07:Monoculture::5-FU,random,18,"[1441, 1444, 1462, 1447, 1453, 1451, 1460, 1442, 1454, 1456, 1450, 1459, 1445, 1457, 1463, 1448]"
O07:Monoculture::5-FU,random,19,"[1441, 1444, 1462, 1457, 1456, 1454, 1450, 1442, 1459, 1451, 1447, 1463, 1445, 1448, 1460, 1453]"
O07:Monoculture::Gef,space_filling,-1,"[1513, 1516, 1534, 1525, 1522, 1531, 1528, 1519, 1514, 1517, 1520, 1523, 1526, 1529, 1532, 1535]"
O07:Monoculture::Gef,control_first_space,-1,"[1513, 1516, 1534, 1514, 1525, 1522, 1531, 1528, 1519, 1517, 1520, 1523, 1526, 1529, 1532, 1535]"
O07:Monoculture::Gef,random,0,"[1513, 1516, 1534, 1531, 1519, 1526, 1522, 1523, 1535, 1514, 1520, 1525, 1529, 1532, 1528, 1517]"
O07:Monoculture::Gef,random,1,"[1513, 1516, 1534, 1517, 1531, 1526, 1529, 1535, 1522, 1523, 1528, 1514, 1519, 1532, 1525, 1520]"
O07:Monoculture::Gef,random,2,"[1513, 1516, 1534, 1519, 1531, 1526, 1514, 1525, 1529, 1535, 1532, 1523, 1520, 1522, 1528, 1517]"
O07:Monoculture::Gef,random,3,"[1513, 1516, 1534, 1529, 1535, 1519, 1532, 1514, 1517, 1522, 1526, 1525, 1531, 1523, 1520, 1528]"
O07:Monoculture::Gef,random,4,"[1513, 1516, 1534, 1517, 1529, 1514, 1519, 1535, 1526, 1531, 1528, 1525, 1522, 1520, 1523, 1532]"
O07:Monoculture::Gef,random,5,"[1513, 1516, 1534, 1529, 1517, 1520, 1535, 1526, 1519, 1531, 1522, 1525, 1514, 1532, 1523, 1528]"
O07:Monoculture::Gef,random,6,"[1513, 1516, 1534, 1529, 1531, 1532, 1525, 1522, 1519, 1535, 1528, 1520, 1514, 1523, 1526, 1517]"
O07:Monoculture::Gef,random,7,"[1513, 1516, 1534, 1525, 1528, 1514, 1526, 1522, 1517, 1531, 1520, 1535, 1519, 1523, 1529, 1532]"
O07:Monoculture::Gef,random,8,"[1513, 1516, 1534, 1531, 1514, 1520, 1526, 1528, 1517, 1532, 1525, 1535, 1523, 1529, 1519, 1522]"
O07:Monoculture::Gef,random,9,"[1513, 1516, 1534, 1519, 1529, 1525, 1526, 1532, 1531, 1520, 1523, 1535, 1528, 1522, 1514, 1517]"
O07:Monoculture::Gef,random,10,"[1513, 1516, 1534, 1517, 1531, 1529, 1520, 1526, 1519, 1522, 1532, 1535, 1523, 1525, 1514, 1528]"
O07:Monoculture::Gef,random,11,"[1513, 1516, 1534, 1519, 1532, 1528, 1517, 1525, 1529, 1522, 1523, 1535, 1520, 1531, 1526, 1514]"
O07:Monoculture::Gef,random,12,"[1513, 1516, 1534, 1525, 1517, 1522, 1529, 1531, 1526, 1523, 1514, 1532, 1520, 1519, 1535, 1528]"
O07:Monoculture::Gef,random,13,"[1513, 1516, 1534, 1525, 1517, 1523, 1514, 1522, 1526, 1519, 1528, 1520, 1531, 1532, 1529, 1535]"
O07:Monoculture::Gef,random,14,"[1513, 1516, 1534, 1523, 1535, 1531, 1526, 1520, 1529, 1522, 1525, 1514, 1528, 1532, 1517, 1519]"
O07:Monoculture::Gef,random,15,"[1513, 1516, 1534, 1523, 1520, 1528, 1514, 1525, 1526, 1519, 1531, 1532, 1535, 1522, 1529, 1517]"
O07:Monoculture::Gef,random,16,"[1513, 1516, 1534, 1514, 1531, 1522, 1525, 1528, 1532, 1523, 1526, 1520, 1529, 1517, 1535, 1519]"
O07:Monoculture::Gef,random,17,"[1513, 1516, 1534, 1535, 1525, 1529, 1522, 1532, 1526, 1528, 1517, 1514, 1531, 1519, 1523, 1520]"
O07:Monoculture::Gef,random,18,"[1513, 1516, 1534, 1519, 1525, 1523, 1532, 1514, 1526, 1528, 1522, 1531, 1517, 1529, 1535, 1520]"
O07:Monoculture::Gef,random,19,"[1513, 1516, 1534, 1529, 1528, 1526, 1522, 1514, 1531, 1523, 1519, 1535, 1517, 1520, 1532, 1525]"
O07:Monoculture::Oxa,space_filling,-1,"[1465, 1468, 1486, 1477, 1483, 1480, 1474, 1471, 1466, 1469, 1472, 1475, 1478, 1481, 1484, 1487]"
O07:Monoculture::Oxa,control_first_space,-1,"[1465, 1468, 1486, 1466, 1477, 1483, 1480, 1474, 1471, 1469, 1472, 1475, 1478, 1481, 1484, 1487]"
O07:Monoculture::Oxa,random,0,"[1465, 1468, 1486, 1483, 1471, 1478, 1474, 1475, 1487, 1466, 1472, 1477, 1481, 1484, 1480, 1469]"
O07:Monoculture::Oxa,random,1,"[1465, 1468, 1486, 1469, 1483, 1478, 1481, 1487, 1474, 1475, 1480, 1466, 1471, 1484, 1477, 1472]"
O07:Monoculture::Oxa,random,2,"[1465, 1468, 1486, 1471, 1483, 1478, 1466, 1477, 1481, 1487, 1484, 1475, 1472, 1474, 1480, 1469]"
O07:Monoculture::Oxa,random,3,"[1465, 1468, 1486, 1481, 1487, 1471, 1484, 1466, 1469, 1474, 1478, 1477, 1483, 1475, 1472, 1480]"
O07:Monoculture::Oxa,random,4,"[1465, 1468, 1486, 1469, 1481, 1466, 1471, 1487, 1478, 1483, 1480, 1477, 1474, 1472, 1475, 1484]"
O07:Monoculture::Oxa,random,5,"[1465, 1468, 1486, 1481, 1469, 1472, 1487, 1478, 1471, 1483, 1474, 1477, 1466, 1484, 1475, 1480]"
O07:Monoculture::Oxa,random,6,"[1465, 1468, 1486, 1481, 1483, 1484, 1477, 1474, 1471, 1487, 1480, 1472, 1466, 1475, 1478, 1469]"
O07:Monoculture::Oxa,random,7,"[1465, 1468, 1486, 1477, 1480, 1466, 1478, 1474, 1469, 1483, 1472, 1487, 1471, 1475, 1481, 1484]"
O07:Monoculture::Oxa,random,8,"[1465, 1468, 1486, 1483, 1466, 1472, 1478, 1480, 1469, 1484, 1477, 1487, 1475, 1481, 1471, 1474]"
O07:Monoculture::Oxa,random,9,"[1465, 1468, 1486, 1471, 1481, 1477, 1478, 1484, 1483, 1472, 1475, 1487, 1480, 1474, 1466, 1469]"
O07:Monoculture::Oxa,random,10,"[1465, 1468, 1486, 1469, 1483, 1481, 1472, 1478, 1471, 1474, 1484, 1487, 1475, 1477, 1466, 1480]"
O07:Monoculture::Oxa,random,11,"[1465, 1468, 1486, 1471, 1484, 1480, 1469, 1477, 1481, 1474, 1475, 1487, 1472, 1483, 1478, 1466]"
O07:Monoculture::Oxa,random,12,"[1465, 1468, 1486, 1477, 1469, 1474, 1481, 1483, 1478, 1475, 1466, 1484, 1472, 1471, 1487, 1480]"
O07:Monoculture::Oxa,random,13,"[1465, 1468, 1486, 1477, 1469, 1475, 1466, 1474, 1478, 1471, 1480, 1472, 1483, 1484, 1481, 1487]"
O07:Monoculture::Oxa,random,14,"[1465, 1468, 1486, 1475, 1487, 1483, 1478, 1472, 1481, 1474, 1477, 1466, 1480, 1484, 1469, 1471]"
O07:Monoculture::Oxa,random,15,"[1465, 1468, 1486, 1475, 1472, 1480, 1466, 1477, 1478, 1471, 1483, 1484, 1487, 1474, 1481, 1469]"
O07:Monoculture::Oxa,random,16,"[1465, 1468, 1486, 1466, 1483, 1474, 1477, 1480, 1484, 1475, 1478, 1472, 1481, 1469, 1487, 1471]"
O07:Monoculture::Oxa,random,17,"[1465, 1468, 1486, 1487, 1477, 1481, 1474, 1484, 1478, 1480, 1469, 1466, 1483, 1471, 1475, 1472]"
O07:Monoculture::Oxa,random,18,"[1465, 1468, 1486, 1471, 1477, 1475, 1484, 1466, 1478, 1480, 1474, 1483, 1469, 1481, 1487, 1472]"
O07:Monoculture::Oxa,random,19,"[1465, 1468, 1486, 1481, 1480, 1478, 1474, 1466, 1483, 1475, 1471, 1487, 1469, 1472, 1484, 1477]"
O07:Monoculture::SN-38,space_filling,-1,"[1489, 1492, 1510, 1501, 1507, 1504, 1498, 1495, 1490, 1493, 1496, 1499, 1502, 1505, 1508, 1511]"
O07:Monoculture::SN-38,control_first_space,-1,"[1489, 1492, 1510, 1490, 1501, 1507, 1504, 1498, 1495, 1493, 1496, 1499, 1502, 1505, 1508, 1511]"
O07:Monoculture::SN-38,random,0,"[1489, 1492, 1510, 1507, 1495, 1502, 1498, 1499, 1511, 1490, 1496, 1501, 1505, 1508, 1504, 1493]"
O07:Monoculture::SN-38,random,1,"[1489, 1492, 1510, 1493, 1507, 1502, 1505, 1511, 1498, 1499, 1504, 1490, 1495, 1508, 1501, 1496]"
O07:Monoculture::SN-38,random,2,"[1489, 1492, 1510, 1495, 1507, 1502, 1490, 1501, 1505, 1511, 1508, 1499, 1496, 1498, 1504, 1493]"
O07:Monoculture::SN-38,random,3,"[1489, 1492, 1510, 1505, 1511, 1495, 1508, 1490, 1493, 1498, 1502, 1501, 1507, 1499, 1496, 1504]"
O07:Monoculture::SN-38,random,4,"[1489, 1492, 1510, 1493, 1505, 1490, 1495, 1511, 1502, 1507, 1504, 1501, 1498, 1496, 1499, 1508]"
O07:Monoculture::SN-38,random,5,"[1489, 1492, 1510, 1505, 1493, 1496, 1511, 1502, 1495, 1507, 1498, 1501, 1490, 1508, 1499, 1504]"
O07:Monoculture::SN-38,random,6,"[1489, 1492, 1510, 1505, 1507, 1508, 1501, 1498, 1495, 1511, 1504, 1496, 1490, 1499, 1502, 1493]"
O07:Monoculture::SN-38,random,7,"[1489, 1492, 1510, 1501, 1504, 1490, 1502, 1498, 1493, 1507, 1496, 1511, 1495, 1499, 1505, 1508]"
O07:Monoculture::SN-38,random,8,"[1489, 1492, 1510, 1507, 1490, 1496, 1502, 1504, 1493, 1508, 1501, 1511, 1499, 1505, 1495, 1498]"
O07:Monoculture::SN-38,random,9,"[1489, 1492, 1510, 1495, 1505, 1501, 1502, 1508, 1507, 1496, 1499, 1511, 1504, 1498, 1490, 1493]"
O07:Monoculture::SN-38,random,10,"[1489, 1492, 1510, 1493, 1507, 1505, 1496, 1502, 1495, 1498, 1508, 1511, 1499, 1501, 1490, 1504]"
O07:Monoculture::SN-38,random,11,"[1489, 1492, 1510, 1495, 1508, 1504, 1493, 1501, 1505, 1498, 1499, 1511, 1496, 1507, 1502, 1490]"
O07:Monoculture::SN-38,random,12,"[1489, 1492, 1510, 1501, 1493, 1498, 1505, 1507, 1502, 1499, 1490, 1508, 1496, 1495, 1511, 1504]"
O07:Monoculture::SN-38,random,13,"[1489, 1492, 1510, 1501, 1493, 1499, 1490, 1498, 1502, 1495, 1504, 1496, 1507, 1508, 1505, 1511]"
O07:Monoculture::SN-38,random,14,"[1489, 1492, 1510, 1499, 1511, 1507, 1502, 1496, 1505, 1498, 1501, 1490, 1504, 1508, 1493, 1495]"
O07:Monoculture::SN-38,random,15,"[1489, 1492, 1510, 1499, 1496, 1504, 1490, 1501, 1502, 1495, 1507, 1508, 1511, 1498, 1505, 1493]"
O07:Monoculture::SN-38,random,16,"[1489, 1492, 1510, 1490, 1507, 1498, 1501, 1504, 1508, 1499, 1502, 1496, 1505, 1493, 1511, 1495]"
O07:Monoculture::SN-38,random,17,"[1489, 1492, 1510, 1511, 1501, 1505, 1498, 1508, 1502, 1504, 1493, 1490, 1507, 1495, 1499, 1496]"
O07:Monoculture::SN-38,random,18,"[1489, 1492, 1510, 1495, 1501, 1499, 1508, 1490, 1502, 1504, 1498, 1507, 1493, 1505, 1511, 1496]"
O07:Monoculture::SN-38,random,19,"[1489, 1492, 1510, 1505, 1504, 1502, 1498, 1490, 1507, 1499, 1495, 1511, 1493, 1496, 1508, 1501]"
O09:Coculture:F17:5-FU,space_filling,-1,"[1729, 1732, 1750, 1741, 1747, 1744, 1738, 1735, 1730, 1733, 1736, 1739, 1742, 1745, 1748, 1751]"
O09:Coculture:F17:5-FU,control_first_space,-1,"[1729, 1732, 1750, 1730, 1741, 1747, 1744, 1738, 1735, 1733, 1736, 1739, 1742, 1745, 1748, 1751]"
O09:Coculture:F17:5-FU,random,0,"[1729, 1732, 1750, 1747, 1735, 1742, 1738, 1739, 1751, 1730, 1736, 1741, 1745, 1748, 1744, 1733]"
O09:Coculture:F17:5-FU,random,1,"[1729, 1732, 1750, 1733, 1747, 1742, 1745, 1751, 1738, 1739, 1744, 1730, 1735, 1748, 1741, 1736]"
O09:Coculture:F17:5-FU,random,2,"[1729, 1732, 1750, 1735, 1747, 1742, 1730, 1741, 1745, 1751, 1748, 1739, 1736, 1738, 1744, 1733]"
O09:Coculture:F17:5-FU,random,3,"[1729, 1732, 1750, 1745, 1751, 1735, 1748, 1730, 1733, 1738, 1742, 1741, 1747, 1739, 1736, 1744]"
O09:Coculture:F17:5-FU,random,4,"[1729, 1732, 1750, 1733, 1745, 1730, 1735, 1751, 1742, 1747, 1744, 1741, 1738, 1736, 1739, 1748]"
O09:Coculture:F17:5-FU,random,5,"[1729, 1732, 1750, 1745, 1733, 1736, 1751, 1742, 1735, 1747, 1738, 1741, 1730, 1748, 1739, 1744]"
O09:Coculture:F17:5-FU,random,6,"[1729, 1732, 1750, 1745, 1747, 1748, 1741, 1738, 1735, 1751, 1744, 1736, 1730, 1739, 1742, 1733]"
O09:Coculture:F17:5-FU,random,7,"[1729, 1732, 1750, 1741, 1744, 1730, 1742, 1738, 1733, 1747, 1736, 1751, 1735, 1739, 1745, 1748]"
O09:Coculture:F17:5-FU,random,8,"[1729, 1732, 1750, 1747, 1730, 1736, 1742, 1744, 1733, 1748, 1741, 1751, 1739, 1745, 1735, 1738]"
O09:Coculture:F17:5-FU,random,9,"[1729, 1732, 1750, 1735, 1745, 1741, 1742, 1748, 1747, 1736, 1739, 1751, 1744, 1738, 1730, 1733]"
O09:Coculture:F17:5-FU,random,10,"[1729, 1732, 1750, 1733, 1747, 1745, 1736, 1742, 1735, 1738, 1748, 1751, 1739, 1741, 1730, 1744]"
O09:Coculture:F17:5-FU,random,11,"[1729, 1732, 1750, 1735, 1748, 1744, 1733, 1741, 1745, 1738, 1739, 1751, 1736, 1747, 1742, 1730]"
O09:Coculture:F17:5-FU,random,12,"[1729, 1732, 1750, 1741, 1733, 1738, 1745, 1747, 1742, 1739, 1730, 1748, 1736, 1735, 1751, 1744]"
O09:Coculture:F17:5-FU,random,13,"[1729, 1732, 1750, 1741, 1733, 1739, 1730, 1738, 1742, 1735, 1744, 1736, 1747, 1748, 1745, 1751]"
O09:Coculture:F17:5-FU,random,14,"[1729, 1732, 1750, 1739, 1751, 1747, 1742, 1736, 1745, 1738, 1741, 1730, 1744, 1748, 1733, 1735]"
O09:Coculture:F17:5-FU,random,15,"[1729, 1732, 1750, 1739, 1736, 1744, 1730, 1741, 1742, 1735, 1747, 1748, 1751, 1738, 1745, 1733]"
O09:Coculture:F17:5-FU,random,16,"[1729, 1732, 1750, 1730, 1747, 1738, 1741, 1744, 1748, 1739, 1742, 1736, 1745, 1733, 1751, 1735]"
O09:Coculture:F17:5-FU,random,17,"[1729, 1732, 1750, 1751, 1741, 1745, 1738, 1748, 1742, 1744, 1733, 1730, 1747, 1735, 1739, 1736]"
O09:Coculture:F17:5-FU,random,18,"[1729, 1732, 1750, 1735, 1741, 1739, 1748, 1730, 1742, 1744, 1738, 1747, 1733, 1745, 1751, 1736]"
O09:Coculture:F17:5-FU,random,19,"[1729, 1732, 1750, 1745, 1744, 1742, 1738, 1730, 1747, 1739, 1735, 1751, 1733, 1736, 1748, 1741]"
O10:Coculture:F11:5-FU,space_filling,-1,"[1921, 1924, 1942, 1933, 1939, 1936, 1930, 1927, 1922, 1925, 1928, 1931, 1934, 1937, 1940, 1943]"
O10:Coculture:F11:5-FU,control_first_space,-1,"[1921, 1924, 1942, 1922, 1933, 1939, 1936, 1930, 1927, 1925, 1928, 1931, 1934, 1937, 1940, 1943]"
O10:Coculture:F11:5-FU,random,0,"[1921, 1924, 1942, 1939, 1927, 1934, 1930, 1931, 1943, 1922, 1928, 1933, 1937, 1940, 1936, 1925]"
O10:Coculture:F11:5-FU,random,1,"[1921, 1924, 1942, 1925, 1939, 1934, 1937, 1943, 1930, 1931, 1936, 1922, 1927, 1940, 1933, 1928]"
O10:Coculture:F11:5-FU,random,2,"[1921, 1924, 1942, 1927, 1939, 1934, 1922, 1933, 1937, 1943, 1940, 1931, 1928, 1930, 1936, 1925]"
O10:Coculture:F11:5-FU,random,3,"[1921, 1924, 1942, 1937, 1943, 1927, 1940, 1922, 1925, 1930, 1934, 1933, 1939, 1931, 1928, 1936]"
O10:Coculture:F11:5-FU,random,4,"[1921, 1924, 1942, 1925, 1937, 1922, 1927, 1943, 1934, 1939, 1936, 1933, 1930, 1928, 1931, 1940]"
O10:Coculture:F11:5-FU,random,5,"[1921, 1924, 1942, 1937, 1925, 1928, 1943, 1934, 1927, 1939, 1930, 1933, 1922, 1940, 1931, 1936]"
O10:Coculture:F11:5-FU,random,6,"[1921, 1924, 1942, 1937, 1939, 1940, 1933, 1930, 1927, 1943, 1936, 1928, 1922, 1931, 1934, 1925]"
O10:Coculture:F11:5-FU,random,7,"[1921, 1924, 1942, 1933, 1936, 1922, 1934, 1930, 1925, 1939, 1928, 1943, 1927, 1931, 1937, 1940]"
O10:Coculture:F11:5-FU,random,8,"[1921, 1924, 1942, 1939, 1922, 1928, 1934, 1936, 1925, 1940, 1933, 1943, 1931, 1937, 1927, 1930]"
O10:Coculture:F11:5-FU,random,9,"[1921, 1924, 1942, 1927, 1937, 1933, 1934, 1940, 1939, 1928, 1931, 1943, 1936, 1930, 1922, 1925]"
O10:Coculture:F11:5-FU,random,10,"[1921, 1924, 1942, 1925, 1939, 1937, 1928, 1934, 1927, 1930, 1940, 1943, 1931, 1933, 1922, 1936]"
O10:Coculture:F11:5-FU,random,11,"[1921, 1924, 1942, 1927, 1940, 1936, 1925, 1933, 1937, 1930, 1931, 1943, 1928, 1939, 1934, 1922]"
O10:Coculture:F11:5-FU,random,12,"[1921, 1924, 1942, 1933, 1925, 1930, 1937, 1939, 1934, 1931, 1922, 1940, 1928, 1927, 1943, 1936]"
O10:Coculture:F11:5-FU,random,13,"[1921, 1924, 1942, 1933, 1925, 1931, 1922, 1930, 1934, 1927, 1936, 1928, 1939, 1940, 1937, 1943]"
O10:Coculture:F11:5-FU,random,14,"[1921, 1924, 1942, 1931, 1943, 1939, 1934, 1928, 1937, 1930, 1933, 1922, 1936, 1940, 1925, 1927]"
O10:Coculture:F11:5-FU,random,15,"[1921, 1924, 1942, 1931, 1928, 1936, 1922, 1933, 1934, 1927, 1939, 1940, 1943, 1930, 1937, 1925]"
O10:Coculture:F11:5-FU,random,16,"[1921, 1924, 1942, 1922, 1939, 1930, 1933, 1936, 1940, 1931, 1934, 1928, 1937, 1925, 1943, 1927]"
O10:Coculture:F11:5-FU,random,17,"[1921, 1924, 1942, 1943, 1933, 1937, 1930, 1940, 1934, 1936, 1925, 1922, 1939, 1927, 1931, 1928]"
O10:Coculture:F11:5-FU,random,18,"[1921, 1924, 1942, 1927, 1933, 1931, 1940, 1922, 1934, 1936, 1930, 1939, 1925, 1937, 1943, 1928]"
O10:Coculture:F11:5-FU,random,19,"[1921, 1924, 1942, 1937, 1936, 1934, 1930, 1922, 1939, 1931, 1927, 1943, 1925, 1928, 1940, 1933]"
O10:Coculture:F11:Gef,space_filling,-1,"[1993, 1996, 2014, 2005, 2002, 2011, 2008, 1999, 1994, 1997, 2000, 2003, 2006, 2009, 2012, 2015]"
O10:Coculture:F11:Gef,control_first_space,-1,"[1993, 1996, 2014, 1994, 2005, 2002, 2011, 2008, 1999, 1997, 2000, 2003, 2006, 2009, 2012, 2015]"
O10:Coculture:F11:Gef,random,0,"[1993, 1996, 2014, 2011, 1999, 2006, 2002, 2003, 2015, 1994, 2000, 2005, 2009, 2012, 2008, 1997]"
O10:Coculture:F11:Gef,random,1,"[1993, 1996, 2014, 1997, 2011, 2006, 2009, 2015, 2002, 2003, 2008, 1994, 1999, 2012, 2005, 2000]"
O10:Coculture:F11:Gef,random,2,"[1993, 1996, 2014, 1999, 2011, 2006, 1994, 2005, 2009, 2015, 2012, 2003, 2000, 2002, 2008, 1997]"
O10:Coculture:F11:Gef,random,3,"[1993, 1996, 2014, 2009, 2015, 1999, 2012, 1994, 1997, 2002, 2006, 2005, 2011, 2003, 2000, 2008]"
O10:Coculture:F11:Gef,random,4,"[1993, 1996, 2014, 1997, 2009, 1994, 1999, 2015, 2006, 2011, 2008, 2005, 2002, 2000, 2003, 2012]"
O10:Coculture:F11:Gef,random,5,"[1993, 1996, 2014, 2009, 1997, 2000, 2015, 2006, 1999, 2011, 2002, 2005, 1994, 2012, 2003, 2008]"
O10:Coculture:F11:Gef,random,6,"[1993, 1996, 2014, 2009, 2011, 2012, 2005, 2002, 1999, 2015, 2008, 2000, 1994, 2003, 2006, 1997]"
O10:Coculture:F11:Gef,random,7,"[1993, 1996, 2014, 2005, 2008, 1994, 2006, 2002, 1997, 2011, 2000, 2015, 1999, 2003, 2009, 2012]"
O10:Coculture:F11:Gef,random,8,"[1993, 1996, 2014, 2011, 1994, 2000, 2006, 2008, 1997, 2012, 2005, 2015, 2003, 2009, 1999, 2002]"
O10:Coculture:F11:Gef,random,9,"[1993, 1996, 2014, 1999, 2009, 2005, 2006, 2012, 2011, 2000, 2003, 2015, 2008, 2002, 1994, 1997]"
O10:Coculture:F11:Gef,random,10,"[1993, 1996, 2014, 1997, 2011, 2009, 2000, 2006, 1999, 2002, 2012, 2015, 2003, 2005, 1994, 2008]"
O10:Coculture:F11:Gef,random,11,"[1993, 1996, 2014, 1999, 2012, 2008, 1997, 2005, 2009, 2002, 2003, 2015, 2000, 2011, 2006, 1994]"
O10:Coculture:F11:Gef,random,12,"[1993, 1996, 2014, 2005, 1997, 2002, 2009, 2011, 2006, 2003, 1994, 2012, 2000, 1999, 2015, 2008]"
O10:Coculture:F11:Gef,random,13,"[1993, 1996, 2014, 2005, 1997, 2003, 1994, 2002, 2006, 1999, 2008, 2000, 2011, 2012, 2009, 2015]"
O10:Coculture:F11:Gef,random,14,"[1993, 1996, 2014, 2003, 2015, 2011, 2006, 2000, 2009, 2002, 2005, 1994, 2008, 2012, 1997, 1999]"
O10:Coculture:F11:Gef,random,15,"[1993, 1996, 2014, 2003, 2000, 2008, 1994, 2005, 2006, 1999, 2011, 2012, 2015, 2002, 2009, 1997]"
O10:Coculture:F11:Gef,random,16,"[1993, 1996, 2014, 1994, 2011, 2002, 2005, 2008, 2012, 2003, 2006, 2000, 2009, 1997, 2015, 1999]"
O10:Coculture:F11:Gef,random,17,"[1993, 1996, 2014, 2015, 2005, 2009, 2002, 2012, 2006, 2008, 1997, 1994, 2011, 1999, 2003, 2000]"
O10:Coculture:F11:Gef,random,18,"[1993, 1996, 2014, 1999, 2005, 2003, 2012, 1994, 2006, 2008, 2002, 2011, 1997, 2009, 2015, 2000]"
O10:Coculture:F11:Gef,random,19,"[1993, 1996, 2014, 2009, 2008, 2006, 2002, 1994, 2011, 2003, 1999, 2015, 1997, 2000, 2012, 2005]"
O10:Coculture:F11:Oxa,space_filling,-1,"[1945, 1948, 1966, 1957, 1963, 1960, 1954, 1951, 1946, 1949, 1952, 1955, 1958, 1961, 1964, 1967]"
O10:Coculture:F11:Oxa,control_first_space,-1,"[1945, 1948, 1966, 1946, 1957, 1963, 1960, 1954, 1951, 1949, 1952, 1955, 1958, 1961, 1964, 1967]"
O10:Coculture:F11:Oxa,random,0,"[1945, 1948, 1966, 1963, 1951, 1958, 1954, 1955, 1967, 1946, 1952, 1957, 1961, 1964, 1960, 1949]"
O10:Coculture:F11:Oxa,random,1,"[1945, 1948, 1966, 1949, 1963, 1958, 1961, 1967, 1954, 1955, 1960, 1946, 1951, 1964, 1957, 1952]"
O10:Coculture:F11:Oxa,random,2,"[1945, 1948, 1966, 1951, 1963, 1958, 1946, 1957, 1961, 1967, 1964, 1955, 1952, 1954, 1960, 1949]"
O10:Coculture:F11:Oxa,random,3,"[1945, 1948, 1966, 1961, 1967, 1951, 1964, 1946, 1949, 1954, 1958, 1957, 1963, 1955, 1952, 1960]"
O10:Coculture:F11:Oxa,random,4,"[1945, 1948, 1966, 1949, 1961, 1946, 1951, 1967, 1958, 1963, 1960, 1957, 1954, 1952, 1955, 1964]"
O10:Coculture:F11:Oxa,random,5,"[1945, 1948, 1966, 1961, 1949, 1952, 1967, 1958, 1951, 1963, 1954, 1957, 1946, 1964, 1955, 1960]"
O10:Coculture:F11:Oxa,random,6,"[1945, 1948, 1966, 1961, 1963, 1964, 1957, 1954, 1951, 1967, 1960, 1952, 1946, 1955, 1958, 1949]"
O10:Coculture:F11:Oxa,random,7,"[1945, 1948, 1966, 1957, 1960, 1946, 1958, 1954, 1949, 1963, 1952, 1967, 1951, 1955, 1961, 1964]"
O10:Coculture:F11:Oxa,random,8,"[1945, 1948, 1966, 1963, 1946, 1952, 1958, 1960, 1949, 1964, 1957, 1967, 1955, 1961, 1951, 1954]"
O10:Coculture:F11:Oxa,random,9,"[1945, 1948, 1966, 1951, 1961, 1957, 1958, 1964, 1963, 1952, 1955, 1967, 1960, 1954, 1946, 1949]"
O10:Coculture:F11:Oxa,random,10,"[1945, 1948, 1966, 1949, 1963, 1961, 1952, 1958, 1951, 1954, 1964, 1967, 1955, 1957, 1946, 1960]"
O10:Coculture:F11:Oxa,random,11,"[1945, 1948, 1966, 1951, 1964, 1960, 1949, 1957, 1961, 1954, 1955, 1967, 1952, 1963, 1958, 1946]"
O10:Coculture:F11:Oxa,random,12,"[1945, 1948, 1966, 1957, 1949, 1954, 1961, 1963, 1958, 1955, 1946, 1964, 1952, 1951, 1967, 1960]"
O10:Coculture:F11:Oxa,random,13,"[1945, 1948, 1966, 1957, 1949, 1955, 1946, 1954, 1958, 1951, 1960, 1952, 1963, 1964, 1961, 1967]"
O10:Coculture:F11:Oxa,random,14,"[1945, 1948, 1966, 1955, 1967, 1963, 1958, 1952, 1961, 1954, 1957, 1946, 1960, 1964, 1949, 1951]"
O10:Coculture:F11:Oxa,random,15,"[1945, 1948, 1966, 1955, 1952, 1960, 1946, 1957, 1958, 1951, 1963, 1964, 1967, 1954, 1961, 1949]"
O10:Coculture:F11:Oxa,random,16,"[1945, 1948, 1966, 1946, 1963, 1954, 1957, 1960, 1964, 1955, 1958, 1952, 1961, 1949, 1967, 1951]"
O10:Coculture:F11:Oxa,random,17,"[1945, 1948, 1966, 1967, 1957, 1961, 1954, 1964, 1958, 1960, 1949, 1946, 1963, 1951, 1955, 1952]"
O10:Coculture:F11:Oxa,random,18,"[1945, 1948, 1966, 1951, 1957, 1955, 1964, 1946, 1958, 1960, 1954, 1963, 1949, 1961, 1967, 1952]"
O10:Coculture:F11:Oxa,random,19,"[1945, 1948, 1966, 1961, 1960, 1958, 1954, 1946, 1963, 1955, 1951, 1967, 1949, 1952, 1964, 1957]"
O10:Coculture:F11:SN-38,space_filling,-1,"[1969, 1972, 1990, 1981, 1987, 1984, 1978, 1975, 1970, 1973, 1976, 1979, 1982, 1985, 1988, 1991]"
O10:Coculture:F11:SN-38,control_first_space,-1,"[1969, 1972, 1990, 1970, 1981, 1987, 1984, 1978, 1975, 1973, 1976, 1979, 1982, 1985, 1988, 1991]"
O10:Coculture:F11:SN-38,random,0,"[1969, 1972, 1990, 1987, 1975, 1982, 1978, 1979, 1991, 1970, 1976, 1981, 1985, 1988, 1984, 1973]"
O10:Coculture:F11:SN-38,random,1,"[1969, 1972, 1990, 1973, 1987, 1982, 1985, 1991, 1978, 1979, 1984, 1970, 1975, 1988, 1981, 1976]"
O10:Coculture:F11:SN-38,random,2,"[1969, 1972, 1990, 1975, 1987, 1982, 1970, 1981, 1985, 1991, 1988, 1979, 1976, 1978, 1984, 1973]"
O10:Coculture:F11:SN-38,random,3,"[1969, 1972, 1990, 1985, 1991, 1975, 1988, 1970, 1973, 1978, 1982, 1981, 1987, 1979, 1976, 1984]"
O10:Coculture:F11:SN-38,random,4,"[1969, 1972, 1990, 1973, 1985, 1970, 1975, 1991, 1982, 1987, 1984, 1981, 1978, 1976, 1979, 1988]"
O10:Coculture:F11:SN-38,random,5,"[1969, 1972, 1990, 1985, 1973, 1976, 1991, 1982, 1975, 1987, 1978, 1981, 1970, 1988, 1979, 1984]"
O10:Coculture:F11:SN-38,random,6,"[1969, 1972, 1990, 1985, 1987, 1988, 1981, 1978, 1975, 1991, 1984, 1976, 1970, 1979, 1982, 1973]"
O10:Coculture:F11:SN-38,random,7,"[1969, 1972, 1990, 1981, 1984, 1970, 1982, 1978, 1973, 1987, 1976, 1991, 1975, 1979, 1985, 1988]"
O10:Coculture:F11:SN-38,random,8,"[1969, 1972, 1990, 1987, 1970, 1976, 1982, 1984, 1973, 1988, 1981, 1991, 1979, 1985, 1975, 1978]"
O10:Coculture:F11:SN-38,random,9,"[1969, 1972, 1990, 1975, 1985, 1981, 1982, 1988, 1987, 1976, 1979, 1991, 1984, 1978, 1970, 1973]"
O10:Coculture:F11:SN-38,random,10,"[1969, 1972, 1990, 1973, 1987, 1985, 1976, 1982, 1975, 1978, 1988, 1991, 1979, 1981, 1970, 1984]"
O10:Coculture:F11:SN-38,random,11,"[1969, 1972, 1990, 1975, 1988, 1984, 1973, 1981, 1985, 1978, 1979, 1991, 1976, 1987, 1982, 1970]"
O10:Coculture:F11:SN-38,random,12,"[1969, 1972, 1990, 1981, 1973, 1978, 1985, 1987, 1982, 1979, 1970, 1988, 1976, 1975, 1991, 1984]"
O10:Coculture:F11:SN-38,random,13,"[1969, 1972, 1990, 1981, 1973, 1979, 1970, 1978, 1982, 1975, 1984, 1976, 1987, 1988, 1985, 1991]"
O10:Coculture:F11:SN-38,random,14,"[1969, 1972, 1990, 1979, 1991, 1987, 1982, 1976, 1985, 1978, 1981, 1970, 1984, 1988, 1973, 1975]"
O10:Coculture:F11:SN-38,random,15,"[1969, 1972, 1990, 1979, 1976, 1984, 1970, 1981, 1982, 1975, 1987, 1988, 1991, 1978, 1985, 1973]"
O10:Coculture:F11:SN-38,random,16,"[1969, 1972, 1990, 1970, 1987, 1978, 1981, 1984, 1988, 1979, 1982, 1976, 1985, 1973, 1991, 1975]"
O10:Coculture:F11:SN-38,random,17,"[1969, 1972, 1990, 1991, 1981, 1985, 1978, 1988, 1982, 1984, 1973, 1970, 1987, 1975, 1979, 1976]"
O10:Coculture:F11:SN-38,random,18,"[1969, 1972, 1990, 1975, 1981, 1979, 1988, 1970, 1982, 1984, 1978, 1987, 1973, 1985, 1991, 1976]"
O10:Coculture:F11:SN-38,random,19,"[1969, 1972, 1990, 1985, 1984, 1982, 1978, 1970, 1987, 1979, 1975, 1991, 1973, 1976, 1988, 1981]"
O11:Coculture:F06:5-FU,space_filling,-1,"[2401, 2404, 2422, 2413, 2419, 2416, 2410, 2407, 2402, 2405, 2408, 2411, 2414, 2417, 2420, 2423]"
O11:Coculture:F06:5-FU,control_first_space,-1,"[2401, 2404, 2422, 2402, 2413, 2419, 2416, 2410, 2407, 2405, 2408, 2411, 2414, 2417, 2420, 2423]"
O11:Coculture:F06:5-FU,random,0,"[2401, 2404, 2422, 2419, 2407, 2414, 2410, 2411, 2423, 2402, 2408, 2413, 2417, 2420, 2416, 2405]"
O11:Coculture:F06:5-FU,random,1,"[2401, 2404, 2422, 2405, 2419, 2414, 2417, 2423, 2410, 2411, 2416, 2402, 2407, 2420, 2413, 2408]"
O11:Coculture:F06:5-FU,random,2,"[2401, 2404, 2422, 2407, 2419, 2414, 2402, 2413, 2417, 2423, 2420, 2411, 2408, 2410, 2416, 2405]"
O11:Coculture:F06:5-FU,random,3,"[2401, 2404, 2422, 2417, 2423, 2407, 2420, 2402, 2405, 2410, 2414, 2413, 2419, 2411, 2408, 2416]"
O11:Coculture:F06:5-FU,random,4,"[2401, 2404, 2422, 2405, 2417, 2402, 2407, 2423, 2414, 2419, 2416, 2413, 2410, 2408, 2411, 2420]"
O11:Coculture:F06:5-FU,random,5,"[2401, 2404, 2422, 2417, 2405, 2408, 2423, 2414, 2407, 2419, 2410, 2413, 2402, 2420, 2411, 2416]"
O11:Coculture:F06:5-FU,random,6,"[2401, 2404, 2422, 2417, 2419, 2420, 2413, 2410, 2407, 2423, 2416, 2408, 2402, 2411, 2414, 2405]"
O11:Coculture:F06:5-FU,random,7,"[2401, 2404, 2422, 2413, 2416, 2402, 2414, 2410, 2405, 2419, 2408, 2423, 2407, 2411, 2417, 2420]"
O11:Coculture:F06:5-FU,random,8,"[2401, 2404, 2422, 2419, 2402, 2408, 2414, 2416, 2405, 2420, 2413, 2423, 2411, 2417, 2407, 2410]"
O11:Coculture:F06:5-FU,random,9,"[2401, 2404, 2422, 2407, 2417, 2413, 2414, 2420, 2419, 2408, 2411, 2423, 2416, 2410, 2402, 2405]"
O11:Coculture:F06:5-FU,random,10,"[2401, 2404, 2422, 2405, 2419, 2417, 2408, 2414, 2407, 2410, 2420, 2423, 2411, 2413, 2402, 2416]"
O11:Coculture:F06:5-FU,random,11,"[2401, 2404, 2422, 2407, 2420, 2416, 2405, 2413, 2417, 2410, 2411, 2423, 2408, 2419, 2414, 2402]"
O11:Coculture:F06:5-FU,random,12,"[2401, 2404, 2422, 2413, 2405, 2410, 2417, 2419, 2414, 2411, 2402, 2420, 2408, 2407, 2423, 2416]"
O11:Coculture:F06:5-FU,random,13,"[2401, 2404, 2422, 2413, 2405, 2411, 2402, 2410, 2414, 2407, 2416, 2408, 2419, 2420, 2417, 2423]"
O11:Coculture:F06:5-FU,random,14,"[2401, 2404, 2422, 2411, 2423, 2419, 2414, 2408, 2417, 2410, 2413, 2402, 2416, 2420, 2405, 2407]"
O11:Coculture:F06:5-FU,random,15,"[2401, 2404, 2422, 2411, 2408, 2416, 2402, 2413, 2414, 2407, 2419, 2420, 2423, 2410, 2417, 2405]"
O11:Coculture:F06:5-FU,random,16,"[2401, 2404, 2422, 2402, 2419, 2410, 2413, 2416, 2420, 2411, 2414, 2408, 2417, 2405, 2423, 2407]"
O11:Coculture:F06:5-FU,random,17,"[2401, 2404, 2422, 2423, 2413, 2417, 2410, 2420, 2414, 2416, 2405, 2402, 2419, 2407, 2411, 2408]"
O11:Coculture:F06:5-FU,random,18,"[2401, 2404, 2422, 2407, 2413, 2411, 2420, 2402, 2414, 2416, 2410, 2419, 2405, 2417, 2423, 2408]"
O11:Coculture:F06:5-FU,random,19,"[2401, 2404, 2422, 2417, 2416, 2414, 2410, 2402, 2419, 2411, 2407, 2423, 2405, 2408, 2420, 2413]"
O11:Coculture:F06:Gef,space_filling,-1,"[2473, 2476, 2494, 2485, 2482, 2491, 2488, 2479, 2474, 2477, 2480, 2483, 2486, 2489, 2492, 2495]"
O11:Coculture:F06:Gef,control_first_space,-1,"[2473, 2476, 2494, 2474, 2485, 2482, 2491, 2488, 2479, 2477, 2480, 2483, 2486, 2489, 2492, 2495]"
O11:Coculture:F06:Gef,random,0,"[2473, 2476, 2494, 2491, 2479, 2486, 2482, 2483, 2495, 2474, 2480, 2485, 2489, 2492, 2488, 2477]"
O11:Coculture:F06:Gef,random,1,"[2473, 2476, 2494, 2477, 2491, 2486, 2489, 2495, 2482, 2483, 2488, 2474, 2479, 2492, 2485, 2480]"
O11:Coculture:F06:Gef,random,2,"[2473, 2476, 2494, 2479, 2491, 2486, 2474, 2485, 2489, 2495, 2492, 2483, 2480, 2482, 2488, 2477]"
O11:Coculture:F06:Gef,random,3,"[2473, 2476, 2494, 2489, 2495, 2479, 2492, 2474, 2477, 2482, 2486, 2485, 2491, 2483, 2480, 2488]"
O11:Coculture:F06:Gef,random,4,"[2473, 2476, 2494, 2477, 2489, 2474, 2479, 2495, 2486, 2491, 2488, 2485, 2482, 2480, 2483, 2492]"
O11:Coculture:F06:Gef,random,5,"[2473, 2476, 2494, 2489, 2477, 2480, 2495, 2486, 2479, 2491, 2482, 2485, 2474, 2492, 2483, 2488]"
O11:Coculture:F06:Gef,random,6,"[2473, 2476, 2494, 2489, 2491, 2492, 2485, 2482, 2479, 2495, 2488, 2480, 2474, 2483, 2486, 2477]"
O11:Coculture:F06:Gef,random,7,"[2473, 2476, 2494, 2485, 2488, 2474, 2486, 2482, 2477, 2491, 2480, 2495, 2479, 2483, 2489, 2492]"
O11:Coculture:F06:Gef,random,8,"[2473, 2476, 2494, 2491, 2474, 2480, 2486, 2488, 2477, 2492, 2485, 2495, 2483, 2489, 2479, 2482]"
O11:Coculture:F06:Gef,random,9,"[2473, 2476, 2494, 2479, 2489, 2485, 2486, 2492, 2491, 2480, 2483, 2495, 2488, 2482, 2474, 2477]"
O11:Coculture:F06:Gef,random,10,"[2473, 2476, 2494, 2477, 2491, 2489, 2480, 2486, 2479, 2482, 2492, 2495, 2483, 2485, 2474, 2488]"
O11:Coculture:F06:Gef,random,11,"[2473, 2476, 2494, 2479, 2492, 2488, 2477, 2485, 2489, 2482, 2483, 2495, 2480, 2491, 2486, 2474]"
O11:Coculture:F06:Gef,random,12,"[2473, 2476, 2494, 2485, 2477, 2482, 2489, 2491, 2486, 2483, 2474, 2492, 2480, 2479, 2495, 2488]"
O11:Coculture:F06:Gef,random,13,"[2473, 2476, 2494, 2485, 2477, 2483, 2474, 2482, 2486, 2479, 2488, 2480, 2491, 2492, 2489, 2495]"
O11:Coculture:F06:Gef,random,14,"[2473, 2476, 2494, 2483, 2495, 2491, 2486, 2480, 2489, 2482, 2485, 2474, 2488, 2492, 2477, 2479]"
O11:Coculture:F06:Gef,random,15,"[2473, 2476, 2494, 2483, 2480, 2488, 2474, 2485, 2486, 2479, 2491, 2492, 2495, 2482, 2489, 2477]"
O11:Coculture:F06:Gef,random,16,"[2473, 2476, 2494, 2474, 2491, 2482, 2485, 2488, 2492, 2483, 2486, 2480, 2489, 2477, 2495, 2479]"
O11:Coculture:F06:Gef,random,17,"[2473, 2476, 2494, 2495, 2485, 2489, 2482, 2492, 2486, 2488, 2477, 2474, 2491, 2479, 2483, 2480]"
O11:Coculture:F06:Gef,random,18,"[2473, 2476, 2494, 2479, 2485, 2483, 2492, 2474, 2486, 2488, 2482, 2491, 2477, 2489, 2495, 2480]"
O11:Coculture:F06:Gef,random,19,"[2473, 2476, 2494, 2489, 2488, 2486, 2482, 2474, 2491, 2483, 2479, 2495, 2477, 2480, 2492, 2485]"
O11:Coculture:F06:Oxa,space_filling,-1,"[2425, 2428, 2446, 2437, 2443, 2440, 2434, 2431, 2426, 2429, 2432, 2435, 2438, 2441, 2444, 2447]"
O11:Coculture:F06:Oxa,control_first_space,-1,"[2425, 2428, 2446, 2426, 2437, 2443, 2440, 2434, 2431, 2429, 2432, 2435, 2438, 2441, 2444, 2447]"
O11:Coculture:F06:Oxa,random,0,"[2425, 2428, 2446, 2443, 2431, 2438, 2434, 2435, 2447, 2426, 2432, 2437, 2441, 2444, 2440, 2429]"
O11:Coculture:F06:Oxa,random,1,"[2425, 2428, 2446, 2429, 2443, 2438, 2441, 2447, 2434, 2435, 2440, 2426, 2431, 2444, 2437, 2432]"
O11:Coculture:F06:Oxa,random,2,"[2425, 2428, 2446, 2431, 2443, 2438, 2426, 2437, 2441, 2447, 2444, 2435, 2432, 2434, 2440, 2429]"
O11:Coculture:F06:Oxa,random,3,"[2425, 2428, 2446, 2441, 2447, 2431, 2444, 2426, 2429, 2434, 2438, 2437, 2443, 2435, 2432, 2440]"
O11:Coculture:F06:Oxa,random,4,"[2425, 2428, 2446, 2429, 2441, 2426, 2431, 2447, 2438, 2443, 2440, 2437, 2434, 2432, 2435, 2444]"
O11:Coculture:F06:Oxa,random,5,"[2425, 2428, 2446, 2441, 2429, 2432, 2447, 2438, 2431, 2443, 2434, 2437, 2426, 2444, 2435, 2440]"
O11:Coculture:F06:Oxa,random,6,"[2425, 2428, 2446, 2441, 2443, 2444, 2437, 2434, 2431, 2447, 2440, 2432, 2426, 2435, 2438, 2429]"
O11:Coculture:F06:Oxa,random,7,"[2425, 2428, 2446, 2437, 2440, 2426, 2438, 2434, 2429, 2443, 2432, 2447, 2431, 2435, 2441, 2444]"
O11:Coculture:F06:Oxa,random,8,"[2425, 2428, 2446, 2443, 2426, 2432, 2438, 2440, 2429, 2444, 2437, 2447, 2435, 2441, 2431, 2434]"
O11:Coculture:F06:Oxa,random,9,"[2425, 2428, 2446, 2431, 2441, 2437, 2438, 2444, 2443, 2432, 2435, 2447, 2440, 2434, 2426, 2429]"
O11:Coculture:F06:Oxa,random,10,"[2425, 2428, 2446, 2429, 2443, 2441, 2432, 2438, 2431, 2434, 2444, 2447, 2435, 2437, 2426, 2440]"
O11:Coculture:F06:Oxa,random,11,"[2425, 2428, 2446, 2431, 2444, 2440, 2429, 2437, 2441, 2434, 2435, 2447, 2432, 2443, 2438, 2426]"
O11:Coculture:F06:Oxa,random,12,"[2425, 2428, 2446, 2437, 2429, 2434, 2441, 2443, 2438, 2435, 2426, 2444, 2432, 2431, 2447, 2440]"
O11:Coculture:F06:Oxa,random,13,"[2425, 2428, 2446, 2437, 2429, 2435, 2426, 2434, 2438, 2431, 2440, 2432, 2443, 2444, 2441, 2447]"
O11:Coculture:F06:Oxa,random,14,"[2425, 2428, 2446, 2435, 2447, 2443, 2438, 2432, 2441, 2434, 2437, 2426, 2440, 2444, 2429, 2431]"
O11:Coculture:F06:Oxa,random,15,"[2425, 2428, 2446, 2435, 2432, 2440, 2426, 2437, 2438, 2431, 2443, 2444, 2447, 2434, 2441, 2429]"
O11:Coculture:F06:Oxa,random,16,"[2425, 2428, 2446, 2426, 2443, 2434, 2437, 2440, 2444, 2435, 2438, 2432, 2441, 2429, 2447, 2431]"
O11:Coculture:F06:Oxa,random,17,"[2425, 2428, 2446, 2447, 2437, 2441, 2434, 2444, 2438, 2440, 2429, 2426, 2443, 2431, 2435, 2432]"
O11:Coculture:F06:Oxa,random,18,"[2425, 2428, 2446, 2431, 2437, 2435, 2444, 2426, 2438, 2440, 2434, 2443, 2429, 2441, 2447, 2432]"
O11:Coculture:F06:Oxa,random,19,"[2425, 2428, 2446, 2441, 2440, 2438, 2434, 2426, 2443, 2435, 2431, 2447, 2429, 2432, 2444, 2437]"
O11:Coculture:F06:SN-38,space_filling,-1,"[2449, 2452, 2470, 2461, 2467, 2464, 2458, 2455, 2450, 2453, 2456, 2459, 2462, 2465, 2468, 2471]"
O11:Coculture:F06:SN-38,control_first_space,-1,"[2449, 2452, 2470, 2450, 2461, 2467, 2464, 2458, 2455, 2453, 2456, 2459, 2462, 2465, 2468, 2471]"
O11:Coculture:F06:SN-38,random,0,"[2449, 2452, 2470, 2467, 2455, 2462, 2458, 2459, 2471, 2450, 2456, 2461, 2465, 2468, 2464, 2453]"
O11:Coculture:F06:SN-38,random,1,"[2449, 2452, 2470, 2453, 2467, 2462, 2465, 2471, 2458, 2459, 2464, 2450, 2455, 2468, 2461, 2456]"
O11:Coculture:F06:SN-38,random,2,"[2449, 2452, 2470, 2455, 2467, 2462, 2450, 2461, 2465, 2471, 2468, 2459, 2456, 2458, 2464, 2453]"
O11:Coculture:F06:SN-38,random,3,"[2449, 2452, 2470, 2465, 2471, 2455, 2468, 2450, 2453, 2458, 2462, 2461, 2467, 2459, 2456, 2464]"
O11:Coculture:F06:SN-38,random,4,"[2449, 2452, 2470, 2453, 2465, 2450, 2455, 2471, 2462, 2467, 2464, 2461, 2458, 2456, 2459, 2468]"
O11:Coculture:F06:SN-38,random,5,"[2449, 2452, 2470, 2465, 2453, 2456, 2471, 2462, 2455, 2467, 2458, 2461, 2450, 2468, 2459, 2464]"
O11:Coculture:F06:SN-38,random,6,"[2449, 2452, 2470, 2465, 2467, 2468, 2461, 2458, 2455, 2471, 2464, 2456, 2450, 2459, 2462, 2453]"
O11:Coculture:F06:SN-38,random,7,"[2449, 2452, 2470, 2461, 2464, 2450, 2462, 2458, 2453, 2467, 2456, 2471, 2455, 2459, 2465, 2468]"
O11:Coculture:F06:SN-38,random,8,"[2449, 2452, 2470, 2467, 2450, 2456, 2462, 2464, 2453, 2468, 2461, 2471, 2459, 2465, 2455, 2458]"
O11:Coculture:F06:SN-38,random,9,"[2449, 2452, 2470, 2455, 2465, 2461, 2462, 2468, 2467, 2456, 2459, 2471, 2464, 2458, 2450, 2453]"
O11:Coculture:F06:SN-38,random,10,"[2449, 2452, 2470, 2453, 2467, 2465, 2456, 2462, 2455, 2458, 2468, 2471, 2459, 2461, 2450, 2464]"
O11:Coculture:F06:SN-38,random,11,"[2449, 2452, 2470, 2455, 2468, 2464, 2453, 2461, 2465, 2458, 2459, 2471, 2456, 2467, 2462, 2450]"
O11:Coculture:F06:SN-38,random,12,"[2449, 2452, 2470, 2461, 2453, 2458, 2465, 2467, 2462, 2459, 2450, 2468, 2456, 2455, 2471, 2464]"
O11:Coculture:F06:SN-38,random,13,"[2449, 2452, 2470, 2461, 2453, 2459, 2450, 2458, 2462, 2455, 2464, 2456, 2467, 2468, 2465, 2471]"
O11:Coculture:F06:SN-38,random,14,"[2449, 2452, 2470, 2459, 2471, 2467, 2462, 2456, 2465, 2458, 2461, 2450, 2464, 2468, 2453, 2455]"
O11:Coculture:F06:SN-38,random,15,"[2449, 2452, 2470, 2459, 2456, 2464, 2450, 2461, 2462, 2455, 2467, 2468, 2471, 2458, 2465, 2453]"
O11:Coculture:F06:SN-38,random,16,"[2449, 2452, 2470, 2450, 2467, 2458, 2461, 2464, 2468, 2459, 2462, 2456, 2465, 2453, 2471, 2455]"
O11:Coculture:F06:SN-38,random,17,"[2449, 2452, 2470, 2471, 2461, 2465, 2458, 2468, 2462, 2464, 2453, 2450, 2467, 2455, 2459, 2456]"
O11:Coculture:F06:SN-38,random,18,"[2449, 2452, 2470, 2455, 2461, 2459, 2468, 2450, 2462, 2464, 2458, 2467, 2453, 2465, 2471, 2456]"
O11:Coculture:F06:SN-38,random,19,"[2449, 2452, 2470, 2465, 2464, 2462, 2458, 2450, 2467, 2459, 2455, 2471, 2453, 2456, 2468, 2461]"
O11:Coculture:F11:5-FU,space_filling,-1,"[2113, 2116, 2134, 2125, 2131, 2128, 2122, 2119, 2114, 2117, 2120, 2123, 2126, 2129, 2132, 2135]"
O11:Coculture:F11:5-FU,control_first_space,-1,"[2113, 2116, 2134, 2114, 2125, 2131, 2128, 2122, 2119, 2117, 2120, 2123, 2126, 2129, 2132, 2135]"
O11:Coculture:F11:5-FU,random,0,"[2113, 2116, 2134, 2131, 2119, 2126, 2122, 2123, 2135, 2114, 2120, 2125, 2129, 2132, 2128, 2117]"
O11:Coculture:F11:5-FU,random,1,"[2113, 2116, 2134, 2117, 2131, 2126, 2129, 2135, 2122, 2123, 2128, 2114, 2119, 2132, 2125, 2120]"
O11:Coculture:F11:5-FU,random,2,"[2113, 2116, 2134, 2119, 2131, 2126, 2114, 2125, 2129, 2135, 2132, 2123, 2120, 2122, 2128, 2117]"
O11:Coculture:F11:5-FU,random,3,"[2113, 2116, 2134, 2129, 2135, 2119, 2132, 2114, 2117, 2122, 2126, 2125, 2131, 2123, 2120, 2128]"
O11:Coculture:F11:5-FU,random,4,"[2113, 2116, 2134, 2117, 2129, 2114, 2119, 2135, 2126, 2131, 2128, 2125, 2122, 2120, 2123, 2132]"
O11:Coculture:F11:5-FU,random,5,"[2113, 2116, 2134, 2129, 2117, 2120, 2135, 2126, 2119, 2131, 2122, 2125, 2114, 2132, 2123, 2128]"
O11:Coculture:F11:5-FU,random,6,"[2113, 2116, 2134, 2129, 2131, 2132, 2125, 2122, 2119, 2135, 2128, 2120, 2114, 2123, 2126, 2117]"
O11:Coculture:F11:5-FU,random,7,"[2113, 2116, 2134, 2125, 2128, 2114, 2126, 2122, 2117, 2131, 2120, 2135, 2119, 2123, 2129, 2132]"
O11:Coculture:F11:5-FU,random,8,"[2113, 2116, 2134, 2131, 2114, 2120, 2126, 2128, 2117, 2132, 2125, 2135, 2123, 2129, 2119, 2122]"
O11:Coculture:F11:5-FU,random,9,"[2113, 2116, 2134, 2119, 2129, 2125, 2126, 2132, 2131, 2120, 2123, 2135, 2128, 2122, 2114, 2117]"
O11:Coculture:F11:5-FU,random,10,"[2113, 2116, 2134, 2117, 2131, 2129, 2120, 2126, 2119, 2122, 2132, 2135, 2123, 2125, 2114, 2128]"
O11:Coculture:F11:5-FU,random,11,"[2113, 2116, 2134, 2119, 2132, 2128, 2117, 2125, 2129, 2122, 2123, 2135, 2120, 2131, 2126, 2114]"
O11:Coculture:F11:5-FU,random,12,"[2113, 2116, 2134, 2125, 2117, 2122, 2129, 2131, 2126, 2123, 2114, 2132, 2120, 2119, 2135, 2128]"
O11:Coculture:F11:5-FU,random,13,"[2113, 2116, 2134, 2125, 2117, 2123, 2114, 2122, 2126, 2119, 2128, 2120, 2131, 2132, 2129, 2135]"
O11:Coculture:F11:5-FU,random,14,"[2113, 2116, 2134, 2123, 2135, 2131, 2126, 2120, 2129, 2122, 2125, 2114, 2128, 2132, 2117, 2119]"
O11:Coculture:F11:5-FU,random,15,"[2113, 2116, 2134, 2123, 2120, 2128, 2114, 2125, 2126, 2119, 2131, 2132, 2135, 2122, 2129, 2117]"
O11:Coculture:F11:5-FU,random,16,"[2113, 2116, 2134, 2114, 2131, 2122, 2125, 2128, 2132, 2123, 2126, 2120, 2129, 2117, 2135, 2119]"
O11:Coculture:F11:5-FU,random,17,"[2113, 2116, 2134, 2135, 2125, 2129, 2122, 2132, 2126, 2128, 2117, 2114, 2131, 2119, 2123, 2120]"
O11:Coculture:F11:5-FU,random,18,"[2113, 2116, 2134, 2119, 2125, 2123, 2132, 2114, 2126, 2128, 2122, 2131, 2117, 2129, 2135, 2120]"
O11:Coculture:F11:5-FU,random,19,"[2113, 2116, 2134, 2129, 2128, 2126, 2122, 2114, 2131, 2123, 2119, 2135, 2117, 2120, 2132, 2125]"
O11:Coculture:F11:Gef,space_filling,-1,"[2185, 2188, 2206, 2197, 2194, 2203, 2200, 2191, 2186, 2189, 2192, 2195, 2198, 2201, 2204, 2207]"
O11:Coculture:F11:Gef,control_first_space,-1,"[2185, 2188, 2206, 2186, 2197, 2194, 2203, 2200, 2191, 2189, 2192, 2195, 2198, 2201, 2204, 2207]"
O11:Coculture:F11:Gef,random,0,"[2185, 2188, 2206, 2203, 2191, 2198, 2194, 2195, 2207, 2186, 2192, 2197, 2201, 2204, 2200, 2189]"
O11:Coculture:F11:Gef,random,1,"[2185, 2188, 2206, 2189, 2203, 2198, 2201, 2207, 2194, 2195, 2200, 2186, 2191, 2204, 2197, 2192]"
O11:Coculture:F11:Gef,random,2,"[2185, 2188, 2206, 2191, 2203, 2198, 2186, 2197, 2201, 2207, 2204, 2195, 2192, 2194, 2200, 2189]"
O11:Coculture:F11:Gef,random,3,"[2185, 2188, 2206, 2201, 2207, 2191, 2204, 2186, 2189, 2194, 2198, 2197, 2203, 2195, 2192, 2200]"
O11:Coculture:F11:Gef,random,4,"[2185, 2188, 2206, 2189, 2201, 2186, 2191, 2207, 2198, 2203, 2200, 2197, 2194, 2192, 2195, 2204]"
O11:Coculture:F11:Gef,random,5,"[2185, 2188, 2206, 2201, 2189, 2192, 2207, 2198, 2191, 2203, 2194, 2197, 2186, 2204, 2195, 2200]"
O11:Coculture:F11:Gef,random,6,"[2185, 2188, 2206, 2201, 2203, 2204, 2197, 2194, 2191, 2207, 2200, 2192, 2186, 2195, 2198, 2189]"
O11:Coculture:F11:Gef,random,7,"[2185, 2188, 2206, 2197, 2200, 2186, 2198, 2194, 2189, 2203, 2192, 2207, 2191, 2195, 2201, 2204]"
O11:Coculture:F11:Gef,random,8,"[2185, 2188, 2206, 2203, 2186, 2192, 2198, 2200, 2189, 2204, 2197, 2207, 2195, 2201, 2191, 2194]"
O11:Coculture:F11:Gef,random,9,"[2185, 2188, 2206, 2191, 2201, 2197, 2198, 2204, 2203, 2192, 2195, 2207, 2200, 2194, 2186, 2189]"
O11:Coculture:F11:Gef,random,10,"[2185, 2188, 2206, 2189, 2203, 2201, 2192, 2198, 2191, 2194, 2204, 2207, 2195, 2197, 2186, 2200]"
O11:Coculture:F11:Gef,random,11,"[2185, 2188, 2206, 2191, 2204, 2200, 2189, 2197, 2201, 2194, 2195, 2207, 2192, 2203, 2198, 2186]"
O11:Coculture:F11:Gef,random,12,"[2185, 2188, 2206, 2197, 2189, 2194, 2201, 2203, 2198, 2195, 2186, 2204, 2192, 2191, 2207, 2200]"
O11:Coculture:F11:Gef,random,13,"[2185, 2188, 2206, 2197, 2189, 2195, 2186, 2194, 2198, 2191, 2200, 2192, 2203, 2204, 2201, 2207]"
O11:Coculture:F11:Gef,random,14,"[2185, 2188, 2206, 2195, 2207, 2203, 2198, 2192, 2201, 2194, 2197, 2186, 2200, 2204, 2189, 2191]"
O11:Coculture:F11:Gef,random,15,"[2185, 2188, 2206, 2195, 2192, 2200, 2186, 2197, 2198, 2191, 2203, 2204, 2207, 2194, 2201, 2189]"
O11:Coculture:F11:Gef,random,16,"[2185, 2188, 2206, 2186, 2203, 2194, 2197, 2200, 2204, 2195, 2198, 2192, 2201, 2189, 2207, 2191]"
O11:Coculture:F11:Gef,random,17,"[2185, 2188, 2206, 2207, 2197, 2201, 2194, 2204, 2198, 2200, 2189, 2186, 2203, 2191, 2195, 2192]"
O11:Coculture:F11:Gef,random,18,"[2185, 2188, 2206, 2191, 2197, 2195, 2204, 2186, 2198, 2200, 2194, 2203, 2189, 2201, 2207, 2192]"
O11:Coculture:F11:Gef,random,19,"[2185, 2188, 2206, 2201, 2200, 2198, 2194, 2186, 2203, 2195, 2191, 2207, 2189, 2192, 2204, 2197]"
O11:Coculture:F11:Oxa,space_filling,-1,"[2137, 2140, 2158, 2149, 2155, 2152, 2146, 2143, 2138, 2141, 2144, 2147, 2150, 2153, 2156, 2159]"
O11:Coculture:F11:Oxa,control_first_space,-1,"[2137, 2140, 2158, 2138, 2149, 2155, 2152, 2146, 2143, 2141, 2144, 2147, 2150, 2153, 2156, 2159]"
O11:Coculture:F11:Oxa,random,0,"[2137, 2140, 2158, 2155, 2143, 2150, 2146, 2147, 2159, 2138, 2144, 2149, 2153, 2156, 2152, 2141]"
O11:Coculture:F11:Oxa,random,1,"[2137, 2140, 2158, 2141, 2155, 2150, 2153, 2159, 2146, 2147, 2152, 2138, 2143, 2156, 2149, 2144]"
O11:Coculture:F11:Oxa,random,2,"[2137, 2140, 2158, 2143, 2155, 2150, 2138, 2149, 2153, 2159, 2156, 2147, 2144, 2146, 2152, 2141]"
O11:Coculture:F11:Oxa,random,3,"[2137, 2140, 2158, 2153, 2159, 2143, 2156, 2138, 2141, 2146, 2150, 2149, 2155, 2147, 2144, 2152]"
O11:Coculture:F11:Oxa,random,4,"[2137, 2140, 2158, 2141, 2153, 2138, 2143, 2159, 2150, 2155, 2152, 2149, 2146, 2144, 2147, 2156]"
O11:Coculture:F11:Oxa,random,5,"[2137, 2140, 2158, 2153, 2141, 2144, 2159, 2150, 2143, 2155, 2146, 2149, 2138, 2156, 2147, 2152]"
O11:Coculture:F11:Oxa,random,6,"[2137, 2140, 2158, 2153, 2155, 2156, 2149, 2146, 2143, 2159, 2152, 2144, 2138, 2147, 2150, 2141]"
O11:Coculture:F11:Oxa,random,7,"[2137, 2140, 2158, 2149, 2152, 2138, 2150, 2146, 2141, 2155, 2144, 2159, 2143, 2147, 2153, 2156]"
O11:Coculture:F11:Oxa,random,8,"[2137, 2140, 2158, 2155, 2138, 2144, 2150, 2152, 2141, 2156, 2149, 2159, 2147, 2153, 2143, 2146]"
O11:Coculture:F11:Oxa,random,9,"[2137, 2140, 2158, 2143, 2153, 2149, 2150, 2156, 2155, 2144, 2147, 2159, 2152, 2146, 2138, 2141]"
O11:Coculture:F11:Oxa,random,10,"[2137, 2140, 2158, 2141, 2155, 2153, 2144, 2150, 2143, 2146, 2156, 2159, 2147, 2149, 2138, 2152]"
O11:Coculture:F11:Oxa,random,11,"[2137, 2140, 2158, 2143, 2156, 2152, 2141, 2149, 2153, 2146, 2147, 2159, 2144, 2155, 2150, 2138]"
O11:Coculture:F11:Oxa,random,12,"[2137, 2140, 2158, 2149, 2141, 2146, 2153, 2155, 2150, 2147, 2138, 2156, 2144, 2143, 2159, 2152]"
O11:Coculture:F11:Oxa,random,13,"[2137, 2140, 2158, 2149, 2141, 2147, 2138, 2146, 2150, 2143, 2152, 2144, 2155, 2156, 2153, 2159]"
O11:Coculture:F11:Oxa,random,14,"[2137, 2140, 2158, 2147, 2159, 2155, 2150, 2144, 2153, 2146, 2149, 2138, 2152, 2156, 2141, 2143]"
O11:Coculture:F11:Oxa,random,15,"[2137, 2140, 2158, 2147, 2144, 2152, 2138, 2149, 2150, 2143, 2155, 2156, 2159, 2146, 2153, 2141]"
O11:Coculture:F11:Oxa,random,16,"[2137, 2140, 2158, 2138, 2155, 2146, 2149, 2152, 2156, 2147, 2150, 2144, 2153, 2141, 2159, 2143]"
O11:Coculture:F11:Oxa,random,17,"[2137, 2140, 2158, 2159, 2149, 2153, 2146, 2156, 2150, 2152, 2141, 2138, 2155, 2143, 2147, 2144]"
O11:Coculture:F11:Oxa,random,18,"[2137, 2140, 2158, 2143, 2149, 2147, 2156, 2138, 2150, 2152, 2146, 2155, 2141, 2153, 2159, 2144]"
O11:Coculture:F11:Oxa,random,19,"[2137, 2140, 2158, 2153, 2152, 2150, 2146, 2138, 2155, 2147, 2143, 2159, 2141, 2144, 2156, 2149]"
O11:Coculture:F11:SN-38,space_filling,-1,"[2161, 2164, 2182, 2173, 2179, 2176, 2170, 2167, 2162, 2165, 2168, 2171, 2174, 2177, 2180, 2183]"
O11:Coculture:F11:SN-38,control_first_space,-1,"[2161, 2164, 2182, 2162, 2173, 2179, 2176, 2170, 2167, 2165, 2168, 2171, 2174, 2177, 2180, 2183]"
O11:Coculture:F11:SN-38,random,0,"[2161, 2164, 2182, 2179, 2167, 2174, 2170, 2171, 2183, 2162, 2168, 2173, 2177, 2180, 2176, 2165]"
O11:Coculture:F11:SN-38,random,1,"[2161, 2164, 2182, 2165, 2179, 2174, 2177, 2183, 2170, 2171, 2176, 2162, 2167, 2180, 2173, 2168]"
O11:Coculture:F11:SN-38,random,2,"[2161, 2164, 2182, 2167, 2179, 2174, 2162, 2173, 2177, 2183, 2180, 2171, 2168, 2170, 2176, 2165]"
O11:Coculture:F11:SN-38,random,3,"[2161, 2164, 2182, 2177, 2183, 2167, 2180, 2162, 2165, 2170, 2174, 2173, 2179, 2171, 2168, 2176]"
O11:Coculture:F11:SN-38,random,4,"[2161, 2164, 2182, 2165, 2177, 2162, 2167, 2183, 2174, 2179, 2176, 2173, 2170, 2168, 2171, 2180]"
O11:Coculture:F11:SN-38,random,5,"[2161, 2164, 2182, 2177, 2165, 2168, 2183, 2174, 2167, 2179, 2170, 2173, 2162, 2180, 2171, 2176]"
O11:Coculture:F11:SN-38,random,6,"[2161, 2164, 2182, 2177, 2179, 2180, 2173, 2170, 2167, 2183, 2176, 2168, 2162, 2171, 2174, 2165]"
O11:Coculture:F11:SN-38,random,7,"[2161, 2164, 2182, 2173, 2176, 2162, 2174, 2170, 2165, 2179, 2168, 2183, 2167, 2171, 2177, 2180]"
O11:Coculture:F11:SN-38,random,8,"[2161, 2164, 2182, 2179, 2162, 2168, 2174, 2176, 2165, 2180, 2173, 2183, 2171, 2177, 2167, 2170]"
O11:Coculture:F11:SN-38,random,9,"[2161, 2164, 2182, 2167, 2177, 2173, 2174, 2180, 2179, 2168, 2171, 2183, 2176, 2170, 2162, 2165]"
O11:Coculture:F11:SN-38,random,10,"[2161, 2164, 2182, 2165, 2179, 2177, 2168, 2174, 2167, 2170, 2180, 2183, 2171, 2173, 2162, 2176]"
O11:Coculture:F11:SN-38,random,11,"[2161, 2164, 2182, 2167, 2180, 2176, 2165, 2173, 2177, 2170, 2171, 2183, 2168, 2179, 2174, 2162]"
O11:Coculture:F11:SN-38,random,12,"[2161, 2164, 2182, 2173, 2165, 2170, 2177, 2179, 2174, 2171, 2162, 2180, 2168, 2167, 2183, 2176]"
O11:Coculture:F11:SN-38,random,13,"[2161, 2164, 2182, 2173, 2165, 2171, 2162, 2170, 2174, 2167, 2176, 2168, 2179, 2180, 2177, 2183]"
O11:Coculture:F11:SN-38,random,14,"[2161, 2164, 2182, 2171, 2183, 2179, 2174, 2168, 2177, 2170, 2173, 2162, 2176, 2180, 2165, 2167]"
O11:Coculture:F11:SN-38,random,15,"[2161, 2164, 2182, 2171, 2168, 2176, 2162, 2173, 2174, 2167, 2179, 2180, 2183, 2170, 2177, 2165]"
O11:Coculture:F11:SN-38,random,16,"[2161, 2164, 2182, 2162, 2179, 2170, 2173, 2176, 2180, 2171, 2174, 2168, 2177, 2165, 2183, 2167]"
O11:Coculture:F11:SN-38,random,17,"[2161, 2164, 2182, 2183, 2173, 2177, 2170, 2180, 2174, 2176, 2165, 2162, 2179, 2167, 2171, 2168]"
O11:Coculture:F11:SN-38,random,18,"[2161, 2164, 2182, 2167, 2173, 2171, 2180, 2162, 2174, 2176, 2170, 2179, 2165, 2177, 2183, 2168]"
O11:Coculture:F11:SN-38,random,19,"[2161, 2164, 2182, 2177, 2176, 2174, 2170, 2162, 2179, 2171, 2167, 2183, 2165, 2168, 2180, 2173]"
O11:Coculture:F14:5-FU,space_filling,-1,"[2209, 2212, 2230, 2221, 2227, 2224, 2218, 2215, 2210, 2213, 2216, 2219, 2222, 2225, 2228, 2231]"
O11:Coculture:F14:5-FU,control_first_space,-1,"[2209, 2212, 2230, 2210, 2221, 2227, 2224, 2218, 2215, 2213, 2216, 2219, 2222, 2225, 2228, 2231]"
O11:Coculture:F14:5-FU,random,0,"[2209, 2212, 2230, 2227, 2215, 2222, 2218, 2219, 2231, 2210, 2216, 2221, 2225, 2228, 2224, 2213]"
O11:Coculture:F14:5-FU,random,1,"[2209, 2212, 2230, 2213, 2227, 2222, 2225, 2231, 2218, 2219, 2224, 2210, 2215, 2228, 2221, 2216]"
O11:Coculture:F14:5-FU,random,2,"[2209, 2212, 2230, 2215, 2227, 2222, 2210, 2221, 2225, 2231, 2228, 2219, 2216, 2218, 2224, 2213]"
O11:Coculture:F14:5-FU,random,3,"[2209, 2212, 2230, 2225, 2231, 2215, 2228, 2210, 2213, 2218, 2222, 2221, 2227, 2219, 2216, 2224]"
O11:Coculture:F14:5-FU,random,4,"[2209, 2212, 2230, 2213, 2225, 2210, 2215, 2231, 2222, 2227, 2224, 2221, 2218, 2216, 2219, 2228]"
O11:Coculture:F14:5-FU,random,5,"[2209, 2212, 2230, 2225, 2213, 2216, 2231, 2222, 2215, 2227, 2218, 2221, 2210, 2228, 2219, 2224]"
O11:Coculture:F14:5-FU,random,6,"[2209, 2212, 2230, 2225, 2227, 2228, 2221, 2218, 2215, 2231, 2224, 2216, 2210, 2219, 2222, 2213]"
O11:Coculture:F14:5-FU,random,7,"[2209, 2212, 2230, 2221, 2224, 2210, 2222, 2218, 2213, 2227, 2216, 2231, 2215, 2219, 2225, 2228]"
O11:Coculture:F14:5-FU,random,8,"[2209, 2212, 2230, 2227, 2210, 2216, 2222, 2224, 2213, 2228, 2221, 2231, 2219, 2225, 2215, 2218]"
O11:Coculture:F14:5-FU,random,9,"[2209, 2212, 2230, 2215, 2225, 2221, 2222, 2228, 2227, 2216, 2219, 2231, 2224, 2218, 2210, 2213]"
O11:Coculture:F14:5-FU,random,10,"[2209, 2212, 2230, 2213, 2227, 2225, 2216, 2222, 2215, 2218, 2228, 2231, 2219, 2221, 2210, 2224]"
O11:Coculture:F14:5-FU,random,11,"[2209, 2212, 2230, 2215, 2228, 2224, 2213, 2221, 2225, 2218, 2219, 2231, 2216, 2227, 2222, 2210]"
O11:Coculture:F14:5-FU,random,12,"[2209, 2212, 2230, 2221, 2213, 2218, 2225, 2227, 2222, 2219, 2210, 2228, 2216, 2215, 2231, 2224]"
O11:Coculture:F14:5-FU,random,13,"[2209, 2212, 2230, 2221, 2213, 2219, 2210, 2218, 2222, 2215, 2224, 2216, 2227, 2228, 2225, 2231]"
O11:Coculture:F14:5-FU,random,14,"[2209, 2212, 2230, 2219, 2231, 2227, 2222, 2216, 2225, 2218, 2221, 2210, 2224, 2228, 2213, 2215]"
O11:Coculture:F14:5-FU,random,15,"[2209, 2212, 2230, 2219, 2216, 2224, 2210, 2221, 2222, 2215, 2227, 2228, 2231, 2218, 2225, 2213]"
O11:Coculture:F14:5-FU,random,16,"[2209, 2212, 2230, 2210, 2227, 2218, 2221, 2224, 2228, 2219, 2222, 2216, 2225, 2213, 2231, 2215]"
O11:Coculture:F14:5-FU,random,17,"[2209, 2212, 2230, 2231, 2221, 2225, 2218, 2228, 2222, 2224, 2213, 2210, 2227, 2215, 2219, 2216]"
O11:Coculture:F14:5-FU,random,18,"[2209, 2212, 2230, 2215, 2221, 2219, 2228, 2210, 2222, 2224, 2218, 2227, 2213, 2225, 2231, 2216]"
O11:Coculture:F14:5-FU,random,19,"[2209, 2212, 2230, 2225, 2224, 2222, 2218, 2210, 2227, 2219, 2215, 2231, 2213, 2216, 2228, 2221]"
O11:Coculture:F14:Gef,space_filling,-1,"[2281, 2284, 2302, 2293, 2290, 2299, 2296, 2287, 2282, 2285, 2288, 2291, 2294, 2297, 2300, 2303]"
O11:Coculture:F14:Gef,control_first_space,-1,"[2281, 2284, 2302, 2282, 2293, 2290, 2299, 2296, 2287, 2285, 2288, 2291, 2294, 2297, 2300, 2303]"
O11:Coculture:F14:Gef,random,0,"[2281, 2284, 2302, 2299, 2287, 2294, 2290, 2291, 2303, 2282, 2288, 2293, 2297, 2300, 2296, 2285]"
O11:Coculture:F14:Gef,random,1,"[2281, 2284, 2302, 2285, 2299, 2294, 2297, 2303, 2290, 2291, 2296, 2282, 2287, 2300, 2293, 2288]"
O11:Coculture:F14:Gef,random,2,"[2281, 2284, 2302, 2287, 2299, 2294, 2282, 2293, 2297, 2303, 2300, 2291, 2288, 2290, 2296, 2285]"
O11:Coculture:F14:Gef,random,3,"[2281, 2284, 2302, 2297, 2303, 2287, 2300, 2282, 2285, 2290, 2294, 2293, 2299, 2291, 2288, 2296]"
O11:Coculture:F14:Gef,random,4,"[2281, 2284, 2302, 2285, 2297, 2282, 2287, 2303, 2294, 2299, 2296, 2293, 2290, 2288, 2291, 2300]"
O11:Coculture:F14:Gef,random,5,"[2281, 2284, 2302, 2297, 2285, 2288, 2303, 2294, 2287, 2299, 2290, 2293, 2282, 2300, 2291, 2296]"
O11:Coculture:F14:Gef,random,6,"[2281, 2284, 2302, 2297, 2299, 2300, 2293, 2290, 2287, 2303, 2296, 2288, 2282, 2291, 2294, 2285]"
O11:Coculture:F14:Gef,random,7,"[2281, 2284, 2302, 2293, 2296, 2282, 2294, 2290, 2285, 2299, 2288, 2303, 2287, 2291, 2297, 2300]"
O11:Coculture:F14:Gef,random,8,"[2281, 2284, 2302, 2299, 2282, 2288, 2294, 2296, 2285, 2300, 2293, 2303, 2291, 2297, 2287, 2290]"
O11:Coculture:F14:Gef,random,9,"[2281, 2284, 2302, 2287, 2297, 2293, 2294, 2300, 2299, 2288, 2291, 2303, 2296, 2290, 2282, 2285]"
O11:Coculture:F14:Gef,random,10,"[2281, 2284, 2302, 2285, 2299, 2297, 2288, 2294, 2287, 2290, 2300, 2303, 2291, 2293, 2282, 2296]"
O11:Coculture:F14:Gef,random,11,"[2281, 2284, 2302, 2287, 2300, 2296, 2285, 2293, 2297, 2290, 2291, 2303, 2288, 2299, 2294, 2282]"
O11:Coculture:F14:Gef,random,12,"[2281, 2284, 2302, 2293, 2285, 2290, 2297, 2299, 2294, 2291, 2282, 2300, 2288, 2287, 2303, 2296]"
O11:Coculture:F14:Gef,random,13,"[2281, 2284, 2302, 2293, 2285, 2291, 2282, 2290, 2294, 2287, 2296, 2288, 2299, 2300, 2297, 2303]"
O11:Coculture:F14:Gef,random,14,"[2281, 2284, 2302, 2291, 2303, 2299, 2294, 2288, 2297, 2290, 2293, 2282, 2296, 2300, 2285, 2287]"
O11:Coculture:F14:Gef,random,15,"[2281, 2284, 2302, 2291, 2288, 2296, 2282, 2293, 2294, 2287, 2299, 2300, 2303, 2290, 2297, 2285]"
O11:Coculture:F14:Gef,random,16,"[2281, 2284, 2302, 2282, 2299, 2290, 2293, 2296, 2300, 2291, 2294, 2288, 2297, 2285, 2303, 2287]"
O11:Coculture:F14:Gef,random,17,"[2281, 2284, 2302, 2303, 2293, 2297, 2290, 2300, 2294, 2296, 2285, 2282, 2299, 2287, 2291, 2288]"
O11:Coculture:F14:Gef,random,18,"[2281, 2284, 2302, 2287, 2293, 2291, 2300, 2282, 2294, 2296, 2290, 2299, 2285, 2297, 2303, 2288]"
O11:Coculture:F14:Gef,random,19,"[2281, 2284, 2302, 2297, 2296, 2294, 2290, 2282, 2299, 2291, 2287, 2303, 2285, 2288, 2300, 2293]"
O11:Coculture:F14:Oxa,space_filling,-1,"[2233, 2236, 2254, 2245, 2251, 2248, 2242, 2239, 2234, 2237, 2240, 2243, 2246, 2249, 2252, 2255]"
O11:Coculture:F14:Oxa,control_first_space,-1,"[2233, 2236, 2254, 2234, 2245, 2251, 2248, 2242, 2239, 2237, 2240, 2243, 2246, 2249, 2252, 2255]"
O11:Coculture:F14:Oxa,random,0,"[2233, 2236, 2254, 2251, 2239, 2246, 2242, 2243, 2255, 2234, 2240, 2245, 2249, 2252, 2248, 2237]"
O11:Coculture:F14:Oxa,random,1,"[2233, 2236, 2254, 2237, 2251, 2246, 2249, 2255, 2242, 2243, 2248, 2234, 2239, 2252, 2245, 2240]"
O11:Coculture:F14:Oxa,random,2,"[2233, 2236, 2254, 2239, 2251, 2246, 2234, 2245, 2249, 2255, 2252, 2243, 2240, 2242, 2248, 2237]"
O11:Coculture:F14:Oxa,random,3,"[2233, 2236, 2254, 2249, 2255, 2239, 2252, 2234, 2237, 2242, 2246, 2245, 2251, 2243, 2240, 2248]"
O11:Coculture:F14:Oxa,random,4,"[2233, 2236, 2254, 2237, 2249, 2234, 2239, 2255, 2246, 2251, 2248, 2245, 2242, 2240, 2243, 2252]"
O11:Coculture:F14:Oxa,random,5,"[2233, 2236, 2254, 2249, 2237, 2240, 2255, 2246, 2239, 2251, 2242, 2245, 2234, 2252, 2243, 2248]"
O11:Coculture:F14:Oxa,random,6,"[2233, 2236, 2254, 2249, 2251, 2252, 2245, 2242, 2239, 2255, 2248, 2240, 2234, 2243, 2246, 2237]"
O11:Coculture:F14:Oxa,random,7,"[2233, 2236, 2254, 2245, 2248, 2234, 2246, 2242, 2237, 2251, 2240, 2255, 2239, 2243, 2249, 2252]"
O11:Coculture:F14:Oxa,random,8,"[2233, 2236, 2254, 2251, 2234, 2240, 2246, 2248, 2237, 2252, 2245, 2255, 2243, 2249, 2239, 2242]"
O11:Coculture:F14:Oxa,random,9,"[2233, 2236, 2254, 2239, 2249, 2245, 2246, 2252, 2251, 2240, 2243, 2255, 2248, 2242, 2234, 2237]"
O11:Coculture:F14:Oxa,random,10,"[2233, 2236, 2254, 2237, 2251, 2249, 2240, 2246, 2239, 2242, 2252, 2255, 2243, 2245, 2234, 2248]"
O11:Coculture:F14:Oxa,random,11,"[2233, 2236, 2254, 2239, 2252, 2248, 2237, 2245, 2249, 2242, 2243, 2255, 2240, 2251, 2246, 2234]"
O11:Coculture:F14:Oxa,random,12,"[2233, 2236, 2254, 2245, 2237, 2242, 2249, 2251, 2246, 2243, 2234, 2252, 2240, 2239, 2255, 2248]"
O11:Coculture:F14:Oxa,random,13,"[2233, 2236, 2254, 2245, 2237, 2243, 2234, 2242, 2246, 2239, 2248, 2240, 2251, 2252, 2249, 2255]"
O11:Coculture:F14:Oxa,random,14,"[2233, 2236, 2254, 2243, 2255, 2251, 2246, 2240, 2249, 2242, 2245, 2234, 2248, 2252, 2237, 2239]"
O11:Coculture:F14:Oxa,random,15,"[2233, 2236, 2254, 2243, 2240, 2248, 2234, 2245, 2246, 2239, 2251, 2252, 2255, 2242, 2249, 2237]"
O11:Coculture:F14:Oxa,random,16,"[2233, 2236, 2254, 2234, 2251, 2242, 2245, 2248, 2252, 2243, 2246, 2240, 2249, 2237, 2255, 2239]"
O11:Coculture:F14:Oxa,random,17,"[2233, 2236, 2254, 2255, 2245, 2249, 2242, 2252, 2246, 2248, 2237, 2234, 2251, 2239, 2243, 2240]"
O11:Coculture:F14:Oxa,random,18,"[2233, 2236, 2254, 2239, 2245, 2243, 2252, 2234, 2246, 2248, 2242, 2251, 2237, 2249, 2255, 2240]"
O11:Coculture:F14:Oxa,random,19,"[2233, 2236, 2254, 2249, 2248, 2246, 2242, 2234, 2251, 2243, 2239, 2255, 2237, 2240, 2252, 2245]"
O11:Coculture:F14:SN-38,space_filling,-1,"[2257, 2260, 2278, 2269, 2275, 2272, 2266, 2263, 2258, 2261, 2264, 2267, 2270, 2273, 2276, 2279]"
O11:Coculture:F14:SN-38,control_first_space,-1,"[2257, 2260, 2278, 2258, 2269, 2275, 2272, 2266, 2263, 2261, 2264, 2267, 2270, 2273, 2276, 2279]"
O11:Coculture:F14:SN-38,random,0,"[2257, 2260, 2278, 2275, 2263, 2270, 2266, 2267, 2279, 2258, 2264, 2269, 2273, 2276, 2272, 2261]"
O11:Coculture:F14:SN-38,random,1,"[2257, 2260, 2278, 2261, 2275, 2270, 2273, 2279, 2266, 2267, 2272, 2258, 2263, 2276, 2269, 2264]"
O11:Coculture:F14:SN-38,random,2,"[2257, 2260, 2278, 2263, 2275, 2270, 2258, 2269, 2273, 2279, 2276, 2267, 2264, 2266, 2272, 2261]"
O11:Coculture:F14:SN-38,random,3,"[2257, 2260, 2278, 2273, 2279, 2263, 2276, 2258, 2261, 2266, 2270, 2269, 2275, 2267, 2264, 2272]"
O11:Coculture:F14:SN-38,random,4,"[2257, 2260, 2278, 2261, 2273, 2258, 2263, 2279, 2270, 2275, 2272, 2269, 2266, 2264, 2267, 2276]"
O11:Coculture:F14:SN-38,random,5,"[2257, 2260, 2278, 2273, 2261, 2264, 2279, 2270, 2263, 2275, 2266, 2269, 2258, 2276, 2267, 2272]"
O11:Coculture:F14:SN-38,random,6,"[2257, 2260, 2278, 2273, 2275, 2276, 2269, 2266, 2263, 2279, 2272, 2264, 2258, 2267, 2270, 2261]"
O11:Coculture:F14:SN-38,random,7,"[2257, 2260, 2278, 2269, 2272, 2258, 2270, 2266, 2261, 2275, 2264, 2279, 2263, 2267, 2273, 2276]"
O11:Coculture:F14:SN-38,random,8,"[2257, 2260, 2278, 2275, 2258, 2264, 2270, 2272, 2261, 2276, 2269, 2279, 2267, 2273, 2263, 2266]"
O11:Coculture:F14:SN-38,random,9,"[2257, 2260, 2278, 2263, 2273, 2269, 2270, 2276, 2275, 2264, 2267, 2279, 2272, 2266, 2258, 2261]"
O11:Coculture:F14:SN-38,random,10,"[2257, 2260, 2278, 2261, 2275, 2273, 2264, 2270, 2263, 2266, 2276, 2279, 2267, 2269, 2258, 2272]"
O11:Coculture:F14:SN-38,random,11,"[2257, 2260, 2278, 2263, 2276, 2272, 2261, 2269, 2273, 2266, 2267, 2279, 2264, 2275, 2270, 2258]"
O11:Coculture:F14:SN-38,random,12,"[2257, 2260, 2278, 2269, 2261, 2266, 2273, 2275, 2270, 2267, 2258, 2276, 2264, 2263, 2279, 2272]"
O11:Coculture:F14:SN-38,random,13,"[2257, 2260, 2278, 2269, 2261, 2267, 2258, 2266, 2270, 2263, 2272, 2264, 2275, 2276, 2273, 2279]"
O11:Coculture:F14:SN-38,random,14,"[2257, 2260, 2278, 2267, 2279, 2275, 2270, 2264, 2273, 2266, 2269, 2258, 2272, 2276, 2261, 2263]"
O11:Coculture:F14:SN-38,random,15,"[2257, 2260, 2278, 2267, 2264, 2272, 2258, 2269, 2270, 2263, 2275, 2276, 2279, 2266, 2273, 2261]"
O11:Coculture:F14:SN-38,random,16,"[2257, 2260, 2278, 2258, 2275, 2266, 2269, 2272, 2276, 2267, 2270, 2264, 2273, 2261, 2279, 2263]"
O11:Coculture:F14:SN-38,random,17,"[2257, 2260, 2278, 2279, 2269, 2273, 2266, 2276, 2270, 2272, 2261, 2258, 2275, 2263, 2267, 2264]"
O11:Coculture:F14:SN-38,random,18,"[2257, 2260, 2278, 2263, 2269, 2267, 2276, 2258, 2270, 2272, 2266, 2275, 2261, 2273, 2279, 2264]"
O11:Coculture:F14:SN-38,random,19,"[2257, 2260, 2278, 2273, 2272, 2270, 2266, 2258, 2275, 2267, 2263, 2279, 2261, 2264, 2276, 2269]"
O11:Coculture:F17:5-FU,space_filling,-1,"[2305, 2308, 2326, 2317, 2323, 2320, 2314, 2311, 2306, 2309, 2312, 2315, 2318, 2321, 2324, 2327]"
O11:Coculture:F17:5-FU,control_first_space,-1,"[2305, 2308, 2326, 2306, 2317, 2323, 2320, 2314, 2311, 2309, 2312, 2315, 2318, 2321, 2324, 2327]"
O11:Coculture:F17:5-FU,random,0,"[2305, 2308, 2326, 2323, 2311, 2318, 2314, 2315, 2327, 2306, 2312, 2317, 2321, 2324, 2320, 2309]"
O11:Coculture:F17:5-FU,random,1,"[2305, 2308, 2326, 2309, 2323, 2318, 2321, 2327, 2314, 2315, 2320, 2306, 2311, 2324, 2317, 2312]"
O11:Coculture:F17:5-FU,random,2,"[2305, 2308, 2326, 2311, 2323, 2318, 2306, 2317, 2321, 2327, 2324, 2315, 2312, 2314, 2320, 2309]"
O11:Coculture:F17:5-FU,random,3,"[2305, 2308, 2326, 2321, 2327, 2311, 2324, 2306, 2309, 2314, 2318, 2317, 2323, 2315, 2312, 2320]"
O11:Coculture:F17:5-FU,random,4,"[2305, 2308, 2326, 2309, 2321, 2306, 2311, 2327, 2318, 2323, 2320, 2317, 2314, 2312, 2315, 2324]"
O11:Coculture:F17:5-FU,random,5,"[2305, 2308, 2326, 2321, 2309, 2312, 2327, 2318, 2311, 2323, 2314, 2317, 2306, 2324, 2315, 2320]"
O11:Coculture:F17:5-FU,random,6,"[2305, 2308, 2326, 2321, 2323, 2324, 2317, 2314, 2311, 2327, 2320, 2312, 2306, 2315, 2318, 2309]"
O11:Coculture:F17:5-FU,random,7,"[2305, 2308, 2326, 2317, 2320, 2306, 2318, 2314, 2309, 2323, 2312, 2327, 2311, 2315, 2321, 2324]"
O11:Coculture:F17:5-FU,random,8,"[2305, 2308, 2326, 2323, 2306, 2312, 2318, 2320, 2309, 2324, 2317, 2327, 2315, 2321, 2311, 2314]"
O11:Coculture:F17:5-FU,random,9,"[2305, 2308, 2326, 2311, 2321, 2317, 2318, 2324, 2323, 2312, 2315, 2327, 2320, 2314, 2306, 2309]"
O11:Coculture:F17:5-FU,random,10,"[2305, 2308, 2326, 2309, 2323, 2321, 2312, 2318, 2311, 2314, 2324, 2327, 2315, 2317, 2306, 2320]"
O11:Coculture:F17:5-FU,random,11,"[2305, 2308, 2326, 2311, 2324, 2320, 2309, 2317, 2321, 2314, 2315, 2327, 2312, 2323, 2318, 2306]"
O11:Coculture:F17:5-FU,random,12,"[2305, 2308, 2326, 2317, 2309, 2314, 2321, 2323, 2318, 2315, 2306, 2324, 2312, 2311, 2327, 2320]"
O11:Coculture:F17:5-FU,random,13,"[2305, 2308, 2326, 2317, 2309, 2315, 2306, 2314, 2318, 2311, 2320, 2312, 2323, 2324, 2321, 2327]"
O11:Coculture:F17:5-FU,random,14,"[2305, 2308, 2326, 2315, 2327, 2323, 2318, 2312, 2321, 2314, 2317, 2306, 2320, 2324, 2309, 2311]"
O11:Coculture:F17:5-FU,random,15,"[2305, 2308, 2326, 2315, 2312, 2320, 2306, 2317, 2318, 2311, 2323, 2324, 2327, 2314, 2321, 2309]"
O11:Coculture:F17:5-FU,random,16,"[2305, 2308, 2326, 2306, 2323, 2314, 2317, 2320, 2324, 2315, 2318, 2312, 2321, 2309, 2327, 2311]"
O11:Coculture:F17:5-FU,random,17,"[2305, 2308, 2326, 2327, 2317, 2321, 2314, 2324, 2318, 2320, 2309, 2306, 2323, 2311, 2315, 2312]"
O11:Coculture:F17:5-FU,random,18,"[2305, 2308, 2326, 2311, 2317, 2315, 2324, 2306, 2318, 2320, 2314, 2323, 2309, 2321, 2327, 2312]"
O11:Coculture:F17:5-FU,random,19,"[2305, 2308, 2326, 2321, 2320, 2318, 2314, 2306, 2323, 2315, 2311, 2327, 2309, 2312, 2324, 2317]"
O11:Coculture:F17:Gef,space_filling,-1,"[2377, 2380, 2398, 2389, 2386, 2395, 2392, 2383, 2378, 2381, 2384, 2387, 2390, 2393, 2396, 2399]"
O11:Coculture:F17:Gef,control_first_space,-1,"[2377, 2380, 2398, 2378, 2389, 2386, 2395, 2392, 2383, 2381, 2384, 2387, 2390, 2393, 2396, 2399]"
O11:Coculture:F17:Gef,random,0,"[2377, 2380, 2398, 2395, 2383, 2390, 2386, 2387, 2399, 2378, 2384, 2389, 2393, 2396, 2392, 2381]"
O11:Coculture:F17:Gef,random,1,"[2377, 2380, 2398, 2381, 2395, 2390, 2393, 2399, 2386, 2387, 2392, 2378, 2383, 2396, 2389, 2384]"
O11:Coculture:F17:Gef,random,2,"[2377, 2380, 2398, 2383, 2395, 2390, 2378, 2389, 2393, 2399, 2396, 2387, 2384, 2386, 2392, 2381]"
O11:Coculture:F17:Gef,random,3,"[2377, 2380, 2398, 2393, 2399, 2383, 2396, 2378, 2381, 2386, 2390, 2389, 2395, 2387, 2384, 2392]"
O11:Coculture:F17:Gef,random,4,"[2377, 2380, 2398, 2381, 2393, 2378, 2383, 2399, 2390, 2395, 2392, 2389, 2386, 2384, 2387, 2396]"
O11:Coculture:F17:Gef,random,5,"[2377, 2380, 2398, 2393, 2381, 2384, 2399, 2390, 2383, 2395, 2386, 2389, 2378, 2396, 2387, 2392]"
O11:Coculture:F17:Gef,random,6,"[2377, 2380, 2398, 2393, 2395, 2396, 2389, 2386, 2383, 2399, 2392, 2384, 2378, 2387, 2390, 2381]"
O11:Coculture:F17:Gef,random,7,"[2377, 2380, 2398, 2389, 2392, 2378, 2390, 2386, 2381, 2395, 2384, 2399, 2383, 2387, 2393, 2396]"
O11:Coculture:F17:Gef,random,8,"[2377, 2380, 2398, 2395, 2378, 2384, 2390, 2392, 2381, 2396, 2389, 2399, 2387, 2393, 2383, 2386]"
O11:Coculture:F17:Gef,random,9,"[2377, 2380, 2398, 2383, 2393, 2389, 2390, 2396, 2395, 2384, 2387, 2399, 2392, 2386, 2378, 2381]"
O11:Coculture:F17:Gef,random,10,"[2377, 2380, 2398, 2381, 2395, 2393, 2384, 2390, 2383, 2386, 2396, 2399, 2387, 2389, 2378, 2392]"
O11:Coculture:F17:Gef,random,11,"[2377, 2380, 2398, 2383, 2396, 2392, 2381, 2389, 2393, 2386, 2387, 2399, 2384, 2395, 2390, 2378]"
O11:Coculture:F17:Gef,random,12,"[2377, 2380, 2398, 2389, 2381, 2386, 2393, 2395, 2390, 2387, 2378, 2396, 2384, 2383, 2399, 2392]"
O11:Coculture:F17:Gef,random,13,"[2377, 2380, 2398, 2389, 2381, 2387, 2378, 2386, 2390, 2383, 2392, 2384, 2395, 2396, 2393, 2399]"
O11:Coculture:F17:Gef,random,14,"[2377, 2380, 2398, 2387, 2399, 2395, 2390, 2384, 2393, 2386, 2389, 2378, 2392, 2396, 2381, 2383]"
O11:Coculture:F17:Gef,random,15,"[2377, 2380, 2398, 2387, 2384, 2392, 2378, 2389, 2390, 2383, 2395, 2396, 2399, 2386, 2393, 2381]"
O11:Coculture:F17:Gef,random,16,"[2377, 2380, 2398, 2378, 2395, 2386, 2389, 2392, 2396, 2387, 2390, 2384, 2393, 2381, 2399, 2383]"
O11:Coculture:F17:Gef,random,17,"[2377, 2380, 2398, 2399, 2389, 2393, 2386, 2396, 2390, 2392, 2381, 2378, 2395, 2383, 2387, 2384]"
O11:Coculture:F17:Gef,random,18,"[2377, 2380, 2398, 2383, 2389, 2387, 2396, 2378, 2390, 2392, 2386, 2395, 2381, 2393, 2399, 2384]"
O11:Coculture:F17:Gef,random,19,"[2377, 2380, 2398, 2393, 2392, 2390, 2386, 2378, 2395, 2387, 2383, 2399, 2381, 2384, 2396, 2389]"
O11:Coculture:F17:Oxa,space_filling,-1,"[2329, 2332, 2350, 2341, 2347, 2344, 2338, 2335, 2330, 2333, 2336, 2339, 2342, 2345, 2348, 2351]"
O11:Coculture:F17:Oxa,control_first_space,-1,"[2329, 2332, 2350, 2330, 2341, 2347, 2344, 2338, 2335, 2333, 2336, 2339, 2342, 2345, 2348, 2351]"
O11:Coculture:F17:Oxa,random,0,"[2329, 2332, 2350, 2347, 2335, 2342, 2338, 2339, 2351, 2330, 2336, 2341, 2345, 2348, 2344, 2333]"
O11:Coculture:F17:Oxa,random,1,"[2329, 2332, 2350, 2333, 2347, 2342, 2345, 2351, 2338, 2339, 2344, 2330, 2335, 2348, 2341, 2336]"
O11:Coculture:F17:Oxa,random,2,"[2329, 2332, 2350, 2335, 2347, 2342, 2330, 2341, 2345, 2351, 2348, 2339, 2336, 2338, 2344, 2333]"
O11:Coculture:F17:Oxa,random,3,"[2329, 2332, 2350, 2345, 2351, 2335, 2348, 2330, 2333, 2338, 2342, 2341, 2347, 2339, 2336, 2344]"
O11:Coculture:F17:Oxa,random,4,"[2329, 2332, 2350, 2333, 2345, 2330, 2335, 2351, 2342, 2347, 2344, 2341, 2338, 2336, 2339, 2348]"
O11:Coculture:F17:Oxa,random,5,"[2329, 2332, 2350, 2345, 2333, 2336, 2351, 2342, 2335, 2347, 2338, 2341, 2330, 2348, 2339, 2344]"
O11:Coculture:F17:Oxa,random,6,"[2329, 2332, 2350, 2345, 2347, 2348, 2341, 2338, 2335, 2351, 2344, 2336, 2330, 2339, 2342, 2333]"
O11:Coculture:F17:Oxa,random,7,"[2329, 2332, 2350, 2341, 2344, 2330, 2342, 2338, 2333, 2347, 2336, 2351, 2335, 2339, 2345, 2348]"
O11:Coculture:F17:Oxa,random,8,"[2329, 2332, 2350, 2347, 2330, 2336, 2342, 2344, 2333, 2348, 2341, 2351, 2339, 2345, 2335, 2338]"
O11:Coculture:F17:Oxa,random,9,"[2329, 2332, 2350, 2335, 2345, 2341, 2342, 2348, 2347, 2336, 2339, 2351, 2344, 2338, 2330, 2333]"
O11:Coculture:F17:Oxa,random,10,"[2329, 2332, 2350, 2333, 2347, 2345, 2336, 2342, 2335, 2338, 2348, 2351, 2339, 2341, 2330, 2344]"
O11:Coculture:F17:Oxa,random,11,"[2329, 2332, 2350, 2335, 2348, 2344, 2333, 2341, 2345, 2338, 2339, 2351, 2336, 2347, 2342, 2330]"
O11:Coculture:F17:Oxa,random,12,"[2329, 2332, 2350, 2341, 2333, 2338, 2345, 2347, 2342, 2339, 2330, 2348, 2336, 2335, 2351, 2344]"
O11:Coculture:F17:Oxa,random,13,"[2329, 2332, 2350, 2341, 2333, 2339, 2330, 2338, 2342, 2335, 2344, 2336, 2347, 2348, 2345, 2351]"
O11:Coculture:F17:Oxa,random,14,"[2329, 2332, 2350, 2339, 2351, 2347, 2342, 2336, 2345, 2338, 2341, 2330, 2344, 2348, 2333, 2335]"
O11:Coculture:F17:Oxa,random,15,"[2329, 2332, 2350, 2339, 2336, 2344, 2330, 2341, 2342, 2335, 2347, 2348, 2351, 2338, 2345, 2333]"
O11:Coculture:F17:Oxa,random,16,"[2329, 2332, 2350, 2330, 2347, 2338, 2341, 2344, 2348, 2339, 2342, 2336, 2345, 2333, 2351, 2335]"
O11:Coculture:F17:Oxa,random,17,"[2329, 2332, 2350, 2351, 2341, 2345, 2338, 2348, 2342, 2344, 2333, 2330, 2347, 2335, 2339, 2336]"
O11:Coculture:F17:Oxa,random,18,"[2329, 2332, 2350, 2335, 2341, 2339, 2348, 2330, 2342, 2344, 2338, 2347, 2333, 2345, 2351, 2336]"
O11:Coculture:F17:Oxa,random,19,"[2329, 2332, 2350, 2345, 2344, 2342, 2338, 2330, 2347, 2339, 2335, 2351, 2333, 2336, 2348, 2341]"
O11:Coculture:F17:SN-38,space_filling,-1,"[2353, 2356, 2374, 2365, 2371, 2368, 2362, 2359, 2354, 2357, 2360, 2363, 2366, 2369, 2372, 2375]"
O11:Coculture:F17:SN-38,control_first_space,-1,"[2353, 2356, 2374, 2354, 2365, 2371, 2368, 2362, 2359, 2357, 2360, 2363, 2366, 2369, 2372, 2375]"
O11:Coculture:F17:SN-38,random,0,"[2353, 2356, 2374, 2371, 2359, 2366, 2362, 2363, 2375, 2354, 2360, 2365, 2369, 2372, 2368, 2357]"
O11:Coculture:F17:SN-38,random,1,"[2353, 2356, 2374, 2357, 2371, 2366, 2369, 2375, 2362, 2363, 2368, 2354, 2359, 2372, 2365, 2360]"
O11:Coculture:F17:SN-38,random,2,"[2353, 2356, 2374, 2359, 2371, 2366, 2354, 2365, 2369, 2375, 2372, 2363, 2360, 2362, 2368, 2357]"
O11:Coculture:F17:SN-38,random,3,"[2353, 2356, 2374, 2369, 2375, 2359, 2372, 2354, 2357, 2362, 2366, 2365, 2371, 2363, 2360, 2368]"
O11:Coculture:F17:SN-38,random,4,"[2353, 2356, 2374, 2357, 2369, 2354, 2359, 2375, 2366, 2371, 2368, 2365, 2362, 2360, 2363, 2372]"
O11:Coculture:F17:SN-38,random,5,"[2353, 2356, 2374, 2369, 2357, 2360, 2375, 2366, 2359, 2371, 2362, 2365, 2354, 2372, 2363, 2368]"
O11:Coculture:F17:SN-38,random,6,"[2353, 2356, 2374, 2369, 2371, 2372, 2365, 2362, 2359, 2375, 2368, 2360, 2354, 2363, 2366, 2357]"
O11:Coculture:F17:SN-38,random,7,"[2353, 2356, 2374, 2365, 2368, 2354, 2366, 2362, 2357, 2371, 2360, 2375, 2359, 2363, 2369, 2372]"
O11:Coculture:F17:SN-38,random,8,"[2353, 2356, 2374, 2371, 2354, 2360, 2366, 2368, 2357, 2372, 2365, 2375, 2363, 2369, 2359, 2362]"
O11:Coculture:F17:SN-38,random,9,"[2353, 2356, 2374, 2359, 2369, 2365, 2366, 2372, 2371, 2360, 2363, 2375, 2368, 2362, 2354, 2357]"
O11:Coculture:F17:SN-38,random,10,"[2353, 2356, 2374, 2357, 2371, 2369, 2360, 2366, 2359, 2362, 2372, 2375, 2363, 2365, 2354, 2368]"
O11:Coculture:F17:SN-38,random,11,"[2353, 2356, 2374, 2359, 2372, 2368, 2357, 2365, 2369, 2362, 2363, 2375, 2360, 2371, 2366, 2354]"
O11:Coculture:F17:SN-38,random,12,"[2353, 2356, 2374, 2365, 2357, 2362, 2369, 2371, 2366, 2363, 2354, 2372, 2360, 2359, 2375, 2368]"
O11:Coculture:F17:SN-38,random,13,"[2353, 2356, 2374, 2365, 2357, 2363, 2354, 2362, 2366, 2359, 2368, 2360, 2371, 2372, 2369, 2375]"
O11:Coculture:F17:SN-38,random,14,"[2353, 2356, 2374, 2363, 2375, 2371, 2366, 2360, 2369, 2362, 2365, 2354, 2368, 2372, 2357, 2359]"
O11:Coculture:F17:SN-38,random,15,"[2353, 2356, 2374, 2363, 2360, 2368, 2354, 2365, 2366, 2359, 2371, 2372, 2375, 2362, 2369, 2357]"
O11:Coculture:F17:SN-38,random,16,"[2353, 2356, 2374, 2354, 2371, 2362, 2365, 2368, 2372, 2363, 2366, 2360, 2369, 2357, 2375, 2359]"
O11:Coculture:F17:SN-38,random,17,"[2353, 2356, 2374, 2375, 2365, 2369, 2362, 2372, 2366, 2368, 2357, 2354, 2371, 2359, 2363, 2360]"
O11:Coculture:F17:SN-38,random,18,"[2353, 2356, 2374, 2359, 2365, 2363, 2372, 2354, 2366, 2368, 2362, 2371, 2357, 2369, 2375, 2360]"
O11:Coculture:F17:SN-38,random,19,"[2353, 2356, 2374, 2369, 2368, 2366, 2362, 2354, 2371, 2363, 2359, 2375, 2357, 2360, 2372, 2365]"
O11:Monoculture::5-FU,space_filling,-1,"[2017, 2020, 2038, 2029, 2035, 2032, 2026, 2023, 2018, 2021, 2024, 2027, 2030, 2033, 2036, 2039]"
O11:Monoculture::5-FU,control_first_space,-1,"[2017, 2020, 2038, 2018, 2029, 2035, 2032, 2026, 2023, 2021, 2024, 2027, 2030, 2033, 2036, 2039]"
O11:Monoculture::5-FU,random,0,"[2017, 2020, 2038, 2035, 2023, 2030, 2026, 2027, 2039, 2018, 2024, 2029, 2033, 2036, 2032, 2021]"
O11:Monoculture::5-FU,random,1,"[2017, 2020, 2038, 2021, 2035, 2030, 2033, 2039, 2026, 2027, 2032, 2018, 2023, 2036, 2029, 2024]"
O11:Monoculture::5-FU,random,2,"[2017, 2020, 2038, 2023, 2035, 2030, 2018, 2029, 2033, 2039, 2036, 2027, 2024, 2026, 2032, 2021]"
O11:Monoculture::5-FU,random,3,"[2017, 2020, 2038, 2033, 2039, 2023, 2036, 2018, 2021, 2026, 2030, 2029, 2035, 2027, 2024, 2032]"
O11:Monoculture::5-FU,random,4,"[2017, 2020, 2038, 2021, 2033, 2018, 2023, 2039, 2030, 2035, 2032, 2029, 2026, 2024, 2027, 2036]"
O11:Monoculture::5-FU,random,5,"[2017, 2020, 2038, 2033, 2021, 2024, 2039, 2030, 2023, 2035, 2026, 2029, 2018, 2036, 2027, 2032]"
O11:Monoculture::5-FU,random,6,"[2017, 2020, 2038, 2033, 2035, 2036, 2029, 2026, 2023, 2039, 2032, 2024, 2018, 2027, 2030, 2021]"
O11:Monoculture::5-FU,random,7,"[2017, 2020, 2038, 2029, 2032, 2018, 2030, 2026, 2021, 2035, 2024, 2039, 2023, 2027, 2033, 2036]"
O11:Monoculture::5-FU,random,8,"[2017, 2020, 2038, 2035, 2018, 2024, 2030, 2032, 2021, 2036, 2029, 2039, 2027, 2033, 2023, 2026]"
O11:Monoculture::5-FU,random,9,"[2017, 2020, 2038, 2023, 2033, 2029, 2030, 2036, 2035, 2024, 2027, 2039, 2032, 2026, 2018, 2021]"
O11:Monoculture::5-FU,random,10,"[2017, 2020, 2038, 2021, 2035, 2033, 2024, 2030, 2023, 2026, 2036, 2039, 2027, 2029, 2018, 2032]"
O11:Monoculture::5-FU,random,11,"[2017, 2020, 2038, 2023, 2036, 2032, 2021, 2029, 2033, 2026, 2027, 2039, 2024, 2035, 2030, 2018]"
O11:Monoculture::5-FU,random,12,"[2017, 2020, 2038, 2029, 2021, 2026, 2033, 2035, 2030, 2027, 2018, 2036, 2024, 2023, 2039, 2032]"
O11:Monoculture::5-FU,random,13,"[2017, 2020, 2038, 2029, 2021, 2027, 2018, 2026, 2030, 2023, 2032, 2024, 2035, 2036, 2033, 2039]"
O11:Monoculture::5-FU,random,14,"[2017, 2020, 2038, 2027, 2039, 2035, 2030, 2024, 2033, 2026, 2029, 2018, 2032, 2036, 2021, 2023]"
O11:Monoculture::5-FU,random,15,"[2017, 2020, 2038, 2027, 2024, 2032, 2018, 2029, 2030, 2023, 2035, 2036, 2039, 2026, 2033, 2021]"
O11:Monoculture::5-FU,random,16,"[2017, 2020, 2038, 2018, 2035, 2026, 2029, 2032, 2036, 2027, 2030, 2024, 2033, 2021, 2039, 2023]"
O11:Monoculture::5-FU,random,17,"[2017, 2020, 2038, 2039, 2029, 2033, 2026, 2036, 2030, 2032, 2021, 2018, 2035, 2023, 2027, 2024]"
O11:Monoculture::5-FU,random,18,"[2017, 2020, 2038, 2023, 2029, 2027, 2036, 2018, 2030, 2032, 2026, 2035, 2021, 2033, 2039, 2024]"
O11:Monoculture::5-FU,random,19,"[2017, 2020, 2038, 2033, 2032, 2030, 2026, 2018, 2035, 2027, 2023, 2039, 2021, 2024, 2036, 2029]"
O11:Monoculture::Gef,space_filling,-1,"[2089, 2092, 2110, 2101, 2098, 2107, 2104, 2095, 2090, 2093, 2096, 2099, 2102, 2105, 2108, 2111]"
O11:Monoculture::Gef,control_first_space,-1,"[2089, 2092, 2110, 2090, 2101, 2098, 2107, 2104, 2095, 2093, 2096, 2099, 2102, 2105, 2108, 2111]"
O11:Monoculture::Gef,random,0,"[2089, 2092, 2110, 2107, 2095, 2102, 2098, 2099, 2111, 2090, 2096, 2101, 2105, 2108, 2104, 2093]"
O11:Monoculture::Gef,random,1,"[2089, 2092, 2110, 2093, 2107, 2102, 2105, 2111, 2098, 2099, 2104, 2090, 2095, 2108, 2101, 2096]"
O11:Monoculture::Gef,random,2,"[2089, 2092, 2110, 2095, 2107, 2102, 2090, 2101, 2105, 2111, 2108, 2099, 2096, 2098, 2104, 2093]"
O11:Monoculture::Gef,random,3,"[2089, 2092, 2110, 2105, 2111, 2095, 2108, 2090, 2093, 2098, 2102, 2101, 2107, 2099, 2096, 2104]"
O11:Monoculture::Gef,random,4,"[2089, 2092, 2110, 2093, 2105, 2090, 2095, 2111, 2102, 2107, 2104, 2101, 2098, 2096, 2099, 2108]"
O11:Monoculture::Gef,random,5,"[2089, 2092, 2110, 2105, 2093, 2096, 2111, 2102, 2095, 2107, 2098, 2101, 2090, 2108, 2099, 2104]"
O11:Monoculture::Gef,random,6,"[2089, 2092, 2110, 2105, 2107, 2108, 2101, 2098, 2095, 2111, 2104, 2096, 2090, 2099, 2102, 2093]"
O11:Monoculture::Gef,random,7,"[2089, 2092, 2110, 2101, 2104, 2090, 2102, 2098, 2093, 2107, 2096, 2111, 2095, 2099, 2105, 2108]"
O11:Monoculture::Gef,random,8,"[2089, 2092, 2110, 2107, 2090, 2096, 2102, 2104, 2093, 2108, 2101, 2111, 2099, 2105, 2095, 2098]"
O11:Monoculture::Gef,random,9,"[2089, 2092, 2110, 2095, 2105, 2101, 2102, 2108, 2107, 2096, 2099, 2111, 2104, 2098, 2090, 2093]"
O11:Monoculture::Gef,random,10,"[2089, 2092, 2110, 2093, 2107, 2105, 2096, 2102, 2095, 2098, 2108, 2111, 2099, 2101, 2090, 2104]"
O11:Monoculture::Gef,random,11,"[2089, 2092, 2110, 2095, 2108, 2104, 2093, 2101, 2105, 2098, 2099, 2111, 2096, 2107, 2102, 2090]"
O11:Monoculture::Gef,random,12,"[2089, 2092, 2110, 2101, 2093, 2098, 2105, 2107, 2102, 2099, 2090, 2108, 2096, 2095, 2111, 2104]"
O11:Monoculture::Gef,random,13,"[2089, 2092, 2110, 2101, 2093, 2099, 2090, 2098, 2102, 2095, 2104, 2096, 2107, 2108, 2105, 2111]"
O11:Monoculture::Gef,random,14,"[2089, 2092, 2110, 2099, 2111, 2107, 2102, 2096, 2105, 2098, 2101, 2090, 2104, 2108, 2093, 2095]"
O11:Monoculture::Gef,random,15,"[2089, 2092, 2110, 2099, 2096, 2104, 2090, 2101, 2102, 2095, 2107, 2108, 2111, 2098, 2105, 2093]"
O11:Monoculture::Gef,random,16,"[2089, 2092, 2110, 2090, 2107, 2098, 2101, 2104, 2108, 2099, 2102, 2096, 2105, 2093, 2111, 2095]"
O11:Monoculture::Gef,random,17,"[2089, 2092, 2110, 2111, 2101, 2105, 2098, 2108, 2102, 2104, 2093, 2090, 2107, 2095, 2099, 2096]"
O11:Monoculture::Gef,random,18,"[2089, 2092, 2110, 2095, 2101, 2099, 2108, 2090, 2102, 2104, 2098, 2107, 2093, 2105, 2111, 2096]"
O11:Monoculture::Gef,random,19,"[2089, 2092, 2110, 2105, 2104, 2102, 2098, 2090, 2107, 2099, 2095, 2111, 2093, 2096, 2108, 2101]"
O11:Monoculture::Oxa,space_filling,-1,"[2041, 2044, 2062, 2053, 2059, 2056, 2050, 2047, 2042, 2045, 2048, 2051, 2054, 2057, 2060, 2063]"
O11:Monoculture::Oxa,control_first_space,-1,"[2041, 2044, 2062, 2042, 2053, 2059, 2056, 2050, 2047, 2045, 2048, 2051, 2054, 2057, 2060, 2063]"
O11:Monoculture::Oxa,random,0,"[2041, 2044, 2062, 2059, 2047, 2054, 2050, 2051, 2063, 2042, 2048, 2053, 2057, 2060, 2056, 2045]"
O11:Monoculture::Oxa,random,1,"[2041, 2044, 2062, 2045, 2059, 2054, 2057, 2063, 2050, 2051, 2056, 2042, 2047, 2060, 2053, 2048]"
O11:Monoculture::Oxa,random,2,"[2041, 2044, 2062, 2047, 2059, 2054, 2042, 2053, 2057, 2063, 2060, 2051, 2048, 2050, 2056, 2045]"
O11:Monoculture::Oxa,random,3,"[2041, 2044, 2062, 2057, 2063, 2047, 2060, 2042, 2045, 2050, 2054, 2053, 2059, 2051, 2048, 2056]"
O11:Monoculture::Oxa,random,4,"[2041, 2044, 2062, 2045, 2057, 2042, 2047, 2063, 2054, 2059, 2056, 2053, 2050, 2048, 2051, 2060]"
O11:Monoculture::Oxa,random,5,"[2041, 2044, 2062, 2057, 2045, 2048, 2063, 2054, 2047, 2059, 2050, 2053, 2042, 2060, 2051, 2056]"
O11:Monoculture::Oxa,random,6,"[2041, 2044, 2062, 2057, 2059, 2060, 2053, 2050, 2047, 2063, 2056, 2048, 2042, 2051, 2054, 2045]"
O11:Monoculture::Oxa,random,7,"[2041, 2044, 2062, 2053, 2056, 2042, 2054, 2050, 2045, 2059, 2048, 2063, 2047, 2051, 2057, 2060]"
O11:Monoculture::Oxa,random,8,"[2041, 2044, 2062, 2059, 2042, 2048, 2054, 2056, 2045, 2060, 2053, 2063, 2051, 2057, 2047, 2050]"
O11:Monoculture::Oxa,random,9,"[2041, 2044, 2062, 2047, 2057, 2053, 2054, 2060, 2059, 2048, 2051, 2063, 2056, 2050, 2042, 2045]"
O11:Monoculture::Oxa,random,10,"[2041, 2044, 2062, 2045, 2059, 2057, 2048, 2054, 2047, 2050, 2060, 2063, 2051, 2053, 2042, 2056]"
O11:Monoculture::Oxa,random,11,"[2041, 2044, 2062, 2047, 2060, 2056, 2045, 2053, 2057, 2050, 2051, 2063, 2048, 2059, 2054, 2042]"
O11:Monoculture::Oxa,random,12,"[2041, 2044, 2062, 2053, 2045, 2050, 2057, 2059, 2054, 2051, 2042, 2060, 2048, 2047, 2063, 2056]"
O11:Monoculture::Oxa,random,13,"[2041, 2044, 2062, 2053, 2045, 2051, 2042, 2050, 2054, 2047, 2056, 2048, 2059, 2060, 2057, 2063]"
O11:Monoculture::Oxa,random,14,"[2041, 2044, 2062, 2051, 2063, 2059, 2054, 2048, 2057, 2050, 2053, 2042, 2056, 2060, 2045, 2047]"
O11:Monoculture::Oxa,random,15,"[2041, 2044, 2062, 2051, 2048, 2056, 2042, 2053, 2054, 2047, 2059, 2060, 2063, 2050, 2057, 2045]"
O11:Monoculture::Oxa,random,16,"[2041, 2044, 2062, 2042, 2059, 2050, 2053, 2056, 2060, 2051, 2054, 2048, 2057, 2045, 2063, 2047]"
O11:Monoculture::Oxa,random,17,"[2041, 2044, 2062, 2063, 2053, 2057, 2050, 2060, 2054, 2056, 2045, 2042, 2059, 2047, 2051, 2048]"
O11:Monoculture::Oxa,random,18,"[2041, 2044, 2062, 2047, 2053, 2051, 2060, 2042, 2054, 2056, 2050, 2059, 2045, 2057, 2063, 2048]"
O11:Monoculture::Oxa,random,19,"[2041, 2044, 2062, 2057, 2056, 2054, 2050, 2042, 2059, 2051, 2047, 2063, 2045, 2048, 2060, 2053]"
O11:Monoculture::SN-38,space_filling,-1,"[2065, 2068, 2086, 2077, 2083, 2080, 2074, 2071, 2066, 2069, 2072, 2075, 2078, 2081, 2084, 2087]"
O11:Monoculture::SN-38,control_first_space,-1,"[2065, 2068, 2086, 2066, 2077, 2083, 2080, 2074, 2071, 2069, 2072, 2075, 2078, 2081, 2084, 2087]"
O11:Monoculture::SN-38,random,0,"[2065, 2068, 2086, 2083, 2071, 2078, 2074, 2075, 2087, 2066, 2072, 2077, 2081, 2084, 2080, 2069]"
O11:Monoculture::SN-38,random,1,"[2065, 2068, 2086, 2069, 2083, 2078, 2081, 2087, 2074, 2075, 2080, 2066, 2071, 2084, 2077, 2072]"
O11:Monoculture::SN-38,random,2,"[2065, 2068, 2086, 2071, 2083, 2078, 2066, 2077, 2081, 2087, 2084, 2075, 2072, 2074, 2080, 2069]"
O11:Monoculture::SN-38,random,3,"[2065, 2068, 2086, 2081, 2087, 2071, 2084, 2066, 2069, 2074, 2078, 2077, 2083, 2075, 2072, 2080]"
O11:Monoculture::SN-38,random,4,"[2065, 2068, 2086, 2069, 2081, 2066, 2071, 2087, 2078, 2083, 2080, 2077, 2074, 2072, 2075, 2084]"
O11:Monoculture::SN-38,random,5,"[2065, 2068, 2086, 2081, 2069, 2072, 2087, 2078, 2071, 2083, 2074, 2077, 2066, 2084, 2075, 2080]"
O11:Monoculture::SN-38,random,6,"[2065, 2068, 2086, 2081, 2083, 2084, 2077, 2074, 2071, 2087, 2080, 2072, 2066, 2075, 2078, 2069]"
O11:Monoculture::SN-38,random,7,"[2065, 2068, 2086, 2077, 2080, 2066, 2078, 2074, 2069, 2083, 2072, 2087, 2071, 2075, 2081, 2084]"
O11:Monoculture::SN-38,random,8,"[2065, 2068, 2086, 2083, 2066, 2072, 2078, 2080, 2069, 2084, 2077, 2087, 2075, 2081, 2071, 2074]"
O11:Monoculture::SN-38,random,9,"[2065, 2068, 2086, 2071, 2081, 2077, 2078, 2084, 2083, 2072, 2075, 2087, 2080, 2074, 2066, 2069]"
O11:Monoculture::SN-38,random,10,"[2065, 2068, 2086, 2069, 2083, 2081, 2072, 2078, 2071, 2074, 2084, 2087, 2075, 2077, 2066, 2080]"
O11:Monoculture::SN-38,random,11,"[2065, 2068, 2086, 2071, 2084, 2080, 2069, 2077, 2081, 2074, 2075, 2087, 2072, 2083, 2078, 2066]"
O11:Monoculture::SN-38,random,12,"[2065, 2068, 2086, 2077, 2069, 2074, 2081, 2083, 2078, 2075, 2066, 2084, 2072, 2071, 2087, 2080]"
O11:Monoculture::SN-38,random,13,"[2065, 2068, 2086, 2077, 2069, 2075, 2066, 2074, 2078, 2071, 2080, 2072, 2083, 2084, 2081, 2087]"
O11:Monoculture::SN-38,random,14,"[2065, 2068, 2086, 2075, 2087, 2083, 2078, 2072, 2081, 2074, 2077, 2066, 2080, 2084, 2069, 2071]"
O11:Monoculture::SN-38,random,15,"[2065, 2068, 2086, 2075, 2072, 2080, 2066, 2077, 2078, 2071, 2083, 2084, 2087, 2074, 2081, 2069]"
O11:Monoculture::SN-38,random,16,"[2065, 2068, 2086, 2066, 2083, 2074, 2077, 2080, 2084, 2075, 2078, 2072, 2081, 2069, 2087, 2071]"
O11:Monoculture::SN-38,random,17,"[2065, 2068, 2086, 2087, 2077, 2081, 2074, 2084, 2078, 2080, 2069, 2066, 2083, 2071, 2075, 2072]"
O11:Monoculture::SN-38,random,18,"[2065, 2068, 2086, 2071, 2077, 2075, 2084, 2066, 2078, 2080, 2074, 2083, 2069, 2081, 2087, 2072]"
O11:Monoculture::SN-38,random,19,"[2065, 2068, 2086, 2081, 2080, 2078, 2074, 2066, 2083, 2075, 2071, 2087, 2069, 2072, 2084, 2077]"
O12:Coculture:F11:Gef,space_filling,-1,"[2665, 2668, 2686, 2677, 2674, 2683, 2680, 2671, 2666, 2669, 2672, 2675, 2678, 2681, 2684, 2687]"
O12:Coculture:F11:Gef,control_first_space,-1,"[2665, 2668, 2686, 2666, 2677, 2674, 2683, 2680, 2671, 2669, 2672, 2675, 2678, 2681, 2684, 2687]"
O12:Coculture:F11:Gef,random,0,"[2665, 2668, 2686, 2683, 2671, 2678, 2674, 2675, 2687, 2666, 2672, 2677, 2681, 2684, 2680, 2669]"
O12:Coculture:F11:Gef,random,1,"[2665, 2668, 2686, 2669, 2683, 2678, 2681, 2687, 2674, 2675, 2680, 2666, 2671, 2684, 2677, 2672]"
O12:Coculture:F11:Gef,random,2,"[2665, 2668, 2686, 2671, 2683, 2678, 2666, 2677, 2681, 2687, 2684, 2675, 2672, 2674, 2680, 2669]"
O12:Coculture:F11:Gef,random,3,"[2665, 2668, 2686, 2681, 2687, 2671, 2684, 2666, 2669, 2674, 2678, 2677, 2683, 2675, 2672, 2680]"
O12:Coculture:F11:Gef,random,4,"[2665, 2668, 2686, 2669, 2681, 2666, 2671, 2687, 2678, 2683, 2680, 2677, 2674, 2672, 2675, 2684]"
O12:Coculture:F11:Gef,random,5,"[2665, 2668, 2686, 2681, 2669, 2672, 2687, 2678, 2671, 2683, 2674, 2677, 2666, 2684, 2675, 2680]"
O12:Coculture:F11:Gef,random,6,"[2665, 2668, 2686, 2681, 2683, 2684, 2677, 2674, 2671, 2687, 2680, 2672, 2666, 2675, 2678, 2669]"
O12:Coculture:F11:Gef,random,7,"[2665, 2668, 2686, 2677, 2680, 2666, 2678, 2674, 2669, 2683, 2672, 2687, 2671, 2675, 2681, 2684]"
O12:Coculture:F11:Gef,random,8,"[2665, 2668, 2686, 2683, 2666, 2672, 2678, 2680, 2669, 2684, 2677, 2687, 2675, 2681, 2671, 2674]"
O12:Coculture:F11:Gef,random,9,"[2665, 2668, 2686, 2671, 2681, 2677, 2678, 2684, 2683, 2672, 2675, 2687, 2680, 2674, 2666, 2669]"
O12:Coculture:F11:Gef,random,10,"[2665, 2668, 2686, 2669, 2683, 2681, 2672, 2678, 2671, 2674, 2684, 2687, 2675, 2677, 2666, 2680]"
O12:Coculture:F11:Gef,random,11,"[2665, 2668, 2686, 2671, 2684, 2680, 2669, 2677, 2681, 2674, 2675, 2687, 2672, 2683, 2678, 2666]"
O12:Coculture:F11:Gef,random,12,"[2665, 2668, 2686, 2677, 2669, 2674, 2681, 2683, 2678, 2675, 2666, 2684, 2672, 2671, 2687, 2680]"
O12:Coculture:F11:Gef,random,13,"[2665, 2668, 2686, 2677, 2669, 2675, 2666, 2674, 2678, 2671, 2680, 2672, 2683, 2684, 2681, 2687]"
O12:Coculture:F11:Gef,random,14,"[2665, 2668, 2686, 2675, 2687, 2683, 2678, 2672, 2681, 2674, 2677, 2666, 2680, 2684, 2669, 2671]"
O12:Coculture:F11:Gef,random,15,"[2665, 2668, 2686, 2675, 2672, 2680, 2666, 2677, 2678, 2671, 2683, 2684, 2687, 2674, 2681, 2669]"
O12:Coculture:F11:Gef,random,16,"[2665, 2668, 2686, 2666, 2683, 2674, 2677, 2680, 2684, 2675, 2678, 2672, 2681, 2669, 2687, 2671]"
O12:Coculture:F11:Gef,random,17,"[2665, 2668, 2686, 2687, 2677, 2681, 2674, 2684, 2678, 2680, 2669, 2666, 2683, 2671, 2675, 2672]"
O12:Coculture:F11:Gef,random,18,"[2665, 2668, 2686, 2671, 2677, 2675, 2684, 2666, 2678, 2680, 2674, 2683, 2669, 2681, 2687, 2672]"
O12:Coculture:F11:Gef,random,19,"[2665, 2668, 2686, 2681, 2680, 2678, 2674, 2666, 2683, 2675, 2671, 2687, 2669, 2672, 2684, 2677]"
O12:Monoculture::5-FU,space_filling,-1,"[2497, 2500, 2518, 2509, 2515, 2512, 2506, 2503, 2498, 2501, 2504, 2507, 2510, 2513, 2516, 2519]"
O12:Monoculture::5-FU,control_first_space,-1,"[2497, 2500, 2518, 2498, 2509, 2515, 2512, 2506, 2503, 2501, 2504, 2507, 2510, 2513, 2516, 2519]"
O12:Monoculture::5-FU,random,0,"[2497, 2500, 2518, 2515, 2503, 2510, 2506, 2507, 2519, 2498, 2504, 2509, 2513, 2516, 2512, 2501]"
O12:Monoculture::5-FU,random,1,"[2497, 2500, 2518, 2501, 2515, 2510, 2513, 2519, 2506, 2507, 2512, 2498, 2503, 2516, 2509, 2504]"
O12:Monoculture::5-FU,random,2,"[2497, 2500, 2518, 2503, 2515, 2510, 2498, 2509, 2513, 2519, 2516, 2507, 2504, 2506, 2512, 2501]"
O12:Monoculture::5-FU,random,3,"[2497, 2500, 2518, 2513, 2519, 2503, 2516, 2498, 2501, 2506, 2510, 2509, 2515, 2507, 2504, 2512]"
O12:Monoculture::5-FU,random,4,"[2497, 2500, 2518, 2501, 2513, 2498, 2503, 2519, 2510, 2515, 2512, 2509, 2506, 2504, 2507, 2516]"
O12:Monoculture::5-FU,random,5,"[2497, 2500, 2518, 2513, 2501, 2504, 2519, 2510, 2503, 2515, 2506, 2509, 2498, 2516, 2507, 2512]"
O12:Monoculture::5-FU,random,6,"[2497, 2500, 2518, 2513, 2515, 2516, 2509, 2506, 2503, 2519, 2512, 2504, 2498, 2507, 2510, 2501]"
O12:Monoculture::5-FU,random,7,"[2497, 2500, 2518, 2509, 2512, 2498, 2510, 2506, 2501, 2515, 2504, 2519, 2503, 2507, 2513, 2516]"
O12:Monoculture::5-FU,random,8,"[2497, 2500, 2518, 2515, 2498, 2504, 2510, 2512, 2501, 2516, 2509, 2519, 2507, 2513, 2503, 2506]"
O12:Monoculture::5-FU,random,9,"[2497, 2500, 2518, 2503, 2513, 2509, 2510, 2516, 2515, 2504, 2507, 2519, 2512, 2506, 2498, 2501]"
O12:Monoculture::5-FU,random,10,"[2497, 2500, 2518, 2501, 2515, 2513, 2504, 2510, 2503, 2506, 2516, 2519, 2507, 2509, 2498, 2512]"
O12:Monoculture::5-FU,random,11,"[2497, 2500, 2518, 2503, 2516, 2512, 2501, 2509, 2513, 2506, 2507, 2519, 2504, 2515, 2510, 2498]"
O12:Monoculture::5-FU,random,12,"[2497, 2500, 2518, 2509, 2501, 2506, 2513, 2515, 2510, 2507, 2498, 2516, 2504, 2503, 2519, 2512]"
O12:Monoculture::5-FU,random,13,"[2497, 2500, 2518, 2509, 2501, 2507, 2498, 2506, 2510, 2503, 2512, 2504, 2515, 2516, 2513, 2519]"
O12:Monoculture::5-FU,random,14,"[2497, 2500, 2518, 2507, 2519, 2515, 2510, 2504, 2513, 2506, 2509, 2498, 2512, 2516, 2501, 2503]"
O12:Monoculture::5-FU,random,15,"[2497, 2500, 2518, 2507, 2504, 2512, 2498, 2509, 2510, 2503, 2515, 2516, 2519, 2506, 2513, 2501]"
O12:Monoculture::5-FU,random,16,"[2497, 2500, 2518, 2498, 2515, 2506, 2509, 2512, 2516, 2507, 2510, 2504, 2513, 2501, 2519, 2503]"
O12:Monoculture::5-FU,random,17,"[2497, 2500, 2518, 2519, 2509, 2513, 2506, 2516, 2510, 2512, 2501, 2498, 2515, 2503, 2507, 2504]"
O12:Monoculture::5-FU,random,18,"[2497, 2500, 2518, 2503, 2509, 2507, 2516, 2498, 2510, 2512, 2506, 2515, 2501, 2513, 2519, 2504]"
O12:Monoculture::5-FU,random,19,"[2497, 2500, 2518, 2513, 2512, 2510, 2506, 2498, 2515, 2507, 2503, 2519, 2501, 2504, 2516, 2509]"
O12:Monoculture::Gef,space_filling,-1,"[2569, 2572, 2590, 2581, 2578, 2587, 2584, 2575, 2570, 2573, 2576, 2579, 2582, 2585, 2588, 2591]"
O12:Monoculture::Gef,control_first_space,-1,"[2569, 2572, 2590, 2570, 2581, 2578, 2587, 2584, 2575, 2573, 2576, 2579, 2582, 2585, 2588, 2591]"
O12:Monoculture::Gef,random,0,"[2569, 2572, 2590, 2587, 2575, 2582, 2578, 2579, 2591, 2570, 2576, 2581, 2585, 2588, 2584, 2573]"
O12:Monoculture::Gef,random,1,"[2569, 2572, 2590, 2573, 2587, 2582, 2585, 2591, 2578, 2579, 2584, 2570, 2575, 2588, 2581, 2576]"
O12:Monoculture::Gef,random,2,"[2569, 2572, 2590, 2575, 2587, 2582, 2570, 2581, 2585, 2591, 2588, 2579, 2576, 2578, 2584, 2573]"
O12:Monoculture::Gef,random,3,"[2569, 2572, 2590, 2585, 2591, 2575, 2588, 2570, 2573, 2578, 2582, 2581, 2587, 2579, 2576, 2584]"
O12:Monoculture::Gef,random,4,"[2569, 2572, 2590, 2573, 2585, 2570, 2575, 2591, 2582, 2587, 2584, 2581, 2578, 2576, 2579, 2588]"
O12:Monoculture::Gef,random,5,"[2569, 2572, 2590, 2585, 2573, 2576, 2591, 2582, 2575, 2587, 2578, 2581, 2570, 2588, 2579, 2584]"
O12:Monoculture::Gef,random,6,"[2569, 2572, 2590, 2585, 2587, 2588, 2581, 2578, 2575, 2591, 2584, 2576, 2570, 2579, 2582, 2573]"
O12:Monoculture::Gef,random,7,"[2569, 2572, 2590, 2581, 2584, 2570, 2582, 2578, 2573, 2587, 2576, 2591, 2575, 2579, 2585, 2588]"
O12:Monoculture::Gef,random,8,"[2569, 2572, 2590, 2587, 2570, 2576, 2582, 2584, 2573, 2588, 2581, 2591, 2579, 2585, 2575, 2578]"
O12:Monoculture::Gef,random,9,"[2569, 2572, 2590, 2575, 2585, 2581, 2582, 2588, 2587, 2576, 2579, 2591, 2584, 2578, 2570, 2573]"
O12:Monoculture::Gef,random,10,"[2569, 2572, 2590, 2573, 2587, 2585, 2576, 2582, 2575, 2578, 2588, 2591, 2579, 2581, 2570, 2584]"
O12:Monoculture::Gef,random,11,"[2569, 2572, 2590, 2575, 2588, 2584, 2573, 2581, 2585, 2578, 2579, 2591, 2576, 2587, 2582, 2570]"
O12:Monoculture::Gef,random,12,"[2569, 2572, 2590, 2581, 2573, 2578, 2585, 2587, 2582, 2579, 2570, 2588, 2576, 2575, 2591, 2584]"
O12:Monoculture::Gef,random,13,"[2569, 2572, 2590, 2581, 2573, 2579, 2570, 2578, 2582, 2575, 2584, 2576, 2587, 2588, 2585, 2591]"
O12:Monoculture::Gef,random,14,"[2569, 2572, 2590, 2579, 2591, 2587, 2582, 2576, 2585, 2578, 2581, 2570, 2584, 2588, 2573, 2575]"
O12:Monoculture::Gef,random,15,"[2569, 2572, 2590, 2579, 2576, 2584, 2570, 2581, 2582, 2575, 2587, 2588, 2591, 2578, 2585, 2573]"
O12:Monoculture::Gef,random,16,"[2569, 2572, 2590, 2570, 2587, 2578, 2581, 2584, 2588, 2579, 2582, 2576, 2585, 2573, 2591, 2575]"
O12:Monoculture::Gef,random,17,"[2569, 2572, 2590, 2591, 2581, 2585, 2578, 2588, 2582, 2584, 2573, 2570, 2587, 2575, 2579, 2576]"
O12:Monoculture::Gef,random,18,"[2569, 2572, 2590, 2575, 2581, 2579, 2588, 2570, 2582, 2584, 2578, 2587, 2573, 2585, 2591, 2576]"
O12:Monoculture::Gef,random,19,"[2569, 2572, 2590, 2585, 2584, 2582, 2578, 2570, 2587, 2579, 2575, 2591, 2573, 2576, 2588, 2581]"
O12:Monoculture::SN-38,space_filling,-1,"[2545, 2548, 2566, 2557, 2563, 2560, 2554, 2551, 2546, 2549, 2552, 2555, 2558, 2561, 2564, 2567]"
O12:Monoculture::SN-38,control_first_space,-1,"[2545, 2548, 2566, 2546, 2557, 2563, 2560, 2554, 2551, 2549, 2552, 2555, 2558, 2561, 2564, 2567]"
O12:Monoculture::SN-38,random,0,"[2545, 2548, 2566, 2563, 2551, 2558, 2554, 2555, 2567, 2546, 2552, 2557, 2561, 2564, 2560, 2549]"
O12:Monoculture::SN-38,random,1,"[2545, 2548, 2566, 2549, 2563, 2558, 2561, 2567, 2554, 2555, 2560, 2546, 2551, 2564, 2557, 2552]"
O12:Monoculture::SN-38,random,2,"[2545, 2548, 2566, 2551, 2563, 2558, 2546, 2557, 2561, 2567, 2564, 2555, 2552, 2554, 2560, 2549]"
O12:Monoculture::SN-38,random,3,"[2545, 2548, 2566, 2561, 2567, 2551, 2564, 2546, 2549, 2554, 2558, 2557, 2563, 2555, 2552, 2560]"
O12:Monoculture::SN-38,random,4,"[2545, 2548, 2566, 2549, 2561, 2546, 2551, 2567, 2558, 2563, 2560, 2557, 2554, 2552, 2555, 2564]"
O12:Monoculture::SN-38,random,5,"[2545, 2548, 2566, 2561, 2549, 2552, 2567, 2558, 2551, 2563, 2554, 2557, 2546, 2564, 2555, 2560]"
O12:Monoculture::SN-38,random,6,"[2545, 2548, 2566, 2561, 2563, 2564, 2557, 2554, 2551, 2567, 2560, 2552, 2546, 2555, 2558, 2549]"
O12:Monoculture::SN-38,random,7,"[2545, 2548, 2566, 2557, 2560, 2546, 2558, 2554, 2549, 2563, 2552, 2567, 2551, 2555, 2561, 2564]"
O12:Monoculture::SN-38,random,8,"[2545, 2548, 2566, 2563, 2546, 2552, 2558, 2560, 2549, 2564, 2557, 2567, 2555, 2561, 2551, 2554]"
O12:Monoculture::SN-38,random,9,"[2545, 2548, 2566, 2551, 2561, 2557, 2558, 2564, 2563, 2552, 2555, 2567, 2560, 2554, 2546, 2549]"
O12:Monoculture::SN-38,random,10,"[2545, 2548, 2566, 2549, 2563, 2561, 2552, 2558, 2551, 2554, 2564, 2567, 2555, 2557, 2546, 2560]"
O12:Monoculture::SN-38,random,11,"[2545, 2548, 2566, 2551, 2564, 2560, 2549, 2557, 2561, 2554, 2555, 2567, 2552, 2563, 2558, 2546]"
O12:Monoculture::SN-38,random,12,"[2545, 2548, 2566, 2557, 2549, 2554, 2561, 2563, 2558, 2555, 2546, 2564, 2552, 2551, 2567, 2560]"
O12:Monoculture::SN-38,random,13,"[2545, 2548, 2566, 2557, 2549, 2555, 2546, 2554, 2558, 2551, 2560, 2552, 2563, 2564, 2561, 2567]"
O12:Monoculture::SN-38,random,14,"[2545, 2548, 2566, 2555, 2567, 2563, 2558, 2552, 2561, 2554, 2557, 2546, 2560, 2564, 2549, 2551]"
O12:Monoculture::SN-38,random,15,"[2545, 2548, 2566, 2555, 2552, 2560, 2546, 2557, 2558, 2551, 2563, 2564, 2567, 2554, 2561, 2549]"
O12:Monoculture::SN-38,random,16,"[2545, 2548, 2566, 2546, 2563, 2554, 2557, 2560, 2564, 2555, 2558, 2552, 2561, 2549, 2567, 2551]"
O12:Monoculture::SN-38,random,17,"[2545, 2548, 2566, 2567, 2557, 2561, 2554, 2564, 2558, 2560, 2549, 2546, 2563, 2551, 2555, 2552]"
O12:Monoculture::SN-38,random,18,"[2545, 2548, 2566, 2551, 2557, 2555, 2564, 2546, 2558, 2560, 2554, 2563, 2549, 2561, 2567, 2552]"
O12:Monoculture::SN-38,random,19,"[2545, 2548, 2566, 2561, 2560, 2558, 2554, 2546, 2563, 2555, 2551, 2567, 2549, 2552, 2564, 2557]"
O13:Coculture:F13:5-FU,space_filling,-1,"[2785, 2788, 2806, 2797, 2803, 2800, 2794, 2791, 2786, 2789, 2792, 2795, 2798, 2801, 2804, 2807]"
O13:Coculture:F13:5-FU,control_first_space,-1,"[2785, 2788, 2806, 2786, 2797, 2803, 2800, 2794, 2791, 2789, 2792, 2795, 2798, 2801, 2804, 2807]"
O13:Coculture:F13:5-FU,random,0,"[2785, 2788, 2806, 2803, 2791, 2798, 2794, 2795, 2807, 2786, 2792, 2797, 2801, 2804, 2800, 2789]"
O13:Coculture:F13:5-FU,random,1,"[2785, 2788, 2806, 2789, 2803, 2798, 2801, 2807, 2794, 2795, 2800, 2786, 2791, 2804, 2797, 2792]"
O13:Coculture:F13:5-FU,random,2,"[2785, 2788, 2806, 2791, 2803, 2798, 2786, 2797, 2801, 2807, 2804, 2795, 2792, 2794, 2800, 2789]"
O13:Coculture:F13:5-FU,random,3,"[2785, 2788, 2806, 2801, 2807, 2791, 2804, 2786, 2789, 2794, 2798, 2797, 2803, 2795, 2792, 2800]"
O13:Coculture:F13:5-FU,random,4,"[2785, 2788, 2806, 2789, 2801, 2786, 2791, 2807, 2798, 2803, 2800, 2797, 2794, 2792, 2795, 2804]"
O13:Coculture:F13:5-FU,random,5,"[2785, 2788, 2806, 2801, 2789, 2792, 2807, 2798, 2791, 2803, 2794, 2797, 2786, 2804, 2795, 2800]"
O13:Coculture:F13:5-FU,random,6,"[2785, 2788, 2806, 2801, 2803, 2804, 2797, 2794, 2791, 2807, 2800, 2792, 2786, 2795, 2798, 2789]"
O13:Coculture:F13:5-FU,random,7,"[2785, 2788, 2806, 2797, 2800, 2786, 2798, 2794, 2789, 2803, 2792, 2807, 2791, 2795, 2801, 2804]"
O13:Coculture:F13:5-FU,random,8,"[2785, 2788, 2806, 2803, 2786, 2792, 2798, 2800, 2789, 2804, 2797, 2807, 2795, 2801, 2791, 2794]"
O13:Coculture:F13:5-FU,random,9,"[2785, 2788, 2806, 2791, 2801, 2797, 2798, 2804, 2803, 2792, 2795, 2807, 2800, 2794, 2786, 2789]"
O13:Coculture:F13:5-FU,random,10,"[2785, 2788, 2806, 2789, 2803, 2801, 2792, 2798, 2791, 2794, 2804, 2807, 2795, 2797, 2786, 2800]"
O13:Coculture:F13:5-FU,random,11,"[2785, 2788, 2806, 2791, 2804, 2800, 2789, 2797, 2801, 2794, 2795, 2807, 2792, 2803, 2798, 2786]"
O13:Coculture:F13:5-FU,random,12,"[2785, 2788, 2806, 2797, 2789, 2794, 2801, 2803, 2798, 2795, 2786, 2804, 2792, 2791, 2807, 2800]"
O13:Coculture:F13:5-FU,random,13,"[2785, 2788, 2806, 2797, 2789, 2795, 2786, 2794, 2798, 2791, 2800, 2792, 2803, 2804, 2801, 2807]"
O13:Coculture:F13:5-FU,random,14,"[2785, 2788, 2806, 2795, 2807, 2803, 2798, 2792, 2801, 2794, 2797, 2786, 2800, 2804, 2789, 2791]"
O13:Coculture:F13:5-FU,random,15,"[2785, 2788, 2806, 2795, 2792, 2800, 2786, 2797, 2798, 2791, 2803, 2804, 2807, 2794, 2801, 2789]"
O13:Coculture:F13:5-FU,random,16,"[2785, 2788, 2806, 2786, 2803, 2794, 2797, 2800, 2804, 2795, 2798, 2792, 2801, 2789, 2807, 2791]"
O13:Coculture:F13:5-FU,random,17,"[2785, 2788, 2806, 2807, 2797, 2801, 2794, 2804, 2798, 2800, 2789, 2786, 2803, 2791, 2795, 2792]"
O13:Coculture:F13:5-FU,random,18,"[2785, 2788, 2806, 2791, 2797, 2795, 2804, 2786, 2798, 2800, 2794, 2803, 2789, 2801, 2807, 2792]"
O13:Coculture:F13:5-FU,random,19,"[2785, 2788, 2806, 2801, 2800, 2798, 2794, 2786, 2803, 2795, 2791, 2807, 2789, 2792, 2804, 2797]"
O13:Coculture:F13:Oxa,space_filling,-1,"[2809, 2812, 2830, 2821, 2827, 2824, 2818, 2815, 2810, 2813, 2816, 2819, 2822, 2825, 2828, 2831]"
O13:Coculture:F13:Oxa,control_first_space,-1,"[2809, 2812, 2830, 2810, 2821, 2827, 2824, 2818, 2815, 2813, 2816, 2819, 2822, 2825, 2828, 2831]"
O13:Coculture:F13:Oxa,random,0,"[2809, 2812, 2830, 2827, 2815, 2822, 2818, 2819, 2831, 2810, 2816, 2821, 2825, 2828, 2824, 2813]"
O13:Coculture:F13:Oxa,random,1,"[2809, 2812, 2830, 2813, 2827, 2822, 2825, 2831, 2818, 2819, 2824, 2810, 2815, 2828, 2821, 2816]"
O13:Coculture:F13:Oxa,random,2,"[2809, 2812, 2830, 2815, 2827, 2822, 2810, 2821, 2825, 2831, 2828, 2819, 2816, 2818, 2824, 2813]"
O13:Coculture:F13:Oxa,random,3,"[2809, 2812, 2830, 2825, 2831, 2815, 2828, 2810, 2813, 2818, 2822, 2821, 2827, 2819, 2816, 2824]"
O13:Coculture:F13:Oxa,random,4,"[2809, 2812, 2830, 2813, 2825, 2810, 2815, 2831, 2822, 2827, 2824, 2821, 2818, 2816, 2819, 2828]"
O13:Coculture:F13:Oxa,random,5,"[2809, 2812, 2830, 2825, 2813, 2816, 2831, 2822, 2815, 2827, 2818, 2821, 2810, 2828, 2819, 2824]"
O13:Coculture:F13:Oxa,random,6,"[2809, 2812, 2830, 2825, 2827, 2828, 2821, 2818, 2815, 2831, 2824, 2816, 2810, 2819, 2822, 2813]"
O13:Coculture:F13:Oxa,random,7,"[2809, 2812, 2830, 2821, 2824, 2810, 2822, 2818, 2813, 2827, 2816, 2831, 2815, 2819, 2825, 2828]"
O13:Coculture:F13:Oxa,random,8,"[2809, 2812, 2830, 2827, 2810, 2816, 2822, 2824, 2813, 2828, 2821, 2831, 2819, 2825, 2815, 2818]"
O13:Coculture:F13:Oxa,random,9,"[2809, 2812, 2830, 2815, 2825, 2821, 2822, 2828, 2827, 2816, 2819, 2831, 2824, 2818, 2810, 2813]"
O13:Coculture:F13:Oxa,random,10,"[2809, 2812, 2830, 2813, 2827, 2825, 2816, 2822, 2815, 2818, 2828, 2831, 2819, 2821, 2810, 2824]"
O13:Coculture:F13:Oxa,random,11,"[2809, 2812, 2830, 2815, 2828, 2824, 2813, 2821, 2825, 2818, 2819, 2831, 2816, 2827, 2822, 2810]"
O13:Coculture:F13:Oxa,random,12,"[2809, 2812, 2830, 2821, 2813, 2818, 2825, 2827, 2822, 2819, 2810, 2828, 2816, 2815, 2831, 2824]"
O13:Coculture:F13:Oxa,random,13,"[2809, 2812, 2830, 2821, 2813, 2819, 2810, 2818, 2822, 2815, 2824, 2816, 2827, 2828, 2825, 2831]"
O13:Coculture:F13:Oxa,random,14,"[2809, 2812, 2830, 2819, 2831, 2827, 2822, 2816, 2825, 2818, 2821, 2810, 2824, 2828, 2813, 2815]"
O13:Coculture:F13:Oxa,random,15,"[2809, 2812, 2830, 2819, 2816, 2824, 2810, 2821, 2822, 2815, 2827, 2828, 2831, 2818, 2825, 2813]"
O13:Coculture:F13:Oxa,random,16,"[2809, 2812, 2830, 2810, 2827, 2818, 2821, 2824, 2828, 2819, 2822, 2816, 2825, 2813, 2831, 2815]"
O13:Coculture:F13:Oxa,random,17,"[2809, 2812, 2830, 2831, 2821, 2825, 2818, 2828, 2822, 2824, 2813, 2810, 2827, 2815, 2819, 2816]"
O13:Coculture:F13:Oxa,random,18,"[2809, 2812, 2830, 2815, 2821, 2819, 2828, 2810, 2822, 2824, 2818, 2827, 2813, 2825, 2831, 2816]"
O13:Coculture:F13:Oxa,random,19,"[2809, 2812, 2830, 2825, 2824, 2822, 2818, 2810, 2827, 2819, 2815, 2831, 2813, 2816, 2828, 2821]"
O13:Coculture:F13:SN-38,space_filling,-1,"[2833, 2836, 2854, 2845, 2851, 2848, 2842, 2839, 2834, 2837, 2840, 2843, 2846, 2849, 2852, 2855]"
O13:Coculture:F13:SN-38,control_first_space,-1,"[2833, 2836, 2854, 2834, 2845, 2851, 2848, 2842, 2839, 2837, 2840, 2843, 2846, 2849, 2852, 2855]"
O13:Coculture:F13:SN-38,random,0,"[2833, 2836, 2854, 2851, 2839, 2846, 2842, 2843, 2855, 2834, 2840, 2845, 2849, 2852, 2848, 2837]"
O13:Coculture:F13:SN-38,random,1,"[2833, 2836, 2854, 2837, 2851, 2846, 2849, 2855, 2842, 2843, 2848, 2834, 2839, 2852, 2845, 2840]"
O13:Coculture:F13:SN-38,random,2,"[2833, 2836, 2854, 2839, 2851, 2846, 2834, 2845, 2849, 2855, 2852, 2843, 2840, 2842, 2848, 2837]"
O13:Coculture:F13:SN-38,random,3,"[2833, 2836, 2854, 2849, 2855, 2839, 2852, 2834, 2837, 2842, 2846, 2845, 2851, 2843, 2840, 2848]"
O13:Coculture:F13:SN-38,random,4,"[2833, 2836, 2854, 2837, 2849, 2834, 2839, 2855, 2846, 2851, 2848, 2845, 2842, 2840, 2843, 2852]"
O13:Coculture:F13:SN-38,random,5,"[2833, 2836, 2854, 2849, 2837, 2840, 2855, 2846, 2839, 2851, 2842, 2845, 2834, 2852, 2843, 2848]"
O13:Coculture:F13:SN-38,random,6,"[2833, 2836, 2854, 2849, 2851, 2852, 2845, 2842, 2839, 2855, 2848, 2840, 2834, 2843, 2846, 2837]"
O13:Coculture:F13:SN-38,random,7,"[2833, 2836, 2854, 2845, 2848, 2834, 2846, 2842, 2837, 2851, 2840, 2855, 2839, 2843, 2849, 2852]"
O13:Coculture:F13:SN-38,random,8,"[2833, 2836, 2854, 2851, 2834, 2840, 2846, 2848, 2837, 2852, 2845, 2855, 2843, 2849, 2839, 2842]"
O13:Coculture:F13:SN-38,random,9,"[2833, 2836, 2854, 2839, 2849, 2845, 2846, 2852, 2851, 2840, 2843, 2855, 2848, 2842, 2834, 2837]"
O13:Coculture:F13:SN-38,random,10,"[2833, 2836, 2854, 2837, 2851, 2849, 2840, 2846, 2839, 2842, 2852, 2855, 2843, 2845, 2834, 2848]"
O13:Coculture:F13:SN-38,random,11,"[2833, 2836, 2854, 2839, 2852, 2848, 2837, 2845, 2849, 2842, 2843, 2855, 2840, 2851, 2846, 2834]"
O13:Coculture:F13:SN-38,random,12,"[2833, 2836, 2854, 2845, 2837, 2842, 2849, 2851, 2846, 2843, 2834, 2852, 2840, 2839, 2855, 2848]"
O13:Coculture:F13:SN-38,random,13,"[2833, 2836, 2854, 2845, 2837, 2843, 2834, 2842, 2846, 2839, 2848, 2840, 2851, 2852, 2849, 2855]"
O13:Coculture:F13:SN-38,random,14,"[2833, 2836, 2854, 2843, 2855, 2851, 2846, 2840, 2849, 2842, 2845, 2834, 2848, 2852, 2837, 2839]"
O13:Coculture:F13:SN-38,random,15,"[2833, 2836, 2854, 2843, 2840, 2848, 2834, 2845, 2846, 2839, 2851, 2852, 2855, 2842, 2849, 2837]"
O13:Coculture:F13:SN-38,random,16,"[2833, 2836, 2854, 2834, 2851, 2842, 2845, 2848, 2852, 2843, 2846, 2840, 2849, 2837, 2855, 2839]"
O13:Coculture:F13:SN-38,random,17,"[2833, 2836, 2854, 2855, 2845, 2849, 2842, 2852, 2846, 2848, 2837, 2834, 2851, 2839, 2843, 2840]"
O13:Coculture:F13:SN-38,random,18,"[2833, 2836, 2854, 2839, 2845, 2843, 2852, 2834, 2846, 2848, 2842, 2851, 2837, 2849, 2855, 2840]"
O13:Coculture:F13:SN-38,random,19,"[2833, 2836, 2854, 2849, 2848, 2846, 2842, 2834, 2851, 2843, 2839, 2855, 2837, 2840, 2852, 2845]"
O13:Monoculture::Gef,space_filling,-1,"[2761, 2764, 2782, 2773, 2770, 2779, 2776, 2767, 2762, 2765, 2768, 2771, 2774, 2777, 2780, 2783]"
O13:Monoculture::Gef,control_first_space,-1,"[2761, 2764, 2782, 2762, 2773, 2770, 2779, 2776, 2767, 2765, 2768, 2771, 2774, 2777, 2780, 2783]"
O13:Monoculture::Gef,random,0,"[2761, 2764, 2782, 2779, 2767, 2774, 2770, 2771, 2783, 2762, 2768, 2773, 2777, 2780, 2776, 2765]"
O13:Monoculture::Gef,random,1,"[2761, 2764, 2782, 2765, 2779, 2774, 2777, 2783, 2770, 2771, 2776, 2762, 2767, 2780, 2773, 2768]"
O13:Monoculture::Gef,random,2,"[2761, 2764, 2782, 2767, 2779, 2774, 2762, 2773, 2777, 2783, 2780, 2771, 2768, 2770, 2776, 2765]"
O13:Monoculture::Gef,random,3,"[2761, 2764, 2782, 2777, 2783, 2767, 2780, 2762, 2765, 2770, 2774, 2773, 2779, 2771, 2768, 2776]"
O13:Monoculture::Gef,random,4,"[2761, 2764, 2782, 2765, 2777, 2762, 2767, 2783, 2774, 2779, 2776, 2773, 2770, 2768, 2771, 2780]"
O13:Monoculture::Gef,random,5,"[2761, 2764, 2782, 2777, 2765, 2768, 2783, 2774, 2767, 2779, 2770, 2773, 2762, 2780, 2771, 2776]"
O13:Monoculture::Gef,random,6,"[2761, 2764, 2782, 2777, 2779, 2780, 2773, 2770, 2767, 2783, 2776, 2768, 2762, 2771, 2774, 2765]"
O13:Monoculture::Gef,random,7,"[2761, 2764, 2782, 2773, 2776, 2762, 2774, 2770, 2765, 2779, 2768, 2783, 2767, 2771, 2777, 2780]"
O13:Monoculture::Gef,random,8,"[2761, 2764, 2782, 2779, 2762, 2768, 2774, 2776, 2765, 2780, 2773, 2783, 2771, 2777, 2767, 2770]"
O13:Monoculture::Gef,random,9,"[2761, 2764, 2782, 2767, 2777, 2773, 2774, 2780, 2779, 2768, 2771, 2783, 2776, 2770, 2762, 2765]"
O13:Monoculture::Gef,random,10,"[2761, 2764, 2782, 2765, 2779, 2777, 2768, 2774, 2767, 2770, 2780, 2783, 2771, 2773, 2762, 2776]"
O13:Monoculture::Gef,random,11,"[2761, 2764, 2782, 2767, 2780, 2776, 2765, 2773, 2777, 2770, 2771, 2783, 2768, 2779, 2774, 2762]"
O13:Monoculture::Gef,random,12,"[2761, 2764, 2782, 2773, 2765, 2770, 2777, 2779, 2774, 2771, 2762, 2780, 2768, 2767, 2783, 2776]"
O13:Monoculture::Gef,random,13,"[2761, 2764, 2782, 2773, 2765, 2771, 2762, 2770, 2774, 2767, 2776, 2768, 2779, 2780, 2777, 2783]"
O13:Monoculture::Gef,random,14,"[2761, 2764, 2782, 2771, 2783, 2779, 2774, 2768, 2777, 2770, 2773, 2762, 2776, 2780, 2765, 2767]"
O13:Monoculture::Gef,random,15,"[2761, 2764, 2782, 2771, 2768, 2776, 2762, 2773, 2774, 2767, 2779, 2780, 2783, 2770, 2777, 2765]"
O13:Monoculture::Gef,random,16,"[2761, 2764, 2782, 2762, 2779, 2770, 2773, 2776, 2780, 2771, 2774, 2768, 2777, 2765, 2783, 2767]"
O13:Monoculture::Gef,random,17,"[2761, 2764, 2782, 2783, 2773, 2777, 2770, 2780, 2774, 2776, 2765, 2762, 2779, 2767, 2771, 2768]"
O13:Monoculture::Gef,random,18,"[2761, 2764, 2782, 2767, 2773, 2771, 2780, 2762, 2774, 2776, 2770, 2779, 2765, 2777, 2783, 2768]"
O13:Monoculture::Gef,random,19,"[2761, 2764, 2782, 2777, 2776, 2774, 2770, 2762, 2779, 2771, 2767, 2783, 2765, 2768, 2780, 2773]"
O14:Coculture:F06:Gef,space_filling,-1,"[3337, 3340, 3358, 3349, 3346, 3355, 3352, 3343, 3338, 3341, 3344, 3347, 3350, 3353, 3356, 3359]"
O14:Coculture:F06:Gef,control_first_space,-1,"[3337, 3340, 3358, 3338, 3349, 3346, 3355, 3352, 3343, 3341, 3344, 3347, 3350, 3353, 3356, 3359]"
O14:Coculture:F06:Gef,random,0,"[3337, 3340, 3358, 3355, 3343, 3350, 3346, 3347, 3359, 3338, 3344, 3349, 3353, 3356, 3352, 3341]"
O14:Coculture:F06:Gef,random,1,"[3337, 3340, 3358, 3341, 3355, 3350, 3353, 3359, 3346, 3347, 3352, 3338, 3343, 3356, 3349, 3344]"
O14:Coculture:F06:Gef,random,2,"[3337, 3340, 3358, 3343, 3355, 3350, 3338, 3349, 3353, 3359, 3356, 3347, 3344, 3346, 3352, 3341]"
O14:Coculture:F06:Gef,random,3,"[3337, 3340, 3358, 3353, 3359, 3343, 3356, 3338, 3341, 3346, 3350, 3349, 3355, 3347, 3344, 3352]"
O14:Coculture:F06:Gef,random,4,"[3337, 3340, 3358, 3341, 3353, 3338, 3343, 3359, 3350, 3355, 3352, 3349, 3346, 3344, 3347, 3356]"
O14:Coculture:F06:Gef,random,5,"[3337, 3340, 3358, 3353, 3341, 3344, 3359, 3350, 3343, 3355, 3346, 3349, 3338, 3356, 3347, 3352]"
O14:Coculture:F06:Gef,random,6,"[3337, 3340, 3358, 3353, 3355, 3356, 3349, 3346, 3343, 3359, 3352, 3344, 3338, 3347, 3350, 3341]"
O14:Coculture:F06:Gef,random,7,"[3337, 3340, 3358, 3349, 3352, 3338, 3350, 3346, 3341, 3355, 3344, 3359, 3343, 3347, 3353, 3356]"
O14:Coculture:F06:Gef,random,8,"[3337, 3340, 3358, 3355, 3338, 3344, 3350, 3352, 3341, 3356, 3349, 3359, 3347, 3353, 3343, 3346]"
O14:Coculture:F06:Gef,random,9,"[3337, 3340, 3358, 3343, 3353, 3349, 3350, 3356, 3355, 3344, 3347, 3359, 3352, 3346, 3338, 3341]"
O14:Coculture:F06:Gef,random,10,"[3337, 3340, 3358, 3341, 3355, 3353, 3344, 3350, 3343, 3346, 3356, 3359, 3347, 3349, 3338, 3352]"
O14:Coculture:F06:Gef,random,11,"[3337, 3340, 3358, 3343, 3356, 3352, 3341, 3349, 3353, 3346, 3347, 3359, 3344, 3355, 3350, 3338]"
O14:Coculture:F06:Gef,random,12,"[3337, 3340, 3358, 3349, 3341, 3346, 3353, 3355, 3350, 3347, 3338, 3356, 3344, 3343, 3359, 3352]"
O14:Coculture:F06:Gef,random,13,"[3337, 3340, 3358, 3349, 3341, 3347, 3338, 3346, 3350, 3343, 3352, 3344, 3355, 3356, 3353, 3359]"
O14:Coculture:F06:Gef,random,14,"[3337, 3340, 3358, 3347, 3359, 3355, 3350, 3344, 3353, 3346, 3349, 3338, 3352, 3356, 3341, 3343]"
O14:Coculture:F06:Gef,random,15,"[3337, 3340, 3358, 3347, 3344, 3352, 3338, 3349, 3350, 3343, 3355, 3356, 3359, 3346, 3353, 3341]"
O14:Coculture:F06:Gef,random,16,"[3337, 3340, 3358, 3338, 3355, 3346, 3349, 3352, 3356, 3347, 3350, 3344, 3353, 3341, 3359, 3343]"
O14:Coculture:F06:Gef,random,17,"[3337, 3340, 3358, 3359, 3349, 3353, 3346, 3356, 3350, 3352, 3341, 3338, 3355, 3343, 3347, 3344]"
O14:Coculture:F06:Gef,random,18,"[3337, 3340, 3358, 3343, 3349, 3347, 3356, 3338, 3350, 3352, 3346, 3355, 3341, 3353, 3359, 3344]"
O14:Coculture:F06:Gef,random,19,"[3337, 3340, 3358, 3353, 3352, 3350, 3346, 3338, 3355, 3347, 3343, 3359, 3341, 3344, 3356, 3349]"
O14:Coculture:F06:Oxa,space_filling,-1,"[3289, 3292, 3310, 3301, 3307, 3304, 3298, 3295, 3290, 3293, 3296, 3299, 3302, 3305, 3308, 3311]"
O14:Coculture:F06:Oxa,control_first_space,-1,"[3289, 3292, 3310, 3290, 3301, 3307, 3304, 3298, 3295, 3293, 3296, 3299, 3302, 3305, 3308, 3311]"
O14:Coculture:F06:Oxa,random,0,"[3289, 3292, 3310, 3307, 3295, 3302, 3298, 3299, 3311, 3290, 3296, 3301, 3305, 3308, 3304, 3293]"
O14:Coculture:F06:Oxa,random,1,"[3289, 3292, 3310, 3293, 3307, 3302, 3305, 3311, 3298, 3299, 3304, 3290, 3295, 3308, 3301, 3296]"
O14:Coculture:F06:Oxa,random,2,"[3289, 3292, 3310, 3295, 3307, 3302, 3290, 3301, 3305, 3311, 3308, 3299, 3296, 3298, 3304, 3293]"
O14:Coculture:F06:Oxa,random,3,"[3289, 3292, 3310, 3305, 3311, 3295, 3308, 3290, 3293, 3298, 3302, 3301, 3307, 3299, 3296, 3304]"
O14:Coculture:F06:Oxa,random,4,"[3289, 3292, 3310, 3293, 3305, 3290, 3295, 3311, 3302, 3307, 3304, 3301, 3298, 3296, 3299, 3308]"
O14:Coculture:F06:Oxa,random,5,"[3289, 3292, 3310, 3305, 3293, 3296, 3311, 3302, 3295, 3307, 3298, 3301, 3290, 3308, 3299, 3304]"
O14:Coculture:F06:Oxa,random,6,"[3289, 3292, 3310, 3305, 3307, 3308, 3301, 3298, 3295, 3311, 3304, 3296, 3290, 3299, 3302, 3293]"
O14:Coculture:F06:Oxa,random,7,"[3289, 3292, 3310, 3301, 3304, 3290, 3302, 3298, 3293, 3307, 3296, 3311, 3295, 3299, 3305, 3308]"
O14:Coculture:F06:Oxa,random,8,"[3289, 3292, 3310, 3307, 3290, 3296, 3302, 3304, 3293, 3308, 3301, 3311, 3299, 3305, 3295, 3298]"
O14:Coculture:F06:Oxa,random,9,"[3289, 3292, 3310, 3295, 3305, 3301, 3302, 3308, 3307, 3296, 3299, 3311, 3304, 3298, 3290, 3293]"
O14:Coculture:F06:Oxa,random,10,"[3289, 3292, 3310, 3293, 3307, 3305, 3296, 3302, 3295, 3298, 3308, 3311, 3299, 3301, 3290, 3304]"
O14:Coculture:F06:Oxa,random,11,"[3289, 3292, 3310, 3295, 3308, 3304, 3293, 3301, 3305, 3298, 3299, 3311, 3296, 3307, 3302, 3290]"
O14:Coculture:F06:Oxa,random,12,"[3289, 3292, 3310, 3301, 3293, 3298, 3305, 3307, 3302, 3299, 3290, 3308, 3296, 3295, 3311, 3304]"
O14:Coculture:F06:Oxa,random,13,"[3289, 3292, 3310, 3301, 3293, 3299, 3290, 3298, 3302, 3295, 3304, 3296, 3307, 3308, 3305, 3311]"
O14:Coculture:F06:Oxa,random,14,"[3289, 3292, 3310, 3299, 3311, 3307, 3302, 3296, 3305, 3298, 3301, 3290, 3304, 3308, 3293, 3295]"
O14:Coculture:F06:Oxa,random,15,"[3289, 3292, 3310, 3299, 3296, 3304, 3290, 3301, 3302, 3295, 3307, 3308, 3311, 3298, 3305, 3293]"
O14:Coculture:F06:Oxa,random,16,"[3289, 3292, 3310, 3290, 3307, 3298, 3301, 3304, 3308, 3299, 3302, 3296, 3305, 3293, 3311, 3295]"
O14:Coculture:F06:Oxa,random,17,"[3289, 3292, 3310, 3311, 3301, 3305, 3298, 3308, 3302, 3304, 3293, 3290, 3307, 3295, 3299, 3296]"
O14:Coculture:F06:Oxa,random,18,"[3289, 3292, 3310, 3295, 3301, 3299, 3308, 3290, 3302, 3304, 3298, 3307, 3293, 3305, 3311, 3296]"
O14:Coculture:F06:Oxa,random,19,"[3289, 3292, 3310, 3305, 3304, 3302, 3298, 3290, 3307, 3299, 3295, 3311, 3293, 3296, 3308, 3301]"
O14:Coculture:F06:SN-38,space_filling,-1,"[3313, 3316, 3334, 3325, 3331, 3328, 3322, 3319, 3314, 3317, 3320, 3323, 3326, 3329, 3332, 3335]"
O14:Coculture:F06:SN-38,control_first_space,-1,"[3313, 3316, 3334, 3314, 3325, 3331, 3328, 3322, 3319, 3317, 3320, 3323, 3326, 3329, 3332, 3335]"
O14:Coculture:F06:SN-38,random,0,"[3313, 3316, 3334, 3331, 3319, 3326, 3322, 3323, 3335, 3314, 3320, 3325, 3329, 3332, 3328, 3317]"
O14:Coculture:F06:SN-38,random,1,"[3313, 3316, 3334, 3317, 3331, 3326, 3329, 3335, 3322, 3323, 3328, 3314, 3319, 3332, 3325, 3320]"
O14:Coculture:F06:SN-38,random,2,"[3313, 3316, 3334, 3319, 3331, 3326, 3314, 3325, 3329, 3335, 3332, 3323, 3320, 3322, 3328, 3317]"
O14:Coculture:F06:SN-38,random,3,"[3313, 3316, 3334, 3329, 3335, 3319, 3332, 3314, 3317, 3322, 3326, 3325, 3331, 3323, 3320, 3328]"
O14:Coculture:F06:SN-38,random,4,"[3313, 3316, 3334, 3317, 3329, 3314, 3319, 3335, 3326, 3331, 3328, 3325, 3322, 3320, 3323, 3332]"
O14:Coculture:F06:SN-38,random,5,"[3313, 3316, 3334, 3329, 3317, 3320, 3335, 3326, 3319, 3331, 3322, 3325, 3314, 3332, 3323, 3328]"
O14:Coculture:F06:SN-38,random,6,"[3313, 3316, 3334, 3329, 3331, 3332, 3325, 3322, 3319, 3335, 3328, 3320, 3314, 3323, 3326, 3317]"
O14:Coculture:F06:SN-38,random,7,"[3313, 3316, 3334, 3325, 3328, 3314, 3326, 3322, 3317, 3331, 3320, 3335, 3319, 3323, 3329, 3332]"
O14:Coculture:F06:SN-38,random,8,"[3313, 3316, 3334, 3331, 3314, 3320, 3326, 3328, 3317, 3332, 3325, 3335, 3323, 3329, 3319, 3322]"
O14:Coculture:F06:SN-38,random,9,"[3313, 3316, 3334, 3319, 3329, 3325, 3326, 3332, 3331, 3320, 3323, 3335, 3328, 3322, 3314, 3317]"
O14:Coculture:F06:SN-38,random,10,"[3313, 3316, 3334, 3317, 3331, 3329, 3320, 3326, 3319, 3322, 3332, 3335, 3323, 3325, 3314, 3328]"
O14:Coculture:F06:SN-38,random,11,"[3313, 3316, 3334, 3319, 3332, 3328, 3317, 3325, 3329, 3322, 3323, 3335, 3320, 3331, 3326, 3314]"
O14:Coculture:F06:SN-38,random,12,"[3313, 3316, 3334, 3325, 3317, 3322, 3329, 3331, 3326, 3323, 3314, 3332, 3320, 3319, 3335, 3328]"
O14:Coculture:F06:SN-38,random,13,"[3313, 3316, 3334, 3325, 3317, 3323, 3314, 3322, 3326, 3319, 3328, 3320, 3331, 3332, 3329, 3335]"
O14:Coculture:F06:SN-38,random,14,"[3313, 3316, 3334, 3323, 3335, 3331, 3326, 3320, 3329, 3322, 3325, 3314, 3328, 3332, 3317, 3319]"
O14:Coculture:F06:SN-38,random,15,"[3313, 3316, 3334, 3323, 3320, 3328, 3314, 3325, 3326, 3319, 3331, 3332, 3335, 3322, 3329, 3317]"
O14:Coculture:F06:SN-38,random,16,"[3313, 3316, 3334, 3314, 3331, 3322, 3325, 3328, 3332, 3323, 3326, 3320, 3329, 3317, 3335, 3319]"
O14:Coculture:F06:SN-38,random,17,"[3313, 3316, 3334, 3335, 3325, 3329, 3322, 3332, 3326, 3328, 3317, 3314, 3331, 3319, 3323, 3320]"
O14:Coculture:F06:SN-38,random,18,"[3313, 3316, 3334, 3319, 3325, 3323, 3332, 3314, 3326, 3328, 3322, 3331, 3317, 3329, 3335, 3320]"
O14:Coculture:F06:SN-38,random,19,"[3313, 3316, 3334, 3329, 3328, 3326, 3322, 3314, 3331, 3323, 3319, 3335, 3317, 3320, 3332, 3325]"
O14:Coculture:F11:5-FU,space_filling,-1,"[3169, 3172, 3190, 3181, 3187, 3184, 3178, 3175, 3170, 3173, 3176, 3179, 3182, 3185, 3188, 3191]"
O14:Coculture:F11:5-FU,control_first_space,-1,"[3169, 3172, 3190, 3170, 3181, 3187, 3184, 3178, 3175, 3173, 3176, 3179, 3182, 3185, 3188, 3191]"
O14:Coculture:F11:5-FU,random,0,"[3169, 3172, 3190, 3187, 3175, 3182, 3178, 3179, 3191, 3170, 3176, 3181, 3185, 3188, 3184, 3173]"
O14:Coculture:F11:5-FU,random,1,"[3169, 3172, 3190, 3173, 3187, 3182, 3185, 3191, 3178, 3179, 3184, 3170, 3175, 3188, 3181, 3176]"
O14:Coculture:F11:5-FU,random,2,"[3169, 3172, 3190, 3175, 3187, 3182, 3170, 3181, 3185, 3191, 3188, 3179, 3176, 3178, 3184, 3173]"
O14:Coculture:F11:5-FU,random,3,"[3169, 3172, 3190, 3185, 3191, 3175, 3188, 3170, 3173, 3178, 3182, 3181, 3187, 3179, 3176, 3184]"
O14:Coculture:F11:5-FU,random,4,"[3169, 3172, 3190, 3173, 3185, 3170, 3175, 3191, 3182, 3187, 3184, 3181, 3178, 3176, 3179, 3188]"
O14:Coculture:F11:5-FU,random,5,"[3169, 3172, 3190, 3185, 3173, 3176, 3191, 3182, 3175, 3187, 3178, 3181, 3170, 3188, 3179, 3184]"
O14:Coculture:F11:5-FU,random,6,"[3169, 3172, 3190, 3185, 3187, 3188, 3181, 3178, 3175, 3191, 3184, 3176, 3170, 3179, 3182, 3173]"
O14:Coculture:F11:5-FU,random,7,"[3169, 3172, 3190, 3181, 3184, 3170, 3182, 3178, 3173, 3187, 3176, 3191, 3175, 3179, 3185, 3188]"
O14:Coculture:F11:5-FU,random,8,"[3169, 3172, 3190, 3187, 3170, 3176, 3182, 3184, 3173, 3188, 3181, 3191, 3179, 3185, 3175, 3178]"
O14:Coculture:F11:5-FU,random,9,"[3169, 3172, 3190, 3175, 3185, 3181, 3182, 3188, 3187, 3176, 3179, 3191, 3184, 3178, 3170, 3173]"
O14:Coculture:F11:5-FU,random,10,"[3169, 3172, 3190, 3173, 3187, 3185, 3176, 3182, 3175, 3178, 3188, 3191, 3179, 3181, 3170, 3184]"
O14:Coculture:F11:5-FU,random,11,"[3169, 3172, 3190, 3175, 3188, 3184, 3173, 3181, 3185, 3178, 3179, 3191, 3176, 3187, 3182, 3170]"
O14:Coculture:F11:5-FU,random,12,"[3169, 3172, 3190, 3181, 3173, 3178, 3185, 3187, 3182, 3179, 3170, 3188, 3176, 3175, 3191, 3184]"
O14:Coculture:F11:5-FU,random,13,"[3169, 3172, 3190, 3181, 3173, 3179, 3170, 3178, 3182, 3175, 3184, 3176, 3187, 3188, 3185, 3191]"
O14:Coculture:F11:5-FU,random,14,"[3169, 3172, 3190, 3179, 3191, 3187, 3182, 3176, 3185, 3178, 3181, 3170, 3184, 3188, 3173, 3175]"
O14:Coculture:F11:5-FU,random,15,"[3169, 3172, 3190, 3179, 3176, 3184, 3170, 3181, 3182, 3175, 3187, 3188, 3191, 3178, 3185, 3173]"
O14:Coculture:F11:5-FU,random,16,"[3169, 3172, 3190, 3170, 3187, 3178, 3181, 3184, 3188, 3179, 3182, 3176, 3185, 3173, 3191, 3175]"
O14:Coculture:F11:5-FU,random,17,"[3169, 3172, 3190, 3191, 3181, 3185, 3178, 3188, 3182, 3184, 3173, 3170, 3187, 3175, 3179, 3176]"
O14:Coculture:F11:5-FU,random,18,"[3169, 3172, 3190, 3175, 3181, 3179, 3188, 3170, 3182, 3184, 3178, 3187, 3173, 3185, 3191, 3176]"
O14:Coculture:F11:5-FU,random,19,"[3169, 3172, 3190, 3185, 3184, 3182, 3178, 3170, 3187, 3179, 3175, 3191, 3173, 3176, 3188, 3181]"
O14:Coculture:F11:Oxa,space_filling,-1,"[3193, 3196, 3214, 3205, 3211, 3208, 3202, 3199, 3194, 3197, 3200, 3203, 3206, 3209, 3212, 3215]"
O14:Coculture:F11:Oxa,control_first_space,-1,"[3193, 3196, 3214, 3194, 3205, 3211, 3208, 3202, 3199, 3197, 3200, 3203, 3206, 3209, 3212, 3215]"
O14:Coculture:F11:Oxa,random,0,"[3193, 3196, 3214, 3211, 3199, 3206, 3202, 3203, 3215, 3194, 3200, 3205, 3209, 3212, 3208, 3197]"
O14:Coculture:F11:Oxa,random,1,"[3193, 3196, 3214, 3197, 3211, 3206, 3209, 3215, 3202, 3203, 3208, 3194, 3199, 3212, 3205, 3200]"
O14:Coculture:F11:Oxa,random,2,"[3193, 3196, 3214, 3199, 3211, 3206, 3194, 3205, 3209, 3215, 3212, 3203, 3200, 3202, 3208, 3197]"
O14:Coculture:F11:Oxa,random,3,"[3193, 3196, 3214, 3209, 3215, 3199, 3212, 3194, 3197, 3202, 3206, 3205, 3211, 3203, 3200, 3208]"
O14:Coculture:F11:Oxa,random,4,"[3193, 3196, 3214, 3197, 3209, 3194, 3199, 3215, 3206, 3211, 3208, 3205, 3202, 3200, 3203, 3212]"
O14:Coculture:F11:Oxa,random,5,"[3193, 3196, 3214, 3209, 3197, 3200, 3215, 3206, 3199, 3211, 3202, 3205, 3194, 3212, 3203, 3208]"
O14:Coculture:F11:Oxa,random,6,"[3193, 3196, 3214, 3209, 3211, 3212, 3205, 3202, 3199, 3215, 3208, 3200, 3194, 3203, 3206, 3197]"
O14:Coculture:F11:Oxa,random,7,"[3193, 3196, 3214, 3205, 3208, 3194, 3206, 3202, 3197, 3211, 3200, 3215, 3199, 3203, 3209, 3212]"
O14:Coculture:F11:Oxa,random,8,"[3193, 3196, 3214, 3211, 3194, 3200, 3206, 3208, 3197, 3212, 3205, 3215, 3203, 3209, 3199, 3202]"
O14:Coculture:F11:Oxa,random,9,"[3193, 3196, 3214, 3199, 3209, 3205, 3206, 3212, 3211, 3200, 3203, 3215, 3208, 3202, 3194, 3197]"
O14:Coculture:F11:Oxa,random,10,"[3193, 3196, 3214, 3197, 3211, 3209, 3200, 3206, 3199, 3202, 3212, 3215, 3203, 3205, 3194, 3208]"
O14:Coculture:F11:Oxa,random,11,"[3193, 3196, 3214, 3199, 3212, 3208, 3197, 3205, 3209, 3202, 3203, 3215, 3200, 3211, 3206, 3194]"
O14:Coculture:F11:Oxa,random,12,"[3193, 3196, 3214, 3205, 3197, 3202, 3209, 3211, 3206, 3203, 3194, 3212, 3200, 3199, 3215, 3208]"
O14:Coculture:F11:Oxa,random,13,"[3193, 3196, 3214, 3205, 3197, 3203, 3194, 3202, 3206, 3199, 3208, 3200, 3211, 3212, 3209, 3215]"
O14:Coculture:F11:Oxa,random,14,"[3193, 3196, 3214, 3203, 3215, 3211, 3206, 3200, 3209, 3202, 3205, 3194, 3208, 3212, 3197, 3199]"
O14:Coculture:F11:Oxa,random,15,"[3193, 3196, 3214, 3203, 3200, 3208, 3194, 3205, 3206, 3199, 3211, 3212, 3215, 3202, 3209, 3197]"
O14:Coculture:F11:Oxa,random,16,"[3193, 3196, 3214, 3194, 3211, 3202, 3205, 3208, 3212, 3203, 3206, 3200, 3209, 3197, 3215, 3199]"
O14:Coculture:F11:Oxa,random,17,"[3193, 3196, 3214, 3215, 3205, 3209, 3202, 3212, 3206, 3208, 3197, 3194, 3211, 3199, 3203, 3200]"
O14:Coculture:F11:Oxa,random,18,"[3193, 3196, 3214, 3199, 3205, 3203, 3212, 3194, 3206, 3208, 3202, 3211, 3197, 3209, 3215, 3200]"
O14:Coculture:F11:Oxa,random,19,"[3193, 3196, 3214, 3209, 3208, 3206, 3202, 3194, 3211, 3203, 3199, 3215, 3197, 3200, 3212, 3205]"
O14:Coculture:F11:SN-38,space_filling,-1,"[3217, 3220, 3238, 3229, 3235, 3232, 3226, 3223, 3218, 3221, 3224, 3227, 3230, 3233, 3236, 3239]"
O14:Coculture:F11:SN-38,control_first_space,-1,"[3217, 3220, 3238, 3218, 3229, 3235, 3232, 3226, 3223, 3221, 3224, 3227, 3230, 3233, 3236, 3239]"
O14:Coculture:F11:SN-38,random,0,"[3217, 3220, 3238, 3235, 3223, 3230, 3226, 3227, 3239, 3218, 3224, 3229, 3233, 3236, 3232, 3221]"
O14:Coculture:F11:SN-38,random,1,"[3217, 3220, 3238, 3221, 3235, 3230, 3233, 3239, 3226, 3227, 3232, 3218, 3223, 3236, 3229, 3224]"
O14:Coculture:F11:SN-38,random,2,"[3217, 3220, 3238, 3223, 3235, 3230, 3218, 3229, 3233, 3239, 3236, 3227, 3224, 3226, 3232, 3221]"
O14:Coculture:F11:SN-38,random,3,"[3217, 3220, 3238, 3233, 3239, 3223, 3236, 3218, 3221, 3226, 3230, 3229, 3235, 3227, 3224, 3232]"
O14:Coculture:F11:SN-38,random,4,"[3217, 3220, 3238, 3221, 3233, 3218, 3223, 3239, 3230, 3235, 3232, 3229, 3226, 3224, 3227, 3236]"
O14:Coculture:F11:SN-38,random,5,"[3217, 3220, 3238, 3233, 3221, 3224, 3239, 3230, 3223, 3235, 3226, 3229, 3218, 3236, 3227, 3232]"
O14:Coculture:F11:SN-38,random,6,"[3217, 3220, 3238, 3233, 3235, 3236, 3229, 3226, 3223, 3239, 3232, 3224, 3218, 3227, 3230, 3221]"
O14:Coculture:F11:SN-38,random,7,"[3217, 3220, 3238, 3229, 3232, 3218, 3230, 3226, 3221, 3235, 3224, 3239, 3223, 3227, 3233, 3236]"
O14:Coculture:F11:SN-38,random,8,"[3217, 3220, 3238, 3235, 3218, 3224, 3230, 3232, 3221, 3236, 3229, 3239, 3227, 3233, 3223, 3226]"
O14:Coculture:F11:SN-38,random,9,"[3217, 3220, 3238, 3223, 3233, 3229, 3230, 3236, 3235, 3224, 3227, 3239, 3232, 3226, 3218, 3221]"
O14:Coculture:F11:SN-38,random,10,"[3217, 3220, 3238, 3221, 3235, 3233, 3224, 3230, 3223, 3226, 3236, 3239, 3227, 3229, 3218, 3232]"
O14:Coculture:F11:SN-38,random,11,"[3217, 3220, 3238, 3223, 3236, 3232, 3221, 3229, 3233, 3226, 3227, 3239, 3224, 3235, 3230, 3218]"
O14:Coculture:F11:SN-38,random,12,"[3217, 3220, 3238, 3229, 3221, 3226, 3233, 3235, 3230, 3227, 3218, 3236, 3224, 3223, 3239, 3232]"
O14:Coculture:F11:SN-38,random,13,"[3217, 3220, 3238, 3229, 3221, 3227, 3218, 3226, 3230, 3223, 3232, 3224, 3235, 3236, 3233, 3239]"
O14:Coculture:F11:SN-38,random,14,"[3217, 3220, 3238, 3227, 3239, 3235, 3230, 3224, 3233, 3226, 3229, 3218, 3232, 3236, 3221, 3223]"
O14:Coculture:F11:SN-38,random,15,"[3217, 3220, 3238, 3227, 3224, 3232, 3218, 3229, 3230, 3223, 3235, 3236, 3239, 3226, 3233, 3221]"
O14:Coculture:F11:SN-38,random,16,"[3217, 3220, 3238, 3218, 3235, 3226, 3229, 3232, 3236, 3227, 3230, 3224, 3233, 3221, 3239, 3223]"
O14:Coculture:F11:SN-38,random,17,"[3217, 3220, 3238, 3239, 3229, 3233, 3226, 3236, 3230, 3232, 3221, 3218, 3235, 3223, 3227, 3224]"
O14:Coculture:F11:SN-38,random,18,"[3217, 3220, 3238, 3223, 3229, 3227, 3236, 3218, 3230, 3232, 3226, 3235, 3221, 3233, 3239, 3224]"
O14:Coculture:F11:SN-38,random,19,"[3217, 3220, 3238, 3233, 3232, 3230, 3226, 3218, 3235, 3227, 3223, 3239, 3221, 3224, 3236, 3229]"
O14:Coculture:F14:Gef,space_filling,-1,"[3049, 3052, 3070, 3061, 3058, 3067, 3064, 3055, 3050, 3053, 3056, 3059, 3062, 3065, 3068, 3071]"
O14:Coculture:F14:Gef,control_first_space,-1,"[3049, 3052, 3070, 3050, 3061, 3058, 3067, 3064, 3055, 3053, 3056, 3059, 3062, 3065, 3068, 3071]"
O14:Coculture:F14:Gef,random,0,"[3049, 3052, 3070, 3067, 3055, 3062, 3058, 3059, 3071, 3050, 3056, 3061, 3065, 3068, 3064, 3053]"
O14:Coculture:F14:Gef,random,1,"[3049, 3052, 3070, 3053, 3067, 3062, 3065, 3071, 3058, 3059, 3064, 3050, 3055, 3068, 3061, 3056]"
O14:Coculture:F14:Gef,random,2,"[3049, 3052, 3070, 3055, 3067, 3062, 3050, 3061, 3065, 3071, 3068, 3059, 3056, 3058, 3064, 3053]"
O14:Coculture:F14:Gef,random,3,"[3049, 3052, 3070, 3065, 3071, 3055, 3068, 3050, 3053, 3058, 3062, 3061, 3067, 3059, 3056, 3064]"
O14:Coculture:F14:Gef,random,4,"[3049, 3052, 3070, 3053, 3065, 3050, 3055, 3071, 3062, 3067, 3064, 3061, 3058, 3056, 3059, 3068]"
O14:Coculture:F14:Gef,random,5,"[3049, 3052, 3070, 3065, 3053, 3056, 3071, 3062, 3055, 3067, 3058, 3061, 3050, 3068, 3059, 3064]"
O14:Coculture:F14:Gef,random,6,"[3049, 3052, 3070, 3065, 3067, 3068, 3061, 3058, 3055, 3071, 3064, 3056, 3050, 3059, 3062, 3053]"
O14:Coculture:F14:Gef,random,7,"[3049, 3052, 3070, 3061, 3064, 3050, 3062, 3058, 3053, 3067, 3056, 3071, 3055, 3059, 3065, 3068]"
O14:Coculture:F14:Gef,random,8,"[3049, 3052, 3070, 3067, 3050, 3056, 3062, 3064, 3053, 3068, 3061, 3071, 3059, 3065, 3055, 3058]"
O14:Coculture:F14:Gef,random,9,"[3049, 3052, 3070, 3055, 3065, 3061, 3062, 3068, 3067, 3056, 3059, 3071, 3064, 3058, 3050, 3053]"
O14:Coculture:F14:Gef,random,10,"[3049, 3052, 3070, 3053, 3067, 3065, 3056, 3062, 3055, 3058, 3068, 3071, 3059, 3061, 3050, 3064]"
O14:Coculture:F14:Gef,random,11,"[3049, 3052, 3070, 3055, 3068, 3064, 3053, 3061, 3065, 3058, 3059, 3071, 3056, 3067, 3062, 3050]"
O14:Coculture:F14:Gef,random,12,"[3049, 3052, 3070, 3061, 3053, 3058, 3065, 3067, 3062, 3059, 3050, 3068, 3056, 3055, 3071, 3064]"
O14:Coculture:F14:Gef,random,13,"[3049, 3052, 3070, 3061, 3053, 3059, 3050, 3058, 3062, 3055, 3064, 3056, 3067, 3068, 3065, 3071]"
O14:Coculture:F14:Gef,random,14,"[3049, 3052, 3070, 3059, 3071, 3067, 3062, 3056, 3065, 3058, 3061, 3050, 3064, 3068, 3053, 3055]"
O14:Coculture:F14:Gef,random,15,"[3049, 3052, 3070, 3059, 3056, 3064, 3050, 3061, 3062, 3055, 3067, 3068, 3071, 3058, 3065, 3053]"
O14:Coculture:F14:Gef,random,16,"[3049, 3052, 3070, 3050, 3067, 3058, 3061, 3064, 3068, 3059, 3062, 3056, 3065, 3053, 3071, 3055]"
O14:Coculture:F14:Gef,random,17,"[3049, 3052, 3070, 3071, 3061, 3065, 3058, 3068, 3062, 3064, 3053, 3050, 3067, 3055, 3059, 3056]"
O14:Coculture:F14:Gef,random,18,"[3049, 3052, 3070, 3055, 3061, 3059, 3068, 3050, 3062, 3064, 3058, 3067, 3053, 3065, 3071, 3056]"
O14:Coculture:F14:Gef,random,19,"[3049, 3052, 3070, 3065, 3064, 3062, 3058, 3050, 3067, 3059, 3055, 3071, 3053, 3056, 3068, 3061]"
O14:Coculture:F17:Oxa,space_filling,-1,"[3097, 3100, 3118, 3109, 3115, 3112, 3106, 3103, 3098, 3101, 3104, 3107, 3110, 3113, 3116, 3119]"
O14:Coculture:F17:Oxa,control_first_space,-1,"[3097, 3100, 3118, 3098, 3109, 3115, 3112, 3106, 3103, 3101, 3104, 3107, 3110, 3113, 3116, 3119]"
O14:Coculture:F17:Oxa,random,0,"[3097, 3100, 3118, 3115, 3103, 3110, 3106, 3107, 3119, 3098, 3104, 3109, 3113, 3116, 3112, 3101]"
O14:Coculture:F17:Oxa,random,1,"[3097, 3100, 3118, 3101, 3115, 3110, 3113, 3119, 3106, 3107, 3112, 3098, 3103, 3116, 3109, 3104]"
O14:Coculture:F17:Oxa,random,2,"[3097, 3100, 3118, 3103, 3115, 3110, 3098, 3109, 3113, 3119, 3116, 3107, 3104, 3106, 3112, 3101]"
O14:Coculture:F17:Oxa,random,3,"[3097, 3100, 3118, 3113, 3119, 3103, 3116, 3098, 3101, 3106, 3110, 3109, 3115, 3107, 3104, 3112]"
O14:Coculture:F17:Oxa,random,4,"[3097, 3100, 3118, 3101, 3113, 3098, 3103, 3119, 3110, 3115, 3112, 3109, 3106, 3104, 3107, 3116]"
O14:Coculture:F17:Oxa,random,5,"[3097, 3100, 3118, 3113, 3101, 3104, 3119, 3110, 3103, 3115, 3106, 3109, 3098, 3116, 3107, 3112]"
O14:Coculture:F17:Oxa,random,6,"[3097, 3100, 3118, 3113, 3115, 3116, 3109, 3106, 3103, 3119, 3112, 3104, 3098, 3107, 3110, 3101]"
O14:Coculture:F17:Oxa,random,7,"[3097, 3100, 3118, 3109, 3112, 3098, 3110, 3106, 3101, 3115, 3104, 3119, 3103, 3107, 3113, 3116]"
O14:Coculture:F17:Oxa,random,8,"[3097, 3100, 3118, 3115, 3098, 3104, 3110, 3112, 3101, 3116, 3109, 3119, 3107, 3113, 3103, 3106]"
O14:Coculture:F17:Oxa,random,9,"[3097, 3100, 3118, 3103, 3113, 3109, 3110, 3116, 3115, 3104, 3107, 3119, 3112, 3106, 3098, 3101]"
O14:Coculture:F17:Oxa,random,10,"[3097, 3100, 3118, 3101, 3115, 3113, 3104, 3110, 3103, 3106, 3116, 3119, 3107, 3109, 3098, 3112]"
O14:Coculture:F17:Oxa,random,11,"[3097, 3100, 3118, 3103, 3116, 3112, 3101, 3109, 3113, 3106, 3107, 3119, 3104, 3115, 3110, 3098]"
O14:Coculture:F17:Oxa,random,12,"[3097, 3100, 3118, 3109, 3101, 3106, 3113, 3115, 3110, 3107, 3098, 3116, 3104, 3103, 3119, 3112]"
O14:Coculture:F17:Oxa,random,13,"[3097, 3100, 3118, 3109, 3101, 3107, 3098, 3106, 3110, 3103, 3112, 3104, 3115, 3116, 3113, 3119]"
O14:Coculture:F17:Oxa,random,14,"[3097, 3100, 3118, 3107, 3119, 3115, 3110, 3104, 3113, 3106, 3109, 3098, 3112, 3116, 3101, 3103]"
O14:Coculture:F17:Oxa,random,15,"[3097, 3100, 3118, 3107, 3104, 3112, 3098, 3109, 3110, 3103, 3115, 3116, 3119, 3106, 3113, 3101]"
O14:Coculture:F17:Oxa,random,16,"[3097, 3100, 3118, 3098, 3115, 3106, 3109, 3112, 3116, 3107, 3110, 3104, 3113, 3101, 3119, 3103]"
O14:Coculture:F17:Oxa,random,17,"[3097, 3100, 3118, 3119, 3109, 3113, 3106, 3116, 3110, 3112, 3101, 3098, 3115, 3103, 3107, 3104]"
O14:Coculture:F17:Oxa,random,18,"[3097, 3100, 3118, 3103, 3109, 3107, 3116, 3098, 3110, 3112, 3106, 3115, 3101, 3113, 3119, 3104]"
O14:Coculture:F17:Oxa,random,19,"[3097, 3100, 3118, 3113, 3112, 3110, 3106, 3098, 3115, 3107, 3103, 3119, 3101, 3104, 3116, 3109]"
O14:Monoculture::5-FU,space_filling,-1,"[2881, 2884, 2902, 2893, 2899, 2896, 2890, 2887, 2882, 2885, 2888, 2891, 2894, 2897, 2900, 2903]"
O14:Monoculture::5-FU,control_first_space,-1,"[2881, 2884, 2902, 2882, 2893, 2899, 2896, 2890, 2887, 2885, 2888, 2891, 2894, 2897, 2900, 2903]"
O14:Monoculture::5-FU,random,0,"[2881, 2884, 2902, 2899, 2887, 2894, 2890, 2891, 2903, 2882, 2888, 2893, 2897, 2900, 2896, 2885]"
O14:Monoculture::5-FU,random,1,"[2881, 2884, 2902, 2885, 2899, 2894, 2897, 2903, 2890, 2891, 2896, 2882, 2887, 2900, 2893, 2888]"
O14:Monoculture::5-FU,random,2,"[2881, 2884, 2902, 2887, 2899, 2894, 2882, 2893, 2897, 2903, 2900, 2891, 2888, 2890, 2896, 2885]"
O14:Monoculture::5-FU,random,3,"[2881, 2884, 2902, 2897, 2903, 2887, 2900, 2882, 2885, 2890, 2894, 2893, 2899, 2891, 2888, 2896]"
O14:Monoculture::5-FU,random,4,"[2881, 2884, 2902, 2885, 2897, 2882, 2887, 2903, 2894, 2899, 2896, 2893, 2890, 2888, 2891, 2900]"
O14:Monoculture::5-FU,random,5,"[2881, 2884, 2902, 2897, 2885, 2888, 2903, 2894, 2887, 2899, 2890, 2893, 2882, 2900, 2891, 2896]"
O14:Monoculture::5-FU,random,6,"[2881, 2884, 2902, 2897, 2899, 2900, 2893, 2890, 2887, 2903, 2896, 2888, 2882, 2891, 2894, 2885]"
O14:Monoculture::5-FU,random,7,"[2881, 2884, 2902, 2893, 2896, 2882, 2894, 2890, 2885, 2899, 2888, 2903, 2887, 2891, 2897, 2900]"
O14:Monoculture::5-FU,random,8,"[2881, 2884, 2902, 2899, 2882, 2888, 2894, 2896, 2885, 2900, 2893, 2903, 2891, 2897, 2887, 2890]"
O14:Monoculture::5-FU,random,9,"[2881, 2884, 2902, 2887, 2897, 2893, 2894, 2900, 2899, 2888, 2891, 2903, 2896, 2890, 2882, 2885]"
O14:Monoculture::5-FU,random,10,"[2881, 2884, 2902, 2885, 2899, 2897, 2888, 2894, 2887, 2890, 2900, 2903, 2891, 2893, 2882, 2896]"
O14:Monoculture::5-FU,random,11,"[2881, 2884, 2902, 2887, 2900, 2896, 2885, 2893, 2897, 2890, 2891, 2903, 2888, 2899, 2894, 2882]"
O14:Monoculture::5-FU,random,12,"[2881, 2884, 2902, 2893, 2885, 2890, 2897, 2899, 2894, 2891, 2882, 2900, 2888, 2887, 2903, 2896]"
O14:Monoculture::5-FU,random,13,"[2881, 2884, 2902, 2893, 2885, 2891, 2882, 2890, 2894, 2887, 2896, 2888, 2899, 2900, 2897, 2903]"
O14:Monoculture::5-FU,random,14,"[2881, 2884, 2902, 2891, 2903, 2899, 2894, 2888, 2897, 2890, 2893, 2882, 2896, 2900, 2885, 2887]"
O14:Monoculture::5-FU,random,15,"[2881, 2884, 2902, 2891, 2888, 2896, 2882, 2893, 2894, 2887, 2899, 2900, 2903, 2890, 2897, 2885]"
O14:Monoculture::5-FU,random,16,"[2881, 2884, 2902, 2882, 2899, 2890, 2893, 2896, 2900, 2891, 2894, 2888, 2897, 2885, 2903, 2887]"
O14:Monoculture::5-FU,random,17,"[2881, 2884, 2902, 2903, 2893, 2897, 2890, 2900, 2894, 2896, 2885, 2882, 2899, 2887, 2891, 2888]"
O14:Monoculture::5-FU,random,18,"[2881, 2884, 2902, 2887, 2893, 2891, 2900, 2882, 2894, 2896, 2890, 2899, 2885, 2897, 2903, 2888]"
O14:Monoculture::5-FU,random,19,"[2881, 2884, 2902, 2897, 2896, 2894, 2890, 2882, 2899, 2891, 2887, 2903, 2885, 2888, 2900, 2893]"
O14:Monoculture::Oxa,space_filling,-1,"[2905, 2908, 2926, 2917, 2923, 2920, 2914, 2911, 2906, 2909, 2912, 2915, 2918, 2921, 2924, 2927]"
O14:Monoculture::Oxa,control_first_space,-1,"[2905, 2908, 2926, 2906, 2917, 2923, 2920, 2914, 2911, 2909, 2912, 2915, 2918, 2921, 2924, 2927]"
O14:Monoculture::Oxa,random,0,"[2905, 2908, 2926, 2923, 2911, 2918, 2914, 2915, 2927, 2906, 2912, 2917, 2921, 2924, 2920, 2909]"
O14:Monoculture::Oxa,random,1,"[2905, 2908, 2926, 2909, 2923, 2918, 2921, 2927, 2914, 2915, 2920, 2906, 2911, 2924, 2917, 2912]"
O14:Monoculture::Oxa,random,2,"[2905, 2908, 2926, 2911, 2923, 2918, 2906, 2917, 2921, 2927, 2924, 2915, 2912, 2914, 2920, 2909]"
O14:Monoculture::Oxa,random,3,"[2905, 2908, 2926, 2921, 2927, 2911, 2924, 2906, 2909, 2914, 2918, 2917, 2923, 2915, 2912, 2920]"
O14:Monoculture::Oxa,random,4,"[2905, 2908, 2926, 2909, 2921, 2906, 2911, 2927, 2918, 2923, 2920, 2917, 2914, 2912, 2915, 2924]"
O14:Monoculture::Oxa,random,5,"[2905, 2908, 2926, 2921, 2909, 2912, 2927, 2918, 2911, 2923, 2914, 2917, 2906, 2924, 2915, 2920]"
O14:Monoculture::Oxa,random,6,"[2905, 2908, 2926, 2921, 2923, 2924, 2917, 2914, 2911, 2927, 2920, 2912, 2906, 2915, 2918, 2909]"
O14:Monoculture::Oxa,random,7,"[2905, 2908, 2926, 2917, 2920, 2906, 2918, 2914, 2909, 2923, 2912, 2927, 2911, 2915, 2921, 2924]"
O14:Monoculture::Oxa,random,8,"[2905, 2908, 2926, 2923, 2906, 2912, 2918, 2920, 2909, 2924, 2917, 2927, 2915, 2921, 2911, 2914]"
O14:Monoculture::Oxa,random,9,"[2905, 2908, 2926, 2911, 2921, 2917, 2918, 2924, 2923, 2912, 2915, 2927, 2920, 2914, 2906, 2909]"
O14:Monoculture::Oxa,random,10,"[2905, 2908, 2926, 2909, 2923, 2921, 2912, 2918, 2911, 2914, 2924, 2927, 2915, 2917, 2906, 2920]"
O14:Monoculture::Oxa,random,11,"[2905, 2908, 2926, 2911, 2924, 2920, 2909, 2917, 2921, 2914, 2915, 2927, 2912, 2923, 2918, 2906]"
O14:Monoculture::Oxa,random,12,"[2905, 2908, 2926, 2917, 2909, 2914, 2921, 2923, 2918, 2915, 2906, 2924, 2912, 2911, 2927, 2920]"
O14:Monoculture::Oxa,random,13,"[2905, 2908, 2926, 2917, 2909, 2915, 2906, 2914, 2918, 2911, 2920, 2912, 2923, 2924, 2921, 2927]"
O14:Monoculture::Oxa,random,14,"[2905, 2908, 2926, 2915, 2927, 2923, 2918, 2912, 2921, 2914, 2917, 2906, 2920, 2924, 2909, 2911]"
O14:Monoculture::Oxa,random,15,"[2905, 2908, 2926, 2915, 2912, 2920, 2906, 2917, 2918, 2911, 2923, 2924, 2927, 2914, 2921, 2909]"
O14:Monoculture::Oxa,random,16,"[2905, 2908, 2926, 2906, 2923, 2914, 2917, 2920, 2924, 2915, 2918, 2912, 2921, 2909, 2927, 2911]"
O14:Monoculture::Oxa,random,17,"[2905, 2908, 2926, 2927, 2917, 2921, 2914, 2924, 2918, 2920, 2909, 2906, 2923, 2911, 2915, 2912]"
O14:Monoculture::Oxa,random,18,"[2905, 2908, 2926, 2911, 2917, 2915, 2924, 2906, 2918, 2920, 2914, 2923, 2909, 2921, 2927, 2912]"
O14:Monoculture::Oxa,random,19,"[2905, 2908, 2926, 2921, 2920, 2918, 2914, 2906, 2923, 2915, 2911, 2927, 2909, 2912, 2924, 2917]"
O15:Coculture:F15:5-FU,space_filling,-1,"[3457, 3460, 3478, 3469, 3475, 3472, 3466, 3463, 3458, 3461, 3464, 3467, 3470, 3473, 3476, 3479]"
O15:Coculture:F15:5-FU,control_first_space,-1,"[3457, 3460, 3478, 3458, 3469, 3475, 3472, 3466, 3463, 3461, 3464, 3467, 3470, 3473, 3476, 3479]"
O15:Coculture:F15:5-FU,random,0,"[3457, 3460, 3478, 3475, 3463, 3470, 3466, 3467, 3479, 3458, 3464, 3469, 3473, 3476, 3472, 3461]"
O15:Coculture:F15:5-FU,random,1,"[3457, 3460, 3478, 3461, 3475, 3470, 3473, 3479, 3466, 3467, 3472, 3458, 3463, 3476, 3469, 3464]"
O15:Coculture:F15:5-FU,random,2,"[3457, 3460, 3478, 3463, 3475, 3470, 3458, 3469, 3473, 3479, 3476, 3467, 3464, 3466, 3472, 3461]"
O15:Coculture:F15:5-FU,random,3,"[3457, 3460, 3478, 3473, 3479, 3463, 3476, 3458, 3461, 3466, 3470, 3469, 3475, 3467, 3464, 3472]"
O15:Coculture:F15:5-FU,random,4,"[3457, 3460, 3478, 3461, 3473, 3458, 3463, 3479, 3470, 3475, 3472, 3469, 3466, 3464, 3467, 3476]"
O15:Coculture:F15:5-FU,random,5,"[3457, 3460, 3478, 3473, 3461, 3464, 3479, 3470, 3463, 3475, 3466, 3469, 3458, 3476, 3467, 3472]"
O15:Coculture:F15:5-FU,random,6,"[3457, 3460, 3478, 3473, 3475, 3476, 3469, 3466, 3463, 3479, 3472, 3464, 3458, 3467, 3470, 3461]"
O15:Coculture:F15:5-FU,random,7,"[3457, 3460, 3478, 3469, 3472, 3458, 3470, 3466, 3461, 3475, 3464, 3479, 3463, 3467, 3473, 3476]"
O15:Coculture:F15:5-FU,random,8,"[3457, 3460, 3478, 3475, 3458, 3464, 3470, 3472, 3461, 3476, 3469, 3479, 3467, 3473, 3463, 3466]"
O15:Coculture:F15:5-FU,random,9,"[3457, 3460, 3478, 3463, 3473, 3469, 3470, 3476, 3475, 3464, 3467, 3479, 3472, 3466, 3458, 3461]"
O15:Coculture:F15:5-FU,random,10,"[3457, 3460, 3478, 3461, 3475, 3473, 3464, 3470, 3463, 3466, 3476, 3479, 3467, 3469, 3458, 3472]"
O15:Coculture:F15:5-FU,random,11,"[3457, 3460, 3478, 3463, 3476, 3472, 3461, 3469, 3473, 3466, 3467, 3479, 3464, 3475, 3470, 3458]"
O15:Coculture:F15:5-FU,random,12,"[3457, 3460, 3478, 3469, 3461, 3466, 3473, 3475, 3470, 3467, 3458, 3476, 3464, 3463, 3479, 3472]"
O15:Coculture:F15:5-FU,random,13,"[3457, 3460, 3478, 3469, 3461, 3467, 3458, 3466, 3470, 3463, 3472, 3464, 3475, 3476, 3473, 3479]"
O15:Coculture:F15:5-FU,random,14,"[3457, 3460, 3478, 3467, 3479, 3475, 3470, 3464, 3473, 3466, 3469, 3458, 3472, 3476, 3461, 3463]"
O15:Coculture:F15:5-FU,random,15,"[3457, 3460, 3478, 3467, 3464, 3472, 3458, 3469, 3470, 3463, 3475, 3476, 3479, 3466, 3473, 3461]"
O15:Coculture:F15:5-FU,random,16,"[3457, 3460, 3478, 3458, 3475, 3466, 3469, 3472, 3476, 3467, 3470, 3464, 3473, 3461, 3479, 3463]"
O15:Coculture:F15:5-FU,random,17,"[3457, 3460, 3478, 3479, 3469, 3473, 3466, 3476, 3470, 3472, 3461, 3458, 3475, 3463, 3467, 3464]"
O15:Coculture:F15:5-FU,random,18,"[3457, 3460, 3478, 3463, 3469, 3467, 3476, 3458, 3470, 3472, 3466, 3475, 3461, 3473, 3479, 3464]"
O15:Coculture:F15:5-FU,random,19,"[3457, 3460, 3478, 3473, 3472, 3470, 3466, 3458, 3475, 3467, 3463, 3479, 3461, 3464, 3476, 3469]"
O15:Coculture:F15:Gef,space_filling,-1,"[3529, 3532, 3550, 3541, 3538, 3547, 3544, 3535, 3530, 3533, 3536, 3539, 3542, 3545, 3548, 3551]"
O15:Coculture:F15:Gef,control_first_space,-1,"[3529, 3532, 3550, 3530, 3541, 3538, 3547, 3544, 3535, 3533, 3536, 3539, 3542, 3545, 3548, 3551]"
O15:Coculture:F15:Gef,random,0,"[3529, 3532, 3550, 3547, 3535, 3542, 3538, 3539, 3551, 3530, 3536, 3541, 3545, 3548, 3544, 3533]"
O15:Coculture:F15:Gef,random,1,"[3529, 3532, 3550, 3533, 3547, 3542, 3545, 3551, 3538, 3539, 3544, 3530, 3535, 3548, 3541, 3536]"
O15:Coculture:F15:Gef,random,2,"[3529, 3532, 3550, 3535, 3547, 3542, 3530, 3541, 3545, 3551, 3548, 3539, 3536, 3538, 3544, 3533]"
O15:Coculture:F15:Gef,random,3,"[3529, 3532, 3550, 3545, 3551, 3535, 3548, 3530, 3533, 3538, 3542, 3541, 3547, 3539, 3536, 3544]"
O15:Coculture:F15:Gef,random,4,"[3529, 3532, 3550, 3533, 3545, 3530, 3535, 3551, 3542, 3547, 3544, 3541, 3538, 3536, 3539, 3548]"
O15:Coculture:F15:Gef,random,5,"[3529, 3532, 3550, 3545, 3533, 3536, 3551, 3542, 3535, 3547, 3538, 3541, 3530, 3548, 3539, 3544]"
O15:Coculture:F15:Gef,random,6,"[3529, 3532, 3550, 3545, 3547, 3548, 3541, 3538, 3535, 3551, 3544, 3536, 3530, 3539, 3542, 3533]"
O15:Coculture:F15:Gef,random,7,"[3529, 3532, 3550, 3541, 3544, 3530, 3542, 3538, 3533, 3547, 3536, 3551, 3535, 3539, 3545, 3548]"
O15:Coculture:F15:Gef,random,8,"[3529, 3532, 3550, 3547, 3530, 3536, 3542, 3544, 3533, 3548, 3541, 3551, 3539, 3545, 3535, 3538]"
O15:Coculture:F15:Gef,random,9,"[3529, 3532, 3550, 3535, 3545, 3541, 3542, 3548, 3547, 3536, 3539, 3551, 3544, 3538, 3530, 3533]"
O15:Coculture:F15:Gef,random,10,"[3529, 3532, 3550, 3533, 3547, 3545, 3536, 3542, 3535, 3538, 3548, 3551, 3539, 3541, 3530, 3544]"
O15:Coculture:F15:Gef,random,11,"[3529, 3532, 3550, 3535, 3548, 3544, 3533, 3541, 3545, 3538, 3539, 3551, 3536, 3547, 3542, 3530]"
O15:Coculture:F15:Gef,random,12,"[3529, 3532, 3550, 3541, 3533, 3538, 3545, 3547, 3542, 3539, 3530, 3548, 3536, 3535, 3551, 3544]"
O15:Coculture:F15:Gef,random,13,"[3529, 3532, 3550, 3541, 3533, 3539, 3530, 3538, 3542, 3535, 3544, 3536, 3547, 3548, 3545, 3551]"
O15:Coculture:F15:Gef,random,14,"[3529, 3532, 3550, 3539, 3551, 3547, 3542, 3536, 3545, 3538, 3541, 3530, 3544, 3548, 3533, 3535]"
O15:Coculture:F15:Gef,random,15,"[3529, 3532, 3550, 3539, 3536, 3544, 3530, 3541, 3542, 3535, 3547, 3548, 3551, 3538, 3545, 3533]"
O15:Coculture:F15:Gef,random,16,"[3529, 3532, 3550, 3530, 3547, 3538, 3541, 3544, 3548, 3539, 3542, 3536, 3545, 3533, 3551, 3535]"
O15:Coculture:F15:Gef,random,17,"[3529, 3532, 3550, 3551, 3541, 3545, 3538, 3548, 3542, 3544, 3533, 3530, 3547, 3535, 3539, 3536]"
O15:Coculture:F15:Gef,random,18,"[3529, 3532, 3550, 3535, 3541, 3539, 3548, 3530, 3542, 3544, 3538, 3547, 3533, 3545, 3551, 3536]"
O15:Coculture:F15:Gef,random,19,"[3529, 3532, 3550, 3545, 3544, 3542, 3538, 3530, 3547, 3539, 3535, 3551, 3533, 3536, 3548, 3541]"
O15:Coculture:F15:SN-38,space_filling,-1,"[3505, 3508, 3526, 3517, 3523, 3520, 3514, 3511, 3506, 3509, 3512, 3515, 3518, 3521, 3524, 3527]"
O15:Coculture:F15:SN-38,control_first_space,-1,"[3505, 3508, 3526, 3506, 3517, 3523, 3520, 3514, 3511, 3509, 3512, 3515, 3518, 3521, 3524, 3527]"
O15:Coculture:F15:SN-38,random,0,"[3505, 3508, 3526, 3523, 3511, 3518, 3514, 3515, 3527, 3506, 3512, 3517, 3521, 3524, 3520, 3509]"
O15:Coculture:F15:SN-38,random,1,"[3505, 3508, 3526, 3509, 3523, 3518, 3521, 3527, 3514, 3515, 3520, 3506, 3511, 3524, 3517, 3512]"
O15:Coculture:F15:SN-38,random,2,"[3505, 3508, 3526, 3511, 3523, 3518, 3506, 3517, 3521, 3527, 3524, 3515, 3512, 3514, 3520, 3509]"
O15:Coculture:F15:SN-38,random,3,"[3505, 3508, 3526, 3521, 3527, 3511, 3524, 3506, 3509, 3514, 3518, 3517, 3523, 3515, 3512, 3520]"
O15:Coculture:F15:SN-38,random,4,"[3505, 3508, 3526, 3509, 3521, 3506, 3511, 3527, 3518, 3523, 3520, 3517, 3514, 3512, 3515, 3524]"
O15:Coculture:F15:SN-38,random,5,"[3505, 3508, 3526, 3521, 3509, 3512, 3527, 3518, 3511, 3523, 3514, 3517, 3506, 3524, 3515, 3520]"
O15:Coculture:F15:SN-38,random,6,"[3505, 3508, 3526, 3521, 3523, 3524, 3517, 3514, 3511, 3527, 3520, 3512, 3506, 3515, 3518, 3509]"
O15:Coculture:F15:SN-38,random,7,"[3505, 3508, 3526, 3517, 3520, 3506, 3518, 3514, 3509, 3523, 3512, 3527, 3511, 3515, 3521, 3524]"
O15:Coculture:F15:SN-38,random,8,"[3505, 3508, 3526, 3523, 3506, 3512, 3518, 3520, 3509, 3524, 3517, 3527, 3515, 3521, 3511, 3514]"
O15:Coculture:F15:SN-38,random,9,"[3505, 3508, 3526, 3511, 3521, 3517, 3518, 3524, 3523, 3512, 3515, 3527, 3520, 3514, 3506, 3509]"
O15:Coculture:F15:SN-38,random,10,"[3505, 3508, 3526, 3509, 3523, 3521, 3512, 3518, 3511, 3514, 3524, 3527, 3515, 3517, 3506, 3520]"
O15:Coculture:F15:SN-38,random,11,"[3505, 3508, 3526, 3511, 3524, 3520, 3509, 3517, 3521, 3514, 3515, 3527, 3512, 3523, 3518, 3506]"
O15:Coculture:F15:SN-38,random,12,"[3505, 3508, 3526, 3517, 3509, 3514, 3521, 3523, 3518, 3515, 3506, 3524, 3512, 3511, 3527, 3520]"
O15:Coculture:F15:SN-38,random,13,"[3505, 3508, 3526, 3517, 3509, 3515, 3506, 3514, 3518, 3511, 3520, 3512, 3523, 3524, 3521, 3527]"
O15:Coculture:F15:SN-38,random,14,"[3505, 3508, 3526, 3515, 3527, 3523, 3518, 3512, 3521, 3514, 3517, 3506, 3520, 3524, 3509, 3511]"
O15:Coculture:F15:SN-38,random,15,"[3505, 3508, 3526, 3515, 3512, 3520, 3506, 3517, 3518, 3511, 3523, 3524, 3527, 3514, 3521, 3509]"
O15:Coculture:F15:SN-38,random,16,"[3505, 3508, 3526, 3506, 3523, 3514, 3517, 3520, 3524, 3515, 3518, 3512, 3521, 3509, 3527, 3511]"
O15:Coculture:F15:SN-38,random,17,"[3505, 3508, 3526, 3527, 3517, 3521, 3514, 3524, 3518, 3520, 3509, 3506, 3523, 3511, 3515, 3512]"
O15:Coculture:F15:SN-38,random,18,"[3505, 3508, 3526, 3511, 3517, 3515, 3524, 3506, 3518, 3520, 3514, 3523, 3509, 3521, 3527, 3512]"
O15:Coculture:F15:SN-38,random,19,"[3505, 3508, 3526, 3521, 3520, 3518, 3514, 3506, 3523, 3515, 3511, 3527, 3509, 3512, 3524, 3517]"
O15:Monoculture::5-FU,space_filling,-1,"[3361, 3364, 3382, 3373, 3379, 3376, 3370, 3367, 3362, 3365, 3368, 3371, 3374, 3377, 3380, 3383]"
O15:Monoculture::5-FU,control_first_space,-1,"[3361, 3364, 3382, 3362, 3373, 3379, 3376, 3370, 3367, 3365, 3368, 3371, 3374, 3377, 3380, 3383]"
O15:Monoculture::5-FU,random,0,"[3361, 3364, 3382, 3379, 3367, 3374, 3370, 3371, 3383, 3362, 3368, 3373, 3377, 3380, 3376, 3365]"
O15:Monoculture::5-FU,random,1,"[3361, 3364, 3382, 3365, 3379, 3374, 3377, 3383, 3370, 3371, 3376, 3362, 3367, 3380, 3373, 3368]"
O15:Monoculture::5-FU,random,2,"[3361, 3364, 3382, 3367, 3379, 3374, 3362, 3373, 3377, 3383, 3380, 3371, 3368, 3370, 3376, 3365]"
O15:Monoculture::5-FU,random,3,"[3361, 3364, 3382, 3377, 3383, 3367, 3380, 3362, 3365, 3370, 3374, 3373, 3379, 3371, 3368, 3376]"
O15:Monoculture::5-FU,random,4,"[3361, 3364, 3382, 3365, 3377, 3362, 3367, 3383, 3374, 3379, 3376, 3373, 3370, 3368, 3371, 3380]"
O15:Monoculture::5-FU,random,5,"[3361, 3364, 3382, 3377, 3365, 3368, 3383, 3374, 3367, 3379, 3370, 3373, 3362, 3380, 3371, 3376]"
O15:Monoculture::5-FU,random,6,"[3361, 3364, 3382, 3377, 3379, 3380, 3373, 3370, 3367, 3383, 3376, 3368, 3362, 3371, 3374, 3365]"
O15:Monoculture::5-FU,random,7,"[3361, 3364, 3382, 3373, 3376, 3362, 3374, 3370, 3365, 3379, 3368, 3383, 3367, 3371, 3377, 3380]"
O15:Monoculture::5-FU,random,8,"[3361, 3364, 3382, 3379, 3362, 3368, 3374, 3376, 3365, 3380, 3373, 3383, 3371, 3377, 3367, 3370]"
O15:Monoculture::5-FU,random,9,"[3361, 3364, 3382, 3367, 3377, 3373, 3374, 3380, 3379, 3368, 3371, 3383, 3376, 3370, 3362, 3365]"
O15:Monoculture::5-FU,random,10,"[3361, 3364, 3382, 3365, 3379, 3377, 3368, 3374, 3367, 3370, 3380, 3383, 3371, 3373, 3362, 3376]"
O15:Monoculture::5-FU,random,11,"[3361, 3364, 3382, 3367, 3380, 3376, 3365, 3373, 3377, 3370, 3371, 3383, 3368, 3379, 3374, 3362]"
O15:Monoculture::5-FU,random,12,"[3361, 3364, 3382, 3373, 3365, 3370, 3377, 3379, 3374, 3371, 3362, 3380, 3368, 3367, 3383, 3376]"
O15:Monoculture::5-FU,random,13,"[3361, 3364, 3382, 3373, 3365, 3371, 3362, 3370, 3374, 3367, 3376, 3368, 3379, 3380, 3377, 3383]"
O15:Monoculture::5-FU,random,14,"[3361, 3364, 3382, 3371, 3383, 3379, 3374, 3368, 3377, 3370, 3373, 3362, 3376, 3380, 3365, 3367]"
O15:Monoculture::5-FU,random,15,"[3361, 3364, 3382, 3371, 3368, 3376, 3362, 3373, 3374, 3367, 3379, 3380, 3383, 3370, 3377, 3365]"
O15:Monoculture::5-FU,random,16,"[3361, 3364, 3382, 3362, 3379, 3370, 3373, 3376, 3380, 3371, 3374, 3368, 3377, 3365, 3383, 3367]"
O15:Monoculture::5-FU,random,17,"[3361, 3364, 3382, 3383, 3373, 3377, 3370, 3380, 3374, 3376, 3365, 3362, 3379, 3367, 3371, 3368]"
O15:Monoculture::5-FU,random,18,"[3361, 3364, 3382, 3367, 3373, 3371, 3380, 3362, 3374, 3376, 3370, 3379, 3365, 3377, 3383, 3368]"
O15:Monoculture::5-FU,random,19,"[3361, 3364, 3382, 3377, 3376, 3374, 3370, 3362, 3379, 3371, 3367, 3383, 3365, 3368, 3380, 3373]"
O15:Monoculture::Gef,space_filling,-1,"[3433, 3436, 3454, 3445, 3442, 3451, 3448, 3439, 3434, 3437, 3440, 3443, 3446, 3449, 3452, 3455]"
O15:Monoculture::Gef,control_first_space,-1,"[3433, 3436, 3454, 3434, 3445, 3442, 3451, 3448, 3439, 3437, 3440, 3443, 3446, 3449, 3452, 3455]"
O15:Monoculture::Gef,random,0,"[3433, 3436, 3454, 3451, 3439, 3446, 3442, 3443, 3455, 3434, 3440, 3445, 3449, 3452, 3448, 3437]"
O15:Monoculture::Gef,random,1,"[3433, 3436, 3454, 3437, 3451, 3446, 3449, 3455, 3442, 3443, 3448, 3434, 3439, 3452, 3445, 3440]"
O15:Monoculture::Gef,random,2,"[3433, 3436, 3454, 3439, 3451, 3446, 3434, 3445, 3449, 3455, 3452, 3443, 3440, 3442, 3448, 3437]"
O15:Monoculture::Gef,random,3,"[3433, 3436, 3454, 3449, 3455, 3439, 3452, 3434, 3437, 3442, 3446, 3445, 3451, 3443, 3440, 3448]"
O15:Monoculture::Gef,random,4,"[3433, 3436, 3454, 3437, 3449, 3434, 3439, 3455, 3446, 3451, 3448, 3445, 3442, 3440, 3443, 3452]"
O15:Monoculture::Gef,random,5,"[3433, 3436, 3454, 3449, 3437, 3440, 3455, 3446, 3439, 3451, 3442, 3445, 3434, 3452, 3443, 3448]"
O15:Monoculture::Gef,random,6,"[3433, 3436, 3454, 3449, 3451, 3452, 3445, 3442, 3439, 3455, 3448, 3440, 3434, 3443, 3446, 3437]"
O15:Monoculture::Gef,random,7,"[3433, 3436, 3454, 3445, 3448, 3434, 3446, 3442, 3437, 3451, 3440, 3455, 3439, 3443, 3449, 3452]"
O15:Monoculture::Gef,random,8,"[3433, 3436, 3454, 3451, 3434, 3440, 3446, 3448, 3437, 3452, 3445, 3455, 3443, 3449, 3439, 3442]"
O15:Monoculture::Gef,random,9,"[3433, 3436, 3454, 3439, 3449, 3445, 3446, 3452, 3451, 3440, 3443, 3455, 3448, 3442, 3434, 3437]"
O15:Monoculture::Gef,random,10,"[3433, 3436, 3454, 3437, 3451, 3449, 3440, 3446, 3439, 3442, 3452, 3455, 3443, 3445, 3434, 3448]"
O15:Monoculture::Gef,random,11,"[3433, 3436, 3454, 3439, 3452, 3448, 3437, 3445, 3449, 3442, 3443, 3455, 3440, 3451, 3446, 3434]"
O15:Monoculture::Gef,random,12,"[3433, 3436, 3454, 3445, 3437, 3442, 3449, 3451, 3446, 3443, 3434, 3452, 3440, 3439, 3455, 3448]"
O15:Monoculture::Gef,random,13,"[3433, 3436, 3454, 3445, 3437, 3443, 3434, 3442, 3446, 3439, 3448, 3440, 3451, 3452, 3449, 3455]"
O15:Monoculture::Gef,random,14,"[3433, 3436, 3454, 3443, 3455, 3451, 3446, 3440, 3449, 3442, 3445, 3434, 3448, 3452, 3437, 3439]"
O15:Monoculture::Gef,random,15,"[3433, 3436, 3454, 3443, 3440, 3448, 3434, 3445, 3446, 3439, 3451, 3452, 3455, 3442, 3449, 3437]"
O15:Monoculture::Gef,random,16,"[3433, 3436, 3454, 3434, 3451, 3442, 3445, 3448, 3452, 3443, 3446, 3440, 3449, 3437, 3455, 3439]"
O15:Monoculture::Gef,random,17,"[3433, 3436, 3454, 3455, 3445, 3449, 3442, 3452, 3446, 3448, 3437, 3434, 3451, 3439, 3443, 3440]"
O15:Monoculture::Gef,random,18,"[3433, 3436, 3454, 3439, 3445, 3443, 3452, 3434, 3446, 3448, 3442, 3451, 3437, 3449, 3455, 3440]"
O15:Monoculture::Gef,random,19,"[3433, 3436, 3454, 3449, 3448, 3446, 3442, 3434, 3451, 3443, 3439, 3455, 3437, 3440, 3452, 3445]"
O15:Monoculture::Oxa,space_filling,-1,"[3385, 3388, 3406, 3397, 3403, 3400, 3394, 3391, 3386, 3389, 3392, 3395, 3398, 3401, 3404, 3407]"
O15:Monoculture::Oxa,control_first_space,-1,"[3385, 3388, 3406, 3386, 3397, 3403, 3400, 3394, 3391, 3389, 3392, 3395, 3398, 3401, 3404, 3407]"
O15:Monoculture::Oxa,random,0,"[3385, 3388, 3406, 3403, 3391, 3398, 3394, 3395, 3407, 3386, 3392, 3397, 3401, 3404, 3400, 3389]"
O15:Monoculture::Oxa,random,1,"[3385, 3388, 3406, 3389, 3403, 3398, 3401, 3407, 3394, 3395, 3400, 3386, 3391, 3404, 3397, 3392]"
O15:Monoculture::Oxa,random,2,"[3385, 3388, 3406, 3391, 3403, 3398, 3386, 3397, 3401, 3407, 3404, 3395, 3392, 3394, 3400, 3389]"
O15:Monoculture::Oxa,random,3,"[3385, 3388, 3406, 3401, 3407, 3391, 3404, 3386, 3389, 3394, 3398, 3397, 3403, 3395, 3392, 3400]"
O15:Monoculture::Oxa,random,4,"[3385, 3388, 3406, 3389, 3401, 3386, 3391, 3407, 3398, 3403, 3400, 3397, 3394, 3392, 3395, 3404]"
O15:Monoculture::Oxa,random,5,"[3385, 3388, 3406, 3401, 3389, 3392, 3407, 3398, 3391, 3403, 3394, 3397, 3386, 3404, 3395, 3400]"
O15:Monoculture::Oxa,random,6,"[3385, 3388, 3406, 3401, 3403, 3404, 3397, 3394, 3391, 3407, 3400, 3392, 3386, 3395, 3398, 3389]"
O15:Monoculture::Oxa,random,7,"[3385, 3388, 3406, 3397, 3400, 3386, 3398, 3394, 3389, 3403, 3392, 3407, 3391, 3395, 3401, 3404]"
O15:Monoculture::Oxa,random,8,"[3385, 3388, 3406, 3403, 3386, 3392, 3398, 3400, 3389, 3404, 3397, 3407, 3395, 3401, 3391, 3394]"
O15:Monoculture::Oxa,random,9,"[3385, 3388, 3406, 3391, 3401, 3397, 3398, 3404, 3403, 3392, 3395, 3407, 3400, 3394, 3386, 3389]"
O15:Monoculture::Oxa,random,10,"[3385, 3388, 3406, 3389, 3403, 3401, 3392, 3398, 3391, 3394, 3404, 3407, 3395, 3397, 3386, 3400]"
O15:Monoculture::Oxa,random,11,"[3385, 3388, 3406, 3391, 3404, 3400, 3389, 3397, 3401, 3394, 3395, 3407, 3392, 3403, 3398, 3386]"
O15:Monoculture::Oxa,random,12,"[3385, 3388, 3406, 3397, 3389, 3394, 3401, 3403, 3398, 3395, 3386, 3404, 3392, 3391, 3407, 3400]"
O15:Monoculture::Oxa,random,13,"[3385, 3388, 3406, 3397, 3389, 3395, 3386, 3394, 3398, 3391, 3400, 3392, 3403, 3404, 3401, 3407]"
O15:Monoculture::Oxa,random,14,"[3385, 3388, 3406, 3395, 3407, 3403, 3398, 3392, 3401, 3394, 3397, 3386, 3400, 3404, 3389, 3391]"
O15:Monoculture::Oxa,random,15,"[3385, 3388, 3406, 3395, 3392, 3400, 3386, 3397, 3398, 3391, 3403, 3404, 3407, 3394, 3401, 3389]"
O15:Monoculture::Oxa,random,16,"[3385, 3388, 3406, 3386, 3403, 3394, 3397, 3400, 3404, 3395, 3398, 3392, 3401, 3389, 3407, 3391]"
O15:Monoculture::Oxa,random,17,"[3385, 3388, 3406, 3407, 3397, 3401, 3394, 3404, 3398, 3400, 3389, 3386, 3403, 3391, 3395, 3392]"
O15:Monoculture::Oxa,random,18,"[3385, 3388, 3406, 3391, 3397, 3395, 3404, 3386, 3398, 3400, 3394, 3403, 3389, 3401, 3407, 3392]"
O15:Monoculture::Oxa,random,19,"[3385, 3388, 3406, 3401, 3400, 3398, 3394, 3386, 3403, 3395, 3391, 3407, 3389, 3392, 3404, 3397]"
O15:Monoculture::SN-38,space_filling,-1,"[3409, 3412, 3430, 3421, 3427, 3424, 3418, 3415, 3410, 3413, 3416, 3419, 3422, 3425, 3428, 3431]"
O15:Monoculture::SN-38,control_first_space,-1,"[3409, 3412, 3430, 3410, 3421, 3427, 3424, 3418, 3415, 3413, 3416, 3419, 3422, 3425, 3428, 3431]"
O15:Monoculture::SN-38,random,0,"[3409, 3412, 3430, 3427, 3415, 3422, 3418, 3419, 3431, 3410, 3416, 3421, 3425, 3428, 3424, 3413]"
O15:Monoculture::SN-38,random,1,"[3409, 3412, 3430, 3413, 3427, 3422, 3425, 3431, 3418, 3419, 3424, 3410, 3415, 3428, 3421, 3416]"
O15:Monoculture::SN-38,random,2,"[3409, 3412, 3430, 3415, 3427, 3422, 3410, 3421, 3425, 3431, 3428, 3419, 3416, 3418, 3424, 3413]"
O15:Monoculture::SN-38,random,3,"[3409, 3412, 3430, 3425, 3431, 3415, 3428, 3410, 3413, 3418, 3422, 3421, 3427, 3419, 3416, 3424]"
O15:Monoculture::SN-38,random,4,"[3409, 3412, 3430, 3413, 3425, 3410, 3415, 3431, 3422, 3427, 3424, 3421, 3418, 3416, 3419, 3428]"
O15:Monoculture::SN-38,random,5,"[3409, 3412, 3430, 3425, 3413, 3416, 3431, 3422, 3415, 3427, 3418, 3421, 3410, 3428, 3419, 3424]"
O15:Monoculture::SN-38,random,6,"[3409, 3412, 3430, 3425, 3427, 3428, 3421, 3418, 3415, 3431, 3424, 3416, 3410, 3419, 3422, 3413]"
O15:Monoculture::SN-38,random,7,"[3409, 3412, 3430, 3421, 3424, 3410, 3422, 3418, 3413, 3427, 3416, 3431, 3415, 3419, 3425, 3428]"
O15:Monoculture::SN-38,random,8,"[3409, 3412, 3430, 3427, 3410, 3416, 3422, 3424, 3413, 3428, 3421, 3431, 3419, 3425, 3415, 3418]"
O15:Monoculture::SN-38,random,9,"[3409, 3412, 3430, 3415, 3425, 3421, 3422, 3428, 3427, 3416, 3419, 3431, 3424, 3418, 3410, 3413]"
O15:Monoculture::SN-38,random,10,"[3409, 3412, 3430, 3413, 3427, 3425, 3416, 3422, 3415, 3418, 3428, 3431, 3419, 3421, 3410, 3424]"
O15:Monoculture::SN-38,random,11,"[3409, 3412, 3430, 3415, 3428, 3424, 3413, 3421, 3425, 3418, 3419, 3431, 3416, 3427, 3422, 3410]"
O15:Monoculture::SN-38,random,12,"[3409, 3412, 3430, 3421, 3413, 3418, 3425, 3427, 3422, 3419, 3410, 3428, 3416, 3415, 3431, 3424]"
O15:Monoculture::SN-38,random,13,"[3409, 3412, 3430, 3421, 3413, 3419, 3410, 3418, 3422, 3415, 3424, 3416, 3427, 3428, 3425, 3431]"
O15:Monoculture::SN-38,random,14,"[3409, 3412, 3430, 3419, 3431, 3427, 3422, 3416, 3425, 3418, 3421, 3410, 3424, 3428, 3413, 3415]"
O15:Monoculture::SN-38,random,15,"[3409, 3412, 3430, 3419, 3416, 3424, 3410, 3421, 3422, 3415, 3427, 3428, 3431, 3418, 3425, 3413]"
O15:Monoculture::SN-38,random,16,"[3409, 3412, 3430, 3410, 3427, 3418, 3421, 3424, 3428, 3419, 3422, 3416, 3425, 3413, 3431, 3415]"
O15:Monoculture::SN-38,random,17,"[3409, 3412, 3430, 3431, 3421, 3425, 3418, 3428, 3422, 3424, 3413, 3410, 3427, 3415, 3419, 3416]"
O15:Monoculture::SN-38,random,18,"[3409, 3412, 3430, 3415, 3421, 3419, 3428, 3410, 3422, 3424, 3418, 3427, 3413, 3425, 3431, 3416]"
O15:Monoculture::SN-38,random,19,"[3409, 3412, 3430, 3425, 3424, 3422, 3418, 3410, 3427, 3419, 3415, 3431, 3413, 3416, 3428, 3421]"
O16:Coculture:F17:5-FU,space_filling,-1,"[3649, 3652, 3670, 3661, 3667, 3664, 3658, 3655, 3650, 3653, 3656, 3659, 3662, 3665, 3668, 3671]"
O16:Coculture:F17:5-FU,control_first_space,-1,"[3649, 3652, 3670, 3650, 3661, 3667, 3664, 3658, 3655, 3653, 3656, 3659, 3662, 3665, 3668, 3671]"
O16:Coculture:F17:5-FU,random,0,"[3649, 3652, 3670, 3667, 3655, 3662, 3658, 3659, 3671, 3650, 3656, 3661, 3665, 3668, 3664, 3653]"
O16:Coculture:F17:5-FU,random,1,"[3649, 3652, 3670, 3653, 3667, 3662, 3665, 3671, 3658, 3659, 3664, 3650, 3655, 3668, 3661, 3656]"
O16:Coculture:F17:5-FU,random,2,"[3649, 3652, 3670, 3655, 3667, 3662, 3650, 3661, 3665, 3671, 3668, 3659, 3656, 3658, 3664, 3653]"
O16:Coculture:F17:5-FU,random,3,"[3649, 3652, 3670, 3665, 3671, 3655, 3668, 3650, 3653, 3658, 3662, 3661, 3667, 3659, 3656, 3664]"
O16:Coculture:F17:5-FU,random,4,"[3649, 3652, 3670, 3653, 3665, 3650, 3655, 3671, 3662, 3667, 3664, 3661, 3658, 3656, 3659, 3668]"
O16:Coculture:F17:5-FU,random,5,"[3649, 3652, 3670, 3665, 3653, 3656, 3671, 3662, 3655, 3667, 3658, 3661, 3650, 3668, 3659, 3664]"
O16:Coculture:F17:5-FU,random,6,"[3649, 3652, 3670, 3665, 3667, 3668, 3661, 3658, 3655, 3671, 3664, 3656, 3650, 3659, 3662, 3653]"
O16:Coculture:F17:5-FU,random,7,"[3649, 3652, 3670, 3661, 3664, 3650, 3662, 3658, 3653, 3667, 3656, 3671, 3655, 3659, 3665, 3668]"
O16:Coculture:F17:5-FU,random,8,"[3649, 3652, 3670, 3667, 3650, 3656, 3662, 3664, 3653, 3668, 3661, 3671, 3659, 3665, 3655, 3658]"
O16:Coculture:F17:5-FU,random,9,"[3649, 3652, 3670, 3655, 3665, 3661, 3662, 3668, 3667, 3656, 3659, 3671, 3664, 3658, 3650, 3653]"
O16:Coculture:F17:5-FU,random,10,"[3649, 3652, 3670, 3653, 3667, 3665, 3656, 3662, 3655, 3658, 3668, 3671, 3659, 3661, 3650, 3664]"
O16:Coculture:F17:5-FU,random,11,"[3649, 3652, 3670, 3655, 3668, 3664, 3653, 3661, 3665, 3658, 3659, 3671, 3656, 3667, 3662, 3650]"
O16:Coculture:F17:5-FU,random,12,"[3649, 3652, 3670, 3661, 3653, 3658, 3665, 3667, 3662, 3659, 3650, 3668, 3656, 3655, 3671, 3664]"
O16:Coculture:F17:5-FU,random,13,"[3649, 3652, 3670, 3661, 3653, 3659, 3650, 3658, 3662, 3655, 3664, 3656, 3667, 3668, 3665, 3671]"
O16:Coculture:F17:5-FU,random,14,"[3649, 3652, 3670, 3659, 3671, 3667, 3662, 3656, 3665, 3658, 3661, 3650, 3664, 3668, 3653, 3655]"
O16:Coculture:F17:5-FU,random,15,"[3649, 3652, 3670, 3659, 3656, 3664, 3650, 3661, 3662, 3655, 3667, 3668, 3671, 3658, 3665, 3653]"
O16:Coculture:F17:5-FU,random,16,"[3649, 3652, 3670, 3650, 3667, 3658, 3661, 3664, 3668, 3659, 3662, 3656, 3665, 3653, 3671, 3655]"
O16:Coculture:F17:5-FU,random,17,"[3649, 3652, 3670, 3671, 3661, 3665, 3658, 3668, 3662, 3664, 3653, 3650, 3667, 3655, 3659, 3656]"
O16:Coculture:F17:5-FU,random,18,"[3649, 3652, 3670, 3655, 3661, 3659, 3668, 3650, 3662, 3664, 3658, 3667, 3653, 3665, 3671, 3656]"
O16:Coculture:F17:5-FU,random,19,"[3649, 3652, 3670, 3665, 3664, 3662, 3658, 3650, 3667, 3659, 3655, 3671, 3653, 3656, 3668, 3661]"
O16:Coculture:F17:Gef,space_filling,-1,"[3721, 3724, 3742, 3733, 3730, 3739, 3736, 3727, 3722, 3725, 3728, 3731, 3734, 3737, 3740, 3743]"
O16:Coculture:F17:Gef,control_first_space,-1,"[3721, 3724, 3742, 3722, 3733, 3730, 3739, 3736, 3727, 3725, 3728, 3731, 3734, 3737, 3740, 3743]"
O16:Coculture:F17:Gef,random,0,"[3721, 3724, 3742, 3739, 3727, 3734, 3730, 3731, 3743, 3722, 3728, 3733, 3737, 3740, 3736, 3725]"
O16:Coculture:F17:Gef,random,1,"[3721, 3724, 3742, 3725, 3739, 3734, 3737, 3743, 3730, 3731, 3736, 3722, 3727, 3740, 3733, 3728]"
O16:Coculture:F17:Gef,random,2,"[3721, 3724, 3742, 3727, 3739, 3734, 3722, 3733, 3737, 3743, 3740, 3731, 3728, 3730, 3736, 3725]"
O16:Coculture:F17:Gef,random,3,"[3721, 3724, 3742, 3737, 3743, 3727, 3740, 3722, 3725, 3730, 3734, 3733, 3739, 3731, 3728, 3736]"
O16:Coculture:F17:Gef,random,4,"[3721, 3724, 3742, 3725, 3737, 3722, 3727, 3743, 3734, 3739, 3736, 3733, 3730, 3728, 3731, 3740]"
O16:Coculture:F17:Gef,random,5,"[3721, 3724, 3742, 3737, 3725, 3728, 3743, 3734, 3727, 3739, 3730, 3733, 3722, 3740, 3731, 3736]"
O16:Coculture:F17:Gef,random,6,"[3721, 3724, 3742, 3737, 3739, 3740, 3733, 3730, 3727, 3743, 3736, 3728, 3722, 3731, 3734, 3725]"
O16:Coculture:F17:Gef,random,7,"[3721, 3724, 3742, 3733, 3736, 3722, 3734, 3730, 3725, 3739, 3728, 3743, 3727, 3731, 3737, 3740]"
O16:Coculture:F17:Gef,random,8,"[3721, 3724, 3742, 3739, 3722, 3728, 3734, 3736, 3725, 3740, 3733, 3743, 3731, 3737, 3727, 3730]"
O16:Coculture:F17:Gef,random,9,"[3721, 3724, 3742, 3727, 3737, 3733, 3734, 3740, 3739, 3728, 3731, 3743, 3736, 3730, 3722, 3725]"
O16:Coculture:F17:Gef,random,10,"[3721, 3724, 3742, 3725, 3739, 3737, 3728, 3734, 3727, 3730, 3740, 3743, 3731, 3733, 3722, 3736]"
O16:Coculture:F17:Gef,random,11,"[3721, 3724, 3742, 3727, 3740, 3736, 3725, 3733, 3737, 3730, 3731, 3743, 3728, 3739, 3734, 3722]"
O16:Coculture:F17:Gef,random,12,"[3721, 3724, 3742, 3733, 3725, 3730, 3737, 3739, 3734, 3731, 3722, 3740, 3728, 3727, 3743, 3736]"
O16:Coculture:F17:Gef,random,13,"[3721, 3724, 3742, 3733, 3725, 3731, 3722, 3730, 3734, 3727, 3736, 3728, 3739, 3740, 3737, 3743]"
O16:Coculture:F17:Gef,random,14,"[3721, 3724, 3742, 3731, 3743, 3739, 3734, 3728, 3737, 3730, 3733, 3722, 3736, 3740, 3725, 3727]"
O16:Coculture:F17:Gef,random,15,"[3721, 3724, 3742, 3731, 3728, 3736, 3722, 3733, 3734, 3727, 3739, 3740, 3743, 3730, 3737, 3725]"
O16:Coculture:F17:Gef,random,16,"[3721, 3724, 3742, 3722, 3739, 3730, 3733, 3736, 3740, 3731, 3734, 3728, 3737, 3725, 3743, 3727]"
O16:Coculture:F17:Gef,random,17,"[3721, 3724, 3742, 3743, 3733, 3737, 3730, 3740, 3734, 3736, 3725, 3722, 3739, 3727, 3731, 3728]"
O16:Coculture:F17:Gef,random,18,"[3721, 3724, 3742, 3727, 3733, 3731, 3740, 3722, 3734, 3736, 3730, 3739, 3725, 3737, 3743, 3728]"
O16:Coculture:F17:Gef,random,19,"[3721, 3724, 3742, 3737, 3736, 3734, 3730, 3722, 3739, 3731, 3727, 3743, 3725, 3728, 3740, 3733]"
O16:Coculture:F17:Oxa,space_filling,-1,"[3673, 3676, 3694, 3685, 3691, 3688, 3682, 3679, 3674, 3677, 3680, 3683, 3686, 3689, 3692, 3695]"
O16:Coculture:F17:Oxa,control_first_space,-1,"[3673, 3676, 3694, 3674, 3685, 3691, 3688, 3682, 3679, 3677, 3680, 3683, 3686, 3689, 3692, 3695]"
O16:Coculture:F17:Oxa,random,0,"[3673, 3676, 3694, 3691, 3679, 3686, 3682, 3683, 3695, 3674, 3680, 3685, 3689, 3692, 3688, 3677]"
O16:Coculture:F17:Oxa,random,1,"[3673, 3676, 3694, 3677, 3691, 3686, 3689, 3695, 3682, 3683, 3688, 3674, 3679, 3692, 3685, 3680]"
O16:Coculture:F17:Oxa,random,2,"[3673, 3676, 3694, 3679, 3691, 3686, 3674, 3685, 3689, 3695, 3692, 3683, 3680, 3682, 3688, 3677]"
O16:Coculture:F17:Oxa,random,3,"[3673, 3676, 3694, 3689, 3695, 3679, 3692, 3674, 3677, 3682, 3686, 3685, 3691, 3683, 3680, 3688]"
O16:Coculture:F17:Oxa,random,4,"[3673, 3676, 3694, 3677, 3689, 3674, 3679, 3695, 3686, 3691, 3688, 3685, 3682, 3680, 3683, 3692]"
O16:Coculture:F17:Oxa,random,5,"[3673, 3676, 3694, 3689, 3677, 3680, 3695, 3686, 3679, 3691, 3682, 3685, 3674, 3692, 3683, 3688]"
O16:Coculture:F17:Oxa,random,6,"[3673, 3676, 3694, 3689, 3691, 3692, 3685, 3682, 3679, 3695, 3688, 3680, 3674, 3683, 3686, 3677]"
O16:Coculture:F17:Oxa,random,7,"[3673, 3676, 3694, 3685, 3688, 3674, 3686, 3682, 3677, 3691, 3680, 3695, 3679, 3683, 3689, 3692]"
O16:Coculture:F17:Oxa,random,8,"[3673, 3676, 3694, 3691, 3674, 3680, 3686, 3688, 3677, 3692, 3685, 3695, 3683, 3689, 3679, 3682]"
O16:Coculture:F17:Oxa,random,9,"[3673, 3676, 3694, 3679, 3689, 3685, 3686, 3692, 3691, 3680, 3683, 3695, 3688, 3682, 3674, 3677]"
O16:Coculture:F17:Oxa,random,10,"[3673, 3676, 3694, 3677, 3691, 3689, 3680, 3686, 3679, 3682, 3692, 3695, 3683, 3685, 3674, 3688]"
O16:Coculture:F17:Oxa,random,11,"[3673, 3676, 3694, 3679, 3692, 3688, 3677, 3685, 3689, 3682, 3683, 3695, 3680, 3691, 3686, 3674]"
O16:Coculture:F17:Oxa,random,12,"[3673, 3676, 3694, 3685, 3677, 3682, 3689, 3691, 3686, 3683, 3674, 3692, 3680, 3679, 3695, 3688]"
O16:Coculture:F17:Oxa,random,13,"[3673, 3676, 3694, 3685, 3677, 3683, 3674, 3682, 3686, 3679, 3688, 3680, 3691, 3692, 3689, 3695]"
O16:Coculture:F17:Oxa,random,14,"[3673, 3676, 3694, 3683, 3695, 3691, 3686, 3680, 3689, 3682, 3685, 3674, 3688, 3692, 3677, 3679]"
O16:Coculture:F17:Oxa,random,15,"[3673, 3676, 3694, 3683, 3680, 3688, 3674, 3685, 3686, 3679, 3691, 3692, 3695, 3682, 3689, 3677]"
O16:Coculture:F17:Oxa,random,16,"[3673, 3676, 3694, 3674, 3691, 3682, 3685, 3688, 3692, 3683, 3686, 3680, 3689, 3677, 3695, 3679]"
O16:Coculture:F17:Oxa,random,17,"[3673, 3676, 3694, 3695, 3685, 3689, 3682, 3692, 3686, 3688, 3677, 3674, 3691, 3679, 3683, 3680]"
O16:Coculture:F17:Oxa,random,18,"[3673, 3676, 3694, 3679, 3685, 3683, 3692, 3674, 3686, 3688, 3682, 3691, 3677, 3689, 3695, 3680]"
O16:Coculture:F17:Oxa,random,19,"[3673, 3676, 3694, 3689, 3688, 3686, 3682, 3674, 3691, 3683, 3679, 3695, 3677, 3680, 3692, 3685]"
O16:Coculture:F17:SN-38,space_filling,-1,"[3697, 3700, 3718, 3709, 3715, 3712, 3706, 3703, 3698, 3701, 3704, 3707, 3710, 3713, 3716, 3719]"
O16:Coculture:F17:SN-38,control_first_space,-1,"[3697, 3700, 3718, 3698, 3709, 3715, 3712, 3706, 3703, 3701, 3704, 3707, 3710, 3713, 3716, 3719]"
O16:Coculture:F17:SN-38,random,0,"[3697, 3700, 3718, 3715, 3703, 3710, 3706, 3707, 3719, 3698, 3704, 3709, 3713, 3716, 3712, 3701]"
O16:Coculture:F17:SN-38,random,1,"[3697, 3700, 3718, 3701, 3715, 3710, 3713, 3719, 3706, 3707, 3712, 3698, 3703, 3716, 3709, 3704]"
O16:Coculture:F17:SN-38,random,2,"[3697, 3700, 3718, 3703, 3715, 3710, 3698, 3709, 3713, 3719, 3716, 3707, 3704, 3706, 3712, 3701]"
O16:Coculture:F17:SN-38,random,3,"[3697, 3700, 3718, 3713, 3719, 3703, 3716, 3698, 3701, 3706, 3710, 3709, 3715, 3707, 3704, 3712]"
O16:Coculture:F17:SN-38,random,4,"[3697, 3700, 3718, 3701, 3713, 3698, 3703, 3719, 3710, 3715, 3712, 3709, 3706, 3704, 3707, 3716]"
O16:Coculture:F17:SN-38,random,5,"[3697, 3700, 3718, 3713, 3701, 3704, 3719, 3710, 3703, 3715, 3706, 3709, 3698, 3716, 3707, 3712]"
O16:Coculture:F17:SN-38,random,6,"[3697, 3700, 3718, 3713, 3715, 3716, 3709, 3706, 3703, 3719, 3712, 3704, 3698, 3707, 3710, 3701]"
O16:Coculture:F17:SN-38,random,7,"[3697, 3700, 3718, 3709, 3712, 3698, 3710, 3706, 3701, 3715, 3704, 3719, 3703, 3707, 3713, 3716]"
O16:Coculture:F17:SN-38,random,8,"[3697, 3700, 3718, 3715, 3698, 3704, 3710, 3712, 3701, 3716, 3709, 3719, 3707, 3713, 3703, 3706]"
O16:Coculture:F17:SN-38,random,9,"[3697, 3700, 3718, 3703, 3713, 3709, 3710, 3716, 3715, 3704, 3707, 3719, 3712, 3706, 3698, 3701]"
O16:Coculture:F17:SN-38,random,10,"[3697, 3700, 3718, 3701, 3715, 3713, 3704, 3710, 3703, 3706, 3716, 3719, 3707, 3709, 3698, 3712]"
O16:Coculture:F17:SN-38,random,11,"[3697, 3700, 3718, 3703, 3716, 3712, 3701, 3709, 3713, 3706, 3707, 3719, 3704, 3715, 3710, 3698]"
O16:Coculture:F17:SN-38,random,12,"[3697, 3700, 3718, 3709, 3701, 3706, 3713, 3715, 3710, 3707, 3698, 3716, 3704, 3703, 3719, 3712]"
O16:Coculture:F17:SN-38,random,13,"[3697, 3700, 3718, 3709, 3701, 3707, 3698, 3706, 3710, 3703, 3712, 3704, 3715, 3716, 3713, 3719]"
O16:Coculture:F17:SN-38,random,14,"[3697, 3700, 3718, 3707, 3719, 3715, 3710, 3704, 3713, 3706, 3709, 3698, 3712, 3716, 3701, 3703]"
O16:Coculture:F17:SN-38,random,15,"[3697, 3700, 3718, 3707, 3704, 3712, 3698, 3709, 3710, 3703, 3715, 3716, 3719, 3706, 3713, 3701]"
O16:Coculture:F17:SN-38,random,16,"[3697, 3700, 3718, 3698, 3715, 3706, 3709, 3712, 3716, 3707, 3710, 3704, 3713, 3701, 3719, 3703]"
O16:Coculture:F17:SN-38,random,17,"[3697, 3700, 3718, 3719, 3709, 3713, 3706, 3716, 3710, 3712, 3701, 3698, 3715, 3703, 3707, 3704]"
O16:Coculture:F17:SN-38,random,18,"[3697, 3700, 3718, 3703, 3709, 3707, 3716, 3698, 3710, 3712, 3706, 3715, 3701, 3713, 3719, 3704]"
O16:Coculture:F17:SN-38,random,19,"[3697, 3700, 3718, 3713, 3712, 3710, 3706, 3698, 3715, 3707, 3703, 3719, 3701, 3704, 3716, 3709]"
O16:Monoculture::5-FU,space_filling,-1,"[3553, 3556, 3574, 3565, 3571, 3568, 3562, 3559, 3554, 3557, 3560, 3563, 3566, 3569, 3572, 3575]"
O16:Monoculture::5-FU,control_first_space,-1,"[3553, 3556, 3574, 3554, 3565, 3571, 3568, 3562, 3559, 3557, 3560, 3563, 3566, 3569, 3572, 3575]"
O16:Monoculture::5-FU,random,0,"[3553, 3556, 3574, 3571, 3559, 3566, 3562, 3563, 3575, 3554, 3560, 3565, 3569, 3572, 3568, 3557]"
O16:Monoculture::5-FU,random,1,"[3553, 3556, 3574, 3557, 3571, 3566, 3569, 3575, 3562, 3563, 3568, 3554, 3559, 3572, 3565, 3560]"
O16:Monoculture::5-FU,random,2,"[3553, 3556, 3574, 3559, 3571, 3566, 3554, 3565, 3569, 3575, 3572, 3563, 3560, 3562, 3568, 3557]"
O16:Monoculture::5-FU,random,3,"[3553, 3556, 3574, 3569, 3575, 3559, 3572, 3554, 3557, 3562, 3566, 3565, 3571, 3563, 3560, 3568]"
O16:Monoculture::5-FU,random,4,"[3553, 3556, 3574, 3557, 3569, 3554, 3559, 3575, 3566, 3571, 3568, 3565, 3562, 3560, 3563, 3572]"
O16:Monoculture::5-FU,random,5,"[3553, 3556, 3574, 3569, 3557, 3560, 3575, 3566, 3559, 3571, 3562, 3565, 3554, 3572, 3563, 3568]"
O16:Monoculture::5-FU,random,6,"[3553, 3556, 3574, 3569, 3571, 3572, 3565, 3562, 3559, 3575, 3568, 3560, 3554, 3563, 3566, 3557]"
O16:Monoculture::5-FU,random,7,"[3553, 3556, 3574, 3565, 3568, 3554, 3566, 3562, 3557, 3571, 3560, 3575, 3559, 3563, 3569, 3572]"
O16:Monoculture::5-FU,random,8,"[3553, 3556, 3574, 3571, 3554, 3560, 3566, 3568, 3557, 3572, 3565, 3575, 3563, 3569, 3559, 3562]"
O16:Monoculture::5-FU,random,9,"[3553, 3556, 3574, 3559, 3569, 3565, 3566, 3572, 3571, 3560, 3563, 3575, 3568, 3562, 3554, 3557]"
O16:Monoculture::5-FU,random,10,"[3553, 3556, 3574, 3557, 3571, 3569, 3560, 3566, 3559, 3562, 3572, 3575, 3563, 3565, 3554, 3568]"
O16:Monoculture::5-FU,random,11,"[3553, 3556, 3574, 3559, 3572, 3568, 3557, 3565, 3569, 3562, 3563, 3575, 3560, 3571, 3566, 3554]"
O16:Monoculture::5-FU,random,12,"[3553, 3556, 3574, 3565, 3557, 3562, 3569, 3571, 3566, 3563, 3554, 3572, 3560, 3559, 3575, 3568]"
O16:Monoculture::5-FU,random,13,"[3553, 3556, 3574, 3565, 3557, 3563, 3554, 3562, 3566, 3559, 3568, 3560, 3571, 3572, 3569, 3575]"
O16:Monoculture::5-FU,random,14,"[3553, 3556, 3574, 3563, 3575, 3571, 3566, 3560, 3569, 3562, 3565, 3554, 3568, 3572, 3557, 3559]"
O16:Monoculture::5-FU,random,15,"[3553, 3556, 3574, 3563, 3560, 3568, 3554, 3565, 3566, 3559, 3571, 3572, 3575, 3562, 3569, 3557]"
O16:Monoculture::5-FU,random,16,"[3553, 3556, 3574, 3554, 3571, 3562, 3565, 3568, 3572, 3563, 3566, 3560, 3569, 3557, 3575, 3559]"
O16:Monoculture::5-FU,random,17,"[3553, 3556, 3574, 3575, 3565, 3569, 3562, 3572, 3566, 3568, 3557, 3554, 3571, 3559, 3563, 3560]"
O16:Monoculture::5-FU,random,18,"[3553, 3556, 3574, 3559, 3565, 3563, 3572, 3554, 3566, 3568, 3562, 3571, 3557, 3569, 3575, 3560]"
O16:Monoculture::5-FU,random,19,"[3553, 3556, 3574, 3569, 3568, 3566, 3562, 3554, 3571, 3563, 3559, 3575, 3557, 3560, 3572, 3565]"
O16:Monoculture::Gef,space_filling,-1,"[3625, 3628, 3646, 3637, 3634, 3643, 3640, 3631, 3626, 3629, 3632, 3635, 3638, 3641, 3644, 3647]"
O16:Monoculture::Gef,control_first_space,-1,"[3625, 3628, 3646, 3626, 3637, 3634, 3643, 3640, 3631, 3629, 3632, 3635, 3638, 3641, 3644, 3647]"
O16:Monoculture::Gef,random,0,"[3625, 3628, 3646, 3643, 3631, 3638, 3634, 3635, 3647, 3626, 3632, 3637, 3641, 3644, 3640, 3629]"
O16:Monoculture::Gef,random,1,"[3625, 3628, 3646, 3629, 3643, 3638, 3641, 3647, 3634, 3635, 3640, 3626, 3631, 3644, 3637, 3632]"
O16:Monoculture::Gef,random,2,"[3625, 3628, 3646, 3631, 3643, 3638, 3626, 3637, 3641, 3647, 3644, 3635, 3632, 3634, 3640, 3629]"
O16:Monoculture::Gef,random,3,"[3625, 3628, 3646, 3641, 3647, 3631, 3644, 3626, 3629, 3634, 3638, 3637, 3643, 3635, 3632, 3640]"
O16:Monoculture::Gef,random,4,"[3625, 3628, 3646, 3629, 3641, 3626, 3631, 3647, 3638, 3643, 3640, 3637, 3634, 3632, 3635, 3644]"
O16:Monoculture::Gef,random,5,"[3625, 3628, 3646, 3641, 3629, 3632, 3647, 3638, 3631, 3643, 3634, 3637, 3626, 3644, 3635, 3640]"
O16:Monoculture::Gef,random,6,"[3625, 3628, 3646, 3641, 3643, 3644, 3637, 3634, 3631, 3647, 3640, 3632, 3626, 3635, 3638, 3629]"
O16:Monoculture::Gef,random,7,"[3625, 3628, 3646, 3637, 3640, 3626, 3638, 3634, 3629, 3643, 3632, 3647, 3631, 3635, 3641, 3644]"
O16:Monoculture::Gef,random,8,"[3625, 3628, 3646, 3643, 3626, 3632, 3638, 3640, 3629, 3644, 3637, 3647, 3635, 3641, 3631, 3634]"
O16:Monoculture::Gef,random,9,"[3625, 3628, 3646, 3631, 3641, 3637, 3638, 3644, 3643, 3632, 3635, 3647, 3640, 3634, 3626, 3629]"
O16:Monoculture::Gef,random,10,"[3625, 3628, 3646, 3629, 3643, 3641, 3632, 3638, 3631, 3634, 3644, 3647, 3635, 3637, 3626, 3640]"
O16:Monoculture::Gef,random,11,"[3625, 3628, 3646, 3631, 3644, 3640, 3629, 3637, 3641, 3634, 3635, 3647, 3632, 3643, 3638, 3626]"
O16:Monoculture::Gef,random,12,"[3625, 3628, 3646, 3637, 3629, 3634, 3641, 3643, 3638, 3635, 3626, 3644, 3632, 3631, 3647, 3640]"
O16:Monoculture::Gef,random,13,"[3625, 3628, 3646, 3637, 3629, 3635, 3626, 3634, 3638, 3631, 3640, 3632, 3643, 3644, 3641, 3647]"
O16:Monoculture::Gef,random,14,"[3625, 3628, 3646, 3635, 3647, 3643, 3638, 3632, 3641, 3634, 3637, 3626, 3640, 3644, 3629, 3631]"
O16:Monoculture::Gef,random,15,"[3625, 3628, 3646, 3635, 3632, 3640, 3626, 3637, 3638, 3631, 3643, 3644, 3647, 3634, 3641, 3629]"
O16:Monoculture::Gef,random,16,"[3625, 3628, 3646, 3626, 3643, 3634, 3637, 3640, 3644, 3635, 3638, 3632, 3641, 3629, 3647, 3631]"
O16:Monoculture::Gef,random,17,"[3625, 3628, 3646, 3647, 3637, 3641, 3634, 3644, 3638, 3640, 3629, 3626, 3643, 3631, 3635, 3632]"
O16:Monoculture::Gef,random,18,"[3625, 3628, 3646, 3631, 3637, 3635, 3644, 3626, 3638, 3640, 3634, 3643, 3629, 3641, 3647, 3632]"
O16:Monoculture::Gef,random,19,"[3625, 3628, 3646, 3641, 3640, 3638, 3634, 3626, 3643, 3635, 3631, 3647, 3629, 3632, 3644, 3637]"
O16:Monoculture::Oxa,space_filling,-1,"[3577, 3580, 3598, 3589, 3595, 3592, 3586, 3583, 3578, 3581, 3584, 3587, 3590, 3593, 3596, 3599]"
O16:Monoculture::Oxa,control_first_space,-1,"[3577, 3580, 3598, 3578, 3589, 3595, 3592, 3586, 3583, 3581, 3584, 3587, 3590, 3593, 3596, 3599]"
O16:Monoculture::Oxa,random,0,"[3577, 3580, 3598, 3595, 3583, 3590, 3586, 3587, 3599, 3578, 3584, 3589, 3593, 3596, 3592, 3581]"
O16:Monoculture::Oxa,random,1,"[3577, 3580, 3598, 3581, 3595, 3590, 3593, 3599, 3586, 3587, 3592, 3578, 3583, 3596, 3589, 3584]"
O16:Monoculture::Oxa,random,2,"[3577, 3580, 3598, 3583, 3595, 3590, 3578, 3589, 3593, 3599, 3596, 3587, 3584, 3586, 3592, 3581]"
O16:Monoculture::Oxa,random,3,"[3577, 3580, 3598, 3593, 3599, 3583, 3596, 3578, 3581, 3586, 3590, 3589, 3595, 3587, 3584, 3592]"
O16:Monoculture::Oxa,random,4,"[3577, 3580, 3598, 3581, 3593, 3578, 3583, 3599, 3590, 3595, 3592, 3589, 3586, 3584, 3587, 3596]"
O16:Monoculture::Oxa,random,5,"[3577, 3580, 3598, 3593, 3581, 3584, 3599, 3590, 3583, 3595, 3586, 3589, 3578, 3596, 3587, 3592]"
O16:Monoculture::Oxa,random,6,"[3577, 3580, 3598, 3593, 3595, 3596, 3589, 3586, 3583, 3599, 3592, 3584, 3578, 3587, 3590, 3581]"
O16:Monoculture::Oxa,random,7,"[3577, 3580, 3598, 3589, 3592, 3578, 3590, 3586, 3581, 3595, 3584, 3599, 3583, 3587, 3593, 3596]"
O16:Monoculture::Oxa,random,8,"[3577, 3580, 3598, 3595, 3578, 3584, 3590, 3592, 3581, 3596, 3589, 3599, 3587, 3593, 3583, 3586]"
O16:Monoculture::Oxa,random,9,"[3577, 3580, 3598, 3583, 3593, 3589, 3590, 3596, 3595, 3584, 3587, 3599, 3592, 3586, 3578, 3581]"
O16:Monoculture::Oxa,random,10,"[3577, 3580, 3598, 3581, 3595, 3593, 3584, 3590, 3583, 3586, 3596, 3599, 3587, 3589, 3578, 3592]"
O16:Monoculture::Oxa,random,11,"[3577, 3580, 3598, 3583, 3596, 3592, 3581, 3589, 3593, 3586, 3587, 3599, 3584, 3595, 3590, 3578]"
O16:Monoculture::Oxa,random,12,"[3577, 3580, 3598, 3589, 3581, 3586, 3593, 3595, 3590, 3587, 3578, 3596, 3584, 3583, 3599, 3592]"
O16:Monoculture::Oxa,random,13,"[3577, 3580, 3598, 3589, 3581, 3587, 3578, 3586, 3590, 3583, 3592, 3584, 3595, 3596, 3593, 3599]"
O16:Monoculture::Oxa,random,14,"[3577, 3580, 3598, 3587, 3599, 3595, 3590, 3584, 3593, 3586, 3589, 3578, 3592, 3596, 3581, 3583]"
O16:Monoculture::Oxa,random,15,"[3577, 3580, 3598, 3587, 3584, 3592, 3578, 3589, 3590, 3583, 3595, 3596, 3599, 3586, 3593, 3581]"
O16:Monoculture::Oxa,random,16,"[3577, 3580, 3598, 3578, 3595, 3586, 3589, 3592, 3596, 3587, 3590, 3584, 3593, 3581, 3599, 3583]"
O16:Monoculture::Oxa,random,17,"[3577, 3580, 3598, 3599, 3589, 3593, 3586, 3596, 3590, 3592, 3581, 3578, 3595, 3583, 3587, 3584]"
O16:Monoculture::Oxa,random,18,"[3577, 3580, 3598, 3583, 3589, 3587, 3596, 3578, 3590, 3592, 3586, 3595, 3581, 3593, 3599, 3584]"
O16:Monoculture::Oxa,random,19,"[3577, 3580, 3598, 3593, 3592, 3590, 3586, 3578, 3595, 3587, 3583, 3599, 3581, 3584, 3596, 3589]"
O17:Coculture:F06:5-FU,space_filling,-1,"[4129, 4132, 4150, 4141, 4147, 4144, 4138, 4135, 4130, 4133, 4136, 4139, 4142, 4145, 4148, 4151]"
O17:Coculture:F06:5-FU,control_first_space,-1,"[4129, 4132, 4150, 4130, 4141, 4147, 4144, 4138, 4135, 4133, 4136, 4139, 4142, 4145, 4148, 4151]"
O17:Coculture:F06:5-FU,random,0,"[4129, 4132, 4150, 4147, 4135, 4142, 4138, 4139, 4151, 4130, 4136, 4141, 4145, 4148, 4144, 4133]"
O17:Coculture:F06:5-FU,random,1,"[4129, 4132, 4150, 4133, 4147, 4142, 4145, 4151, 4138, 4139, 4144, 4130, 4135, 4148, 4141, 4136]"
O17:Coculture:F06:5-FU,random,2,"[4129, 4132, 4150, 4135, 4147, 4142, 4130, 4141, 4145, 4151, 4148, 4139, 4136, 4138, 4144, 4133]"
O17:Coculture:F06:5-FU,random,3,"[4129, 4132, 4150, 4145, 4151, 4135, 4148, 4130, 4133, 4138, 4142, 4141, 4147, 4139, 4136, 4144]"
O17:Coculture:F06:5-FU,random,4,"[4129, 4132, 4150, 4133, 4145, 4130, 4135, 4151, 4142, 4147, 4144, 4141, 4138, 4136, 4139, 4148]"
O17:Coculture:F06:5-FU,random,5,"[4129, 4132, 4150, 4145, 4133, 4136, 4151, 4142, 4135, 4147, 4138, 4141, 4130, 4148, 4139, 4144]"
O17:Coculture:F06:5-FU,random,6,"[4129, 4132, 4150, 4145, 4147, 4148, 4141, 4138, 4135, 4151, 4144, 4136, 4130, 4139, 4142, 4133]"
O17:Coculture:F06:5-FU,random,7,"[4129, 4132, 4150, 4141, 4144, 4130, 4142, 4138, 4133, 4147, 4136, 4151, 4135, 4139, 4145, 4148]"
O17:Coculture:F06:5-FU,random,8,"[4129, 4132, 4150, 4147, 4130, 4136, 4142, 4144, 4133, 4148, 4141, 4151, 4139, 4145, 4135, 4138]"
O17:Coculture:F06:5-FU,random,9,"[4129, 4132, 4150, 4135, 4145, 4141, 4142, 4148, 4147, 4136, 4139, 4151, 4144, 4138, 4130, 4133]"
O17:Coculture:F06:5-FU,random,10,"[4129, 4132, 4150, 4133, 4147, 4145, 4136, 4142, 4135, 4138, 4148, 4151, 4139, 4141, 4130, 4144]"
O17:Coculture:F06:5-FU,random,11,"[4129, 4132, 4150, 4135, 4148, 4144, 4133, 4141, 4145, 4138, 4139, 4151, 4136, 4147, 4142, 4130]"
O17:Coculture:F06:5-FU,random,12,"[4129, 4132, 4150, 4141, 4133, 4138, 4145, 4147, 4142, 4139, 4130, 4148, 4136, 4135, 4151, 4144]"
O17:Coculture:F06:5-FU,random,13,"[4129, 4132, 4150, 4141, 4133, 4139, 4130, 4138, 4142, 4135, 4144, 4136, 4147, 4148, 4145, 4151]"
O17:Coculture:F06:5-FU,random,14,"[4129, 4132, 4150, 4139, 4151, 4147, 4142, 4136, 4145, 4138, 4141, 4130, 4144, 4148, 4133, 4135]"
O17:Coculture:F06:5-FU,random,15,"[4129, 4132, 4150, 4139, 4136, 4144, 4130, 4141, 4142, 4135, 4147, 4148, 4151, 4138, 4145, 4133]"
O17:Coculture:F06:5-FU,random,16,"[4129, 4132, 4150, 4130, 4147, 4138, 4141, 4144, 4148, 4139, 4142, 4136, 4145, 4133, 4151, 4135]"
O17:Coculture:F06:5-FU,random,17,"[4129, 4132, 4150, 4151, 4141, 4145, 4138, 4148, 4142, 4144, 4133, 4130, 4147, 4135, 4139, 4136]"
O17:Coculture:F06:5-FU,random,18,"[4129, 4132, 4150, 4135, 4141, 4139, 4148, 4130, 4142, 4144, 4138, 4147, 4133, 4145, 4151, 4136]"
O17:Coculture:F06:5-FU,random,19,"[4129, 4132, 4150, 4145, 4144, 4142, 4138, 4130, 4147, 4139, 4135, 4151, 4133, 4136, 4148, 4141]"
O17:Coculture:F06:Oxa,space_filling,-1,"[4153, 4156, 4174, 4165, 4171, 4168, 4162, 4159, 4154, 4157, 4160, 4163, 4166, 4169, 4172, 4175]"
O17:Coculture:F06:Oxa,control_first_space,-1,"[4153, 4156, 4174, 4154, 4165, 4171, 4168, 4162, 4159, 4157, 4160, 4163, 4166, 4169, 4172, 4175]"
O17:Coculture:F06:Oxa,random,0,"[4153, 4156, 4174, 4171, 4159, 4166, 4162, 4163, 4175, 4154, 4160, 4165, 4169, 4172, 4168, 4157]"
O17:Coculture:F06:Oxa,random,1,"[4153, 4156, 4174, 4157, 4171, 4166, 4169, 4175, 4162, 4163, 4168, 4154, 4159, 4172, 4165, 4160]"
O17:Coculture:F06:Oxa,random,2,"[4153, 4156, 4174, 4159, 4171, 4166, 4154, 4165, 4169, 4175, 4172, 4163, 4160, 4162, 4168, 4157]"
O17:Coculture:F06:Oxa,random,3,"[4153, 4156, 4174, 4169, 4175, 4159, 4172, 4154, 4157, 4162, 4166, 4165, 4171, 4163, 4160, 4168]"
O17:Coculture:F06:Oxa,random,4,"[4153, 4156, 4174, 4157, 4169, 4154, 4159, 4175, 4166, 4171, 4168, 4165, 4162, 4160, 4163, 4172]"
O17:Coculture:F06:Oxa,random,5,"[4153, 4156, 4174, 4169, 4157, 4160, 4175, 4166, 4159, 4171, 4162, 4165, 4154, 4172, 4163, 4168]"
O17:Coculture:F06:Oxa,random,6,"[4153, 4156, 4174, 4169, 4171, 4172, 4165, 4162, 4159, 4175, 4168, 4160, 4154, 4163, 4166, 4157]"
O17:Coculture:F06:Oxa,random,7,"[4153, 4156, 4174, 4165, 4168, 4154, 4166, 4162, 4157, 4171, 4160, 4175, 4159, 4163, 4169, 4172]"
O17:Coculture:F06:Oxa,random,8,"[4153, 4156, 4174, 4171, 4154, 4160, 4166, 4168, 4157, 4172, 4165, 4175, 4163, 4169, 4159, 4162]"
O17:Coculture:F06:Oxa,random,9,"[4153, 4156, 4174, 4159, 4169, 4165, 4166, 4172, 4171, 4160, 4163, 4175, 4168, 4162, 4154, 4157]"
O17:Coculture:F06:Oxa,random,10,"[4153, 4156, 4174, 4157, 4171, 4169, 4160, 4166, 4159, 4162, 4172, 4175, 4163, 4165, 4154, 4168]"
O17:Coculture:F06:Oxa,random,11,"[4153, 4156, 4174, 4159, 4172, 4168, 4157, 4165, 4169, 4162, 4163, 4175, 4160, 4171, 4166, 4154]"
O17:Coculture:F06:Oxa,random,12,"[4153, 4156, 4174, 4165, 4157, 4162, 4169, 4171, 4166, 4163, 4154, 4172, 4160, 4159, 4175, 4168]"
O17:Coculture:F06:Oxa,random,13,"[4153, 4156, 4174, 4165, 4157, 4163, 4154, 4162, 4166, 4159, 4168, 4160, 4171, 4172, 4169, 4175]"
O17:Coculture:F06:Oxa,random,14,"[4153, 4156, 4174, 4163, 4175, 4171, 4166, 4160, 4169, 4162, 4165, 4154, 4168, 4172, 4157, 4159]"
O17:Coculture:F06:Oxa,random,15,"[4153, 4156, 4174, 4163, 4160, 4168, 4154, 4165, 4166, 4159, 4171, 4172, 4175, 4162, 4169, 4157]"
O17:Coculture:F06:Oxa,random,16,"[4153, 4156, 4174, 4154, 4171, 4162, 4165, 4168, 4172, 4163, 4166, 4160, 4169, 4157, 4175, 4159]"
O17:Coculture:F06:Oxa,random,17,"[4153, 4156, 4174, 4175, 4165, 4169, 4162, 4172, 4166, 4168, 4157, 4154, 4171, 4159, 4163, 4160]"
O17:Coculture:F06:Oxa,random,18,"[4153, 4156, 4174, 4159, 4165, 4163, 4172, 4154, 4166, 4168, 4162, 4171, 4157, 4169, 4175, 4160]"
O17:Coculture:F06:Oxa,random,19,"[4153, 4156, 4174, 4169, 4168, 4166, 4162, 4154, 4171, 4163, 4159, 4175, 4157, 4160, 4172, 4165]"
O17:Coculture:F11:5-FU,space_filling,-1,"[4033, 4036, 4054, 4045, 4051, 4048, 4042, 4039, 4034, 4037, 4040, 4043, 4046, 4049, 4052, 4055]"
O17:Coculture:F11:5-FU,control_first_space,-1,"[4033, 4036, 4054, 4034, 4045, 4051, 4048, 4042, 4039, 4037, 4040, 4043, 4046, 4049, 4052, 4055]"
O17:Coculture:F11:5-FU,random,0,"[4033, 4036, 4054, 4051, 4039, 4046, 4042, 4043, 4055, 4034, 4040, 4045, 4049, 4052, 4048, 4037]"
O17:Coculture:F11:5-FU,random,1,"[4033, 4036, 4054, 4037, 4051, 4046, 4049, 4055, 4042, 4043, 4048, 4034, 4039, 4052, 4045, 4040]"
O17:Coculture:F11:5-FU,random,2,"[4033, 4036, 4054, 4039, 4051, 4046, 4034, 4045, 4049, 4055, 4052, 4043, 4040, 4042, 4048, 4037]"
O17:Coculture:F11:5-FU,random,3,"[4033, 4036, 4054, 4049, 4055, 4039, 4052, 4034, 4037, 4042, 4046, 4045, 4051, 4043, 4040, 4048]"
O17:Coculture:F11:5-FU,random,4,"[4033, 4036, 4054, 4037, 4049, 4034, 4039, 4055, 4046, 4051, 4048, 4045, 4042, 4040, 4043, 4052]"
O17:Coculture:F11:5-FU,random,5,"[4033, 4036, 4054, 4049, 4037, 4040, 4055, 4046, 4039, 4051, 4042, 4045, 4034, 4052, 4043, 4048]"
O17:Coculture:F11:5-FU,random,6,"[4033, 4036, 4054, 4049, 4051, 4052, 4045, 4042, 4039, 4055, 4048, 4040, 4034, 4043, 4046, 4037]"
O17:Coculture:F11:5-FU,random,7,"[4033, 4036, 4054, 4045, 4048, 4034, 4046, 4042, 4037, 4051, 4040, 4055, 4039, 4043, 4049, 4052]"
O17:Coculture:F11:5-FU,random,8,"[4033, 4036, 4054, 4051, 4034, 4040, 4046, 4048, 4037, 4052, 4045, 4055, 4043, 4049, 4039, 4042]"
O17:Coculture:F11:5-FU,random,9,"[4033, 4036, 4054, 4039, 4049, 4045, 4046, 4052, 4051, 4040, 4043, 4055, 4048, 4042, 4034, 4037]"
O17:Coculture:F11:5-FU,random,10,"[4033, 4036, 4054, 4037, 4051, 4049, 4040, 4046, 4039, 4042, 4052, 4055, 4043, 4045, 4034, 4048]"
O17:Coculture:F11:5-FU,random,11,"[4033, 4036, 4054, 4039, 4052, 4048, 4037, 4045, 4049, 4042, 4043, 4055, 4040, 4051, 4046, 4034]"
O17:Coculture:F11:5-FU,random,12,"[4033, 4036, 4054, 4045, 4037, 4042, 4049, 4051, 4046, 4043, 4034, 4052, 4040, 4039, 4055, 4048]"
O17:Coculture:F11:5-FU,random,13,"[4033, 4036, 4054, 4045, 4037, 4043, 4034, 4042, 4046, 4039, 4048, 4040, 4051, 4052, 4049, 4055]"
O17:Coculture:F11:5-FU,random,14,"[4033, 4036, 4054, 4043, 4055, 4051, 4046, 4040, 4049, 4042, 4045, 4034, 4048, 4052, 4037, 4039]"
O17:Coculture:F11:5-FU,random,15,"[4033, 4036, 4054, 4043, 4040, 4048, 4034, 4045, 4046, 4039, 4051, 4052, 4055, 4042, 4049, 4037]"
O17:Coculture:F11:5-FU,random,16,"[4033, 4036, 4054, 4034, 4051, 4042, 4045, 4048, 4052, 4043, 4046, 4040, 4049, 4037, 4055, 4039]"
O17:Coculture:F11:5-FU,random,17,"[4033, 4036, 4054, 4055, 4045, 4049, 4042, 4052, 4046, 4048, 4037, 4034, 4051, 4039, 4043, 4040]"
O17:Coculture:F11:5-FU,random,18,"[4033, 4036, 4054, 4039, 4045, 4043, 4052, 4034, 4046, 4048, 4042, 4051, 4037, 4049, 4055, 4040]"
O17:Coculture:F11:5-FU,random,19,"[4033, 4036, 4054, 4049, 4048, 4046, 4042, 4034, 4051, 4043, 4039, 4055, 4037, 4040, 4052, 4045]"
O17:Coculture:F11:Oxa,space_filling,-1,"[4057, 4060, 4078, 4069, 4075, 4072, 4066, 4063, 4058, 4061, 4064, 4067, 4070, 4073, 4076, 4079]"
O17:Coculture:F11:Oxa,control_first_space,-1,"[4057, 4060, 4078, 4058, 4069, 4075, 4072, 4066, 4063, 4061, 4064, 4067, 4070, 4073, 4076, 4079]"
O17:Coculture:F11:Oxa,random,0,"[4057, 4060, 4078, 4075, 4063, 4070, 4066, 4067, 4079, 4058, 4064, 4069, 4073, 4076, 4072, 4061]"
O17:Coculture:F11:Oxa,random,1,"[4057, 4060, 4078, 4061, 4075, 4070, 4073, 4079, 4066, 4067, 4072, 4058, 4063, 4076, 4069, 4064]"
O17:Coculture:F11:Oxa,random,2,"[4057, 4060, 4078, 4063, 4075, 4070, 4058, 4069, 4073, 4079, 4076, 4067, 4064, 4066, 4072, 4061]"
O17:Coculture:F11:Oxa,random,3,"[4057, 4060, 4078, 4073, 4079, 4063, 4076, 4058, 4061, 4066, 4070, 4069, 4075, 4067, 4064, 4072]"
O17:Coculture:F11:Oxa,random,4,"[4057, 4060, 4078, 4061, 4073, 4058, 4063, 4079, 4070, 4075, 4072, 4069, 4066, 4064, 4067, 4076]"
O17:Coculture:F11:Oxa,random,5,"[4057, 4060, 4078, 4073, 4061, 4064, 4079, 4070, 4063, 4075, 4066, 4069, 4058, 4076, 4067, 4072]"
O17:Coculture:F11:Oxa,random,6,"[4057, 4060, 4078, 4073, 4075, 4076, 4069, 4066, 4063, 4079, 4072, 4064, 4058, 4067, 4070, 4061]"
O17:Coculture:F11:Oxa,random,7,"[4057, 4060, 4078, 4069, 4072, 4058, 4070, 4066, 4061, 4075, 4064, 4079, 4063, 4067, 4073, 4076]"
O17:Coculture:F11:Oxa,random,8,"[4057, 4060, 4078, 4075, 4058, 4064, 4070, 4072, 4061, 4076, 4069, 4079, 4067, 4073, 4063, 4066]"
O17:Coculture:F11:Oxa,random,9,"[4057, 4060, 4078, 4063, 4073, 4069, 4070, 4076, 4075, 4064, 4067, 4079, 4072, 4066, 4058, 4061]"
O17:Coculture:F11:Oxa,random,10,"[4057, 4060, 4078, 4061, 4075, 4073, 4064, 4070, 4063, 4066, 4076, 4079, 4067, 4069, 4058, 4072]"
O17:Coculture:F11:Oxa,random,11,"[4057, 4060, 4078, 4063, 4076, 4072, 4061, 4069, 4073, 4066, 4067, 4079, 4064, 4075, 4070, 4058]"
O17:Coculture:F11:Oxa,random,12,"[4057, 4060, 4078, 4069, 4061, 4066, 4073, 4075, 4070, 4067, 4058, 4076, 4064, 4063, 4079, 4072]"
O17:Coculture:F11:Oxa,random,13,"[4057, 4060, 4078, 4069, 4061, 4067, 4058, 4066, 4070, 4063, 4072, 4064, 4075, 4076, 4073, 4079]"
O17:Coculture:F11:Oxa,random,14,"[4057, 4060, 4078, 4067, 4079, 4075, 4070, 4064, 4073, 4066, 4069, 4058, 4072, 4076, 4061, 4063]"
O17:Coculture:F11:Oxa,random,15,"[4057, 4060, 4078, 4067, 4064, 4072, 4058, 4069, 4070, 4063, 4075, 4076, 4079, 4066, 4073, 4061]"
O17:Coculture:F11:Oxa,random,16,"[4057, 4060, 4078, 4058, 4075, 4066, 4069, 4072, 4076, 4067, 4070, 4064, 4073, 4061, 4079, 4063]"
O17:Coculture:F11:Oxa,random,17,"[4057, 4060, 4078, 4079, 4069, 4073, 4066, 4076, 4070, 4072, 4061, 4058, 4075, 4063, 4067, 4064]"
O17:Coculture:F11:Oxa,random,18,"[4057, 4060, 4078, 4063, 4069, 4067, 4076, 4058, 4070, 4072, 4066, 4075, 4061, 4073, 4079, 4064]"
O17:Coculture:F11:Oxa,random,19,"[4057, 4060, 4078, 4073, 4072, 4070, 4066, 4058, 4075, 4067, 4063, 4079, 4061, 4064, 4076, 4069]"
O17:Monoculture::5-FU,space_filling,-1,"[3745, 3748, 3766, 3757, 3763, 3760, 3754, 3751, 3746, 3749, 3752, 3755, 3758, 3761, 3764, 3767]"
O17:Monoculture::5-FU,control_first_space,-1,"[3745, 3748, 3766, 3746, 3757, 3763, 3760, 3754, 3751, 3749, 3752, 3755, 3758, 3761, 3764, 3767]"
O17:Monoculture::5-FU,random,0,"[3745, 3748, 3766, 3763, 3751, 3758, 3754, 3755, 3767, 3746, 3752, 3757, 3761, 3764, 3760, 3749]"
O17:Monoculture::5-FU,random,1,"[3745, 3748, 3766, 3749, 3763, 3758, 3761, 3767, 3754, 3755, 3760, 3746, 3751, 3764, 3757, 3752]"
O17:Monoculture::5-FU,random,2,"[3745, 3748, 3766, 3751, 3763, 3758, 3746, 3757, 3761, 3767, 3764, 3755, 3752, 3754, 3760, 3749]"
O17:Monoculture::5-FU,random,3,"[3745, 3748, 3766, 3761, 3767, 3751, 3764, 3746, 3749, 3754, 3758, 3757, 3763, 3755, 3752, 3760]"
O17:Monoculture::5-FU,random,4,"[3745, 3748, 3766, 3749, 3761, 3746, 3751, 3767, 3758, 3763, 3760, 3757, 3754, 3752, 3755, 3764]"
O17:Monoculture::5-FU,random,5,"[3745, 3748, 3766, 3761, 3749, 3752, 3767, 3758, 3751, 3763, 3754, 3757, 3746, 3764, 3755, 3760]"
O17:Monoculture::5-FU,random,6,"[3745, 3748, 3766, 3761, 3763, 3764, 3757, 3754, 3751, 3767, 3760, 3752, 3746, 3755, 3758, 3749]"
O17:Monoculture::5-FU,random,7,"[3745, 3748, 3766, 3757, 3760, 3746, 3758, 3754, 3749, 3763, 3752, 3767, 3751, 3755, 3761, 3764]"
O17:Monoculture::5-FU,random,8,"[3745, 3748, 3766, 3763, 3746, 3752, 3758, 3760, 3749, 3764, 3757, 3767, 3755, 3761, 3751, 3754]"
O17:Monoculture::5-FU,random,9,"[3745, 3748, 3766, 3751, 3761, 3757, 3758, 3764, 3763, 3752, 3755, 3767, 3760, 3754, 3746, 3749]"
O17:Monoculture::5-FU,random,10,"[3745, 3748, 3766, 3749, 3763, 3761, 3752, 3758, 3751, 3754, 3764, 3767, 3755, 3757, 3746, 3760]"
O17:Monoculture::5-FU,random,11,"[3745, 3748, 3766, 3751, 3764, 3760, 3749, 3757, 3761, 3754, 3755, 3767, 3752, 3763, 3758, 3746]"
O17:Monoculture::5-FU,random,12,"[3745, 3748, 3766, 3757, 3749, 3754, 3761, 3763, 3758, 3755, 3746, 3764, 3752, 3751, 3767, 3760]"
O17:Monoculture::5-FU,random,13,"[3745, 3748, 3766, 3757, 3749, 3755, 3746, 3754, 3758, 3751, 3760, 3752, 3763, 3764, 3761, 3767]"
O17:Monoculture::5-FU,random,14,"[3745, 3748, 3766, 3755, 3767, 3763, 3758, 3752, 3761, 3754, 3757, 3746, 3760, 3764, 3749, 3751]"
O17:Monoculture::5-FU,random,15,"[3745, 3748, 3766, 3755, 3752, 3760, 3746, 3757, 3758, 3751, 3763, 3764, 3767, 3754, 3761, 3749]"
O17:Monoculture::5-FU,random,16,"[3745, 3748, 3766, 3746, 3763, 3754, 3757, 3760, 3764, 3755, 3758, 3752, 3761, 3749, 3767, 3751]"
O17:Monoculture::5-FU,random,17,"[3745, 3748, 3766, 3767, 3757, 3761, 3754, 3764, 3758, 3760, 3749, 3746, 3763, 3751, 3755, 3752]"
O17:Monoculture::5-FU,random,18,"[3745, 3748, 3766, 3751, 3757, 3755, 3764, 3746, 3758, 3760, 3754, 3763, 3749, 3761, 3767, 3752]"
O17:Monoculture::5-FU,random,19,"[3745, 3748, 3766, 3761, 3760, 3758, 3754, 3746, 3763, 3755, 3751, 3767, 3749, 3752, 3764, 3757]"
O18:Coculture:F20:Oxa,space_filling,-1,"[4345, 4348, 4366, 4357, 4363, 4360, 4354, 4351, 4346, 4349, 4352, 4355, 4358, 4361, 4364, 4367]"
O18:Coculture:F20:Oxa,control_first_space,-1,"[4345, 4348, 4366, 4346, 4357, 4363, 4360, 4354, 4351, 4349, 4352, 4355, 4358, 4361, 4364, 4367]"
O18:Coculture:F20:Oxa,random,0,"[4345, 4348, 4366, 4363, 4351, 4358, 4354, 4355, 4367, 4346, 4352, 4357, 4361, 4364, 4360, 4349]"
O18:Coculture:F20:Oxa,random,1,"[4345, 4348, 4366, 4349, 4363, 4358, 4361, 4367, 4354, 4355, 4360, 4346, 4351, 4364, 4357, 4352]"
O18:Coculture:F20:Oxa,random,2,"[4345, 4348, 4366, 4351, 4363, 4358, 4346, 4357, 4361, 4367, 4364, 4355, 4352, 4354, 4360, 4349]"
O18:Coculture:F20:Oxa,random,3,"[4345, 4348, 4366, 4361, 4367, 4351, 4364, 4346, 4349, 4354, 4358, 4357, 4363, 4355, 4352, 4360]"
O18:Coculture:F20:Oxa,random,4,"[4345, 4348, 4366, 4349, 4361, 4346, 4351, 4367, 4358, 4363, 4360, 4357, 4354, 4352, 4355, 4364]"
O18:Coculture:F20:Oxa,random,5,"[4345, 4348, 4366, 4361, 4349, 4352, 4367, 4358, 4351, 4363, 4354, 4357, 4346, 4364, 4355, 4360]"
O18:Coculture:F20:Oxa,random,6,"[4345, 4348, 4366, 4361, 4363, 4364, 4357, 4354, 4351, 4367, 4360, 4352, 4346, 4355, 4358, 4349]"
O18:Coculture:F20:Oxa,random,7,"[4345, 4348, 4366, 4357, 4360, 4346, 4358, 4354, 4349, 4363, 4352, 4367, 4351, 4355, 4361, 4364]"
O18:Coculture:F20:Oxa,random,8,"[4345, 4348, 4366, 4363, 4346, 4352, 4358, 4360, 4349, 4364, 4357, 4367, 4355, 4361, 4351, 4354]"
O18:Coculture:F20:Oxa,random,9,"[4345, 4348, 4366, 4351, 4361, 4357, 4358, 4364, 4363, 4352, 4355, 4367, 4360, 4354, 4346, 4349]"
O18:Coculture:F20:Oxa,random,10,"[4345, 4348, 4366, 4349, 4363, 4361, 4352, 4358, 4351, 4354, 4364, 4367, 4355, 4357, 4346, 4360]"
O18:Coculture:F20:Oxa,random,11,"[4345, 4348, 4366, 4351, 4364, 4360, 4349, 4357, 4361, 4354, 4355, 4367, 4352, 4363, 4358, 4346]"
O18:Coculture:F20:Oxa,random,12,"[4345, 4348, 4366, 4357, 4349, 4354, 4361, 4363, 4358, 4355, 4346, 4364, 4352, 4351, 4367, 4360]"
O18:Coculture:F20:Oxa,random,13,"[4345, 4348, 4366, 4357, 4349, 4355, 4346, 4354, 4358, 4351, 4360, 4352, 4363, 4364, 4361, 4367]"
O18:Coculture:F20:Oxa,random,14,"[4345, 4348, 4366, 4355, 4367, 4363, 4358, 4352, 4361, 4354, 4357, 4346, 4360, 4364, 4349, 4351]"
O18:Coculture:F20:Oxa,random,15,"[4345, 4348, 4366, 4355, 4352, 4360, 4346, 4357, 4358, 4351, 4363, 4364, 4367, 4354, 4361, 4349]"
O18:Coculture:F20:Oxa,random,16,"[4345, 4348, 4366, 4346, 4363, 4354, 4357, 4360, 4364, 4355, 4358, 4352, 4361, 4349, 4367, 4351]"
O18:Coculture:F20:Oxa,random,17,"[4345, 4348, 4366, 4367, 4357, 4361, 4354, 4364, 4358, 4360, 4349, 4346, 4363, 4351, 4355, 4352]"
O18:Coculture:F20:Oxa,random,18,"[4345, 4348, 4366, 4351, 4357, 4355, 4364, 4346, 4358, 4360, 4354, 4363, 4349, 4361, 4367, 4352]"
O18:Coculture:F20:Oxa,random,19,"[4345, 4348, 4366, 4361, 4360, 4358, 4354, 4346, 4363, 4355, 4351, 4367, 4349, 4352, 4364, 4357]"
O18:Monoculture::5-FU,space_filling,-1,"[4225, 4228, 4246, 4237, 4243, 4240, 4234, 4231, 4226, 4229, 4232, 4235, 4238, 4241, 4244, 4247]"
O18:Monoculture::5-FU,control_first_space,-1,"[4225, 4228, 4246, 4226, 4237, 4243, 4240, 4234, 4231, 4229, 4232, 4235, 4238, 4241, 4244, 4247]"
O18:Monoculture::5-FU,random,0,"[4225, 4228, 4246, 4243, 4231, 4238, 4234, 4235, 4247, 4226, 4232, 4237, 4241, 4244, 4240, 4229]"
O18:Monoculture::5-FU,random,1,"[4225, 4228, 4246, 4229, 4243, 4238, 4241, 4247, 4234, 4235, 4240, 4226, 4231, 4244, 4237, 4232]"
O18:Monoculture::5-FU,random,2,"[4225, 4228, 4246, 4231, 4243, 4238, 4226, 4237, 4241, 4247, 4244, 4235, 4232, 4234, 4240, 4229]"
O18:Monoculture::5-FU,random,3,"[4225, 4228, 4246, 4241, 4247, 4231, 4244, 4226, 4229, 4234, 4238, 4237, 4243, 4235, 4232, 4240]"
O18:Monoculture::5-FU,random,4,"[4225, 4228, 4246, 4229, 4241, 4226, 4231, 4247, 4238, 4243, 4240, 4237, 4234, 4232, 4235, 4244]"
O18:Monoculture::5-FU,random,5,"[4225, 4228, 4246, 4241, 4229, 4232, 4247, 4238, 4231, 4243, 4234, 4237, 4226, 4244, 4235, 4240]"
O18:Monoculture::5-FU,random,6,"[4225, 4228, 4246, 4241, 4243, 4244, 4237, 4234, 4231, 4247, 4240, 4232, 4226, 4235, 4238, 4229]"
O18:Monoculture::5-FU,random,7,"[4225, 4228, 4246, 4237, 4240, 4226, 4238, 4234, 4229, 4243, 4232, 4247, 4231, 4235, 4241, 4244]"
O18:Monoculture::5-FU,random,8,"[4225, 4228, 4246, 4243, 4226, 4232, 4238, 4240, 4229, 4244, 4237, 4247, 4235, 4241, 4231, 4234]"
O18:Monoculture::5-FU,random,9,"[4225, 4228, 4246, 4231, 4241, 4237, 4238, 4244, 4243, 4232, 4235, 4247, 4240, 4234, 4226, 4229]"
O18:Monoculture::5-FU,random,10,"[4225, 4228, 4246, 4229, 4243, 4241, 4232, 4238, 4231, 4234, 4244, 4247, 4235, 4237, 4226, 4240]"
O18:Monoculture::5-FU,random,11,"[4225, 4228, 4246, 4231, 4244, 4240, 4229, 4237, 4241, 4234, 4235, 4247, 4232, 4243, 4238, 4226]"
O18:Monoculture::5-FU,random,12,"[4225, 4228, 4246, 4237, 4229, 4234, 4241, 4243, 4238, 4235, 4226, 4244, 4232, 4231, 4247, 4240]"
O18:Monoculture::5-FU,random,13,"[4225, 4228, 4246, 4237, 4229, 4235, 4226, 4234, 4238, 4231, 4240, 4232, 4243, 4244, 4241, 4247]"
O18:Monoculture::5-FU,random,14,"[4225, 4228, 4246, 4235, 4247, 4243, 4238, 4232, 4241, 4234, 4237, 4226, 4240, 4244, 4229, 4231]"
O18:Monoculture::5-FU,random,15,"[4225, 4228, 4246, 4235, 4232, 4240, 4226, 4237, 4238, 4231, 4243, 4244, 4247, 4234, 4241, 4229]"
O18:Monoculture::5-FU,random,16,"[4225, 4228, 4246, 4226, 4243, 4234, 4237, 4240, 4244, 4235, 4238, 4232, 4241, 4229, 4247, 4231]"
O18:Monoculture::5-FU,random,17,"[4225, 4228, 4246, 4247, 4237, 4241, 4234, 4244, 4238, 4240, 4229, 4226, 4243, 4231, 4235, 4232]"
O18:Monoculture::5-FU,random,18,"[4225, 4228, 4246, 4231, 4237, 4235, 4244, 4226, 4238, 4240, 4234, 4243, 4229, 4241, 4247, 4232]"
O18:Monoculture::5-FU,random,19,"[4225, 4228, 4246, 4241, 4240, 4238, 4234, 4226, 4243, 4235, 4231, 4247, 4229, 4232, 4244, 4237]"
O19:Coculture:F19:SN-38,space_filling,-1,"[4561, 4564, 4582, 4573, 4579, 4576, 4570, 4567, 4562, 4565, 4568, 4571, 4574, 4577, 4580, 4583]"
O19:Coculture:F19:SN-38,control_first_space,-1,"[4561, 4564, 4582, 4562, 4573, 4579, 4576, 4570, 4567, 4565, 4568, 4571, 4574, 4577, 4580, 4583]"
O19:Coculture:F19:SN-38,random,0,"[4561, 4564, 4582, 4579, 4567, 4574, 4570, 4571, 4583, 4562, 4568, 4573, 4577, 4580, 4576, 4565]"
O19:Coculture:F19:SN-38,random,1,"[4561, 4564, 4582, 4565, 4579, 4574, 4577, 4583, 4570, 4571, 4576, 4562, 4567, 4580, 4573, 4568]"
O19:Coculture:F19:SN-38,random,2,"[4561, 4564, 4582, 4567, 4579, 4574, 4562, 4573, 4577, 4583, 4580, 4571, 4568, 4570, 4576, 4565]"
O19:Coculture:F19:SN-38,random,3,"[4561, 4564, 4582, 4577, 4583, 4567, 4580, 4562, 4565, 4570, 4574, 4573, 4579, 4571, 4568, 4576]"
O19:Coculture:F19:SN-38,random,4,"[4561, 4564, 4582, 4565, 4577, 4562, 4567, 4583, 4574, 4579, 4576, 4573, 4570, 4568, 4571, 4580]"
O19:Coculture:F19:SN-38,random,5,"[4561, 4564, 4582, 4577, 4565, 4568, 4583, 4574, 4567, 4579, 4570, 4573, 4562, 4580, 4571, 4576]"
O19:Coculture:F19:SN-38,random,6,"[4561, 4564, 4582, 4577, 4579, 4580, 4573, 4570, 4567, 4583, 4576, 4568, 4562, 4571, 4574, 4565]"
O19:Coculture:F19:SN-38,random,7,"[4561, 4564, 4582, 4573, 4576, 4562, 4574, 4570, 4565, 4579, 4568, 4583, 4567, 4571, 4577, 4580]"
O19:Coculture:F19:SN-38,random,8,"[4561, 4564, 4582, 4579, 4562, 4568, 4574, 4576, 4565, 4580, 4573, 4583, 4571, 4577, 4567, 4570]"
O19:Coculture:F19:SN-38,random,9,"[4561, 4564, 4582, 4567, 4577, 4573, 4574, 4580, 4579, 4568, 4571, 4583, 4576, 4570, 4562, 4565]"
O19:Coculture:F19:SN-38,random,10,"[4561, 4564, 4582, 4565, 4579, 4577, 4568, 4574, 4567, 4570, 4580, 4583, 4571, 4573, 4562, 4576]"
O19:Coculture:F19:SN-38,random,11,"[4561, 4564, 4582, 4567, 4580, 4576, 4565, 4573, 4577, 4570, 4571, 4583, 4568, 4579, 4574, 4562]"
O19:Coculture:F19:SN-38,random,12,"[4561, 4564, 4582, 4573, 4565, 4570, 4577, 4579, 4574, 4571, 4562, 4580, 4568, 4567, 4583, 4576]"
O19:Coculture:F19:SN-38,random,13,"[4561, 4564, 4582, 4573, 4565, 4571, 4562, 4570, 4574, 4567, 4576, 4568, 4579, 4580, 4577, 4583]"
O19:Coculture:F19:SN-38,random,14,"[4561, 4564, 4582, 4571, 4583, 4579, 4574, 4568, 4577, 4570, 4573, 4562, 4576, 4580, 4565, 4567]"
O19:Coculture:F19:SN-38,random,15,"[4561, 4564, 4582, 4571, 4568, 4576, 4562, 4573, 4574, 4567, 4579, 4580, 4583, 4570, 4577, 4565]"
O19:Coculture:F19:SN-38,random,16,"[4561, 4564, 4582, 4562, 4579, 4570, 4573, 4576, 4580, 4571, 4574, 4568, 4577, 4565, 4583, 4567]"
O19:Coculture:F19:SN-38,random,17,"[4561, 4564, 4582, 4583, 4573, 4577, 4570, 4580, 4574, 4576, 4565, 4562, 4579, 4567, 4571, 4568]"
O19:Coculture:F19:SN-38,random,18,"[4561, 4564, 4582, 4567, 4573, 4571, 4580, 4562, 4574, 4576, 4570, 4579, 4565, 4577, 4583, 4568]"
O19:Coculture:F19:SN-38,random,19,"[4561, 4564, 4582, 4577, 4576, 4574, 4570, 4562, 4579, 4571, 4567, 4583, 4565, 4568, 4580, 4573]"
O19:Monoculture::5-FU,space_filling,-1,"[4417, 4420, 4438, 4429, 4435, 4432, 4426, 4423, 4418, 4421, 4424, 4427, 4430, 4433, 4436, 4439]"
O19:Monoculture::5-FU,control_first_space,-1,"[4417, 4420, 4438, 4418, 4429, 4435, 4432, 4426, 4423, 4421, 4424, 4427, 4430, 4433, 4436, 4439]"
O19:Monoculture::5-FU,random,0,"[4417, 4420, 4438, 4435, 4423, 4430, 4426, 4427, 4439, 4418, 4424, 4429, 4433, 4436, 4432, 4421]"
O19:Monoculture::5-FU,random,1,"[4417, 4420, 4438, 4421, 4435, 4430, 4433, 4439, 4426, 4427, 4432, 4418, 4423, 4436, 4429, 4424]"
O19:Monoculture::5-FU,random,2,"[4417, 4420, 4438, 4423, 4435, 4430, 4418, 4429, 4433, 4439, 4436, 4427, 4424, 4426, 4432, 4421]"
O19:Monoculture::5-FU,random,3,"[4417, 4420, 4438, 4433, 4439, 4423, 4436, 4418, 4421, 4426, 4430, 4429, 4435, 4427, 4424, 4432]"
O19:Monoculture::5-FU,random,4,"[4417, 4420, 4438, 4421, 4433, 4418, 4423, 4439, 4430, 4435, 4432, 4429, 4426, 4424, 4427, 4436]"
O19:Monoculture::5-FU,random,5,"[4417, 4420, 4438, 4433, 4421, 4424, 4439, 4430, 4423, 4435, 4426, 4429, 4418, 4436, 4427, 4432]"
O19:Monoculture::5-FU,random,6,"[4417, 4420, 4438, 4433, 4435, 4436, 4429, 4426, 4423, 4439, 4432, 4424, 4418, 4427, 4430, 4421]"
O19:Monoculture::5-FU,random,7,"[4417, 4420, 4438, 4429, 4432, 4418, 4430, 4426, 4421, 4435, 4424, 4439, 4423, 4427, 4433, 4436]"
O19:Monoculture::5-FU,random,8,"[4417, 4420, 4438, 4435, 4418, 4424, 4430, 4432, 4421, 4436, 4429, 4439, 4427, 4433, 4423, 4426]"
O19:Monoculture::5-FU,random,9,"[4417, 4420, 4438, 4423, 4433, 4429, 4430, 4436, 4435, 4424, 4427, 4439, 4432, 4426, 4418, 4421]"
O19:Monoculture::5-FU,random,10,"[4417, 4420, 4438, 4421, 4435, 4433, 4424, 4430, 4423, 4426, 4436, 4439, 4427, 4429, 4418, 4432]"
O19:Monoculture::5-FU,random,11,"[4417, 4420, 4438, 4423, 4436, 4432, 4421, 4429, 4433, 4426, 4427, 4439, 4424, 4435, 4430, 4418]"
O19:Monoculture::5-FU,random,12,"[4417, 4420, 4438, 4429, 4421, 4426, 4433, 4435, 4430, 4427, 4418, 4436, 4424, 4423, 4439, 4432]"
O19:Monoculture::5-FU,random,13,"[4417, 4420, 4438, 4429, 4421, 4427, 4418, 4426, 4430, 4423, 4432, 4424, 4435, 4436, 4433, 4439]"
O19:Monoculture::5-FU,random,14,"[4417, 4420, 4438, 4427, 4439, 4435, 4430, 4424, 4433, 4426, 4429, 4418, 4432, 4436, 4421, 4423]"
O19:Monoculture::5-FU,random,15,"[4417, 4420, 4438, 4427, 4424, 4432, 4418, 4429, 4430, 4423, 4435, 4436, 4439, 4426, 4433, 4421]"
O19:Monoculture::5-FU,random,16,"[4417, 4420, 4438, 4418, 4435, 4426, 4429, 4432, 4436, 4427, 4430, 4424, 4433, 4421, 4439, 4423]"
O19:Monoculture::5-FU,random,17,"[4417, 4420, 4438, 4439, 4429, 4433, 4426, 4436, 4430, 4432, 4421, 4418, 4435, 4423, 4427, 4424]"
O19:Monoculture::5-FU,random,18,"[4417, 4420, 4438, 4423, 4429, 4427, 4436, 4418, 4430, 4432, 4426, 4435, 4421, 4433, 4439, 4424]"
O19:Monoculture::5-FU,random,19,"[4417, 4420, 4438, 4433, 4432, 4430, 4426, 4418, 4435, 4427, 4423, 4439, 4421, 4424, 4436, 4429]"
O19:Monoculture::Oxa,space_filling,-1,"[4441, 4444, 4462, 4453, 4459, 4456, 4450, 4447, 4442, 4445, 4448, 4451, 4454, 4457, 4460, 4463]"
O19:Monoculture::Oxa,control_first_space,-1,"[4441, 4444, 4462, 4442, 4453, 4459, 4456, 4450, 4447, 4445, 4448, 4451, 4454, 4457, 4460, 4463]"
O19:Monoculture::Oxa,random,0,"[4441, 4444, 4462, 4459, 4447, 4454, 4450, 4451, 4463, 4442, 4448, 4453, 4457, 4460, 4456, 4445]"
O19:Monoculture::Oxa,random,1,"[4441, 4444, 4462, 4445, 4459, 4454, 4457, 4463, 4450, 4451, 4456, 4442, 4447, 4460, 4453, 4448]"
O19:Monoculture::Oxa,random,2,"[4441, 4444, 4462, 4447, 4459, 4454, 4442, 4453, 4457, 4463, 4460, 4451, 4448, 4450, 4456, 4445]"
O19:Monoculture::Oxa,random,3,"[4441, 4444, 4462, 4457, 4463, 4447, 4460, 4442, 4445, 4450, 4454, 4453, 4459, 4451, 4448, 4456]"
O19:Monoculture::Oxa,random,4,"[4441, 4444, 4462, 4445, 4457, 4442, 4447, 4463, 4454, 4459, 4456, 4453, 4450, 4448, 4451, 4460]"
O19:Monoculture::Oxa,random,5,"[4441, 4444, 4462, 4457, 4445, 4448, 4463, 4454, 4447, 4459, 4450, 4453, 4442, 4460, 4451, 4456]"
O19:Monoculture::Oxa,random,6,"[4441, 4444, 4462, 4457, 4459, 4460, 4453, 4450, 4447, 4463, 4456, 4448, 4442, 4451, 4454, 4445]"
O19:Monoculture::Oxa,random,7,"[4441, 4444, 4462, 4453, 4456, 4442, 4454, 4450, 4445, 4459, 4448, 4463, 4447, 4451, 4457, 4460]"
O19:Monoculture::Oxa,random,8,"[4441, 4444, 4462, 4459, 4442, 4448, 4454, 4456, 4445, 4460, 4453, 4463, 4451, 4457, 4447, 4450]"
O19:Monoculture::Oxa,random,9,"[4441, 4444, 4462, 4447, 4457, 4453, 4454, 4460, 4459, 4448, 4451, 4463, 4456, 4450, 4442, 4445]"
O19:Monoculture::Oxa,random,10,"[4441, 4444, 4462, 4445, 4459, 4457, 4448, 4454, 4447, 4450, 4460, 4463, 4451, 4453, 4442, 4456]"
O19:Monoculture::Oxa,random,11,"[4441, 4444, 4462, 4447, 4460, 4456, 4445, 4453, 4457, 4450, 4451, 4463, 4448, 4459, 4454, 4442]"
O19:Monoculture::Oxa,random,12,"[4441, 4444, 4462, 4453, 4445, 4450, 4457, 4459, 4454, 4451, 4442, 4460, 4448, 4447, 4463, 4456]"
O19:Monoculture::Oxa,random,13,"[4441, 4444, 4462, 4453, 4445, 4451, 4442, 4450, 4454, 4447, 4456, 4448, 4459, 4460, 4457, 4463]"
O19:Monoculture::Oxa,random,14,"[4441, 4444, 4462, 4451, 4463, 4459, 4454, 4448, 4457, 4450, 4453, 4442, 4456, 4460, 4445, 4447]"
O19:Monoculture::Oxa,random,15,"[4441, 4444, 4462, 4451, 4448, 4456, 4442, 4453, 4454, 4447, 4459, 4460, 4463, 4450, 4457, 4445]"
O19:Monoculture::Oxa,random,16,"[4441, 4444, 4462, 4442, 4459, 4450, 4453, 4456, 4460, 4451, 4454, 4448, 4457, 4445, 4463, 4447]"
O19:Monoculture::Oxa,random,17,"[4441, 4444, 4462, 4463, 4453, 4457, 4450, 4460, 4454, 4456, 4445, 4442, 4459, 4447, 4451, 4448]"
O19:Monoculture::Oxa,random,18,"[4441, 4444, 4462, 4447, 4453, 4451, 4460, 4442, 4454, 4456, 4450, 4459, 4445, 4457, 4463, 4448]"
O19:Monoculture::Oxa,random,19,"[4441, 4444, 4462, 4457, 4456, 4454, 4450, 4442, 4459, 4451, 4447, 4463, 4445, 4448, 4460, 4453]"
O20:Coculture:F20:5-FU,space_filling,-1,"[4709, 4712, 4730, 4721, 4727, 4724, 4718, 4715, 4710, 4713, 4716, 4719, 4722, 4725, 4728, 4731]"
O20:Coculture:F20:5-FU,control_first_space,-1,"[4709, 4712, 4730, 4710, 4721, 4727, 4724, 4718, 4715, 4713, 4716, 4719, 4722, 4725, 4728, 4731]"
O20:Coculture:F20:5-FU,random,0,"[4709, 4712, 4730, 4727, 4715, 4722, 4718, 4719, 4731, 4710, 4716, 4721, 4725, 4728, 4724, 4713]"
O20:Coculture:F20:5-FU,random,1,"[4709, 4712, 4730, 4713, 4727, 4722, 4725, 4731, 4718, 4719, 4724, 4710, 4715, 4728, 4721, 4716]"
O20:Coculture:F20:5-FU,random,2,"[4709, 4712, 4730, 4715, 4727, 4722, 4710, 4721, 4725, 4731, 4728, 4719, 4716, 4718, 4724, 4713]"
O20:Coculture:F20:5-FU,random,3,"[4709, 4712, 4730, 4725, 4731, 4715, 4728, 4710, 4713, 4718, 4722, 4721, 4727, 4719, 4716, 4724]"
O20:Coculture:F20:5-FU,random,4,"[4709, 4712, 4730, 4713, 4725, 4710, 4715, 4731, 4722, 4727, 4724, 4721, 4718, 4716, 4719, 4728]"
O20:Coculture:F20:5-FU,random,5,"[4709, 4712, 4730, 4725, 4713, 4716, 4731, 4722, 4715, 4727, 4718, 4721, 4710, 4728, 4719, 4724]"
O20:Coculture:F20:5-FU,random,6,"[4709, 4712, 4730, 4725, 4727, 4728, 4721, 4718, 4715, 4731, 4724, 4716, 4710, 4719, 4722, 4713]"
O20:Coculture:F20:5-FU,random,7,"[4709, 4712, 4730, 4721, 4724, 4710, 4722, 4718, 4713, 4727, 4716, 4731, 4715, 4719, 4725, 4728]"
O20:Coculture:F20:5-FU,random,8,"[4709, 4712, 4730, 4727, 4710, 4716, 4722, 4724, 4713, 4728, 4721, 4731, 4719, 4725, 4715, 4718]"
O20:Coculture:F20:5-FU,random,9,"[4709, 4712, 4730, 4715, 4725, 4721, 4722, 4728, 4727, 4716, 4719, 4731, 4724, 4718, 4710, 4713]"
O20:Coculture:F20:5-FU,random,10,"[4709, 4712, 4730, 4713, 4727, 4725, 4716, 4722, 4715, 4718, 4728, 4731, 4719, 4721, 4710, 4724]"
O20:Coculture:F20:5-FU,random,11,"[4709, 4712, 4730, 4715, 4728, 4724, 4713, 4721, 4725, 4718, 4719, 4731, 4716, 4727, 4722, 4710]"
O20:Coculture:F20:5-FU,random,12,"[4709, 4712, 4730, 4721, 4713, 4718, 4725, 4727, 4722, 4719, 4710, 4728, 4716, 4715, 4731, 4724]"
O20:Coculture:F20:5-FU,random,13,"[4709, 4712, 4730, 4721, 4713, 4719, 4710, 4718, 4722, 4715, 4724, 4716, 4727, 4728, 4725, 4731]"
O20:Coculture:F20:5-FU,random,14,"[4709, 4712, 4730, 4719, 4731, 4727, 4722, 4716, 4725, 4718, 4721, 4710, 4724, 4728, 4713, 4715]"
O20:Coculture:F20:5-FU,random,15,"[4709, 4712, 4730, 4719, 4716, 4724, 4710, 4721, 4722, 4715, 4727, 4728, 4731, 4718, 4725, 4713]"
O20:Coculture:F20:5-FU,random,16,"[4709, 4712, 4730, 4710, 4727, 4718, 4721, 4724, 4728, 4719, 4722, 4716, 4725, 4713, 4731, 4715]"
O20:Coculture:F20:5-FU,random,17,"[4709, 4712, 4730, 4731, 4721, 4725, 4718, 4728, 4722, 4724, 4713, 4710, 4727, 4715, 4719, 4716]"
O20:Coculture:F20:5-FU,random,18,"[4709, 4712, 4730, 4715, 4721, 4719, 4728, 4710, 4722, 4724, 4718, 4727, 4713, 4725, 4731, 4716]"
O20:Coculture:F20:5-FU,random,19,"[4709, 4712, 4730, 4725, 4724, 4722, 4718, 4710, 4727, 4719, 4715, 4731, 4713, 4716, 4728, 4721]"
O21:Coculture:F14:5-FU,space_filling,-1,"[4904, 4907, 4925, 4916, 4922, 4919, 4913, 4910, 4905, 4908, 4911, 4914, 4917, 4920, 4923, 4926]"
O21:Coculture:F14:5-FU,control_first_space,-1,"[4904, 4907, 4925, 4905, 4916, 4922, 4919, 4913, 4910, 4908, 4911, 4914, 4917, 4920, 4923, 4926]"
O21:Coculture:F14:5-FU,random,0,"[4904, 4907, 4925, 4922, 4910, 4917, 4913, 4914, 4926, 4905, 4911, 4916, 4920, 4923, 4919, 4908]"
O21:Coculture:F14:5-FU,random,1,"[4904, 4907, 4925, 4908, 4922, 4917, 4920, 4926, 4913, 4914, 4919, 4905, 4910, 4923, 4916, 4911]"
O21:Coculture:F14:5-FU,random,2,"[4904, 4907, 4925, 4910, 4922, 4917, 4905, 4916, 4920, 4926, 4923, 4914, 4911, 4913, 4919, 4908]"
O21:Coculture:F14:5-FU,random,3,"[4904, 4907, 4925, 4920, 4926, 4910, 4923, 4905, 4908, 4913, 4917, 4916, 4922, 4914, 4911, 4919]"
O21:Coculture:F14:5-FU,random,4,"[4904, 4907, 4925, 4908, 4920, 4905, 4910, 4926, 4917, 4922, 4919, 4916, 4913, 4911, 4914, 4923]"
O21:Coculture:F14:5-FU,random,5,"[4904, 4907, 4925, 4920, 4908, 4911, 4926, 4917, 4910, 4922, 4913, 4916, 4905, 4923, 4914, 4919]"
O21:Coculture:F14:5-FU,random,6,"[4904, 4907, 4925, 4920, 4922, 4923, 4916, 4913, 4910, 4926, 4919, 4911, 4905, 4914, 4917, 4908]"
O21:Coculture:F14:5-FU,random,7,"[4904, 4907, 4925, 4916, 4919, 4905, 4917, 4913, 4908, 4922, 4911, 4926, 4910, 4914, 4920, 4923]"
O21:Coculture:F14:5-FU,random,8,"[4904, 4907, 4925, 4922, 4905, 4911, 4917, 4919, 4908, 4923, 4916, 4926, 4914, 4920, 4910, 4913]"
O21:Coculture:F14:5-FU,random,9,"[4904, 4907, 4925, 4910, 4920, 4916, 4917, 4923, 4922, 4911, 4914, 4926, 4919, 4913, 4905, 4908]"
O21:Coculture:F14:5-FU,random,10,"[4904, 4907, 4925, 4908, 4922, 4920, 4911, 4917, 4910, 4913, 4923, 4926, 4914, 4916, 4905, 4919]"
O21:Coculture:F14:5-FU,random,11,"[4904, 4907, 4925, 4910, 4923, 4919, 4908, 4916, 4920, 4913, 4914, 4926, 4911, 4922, 4917, 4905]"
O21:Coculture:F14:5-FU,random,12,"[4904, 4907, 4925, 4916, 4908, 4913, 4920, 4922, 4917, 4914, 4905, 4923, 4911, 4910, 4926, 4919]"
O21:Coculture:F14:5-FU,random,13,"[4904, 4907, 4925, 4916, 4908, 4914, 4905, 4913, 4917, 4910, 4919, 4911, 4922, 4923, 4920, 4926]"
O21:Coculture:F14:5-FU,random,14,"[4904, 4907, 4925, 4914, 4926, 4922, 4917, 4911, 4920, 4913, 4916, 4905, 4919, 4923, 4908, 4910]"
O21:Coculture:F14:5-FU,random,15,"[4904, 4907, 4925, 4914, 4911, 4919, 4905, 4916, 4917, 4910, 4922, 4923, 4926, 4913, 4920, 4908]"
O21:Coculture:F14:5-FU,random,16,"[4904, 4907, 4925, 4905, 4922, 4913, 4916, 4919, 4923, 4914, 4917, 4911, 4920, 4908, 4926, 4910]"
O21:Coculture:F14:5-FU,random,17,"[4904, 4907, 4925, 4926, 4916, 4920, 4913, 4923, 4917, 4919, 4908, 4905, 4922, 4910, 4914, 4911]"
O21:Coculture:F14:5-FU,random,18,"[4904, 4907, 4925, 4910, 4916, 4914, 4923, 4905, 4917, 4919, 4913, 4922, 4908, 4920, 4926, 4911]"
O21:Coculture:F14:5-FU,random,19,"[4904, 4907, 4925, 4920, 4919, 4917, 4913, 4905, 4922, 4914, 4910, 4926, 4908, 4911, 4923, 4916]"
O21:Coculture:F14:Oxa,space_filling,-1,"[4928, 4931, 4949, 4940, 4946, 4943, 4937, 4934, 4929, 4932, 4935, 4938, 4941, 4944, 4947, 4950]"
O21:Coculture:F14:Oxa,control_first_space,-1,"[4928, 4931, 4949, 4929, 4940, 4946, 4943, 4937, 4934, 4932, 4935, 4938, 4941, 4944, 4947, 4950]"
O21:Coculture:F14:Oxa,random,0,"[4928, 4931, 4949, 4946, 4934, 4941, 4937, 4938, 4950, 4929, 4935, 4940, 4944, 4947, 4943, 4932]"
O21:Coculture:F14:Oxa,random,1,"[4928, 4931, 4949, 4932, 4946, 4941, 4944, 4950, 4937, 4938, 4943, 4929, 4934, 4947, 4940, 4935]"
O21:Coculture:F14:Oxa,random,2,"[4928, 4931, 4949, 4934, 4946, 4941, 4929, 4940, 4944, 4950, 4947, 4938, 4935, 4937, 4943, 4932]"
O21:Coculture:F14:Oxa,random,3,"[4928, 4931, 4949, 4944, 4950, 4934, 4947, 4929, 4932, 4937, 4941, 4940, 4946, 4938, 4935, 4943]"
O21:Coculture:F14:Oxa,random,4,"[4928, 4931, 4949, 4932, 4944, 4929, 4934, 4950, 4941, 4946, 4943, 4940, 4937, 4935, 4938, 4947]"
O21:Coculture:F14:Oxa,random,5,"[4928, 4931, 4949, 4944, 4932, 4935, 4950, 4941, 4934, 4946, 4937, 4940, 4929, 4947, 4938, 4943]"
O21:Coculture:F14:Oxa,random,6,"[4928, 4931, 4949, 4944, 4946, 4947, 4940, 4937, 4934, 4950, 4943, 4935, 4929, 4938, 4941, 4932]"
O21:Coculture:F14:Oxa,random,7,"[4928, 4931, 4949, 4940, 4943, 4929, 4941, 4937, 4932, 4946, 4935, 4950, 4934, 4938, 4944, 4947]"
O21:Coculture:F14:Oxa,random,8,"[4928, 4931, 4949, 4946, 4929, 4935, 4941, 4943, 4932, 4947, 4940, 4950, 4938, 4944, 4934, 4937]"
O21:Coculture:F14:Oxa,random,9,"[4928, 4931, 4949, 4934, 4944, 4940, 4941, 4947, 4946, 4935, 4938, 4950, 4943, 4937, 4929, 4932]"
O21:Coculture:F14:Oxa,random,10,"[4928, 4931, 4949, 4932, 4946, 4944, 4935, 4941, 4934, 4937, 4947, 4950, 4938, 4940, 4929, 4943]"
O21:Coculture:F14:Oxa,random,11,"[4928, 4931, 4949, 4934, 4947, 4943, 4932, 4940, 4944, 4937, 4938, 4950, 4935, 4946, 4941, 4929]"
O21:Coculture:F14:Oxa,random,12,"[4928, 4931, 4949, 4940, 4932, 4937, 4944, 4946, 4941, 4938, 4929, 4947, 4935, 4934, 4950, 4943]"
O21:Coculture:F14:Oxa,random,13,"[4928, 4931, 4949, 4940, 4932, 4938, 4929, 4937, 4941, 4934, 4943, 4935, 4946, 4947, 4944, 4950]"
O21:Coculture:F14:Oxa,random,14,"[4928, 4931, 4949, 4938, 4950, 4946, 4941, 4935, 4944, 4937, 4940, 4929, 4943, 4947, 4932, 4934]"
O21:Coculture:F14:Oxa,random,15,"[4928, 4931, 4949, 4938, 4935, 4943, 4929, 4940, 4941, 4934, 4946, 4947, 4950, 4937, 4944, 4932]"
O21:Coculture:F14:Oxa,random,16,"[4928, 4931, 4949, 4929, 4946, 4937, 4940, 4943, 4947, 4938, 4941, 4935, 4944, 4932, 4950, 4934]"
O21:Coculture:F14:Oxa,random,17,"[4928, 4931, 4949, 4950, 4940, 4944, 4937, 4947, 4941, 4943, 4932, 4929, 4946, 4934, 4938, 4935]"
O21:Coculture:F14:Oxa,random,18,"[4928, 4931, 4949, 4934, 4940, 4938, 4947, 4929, 4941, 4943, 4937, 4946, 4932, 4944, 4950, 4935]"
O21:Coculture:F14:Oxa,random,19,"[4928, 4931, 4949, 4944, 4943, 4941, 4937, 4929, 4946, 4938, 4934, 4950, 4932, 4935, 4947, 4940]"
O21:Coculture:F14:SN-38,space_filling,-1,"[4952, 4955, 4973, 4964, 4970, 4967, 4961, 4958, 4953, 4956, 4959, 4962, 4965, 4968, 4971, 4974]"
O21:Coculture:F14:SN-38,control_first_space,-1,"[4952, 4955, 4973, 4953, 4964, 4970, 4967, 4961, 4958, 4956, 4959, 4962, 4965, 4968, 4971, 4974]"
O21:Coculture:F14:SN-38,random,0,"[4952, 4955, 4973, 4970, 4958, 4965, 4961, 4962, 4974, 4953, 4959, 4964, 4968, 4971, 4967, 4956]"
O21:Coculture:F14:SN-38,random,1,"[4952, 4955, 4973, 4956, 4970, 4965, 4968, 4974, 4961, 4962, 4967, 4953, 4958, 4971, 4964, 4959]"
O21:Coculture:F14:SN-38,random,2,"[4952, 4955, 4973, 4958, 4970, 4965, 4953, 4964, 4968, 4974, 4971, 4962, 4959, 4961, 4967, 4956]"
O21:Coculture:F14:SN-38,random,3,"[4952, 4955, 4973, 4968, 4974, 4958, 4971, 4953, 4956, 4961, 4965, 4964, 4970, 4962, 4959, 4967]"
O21:Coculture:F14:SN-38,random,4,"[4952, 4955, 4973, 4956, 4968, 4953, 4958, 4974, 4965, 4970, 4967, 4964, 4961, 4959, 4962, 4971]"
O21:Coculture:F14:SN-38,random,5,"[4952, 4955, 4973, 4968, 4956, 4959, 4974, 4965, 4958, 4970, 4961, 4964, 4953, 4971, 4962, 4967]"
O21:Coculture:F14:SN-38,random,6,"[4952, 4955, 4973, 4968, 4970, 4971, 4964, 4961, 4958, 4974, 4967, 4959, 4953, 4962, 4965, 4956]"
O21:Coculture:F14:SN-38,random,7,"[4952, 4955, 4973, 4964, 4967, 4953, 4965, 4961, 4956, 4970, 4959, 4974, 4958, 4962, 4968, 4971]"
O21:Coculture:F14:SN-38,random,8,"[4952, 4955, 4973, 4970, 4953, 4959, 4965, 4967, 4956, 4971, 4964, 4974, 4962, 4968, 4958, 4961]"
O21:Coculture:F14:SN-38,random,9,"[4952, 4955, 4973, 4958, 4968, 4964, 4965, 4971, 4970, 4959, 4962, 4974, 4967, 4961, 4953, 4956]"
O21:Coculture:F14:SN-38,random,10,"[4952, 4955, 4973, 4956, 4970, 4968, 4959, 4965, 4958, 4961, 4971, 4974, 4962, 4964, 4953, 4967]"
O21:Coculture:F14:SN-38,random,11,"[4952, 4955, 4973, 4958, 4971, 4967, 4956, 4964, 4968, 4961, 4962, 4974, 4959, 4970, 4965, 4953]"
O21:Coculture:F14:SN-38,random,12,"[4952, 4955, 4973, 4964, 4956, 4961, 4968, 4970, 4965, 4962, 4953, 4971, 4959, 4958, 4974, 4967]"
O21:Coculture:F14:SN-38,random,13,"[4952, 4955, 4973, 4964, 4956, 4962, 4953, 4961, 4965, 4958, 4967, 4959, 4970, 4971, 4968, 4974]"
O21:Coculture:F14:SN-38,random,14,"[4952, 4955, 4973, 4962, 4974, 4970, 4965, 4959, 4968, 4961, 4964, 4953, 4967, 4971, 4956, 4958]"
O21:Coculture:F14:SN-38,random,15,"[4952, 4955, 4973, 4962, 4959, 4967, 4953, 4964, 4965, 4958, 4970, 4971, 4974, 4961, 4968, 4956]"
O21:Coculture:F14:SN-38,random,16,"[4952, 4955, 4973, 4953, 4970, 4961, 4964, 4967, 4971, 4962, 4965, 4959, 4968, 4956, 4974, 4958]"
O21:Coculture:F14:SN-38,random,17,"[4952, 4955, 4973, 4974, 4964, 4968, 4961, 4971, 4965, 4967, 4956, 4953, 4970, 4958, 4962, 4959]"
O21:Coculture:F14:SN-38,random,18,"[4952, 4955, 4973, 4958, 4964, 4962, 4971, 4953, 4965, 4967, 4961, 4970, 4956, 4968, 4974, 4959]"
O21:Coculture:F14:SN-38,random,19,"[4952, 4955, 4973, 4968, 4967, 4965, 4961, 4953, 4970, 4962, 4958, 4974, 4956, 4959, 4971, 4964]"
O21:Monoculture::5-FU,space_filling,-1,"[4808, 4811, 4829, 4820, 4826, 4823, 4817, 4814, 4809, 4812, 4815, 4818, 4821, 4824, 4827, 4830]"
O21:Monoculture::5-FU,control_first_space,-1,"[4808, 4811, 4829, 4809, 4820, 4826, 4823, 4817, 4814, 4812, 4815, 4818, 4821, 4824, 4827, 4830]"
O21:Monoculture::5-FU,random,0,"[4808, 4811, 4829, 4826, 4814, 4821, 4817, 4818, 4830, 4809, 4815, 4820, 4824, 4827, 4823, 4812]"
O21:Monoculture::5-FU,random,1,"[4808, 4811, 4829, 4812, 4826, 4821, 4824, 4830, 4817, 4818, 4823, 4809, 4814, 4827, 4820, 4815]"
O21:Monoculture::5-FU,random,2,"[4808, 4811, 4829, 4814, 4826, 4821, 4809, 4820, 4824, 4830, 4827, 4818, 4815, 4817, 4823, 4812]"
O21:Monoculture::5-FU,random,3,"[4808, 4811, 4829, 4824, 4830, 4814, 4827, 4809, 4812, 4817, 4821, 4820, 4826, 4818, 4815, 4823]"
O21:Monoculture::5-FU,random,4,"[4808, 4811, 4829, 4812, 4824, 4809, 4814, 4830, 4821, 4826, 4823, 4820, 4817, 4815, 4818, 4827]"
O21:Monoculture::5-FU,random,5,"[4808, 4811, 4829, 4824, 4812, 4815, 4830, 4821, 4814, 4826, 4817, 4820, 4809, 4827, 4818, 4823]"
O21:Monoculture::5-FU,random,6,"[4808, 4811, 4829, 4824, 4826, 4827, 4820, 4817, 4814, 4830, 4823, 4815, 4809, 4818, 4821, 4812]"
O21:Monoculture::5-FU,random,7,"[4808, 4811, 4829, 4820, 4823, 4809, 4821, 4817, 4812, 4826, 4815, 4830, 4814, 4818, 4824, 4827]"
O21:Monoculture::5-FU,random,8,"[4808, 4811, 4829, 4826, 4809, 4815, 4821, 4823, 4812, 4827, 4820, 4830, 4818, 4824, 4814, 4817]"
O21:Monoculture::5-FU,random,9,"[4808, 4811, 4829, 4814, 4824, 4820, 4821, 4827, 4826, 4815, 4818, 4830, 4823, 4817, 4809, 4812]"
O21:Monoculture::5-FU,random,10,"[4808, 4811, 4829, 4812, 4826, 4824, 4815, 4821, 4814, 4817, 4827, 4830, 4818, 4820, 4809, 4823]"
O21:Monoculture::5-FU,random,11,"[4808, 4811, 4829, 4814, 4827, 4823, 4812, 4820, 4824, 4817, 4818, 4830, 4815, 4826, 4821, 4809]"
O21:Monoculture::5-FU,random,12,"[4808, 4811, 4829, 4820, 4812, 4817, 4824, 4826, 4821, 4818, 4809, 4827, 4815, 4814, 4830, 4823]"
O21:Monoculture::5-FU,random,13,"[4808, 4811, 4829, 4820, 4812, 4818, 4809, 4817, 4821, 4814, 4823, 4815, 4826, 4827, 4824, 4830]"
O21:Monoculture::5-FU,random,14,"[4808, 4811, 4829, 4818, 4830, 4826, 4821, 4815, 4824, 4817, 4820, 4809, 4823, 4827, 4812, 4814]"
O21:Monoculture::5-FU,random,15,"[4808, 4811, 4829, 4818, 4815, 4823, 4809, 4820, 4821, 4814, 4826, 4827, 4830, 4817, 4824, 4812]"
O21:Monoculture::5-FU,random,16,"[4808, 4811, 4829, 4809, 4826, 4817, 4820, 4823, 4827, 4818, 4821, 4815, 4824, 4812, 4830, 4814]"
O21:Monoculture::5-FU,random,17,"[4808, 4811, 4829, 4830, 4820, 4824, 4817, 4827, 4821, 4823, 4812, 4809, 4826, 4814, 4818, 4815]"
O21:Monoculture::5-FU,random,18,"[4808, 4811, 4829, 4814, 4820, 4818, 4827, 4809, 4821, 4823, 4817, 4826, 4812, 4824, 4830, 4815]"
O21:Monoculture::5-FU,random,19,"[4808, 4811, 4829, 4824, 4823, 4821, 4817, 4809, 4826, 4818, 4814, 4830, 4812, 4815, 4827, 4820]"
O21:Monoculture::Gef,space_filling,-1,"[4880, 4883, 4901, 4892, 4889, 4898, 4895, 4886, 4881, 4884, 4887, 4890, 4893, 4896, 4899, 4902]"
O21:Monoculture::Gef,control_first_space,-1,"[4880, 4883, 4901, 4881, 4892, 4889, 4898, 4895, 4886, 4884, 4887, 4890, 4893, 4896, 4899, 4902]"
O21:Monoculture::Gef,random,0,"[4880, 4883, 4901, 4898, 4886, 4893, 4889, 4890, 4902, 4881, 4887, 4892, 4896, 4899, 4895, 4884]"
O21:Monoculture::Gef,random,1,"[4880, 4883, 4901, 4884, 4898, 4893, 4896, 4902, 4889, 4890, 4895, 4881, 4886, 4899, 4892, 4887]"
O21:Monoculture::Gef,random,2,"[4880, 4883, 4901, 4886, 4898, 4893, 4881, 4892, 4896, 4902, 4899, 4890, 4887, 4889, 4895, 4884]"
O21:Monoculture::Gef,random,3,"[4880, 4883, 4901, 4896, 4902, 4886, 4899, 4881, 4884, 4889, 4893, 4892, 4898, 4890, 4887, 4895]"
O21:Monoculture::Gef,random,4,"[4880, 4883, 4901, 4884, 4896, 4881, 4886, 4902, 4893, 4898, 4895, 4892, 4889, 4887, 4890, 4899]"
O21:Monoculture::Gef,random,5,"[4880, 4883, 4901, 4896, 4884, 4887, 4902, 4893, 4886, 4898, 4889, 4892, 4881, 4899, 4890, 4895]"
O21:Monoculture::Gef,random,6,"[4880, 4883, 4901, 4896, 4898, 4899, 4892, 4889, 4886, 4902, 4895, 4887, 4881, 4890, 4893, 4884]"
O21:Monoculture::Gef,random,7,"[4880, 4883, 4901, 4892, 4895, 4881, 4893, 4889, 4884, 4898, 4887, 4902, 4886, 4890, 4896, 4899]"
O21:Monoculture::Gef,random,8,"[4880, 4883, 4901, 4898, 4881, 4887, 4893, 4895, 4884, 4899, 4892, 4902, 4890, 4896, 4886, 4889]"
O21:Monoculture::Gef,random,9,"[4880, 4883, 4901, 4886, 4896, 4892, 4893, 4899, 4898, 4887, 4890, 4902, 4895, 4889, 4881, 4884]"
O21:Monoculture::Gef,random,10,"[4880, 4883, 4901, 4884, 4898, 4896, 4887, 4893, 4886, 4889, 4899, 4902, 4890, 4892, 4881, 4895]"
O21:Monoculture::Gef,random,11,"[4880, 4883, 4901, 4886, 4899, 4895, 4884, 4892, 4896, 4889, 4890, 4902, 4887, 4898, 4893, 4881]"
O21:Monoculture::Gef,random,12,"[4880, 4883, 4901, 4892, 4884, 4889, 4896, 4898, 4893, 4890, 4881, 4899, 4887, 4886, 4902, 4895]"
O21:Monoculture::Gef,random,13,"[4880, 4883, 4901, 4892, 4884, 4890, 4881, 4889, 4893, 4886, 4895, 4887, 4898, 4899, 4896, 4902]"
O21:Monoculture::Gef,random,14,"[4880, 4883, 4901, 4890, 4902, 4898, 4893, 4887, 4896, 4889, 4892, 4881, 4895, 4899, 4884, 4886]"
O21:Monoculture::Gef,random,15,"[4880, 4883, 4901, 4890, 4887, 4895, 4881, 4892, 4893, 4886, 4898, 4899, 4902, 4889, 4896, 4884]"
O21:Monoculture::Gef,random,16,"[4880, 4883, 4901, 4881, 4898, 4889, 4892, 4895, 4899, 4890, 4893, 4887, 4896, 4884, 4902, 4886]"
O21:Monoculture::Gef,random,17,"[4880, 4883, 4901, 4902, 4892, 4896, 4889, 4899, 4893, 4895, 4884, 4881, 4898, 4886, 4890, 4887]"
O21:Monoculture::Gef,random,18,"[4880, 4883, 4901, 4886, 4892, 4890, 4899, 4881, 4893, 4895, 4889, 4898, 4884, 4896, 4902, 4887]"
O21:Monoculture::Gef,random,19,"[4880, 4883, 4901, 4896, 4895, 4893, 4889, 4881, 4898, 4890, 4886, 4902, 4884, 4887, 4899, 4892]"
O21:Monoculture::Oxa,space_filling,-1,"[4832, 4835, 4853, 4844, 4850, 4847, 4841, 4838, 4833, 4836, 4839, 4842, 4845, 4848, 4851, 4854]"
O21:Monoculture::Oxa,control_first_space,-1,"[4832, 4835, 4853, 4833, 4844, 4850, 4847, 4841, 4838, 4836, 4839, 4842, 4845, 4848, 4851, 4854]"
O21:Monoculture::Oxa,random,0,"[4832, 4835, 4853, 4850, 4838, 4845, 4841, 4842, 4854, 4833, 4839, 4844, 4848, 4851, 4847, 4836]"
O21:Monoculture::Oxa,random,1,"[4832, 4835, 4853, 4836, 4850, 4845, 4848, 4854, 4841, 4842, 4847, 4833, 4838, 4851, 4844, 4839]"
O21:Monoculture::Oxa,random,2,"[4832, 4835, 4853, 4838, 4850, 4845, 4833, 4844, 4848, 4854, 4851, 4842, 4839, 4841, 4847, 4836]"
O21:Monoculture::Oxa,random,3,"[4832, 4835, 4853, 4848, 4854, 4838, 4851, 4833, 4836, 4841, 4845, 4844, 4850, 4842, 4839, 4847]"
O21:Monoculture::Oxa,random,4,"[4832, 4835, 4853, 4836, 4848, 4833, 4838, 4854, 4845, 4850, 4847, 4844, 4841, 4839, 4842, 4851]"
O21:Monoculture::Oxa,random,5,"[4832, 4835, 4853, 4848, 4836, 4839, 4854, 4845, 4838, 4850, 4841, 4844, 4833, 4851, 4842, 4847]"
O21:Monoculture::Oxa,random,6,"[4832, 4835, 4853, 4848, 4850, 4851, 4844, 4841, 4838, 4854, 4847, 4839, 4833, 4842, 4845, 4836]"
O21:Monoculture::Oxa,random,7,"[4832, 4835, 4853, 4844, 4847, 4833, 4845, 4841, 4836, 4850, 4839, 4854, 4838, 4842, 4848, 4851]"
O21:Monoculture::Oxa,random,8,"[4832, 4835, 4853, 4850, 4833, 4839, 4845, 4847, 4836, 4851, 4844, 4854, 4842, 4848, 4838, 4841]"
O21:Monoculture::Oxa,random,9,"[4832, 4835, 4853, 4838, 4848, 4844, 4845, 4851, 4850, 4839, 4842, 4854, 4847, 4841, 4833, 4836]"
O21:Monoculture::Oxa,random,10,"[4832, 4835, 4853, 4836, 4850, 4848, 4839, 4845, 4838, 4841, 4851, 4854, 4842, 4844, 4833, 4847]"
O21:Monoculture::Oxa,random,11,"[4832, 4835, 4853, 4838, 4851, 4847, 4836, 4844, 4848, 4841, 4842, 4854, 4839, 4850, 4845, 4833]"
O21:Monoculture::Oxa,random,12,"[4832, 4835, 4853, 4844, 4836, 4841, 4848, 4850, 4845, 4842, 4833, 4851, 4839, 4838, 4854, 4847]"
O21:Monoculture::Oxa,random,13,"[4832, 4835, 4853, 4844, 4836, 4842, 4833, 4841, 4845, 4838, 4847, 4839, 4850, 4851, 4848, 4854]"
O21:Monoculture::Oxa,random,14,"[4832, 4835, 4853, 4842, 4854, 4850, 4845, 4839, 4848, 4841, 4844, 4833, 4847, 4851, 4836, 4838]"
O21:Monoculture::Oxa,random,15,"[4832, 4835, 4853, 4842, 4839, 4847, 4833, 4844, 4845, 4838, 4850, 4851, 4854, 4841, 4848, 4836]"
O21:Monoculture::Oxa,random,16,"[4832, 4835, 4853, 4833, 4850, 4841, 4844, 4847, 4851, 4842, 4845, 4839, 4848, 4836, 4854, 4838]"
O21:Monoculture::Oxa,random,17,"[4832, 4835, 4853, 4854, 4844, 4848, 4841, 4851, 4845, 4847, 4836, 4833, 4850, 4838, 4842, 4839]"
O21:Monoculture::Oxa,random,18,"[4832, 4835, 4853, 4838, 4844, 4842, 4851, 4833, 4845, 4847, 4841, 4850, 4836, 4848, 4854, 4839]"
O21:Monoculture::Oxa,random,19,"[4832, 4835, 4853, 4848, 4847, 4845, 4841, 4833, 4850, 4842, 4838, 4854, 4836, 4839, 4851, 4844]"
O22:Monoculture::5-FU,space_filling,-1,"[5000, 5003, 5021, 5012, 5018, 5015, 5009, 5006, 5001, 5004, 5007, 5010, 5013, 5016, 5019, 5022]"
O22:Monoculture::5-FU,control_first_space,-1,"[5000, 5003, 5021, 5001, 5012, 5018, 5015, 5009, 5006, 5004, 5007, 5010, 5013, 5016, 5019, 5022]"
O22:Monoculture::5-FU,random,0,"[5000, 5003, 5021, 5018, 5006, 5013, 5009, 5010, 5022, 5001, 5007, 5012, 5016, 5019, 5015, 5004]"
O22:Monoculture::5-FU,random,1,"[5000, 5003, 5021, 5004, 5018, 5013, 5016, 5022, 5009, 5010, 5015, 5001, 5006, 5019, 5012, 5007]"
O22:Monoculture::5-FU,random,2,"[5000, 5003, 5021, 5006, 5018, 5013, 5001, 5012, 5016, 5022, 5019, 5010, 5007, 5009, 5015, 5004]"
O22:Monoculture::5-FU,random,3,"[5000, 5003, 5021, 5016, 5022, 5006, 5019, 5001, 5004, 5009, 5013, 5012, 5018, 5010, 5007, 5015]"
O22:Monoculture::5-FU,random,4,"[5000, 5003, 5021, 5004, 5016, 5001, 5006, 5022, 5013, 5018, 5015, 5012, 5009, 5007, 5010, 5019]"
O22:Monoculture::5-FU,random,5,"[5000, 5003, 5021, 5016, 5004, 5007, 5022, 5013, 5006, 5018, 5009, 5012, 5001, 5019, 5010, 5015]"
O22:Monoculture::5-FU,random,6,"[5000, 5003, 5021, 5016, 5018, 5019, 5012, 5009, 5006, 5022, 5015, 5007, 5001, 5010, 5013, 5004]"
O22:Monoculture::5-FU,random,7,"[5000, 5003, 5021, 5012, 5015, 5001, 5013, 5009, 5004, 5018, 5007, 5022, 5006, 5010, 5016, 5019]"
O22:Monoculture::5-FU,random,8,"[5000, 5003, 5021, 5018, 5001, 5007, 5013, 5015, 5004, 5019, 5012, 5022, 5010, 5016, 5006, 5009]"
O22:Monoculture::5-FU,random,9,"[5000, 5003, 5021, 5006, 5016, 5012, 5013, 5019, 5018, 5007, 5010, 5022, 5015, 5009, 5001, 5004]"
O22:Monoculture::5-FU,random,10,"[5000, 5003, 5021, 5004, 5018, 5016, 5007, 5013, 5006, 5009, 5019, 5022, 5010, 5012, 5001, 5015]"
O22:Monoculture::5-FU,random,11,"[5000, 5003, 5021, 5006, 5019, 5015, 5004, 5012, 5016, 5009, 5010, 5022, 5007, 5018, 5013, 5001]"
O22:Monoculture::5-FU,random,12,"[5000, 5003, 5021, 5012, 5004, 5009, 5016, 5018, 5013, 5010, 5001, 5019, 5007, 5006, 5022, 5015]"
O22:Monoculture::5-FU,random,13,"[5000, 5003, 5021, 5012, 5004, 5010, 5001, 5009, 5013, 5006, 5015, 5007, 5018, 5019, 5016, 5022]"
O22:Monoculture::5-FU,random,14,"[5000, 5003, 5021, 5010, 5022, 5018, 5013, 5007, 5016, 5009, 5012, 5001, 5015, 5019, 5004, 5006]"
O22:Monoculture::5-FU,random,15,"[5000, 5003, 5021, 5010, 5007, 5015, 5001, 5012, 5013, 5006, 5018, 5019, 5022, 5009, 5016, 5004]"
O22:Monoculture::5-FU,random,16,"[5000, 5003, 5021, 5001, 5018, 5009, 5012, 5015, 5019, 5010, 5013, 5007, 5016, 5004, 5022, 5006]"
O22:Monoculture::5-FU,random,17,"[5000, 5003, 5021, 5022, 5012, 5016, 5009, 5019, 5013, 5015, 5004, 5001, 5018, 5006, 5010, 5007]"
O22:Monoculture::5-FU,random,18,"[5000, 5003, 5021, 5006, 5012, 5010, 5019, 5001, 5013, 5015, 5009, 5018, 5004, 5016, 5022, 5007]"
O22:Monoculture::5-FU,random,19,"[5000, 5003, 5021, 5016, 5015, 5013, 5009, 5001, 5018, 5010, 5006, 5022, 5004, 5007, 5019, 5012]"
O22:Monoculture::Gef,space_filling,-1,"[5072, 5075, 5093, 5084, 5081, 5090, 5087, 5078, 5073, 5076, 5079, 5082, 5085, 5088, 5091, 5094]"
O22:Monoculture::Gef,control_first_space,-1,"[5072, 5075, 5093, 5073, 5084, 5081, 5090, 5087, 5078, 5076, 5079, 5082, 5085, 5088, 5091, 5094]"
O22:Monoculture::Gef,random,0,"[5072, 5075, 5093, 5090, 5078, 5085, 5081, 5082, 5094, 5073, 5079, 5084, 5088, 5091, 5087, 5076]"
O22:Monoculture::Gef,random,1,"[5072, 5075, 5093, 5076, 5090, 5085, 5088, 5094, 5081, 5082, 5087, 5073, 5078, 5091, 5084, 5079]"
O22:Monoculture::Gef,random,2,"[5072, 5075, 5093, 5078, 5090, 5085, 5073, 5084, 5088, 5094, 5091, 5082, 5079, 5081, 5087, 5076]"
O22:Monoculture::Gef,random,3,"[5072, 5075, 5093, 5088, 5094, 5078, 5091, 5073, 5076, 5081, 5085, 5084, 5090, 5082, 5079, 5087]"
O22:Monoculture::Gef,random,4,"[5072, 5075, 5093, 5076, 5088, 5073, 5078, 5094, 5085, 5090, 5087, 5084, 5081, 5079, 5082, 5091]"
O22:Monoculture::Gef,random,5,"[5072, 5075, 5093, 5088, 5076, 5079, 5094, 5085, 5078, 5090, 5081, 5084, 5073, 5091, 5082, 5087]"
O22:Monoculture::Gef,random,6,"[5072, 5075, 5093, 5088, 5090, 5091, 5084, 5081, 5078, 5094, 5087, 5079, 5073, 5082, 5085, 5076]"
O22:Monoculture::Gef,random,7,"[5072, 5075, 5093, 5084, 5087, 5073, 5085, 5081, 5076, 5090, 5079, 5094, 5078, 5082, 5088, 5091]"
O22:Monoculture::Gef,random,8,"[5072, 5075, 5093, 5090, 5073, 5079, 5085, 5087, 5076, 5091, 5084, 5094, 5082, 5088, 5078, 5081]"
O22:Monoculture::Gef,random,9,"[5072, 5075, 5093, 5078, 5088, 5084, 5085, 5091, 5090, 5079, 5082, 5094, 5087, 5081, 5073, 5076]"
O22:Monoculture::Gef,random,10,"[5072, 5075, 5093, 5076, 5090, 5088, 5079, 5085, 5078, 5081, 5091, 5094, 5082, 5084, 5073, 5087]"
O22:Monoculture::Gef,random,11,"[5072, 5075, 5093, 5078, 5091, 5087, 5076, 5084, 5088, 5081, 5082, 5094, 5079, 5090, 5085, 5073]"
O22:Monoculture::Gef,random,12,"[5072, 5075, 5093, 5084, 5076, 5081, 5088, 5090, 5085, 5082, 5073, 5091, 5079, 5078, 5094, 5087]"
O22:Monoculture::Gef,random,13,"[5072, 5075, 5093, 5084, 5076, 5082, 5073, 5081, 5085, 5078, 5087, 5079, 5090, 5091, 5088, 5094]"
O22:Monoculture::Gef,random,14,"[5072, 5075, 5093, 5082, 5094, 5090, 5085, 5079, 5088, 5081, 5084, 5073, 5087, 5091, 5076, 5078]"
O22:Monoculture::Gef,random,15,"[5072, 5075, 5093, 5082, 5079, 5087, 5073, 5084, 5085, 5078, 5090, 5091, 5094, 5081, 5088, 5076]"
O22:Monoculture::Gef,random,16,"[5072, 5075, 5093, 5073, 5090, 5081, 5084, 5087, 5091, 5082, 5085, 5079, 5088, 5076, 5094, 5078]"
O22:Monoculture::Gef,random,17,"[5072, 5075, 5093, 5094, 5084, 5088, 5081, 5091, 5085, 5087, 5076, 5073, 5090, 5078, 5082, 5079]"
O22:Monoculture::Gef,random,18,"[5072, 5075, 5093, 5078, 5084, 5082, 5091, 5073, 5085, 5087, 5081, 5090, 5076, 5088, 5094, 5079]"
O22:Monoculture::Gef,random,19,"[5072, 5075, 5093, 5088, 5087, 5085, 5081, 5073, 5090, 5082, 5078, 5094, 5076, 5079, 5091, 5084]"
O23:Coculture:F14:5-FU,space_filling,-1,"[5288, 5291, 5309, 5300, 5306, 5303, 5297, 5294, 5289, 5292, 5295, 5298, 5301, 5304, 5307, 5310]"
O23:Coculture:F14:5-FU,control_first_space,-1,"[5288, 5291, 5309, 5289, 5300, 5306, 5303, 5297, 5294, 5292, 5295, 5298, 5301, 5304, 5307, 5310]"
O23:Coculture:F14:5-FU,random,0,"[5288, 5291, 5309, 5306, 5294, 5301, 5297, 5298, 5310, 5289, 5295, 5300, 5304, 5307, 5303, 5292]"
O23:Coculture:F14:5-FU,random,1,"[5288, 5291, 5309, 5292, 5306, 5301, 5304, 5310, 5297, 5298, 5303, 5289, 5294, 5307, 5300, 5295]"
O23:Coculture:F14:5-FU,random,2,"[5288, 5291, 5309, 5294, 5306, 5301, 5289, 5300, 5304, 5310, 5307, 5298, 5295, 5297, 5303, 5292]"
O23:Coculture:F14:5-FU,random,3,"[5288, 5291, 5309, 5304, 5310, 5294, 5307, 5289, 5292, 5297, 5301, 5300, 5306, 5298, 5295, 5303]"
O23:Coculture:F14:5-FU,random,4,"[5288, 5291, 5309, 5292, 5304, 5289, 5294, 5310, 5301, 5306, 5303, 5300, 5297, 5295, 5298, 5307]"
O23:Coculture:F14:5-FU,random,5,"[5288, 5291, 5309, 5304, 5292, 5295, 5310, 5301, 5294, 5306, 5297, 5300, 5289, 5307, 5298, 5303]"
O23:Coculture:F14:5-FU,random,6,"[5288, 5291, 5309, 5304, 5306, 5307, 5300, 5297, 5294, 5310, 5303, 5295, 5289, 5298, 5301, 5292]"
O23:Coculture:F14:5-FU,random,7,"[5288, 5291, 5309, 5300, 5303, 5289, 5301, 5297, 5292, 5306, 5295, 5310, 5294, 5298, 5304, 5307]"
O23:Coculture:F14:5-FU,random,8,"[5288, 5291, 5309, 5306, 5289, 5295, 5301, 5303, 5292, 5307, 5300, 5310, 5298, 5304, 5294, 5297]"
O23:Coculture:F14:5-FU,random,9,"[5288, 5291, 5309, 5294, 5304, 5300, 5301, 5307, 5306, 5295, 5298, 5310, 5303, 5297, 5289, 5292]"
O23:Coculture:F14:5-FU,random,10,"[5288, 5291, 5309, 5292, 5306, 5304, 5295, 5301, 5294, 5297, 5307, 5310, 5298, 5300, 5289, 5303]"
O23:Coculture:F14:5-FU,random,11,"[5288, 5291, 5309, 5294, 5307, 5303, 5292, 5300, 5304, 5297, 5298, 5310, 5295, 5306, 5301, 5289]"
O23:Coculture:F14:5-FU,random,12,"[5288, 5291, 5309, 5300, 5292, 5297, 5304, 5306, 5301, 5298, 5289, 5307, 5295, 5294, 5310, 5303]"
O23:Coculture:F14:5-FU,random,13,"[5288, 5291, 5309, 5300, 5292, 5298, 5289, 5297, 5301, 5294, 5303, 5295, 5306, 5307, 5304, 5310]"
O23:Coculture:F14:5-FU,random,14,"[5288, 5291, 5309, 5298, 5310, 5306, 5301, 5295, 5304, 5297, 5300, 5289, 5303, 5307, 5292, 5294]"
O23:Coculture:F14:5-FU,random,15,"[5288, 5291, 5309, 5298, 5295, 5303, 5289, 5300, 5301, 5294, 5306, 5307, 5310, 5297, 5304, 5292]"
O23:Coculture:F14:5-FU,random,16,"[5288, 5291, 5309, 5289, 5306, 5297, 5300, 5303, 5307, 5298, 5301, 5295, 5304, 5292, 5310, 5294]"
O23:Coculture:F14:5-FU,random,17,"[5288, 5291, 5309, 5310, 5300, 5304, 5297, 5307, 5301, 5303, 5292, 5289, 5306, 5294, 5298, 5295]"
O23:Coculture:F14:5-FU,random,18,"[5288, 5291, 5309, 5294, 5300, 5298, 5307, 5289, 5301, 5303, 5297, 5306, 5292, 5304, 5310, 5295]"
O23:Coculture:F14:5-FU,random,19,"[5288, 5291, 5309, 5304, 5303, 5301, 5297, 5289, 5306, 5298, 5294, 5310, 5292, 5295, 5307, 5300]"
O23:Coculture:F14:Oxa,space_filling,-1,"[5312, 5315, 5333, 5324, 5330, 5327, 5321, 5318, 5313, 5316, 5319, 5322, 5325, 5328, 5331, 5334]"
O23:Coculture:F14:Oxa,control_first_space,-1,"[5312, 5315, 5333, 5313, 5324, 5330, 5327, 5321, 5318, 5316, 5319, 5322, 5325, 5328, 5331, 5334]"
O23:Coculture:F14:Oxa,random,0,"[5312, 5315, 5333, 5330, 5318, 5325, 5321, 5322, 5334, 5313, 5319, 5324, 5328, 5331, 5327, 5316]"
O23:Coculture:F14:Oxa,random,1,"[5312, 5315, 5333, 5316, 5330, 5325, 5328, 5334, 5321, 5322, 5327, 5313, 5318, 5331, 5324, 5319]"
O23:Coculture:F14:Oxa,random,2,"[5312, 5315, 5333, 5318, 5330, 5325, 5313, 5324, 5328, 5334, 5331, 5322, 5319, 5321, 5327, 5316]"
O23:Coculture:F14:Oxa,random,3,"[5312, 5315, 5333, 5328, 5334, 5318, 5331, 5313, 5316, 5321, 5325, 5324, 5330, 5322, 5319, 5327]"
O23:Coculture:F14:Oxa,random,4,"[5312, 5315, 5333, 5316, 5328, 5313, 5318, 5334, 5325, 5330, 5327, 5324, 5321, 5319, 5322, 5331]"
O23:Coculture:F14:Oxa,random,5,"[5312, 5315, 5333, 5328, 5316, 5319, 5334, 5325, 5318, 5330, 5321, 5324, 5313, 5331, 5322, 5327]"
O23:Coculture:F14:Oxa,random,6,"[5312, 5315, 5333, 5328, 5330, 5331, 5324, 5321, 5318, 5334, 5327, 5319, 5313, 5322, 5325, 5316]"
O23:Coculture:F14:Oxa,random,7,"[5312, 5315, 5333, 5324, 5327, 5313, 5325, 5321, 5316, 5330, 5319, 5334, 5318, 5322, 5328, 5331]"
O23:Coculture:F14:Oxa,random,8,"[5312, 5315, 5333, 5330, 5313, 5319, 5325, 5327, 5316, 5331, 5324, 5334, 5322, 5328, 5318, 5321]"
O23:Coculture:F14:Oxa,random,9,"[5312, 5315, 5333, 5318, 5328, 5324, 5325, 5331, 5330, 5319, 5322, 5334, 5327, 5321, 5313, 5316]"
O23:Coculture:F14:Oxa,random,10,"[5312, 5315, 5333, 5316, 5330, 5328, 5319, 5325, 5318, 5321, 5331, 5334, 5322, 5324, 5313, 5327]"
O23:Coculture:F14:Oxa,random,11,"[5312, 5315, 5333, 5318, 5331, 5327, 5316, 5324, 5328, 5321, 5322, 5334, 5319, 5330, 5325, 5313]"
O23:Coculture:F14:Oxa,random,12,"[5312, 5315, 5333, 5324, 5316, 5321, 5328, 5330, 5325, 5322, 5313, 5331, 5319, 5318, 5334, 5327]"
O23:Coculture:F14:Oxa,random,13,"[5312, 5315, 5333, 5324, 5316, 5322, 5313, 5321, 5325, 5318, 5327, 5319, 5330, 5331, 5328, 5334]"
O23:Coculture:F14:Oxa,random,14,"[5312, 5315, 5333, 5322, 5334, 5330, 5325, 5319, 5328, 5321, 5324, 5313, 5327, 5331, 5316, 5318]"
O23:Coculture:F14:Oxa,random,15,"[5312, 5315, 5333, 5322, 5319, 5327, 5313, 5324, 5325, 5318, 5330, 5331, 5334, 5321, 5328, 5316]"
O23:Coculture:F14:Oxa,random,16,"[5312, 5315, 5333, 5313, 5330, 5321, 5324, 5327, 5331, 5322, 5325, 5319, 5328, 5316, 5334, 5318]"
O23:Coculture:F14:Oxa,random,17,"[5312, 5315, 5333, 5334, 5324, 5328, 5321, 5331, 5325, 5327, 5316, 5313, 5330, 5318, 5322, 5319]"
O23:Coculture:F14:Oxa,random,18,"[5312, 5315, 5333, 5318, 5324, 5322, 5331, 5313, 5325, 5327, 5321, 5330, 5316, 5328, 5334, 5319]"
O23:Coculture:F14:Oxa,random,19,"[5312, 5315, 5333, 5328, 5327, 5325, 5321, 5313, 5330, 5322, 5318, 5334, 5316, 5319, 5331, 5324]"
O23:Monoculture::Gef,space_filling,-1,"[5264, 5267, 5285, 5276, 5273, 5282, 5279, 5270, 5265, 5268, 5271, 5274, 5277, 5280, 5283, 5286]"
O23:Monoculture::Gef,control_first_space,-1,"[5264, 5267, 5285, 5265, 5276, 5273, 5282, 5279, 5270, 5268, 5271, 5274, 5277, 5280, 5283, 5286]"
O23:Monoculture::Gef,random,0,"[5264, 5267, 5285, 5282, 5270, 5277, 5273, 5274, 5286, 5265, 5271, 5276, 5280, 5283, 5279, 5268]"
O23:Monoculture::Gef,random,1,"[5264, 5267, 5285, 5268, 5282, 5277, 5280, 5286, 5273, 5274, 5279, 5265, 5270, 5283, 5276, 5271]"
O23:Monoculture::Gef,random,2,"[5264, 5267, 5285, 5270, 5282, 5277, 5265, 5276, 5280, 5286, 5283, 5274, 5271, 5273, 5279, 5268]"
O23:Monoculture::Gef,random,3,"[5264, 5267, 5285, 5280, 5286, 5270, 5283, 5265, 5268, 5273, 5277, 5276, 5282, 5274, 5271, 5279]"
O23:Monoculture::Gef,random,4,"[5264, 5267, 5285, 5268, 5280, 5265, 5270, 5286, 5277, 5282, 5279, 5276, 5273, 5271, 5274, 5283]"
O23:Monoculture::Gef,random,5,"[5264, 5267, 5285, 5280, 5268, 5271, 5286, 5277, 5270, 5282, 5273, 5276, 5265, 5283, 5274, 5279]"
O23:Monoculture::Gef,random,6,"[5264, 5267, 5285, 5280, 5282, 5283, 5276, 5273, 5270, 5286, 5279, 5271, 5265, 5274, 5277, 5268]"
O23:Monoculture::Gef,random,7,"[5264, 5267, 5285, 5276, 5279, 5265, 5277, 5273, 5268, 5282, 5271, 5286, 5270, 5274, 5280, 5283]"
O23:Monoculture::Gef,random,8,"[5264, 5267, 5285, 5282, 5265, 5271, 5277, 5279, 5268, 5283, 5276, 5286, 5274, 5280, 5270, 5273]"
O23:Monoculture::Gef,random,9,"[5264, 5267, 5285, 5270, 5280, 5276, 5277, 5283, 5282, 5271, 5274, 5286, 5279, 5273, 5265, 5268]"
O23:Monoculture::Gef,random,10,"[5264, 5267, 5285, 5268, 5282, 5280, 5271, 5277, 5270, 5273, 5283, 5286, 5274, 5276, 5265, 5279]"
O23:Monoculture::Gef,random,11,"[5264, 5267, 5285, 5270, 5283, 5279, 5268, 5276, 5280, 5273, 5274, 5286, 5271, 5282, 5277, 5265]"
O23:Monoculture::Gef,random,12,"[5264, 5267, 5285, 5276, 5268, 5273, 5280, 5282, 5277, 5274, 5265, 5283, 5271, 5270, 5286, 5279]"
O23:Monoculture::Gef,random,13,"[5264, 5267, 5285, 5276, 5268, 5274, 5265, 5273, 5277, 5270, 5279, 5271, 5282, 5283, 5280, 5286]"
O23:Monoculture::Gef,random,14,"[5264, 5267, 5285, 5274, 5286, 5282, 5277, 5271, 5280, 5273, 5276, 5265, 5279, 5283, 5268, 5270]"
O23:Monoculture::Gef,random,15,"[5264, 5267, 5285, 5274, 5271, 5279, 5265, 5276, 5277, 5270, 5282, 5283, 5286, 5273, 5280, 5268]"
O23:Monoculture::Gef,random,16,"[5264, 5267, 5285, 5265, 5282, 5273, 5276, 5279, 5283, 5274, 5277, 5271, 5280, 5268, 5286, 5270]"
O23:Monoculture::Gef,random,17,"[5264, 5267, 5285, 5286, 5276, 5280, 5273, 5283, 5277, 5279, 5268, 5265, 5282, 5270, 5274, 5271]"
O23:Monoculture::Gef,random,18,"[5264, 5267, 5285, 5270, 5276, 5274, 5283, 5265, 5277, 5279, 5273, 5282, 5268, 5280, 5286, 5271]"
O23:Monoculture::Gef,random,19,"[5264, 5267, 5285, 5280, 5279, 5277, 5273, 5265, 5282, 5274, 5270, 5286, 5268, 5271, 5283, 5276]"
O24:Coculture:F20:5-FU,space_filling,-1,"[5480, 5483, 5501, 5492, 5498, 5495, 5489, 5486, 5481, 5484, 5487, 5490, 5493, 5496, 5499, 5502]"
O24:Coculture:F20:5-FU,control_first_space,-1,"[5480, 5483, 5501, 5481, 5492, 5498, 5495, 5489, 5486, 5484, 5487, 5490, 5493, 5496, 5499, 5502]"
O24:Coculture:F20:5-FU,random,0,"[5480, 5483, 5501, 5498, 5486, 5493, 5489, 5490, 5502, 5481, 5487, 5492, 5496, 5499, 5495, 5484]"
O24:Coculture:F20:5-FU,random,1,"[5480, 5483, 5501, 5484, 5498, 5493, 5496, 5502, 5489, 5490, 5495, 5481, 5486, 5499, 5492, 5487]"
O24:Coculture:F20:5-FU,random,2,"[5480, 5483, 5501, 5486, 5498, 5493, 5481, 5492, 5496, 5502, 5499, 5490, 5487, 5489, 5495, 5484]"
O24:Coculture:F20:5-FU,random,3,"[5480, 5483, 5501, 5496, 5502, 5486, 5499, 5481, 5484, 5489, 5493, 5492, 5498, 5490, 5487, 5495]"
O24:Coculture:F20:5-FU,random,4,"[5480, 5483, 5501, 5484, 5496, 5481, 5486, 5502, 5493, 5498, 5495, 5492, 5489, 5487, 5490, 5499]"
O24:Coculture:F20:5-FU,random,5,"[5480, 5483, 5501, 5496, 5484, 5487, 5502, 5493, 5486, 5498, 5489, 5492, 5481, 5499, 5490, 5495]"
O24:Coculture:F20:5-FU,random,6,"[5480, 5483, 5501, 5496, 5498, 5499, 5492, 5489, 5486, 5502, 5495, 5487, 5481, 5490, 5493, 5484]"
O24:Coculture:F20:5-FU,random,7,"[5480, 5483, 5501, 5492, 5495, 5481, 5493, 5489, 5484, 5498, 5487, 5502, 5486, 5490, 5496, 5499]"
O24:Coculture:F20:5-FU,random,8,"[5480, 5483, 5501, 5498, 5481, 5487, 5493, 5495, 5484, 5499, 5492, 5502, 5490, 5496, 5486, 5489]"
O24:Coculture:F20:5-FU,random,9,"[5480, 5483, 5501, 5486, 5496, 5492, 5493, 5499, 5498, 5487, 5490, 5502, 5495, 5489, 5481, 5484]"
O24:Coculture:F20:5-FU,random,10,"[5480, 5483, 5501, 5484, 5498, 5496, 5487, 5493, 5486, 5489, 5499, 5502, 5490, 5492, 5481, 5495]"
O24:Coculture:F20:5-FU,random,11,"[5480, 5483, 5501, 5486, 5499, 5495, 5484, 5492, 5496, 5489, 5490, 5502, 5487, 5498, 5493, 5481]"
O24:Coculture:F20:5-FU,random,12,"[5480, 5483, 5501, 5492, 5484, 5489, 5496, 5498, 5493, 5490, 5481, 5499, 5487, 5486, 5502, 5495]"
O24:Coculture:F20:5-FU,random,13,"[5480, 5483, 5501, 5492, 5484, 5490, 5481, 5489, 5493, 5486, 5495, 5487, 5498, 5499, 5496, 5502]"
O24:Coculture:F20:5-FU,random,14,"[5480, 5483, 5501, 5490, 5502, 5498, 5493, 5487, 5496, 5489, 5492, 5481, 5495, 5499, 5484, 5486]"
O24:Coculture:F20:5-FU,random,15,"[5480, 5483, 5501, 5490, 5487, 5495, 5481, 5492, 5493, 5486, 5498, 5499, 5502, 5489, 5496, 5484]"
O24:Coculture:F20:5-FU,random,16,"[5480, 5483, 5501, 5481, 5498, 5489, 5492, 5495, 5499, 5490, 5493, 5487, 5496, 5484, 5502, 5486]"
O24:Coculture:F20:5-FU,random,17,"[5480, 5483, 5501, 5502, 5492, 5496, 5489, 5499, 5493, 5495, 5484, 5481, 5498, 5486, 5490, 5487]"
O24:Coculture:F20:5-FU,random,18,"[5480, 5483, 5501, 5486, 5492, 5490, 5499, 5481, 5493, 5495, 5489, 5498, 5484, 5496, 5502, 5487]"
O24:Coculture:F20:5-FU,random,19,"[5480, 5483, 5501, 5496, 5495, 5493, 5489, 5481, 5498, 5490, 5486, 5502, 5484, 5487, 5499, 5492]"
O24:Coculture:F20:Oxa,space_filling,-1,"[5504, 5507, 5525, 5516, 5522, 5519, 5513, 5510, 5505, 5508, 5511, 5514, 5517, 5520, 5523, 5526]"
O24:Coculture:F20:Oxa,control_first_space,-1,"[5504, 5507, 5525, 5505, 5516, 5522, 5519, 5513, 5510, 5508, 5511, 5514, 5517, 5520, 5523, 5526]"
O24:Coculture:F20:Oxa,random,0,"[5504, 5507, 5525, 5522, 5510, 5517, 5513, 5514, 5526, 5505, 5511, 5516, 5520, 5523, 5519, 5508]"
O24:Coculture:F20:Oxa,random,1,"[5504, 5507, 5525, 5508, 5522, 5517, 5520, 5526, 5513, 5514, 5519, 5505, 5510, 5523, 5516, 5511]"
O24:Coculture:F20:Oxa,random,2,"[5504, 5507, 5525, 5510, 5522, 5517, 5505, 5516, 5520, 5526, 5523, 5514, 5511, 5513, 5519, 5508]"
O24:Coculture:F20:Oxa,random,3,"[5504, 5507, 5525, 5520, 5526, 5510, 5523, 5505, 5508, 5513, 5517, 5516, 5522, 5514, 5511, 5519]"
O24:Coculture:F20:Oxa,random,4,"[5504, 5507, 5525, 5508, 5520, 5505, 5510, 5526, 5517, 5522, 5519, 5516, 5513, 5511, 5514, 5523]"
O24:Coculture:F20:Oxa,random,5,"[5504, 5507, 5525, 5520, 5508, 5511, 5526, 5517, 5510, 5522, 5513, 5516, 5505, 5523, 5514, 5519]"
O24:Coculture:F20:Oxa,random,6,"[5504, 5507, 5525, 5520, 5522, 5523, 5516, 5513, 5510, 5526, 5519, 5511, 5505, 5514, 5517, 5508]"
O24:Coculture:F20:Oxa,random,7,"[5504, 5507, 5525, 5516, 5519, 5505, 5517, 5513, 5508, 5522, 5511, 5526, 5510, 5514, 5520, 5523]"
O24:Coculture:F20:Oxa,random,8,"[5504, 5507, 5525, 5522, 5505, 5511, 5517, 5519, 5508, 5523, 5516, 5526, 5514, 5520, 5510, 5513]"
O24:Coculture:F20:Oxa,random,9,"[5504, 5507, 5525, 5510, 5520, 5516, 5517, 5523, 5522, 5511, 5514, 5526, 5519, 5513, 5505, 5508]"
O24:Coculture:F20:Oxa,random,10,"[5504, 5507, 5525, 5508, 5522, 5520, 5511, 5517, 5510, 5513, 5523, 5526, 5514, 5516, 5505, 5519]"
O24:Coculture:F20:Oxa,random,11,"[5504, 5507, 5525, 5510, 5523, 5519, 5508, 5516, 5520, 5513, 5514, 5526, 5511, 5522, 5517, 5505]"
O24:Coculture:F20:Oxa,random,12,"[5504, 5507, 5525, 5516, 5508, 5513, 5520, 5522, 5517, 5514, 5505, 5523, 5511, 5510, 5526, 5519]"
O24:Coculture:F20:Oxa,random,13,"[5504, 5507, 5525, 5516, 5508, 5514, 5505, 5513, 5517, 5510, 5519, 5511, 5522, 5523, 5520, 5526]"
O24:Coculture:F20:Oxa,random,14,"[5504, 5507, 5525, 5514, 5526, 5522, 5517, 5511, 5520, 5513, 5516, 5505, 5519, 5523, 5508, 5510]"
O24:Coculture:F20:Oxa,random,15,"[5504, 5507, 5525, 5514, 5511, 5519, 5505, 5516, 5517, 5510, 5522, 5523, 5526, 5513, 5520, 5508]"
O24:Coculture:F20:Oxa,random,16,"[5504, 5507, 5525, 5505, 5522, 5513, 5516, 5519, 5523, 5514, 5517, 5511, 5520, 5508, 5526, 5510]"
O24:Coculture:F20:Oxa,random,17,"[5504, 5507, 5525, 5526, 5516, 5520, 5513, 5523, 5517, 5519, 5508, 5505, 5522, 5510, 5514, 5511]"
O24:Coculture:F20:Oxa,random,18,"[5504, 5507, 5525, 5510, 5516, 5514, 5523, 5505, 5517, 5519, 5513, 5522, 5508, 5520, 5526, 5511]"
O24:Coculture:F20:Oxa,random,19,"[5504, 5507, 5525, 5520, 5519, 5517, 5513, 5505, 5522, 5514, 5510, 5526, 5508, 5511, 5523, 5516]"
O24:Coculture:F20:SN-38,space_filling,-1,"[5528, 5531, 5549, 5540, 5546, 5543, 5537, 5534, 5529, 5532, 5535, 5538, 5541, 5544, 5547, 5550]"
O24:Coculture:F20:SN-38,control_first_space,-1,"[5528, 5531, 5549, 5529, 5540, 5546, 5543, 5537, 5534, 5532, 5535, 5538, 5541, 5544, 5547, 5550]"
O24:Coculture:F20:SN-38,random,0,"[5528, 5531, 5549, 5546, 5534, 5541, 5537, 5538, 5550, 5529, 5535, 5540, 5544, 5547, 5543, 5532]"
O24:Coculture:F20:SN-38,random,1,"[5528, 5531, 5549, 5532, 5546, 5541, 5544, 5550, 5537, 5538, 5543, 5529, 5534, 5547, 5540, 5535]"
O24:Coculture:F20:SN-38,random,2,"[5528, 5531, 5549, 5534, 5546, 5541, 5529, 5540, 5544, 5550, 5547, 5538, 5535, 5537, 5543, 5532]"
O24:Coculture:F20:SN-38,random,3,"[5528, 5531, 5549, 5544, 5550, 5534, 5547, 5529, 5532, 5537, 5541, 5540, 5546, 5538, 5535, 5543]"
O24:Coculture:F20:SN-38,random,4,"[5528, 5531, 5549, 5532, 5544, 5529, 5534, 5550, 5541, 5546, 5543, 5540, 5537, 5535, 5538, 5547]"
O24:Coculture:F20:SN-38,random,5,"[5528, 5531, 5549, 5544, 5532, 5535, 5550, 5541, 5534, 5546, 5537, 5540, 5529, 5547, 5538, 5543]"
O24:Coculture:F20:SN-38,random,6,"[5528, 5531, 5549, 5544, 5546, 5547, 5540, 5537, 5534, 5550, 5543, 5535, 5529, 5538, 5541, 5532]"
O24:Coculture:F20:SN-38,random,7,"[5528, 5531, 5549, 5540, 5543, 5529, 5541, 5537, 5532, 5546, 5535, 5550, 5534, 5538, 5544, 5547]"
O24:Coculture:F20:SN-38,random,8,"[5528, 5531, 5549, 5546, 5529, 5535, 5541, 5543, 5532, 5547, 5540, 5550, 5538, 5544, 5534, 5537]"
O24:Coculture:F20:SN-38,random,9,"[5528, 5531, 5549, 5534, 5544, 5540, 5541, 5547, 5546, 5535, 5538, 5550, 5543, 5537, 5529, 5532]"
O24:Coculture:F20:SN-38,random,10,"[5528, 5531, 5549, 5532, 5546, 5544, 5535, 5541, 5534, 5537, 5547, 5550, 5538, 5540, 5529, 5543]"
O24:Coculture:F20:SN-38,random,11,"[5528, 5531, 5549, 5534, 5547, 5543, 5532, 5540, 5544, 5537, 5538, 5550, 5535, 5546, 5541, 5529]"
O24:Coculture:F20:SN-38,random,12,"[5528, 5531, 5549, 5540, 5532, 5537, 5544, 5546, 5541, 5538, 5529, 5547, 5535, 5534, 5550, 5543]"
O24:Coculture:F20:SN-38,random,13,"[5528, 5531, 5549, 5540, 5532, 5538, 5529, 5537, 5541, 5534, 5543, 5535, 5546, 5547, 5544, 5550]"
O24:Coculture:F20:SN-38,random,14,"[5528, 5531, 5549, 5538, 5550, 5546, 5541, 5535, 5544, 5537, 5540, 5529, 5543, 5547, 5532, 5534]"
O24:Coculture:F20:SN-38,random,15,"[5528, 5531, 5549, 5538, 5535, 5543, 5529, 5540, 5541, 5534, 5546, 5547, 5550, 5537, 5544, 5532]"
O24:Coculture:F20:SN-38,random,16,"[5528, 5531, 5549, 5529, 5546, 5537, 5540, 5543, 5547, 5538, 5541, 5535, 5544, 5532, 5550, 5534]"
O24:Coculture:F20:SN-38,random,17,"[5528, 5531, 5549, 5550, 5540, 5544, 5537, 5547, 5541, 5543, 5532, 5529, 5546, 5534, 5538, 5535]"
O24:Coculture:F20:SN-38,random,18,"[5528, 5531, 5549, 5534, 5540, 5538, 5547, 5529, 5541, 5543, 5537, 5546, 5532, 5544, 5550, 5535]"
O24:Coculture:F20:SN-38,random,19,"[5528, 5531, 5549, 5544, 5543, 5541, 5537, 5529, 5546, 5538, 5534, 5550, 5532, 5535, 5547, 5540]"
O24:Monoculture::Gef,space_filling,-1,"[5456, 5459, 5477, 5468, 5465, 5474, 5471, 5462, 5457, 5460, 5463, 5466, 5469, 5472, 5475, 5478]"
O24:Monoculture::Gef,control_first_space,-1,"[5456, 5459, 5477, 5457, 5468, 5465, 5474, 5471, 5462, 5460, 5463, 5466, 5469, 5472, 5475, 5478]"
O24:Monoculture::Gef,random,0,"[5456, 5459, 5477, 5474, 5462, 5469, 5465, 5466, 5478, 5457, 5463, 5468, 5472, 5475, 5471, 5460]"
O24:Monoculture::Gef,random,1,"[5456, 5459, 5477, 5460, 5474, 5469, 5472, 5478, 5465, 5466, 5471, 5457, 5462, 5475, 5468, 5463]"
O24:Monoculture::Gef,random,2,"[5456, 5459, 5477, 5462, 5474, 5469, 5457, 5468, 5472, 5478, 5475, 5466, 5463, 5465, 5471, 5460]"
O24:Monoculture::Gef,random,3,"[5456, 5459, 5477, 5472, 5478, 5462, 5475, 5457, 5460, 5465, 5469, 5468, 5474, 5466, 5463, 5471]"
O24:Monoculture::Gef,random,4,"[5456, 5459, 5477, 5460, 5472, 5457, 5462, 5478, 5469, 5474, 5471, 5468, 5465, 5463, 5466, 5475]"
O24:Monoculture::Gef,random,5,"[5456, 5459, 5477, 5472, 5460, 5463, 5478, 5469, 5462, 5474, 5465, 5468, 5457, 5475, 5466, 5471]"
O24:Monoculture::Gef,random,6,"[5456, 5459, 5477, 5472, 5474, 5475, 5468, 5465, 5462, 5478, 5471, 5463, 5457, 5466, 5469, 5460]"
O24:Monoculture::Gef,random,7,"[5456, 5459, 5477, 5468, 5471, 5457, 5469, 5465, 5460, 5474, 5463, 5478, 5462, 5466, 5472, 5475]"
O24:Monoculture::Gef,random,8,"[5456, 5459, 5477, 5474, 5457, 5463, 5469, 5471, 5460, 5475, 5468, 5478, 5466, 5472, 5462, 5465]"
O24:Monoculture::Gef,random,9,"[5456, 5459, 5477, 5462, 5472, 5468, 5469, 5475, 5474, 5463, 5466, 5478, 5471, 5465, 5457, 5460]"
O24:Monoculture::Gef,random,10,"[5456, 5459, 5477, 5460, 5474, 5472, 5463, 5469, 5462, 5465, 5475, 5478, 5466, 5468, 5457, 5471]"
O24:Monoculture::Gef,random,11,"[5456, 5459, 5477, 5462, 5475, 5471, 5460, 5468, 5472, 5465, 5466, 5478, 5463, 5474, 5469, 5457]"
O24:Monoculture::Gef,random,12,"[5456, 5459, 5477, 5468, 5460, 5465, 5472, 5474, 5469, 5466, 5457, 5475, 5463, 5462, 5478, 5471]"
O24:Monoculture::Gef,random,13,"[5456, 5459, 5477, 5468, 5460, 5466, 5457, 5465, 5469, 5462, 5471, 5463, 5474, 5475, 5472, 5478]"
O24:Monoculture::Gef,random,14,"[5456, 5459, 5477, 5466, 5478, 5474, 5469, 5463, 5472, 5465, 5468, 5457, 5471, 5475, 5460, 5462]"
O24:Monoculture::Gef,random,15,"[5456, 5459, 5477, 5466, 5463, 5471, 5457, 5468, 5469, 5462, 5474, 5475, 5478, 5465, 5472, 5460]"
O24:Monoculture::Gef,random,16,"[5456, 5459, 5477, 5457, 5474, 5465, 5468, 5471, 5475, 5466, 5469, 5463, 5472, 5460, 5478, 5462]"
O24:Monoculture::Gef,random,17,"[5456, 5459, 5477, 5478, 5468, 5472, 5465, 5475, 5469, 5471, 5460, 5457, 5474, 5462, 5466, 5463]"
O24:Monoculture::Gef,random,18,"[5456, 5459, 5477, 5462, 5468, 5466, 5475, 5457, 5469, 5471, 5465, 5474, 5460, 5472, 5478, 5463]"
O24:Monoculture::Gef,random,19,"[5456, 5459, 5477, 5472, 5471, 5469, 5465, 5457, 5474, 5466, 5462, 5478, 5460, 5463, 5475, 5468]"
O24:Monoculture::Oxa,space_filling,-1,"[5408, 5411, 5429, 5420, 5426, 5423, 5417, 5414, 5409, 5412, 5415, 5418, 5421, 5424, 5427, 5430]"
O24:Monoculture::Oxa,control_first_space,-1,"[5408, 5411, 5429, 5409, 5420, 5426, 5423, 5417, 5414, 5412, 5415, 5418, 5421, 5424, 5427, 5430]"
O24:Monoculture::Oxa,random,0,"[5408, 5411, 5429, 5426, 5414, 5421, 5417, 5418, 5430, 5409, 5415, 5420, 5424, 5427, 5423, 5412]"
O24:Monoculture::Oxa,random,1,"[5408, 5411, 5429, 5412, 5426, 5421, 5424, 5430, 5417, 5418, 5423, 5409, 5414, 5427, 5420, 5415]"
O24:Monoculture::Oxa,random,2,"[5408, 5411, 5429, 5414, 5426, 5421, 5409, 5420, 5424, 5430, 5427, 5418, 5415, 5417, 5423, 5412]"
O24:Monoculture::Oxa,random,3,"[5408, 5411, 5429, 5424, 5430, 5414, 5427, 5409, 5412, 5417, 5421, 5420, 5426, 5418, 5415, 5423]"
O24:Monoculture::Oxa,random,4,"[5408, 5411, 5429, 5412, 5424, 5409, 5414, 5430, 5421, 5426, 5423, 5420, 5417, 5415, 5418, 5427]"
O24:Monoculture::Oxa,random,5,"[5408, 5411, 5429, 5424, 5412, 5415, 5430, 5421, 5414, 5426, 5417, 5420, 5409, 5427, 5418, 5423]"
O24:Monoculture::Oxa,random,6,"[5408, 5411, 5429, 5424, 5426, 5427, 5420, 5417, 5414, 5430, 5423, 5415, 5409, 5418, 5421, 5412]"
O24:Monoculture::Oxa,random,7,"[5408, 5411, 5429, 5420, 5423, 5409, 5421, 5417, 5412, 5426, 5415, 5430, 5414, 5418, 5424, 5427]"
O24:Monoculture::Oxa,random,8,"[5408, 5411, 5429, 5426, 5409, 5415, 5421, 5423, 5412, 5427, 5420, 5430, 5418, 5424, 5414, 5417]"
O24:Monoculture::Oxa,random,9,"[5408, 5411, 5429, 5414, 5424, 5420, 5421, 5427, 5426, 5415, 5418, 5430, 5423, 5417, 5409, 5412]"
O24:Monoculture::Oxa,random,10,"[5408, 5411, 5429, 5412, 5426, 5424, 5415, 5421, 5414, 5417, 5427, 5430, 5418, 5420, 5409, 5423]"
O24:Monoculture::Oxa,random,11,"[5408, 5411, 5429, 5414, 5427, 5423, 5412, 5420, 5424, 5417, 5418, 5430, 5415, 5426, 5421, 5409]"
O24:Monoculture::Oxa,random,12,"[5408, 5411, 5429, 5420, 5412, 5417, 5424, 5426, 5421, 5418, 5409, 5427, 5415, 5414, 5430, 5423]"
O24:Monoculture::Oxa,random,13,"[5408, 5411, 5429, 5420, 5412, 5418, 5409, 5417, 5421, 5414, 5423, 5415, 5426, 5427, 5424, 5430]"
O24:Monoculture::Oxa,random,14,"[5408, 5411, 5429, 5418, 5430, 5426, 5421, 5415, 5424, 5417, 5420, 5409, 5423, 5427, 5412, 5414]"
O24:Monoculture::Oxa,random,15,"[5408, 5411, 5429, 5418, 5415, 5423, 5409, 5420, 5421, 5414, 5426, 5427, 5430, 5417, 5424, 5412]"
O24:Monoculture::Oxa,random,16,"[5408, 5411, 5429, 5409, 5426, 5417, 5420, 5423, 5427, 5418, 5421, 5415, 5424, 5412, 5430, 5414]"
O24:Monoculture::Oxa,random,17,"[5408, 5411, 5429, 5430, 5420, 5424, 5417, 5427, 5421, 5423, 5412, 5409, 5426, 5414, 5418, 5415]"
O24:Monoculture::Oxa,random,18,"[5408, 5411, 5429, 5414, 5420, 5418, 5427, 5409, 5421, 5423, 5417, 5426, 5412, 5424, 5430, 5415]"
O24:Monoculture::Oxa,random,19,"[5408, 5411, 5429, 5424, 5423, 5421, 5417, 5409, 5426, 5418, 5414, 5430, 5412, 5415, 5427, 5420]"
O25:Coculture:F25:Oxa,space_filling,-1,"[5709, 5712, 5730, 5721, 5727, 5724, 5718, 5715, 5710, 5713, 5716, 5719, 5722, 5725, 5728, 5731]"
O25:Coculture:F25:Oxa,control_first_space,-1,"[5709, 5712, 5730, 5710, 5721, 5727, 5724, 5718, 5715, 5713, 5716, 5719, 5722, 5725, 5728, 5731]"
O25:Coculture:F25:Oxa,random,0,"[5709, 5712, 5730, 5727, 5715, 5722, 5718, 5719, 5731, 5710, 5716, 5721, 5725, 5728, 5724, 5713]"
O25:Coculture:F25:Oxa,random,1,"[5709, 5712, 5730, 5713, 5727, 5722, 5725, 5731, 5718, 5719, 5724, 5710, 5715, 5728, 5721, 5716]"
O25:Coculture:F25:Oxa,random,2,"[5709, 5712, 5730, 5715, 5727, 5722, 5710, 5721, 5725, 5731, 5728, 5719, 5716, 5718, 5724, 5713]"
O25:Coculture:F25:Oxa,random,3,"[5709, 5712, 5730, 5725, 5731, 5715, 5728, 5710, 5713, 5718, 5722, 5721, 5727, 5719, 5716, 5724]"
O25:Coculture:F25:Oxa,random,4,"[5709, 5712, 5730, 5713, 5725, 5710, 5715, 5731, 5722, 5727, 5724, 5721, 5718, 5716, 5719, 5728]"
O25:Coculture:F25:Oxa,random,5,"[5709, 5712, 5730, 5725, 5713, 5716, 5731, 5722, 5715, 5727, 5718, 5721, 5710, 5728, 5719, 5724]"
O25:Coculture:F25:Oxa,random,6,"[5709, 5712, 5730, 5725, 5727, 5728, 5721, 5718, 5715, 5731, 5724, 5716, 5710, 5719, 5722, 5713]"
O25:Coculture:F25:Oxa,random,7,"[5709, 5712, 5730, 5721, 5724, 5710, 5722, 5718, 5713, 5727, 5716, 5731, 5715, 5719, 5725, 5728]"
O25:Coculture:F25:Oxa,random,8,"[5709, 5712, 5730, 5727, 5710, 5716, 5722, 5724, 5713, 5728, 5721, 5731, 5719, 5725, 5715, 5718]"
O25:Coculture:F25:Oxa,random,9,"[5709, 5712, 5730, 5715, 5725, 5721, 5722, 5728, 5727, 5716, 5719, 5731, 5724, 5718, 5710, 5713]"
O25:Coculture:F25:Oxa,random,10,"[5709, 5712, 5730, 5713, 5727, 5725, 5716, 5722, 5715, 5718, 5728, 5731, 5719, 5721, 5710, 5724]"
O25:Coculture:F25:Oxa,random,11,"[5709, 5712, 5730, 5715, 5728, 5724, 5713, 5721, 5725, 5718, 5719, 5731, 5716, 5727, 5722, 5710]"
O25:Coculture:F25:Oxa,random,12,"[5709, 5712, 5730, 5721, 5713, 5718, 5725, 5727, 5722, 5719, 5710, 5728, 5716, 5715, 5731, 5724]"
O25:Coculture:F25:Oxa,random,13,"[5709, 5712, 5730, 5721, 5713, 5719, 5710, 5718, 5722, 5715, 5724, 5716, 5727, 5728, 5725, 5731]"
O25:Coculture:F25:Oxa,random,14,"[5709, 5712, 5730, 5719, 5731, 5727, 5722, 5716, 5725, 5718, 5721, 5710, 5724, 5728, 5713, 5715]"
O25:Coculture:F25:Oxa,random,15,"[5709, 5712, 5730, 5719, 5716, 5724, 5710, 5721, 5722, 5715, 5727, 5728, 5731, 5718, 5725, 5713]"
O25:Coculture:F25:Oxa,random,16,"[5709, 5712, 5730, 5710, 5727, 5718, 5721, 5724, 5728, 5719, 5722, 5716, 5725, 5713, 5731, 5715]"
O25:Coculture:F25:Oxa,random,17,"[5709, 5712, 5730, 5731, 5721, 5725, 5718, 5728, 5722, 5724, 5713, 5710, 5727, 5715, 5719, 5716]"
O25:Coculture:F25:Oxa,random,18,"[5709, 5712, 5730, 5715, 5721, 5719, 5728, 5710, 5722, 5724, 5718, 5727, 5713, 5725, 5731, 5716]"
O25:Coculture:F25:Oxa,random,19,"[5709, 5712, 5730, 5725, 5724, 5722, 5718, 5710, 5727, 5719, 5715, 5731, 5713, 5716, 5728, 5721]"
O25:Monoculture::Gef,space_filling,-1,"[5658, 5661, 5679, 5670, 5667, 5676, 5673, 5664, 5659, 5662, 5665, 5668, 5671, 5674, 5677, 5680]"
O25:Monoculture::Gef,control_first_space,-1,"[5658, 5661, 5679, 5659, 5670, 5667, 5676, 5673, 5664, 5662, 5665, 5668, 5671, 5674, 5677, 5680]"
O25:Monoculture::Gef,random,0,"[5658, 5661, 5679, 5676, 5664, 5671, 5667, 5668, 5680, 5659, 5665, 5670, 5674, 5677, 5673, 5662]"
O25:Monoculture::Gef,random,1,"[5658, 5661, 5679, 5662, 5676, 5671, 5674, 5680, 5667, 5668, 5673, 5659, 5664, 5677, 5670, 5665]"
O25:Monoculture::Gef,random,2,"[5658, 5661, 5679, 5664, 5676, 5671, 5659, 5670, 5674, 5680, 5677, 5668, 5665, 5667, 5673, 5662]"
O25:Monoculture::Gef,random,3,"[5658, 5661, 5679, 5674, 5680, 5664, 5677, 5659, 5662, 5667, 5671, 5670, 5676, 5668, 5665, 5673]"
O25:Monoculture::Gef,random,4,"[5658, 5661, 5679, 5662, 5674, 5659, 5664, 5680, 5671, 5676, 5673, 5670, 5667, 5665, 5668, 5677]"
O25:Monoculture::Gef,random,5,"[5658, 5661, 5679, 5674, 5662, 5665, 5680, 5671, 5664, 5676, 5667, 5670, 5659, 5677, 5668, 5673]"
O25:Monoculture::Gef,random,6,"[5658, 5661, 5679, 5674, 5676, 5677, 5670, 5667, 5664, 5680, 5673, 5665, 5659, 5668, 5671, 5662]"
O25:Monoculture::Gef,random,7,"[5658, 5661, 5679, 5670, 5673, 5659, 5671, 5667, 5662, 5676, 5665, 5680, 5664, 5668, 5674, 5677]"
O25:Monoculture::Gef,random,8,"[5658, 5661, 5679, 5676, 5659, 5665, 5671, 5673, 5662, 5677, 5670, 5680, 5668, 5674, 5664, 5667]"
O25:Monoculture::Gef,random,9,"[5658, 5661, 5679, 5664, 5674, 5670, 5671, 5677, 5676, 5665, 5668, 5680, 5673, 5667, 5659, 5662]"
O25:Monoculture::Gef,random,10,"[5658, 5661, 5679, 5662, 5676, 5674, 5665, 5671, 5664, 5667, 5677, 5680, 5668, 5670, 5659, 5673]"
O25:Monoculture::Gef,random,11,"[5658, 5661, 5679, 5664, 5677, 5673, 5662, 5670, 5674, 5667, 5668, 5680, 5665, 5676, 5671, 5659]"
O25:Monoculture::Gef,random,12,"[5658, 5661, 5679, 5670, 5662, 5667, 5674, 5676, 5671, 5668, 5659, 5677, 5665, 5664, 5680, 5673]"
O25:Monoculture::Gef,random,13,"[5658, 5661, 5679, 5670, 5662, 5668, 5659, 5667, 5671, 5664, 5673, 5665, 5676, 5677, 5674, 5680]"
O25:Monoculture::Gef,random,14,"[5658, 5661, 5679, 5668, 5680, 5676, 5671, 5665, 5674, 5667, 5670, 5659, 5673, 5677, 5662, 5664]"
O25:Monoculture::Gef,random,15,"[5658, 5661, 5679, 5668, 5665, 5673, 5659, 5670, 5671, 5664, 5676, 5677, 5680, 5667, 5674, 5662]"
O25:Monoculture::Gef,random,16,"[5658, 5661, 5679, 5659, 5676, 5667, 5670, 5673, 5677, 5668, 5671, 5665, 5674, 5662, 5680, 5664]"
O25:Monoculture::Gef,random,17,"[5658, 5661, 5679, 5680, 5670, 5674, 5667, 5677, 5671, 5673, 5662, 5659, 5676, 5664, 5668, 5665]"
O25:Monoculture::Gef,random,18,"[5658, 5661, 5679, 5664, 5670, 5668, 5677, 5659, 5671, 5673, 5667, 5676, 5662, 5674, 5680, 5665]"
O25:Monoculture::Gef,random,19,"[5658, 5661, 5679, 5674, 5673, 5671, 5667, 5659, 5676, 5668, 5664, 5680, 5662, 5665, 5677, 5670]"
O25:Monoculture::Oxa,space_filling,-1,"[5603, 5606, 5624, 5615, 5621, 5618, 5612, 5609, 5604, 5607, 5610, 5613, 5616, 5619, 5622, 5625]"
O25:Monoculture::Oxa,control_first_space,-1,"[5603, 5606, 5624, 5604, 5615, 5621, 5618, 5612, 5609, 5607, 5610, 5613, 5616, 5619, 5622, 5625]"
O25:Monoculture::Oxa,random,0,"[5603, 5606, 5624, 5621, 5609, 5616, 5612, 5613, 5625, 5604, 5610, 5615, 5619, 5622, 5618, 5607]"
O25:Monoculture::Oxa,random,1,"[5603, 5606, 5624, 5607, 5621, 5616, 5619, 5625, 5612, 5613, 5618, 5604, 5609, 5622, 5615, 5610]"
O25:Monoculture::Oxa,random,2,"[5603, 5606, 5624, 5609, 5621, 5616, 5604, 5615, 5619, 5625, 5622, 5613, 5610, 5612, 5618, 5607]"
O25:Monoculture::Oxa,random,3,"[5603, 5606, 5624, 5619, 5625, 5609, 5622, 5604, 5607, 5612, 5616, 5615, 5621, 5613, 5610, 5618]"
O25:Monoculture::Oxa,random,4,"[5603, 5606, 5624, 5607, 5619, 5604, 5609, 5625, 5616, 5621, 5618, 5615, 5612, 5610, 5613, 5622]"
O25:Monoculture::Oxa,random,5,"[5603, 5606, 5624, 5619, 5607, 5610, 5625, 5616, 5609, 5621, 5612, 5615, 5604, 5622, 5613, 5618]"
O25:Monoculture::Oxa,random,6,"[5603, 5606, 5624, 5619, 5621, 5622, 5615, 5612, 5609, 5625, 5618, 5610, 5604, 5613, 5616, 5607]"
O25:Monoculture::Oxa,random,7,"[5603, 5606, 5624, 5615, 5618, 5604, 5616, 5612, 5607, 5621, 5610, 5625, 5609, 5613, 5619, 5622]"
O25:Monoculture::Oxa,random,8,"[5603, 5606, 5624, 5621, 5604, 5610, 5616, 5618, 5607, 5622, 5615, 5625, 5613, 5619, 5609, 5612]"
O25:Monoculture::Oxa,random,9,"[5603, 5606, 5624, 5609, 5619, 5615, 5616, 5622, 5621, 5610, 5613, 5625, 5618, 5612, 5604, 5607]"
O25:Monoculture::Oxa,random,10,"[5603, 5606, 5624, 5607, 5621, 5619, 5610, 5616, 5609, 5612, 5622, 5625, 5613, 5615, 5604, 5618]"
O25:Monoculture::Oxa,random,11,"[5603, 5606, 5624, 5609, 5622, 5618, 5607, 5615, 5619, 5612, 5613, 5625, 5610, 5621, 5616, 5604]"
O25:Monoculture::Oxa,random,12,"[5603, 5606, 5624, 5615, 5607, 5612, 5619, 5621, 5616, 5613, 5604, 5622, 5610, 5609, 5625, 5618]"
O25:Monoculture::Oxa,random,13,"[5603, 5606, 5624, 5615, 5607, 5613, 5604, 5612, 5616, 5609, 5618, 5610, 5621, 5622, 5619, 5625]"
O25:Monoculture::Oxa,random,14,"[5603, 5606, 5624, 5613, 5625, 5621, 5616, 5610, 5619, 5612, 5615, 5604, 5618, 5622, 5607, 5609]"
O25:Monoculture::Oxa,random,15,"[5603, 5606, 5624, 5613, 5610, 5618, 5604, 5615, 5616, 5609, 5621, 5622, 5625, 5612, 5619, 5607]"
O25:Monoculture::Oxa,random,16,"[5603, 5606, 5624, 5604, 5621, 5612, 5615, 5618, 5622, 5613, 5616, 5610, 5619, 5607, 5625, 5609]"
O25:Monoculture::Oxa,random,17,"[5603, 5606, 5624, 5625, 5615, 5619, 5612, 5622, 5616, 5618, 5607, 5604, 5621, 5609, 5613, 5610]"
O25:Monoculture::Oxa,random,18,"[5603, 5606, 5624, 5609, 5615, 5613, 5622, 5604, 5616, 5618, 5612, 5621, 5607, 5619, 5625, 5610]"
O25:Monoculture::Oxa,random,19,"[5603, 5606, 5624, 5619, 5618, 5616, 5612, 5604, 5621, 5613, 5609, 5625, 5607, 5610, 5622, 5615]"
O26:Coculture:F26:5-FU,space_filling,-1,"[5884, 5887, 5905, 5896, 5902, 5899, 5893, 5890, 5885, 5888, 5891, 5894, 5897, 5900, 5903, 5906]"
O26:Coculture:F26:5-FU,control_first_space,-1,"[5884, 5887, 5905, 5885, 5896, 5902, 5899, 5893, 5890, 5888, 5891, 5894, 5897, 5900, 5903, 5906]"
O26:Coculture:F26:5-FU,random,0,"[5884, 5887, 5905, 5902, 5890, 5897, 5893, 5894, 5906, 5885, 5891, 5896, 5900, 5903, 5899, 5888]"
O26:Coculture:F26:5-FU,random,1,"[5884, 5887, 5905, 5888, 5902, 5897, 5900, 5906, 5893, 5894, 5899, 5885, 5890, 5903, 5896, 5891]"
O26:Coculture:F26:5-FU,random,2,"[5884, 5887, 5905, 5890, 5902, 5897, 5885, 5896, 5900, 5906, 5903, 5894, 5891, 5893, 5899, 5888]"
O26:Coculture:F26:5-FU,random,3,"[5884, 5887, 5905, 5900, 5906, 5890, 5903, 5885, 5888, 5893, 5897, 5896, 5902, 5894, 5891, 5899]"
O26:Coculture:F26:5-FU,random,4,"[5884, 5887, 5905, 5888, 5900, 5885, 5890, 5906, 5897, 5902, 5899, 5896, 5893, 5891, 5894, 5903]"
O26:Coculture:F26:5-FU,random,5,"[5884, 5887, 5905, 5900, 5888, 5891, 5906, 5897, 5890, 5902, 5893, 5896, 5885, 5903, 5894, 5899]"
O26:Coculture:F26:5-FU,random,6,"[5884, 5887, 5905, 5900, 5902, 5903, 5896, 5893, 5890, 5906, 5899, 5891, 5885, 5894, 5897, 5888]"
O26:Coculture:F26:5-FU,random,7,"[5884, 5887, 5905, 5896, 5899, 5885, 5897, 5893, 5888, 5902, 5891, 5906, 5890, 5894, 5900, 5903]"
O26:Coculture:F26:5-FU,random,8,"[5884, 5887, 5905, 5902, 5885, 5891, 5897, 5899, 5888, 5903, 5896, 5906, 5894, 5900, 5890, 5893]"
O26:Coculture:F26:5-FU,random,9,"[5884, 5887, 5905, 5890, 5900, 5896, 5897, 5903, 5902, 5891, 5894, 5906, 5899, 5893, 5885, 5888]"
O26:Coculture:F26:5-FU,random,10,"[5884, 5887, 5905, 5888, 5902, 5900, 5891, 5897, 5890, 5893, 5903, 5906, 5894, 5896, 5885, 5899]"
O26:Coculture:F26:5-FU,random,11,"[5884, 5887, 5905, 5890, 5903, 5899, 5888, 5896, 5900, 5893, 5894, 5906, 5891, 5902, 5897, 5885]"
O26:Coculture:F26:5-FU,random,12,"[5884, 5887, 5905, 5896, 5888, 5893, 5900, 5902, 5897, 5894, 5885, 5903, 5891, 5890, 5906, 5899]"
O26:Coculture:F26:5-FU,random,13,"[5884, 5887, 5905, 5896, 5888, 5894, 5885, 5893, 5897, 5890, 5899, 5891, 5902, 5903, 5900, 5906]"
O26:Coculture:F26:5-FU,random,14,"[5884, 5887, 5905, 5894, 5906, 5902, 5897, 5891, 5900, 5893, 5896, 5885, 5899, 5903, 5888, 5890]"
O26:Coculture:F26:5-FU,random,15,"[5884, 5887, 5905, 5894, 5891, 5899, 5885, 5896, 5897, 5890, 5902, 5903, 5906, 5893, 5900, 5888]"
O26:Coculture:F26:5-FU,random,16,"[5884, 5887, 5905, 5885, 5902, 5893, 5896, 5899, 5903, 5894, 5897, 5891, 5900, 5888, 5906, 5890]"
O26:Coculture:F26:5-FU,random,17,"[5884, 5887, 5905, 5906, 5896, 5900, 5893, 5903, 5897, 5899, 5888, 5885, 5902, 5890, 5894, 5891]"
O26:Coculture:F26:5-FU,random,18,"[5884, 5887, 5905, 5890, 5896, 5894, 5903, 5885, 5897, 5899, 5893, 5902, 5888, 5900, 5906, 5891]"
O26:Coculture:F26:5-FU,random,19,"[5884, 5887, 5905, 5900, 5899, 5897, 5893, 5885, 5902, 5894, 5890, 5906, 5888, 5891, 5903, 5896]"
O26:Coculture:F26:Oxa,space_filling,-1,"[5908, 5911, 5929, 5920, 5926, 5923, 5917, 5914, 5909, 5912, 5915, 5918, 5921, 5924, 5927, 5930]"
O26:Coculture:F26:Oxa,control_first_space,-1,"[5908, 5911, 5929, 5909, 5920, 5926, 5923, 5917, 5914, 5912, 5915, 5918, 5921, 5924, 5927, 5930]"
O26:Coculture:F26:Oxa,random,0,"[5908, 5911, 5929, 5926, 5914, 5921, 5917, 5918, 5930, 5909, 5915, 5920, 5924, 5927, 5923, 5912]"
O26:Coculture:F26:Oxa,random,1,"[5908, 5911, 5929, 5912, 5926, 5921, 5924, 5930, 5917, 5918, 5923, 5909, 5914, 5927, 5920, 5915]"
O26:Coculture:F26:Oxa,random,2,"[5908, 5911, 5929, 5914, 5926, 5921, 5909, 5920, 5924, 5930, 5927, 5918, 5915, 5917, 5923, 5912]"
O26:Coculture:F26:Oxa,random,3,"[5908, 5911, 5929, 5924, 5930, 5914, 5927, 5909, 5912, 5917, 5921, 5920, 5926, 5918, 5915, 5923]"
O26:Coculture:F26:Oxa,random,4,"[5908, 5911, 5929, 5912, 5924, 5909, 5914, 5930, 5921, 5926, 5923, 5920, 5917, 5915, 5918, 5927]"
O26:Coculture:F26:Oxa,random,5,"[5908, 5911, 5929, 5924, 5912, 5915, 5930, 5921, 5914, 5926, 5917, 5920, 5909, 5927, 5918, 5923]"
O26:Coculture:F26:Oxa,random,6,"[5908, 5911, 5929, 5924, 5926, 5927, 5920, 5917, 5914, 5930, 5923, 5915, 5909, 5918, 5921, 5912]"
O26:Coculture:F26:Oxa,random,7,"[5908, 5911, 5929, 5920, 5923, 5909, 5921, 5917, 5912, 5926, 5915, 5930, 5914, 5918, 5924, 5927]"
O26:Coculture:F26:Oxa,random,8,"[5908, 5911, 5929, 5926, 5909, 5915, 5921, 5923, 5912, 5927, 5920, 5930, 5918, 5924, 5914, 5917]"
O26:Coculture:F26:Oxa,random,9,"[5908, 5911, 5929, 5914, 5924, 5920, 5921, 5927, 5926, 5915, 5918, 5930, 5923, 5917, 5909, 5912]"
O26:Coculture:F26:Oxa,random,10,"[5908, 5911, 5929, 5912, 5926, 5924, 5915, 5921, 5914, 5917, 5927, 5930, 5918, 5920, 5909, 5923]"
O26:Coculture:F26:Oxa,random,11,"[5908, 5911, 5929, 5914, 5927, 5923, 5912, 5920, 5924, 5917, 5918, 5930, 5915, 5926, 5921, 5909]"
O26:Coculture:F26:Oxa,random,12,"[5908, 5911, 5929, 5920, 5912, 5917, 5924, 5926, 5921, 5918, 5909, 5927, 5915, 5914, 5930, 5923]"
O26:Coculture:F26:Oxa,random,13,"[5908, 5911, 5929, 5920, 5912, 5918, 5909, 5917, 5921, 5914, 5923, 5915, 5926, 5927, 5924, 5930]"
O26:Coculture:F26:Oxa,random,14,"[5908, 5911, 5929, 5918, 5930, 5926, 5921, 5915, 5924, 5917, 5920, 5909, 5923, 5927, 5912, 5914]"
O26:Coculture:F26:Oxa,random,15,"[5908, 5911, 5929, 5918, 5915, 5923, 5909, 5920, 5921, 5914, 5926, 5927, 5930, 5917, 5924, 5912]"
O26:Coculture:F26:Oxa,random,16,"[5908, 5911, 5929, 5909, 5926, 5917, 5920, 5923, 5927, 5918, 5921, 5915, 5924, 5912, 5930, 5914]"
O26:Coculture:F26:Oxa,random,17,"[5908, 5911, 5929, 5930, 5920, 5924, 5917, 5927, 5921, 5923, 5912, 5909, 5926, 5914, 5918, 5915]"
O26:Coculture:F26:Oxa,random,18,"[5908, 5911, 5929, 5914, 5920, 5918, 5927, 5909, 5921, 5923, 5917, 5926, 5912, 5924, 5930, 5915]"
O26:Coculture:F26:Oxa,random,19,"[5908, 5911, 5929, 5924, 5923, 5921, 5917, 5909, 5926, 5918, 5914, 5930, 5912, 5915, 5927, 5920]"
O26:Coculture:F26:SN-38,space_filling,-1,"[5932, 5935, 5953, 5944, 5950, 5947, 5941, 5938, 5933, 5936, 5939, 5942, 5945, 5948, 5951, 5954]"
O26:Coculture:F26:SN-38,control_first_space,-1,"[5932, 5935, 5953, 5933, 5944, 5950, 5947, 5941, 5938, 5936, 5939, 5942, 5945, 5948, 5951, 5954]"
O26:Coculture:F26:SN-38,random,0,"[5932, 5935, 5953, 5950, 5938, 5945, 5941, 5942, 5954, 5933, 5939, 5944, 5948, 5951, 5947, 5936]"
O26:Coculture:F26:SN-38,random,1,"[5932, 5935, 5953, 5936, 5950, 5945, 5948, 5954, 5941, 5942, 5947, 5933, 5938, 5951, 5944, 5939]"
O26:Coculture:F26:SN-38,random,2,"[5932, 5935, 5953, 5938, 5950, 5945, 5933, 5944, 5948, 5954, 5951, 5942, 5939, 5941, 5947, 5936]"
O26:Coculture:F26:SN-38,random,3,"[5932, 5935, 5953, 5948, 5954, 5938, 5951, 5933, 5936, 5941, 5945, 5944, 5950, 5942, 5939, 5947]"
O26:Coculture:F26:SN-38,random,4,"[5932, 5935, 5953, 5936, 5948, 5933, 5938, 5954, 5945, 5950, 5947, 5944, 5941, 5939, 5942, 5951]"
O26:Coculture:F26:SN-38,random,5,"[5932, 5935, 5953, 5948, 5936, 5939, 5954, 5945, 5938, 5950, 5941, 5944, 5933, 5951, 5942, 5947]"
O26:Coculture:F26:SN-38,random,6,"[5932, 5935, 5953, 5948, 5950, 5951, 5944, 5941, 5938, 5954, 5947, 5939, 5933, 5942, 5945, 5936]"
O26:Coculture:F26:SN-38,random,7,"[5932, 5935, 5953, 5944, 5947, 5933, 5945, 5941, 5936, 5950, 5939, 5954, 5938, 5942, 5948, 5951]"
O26:Coculture:F26:SN-38,random,8,"[5932, 5935, 5953, 5950, 5933, 5939, 5945, 5947, 5936, 5951, 5944, 5954, 5942, 5948, 5938, 5941]"
O26:Coculture:F26:SN-38,random,9,"[5932, 5935, 5953, 5938, 5948, 5944, 5945, 5951, 5950, 5939, 5942, 5954, 5947, 5941, 5933, 5936]"
O26:Coculture:F26:SN-38,random,10,"[5932, 5935, 5953, 5936, 5950, 5948, 5939, 5945, 5938, 5941, 5951, 5954, 5942, 5944, 5933, 5947]"
O26:Coculture:F26:SN-38,random,11,"[5932, 5935, 5953, 5938, 5951, 5947, 5936, 5944, 5948, 5941, 5942, 5954, 5939, 5950, 5945, 5933]"
O26:Coculture:F26:SN-38,random,12,"[5932, 5935, 5953, 5944, 5936, 5941, 5948, 5950, 5945, 5942, 5933, 5951, 5939, 5938, 5954, 5947]"
O26:Coculture:F26:SN-38,random,13,"[5932, 5935, 5953, 5944, 5936, 5942, 5933, 5941, 5945, 5938, 5947, 5939, 5950, 5951, 5948, 5954]"
O26:Coculture:F26:SN-38,random,14,"[5932, 5935, 5953, 5942, 5954, 5950, 5945, 5939, 5948, 5941, 5944, 5933, 5947, 5951, 5936, 5938]"
O26:Coculture:F26:SN-38,random,15,"[5932, 5935, 5953, 5942, 5939, 5947, 5933, 5944, 5945, 5938, 5950, 5951, 5954, 5941, 5948, 5936]"
O26:Coculture:F26:SN-38,random,16,"[5932, 5935, 5953, 5933, 5950, 5941, 5944, 5947, 5951, 5942, 5945, 5939, 5948, 5936, 5954, 5938]"
O26:Coculture:F26:SN-38,random,17,"[5932, 5935, 5953, 5954, 5944, 5948, 5941, 5951, 5945, 5947, 5936, 5933, 5950, 5938, 5942, 5939]"
O26:Coculture:F26:SN-38,random,18,"[5932, 5935, 5953, 5938, 5944, 5942, 5951, 5933, 5945, 5947, 5941, 5950, 5936, 5948, 5954, 5939]"
O26:Coculture:F26:SN-38,random,19,"[5932, 5935, 5953, 5948, 5947, 5945, 5941, 5933, 5950, 5942, 5938, 5954, 5936, 5939, 5951, 5944]"
O26:Monoculture::Oxa,space_filling,-1,"[5812, 5815, 5833, 5824, 5830, 5827, 5821, 5818, 5813, 5816, 5819, 5822, 5825, 5828, 5831, 5834]"
O26:Monoculture::Oxa,control_first_space,-1,"[5812, 5815, 5833, 5813, 5824, 5830, 5827, 5821, 5818, 5816, 5819, 5822, 5825, 5828, 5831, 5834]"
O26:Monoculture::Oxa,random,0,"[5812, 5815, 5833, 5830, 5818, 5825, 5821, 5822, 5834, 5813, 5819, 5824, 5828, 5831, 5827, 5816]"
O26:Monoculture::Oxa,random,1,"[5812, 5815, 5833, 5816, 5830, 5825, 5828, 5834, 5821, 5822, 5827, 5813, 5818, 5831, 5824, 5819]"
O26:Monoculture::Oxa,random,2,"[5812, 5815, 5833, 5818, 5830, 5825, 5813, 5824, 5828, 5834, 5831, 5822, 5819, 5821, 5827, 5816]"
O26:Monoculture::Oxa,random,3,"[5812, 5815, 5833, 5828, 5834, 5818, 5831, 5813, 5816, 5821, 5825, 5824, 5830, 5822, 5819, 5827]"
O26:Monoculture::Oxa,random,4,"[5812, 5815, 5833, 5816, 5828, 5813, 5818, 5834, 5825, 5830, 5827, 5824, 5821, 5819, 5822, 5831]"
O26:Monoculture::Oxa,random,5,"[5812, 5815, 5833, 5828, 5816, 5819, 5834, 5825, 5818, 5830, 5821, 5824, 5813, 5831, 5822, 5827]"
O26:Monoculture::Oxa,random,6,"[5812, 5815, 5833, 5828, 5830, 5831, 5824, 5821, 5818, 5834, 5827, 5819, 5813, 5822, 5825, 5816]"
O26:Monoculture::Oxa,random,7,"[5812, 5815, 5833, 5824, 5827, 5813, 5825, 5821, 5816, 5830, 5819, 5834, 5818, 5822, 5828, 5831]"
O26:Monoculture::Oxa,random,8,"[5812, 5815, 5833, 5830, 5813, 5819, 5825, 5827, 5816, 5831, 5824, 5834, 5822, 5828, 5818, 5821]"
O26:Monoculture::Oxa,random,9,"[5812, 5815, 5833, 5818, 5828, 5824, 5825, 5831, 5830, 5819, 5822, 5834, 5827, 5821, 5813, 5816]"
O26:Monoculture::Oxa,random,10,"[5812, 5815, 5833, 5816, 5830, 5828, 5819, 5825, 5818, 5821, 5831, 5834, 5822, 5824, 5813, 5827]"
O26:Monoculture::Oxa,random,11,"[5812, 5815, 5833, 5818, 5831, 5827, 5816, 5824, 5828, 5821, 5822, 5834, 5819, 5830, 5825, 5813]"
O26:Monoculture::Oxa,random,12,"[5812, 5815, 5833, 5824, 5816, 5821, 5828, 5830, 5825, 5822, 5813, 5831, 5819, 5818, 5834, 5827]"
O26:Monoculture::Oxa,random,13,"[5812, 5815, 5833, 5824, 5816, 5822, 5813, 5821, 5825, 5818, 5827, 5819, 5830, 5831, 5828, 5834]"
O26:Monoculture::Oxa,random,14,"[5812, 5815, 5833, 5822, 5834, 5830, 5825, 5819, 5828, 5821, 5824, 5813, 5827, 5831, 5816, 5818]"
O26:Monoculture::Oxa,random,15,"[5812, 5815, 5833, 5822, 5819, 5827, 5813, 5824, 5825, 5818, 5830, 5831, 5834, 5821, 5828, 5816]"
O26:Monoculture::Oxa,random,16,"[5812, 5815, 5833, 5813, 5830, 5821, 5824, 5827, 5831, 5822, 5825, 5819, 5828, 5816, 5834, 5818]"
O26:Monoculture::Oxa,random,17,"[5812, 5815, 5833, 5834, 5824, 5828, 5821, 5831, 5825, 5827, 5816, 5813, 5830, 5818, 5822, 5819]"
O26:Monoculture::Oxa,random,18,"[5812, 5815, 5833, 5818, 5824, 5822, 5831, 5813, 5825, 5827, 5821, 5830, 5816, 5828, 5834, 5819]"
O26:Monoculture::Oxa,random,19,"[5812, 5815, 5833, 5828, 5827, 5825, 5821, 5813, 5830, 5822, 5818, 5834, 5816, 5819, 5831, 5824]"
O27:Coculture:F27:SN-38,space_filling,-1,"[6124, 6127, 6145, 6136, 6142, 6139, 6133, 6130, 6125, 6128, 6131, 6134, 6137, 6140, 6143, 6146]"
O27:Coculture:F27:SN-38,control_first_space,-1,"[6124, 6127, 6145, 6125, 6136, 6142, 6139, 6133, 6130, 6128, 6131, 6134, 6137, 6140, 6143, 6146]"
O27:Coculture:F27:SN-38,random,0,"[6124, 6127, 6145, 6142, 6130, 6137, 6133, 6134, 6146, 6125, 6131, 6136, 6140, 6143, 6139, 6128]"
O27:Coculture:F27:SN-38,random,1,"[6124, 6127, 6145, 6128, 6142, 6137, 6140, 6146, 6133, 6134, 6139, 6125, 6130, 6143, 6136, 6131]"
O27:Coculture:F27:SN-38,random,2,"[6124, 6127, 6145, 6130, 6142, 6137, 6125, 6136, 6140, 6146, 6143, 6134, 6131, 6133, 6139, 6128]"
O27:Coculture:F27:SN-38,random,3,"[6124, 6127, 6145, 6140, 6146, 6130, 6143, 6125, 6128, 6133, 6137, 6136, 6142, 6134, 6131, 6139]"
O27:Coculture:F27:SN-38,random,4,"[6124, 6127, 6145, 6128, 6140, 6125, 6130, 6146, 6137, 6142, 6139, 6136, 6133, 6131, 6134, 6143]"
O27:Coculture:F27:SN-38,random,5,"[6124, 6127, 6145, 6140, 6128, 6131, 6146, 6137, 6130, 6142, 6133, 6136, 6125, 6143, 6134, 6139]"
O27:Coculture:F27:SN-38,random,6,"[6124, 6127, 6145, 6140, 6142, 6143, 6136, 6133, 6130, 6146, 6139, 6131, 6125, 6134, 6137, 6128]"
O27:Coculture:F27:SN-38,random,7,"[6124, 6127, 6145, 6136, 6139, 6125, 6137, 6133, 6128, 6142, 6131, 6146, 6130, 6134, 6140, 6143]"
O27:Coculture:F27:SN-38,random,8,"[6124, 6127, 6145, 6142, 6125, 6131, 6137, 6139, 6128, 6143, 6136, 6146, 6134, 6140, 6130, 6133]"
O27:Coculture:F27:SN-38,random,9,"[6124, 6127, 6145, 6130, 6140, 6136, 6137, 6143, 6142, 6131, 6134, 6146, 6139, 6133, 6125, 6128]"
O27:Coculture:F27:SN-38,random,10,"[6124, 6127, 6145, 6128, 6142, 6140, 6131, 6137, 6130, 6133, 6143, 6146, 6134, 6136, 6125, 6139]"
O27:Coculture:F27:SN-38,random,11,"[6124, 6127, 6145, 6130, 6143, 6139, 6128, 6136, 6140, 6133, 6134, 6146, 6131, 6142, 6137, 6125]"
O27:Coculture:F27:SN-38,random,12,"[6124, 6127, 6145, 6136, 6128, 6133, 6140, 6142, 6137, 6134, 6125, 6143, 6131, 6130, 6146, 6139]"
O27:Coculture:F27:SN-38,random,13,"[6124, 6127, 6145, 6136, 6128, 6134, 6125, 6133, 6137, 6130, 6139, 6131, 6142, 6143, 6140, 6146]"
O27:Coculture:F27:SN-38,random,14,"[6124, 6127, 6145, 6134, 6146, 6142, 6137, 6131, 6140, 6133, 6136, 6125, 6139, 6143, 6128, 6130]"
O27:Coculture:F27:SN-38,random,15,"[6124, 6127, 6145, 6134, 6131, 6139, 6125, 6136, 6137, 6130, 6142, 6143, 6146, 6133, 6140, 6128]"
O27:Coculture:F27:SN-38,random,16,"[6124, 6127, 6145, 6125, 6142, 6133, 6136, 6139, 6143, 6134, 6137, 6131, 6140, 6128, 6146, 6130]"
O27:Coculture:F27:SN-38,random,17,"[6124, 6127, 6145, 6146, 6136, 6140, 6133, 6143, 6137, 6139, 6128, 6125, 6142, 6130, 6134, 6131]"
O27:Coculture:F27:SN-38,random,18,"[6124, 6127, 6145, 6130, 6136, 6134, 6143, 6125, 6137, 6139, 6133, 6142, 6128, 6140, 6146, 6131]"
O27:Coculture:F27:SN-38,random,19,"[6124, 6127, 6145, 6140, 6139, 6137, 6133, 6125, 6142, 6134, 6130, 6146, 6128, 6131, 6143, 6136]"
O27:Monoculture::Oxa,space_filling,-1,"[6004, 6007, 6025, 6016, 6022, 6019, 6013, 6010, 6005, 6008, 6011, 6014, 6017, 6020, 6023, 6026]"
O27:Monoculture::Oxa,control_first_space,-1,"[6004, 6007, 6025, 6005, 6016, 6022, 6019, 6013, 6010, 6008, 6011, 6014, 6017, 6020, 6023, 6026]"
O27:Monoculture::Oxa,random,0,"[6004, 6007, 6025, 6022, 6010, 6017, 6013, 6014, 6026, 6005, 6011, 6016, 6020, 6023, 6019, 6008]"
O27:Monoculture::Oxa,random,1,"[6004, 6007, 6025, 6008, 6022, 6017, 6020, 6026, 6013, 6014, 6019, 6005, 6010, 6023, 6016, 6011]"
O27:Monoculture::Oxa,random,2,"[6004, 6007, 6025, 6010, 6022, 6017, 6005, 6016, 6020, 6026, 6023, 6014, 6011, 6013, 6019, 6008]"
O27:Monoculture::Oxa,random,3,"[6004, 6007, 6025, 6020, 6026, 6010, 6023, 6005, 6008, 6013, 6017, 6016, 6022, 6014, 6011, 6019]"
O27:Monoculture::Oxa,random,4,"[6004, 6007, 6025, 6008, 6020, 6005, 6010, 6026, 6017, 6022, 6019, 6016, 6013, 6011, 6014, 6023]"
O27:Monoculture::Oxa,random,5,"[6004, 6007, 6025, 6020, 6008, 6011, 6026, 6017, 6010, 6022, 6013, 6016, 6005, 6023, 6014, 6019]"
O27:Monoculture::Oxa,random,6,"[6004, 6007, 6025, 6020, 6022, 6023, 6016, 6013, 6010, 6026, 6019, 6011, 6005, 6014, 6017, 6008]"
O27:Monoculture::Oxa,random,7,"[6004, 6007, 6025, 6016, 6019, 6005, 6017, 6013, 6008, 6022, 6011, 6026, 6010, 6014, 6020, 6023]"
O27:Monoculture::Oxa,random,8,"[6004, 6007, 6025, 6022, 6005, 6011, 6017, 6019, 6008, 6023, 6016, 6026, 6014, 6020, 6010, 6013]"
O27:Monoculture::Oxa,random,9,"[6004, 6007, 6025, 6010, 6020, 6016, 6017, 6023, 6022, 6011, 6014, 6026, 6019, 6013, 6005, 6008]"
O27:Monoculture::Oxa,random,10,"[6004, 6007, 6025, 6008, 6022, 6020, 6011, 6017, 6010, 6013, 6023, 6026, 6014, 6016, 6005, 6019]"
O27:Monoculture::Oxa,random,11,"[6004, 6007, 6025, 6010, 6023, 6019, 6008, 6016, 6020, 6013, 6014, 6026, 6011, 6022, 6017, 6005]"
O27:Monoculture::Oxa,random,12,"[6004, 6007, 6025, 6016, 6008, 6013, 6020, 6022, 6017, 6014, 6005, 6023, 6011, 6010, 6026, 6019]"
O27:Monoculture::Oxa,random,13,"[6004, 6007, 6025, 6016, 6008, 6014, 6005, 6013, 6017, 6010, 6019, 6011, 6022, 6023, 6020, 6026]"
O27:Monoculture::Oxa,random,14,"[6004, 6007, 6025, 6014, 6026, 6022, 6017, 6011, 6020, 6013, 6016, 6005, 6019, 6023, 6008, 6010]"
O27:Monoculture::Oxa,random,15,"[6004, 6007, 6025, 6014, 6011, 6019, 6005, 6016, 6017, 6010, 6022, 6023, 6026, 6013, 6020, 6008]"
O27:Monoculture::Oxa,random,16,"[6004, 6007, 6025, 6005, 6022, 6013, 6016, 6019, 6023, 6014, 6017, 6011, 6020, 6008, 6026, 6010]"
O27:Monoculture::Oxa,random,17,"[6004, 6007, 6025, 6026, 6016, 6020, 6013, 6023, 6017, 6019, 6008, 6005, 6022, 6010, 6014, 6011]"
O27:Monoculture::Oxa,random,18,"[6004, 6007, 6025, 6010, 6016, 6014, 6023, 6005, 6017, 6019, 6013, 6022, 6008, 6020, 6026, 6011]"
O27:Monoculture::Oxa,random,19,"[6004, 6007, 6025, 6020, 6019, 6017, 6013, 6005, 6022, 6014, 6010, 6026, 6008, 6011, 6023, 6016]"
O27:Monoculture::SN-38,space_filling,-1,"[6028, 6031, 6049, 6040, 6046, 6043, 6037, 6034, 6029, 6032, 6035, 6038, 6041, 6044, 6047, 6050]"
O27:Monoculture::SN-38,control_first_space,-1,"[6028, 6031, 6049, 6029, 6040, 6046, 6043, 6037, 6034, 6032, 6035, 6038, 6041, 6044, 6047, 6050]"
O27:Monoculture::SN-38,random,0,"[6028, 6031, 6049, 6046, 6034, 6041, 6037, 6038, 6050, 6029, 6035, 6040, 6044, 6047, 6043, 6032]"
O27:Monoculture::SN-38,random,1,"[6028, 6031, 6049, 6032, 6046, 6041, 6044, 6050, 6037, 6038, 6043, 6029, 6034, 6047, 6040, 6035]"
O27:Monoculture::SN-38,random,2,"[6028, 6031, 6049, 6034, 6046, 6041, 6029, 6040, 6044, 6050, 6047, 6038, 6035, 6037, 6043, 6032]"
O27:Monoculture::SN-38,random,3,"[6028, 6031, 6049, 6044, 6050, 6034, 6047, 6029, 6032, 6037, 6041, 6040, 6046, 6038, 6035, 6043]"
O27:Monoculture::SN-38,random,4,"[6028, 6031, 6049, 6032, 6044, 6029, 6034, 6050, 6041, 6046, 6043, 6040, 6037, 6035, 6038, 6047]"
O27:Monoculture::SN-38,random,5,"[6028, 6031, 6049, 6044, 6032, 6035, 6050, 6041, 6034, 6046, 6037, 6040, 6029, 6047, 6038, 6043]"
O27:Monoculture::SN-38,random,6,"[6028, 6031, 6049, 6044, 6046, 6047, 6040, 6037, 6034, 6050, 6043, 6035, 6029, 6038, 6041, 6032]"
O27:Monoculture::SN-38,random,7,"[6028, 6031, 6049, 6040, 6043, 6029, 6041, 6037, 6032, 6046, 6035, 6050, 6034, 6038, 6044, 6047]"
O27:Monoculture::SN-38,random,8,"[6028, 6031, 6049, 6046, 6029, 6035, 6041, 6043, 6032, 6047, 6040, 6050, 6038, 6044, 6034, 6037]"
O27:Monoculture::SN-38,random,9,"[6028, 6031, 6049, 6034, 6044, 6040, 6041, 6047, 6046, 6035, 6038, 6050, 6043, 6037, 6029, 6032]"
O27:Monoculture::SN-38,random,10,"[6028, 6031, 6049, 6032, 6046, 6044, 6035, 6041, 6034, 6037, 6047, 6050, 6038, 6040, 6029, 6043]"
O27:Monoculture::SN-38,random,11,"[6028, 6031, 6049, 6034, 6047, 6043, 6032, 6040, 6044, 6037, 6038, 6050, 6035, 6046, 6041, 6029]"
O27:Monoculture::SN-38,random,12,"[6028, 6031, 6049, 6040, 6032, 6037, 6044, 6046, 6041, 6038, 6029, 6047, 6035, 6034, 6050, 6043]"
O27:Monoculture::SN-38,random,13,"[6028, 6031, 6049, 6040, 6032, 6038, 6029, 6037, 6041, 6034, 6043, 6035, 6046, 6047, 6044, 6050]"
O27:Monoculture::SN-38,random,14,"[6028, 6031, 6049, 6038, 6050, 6046, 6041, 6035, 6044, 6037, 6040, 6029, 6043, 6047, 6032, 6034]"
O27:Monoculture::SN-38,random,15,"[6028, 6031, 6049, 6038, 6035, 6043, 6029, 6040, 6041, 6034, 6046, 6047, 6050, 6037, 6044, 6032]"
O27:Monoculture::SN-38,random,16,"[6028, 6031, 6049, 6029, 6046, 6037, 6040, 6043, 6047, 6038, 6041, 6035, 6044, 6032, 6050, 6034]"
O27:Monoculture::SN-38,random,17,"[6028, 6031, 6049, 6050, 6040, 6044, 6037, 6047, 6041, 6043, 6032, 6029, 6046, 6034, 6038, 6035]"
O27:Monoculture::SN-38,random,18,"[6028, 6031, 6049, 6034, 6040, 6038, 6047, 6029, 6041, 6043, 6037, 6046, 6032, 6044, 6050, 6035]"
O27:Monoculture::SN-38,random,19,"[6028, 6031, 6049, 6044, 6043, 6041, 6037, 6029, 6046, 6038, 6034, 6050, 6032, 6035, 6047, 6040]"
O28:Coculture:F28:Oxa,space_filling,-1,"[6298, 6301, 6319, 6310, 6316, 6313, 6307, 6304, 6299, 6302, 6305, 6308, 6311, 6314, 6317, 6320]"
O28:Coculture:F28:Oxa,control_first_space,-1,"[6298, 6301, 6319, 6299, 6310, 6316, 6313, 6307, 6304, 6302, 6305, 6308, 6311, 6314, 6317, 6320]"
O28:Coculture:F28:Oxa,random,0,"[6298, 6301, 6319, 6316, 6304, 6311, 6307, 6308, 6320, 6299, 6305, 6310, 6314, 6317, 6313, 6302]"
O28:Coculture:F28:Oxa,random,1,"[6298, 6301, 6319, 6302, 6316, 6311, 6314, 6320, 6307, 6308, 6313, 6299, 6304, 6317, 6310, 6305]"
O28:Coculture:F28:Oxa,random,2,"[6298, 6301, 6319, 6304, 6316, 6311, 6299, 6310, 6314, 6320, 6317, 6308, 6305, 6307, 6313, 6302]"
O28:Coculture:F28:Oxa,random,3,"[6298, 6301, 6319, 6314, 6320, 6304, 6317, 6299, 6302, 6307, 6311, 6310, 6316, 6308, 6305, 6313]"
O28:Coculture:F28:Oxa,random,4,"[6298, 6301, 6319, 6302, 6314, 6299, 6304, 6320, 6311, 6316, 6313, 6310, 6307, 6305, 6308, 6317]"
O28:Coculture:F28:Oxa,random,5,"[6298, 6301, 6319, 6314, 6302, 6305, 6320, 6311, 6304, 6316, 6307, 6310, 6299, 6317, 6308, 6313]"
O28:Coculture:F28:Oxa,random,6,"[6298, 6301, 6319, 6314, 6316, 6317, 6310, 6307, 6304, 6320, 6313, 6305, 6299, 6308, 6311, 6302]"
O28:Coculture:F28:Oxa,random,7,"[6298, 6301, 6319, 6310, 6313, 6299, 6311, 6307, 6302, 6316, 6305, 6320, 6304, 6308, 6314, 6317]"
O28:Coculture:F28:Oxa,random,8,"[6298, 6301, 6319, 6316, 6299, 6305, 6311, 6313, 6302, 6317, 6310, 6320, 6308, 6314, 6304, 6307]"
O28:Coculture:F28:Oxa,random,9,"[6298, 6301, 6319, 6304, 6314, 6310, 6311, 6317, 6316, 6305, 6308, 6320, 6313, 6307, 6299, 6302]"
O28:Coculture:F28:Oxa,random,10,"[6298, 6301, 6319, 6302, 6316, 6314, 6305, 6311, 6304, 6307, 6317, 6320, 6308, 6310, 6299, 6313]"
O28:Coculture:F28:Oxa,random,11,"[6298, 6301, 6319, 6304, 6317, 6313, 6302, 6310, 6314, 6307, 6308, 6320, 6305, 6316, 6311, 6299]"
O28:Coculture:F28:Oxa,random,12,"[6298, 6301, 6319, 6310, 6302, 6307, 6314, 6316, 6311, 6308, 6299, 6317, 6305, 6304, 6320, 6313]"
O28:Coculture:F28:Oxa,random,13,"[6298, 6301, 6319, 6310, 6302, 6308, 6299, 6307, 6311, 6304, 6313, 6305, 6316, 6317, 6314, 6320]"
O28:Coculture:F28:Oxa,random,14,"[6298, 6301, 6319, 6308, 6320, 6316, 6311, 6305, 6314, 6307, 6310, 6299, 6313, 6317, 6302, 6304]"
O28:Coculture:F28:Oxa,random,15,"[6298, 6301, 6319, 6308, 6305, 6313, 6299, 6310, 6311, 6304, 6316, 6317, 6320, 6307, 6314, 6302]"
O28:Coculture:F28:Oxa,random,16,"[6298, 6301, 6319, 6299, 6316, 6307, 6310, 6313, 6317, 6308, 6311, 6305, 6314, 6302, 6320, 6304]"
O28:Coculture:F28:Oxa,random,17,"[6298, 6301, 6319, 6320, 6310, 6314, 6307, 6317, 6311, 6313, 6302, 6299, 6316, 6304, 6308, 6305]"
O28:Coculture:F28:Oxa,random,18,"[6298, 6301, 6319, 6304, 6310, 6308, 6317, 6299, 6311, 6313, 6307, 6316, 6302, 6314, 6320, 6305]"
O28:Coculture:F28:Oxa,random,19,"[6298, 6301, 6319, 6314, 6313, 6311, 6307, 6299, 6316, 6308, 6304, 6320, 6302, 6305, 6317, 6310]"
O28:Monoculture::Oxa,space_filling,-1,"[6199, 6202, 6220, 6211, 6217, 6214, 6208, 6205, 6200, 6203, 6206, 6209, 6212, 6215, 6218, 6221]"
O28:Monoculture::Oxa,control_first_space,-1,"[6199, 6202, 6220, 6200, 6211, 6217, 6214, 6208, 6205, 6203, 6206, 6209, 6212, 6215, 6218, 6221]"
O28:Monoculture::Oxa,random,0,"[6199, 6202, 6220, 6217, 6205, 6212, 6208, 6209, 6221, 6200, 6206, 6211, 6215, 6218, 6214, 6203]"
O28:Monoculture::Oxa,random,1,"[6199, 6202, 6220, 6203, 6217, 6212, 6215, 6221, 6208, 6209, 6214, 6200, 6205, 6218, 6211, 6206]"
O28:Monoculture::Oxa,random,2,"[6199, 6202, 6220, 6205, 6217, 6212, 6200, 6211, 6215, 6221, 6218, 6209, 6206, 6208, 6214, 6203]"
O28:Monoculture::Oxa,random,3,"[6199, 6202, 6220, 6215, 6221, 6205, 6218, 6200, 6203, 6208, 6212, 6211, 6217, 6209, 6206, 6214]"
O28:Monoculture::Oxa,random,4,"[6199, 6202, 6220, 6203, 6215, 6200, 6205, 6221, 6212, 6217, 6214, 6211, 6208, 6206, 6209, 6218]"
O28:Monoculture::Oxa,random,5,"[6199, 6202, 6220, 6215, 6203, 6206, 6221, 6212, 6205, 6217, 6208, 6211, 6200, 6218, 6209, 6214]"
O28:Monoculture::Oxa,random,6,"[6199, 6202, 6220, 6215, 6217, 6218, 6211, 6208, 6205, 6221, 6214, 6206, 6200, 6209, 6212, 6203]"
O28:Monoculture::Oxa,random,7,"[6199, 6202, 6220, 6211, 6214, 6200, 6212, 6208, 6203, 6217, 6206, 6221, 6205, 6209, 6215, 6218]"
O28:Monoculture::Oxa,random,8,"[6199, 6202, 6220, 6217, 6200, 6206, 6212, 6214, 6203, 6218, 6211, 6221, 6209, 6215, 6205, 6208]"
O28:Monoculture::Oxa,random,9,"[6199, 6202, 6220, 6205, 6215, 6211, 6212, 6218, 6217, 6206, 6209, 6221, 6214, 6208, 6200, 6203]"
O28:Monoculture::Oxa,random,10,"[6199, 6202, 6220, 6203, 6217, 6215, 6206, 6212, 6205, 6208, 6218, 6221, 6209, 6211, 6200, 6214]"
O28:Monoculture::Oxa,random,11,"[6199, 6202, 6220, 6205, 6218, 6214, 6203, 6211, 6215, 6208, 6209, 6221, 6206, 6217, 6212, 6200]"
O28:Monoculture::Oxa,random,12,"[6199, 6202, 6220, 6211, 6203, 6208, 6215, 6217, 6212, 6209, 6200, 6218, 6206, 6205, 6221, 6214]"
O28:Monoculture::Oxa,random,13,"[6199, 6202, 6220, 6211, 6203, 6209, 6200, 6208, 6212, 6205, 6214, 6206, 6217, 6218, 6215, 6221]"
O28:Monoculture::Oxa,random,14,"[6199, 6202, 6220, 6209, 6221, 6217, 6212, 6206, 6215, 6208, 6211, 6200, 6214, 6218, 6203, 6205]"
O28:Monoculture::Oxa,random,15,"[6199, 6202, 6220, 6209, 6206, 6214, 6200, 6211, 6212, 6205, 6217, 6218, 6221, 6208, 6215, 6203]"
O28:Monoculture::Oxa,random,16,"[6199, 6202, 6220, 6200, 6217, 6208, 6211, 6214, 6218, 6209, 6212, 6206, 6215, 6203, 6221, 6205]"
O28:Monoculture::Oxa,random,17,"[6199, 6202, 6220, 6221, 6211, 6215, 6208, 6218, 6212, 6214, 6203, 6200, 6217, 6205, 6209, 6206]"
O28:Monoculture::Oxa,random,18,"[6199, 6202, 6220, 6205, 6211, 6209, 6218, 6200, 6212, 6214, 6208, 6217, 6203, 6215, 6221, 6206]"
O28:Monoculture::Oxa,random,19,"[6199, 6202, 6220, 6215, 6214, 6212, 6208, 6200, 6217, 6209, 6205, 6221, 6203, 6206, 6218, 6211]"
O29:Coculture:F14:5-FU,space_filling,-1,"[6466, 6469, 6487, 6478, 6484, 6481, 6475, 6472, 6467, 6470, 6473, 6476, 6479, 6482, 6485, 6488]"
O29:Coculture:F14:5-FU,control_first_space,-1,"[6466, 6469, 6487, 6467, 6478, 6484, 6481, 6475, 6472, 6470, 6473, 6476, 6479, 6482, 6485, 6488]"
O29:Coculture:F14:5-FU,random,0,"[6466, 6469, 6487, 6484, 6472, 6479, 6475, 6476, 6488, 6467, 6473, 6478, 6482, 6485, 6481, 6470]"
O29:Coculture:F14:5-FU,random,1,"[6466, 6469, 6487, 6470, 6484, 6479, 6482, 6488, 6475, 6476, 6481, 6467, 6472, 6485, 6478, 6473]"
O29:Coculture:F14:5-FU,random,2,"[6466, 6469, 6487, 6472, 6484, 6479, 6467, 6478, 6482, 6488, 6485, 6476, 6473, 6475, 6481, 6470]"
O29:Coculture:F14:5-FU,random,3,"[6466, 6469, 6487, 6482, 6488, 6472, 6485, 6467, 6470, 6475, 6479, 6478, 6484, 6476, 6473, 6481]"
O29:Coculture:F14:5-FU,random,4,"[6466, 6469, 6487, 6470, 6482, 6467, 6472, 6488, 6479, 6484, 6481, 6478, 6475, 6473, 6476, 6485]"
O29:Coculture:F14:5-FU,random,5,"[6466, 6469, 6487, 6482, 6470, 6473, 6488, 6479, 6472, 6484, 6475, 6478, 6467, 6485, 6476, 6481]"
O29:Coculture:F14:5-FU,random,6,"[6466, 6469, 6487, 6482, 6484, 6485, 6478, 6475, 6472, 6488, 6481, 6473, 6467, 6476, 6479, 6470]"
O29:Coculture:F14:5-FU,random,7,"[6466, 6469, 6487, 6478, 6481, 6467, 6479, 6475, 6470, 6484, 6473, 6488, 6472, 6476, 6482, 6485]"
O29:Coculture:F14:5-FU,random,8,"[6466, 6469, 6487, 6484, 6467, 6473, 6479, 6481, 6470, 6485, 6478, 6488, 6476, 6482, 6472, 6475]"
O29:Coculture:F14:5-FU,random,9,"[6466, 6469, 6487, 6472, 6482, 6478, 6479, 6485, 6484, 6473, 6476, 6488, 6481, 6475, 6467, 6470]"
O29:Coculture:F14:5-FU,random,10,"[6466, 6469, 6487, 6470, 6484, 6482, 6473, 6479, 6472, 6475, 6485, 6488, 6476, 6478, 6467, 6481]"
O29:Coculture:F14:5-FU,random,11,"[6466, 6469, 6487, 6472, 6485, 6481, 6470, 6478, 6482, 6475, 6476, 6488, 6473, 6484, 6479, 6467]"
O29:Coculture:F14:5-FU,random,12,"[6466, 6469, 6487, 6478, 6470, 6475, 6482, 6484, 6479, 6476, 6467, 6485, 6473, 6472, 6488, 6481]"
O29:Coculture:F14:5-FU,random,13,"[6466, 6469, 6487, 6478, 6470, 6476, 6467, 6475, 6479, 6472, 6481, 6473, 6484, 6485, 6482, 6488]"
O29:Coculture:F14:5-FU,random,14,"[6466, 6469, 6487, 6476, 6488, 6484, 6479, 6473, 6482, 6475, 6478, 6467, 6481, 6485, 6470, 6472]"
O29:Coculture:F14:5-FU,random,15,"[6466, 6469, 6487, 6476, 6473, 6481, 6467, 6478, 6479, 6472, 6484, 6485, 6488, 6475, 6482, 6470]"
O29:Coculture:F14:5-FU,random,16,"[6466, 6469, 6487, 6467, 6484, 6475, 6478, 6481, 6485, 6476, 6479, 6473, 6482, 6470, 6488, 6472]"
O29:Coculture:F14:5-FU,random,17,"[6466, 6469, 6487, 6488, 6478, 6482, 6475, 6485, 6479, 6481, 6470, 6467, 6484, 6472, 6476, 6473]"
O29:Coculture:F14:5-FU,random,18,"[6466, 6469, 6487, 6472, 6478, 6476, 6485, 6467, 6479, 6481, 6475, 6484, 6470, 6482, 6488, 6473]"
O29:Coculture:F14:5-FU,random,19,"[6466, 6469, 6487, 6482, 6481, 6479, 6475, 6467, 6484, 6476, 6472, 6488, 6470, 6473, 6485, 6478]"
O29:Coculture:F14:Gef,space_filling,-1,"[6538, 6541, 6559, 6550, 6547, 6556, 6553, 6544, 6539, 6542, 6545, 6548, 6551, 6554, 6557, 6560]"
O29:Coculture:F14:Gef,control_first_space,-1,"[6538, 6541, 6559, 6539, 6550, 6547, 6556, 6553, 6544, 6542, 6545, 6548, 6551, 6554, 6557, 6560]"
O29:Coculture:F14:Gef,random,0,"[6538, 6541, 6559, 6556, 6544, 6551, 6547, 6548, 6560, 6539, 6545, 6550, 6554, 6557, 6553, 6542]"
O29:Coculture:F14:Gef,random,1,"[6538, 6541, 6559, 6542, 6556, 6551, 6554, 6560, 6547, 6548, 6553, 6539, 6544, 6557, 6550, 6545]"
O29:Coculture:F14:Gef,random,2,"[6538, 6541, 6559, 6544, 6556, 6551, 6539, 6550, 6554, 6560, 6557, 6548, 6545, 6547, 6553, 6542]"
O29:Coculture:F14:Gef,random,3,"[6538, 6541, 6559, 6554, 6560, 6544, 6557, 6539, 6542, 6547, 6551, 6550, 6556, 6548, 6545, 6553]"
O29:Coculture:F14:Gef,random,4,"[6538, 6541, 6559, 6542, 6554, 6539, 6544, 6560, 6551, 6556, 6553, 6550, 6547, 6545, 6548, 6557]"
O29:Coculture:F14:Gef,random,5,"[6538, 6541, 6559, 6554, 6542, 6545, 6560, 6551, 6544, 6556, 6547, 6550, 6539, 6557, 6548, 6553]"
O29:Coculture:F14:Gef,random,6,"[6538, 6541, 6559, 6554, 6556, 6557, 6550, 6547, 6544, 6560, 6553, 6545, 6539, 6548, 6551, 6542]"
O29:Coculture:F14:Gef,random,7,"[6538, 6541, 6559, 6550, 6553, 6539, 6551, 6547, 6542, 6556, 6545, 6560, 6544, 6548, 6554, 6557]"
O29:Coculture:F14:Gef,random,8,"[6538, 6541, 6559, 6556, 6539, 6545, 6551, 6553, 6542, 6557, 6550, 6560, 6548, 6554, 6544, 6547]"
O29:Coculture:F14:Gef,random,9,"[6538, 6541, 6559, 6544, 6554, 6550, 6551, 6557, 6556, 6545, 6548, 6560, 6553, 6547, 6539, 6542]"
O29:Coculture:F14:Gef,random,10,"[6538, 6541, 6559, 6542, 6556, 6554, 6545, 6551, 6544, 6547, 6557, 6560, 6548, 6550, 6539, 6553]"
O29:Coculture:F14:Gef,random,11,"[6538, 6541, 6559, 6544, 6557, 6553, 6542, 6550, 6554, 6547, 6548, 6560, 6545, 6556, 6551, 6539]"
O29:Coculture:F14:Gef,random,12,"[6538, 6541, 6559, 6550, 6542, 6547, 6554, 6556, 6551, 6548, 6539, 6557, 6545, 6544, 6560, 6553]"
O29:Coculture:F14:Gef,random,13,"[6538, 6541, 6559, 6550, 6542, 6548, 6539, 6547, 6551, 6544, 6553, 6545, 6556, 6557, 6554, 6560]"
O29:Coculture:F14:Gef,random,14,"[6538, 6541, 6559, 6548, 6560, 6556, 6551, 6545, 6554, 6547, 6550, 6539, 6553, 6557, 6542, 6544]"
O29:Coculture:F14:Gef,random,15,"[6538, 6541, 6559, 6548, 6545, 6553, 6539, 6550, 6551, 6544, 6556, 6557, 6560, 6547, 6554, 6542]"
O29:Coculture:F14:Gef,random,16,"[6538, 6541, 6559, 6539, 6556, 6547, 6550, 6553, 6557, 6548, 6551, 6545, 6554, 6542, 6560, 6544]"
O29:Coculture:F14:Gef,random,17,"[6538, 6541, 6559, 6560, 6550, 6554, 6547, 6557, 6551, 6553, 6542, 6539, 6556, 6544, 6548, 6545]"
O29:Coculture:F14:Gef,random,18,"[6538, 6541, 6559, 6544, 6550, 6548, 6557, 6539, 6551, 6553, 6547, 6556, 6542, 6554, 6560, 6545]"
O29:Coculture:F14:Gef,random,19,"[6538, 6541, 6559, 6554, 6553, 6551, 6547, 6539, 6556, 6548, 6544, 6560, 6542, 6545, 6557, 6550]"
O29:Coculture:F14:Oxa,space_filling,-1,"[6490, 6493, 6511, 6502, 6508, 6505, 6499, 6496, 6491, 6494, 6497, 6500, 6503, 6506, 6509, 6512]"
O29:Coculture:F14:Oxa,control_first_space,-1,"[6490, 6493, 6511, 6491, 6502, 6508, 6505, 6499, 6496, 6494, 6497, 6500, 6503, 6506, 6509, 6512]"
O29:Coculture:F14:Oxa,random,0,"[6490, 6493, 6511, 6508, 6496, 6503, 6499, 6500, 6512, 6491, 6497, 6502, 6506, 6509, 6505, 6494]"
O29:Coculture:F14:Oxa,random,1,"[6490, 6493, 6511, 6494, 6508, 6503, 6506, 6512, 6499, 6500, 6505, 6491, 6496, 6509, 6502, 6497]"
O29:Coculture:F14:Oxa,random,2,"[6490, 6493, 6511, 6496, 6508, 6503, 6491, 6502, 6506, 6512, 6509, 6500, 6497, 6499, 6505, 6494]"
O29:Coculture:F14:Oxa,random,3,"[6490, 6493, 6511, 6506, 6512, 6496, 6509, 6491, 6494, 6499, 6503, 6502, 6508, 6500, 6497, 6505]"
O29:Coculture:F14:Oxa,random,4,"[6490, 6493, 6511, 6494, 6506, 6491, 6496, 6512, 6503, 6508, 6505, 6502, 6499, 6497, 6500, 6509]"
O29:Coculture:F14:Oxa,random,5,"[6490, 6493, 6511, 6506, 6494, 6497, 6512, 6503, 6496, 6508, 6499, 6502, 6491, 6509, 6500, 6505]"
O29:Coculture:F14:Oxa,random,6,"[6490, 6493, 6511, 6506, 6508, 6509, 6502, 6499, 6496, 6512, 6505, 6497, 6491, 6500, 6503, 6494]"
O29:Coculture:F14:Oxa,random,7,"[6490, 6493, 6511, 6502, 6505, 6491, 6503, 6499, 6494, 6508, 6497, 6512, 6496, 6500, 6506, 6509]"
O29:Coculture:F14:Oxa,random,8,"[6490, 6493, 6511, 6508, 6491, 6497, 6503, 6505, 6494, 6509, 6502, 6512, 6500, 6506, 6496, 6499]"
O29:Coculture:F14:Oxa,random,9,"[6490, 6493, 6511, 6496, 6506, 6502, 6503, 6509, 6508, 6497, 6500, 6512, 6505, 6499, 6491, 6494]"
O29:Coculture:F14:Oxa,random,10,"[6490, 6493, 6511, 6494, 6508, 6506, 6497, 6503, 6496, 6499, 6509, 6512, 6500, 6502, 6491, 6505]"
O29:Coculture:F14:Oxa,random,11,"[6490, 6493, 6511, 6496, 6509, 6505, 6494, 6502, 6506, 6499, 6500, 6512, 6497, 6508, 6503, 6491]"
O29:Coculture:F14:Oxa,random,12,"[6490, 6493, 6511, 6502, 6494, 6499, 6506, 6508, 6503, 6500, 6491, 6509, 6497, 6496, 6512, 6505]"
O29:Coculture:F14:Oxa,random,13,"[6490, 6493, 6511, 6502, 6494, 6500, 6491, 6499, 6503, 6496, 6505, 6497, 6508, 6509, 6506, 6512]"
O29:Coculture:F14:Oxa,random,14,"[6490, 6493, 6511, 6500, 6512, 6508, 6503, 6497, 6506, 6499, 6502, 6491, 6505, 6509, 6494, 6496]"
O29:Coculture:F14:Oxa,random,15,"[6490, 6493, 6511, 6500, 6497, 6505, 6491, 6502, 6503, 6496, 6508, 6509, 6512, 6499, 6506, 6494]"
O29:Coculture:F14:Oxa,random,16,"[6490, 6493, 6511, 6491, 6508, 6499, 6502, 6505, 6509, 6500, 6503, 6497, 6506, 6494, 6512, 6496]"
O29:Coculture:F14:Oxa,random,17,"[6490, 6493, 6511, 6512, 6502, 6506, 6499, 6509, 6503, 6505, 6494, 6491, 6508, 6496, 6500, 6497]"
O29:Coculture:F14:Oxa,random,18,"[6490, 6493, 6511, 6496, 6502, 6500, 6509, 6491, 6503, 6505, 6499, 6508, 6494, 6506, 6512, 6497]"
O29:Coculture:F14:Oxa,random,19,"[6490, 6493, 6511, 6506, 6505, 6503, 6499, 6491, 6508, 6500, 6496, 6512, 6494, 6497, 6509, 6502]"
O29:Coculture:F14:SN-38,space_filling,-1,"[6514, 6517, 6535, 6526, 6532, 6529, 6523, 6520, 6515, 6518, 6521, 6524, 6527, 6530, 6533, 6536]"
O29:Coculture:F14:SN-38,control_first_space,-1,"[6514, 6517, 6535, 6515, 6526, 6532, 6529, 6523, 6520, 6518, 6521, 6524, 6527, 6530, 6533, 6536]"
O29:Coculture:F14:SN-38,random,0,"[6514, 6517, 6535, 6532, 6520, 6527, 6523, 6524, 6536, 6515, 6521, 6526, 6530, 6533, 6529, 6518]"
O29:Coculture:F14:SN-38,random,1,"[6514, 6517, 6535, 6518, 6532, 6527, 6530, 6536, 6523, 6524, 6529, 6515, 6520, 6533, 6526, 6521]"
O29:Coculture:F14:SN-38,random,2,"[6514, 6517, 6535, 6520, 6532, 6527, 6515, 6526, 6530, 6536, 6533, 6524, 6521, 6523, 6529, 6518]"
O29:Coculture:F14:SN-38,random,3,"[6514, 6517, 6535, 6530, 6536, 6520, 6533, 6515, 6518, 6523, 6527, 6526, 6532, 6524, 6521, 6529]"
O29:Coculture:F14:SN-38,random,4,"[6514, 6517, 6535, 6518, 6530, 6515, 6520, 6536, 6527, 6532, 6529, 6526, 6523, 6521, 6524, 6533]"
O29:Coculture:F14:SN-38,random,5,"[6514, 6517, 6535, 6530, 6518, 6521, 6536, 6527, 6520, 6532, 6523, 6526, 6515, 6533, 6524, 6529]"
O29:Coculture:F14:SN-38,random,6,"[6514, 6517, 6535, 6530, 6532, 6533, 6526, 6523, 6520, 6536, 6529, 6521, 6515, 6524, 6527, 6518]"
O29:Coculture:F14:SN-38,random,7,"[6514, 6517, 6535, 6526, 6529, 6515, 6527, 6523, 6518, 6532, 6521, 6536, 6520, 6524, 6530, 6533]"
O29:Coculture:F14:SN-38,random,8,"[6514, 6517, 6535, 6532, 6515, 6521, 6527, 6529, 6518, 6533, 6526, 6536, 6524, 6530, 6520, 6523]"
O29:Coculture:F14:SN-38,random,9,"[6514, 6517, 6535, 6520, 6530, 6526, 6527, 6533, 6532, 6521, 6524, 6536, 6529, 6523, 6515, 6518]"
O29:Coculture:F14:SN-38,random,10,"[6514, 6517, 6535, 6518, 6532, 6530, 6521, 6527, 6520, 6523, 6533, 6536, 6524, 6526, 6515, 6529]"
O29:Coculture:F14:SN-38,random,11,"[6514, 6517, 6535, 6520, 6533, 6529, 6518, 6526, 6530, 6523, 6524, 6536, 6521, 6532, 6527, 6515]"
O29:Coculture:F14:SN-38,random,12,"[6514, 6517, 6535, 6526, 6518, 6523, 6530, 6532, 6527, 6524, 6515, 6533, 6521, 6520, 6536, 6529]"
O29:Coculture:F14:SN-38,random,13,"[6514, 6517, 6535, 6526, 6518, 6524, 6515, 6523, 6527, 6520, 6529, 6521, 6532, 6533, 6530, 6536]"
O29:Coculture:F14:SN-38,random,14,"[6514, 6517, 6535, 6524, 6536, 6532, 6527, 6521, 6530, 6523, 6526, 6515, 6529, 6533, 6518, 6520]"
O29:Coculture:F14:SN-38,random,15,"[6514, 6517, 6535, 6524, 6521, 6529, 6515, 6526, 6527, 6520, 6532, 6533, 6536, 6523, 6530, 6518]"
O29:Coculture:F14:SN-38,random,16,"[6514, 6517, 6535, 6515, 6532, 6523, 6526, 6529, 6533, 6524, 6527, 6521, 6530, 6518, 6536, 6520]"
O29:Coculture:F14:SN-38,random,17,"[6514, 6517, 6535, 6536, 6526, 6530, 6523, 6533, 6527, 6529, 6518, 6515, 6532, 6520, 6524, 6521]"
O29:Coculture:F14:SN-38,random,18,"[6514, 6517, 6535, 6520, 6526, 6524, 6533, 6515, 6527, 6529, 6523, 6532, 6518, 6530, 6536, 6521]"
O29:Coculture:F14:SN-38,random,19,"[6514, 6517, 6535, 6530, 6529, 6527, 6523, 6515, 6532, 6524, 6520, 6536, 6518, 6521, 6533, 6526]"
O29:Monoculture::5-FU,space_filling,-1,"[6370, 6373, 6391, 6382, 6388, 6385, 6379, 6376, 6371, 6374, 6377, 6380, 6383, 6386, 6389, 6392]"
O29:Monoculture::5-FU,control_first_space,-1,"[6370, 6373, 6391, 6371, 6382, 6388, 6385, 6379, 6376, 6374, 6377, 6380, 6383, 6386, 6389, 6392]"
O29:Monoculture::5-FU,random,0,"[6370, 6373, 6391, 6388, 6376, 6383, 6379, 6380, 6392, 6371, 6377, 6382, 6386, 6389, 6385, 6374]"
O29:Monoculture::5-FU,random,1,"[6370, 6373, 6391, 6374, 6388, 6383, 6386, 6392, 6379, 6380, 6385, 6371, 6376, 6389, 6382, 6377]"
O29:Monoculture::5-FU,random,2,"[6370, 6373, 6391, 6376, 6388, 6383, 6371, 6382, 6386, 6392, 6389, 6380, 6377, 6379, 6385, 6374]"
O29:Monoculture::5-FU,random,3,"[6370, 6373, 6391, 6386, 6392, 6376, 6389, 6371, 6374, 6379, 6383, 6382, 6388, 6380, 6377, 6385]"
O29:Monoculture::5-FU,random,4,"[6370, 6373, 6391, 6374, 6386, 6371, 6376, 6392, 6383, 6388, 6385, 6382, 6379, 6377, 6380, 6389]"
O29:Monoculture::5-FU,random,5,"[6370, 6373, 6391, 6386, 6374, 6377, 6392, 6383, 6376, 6388, 6379, 6382, 6371, 6389, 6380, 6385]"
O29:Monoculture::5-FU,random,6,"[6370, 6373, 6391, 6386, 6388, 6389, 6382, 6379, 6376, 6392, 6385, 6377, 6371, 6380, 6383, 6374]"
O29:Monoculture::5-FU,random,7,"[6370, 6373, 6391, 6382, 6385, 6371, 6383, 6379, 6374, 6388, 6377, 6392, 6376, 6380, 6386, 6389]"
O29:Monoculture::5-FU,random,8,"[6370, 6373, 6391, 6388, 6371, 6377, 6383, 6385, 6374, 6389, 6382, 6392, 6380, 6386, 6376, 6379]"
O29:Monoculture::5-FU,random,9,"[6370, 6373, 6391, 6376, 6386, 6382, 6383, 6389, 6388, 6377, 6380, 6392, 6385, 6379, 6371, 6374]"
O29:Monoculture::5-FU,random,10,"[6370, 6373, 6391, 6374, 6388, 6386, 6377, 6383, 6376, 6379, 6389, 6392, 6380, 6382, 6371, 6385]"
O29:Monoculture::5-FU,random,11,"[6370, 6373, 6391, 6376, 6389, 6385, 6374, 6382, 6386, 6379, 6380, 6392, 6377, 6388, 6383, 6371]"
O29:Monoculture::5-FU,random,12,"[6370, 6373, 6391, 6382, 6374, 6379, 6386, 6388, 6383, 6380, 6371, 6389, 6377, 6376, 6392, 6385]"
O29:Monoculture::5-FU,random,13,"[6370, 6373, 6391, 6382, 6374, 6380, 6371, 6379, 6383, 6376, 6385, 6377, 6388, 6389, 6386, 6392]"
O29:Monoculture::5-FU,random,14,"[6370, 6373, 6391, 6380, 6392, 6388, 6383, 6377, 6386, 6379, 6382, 6371, 6385, 6389, 6374, 6376]"
O29:Monoculture::5-FU,random,15,"[6370, 6373, 6391, 6380, 6377, 6385, 6371, 6382, 6383, 6376, 6388, 6389, 6392, 6379, 6386, 6374]"
O29:Monoculture::5-FU,random,16,"[6370, 6373, 6391, 6371, 6388, 6379, 6382, 6385, 6389, 6380, 6383, 6377, 6386, 6374, 6392, 6376]"
O29:Monoculture::5-FU,random,17,"[6370, 6373, 6391, 6392, 6382, 6386, 6379, 6389, 6383, 6385, 6374, 6371, 6388, 6376, 6380, 6377]"
O29:Monoculture::5-FU,random,18,"[6370, 6373, 6391, 6376, 6382, 6380, 6389, 6371, 6383, 6385, 6379, 6388, 6374, 6386, 6392, 6377]"
O29:Monoculture::5-FU,random,19,"[6370, 6373, 6391, 6386, 6385, 6383, 6379, 6371, 6388, 6380, 6376, 6392, 6374, 6377, 6389, 6382]"
O29:Monoculture::Gef,space_filling,-1,"[6442, 6445, 6463, 6454, 6451, 6460, 6457, 6448, 6443, 6446, 6449, 6452, 6455, 6458, 6461, 6464]"
O29:Monoculture::Gef,control_first_space,-1,"[6442, 6445, 6463, 6443, 6454, 6451, 6460, 6457, 6448, 6446, 6449, 6452, 6455, 6458, 6461, 6464]"
O29:Monoculture::Gef,random,0,"[6442, 6445, 6463, 6460, 6448, 6455, 6451, 6452, 6464, 6443, 6449, 6454, 6458, 6461, 6457, 6446]"
O29:Monoculture::Gef,random,1,"[6442, 6445, 6463, 6446, 6460, 6455, 6458, 6464, 6451, 6452, 6457, 6443, 6448, 6461, 6454, 6449]"
O29:Monoculture::Gef,random,2,"[6442, 6445, 6463, 6448, 6460, 6455, 6443, 6454, 6458, 6464, 6461, 6452, 6449, 6451, 6457, 6446]"
O29:Monoculture::Gef,random,3,"[6442, 6445, 6463, 6458, 6464, 6448, 6461, 6443, 6446, 6451, 6455, 6454, 6460, 6452, 6449, 6457]"
O29:Monoculture::Gef,random,4,"[6442, 6445, 6463, 6446, 6458, 6443, 6448, 6464, 6455, 6460, 6457, 6454, 6451, 6449, 6452, 6461]"
O29:Monoculture::Gef,random,5,"[6442, 6445, 6463, 6458, 6446, 6449, 6464, 6455, 6448, 6460, 6451, 6454, 6443, 6461, 6452, 6457]"
O29:Monoculture::Gef,random,6,"[6442, 6445, 6463, 6458, 6460, 6461, 6454, 6451, 6448, 6464, 6457, 6449, 6443, 6452, 6455, 6446]"
O29:Monoculture::Gef,random,7,"[6442, 6445, 6463, 6454, 6457, 6443, 6455, 6451, 6446, 6460, 6449, 6464, 6448, 6452, 6458, 6461]"
O29:Monoculture::Gef,random,8,"[6442, 6445, 6463, 6460, 6443, 6449, 6455, 6457, 6446, 6461, 6454, 6464, 6452, 6458, 6448, 6451]"
O29:Monoculture::Gef,random,9,"[6442, 6445, 6463, 6448, 6458, 6454, 6455, 6461, 6460, 6449, 6452, 6464, 6457, 6451, 6443, 6446]"
O29:Monoculture::Gef,random,10,"[6442, 6445, 6463, 6446, 6460, 6458, 6449, 6455, 6448, 6451, 6461, 6464, 6452, 6454, 6443, 6457]"
O29:Monoculture::Gef,random,11,"[6442, 6445, 6463, 6448, 6461, 6457, 6446, 6454, 6458, 6451, 6452, 6464, 6449, 6460, 6455, 6443]"
O29:Monoculture::Gef,random,12,"[6442, 6445, 6463, 6454, 6446, 6451, 6458, 6460, 6455, 6452, 6443, 6461, 6449, 6448, 6464, 6457]"
O29:Monoculture::Gef,random,13,"[6442, 6445, 6463, 6454, 6446, 6452, 6443, 6451, 6455, 6448, 6457, 6449, 6460, 6461, 6458, 6464]"
O29:Monoculture::Gef,random,14,"[6442, 6445, 6463, 6452, 6464, 6460, 6455, 6449, 6458, 6451, 6454, 6443, 6457, 6461, 6446, 6448]"
O29:Monoculture::Gef,random,15,"[6442, 6445, 6463, 6452, 6449, 6457, 6443, 6454, 6455, 6448, 6460, 6461, 6464, 6451, 6458, 6446]"
O29:Monoculture::Gef,random,16,"[6442, 6445, 6463, 6443, 6460, 6451, 6454, 6457, 6461, 6452, 6455, 6449, 6458, 6446, 6464, 6448]"
O29:Monoculture::Gef,random,17,"[6442, 6445, 6463, 6464, 6454, 6458, 6451, 6461, 6455, 6457, 6446, 6443, 6460, 6448, 6452, 6449]"
O29:Monoculture::Gef,random,18,"[6442, 6445, 6463, 6448, 6454, 6452, 6461, 6443, 6455, 6457, 6451, 6460, 6446, 6458, 6464, 6449]"
O29:Monoculture::Gef,random,19,"[6442, 6445, 6463, 6458, 6457, 6455, 6451, 6443, 6460, 6452, 6448, 6464, 6446, 6449, 6461, 6454]"
O29:Monoculture::Oxa,space_filling,-1,"[6394, 6397, 6415, 6406, 6412, 6409, 6403, 6400, 6395, 6398, 6401, 6404, 6407, 6410, 6413, 6416]"
O29:Monoculture::Oxa,control_first_space,-1,"[6394, 6397, 6415, 6395, 6406, 6412, 6409, 6403, 6400, 6398, 6401, 6404, 6407, 6410, 6413, 6416]"
O29:Monoculture::Oxa,random,0,"[6394, 6397, 6415, 6412, 6400, 6407, 6403, 6404, 6416, 6395, 6401, 6406, 6410, 6413, 6409, 6398]"
O29:Monoculture::Oxa,random,1,"[6394, 6397, 6415, 6398, 6412, 6407, 6410, 6416, 6403, 6404, 6409, 6395, 6400, 6413, 6406, 6401]"
O29:Monoculture::Oxa,random,2,"[6394, 6397, 6415, 6400, 6412, 6407, 6395, 6406, 6410, 6416, 6413, 6404, 6401, 6403, 6409, 6398]"
O29:Monoculture::Oxa,random,3,"[6394, 6397, 6415, 6410, 6416, 6400, 6413, 6395, 6398, 6403, 6407, 6406, 6412, 6404, 6401, 6409]"
O29:Monoculture::Oxa,random,4,"[6394, 6397, 6415, 6398, 6410, 6395, 6400, 6416, 6407, 6412, 6409, 6406, 6403, 6401, 6404, 6413]"
O29:Monoculture::Oxa,random,5,"[6394, 6397, 6415, 6410, 6398, 6401, 6416, 6407, 6400, 6412, 6403, 6406, 6395, 6413, 6404, 6409]"
O29:Monoculture::Oxa,random,6,"[6394, 6397, 6415, 6410, 6412, 6413, 6406, 6403, 6400, 6416, 6409, 6401, 6395, 6404, 6407, 6398]"
O29:Monoculture::Oxa,random,7,"[6394, 6397, 6415, 6406, 6409, 6395, 6407, 6403, 6398, 6412, 6401, 6416, 6400, 6404, 6410, 6413]"
O29:Monoculture::Oxa,random,8,"[6394, 6397, 6415, 6412, 6395, 6401, 6407, 6409, 6398, 6413, 6406, 6416, 6404, 6410, 6400, 6403]"
O29:Monoculture::Oxa,random,9,"[6394, 6397, 6415, 6400, 6410, 6406, 6407, 6413, 6412, 6401, 6404, 6416, 6409, 6403, 6395, 6398]"
O29:Monoculture::Oxa,random,10,"[6394, 6397, 6415, 6398, 6412, 6410, 6401, 6407, 6400, 6403, 6413, 6416, 6404, 6406, 6395, 6409]"
O29:Monoculture::Oxa,random,11,"[6394, 6397, 6415, 6400, 6413, 6409, 6398, 6406, 6410, 6403, 6404, 6416, 6401, 6412, 6407, 6395]"
O29:Monoculture::Oxa,random,12,"[6394, 6397, 6415, 6406, 6398, 6403, 6410, 6412, 6407, 6404, 6395, 6413, 6401, 6400, 6416, 6409]"
O29:Monoculture::Oxa,random,13,"[6394, 6397, 6415, 6406, 6398, 6404, 6395, 6403, 6407, 6400, 6409, 6401, 6412, 6413, 6410, 6416]"
O29:Monoculture::Oxa,random,14,"[6394, 6397, 6415, 6404, 6416, 6412, 6407, 6401, 6410, 6403, 6406, 6395, 6409, 6413, 6398, 6400]"
O29:Monoculture::Oxa,random,15,"[6394, 6397, 6415, 6404, 6401, 6409, 6395, 6406, 6407, 6400, 6412, 6413, 6416, 6403, 6410, 6398]"
O29:Monoculture::Oxa,random,16,"[6394, 6397, 6415, 6395, 6412, 6403, 6406, 6409, 6413, 6404, 6407, 6401, 6410, 6398, 6416, 6400]"
O29:Monoculture::Oxa,random,17,"[6394, 6397, 6415, 6416, 6406, 6410, 6403, 6413, 6407, 6409, 6398, 6395, 6412, 6400, 6404, 6401]"
O29:Monoculture::Oxa,random,18,"[6394, 6397, 6415, 6400, 6406, 6404, 6413, 6395, 6407, 6409, 6403, 6412, 6398, 6410, 6416, 6401]"
O29:Monoculture::Oxa,random,19,"[6394, 6397, 6415, 6410, 6409, 6407, 6403, 6395, 6412, 6404, 6400, 6416, 6398, 6401, 6413, 6406]"
O29:Monoculture::SN-38,space_filling,-1,"[6418, 6421, 6439, 6430, 6436, 6433, 6427, 6424, 6419, 6422, 6425, 6428, 6431, 6434, 6437, 6440]"
O29:Monoculture::SN-38,control_first_space,-1,"[6418, 6421, 6439, 6419, 6430, 6436, 6433, 6427, 6424, 6422, 6425, 6428, 6431, 6434, 6437, 6440]"
O29:Monoculture::SN-38,random,0,"[6418, 6421, 6439, 6436, 6424, 6431, 6427, 6428, 6440, 6419, 6425, 6430, 6434, 6437, 6433, 6422]"
O29:Monoculture::SN-38,random,1,"[6418, 6421, 6439, 6422, 6436, 6431, 6434, 6440, 6427, 6428, 6433, 6419, 6424, 6437, 6430, 6425]"
O29:Monoculture::SN-38,random,2,"[6418, 6421, 6439, 6424, 6436, 6431, 6419, 6430, 6434, 6440, 6437, 6428, 6425, 6427, 6433, 6422]"
O29:Monoculture::SN-38,random,3,"[6418, 6421, 6439, 6434, 6440, 6424, 6437, 6419, 6422, 6427, 6431, 6430, 6436, 6428, 6425, 6433]"
O29:Monoculture::SN-38,random,4,"[6418, 6421, 6439, 6422, 6434, 6419, 6424, 6440, 6431, 6436, 6433, 6430, 6427, 6425, 6428, 6437]"
O29:Monoculture::SN-38,random,5,"[6418, 6421, 6439, 6434, 6422, 6425, 6440, 6431, 6424, 6436, 6427, 6430, 6419, 6437, 6428, 6433]"
O29:Monoculture::SN-38,random,6,"[6418, 6421, 6439, 6434, 6436, 6437, 6430, 6427, 6424, 6440, 6433, 6425, 6419, 6428, 6431, 6422]"
O29:Monoculture::SN-38,random,7,"[6418, 6421, 6439, 6430, 6433, 6419, 6431, 6427, 6422, 6436, 6425, 6440, 6424, 6428, 6434, 6437]"
O29:Monoculture::SN-38,random,8,"[6418, 6421, 6439, 6436, 6419, 6425, 6431, 6433, 6422, 6437, 6430, 6440, 6428, 6434, 6424, 6427]"
O29:Monoculture::SN-38,random,9,"[6418, 6421, 6439, 6424, 6434, 6430, 6431, 6437, 6436, 6425, 6428, 6440, 6433, 6427, 6419, 6422]"
O29:Monoculture::SN-38,random,10,"[6418, 6421, 6439, 6422, 6436, 6434, 6425, 6431, 6424, 6427, 6437, 6440, 6428, 6430, 6419, 6433]"
O29:Monoculture::SN-38,random,11,"[6418, 6421, 6439, 6424, 6437, 6433, 6422, 6430, 6434, 6427, 6428, 6440, 6425, 6436, 6431, 6419]"
O29:Monoculture::SN-38,random,12,"[6418, 6421, 6439, 6430, 6422, 6427, 6434, 6436, 6431, 6428, 6419, 6437, 6425, 6424, 6440, 6433]"
O29:Monoculture::SN-38,random,13,"[6418, 6421, 6439, 6430, 6422, 6428, 6419, 6427, 6431, 6424, 6433, 6425, 6436, 6437, 6434, 6440]"
O29:Monoculture::SN-38,random,14,"[6418, 6421, 6439, 6428, 6440, 6436, 6431, 6425, 6434, 6427, 6430, 6419, 6433, 6437, 6422, 6424]"
O29:Monoculture::SN-38,random,15,"[6418, 6421, 6439, 6428, 6425, 6433, 6419, 6430, 6431, 6424, 6436, 6437, 6440, 6427, 6434, 6422]"
O29:Monoculture::SN-38,random,16,"[6418, 6421, 6439, 6419, 6436, 6427, 6430, 6433, 6437, 6428, 6431, 6425, 6434, 6422, 6440, 6424]"
O29:Monoculture::SN-38,random,17,"[6418, 6421, 6439, 6440, 6430, 6434, 6427, 6437, 6431, 6433, 6422, 6419, 6436, 6424, 6428, 6425]"
O29:Monoculture::SN-38,random,18,"[6418, 6421, 6439, 6424, 6430, 6428, 6437, 6419, 6431, 6433, 6427, 6436, 6422, 6434, 6440, 6425]"
O29:Monoculture::SN-38,random,19,"[6418, 6421, 6439, 6434, 6433, 6431, 6427, 6419, 6436, 6428, 6424, 6440, 6422, 6425, 6437, 6430]"
