sample_id,run_id,library_id,compound_name,admitted_by_design,reason,p1_doses,p2_doses,p1_controls,p2_controls
Pt100_t1,KK286,lib2,5-FU,True,,8,8,10,10
Pt100_t1,KK286,lib2,AZD5991,True,,8,8,10,10
Pt100_t1,KK286,lib2,AZD7762,True,,8,8,10,10
Pt100_t1,KK286,lib2,Adavosertib,True,,8,8,10,10
Pt100_t1,KK286,lib2,Afatinib,True,,8,8,10,10
Pt100_t1,KK286,lib2,Alectinib,True,,8,8,10,10
Pt100_t1,KK286,lib2,Alisertib,True,,8,8,10,10
Pt100_t1,KK286,lib2,Atorvastatin,True,,8,8,10,10
Pt100_t1,KK286,lib2,BMS-754807,True,,8,8,10,10
Pt100_t1,KK286,lib2,Bemcentinib,True,,8,8,10,10
Pt100_t1,KK286,lib2,Carfilzomib,True,,8,8,10,10
Pt100_t1,KK286,lib2,Ceralasertib,True,,8,8,10,10
Pt100_t1,KK286,lib2,Cetuximab,True,,5,5,10,10
Pt100_t1,KK286,lib2,Dasatinib,True,,8,8,10,10
Pt100_t1,KK286,lib2,Encorafenib,True,,8,8,10,10
Pt100_t1,KK286,lib2,Everolimus,True,,8,8,10,10
Pt100_t1,KK286,lib2,Gedatolisib,True,,8,8,10,10
Pt100_t1,KK286,lib2,Gemcitabine,True,,8,8,10,10
Pt100_t1,KK286,lib2,Idasanutlin,True,,8,8,10,10
Pt100_t1,KK286,lib2,Idelalisib,True,,8,8,10,10
Pt100_t1,KK286,lib2,LCL161,True,,8,8,10,10
Pt100_t1,KK286,lib2,LGK974,True,,8,8,10,10
Pt100_t1,KK286,lib2,Lapatinib,True,,8,8,10,10
Pt100_t1,KK286,lib2,Larotrectinib,True,,8,8,10,10
Pt100_t1,KK286,lib2,Luminespib,True,,8,8,10,10
Pt100_t1,KK286,lib2,Methotrexate,True,,8,8,10,10
Pt100_t1,KK286,lib2,Napabucasin,True,,8,8,10,10
Pt100_t1,KK286,lib2,Oxaliplatin,True,,8,8,10,10
Pt100_t1,KK286,lib2,Palbociclib,True,,8,8,10,10
Pt100_t1,KK286,lib2,Panobinostat,True,,8,8,10,10
Pt100_t1,KK286,lib2,Pevonedistat,True,,8,8,10,10
Pt100_t1,KK286,lib2,Regorafenib,True,,8,8,10,10
Pt100_t1,KK286,lib2,SN-38,True,,9,9,10,10
Pt100_t1,KK286,lib2,Savolitinib,True,,8,8,10,10
Pt100_t1,KK286,lib2,Selinexor,True,,8,8,10,10
Pt100_t1,KK286,lib2,Silmitasertib,True,,8,8,10,10
Pt100_t1,KK286,lib2,Sotorasib,True,,8,8,10,10
Pt100_t1,KK286,lib2,TAS-102,True,,8,8,10,10
Pt100_t1,KK286,lib2,Talazoparib,True,,8,8,10,10
Pt100_t1,KK286,lib2,Trametinib,True,,8,8,10,10
Pt100_t1,KK286,lib2,Venetoclax,True,,8,8,10,10
Pt100_t1,KK286,lib2,Volasertib,True,,8,8,10,10
Pt101_t1,KK278,lib2,5-FU,True,,8,8,10,10
Pt101_t1,KK278,lib2,AZD5991,True,,8,8,10,10
Pt101_t1,KK278,lib2,AZD7762,True,,8,8,10,10
Pt101_t1,KK278,lib2,Adavosertib,True,,8,8,10,10
Pt101_t1,KK278,lib2,Afatinib,True,,8,8,10,10
Pt101_t1,KK278,lib2,Alectinib,True,,8,8,10,10
Pt101_t1,KK278,lib2,Alisertib,True,,8,8,10,10
Pt101_t1,KK278,lib2,Atorvastatin,True,,8,8,10,10
Pt101_t1,KK278,lib2,BMS-754807,True,,8,8,10,10
Pt101_t1,KK278,lib2,Bemcentinib,True,,8,8,10,10
Pt101_t1,KK278,lib2,Carfilzomib,True,,8,8,10,10
Pt101_t1,KK278,lib2,Ceralasertib,True,,8,8,10,10
Pt101_t1,KK278,lib2,Cetuximab,True,,5,5,10,10
Pt101_t1,KK278,lib2,Dasatinib,True,,8,8,10,10
Pt101_t1,KK278,lib2,Encorafenib,True,,8,8,10,10
Pt101_t1,KK278,lib2,Everolimus,True,,8,8,10,10
Pt101_t1,KK278,lib2,Gedatolisib,True,,8,8,10,10
Pt101_t1,KK278,lib2,Gemcitabine,True,,8,8,10,10
Pt101_t1,KK278,lib2,Idasanutlin,True,,8,8,10,10
Pt101_t1,KK278,lib2,Idelalisib,True,,8,8,10,10
Pt101_t1,KK278,lib2,LCL161,True,,8,8,10,10
Pt101_t1,KK278,lib2,LGK974,True,,8,8,10,10
Pt101_t1,KK278,lib2,Lapatinib,True,,8,8,10,10
Pt101_t1,KK278,lib2,Larotrectinib,True,,8,8,10,10
Pt101_t1,KK278,lib2,Luminespib,True,,8,8,10,10
Pt101_t1,KK278,lib2,Methotrexate,True,,8,8,10,10
Pt101_t1,KK278,lib2,Napabucasin,True,,8,8,10,10
Pt101_t1,KK278,lib2,Oxaliplatin,True,,8,8,10,10
Pt101_t1,KK278,lib2,Palbociclib,True,,8,8,10,10
Pt101_t1,KK278,lib2,Panobinostat,True,,8,8,10,10
Pt101_t1,KK278,lib2,Pevonedistat,True,,8,8,10,10
Pt101_t1,KK278,lib2,Regorafenib,True,,8,8,10,10
Pt101_t1,KK278,lib2,SN-38,True,,9,9,10,10
Pt101_t1,KK278,lib2,Savolitinib,True,,8,8,10,10
Pt101_t1,KK278,lib2,Selinexor,True,,8,8,10,10
Pt101_t1,KK278,lib2,Silmitasertib,True,,8,8,10,10
Pt101_t1,KK278,lib2,Sotorasib,True,,8,8,10,10
Pt101_t1,KK278,lib2,TAS-102,True,,8,8,10,10
Pt101_t1,KK278,lib2,Talazoparib,True,,8,8,10,10
Pt101_t1,KK278,lib2,Trametinib,True,,8,8,10,10
Pt101_t1,KK278,lib2,Venetoclax,True,,8,8,10,10
Pt101_t1,KK278,lib2,Volasertib,True,,8,8,10,10
Pt101_t2,KK276,lib2,5-FU,True,,8,8,10,10
Pt101_t2,KK276,lib2,AZD5991,True,,8,8,10,10
Pt101_t2,KK276,lib2,AZD7762,True,,8,8,10,10
Pt101_t2,KK276,lib2,Adavosertib,True,,8,8,10,10
Pt101_t2,KK276,lib2,Afatinib,True,,8,8,10,10
Pt101_t2,KK276,lib2,Alectinib,True,,8,8,10,10
Pt101_t2,KK276,lib2,Alisertib,True,,8,8,10,10
Pt101_t2,KK276,lib2,Atorvastatin,True,,8,8,10,10
Pt101_t2,KK276,lib2,BMS-754807,True,,8,8,10,10
Pt101_t2,KK276,lib2,Bemcentinib,True,,8,8,10,10
Pt101_t2,KK276,lib2,Carfilzomib,True,,8,8,10,10
Pt101_t2,KK276,lib2,Ceralasertib,True,,8,8,10,10
Pt101_t2,KK276,lib2,Cetuximab,True,,5,5,10,10
Pt101_t2,KK276,lib2,Dasatinib,True,,8,8,10,10
Pt101_t2,KK276,lib2,Encorafenib,True,,8,8,10,10
Pt101_t2,KK276,lib2,Everolimus,True,,8,8,10,10
Pt101_t2,KK276,lib2,Gedatolisib,True,,8,8,10,10
Pt101_t2,KK276,lib2,Gemcitabine,True,,8,8,10,10
Pt101_t2,KK276,lib2,Idasanutlin,True,,8,8,10,10
Pt101_t2,KK276,lib2,Idelalisib,True,,8,8,10,10
Pt101_t2,KK276,lib2,LCL161,True,,8,8,10,10
Pt101_t2,KK276,lib2,LGK974,True,,8,8,10,10
Pt101_t2,KK276,lib2,Lapatinib,True,,8,8,10,10
Pt101_t2,KK276,lib2,Larotrectinib,True,,8,8,10,10
Pt101_t2,KK276,lib2,Luminespib,True,,8,8,10,10
Pt101_t2,KK276,lib2,Methotrexate,True,,8,8,10,10
Pt101_t2,KK276,lib2,Napabucasin,True,,8,8,10,10
Pt101_t2,KK276,lib2,Oxaliplatin,True,,8,8,10,10
Pt101_t2,KK276,lib2,Palbociclib,True,,8,8,10,10
Pt101_t2,KK276,lib2,Panobinostat,True,,8,8,10,10
Pt101_t2,KK276,lib2,Pevonedistat,True,,8,8,10,10
Pt101_t2,KK276,lib2,Regorafenib,True,,8,8,10,10
Pt101_t2,KK276,lib2,SN-38,True,,9,9,10,10
Pt101_t2,KK276,lib2,Savolitinib,True,,8,8,10,10
Pt101_t2,KK276,lib2,Selinexor,True,,8,8,10,10
Pt101_t2,KK276,lib2,Silmitasertib,True,,8,8,10,10
Pt101_t2,KK276,lib2,Sotorasib,True,,8,8,10,10
Pt101_t2,KK276,lib2,TAS-102,True,,8,8,10,10
Pt101_t2,KK276,lib2,Talazoparib,True,,8,8,10,10
Pt101_t2,KK276,lib2,Trametinib,True,,8,8,10,10
Pt101_t2,KK276,lib2,Venetoclax,True,,8,8,10,10
Pt101_t2,KK276,lib2,Volasertib,True,,8,8,10,10
Pt102_t1,KK280,lib2,5-FU,True,,8,8,10,10
Pt102_t1,KK280,lib2,AZD5991,True,,8,8,10,10
Pt102_t1,KK280,lib2,AZD7762,True,,8,8,10,10
Pt102_t1,KK280,lib2,Adavosertib,True,,8,8,10,10
Pt102_t1,KK280,lib2,Afatinib,True,,8,8,10,10
Pt102_t1,KK280,lib2,Alectinib,True,,8,8,10,10
Pt102_t1,KK280,lib2,Alisertib,True,,8,8,10,10
Pt102_t1,KK280,lib2,Atorvastatin,True,,8,8,10,10
Pt102_t1,KK280,lib2,BMS-754807,True,,8,8,10,10
Pt102_t1,KK280,lib2,Bemcentinib,True,,8,8,10,10
Pt102_t1,KK280,lib2,Carfilzomib,True,,8,8,10,10
Pt102_t1,KK280,lib2,Ceralasertib,True,,8,8,10,10
Pt102_t1,KK280,lib2,Cetuximab,True,,5,5,10,10
Pt102_t1,KK280,lib2,Dasatinib,True,,8,8,10,10
Pt102_t1,KK280,lib2,Encorafenib,True,,8,8,10,10
Pt102_t1,KK280,lib2,Everolimus,True,,8,8,10,10
Pt102_t1,KK280,lib2,Gedatolisib,True,,8,8,10,10
Pt102_t1,KK280,lib2,Gemcitabine,True,,8,8,10,10
Pt102_t1,KK280,lib2,Idasanutlin,True,,8,8,10,10
Pt102_t1,KK280,lib2,Idelalisib,True,,8,8,10,10
Pt102_t1,KK280,lib2,LCL161,True,,8,8,10,10
Pt102_t1,KK280,lib2,LGK974,True,,8,8,10,10
Pt102_t1,KK280,lib2,Lapatinib,True,,8,8,10,10
Pt102_t1,KK280,lib2,Larotrectinib,True,,8,8,10,10
Pt102_t1,KK280,lib2,Luminespib,True,,8,8,10,10
Pt102_t1,KK280,lib2,Methotrexate,True,,8,8,10,10
Pt102_t1,KK280,lib2,Napabucasin,True,,8,8,10,10
Pt102_t1,KK280,lib2,Oxaliplatin,True,,8,8,10,10
Pt102_t1,KK280,lib2,Palbociclib,True,,8,8,10,10
Pt102_t1,KK280,lib2,Panobinostat,True,,8,8,10,10
Pt102_t1,KK280,lib2,Pevonedistat,True,,8,8,10,10
Pt102_t1,KK280,lib2,Regorafenib,True,,8,8,10,10
Pt102_t1,KK280,lib2,SN-38,True,,9,9,10,10
Pt102_t1,KK280,lib2,Savolitinib,True,,8,8,10,10
Pt102_t1,KK280,lib2,Selinexor,True,,8,8,10,10
Pt102_t1,KK280,lib2,Silmitasertib,True,,8,8,10,10
Pt102_t1,KK280,lib2,Sotorasib,True,,8,8,10,10
Pt102_t1,KK280,lib2,TAS-102,True,,8,8,10,10
Pt102_t1,KK280,lib2,Talazoparib,True,,8,8,10,10
Pt102_t1,KK280,lib2,Trametinib,True,,8,8,10,10
Pt102_t1,KK280,lib2,Venetoclax,True,,8,8,10,10
Pt102_t1,KK280,lib2,Volasertib,True,,8,8,10,10
Pt102_t2,KK398,lib2,5-FU,False,plate dose supports differ,8,5,10,10
Pt102_t2,KK398,lib2,AZD5991,False,plate dose supports differ,8,5,10,10
Pt102_t2,KK398,lib2,AZD7762,False,plate dose supports differ,8,5,10,10
Pt102_t2,KK398,lib2,Adavosertib,False,plate dose supports differ,8,5,10,10
Pt102_t2,KK398,lib2,Afatinib,False,plate dose supports differ,8,5,10,10
Pt102_t2,KK398,lib2,Alectinib,False,plate dose supports differ,8,5,10,10
Pt102_t2,KK398,lib2,Alisertib,False,plate dose supports differ,8,5,10,10
Pt102_t2,KK398,lib2,Atorvastatin,False,plate dose supports differ,8,5,10,10
Pt102_t2,KK398,lib2,BMS-754807,False,plate dose supports differ,8,5,10,10
Pt102_t2,KK398,lib2,Bemcentinib,False,plate dose supports differ,8,5,10,10
Pt102_t2,KK398,lib2,Carfilzomib,False,plate dose supports differ,8,5,10,10
Pt102_t2,KK398,lib2,Ceralasertib,False,plate dose supports differ,8,5,10,10
Pt102_t2,KK398,lib2,Cetuximab,True,,5,5,10,10
Pt102_t2,KK398,lib2,Dasatinib,False,plate dose supports differ,8,5,10,10
Pt102_t2,KK398,lib2,Encorafenib,False,plate dose supports differ,8,5,10,10
Pt102_t2,KK398,lib2,Everolimus,False,plate dose supports differ,8,5,10,10
Pt102_t2,KK398,lib2,Gedatolisib,False,plate dose supports differ,8,5,10,10
Pt102_t2,KK398,lib2,Gemcitabine,False,plate dose supports differ,8,5,10,10
Pt102_t2,KK398,lib2,Idasanutlin,False,plate dose supports differ,8,5,10,10
Pt102_t2,KK398,lib2,Idelalisib,False,plate dose supports differ,8,5,10,10
Pt102_t2,KK398,lib2,LCL161,False,plate dose supports differ,8,5,10,10
Pt102_t2,KK398,lib2,LGK974,False,plate dose supports differ,8,5,10,10
Pt102_t2,KK398,lib2,Lapatinib,False,plate dose supports differ,8,5,10,10
Pt102_t2,KK398,lib2,Larotrectinib,False,plate dose supports differ,8,5,10,10
Pt102_t2,KK398,lib2,Luminespib,False,plate dose supports differ,8,5,10,10
Pt102_t2,KK398,lib2,Methotrexate,False,plate dose supports differ,8,5,10,10
Pt102_t2,KK398,lib2,Napabucasin,False,plate dose supports differ,8,5,10,10
Pt102_t2,KK398,lib2,Oxaliplatin,False,plate dose supports differ,8,5,10,10
Pt102_t2,KK398,lib2,Palbociclib,False,plate dose supports differ,8,5,10,10
Pt102_t2,KK398,lib2,Panobinostat,False,plate dose supports differ,8,5,10,10
Pt102_t2,KK398,lib2,Pevonedistat,False,plate dose supports differ,8,5,10,10
Pt102_t2,KK398,lib2,Regorafenib,False,plate dose supports differ,8,5,10,10
Pt102_t2,KK398,lib2,SN-38,False,plate dose supports differ,9,5,10,10
Pt102_t2,KK398,lib2,Savolitinib,False,plate dose supports differ,8,5,10,10
Pt102_t2,KK398,lib2,Selinexor,False,plate dose supports differ,8,5,10,10
Pt102_t2,KK398,lib2,Silmitasertib,False,plate dose supports differ,8,5,10,10
Pt102_t2,KK398,lib2,Sotorasib,False,plate dose supports differ,8,5,10,10
Pt102_t2,KK398,lib2,TAS-102,False,plate dose supports differ,8,5,10,10
Pt102_t2,KK398,lib2,Talazoparib,False,plate dose supports differ,8,5,10,10
Pt102_t2,KK398,lib2,Trametinib,False,plate dose supports differ,8,5,10,10
Pt102_t2,KK398,lib2,Venetoclax,False,plate dose supports differ,8,5,10,10
Pt102_t2,KK398,lib2,Volasertib,False,plate dose supports differ,8,5,10,10
Pt103_t2,KK283,lib2,5-FU,True,,8,8,10,10
Pt103_t2,KK283,lib2,AZD5991,True,,8,8,10,10
Pt103_t2,KK283,lib2,AZD7762,True,,8,8,10,10
Pt103_t2,KK283,lib2,Adavosertib,True,,8,8,10,10
Pt103_t2,KK283,lib2,Afatinib,True,,8,8,10,10
Pt103_t2,KK283,lib2,Alectinib,True,,8,8,10,10
Pt103_t2,KK283,lib2,Alisertib,True,,8,8,10,10
Pt103_t2,KK283,lib2,Atorvastatin,True,,8,8,10,10
Pt103_t2,KK283,lib2,BMS-754807,True,,8,8,10,10
Pt103_t2,KK283,lib2,Bemcentinib,True,,8,8,10,10
Pt103_t2,KK283,lib2,Carfilzomib,True,,8,8,10,10
Pt103_t2,KK283,lib2,Ceralasertib,True,,8,8,10,10
Pt103_t2,KK283,lib2,Cetuximab,True,,5,5,10,10
Pt103_t2,KK283,lib2,Dasatinib,True,,8,8,10,10
Pt103_t2,KK283,lib2,Encorafenib,True,,8,8,10,10
Pt103_t2,KK283,lib2,Everolimus,True,,8,8,10,10
Pt103_t2,KK283,lib2,Gedatolisib,True,,8,8,10,10
Pt103_t2,KK283,lib2,Gemcitabine,True,,8,8,10,10
Pt103_t2,KK283,lib2,Idasanutlin,True,,8,8,10,10
Pt103_t2,KK283,lib2,Idelalisib,True,,8,8,10,10
Pt103_t2,KK283,lib2,LCL161,True,,8,8,10,10
Pt103_t2,KK283,lib2,LGK974,True,,8,8,10,10
Pt103_t2,KK283,lib2,Lapatinib,True,,8,8,10,10
Pt103_t2,KK283,lib2,Larotrectinib,True,,8,8,10,10
Pt103_t2,KK283,lib2,Luminespib,True,,8,8,10,10
Pt103_t2,KK283,lib2,Methotrexate,True,,8,8,10,10
Pt103_t2,KK283,lib2,Napabucasin,True,,8,8,10,10
Pt103_t2,KK283,lib2,Oxaliplatin,True,,8,8,10,10
Pt103_t2,KK283,lib2,Palbociclib,True,,8,8,10,10
Pt103_t2,KK283,lib2,Panobinostat,True,,8,8,10,10
Pt103_t2,KK283,lib2,Pevonedistat,True,,8,8,10,10
Pt103_t2,KK283,lib2,Regorafenib,True,,8,8,10,10
Pt103_t2,KK283,lib2,SN-38,True,,9,9,10,10
Pt103_t2,KK283,lib2,Savolitinib,True,,8,8,10,10
Pt103_t2,KK283,lib2,Selinexor,True,,8,8,10,10
Pt103_t2,KK283,lib2,Silmitasertib,True,,8,8,10,10
Pt103_t2,KK283,lib2,Sotorasib,True,,8,8,10,10
Pt103_t2,KK283,lib2,TAS-102,True,,8,8,10,10
Pt103_t2,KK283,lib2,Talazoparib,True,,8,8,10,10
Pt103_t2,KK283,lib2,Trametinib,True,,8,8,10,10
Pt103_t2,KK283,lib2,Venetoclax,True,,8,8,10,10
Pt103_t2,KK283,lib2,Volasertib,True,,8,8,10,10
Pt104_t1,KK281,lib2,5-FU,True,,8,8,10,10
Pt104_t1,KK281,lib2,AZD5991,True,,8,8,10,10
Pt104_t1,KK281,lib2,AZD7762,True,,8,8,10,10
Pt104_t1,KK281,lib2,Adavosertib,True,,8,8,10,10
Pt104_t1,KK281,lib2,Afatinib,True,,8,8,10,10
Pt104_t1,KK281,lib2,Alectinib,True,,8,8,10,10
Pt104_t1,KK281,lib2,Alisertib,True,,8,8,10,10
Pt104_t1,KK281,lib2,Atorvastatin,True,,8,8,10,10
Pt104_t1,KK281,lib2,BMS-754807,True,,8,8,10,10
Pt104_t1,KK281,lib2,Bemcentinib,True,,8,8,10,10
Pt104_t1,KK281,lib2,Carfilzomib,True,,8,8,10,10
Pt104_t1,KK281,lib2,Ceralasertib,True,,8,8,10,10
Pt104_t1,KK281,lib2,Cetuximab,True,,5,5,10,10
Pt104_t1,KK281,lib2,Dasatinib,True,,8,8,10,10
Pt104_t1,KK281,lib2,Encorafenib,True,,8,8,10,10
Pt104_t1,KK281,lib2,Everolimus,True,,8,8,10,10
Pt104_t1,KK281,lib2,Gedatolisib,True,,8,8,10,10
Pt104_t1,KK281,lib2,Gemcitabine,True,,8,8,10,10
Pt104_t1,KK281,lib2,Idasanutlin,True,,8,8,10,10
Pt104_t1,KK281,lib2,Idelalisib,True,,8,8,10,10
Pt104_t1,KK281,lib2,LCL161,True,,8,8,10,10
Pt104_t1,KK281,lib2,LGK974,True,,8,8,10,10
Pt104_t1,KK281,lib2,Lapatinib,True,,8,8,10,10
Pt104_t1,KK281,lib2,Larotrectinib,True,,8,8,10,10
Pt104_t1,KK281,lib2,Luminespib,True,,8,8,10,10
Pt104_t1,KK281,lib2,Methotrexate,True,,8,8,10,10
Pt104_t1,KK281,lib2,Napabucasin,True,,8,8,10,10
Pt104_t1,KK281,lib2,Oxaliplatin,True,,8,8,10,10
Pt104_t1,KK281,lib2,Palbociclib,True,,8,8,10,10
Pt104_t1,KK281,lib2,Panobinostat,True,,8,8,10,10
Pt104_t1,KK281,lib2,Pevonedistat,True,,8,8,10,10
Pt104_t1,KK281,lib2,Regorafenib,True,,8,8,10,10
Pt104_t1,KK281,lib2,SN-38,True,,9,9,10,10
Pt104_t1,KK281,lib2,Savolitinib,True,,8,8,10,10
Pt104_t1,KK281,lib2,Selinexor,True,,8,8,10,10
Pt104_t1,KK281,lib2,Silmitasertib,True,,8,8,10,10
Pt104_t1,KK281,lib2,Sotorasib,True,,8,8,10,10
Pt104_t1,KK281,lib2,TAS-102,True,,8,8,10,10
Pt104_t1,KK281,lib2,Talazoparib,True,,8,8,10,10
Pt104_t1,KK281,lib2,Trametinib,True,,8,8,10,10
Pt104_t1,KK281,lib2,Venetoclax,True,,8,8,10,10
Pt104_t1,KK281,lib2,Volasertib,True,,8,8,10,10
Pt104_t3,KK279,lib2,5-FU,True,,8,8,10,10
Pt104_t3,KK279,lib2,AZD5991,True,,8,8,10,10
Pt104_t3,KK279,lib2,AZD7762,True,,8,8,10,10
Pt104_t3,KK279,lib2,Adavosertib,True,,8,8,10,10
Pt104_t3,KK279,lib2,Afatinib,True,,8,8,10,10
Pt104_t3,KK279,lib2,Alectinib,True,,8,8,10,10
Pt104_t3,KK279,lib2,Alisertib,True,,8,8,10,10
Pt104_t3,KK279,lib2,Atorvastatin,True,,8,8,10,10
Pt104_t3,KK279,lib2,BMS-754807,True,,8,8,10,10
Pt104_t3,KK279,lib2,Bemcentinib,True,,8,8,10,10
Pt104_t3,KK279,lib2,Carfilzomib,True,,8,8,10,10
Pt104_t3,KK279,lib2,Ceralasertib,True,,8,8,10,10
Pt104_t3,KK279,lib2,Cetuximab,True,,5,5,10,10
Pt104_t3,KK279,lib2,Dasatinib,True,,8,8,10,10
Pt104_t3,KK279,lib2,Encorafenib,True,,8,8,10,10
Pt104_t3,KK279,lib2,Everolimus,True,,8,8,10,10
Pt104_t3,KK279,lib2,Gedatolisib,True,,8,8,10,10
Pt104_t3,KK279,lib2,Gemcitabine,True,,8,8,10,10
Pt104_t3,KK279,lib2,Idasanutlin,True,,8,8,10,10
Pt104_t3,KK279,lib2,Idelalisib,True,,8,8,10,10
Pt104_t3,KK279,lib2,LCL161,True,,8,8,10,10
Pt104_t3,KK279,lib2,LGK974,True,,8,8,10,10
Pt104_t3,KK279,lib2,Lapatinib,True,,8,8,10,10
Pt104_t3,KK279,lib2,Larotrectinib,True,,8,8,10,10
Pt104_t3,KK279,lib2,Luminespib,True,,8,8,10,10
Pt104_t3,KK279,lib2,Methotrexate,True,,8,8,10,10
Pt104_t3,KK279,lib2,Napabucasin,True,,8,8,10,10
Pt104_t3,KK279,lib2,Oxaliplatin,True,,8,8,10,10
Pt104_t3,KK279,lib2,Palbociclib,True,,8,8,10,10
Pt104_t3,KK279,lib2,Panobinostat,True,,8,8,10,10
Pt104_t3,KK279,lib2,Pevonedistat,True,,8,8,10,10
Pt104_t3,KK279,lib2,Regorafenib,True,,8,8,10,10
Pt104_t3,KK279,lib2,SN-38,True,,9,9,10,10
Pt104_t3,KK279,lib2,Savolitinib,True,,8,8,10,10
Pt104_t3,KK279,lib2,Selinexor,True,,8,8,10,10
Pt104_t3,KK279,lib2,Silmitasertib,True,,8,8,10,10
Pt104_t3,KK279,lib2,Sotorasib,True,,8,8,10,10
Pt104_t3,KK279,lib2,TAS-102,True,,8,8,10,10
Pt104_t3,KK279,lib2,Talazoparib,True,,8,8,10,10
Pt104_t3,KK279,lib2,Trametinib,True,,8,8,10,10
Pt104_t3,KK279,lib2,Venetoclax,True,,8,8,10,10
Pt104_t3,KK279,lib2,Volasertib,True,,8,8,10,10
Pt104_t4,KK277,lib2,5-FU,True,,8,8,10,10
Pt104_t4,KK277,lib2,AZD5991,True,,8,8,10,10
Pt104_t4,KK277,lib2,AZD7762,True,,8,8,10,10
Pt104_t4,KK277,lib2,Adavosertib,True,,8,8,10,10
Pt104_t4,KK277,lib2,Afatinib,True,,8,8,10,10
Pt104_t4,KK277,lib2,Alectinib,True,,8,8,10,10
Pt104_t4,KK277,lib2,Alisertib,True,,8,8,10,10
Pt104_t4,KK277,lib2,Atorvastatin,True,,8,8,10,10
Pt104_t4,KK277,lib2,BMS-754807,True,,8,8,10,10
Pt104_t4,KK277,lib2,Bemcentinib,True,,8,8,10,10
Pt104_t4,KK277,lib2,Carfilzomib,True,,8,8,10,10
Pt104_t4,KK277,lib2,Ceralasertib,True,,8,8,10,10
Pt104_t4,KK277,lib2,Cetuximab,True,,5,5,10,10
Pt104_t4,KK277,lib2,Dasatinib,True,,8,8,10,10
Pt104_t4,KK277,lib2,Encorafenib,True,,8,8,10,10
Pt104_t4,KK277,lib2,Everolimus,True,,8,8,10,10
Pt104_t4,KK277,lib2,Gedatolisib,True,,8,8,10,10
Pt104_t4,KK277,lib2,Gemcitabine,True,,8,8,10,10
Pt104_t4,KK277,lib2,Idasanutlin,True,,8,8,10,10
Pt104_t4,KK277,lib2,Idelalisib,True,,8,8,10,10
Pt104_t4,KK277,lib2,LCL161,True,,8,8,10,10
Pt104_t4,KK277,lib2,LGK974,True,,8,8,10,10
Pt104_t4,KK277,lib2,Lapatinib,True,,8,8,10,10
Pt104_t4,KK277,lib2,Larotrectinib,True,,8,8,10,10
Pt104_t4,KK277,lib2,Luminespib,True,,8,8,10,10
Pt104_t4,KK277,lib2,Methotrexate,True,,8,8,10,10
Pt104_t4,KK277,lib2,Napabucasin,True,,8,8,10,10
Pt104_t4,KK277,lib2,Oxaliplatin,True,,8,8,10,10
Pt104_t4,KK277,lib2,Palbociclib,True,,8,8,10,10
Pt104_t4,KK277,lib2,Panobinostat,True,,8,8,10,10
Pt104_t4,KK277,lib2,Pevonedistat,True,,8,8,10,10
Pt104_t4,KK277,lib2,Regorafenib,True,,8,8,10,10
Pt104_t4,KK277,lib2,SN-38,True,,9,9,10,10
Pt104_t4,KK277,lib2,Savolitinib,True,,8,8,10,10
Pt104_t4,KK277,lib2,Selinexor,True,,8,8,10,10
Pt104_t4,KK277,lib2,Silmitasertib,True,,8,8,10,10
Pt104_t4,KK277,lib2,Sotorasib,True,,8,8,10,10
Pt104_t4,KK277,lib2,TAS-102,True,,8,8,10,10
Pt104_t4,KK277,lib2,Talazoparib,True,,8,8,10,10
Pt104_t4,KK277,lib2,Trametinib,True,,8,8,10,10
Pt104_t4,KK277,lib2,Venetoclax,True,,8,8,10,10
Pt104_t4,KK277,lib2,Volasertib,True,,8,8,10,10
Pt105_t1,KK288,lib2,5-FU,True,,8,8,10,10
Pt105_t1,KK288,lib2,AZD5991,True,,8,8,10,10
Pt105_t1,KK288,lib2,AZD7762,True,,8,8,10,10
Pt105_t1,KK288,lib2,Adavosertib,True,,8,8,10,10
Pt105_t1,KK288,lib2,Afatinib,True,,8,8,10,10
Pt105_t1,KK288,lib2,Alectinib,True,,8,8,10,10
Pt105_t1,KK288,lib2,Alisertib,True,,8,8,10,10
Pt105_t1,KK288,lib2,Atorvastatin,True,,8,8,10,10
Pt105_t1,KK288,lib2,BMS-754807,True,,8,8,10,10
Pt105_t1,KK288,lib2,Bemcentinib,True,,8,8,10,10
Pt105_t1,KK288,lib2,Carfilzomib,True,,8,8,10,10
Pt105_t1,KK288,lib2,Ceralasertib,True,,8,8,10,10
Pt105_t1,KK288,lib2,Cetuximab,True,,5,5,10,10
Pt105_t1,KK288,lib2,Dasatinib,True,,8,8,10,10
Pt105_t1,KK288,lib2,Encorafenib,True,,8,8,10,10
Pt105_t1,KK288,lib2,Everolimus,True,,8,8,10,10
Pt105_t1,KK288,lib2,Gedatolisib,True,,8,8,10,10
Pt105_t1,KK288,lib2,Gemcitabine,True,,8,8,10,10
Pt105_t1,KK288,lib2,Idasanutlin,True,,8,8,10,10
Pt105_t1,KK288,lib2,Idelalisib,True,,8,8,10,10
Pt105_t1,KK288,lib2,LCL161,True,,8,8,10,10
Pt105_t1,KK288,lib2,LGK974,True,,8,8,10,10
Pt105_t1,KK288,lib2,Lapatinib,True,,8,8,10,10
Pt105_t1,KK288,lib2,Larotrectinib,True,,8,8,10,10
Pt105_t1,KK288,lib2,Luminespib,True,,8,8,10,10
Pt105_t1,KK288,lib2,Methotrexate,True,,8,8,10,10
Pt105_t1,KK288,lib2,Napabucasin,True,,8,8,10,10
Pt105_t1,KK288,lib2,Oxaliplatin,True,,8,8,10,10
Pt105_t1,KK288,lib2,Palbociclib,True,,8,8,10,10
Pt105_t1,KK288,lib2,Panobinostat,True,,8,8,10,10
Pt105_t1,KK288,lib2,Pevonedistat,True,,8,8,10,10
Pt105_t1,KK288,lib2,Regorafenib,True,,8,8,10,10
Pt105_t1,KK288,lib2,SN-38,True,,9,9,10,10
Pt105_t1,KK288,lib2,Savolitinib,True,,8,8,10,10
Pt105_t1,KK288,lib2,Selinexor,True,,8,8,10,10
Pt105_t1,KK288,lib2,Silmitasertib,True,,8,8,10,10
Pt105_t1,KK288,lib2,Sotorasib,True,,8,8,10,10
Pt105_t1,KK288,lib2,TAS-102,True,,8,8,10,10
Pt105_t1,KK288,lib2,Talazoparib,True,,8,8,10,10
Pt105_t1,KK288,lib2,Trametinib,True,,8,8,10,10
Pt105_t1,KK288,lib2,Venetoclax,True,,8,8,10,10
Pt105_t1,KK288,lib2,Volasertib,True,,8,8,10,10
Pt105_t4,KK300,lib2,5-FU,True,,8,8,10,10
Pt105_t4,KK300,lib2,AZD5991,True,,8,8,10,10
Pt105_t4,KK300,lib2,AZD7762,True,,8,8,10,10
Pt105_t4,KK300,lib2,Adavosertib,True,,8,8,10,10
Pt105_t4,KK300,lib2,Afatinib,True,,8,8,10,10
Pt105_t4,KK300,lib2,Alectinib,True,,8,8,10,10
Pt105_t4,KK300,lib2,Alisertib,True,,8,8,10,10
Pt105_t4,KK300,lib2,Atorvastatin,True,,8,8,10,10
Pt105_t4,KK300,lib2,BMS-754807,True,,8,8,10,10
Pt105_t4,KK300,lib2,Bemcentinib,True,,8,8,10,10
Pt105_t4,KK300,lib2,Carfilzomib,True,,8,8,10,10
Pt105_t4,KK300,lib2,Ceralasertib,True,,8,8,10,10
Pt105_t4,KK300,lib2,Cetuximab,True,,5,5,10,10
Pt105_t4,KK300,lib2,Dasatinib,True,,8,8,10,10
Pt105_t4,KK300,lib2,Encorafenib,True,,8,8,10,10
Pt105_t4,KK300,lib2,Everolimus,True,,8,8,10,10
Pt105_t4,KK300,lib2,Gedatolisib,True,,8,8,10,10
Pt105_t4,KK300,lib2,Gemcitabine,True,,8,8,10,10
Pt105_t4,KK300,lib2,Idasanutlin,True,,8,8,10,10
Pt105_t4,KK300,lib2,Idelalisib,True,,8,8,10,10
Pt105_t4,KK300,lib2,LCL161,True,,8,8,10,10
Pt105_t4,KK300,lib2,LGK974,True,,8,8,10,10
Pt105_t4,KK300,lib2,Lapatinib,True,,8,8,10,10
Pt105_t4,KK300,lib2,Larotrectinib,True,,8,8,10,10
Pt105_t4,KK300,lib2,Luminespib,True,,8,8,10,10
Pt105_t4,KK300,lib2,Methotrexate,True,,8,8,10,10
Pt105_t4,KK300,lib2,Napabucasin,True,,8,8,10,10
Pt105_t4,KK300,lib2,Oxaliplatin,True,,8,8,10,10
Pt105_t4,KK300,lib2,Palbociclib,True,,8,8,10,10
Pt105_t4,KK300,lib2,Panobinostat,True,,8,8,10,10
Pt105_t4,KK300,lib2,Pevonedistat,True,,8,8,10,10
Pt105_t4,KK300,lib2,Regorafenib,True,,8,8,10,10
Pt105_t4,KK300,lib2,SN-38,True,,9,9,10,10
Pt105_t4,KK300,lib2,Savolitinib,True,,8,8,10,10
Pt105_t4,KK300,lib2,Selinexor,True,,8,8,10,10
Pt105_t4,KK300,lib2,Silmitasertib,True,,8,8,10,10
Pt105_t4,KK300,lib2,Sotorasib,True,,8,8,10,10
Pt105_t4,KK300,lib2,TAS-102,True,,8,8,10,10
Pt105_t4,KK300,lib2,Talazoparib,True,,8,8,10,10
Pt105_t4,KK300,lib2,Trametinib,True,,8,8,10,10
Pt105_t4,KK300,lib2,Venetoclax,True,,8,8,10,10
Pt105_t4,KK300,lib2,Volasertib,True,,8,8,10,10
Pt106_t1,KK282,lib2,5-FU,True,,8,8,10,10
Pt106_t1,KK282,lib2,AZD5991,True,,8,8,10,10
Pt106_t1,KK282,lib2,AZD7762,True,,8,8,10,10
Pt106_t1,KK282,lib2,Adavosertib,True,,8,8,10,10
Pt106_t1,KK282,lib2,Afatinib,True,,8,8,10,10
Pt106_t1,KK282,lib2,Alectinib,True,,8,8,10,10
Pt106_t1,KK282,lib2,Alisertib,True,,8,8,10,10
Pt106_t1,KK282,lib2,Atorvastatin,True,,8,8,10,10
Pt106_t1,KK282,lib2,BMS-754807,True,,8,8,10,10
Pt106_t1,KK282,lib2,Bemcentinib,True,,8,8,10,10
Pt106_t1,KK282,lib2,Carfilzomib,True,,8,8,10,10
Pt106_t1,KK282,lib2,Ceralasertib,True,,8,8,10,10
Pt106_t1,KK282,lib2,Cetuximab,True,,5,5,10,10
Pt106_t1,KK282,lib2,Dasatinib,True,,8,8,10,10
Pt106_t1,KK282,lib2,Encorafenib,True,,8,8,10,10
Pt106_t1,KK282,lib2,Everolimus,True,,8,8,10,10
Pt106_t1,KK282,lib2,Gedatolisib,True,,8,8,10,10
Pt106_t1,KK282,lib2,Gemcitabine,True,,8,8,10,10
Pt106_t1,KK282,lib2,Idasanutlin,True,,8,8,10,10
Pt106_t1,KK282,lib2,Idelalisib,True,,8,8,10,10
Pt106_t1,KK282,lib2,LCL161,True,,8,8,10,10
Pt106_t1,KK282,lib2,LGK974,True,,8,8,10,10
Pt106_t1,KK282,lib2,Lapatinib,True,,8,8,10,10
Pt106_t1,KK282,lib2,Larotrectinib,True,,8,8,10,10
Pt106_t1,KK282,lib2,Luminespib,True,,8,8,10,10
Pt106_t1,KK282,lib2,Methotrexate,True,,8,8,10,10
Pt106_t1,KK282,lib2,Napabucasin,True,,8,8,10,10
Pt106_t1,KK282,lib2,Oxaliplatin,True,,8,8,10,10
Pt106_t1,KK282,lib2,Palbociclib,True,,8,8,10,10
Pt106_t1,KK282,lib2,Panobinostat,True,,8,8,10,10
Pt106_t1,KK282,lib2,Pevonedistat,True,,8,8,10,10
Pt106_t1,KK282,lib2,Regorafenib,True,,8,8,10,10
Pt106_t1,KK282,lib2,SN-38,True,,9,9,10,10
Pt106_t1,KK282,lib2,Savolitinib,True,,8,8,10,10
Pt106_t1,KK282,lib2,Selinexor,True,,8,8,10,10
Pt106_t1,KK282,lib2,Silmitasertib,True,,8,8,10,10
Pt106_t1,KK282,lib2,Sotorasib,True,,8,8,10,10
Pt106_t1,KK282,lib2,TAS-102,True,,8,8,10,10
Pt106_t1,KK282,lib2,Talazoparib,True,,8,8,10,10
Pt106_t1,KK282,lib2,Trametinib,True,,8,8,10,10
Pt106_t1,KK282,lib2,Venetoclax,True,,8,8,10,10
Pt106_t1,KK282,lib2,Volasertib,True,,8,8,10,10
Pt106_t1,KK284,lib2,5-FU,True,,8,8,10,10
Pt106_t1,KK284,lib2,AZD5991,True,,8,8,10,10
Pt106_t1,KK284,lib2,AZD7762,True,,8,8,10,10
Pt106_t1,KK284,lib2,Adavosertib,True,,8,8,10,10
Pt106_t1,KK284,lib2,Afatinib,True,,8,8,10,10
Pt106_t1,KK284,lib2,Alectinib,True,,8,8,10,10
Pt106_t1,KK284,lib2,Alisertib,True,,8,8,10,10
Pt106_t1,KK284,lib2,Atorvastatin,True,,8,8,10,10
Pt106_t1,KK284,lib2,BMS-754807,True,,8,8,10,10
Pt106_t1,KK284,lib2,Bemcentinib,True,,8,8,10,10
Pt106_t1,KK284,lib2,Carfilzomib,True,,8,8,10,10
Pt106_t1,KK284,lib2,Ceralasertib,True,,8,8,10,10
Pt106_t1,KK284,lib2,Cetuximab,True,,5,5,10,10
Pt106_t1,KK284,lib2,Dasatinib,True,,8,8,10,10
Pt106_t1,KK284,lib2,Encorafenib,True,,8,8,10,10
Pt106_t1,KK284,lib2,Everolimus,True,,8,8,10,10
Pt106_t1,KK284,lib2,Gedatolisib,True,,8,8,10,10
Pt106_t1,KK284,lib2,Gemcitabine,True,,8,8,10,10
Pt106_t1,KK284,lib2,Idasanutlin,True,,8,8,10,10
Pt106_t1,KK284,lib2,Idelalisib,True,,8,8,10,10
Pt106_t1,KK284,lib2,LCL161,True,,8,8,10,10
Pt106_t1,KK284,lib2,LGK974,True,,8,8,10,10
Pt106_t1,KK284,lib2,Lapatinib,True,,8,8,10,10
Pt106_t1,KK284,lib2,Larotrectinib,True,,8,8,10,10
Pt106_t1,KK284,lib2,Luminespib,True,,8,8,10,10
Pt106_t1,KK284,lib2,Methotrexate,True,,8,8,10,10
Pt106_t1,KK284,lib2,Napabucasin,True,,8,8,10,10
Pt106_t1,KK284,lib2,Oxaliplatin,True,,8,8,10,10
Pt106_t1,KK284,lib2,Palbociclib,True,,8,8,10,10
Pt106_t1,KK284,lib2,Panobinostat,True,,8,8,10,10
Pt106_t1,KK284,lib2,Pevonedistat,True,,8,8,10,10
Pt106_t1,KK284,lib2,Regorafenib,True,,8,8,10,10
Pt106_t1,KK284,lib2,SN-38,True,,9,9,10,10
Pt106_t1,KK284,lib2,Savolitinib,True,,8,8,10,10
Pt106_t1,KK284,lib2,Selinexor,True,,8,8,10,10
Pt106_t1,KK284,lib2,Silmitasertib,True,,8,8,10,10
Pt106_t1,KK284,lib2,Sotorasib,True,,8,8,10,10
Pt106_t1,KK284,lib2,TAS-102,True,,8,8,10,10
Pt106_t1,KK284,lib2,Talazoparib,True,,8,8,10,10
Pt106_t1,KK284,lib2,Trametinib,True,,8,8,10,10
Pt106_t1,KK284,lib2,Venetoclax,True,,8,8,10,10
Pt106_t1,KK284,lib2,Volasertib,True,,8,8,10,10
Pt106_t2,KK285,lib2,5-FU,True,,8,8,10,10
Pt106_t2,KK285,lib2,AZD5991,True,,8,8,10,10
Pt106_t2,KK285,lib2,AZD7762,True,,8,8,10,10
Pt106_t2,KK285,lib2,Adavosertib,True,,8,8,10,10
Pt106_t2,KK285,lib2,Afatinib,True,,8,8,10,10
Pt106_t2,KK285,lib2,Alectinib,True,,8,8,10,10
Pt106_t2,KK285,lib2,Alisertib,True,,8,8,10,10
Pt106_t2,KK285,lib2,Atorvastatin,True,,8,8,10,10
Pt106_t2,KK285,lib2,BMS-754807,True,,8,8,10,10
Pt106_t2,KK285,lib2,Bemcentinib,True,,8,8,10,10
Pt106_t2,KK285,lib2,Carfilzomib,True,,8,8,10,10
Pt106_t2,KK285,lib2,Ceralasertib,True,,8,8,10,10
Pt106_t2,KK285,lib2,Cetuximab,True,,5,5,10,10
Pt106_t2,KK285,lib2,Dasatinib,True,,8,8,10,10
Pt106_t2,KK285,lib2,Encorafenib,True,,8,8,10,10
Pt106_t2,KK285,lib2,Everolimus,True,,8,8,10,10
Pt106_t2,KK285,lib2,Gedatolisib,True,,8,8,10,10
Pt106_t2,KK285,lib2,Gemcitabine,True,,8,8,10,10
Pt106_t2,KK285,lib2,Idasanutlin,True,,8,8,10,10
Pt106_t2,KK285,lib2,Idelalisib,True,,8,8,10,10
Pt106_t2,KK285,lib2,LCL161,True,,8,8,10,10
Pt106_t2,KK285,lib2,LGK974,True,,8,8,10,10
Pt106_t2,KK285,lib2,Lapatinib,True,,8,8,10,10
Pt106_t2,KK285,lib2,Larotrectinib,True,,8,8,10,10
Pt106_t2,KK285,lib2,Luminespib,True,,8,8,10,10
Pt106_t2,KK285,lib2,Methotrexate,True,,8,8,10,10
Pt106_t2,KK285,lib2,Napabucasin,True,,8,8,10,10
Pt106_t2,KK285,lib2,Oxaliplatin,True,,8,8,10,10
Pt106_t2,KK285,lib2,Palbociclib,True,,8,8,10,10
Pt106_t2,KK285,lib2,Panobinostat,True,,8,8,10,10
Pt106_t2,KK285,lib2,Pevonedistat,True,,8,8,10,10
Pt106_t2,KK285,lib2,Regorafenib,True,,8,8,10,10
Pt106_t2,KK285,lib2,SN-38,True,,9,9,10,10
Pt106_t2,KK285,lib2,Savolitinib,True,,8,8,10,10
Pt106_t2,KK285,lib2,Selinexor,True,,8,8,10,10
Pt106_t2,KK285,lib2,Silmitasertib,True,,8,8,10,10
Pt106_t2,KK285,lib2,Sotorasib,True,,8,8,10,10
Pt106_t2,KK285,lib2,TAS-102,True,,8,8,10,10
Pt106_t2,KK285,lib2,Talazoparib,True,,8,8,10,10
Pt106_t2,KK285,lib2,Trametinib,True,,8,8,10,10
Pt106_t2,KK285,lib2,Venetoclax,True,,8,8,10,10
Pt106_t2,KK285,lib2,Volasertib,True,,8,8,10,10
Pt109_t1,KK302,lib2,5-FU,True,,8,8,10,10
Pt109_t1,KK302,lib2,AZD5991,True,,8,8,10,10
Pt109_t1,KK302,lib2,AZD7762,True,,8,8,10,10
Pt109_t1,KK302,lib2,Adavosertib,True,,8,8,10,10
Pt109_t1,KK302,lib2,Afatinib,True,,8,8,10,10
Pt109_t1,KK302,lib2,Alectinib,True,,8,8,10,10
Pt109_t1,KK302,lib2,Alisertib,True,,8,8,10,10
Pt109_t1,KK302,lib2,Atorvastatin,True,,8,8,10,10
Pt109_t1,KK302,lib2,BMS-754807,True,,8,8,10,10
Pt109_t1,KK302,lib2,Bemcentinib,True,,8,8,10,10
Pt109_t1,KK302,lib2,Carfilzomib,True,,8,8,10,10
Pt109_t1,KK302,lib2,Ceralasertib,True,,8,8,10,10
Pt109_t1,KK302,lib2,Cetuximab,True,,5,5,10,10
Pt109_t1,KK302,lib2,Dasatinib,True,,8,8,10,10
Pt109_t1,KK302,lib2,Encorafenib,True,,8,8,10,10
Pt109_t1,KK302,lib2,Everolimus,True,,8,8,10,10
Pt109_t1,KK302,lib2,Gedatolisib,True,,8,8,10,10
Pt109_t1,KK302,lib2,Gemcitabine,True,,8,8,10,10
Pt109_t1,KK302,lib2,Idasanutlin,True,,8,8,10,10
Pt109_t1,KK302,lib2,Idelalisib,True,,8,8,10,10
Pt109_t1,KK302,lib2,LCL161,True,,8,8,10,10
Pt109_t1,KK302,lib2,LGK974,True,,8,8,10,10
Pt109_t1,KK302,lib2,Lapatinib,True,,8,8,10,10
Pt109_t1,KK302,lib2,Larotrectinib,True,,8,8,10,10
Pt109_t1,KK302,lib2,Luminespib,True,,8,8,10,10
Pt109_t1,KK302,lib2,Methotrexate,True,,8,8,10,10
Pt109_t1,KK302,lib2,Napabucasin,True,,8,8,10,10
Pt109_t1,KK302,lib2,Oxaliplatin,True,,8,8,10,10
Pt109_t1,KK302,lib2,Palbociclib,True,,8,8,10,10
Pt109_t1,KK302,lib2,Panobinostat,True,,8,8,10,10
Pt109_t1,KK302,lib2,Pevonedistat,True,,8,8,10,10
Pt109_t1,KK302,lib2,Regorafenib,True,,8,8,10,10
Pt109_t1,KK302,lib2,SN-38,True,,9,9,10,10
Pt109_t1,KK302,lib2,Savolitinib,True,,8,8,10,10
Pt109_t1,KK302,lib2,Selinexor,True,,8,8,10,10
Pt109_t1,KK302,lib2,Silmitasertib,True,,8,8,10,10
Pt109_t1,KK302,lib2,Sotorasib,True,,8,8,10,10
Pt109_t1,KK302,lib2,TAS-102,True,,8,8,10,10
Pt109_t1,KK302,lib2,Talazoparib,True,,8,8,10,10
Pt109_t1,KK302,lib2,Trametinib,True,,8,8,10,10
Pt109_t1,KK302,lib2,Venetoclax,True,,8,8,10,10
Pt109_t1,KK302,lib2,Volasertib,True,,8,8,10,10
Pt109_t2,KK299,lib2,5-FU,True,,8,8,10,10
Pt109_t2,KK299,lib2,AZD5991,True,,8,8,10,10
Pt109_t2,KK299,lib2,AZD7762,True,,8,8,10,10
Pt109_t2,KK299,lib2,Adavosertib,True,,8,8,10,10
Pt109_t2,KK299,lib2,Afatinib,True,,8,8,10,10
Pt109_t2,KK299,lib2,Alectinib,True,,8,8,10,10
Pt109_t2,KK299,lib2,Alisertib,True,,8,8,10,10
Pt109_t2,KK299,lib2,Atorvastatin,True,,8,8,10,10
Pt109_t2,KK299,lib2,BMS-754807,True,,8,8,10,10
Pt109_t2,KK299,lib2,Bemcentinib,True,,8,8,10,10
Pt109_t2,KK299,lib2,Carfilzomib,True,,8,8,10,10
Pt109_t2,KK299,lib2,Ceralasertib,True,,8,8,10,10
Pt109_t2,KK299,lib2,Cetuximab,True,,5,5,10,10
Pt109_t2,KK299,lib2,Dasatinib,True,,8,8,10,10
Pt109_t2,KK299,lib2,Encorafenib,True,,8,8,10,10
Pt109_t2,KK299,lib2,Everolimus,True,,8,8,10,10
Pt109_t2,KK299,lib2,Gedatolisib,True,,8,8,10,10
Pt109_t2,KK299,lib2,Gemcitabine,True,,8,8,10,10
Pt109_t2,KK299,lib2,Idasanutlin,True,,8,8,10,10
Pt109_t2,KK299,lib2,Idelalisib,True,,8,8,10,10
Pt109_t2,KK299,lib2,LCL161,True,,8,8,10,10
Pt109_t2,KK299,lib2,LGK974,True,,8,8,10,10
Pt109_t2,KK299,lib2,Lapatinib,True,,8,8,10,10
Pt109_t2,KK299,lib2,Larotrectinib,True,,8,8,10,10
Pt109_t2,KK299,lib2,Luminespib,True,,8,8,10,10
Pt109_t2,KK299,lib2,Methotrexate,True,,8,8,10,10
Pt109_t2,KK299,lib2,Napabucasin,True,,8,8,10,10
Pt109_t2,KK299,lib2,Oxaliplatin,True,,8,8,10,10
Pt109_t2,KK299,lib2,Palbociclib,True,,8,8,10,10
Pt109_t2,KK299,lib2,Panobinostat,True,,8,8,10,10
Pt109_t2,KK299,lib2,Pevonedistat,True,,8,8,10,10
Pt109_t2,KK299,lib2,Regorafenib,True,,8,8,10,10
Pt109_t2,KK299,lib2,SN-38,True,,9,9,10,10
Pt109_t2,KK299,lib2,Savolitinib,True,,8,8,10,10
Pt109_t2,KK299,lib2,Selinexor,True,,8,8,10,10
Pt109_t2,KK299,lib2,Silmitasertib,True,,8,8,10,10
Pt109_t2,KK299,lib2,Sotorasib,True,,8,8,10,10
Pt109_t2,KK299,lib2,TAS-102,True,,8,8,10,10
Pt109_t2,KK299,lib2,Talazoparib,True,,8,8,10,10
Pt109_t2,KK299,lib2,Trametinib,True,,8,8,10,10
Pt109_t2,KK299,lib2,Venetoclax,True,,8,8,10,10
Pt109_t2,KK299,lib2,Volasertib,True,,8,8,10,10
Pt10_t2,KK88,lib1,2-methoxyestradiol,True,,9,9,13,13
Pt10_t2,KK88,lib1,5-FU,True,,9,9,13,13
Pt10_t2,KK88,lib1,AZD7762,True,,9,9,13,13
Pt10_t2,KK88,lib1,Afatinib,True,,9,9,13,13
Pt10_t2,KK88,lib1,Alisertib,True,,9,9,13,13
Pt10_t2,KK88,lib1,Atorvastatin,True,,9,9,13,13
Pt10_t2,KK88,lib1,Bemcentinib,True,,9,9,13,13
Pt10_t2,KK88,lib1,Binimetinib,True,,9,9,13,13
Pt10_t2,KK88,lib1,Cetuximab,False,fewer than four paired drug doses,2,2,13,13
Pt10_t2,KK88,lib1,Crizotinib,True,,9,9,13,13
Pt10_t2,KK88,lib1,Disulfiram+Cu,True,,5,5,13,13
Pt10_t2,KK88,lib1,Eltanexor,True,,9,9,13,13
Pt10_t2,KK88,lib1,Encorafenib,True,,9,9,13,13
Pt10_t2,KK88,lib1,Erastin,True,,8,8,13,13
Pt10_t2,KK88,lib1,Erlotinib,True,,9,9,13,13
Pt10_t2,KK88,lib1,Gedatolisib,True,,9,9,13,13
Pt10_t2,KK88,lib1,Gemcitabine,True,,9,9,13,13
Pt10_t2,KK88,lib1,Idasanutlin,True,,9,9,13,13
Pt10_t2,KK88,lib1,Ipatasertib,True,,9,9,13,13
Pt10_t2,KK88,lib1,LCL161,True,,5,5,13,13
Pt10_t2,KK88,lib1,LGK974,True,,9,9,13,13
Pt10_t2,KK88,lib1,Lapatinib,True,,9,9,13,13
Pt10_t2,KK88,lib1,Linsitinib,True,,9,9,13,13
Pt10_t2,KK88,lib1,Luminespib,True,,9,9,13,13
Pt10_t2,KK88,lib1,Methotrexate,True,,9,9,13,13
Pt10_t2,KK88,lib1,Napabucasin,True,,9,9,13,13
Pt10_t2,KK88,lib1,Navitoclax,True,,9,9,13,13
Pt10_t2,KK88,lib1,Olaparib,True,,8,8,13,13
Pt10_t2,KK88,lib1,Palbociclib,True,,9,9,13,13
Pt10_t2,KK88,lib1,Panobinostat,True,,9,9,13,13
Pt10_t2,KK88,lib1,Pevonedistat,True,,9,9,13,13
Pt10_t2,KK88,lib1,Regorafenib,True,,9,9,13,13
Pt10_t2,KK88,lib1,SN-38,True,,5,5,13,13
Pt10_t2,KK88,lib1,Sirolimus,True,,8,8,13,13
Pt10_t2,KK88,lib1,TAS-102,True,,9,9,13,13
Pt10_t2,KK88,lib1,Trametinib,True,,9,9,13,13
Pt10_t2,KK88,lib1,Tretinoin,True,,9,9,13,13
Pt10_t2,KK88,lib1,Vitamin C,True,,9,9,13,13
Pt10_t2,KK88,lib1,Volasertib,True,,9,9,13,13
Pt10_t3,KK84,lib1,2-methoxyestradiol,True,,9,9,13,13
Pt10_t3,KK84,lib1,5-FU,True,,9,9,13,13
Pt10_t3,KK84,lib1,AZD7762,True,,9,9,13,13
Pt10_t3,KK84,lib1,Afatinib,True,,9,9,13,13
Pt10_t3,KK84,lib1,Alisertib,True,,9,9,13,13
Pt10_t3,KK84,lib1,Atorvastatin,True,,9,9,13,13
Pt10_t3,KK84,lib1,Bemcentinib,True,,9,9,13,13
Pt10_t3,KK84,lib1,Binimetinib,True,,9,9,13,13
Pt10_t3,KK84,lib1,Cetuximab,False,fewer than four paired drug doses,2,2,13,13
Pt10_t3,KK84,lib1,Crizotinib,True,,9,9,13,13
Pt10_t3,KK84,lib1,Disulfiram+Cu,True,,5,5,13,13
Pt10_t3,KK84,lib1,Eltanexor,True,,9,9,13,13
Pt10_t3,KK84,lib1,Encorafenib,True,,9,9,13,13
Pt10_t3,KK84,lib1,Erastin,True,,8,8,13,13
Pt10_t3,KK84,lib1,Erlotinib,True,,9,9,13,13
Pt10_t3,KK84,lib1,Gedatolisib,True,,9,9,13,13
Pt10_t3,KK84,lib1,Gemcitabine,True,,9,9,13,13
Pt10_t3,KK84,lib1,Idasanutlin,True,,9,9,13,13
Pt10_t3,KK84,lib1,Ipatasertib,True,,9,9,13,13
Pt10_t3,KK84,lib1,LCL161,True,,5,5,13,13
Pt10_t3,KK84,lib1,LGK974,True,,9,9,13,13
Pt10_t3,KK84,lib1,Lapatinib,True,,9,9,13,13
Pt10_t3,KK84,lib1,Linsitinib,True,,9,9,13,13
Pt10_t3,KK84,lib1,Luminespib,True,,9,9,13,13
Pt10_t3,KK84,lib1,Methotrexate,True,,9,9,13,13
Pt10_t3,KK84,lib1,Napabucasin,True,,9,9,13,13
Pt10_t3,KK84,lib1,Navitoclax,True,,9,9,13,13
Pt10_t3,KK84,lib1,Olaparib,True,,8,8,13,13
Pt10_t3,KK84,lib1,Palbociclib,True,,9,9,13,13
Pt10_t3,KK84,lib1,Panobinostat,True,,9,9,13,13
Pt10_t3,KK84,lib1,Pevonedistat,True,,9,9,13,13
Pt10_t3,KK84,lib1,Regorafenib,True,,9,9,13,13
Pt10_t3,KK84,lib1,SN-38,True,,5,5,13,13
Pt10_t3,KK84,lib1,Sirolimus,True,,8,8,13,13
Pt10_t3,KK84,lib1,TAS-102,True,,9,9,13,13
Pt10_t3,KK84,lib1,Trametinib,True,,9,9,13,13
Pt10_t3,KK84,lib1,Tretinoin,True,,9,9,13,13
Pt10_t3,KK84,lib1,Vitamin C,True,,9,9,13,13
Pt10_t3,KK84,lib1,Volasertib,True,,9,9,13,13
Pt110_t1,KK334,lib2,5-FU,False,missing paired plate,8,0,10,0
Pt110_t1,KK334,lib2,AZD5991,False,missing paired plate,8,0,10,0
Pt110_t1,KK334,lib2,AZD7762,False,missing paired plate,8,0,10,0
Pt110_t1,KK334,lib2,Adavosertib,False,missing paired plate,8,0,10,0
Pt110_t1,KK334,lib2,Afatinib,False,missing paired plate,8,0,10,0
Pt110_t1,KK334,lib2,Alectinib,False,missing paired plate,8,0,10,0
Pt110_t1,KK334,lib2,Alisertib,False,missing paired plate,8,0,10,0
Pt110_t1,KK334,lib2,Atorvastatin,False,missing paired plate,8,0,10,0
Pt110_t1,KK334,lib2,BMS-754807,False,missing paired plate,8,0,10,0
Pt110_t1,KK334,lib2,Bemcentinib,False,missing paired plate,8,0,10,0
Pt110_t1,KK334,lib2,Carfilzomib,False,missing paired plate,8,0,10,0
Pt110_t1,KK334,lib2,Ceralasertib,False,missing paired plate,8,0,10,0
Pt110_t1,KK334,lib2,Cetuximab,False,missing paired plate,5,0,10,0
Pt110_t1,KK334,lib2,Dasatinib,False,missing paired plate,8,0,10,0
Pt110_t1,KK334,lib2,Encorafenib,False,missing paired plate,8,0,10,0
Pt110_t1,KK334,lib2,Everolimus,False,missing paired plate,8,0,10,0
Pt110_t1,KK334,lib2,Gedatolisib,False,missing paired plate,8,0,10,0
Pt110_t1,KK334,lib2,Gemcitabine,False,missing paired plate,8,0,10,0
Pt110_t1,KK334,lib2,Idasanutlin,False,missing paired plate,8,0,10,0
Pt110_t1,KK334,lib2,Idelalisib,False,missing paired plate,8,0,10,0
Pt110_t1,KK334,lib2,LCL161,False,missing paired plate,8,0,10,0
Pt110_t1,KK334,lib2,LGK974,False,missing paired plate,8,0,10,0
Pt110_t1,KK334,lib2,Lapatinib,False,missing paired plate,8,0,10,0
Pt110_t1,KK334,lib2,Larotrectinib,False,missing paired plate,8,0,10,0
Pt110_t1,KK334,lib2,Luminespib,False,missing paired plate,8,0,10,0
Pt110_t1,KK334,lib2,Methotrexate,False,missing paired plate,8,0,10,0
Pt110_t1,KK334,lib2,Napabucasin,False,missing paired plate,8,0,10,0
Pt110_t1,KK334,lib2,Oxaliplatin,False,missing paired plate,8,0,10,0
Pt110_t1,KK334,lib2,Palbociclib,False,missing paired plate,8,0,10,0
Pt110_t1,KK334,lib2,Panobinostat,False,missing paired plate,8,0,10,0
Pt110_t1,KK334,lib2,Pevonedistat,False,missing paired plate,8,0,10,0
Pt110_t1,KK334,lib2,Regorafenib,False,missing paired plate,8,0,10,0
Pt110_t1,KK334,lib2,SN-38,False,missing paired plate,9,0,10,0
Pt110_t1,KK334,lib2,Savolitinib,False,missing paired plate,8,0,10,0
Pt110_t1,KK334,lib2,Selinexor,False,missing paired plate,8,0,10,0
Pt110_t1,KK334,lib2,Silmitasertib,False,missing paired plate,8,0,10,0
Pt110_t1,KK334,lib2,Sotorasib,False,missing paired plate,8,0,10,0
Pt110_t1,KK334,lib2,TAS-102,False,missing paired plate,8,0,10,0
Pt110_t1,KK334,lib2,Talazoparib,False,missing paired plate,8,0,10,0
Pt110_t1,KK334,lib2,Trametinib,False,missing paired plate,8,0,10,0
Pt110_t1,KK334,lib2,Venetoclax,False,missing paired plate,8,0,10,0
Pt110_t1,KK334,lib2,Volasertib,False,missing paired plate,8,0,10,0
Pt111_t1,KK303,lib2,5-FU,True,,8,8,10,10
Pt111_t1,KK303,lib2,AZD5991,True,,8,8,10,10
Pt111_t1,KK303,lib2,AZD7762,True,,8,8,10,10
Pt111_t1,KK303,lib2,Adavosertib,True,,8,8,10,10
Pt111_t1,KK303,lib2,Afatinib,True,,8,8,10,10
Pt111_t1,KK303,lib2,Alectinib,True,,8,8,10,10
Pt111_t1,KK303,lib2,Alisertib,True,,8,8,10,10
Pt111_t1,KK303,lib2,Atorvastatin,True,,8,8,10,10
Pt111_t1,KK303,lib2,BMS-754807,True,,8,8,10,10
Pt111_t1,KK303,lib2,Bemcentinib,True,,8,8,10,10
Pt111_t1,KK303,lib2,Carfilzomib,True,,8,8,10,10
Pt111_t1,KK303,lib2,Ceralasertib,True,,8,8,10,10
Pt111_t1,KK303,lib2,Cetuximab,True,,5,5,10,10
Pt111_t1,KK303,lib2,Dasatinib,True,,8,8,10,10
Pt111_t1,KK303,lib2,Encorafenib,True,,8,8,10,10
Pt111_t1,KK303,lib2,Everolimus,True,,8,8,10,10
Pt111_t1,KK303,lib2,Gedatolisib,True,,8,8,10,10
Pt111_t1,KK303,lib2,Gemcitabine,True,,8,8,10,10
Pt111_t1,KK303,lib2,Idasanutlin,True,,8,8,10,10
Pt111_t1,KK303,lib2,Idelalisib,True,,8,8,10,10
Pt111_t1,KK303,lib2,LCL161,True,,8,8,10,10
Pt111_t1,KK303,lib2,LGK974,True,,8,8,10,10
Pt111_t1,KK303,lib2,Lapatinib,True,,8,8,10,10
Pt111_t1,KK303,lib2,Larotrectinib,True,,8,8,10,10
Pt111_t1,KK303,lib2,Luminespib,True,,8,8,10,10
Pt111_t1,KK303,lib2,Methotrexate,True,,8,8,10,10
Pt111_t1,KK303,lib2,Napabucasin,True,,8,8,10,10
Pt111_t1,KK303,lib2,Oxaliplatin,True,,8,8,10,10
Pt111_t1,KK303,lib2,Palbociclib,True,,8,8,10,10
Pt111_t1,KK303,lib2,Panobinostat,True,,8,8,10,10
Pt111_t1,KK303,lib2,Pevonedistat,True,,8,8,10,10
Pt111_t1,KK303,lib2,Regorafenib,True,,8,8,10,10
Pt111_t1,KK303,lib2,SN-38,True,,9,9,10,10
Pt111_t1,KK303,lib2,Savolitinib,True,,8,8,10,10
Pt111_t1,KK303,lib2,Selinexor,True,,8,8,10,10
Pt111_t1,KK303,lib2,Silmitasertib,True,,8,8,10,10
Pt111_t1,KK303,lib2,Sotorasib,True,,8,8,10,10
Pt111_t1,KK303,lib2,TAS-102,True,,8,8,10,10
Pt111_t1,KK303,lib2,Talazoparib,True,,8,8,10,10
Pt111_t1,KK303,lib2,Trametinib,True,,8,8,10,10
Pt111_t1,KK303,lib2,Venetoclax,True,,8,8,10,10
Pt111_t1,KK303,lib2,Volasertib,True,,8,8,10,10
Pt111_t2,KK291,lib2,5-FU,True,,8,8,10,10
Pt111_t2,KK291,lib2,AZD5991,True,,8,8,10,10
Pt111_t2,KK291,lib2,AZD7762,True,,8,8,10,10
Pt111_t2,KK291,lib2,Adavosertib,True,,8,8,10,10
Pt111_t2,KK291,lib2,Afatinib,True,,8,8,10,10
Pt111_t2,KK291,lib2,Alectinib,True,,8,8,10,10
Pt111_t2,KK291,lib2,Alisertib,True,,8,8,10,10
Pt111_t2,KK291,lib2,Atorvastatin,True,,8,8,10,10
Pt111_t2,KK291,lib2,BMS-754807,True,,8,8,10,10
Pt111_t2,KK291,lib2,Bemcentinib,True,,8,8,10,10
Pt111_t2,KK291,lib2,Carfilzomib,True,,8,8,10,10
Pt111_t2,KK291,lib2,Ceralasertib,True,,8,8,10,10
Pt111_t2,KK291,lib2,Cetuximab,True,,5,5,10,10
Pt111_t2,KK291,lib2,Dasatinib,True,,8,8,10,10
Pt111_t2,KK291,lib2,Encorafenib,True,,8,8,10,10
Pt111_t2,KK291,lib2,Everolimus,True,,8,8,10,10
Pt111_t2,KK291,lib2,Gedatolisib,True,,8,8,10,10
Pt111_t2,KK291,lib2,Gemcitabine,True,,8,8,10,10
Pt111_t2,KK291,lib2,Idasanutlin,True,,8,8,10,10
Pt111_t2,KK291,lib2,Idelalisib,True,,8,8,10,10
Pt111_t2,KK291,lib2,LCL161,True,,8,8,10,10
Pt111_t2,KK291,lib2,LGK974,True,,8,8,10,10
Pt111_t2,KK291,lib2,Lapatinib,True,,8,8,10,10
Pt111_t2,KK291,lib2,Larotrectinib,True,,8,8,10,10
Pt111_t2,KK291,lib2,Luminespib,True,,8,8,10,10
Pt111_t2,KK291,lib2,Methotrexate,True,,8,8,10,10
Pt111_t2,KK291,lib2,Napabucasin,True,,8,8,10,10
Pt111_t2,KK291,lib2,Oxaliplatin,True,,8,8,10,10
Pt111_t2,KK291,lib2,Palbociclib,True,,8,8,10,10
Pt111_t2,KK291,lib2,Panobinostat,True,,8,8,10,10
Pt111_t2,KK291,lib2,Pevonedistat,True,,8,8,10,10
Pt111_t2,KK291,lib2,Regorafenib,True,,8,8,10,10
Pt111_t2,KK291,lib2,SN-38,True,,9,9,10,10
Pt111_t2,KK291,lib2,Savolitinib,True,,8,8,10,10
Pt111_t2,KK291,lib2,Selinexor,True,,8,8,10,10
Pt111_t2,KK291,lib2,Silmitasertib,True,,8,8,10,10
Pt111_t2,KK291,lib2,Sotorasib,True,,8,8,10,10
Pt111_t2,KK291,lib2,TAS-102,True,,8,8,10,10
Pt111_t2,KK291,lib2,Talazoparib,True,,8,8,10,10
Pt111_t2,KK291,lib2,Trametinib,True,,8,8,10,10
Pt111_t2,KK291,lib2,Venetoclax,True,,8,8,10,10
Pt111_t2,KK291,lib2,Volasertib,True,,8,8,10,10
Pt112_t1,KK293,lib2,5-FU,True,,8,8,10,10
Pt112_t1,KK293,lib2,AZD5991,True,,8,8,10,10
Pt112_t1,KK293,lib2,AZD7762,True,,8,8,10,10
Pt112_t1,KK293,lib2,Adavosertib,True,,8,8,10,10
Pt112_t1,KK293,lib2,Afatinib,True,,8,8,10,10
Pt112_t1,KK293,lib2,Alectinib,True,,8,8,10,10
Pt112_t1,KK293,lib2,Alisertib,True,,8,8,10,10
Pt112_t1,KK293,lib2,Atorvastatin,True,,8,8,10,10
Pt112_t1,KK293,lib2,BMS-754807,True,,8,8,10,10
Pt112_t1,KK293,lib2,Bemcentinib,True,,8,8,10,10
Pt112_t1,KK293,lib2,Carfilzomib,True,,8,8,10,10
Pt112_t1,KK293,lib2,Ceralasertib,True,,8,8,10,10
Pt112_t1,KK293,lib2,Cetuximab,True,,5,5,10,10
Pt112_t1,KK293,lib2,Dasatinib,True,,8,8,10,10
Pt112_t1,KK293,lib2,Encorafenib,True,,8,8,10,10
Pt112_t1,KK293,lib2,Everolimus,True,,8,8,10,10
Pt112_t1,KK293,lib2,Gedatolisib,True,,8,8,10,10
Pt112_t1,KK293,lib2,Gemcitabine,True,,8,8,10,10
Pt112_t1,KK293,lib2,Idasanutlin,True,,8,8,10,10
Pt112_t1,KK293,lib2,Idelalisib,True,,8,8,10,10
Pt112_t1,KK293,lib2,LCL161,True,,8,8,10,10
Pt112_t1,KK293,lib2,LGK974,True,,8,8,10,10
Pt112_t1,KK293,lib2,Lapatinib,True,,8,8,10,10
Pt112_t1,KK293,lib2,Larotrectinib,True,,8,8,10,10
Pt112_t1,KK293,lib2,Luminespib,True,,8,8,10,10
Pt112_t1,KK293,lib2,Methotrexate,True,,8,8,10,10
Pt112_t1,KK293,lib2,Napabucasin,True,,8,8,10,10
Pt112_t1,KK293,lib2,Oxaliplatin,True,,8,8,10,10
Pt112_t1,KK293,lib2,Palbociclib,True,,8,8,10,10
Pt112_t1,KK293,lib2,Panobinostat,True,,8,8,10,10
Pt112_t1,KK293,lib2,Pevonedistat,True,,8,8,10,10
Pt112_t1,KK293,lib2,Regorafenib,True,,8,8,10,10
Pt112_t1,KK293,lib2,SN-38,True,,9,9,10,10
Pt112_t1,KK293,lib2,Savolitinib,True,,8,8,10,10
Pt112_t1,KK293,lib2,Selinexor,True,,8,8,10,10
Pt112_t1,KK293,lib2,Silmitasertib,True,,8,8,10,10
Pt112_t1,KK293,lib2,Sotorasib,True,,8,8,10,10
Pt112_t1,KK293,lib2,TAS-102,True,,8,8,10,10
Pt112_t1,KK293,lib2,Talazoparib,True,,8,8,10,10
Pt112_t1,KK293,lib2,Trametinib,True,,8,8,10,10
Pt112_t1,KK293,lib2,Venetoclax,True,,8,8,10,10
Pt112_t1,KK293,lib2,Volasertib,True,,8,8,10,10
Pt112_t1,KK296,lib2,5-FU,True,,8,8,10,10
Pt112_t1,KK296,lib2,AZD5991,True,,8,8,10,10
Pt112_t1,KK296,lib2,AZD7762,True,,8,8,10,10
Pt112_t1,KK296,lib2,Adavosertib,True,,8,8,10,10
Pt112_t1,KK296,lib2,Afatinib,True,,8,8,10,10
Pt112_t1,KK296,lib2,Alectinib,True,,8,8,10,10
Pt112_t1,KK296,lib2,Alisertib,True,,8,8,10,10
Pt112_t1,KK296,lib2,Atorvastatin,True,,8,8,10,10
Pt112_t1,KK296,lib2,BMS-754807,True,,8,8,10,10
Pt112_t1,KK296,lib2,Bemcentinib,True,,8,8,10,10
Pt112_t1,KK296,lib2,Carfilzomib,True,,8,8,10,10
Pt112_t1,KK296,lib2,Ceralasertib,True,,8,8,10,10
Pt112_t1,KK296,lib2,Cetuximab,True,,5,5,10,10
Pt112_t1,KK296,lib2,Dasatinib,True,,8,8,10,10
Pt112_t1,KK296,lib2,Encorafenib,True,,8,8,10,10
Pt112_t1,KK296,lib2,Everolimus,True,,8,8,10,10
Pt112_t1,KK296,lib2,Gedatolisib,True,,8,8,10,10
Pt112_t1,KK296,lib2,Gemcitabine,True,,8,8,10,10
Pt112_t1,KK296,lib2,Idasanutlin,True,,8,8,10,10
Pt112_t1,KK296,lib2,Idelalisib,True,,8,8,10,10
Pt112_t1,KK296,lib2,LCL161,True,,8,8,10,10
Pt112_t1,KK296,lib2,LGK974,True,,8,8,10,10
Pt112_t1,KK296,lib2,Lapatinib,True,,8,8,10,10
Pt112_t1,KK296,lib2,Larotrectinib,True,,8,8,10,10
Pt112_t1,KK296,lib2,Luminespib,True,,8,8,10,10
Pt112_t1,KK296,lib2,Methotrexate,True,,8,8,10,10
Pt112_t1,KK296,lib2,Napabucasin,True,,8,8,10,10
Pt112_t1,KK296,lib2,Oxaliplatin,True,,8,8,10,10
Pt112_t1,KK296,lib2,Palbociclib,True,,8,8,10,10
Pt112_t1,KK296,lib2,Panobinostat,True,,8,8,10,10
Pt112_t1,KK296,lib2,Pevonedistat,True,,8,8,10,10
Pt112_t1,KK296,lib2,Regorafenib,True,,8,8,10,10
Pt112_t1,KK296,lib2,SN-38,True,,9,9,10,10
Pt112_t1,KK296,lib2,Savolitinib,True,,8,8,10,10
Pt112_t1,KK296,lib2,Selinexor,True,,8,8,10,10
Pt112_t1,KK296,lib2,Silmitasertib,True,,8,8,10,10
Pt112_t1,KK296,lib2,Sotorasib,True,,8,8,10,10
Pt112_t1,KK296,lib2,TAS-102,True,,8,8,10,10
Pt112_t1,KK296,lib2,Talazoparib,True,,8,8,10,10
Pt112_t1,KK296,lib2,Trametinib,True,,8,8,10,10
Pt112_t1,KK296,lib2,Venetoclax,True,,8,8,10,10
Pt112_t1,KK296,lib2,Volasertib,True,,8,8,10,10
Pt112_t2,KK294,lib2,5-FU,True,,8,8,10,10
Pt112_t2,KK294,lib2,AZD5991,True,,8,8,10,10
Pt112_t2,KK294,lib2,AZD7762,True,,8,8,10,10
Pt112_t2,KK294,lib2,Adavosertib,True,,8,8,10,10
Pt112_t2,KK294,lib2,Afatinib,True,,8,8,10,10
Pt112_t2,KK294,lib2,Alectinib,True,,8,8,10,10
Pt112_t2,KK294,lib2,Alisertib,True,,8,8,10,10
Pt112_t2,KK294,lib2,Atorvastatin,True,,8,8,10,10
Pt112_t2,KK294,lib2,BMS-754807,True,,8,8,10,10
Pt112_t2,KK294,lib2,Bemcentinib,True,,8,8,10,10
Pt112_t2,KK294,lib2,Carfilzomib,True,,8,8,10,10
Pt112_t2,KK294,lib2,Ceralasertib,True,,8,8,10,10
Pt112_t2,KK294,lib2,Cetuximab,True,,5,5,10,10
Pt112_t2,KK294,lib2,Dasatinib,True,,8,8,10,10
Pt112_t2,KK294,lib2,Encorafenib,True,,8,8,10,10
Pt112_t2,KK294,lib2,Everolimus,True,,8,8,10,10
Pt112_t2,KK294,lib2,Gedatolisib,True,,8,8,10,10
Pt112_t2,KK294,lib2,Gemcitabine,True,,8,8,10,10
Pt112_t2,KK294,lib2,Idasanutlin,True,,8,8,10,10
Pt112_t2,KK294,lib2,Idelalisib,True,,8,8,10,10
Pt112_t2,KK294,lib2,LCL161,True,,8,8,10,10
Pt112_t2,KK294,lib2,LGK974,True,,8,8,10,10
Pt112_t2,KK294,lib2,Lapatinib,True,,8,8,10,10
Pt112_t2,KK294,lib2,Larotrectinib,True,,8,8,10,10
Pt112_t2,KK294,lib2,Luminespib,True,,8,8,10,10
Pt112_t2,KK294,lib2,Methotrexate,True,,8,8,10,10
Pt112_t2,KK294,lib2,Napabucasin,True,,8,8,10,10
Pt112_t2,KK294,lib2,Oxaliplatin,True,,8,8,10,10
Pt112_t2,KK294,lib2,Palbociclib,True,,8,8,10,10
Pt112_t2,KK294,lib2,Panobinostat,True,,8,8,10,10
Pt112_t2,KK294,lib2,Pevonedistat,True,,8,8,10,10
Pt112_t2,KK294,lib2,Regorafenib,True,,8,8,10,10
Pt112_t2,KK294,lib2,SN-38,True,,9,9,10,10
Pt112_t2,KK294,lib2,Savolitinib,True,,8,8,10,10
Pt112_t2,KK294,lib2,Selinexor,True,,8,8,10,10
Pt112_t2,KK294,lib2,Silmitasertib,True,,8,8,10,10
Pt112_t2,KK294,lib2,Sotorasib,True,,8,8,10,10
Pt112_t2,KK294,lib2,TAS-102,True,,8,8,10,10
Pt112_t2,KK294,lib2,Talazoparib,True,,8,8,10,10
Pt112_t2,KK294,lib2,Trametinib,True,,8,8,10,10
Pt112_t2,KK294,lib2,Venetoclax,True,,8,8,10,10
Pt112_t2,KK294,lib2,Volasertib,True,,8,8,10,10
Pt114_t1,KK313,lib2,5-FU,True,,8,8,10,10
Pt114_t1,KK313,lib2,AZD5991,True,,8,8,10,10
Pt114_t1,KK313,lib2,AZD7762,True,,8,8,10,10
Pt114_t1,KK313,lib2,Adavosertib,True,,8,8,10,10
Pt114_t1,KK313,lib2,Afatinib,True,,8,8,10,10
Pt114_t1,KK313,lib2,Alectinib,True,,8,8,10,10
Pt114_t1,KK313,lib2,Alisertib,True,,8,8,10,10
Pt114_t1,KK313,lib2,Atorvastatin,True,,8,8,10,10
Pt114_t1,KK313,lib2,BMS-754807,True,,8,8,10,10
Pt114_t1,KK313,lib2,Bemcentinib,True,,8,8,10,10
Pt114_t1,KK313,lib2,Carfilzomib,True,,8,8,10,10
Pt114_t1,KK313,lib2,Ceralasertib,True,,8,8,10,10
Pt114_t1,KK313,lib2,Cetuximab,True,,5,5,10,10
Pt114_t1,KK313,lib2,Dasatinib,True,,8,8,10,10
Pt114_t1,KK313,lib2,Encorafenib,True,,8,8,10,10
Pt114_t1,KK313,lib2,Everolimus,True,,8,8,10,10
Pt114_t1,KK313,lib2,Gedatolisib,True,,8,8,10,10
Pt114_t1,KK313,lib2,Gemcitabine,True,,8,8,10,10
Pt114_t1,KK313,lib2,Idasanutlin,True,,8,8,10,10
Pt114_t1,KK313,lib2,Idelalisib,True,,8,8,10,10
Pt114_t1,KK313,lib2,LCL161,True,,8,8,10,10
Pt114_t1,KK313,lib2,LGK974,True,,8,8,10,10
Pt114_t1,KK313,lib2,Lapatinib,True,,8,8,10,10
Pt114_t1,KK313,lib2,Larotrectinib,True,,8,8,10,10
Pt114_t1,KK313,lib2,Luminespib,True,,8,8,10,10
Pt114_t1,KK313,lib2,Methotrexate,True,,8,8,10,10
Pt114_t1,KK313,lib2,Napabucasin,True,,8,8,10,10
Pt114_t1,KK313,lib2,Oxaliplatin,True,,8,8,10,10
Pt114_t1,KK313,lib2,Palbociclib,True,,8,8,10,10
Pt114_t1,KK313,lib2,Panobinostat,True,,8,8,10,10
Pt114_t1,KK313,lib2,Pevonedistat,True,,8,8,10,10
Pt114_t1,KK313,lib2,Regorafenib,True,,8,8,10,10
Pt114_t1,KK313,lib2,SN-38,True,,9,9,10,10
Pt114_t1,KK313,lib2,Savolitinib,True,,8,8,10,10
Pt114_t1,KK313,lib2,Selinexor,True,,8,8,10,10
Pt114_t1,KK313,lib2,Silmitasertib,True,,8,8,10,10
Pt114_t1,KK313,lib2,Sotorasib,True,,8,8,10,10
Pt114_t1,KK313,lib2,TAS-102,True,,8,8,10,10
Pt114_t1,KK313,lib2,Talazoparib,True,,8,8,10,10
Pt114_t1,KK313,lib2,Trametinib,True,,8,8,10,10
Pt114_t1,KK313,lib2,Venetoclax,True,,8,8,10,10
Pt114_t1,KK313,lib2,Volasertib,True,,8,8,10,10
Pt116_t1,KK292,lib2,5-FU,True,,8,8,10,10
Pt116_t1,KK292,lib2,AZD5991,True,,8,8,10,10
Pt116_t1,KK292,lib2,AZD7762,True,,8,8,10,10
Pt116_t1,KK292,lib2,Adavosertib,True,,8,8,10,10
Pt116_t1,KK292,lib2,Afatinib,True,,8,8,10,10
Pt116_t1,KK292,lib2,Alectinib,True,,8,8,10,10
Pt116_t1,KK292,lib2,Alisertib,True,,8,8,10,10
Pt116_t1,KK292,lib2,Atorvastatin,True,,8,8,10,10
Pt116_t1,KK292,lib2,BMS-754807,True,,8,8,10,10
Pt116_t1,KK292,lib2,Bemcentinib,True,,8,8,10,10
Pt116_t1,KK292,lib2,Carfilzomib,True,,8,8,10,10
Pt116_t1,KK292,lib2,Ceralasertib,True,,8,8,10,10
Pt116_t1,KK292,lib2,Cetuximab,True,,5,5,10,10
Pt116_t1,KK292,lib2,Dasatinib,True,,8,8,10,10
Pt116_t1,KK292,lib2,Encorafenib,True,,8,8,10,10
Pt116_t1,KK292,lib2,Everolimus,True,,8,8,10,10
Pt116_t1,KK292,lib2,Gedatolisib,True,,8,8,10,10
Pt116_t1,KK292,lib2,Gemcitabine,True,,8,8,10,10
Pt116_t1,KK292,lib2,Idasanutlin,True,,8,8,10,10
Pt116_t1,KK292,lib2,Idelalisib,True,,8,8,10,10
Pt116_t1,KK292,lib2,LCL161,True,,8,8,10,10
Pt116_t1,KK292,lib2,LGK974,True,,8,8,10,10
Pt116_t1,KK292,lib2,Lapatinib,True,,8,8,10,10
Pt116_t1,KK292,lib2,Larotrectinib,True,,8,8,10,10
Pt116_t1,KK292,lib2,Luminespib,True,,8,8,10,10
Pt116_t1,KK292,lib2,Methotrexate,True,,8,8,10,10
Pt116_t1,KK292,lib2,Napabucasin,True,,8,8,10,10
Pt116_t1,KK292,lib2,Oxaliplatin,True,,8,8,10,10
Pt116_t1,KK292,lib2,Palbociclib,True,,8,8,10,10
Pt116_t1,KK292,lib2,Panobinostat,True,,8,8,10,10
Pt116_t1,KK292,lib2,Pevonedistat,True,,8,8,10,10
Pt116_t1,KK292,lib2,Regorafenib,True,,8,8,10,10
Pt116_t1,KK292,lib2,SN-38,True,,9,9,10,10
Pt116_t1,KK292,lib2,Savolitinib,True,,8,8,10,10
Pt116_t1,KK292,lib2,Selinexor,True,,8,8,10,10
Pt116_t1,KK292,lib2,Silmitasertib,True,,8,8,10,10
Pt116_t1,KK292,lib2,Sotorasib,True,,8,8,10,10
Pt116_t1,KK292,lib2,TAS-102,True,,8,8,10,10
Pt116_t1,KK292,lib2,Talazoparib,True,,8,8,10,10
Pt116_t1,KK292,lib2,Trametinib,True,,8,8,10,10
Pt116_t1,KK292,lib2,Venetoclax,True,,8,8,10,10
Pt116_t1,KK292,lib2,Volasertib,True,,8,8,10,10
Pt116_t2,KK309,lib2,5-FU,True,,8,8,10,10
Pt116_t2,KK309,lib2,AZD5991,True,,8,8,10,10
Pt116_t2,KK309,lib2,AZD7762,True,,8,8,10,10
Pt116_t2,KK309,lib2,Adavosertib,True,,8,8,10,10
Pt116_t2,KK309,lib2,Afatinib,True,,8,8,10,10
Pt116_t2,KK309,lib2,Alectinib,True,,8,8,10,10
Pt116_t2,KK309,lib2,Alisertib,True,,8,8,10,10
Pt116_t2,KK309,lib2,Atorvastatin,True,,8,8,10,10
Pt116_t2,KK309,lib2,BMS-754807,True,,8,8,10,10
Pt116_t2,KK309,lib2,Bemcentinib,True,,8,8,10,10
Pt116_t2,KK309,lib2,Carfilzomib,True,,8,8,10,10
Pt116_t2,KK309,lib2,Ceralasertib,True,,8,8,10,10
Pt116_t2,KK309,lib2,Cetuximab,True,,5,5,10,10
Pt116_t2,KK309,lib2,Dasatinib,True,,8,8,10,10
Pt116_t2,KK309,lib2,Encorafenib,True,,8,8,10,10
Pt116_t2,KK309,lib2,Everolimus,True,,8,8,10,10
Pt116_t2,KK309,lib2,Gedatolisib,True,,8,8,10,10
Pt116_t2,KK309,lib2,Gemcitabine,True,,8,8,10,10
Pt116_t2,KK309,lib2,Idasanutlin,True,,8,8,10,10
Pt116_t2,KK309,lib2,Idelalisib,True,,8,8,10,10
Pt116_t2,KK309,lib2,LCL161,True,,8,8,10,10
Pt116_t2,KK309,lib2,LGK974,True,,8,8,10,10
Pt116_t2,KK309,lib2,Lapatinib,True,,8,8,10,10
Pt116_t2,KK309,lib2,Larotrectinib,True,,8,8,10,10
Pt116_t2,KK309,lib2,Luminespib,True,,8,8,10,10
Pt116_t2,KK309,lib2,Methotrexate,True,,8,8,10,10
Pt116_t2,KK309,lib2,Napabucasin,True,,8,8,10,10
Pt116_t2,KK309,lib2,Oxaliplatin,True,,8,8,10,10
Pt116_t2,KK309,lib2,Palbociclib,True,,8,8,10,10
Pt116_t2,KK309,lib2,Panobinostat,True,,8,8,10,10
Pt116_t2,KK309,lib2,Pevonedistat,True,,8,8,10,10
Pt116_t2,KK309,lib2,Regorafenib,True,,8,8,10,10
Pt116_t2,KK309,lib2,SN-38,True,,9,9,10,10
Pt116_t2,KK309,lib2,Savolitinib,True,,8,8,10,10
Pt116_t2,KK309,lib2,Selinexor,True,,8,8,10,10
Pt116_t2,KK309,lib2,Silmitasertib,True,,8,8,10,10
Pt116_t2,KK309,lib2,Sotorasib,True,,8,8,10,10
Pt116_t2,KK309,lib2,TAS-102,True,,8,8,10,10
Pt116_t2,KK309,lib2,Talazoparib,True,,8,8,10,10
Pt116_t2,KK309,lib2,Trametinib,True,,8,8,10,10
Pt116_t2,KK309,lib2,Venetoclax,True,,8,8,10,10
Pt116_t2,KK309,lib2,Volasertib,True,,8,8,10,10
Pt116_t3,KK295,lib2,5-FU,True,,8,8,10,10
Pt116_t3,KK295,lib2,AZD5991,True,,8,8,10,10
Pt116_t3,KK295,lib2,AZD7762,True,,8,8,10,10
Pt116_t3,KK295,lib2,Adavosertib,True,,8,8,10,10
Pt116_t3,KK295,lib2,Afatinib,True,,8,8,10,10
Pt116_t3,KK295,lib2,Alectinib,True,,8,8,10,10
Pt116_t3,KK295,lib2,Alisertib,True,,8,8,10,10
Pt116_t3,KK295,lib2,Atorvastatin,True,,8,8,10,10
Pt116_t3,KK295,lib2,BMS-754807,True,,8,8,10,10
Pt116_t3,KK295,lib2,Bemcentinib,True,,8,8,10,10
Pt116_t3,KK295,lib2,Carfilzomib,True,,8,8,10,10
Pt116_t3,KK295,lib2,Ceralasertib,True,,8,8,10,10
Pt116_t3,KK295,lib2,Cetuximab,True,,5,5,10,10
Pt116_t3,KK295,lib2,Dasatinib,True,,8,8,10,10
Pt116_t3,KK295,lib2,Encorafenib,True,,8,8,10,10
Pt116_t3,KK295,lib2,Everolimus,True,,8,8,10,10
Pt116_t3,KK295,lib2,Gedatolisib,True,,8,8,10,10
Pt116_t3,KK295,lib2,Gemcitabine,True,,8,8,10,10
Pt116_t3,KK295,lib2,Idasanutlin,True,,8,8,10,10
Pt116_t3,KK295,lib2,Idelalisib,True,,8,8,10,10
Pt116_t3,KK295,lib2,LCL161,True,,8,8,10,10
Pt116_t3,KK295,lib2,LGK974,True,,8,8,10,10
Pt116_t3,KK295,lib2,Lapatinib,True,,8,8,10,10
Pt116_t3,KK295,lib2,Larotrectinib,True,,8,8,10,10
Pt116_t3,KK295,lib2,Luminespib,True,,8,8,10,10
Pt116_t3,KK295,lib2,Methotrexate,True,,8,8,10,10
Pt116_t3,KK295,lib2,Napabucasin,True,,8,8,10,10
Pt116_t3,KK295,lib2,Oxaliplatin,True,,8,8,10,10
Pt116_t3,KK295,lib2,Palbociclib,True,,8,8,10,10
Pt116_t3,KK295,lib2,Panobinostat,True,,8,8,10,10
Pt116_t3,KK295,lib2,Pevonedistat,True,,8,8,10,10
Pt116_t3,KK295,lib2,Regorafenib,True,,8,8,10,10
Pt116_t3,KK295,lib2,SN-38,True,,9,9,10,10
Pt116_t3,KK295,lib2,Savolitinib,True,,8,8,10,10
Pt116_t3,KK295,lib2,Selinexor,True,,8,8,10,10
Pt116_t3,KK295,lib2,Silmitasertib,True,,8,8,10,10
Pt116_t3,KK295,lib2,Sotorasib,True,,8,8,10,10
Pt116_t3,KK295,lib2,TAS-102,True,,8,8,10,10
Pt116_t3,KK295,lib2,Talazoparib,True,,8,8,10,10
Pt116_t3,KK295,lib2,Trametinib,True,,8,8,10,10
Pt116_t3,KK295,lib2,Venetoclax,True,,8,8,10,10
Pt116_t3,KK295,lib2,Volasertib,True,,8,8,10,10
Pt117_t1,KK297,lib2,5-FU,True,,8,8,10,10
Pt117_t1,KK297,lib2,AZD5991,True,,8,8,10,10
Pt117_t1,KK297,lib2,AZD7762,True,,8,8,10,10
Pt117_t1,KK297,lib2,Adavosertib,True,,8,8,10,10
Pt117_t1,KK297,lib2,Afatinib,True,,8,8,10,10
Pt117_t1,KK297,lib2,Alectinib,True,,8,8,10,10
Pt117_t1,KK297,lib2,Alisertib,True,,8,8,10,10
Pt117_t1,KK297,lib2,Atorvastatin,True,,8,8,10,10
Pt117_t1,KK297,lib2,BMS-754807,True,,8,8,10,10
Pt117_t1,KK297,lib2,Bemcentinib,True,,8,8,10,10
Pt117_t1,KK297,lib2,Carfilzomib,True,,8,8,10,10
Pt117_t1,KK297,lib2,Ceralasertib,True,,8,8,10,10
Pt117_t1,KK297,lib2,Cetuximab,True,,5,5,10,10
Pt117_t1,KK297,lib2,Dasatinib,True,,8,8,10,10
Pt117_t1,KK297,lib2,Encorafenib,True,,8,8,10,10
Pt117_t1,KK297,lib2,Everolimus,True,,8,8,10,10
Pt117_t1,KK297,lib2,Gedatolisib,True,,8,8,10,10
Pt117_t1,KK297,lib2,Gemcitabine,True,,8,8,10,10
Pt117_t1,KK297,lib2,Idasanutlin,True,,8,8,10,10
Pt117_t1,KK297,lib2,Idelalisib,True,,8,8,10,10
Pt117_t1,KK297,lib2,LCL161,True,,8,8,10,10
Pt117_t1,KK297,lib2,LGK974,True,,8,8,10,10
Pt117_t1,KK297,lib2,Lapatinib,True,,8,8,10,10
Pt117_t1,KK297,lib2,Larotrectinib,True,,8,8,10,10
Pt117_t1,KK297,lib2,Luminespib,True,,8,8,10,10
Pt117_t1,KK297,lib2,Methotrexate,True,,8,8,10,10
Pt117_t1,KK297,lib2,Napabucasin,True,,8,8,10,10
Pt117_t1,KK297,lib2,Oxaliplatin,True,,8,8,10,10
Pt117_t1,KK297,lib2,Palbociclib,True,,8,8,10,10
Pt117_t1,KK297,lib2,Panobinostat,True,,8,8,10,10
Pt117_t1,KK297,lib2,Pevonedistat,True,,8,8,10,10
Pt117_t1,KK297,lib2,Regorafenib,True,,8,8,10,10
Pt117_t1,KK297,lib2,SN-38,True,,9,9,10,10
Pt117_t1,KK297,lib2,Savolitinib,True,,8,8,10,10
Pt117_t1,KK297,lib2,Selinexor,True,,8,8,10,10
Pt117_t1,KK297,lib2,Silmitasertib,True,,8,8,10,10
Pt117_t1,KK297,lib2,Sotorasib,True,,8,8,10,10
Pt117_t1,KK297,lib2,TAS-102,True,,8,8,10,10
Pt117_t1,KK297,lib2,Talazoparib,True,,8,8,10,10
Pt117_t1,KK297,lib2,Trametinib,True,,8,8,10,10
Pt117_t1,KK297,lib2,Venetoclax,True,,8,8,10,10
Pt117_t1,KK297,lib2,Volasertib,True,,8,8,10,10
Pt117_t2,KK298,lib2,5-FU,True,,8,8,10,10
Pt117_t2,KK298,lib2,AZD5991,True,,8,8,10,10
Pt117_t2,KK298,lib2,AZD7762,True,,8,8,10,10
Pt117_t2,KK298,lib2,Adavosertib,True,,8,8,10,10
Pt117_t2,KK298,lib2,Afatinib,True,,8,8,10,10
Pt117_t2,KK298,lib2,Alectinib,True,,8,8,10,10
Pt117_t2,KK298,lib2,Alisertib,True,,8,8,10,10
Pt117_t2,KK298,lib2,Atorvastatin,True,,8,8,10,10
Pt117_t2,KK298,lib2,BMS-754807,True,,8,8,10,10
Pt117_t2,KK298,lib2,Bemcentinib,True,,8,8,10,10
Pt117_t2,KK298,lib2,Carfilzomib,True,,8,8,10,10
Pt117_t2,KK298,lib2,Ceralasertib,True,,8,8,10,10
Pt117_t2,KK298,lib2,Cetuximab,True,,5,5,10,10
Pt117_t2,KK298,lib2,Dasatinib,True,,8,8,10,10
Pt117_t2,KK298,lib2,Encorafenib,True,,8,8,10,10
Pt117_t2,KK298,lib2,Everolimus,True,,8,8,10,10
Pt117_t2,KK298,lib2,Gedatolisib,True,,8,8,10,10
Pt117_t2,KK298,lib2,Gemcitabine,True,,8,8,10,10
Pt117_t2,KK298,lib2,Idasanutlin,True,,8,8,10,10
Pt117_t2,KK298,lib2,Idelalisib,True,,8,8,10,10
Pt117_t2,KK298,lib2,LCL161,True,,8,8,10,10
Pt117_t2,KK298,lib2,LGK974,True,,8,8,10,10
Pt117_t2,KK298,lib2,Lapatinib,True,,8,8,10,10
Pt117_t2,KK298,lib2,Larotrectinib,True,,8,8,10,10
Pt117_t2,KK298,lib2,Luminespib,True,,8,8,10,10
Pt117_t2,KK298,lib2,Methotrexate,True,,8,8,10,10
Pt117_t2,KK298,lib2,Napabucasin,True,,8,8,10,10
Pt117_t2,KK298,lib2,Oxaliplatin,True,,8,8,10,10
Pt117_t2,KK298,lib2,Palbociclib,True,,8,8,10,10
Pt117_t2,KK298,lib2,Panobinostat,True,,8,8,10,10
Pt117_t2,KK298,lib2,Pevonedistat,True,,8,8,10,10
Pt117_t2,KK298,lib2,Regorafenib,True,,8,8,10,10
Pt117_t2,KK298,lib2,SN-38,True,,9,9,10,10
Pt117_t2,KK298,lib2,Savolitinib,True,,8,8,10,10
Pt117_t2,KK298,lib2,Selinexor,True,,8,8,10,10
Pt117_t2,KK298,lib2,Silmitasertib,True,,8,8,10,10
Pt117_t2,KK298,lib2,Sotorasib,True,,8,8,10,10
Pt117_t2,KK298,lib2,TAS-102,True,,8,8,10,10
Pt117_t2,KK298,lib2,Talazoparib,True,,8,8,10,10
Pt117_t2,KK298,lib2,Trametinib,True,,8,8,10,10
Pt117_t2,KK298,lib2,Venetoclax,True,,8,8,10,10
Pt117_t2,KK298,lib2,Volasertib,True,,8,8,10,10
Pt119_t1,KK306,lib2,5-FU,True,,8,8,10,10
Pt119_t1,KK306,lib2,AZD5991,True,,8,8,10,10
Pt119_t1,KK306,lib2,AZD7762,True,,8,8,10,10
Pt119_t1,KK306,lib2,Adavosertib,True,,8,8,10,10
Pt119_t1,KK306,lib2,Afatinib,True,,8,8,10,10
Pt119_t1,KK306,lib2,Alectinib,True,,8,8,10,10
Pt119_t1,KK306,lib2,Alisertib,True,,8,8,10,10
Pt119_t1,KK306,lib2,Atorvastatin,True,,8,8,10,10
Pt119_t1,KK306,lib2,BMS-754807,True,,8,8,10,10
Pt119_t1,KK306,lib2,Bemcentinib,True,,8,8,10,10
Pt119_t1,KK306,lib2,Carfilzomib,True,,8,8,10,10
Pt119_t1,KK306,lib2,Ceralasertib,True,,8,8,10,10
Pt119_t1,KK306,lib2,Cetuximab,True,,5,5,10,10
Pt119_t1,KK306,lib2,Dasatinib,True,,8,8,10,10
Pt119_t1,KK306,lib2,Encorafenib,True,,8,8,10,10
Pt119_t1,KK306,lib2,Everolimus,True,,8,8,10,10
Pt119_t1,KK306,lib2,Gedatolisib,True,,8,8,10,10
Pt119_t1,KK306,lib2,Gemcitabine,True,,8,8,10,10
Pt119_t1,KK306,lib2,Idasanutlin,True,,8,8,10,10
Pt119_t1,KK306,lib2,Idelalisib,True,,8,8,10,10
Pt119_t1,KK306,lib2,LCL161,True,,8,8,10,10
Pt119_t1,KK306,lib2,LGK974,True,,8,8,10,10
Pt119_t1,KK306,lib2,Lapatinib,True,,8,8,10,10
Pt119_t1,KK306,lib2,Larotrectinib,True,,8,8,10,10
Pt119_t1,KK306,lib2,Luminespib,True,,8,8,10,10
Pt119_t1,KK306,lib2,Methotrexate,True,,8,8,10,10
Pt119_t1,KK306,lib2,Napabucasin,True,,8,8,10,10
Pt119_t1,KK306,lib2,Oxaliplatin,True,,8,8,10,10
Pt119_t1,KK306,lib2,Palbociclib,True,,8,8,10,10
Pt119_t1,KK306,lib2,Panobinostat,True,,8,8,10,10
Pt119_t1,KK306,lib2,Pevonedistat,True,,8,8,10,10
Pt119_t1,KK306,lib2,Regorafenib,True,,8,8,10,10
Pt119_t1,KK306,lib2,SN-38,True,,9,9,10,10
Pt119_t1,KK306,lib2,Savolitinib,True,,8,8,10,10
Pt119_t1,KK306,lib2,Selinexor,True,,8,8,10,10
Pt119_t1,KK306,lib2,Silmitasertib,True,,8,8,10,10
Pt119_t1,KK306,lib2,Sotorasib,True,,8,8,10,10
Pt119_t1,KK306,lib2,TAS-102,True,,8,8,10,10
Pt119_t1,KK306,lib2,Talazoparib,True,,8,8,10,10
Pt119_t1,KK306,lib2,Trametinib,True,,8,8,10,10
Pt119_t1,KK306,lib2,Venetoclax,True,,8,8,10,10
Pt119_t1,KK306,lib2,Volasertib,True,,8,8,10,10
Pt119_t1,KK307,lib2,5-FU,True,,8,8,10,10
Pt119_t1,KK307,lib2,AZD5991,True,,8,8,10,10
Pt119_t1,KK307,lib2,AZD7762,True,,8,8,10,10
Pt119_t1,KK307,lib2,Adavosertib,True,,8,8,10,10
Pt119_t1,KK307,lib2,Afatinib,True,,8,8,10,10
Pt119_t1,KK307,lib2,Alectinib,True,,8,8,10,10
Pt119_t1,KK307,lib2,Alisertib,True,,8,8,10,10
Pt119_t1,KK307,lib2,Atorvastatin,True,,8,8,10,10
Pt119_t1,KK307,lib2,BMS-754807,True,,8,8,10,10
Pt119_t1,KK307,lib2,Bemcentinib,True,,8,8,10,10
Pt119_t1,KK307,lib2,Carfilzomib,True,,8,8,10,10
Pt119_t1,KK307,lib2,Ceralasertib,True,,8,8,10,10
Pt119_t1,KK307,lib2,Cetuximab,True,,5,5,10,10
Pt119_t1,KK307,lib2,Dasatinib,True,,8,8,10,10
Pt119_t1,KK307,lib2,Encorafenib,True,,8,8,10,10
Pt119_t1,KK307,lib2,Everolimus,True,,8,8,10,10
Pt119_t1,KK307,lib2,Gedatolisib,True,,8,8,10,10
Pt119_t1,KK307,lib2,Gemcitabine,True,,8,8,10,10
Pt119_t1,KK307,lib2,Idasanutlin,True,,8,8,10,10
Pt119_t1,KK307,lib2,Idelalisib,True,,8,8,10,10
Pt119_t1,KK307,lib2,LCL161,True,,8,8,10,10
Pt119_t1,KK307,lib2,LGK974,True,,8,8,10,10
Pt119_t1,KK307,lib2,Lapatinib,True,,8,8,10,10
Pt119_t1,KK307,lib2,Larotrectinib,True,,8,8,10,10
Pt119_t1,KK307,lib2,Luminespib,True,,8,8,10,10
Pt119_t1,KK307,lib2,Methotrexate,True,,8,8,10,10
Pt119_t1,KK307,lib2,Napabucasin,True,,8,8,10,10
Pt119_t1,KK307,lib2,Oxaliplatin,True,,8,8,10,10
Pt119_t1,KK307,lib2,Palbociclib,True,,8,8,10,10
Pt119_t1,KK307,lib2,Panobinostat,True,,8,8,10,10
Pt119_t1,KK307,lib2,Pevonedistat,True,,8,8,10,10
Pt119_t1,KK307,lib2,Regorafenib,True,,8,8,10,10
Pt119_t1,KK307,lib2,SN-38,True,,9,9,10,10
Pt119_t1,KK307,lib2,Savolitinib,True,,8,8,10,10
Pt119_t1,KK307,lib2,Selinexor,True,,8,8,10,10
Pt119_t1,KK307,lib2,Silmitasertib,True,,8,8,10,10
Pt119_t1,KK307,lib2,Sotorasib,True,,8,8,10,10
Pt119_t1,KK307,lib2,TAS-102,True,,8,8,10,10
Pt119_t1,KK307,lib2,Talazoparib,True,,8,8,10,10
Pt119_t1,KK307,lib2,Trametinib,True,,8,8,10,10
Pt119_t1,KK307,lib2,Venetoclax,True,,8,8,10,10
Pt119_t1,KK307,lib2,Volasertib,True,,8,8,10,10
Pt119_t3,KK308,lib2,5-FU,True,,8,8,10,10
Pt119_t3,KK308,lib2,AZD5991,True,,8,8,10,10
Pt119_t3,KK308,lib2,AZD7762,True,,8,8,10,10
Pt119_t3,KK308,lib2,Adavosertib,True,,8,8,10,10
Pt119_t3,KK308,lib2,Afatinib,True,,8,8,10,10
Pt119_t3,KK308,lib2,Alectinib,True,,8,8,10,10
Pt119_t3,KK308,lib2,Alisertib,True,,8,8,10,10
Pt119_t3,KK308,lib2,Atorvastatin,True,,8,8,10,10
Pt119_t3,KK308,lib2,BMS-754807,True,,8,8,10,10
Pt119_t3,KK308,lib2,Bemcentinib,True,,8,8,10,10
Pt119_t3,KK308,lib2,Carfilzomib,True,,8,8,10,10
Pt119_t3,KK308,lib2,Ceralasertib,True,,8,8,10,10
Pt119_t3,KK308,lib2,Cetuximab,True,,5,5,10,10
Pt119_t3,KK308,lib2,Dasatinib,True,,8,8,10,10
Pt119_t3,KK308,lib2,Encorafenib,True,,8,8,10,10
Pt119_t3,KK308,lib2,Everolimus,True,,8,8,10,10
Pt119_t3,KK308,lib2,Gedatolisib,True,,8,8,10,10
Pt119_t3,KK308,lib2,Gemcitabine,True,,8,8,10,10
Pt119_t3,KK308,lib2,Idasanutlin,True,,8,8,10,10
Pt119_t3,KK308,lib2,Idelalisib,True,,8,8,10,10
Pt119_t3,KK308,lib2,LCL161,True,,8,8,10,10
Pt119_t3,KK308,lib2,LGK974,True,,8,8,10,10
Pt119_t3,KK308,lib2,Lapatinib,True,,8,8,10,10
Pt119_t3,KK308,lib2,Larotrectinib,True,,8,8,10,10
Pt119_t3,KK308,lib2,Luminespib,True,,8,8,10,10
Pt119_t3,KK308,lib2,Methotrexate,True,,8,8,10,10
Pt119_t3,KK308,lib2,Napabucasin,True,,8,8,10,10
Pt119_t3,KK308,lib2,Oxaliplatin,True,,8,8,10,10
Pt119_t3,KK308,lib2,Palbociclib,True,,8,8,10,10
Pt119_t3,KK308,lib2,Panobinostat,True,,8,8,10,10
Pt119_t3,KK308,lib2,Pevonedistat,True,,8,8,10,10
Pt119_t3,KK308,lib2,Regorafenib,True,,8,8,10,10
Pt119_t3,KK308,lib2,SN-38,True,,9,9,10,10
Pt119_t3,KK308,lib2,Savolitinib,True,,8,8,10,10
Pt119_t3,KK308,lib2,Selinexor,True,,8,8,10,10
Pt119_t3,KK308,lib2,Silmitasertib,True,,8,8,10,10
Pt119_t3,KK308,lib2,Sotorasib,True,,8,8,10,10
Pt119_t3,KK308,lib2,TAS-102,True,,8,8,10,10
Pt119_t3,KK308,lib2,Talazoparib,True,,8,8,10,10
Pt119_t3,KK308,lib2,Trametinib,True,,8,8,10,10
Pt119_t3,KK308,lib2,Venetoclax,True,,8,8,10,10
Pt119_t3,KK308,lib2,Volasertib,True,,8,8,10,10
Pt11_t1,KK130,lib1,2-methoxyestradiol,True,,9,9,13,13
Pt11_t1,KK130,lib1,5-FU,True,,9,9,13,13
Pt11_t1,KK130,lib1,AZD7762,True,,9,9,13,13
Pt11_t1,KK130,lib1,Afatinib,True,,9,9,13,13
Pt11_t1,KK130,lib1,Alisertib,True,,9,9,13,13
Pt11_t1,KK130,lib1,Atorvastatin,True,,9,9,13,13
Pt11_t1,KK130,lib1,Bemcentinib,True,,9,9,13,13
Pt11_t1,KK130,lib1,Binimetinib,True,,9,9,13,13
Pt11_t1,KK130,lib1,Cetuximab,False,fewer than four paired drug doses,2,2,13,13
Pt11_t1,KK130,lib1,Crizotinib,True,,9,9,13,13
Pt11_t1,KK130,lib1,Disulfiram+Cu,True,,5,5,13,13
Pt11_t1,KK130,lib1,Eltanexor,True,,9,9,13,13
Pt11_t1,KK130,lib1,Encorafenib,True,,9,9,13,13
Pt11_t1,KK130,lib1,Erastin,True,,8,8,13,13
Pt11_t1,KK130,lib1,Erlotinib,True,,9,9,13,13
Pt11_t1,KK130,lib1,Gedatolisib,True,,9,9,13,13
Pt11_t1,KK130,lib1,Gemcitabine,True,,9,9,13,13
Pt11_t1,KK130,lib1,Idasanutlin,True,,9,9,13,13
Pt11_t1,KK130,lib1,Ipatasertib,True,,9,9,13,13
Pt11_t1,KK130,lib1,LCL161,True,,5,5,13,13
Pt11_t1,KK130,lib1,LGK974,True,,9,9,13,13
Pt11_t1,KK130,lib1,Lapatinib,True,,9,9,13,13
Pt11_t1,KK130,lib1,Linsitinib,True,,9,9,13,13
Pt11_t1,KK130,lib1,Luminespib,True,,9,9,13,13
Pt11_t1,KK130,lib1,Methotrexate,True,,9,9,13,13
Pt11_t1,KK130,lib1,Napabucasin,True,,9,9,13,13
Pt11_t1,KK130,lib1,Navitoclax,True,,9,9,13,13
Pt11_t1,KK130,lib1,Olaparib,True,,8,8,13,13
Pt11_t1,KK130,lib1,Palbociclib,True,,9,9,13,13
Pt11_t1,KK130,lib1,Panobinostat,True,,9,9,13,13
Pt11_t1,KK130,lib1,Pevonedistat,True,,9,9,13,13
Pt11_t1,KK130,lib1,Regorafenib,True,,9,9,13,13
Pt11_t1,KK130,lib1,SN-38,True,,5,5,13,13
Pt11_t1,KK130,lib1,Sirolimus,True,,8,8,13,13
Pt11_t1,KK130,lib1,TAS-102,True,,9,9,13,13
Pt11_t1,KK130,lib1,Trametinib,True,,9,9,13,13
Pt11_t1,KK130,lib1,Tretinoin,True,,9,9,13,13
Pt11_t1,KK130,lib1,Vitamin C,True,,9,9,13,13
Pt11_t1,KK130,lib1,Volasertib,True,,9,9,13,13
Pt120_t1,KK325,lib2,5-FU,True,,8,8,10,10
Pt120_t1,KK325,lib2,AZD5991,True,,8,8,10,10
Pt120_t1,KK325,lib2,AZD7762,True,,8,8,10,10
Pt120_t1,KK325,lib2,Adavosertib,True,,8,8,10,10
Pt120_t1,KK325,lib2,Afatinib,True,,8,8,10,10
Pt120_t1,KK325,lib2,Alectinib,True,,8,8,10,10
Pt120_t1,KK325,lib2,Alisertib,True,,8,8,10,10
Pt120_t1,KK325,lib2,Atorvastatin,True,,8,8,10,10
Pt120_t1,KK325,lib2,BMS-754807,True,,8,8,10,10
Pt120_t1,KK325,lib2,Bemcentinib,True,,8,8,10,10
Pt120_t1,KK325,lib2,Carfilzomib,True,,8,8,10,10
Pt120_t1,KK325,lib2,Ceralasertib,True,,8,8,10,10
Pt120_t1,KK325,lib2,Cetuximab,True,,5,5,10,10
Pt120_t1,KK325,lib2,Dasatinib,True,,8,8,10,10
Pt120_t1,KK325,lib2,Encorafenib,True,,8,8,10,10
Pt120_t1,KK325,lib2,Everolimus,True,,8,8,10,10
Pt120_t1,KK325,lib2,Gedatolisib,True,,8,8,10,10
Pt120_t1,KK325,lib2,Gemcitabine,True,,8,8,10,10
Pt120_t1,KK325,lib2,Idasanutlin,True,,8,8,10,10
Pt120_t1,KK325,lib2,Idelalisib,True,,8,8,10,10
Pt120_t1,KK325,lib2,LCL161,True,,8,8,10,10
Pt120_t1,KK325,lib2,LGK974,True,,8,8,10,10
Pt120_t1,KK325,lib2,Lapatinib,True,,8,8,10,10
Pt120_t1,KK325,lib2,Larotrectinib,True,,8,8,10,10
Pt120_t1,KK325,lib2,Luminespib,True,,8,8,10,10
Pt120_t1,KK325,lib2,Methotrexate,True,,8,8,10,10
Pt120_t1,KK325,lib2,Napabucasin,True,,8,8,10,10
Pt120_t1,KK325,lib2,Oxaliplatin,True,,8,8,10,10
Pt120_t1,KK325,lib2,Palbociclib,True,,8,8,10,10
Pt120_t1,KK325,lib2,Panobinostat,True,,8,8,10,10
Pt120_t1,KK325,lib2,Pevonedistat,True,,8,8,10,10
Pt120_t1,KK325,lib2,Regorafenib,True,,8,8,10,10
Pt120_t1,KK325,lib2,SN-38,True,,9,9,10,10
Pt120_t1,KK325,lib2,Savolitinib,True,,8,8,10,10
Pt120_t1,KK325,lib2,Selinexor,True,,8,8,10,10
Pt120_t1,KK325,lib2,Silmitasertib,True,,8,8,10,10
Pt120_t1,KK325,lib2,Sotorasib,True,,8,8,10,10
Pt120_t1,KK325,lib2,TAS-102,True,,8,8,10,10
Pt120_t1,KK325,lib2,Talazoparib,True,,8,8,10,10
Pt120_t1,KK325,lib2,Trametinib,True,,8,8,10,10
Pt120_t1,KK325,lib2,Venetoclax,True,,8,8,10,10
Pt120_t1,KK325,lib2,Volasertib,True,,8,8,10,10
Pt120_t2,KK321,lib2,5-FU,True,,8,8,10,10
Pt120_t2,KK321,lib2,AZD5991,True,,8,8,10,10
Pt120_t2,KK321,lib2,AZD7762,True,,8,8,10,10
Pt120_t2,KK321,lib2,Adavosertib,True,,8,8,10,10
Pt120_t2,KK321,lib2,Afatinib,True,,8,8,10,10
Pt120_t2,KK321,lib2,Alectinib,True,,8,8,10,10
Pt120_t2,KK321,lib2,Alisertib,True,,8,8,10,10
Pt120_t2,KK321,lib2,Atorvastatin,True,,8,8,10,10
Pt120_t2,KK321,lib2,BMS-754807,True,,8,8,10,10
Pt120_t2,KK321,lib2,Bemcentinib,True,,8,8,10,10
Pt120_t2,KK321,lib2,Carfilzomib,True,,8,8,10,10
Pt120_t2,KK321,lib2,Ceralasertib,True,,8,8,10,10
Pt120_t2,KK321,lib2,Cetuximab,True,,5,5,10,10
Pt120_t2,KK321,lib2,Dasatinib,True,,8,8,10,10
Pt120_t2,KK321,lib2,Encorafenib,True,,8,8,10,10
Pt120_t2,KK321,lib2,Everolimus,True,,8,8,10,10
Pt120_t2,KK321,lib2,Gedatolisib,True,,8,8,10,10
Pt120_t2,KK321,lib2,Gemcitabine,True,,8,8,10,10
Pt120_t2,KK321,lib2,Idasanutlin,True,,8,8,10,10
Pt120_t2,KK321,lib2,Idelalisib,True,,8,8,10,10
Pt120_t2,KK321,lib2,LCL161,True,,8,8,10,10
Pt120_t2,KK321,lib2,LGK974,True,,8,8,10,10
Pt120_t2,KK321,lib2,Lapatinib,True,,8,8,10,10
Pt120_t2,KK321,lib2,Larotrectinib,True,,8,8,10,10
Pt120_t2,KK321,lib2,Luminespib,True,,8,8,10,10
Pt120_t2,KK321,lib2,Methotrexate,True,,8,8,10,10
Pt120_t2,KK321,lib2,Napabucasin,True,,8,8,10,10
Pt120_t2,KK321,lib2,Oxaliplatin,True,,8,8,10,10
Pt120_t2,KK321,lib2,Palbociclib,True,,8,8,10,10
Pt120_t2,KK321,lib2,Panobinostat,True,,8,8,10,10
Pt120_t2,KK321,lib2,Pevonedistat,True,,8,8,10,10
Pt120_t2,KK321,lib2,Regorafenib,True,,8,8,10,10
Pt120_t2,KK321,lib2,SN-38,True,,9,9,10,10
Pt120_t2,KK321,lib2,Savolitinib,True,,8,8,10,10
Pt120_t2,KK321,lib2,Selinexor,True,,8,8,10,10
Pt120_t2,KK321,lib2,Silmitasertib,True,,8,8,10,10
Pt120_t2,KK321,lib2,Sotorasib,True,,8,8,10,10
Pt120_t2,KK321,lib2,TAS-102,True,,8,8,10,10
Pt120_t2,KK321,lib2,Talazoparib,True,,8,8,10,10
Pt120_t2,KK321,lib2,Trametinib,True,,8,8,10,10
Pt120_t2,KK321,lib2,Venetoclax,True,,8,8,10,10
Pt120_t2,KK321,lib2,Volasertib,True,,8,8,10,10
Pt121_t1,KK324,lib2,5-FU,True,,8,8,10,10
Pt121_t1,KK324,lib2,AZD5991,True,,8,8,10,10
Pt121_t1,KK324,lib2,AZD7762,True,,8,8,10,10
Pt121_t1,KK324,lib2,Adavosertib,True,,8,8,10,10
Pt121_t1,KK324,lib2,Afatinib,True,,8,8,10,10
Pt121_t1,KK324,lib2,Alectinib,True,,8,8,10,10
Pt121_t1,KK324,lib2,Alisertib,True,,8,8,10,10
Pt121_t1,KK324,lib2,Atorvastatin,True,,8,8,10,10
Pt121_t1,KK324,lib2,BMS-754807,True,,8,8,10,10
Pt121_t1,KK324,lib2,Bemcentinib,True,,8,8,10,10
Pt121_t1,KK324,lib2,Carfilzomib,True,,8,8,10,10
Pt121_t1,KK324,lib2,Ceralasertib,True,,8,8,10,10
Pt121_t1,KK324,lib2,Cetuximab,True,,5,5,10,10
Pt121_t1,KK324,lib2,Dasatinib,True,,8,8,10,10
Pt121_t1,KK324,lib2,Encorafenib,True,,8,8,10,10
Pt121_t1,KK324,lib2,Everolimus,True,,8,8,10,10
Pt121_t1,KK324,lib2,Gedatolisib,True,,8,8,10,10
Pt121_t1,KK324,lib2,Gemcitabine,True,,8,8,10,10
Pt121_t1,KK324,lib2,Idasanutlin,True,,8,8,10,10
Pt121_t1,KK324,lib2,Idelalisib,True,,8,8,10,10
Pt121_t1,KK324,lib2,LCL161,True,,8,8,10,10
Pt121_t1,KK324,lib2,LGK974,True,,8,8,10,10
Pt121_t1,KK324,lib2,Lapatinib,True,,8,8,10,10
Pt121_t1,KK324,lib2,Larotrectinib,True,,8,8,10,10
Pt121_t1,KK324,lib2,Luminespib,True,,8,8,10,10
Pt121_t1,KK324,lib2,Methotrexate,True,,8,8,10,10
Pt121_t1,KK324,lib2,Napabucasin,True,,8,8,10,10
Pt121_t1,KK324,lib2,Oxaliplatin,True,,8,8,10,10
Pt121_t1,KK324,lib2,Palbociclib,True,,8,8,10,10
Pt121_t1,KK324,lib2,Panobinostat,True,,8,8,10,10
Pt121_t1,KK324,lib2,Pevonedistat,True,,8,8,10,10
Pt121_t1,KK324,lib2,Regorafenib,True,,8,8,10,10
Pt121_t1,KK324,lib2,SN-38,True,,9,9,10,10
Pt121_t1,KK324,lib2,Savolitinib,True,,8,8,10,10
Pt121_t1,KK324,lib2,Selinexor,True,,8,8,10,10
Pt121_t1,KK324,lib2,Silmitasertib,True,,8,8,10,10
Pt121_t1,KK324,lib2,Sotorasib,True,,8,8,10,10
Pt121_t1,KK324,lib2,TAS-102,True,,8,8,10,10
Pt121_t1,KK324,lib2,Talazoparib,True,,8,8,10,10
Pt121_t1,KK324,lib2,Trametinib,True,,8,8,10,10
Pt121_t1,KK324,lib2,Venetoclax,True,,8,8,10,10
Pt121_t1,KK324,lib2,Volasertib,True,,8,8,10,10
Pt121_t2,KK311,lib2,5-FU,True,,8,8,10,10
Pt121_t2,KK311,lib2,AZD5991,True,,8,8,10,10
Pt121_t2,KK311,lib2,AZD7762,True,,8,8,10,10
Pt121_t2,KK311,lib2,Adavosertib,True,,8,8,10,10
Pt121_t2,KK311,lib2,Afatinib,True,,8,8,10,10
Pt121_t2,KK311,lib2,Alectinib,True,,8,8,10,10
Pt121_t2,KK311,lib2,Alisertib,True,,8,8,10,10
Pt121_t2,KK311,lib2,Atorvastatin,True,,8,8,10,10
Pt121_t2,KK311,lib2,BMS-754807,True,,8,8,10,10
Pt121_t2,KK311,lib2,Bemcentinib,True,,8,8,10,10
Pt121_t2,KK311,lib2,Carfilzomib,True,,8,8,10,10
Pt121_t2,KK311,lib2,Ceralasertib,True,,8,8,10,10
Pt121_t2,KK311,lib2,Cetuximab,True,,5,5,10,10
Pt121_t2,KK311,lib2,Dasatinib,True,,8,8,10,10
Pt121_t2,KK311,lib2,Encorafenib,True,,8,8,10,10
Pt121_t2,KK311,lib2,Everolimus,True,,8,8,10,10
Pt121_t2,KK311,lib2,Gedatolisib,True,,8,8,10,10
Pt121_t2,KK311,lib2,Gemcitabine,True,,8,8,10,10
Pt121_t2,KK311,lib2,Idasanutlin,True,,8,8,10,10
Pt121_t2,KK311,lib2,Idelalisib,True,,8,8,10,10
Pt121_t2,KK311,lib2,LCL161,True,,8,8,10,10
Pt121_t2,KK311,lib2,LGK974,True,,8,8,10,10
Pt121_t2,KK311,lib2,Lapatinib,True,,8,8,10,10
Pt121_t2,KK311,lib2,Larotrectinib,True,,8,8,10,10
Pt121_t2,KK311,lib2,Luminespib,True,,8,8,10,10
Pt121_t2,KK311,lib2,Methotrexate,True,,8,8,10,10
Pt121_t2,KK311,lib2,Napabucasin,True,,8,8,10,10
Pt121_t2,KK311,lib2,Oxaliplatin,True,,8,8,10,10
Pt121_t2,KK311,lib2,Palbociclib,True,,8,8,10,10
Pt121_t2,KK311,lib2,Panobinostat,True,,8,8,10,10
Pt121_t2,KK311,lib2,Pevonedistat,True,,8,8,10,10
Pt121_t2,KK311,lib2,Regorafenib,True,,8,8,10,10
Pt121_t2,KK311,lib2,SN-38,True,,9,9,10,10
Pt121_t2,KK311,lib2,Savolitinib,True,,8,8,10,10
Pt121_t2,KK311,lib2,Selinexor,True,,8,8,10,10
Pt121_t2,KK311,lib2,Silmitasertib,True,,8,8,10,10
Pt121_t2,KK311,lib2,Sotorasib,True,,8,8,10,10
Pt121_t2,KK311,lib2,TAS-102,True,,8,8,10,10
Pt121_t2,KK311,lib2,Talazoparib,True,,8,8,10,10
Pt121_t2,KK311,lib2,Trametinib,True,,8,8,10,10
Pt121_t2,KK311,lib2,Venetoclax,True,,8,8,10,10
Pt121_t2,KK311,lib2,Volasertib,True,,8,8,10,10
Pt121_t3,KK312,lib2,5-FU,True,,8,8,10,10
Pt121_t3,KK312,lib2,AZD5991,True,,8,8,10,10
Pt121_t3,KK312,lib2,AZD7762,True,,8,8,10,10
Pt121_t3,KK312,lib2,Adavosertib,True,,8,8,10,10
Pt121_t3,KK312,lib2,Afatinib,True,,8,8,10,10
Pt121_t3,KK312,lib2,Alectinib,True,,8,8,10,10
Pt121_t3,KK312,lib2,Alisertib,True,,8,8,10,10
Pt121_t3,KK312,lib2,Atorvastatin,True,,8,8,10,10
Pt121_t3,KK312,lib2,BMS-754807,True,,8,8,10,10
Pt121_t3,KK312,lib2,Bemcentinib,True,,8,8,10,10
Pt121_t3,KK312,lib2,Carfilzomib,True,,8,8,10,10
Pt121_t3,KK312,lib2,Ceralasertib,True,,8,8,10,10
Pt121_t3,KK312,lib2,Cetuximab,True,,5,5,10,10
Pt121_t3,KK312,lib2,Dasatinib,True,,8,8,10,10
Pt121_t3,KK312,lib2,Encorafenib,True,,8,8,10,10
Pt121_t3,KK312,lib2,Everolimus,True,,8,8,10,10
Pt121_t3,KK312,lib2,Gedatolisib,True,,8,8,10,10
Pt121_t3,KK312,lib2,Gemcitabine,True,,8,8,10,10
Pt121_t3,KK312,lib2,Idasanutlin,True,,8,8,10,10
Pt121_t3,KK312,lib2,Idelalisib,True,,8,8,10,10
Pt121_t3,KK312,lib2,LCL161,True,,8,8,10,10
Pt121_t3,KK312,lib2,LGK974,True,,8,8,10,10
Pt121_t3,KK312,lib2,Lapatinib,True,,8,8,10,10
Pt121_t3,KK312,lib2,Larotrectinib,True,,8,8,10,10
Pt121_t3,KK312,lib2,Luminespib,True,,8,8,10,10
Pt121_t3,KK312,lib2,Methotrexate,True,,8,8,10,10
Pt121_t3,KK312,lib2,Napabucasin,True,,8,8,10,10
Pt121_t3,KK312,lib2,Oxaliplatin,True,,8,8,10,10
Pt121_t3,KK312,lib2,Palbociclib,True,,8,8,10,10
Pt121_t3,KK312,lib2,Panobinostat,True,,8,8,10,10
Pt121_t3,KK312,lib2,Pevonedistat,True,,8,8,10,10
Pt121_t3,KK312,lib2,Regorafenib,True,,8,8,10,10
Pt121_t3,KK312,lib2,SN-38,True,,9,9,10,10
Pt121_t3,KK312,lib2,Savolitinib,True,,8,8,10,10
Pt121_t3,KK312,lib2,Selinexor,True,,8,8,10,10
Pt121_t3,KK312,lib2,Silmitasertib,True,,8,8,10,10
Pt121_t3,KK312,lib2,Sotorasib,True,,8,8,10,10
Pt121_t3,KK312,lib2,TAS-102,True,,8,8,10,10
Pt121_t3,KK312,lib2,Talazoparib,True,,8,8,10,10
Pt121_t3,KK312,lib2,Trametinib,True,,8,8,10,10
Pt121_t3,KK312,lib2,Venetoclax,True,,8,8,10,10
Pt121_t3,KK312,lib2,Volasertib,True,,8,8,10,10
Pt122_t1,KK336,lib2,5-FU,True,,8,8,10,10
Pt122_t1,KK336,lib2,AZD5991,True,,8,8,10,10
Pt122_t1,KK336,lib2,AZD7762,True,,8,8,10,10
Pt122_t1,KK336,lib2,Adavosertib,True,,8,8,10,10
Pt122_t1,KK336,lib2,Afatinib,True,,8,8,10,10
Pt122_t1,KK336,lib2,Alectinib,True,,8,8,10,10
Pt122_t1,KK336,lib2,Alisertib,True,,8,8,10,10
Pt122_t1,KK336,lib2,Atorvastatin,True,,8,8,10,10
Pt122_t1,KK336,lib2,BMS-754807,True,,8,8,10,10
Pt122_t1,KK336,lib2,Bemcentinib,True,,8,8,10,10
Pt122_t1,KK336,lib2,Carfilzomib,True,,8,8,10,10
Pt122_t1,KK336,lib2,Ceralasertib,True,,8,8,10,10
Pt122_t1,KK336,lib2,Cetuximab,True,,5,5,10,10
Pt122_t1,KK336,lib2,Dasatinib,True,,8,8,10,10
Pt122_t1,KK336,lib2,Encorafenib,True,,8,8,10,10
Pt122_t1,KK336,lib2,Everolimus,True,,8,8,10,10
Pt122_t1,KK336,lib2,Gedatolisib,True,,8,8,10,10
Pt122_t1,KK336,lib2,Gemcitabine,True,,8,8,10,10
Pt122_t1,KK336,lib2,Idasanutlin,True,,8,8,10,10
Pt122_t1,KK336,lib2,Idelalisib,True,,8,8,10,10
Pt122_t1,KK336,lib2,LCL161,True,,8,8,10,10
Pt122_t1,KK336,lib2,LGK974,True,,8,8,10,10
Pt122_t1,KK336,lib2,Lapatinib,True,,8,8,10,10
Pt122_t1,KK336,lib2,Larotrectinib,True,,8,8,10,10
Pt122_t1,KK336,lib2,Luminespib,True,,8,8,10,10
Pt122_t1,KK336,lib2,Methotrexate,True,,8,8,10,10
Pt122_t1,KK336,lib2,Napabucasin,True,,8,8,10,10
Pt122_t1,KK336,lib2,Oxaliplatin,True,,8,8,10,10
Pt122_t1,KK336,lib2,Palbociclib,True,,8,8,10,10
Pt122_t1,KK336,lib2,Panobinostat,True,,8,8,10,10
Pt122_t1,KK336,lib2,Pevonedistat,True,,8,8,10,10
Pt122_t1,KK336,lib2,Regorafenib,True,,8,8,10,10
Pt122_t1,KK336,lib2,SN-38,True,,9,9,10,10
Pt122_t1,KK336,lib2,Savolitinib,True,,8,8,10,10
Pt122_t1,KK336,lib2,Selinexor,True,,8,8,10,10
Pt122_t1,KK336,lib2,Silmitasertib,True,,8,8,10,10
Pt122_t1,KK336,lib2,Sotorasib,True,,8,8,10,10
Pt122_t1,KK336,lib2,TAS-102,True,,8,8,10,10
Pt122_t1,KK336,lib2,Talazoparib,True,,8,8,10,10
Pt122_t1,KK336,lib2,Trametinib,True,,8,8,10,10
Pt122_t1,KK336,lib2,Venetoclax,True,,8,8,10,10
Pt122_t1,KK336,lib2,Volasertib,True,,8,8,10,10
Pt122_t2,KK316,lib2,5-FU,True,,8,8,10,10
Pt122_t2,KK316,lib2,AZD5991,True,,8,8,10,10
Pt122_t2,KK316,lib2,AZD7762,True,,8,8,10,10
Pt122_t2,KK316,lib2,Adavosertib,True,,8,8,10,10
Pt122_t2,KK316,lib2,Afatinib,True,,8,8,10,10
Pt122_t2,KK316,lib2,Alectinib,True,,8,8,10,10
Pt122_t2,KK316,lib2,Alisertib,True,,8,8,10,10
Pt122_t2,KK316,lib2,Atorvastatin,True,,8,8,10,10
Pt122_t2,KK316,lib2,BMS-754807,True,,8,8,10,10
Pt122_t2,KK316,lib2,Bemcentinib,True,,8,8,10,10
Pt122_t2,KK316,lib2,Carfilzomib,True,,8,8,10,10
Pt122_t2,KK316,lib2,Ceralasertib,True,,8,8,10,10
Pt122_t2,KK316,lib2,Cetuximab,True,,5,5,10,10
Pt122_t2,KK316,lib2,Dasatinib,True,,8,8,10,10
Pt122_t2,KK316,lib2,Encorafenib,True,,8,8,10,10
Pt122_t2,KK316,lib2,Everolimus,True,,8,8,10,10
Pt122_t2,KK316,lib2,Gedatolisib,True,,8,8,10,10
Pt122_t2,KK316,lib2,Gemcitabine,True,,8,8,10,10
Pt122_t2,KK316,lib2,Idasanutlin,True,,8,8,10,10
Pt122_t2,KK316,lib2,Idelalisib,True,,8,8,10,10
Pt122_t2,KK316,lib2,LCL161,True,,8,8,10,10
Pt122_t2,KK316,lib2,LGK974,True,,8,8,10,10
Pt122_t2,KK316,lib2,Lapatinib,True,,8,8,10,10
Pt122_t2,KK316,lib2,Larotrectinib,True,,8,8,10,10
Pt122_t2,KK316,lib2,Luminespib,True,,8,8,10,10
Pt122_t2,KK316,lib2,Methotrexate,True,,8,8,10,10
Pt122_t2,KK316,lib2,Napabucasin,True,,8,8,10,10
Pt122_t2,KK316,lib2,Oxaliplatin,True,,8,8,10,10
Pt122_t2,KK316,lib2,Palbociclib,True,,8,8,10,10
Pt122_t2,KK316,lib2,Panobinostat,True,,8,8,10,10
Pt122_t2,KK316,lib2,Pevonedistat,True,,8,8,10,10
Pt122_t2,KK316,lib2,Regorafenib,True,,8,8,10,10
Pt122_t2,KK316,lib2,SN-38,True,,9,9,10,10
Pt122_t2,KK316,lib2,Savolitinib,True,,8,8,10,10
Pt122_t2,KK316,lib2,Selinexor,True,,8,8,10,10
Pt122_t2,KK316,lib2,Silmitasertib,True,,8,8,10,10
Pt122_t2,KK316,lib2,Sotorasib,True,,8,8,10,10
Pt122_t2,KK316,lib2,TAS-102,True,,8,8,10,10
Pt122_t2,KK316,lib2,Talazoparib,True,,8,8,10,10
Pt122_t2,KK316,lib2,Trametinib,True,,8,8,10,10
Pt122_t2,KK316,lib2,Venetoclax,True,,8,8,10,10
Pt122_t2,KK316,lib2,Volasertib,True,,8,8,10,10
Pt123_t1,KK353,lib2,5-FU,True,,8,8,10,10
Pt123_t1,KK353,lib2,AZD5991,True,,8,8,10,10
Pt123_t1,KK353,lib2,AZD7762,True,,8,8,10,10
Pt123_t1,KK353,lib2,Adavosertib,True,,8,8,10,10
Pt123_t1,KK353,lib2,Afatinib,True,,8,8,10,10
Pt123_t1,KK353,lib2,Alectinib,True,,8,8,10,10
Pt123_t1,KK353,lib2,Alisertib,True,,8,8,10,10
Pt123_t1,KK353,lib2,Atorvastatin,True,,8,8,10,10
Pt123_t1,KK353,lib2,BMS-754807,True,,8,8,10,10
Pt123_t1,KK353,lib2,Bemcentinib,True,,8,8,10,10
Pt123_t1,KK353,lib2,Carfilzomib,True,,8,8,10,10
Pt123_t1,KK353,lib2,Ceralasertib,True,,8,8,10,10
Pt123_t1,KK353,lib2,Cetuximab,True,,5,5,10,10
Pt123_t1,KK353,lib2,Dasatinib,True,,8,8,10,10
Pt123_t1,KK353,lib2,Encorafenib,True,,8,8,10,10
Pt123_t1,KK353,lib2,Everolimus,True,,8,8,10,10
Pt123_t1,KK353,lib2,Gedatolisib,True,,8,8,10,10
Pt123_t1,KK353,lib2,Gemcitabine,True,,8,8,10,10
Pt123_t1,KK353,lib2,Idasanutlin,True,,8,8,10,10
Pt123_t1,KK353,lib2,Idelalisib,True,,8,8,10,10
Pt123_t1,KK353,lib2,LCL161,True,,8,8,10,10
Pt123_t1,KK353,lib2,LGK974,True,,8,8,10,10
Pt123_t1,KK353,lib2,Lapatinib,True,,8,8,10,10
Pt123_t1,KK353,lib2,Larotrectinib,True,,8,8,10,10
Pt123_t1,KK353,lib2,Luminespib,True,,8,8,10,10
Pt123_t1,KK353,lib2,Methotrexate,True,,8,8,10,10
Pt123_t1,KK353,lib2,Napabucasin,True,,8,8,10,10
Pt123_t1,KK353,lib2,Oxaliplatin,True,,8,8,10,10
Pt123_t1,KK353,lib2,Palbociclib,True,,8,8,10,10
Pt123_t1,KK353,lib2,Panobinostat,True,,8,8,10,10
Pt123_t1,KK353,lib2,Pevonedistat,True,,8,8,10,10
Pt123_t1,KK353,lib2,Regorafenib,True,,8,8,10,10
Pt123_t1,KK353,lib2,SN-38,True,,9,9,10,10
Pt123_t1,KK353,lib2,Savolitinib,True,,8,8,10,10
Pt123_t1,KK353,lib2,Selinexor,True,,8,8,10,10
Pt123_t1,KK353,lib2,Silmitasertib,True,,8,8,10,10
Pt123_t1,KK353,lib2,Sotorasib,True,,8,8,10,10
Pt123_t1,KK353,lib2,TAS-102,True,,8,8,10,10
Pt123_t1,KK353,lib2,Talazoparib,True,,8,8,10,10
Pt123_t1,KK353,lib2,Trametinib,True,,8,8,10,10
Pt123_t1,KK353,lib2,Venetoclax,True,,8,8,10,10
Pt123_t1,KK353,lib2,Volasertib,True,,8,8,10,10
Pt124_t1,KK314,lib2,5-FU,True,,8,8,10,10
Pt124_t1,KK314,lib2,AZD5991,True,,8,8,10,10
Pt124_t1,KK314,lib2,AZD7762,True,,8,8,10,10
Pt124_t1,KK314,lib2,Adavosertib,True,,8,8,10,10
Pt124_t1,KK314,lib2,Afatinib,True,,8,8,10,10
Pt124_t1,KK314,lib2,Alectinib,True,,8,8,10,10
Pt124_t1,KK314,lib2,Alisertib,True,,8,8,10,10
Pt124_t1,KK314,lib2,Atorvastatin,True,,8,8,10,10
Pt124_t1,KK314,lib2,BMS-754807,True,,8,8,10,10
Pt124_t1,KK314,lib2,Bemcentinib,True,,8,8,10,10
Pt124_t1,KK314,lib2,Carfilzomib,True,,8,8,10,10
Pt124_t1,KK314,lib2,Ceralasertib,True,,8,8,10,10
Pt124_t1,KK314,lib2,Cetuximab,True,,5,5,10,10
Pt124_t1,KK314,lib2,Dasatinib,True,,8,8,10,10
Pt124_t1,KK314,lib2,Encorafenib,True,,8,8,10,10
Pt124_t1,KK314,lib2,Everolimus,True,,8,8,10,10
Pt124_t1,KK314,lib2,Gedatolisib,True,,8,8,10,10
Pt124_t1,KK314,lib2,Gemcitabine,True,,8,8,10,10
Pt124_t1,KK314,lib2,Idasanutlin,True,,8,8,10,10
Pt124_t1,KK314,lib2,Idelalisib,True,,8,8,10,10
Pt124_t1,KK314,lib2,LCL161,True,,8,8,10,10
Pt124_t1,KK314,lib2,LGK974,True,,8,8,10,10
Pt124_t1,KK314,lib2,Lapatinib,True,,8,8,10,10
Pt124_t1,KK314,lib2,Larotrectinib,True,,8,8,10,10
Pt124_t1,KK314,lib2,Luminespib,True,,8,8,10,10
Pt124_t1,KK314,lib2,Methotrexate,True,,8,8,10,10
Pt124_t1,KK314,lib2,Napabucasin,True,,8,8,10,10
Pt124_t1,KK314,lib2,Oxaliplatin,True,,8,8,10,10
Pt124_t1,KK314,lib2,Palbociclib,True,,8,8,10,10
Pt124_t1,KK314,lib2,Panobinostat,True,,8,8,10,10
Pt124_t1,KK314,lib2,Pevonedistat,True,,8,8,10,10
Pt124_t1,KK314,lib2,Regorafenib,True,,8,8,10,10
Pt124_t1,KK314,lib2,SN-38,True,,9,9,10,10
Pt124_t1,KK314,lib2,Savolitinib,True,,8,8,10,10
Pt124_t1,KK314,lib2,Selinexor,True,,8,8,10,10
Pt124_t1,KK314,lib2,Silmitasertib,True,,8,8,10,10
Pt124_t1,KK314,lib2,Sotorasib,True,,8,8,10,10
Pt124_t1,KK314,lib2,TAS-102,True,,8,8,10,10
Pt124_t1,KK314,lib2,Talazoparib,True,,8,8,10,10
Pt124_t1,KK314,lib2,Trametinib,True,,8,8,10,10
Pt124_t1,KK314,lib2,Venetoclax,True,,8,8,10,10
Pt124_t1,KK314,lib2,Volasertib,True,,8,8,10,10
Pt124_t2,KK315,lib2,5-FU,True,,8,8,10,10
Pt124_t2,KK315,lib2,AZD5991,True,,8,8,10,10
Pt124_t2,KK315,lib2,AZD7762,True,,8,8,10,10
Pt124_t2,KK315,lib2,Adavosertib,True,,8,8,10,10
Pt124_t2,KK315,lib2,Afatinib,True,,8,8,10,10
Pt124_t2,KK315,lib2,Alectinib,True,,8,8,10,10
Pt124_t2,KK315,lib2,Alisertib,True,,8,8,10,10
Pt124_t2,KK315,lib2,Atorvastatin,True,,8,8,10,10
Pt124_t2,KK315,lib2,BMS-754807,True,,8,8,10,10
Pt124_t2,KK315,lib2,Bemcentinib,True,,8,8,10,10
Pt124_t2,KK315,lib2,Carfilzomib,True,,8,8,10,10
Pt124_t2,KK315,lib2,Ceralasertib,True,,8,8,10,10
Pt124_t2,KK315,lib2,Cetuximab,True,,5,5,10,10
Pt124_t2,KK315,lib2,Dasatinib,True,,8,8,10,10
Pt124_t2,KK315,lib2,Encorafenib,True,,8,8,10,10
Pt124_t2,KK315,lib2,Everolimus,True,,8,8,10,10
Pt124_t2,KK315,lib2,Gedatolisib,True,,8,8,10,10
Pt124_t2,KK315,lib2,Gemcitabine,True,,8,8,10,10
Pt124_t2,KK315,lib2,Idasanutlin,True,,8,8,10,10
Pt124_t2,KK315,lib2,Idelalisib,True,,8,8,10,10
Pt124_t2,KK315,lib2,LCL161,True,,8,8,10,10
Pt124_t2,KK315,lib2,LGK974,True,,8,8,10,10
Pt124_t2,KK315,lib2,Lapatinib,True,,8,8,10,10
Pt124_t2,KK315,lib2,Larotrectinib,True,,8,8,10,10
Pt124_t2,KK315,lib2,Luminespib,True,,8,8,10,10
Pt124_t2,KK315,lib2,Methotrexate,True,,8,8,10,10
Pt124_t2,KK315,lib2,Napabucasin,True,,8,8,10,10
Pt124_t2,KK315,lib2,Oxaliplatin,True,,8,8,10,10
Pt124_t2,KK315,lib2,Palbociclib,True,,8,8,10,10
Pt124_t2,KK315,lib2,Panobinostat,True,,8,8,10,10
Pt124_t2,KK315,lib2,Pevonedistat,True,,8,8,10,10
Pt124_t2,KK315,lib2,Regorafenib,True,,8,8,10,10
Pt124_t2,KK315,lib2,SN-38,True,,9,9,10,10
Pt124_t2,KK315,lib2,Savolitinib,True,,8,8,10,10
Pt124_t2,KK315,lib2,Selinexor,True,,8,8,10,10
Pt124_t2,KK315,lib2,Silmitasertib,True,,8,8,10,10
Pt124_t2,KK315,lib2,Sotorasib,True,,8,8,10,10
Pt124_t2,KK315,lib2,TAS-102,True,,8,8,10,10
Pt124_t2,KK315,lib2,Talazoparib,True,,8,8,10,10
Pt124_t2,KK315,lib2,Trametinib,True,,8,8,10,10
Pt124_t2,KK315,lib2,Venetoclax,True,,8,8,10,10
Pt124_t2,KK315,lib2,Volasertib,True,,8,8,10,10
Pt125_t1,KK320,lib2,5-FU,True,,8,8,10,10
Pt125_t1,KK320,lib2,AZD5991,True,,8,8,10,10
Pt125_t1,KK320,lib2,AZD7762,True,,8,8,10,10
Pt125_t1,KK320,lib2,Adavosertib,True,,8,8,10,10
Pt125_t1,KK320,lib2,Afatinib,True,,8,8,10,10
Pt125_t1,KK320,lib2,Alectinib,True,,8,8,10,10
Pt125_t1,KK320,lib2,Alisertib,True,,8,8,10,10
Pt125_t1,KK320,lib2,Atorvastatin,True,,8,8,10,10
Pt125_t1,KK320,lib2,BMS-754807,True,,8,8,10,10
Pt125_t1,KK320,lib2,Bemcentinib,True,,8,8,10,10
Pt125_t1,KK320,lib2,Carfilzomib,True,,8,8,10,10
Pt125_t1,KK320,lib2,Ceralasertib,True,,8,8,10,10
Pt125_t1,KK320,lib2,Cetuximab,True,,5,5,10,10
Pt125_t1,KK320,lib2,Dasatinib,True,,8,8,10,10
Pt125_t1,KK320,lib2,Encorafenib,True,,8,8,10,10
Pt125_t1,KK320,lib2,Everolimus,True,,8,8,10,10
Pt125_t1,KK320,lib2,Gedatolisib,True,,8,8,10,10
Pt125_t1,KK320,lib2,Gemcitabine,True,,8,8,10,10
Pt125_t1,KK320,lib2,Idasanutlin,True,,8,8,10,10
Pt125_t1,KK320,lib2,Idelalisib,True,,8,8,10,10
Pt125_t1,KK320,lib2,LCL161,True,,8,8,10,10
Pt125_t1,KK320,lib2,LGK974,True,,8,8,10,10
Pt125_t1,KK320,lib2,Lapatinib,True,,8,8,10,10
Pt125_t1,KK320,lib2,Larotrectinib,True,,8,8,10,10
Pt125_t1,KK320,lib2,Luminespib,True,,8,8,10,10
Pt125_t1,KK320,lib2,Methotrexate,True,,8,8,10,10
Pt125_t1,KK320,lib2,Napabucasin,True,,8,8,10,10
Pt125_t1,KK320,lib2,Oxaliplatin,True,,8,8,10,10
Pt125_t1,KK320,lib2,Palbociclib,True,,8,8,10,10
Pt125_t1,KK320,lib2,Panobinostat,True,,8,8,10,10
Pt125_t1,KK320,lib2,Pevonedistat,True,,8,8,10,10
Pt125_t1,KK320,lib2,Regorafenib,True,,8,8,10,10
Pt125_t1,KK320,lib2,SN-38,True,,9,9,10,10
Pt125_t1,KK320,lib2,Savolitinib,True,,8,8,10,10
Pt125_t1,KK320,lib2,Selinexor,True,,8,8,10,10
Pt125_t1,KK320,lib2,Silmitasertib,True,,8,8,10,10
Pt125_t1,KK320,lib2,Sotorasib,True,,8,8,10,10
Pt125_t1,KK320,lib2,TAS-102,True,,8,8,10,10
Pt125_t1,KK320,lib2,Talazoparib,True,,8,8,10,10
Pt125_t1,KK320,lib2,Trametinib,True,,8,8,10,10
Pt125_t1,KK320,lib2,Venetoclax,True,,8,8,10,10
Pt125_t1,KK320,lib2,Volasertib,True,,8,8,10,10
Pt125_t3,KK319,lib2,5-FU,True,,8,8,10,10
Pt125_t3,KK319,lib2,AZD5991,True,,8,8,10,10
Pt125_t3,KK319,lib2,AZD7762,True,,8,8,10,10
Pt125_t3,KK319,lib2,Adavosertib,True,,8,8,10,10
Pt125_t3,KK319,lib2,Afatinib,True,,8,8,10,10
Pt125_t3,KK319,lib2,Alectinib,True,,8,8,10,10
Pt125_t3,KK319,lib2,Alisertib,True,,8,8,10,10
Pt125_t3,KK319,lib2,Atorvastatin,True,,8,8,10,10
Pt125_t3,KK319,lib2,BMS-754807,True,,8,8,10,10
Pt125_t3,KK319,lib2,Bemcentinib,True,,8,8,10,10
Pt125_t3,KK319,lib2,Carfilzomib,True,,8,8,10,10
Pt125_t3,KK319,lib2,Ceralasertib,True,,8,8,10,10
Pt125_t3,KK319,lib2,Cetuximab,True,,5,5,10,10
Pt125_t3,KK319,lib2,Dasatinib,True,,8,8,10,10
Pt125_t3,KK319,lib2,Encorafenib,True,,8,8,10,10
Pt125_t3,KK319,lib2,Everolimus,True,,8,8,10,10
Pt125_t3,KK319,lib2,Gedatolisib,True,,8,8,10,10
Pt125_t3,KK319,lib2,Gemcitabine,True,,8,8,10,10
Pt125_t3,KK319,lib2,Idasanutlin,True,,8,8,10,10
Pt125_t3,KK319,lib2,Idelalisib,True,,8,8,10,10
Pt125_t3,KK319,lib2,LCL161,True,,8,8,10,10
Pt125_t3,KK319,lib2,LGK974,True,,8,8,10,10
Pt125_t3,KK319,lib2,Lapatinib,True,,8,8,10,10
Pt125_t3,KK319,lib2,Larotrectinib,True,,8,8,10,10
Pt125_t3,KK319,lib2,Luminespib,True,,8,8,10,10
Pt125_t3,KK319,lib2,Methotrexate,True,,8,8,10,10
Pt125_t3,KK319,lib2,Napabucasin,True,,8,8,10,10
Pt125_t3,KK319,lib2,Oxaliplatin,True,,8,8,10,10
Pt125_t3,KK319,lib2,Palbociclib,True,,8,8,10,10
Pt125_t3,KK319,lib2,Panobinostat,True,,8,8,10,10
Pt125_t3,KK319,lib2,Pevonedistat,True,,8,8,10,10
Pt125_t3,KK319,lib2,Regorafenib,True,,8,8,10,10
Pt125_t3,KK319,lib2,SN-38,True,,9,9,10,10
Pt125_t3,KK319,lib2,Savolitinib,True,,8,8,10,10
Pt125_t3,KK319,lib2,Selinexor,True,,8,8,10,10
Pt125_t3,KK319,lib2,Silmitasertib,True,,8,8,10,10
Pt125_t3,KK319,lib2,Sotorasib,True,,8,8,10,10
Pt125_t3,KK319,lib2,TAS-102,True,,8,8,10,10
Pt125_t3,KK319,lib2,Talazoparib,True,,8,8,10,10
Pt125_t3,KK319,lib2,Trametinib,True,,8,8,10,10
Pt125_t3,KK319,lib2,Venetoclax,True,,8,8,10,10
Pt125_t3,KK319,lib2,Volasertib,True,,8,8,10,10
Pt126_t1,KK317,lib2,5-FU,True,,8,8,10,10
Pt126_t1,KK317,lib2,AZD5991,True,,8,8,10,10
Pt126_t1,KK317,lib2,AZD7762,True,,8,8,10,10
Pt126_t1,KK317,lib2,Adavosertib,True,,8,8,10,10
Pt126_t1,KK317,lib2,Afatinib,True,,8,8,10,10
Pt126_t1,KK317,lib2,Alectinib,True,,8,8,10,10
Pt126_t1,KK317,lib2,Alisertib,True,,8,8,10,10
Pt126_t1,KK317,lib2,Atorvastatin,True,,8,8,10,10
Pt126_t1,KK317,lib2,BMS-754807,True,,8,8,10,10
Pt126_t1,KK317,lib2,Bemcentinib,True,,8,8,10,10
Pt126_t1,KK317,lib2,Carfilzomib,True,,8,8,10,10
Pt126_t1,KK317,lib2,Ceralasertib,True,,8,8,10,10
Pt126_t1,KK317,lib2,Cetuximab,True,,5,5,10,10
Pt126_t1,KK317,lib2,Dasatinib,True,,8,8,10,10
Pt126_t1,KK317,lib2,Encorafenib,True,,8,8,10,10
Pt126_t1,KK317,lib2,Everolimus,True,,8,8,10,10
Pt126_t1,KK317,lib2,Gedatolisib,True,,8,8,10,10
Pt126_t1,KK317,lib2,Gemcitabine,True,,8,8,10,10
Pt126_t1,KK317,lib2,Idasanutlin,True,,8,8,10,10
Pt126_t1,KK317,lib2,Idelalisib,True,,8,8,10,10
Pt126_t1,KK317,lib2,LCL161,True,,8,8,10,10
Pt126_t1,KK317,lib2,LGK974,True,,8,8,10,10
Pt126_t1,KK317,lib2,Lapatinib,True,,8,8,10,10
Pt126_t1,KK317,lib2,Larotrectinib,True,,8,8,10,10
Pt126_t1,KK317,lib2,Luminespib,True,,8,8,10,10
Pt126_t1,KK317,lib2,Methotrexate,True,,8,8,10,10
Pt126_t1,KK317,lib2,Napabucasin,True,,8,8,10,10
Pt126_t1,KK317,lib2,Oxaliplatin,True,,8,8,10,10
Pt126_t1,KK317,lib2,Palbociclib,True,,8,8,10,10
Pt126_t1,KK317,lib2,Panobinostat,True,,8,8,10,10
Pt126_t1,KK317,lib2,Pevonedistat,True,,8,8,10,10
Pt126_t1,KK317,lib2,Regorafenib,True,,8,8,10,10
Pt126_t1,KK317,lib2,SN-38,True,,9,9,10,10
Pt126_t1,KK317,lib2,Savolitinib,True,,8,8,10,10
Pt126_t1,KK317,lib2,Selinexor,True,,8,8,10,10
Pt126_t1,KK317,lib2,Silmitasertib,True,,8,8,10,10
Pt126_t1,KK317,lib2,Sotorasib,True,,8,8,10,10
Pt126_t1,KK317,lib2,TAS-102,True,,8,8,10,10
Pt126_t1,KK317,lib2,Talazoparib,True,,8,8,10,10
Pt126_t1,KK317,lib2,Trametinib,True,,8,8,10,10
Pt126_t1,KK317,lib2,Venetoclax,True,,8,8,10,10
Pt126_t1,KK317,lib2,Volasertib,True,,8,8,10,10
Pt126_t2,KK318,lib2,5-FU,True,,8,8,10,10
Pt126_t2,KK318,lib2,AZD5991,True,,8,8,10,10
Pt126_t2,KK318,lib2,AZD7762,True,,8,8,10,10
Pt126_t2,KK318,lib2,Adavosertib,True,,8,8,10,10
Pt126_t2,KK318,lib2,Afatinib,True,,8,8,10,10
Pt126_t2,KK318,lib2,Alectinib,True,,8,8,10,10
Pt126_t2,KK318,lib2,Alisertib,True,,8,8,10,10
Pt126_t2,KK318,lib2,Atorvastatin,True,,8,8,10,10
Pt126_t2,KK318,lib2,BMS-754807,True,,8,8,10,10
Pt126_t2,KK318,lib2,Bemcentinib,True,,8,8,10,10
Pt126_t2,KK318,lib2,Carfilzomib,True,,8,8,10,10
Pt126_t2,KK318,lib2,Ceralasertib,True,,8,8,10,10
Pt126_t2,KK318,lib2,Cetuximab,True,,5,5,10,10
Pt126_t2,KK318,lib2,Dasatinib,True,,8,8,10,10
Pt126_t2,KK318,lib2,Encorafenib,True,,8,8,10,10
Pt126_t2,KK318,lib2,Everolimus,True,,8,8,10,10
Pt126_t2,KK318,lib2,Gedatolisib,True,,8,8,10,10
Pt126_t2,KK318,lib2,Gemcitabine,True,,8,8,10,10
Pt126_t2,KK318,lib2,Idasanutlin,True,,8,8,10,10
Pt126_t2,KK318,lib2,Idelalisib,True,,8,8,10,10
Pt126_t2,KK318,lib2,LCL161,True,,8,8,10,10
Pt126_t2,KK318,lib2,LGK974,True,,8,8,10,10
Pt126_t2,KK318,lib2,Lapatinib,True,,8,8,10,10
Pt126_t2,KK318,lib2,Larotrectinib,True,,8,8,10,10
Pt126_t2,KK318,lib2,Luminespib,True,,8,8,10,10
Pt126_t2,KK318,lib2,Methotrexate,True,,8,8,10,10
Pt126_t2,KK318,lib2,Napabucasin,True,,8,8,10,10
Pt126_t2,KK318,lib2,Oxaliplatin,True,,8,8,10,10
Pt126_t2,KK318,lib2,Palbociclib,True,,8,8,10,10
Pt126_t2,KK318,lib2,Panobinostat,True,,8,8,10,10
Pt126_t2,KK318,lib2,Pevonedistat,True,,8,8,10,10
Pt126_t2,KK318,lib2,Regorafenib,True,,8,8,10,10
Pt126_t2,KK318,lib2,SN-38,True,,9,9,10,10
Pt126_t2,KK318,lib2,Savolitinib,True,,8,8,10,10
Pt126_t2,KK318,lib2,Selinexor,True,,8,8,10,10
Pt126_t2,KK318,lib2,Silmitasertib,True,,8,8,10,10
Pt126_t2,KK318,lib2,Sotorasib,True,,8,8,10,10
Pt126_t2,KK318,lib2,TAS-102,True,,8,8,10,10
Pt126_t2,KK318,lib2,Talazoparib,True,,8,8,10,10
Pt126_t2,KK318,lib2,Trametinib,True,,8,8,10,10
Pt126_t2,KK318,lib2,Venetoclax,True,,8,8,10,10
Pt126_t2,KK318,lib2,Volasertib,True,,8,8,10,10
Pt127_t1,KK354,lib2,5-FU,True,,8,8,10,10
Pt127_t1,KK354,lib2,AZD5991,True,,8,8,10,10
Pt127_t1,KK354,lib2,AZD7762,True,,8,8,10,10
Pt127_t1,KK354,lib2,Adavosertib,True,,8,8,10,10
Pt127_t1,KK354,lib2,Afatinib,True,,8,8,10,10
Pt127_t1,KK354,lib2,Alectinib,True,,8,8,10,10
Pt127_t1,KK354,lib2,Alisertib,True,,8,8,10,10
Pt127_t1,KK354,lib2,Atorvastatin,True,,8,8,10,10
Pt127_t1,KK354,lib2,BMS-754807,True,,8,8,10,10
Pt127_t1,KK354,lib2,Bemcentinib,True,,8,8,10,10
Pt127_t1,KK354,lib2,Carfilzomib,True,,8,8,10,10
Pt127_t1,KK354,lib2,Ceralasertib,True,,8,8,10,10
Pt127_t1,KK354,lib2,Cetuximab,True,,5,5,10,10
Pt127_t1,KK354,lib2,Dasatinib,True,,8,8,10,10
Pt127_t1,KK354,lib2,Encorafenib,True,,8,8,10,10
Pt127_t1,KK354,lib2,Everolimus,True,,8,8,10,10
Pt127_t1,KK354,lib2,Gedatolisib,True,,8,8,10,10
Pt127_t1,KK354,lib2,Gemcitabine,True,,8,8,10,10
Pt127_t1,KK354,lib2,Idasanutlin,True,,8,8,10,10
Pt127_t1,KK354,lib2,Idelalisib,True,,8,8,10,10
Pt127_t1,KK354,lib2,LCL161,True,,8,8,10,10
Pt127_t1,KK354,lib2,LGK974,True,,8,8,10,10
Pt127_t1,KK354,lib2,Lapatinib,True,,8,8,10,10
Pt127_t1,KK354,lib2,Larotrectinib,True,,8,8,10,10
Pt127_t1,KK354,lib2,Luminespib,True,,8,8,10,10
Pt127_t1,KK354,lib2,Methotrexate,True,,8,8,10,10
Pt127_t1,KK354,lib2,Napabucasin,True,,8,8,10,10
Pt127_t1,KK354,lib2,Oxaliplatin,True,,8,8,10,10
Pt127_t1,KK354,lib2,Palbociclib,True,,8,8,10,10
Pt127_t1,KK354,lib2,Panobinostat,True,,8,8,10,10
Pt127_t1,KK354,lib2,Pevonedistat,True,,8,8,10,10
Pt127_t1,KK354,lib2,Regorafenib,True,,8,8,10,10
Pt127_t1,KK354,lib2,SN-38,True,,9,9,10,10
Pt127_t1,KK354,lib2,Savolitinib,True,,8,8,10,10
Pt127_t1,KK354,lib2,Selinexor,True,,8,8,10,10
Pt127_t1,KK354,lib2,Silmitasertib,True,,8,8,10,10
Pt127_t1,KK354,lib2,Sotorasib,True,,8,8,10,10
Pt127_t1,KK354,lib2,TAS-102,True,,8,8,10,10
Pt127_t1,KK354,lib2,Talazoparib,True,,8,8,10,10
Pt127_t1,KK354,lib2,Trametinib,True,,8,8,10,10
Pt127_t1,KK354,lib2,Venetoclax,True,,8,8,10,10
Pt127_t1,KK354,lib2,Volasertib,True,,8,8,10,10
Pt128_t1,KK323,lib2,5-FU,True,,8,8,10,10
Pt128_t1,KK323,lib2,AZD5991,True,,8,8,10,10
Pt128_t1,KK323,lib2,AZD7762,True,,8,8,10,10
Pt128_t1,KK323,lib2,Adavosertib,True,,8,8,10,10
Pt128_t1,KK323,lib2,Afatinib,True,,8,8,10,10
Pt128_t1,KK323,lib2,Alectinib,True,,8,8,10,10
Pt128_t1,KK323,lib2,Alisertib,True,,8,8,10,10
Pt128_t1,KK323,lib2,Atorvastatin,True,,8,8,10,10
Pt128_t1,KK323,lib2,BMS-754807,True,,8,8,10,10
Pt128_t1,KK323,lib2,Bemcentinib,True,,8,8,10,10
Pt128_t1,KK323,lib2,Carfilzomib,True,,8,8,10,10
Pt128_t1,KK323,lib2,Ceralasertib,True,,8,8,10,10
Pt128_t1,KK323,lib2,Cetuximab,True,,5,5,10,10
Pt128_t1,KK323,lib2,Dasatinib,True,,8,8,10,10
Pt128_t1,KK323,lib2,Encorafenib,True,,8,8,10,10
Pt128_t1,KK323,lib2,Everolimus,True,,8,8,10,10
Pt128_t1,KK323,lib2,Gedatolisib,True,,8,8,10,10
Pt128_t1,KK323,lib2,Gemcitabine,True,,8,8,10,10
Pt128_t1,KK323,lib2,Idasanutlin,True,,8,8,10,10
Pt128_t1,KK323,lib2,Idelalisib,True,,8,8,10,10
Pt128_t1,KK323,lib2,LCL161,True,,8,8,10,10
Pt128_t1,KK323,lib2,LGK974,True,,8,8,10,10
Pt128_t1,KK323,lib2,Lapatinib,True,,8,8,10,10
Pt128_t1,KK323,lib2,Larotrectinib,True,,8,8,10,10
Pt128_t1,KK323,lib2,Luminespib,True,,8,8,10,10
Pt128_t1,KK323,lib2,Methotrexate,True,,8,8,10,10
Pt128_t1,KK323,lib2,Napabucasin,True,,8,8,10,10
Pt128_t1,KK323,lib2,Oxaliplatin,True,,8,8,10,10
Pt128_t1,KK323,lib2,Palbociclib,True,,8,8,10,10
Pt128_t1,KK323,lib2,Panobinostat,True,,8,8,10,10
Pt128_t1,KK323,lib2,Pevonedistat,True,,8,8,10,10
Pt128_t1,KK323,lib2,Regorafenib,True,,8,8,10,10
Pt128_t1,KK323,lib2,SN-38,True,,9,9,10,10
Pt128_t1,KK323,lib2,Savolitinib,True,,8,8,10,10
Pt128_t1,KK323,lib2,Selinexor,True,,8,8,10,10
Pt128_t1,KK323,lib2,Silmitasertib,True,,8,8,10,10
Pt128_t1,KK323,lib2,Sotorasib,True,,8,8,10,10
Pt128_t1,KK323,lib2,TAS-102,True,,8,8,10,10
Pt128_t1,KK323,lib2,Talazoparib,True,,8,8,10,10
Pt128_t1,KK323,lib2,Trametinib,True,,8,8,10,10
Pt128_t1,KK323,lib2,Venetoclax,True,,8,8,10,10
Pt128_t1,KK323,lib2,Volasertib,True,,8,8,10,10
Pt128_t2,KK322,lib2,5-FU,True,,8,8,10,10
Pt128_t2,KK322,lib2,AZD5991,True,,8,8,10,10
Pt128_t2,KK322,lib2,AZD7762,True,,8,8,10,10
Pt128_t2,KK322,lib2,Adavosertib,True,,8,8,10,10
Pt128_t2,KK322,lib2,Afatinib,True,,8,8,10,10
Pt128_t2,KK322,lib2,Alectinib,True,,8,8,10,10
Pt128_t2,KK322,lib2,Alisertib,True,,8,8,10,10
Pt128_t2,KK322,lib2,Atorvastatin,True,,8,8,10,10
Pt128_t2,KK322,lib2,BMS-754807,True,,8,8,10,10
Pt128_t2,KK322,lib2,Bemcentinib,True,,8,8,10,10
Pt128_t2,KK322,lib2,Carfilzomib,True,,8,8,10,10
Pt128_t2,KK322,lib2,Ceralasertib,True,,8,8,10,10
Pt128_t2,KK322,lib2,Cetuximab,True,,5,5,10,10
Pt128_t2,KK322,lib2,Dasatinib,True,,8,8,10,10
Pt128_t2,KK322,lib2,Encorafenib,True,,8,8,10,10
Pt128_t2,KK322,lib2,Everolimus,True,,8,8,10,10
Pt128_t2,KK322,lib2,Gedatolisib,True,,8,8,10,10
Pt128_t2,KK322,lib2,Gemcitabine,True,,8,8,10,10
Pt128_t2,KK322,lib2,Idasanutlin,True,,8,8,10,10
Pt128_t2,KK322,lib2,Idelalisib,True,,8,8,10,10
Pt128_t2,KK322,lib2,LCL161,True,,8,8,10,10
Pt128_t2,KK322,lib2,LGK974,True,,8,8,10,10
Pt128_t2,KK322,lib2,Lapatinib,True,,8,8,10,10
Pt128_t2,KK322,lib2,Larotrectinib,True,,8,8,10,10
Pt128_t2,KK322,lib2,Luminespib,True,,8,8,10,10
Pt128_t2,KK322,lib2,Methotrexate,True,,8,8,10,10
Pt128_t2,KK322,lib2,Napabucasin,True,,8,8,10,10
Pt128_t2,KK322,lib2,Oxaliplatin,True,,8,8,10,10
Pt128_t2,KK322,lib2,Palbociclib,True,,8,8,10,10
Pt128_t2,KK322,lib2,Panobinostat,True,,8,8,10,10
Pt128_t2,KK322,lib2,Pevonedistat,True,,8,8,10,10
Pt128_t2,KK322,lib2,Regorafenib,True,,8,8,10,10
Pt128_t2,KK322,lib2,SN-38,True,,9,9,10,10
Pt128_t2,KK322,lib2,Savolitinib,True,,8,8,10,10
Pt128_t2,KK322,lib2,Selinexor,True,,8,8,10,10
Pt128_t2,KK322,lib2,Silmitasertib,True,,8,8,10,10
Pt128_t2,KK322,lib2,Sotorasib,True,,8,8,10,10
Pt128_t2,KK322,lib2,TAS-102,True,,8,8,10,10
Pt128_t2,KK322,lib2,Talazoparib,True,,8,8,10,10
Pt128_t2,KK322,lib2,Trametinib,True,,8,8,10,10
Pt128_t2,KK322,lib2,Venetoclax,True,,8,8,10,10
Pt128_t2,KK322,lib2,Volasertib,True,,8,8,10,10
Pt129_t1,KK328,lib2,5-FU,True,,8,8,10,10
Pt129_t1,KK328,lib2,AZD5991,True,,8,8,10,10
Pt129_t1,KK328,lib2,AZD7762,True,,8,8,10,10
Pt129_t1,KK328,lib2,Adavosertib,True,,8,8,10,10
Pt129_t1,KK328,lib2,Afatinib,True,,8,8,10,10
Pt129_t1,KK328,lib2,Alectinib,True,,8,8,10,10
Pt129_t1,KK328,lib2,Alisertib,True,,8,8,10,10
Pt129_t1,KK328,lib2,Atorvastatin,True,,8,8,10,10
Pt129_t1,KK328,lib2,BMS-754807,True,,8,8,10,10
Pt129_t1,KK328,lib2,Bemcentinib,True,,8,8,10,10
Pt129_t1,KK328,lib2,Carfilzomib,True,,8,8,10,10
Pt129_t1,KK328,lib2,Ceralasertib,True,,8,8,10,10
Pt129_t1,KK328,lib2,Cetuximab,True,,5,5,10,10
Pt129_t1,KK328,lib2,Dasatinib,True,,8,8,10,10
Pt129_t1,KK328,lib2,Encorafenib,True,,8,8,10,10
Pt129_t1,KK328,lib2,Everolimus,True,,8,8,10,10
Pt129_t1,KK328,lib2,Gedatolisib,True,,8,8,10,10
Pt129_t1,KK328,lib2,Gemcitabine,True,,8,8,10,10
Pt129_t1,KK328,lib2,Idasanutlin,True,,8,8,10,10
Pt129_t1,KK328,lib2,Idelalisib,True,,8,8,10,10
Pt129_t1,KK328,lib2,LCL161,True,,8,8,10,10
Pt129_t1,KK328,lib2,LGK974,True,,8,8,10,10
Pt129_t1,KK328,lib2,Lapatinib,True,,8,8,10,10
Pt129_t1,KK328,lib2,Larotrectinib,True,,8,8,10,10
Pt129_t1,KK328,lib2,Luminespib,True,,8,8,10,10
Pt129_t1,KK328,lib2,Methotrexate,True,,8,8,10,10
Pt129_t1,KK328,lib2,Napabucasin,True,,8,8,10,10
Pt129_t1,KK328,lib2,Oxaliplatin,True,,8,8,10,10
Pt129_t1,KK328,lib2,Palbociclib,True,,8,8,10,10
Pt129_t1,KK328,lib2,Panobinostat,True,,8,8,10,10
Pt129_t1,KK328,lib2,Pevonedistat,True,,8,8,10,10
Pt129_t1,KK328,lib2,Regorafenib,True,,8,8,10,10
Pt129_t1,KK328,lib2,SN-38,True,,9,9,10,10
Pt129_t1,KK328,lib2,Savolitinib,True,,8,8,10,10
Pt129_t1,KK328,lib2,Selinexor,True,,8,8,10,10
Pt129_t1,KK328,lib2,Silmitasertib,True,,8,8,10,10
Pt129_t1,KK328,lib2,Sotorasib,True,,8,8,10,10
Pt129_t1,KK328,lib2,TAS-102,True,,8,8,10,10
Pt129_t1,KK328,lib2,Talazoparib,True,,8,8,10,10
Pt129_t1,KK328,lib2,Trametinib,True,,8,8,10,10
Pt129_t1,KK328,lib2,Venetoclax,True,,8,8,10,10
Pt129_t1,KK328,lib2,Volasertib,True,,8,8,10,10
Pt129_t2,KK332,lib2,5-FU,False,missing paired plate,8,0,10,0
Pt129_t2,KK332,lib2,AZD5991,False,missing paired plate,8,0,10,0
Pt129_t2,KK332,lib2,AZD7762,False,missing paired plate,8,0,10,0
Pt129_t2,KK332,lib2,Adavosertib,False,missing paired plate,8,0,10,0
Pt129_t2,KK332,lib2,Afatinib,False,missing paired plate,8,0,10,0
Pt129_t2,KK332,lib2,Alectinib,False,missing paired plate,8,0,10,0
Pt129_t2,KK332,lib2,Alisertib,False,missing paired plate,8,0,10,0
Pt129_t2,KK332,lib2,Atorvastatin,False,missing paired plate,8,0,10,0
Pt129_t2,KK332,lib2,BMS-754807,False,missing paired plate,8,0,10,0
Pt129_t2,KK332,lib2,Bemcentinib,False,missing paired plate,8,0,10,0
Pt129_t2,KK332,lib2,Carfilzomib,False,missing paired plate,8,0,10,0
Pt129_t2,KK332,lib2,Ceralasertib,False,missing paired plate,8,0,10,0
Pt129_t2,KK332,lib2,Cetuximab,False,missing paired plate,5,0,10,0
Pt129_t2,KK332,lib2,Dasatinib,False,missing paired plate,8,0,10,0
Pt129_t2,KK332,lib2,Encorafenib,False,missing paired plate,8,0,10,0
Pt129_t2,KK332,lib2,Everolimus,False,missing paired plate,8,0,10,0
Pt129_t2,KK332,lib2,Gedatolisib,False,missing paired plate,8,0,10,0
Pt129_t2,KK332,lib2,Gemcitabine,False,missing paired plate,8,0,10,0
Pt129_t2,KK332,lib2,Idasanutlin,False,missing paired plate,8,0,10,0
Pt129_t2,KK332,lib2,Idelalisib,False,missing paired plate,8,0,10,0
Pt129_t2,KK332,lib2,LCL161,False,missing paired plate,8,0,10,0
Pt129_t2,KK332,lib2,LGK974,False,missing paired plate,8,0,10,0
Pt129_t2,KK332,lib2,Lapatinib,False,missing paired plate,8,0,10,0
Pt129_t2,KK332,lib2,Larotrectinib,False,missing paired plate,8,0,10,0
Pt129_t2,KK332,lib2,Luminespib,False,missing paired plate,8,0,10,0
Pt129_t2,KK332,lib2,Methotrexate,False,missing paired plate,8,0,10,0
Pt129_t2,KK332,lib2,Napabucasin,False,missing paired plate,8,0,10,0
Pt129_t2,KK332,lib2,Oxaliplatin,False,missing paired plate,8,0,10,0
Pt129_t2,KK332,lib2,Palbociclib,False,missing paired plate,8,0,10,0
Pt129_t2,KK332,lib2,Panobinostat,False,missing paired plate,8,0,10,0
Pt129_t2,KK332,lib2,Pevonedistat,False,missing paired plate,8,0,10,0
Pt129_t2,KK332,lib2,Regorafenib,False,missing paired plate,8,0,10,0
Pt129_t2,KK332,lib2,SN-38,False,missing paired plate,9,0,10,0
Pt129_t2,KK332,lib2,Savolitinib,False,missing paired plate,8,0,10,0
Pt129_t2,KK332,lib2,Selinexor,False,missing paired plate,8,0,10,0
Pt129_t2,KK332,lib2,Silmitasertib,False,missing paired plate,8,0,10,0
Pt129_t2,KK332,lib2,Sotorasib,False,missing paired plate,8,0,10,0
Pt129_t2,KK332,lib2,TAS-102,False,missing paired plate,8,0,10,0
Pt129_t2,KK332,lib2,Talazoparib,False,missing paired plate,8,0,10,0
Pt129_t2,KK332,lib2,Trametinib,False,missing paired plate,8,0,10,0
Pt129_t2,KK332,lib2,Venetoclax,False,missing paired plate,8,0,10,0
Pt129_t2,KK332,lib2,Volasertib,False,missing paired plate,8,0,10,0
Pt12_t1,KK83,lib1,2-methoxyestradiol,True,,9,9,13,13
Pt12_t1,KK83,lib1,5-FU,True,,9,9,13,13
Pt12_t1,KK83,lib1,AZD7762,True,,9,9,13,13
Pt12_t1,KK83,lib1,Afatinib,True,,9,9,13,13
Pt12_t1,KK83,lib1,Alisertib,True,,9,9,13,13
Pt12_t1,KK83,lib1,Atorvastatin,True,,9,9,13,13
Pt12_t1,KK83,lib1,Bemcentinib,True,,9,9,13,13
Pt12_t1,KK83,lib1,Binimetinib,True,,9,9,13,13
Pt12_t1,KK83,lib1,Cetuximab,False,fewer than four paired drug doses,2,2,13,13
Pt12_t1,KK83,lib1,Crizotinib,True,,9,9,13,13
Pt12_t1,KK83,lib1,Disulfiram+Cu,True,,5,5,13,13
Pt12_t1,KK83,lib1,Eltanexor,True,,9,9,13,13
Pt12_t1,KK83,lib1,Encorafenib,True,,9,9,13,13
Pt12_t1,KK83,lib1,Erastin,True,,8,8,13,13
Pt12_t1,KK83,lib1,Erlotinib,True,,9,9,13,13
Pt12_t1,KK83,lib1,Gedatolisib,True,,9,9,13,13
Pt12_t1,KK83,lib1,Gemcitabine,True,,9,9,13,13
Pt12_t1,KK83,lib1,Idasanutlin,True,,9,9,13,13
Pt12_t1,KK83,lib1,Ipatasertib,True,,9,9,13,13
Pt12_t1,KK83,lib1,LCL161,True,,5,5,13,13
Pt12_t1,KK83,lib1,LGK974,True,,9,9,13,13
Pt12_t1,KK83,lib1,Lapatinib,True,,9,9,13,13
Pt12_t1,KK83,lib1,Linsitinib,True,,9,9,13,13
Pt12_t1,KK83,lib1,Luminespib,True,,9,9,13,13
Pt12_t1,KK83,lib1,Methotrexate,True,,9,9,13,13
Pt12_t1,KK83,lib1,Napabucasin,True,,9,9,13,13
Pt12_t1,KK83,lib1,Navitoclax,True,,9,9,13,13
Pt12_t1,KK83,lib1,Olaparib,True,,8,8,13,13
Pt12_t1,KK83,lib1,Palbociclib,True,,9,9,13,13
Pt12_t1,KK83,lib1,Panobinostat,True,,9,9,13,13
Pt12_t1,KK83,lib1,Pevonedistat,True,,9,9,13,13
Pt12_t1,KK83,lib1,Regorafenib,True,,9,9,13,13
Pt12_t1,KK83,lib1,SN-38,True,,5,5,13,13
Pt12_t1,KK83,lib1,Sirolimus,True,,8,8,13,13
Pt12_t1,KK83,lib1,TAS-102,True,,9,9,13,13
Pt12_t1,KK83,lib1,Trametinib,True,,9,9,13,13
Pt12_t1,KK83,lib1,Tretinoin,True,,9,9,13,13
Pt12_t1,KK83,lib1,Vitamin C,True,,9,9,13,13
Pt12_t1,KK83,lib1,Volasertib,True,,9,9,13,13
Pt12_t3,KK341,lib2,5-FU,True,,8,8,10,10
Pt12_t3,KK341,lib2,AZD5991,True,,8,8,10,10
Pt12_t3,KK341,lib2,AZD7762,True,,8,8,10,10
Pt12_t3,KK341,lib2,Adavosertib,True,,8,8,10,10
Pt12_t3,KK341,lib2,Afatinib,True,,8,8,10,10
Pt12_t3,KK341,lib2,Alectinib,True,,8,8,10,10
Pt12_t3,KK341,lib2,Alisertib,True,,8,8,10,10
Pt12_t3,KK341,lib2,Atorvastatin,True,,8,8,10,10
Pt12_t3,KK341,lib2,BMS-754807,True,,8,8,10,10
Pt12_t3,KK341,lib2,Bemcentinib,True,,8,8,10,10
Pt12_t3,KK341,lib2,Carfilzomib,True,,8,8,10,10
Pt12_t3,KK341,lib2,Ceralasertib,True,,8,8,10,10
Pt12_t3,KK341,lib2,Cetuximab,True,,5,5,10,10
Pt12_t3,KK341,lib2,Dasatinib,True,,8,8,10,10
Pt12_t3,KK341,lib2,Encorafenib,True,,8,8,10,10
Pt12_t3,KK341,lib2,Everolimus,True,,8,8,10,10
Pt12_t3,KK341,lib2,Gedatolisib,True,,8,8,10,10
Pt12_t3,KK341,lib2,Gemcitabine,True,,8,8,10,10
Pt12_t3,KK341,lib2,Idasanutlin,True,,8,8,10,10
Pt12_t3,KK341,lib2,Idelalisib,True,,8,8,10,10
Pt12_t3,KK341,lib2,LCL161,True,,8,8,10,10
Pt12_t3,KK341,lib2,LGK974,True,,8,8,10,10
Pt12_t3,KK341,lib2,Lapatinib,True,,8,8,10,10
Pt12_t3,KK341,lib2,Larotrectinib,True,,8,8,10,10
Pt12_t3,KK341,lib2,Luminespib,True,,8,8,10,10
Pt12_t3,KK341,lib2,Methotrexate,True,,8,8,10,10
Pt12_t3,KK341,lib2,Napabucasin,True,,8,8,10,10
Pt12_t3,KK341,lib2,Oxaliplatin,True,,8,8,10,10
Pt12_t3,KK341,lib2,Palbociclib,True,,8,8,10,10
Pt12_t3,KK341,lib2,Panobinostat,True,,8,8,10,10
Pt12_t3,KK341,lib2,Pevonedistat,True,,8,8,10,10
Pt12_t3,KK341,lib2,Regorafenib,True,,8,8,10,10
Pt12_t3,KK341,lib2,SN-38,True,,9,9,10,10
Pt12_t3,KK341,lib2,Savolitinib,True,,8,8,10,10
Pt12_t3,KK341,lib2,Selinexor,True,,8,8,10,10
Pt12_t3,KK341,lib2,Silmitasertib,True,,8,8,10,10
Pt12_t3,KK341,lib2,Sotorasib,True,,8,8,10,10
Pt12_t3,KK341,lib2,TAS-102,True,,8,8,10,10
Pt12_t3,KK341,lib2,Talazoparib,True,,8,8,10,10
Pt12_t3,KK341,lib2,Trametinib,True,,8,8,10,10
Pt12_t3,KK341,lib2,Venetoclax,True,,8,8,10,10
Pt12_t3,KK341,lib2,Volasertib,True,,8,8,10,10
Pt12_t3,KK81,lib1,2-methoxyestradiol,True,,9,9,13,13
Pt12_t3,KK81,lib1,5-FU,True,,9,9,13,13
Pt12_t3,KK81,lib1,AZD7762,True,,9,9,13,13
Pt12_t3,KK81,lib1,Afatinib,True,,9,9,13,13
Pt12_t3,KK81,lib1,Alisertib,True,,9,9,13,13
Pt12_t3,KK81,lib1,Atorvastatin,True,,9,9,13,13
Pt12_t3,KK81,lib1,Bemcentinib,True,,9,9,13,13
Pt12_t3,KK81,lib1,Binimetinib,True,,9,9,13,13
Pt12_t3,KK81,lib1,Cetuximab,False,fewer than four paired drug doses,2,2,13,13
Pt12_t3,KK81,lib1,Crizotinib,True,,9,9,13,13
Pt12_t3,KK81,lib1,Disulfiram+Cu,True,,5,5,13,13
Pt12_t3,KK81,lib1,Eltanexor,True,,9,9,13,13
Pt12_t3,KK81,lib1,Encorafenib,True,,9,9,13,13
Pt12_t3,KK81,lib1,Erastin,True,,8,8,13,13
Pt12_t3,KK81,lib1,Erlotinib,True,,9,9,13,13
Pt12_t3,KK81,lib1,Gedatolisib,True,,9,9,13,13
Pt12_t3,KK81,lib1,Gemcitabine,True,,9,9,13,13
Pt12_t3,KK81,lib1,Idasanutlin,True,,9,9,13,13
Pt12_t3,KK81,lib1,Ipatasertib,True,,9,9,13,13
Pt12_t3,KK81,lib1,LCL161,True,,5,5,13,13
Pt12_t3,KK81,lib1,LGK974,True,,9,9,13,13
Pt12_t3,KK81,lib1,Lapatinib,True,,9,9,13,13
Pt12_t3,KK81,lib1,Linsitinib,True,,9,9,13,13
Pt12_t3,KK81,lib1,Luminespib,True,,9,9,13,13
Pt12_t3,KK81,lib1,Methotrexate,True,,9,9,13,13
Pt12_t3,KK81,lib1,Napabucasin,True,,9,9,13,13
Pt12_t3,KK81,lib1,Navitoclax,True,,9,9,13,13
Pt12_t3,KK81,lib1,Olaparib,True,,8,8,13,13
Pt12_t3,KK81,lib1,Palbociclib,True,,9,9,13,13
Pt12_t3,KK81,lib1,Panobinostat,True,,9,9,13,13
Pt12_t3,KK81,lib1,Pevonedistat,True,,9,9,13,13
Pt12_t3,KK81,lib1,Regorafenib,True,,9,9,13,13
Pt12_t3,KK81,lib1,SN-38,True,,5,5,13,13
Pt12_t3,KK81,lib1,Sirolimus,True,,8,8,13,13
Pt12_t3,KK81,lib1,TAS-102,True,,9,9,13,13
Pt12_t3,KK81,lib1,Trametinib,True,,9,9,13,13
Pt12_t3,KK81,lib1,Tretinoin,True,,9,9,13,13
Pt12_t3,KK81,lib1,Vitamin C,True,,9,9,13,13
Pt12_t3,KK81,lib1,Volasertib,True,,9,9,13,13
Pt12_t4,KK82,lib1,2-methoxyestradiol,True,,9,9,13,13
Pt12_t4,KK82,lib1,5-FU,True,,9,9,13,13
Pt12_t4,KK82,lib1,AZD7762,True,,9,9,13,13
Pt12_t4,KK82,lib1,Afatinib,True,,9,9,13,13
Pt12_t4,KK82,lib1,Alisertib,True,,9,9,13,13
Pt12_t4,KK82,lib1,Atorvastatin,True,,9,9,13,13
Pt12_t4,KK82,lib1,Bemcentinib,True,,9,9,13,13
Pt12_t4,KK82,lib1,Binimetinib,True,,9,9,13,13
Pt12_t4,KK82,lib1,Cetuximab,False,fewer than four paired drug doses,2,2,13,13
Pt12_t4,KK82,lib1,Crizotinib,True,,9,9,13,13
Pt12_t4,KK82,lib1,Disulfiram+Cu,True,,5,5,13,13
Pt12_t4,KK82,lib1,Eltanexor,True,,9,9,13,13
Pt12_t4,KK82,lib1,Encorafenib,True,,9,9,13,13
Pt12_t4,KK82,lib1,Erastin,True,,8,8,13,13
Pt12_t4,KK82,lib1,Erlotinib,True,,9,9,13,13
Pt12_t4,KK82,lib1,Gedatolisib,True,,9,9,13,13
Pt12_t4,KK82,lib1,Gemcitabine,True,,9,9,13,13
Pt12_t4,KK82,lib1,Idasanutlin,True,,9,9,13,13
Pt12_t4,KK82,lib1,Ipatasertib,True,,9,9,13,13
Pt12_t4,KK82,lib1,LCL161,True,,5,5,13,13
Pt12_t4,KK82,lib1,LGK974,True,,9,9,13,13
Pt12_t4,KK82,lib1,Lapatinib,True,,9,9,13,13
Pt12_t4,KK82,lib1,Linsitinib,True,,9,9,13,13
Pt12_t4,KK82,lib1,Luminespib,True,,9,9,13,13
Pt12_t4,KK82,lib1,Methotrexate,True,,9,9,13,13
Pt12_t4,KK82,lib1,Napabucasin,True,,9,9,13,13
Pt12_t4,KK82,lib1,Navitoclax,True,,9,9,13,13
Pt12_t4,KK82,lib1,Olaparib,True,,8,8,13,13
Pt12_t4,KK82,lib1,Palbociclib,True,,9,9,13,13
Pt12_t4,KK82,lib1,Panobinostat,True,,9,9,13,13
Pt12_t4,KK82,lib1,Pevonedistat,True,,9,9,13,13
Pt12_t4,KK82,lib1,Regorafenib,True,,9,9,13,13
Pt12_t4,KK82,lib1,SN-38,True,,5,5,13,13
Pt12_t4,KK82,lib1,Sirolimus,True,,8,8,13,13
Pt12_t4,KK82,lib1,TAS-102,True,,9,9,13,13
Pt12_t4,KK82,lib1,Trametinib,True,,9,9,13,13
Pt12_t4,KK82,lib1,Tretinoin,True,,9,9,13,13
Pt12_t4,KK82,lib1,Vitamin C,True,,9,9,13,13
Pt12_t4,KK82,lib1,Volasertib,True,,9,9,13,13
Pt134_t1,KK333,lib2,5-FU,True,,8,8,10,10
Pt134_t1,KK333,lib2,AZD5991,True,,8,8,10,10
Pt134_t1,KK333,lib2,AZD7762,True,,8,8,10,10
Pt134_t1,KK333,lib2,Adavosertib,True,,8,8,10,10
Pt134_t1,KK333,lib2,Afatinib,True,,8,8,10,10
Pt134_t1,KK333,lib2,Alectinib,True,,8,8,10,10
Pt134_t1,KK333,lib2,Alisertib,True,,8,8,10,10
Pt134_t1,KK333,lib2,Atorvastatin,True,,8,8,10,10
Pt134_t1,KK333,lib2,BMS-754807,True,,8,8,10,10
Pt134_t1,KK333,lib2,Bemcentinib,True,,8,8,10,10
Pt134_t1,KK333,lib2,Carfilzomib,True,,8,8,10,10
Pt134_t1,KK333,lib2,Ceralasertib,True,,8,8,10,10
Pt134_t1,KK333,lib2,Cetuximab,True,,5,5,10,10
Pt134_t1,KK333,lib2,Dasatinib,True,,8,8,10,10
Pt134_t1,KK333,lib2,Encorafenib,True,,8,8,10,10
Pt134_t1,KK333,lib2,Everolimus,True,,8,8,10,10
Pt134_t1,KK333,lib2,Gedatolisib,True,,8,8,10,10
Pt134_t1,KK333,lib2,Gemcitabine,True,,8,8,10,10
Pt134_t1,KK333,lib2,Idasanutlin,True,,8,8,10,10
Pt134_t1,KK333,lib2,Idelalisib,True,,8,8,10,10
Pt134_t1,KK333,lib2,LCL161,True,,8,8,10,10
Pt134_t1,KK333,lib2,LGK974,True,,8,8,10,10
Pt134_t1,KK333,lib2,Lapatinib,True,,8,8,10,10
Pt134_t1,KK333,lib2,Larotrectinib,True,,8,8,10,10
Pt134_t1,KK333,lib2,Luminespib,True,,8,8,10,10
Pt134_t1,KK333,lib2,Methotrexate,True,,8,8,10,10
Pt134_t1,KK333,lib2,Napabucasin,True,,8,8,10,10
Pt134_t1,KK333,lib2,Oxaliplatin,True,,8,8,10,10
Pt134_t1,KK333,lib2,Palbociclib,True,,8,8,10,10
Pt134_t1,KK333,lib2,Panobinostat,True,,8,8,10,10
Pt134_t1,KK333,lib2,Pevonedistat,True,,8,8,10,10
Pt134_t1,KK333,lib2,Regorafenib,True,,8,8,10,10
Pt134_t1,KK333,lib2,SN-38,True,,9,9,10,10
Pt134_t1,KK333,lib2,Savolitinib,True,,8,8,10,10
Pt134_t1,KK333,lib2,Selinexor,True,,8,8,10,10
Pt134_t1,KK333,lib2,Silmitasertib,True,,8,8,10,10
Pt134_t1,KK333,lib2,Sotorasib,True,,8,8,10,10
Pt134_t1,KK333,lib2,TAS-102,True,,8,8,10,10
Pt134_t1,KK333,lib2,Talazoparib,True,,8,8,10,10
Pt134_t1,KK333,lib2,Trametinib,True,,8,8,10,10
Pt134_t1,KK333,lib2,Venetoclax,True,,8,8,10,10
Pt134_t1,KK333,lib2,Volasertib,True,,8,8,10,10
Pt134_t2,KK335,lib2,5-FU,True,,8,8,10,10
Pt134_t2,KK335,lib2,AZD5991,True,,8,8,10,10
Pt134_t2,KK335,lib2,AZD7762,True,,8,8,10,10
Pt134_t2,KK335,lib2,Adavosertib,True,,8,8,10,10
Pt134_t2,KK335,lib2,Afatinib,True,,8,8,10,10
Pt134_t2,KK335,lib2,Alectinib,True,,8,8,10,10
Pt134_t2,KK335,lib2,Alisertib,True,,8,8,10,10
Pt134_t2,KK335,lib2,Atorvastatin,True,,8,8,10,10
Pt134_t2,KK335,lib2,BMS-754807,True,,8,8,10,10
Pt134_t2,KK335,lib2,Bemcentinib,True,,8,8,10,10
Pt134_t2,KK335,lib2,Carfilzomib,True,,8,8,10,10
Pt134_t2,KK335,lib2,Ceralasertib,True,,8,8,10,10
Pt134_t2,KK335,lib2,Cetuximab,True,,5,5,10,10
Pt134_t2,KK335,lib2,Dasatinib,True,,8,8,10,10
Pt134_t2,KK335,lib2,Encorafenib,True,,8,8,10,10
Pt134_t2,KK335,lib2,Everolimus,True,,8,8,10,10
Pt134_t2,KK335,lib2,Gedatolisib,True,,8,8,10,10
Pt134_t2,KK335,lib2,Gemcitabine,True,,8,8,10,10
Pt134_t2,KK335,lib2,Idasanutlin,True,,8,8,10,10
Pt134_t2,KK335,lib2,Idelalisib,True,,8,8,10,10
Pt134_t2,KK335,lib2,LCL161,True,,8,8,10,10
Pt134_t2,KK335,lib2,LGK974,True,,8,8,10,10
Pt134_t2,KK335,lib2,Lapatinib,True,,8,8,10,10
Pt134_t2,KK335,lib2,Larotrectinib,True,,8,8,10,10
Pt134_t2,KK335,lib2,Luminespib,True,,8,8,10,10
Pt134_t2,KK335,lib2,Methotrexate,True,,8,8,10,10
Pt134_t2,KK335,lib2,Napabucasin,True,,8,8,10,10
Pt134_t2,KK335,lib2,Oxaliplatin,True,,8,8,10,10
Pt134_t2,KK335,lib2,Palbociclib,True,,8,8,10,10
Pt134_t2,KK335,lib2,Panobinostat,True,,8,8,10,10
Pt134_t2,KK335,lib2,Pevonedistat,True,,8,8,10,10
Pt134_t2,KK335,lib2,Regorafenib,True,,8,8,10,10
Pt134_t2,KK335,lib2,SN-38,True,,9,9,10,10
Pt134_t2,KK335,lib2,Savolitinib,True,,8,8,10,10
Pt134_t2,KK335,lib2,Selinexor,True,,8,8,10,10
Pt134_t2,KK335,lib2,Silmitasertib,True,,8,8,10,10
Pt134_t2,KK335,lib2,Sotorasib,True,,8,8,10,10
Pt134_t2,KK335,lib2,TAS-102,True,,8,8,10,10
Pt134_t2,KK335,lib2,Talazoparib,True,,8,8,10,10
Pt134_t2,KK335,lib2,Trametinib,True,,8,8,10,10
Pt134_t2,KK335,lib2,Venetoclax,True,,8,8,10,10
Pt134_t2,KK335,lib2,Volasertib,True,,8,8,10,10
Pt134_t3,KK344,lib2,5-FU,True,,8,8,10,10
Pt134_t3,KK344,lib2,AZD5991,True,,8,8,10,10
Pt134_t3,KK344,lib2,AZD7762,True,,8,8,10,10
Pt134_t3,KK344,lib2,Adavosertib,True,,8,8,10,10
Pt134_t3,KK344,lib2,Afatinib,True,,8,8,10,10
Pt134_t3,KK344,lib2,Alectinib,True,,8,8,10,10
Pt134_t3,KK344,lib2,Alisertib,True,,8,8,10,10
Pt134_t3,KK344,lib2,Atorvastatin,True,,8,8,10,10
Pt134_t3,KK344,lib2,BMS-754807,True,,8,8,10,10
Pt134_t3,KK344,lib2,Bemcentinib,True,,8,8,10,10
Pt134_t3,KK344,lib2,Carfilzomib,True,,8,8,10,10
Pt134_t3,KK344,lib2,Ceralasertib,True,,8,8,10,10
Pt134_t3,KK344,lib2,Cetuximab,True,,5,5,10,10
Pt134_t3,KK344,lib2,Dasatinib,True,,8,8,10,10
Pt134_t3,KK344,lib2,Encorafenib,True,,8,8,10,10
Pt134_t3,KK344,lib2,Everolimus,True,,8,8,10,10
Pt134_t3,KK344,lib2,Gedatolisib,True,,8,8,10,10
Pt134_t3,KK344,lib2,Gemcitabine,True,,8,8,10,10
Pt134_t3,KK344,lib2,Idasanutlin,True,,8,8,10,10
Pt134_t3,KK344,lib2,Idelalisib,True,,8,8,10,10
Pt134_t3,KK344,lib2,LCL161,True,,8,8,10,10
Pt134_t3,KK344,lib2,LGK974,True,,8,8,10,10
Pt134_t3,KK344,lib2,Lapatinib,True,,8,8,10,10
Pt134_t3,KK344,lib2,Larotrectinib,True,,8,8,10,10
Pt134_t3,KK344,lib2,Luminespib,True,,8,8,10,10
Pt134_t3,KK344,lib2,Methotrexate,True,,8,8,10,10
Pt134_t3,KK344,lib2,Napabucasin,True,,8,8,10,10
Pt134_t3,KK344,lib2,Oxaliplatin,True,,8,8,10,10
Pt134_t3,KK344,lib2,Palbociclib,True,,8,8,10,10
Pt134_t3,KK344,lib2,Panobinostat,True,,8,8,10,10
Pt134_t3,KK344,lib2,Pevonedistat,True,,8,8,10,10
Pt134_t3,KK344,lib2,Regorafenib,True,,8,8,10,10
Pt134_t3,KK344,lib2,SN-38,True,,9,9,10,10
Pt134_t3,KK344,lib2,Savolitinib,True,,8,8,10,10
Pt134_t3,KK344,lib2,Selinexor,True,,8,8,10,10
Pt134_t3,KK344,lib2,Silmitasertib,True,,8,8,10,10
Pt134_t3,KK344,lib2,Sotorasib,True,,8,8,10,10
Pt134_t3,KK344,lib2,TAS-102,True,,8,8,10,10
Pt134_t3,KK344,lib2,Talazoparib,True,,8,8,10,10
Pt134_t3,KK344,lib2,Trametinib,True,,8,8,10,10
Pt134_t3,KK344,lib2,Venetoclax,True,,8,8,10,10
Pt134_t3,KK344,lib2,Volasertib,True,,8,8,10,10
Pt134_t4,KK348,lib2,5-FU,True,,8,8,10,10
Pt134_t4,KK348,lib2,AZD5991,True,,8,8,10,10
Pt134_t4,KK348,lib2,AZD7762,True,,8,8,10,10
Pt134_t4,KK348,lib2,Adavosertib,True,,8,8,10,10
Pt134_t4,KK348,lib2,Afatinib,True,,8,8,10,10
Pt134_t4,KK348,lib2,Alectinib,True,,8,8,10,10
Pt134_t4,KK348,lib2,Alisertib,True,,8,8,10,10
Pt134_t4,KK348,lib2,Atorvastatin,True,,8,8,10,10
Pt134_t4,KK348,lib2,BMS-754807,True,,8,8,10,10
Pt134_t4,KK348,lib2,Bemcentinib,True,,8,8,10,10
Pt134_t4,KK348,lib2,Carfilzomib,True,,8,8,10,10
Pt134_t4,KK348,lib2,Ceralasertib,True,,8,8,10,10
Pt134_t4,KK348,lib2,Cetuximab,True,,5,5,10,10
Pt134_t4,KK348,lib2,Dasatinib,True,,8,8,10,10
Pt134_t4,KK348,lib2,Encorafenib,True,,8,8,10,10
Pt134_t4,KK348,lib2,Everolimus,True,,8,8,10,10
Pt134_t4,KK348,lib2,Gedatolisib,True,,8,8,10,10
Pt134_t4,KK348,lib2,Gemcitabine,True,,8,8,10,10
Pt134_t4,KK348,lib2,Idasanutlin,True,,8,8,10,10
Pt134_t4,KK348,lib2,Idelalisib,True,,8,8,10,10
Pt134_t4,KK348,lib2,LCL161,True,,8,8,10,10
Pt134_t4,KK348,lib2,LGK974,True,,8,8,10,10
Pt134_t4,KK348,lib2,Lapatinib,True,,8,8,10,10
Pt134_t4,KK348,lib2,Larotrectinib,True,,8,8,10,10
Pt134_t4,KK348,lib2,Luminespib,True,,8,8,10,10
Pt134_t4,KK348,lib2,Methotrexate,True,,8,8,10,10
Pt134_t4,KK348,lib2,Napabucasin,True,,8,8,10,10
Pt134_t4,KK348,lib2,Oxaliplatin,True,,8,8,10,10
Pt134_t4,KK348,lib2,Palbociclib,True,,8,8,10,10
Pt134_t4,KK348,lib2,Panobinostat,True,,8,8,10,10
Pt134_t4,KK348,lib2,Pevonedistat,True,,8,8,10,10
Pt134_t4,KK348,lib2,Regorafenib,True,,8,8,10,10
Pt134_t4,KK348,lib2,SN-38,True,,9,9,10,10
Pt134_t4,KK348,lib2,Savolitinib,True,,8,8,10,10
Pt134_t4,KK348,lib2,Selinexor,True,,8,8,10,10
Pt134_t4,KK348,lib2,Silmitasertib,True,,8,8,10,10
Pt134_t4,KK348,lib2,Sotorasib,True,,8,8,10,10
Pt134_t4,KK348,lib2,TAS-102,True,,8,8,10,10
Pt134_t4,KK348,lib2,Talazoparib,True,,8,8,10,10
Pt134_t4,KK348,lib2,Trametinib,True,,8,8,10,10
Pt134_t4,KK348,lib2,Venetoclax,True,,8,8,10,10
Pt134_t4,KK348,lib2,Volasertib,True,,8,8,10,10
Pt134_t5,KK345,lib2,5-FU,True,,8,8,10,10
Pt134_t5,KK345,lib2,AZD5991,True,,8,8,10,10
Pt134_t5,KK345,lib2,AZD7762,True,,8,8,10,10
Pt134_t5,KK345,lib2,Adavosertib,True,,8,8,10,10
Pt134_t5,KK345,lib2,Afatinib,True,,8,8,10,10
Pt134_t5,KK345,lib2,Alectinib,True,,8,8,10,10
Pt134_t5,KK345,lib2,Alisertib,True,,8,8,10,10
Pt134_t5,KK345,lib2,Atorvastatin,True,,8,8,10,10
Pt134_t5,KK345,lib2,BMS-754807,True,,8,8,10,10
Pt134_t5,KK345,lib2,Bemcentinib,True,,8,8,10,10
Pt134_t5,KK345,lib2,Carfilzomib,True,,8,8,10,10
Pt134_t5,KK345,lib2,Ceralasertib,True,,8,8,10,10
Pt134_t5,KK345,lib2,Cetuximab,True,,5,5,10,10
Pt134_t5,KK345,lib2,Dasatinib,True,,8,8,10,10
Pt134_t5,KK345,lib2,Encorafenib,True,,8,8,10,10
Pt134_t5,KK345,lib2,Everolimus,True,,8,8,10,10
Pt134_t5,KK345,lib2,Gedatolisib,True,,8,8,10,10
Pt134_t5,KK345,lib2,Gemcitabine,True,,8,8,10,10
Pt134_t5,KK345,lib2,Idasanutlin,True,,8,8,10,10
Pt134_t5,KK345,lib2,Idelalisib,True,,8,8,10,10
Pt134_t5,KK345,lib2,LCL161,True,,8,8,10,10
Pt134_t5,KK345,lib2,LGK974,True,,8,8,10,10
Pt134_t5,KK345,lib2,Lapatinib,True,,8,8,10,10
Pt134_t5,KK345,lib2,Larotrectinib,True,,8,8,10,10
Pt134_t5,KK345,lib2,Luminespib,True,,8,8,10,10
Pt134_t5,KK345,lib2,Methotrexate,True,,8,8,10,10
Pt134_t5,KK345,lib2,Napabucasin,True,,8,8,10,10
Pt134_t5,KK345,lib2,Oxaliplatin,True,,8,8,10,10
Pt134_t5,KK345,lib2,Palbociclib,True,,8,8,10,10
Pt134_t5,KK345,lib2,Panobinostat,True,,8,8,10,10
Pt134_t5,KK345,lib2,Pevonedistat,True,,8,8,10,10
Pt134_t5,KK345,lib2,Regorafenib,True,,8,8,10,10
Pt134_t5,KK345,lib2,SN-38,True,,9,9,10,10
Pt134_t5,KK345,lib2,Savolitinib,True,,8,8,10,10
Pt134_t5,KK345,lib2,Selinexor,True,,8,8,10,10
Pt134_t5,KK345,lib2,Silmitasertib,True,,8,8,10,10
Pt134_t5,KK345,lib2,Sotorasib,True,,8,8,10,10
Pt134_t5,KK345,lib2,TAS-102,True,,8,8,10,10
Pt134_t5,KK345,lib2,Talazoparib,True,,8,8,10,10
Pt134_t5,KK345,lib2,Trametinib,True,,8,8,10,10
Pt134_t5,KK345,lib2,Venetoclax,True,,8,8,10,10
Pt134_t5,KK345,lib2,Volasertib,True,,8,8,10,10
Pt137.2_t1,KK366,lib2,5-FU,False,plate dose supports differ,8,5,10,10
Pt137.2_t1,KK366,lib2,AZD5991,False,plate dose supports differ,8,5,10,10
Pt137.2_t1,KK366,lib2,AZD7762,False,plate dose supports differ,8,5,10,10
Pt137.2_t1,KK366,lib2,Adavosertib,False,plate dose supports differ,8,5,10,10
Pt137.2_t1,KK366,lib2,Afatinib,False,plate dose supports differ,8,5,10,10
Pt137.2_t1,KK366,lib2,Alectinib,False,plate dose supports differ,8,5,10,10
Pt137.2_t1,KK366,lib2,Alisertib,False,plate dose supports differ,8,5,10,10
Pt137.2_t1,KK366,lib2,Atorvastatin,False,plate dose supports differ,8,5,10,10
Pt137.2_t1,KK366,lib2,BMS-754807,False,plate dose supports differ,8,5,10,10
Pt137.2_t1,KK366,lib2,Bemcentinib,False,plate dose supports differ,8,5,10,10
Pt137.2_t1,KK366,lib2,Carfilzomib,False,plate dose supports differ,8,5,10,10
Pt137.2_t1,KK366,lib2,Ceralasertib,False,plate dose supports differ,8,5,10,10
Pt137.2_t1,KK366,lib2,Cetuximab,True,,5,5,10,10
Pt137.2_t1,KK366,lib2,Dasatinib,False,plate dose supports differ,8,5,10,10
Pt137.2_t1,KK366,lib2,Encorafenib,False,plate dose supports differ,8,5,10,10
Pt137.2_t1,KK366,lib2,Everolimus,False,plate dose supports differ,8,5,10,10
Pt137.2_t1,KK366,lib2,Gedatolisib,False,plate dose supports differ,8,5,10,10
Pt137.2_t1,KK366,lib2,Gemcitabine,False,plate dose supports differ,8,5,10,10
Pt137.2_t1,KK366,lib2,Idasanutlin,False,plate dose supports differ,8,5,10,10
Pt137.2_t1,KK366,lib2,Idelalisib,False,plate dose supports differ,8,5,10,10
Pt137.2_t1,KK366,lib2,LCL161,False,plate dose supports differ,8,5,10,10
Pt137.2_t1,KK366,lib2,LGK974,False,plate dose supports differ,8,5,10,10
Pt137.2_t1,KK366,lib2,Lapatinib,False,plate dose supports differ,8,5,10,10
Pt137.2_t1,KK366,lib2,Larotrectinib,False,plate dose supports differ,8,5,10,10
Pt137.2_t1,KK366,lib2,Luminespib,False,plate dose supports differ,8,5,10,10
Pt137.2_t1,KK366,lib2,Methotrexate,False,plate dose supports differ,8,5,10,10
Pt137.2_t1,KK366,lib2,Napabucasin,False,plate dose supports differ,8,5,10,10
Pt137.2_t1,KK366,lib2,Oxaliplatin,False,plate dose supports differ,8,5,10,10
Pt137.2_t1,KK366,lib2,Palbociclib,False,plate dose supports differ,8,5,10,10
Pt137.2_t1,KK366,lib2,Panobinostat,False,plate dose supports differ,8,5,10,10
Pt137.2_t1,KK366,lib2,Pevonedistat,False,plate dose supports differ,8,5,10,10
Pt137.2_t1,KK366,lib2,Regorafenib,False,plate dose supports differ,8,5,10,10
Pt137.2_t1,KK366,lib2,SN-38,False,plate dose supports differ,9,5,10,10
Pt137.2_t1,KK366,lib2,Savolitinib,False,plate dose supports differ,8,5,10,10
Pt137.2_t1,KK366,lib2,Selinexor,False,plate dose supports differ,8,5,10,10
Pt137.2_t1,KK366,lib2,Silmitasertib,False,plate dose supports differ,8,5,10,10
Pt137.2_t1,KK366,lib2,Sotorasib,False,plate dose supports differ,8,5,10,10
Pt137.2_t1,KK366,lib2,TAS-102,False,plate dose supports differ,8,5,10,10
Pt137.2_t1,KK366,lib2,Talazoparib,False,plate dose supports differ,8,5,10,10
Pt137.2_t1,KK366,lib2,Trametinib,False,plate dose supports differ,8,5,10,10
Pt137.2_t1,KK366,lib2,Venetoclax,False,plate dose supports differ,8,5,10,10
Pt137.2_t1,KK366,lib2,Volasertib,False,plate dose supports differ,8,5,10,10
Pt137_t3,KK329,lib2,5-FU,True,,8,8,10,10
Pt137_t3,KK329,lib2,AZD5991,True,,8,8,10,10
Pt137_t3,KK329,lib2,AZD7762,True,,8,8,10,10
Pt137_t3,KK329,lib2,Adavosertib,True,,8,8,10,10
Pt137_t3,KK329,lib2,Afatinib,True,,8,8,10,10
Pt137_t3,KK329,lib2,Alectinib,True,,8,8,10,10
Pt137_t3,KK329,lib2,Alisertib,True,,8,8,10,10
Pt137_t3,KK329,lib2,Atorvastatin,True,,8,8,10,10
Pt137_t3,KK329,lib2,BMS-754807,True,,8,8,10,10
Pt137_t3,KK329,lib2,Bemcentinib,True,,8,8,10,10
Pt137_t3,KK329,lib2,Carfilzomib,True,,8,8,10,10
Pt137_t3,KK329,lib2,Ceralasertib,True,,8,8,10,10
Pt137_t3,KK329,lib2,Cetuximab,True,,5,5,10,10
Pt137_t3,KK329,lib2,Dasatinib,True,,8,8,10,10
Pt137_t3,KK329,lib2,Encorafenib,True,,8,8,10,10
Pt137_t3,KK329,lib2,Everolimus,True,,8,8,10,10
Pt137_t3,KK329,lib2,Gedatolisib,True,,8,8,10,10
Pt137_t3,KK329,lib2,Gemcitabine,True,,8,8,10,10
Pt137_t3,KK329,lib2,Idasanutlin,True,,8,8,10,10
Pt137_t3,KK329,lib2,Idelalisib,True,,8,8,10,10
Pt137_t3,KK329,lib2,LCL161,True,,8,8,10,10
Pt137_t3,KK329,lib2,LGK974,True,,8,8,10,10
Pt137_t3,KK329,lib2,Lapatinib,True,,8,8,10,10
Pt137_t3,KK329,lib2,Larotrectinib,True,,8,8,10,10
Pt137_t3,KK329,lib2,Luminespib,True,,8,8,10,10
Pt137_t3,KK329,lib2,Methotrexate,True,,8,8,10,10
Pt137_t3,KK329,lib2,Napabucasin,True,,8,8,10,10
Pt137_t3,KK329,lib2,Oxaliplatin,True,,8,8,10,10
Pt137_t3,KK329,lib2,Palbociclib,True,,8,8,10,10
Pt137_t3,KK329,lib2,Panobinostat,True,,8,8,10,10
Pt137_t3,KK329,lib2,Pevonedistat,True,,8,8,10,10
Pt137_t3,KK329,lib2,Regorafenib,True,,8,8,10,10
Pt137_t3,KK329,lib2,SN-38,True,,9,9,10,10
Pt137_t3,KK329,lib2,Savolitinib,True,,8,8,10,10
Pt137_t3,KK329,lib2,Selinexor,True,,8,8,10,10
Pt137_t3,KK329,lib2,Silmitasertib,True,,8,8,10,10
Pt137_t3,KK329,lib2,Sotorasib,True,,8,8,10,10
Pt137_t3,KK329,lib2,TAS-102,True,,8,8,10,10
Pt137_t3,KK329,lib2,Talazoparib,True,,8,8,10,10
Pt137_t3,KK329,lib2,Trametinib,True,,8,8,10,10
Pt137_t3,KK329,lib2,Venetoclax,True,,8,8,10,10
Pt137_t3,KK329,lib2,Volasertib,True,,8,8,10,10
Pt137_t4,KK330,lib2,5-FU,True,,8,8,10,10
Pt137_t4,KK330,lib2,AZD5991,True,,8,8,10,10
Pt137_t4,KK330,lib2,AZD7762,True,,8,8,10,10
Pt137_t4,KK330,lib2,Adavosertib,True,,8,8,10,10
Pt137_t4,KK330,lib2,Afatinib,True,,8,8,10,10
Pt137_t4,KK330,lib2,Alectinib,True,,8,8,10,10
Pt137_t4,KK330,lib2,Alisertib,True,,8,8,10,10
Pt137_t4,KK330,lib2,Atorvastatin,True,,8,8,10,10
Pt137_t4,KK330,lib2,BMS-754807,True,,8,8,10,10
Pt137_t4,KK330,lib2,Bemcentinib,True,,8,8,10,10
Pt137_t4,KK330,lib2,Carfilzomib,True,,8,8,10,10
Pt137_t4,KK330,lib2,Ceralasertib,True,,8,8,10,10
Pt137_t4,KK330,lib2,Cetuximab,True,,5,5,10,10
Pt137_t4,KK330,lib2,Dasatinib,True,,8,8,10,10
Pt137_t4,KK330,lib2,Encorafenib,True,,8,8,10,10
Pt137_t4,KK330,lib2,Everolimus,True,,8,8,10,10
Pt137_t4,KK330,lib2,Gedatolisib,True,,8,8,10,10
Pt137_t4,KK330,lib2,Gemcitabine,True,,8,8,10,10
Pt137_t4,KK330,lib2,Idasanutlin,True,,8,8,10,10
Pt137_t4,KK330,lib2,Idelalisib,True,,8,8,10,10
Pt137_t4,KK330,lib2,LCL161,True,,8,8,10,10
Pt137_t4,KK330,lib2,LGK974,True,,8,8,10,10
Pt137_t4,KK330,lib2,Lapatinib,True,,8,8,10,10
Pt137_t4,KK330,lib2,Larotrectinib,True,,8,8,10,10
Pt137_t4,KK330,lib2,Luminespib,True,,8,8,10,10
Pt137_t4,KK330,lib2,Methotrexate,True,,8,8,10,10
Pt137_t4,KK330,lib2,Napabucasin,True,,8,8,10,10
Pt137_t4,KK330,lib2,Oxaliplatin,True,,8,8,10,10
Pt137_t4,KK330,lib2,Palbociclib,True,,8,8,10,10
Pt137_t4,KK330,lib2,Panobinostat,True,,8,8,10,10
Pt137_t4,KK330,lib2,Pevonedistat,True,,8,8,10,10
Pt137_t4,KK330,lib2,Regorafenib,True,,8,8,10,10
Pt137_t4,KK330,lib2,SN-38,True,,9,9,10,10
Pt137_t4,KK330,lib2,Savolitinib,True,,8,8,10,10
Pt137_t4,KK330,lib2,Selinexor,True,,8,8,10,10
Pt137_t4,KK330,lib2,Silmitasertib,True,,8,8,10,10
Pt137_t4,KK330,lib2,Sotorasib,True,,8,8,10,10
Pt137_t4,KK330,lib2,TAS-102,True,,8,8,10,10
Pt137_t4,KK330,lib2,Talazoparib,True,,8,8,10,10
Pt137_t4,KK330,lib2,Trametinib,True,,8,8,10,10
Pt137_t4,KK330,lib2,Venetoclax,True,,8,8,10,10
Pt137_t4,KK330,lib2,Volasertib,True,,8,8,10,10
Pt137_t5,KK331,lib2,5-FU,True,,8,8,10,10
Pt137_t5,KK331,lib2,AZD5991,True,,8,8,10,10
Pt137_t5,KK331,lib2,AZD7762,True,,8,8,10,10
Pt137_t5,KK331,lib2,Adavosertib,True,,8,8,10,10
Pt137_t5,KK331,lib2,Afatinib,True,,8,8,10,10
Pt137_t5,KK331,lib2,Alectinib,True,,8,8,10,10
Pt137_t5,KK331,lib2,Alisertib,True,,8,8,10,10
Pt137_t5,KK331,lib2,Atorvastatin,True,,8,8,10,10
Pt137_t5,KK331,lib2,BMS-754807,True,,8,8,10,10
Pt137_t5,KK331,lib2,Bemcentinib,True,,8,8,10,10
Pt137_t5,KK331,lib2,Carfilzomib,True,,8,8,10,10
Pt137_t5,KK331,lib2,Ceralasertib,True,,8,8,10,10
Pt137_t5,KK331,lib2,Cetuximab,True,,5,5,10,10
Pt137_t5,KK331,lib2,Dasatinib,True,,8,8,10,10
Pt137_t5,KK331,lib2,Encorafenib,True,,8,8,10,10
Pt137_t5,KK331,lib2,Everolimus,True,,8,8,10,10
Pt137_t5,KK331,lib2,Gedatolisib,True,,8,8,10,10
Pt137_t5,KK331,lib2,Gemcitabine,True,,8,8,10,10
Pt137_t5,KK331,lib2,Idasanutlin,True,,8,8,10,10
Pt137_t5,KK331,lib2,Idelalisib,True,,8,8,10,10
Pt137_t5,KK331,lib2,LCL161,True,,8,8,10,10
Pt137_t5,KK331,lib2,LGK974,True,,8,8,10,10
Pt137_t5,KK331,lib2,Lapatinib,True,,8,8,10,10
Pt137_t5,KK331,lib2,Larotrectinib,True,,8,8,10,10
Pt137_t5,KK331,lib2,Luminespib,True,,8,8,10,10
Pt137_t5,KK331,lib2,Methotrexate,True,,8,8,10,10
Pt137_t5,KK331,lib2,Napabucasin,True,,8,8,10,10
Pt137_t5,KK331,lib2,Oxaliplatin,True,,8,8,10,10
Pt137_t5,KK331,lib2,Palbociclib,True,,8,8,10,10
Pt137_t5,KK331,lib2,Panobinostat,True,,8,8,10,10
Pt137_t5,KK331,lib2,Pevonedistat,True,,8,8,10,10
Pt137_t5,KK331,lib2,Regorafenib,True,,8,8,10,10
Pt137_t5,KK331,lib2,SN-38,True,,9,9,10,10
Pt137_t5,KK331,lib2,Savolitinib,True,,8,8,10,10
Pt137_t5,KK331,lib2,Selinexor,True,,8,8,10,10
Pt137_t5,KK331,lib2,Silmitasertib,True,,8,8,10,10
Pt137_t5,KK331,lib2,Sotorasib,True,,8,8,10,10
Pt137_t5,KK331,lib2,TAS-102,True,,8,8,10,10
Pt137_t5,KK331,lib2,Talazoparib,True,,8,8,10,10
Pt137_t5,KK331,lib2,Trametinib,True,,8,8,10,10
Pt137_t5,KK331,lib2,Venetoclax,True,,8,8,10,10
Pt137_t5,KK331,lib2,Volasertib,True,,8,8,10,10
Pt13_t1,KK102,lib1,2-methoxyestradiol,True,,9,9,13,13
Pt13_t1,KK102,lib1,5-FU,True,,9,9,13,13
Pt13_t1,KK102,lib1,AZD7762,True,,9,9,13,13
Pt13_t1,KK102,lib1,Afatinib,True,,9,9,13,13
Pt13_t1,KK102,lib1,Alisertib,True,,9,9,13,13
Pt13_t1,KK102,lib1,Atorvastatin,True,,9,9,13,13
Pt13_t1,KK102,lib1,Bemcentinib,True,,9,9,13,13
Pt13_t1,KK102,lib1,Binimetinib,True,,9,9,13,13
Pt13_t1,KK102,lib1,Cetuximab,False,fewer than four paired drug doses,2,2,13,13
Pt13_t1,KK102,lib1,Crizotinib,True,,9,9,13,13
Pt13_t1,KK102,lib1,Disulfiram+Cu,True,,5,5,13,13
Pt13_t1,KK102,lib1,Eltanexor,True,,9,9,13,13
Pt13_t1,KK102,lib1,Encorafenib,True,,9,9,13,13
Pt13_t1,KK102,lib1,Erastin,True,,8,8,13,13
Pt13_t1,KK102,lib1,Erlotinib,True,,9,9,13,13
Pt13_t1,KK102,lib1,Gedatolisib,True,,9,9,13,13
Pt13_t1,KK102,lib1,Gemcitabine,True,,9,9,13,13
Pt13_t1,KK102,lib1,Idasanutlin,True,,9,9,13,13
Pt13_t1,KK102,lib1,Ipatasertib,True,,9,9,13,13
Pt13_t1,KK102,lib1,LCL161,True,,5,5,13,13
Pt13_t1,KK102,lib1,LGK974,True,,9,9,13,13
Pt13_t1,KK102,lib1,Lapatinib,True,,9,9,13,13
Pt13_t1,KK102,lib1,Linsitinib,True,,9,9,13,13
Pt13_t1,KK102,lib1,Luminespib,True,,9,9,13,13
Pt13_t1,KK102,lib1,Methotrexate,True,,9,9,13,13
Pt13_t1,KK102,lib1,Napabucasin,True,,9,9,13,13
Pt13_t1,KK102,lib1,Navitoclax,True,,9,9,13,13
Pt13_t1,KK102,lib1,Olaparib,True,,8,8,13,13
Pt13_t1,KK102,lib1,Palbociclib,True,,9,9,13,13
Pt13_t1,KK102,lib1,Panobinostat,True,,9,9,13,13
Pt13_t1,KK102,lib1,Pevonedistat,True,,9,9,13,13
Pt13_t1,KK102,lib1,Regorafenib,True,,9,9,13,13
Pt13_t1,KK102,lib1,SN-38,True,,5,5,13,13
Pt13_t1,KK102,lib1,Sirolimus,True,,8,8,13,13
Pt13_t1,KK102,lib1,TAS-102,True,,9,9,13,13
Pt13_t1,KK102,lib1,Trametinib,True,,9,9,13,13
Pt13_t1,KK102,lib1,Tretinoin,True,,9,9,13,13
Pt13_t1,KK102,lib1,Vitamin C,True,,9,9,13,13
Pt13_t1,KK102,lib1,Volasertib,True,,9,9,13,13
Pt142_t1,KK364,lib2,5-FU,False,plate dose supports differ,8,5,10,10
Pt142_t1,KK364,lib2,AZD5991,False,plate dose supports differ,8,5,10,10
Pt142_t1,KK364,lib2,AZD7762,False,plate dose supports differ,8,5,10,10
Pt142_t1,KK364,lib2,Adavosertib,False,plate dose supports differ,8,5,10,10
Pt142_t1,KK364,lib2,Afatinib,False,plate dose supports differ,8,5,10,10
Pt142_t1,KK364,lib2,Alectinib,False,plate dose supports differ,8,5,10,10
Pt142_t1,KK364,lib2,Alisertib,False,plate dose supports differ,8,5,10,10
Pt142_t1,KK364,lib2,Atorvastatin,False,plate dose supports differ,8,5,10,10
Pt142_t1,KK364,lib2,BMS-754807,False,plate dose supports differ,8,5,10,10
Pt142_t1,KK364,lib2,Bemcentinib,False,plate dose supports differ,8,5,10,10
Pt142_t1,KK364,lib2,Carfilzomib,False,plate dose supports differ,8,5,10,10
Pt142_t1,KK364,lib2,Ceralasertib,False,plate dose supports differ,8,5,10,10
Pt142_t1,KK364,lib2,Cetuximab,True,,5,5,10,10
Pt142_t1,KK364,lib2,Dasatinib,False,plate dose supports differ,8,5,10,10
Pt142_t1,KK364,lib2,Encorafenib,False,plate dose supports differ,8,5,10,10
Pt142_t1,KK364,lib2,Everolimus,False,plate dose supports differ,8,5,10,10
Pt142_t1,KK364,lib2,Gedatolisib,False,plate dose supports differ,8,5,10,10
Pt142_t1,KK364,lib2,Gemcitabine,False,plate dose supports differ,8,5,10,10
Pt142_t1,KK364,lib2,Idasanutlin,False,plate dose supports differ,8,5,10,10
Pt142_t1,KK364,lib2,Idelalisib,False,plate dose supports differ,8,5,10,10
Pt142_t1,KK364,lib2,LCL161,False,plate dose supports differ,8,5,10,10
Pt142_t1,KK364,lib2,LGK974,False,plate dose supports differ,8,5,10,10
Pt142_t1,KK364,lib2,Lapatinib,False,plate dose supports differ,8,5,10,10
Pt142_t1,KK364,lib2,Larotrectinib,False,plate dose supports differ,8,5,10,10
Pt142_t1,KK364,lib2,Luminespib,False,plate dose supports differ,8,5,10,10
Pt142_t1,KK364,lib2,Methotrexate,False,plate dose supports differ,8,5,10,10
Pt142_t1,KK364,lib2,Napabucasin,False,plate dose supports differ,8,5,10,10
Pt142_t1,KK364,lib2,Oxaliplatin,False,plate dose supports differ,8,5,10,10
Pt142_t1,KK364,lib2,Palbociclib,False,plate dose supports differ,8,5,10,10
Pt142_t1,KK364,lib2,Panobinostat,False,plate dose supports differ,8,5,10,10
Pt142_t1,KK364,lib2,Pevonedistat,False,plate dose supports differ,8,5,10,10
Pt142_t1,KK364,lib2,Regorafenib,False,plate dose supports differ,8,5,10,10
Pt142_t1,KK364,lib2,SN-38,False,plate dose supports differ,9,5,10,10
Pt142_t1,KK364,lib2,Savolitinib,False,plate dose supports differ,8,5,10,10
Pt142_t1,KK364,lib2,Selinexor,False,plate dose supports differ,8,5,10,10
Pt142_t1,KK364,lib2,Silmitasertib,False,plate dose supports differ,8,5,10,10
Pt142_t1,KK364,lib2,Sotorasib,False,plate dose supports differ,8,5,10,10
Pt142_t1,KK364,lib2,TAS-102,False,plate dose supports differ,8,5,10,10
Pt142_t1,KK364,lib2,Talazoparib,False,plate dose supports differ,8,5,10,10
Pt142_t1,KK364,lib2,Trametinib,False,plate dose supports differ,8,5,10,10
Pt142_t1,KK364,lib2,Venetoclax,False,plate dose supports differ,8,5,10,10
Pt142_t1,KK364,lib2,Volasertib,False,plate dose supports differ,8,5,10,10
Pt143_t1,KK342,lib2,5-FU,True,,8,8,10,10
Pt143_t1,KK342,lib2,AZD5991,True,,8,8,10,10
Pt143_t1,KK342,lib2,AZD7762,True,,8,8,10,10
Pt143_t1,KK342,lib2,Adavosertib,True,,8,8,10,10
Pt143_t1,KK342,lib2,Afatinib,True,,8,8,10,10
Pt143_t1,KK342,lib2,Alectinib,True,,8,8,10,10
Pt143_t1,KK342,lib2,Alisertib,True,,8,8,10,10
Pt143_t1,KK342,lib2,Atorvastatin,True,,8,8,10,10
Pt143_t1,KK342,lib2,BMS-754807,True,,8,8,10,10
Pt143_t1,KK342,lib2,Bemcentinib,True,,8,8,10,10
Pt143_t1,KK342,lib2,Carfilzomib,True,,8,8,10,10
Pt143_t1,KK342,lib2,Ceralasertib,True,,8,8,10,10
Pt143_t1,KK342,lib2,Cetuximab,True,,5,5,10,10
Pt143_t1,KK342,lib2,Dasatinib,True,,8,8,10,10
Pt143_t1,KK342,lib2,Encorafenib,True,,8,8,10,10
Pt143_t1,KK342,lib2,Everolimus,True,,8,8,10,10
Pt143_t1,KK342,lib2,Gedatolisib,True,,8,8,10,10
Pt143_t1,KK342,lib2,Gemcitabine,True,,8,8,10,10
Pt143_t1,KK342,lib2,Idasanutlin,True,,8,8,10,10
Pt143_t1,KK342,lib2,Idelalisib,True,,8,8,10,10
Pt143_t1,KK342,lib2,LCL161,True,,8,8,10,10
Pt143_t1,KK342,lib2,LGK974,True,,8,8,10,10
Pt143_t1,KK342,lib2,Lapatinib,True,,8,8,10,10
Pt143_t1,KK342,lib2,Larotrectinib,True,,8,8,10,10
Pt143_t1,KK342,lib2,Luminespib,True,,8,8,10,10
Pt143_t1,KK342,lib2,Methotrexate,True,,8,8,10,10
Pt143_t1,KK342,lib2,Napabucasin,True,,8,8,10,10
Pt143_t1,KK342,lib2,Oxaliplatin,True,,8,8,10,10
Pt143_t1,KK342,lib2,Palbociclib,True,,8,8,10,10
Pt143_t1,KK342,lib2,Panobinostat,True,,8,8,10,10
Pt143_t1,KK342,lib2,Pevonedistat,True,,8,8,10,10
Pt143_t1,KK342,lib2,Regorafenib,True,,8,8,10,10
Pt143_t1,KK342,lib2,SN-38,True,,9,9,10,10
Pt143_t1,KK342,lib2,Savolitinib,True,,8,8,10,10
Pt143_t1,KK342,lib2,Selinexor,True,,8,8,10,10
Pt143_t1,KK342,lib2,Silmitasertib,True,,8,8,10,10
Pt143_t1,KK342,lib2,Sotorasib,True,,8,8,10,10
Pt143_t1,KK342,lib2,TAS-102,True,,8,8,10,10
Pt143_t1,KK342,lib2,Talazoparib,True,,8,8,10,10
Pt143_t1,KK342,lib2,Trametinib,True,,8,8,10,10
Pt143_t1,KK342,lib2,Venetoclax,True,,8,8,10,10
Pt143_t1,KK342,lib2,Volasertib,True,,8,8,10,10
Pt143_t2,KK343,lib2,5-FU,True,,8,8,10,10
Pt143_t2,KK343,lib2,AZD5991,True,,8,8,10,10
Pt143_t2,KK343,lib2,AZD7762,True,,8,8,10,10
Pt143_t2,KK343,lib2,Adavosertib,True,,8,8,10,10
Pt143_t2,KK343,lib2,Afatinib,True,,8,8,10,10
Pt143_t2,KK343,lib2,Alectinib,True,,8,8,10,10
Pt143_t2,KK343,lib2,Alisertib,True,,8,8,10,10
Pt143_t2,KK343,lib2,Atorvastatin,True,,8,8,10,10
Pt143_t2,KK343,lib2,BMS-754807,True,,8,8,10,10
Pt143_t2,KK343,lib2,Bemcentinib,True,,8,8,10,10
Pt143_t2,KK343,lib2,Carfilzomib,True,,8,8,10,10
Pt143_t2,KK343,lib2,Ceralasertib,True,,8,8,10,10
Pt143_t2,KK343,lib2,Cetuximab,True,,5,5,10,10
Pt143_t2,KK343,lib2,Dasatinib,True,,8,8,10,10
Pt143_t2,KK343,lib2,Encorafenib,True,,8,8,10,10
Pt143_t2,KK343,lib2,Everolimus,True,,8,8,10,10
Pt143_t2,KK343,lib2,Gedatolisib,True,,8,8,10,10
Pt143_t2,KK343,lib2,Gemcitabine,True,,8,8,10,10
Pt143_t2,KK343,lib2,Idasanutlin,True,,8,8,10,10
Pt143_t2,KK343,lib2,Idelalisib,True,,8,8,10,10
Pt143_t2,KK343,lib2,LCL161,True,,8,8,10,10
Pt143_t2,KK343,lib2,LGK974,True,,8,8,10,10
Pt143_t2,KK343,lib2,Lapatinib,True,,8,8,10,10
Pt143_t2,KK343,lib2,Larotrectinib,True,,8,8,10,10
Pt143_t2,KK343,lib2,Luminespib,True,,8,8,10,10
Pt143_t2,KK343,lib2,Methotrexate,True,,8,8,10,10
Pt143_t2,KK343,lib2,Napabucasin,True,,8,8,10,10
Pt143_t2,KK343,lib2,Oxaliplatin,True,,8,8,10,10
Pt143_t2,KK343,lib2,Palbociclib,True,,8,8,10,10
Pt143_t2,KK343,lib2,Panobinostat,True,,8,8,10,10
Pt143_t2,KK343,lib2,Pevonedistat,True,,8,8,10,10
Pt143_t2,KK343,lib2,Regorafenib,True,,8,8,10,10
Pt143_t2,KK343,lib2,SN-38,True,,9,9,10,10
Pt143_t2,KK343,lib2,Savolitinib,True,,8,8,10,10
Pt143_t2,KK343,lib2,Selinexor,True,,8,8,10,10
Pt143_t2,KK343,lib2,Silmitasertib,True,,8,8,10,10
Pt143_t2,KK343,lib2,Sotorasib,True,,8,8,10,10
Pt143_t2,KK343,lib2,TAS-102,True,,8,8,10,10
Pt143_t2,KK343,lib2,Talazoparib,True,,8,8,10,10
Pt143_t2,KK343,lib2,Trametinib,True,,8,8,10,10
Pt143_t2,KK343,lib2,Venetoclax,True,,8,8,10,10
Pt143_t2,KK343,lib2,Volasertib,True,,8,8,10,10
Pt144_t1,KK340,lib2,5-FU,True,,8,8,10,10
Pt144_t1,KK340,lib2,AZD5991,True,,8,8,10,10
Pt144_t1,KK340,lib2,AZD7762,True,,8,8,10,10
Pt144_t1,KK340,lib2,Adavosertib,True,,8,8,10,10
Pt144_t1,KK340,lib2,Afatinib,True,,8,8,10,10
Pt144_t1,KK340,lib2,Alectinib,True,,8,8,10,10
Pt144_t1,KK340,lib2,Alisertib,True,,8,8,10,10
Pt144_t1,KK340,lib2,Atorvastatin,True,,8,8,10,10
Pt144_t1,KK340,lib2,BMS-754807,True,,8,8,10,10
Pt144_t1,KK340,lib2,Bemcentinib,True,,8,8,10,10
Pt144_t1,KK340,lib2,Carfilzomib,True,,8,8,10,10
Pt144_t1,KK340,lib2,Ceralasertib,True,,8,8,10,10
Pt144_t1,KK340,lib2,Cetuximab,True,,5,5,10,10
Pt144_t1,KK340,lib2,Dasatinib,True,,8,8,10,10
Pt144_t1,KK340,lib2,Encorafenib,True,,8,8,10,10
Pt144_t1,KK340,lib2,Everolimus,True,,8,8,10,10
Pt144_t1,KK340,lib2,Gedatolisib,True,,8,8,10,10
Pt144_t1,KK340,lib2,Gemcitabine,True,,8,8,10,10
Pt144_t1,KK340,lib2,Idasanutlin,True,,8,8,10,10
Pt144_t1,KK340,lib2,Idelalisib,True,,8,8,10,10
Pt144_t1,KK340,lib2,LCL161,True,,8,8,10,10
Pt144_t1,KK340,lib2,LGK974,True,,8,8,10,10
Pt144_t1,KK340,lib2,Lapatinib,True,,8,8,10,10
Pt144_t1,KK340,lib2,Larotrectinib,True,,8,8,10,10
Pt144_t1,KK340,lib2,Luminespib,True,,8,8,10,10
Pt144_t1,KK340,lib2,Methotrexate,True,,8,8,10,10
Pt144_t1,KK340,lib2,Napabucasin,True,,8,8,10,10
Pt144_t1,KK340,lib2,Oxaliplatin,True,,8,8,10,10
Pt144_t1,KK340,lib2,Palbociclib,True,,8,8,10,10
Pt144_t1,KK340,lib2,Panobinostat,True,,8,8,10,10
Pt144_t1,KK340,lib2,Pevonedistat,True,,8,8,10,10
Pt144_t1,KK340,lib2,Regorafenib,True,,8,8,10,10
Pt144_t1,KK340,lib2,SN-38,True,,9,9,10,10
Pt144_t1,KK340,lib2,Savolitinib,True,,8,8,10,10
Pt144_t1,KK340,lib2,Selinexor,True,,8,8,10,10
Pt144_t1,KK340,lib2,Silmitasertib,True,,8,8,10,10
Pt144_t1,KK340,lib2,Sotorasib,True,,8,8,10,10
Pt144_t1,KK340,lib2,TAS-102,True,,8,8,10,10
Pt144_t1,KK340,lib2,Talazoparib,True,,8,8,10,10
Pt144_t1,KK340,lib2,Trametinib,True,,8,8,10,10
Pt144_t1,KK340,lib2,Venetoclax,True,,8,8,10,10
Pt144_t1,KK340,lib2,Volasertib,True,,8,8,10,10
Pt144_t2,KK339,lib2,5-FU,True,,8,8,10,10
Pt144_t2,KK339,lib2,AZD5991,True,,8,8,10,10
Pt144_t2,KK339,lib2,AZD7762,True,,8,8,10,10
Pt144_t2,KK339,lib2,Adavosertib,True,,8,8,10,10
Pt144_t2,KK339,lib2,Afatinib,True,,8,8,10,10
Pt144_t2,KK339,lib2,Alectinib,True,,8,8,10,10
Pt144_t2,KK339,lib2,Alisertib,True,,8,8,10,10
Pt144_t2,KK339,lib2,Atorvastatin,True,,8,8,10,10
Pt144_t2,KK339,lib2,BMS-754807,True,,8,8,10,10
Pt144_t2,KK339,lib2,Bemcentinib,True,,8,8,10,10
Pt144_t2,KK339,lib2,Carfilzomib,True,,8,8,10,10
Pt144_t2,KK339,lib2,Ceralasertib,True,,8,8,10,10
Pt144_t2,KK339,lib2,Cetuximab,True,,5,5,10,10
Pt144_t2,KK339,lib2,Dasatinib,True,,8,8,10,10
Pt144_t2,KK339,lib2,Encorafenib,True,,8,8,10,10
Pt144_t2,KK339,lib2,Everolimus,True,,8,8,10,10
Pt144_t2,KK339,lib2,Gedatolisib,True,,8,8,10,10
Pt144_t2,KK339,lib2,Gemcitabine,True,,8,8,10,10
Pt144_t2,KK339,lib2,Idasanutlin,True,,8,8,10,10
Pt144_t2,KK339,lib2,Idelalisib,True,,8,8,10,10
Pt144_t2,KK339,lib2,LCL161,True,,8,8,10,10
Pt144_t2,KK339,lib2,LGK974,True,,8,8,10,10
Pt144_t2,KK339,lib2,Lapatinib,True,,8,8,10,10
Pt144_t2,KK339,lib2,Larotrectinib,True,,8,8,10,10
Pt144_t2,KK339,lib2,Luminespib,True,,8,8,10,10
Pt144_t2,KK339,lib2,Methotrexate,True,,8,8,10,10
Pt144_t2,KK339,lib2,Napabucasin,True,,8,8,10,10
Pt144_t2,KK339,lib2,Oxaliplatin,True,,8,8,10,10
Pt144_t2,KK339,lib2,Palbociclib,True,,8,8,10,10
Pt144_t2,KK339,lib2,Panobinostat,True,,8,8,10,10
Pt144_t2,KK339,lib2,Pevonedistat,True,,8,8,10,10
Pt144_t2,KK339,lib2,Regorafenib,True,,8,8,10,10
Pt144_t2,KK339,lib2,SN-38,True,,9,9,10,10
Pt144_t2,KK339,lib2,Savolitinib,True,,8,8,10,10
Pt144_t2,KK339,lib2,Selinexor,True,,8,8,10,10
Pt144_t2,KK339,lib2,Silmitasertib,True,,8,8,10,10
Pt144_t2,KK339,lib2,Sotorasib,True,,8,8,10,10
Pt144_t2,KK339,lib2,TAS-102,True,,8,8,10,10
Pt144_t2,KK339,lib2,Talazoparib,True,,8,8,10,10
Pt144_t2,KK339,lib2,Trametinib,True,,8,8,10,10
Pt144_t2,KK339,lib2,Venetoclax,True,,8,8,10,10
Pt144_t2,KK339,lib2,Volasertib,True,,8,8,10,10
Pt148_t2,KK346,lib2,5-FU,True,,8,8,10,10
Pt148_t2,KK346,lib2,AZD5991,True,,8,8,10,10
Pt148_t2,KK346,lib2,AZD7762,True,,8,8,10,10
Pt148_t2,KK346,lib2,Adavosertib,True,,8,8,10,10
Pt148_t2,KK346,lib2,Afatinib,True,,8,8,10,10
Pt148_t2,KK346,lib2,Alectinib,True,,8,8,10,10
Pt148_t2,KK346,lib2,Alisertib,True,,8,8,10,10
Pt148_t2,KK346,lib2,Atorvastatin,True,,8,8,10,10
Pt148_t2,KK346,lib2,BMS-754807,True,,8,8,10,10
Pt148_t2,KK346,lib2,Bemcentinib,True,,8,8,10,10
Pt148_t2,KK346,lib2,Carfilzomib,True,,8,8,10,10
Pt148_t2,KK346,lib2,Ceralasertib,True,,8,8,10,10
Pt148_t2,KK346,lib2,Cetuximab,True,,5,5,10,10
Pt148_t2,KK346,lib2,Dasatinib,True,,8,8,10,10
Pt148_t2,KK346,lib2,Encorafenib,True,,8,8,10,10
Pt148_t2,KK346,lib2,Everolimus,True,,8,8,10,10
Pt148_t2,KK346,lib2,Gedatolisib,True,,8,8,10,10
Pt148_t2,KK346,lib2,Gemcitabine,True,,8,8,10,10
Pt148_t2,KK346,lib2,Idasanutlin,True,,8,8,10,10
Pt148_t2,KK346,lib2,Idelalisib,True,,8,8,10,10
Pt148_t2,KK346,lib2,LCL161,True,,8,8,10,10
Pt148_t2,KK346,lib2,LGK974,True,,8,8,10,10
Pt148_t2,KK346,lib2,Lapatinib,True,,8,8,10,10
Pt148_t2,KK346,lib2,Larotrectinib,True,,8,8,10,10
Pt148_t2,KK346,lib2,Luminespib,True,,8,8,10,10
Pt148_t2,KK346,lib2,Methotrexate,True,,8,8,10,10
Pt148_t2,KK346,lib2,Napabucasin,True,,8,8,10,10
Pt148_t2,KK346,lib2,Oxaliplatin,True,,8,8,10,10
Pt148_t2,KK346,lib2,Palbociclib,True,,8,8,10,10
Pt148_t2,KK346,lib2,Panobinostat,True,,8,8,10,10
Pt148_t2,KK346,lib2,Pevonedistat,True,,8,8,10,10
Pt148_t2,KK346,lib2,Regorafenib,True,,8,8,10,10
Pt148_t2,KK346,lib2,SN-38,True,,9,9,10,10
Pt148_t2,KK346,lib2,Savolitinib,True,,8,8,10,10
Pt148_t2,KK346,lib2,Selinexor,True,,8,8,10,10
Pt148_t2,KK346,lib2,Silmitasertib,True,,8,8,10,10
Pt148_t2,KK346,lib2,Sotorasib,True,,8,8,10,10
Pt148_t2,KK346,lib2,TAS-102,True,,8,8,10,10
Pt148_t2,KK346,lib2,Talazoparib,True,,8,8,10,10
Pt148_t2,KK346,lib2,Trametinib,True,,8,8,10,10
Pt148_t2,KK346,lib2,Venetoclax,True,,8,8,10,10
Pt148_t2,KK346,lib2,Volasertib,True,,8,8,10,10
Pt149_t1,KK363,lib2,5-FU,False,plate dose supports differ,8,5,10,10
Pt149_t1,KK363,lib2,AZD5991,False,plate dose supports differ,8,5,10,10
Pt149_t1,KK363,lib2,AZD7762,False,plate dose supports differ,8,5,10,10
Pt149_t1,KK363,lib2,Adavosertib,False,plate dose supports differ,8,5,10,10
Pt149_t1,KK363,lib2,Afatinib,False,plate dose supports differ,8,5,10,10
Pt149_t1,KK363,lib2,Alectinib,False,plate dose supports differ,8,5,10,10
Pt149_t1,KK363,lib2,Alisertib,False,plate dose supports differ,8,5,10,10
Pt149_t1,KK363,lib2,Atorvastatin,False,plate dose supports differ,8,5,10,10
Pt149_t1,KK363,lib2,BMS-754807,False,plate dose supports differ,8,5,10,10
Pt149_t1,KK363,lib2,Bemcentinib,False,plate dose supports differ,8,5,10,10
Pt149_t1,KK363,lib2,Carfilzomib,False,plate dose supports differ,8,5,10,10
Pt149_t1,KK363,lib2,Ceralasertib,False,plate dose supports differ,8,5,10,10
Pt149_t1,KK363,lib2,Cetuximab,True,,5,5,10,10
Pt149_t1,KK363,lib2,Dasatinib,False,plate dose supports differ,8,5,10,10
Pt149_t1,KK363,lib2,Encorafenib,False,plate dose supports differ,8,5,10,10
Pt149_t1,KK363,lib2,Everolimus,False,plate dose supports differ,8,5,10,10
Pt149_t1,KK363,lib2,Gedatolisib,False,plate dose supports differ,8,5,10,10
Pt149_t1,KK363,lib2,Gemcitabine,False,plate dose supports differ,8,5,10,10
Pt149_t1,KK363,lib2,Idasanutlin,False,plate dose supports differ,8,5,10,10
Pt149_t1,KK363,lib2,Idelalisib,False,plate dose supports differ,8,5,10,10
Pt149_t1,KK363,lib2,LCL161,False,plate dose supports differ,8,5,10,10
Pt149_t1,KK363,lib2,LGK974,False,plate dose supports differ,8,5,10,10
Pt149_t1,KK363,lib2,Lapatinib,False,plate dose supports differ,8,5,10,10
Pt149_t1,KK363,lib2,Larotrectinib,False,plate dose supports differ,8,5,10,10
Pt149_t1,KK363,lib2,Luminespib,False,plate dose supports differ,8,5,10,10
Pt149_t1,KK363,lib2,Methotrexate,False,plate dose supports differ,8,5,10,10
Pt149_t1,KK363,lib2,Napabucasin,False,plate dose supports differ,8,5,10,10
Pt149_t1,KK363,lib2,Oxaliplatin,False,plate dose supports differ,8,5,10,10
Pt149_t1,KK363,lib2,Palbociclib,False,plate dose supports differ,8,5,10,10
Pt149_t1,KK363,lib2,Panobinostat,False,plate dose supports differ,8,5,10,10
Pt149_t1,KK363,lib2,Pevonedistat,False,plate dose supports differ,8,5,10,10
Pt149_t1,KK363,lib2,Regorafenib,False,plate dose supports differ,8,5,10,10
Pt149_t1,KK363,lib2,SN-38,False,plate dose supports differ,9,5,10,10
Pt149_t1,KK363,lib2,Savolitinib,False,plate dose supports differ,8,5,10,10
Pt149_t1,KK363,lib2,Selinexor,False,plate dose supports differ,8,5,10,10
Pt149_t1,KK363,lib2,Silmitasertib,False,plate dose supports differ,8,5,10,10
Pt149_t1,KK363,lib2,Sotorasib,False,plate dose supports differ,8,5,10,10
Pt149_t1,KK363,lib2,TAS-102,False,plate dose supports differ,8,5,10,10
Pt149_t1,KK363,lib2,Talazoparib,False,plate dose supports differ,8,5,10,10
Pt149_t1,KK363,lib2,Trametinib,False,plate dose supports differ,8,5,10,10
Pt149_t1,KK363,lib2,Venetoclax,False,plate dose supports differ,8,5,10,10
Pt149_t1,KK363,lib2,Volasertib,False,plate dose supports differ,8,5,10,10
Pt151_t1,KK352,lib2,5-FU,True,,8,8,10,10
Pt151_t1,KK352,lib2,AZD5991,True,,8,8,10,10
Pt151_t1,KK352,lib2,AZD7762,True,,8,8,10,10
Pt151_t1,KK352,lib2,Adavosertib,True,,8,8,10,10
Pt151_t1,KK352,lib2,Afatinib,True,,8,8,10,10
Pt151_t1,KK352,lib2,Alectinib,True,,8,8,10,10
Pt151_t1,KK352,lib2,Alisertib,True,,8,8,10,10
Pt151_t1,KK352,lib2,Atorvastatin,True,,8,8,10,10
Pt151_t1,KK352,lib2,BMS-754807,True,,8,8,10,10
Pt151_t1,KK352,lib2,Bemcentinib,True,,8,8,10,10
Pt151_t1,KK352,lib2,Carfilzomib,True,,8,8,10,10
Pt151_t1,KK352,lib2,Ceralasertib,True,,8,8,10,10
Pt151_t1,KK352,lib2,Cetuximab,True,,5,5,10,10
Pt151_t1,KK352,lib2,Dasatinib,True,,8,8,10,10
Pt151_t1,KK352,lib2,Encorafenib,True,,8,8,10,10
Pt151_t1,KK352,lib2,Everolimus,True,,8,8,10,10
Pt151_t1,KK352,lib2,Gedatolisib,True,,8,8,10,10
Pt151_t1,KK352,lib2,Gemcitabine,True,,8,8,10,10
Pt151_t1,KK352,lib2,Idasanutlin,True,,8,8,10,10
Pt151_t1,KK352,lib2,Idelalisib,True,,8,8,10,10
Pt151_t1,KK352,lib2,LCL161,True,,8,8,10,10
Pt151_t1,KK352,lib2,LGK974,True,,8,8,10,10
Pt151_t1,KK352,lib2,Lapatinib,True,,8,8,10,10
Pt151_t1,KK352,lib2,Larotrectinib,True,,8,8,10,10
Pt151_t1,KK352,lib2,Luminespib,True,,8,8,10,10
Pt151_t1,KK352,lib2,Methotrexate,True,,8,8,10,10
Pt151_t1,KK352,lib2,Napabucasin,True,,8,8,10,10
Pt151_t1,KK352,lib2,Oxaliplatin,True,,8,8,10,10
Pt151_t1,KK352,lib2,Palbociclib,True,,8,8,10,10
Pt151_t1,KK352,lib2,Panobinostat,True,,8,8,10,10
Pt151_t1,KK352,lib2,Pevonedistat,True,,8,8,10,10
Pt151_t1,KK352,lib2,Regorafenib,True,,8,8,10,10
Pt151_t1,KK352,lib2,SN-38,True,,9,9,10,10
Pt151_t1,KK352,lib2,Savolitinib,True,,8,8,10,10
Pt151_t1,KK352,lib2,Selinexor,True,,8,8,10,10
Pt151_t1,KK352,lib2,Silmitasertib,True,,8,8,10,10
Pt151_t1,KK352,lib2,Sotorasib,True,,8,8,10,10
Pt151_t1,KK352,lib2,TAS-102,True,,8,8,10,10
Pt151_t1,KK352,lib2,Talazoparib,True,,8,8,10,10
Pt151_t1,KK352,lib2,Trametinib,True,,8,8,10,10
Pt151_t1,KK352,lib2,Venetoclax,True,,8,8,10,10
Pt151_t1,KK352,lib2,Volasertib,True,,8,8,10,10
Pt151_t2,KK347,lib2,5-FU,True,,8,8,10,10
Pt151_t2,KK347,lib2,AZD5991,True,,8,8,10,10
Pt151_t2,KK347,lib2,AZD7762,True,,8,8,10,10
Pt151_t2,KK347,lib2,Adavosertib,True,,8,8,10,10
Pt151_t2,KK347,lib2,Afatinib,True,,8,8,10,10
Pt151_t2,KK347,lib2,Alectinib,True,,8,8,10,10
Pt151_t2,KK347,lib2,Alisertib,True,,8,8,10,10
Pt151_t2,KK347,lib2,Atorvastatin,True,,8,8,10,10
Pt151_t2,KK347,lib2,BMS-754807,True,,8,8,10,10
Pt151_t2,KK347,lib2,Bemcentinib,True,,8,8,10,10
Pt151_t2,KK347,lib2,Carfilzomib,True,,8,8,10,10
Pt151_t2,KK347,lib2,Ceralasertib,True,,8,8,10,10
Pt151_t2,KK347,lib2,Cetuximab,True,,5,5,10,10
Pt151_t2,KK347,lib2,Dasatinib,True,,8,8,10,10
Pt151_t2,KK347,lib2,Encorafenib,True,,8,8,10,10
Pt151_t2,KK347,lib2,Everolimus,True,,8,8,10,10
Pt151_t2,KK347,lib2,Gedatolisib,True,,8,8,10,10
Pt151_t2,KK347,lib2,Gemcitabine,True,,8,8,10,10
Pt151_t2,KK347,lib2,Idasanutlin,True,,8,8,10,10
Pt151_t2,KK347,lib2,Idelalisib,True,,8,8,10,10
Pt151_t2,KK347,lib2,LCL161,True,,8,8,10,10
Pt151_t2,KK347,lib2,LGK974,True,,8,8,10,10
Pt151_t2,KK347,lib2,Lapatinib,True,,8,8,10,10
Pt151_t2,KK347,lib2,Larotrectinib,True,,8,8,10,10
Pt151_t2,KK347,lib2,Luminespib,True,,8,8,10,10
Pt151_t2,KK347,lib2,Methotrexate,True,,8,8,10,10
Pt151_t2,KK347,lib2,Napabucasin,True,,8,8,10,10
Pt151_t2,KK347,lib2,Oxaliplatin,True,,8,8,10,10
Pt151_t2,KK347,lib2,Palbociclib,True,,8,8,10,10
Pt151_t2,KK347,lib2,Panobinostat,True,,8,8,10,10
Pt151_t2,KK347,lib2,Pevonedistat,True,,8,8,10,10
Pt151_t2,KK347,lib2,Regorafenib,True,,8,8,10,10
Pt151_t2,KK347,lib2,SN-38,True,,9,9,10,10
Pt151_t2,KK347,lib2,Savolitinib,True,,8,8,10,10
Pt151_t2,KK347,lib2,Selinexor,True,,8,8,10,10
Pt151_t2,KK347,lib2,Silmitasertib,True,,8,8,10,10
Pt151_t2,KK347,lib2,Sotorasib,True,,8,8,10,10
Pt151_t2,KK347,lib2,TAS-102,True,,8,8,10,10
Pt151_t2,KK347,lib2,Talazoparib,True,,8,8,10,10
Pt151_t2,KK347,lib2,Trametinib,True,,8,8,10,10
Pt151_t2,KK347,lib2,Venetoclax,True,,8,8,10,10
Pt151_t2,KK347,lib2,Volasertib,True,,8,8,10,10
Pt15_t3,KK100,lib1,2-methoxyestradiol,True,,9,9,13,13
Pt15_t3,KK100,lib1,5-FU,True,,9,9,13,13
Pt15_t3,KK100,lib1,AZD7762,True,,9,9,13,13
Pt15_t3,KK100,lib1,Afatinib,True,,9,9,13,13
Pt15_t3,KK100,lib1,Alisertib,True,,9,9,13,13
Pt15_t3,KK100,lib1,Atorvastatin,True,,9,9,13,13
Pt15_t3,KK100,lib1,Bemcentinib,True,,9,9,13,13
Pt15_t3,KK100,lib1,Binimetinib,True,,9,9,13,13
Pt15_t3,KK100,lib1,Cetuximab,False,fewer than four paired drug doses,2,2,13,13
Pt15_t3,KK100,lib1,Crizotinib,True,,9,9,13,13
Pt15_t3,KK100,lib1,Disulfiram+Cu,True,,5,5,13,13
Pt15_t3,KK100,lib1,Eltanexor,True,,9,9,13,13
Pt15_t3,KK100,lib1,Encorafenib,True,,9,9,13,13
Pt15_t3,KK100,lib1,Erastin,True,,8,8,13,13
Pt15_t3,KK100,lib1,Erlotinib,True,,9,9,13,13
Pt15_t3,KK100,lib1,Gedatolisib,True,,9,9,13,13
Pt15_t3,KK100,lib1,Gemcitabine,True,,9,9,13,13
Pt15_t3,KK100,lib1,Idasanutlin,True,,9,9,13,13
Pt15_t3,KK100,lib1,Ipatasertib,True,,9,9,13,13
Pt15_t3,KK100,lib1,LCL161,True,,5,5,13,13
Pt15_t3,KK100,lib1,LGK974,True,,9,9,13,13
Pt15_t3,KK100,lib1,Lapatinib,True,,9,9,13,13
Pt15_t3,KK100,lib1,Linsitinib,True,,9,9,13,13
Pt15_t3,KK100,lib1,Luminespib,True,,9,9,13,13
Pt15_t3,KK100,lib1,Methotrexate,True,,9,9,13,13
Pt15_t3,KK100,lib1,Napabucasin,True,,9,9,13,13
Pt15_t3,KK100,lib1,Navitoclax,True,,9,9,13,13
Pt15_t3,KK100,lib1,Olaparib,True,,8,8,13,13
Pt15_t3,KK100,lib1,Palbociclib,True,,9,9,13,13
Pt15_t3,KK100,lib1,Panobinostat,True,,9,9,13,13
Pt15_t3,KK100,lib1,Pevonedistat,True,,9,9,13,13
Pt15_t3,KK100,lib1,Regorafenib,True,,9,9,13,13
Pt15_t3,KK100,lib1,SN-38,True,,5,5,13,13
Pt15_t3,KK100,lib1,Sirolimus,True,,8,8,13,13
Pt15_t3,KK100,lib1,TAS-102,True,,9,9,13,13
Pt15_t3,KK100,lib1,Trametinib,True,,9,9,13,13
Pt15_t3,KK100,lib1,Tretinoin,True,,9,9,13,13
Pt15_t3,KK100,lib1,Vitamin C,True,,9,9,13,13
Pt15_t3,KK100,lib1,Volasertib,True,,9,9,13,13
Pt15_t3,KK237,lib2,5-FU,True,,8,8,10,10
Pt15_t3,KK237,lib2,AZD7762,True,,8,8,10,10
Pt15_t3,KK237,lib2,Afatinib,True,,8,8,10,10
Pt15_t3,KK237,lib2,Alectinib,True,,8,8,10,10
Pt15_t3,KK237,lib2,Alisertib,True,,8,8,10,10
Pt15_t3,KK237,lib2,Atorvastatin,True,,8,8,10,10
Pt15_t3,KK237,lib2,BMS-754807,True,,8,8,10,10
Pt15_t3,KK237,lib2,Bemcentinib,True,,8,8,10,10
Pt15_t3,KK237,lib2,Carfilzomib,True,,8,8,10,10
Pt15_t3,KK237,lib2,Ceralasertib,True,,8,8,10,10
Pt15_t3,KK237,lib2,Cetuximab,True,,5,5,10,10
Pt15_t3,KK237,lib2,Dasatinib,True,,8,8,10,10
Pt15_t3,KK237,lib2,Encorafenib,True,,8,8,10,10
Pt15_t3,KK237,lib2,Everolimus,True,,8,8,10,10
Pt15_t3,KK237,lib2,Gedatolisib,True,,8,8,10,10
Pt15_t3,KK237,lib2,Gemcitabine,True,,8,8,10,10
Pt15_t3,KK237,lib2,Idasanutlin,True,,8,8,10,10
Pt15_t3,KK237,lib2,Idelalisib,True,,8,8,10,10
Pt15_t3,KK237,lib2,LCL161,True,,8,8,10,10
Pt15_t3,KK237,lib2,LGK974,True,,8,8,10,10
Pt15_t3,KK237,lib2,Lapatinib,True,,8,8,10,10
Pt15_t3,KK237,lib2,Larotrectinib,True,,8,8,10,10
Pt15_t3,KK237,lib2,Luminespib,True,,8,8,10,10
Pt15_t3,KK237,lib2,Methotrexate,True,,8,8,10,10
Pt15_t3,KK237,lib2,Napabucasin,True,,8,8,10,10
Pt15_t3,KK237,lib2,Oxaliplatin,True,,8,8,10,10
Pt15_t3,KK237,lib2,Palbociclib,True,,8,8,10,10
Pt15_t3,KK237,lib2,Panobinostat,True,,8,8,10,10
Pt15_t3,KK237,lib2,Pevonedistat,True,,8,8,10,10
Pt15_t3,KK237,lib2,Regorafenib,True,,8,8,10,10
Pt15_t3,KK237,lib2,SN-38,True,,8,8,10,10
Pt15_t3,KK237,lib2,Savolitinib,True,,8,8,10,10
Pt15_t3,KK237,lib2,Selinexor,True,,8,8,10,10
Pt15_t3,KK237,lib2,Silmitasertib,True,,8,8,10,10
Pt15_t3,KK237,lib2,Sotorasib,True,,8,8,10,10
Pt15_t3,KK237,lib2,TAS-102,True,,8,8,10,10
Pt15_t3,KK237,lib2,Talazoparib,True,,8,8,10,10
Pt15_t3,KK237,lib2,Trametinib,True,,8,8,10,10
Pt15_t3,KK237,lib2,Venetoclax,True,,8,8,10,10
Pt15_t3,KK237,lib2,Volasertib,True,,8,8,10,10
Pt17_t1,KK231,lib1,2-methoxyestradiol,True,,9,9,13,13
Pt17_t1,KK231,lib1,5-FU,True,,9,9,13,13
Pt17_t1,KK231,lib1,AZD7762,True,,9,9,13,13
Pt17_t1,KK231,lib1,Afatinib,True,,9,9,13,13
Pt17_t1,KK231,lib1,Alisertib,True,,9,9,13,13
Pt17_t1,KK231,lib1,Atorvastatin,True,,9,9,13,13
Pt17_t1,KK231,lib1,Bemcentinib,True,,9,9,13,13
Pt17_t1,KK231,lib1,Binimetinib,True,,9,9,13,13
Pt17_t1,KK231,lib1,Cetuximab,False,fewer than four paired drug doses,2,2,13,13
Pt17_t1,KK231,lib1,Crizotinib,True,,9,9,13,13
Pt17_t1,KK231,lib1,Disulfiram+Cu,True,,5,5,13,13
Pt17_t1,KK231,lib1,Eltanexor,True,,9,9,13,13
Pt17_t1,KK231,lib1,Encorafenib,True,,9,9,13,13
Pt17_t1,KK231,lib1,Erastin,True,,8,8,13,13
Pt17_t1,KK231,lib1,Erlotinib,True,,9,9,13,13
Pt17_t1,KK231,lib1,Gedatolisib,True,,9,9,13,13
Pt17_t1,KK231,lib1,Gemcitabine,True,,9,9,13,13
Pt17_t1,KK231,lib1,Idasanutlin,True,,9,9,13,13
Pt17_t1,KK231,lib1,Ipatasertib,True,,9,9,13,13
Pt17_t1,KK231,lib1,LCL161,True,,5,5,13,13
Pt17_t1,KK231,lib1,LGK974,True,,9,9,13,13
Pt17_t1,KK231,lib1,Lapatinib,True,,9,9,13,13
Pt17_t1,KK231,lib1,Linsitinib,True,,9,9,13,13
Pt17_t1,KK231,lib1,Luminespib,True,,9,9,13,13
Pt17_t1,KK231,lib1,Methotrexate,True,,9,9,13,13
Pt17_t1,KK231,lib1,Napabucasin,True,,9,9,13,13
Pt17_t1,KK231,lib1,Navitoclax,True,,9,9,13,13
Pt17_t1,KK231,lib1,Olaparib,True,,8,8,13,13
Pt17_t1,KK231,lib1,Oxaliplatin,True,,9,9,13,13
Pt17_t1,KK231,lib1,Palbociclib,True,,9,9,13,13
Pt17_t1,KK231,lib1,Panobinostat,True,,9,9,13,13
Pt17_t1,KK231,lib1,Pevonedistat,True,,9,9,13,13
Pt17_t1,KK231,lib1,Regorafenib,True,,9,9,13,13
Pt17_t1,KK231,lib1,SN-38,True,,5,5,13,13
Pt17_t1,KK231,lib1,Sirolimus,True,,8,8,13,13
Pt17_t1,KK231,lib1,TAS-102,True,,9,9,13,13
Pt17_t1,KK231,lib1,Trametinib,True,,9,9,13,13
Pt17_t1,KK231,lib1,Tretinoin,True,,9,9,13,13
Pt17_t1,KK231,lib1,Vitamin C,True,,9,9,13,13
Pt17_t1,KK231,lib1,Volasertib,True,,9,9,13,13
Pt17_t2,KK232,lib1,2-methoxyestradiol,True,,9,9,13,13
Pt17_t2,KK232,lib1,5-FU,True,,9,9,13,13
Pt17_t2,KK232,lib1,AZD7762,True,,9,9,13,13
Pt17_t2,KK232,lib1,Afatinib,True,,9,9,13,13
Pt17_t2,KK232,lib1,Alisertib,True,,9,9,13,13
Pt17_t2,KK232,lib1,Atorvastatin,True,,9,9,13,13
Pt17_t2,KK232,lib1,Bemcentinib,True,,9,9,13,13
Pt17_t2,KK232,lib1,Binimetinib,True,,9,9,13,13
Pt17_t2,KK232,lib1,Cetuximab,False,fewer than four paired drug doses,2,2,13,13
Pt17_t2,KK232,lib1,Crizotinib,True,,9,9,13,13
Pt17_t2,KK232,lib1,Disulfiram+Cu,True,,5,5,13,13
Pt17_t2,KK232,lib1,Eltanexor,True,,9,9,13,13
Pt17_t2,KK232,lib1,Encorafenib,True,,9,9,13,13
Pt17_t2,KK232,lib1,Erastin,True,,8,8,13,13
Pt17_t2,KK232,lib1,Erlotinib,True,,9,9,13,13
Pt17_t2,KK232,lib1,Gedatolisib,True,,9,9,13,13
Pt17_t2,KK232,lib1,Gemcitabine,True,,9,9,13,13
Pt17_t2,KK232,lib1,Idasanutlin,True,,9,9,13,13
Pt17_t2,KK232,lib1,Ipatasertib,True,,9,9,13,13
Pt17_t2,KK232,lib1,LCL161,True,,5,5,13,13
Pt17_t2,KK232,lib1,LGK974,True,,9,9,13,13
Pt17_t2,KK232,lib1,Lapatinib,True,,9,9,13,13
Pt17_t2,KK232,lib1,Linsitinib,True,,9,9,13,13
Pt17_t2,KK232,lib1,Luminespib,True,,9,9,13,13
Pt17_t2,KK232,lib1,Methotrexate,True,,9,9,13,13
Pt17_t2,KK232,lib1,Napabucasin,True,,9,9,13,13
Pt17_t2,KK232,lib1,Navitoclax,True,,9,9,13,13
Pt17_t2,KK232,lib1,Olaparib,True,,8,8,13,13
Pt17_t2,KK232,lib1,Oxaliplatin,True,,9,9,13,13
Pt17_t2,KK232,lib1,Palbociclib,True,,9,9,13,13
Pt17_t2,KK232,lib1,Panobinostat,True,,9,9,13,13
Pt17_t2,KK232,lib1,Pevonedistat,True,,9,9,13,13
Pt17_t2,KK232,lib1,Regorafenib,True,,9,9,13,13
Pt17_t2,KK232,lib1,SN-38,True,,5,5,13,13
Pt17_t2,KK232,lib1,Sirolimus,True,,8,8,13,13
Pt17_t2,KK232,lib1,TAS-102,True,,9,9,13,13
Pt17_t2,KK232,lib1,Trametinib,True,,9,9,13,13
Pt17_t2,KK232,lib1,Tretinoin,True,,9,9,13,13
Pt17_t2,KK232,lib1,Vitamin C,True,,9,9,13,13
Pt17_t2,KK232,lib1,Volasertib,True,,9,9,13,13
Pt17_t3,KK230,lib1,2-methoxyestradiol,True,,9,9,13,13
Pt17_t3,KK230,lib1,5-FU,True,,9,9,13,13
Pt17_t3,KK230,lib1,AZD7762,True,,9,9,13,13
Pt17_t3,KK230,lib1,Afatinib,True,,9,9,13,13
Pt17_t3,KK230,lib1,Alisertib,True,,9,9,13,13
Pt17_t3,KK230,lib1,Atorvastatin,True,,9,9,13,13
Pt17_t3,KK230,lib1,Bemcentinib,True,,9,9,13,13
Pt17_t3,KK230,lib1,Binimetinib,True,,9,9,13,13
Pt17_t3,KK230,lib1,Cetuximab,False,fewer than four paired drug doses,2,2,13,13
Pt17_t3,KK230,lib1,Crizotinib,True,,9,9,13,13
Pt17_t3,KK230,lib1,Disulfiram+Cu,True,,5,5,13,13
Pt17_t3,KK230,lib1,Eltanexor,True,,9,9,13,13
Pt17_t3,KK230,lib1,Encorafenib,True,,9,9,13,13
Pt17_t3,KK230,lib1,Erastin,True,,8,8,13,13
Pt17_t3,KK230,lib1,Erlotinib,True,,9,9,13,13
Pt17_t3,KK230,lib1,Gedatolisib,True,,9,9,13,13
Pt17_t3,KK230,lib1,Gemcitabine,True,,9,9,13,13
Pt17_t3,KK230,lib1,Idasanutlin,True,,9,9,13,13
Pt17_t3,KK230,lib1,Ipatasertib,True,,9,9,13,13
Pt17_t3,KK230,lib1,LCL161,True,,5,5,13,13
Pt17_t3,KK230,lib1,LGK974,True,,9,9,13,13
Pt17_t3,KK230,lib1,Lapatinib,True,,9,9,13,13
Pt17_t3,KK230,lib1,Linsitinib,True,,9,9,13,13
Pt17_t3,KK230,lib1,Luminespib,True,,9,9,13,13
Pt17_t3,KK230,lib1,Methotrexate,True,,9,9,13,13
Pt17_t3,KK230,lib1,Napabucasin,True,,9,9,13,13
Pt17_t3,KK230,lib1,Navitoclax,True,,9,9,13,13
Pt17_t3,KK230,lib1,Olaparib,True,,8,8,13,13
Pt17_t3,KK230,lib1,Oxaliplatin,True,,9,9,13,13
Pt17_t3,KK230,lib1,Palbociclib,True,,9,9,13,13
Pt17_t3,KK230,lib1,Panobinostat,True,,9,9,13,13
Pt17_t3,KK230,lib1,Pevonedistat,True,,9,9,13,13
Pt17_t3,KK230,lib1,Regorafenib,True,,9,9,13,13
Pt17_t3,KK230,lib1,SN-38,True,,5,5,13,13
Pt17_t3,KK230,lib1,Sirolimus,True,,8,8,13,13
Pt17_t3,KK230,lib1,TAS-102,True,,9,9,13,13
Pt17_t3,KK230,lib1,Trametinib,True,,9,9,13,13
Pt17_t3,KK230,lib1,Tretinoin,True,,9,9,13,13
Pt17_t3,KK230,lib1,Vitamin C,True,,9,9,13,13
Pt17_t3,KK230,lib1,Volasertib,True,,9,9,13,13
Pt18_t1,KK115,lib1,2-methoxyestradiol,True,,9,9,13,13
Pt18_t1,KK115,lib1,5-FU,True,,9,9,13,13
Pt18_t1,KK115,lib1,AZD7762,True,,9,9,13,13
Pt18_t1,KK115,lib1,Afatinib,True,,9,9,13,13
Pt18_t1,KK115,lib1,Alisertib,True,,9,9,13,13
Pt18_t1,KK115,lib1,Atorvastatin,True,,9,9,13,13
Pt18_t1,KK115,lib1,Bemcentinib,True,,9,9,13,13
Pt18_t1,KK115,lib1,Binimetinib,True,,9,9,13,13
Pt18_t1,KK115,lib1,Cetuximab,False,fewer than four paired drug doses,2,2,13,13
Pt18_t1,KK115,lib1,Crizotinib,True,,9,9,13,13
Pt18_t1,KK115,lib1,Disulfiram+Cu,True,,5,5,13,13
Pt18_t1,KK115,lib1,Eltanexor,True,,9,9,13,13
Pt18_t1,KK115,lib1,Encorafenib,True,,9,9,13,13
Pt18_t1,KK115,lib1,Erastin,True,,8,8,13,13
Pt18_t1,KK115,lib1,Erlotinib,True,,9,9,13,13
Pt18_t1,KK115,lib1,Gedatolisib,True,,9,9,13,13
Pt18_t1,KK115,lib1,Gemcitabine,True,,9,9,13,13
Pt18_t1,KK115,lib1,Idasanutlin,True,,9,9,13,13
Pt18_t1,KK115,lib1,Ipatasertib,True,,9,9,13,13
Pt18_t1,KK115,lib1,LCL161,True,,5,5,13,13
Pt18_t1,KK115,lib1,LGK974,True,,9,9,13,13
Pt18_t1,KK115,lib1,Lapatinib,True,,9,9,13,13
Pt18_t1,KK115,lib1,Linsitinib,True,,9,9,13,13
Pt18_t1,KK115,lib1,Luminespib,True,,9,9,13,13
Pt18_t1,KK115,lib1,Methotrexate,True,,9,9,13,13
Pt18_t1,KK115,lib1,Napabucasin,True,,9,9,13,13
Pt18_t1,KK115,lib1,Navitoclax,True,,9,9,13,13
Pt18_t1,KK115,lib1,Olaparib,True,,8,8,13,13
Pt18_t1,KK115,lib1,Palbociclib,True,,9,9,13,13
Pt18_t1,KK115,lib1,Panobinostat,True,,9,9,13,13
Pt18_t1,KK115,lib1,Pevonedistat,True,,9,9,13,13
Pt18_t1,KK115,lib1,Regorafenib,True,,9,9,13,13
Pt18_t1,KK115,lib1,SN-38,True,,5,5,13,13
Pt18_t1,KK115,lib1,Sirolimus,True,,8,8,13,13
Pt18_t1,KK115,lib1,TAS-102,True,,9,9,13,13
Pt18_t1,KK115,lib1,Trametinib,True,,9,9,13,13
Pt18_t1,KK115,lib1,Tretinoin,True,,9,9,13,13
Pt18_t1,KK115,lib1,Vitamin C,True,,9,9,13,13
Pt18_t1,KK115,lib1,Volasertib,True,,9,9,13,13
Pt18_t3,KK116,lib1,2-methoxyestradiol,True,,9,9,13,13
Pt18_t3,KK116,lib1,5-FU,True,,9,9,13,13
Pt18_t3,KK116,lib1,AZD7762,True,,9,9,13,13
Pt18_t3,KK116,lib1,Afatinib,True,,9,9,13,13
Pt18_t3,KK116,lib1,Alisertib,True,,9,9,13,13
Pt18_t3,KK116,lib1,Atorvastatin,True,,9,9,13,13
Pt18_t3,KK116,lib1,Bemcentinib,True,,9,9,13,13
Pt18_t3,KK116,lib1,Binimetinib,True,,9,9,13,13
Pt18_t3,KK116,lib1,Cetuximab,False,fewer than four paired drug doses,2,2,13,13
Pt18_t3,KK116,lib1,Crizotinib,True,,9,9,13,13
Pt18_t3,KK116,lib1,Disulfiram+Cu,True,,5,5,13,13
Pt18_t3,KK116,lib1,Eltanexor,True,,9,9,13,13
Pt18_t3,KK116,lib1,Encorafenib,True,,9,9,13,13
Pt18_t3,KK116,lib1,Erastin,True,,8,8,13,13
Pt18_t3,KK116,lib1,Erlotinib,True,,9,9,13,13
Pt18_t3,KK116,lib1,Gedatolisib,True,,9,9,13,13
Pt18_t3,KK116,lib1,Gemcitabine,True,,9,9,13,13
Pt18_t3,KK116,lib1,Idasanutlin,True,,9,9,13,13
Pt18_t3,KK116,lib1,Ipatasertib,True,,9,9,13,13
Pt18_t3,KK116,lib1,LCL161,True,,5,5,13,13
Pt18_t3,KK116,lib1,LGK974,True,,9,9,13,13
Pt18_t3,KK116,lib1,Lapatinib,True,,9,9,13,13
Pt18_t3,KK116,lib1,Linsitinib,True,,9,9,13,13
Pt18_t3,KK116,lib1,Luminespib,True,,9,9,13,13
Pt18_t3,KK116,lib1,Methotrexate,True,,9,9,13,13
Pt18_t3,KK116,lib1,Napabucasin,True,,9,9,13,13
Pt18_t3,KK116,lib1,Navitoclax,True,,9,9,13,13
Pt18_t3,KK116,lib1,Olaparib,True,,8,8,13,13
Pt18_t3,KK116,lib1,Palbociclib,True,,9,9,13,13
Pt18_t3,KK116,lib1,Panobinostat,True,,9,9,13,13
Pt18_t3,KK116,lib1,Pevonedistat,True,,9,9,13,13
Pt18_t3,KK116,lib1,Regorafenib,True,,9,9,13,13
Pt18_t3,KK116,lib1,SN-38,True,,5,5,13,13
Pt18_t3,KK116,lib1,Sirolimus,True,,8,8,13,13
Pt18_t3,KK116,lib1,TAS-102,True,,9,9,13,13
Pt18_t3,KK116,lib1,Trametinib,True,,9,9,13,13
Pt18_t3,KK116,lib1,Tretinoin,True,,9,9,13,13
Pt18_t3,KK116,lib1,Vitamin C,True,,9,9,13,13
Pt18_t3,KK116,lib1,Volasertib,True,,9,9,13,13
Pt18_t4,KK136,lib1,2-methoxyestradiol,True,,9,9,13,13
Pt18_t4,KK136,lib1,5-FU,True,,9,9,13,13
Pt18_t4,KK136,lib1,AZD7762,True,,9,9,13,13
Pt18_t4,KK136,lib1,Afatinib,True,,9,9,13,13
Pt18_t4,KK136,lib1,Alisertib,True,,9,9,13,13
Pt18_t4,KK136,lib1,Atorvastatin,True,,9,9,13,13
Pt18_t4,KK136,lib1,Bemcentinib,True,,9,9,13,13
Pt18_t4,KK136,lib1,Binimetinib,True,,9,9,13,13
Pt18_t4,KK136,lib1,Cetuximab,False,fewer than four paired drug doses,2,2,13,13
Pt18_t4,KK136,lib1,Crizotinib,True,,9,9,13,13
Pt18_t4,KK136,lib1,Disulfiram+Cu,True,,5,5,13,13
Pt18_t4,KK136,lib1,Eltanexor,True,,9,9,13,13
Pt18_t4,KK136,lib1,Encorafenib,True,,9,9,13,13
Pt18_t4,KK136,lib1,Erastin,True,,8,8,13,13
Pt18_t4,KK136,lib1,Erlotinib,True,,9,9,13,13
Pt18_t4,KK136,lib1,Gedatolisib,True,,9,9,13,13
Pt18_t4,KK136,lib1,Gemcitabine,True,,9,9,13,13
Pt18_t4,KK136,lib1,Idasanutlin,True,,9,9,13,13
Pt18_t4,KK136,lib1,Ipatasertib,True,,9,9,13,13
Pt18_t4,KK136,lib1,LCL161,True,,5,5,13,13
Pt18_t4,KK136,lib1,LGK974,True,,9,9,13,13
Pt18_t4,KK136,lib1,Lapatinib,True,,9,9,13,13
Pt18_t4,KK136,lib1,Linsitinib,True,,9,9,13,13
Pt18_t4,KK136,lib1,Luminespib,True,,9,9,13,13
Pt18_t4,KK136,lib1,Methotrexate,True,,9,9,13,13
Pt18_t4,KK136,lib1,Napabucasin,True,,9,9,13,13
Pt18_t4,KK136,lib1,Navitoclax,True,,9,9,13,13
Pt18_t4,KK136,lib1,Olaparib,True,,8,8,13,13
Pt18_t4,KK136,lib1,Palbociclib,True,,9,9,13,13
Pt18_t4,KK136,lib1,Panobinostat,True,,9,9,13,13
Pt18_t4,KK136,lib1,Pevonedistat,True,,9,9,13,13
Pt18_t4,KK136,lib1,Regorafenib,True,,9,9,13,13
Pt18_t4,KK136,lib1,SN-38,True,,5,5,13,13
Pt18_t4,KK136,lib1,Sirolimus,True,,8,8,13,13
Pt18_t4,KK136,lib1,TAS-102,True,,9,9,13,13
Pt18_t4,KK136,lib1,Trametinib,True,,9,9,13,13
Pt18_t4,KK136,lib1,Tretinoin,True,,9,9,13,13
Pt18_t4,KK136,lib1,Vitamin C,True,,9,9,13,13
Pt18_t4,KK136,lib1,Volasertib,True,,9,9,13,13
Pt1_t1,KK76,lib1,2-methoxyestradiol,True,,9,9,13,13
Pt1_t1,KK76,lib1,5-FU,True,,9,9,13,13
Pt1_t1,KK76,lib1,AZD7762,True,,9,9,13,13
Pt1_t1,KK76,lib1,Afatinib,True,,9,9,13,13
Pt1_t1,KK76,lib1,Alisertib,True,,9,9,13,13
Pt1_t1,KK76,lib1,Atorvastatin,True,,9,9,13,13
Pt1_t1,KK76,lib1,Bemcentinib,True,,9,9,13,13
Pt1_t1,KK76,lib1,Binimetinib,True,,9,9,13,13
Pt1_t1,KK76,lib1,Cetuximab,False,fewer than four paired drug doses,2,2,13,13
Pt1_t1,KK76,lib1,Crizotinib,True,,9,9,13,13
Pt1_t1,KK76,lib1,Disulfiram+Cu,True,,5,5,13,13
Pt1_t1,KK76,lib1,Eltanexor,True,,9,9,13,13
Pt1_t1,KK76,lib1,Encorafenib,True,,9,9,13,13
Pt1_t1,KK76,lib1,Erastin,True,,8,8,13,13
Pt1_t1,KK76,lib1,Erlotinib,True,,9,9,13,13
Pt1_t1,KK76,lib1,Gedatolisib,True,,9,9,13,13
Pt1_t1,KK76,lib1,Gemcitabine,True,,9,9,13,13
Pt1_t1,KK76,lib1,Idasanutlin,True,,9,9,13,13
Pt1_t1,KK76,lib1,Ipatasertib,True,,9,9,13,13
Pt1_t1,KK76,lib1,LCL161,True,,5,5,13,13
Pt1_t1,KK76,lib1,LGK974,True,,9,9,13,13
Pt1_t1,KK76,lib1,Lapatinib,True,,9,9,13,13
Pt1_t1,KK76,lib1,Linsitinib,True,,9,9,13,13
Pt1_t1,KK76,lib1,Luminespib,True,,9,9,13,13
Pt1_t1,KK76,lib1,Methotrexate,True,,9,9,13,13
Pt1_t1,KK76,lib1,Napabucasin,True,,9,9,13,13
Pt1_t1,KK76,lib1,Navitoclax,True,,9,9,13,13
Pt1_t1,KK76,lib1,Olaparib,True,,8,8,13,13
Pt1_t1,KK76,lib1,Palbociclib,True,,9,9,13,13
Pt1_t1,KK76,lib1,Panobinostat,True,,9,9,13,13
Pt1_t1,KK76,lib1,Pevonedistat,True,,9,9,13,13
Pt1_t1,KK76,lib1,Regorafenib,True,,9,9,13,13
Pt1_t1,KK76,lib1,SN-38,True,,5,5,13,13
Pt1_t1,KK76,lib1,Sirolimus,True,,8,8,13,13
Pt1_t1,KK76,lib1,TAS-102,True,,9,9,13,13
Pt1_t1,KK76,lib1,Trametinib,True,,9,9,13,13
Pt1_t1,KK76,lib1,Tretinoin,True,,9,9,13,13
Pt1_t1,KK76,lib1,Vitamin C,True,,9,9,13,13
Pt1_t1,KK76,lib1,Volasertib,True,,9,9,13,13
Pt20_t1,KK142,lib1,2-methoxyestradiol,True,,9,9,13,13
Pt20_t1,KK142,lib1,5-FU,True,,9,9,13,13
Pt20_t1,KK142,lib1,AZD7762,True,,9,9,13,13
Pt20_t1,KK142,lib1,Afatinib,True,,9,9,13,13
Pt20_t1,KK142,lib1,Alisertib,True,,9,9,13,13
Pt20_t1,KK142,lib1,Atorvastatin,True,,9,9,13,13
Pt20_t1,KK142,lib1,Bemcentinib,True,,9,9,13,13
Pt20_t1,KK142,lib1,Binimetinib,True,,9,9,13,13
Pt20_t1,KK142,lib1,Cetuximab,False,fewer than four paired drug doses,2,2,13,13
Pt20_t1,KK142,lib1,Crizotinib,True,,9,9,13,13
Pt20_t1,KK142,lib1,Disulfiram+Cu,True,,5,5,13,13
Pt20_t1,KK142,lib1,Eltanexor,True,,9,9,13,13
Pt20_t1,KK142,lib1,Encorafenib,True,,9,9,13,13
Pt20_t1,KK142,lib1,Erastin,True,,8,8,13,13
Pt20_t1,KK142,lib1,Erlotinib,True,,9,9,13,13
Pt20_t1,KK142,lib1,Gedatolisib,True,,9,9,13,13
Pt20_t1,KK142,lib1,Gemcitabine,True,,9,9,13,13
Pt20_t1,KK142,lib1,Idasanutlin,True,,9,9,13,13
Pt20_t1,KK142,lib1,Ipatasertib,True,,9,9,13,13
Pt20_t1,KK142,lib1,LCL161,True,,5,5,13,13
Pt20_t1,KK142,lib1,LGK974,True,,9,9,13,13
Pt20_t1,KK142,lib1,Lapatinib,True,,9,9,13,13
Pt20_t1,KK142,lib1,Linsitinib,True,,9,9,13,13
Pt20_t1,KK142,lib1,Luminespib,True,,9,9,13,13
Pt20_t1,KK142,lib1,Methotrexate,True,,9,9,13,13
Pt20_t1,KK142,lib1,Napabucasin,True,,9,9,13,13
Pt20_t1,KK142,lib1,Navitoclax,True,,9,9,13,13
Pt20_t1,KK142,lib1,Olaparib,True,,8,8,13,13
Pt20_t1,KK142,lib1,Palbociclib,True,,9,9,13,13
Pt20_t1,KK142,lib1,Panobinostat,True,,9,9,13,13
Pt20_t1,KK142,lib1,Pevonedistat,True,,9,9,13,13
Pt20_t1,KK142,lib1,Regorafenib,True,,9,9,13,13
Pt20_t1,KK142,lib1,SN-38,True,,5,5,13,13
Pt20_t1,KK142,lib1,Sirolimus,True,,8,8,13,13
Pt20_t1,KK142,lib1,TAS-102,True,,9,9,13,13
Pt20_t1,KK142,lib1,Trametinib,True,,9,9,13,13
Pt20_t1,KK142,lib1,Tretinoin,True,,9,9,13,13
Pt20_t1,KK142,lib1,Vitamin C,True,,9,9,13,13
Pt20_t1,KK142,lib1,Volasertib,True,,9,9,13,13
Pt21_t1,KK149,lib1,2-methoxyestradiol,True,,9,9,13,13
Pt21_t1,KK149,lib1,5-FU,True,,9,9,13,13
Pt21_t1,KK149,lib1,AZD7762,True,,9,9,13,13
Pt21_t1,KK149,lib1,Afatinib,True,,9,9,13,13
Pt21_t1,KK149,lib1,Alisertib,True,,9,9,13,13
Pt21_t1,KK149,lib1,Atorvastatin,True,,9,9,13,13
Pt21_t1,KK149,lib1,Bemcentinib,True,,9,9,13,13
Pt21_t1,KK149,lib1,Binimetinib,True,,9,9,13,13
Pt21_t1,KK149,lib1,Cetuximab,False,fewer than four paired drug doses,2,2,13,13
Pt21_t1,KK149,lib1,Crizotinib,True,,9,9,13,13
Pt21_t1,KK149,lib1,Disulfiram+Cu,True,,5,5,13,13
Pt21_t1,KK149,lib1,Eltanexor,True,,9,9,13,13
Pt21_t1,KK149,lib1,Encorafenib,True,,9,9,13,13
Pt21_t1,KK149,lib1,Erastin,True,,8,8,13,13
Pt21_t1,KK149,lib1,Erlotinib,True,,9,9,13,13
Pt21_t1,KK149,lib1,Gedatolisib,True,,9,9,13,13
Pt21_t1,KK149,lib1,Gemcitabine,True,,9,9,13,13
Pt21_t1,KK149,lib1,Idasanutlin,True,,9,9,13,13
Pt21_t1,KK149,lib1,Ipatasertib,True,,9,9,13,13
Pt21_t1,KK149,lib1,LCL161,True,,5,5,13,13
Pt21_t1,KK149,lib1,LGK974,True,,9,9,13,13
Pt21_t1,KK149,lib1,Lapatinib,True,,9,9,13,13
Pt21_t1,KK149,lib1,Linsitinib,True,,9,9,13,13
Pt21_t1,KK149,lib1,Luminespib,True,,9,9,13,13
Pt21_t1,KK149,lib1,Methotrexate,True,,9,9,13,13
Pt21_t1,KK149,lib1,Napabucasin,True,,9,9,13,13
Pt21_t1,KK149,lib1,Navitoclax,True,,9,9,13,13
Pt21_t1,KK149,lib1,Olaparib,True,,8,8,13,13
Pt21_t1,KK149,lib1,Palbociclib,True,,9,9,13,13
Pt21_t1,KK149,lib1,Panobinostat,True,,9,9,13,13
Pt21_t1,KK149,lib1,Pevonedistat,True,,9,9,13,13
Pt21_t1,KK149,lib1,Regorafenib,True,,9,9,13,13
Pt21_t1,KK149,lib1,SN-38,True,,5,5,13,13
Pt21_t1,KK149,lib1,Sirolimus,True,,8,8,13,13
Pt21_t1,KK149,lib1,TAS-102,True,,9,9,13,13
Pt21_t1,KK149,lib1,Trametinib,True,,9,9,13,13
Pt21_t1,KK149,lib1,Tretinoin,True,,9,9,13,13
Pt21_t1,KK149,lib1,Vitamin C,True,,9,9,13,13
Pt21_t1,KK149,lib1,Volasertib,True,,9,9,13,13
Pt22.2_t1,KK170,lib1,2-methoxyestradiol,True,,9,9,13,13
Pt22.2_t1,KK170,lib1,5-FU,True,,9,9,13,13
Pt22.2_t1,KK170,lib1,AZD7762,True,,9,9,13,13
Pt22.2_t1,KK170,lib1,Afatinib,True,,9,9,13,13
Pt22.2_t1,KK170,lib1,Alisertib,True,,9,9,13,13
Pt22.2_t1,KK170,lib1,Atorvastatin,True,,9,9,13,13
Pt22.2_t1,KK170,lib1,Bemcentinib,True,,9,9,13,13
Pt22.2_t1,KK170,lib1,Binimetinib,True,,9,9,13,13
Pt22.2_t1,KK170,lib1,Cetuximab,False,fewer than four paired drug doses,2,2,13,13
Pt22.2_t1,KK170,lib1,Crizotinib,True,,9,9,13,13
Pt22.2_t1,KK170,lib1,Disulfiram+Cu,True,,5,5,13,13
Pt22.2_t1,KK170,lib1,Eltanexor,True,,9,9,13,13
Pt22.2_t1,KK170,lib1,Encorafenib,True,,9,9,13,13
Pt22.2_t1,KK170,lib1,Erastin,True,,8,8,13,13
Pt22.2_t1,KK170,lib1,Erlotinib,True,,9,9,13,13
Pt22.2_t1,KK170,lib1,Gedatolisib,True,,9,9,13,13
Pt22.2_t1,KK170,lib1,Gemcitabine,True,,9,9,13,13
Pt22.2_t1,KK170,lib1,Idasanutlin,True,,9,9,13,13
Pt22.2_t1,KK170,lib1,Ipatasertib,True,,9,9,13,13
Pt22.2_t1,KK170,lib1,LCL161,True,,5,5,13,13
Pt22.2_t1,KK170,lib1,LGK974,True,,9,9,13,13
Pt22.2_t1,KK170,lib1,Lapatinib,True,,9,9,13,13
Pt22.2_t1,KK170,lib1,Linsitinib,True,,9,9,13,13
Pt22.2_t1,KK170,lib1,Luminespib,True,,9,9,13,13
Pt22.2_t1,KK170,lib1,Methotrexate,True,,9,9,13,13
Pt22.2_t1,KK170,lib1,Napabucasin,True,,9,9,13,13
Pt22.2_t1,KK170,lib1,Navitoclax,True,,9,9,13,13
Pt22.2_t1,KK170,lib1,Olaparib,True,,8,8,13,13
Pt22.2_t1,KK170,lib1,Oxaliplatin,True,,9,9,13,13
Pt22.2_t1,KK170,lib1,Palbociclib,True,,9,9,13,13
Pt22.2_t1,KK170,lib1,Panobinostat,True,,9,9,13,13
Pt22.2_t1,KK170,lib1,Pevonedistat,True,,9,9,13,13
Pt22.2_t1,KK170,lib1,Regorafenib,True,,9,9,13,13
Pt22.2_t1,KK170,lib1,SN-38,True,,5,5,13,13
Pt22.2_t1,KK170,lib1,Sirolimus,True,,8,8,13,13
Pt22.2_t1,KK170,lib1,TAS-102,True,,9,9,13,13
Pt22.2_t1,KK170,lib1,Trametinib,True,,9,9,13,13
Pt22.2_t1,KK170,lib1,Tretinoin,True,,9,9,13,13
Pt22.2_t1,KK170,lib1,Vitamin C,True,,9,9,13,13
Pt22.2_t1,KK170,lib1,Volasertib,True,,9,9,13,13
Pt23_t1,KK125,lib1,2-methoxyestradiol,True,,9,9,13,13
Pt23_t1,KK125,lib1,5-FU,True,,9,9,13,13
Pt23_t1,KK125,lib1,AZD7762,True,,9,9,13,13
Pt23_t1,KK125,lib1,Afatinib,True,,9,9,13,13
Pt23_t1,KK125,lib1,Alisertib,True,,9,9,13,13
Pt23_t1,KK125,lib1,Atorvastatin,True,,9,9,13,13
Pt23_t1,KK125,lib1,Bemcentinib,True,,9,9,13,13
Pt23_t1,KK125,lib1,Binimetinib,True,,9,9,13,13
Pt23_t1,KK125,lib1,Cetuximab,False,fewer than four paired drug doses,2,2,13,13
Pt23_t1,KK125,lib1,Crizotinib,True,,9,9,13,13
Pt23_t1,KK125,lib1,Disulfiram+Cu,True,,5,5,13,13
Pt23_t1,KK125,lib1,Eltanexor,True,,9,9,13,13
Pt23_t1,KK125,lib1,Encorafenib,True,,9,9,13,13
Pt23_t1,KK125,lib1,Erastin,True,,8,8,13,13
Pt23_t1,KK125,lib1,Erlotinib,True,,9,9,13,13
Pt23_t1,KK125,lib1,Gedatolisib,True,,9,9,13,13
Pt23_t1,KK125,lib1,Gemcitabine,True,,9,9,13,13
Pt23_t1,KK125,lib1,Idasanutlin,True,,9,9,13,13
Pt23_t1,KK125,lib1,Ipatasertib,True,,9,9,13,13
Pt23_t1,KK125,lib1,LCL161,True,,5,5,13,13
Pt23_t1,KK125,lib1,LGK974,True,,9,9,13,13
Pt23_t1,KK125,lib1,Lapatinib,True,,9,9,13,13
Pt23_t1,KK125,lib1,Linsitinib,True,,9,9,13,13
Pt23_t1,KK125,lib1,Luminespib,True,,9,9,13,13
Pt23_t1,KK125,lib1,Methotrexate,True,,9,9,13,13
Pt23_t1,KK125,lib1,Napabucasin,True,,9,9,13,13
Pt23_t1,KK125,lib1,Navitoclax,True,,9,9,13,13
Pt23_t1,KK125,lib1,Olaparib,True,,8,8,13,13
Pt23_t1,KK125,lib1,Palbociclib,True,,9,9,13,13
Pt23_t1,KK125,lib1,Panobinostat,True,,9,9,13,13
Pt23_t1,KK125,lib1,Pevonedistat,True,,9,9,13,13
Pt23_t1,KK125,lib1,Regorafenib,True,,9,9,13,13
Pt23_t1,KK125,lib1,SN-38,True,,5,5,13,13
Pt23_t1,KK125,lib1,Sirolimus,True,,8,8,13,13
Pt23_t1,KK125,lib1,TAS-102,True,,9,9,13,13
Pt23_t1,KK125,lib1,Trametinib,True,,9,9,13,13
Pt23_t1,KK125,lib1,Tretinoin,True,,9,9,13,13
Pt23_t1,KK125,lib1,Vitamin C,True,,9,9,13,13
Pt23_t1,KK125,lib1,Volasertib,True,,9,9,13,13
Pt23_t2,KK131,lib1,2-methoxyestradiol,True,,9,9,13,13
Pt23_t2,KK131,lib1,5-FU,True,,9,9,13,13
Pt23_t2,KK131,lib1,AZD7762,True,,9,9,13,13
Pt23_t2,KK131,lib1,Afatinib,True,,9,9,13,13
Pt23_t2,KK131,lib1,Alisertib,True,,9,9,13,13
Pt23_t2,KK131,lib1,Atorvastatin,True,,9,9,13,13
Pt23_t2,KK131,lib1,Bemcentinib,True,,9,9,13,13
Pt23_t2,KK131,lib1,Binimetinib,True,,9,9,13,13
Pt23_t2,KK131,lib1,Cetuximab,False,fewer than four paired drug doses,2,2,13,13
Pt23_t2,KK131,lib1,Crizotinib,True,,9,9,13,13
Pt23_t2,KK131,lib1,Disulfiram+Cu,True,,5,5,13,13
Pt23_t2,KK131,lib1,Eltanexor,True,,9,9,13,13
Pt23_t2,KK131,lib1,Encorafenib,True,,9,9,13,13
Pt23_t2,KK131,lib1,Erastin,True,,8,8,13,13
Pt23_t2,KK131,lib1,Erlotinib,True,,9,9,13,13
Pt23_t2,KK131,lib1,Gedatolisib,True,,9,9,13,13
Pt23_t2,KK131,lib1,Gemcitabine,True,,9,9,13,13
Pt23_t2,KK131,lib1,Idasanutlin,True,,9,9,13,13
Pt23_t2,KK131,lib1,Ipatasertib,True,,9,9,13,13
Pt23_t2,KK131,lib1,LCL161,True,,5,5,13,13
Pt23_t2,KK131,lib1,LGK974,True,,9,9,13,13
Pt23_t2,KK131,lib1,Lapatinib,True,,9,9,13,13
Pt23_t2,KK131,lib1,Linsitinib,True,,9,9,13,13
Pt23_t2,KK131,lib1,Luminespib,True,,9,9,13,13
Pt23_t2,KK131,lib1,Methotrexate,True,,9,9,13,13
Pt23_t2,KK131,lib1,Napabucasin,True,,9,9,13,13
Pt23_t2,KK131,lib1,Navitoclax,True,,9,9,13,13
Pt23_t2,KK131,lib1,Olaparib,True,,8,8,13,13
Pt23_t2,KK131,lib1,Palbociclib,True,,9,9,13,13
Pt23_t2,KK131,lib1,Panobinostat,True,,9,9,13,13
Pt23_t2,KK131,lib1,Pevonedistat,True,,9,9,13,13
Pt23_t2,KK131,lib1,Regorafenib,True,,9,9,13,13
Pt23_t2,KK131,lib1,SN-38,True,,5,5,13,13
Pt23_t2,KK131,lib1,Sirolimus,True,,8,8,13,13
Pt23_t2,KK131,lib1,TAS-102,True,,9,9,13,13
Pt23_t2,KK131,lib1,Trametinib,True,,9,9,13,13
Pt23_t2,KK131,lib1,Tretinoin,True,,9,9,13,13
Pt23_t2,KK131,lib1,Vitamin C,True,,9,9,13,13
Pt23_t2,KK131,lib1,Volasertib,True,,9,9,13,13
Pt23_t3,KK134,lib1,2-methoxyestradiol,True,,9,9,13,13
Pt23_t3,KK134,lib1,5-FU,True,,9,9,13,13
Pt23_t3,KK134,lib1,AZD7762,True,,9,9,13,13
Pt23_t3,KK134,lib1,Afatinib,True,,9,9,13,13
Pt23_t3,KK134,lib1,Alisertib,True,,9,9,13,13
Pt23_t3,KK134,lib1,Atorvastatin,True,,9,9,13,13
Pt23_t3,KK134,lib1,Bemcentinib,True,,9,9,13,13
Pt23_t3,KK134,lib1,Binimetinib,True,,9,9,13,13
Pt23_t3,KK134,lib1,Cetuximab,False,fewer than four paired drug doses,2,2,13,13
Pt23_t3,KK134,lib1,Crizotinib,True,,9,9,13,13
Pt23_t3,KK134,lib1,Disulfiram+Cu,True,,5,5,13,13
Pt23_t3,KK134,lib1,Eltanexor,True,,9,9,13,13
Pt23_t3,KK134,lib1,Encorafenib,True,,9,9,13,13
Pt23_t3,KK134,lib1,Erastin,True,,8,8,13,13
Pt23_t3,KK134,lib1,Erlotinib,True,,9,9,13,13
Pt23_t3,KK134,lib1,Gedatolisib,True,,9,9,13,13
Pt23_t3,KK134,lib1,Gemcitabine,True,,9,9,13,13
Pt23_t3,KK134,lib1,Idasanutlin,True,,9,9,13,13
Pt23_t3,KK134,lib1,Ipatasertib,True,,9,9,13,13
Pt23_t3,KK134,lib1,LCL161,True,,5,5,13,13
Pt23_t3,KK134,lib1,LGK974,True,,9,9,13,13
Pt23_t3,KK134,lib1,Lapatinib,True,,9,9,13,13
Pt23_t3,KK134,lib1,Linsitinib,True,,9,9,13,13
Pt23_t3,KK134,lib1,Luminespib,True,,9,9,13,13
Pt23_t3,KK134,lib1,Methotrexate,True,,9,9,13,13
Pt23_t3,KK134,lib1,Napabucasin,True,,9,9,13,13
Pt23_t3,KK134,lib1,Navitoclax,True,,9,9,13,13
Pt23_t3,KK134,lib1,Olaparib,True,,8,8,13,13
Pt23_t3,KK134,lib1,Palbociclib,True,,9,9,13,13
Pt23_t3,KK134,lib1,Panobinostat,True,,9,9,13,13
Pt23_t3,KK134,lib1,Pevonedistat,True,,9,9,13,13
Pt23_t3,KK134,lib1,Regorafenib,True,,9,9,13,13
Pt23_t3,KK134,lib1,SN-38,True,,5,5,13,13
Pt23_t3,KK134,lib1,Sirolimus,True,,8,8,13,13
Pt23_t3,KK134,lib1,TAS-102,True,,9,9,13,13
Pt23_t3,KK134,lib1,Trametinib,True,,9,9,13,13
Pt23_t3,KK134,lib1,Tretinoin,True,,9,9,13,13
Pt23_t3,KK134,lib1,Vitamin C,True,,9,9,13,13
Pt23_t3,KK134,lib1,Volasertib,True,,9,9,13,13
Pt23_t4,KK132,lib1,2-methoxyestradiol,True,,9,9,13,13
Pt23_t4,KK132,lib1,5-FU,True,,9,9,13,13
Pt23_t4,KK132,lib1,AZD7762,True,,9,9,13,13
Pt23_t4,KK132,lib1,Afatinib,True,,9,9,13,13
Pt23_t4,KK132,lib1,Alisertib,True,,9,9,13,13
Pt23_t4,KK132,lib1,Atorvastatin,True,,9,9,13,13
Pt23_t4,KK132,lib1,Bemcentinib,True,,9,9,13,13
Pt23_t4,KK132,lib1,Binimetinib,True,,9,9,13,13
Pt23_t4,KK132,lib1,Cetuximab,False,fewer than four paired drug doses,2,2,13,13
Pt23_t4,KK132,lib1,Crizotinib,True,,9,9,13,13
Pt23_t4,KK132,lib1,Disulfiram+Cu,True,,5,5,13,13
Pt23_t4,KK132,lib1,Eltanexor,True,,9,9,13,13
Pt23_t4,KK132,lib1,Encorafenib,True,,9,9,13,13
Pt23_t4,KK132,lib1,Erastin,True,,8,8,13,13
Pt23_t4,KK132,lib1,Erlotinib,True,,9,9,13,13
Pt23_t4,KK132,lib1,Gedatolisib,True,,9,9,13,13
Pt23_t4,KK132,lib1,Gemcitabine,True,,9,9,13,13
Pt23_t4,KK132,lib1,Idasanutlin,True,,9,9,13,13
Pt23_t4,KK132,lib1,Ipatasertib,True,,9,9,13,13
Pt23_t4,KK132,lib1,LCL161,True,,5,5,13,13
Pt23_t4,KK132,lib1,LGK974,True,,9,9,13,13
Pt23_t4,KK132,lib1,Lapatinib,True,,9,9,13,13
Pt23_t4,KK132,lib1,Linsitinib,True,,9,9,13,13
Pt23_t4,KK132,lib1,Luminespib,True,,9,9,13,13
Pt23_t4,KK132,lib1,Methotrexate,True,,9,9,13,13
Pt23_t4,KK132,lib1,Napabucasin,True,,9,9,13,13
Pt23_t4,KK132,lib1,Navitoclax,True,,9,9,13,13
Pt23_t4,KK132,lib1,Olaparib,True,,8,8,13,13
Pt23_t4,KK132,lib1,Palbociclib,True,,9,9,13,13
Pt23_t4,KK132,lib1,Panobinostat,True,,9,9,13,13
Pt23_t4,KK132,lib1,Pevonedistat,True,,9,9,13,13
Pt23_t4,KK132,lib1,Regorafenib,True,,9,9,13,13
Pt23_t4,KK132,lib1,SN-38,True,,5,5,13,13
Pt23_t4,KK132,lib1,Sirolimus,True,,8,8,13,13
Pt23_t4,KK132,lib1,TAS-102,True,,9,9,13,13
Pt23_t4,KK132,lib1,Trametinib,True,,9,9,13,13
Pt23_t4,KK132,lib1,Tretinoin,True,,9,9,13,13
Pt23_t4,KK132,lib1,Vitamin C,True,,9,9,13,13
Pt23_t4,KK132,lib1,Volasertib,True,,9,9,13,13
Pt23_t5,KK129,lib1,2-methoxyestradiol,True,,9,9,13,13
Pt23_t5,KK129,lib1,5-FU,True,,9,9,13,13
Pt23_t5,KK129,lib1,AZD7762,True,,9,9,13,13
Pt23_t5,KK129,lib1,Afatinib,True,,9,9,13,13
Pt23_t5,KK129,lib1,Alisertib,True,,9,9,13,13
Pt23_t5,KK129,lib1,Atorvastatin,True,,9,9,13,13
Pt23_t5,KK129,lib1,Bemcentinib,True,,9,9,13,13
Pt23_t5,KK129,lib1,Binimetinib,True,,9,9,13,13
Pt23_t5,KK129,lib1,Cetuximab,False,fewer than four paired drug doses,2,2,13,13
Pt23_t5,KK129,lib1,Crizotinib,True,,9,9,13,13
Pt23_t5,KK129,lib1,Disulfiram+Cu,True,,5,5,13,13
Pt23_t5,KK129,lib1,Eltanexor,True,,9,9,13,13
Pt23_t5,KK129,lib1,Encorafenib,True,,9,9,13,13
Pt23_t5,KK129,lib1,Erastin,True,,8,8,13,13
Pt23_t5,KK129,lib1,Erlotinib,True,,9,9,13,13
Pt23_t5,KK129,lib1,Gedatolisib,True,,9,9,13,13
Pt23_t5,KK129,lib1,Gemcitabine,True,,9,9,13,13
Pt23_t5,KK129,lib1,Idasanutlin,True,,9,9,13,13
Pt23_t5,KK129,lib1,Ipatasertib,True,,9,9,13,13
Pt23_t5,KK129,lib1,LCL161,True,,5,5,13,13
Pt23_t5,KK129,lib1,LGK974,True,,9,9,13,13
Pt23_t5,KK129,lib1,Lapatinib,True,,9,9,13,13
Pt23_t5,KK129,lib1,Linsitinib,True,,9,9,13,13
Pt23_t5,KK129,lib1,Luminespib,True,,9,9,13,13
Pt23_t5,KK129,lib1,Methotrexate,True,,9,9,13,13
Pt23_t5,KK129,lib1,Napabucasin,True,,9,9,13,13
Pt23_t5,KK129,lib1,Navitoclax,True,,9,9,13,13
Pt23_t5,KK129,lib1,Olaparib,True,,8,8,13,13
Pt23_t5,KK129,lib1,Palbociclib,True,,9,9,13,13
Pt23_t5,KK129,lib1,Panobinostat,True,,9,9,13,13
Pt23_t5,KK129,lib1,Pevonedistat,True,,9,9,13,13
Pt23_t5,KK129,lib1,Regorafenib,True,,9,9,13,13
Pt23_t5,KK129,lib1,SN-38,True,,5,5,13,13
Pt23_t5,KK129,lib1,Sirolimus,True,,8,8,13,13
Pt23_t5,KK129,lib1,TAS-102,True,,9,9,13,13
Pt23_t5,KK129,lib1,Trametinib,True,,9,9,13,13
Pt23_t5,KK129,lib1,Tretinoin,True,,9,9,13,13
Pt23_t5,KK129,lib1,Vitamin C,True,,9,9,13,13
Pt23_t5,KK129,lib1,Volasertib,True,,9,9,13,13
Pt24_t1,KK128,lib1,2-methoxyestradiol,True,,9,9,13,13
Pt24_t1,KK128,lib1,5-FU,True,,9,9,13,13
Pt24_t1,KK128,lib1,AZD7762,True,,9,9,13,13
Pt24_t1,KK128,lib1,Afatinib,True,,9,9,13,13
Pt24_t1,KK128,lib1,Alisertib,True,,9,9,13,13
Pt24_t1,KK128,lib1,Atorvastatin,True,,9,9,13,13
Pt24_t1,KK128,lib1,Bemcentinib,True,,9,9,13,13
Pt24_t1,KK128,lib1,Binimetinib,True,,9,9,13,13
Pt24_t1,KK128,lib1,Cetuximab,False,fewer than four paired drug doses,2,2,13,13
Pt24_t1,KK128,lib1,Crizotinib,True,,9,9,13,13
Pt24_t1,KK128,lib1,Disulfiram+Cu,True,,5,5,13,13
Pt24_t1,KK128,lib1,Eltanexor,True,,9,9,13,13
Pt24_t1,KK128,lib1,Encorafenib,True,,9,9,13,13
Pt24_t1,KK128,lib1,Erastin,True,,8,8,13,13
Pt24_t1,KK128,lib1,Erlotinib,True,,9,9,13,13
Pt24_t1,KK128,lib1,Gedatolisib,True,,9,9,13,13
Pt24_t1,KK128,lib1,Gemcitabine,True,,9,9,13,13
Pt24_t1,KK128,lib1,Idasanutlin,True,,9,9,13,13
Pt24_t1,KK128,lib1,Ipatasertib,True,,9,9,13,13
Pt24_t1,KK128,lib1,LCL161,True,,5,5,13,13
Pt24_t1,KK128,lib1,LGK974,True,,9,9,13,13
Pt24_t1,KK128,lib1,Lapatinib,True,,9,9,13,13
Pt24_t1,KK128,lib1,Linsitinib,True,,9,9,13,13
Pt24_t1,KK128,lib1,Luminespib,True,,9,9,13,13
Pt24_t1,KK128,lib1,Methotrexate,True,,9,9,13,13
Pt24_t1,KK128,lib1,Napabucasin,True,,9,9,13,13
Pt24_t1,KK128,lib1,Navitoclax,True,,9,9,13,13
Pt24_t1,KK128,lib1,Olaparib,True,,8,8,13,13
Pt24_t1,KK128,lib1,Palbociclib,True,,9,9,13,13
Pt24_t1,KK128,lib1,Panobinostat,True,,9,9,13,13
Pt24_t1,KK128,lib1,Pevonedistat,True,,9,9,13,13
Pt24_t1,KK128,lib1,Regorafenib,True,,9,9,13,13
Pt24_t1,KK128,lib1,SN-38,True,,5,5,13,13
Pt24_t1,KK128,lib1,Sirolimus,True,,8,8,13,13
Pt24_t1,KK128,lib1,TAS-102,True,,9,9,13,13
Pt24_t1,KK128,lib1,Trametinib,True,,9,9,13,13
Pt24_t1,KK128,lib1,Tretinoin,True,,9,9,13,13
Pt24_t1,KK128,lib1,Vitamin C,True,,9,9,13,13
Pt24_t1,KK128,lib1,Volasertib,True,,9,9,13,13
Pt24_t2,KK127,lib1,2-methoxyestradiol,True,,9,9,13,13
Pt24_t2,KK127,lib1,5-FU,True,,9,9,13,13
Pt24_t2,KK127,lib1,AZD7762,True,,9,9,13,13
Pt24_t2,KK127,lib1,Afatinib,True,,9,9,13,13
Pt24_t2,KK127,lib1,Alisertib,True,,9,9,13,13
Pt24_t2,KK127,lib1,Atorvastatin,True,,9,9,13,13
Pt24_t2,KK127,lib1,Bemcentinib,True,,9,9,13,13
Pt24_t2,KK127,lib1,Binimetinib,True,,9,9,13,13
Pt24_t2,KK127,lib1,Cetuximab,False,fewer than four paired drug doses,2,2,13,13
Pt24_t2,KK127,lib1,Crizotinib,True,,9,9,13,13
Pt24_t2,KK127,lib1,Disulfiram+Cu,True,,5,5,13,13
Pt24_t2,KK127,lib1,Eltanexor,True,,9,9,13,13
Pt24_t2,KK127,lib1,Encorafenib,True,,9,9,13,13
Pt24_t2,KK127,lib1,Erastin,True,,8,8,13,13
Pt24_t2,KK127,lib1,Erlotinib,True,,9,9,13,13
Pt24_t2,KK127,lib1,Gedatolisib,True,,9,9,13,13
Pt24_t2,KK127,lib1,Gemcitabine,True,,9,9,13,13
Pt24_t2,KK127,lib1,Idasanutlin,True,,9,9,13,13
Pt24_t2,KK127,lib1,Ipatasertib,True,,9,9,13,13
Pt24_t2,KK127,lib1,LCL161,True,,5,5,13,13
Pt24_t2,KK127,lib1,LGK974,True,,9,9,13,13
Pt24_t2,KK127,lib1,Lapatinib,True,,9,9,13,13
Pt24_t2,KK127,lib1,Linsitinib,True,,9,9,13,13
Pt24_t2,KK127,lib1,Luminespib,True,,9,9,13,13
Pt24_t2,KK127,lib1,Methotrexate,True,,9,9,13,13
Pt24_t2,KK127,lib1,Napabucasin,True,,9,9,13,13
Pt24_t2,KK127,lib1,Navitoclax,True,,9,9,13,13
Pt24_t2,KK127,lib1,Olaparib,True,,8,8,13,13
Pt24_t2,KK127,lib1,Palbociclib,True,,9,9,13,13
Pt24_t2,KK127,lib1,Panobinostat,True,,9,9,13,13
Pt24_t2,KK127,lib1,Pevonedistat,True,,9,9,13,13
Pt24_t2,KK127,lib1,Regorafenib,True,,9,9,13,13
Pt24_t2,KK127,lib1,SN-38,True,,5,5,13,13
Pt24_t2,KK127,lib1,Sirolimus,True,,8,8,13,13
Pt24_t2,KK127,lib1,TAS-102,True,,9,9,13,13
Pt24_t2,KK127,lib1,Trametinib,True,,9,9,13,13
Pt24_t2,KK127,lib1,Tretinoin,True,,9,9,13,13
Pt24_t2,KK127,lib1,Vitamin C,True,,9,9,13,13
Pt24_t2,KK127,lib1,Volasertib,True,,9,9,13,13
Pt25_t1,KK137,lib1,2-methoxyestradiol,True,,9,9,13,13
Pt25_t1,KK137,lib1,5-FU,True,,9,9,13,13
Pt25_t1,KK137,lib1,AZD7762,True,,9,9,13,13
Pt25_t1,KK137,lib1,Afatinib,True,,9,9,13,13
Pt25_t1,KK137,lib1,Alisertib,True,,9,9,13,13
Pt25_t1,KK137,lib1,Atorvastatin,True,,9,9,13,13
Pt25_t1,KK137,lib1,Bemcentinib,True,,9,9,13,13
Pt25_t1,KK137,lib1,Binimetinib,True,,9,9,13,13
Pt25_t1,KK137,lib1,Cetuximab,False,fewer than four paired drug doses,2,2,13,13
Pt25_t1,KK137,lib1,Crizotinib,True,,9,9,13,13
Pt25_t1,KK137,lib1,Disulfiram+Cu,True,,5,5,13,13
Pt25_t1,KK137,lib1,Eltanexor,True,,9,9,13,13
Pt25_t1,KK137,lib1,Encorafenib,True,,9,9,13,13
Pt25_t1,KK137,lib1,Erastin,True,,8,8,13,13
Pt25_t1,KK137,lib1,Erlotinib,True,,9,9,13,13
Pt25_t1,KK137,lib1,Gedatolisib,True,,9,9,13,13
Pt25_t1,KK137,lib1,Gemcitabine,True,,9,9,13,13
Pt25_t1,KK137,lib1,Idasanutlin,True,,9,9,13,13
Pt25_t1,KK137,lib1,Ipatasertib,True,,9,9,13,13
Pt25_t1,KK137,lib1,LCL161,True,,5,5,13,13
Pt25_t1,KK137,lib1,LGK974,True,,9,9,13,13
Pt25_t1,KK137,lib1,Lapatinib,True,,9,9,13,13
Pt25_t1,KK137,lib1,Linsitinib,True,,9,9,13,13
Pt25_t1,KK137,lib1,Luminespib,True,,9,9,13,13
Pt25_t1,KK137,lib1,Methotrexate,True,,9,9,13,13
Pt25_t1,KK137,lib1,Napabucasin,True,,9,9,13,13
Pt25_t1,KK137,lib1,Navitoclax,True,,9,9,13,13
Pt25_t1,KK137,lib1,Olaparib,True,,8,8,13,13
Pt25_t1,KK137,lib1,Palbociclib,True,,9,9,13,13
Pt25_t1,KK137,lib1,Panobinostat,True,,9,9,13,13
Pt25_t1,KK137,lib1,Pevonedistat,True,,9,9,13,13
Pt25_t1,KK137,lib1,Regorafenib,True,,9,9,13,13
Pt25_t1,KK137,lib1,SN-38,True,,5,5,13,13
Pt25_t1,KK137,lib1,Sirolimus,True,,8,8,13,13
Pt25_t1,KK137,lib1,TAS-102,True,,9,9,13,13
Pt25_t1,KK137,lib1,Trametinib,True,,9,9,13,13
Pt25_t1,KK137,lib1,Tretinoin,True,,9,9,13,13
Pt25_t1,KK137,lib1,Vitamin C,True,,9,9,13,13
Pt25_t1,KK137,lib1,Volasertib,True,,9,9,13,13
Pt26_t1,KK143,lib1,2-methoxyestradiol,True,,9,9,13,13
Pt26_t1,KK143,lib1,5-FU,True,,9,9,13,13
Pt26_t1,KK143,lib1,AZD7762,True,,9,9,13,13
Pt26_t1,KK143,lib1,Afatinib,True,,9,9,13,13
Pt26_t1,KK143,lib1,Alisertib,True,,9,9,13,13
Pt26_t1,KK143,lib1,Atorvastatin,True,,9,9,13,13
Pt26_t1,KK143,lib1,Bemcentinib,True,,9,9,13,13
Pt26_t1,KK143,lib1,Binimetinib,True,,9,9,13,13
Pt26_t1,KK143,lib1,Cetuximab,False,fewer than four paired drug doses,2,2,13,13
Pt26_t1,KK143,lib1,Crizotinib,True,,9,9,13,13
Pt26_t1,KK143,lib1,Disulfiram+Cu,True,,5,5,13,13
Pt26_t1,KK143,lib1,Eltanexor,True,,9,9,13,13
Pt26_t1,KK143,lib1,Encorafenib,True,,9,9,13,13
Pt26_t1,KK143,lib1,Erastin,True,,8,8,13,13
Pt26_t1,KK143,lib1,Erlotinib,True,,9,9,13,13
Pt26_t1,KK143,lib1,Gedatolisib,True,,9,9,13,13
Pt26_t1,KK143,lib1,Gemcitabine,True,,9,9,13,13
Pt26_t1,KK143,lib1,Idasanutlin,True,,9,9,13,13
Pt26_t1,KK143,lib1,Ipatasertib,True,,9,9,13,13
Pt26_t1,KK143,lib1,LCL161,True,,5,5,13,13
Pt26_t1,KK143,lib1,LGK974,True,,9,9,13,13
Pt26_t1,KK143,lib1,Lapatinib,True,,9,9,13,13
Pt26_t1,KK143,lib1,Linsitinib,True,,9,9,13,13
Pt26_t1,KK143,lib1,Luminespib,True,,9,9,13,13
Pt26_t1,KK143,lib1,Methotrexate,True,,9,9,13,13
Pt26_t1,KK143,lib1,Napabucasin,True,,9,9,13,13
Pt26_t1,KK143,lib1,Navitoclax,True,,9,9,13,13
Pt26_t1,KK143,lib1,Olaparib,True,,8,8,13,13
Pt26_t1,KK143,lib1,Palbociclib,True,,9,9,13,13
Pt26_t1,KK143,lib1,Panobinostat,True,,9,9,13,13
Pt26_t1,KK143,lib1,Pevonedistat,True,,9,9,13,13
Pt26_t1,KK143,lib1,Regorafenib,True,,9,9,13,13
Pt26_t1,KK143,lib1,SN-38,True,,5,5,13,13
Pt26_t1,KK143,lib1,Sirolimus,True,,8,8,13,13
Pt26_t1,KK143,lib1,TAS-102,True,,9,9,13,13
Pt26_t1,KK143,lib1,Trametinib,True,,9,9,13,13
Pt26_t1,KK143,lib1,Tretinoin,True,,9,9,13,13
Pt26_t1,KK143,lib1,Vitamin C,True,,9,9,13,13
Pt26_t1,KK143,lib1,Volasertib,True,,9,9,13,13
Pt26_t2,KK138,lib1,2-methoxyestradiol,True,,9,9,13,13
Pt26_t2,KK138,lib1,5-FU,True,,9,9,13,13
Pt26_t2,KK138,lib1,AZD7762,True,,9,9,13,13
Pt26_t2,KK138,lib1,Afatinib,True,,9,9,13,13
Pt26_t2,KK138,lib1,Alisertib,True,,9,9,13,13
Pt26_t2,KK138,lib1,Atorvastatin,True,,9,9,13,13
Pt26_t2,KK138,lib1,Bemcentinib,True,,9,9,13,13
Pt26_t2,KK138,lib1,Binimetinib,True,,9,9,13,13
Pt26_t2,KK138,lib1,Cetuximab,False,fewer than four paired drug doses,2,2,13,13
Pt26_t2,KK138,lib1,Crizotinib,True,,9,9,13,13
Pt26_t2,KK138,lib1,Disulfiram+Cu,True,,5,5,13,13
Pt26_t2,KK138,lib1,Eltanexor,True,,9,9,13,13
Pt26_t2,KK138,lib1,Encorafenib,True,,9,9,13,13
Pt26_t2,KK138,lib1,Erastin,True,,8,8,13,13
Pt26_t2,KK138,lib1,Erlotinib,True,,9,9,13,13
Pt26_t2,KK138,lib1,Gedatolisib,True,,9,9,13,13
Pt26_t2,KK138,lib1,Gemcitabine,True,,9,9,13,13
Pt26_t2,KK138,lib1,Idasanutlin,True,,9,9,13,13
Pt26_t2,KK138,lib1,Ipatasertib,True,,9,9,13,13
Pt26_t2,KK138,lib1,LCL161,True,,5,5,13,13
Pt26_t2,KK138,lib1,LGK974,True,,9,9,13,13
Pt26_t2,KK138,lib1,Lapatinib,True,,9,9,13,13
Pt26_t2,KK138,lib1,Linsitinib,True,,9,9,13,13
Pt26_t2,KK138,lib1,Luminespib,True,,9,9,13,13
Pt26_t2,KK138,lib1,Methotrexate,True,,9,9,13,13
Pt26_t2,KK138,lib1,Napabucasin,True,,9,9,13,13
Pt26_t2,KK138,lib1,Navitoclax,True,,9,9,13,13
Pt26_t2,KK138,lib1,Olaparib,True,,8,8,13,13
Pt26_t2,KK138,lib1,Palbociclib,True,,9,9,13,13
Pt26_t2,KK138,lib1,Panobinostat,True,,9,9,13,13
Pt26_t2,KK138,lib1,Pevonedistat,True,,9,9,13,13
Pt26_t2,KK138,lib1,Regorafenib,True,,9,9,13,13
Pt26_t2,KK138,lib1,SN-38,True,,5,5,13,13
Pt26_t2,KK138,lib1,Sirolimus,True,,8,8,13,13
Pt26_t2,KK138,lib1,TAS-102,True,,9,9,13,13
Pt26_t2,KK138,lib1,Trametinib,True,,9,9,13,13
Pt26_t2,KK138,lib1,Tretinoin,True,,9,9,13,13
Pt26_t2,KK138,lib1,Vitamin C,True,,9,9,13,13
Pt26_t2,KK138,lib1,Volasertib,True,,9,9,13,13
Pt28_t2,KK157,lib1,2-methoxyestradiol,True,,9,9,13,13
Pt28_t2,KK157,lib1,5-FU,True,,9,9,13,13
Pt28_t2,KK157,lib1,AZD7762,True,,9,9,13,13
Pt28_t2,KK157,lib1,Afatinib,True,,9,9,13,13
Pt28_t2,KK157,lib1,Alisertib,True,,9,9,13,13
Pt28_t2,KK157,lib1,Atorvastatin,True,,9,9,13,13
Pt28_t2,KK157,lib1,Bemcentinib,True,,9,9,13,13
Pt28_t2,KK157,lib1,Binimetinib,True,,9,9,13,13
Pt28_t2,KK157,lib1,Cetuximab,False,fewer than four paired drug doses,2,2,13,13
Pt28_t2,KK157,lib1,Crizotinib,True,,9,9,13,13
Pt28_t2,KK157,lib1,Disulfiram+Cu,True,,5,5,13,13
Pt28_t2,KK157,lib1,Eltanexor,True,,9,9,13,13
Pt28_t2,KK157,lib1,Encorafenib,True,,9,9,13,13
Pt28_t2,KK157,lib1,Erastin,True,,8,8,13,13
Pt28_t2,KK157,lib1,Erlotinib,True,,9,9,13,13
Pt28_t2,KK157,lib1,Gedatolisib,True,,9,9,13,13
Pt28_t2,KK157,lib1,Gemcitabine,True,,9,9,13,13
Pt28_t2,KK157,lib1,Idasanutlin,True,,9,9,13,13
Pt28_t2,KK157,lib1,Ipatasertib,True,,9,9,13,13
Pt28_t2,KK157,lib1,LCL161,True,,5,5,13,13
Pt28_t2,KK157,lib1,LGK974,True,,9,9,13,13
Pt28_t2,KK157,lib1,Lapatinib,True,,9,9,13,13
Pt28_t2,KK157,lib1,Linsitinib,True,,9,9,13,13
Pt28_t2,KK157,lib1,Luminespib,True,,9,9,13,13
Pt28_t2,KK157,lib1,Methotrexate,True,,9,9,13,13
Pt28_t2,KK157,lib1,Napabucasin,True,,9,9,13,13
Pt28_t2,KK157,lib1,Navitoclax,True,,9,9,13,13
Pt28_t2,KK157,lib1,Olaparib,True,,8,8,13,13
Pt28_t2,KK157,lib1,Oxaliplatin,True,,9,9,13,13
Pt28_t2,KK157,lib1,Palbociclib,True,,9,9,13,13
Pt28_t2,KK157,lib1,Panobinostat,True,,9,9,13,13
Pt28_t2,KK157,lib1,Pevonedistat,True,,9,9,13,13
Pt28_t2,KK157,lib1,Regorafenib,True,,9,9,13,13
Pt28_t2,KK157,lib1,SN-38,True,,5,5,13,13
Pt28_t2,KK157,lib1,Sirolimus,True,,8,8,13,13
Pt28_t2,KK157,lib1,TAS-102,True,,9,9,13,13
Pt28_t2,KK157,lib1,Trametinib,True,,9,9,13,13
Pt28_t2,KK157,lib1,Tretinoin,True,,9,9,13,13
Pt28_t2,KK157,lib1,Vitamin C,True,,9,9,13,13
Pt28_t2,KK157,lib1,Volasertib,True,,9,9,13,13
Pt28_t4,KK135,lib1,2-methoxyestradiol,True,,9,9,13,13
Pt28_t4,KK135,lib1,5-FU,True,,9,9,13,13
Pt28_t4,KK135,lib1,AZD7762,True,,9,9,13,13
Pt28_t4,KK135,lib1,Afatinib,True,,9,9,13,13
Pt28_t4,KK135,lib1,Alisertib,True,,9,9,13,13
Pt28_t4,KK135,lib1,Atorvastatin,True,,9,9,13,13
Pt28_t4,KK135,lib1,Bemcentinib,True,,9,9,13,13
Pt28_t4,KK135,lib1,Binimetinib,True,,9,9,13,13
Pt28_t4,KK135,lib1,Cetuximab,False,fewer than four paired drug doses,2,2,13,13
Pt28_t4,KK135,lib1,Crizotinib,True,,9,9,13,13
Pt28_t4,KK135,lib1,Disulfiram+Cu,True,,5,5,13,13
Pt28_t4,KK135,lib1,Eltanexor,True,,9,9,13,13
Pt28_t4,KK135,lib1,Encorafenib,True,,9,9,13,13
Pt28_t4,KK135,lib1,Erastin,True,,8,8,13,13
Pt28_t4,KK135,lib1,Erlotinib,True,,9,9,13,13
Pt28_t4,KK135,lib1,Gedatolisib,True,,9,9,13,13
Pt28_t4,KK135,lib1,Gemcitabine,True,,9,9,13,13
Pt28_t4,KK135,lib1,Idasanutlin,True,,9,9,13,13
Pt28_t4,KK135,lib1,Ipatasertib,True,,9,9,13,13
Pt28_t4,KK135,lib1,LCL161,True,,5,5,13,13
Pt28_t4,KK135,lib1,LGK974,True,,9,9,13,13
Pt28_t4,KK135,lib1,Lapatinib,True,,9,9,13,13
Pt28_t4,KK135,lib1,Linsitinib,True,,9,9,13,13
Pt28_t4,KK135,lib1,Luminespib,True,,9,9,13,13
Pt28_t4,KK135,lib1,Methotrexate,True,,9,9,13,13
Pt28_t4,KK135,lib1,Napabucasin,True,,9,9,13,13
Pt28_t4,KK135,lib1,Navitoclax,True,,9,9,13,13
Pt28_t4,KK135,lib1,Olaparib,True,,8,8,13,13
Pt28_t4,KK135,lib1,Palbociclib,True,,9,9,13,13
Pt28_t4,KK135,lib1,Panobinostat,True,,9,9,13,13
Pt28_t4,KK135,lib1,Pevonedistat,True,,9,9,13,13
Pt28_t4,KK135,lib1,Regorafenib,True,,9,9,13,13
Pt28_t4,KK135,lib1,SN-38,True,,5,5,13,13
Pt28_t4,KK135,lib1,Sirolimus,True,,8,8,13,13
Pt28_t4,KK135,lib1,TAS-102,True,,9,9,13,13
Pt28_t4,KK135,lib1,Trametinib,True,,9,9,13,13
Pt28_t4,KK135,lib1,Tretinoin,True,,9,9,13,13
Pt28_t4,KK135,lib1,Vitamin C,True,,9,9,13,13
Pt28_t4,KK135,lib1,Volasertib,True,,9,9,13,13
Pt29_t1,KK140,lib1,2-methoxyestradiol,True,,9,9,13,13
Pt29_t1,KK140,lib1,5-FU,True,,9,9,13,13
Pt29_t1,KK140,lib1,AZD7762,True,,9,9,13,13
Pt29_t1,KK140,lib1,Afatinib,True,,9,9,13,13
Pt29_t1,KK140,lib1,Alisertib,True,,9,9,13,13
Pt29_t1,KK140,lib1,Atorvastatin,True,,9,9,13,13
Pt29_t1,KK140,lib1,Bemcentinib,True,,9,9,13,13
Pt29_t1,KK140,lib1,Binimetinib,True,,9,9,13,13
Pt29_t1,KK140,lib1,Cetuximab,False,fewer than four paired drug doses,2,2,13,13
Pt29_t1,KK140,lib1,Crizotinib,True,,9,9,13,13
Pt29_t1,KK140,lib1,Disulfiram+Cu,True,,5,5,13,13
Pt29_t1,KK140,lib1,Eltanexor,True,,9,9,13,13
Pt29_t1,KK140,lib1,Encorafenib,True,,9,9,13,13
Pt29_t1,KK140,lib1,Erastin,True,,8,8,13,13
Pt29_t1,KK140,lib1,Erlotinib,True,,9,9,13,13
Pt29_t1,KK140,lib1,Gedatolisib,True,,9,9,13,13
Pt29_t1,KK140,lib1,Gemcitabine,True,,9,9,13,13
Pt29_t1,KK140,lib1,Idasanutlin,True,,9,9,13,13
Pt29_t1,KK140,lib1,Ipatasertib,True,,9,9,13,13
Pt29_t1,KK140,lib1,LCL161,True,,5,5,13,13
Pt29_t1,KK140,lib1,LGK974,True,,9,9,13,13
Pt29_t1,KK140,lib1,Lapatinib,True,,9,9,13,13
Pt29_t1,KK140,lib1,Linsitinib,True,,9,9,13,13
Pt29_t1,KK140,lib1,Luminespib,True,,9,9,13,13
Pt29_t1,KK140,lib1,Methotrexate,True,,9,9,13,13
Pt29_t1,KK140,lib1,Napabucasin,True,,9,9,13,13
Pt29_t1,KK140,lib1,Navitoclax,True,,9,9,13,13
Pt29_t1,KK140,lib1,Olaparib,True,,8,8,13,13
Pt29_t1,KK140,lib1,Palbociclib,True,,9,9,13,13
Pt29_t1,KK140,lib1,Panobinostat,True,,9,9,13,13
Pt29_t1,KK140,lib1,Pevonedistat,True,,9,9,13,13
Pt29_t1,KK140,lib1,Regorafenib,True,,9,9,13,13
Pt29_t1,KK140,lib1,SN-38,True,,5,5,13,13
Pt29_t1,KK140,lib1,Sirolimus,True,,8,8,13,13
Pt29_t1,KK140,lib1,TAS-102,True,,9,9,13,13
Pt29_t1,KK140,lib1,Trametinib,True,,9,9,13,13
Pt29_t1,KK140,lib1,Tretinoin,True,,9,9,13,13
Pt29_t1,KK140,lib1,Vitamin C,True,,9,9,13,13
Pt29_t1,KK140,lib1,Volasertib,True,,9,9,13,13
Pt29_t2,KK139,lib1,2-methoxyestradiol,True,,9,9,13,13
Pt29_t2,KK139,lib1,5-FU,True,,9,9,13,13
Pt29_t2,KK139,lib1,AZD7762,True,,9,9,13,13
Pt29_t2,KK139,lib1,Afatinib,True,,9,9,13,13
Pt29_t2,KK139,lib1,Alisertib,True,,9,9,13,13
Pt29_t2,KK139,lib1,Atorvastatin,True,,9,9,13,13
Pt29_t2,KK139,lib1,Bemcentinib,True,,9,9,13,13
Pt29_t2,KK139,lib1,Binimetinib,True,,9,9,13,13
Pt29_t2,KK139,lib1,Cetuximab,False,fewer than four paired drug doses,2,2,13,13
Pt29_t2,KK139,lib1,Crizotinib,True,,9,9,13,13
Pt29_t2,KK139,lib1,Disulfiram+Cu,True,,5,5,13,13
Pt29_t2,KK139,lib1,Eltanexor,True,,9,9,13,13
Pt29_t2,KK139,lib1,Encorafenib,True,,9,9,13,13
Pt29_t2,KK139,lib1,Erastin,True,,8,8,13,13
Pt29_t2,KK139,lib1,Erlotinib,True,,9,9,13,13
Pt29_t2,KK139,lib1,Gedatolisib,True,,9,9,13,13
Pt29_t2,KK139,lib1,Gemcitabine,True,,9,9,13,13
Pt29_t2,KK139,lib1,Idasanutlin,True,,9,9,13,13
Pt29_t2,KK139,lib1,Ipatasertib,True,,9,9,13,13
Pt29_t2,KK139,lib1,LCL161,True,,5,5,13,13
Pt29_t2,KK139,lib1,LGK974,True,,9,9,13,13
Pt29_t2,KK139,lib1,Lapatinib,True,,9,9,13,13
Pt29_t2,KK139,lib1,Linsitinib,True,,9,9,13,13
Pt29_t2,KK139,lib1,Luminespib,True,,9,9,13,13
Pt29_t2,KK139,lib1,Methotrexate,True,,9,9,13,13
Pt29_t2,KK139,lib1,Napabucasin,True,,9,9,13,13
Pt29_t2,KK139,lib1,Navitoclax,True,,9,9,13,13
Pt29_t2,KK139,lib1,Olaparib,True,,8,8,13,13
Pt29_t2,KK139,lib1,Palbociclib,True,,9,9,13,13
Pt29_t2,KK139,lib1,Panobinostat,True,,9,9,13,13
Pt29_t2,KK139,lib1,Pevonedistat,True,,9,9,13,13
Pt29_t2,KK139,lib1,Regorafenib,True,,9,9,13,13
Pt29_t2,KK139,lib1,SN-38,True,,5,5,13,13
Pt29_t2,KK139,lib1,Sirolimus,True,,8,8,13,13
Pt29_t2,KK139,lib1,TAS-102,True,,9,9,13,13
Pt29_t2,KK139,lib1,Trametinib,True,,9,9,13,13
Pt29_t2,KK139,lib1,Tretinoin,True,,9,9,13,13
Pt29_t2,KK139,lib1,Vitamin C,True,,9,9,13,13
Pt29_t2,KK139,lib1,Volasertib,True,,9,9,13,13
Pt29_t3,KK133,lib1,2-methoxyestradiol,True,,9,9,13,13
Pt29_t3,KK133,lib1,5-FU,True,,9,9,13,13
Pt29_t3,KK133,lib1,AZD7762,True,,9,9,13,13
Pt29_t3,KK133,lib1,Afatinib,True,,9,9,13,13
Pt29_t3,KK133,lib1,Alisertib,True,,9,9,13,13
Pt29_t3,KK133,lib1,Atorvastatin,True,,9,9,13,13
Pt29_t3,KK133,lib1,Bemcentinib,True,,9,9,13,13
Pt29_t3,KK133,lib1,Binimetinib,True,,9,9,13,13
Pt29_t3,KK133,lib1,Cetuximab,False,fewer than four paired drug doses,2,2,13,13
Pt29_t3,KK133,lib1,Crizotinib,True,,9,9,13,13
Pt29_t3,KK133,lib1,Disulfiram+Cu,True,,5,5,13,13
Pt29_t3,KK133,lib1,Eltanexor,True,,9,9,13,13
Pt29_t3,KK133,lib1,Encorafenib,True,,9,9,13,13
Pt29_t3,KK133,lib1,Erastin,True,,8,8,13,13
Pt29_t3,KK133,lib1,Erlotinib,True,,9,9,13,13
Pt29_t3,KK133,lib1,Gedatolisib,True,,9,9,13,13
Pt29_t3,KK133,lib1,Gemcitabine,True,,9,9,13,13
Pt29_t3,KK133,lib1,Idasanutlin,True,,9,9,13,13
Pt29_t3,KK133,lib1,Ipatasertib,True,,9,9,13,13
Pt29_t3,KK133,lib1,LCL161,True,,5,5,13,13
Pt29_t3,KK133,lib1,LGK974,True,,9,9,13,13
Pt29_t3,KK133,lib1,Lapatinib,True,,9,9,13,13
Pt29_t3,KK133,lib1,Linsitinib,True,,9,9,13,13
Pt29_t3,KK133,lib1,Luminespib,True,,9,9,13,13
Pt29_t3,KK133,lib1,Methotrexate,True,,9,9,13,13
Pt29_t3,KK133,lib1,Napabucasin,True,,9,9,13,13
Pt29_t3,KK133,lib1,Navitoclax,True,,9,9,13,13
Pt29_t3,KK133,lib1,Olaparib,True,,8,8,13,13
Pt29_t3,KK133,lib1,Palbociclib,True,,9,9,13,13
Pt29_t3,KK133,lib1,Panobinostat,True,,9,9,13,13
Pt29_t3,KK133,lib1,Pevonedistat,True,,9,9,13,13
Pt29_t3,KK133,lib1,Regorafenib,True,,9,9,13,13
Pt29_t3,KK133,lib1,SN-38,True,,5,5,13,13
Pt29_t3,KK133,lib1,Sirolimus,True,,8,8,13,13
Pt29_t3,KK133,lib1,TAS-102,True,,9,9,13,13
Pt29_t3,KK133,lib1,Trametinib,True,,9,9,13,13
Pt29_t3,KK133,lib1,Tretinoin,True,,9,9,13,13
Pt29_t3,KK133,lib1,Vitamin C,True,,9,9,13,13
Pt29_t3,KK133,lib1,Volasertib,True,,9,9,13,13
Pt30_t2,KK146,lib1,2-methoxyestradiol,True,,9,9,13,13
Pt30_t2,KK146,lib1,5-FU,True,,9,9,13,13
Pt30_t2,KK146,lib1,AZD7762,True,,9,9,13,13
Pt30_t2,KK146,lib1,Afatinib,True,,9,9,13,13
Pt30_t2,KK146,lib1,Alisertib,True,,9,9,13,13
Pt30_t2,KK146,lib1,Atorvastatin,True,,9,9,13,13
Pt30_t2,KK146,lib1,Bemcentinib,True,,9,9,13,13
Pt30_t2,KK146,lib1,Binimetinib,True,,9,9,13,13
Pt30_t2,KK146,lib1,Cetuximab,False,fewer than four paired drug doses,2,2,13,13
Pt30_t2,KK146,lib1,Crizotinib,True,,9,9,13,13
Pt30_t2,KK146,lib1,Disulfiram+Cu,True,,5,5,13,13
Pt30_t2,KK146,lib1,Eltanexor,True,,9,9,13,13
Pt30_t2,KK146,lib1,Encorafenib,True,,9,9,13,13
Pt30_t2,KK146,lib1,Erastin,True,,8,8,13,13
Pt30_t2,KK146,lib1,Erlotinib,True,,9,9,13,13
Pt30_t2,KK146,lib1,Gedatolisib,True,,9,9,13,13
Pt30_t2,KK146,lib1,Gemcitabine,True,,9,9,13,13
Pt30_t2,KK146,lib1,Idasanutlin,True,,9,9,13,13
Pt30_t2,KK146,lib1,Ipatasertib,True,,9,9,13,13
Pt30_t2,KK146,lib1,LCL161,True,,5,5,13,13
Pt30_t2,KK146,lib1,LGK974,True,,9,9,13,13
Pt30_t2,KK146,lib1,Lapatinib,True,,9,9,13,13
Pt30_t2,KK146,lib1,Linsitinib,True,,9,9,13,13
Pt30_t2,KK146,lib1,Luminespib,True,,9,9,13,13
Pt30_t2,KK146,lib1,Methotrexate,True,,9,9,13,13
Pt30_t2,KK146,lib1,Napabucasin,True,,9,9,13,13
Pt30_t2,KK146,lib1,Navitoclax,True,,9,9,13,13
Pt30_t2,KK146,lib1,Olaparib,True,,8,8,13,13
Pt30_t2,KK146,lib1,Palbociclib,True,,9,9,13,13
Pt30_t2,KK146,lib1,Panobinostat,True,,9,9,13,13
Pt30_t2,KK146,lib1,Pevonedistat,True,,9,9,13,13
Pt30_t2,KK146,lib1,Regorafenib,True,,9,9,13,13
Pt30_t2,KK146,lib1,SN-38,True,,5,5,13,13
Pt30_t2,KK146,lib1,Sirolimus,True,,8,8,13,13
Pt30_t2,KK146,lib1,TAS-102,True,,9,9,13,13
Pt30_t2,KK146,lib1,Trametinib,True,,9,9,13,13
Pt30_t2,KK146,lib1,Tretinoin,True,,9,9,13,13
Pt30_t2,KK146,lib1,Vitamin C,True,,9,9,13,13
Pt30_t2,KK146,lib1,Volasertib,True,,9,9,13,13
Pt31_t1,KK150,lib1,2-methoxyestradiol,True,,9,9,13,13
Pt31_t1,KK150,lib1,5-FU,True,,9,9,13,13
Pt31_t1,KK150,lib1,AZD7762,True,,9,9,13,13
Pt31_t1,KK150,lib1,Afatinib,True,,9,9,13,13
Pt31_t1,KK150,lib1,Alisertib,True,,9,9,13,13
Pt31_t1,KK150,lib1,Atorvastatin,True,,9,9,13,13
Pt31_t1,KK150,lib1,Bemcentinib,True,,9,9,13,13
Pt31_t1,KK150,lib1,Binimetinib,True,,9,9,13,13
Pt31_t1,KK150,lib1,Cetuximab,False,fewer than four paired drug doses,2,2,13,13
Pt31_t1,KK150,lib1,Crizotinib,True,,9,9,13,13
Pt31_t1,KK150,lib1,Disulfiram+Cu,True,,5,5,13,13
Pt31_t1,KK150,lib1,Eltanexor,True,,9,9,13,13
Pt31_t1,KK150,lib1,Encorafenib,True,,9,9,13,13
Pt31_t1,KK150,lib1,Erastin,True,,8,8,13,13
Pt31_t1,KK150,lib1,Erlotinib,True,,9,9,13,13
Pt31_t1,KK150,lib1,Gedatolisib,True,,9,9,13,13
Pt31_t1,KK150,lib1,Gemcitabine,True,,9,9,13,13
Pt31_t1,KK150,lib1,Idasanutlin,True,,9,9,13,13
Pt31_t1,KK150,lib1,Ipatasertib,True,,9,9,13,13
Pt31_t1,KK150,lib1,LCL161,True,,5,5,13,13
Pt31_t1,KK150,lib1,LGK974,True,,9,9,13,13
Pt31_t1,KK150,lib1,Lapatinib,True,,9,9,13,13
Pt31_t1,KK150,lib1,Linsitinib,True,,9,9,13,13
Pt31_t1,KK150,lib1,Luminespib,True,,9,9,13,13
Pt31_t1,KK150,lib1,Methotrexate,True,,9,9,13,13
Pt31_t1,KK150,lib1,Napabucasin,True,,9,9,13,13
Pt31_t1,KK150,lib1,Navitoclax,True,,9,9,13,13
Pt31_t1,KK150,lib1,Olaparib,True,,8,8,13,13
Pt31_t1,KK150,lib1,Palbociclib,True,,9,9,13,13
Pt31_t1,KK150,lib1,Panobinostat,True,,9,9,13,13
Pt31_t1,KK150,lib1,Pevonedistat,True,,9,9,13,13
Pt31_t1,KK150,lib1,Regorafenib,True,,9,9,13,13
Pt31_t1,KK150,lib1,SN-38,True,,5,5,13,13
Pt31_t1,KK150,lib1,Sirolimus,True,,8,8,13,13
Pt31_t1,KK150,lib1,TAS-102,True,,9,9,13,13
Pt31_t1,KK150,lib1,Trametinib,True,,9,9,13,13
Pt31_t1,KK150,lib1,Tretinoin,True,,9,9,13,13
Pt31_t1,KK150,lib1,Vitamin C,True,,9,9,13,13
Pt31_t1,KK150,lib1,Volasertib,True,,9,9,13,13
Pt31_t2,KK151,lib1,2-methoxyestradiol,True,,9,9,13,13
Pt31_t2,KK151,lib1,5-FU,True,,9,9,13,13
Pt31_t2,KK151,lib1,AZD7762,True,,9,9,13,13
Pt31_t2,KK151,lib1,Afatinib,True,,9,9,13,13
Pt31_t2,KK151,lib1,Alisertib,True,,9,9,13,13
Pt31_t2,KK151,lib1,Atorvastatin,True,,9,9,13,13
Pt31_t2,KK151,lib1,Bemcentinib,True,,9,9,13,13
Pt31_t2,KK151,lib1,Binimetinib,True,,9,9,13,13
Pt31_t2,KK151,lib1,Cetuximab,False,fewer than four paired drug doses,2,2,13,13
Pt31_t2,KK151,lib1,Crizotinib,True,,9,9,13,13
Pt31_t2,KK151,lib1,Disulfiram+Cu,True,,5,5,13,13
Pt31_t2,KK151,lib1,Eltanexor,True,,9,9,13,13
Pt31_t2,KK151,lib1,Encorafenib,True,,9,9,13,13
Pt31_t2,KK151,lib1,Erastin,True,,8,8,13,13
Pt31_t2,KK151,lib1,Erlotinib,True,,9,9,13,13
Pt31_t2,KK151,lib1,Gedatolisib,True,,9,9,13,13
Pt31_t2,KK151,lib1,Gemcitabine,True,,9,9,13,13
Pt31_t2,KK151,lib1,Idasanutlin,True,,9,9,13,13
Pt31_t2,KK151,lib1,Ipatasertib,True,,9,9,13,13
Pt31_t2,KK151,lib1,LCL161,True,,5,5,13,13
Pt31_t2,KK151,lib1,LGK974,True,,9,9,13,13
Pt31_t2,KK151,lib1,Lapatinib,True,,9,9,13,13
Pt31_t2,KK151,lib1,Linsitinib,True,,9,9,13,13
Pt31_t2,KK151,lib1,Luminespib,True,,9,9,13,13
Pt31_t2,KK151,lib1,Methotrexate,True,,9,9,13,13
Pt31_t2,KK151,lib1,Napabucasin,True,,9,9,13,13
Pt31_t2,KK151,lib1,Navitoclax,True,,9,9,13,13
Pt31_t2,KK151,lib1,Olaparib,True,,8,8,13,13
Pt31_t2,KK151,lib1,Palbociclib,True,,9,9,13,13
Pt31_t2,KK151,lib1,Panobinostat,True,,9,9,13,13
Pt31_t2,KK151,lib1,Pevonedistat,True,,9,9,13,13
Pt31_t2,KK151,lib1,Regorafenib,True,,9,9,13,13
Pt31_t2,KK151,lib1,SN-38,True,,5,5,13,13
Pt31_t2,KK151,lib1,Sirolimus,True,,8,8,13,13
Pt31_t2,KK151,lib1,TAS-102,True,,9,9,13,13
Pt31_t2,KK151,lib1,Trametinib,True,,9,9,13,13
Pt31_t2,KK151,lib1,Tretinoin,True,,9,9,13,13
Pt31_t2,KK151,lib1,Vitamin C,True,,9,9,13,13
Pt31_t2,KK151,lib1,Volasertib,True,,9,9,13,13
Pt32_t1,KK144,lib1,2-methoxyestradiol,True,,9,9,13,13
Pt32_t1,KK144,lib1,5-FU,True,,9,9,13,13
Pt32_t1,KK144,lib1,AZD7762,True,,9,9,13,13
Pt32_t1,KK144,lib1,Afatinib,True,,9,9,13,13
Pt32_t1,KK144,lib1,Alisertib,True,,9,9,13,13
Pt32_t1,KK144,lib1,Atorvastatin,True,,9,9,13,13
Pt32_t1,KK144,lib1,Bemcentinib,True,,9,9,13,13
Pt32_t1,KK144,lib1,Binimetinib,True,,9,9,13,13
Pt32_t1,KK144,lib1,Cetuximab,False,fewer than four paired drug doses,2,2,13,13
Pt32_t1,KK144,lib1,Crizotinib,True,,9,9,13,13
Pt32_t1,KK144,lib1,Disulfiram+Cu,True,,5,5,13,13
Pt32_t1,KK144,lib1,Eltanexor,True,,9,9,13,13
Pt32_t1,KK144,lib1,Encorafenib,True,,9,9,13,13
Pt32_t1,KK144,lib1,Erastin,True,,8,8,13,13
Pt32_t1,KK144,lib1,Erlotinib,True,,9,9,13,13
Pt32_t1,KK144,lib1,Gedatolisib,True,,9,9,13,13
Pt32_t1,KK144,lib1,Gemcitabine,True,,9,9,13,13
Pt32_t1,KK144,lib1,Idasanutlin,True,,9,9,13,13
Pt32_t1,KK144,lib1,Ipatasertib,True,,9,9,13,13
Pt32_t1,KK144,lib1,LCL161,True,,5,5,13,13
Pt32_t1,KK144,lib1,LGK974,True,,9,9,13,13
Pt32_t1,KK144,lib1,Lapatinib,True,,9,9,13,13
Pt32_t1,KK144,lib1,Linsitinib,True,,9,9,13,13
Pt32_t1,KK144,lib1,Luminespib,True,,9,9,13,13
Pt32_t1,KK144,lib1,Methotrexate,True,,9,9,13,13
Pt32_t1,KK144,lib1,Napabucasin,True,,9,9,13,13
Pt32_t1,KK144,lib1,Navitoclax,True,,9,9,13,13
Pt32_t1,KK144,lib1,Olaparib,True,,8,8,13,13
Pt32_t1,KK144,lib1,Palbociclib,True,,9,9,13,13
Pt32_t1,KK144,lib1,Panobinostat,True,,9,9,13,13
Pt32_t1,KK144,lib1,Pevonedistat,True,,9,9,13,13
Pt32_t1,KK144,lib1,Regorafenib,True,,9,9,13,13
Pt32_t1,KK144,lib1,SN-38,True,,5,5,13,13
Pt32_t1,KK144,lib1,Sirolimus,True,,8,8,13,13
Pt32_t1,KK144,lib1,TAS-102,True,,9,9,13,13
Pt32_t1,KK144,lib1,Trametinib,True,,9,9,13,13
Pt32_t1,KK144,lib1,Tretinoin,True,,9,9,13,13
Pt32_t1,KK144,lib1,Vitamin C,True,,9,9,13,13
Pt32_t1,KK144,lib1,Volasertib,True,,9,9,13,13
Pt32_t2,KK147,lib1,2-methoxyestradiol,True,,9,9,13,13
Pt32_t2,KK147,lib1,5-FU,True,,9,9,13,13
Pt32_t2,KK147,lib1,AZD7762,True,,9,9,13,13
Pt32_t2,KK147,lib1,Afatinib,True,,9,9,13,13
Pt32_t2,KK147,lib1,Alisertib,True,,9,9,13,13
Pt32_t2,KK147,lib1,Atorvastatin,True,,9,9,13,13
Pt32_t2,KK147,lib1,Bemcentinib,True,,9,9,13,13
Pt32_t2,KK147,lib1,Binimetinib,True,,9,9,13,13
Pt32_t2,KK147,lib1,Cetuximab,False,fewer than four paired drug doses,2,2,13,13
Pt32_t2,KK147,lib1,Crizotinib,True,,9,9,13,13
Pt32_t2,KK147,lib1,Disulfiram+Cu,True,,5,5,13,13
Pt32_t2,KK147,lib1,Eltanexor,True,,9,9,13,13
Pt32_t2,KK147,lib1,Encorafenib,True,,9,9,13,13
Pt32_t2,KK147,lib1,Erastin,True,,8,8,13,13
Pt32_t2,KK147,lib1,Erlotinib,True,,9,9,13,13
Pt32_t2,KK147,lib1,Gedatolisib,True,,9,9,13,13
Pt32_t2,KK147,lib1,Gemcitabine,True,,9,9,13,13
Pt32_t2,KK147,lib1,Idasanutlin,True,,9,9,13,13
Pt32_t2,KK147,lib1,Ipatasertib,True,,9,9,13,13
Pt32_t2,KK147,lib1,LCL161,True,,5,5,13,13
Pt32_t2,KK147,lib1,LGK974,True,,9,9,13,13
Pt32_t2,KK147,lib1,Lapatinib,True,,9,9,13,13
Pt32_t2,KK147,lib1,Linsitinib,True,,9,9,13,13
Pt32_t2,KK147,lib1,Luminespib,True,,9,9,13,13
Pt32_t2,KK147,lib1,Methotrexate,True,,9,9,13,13
Pt32_t2,KK147,lib1,Napabucasin,True,,9,9,13,13
Pt32_t2,KK147,lib1,Navitoclax,True,,9,9,13,13
Pt32_t2,KK147,lib1,Olaparib,True,,8,8,13,13
Pt32_t2,KK147,lib1,Palbociclib,True,,9,9,13,13
Pt32_t2,KK147,lib1,Panobinostat,True,,9,9,13,13
Pt32_t2,KK147,lib1,Pevonedistat,True,,9,9,13,13
Pt32_t2,KK147,lib1,Regorafenib,True,,9,9,13,13
Pt32_t2,KK147,lib1,SN-38,True,,5,5,13,13
Pt32_t2,KK147,lib1,Sirolimus,True,,8,8,13,13
Pt32_t2,KK147,lib1,TAS-102,True,,9,9,13,13
Pt32_t2,KK147,lib1,Trametinib,True,,9,9,13,13
Pt32_t2,KK147,lib1,Tretinoin,True,,9,9,13,13
Pt32_t2,KK147,lib1,Vitamin C,True,,9,9,13,13
Pt32_t2,KK147,lib1,Volasertib,True,,9,9,13,13
Pt32_t3,KK145,lib1,2-methoxyestradiol,True,,9,9,13,13
Pt32_t3,KK145,lib1,5-FU,True,,9,9,13,13
Pt32_t3,KK145,lib1,AZD7762,True,,9,9,13,13
Pt32_t3,KK145,lib1,Afatinib,True,,9,9,13,13
Pt32_t3,KK145,lib1,Alisertib,True,,9,9,13,13
Pt32_t3,KK145,lib1,Atorvastatin,True,,9,9,13,13
Pt32_t3,KK145,lib1,Bemcentinib,True,,9,9,13,13
Pt32_t3,KK145,lib1,Binimetinib,True,,9,9,13,13
Pt32_t3,KK145,lib1,Cetuximab,False,fewer than four paired drug doses,2,2,13,13
Pt32_t3,KK145,lib1,Crizotinib,True,,9,9,13,13
Pt32_t3,KK145,lib1,Disulfiram+Cu,True,,5,5,13,13
Pt32_t3,KK145,lib1,Eltanexor,True,,9,9,13,13
Pt32_t3,KK145,lib1,Encorafenib,True,,9,9,13,13
Pt32_t3,KK145,lib1,Erastin,True,,8,8,13,13
Pt32_t3,KK145,lib1,Erlotinib,True,,9,9,13,13
Pt32_t3,KK145,lib1,Gedatolisib,True,,9,9,13,13
Pt32_t3,KK145,lib1,Gemcitabine,True,,9,9,13,13
Pt32_t3,KK145,lib1,Idasanutlin,True,,9,9,13,13
Pt32_t3,KK145,lib1,Ipatasertib,True,,9,9,13,13
Pt32_t3,KK145,lib1,LCL161,True,,5,5,13,13
Pt32_t3,KK145,lib1,LGK974,True,,9,9,13,13
Pt32_t3,KK145,lib1,Lapatinib,True,,9,9,13,13
Pt32_t3,KK145,lib1,Linsitinib,True,,9,9,13,13
Pt32_t3,KK145,lib1,Luminespib,True,,9,9,13,13
Pt32_t3,KK145,lib1,Methotrexate,True,,9,9,13,13
Pt32_t3,KK145,lib1,Napabucasin,True,,9,9,13,13
Pt32_t3,KK145,lib1,Navitoclax,True,,9,9,13,13
Pt32_t3,KK145,lib1,Olaparib,True,,8,8,13,13
Pt32_t3,KK145,lib1,Palbociclib,True,,9,9,13,13
Pt32_t3,KK145,lib1,Panobinostat,True,,9,9,13,13
Pt32_t3,KK145,lib1,Pevonedistat,True,,9,9,13,13
Pt32_t3,KK145,lib1,Regorafenib,True,,9,9,13,13
Pt32_t3,KK145,lib1,SN-38,True,,5,5,13,13
Pt32_t3,KK145,lib1,Sirolimus,True,,8,8,13,13
Pt32_t3,KK145,lib1,TAS-102,True,,9,9,13,13
Pt32_t3,KK145,lib1,Trametinib,True,,9,9,13,13
Pt32_t3,KK145,lib1,Tretinoin,True,,9,9,13,13
Pt32_t3,KK145,lib1,Vitamin C,True,,9,9,13,13
Pt32_t3,KK145,lib1,Volasertib,True,,9,9,13,13
Pt33_t2,KK153,lib1,2-methoxyestradiol,True,,9,9,13,13
Pt33_t2,KK153,lib1,5-FU,True,,9,9,13,13
Pt33_t2,KK153,lib1,AZD7762,True,,9,9,13,13
Pt33_t2,KK153,lib1,Afatinib,True,,9,9,13,13
Pt33_t2,KK153,lib1,Alisertib,True,,9,9,13,13
Pt33_t2,KK153,lib1,Atorvastatin,True,,9,9,13,13
Pt33_t2,KK153,lib1,Bemcentinib,True,,9,9,13,13
Pt33_t2,KK153,lib1,Binimetinib,True,,9,9,13,13
Pt33_t2,KK153,lib1,Cetuximab,False,fewer than four paired drug doses,2,2,13,13
Pt33_t2,KK153,lib1,Crizotinib,True,,9,9,13,13
Pt33_t2,KK153,lib1,Disulfiram+Cu,True,,5,5,13,13
Pt33_t2,KK153,lib1,Eltanexor,True,,9,9,13,13
Pt33_t2,KK153,lib1,Encorafenib,True,,9,9,13,13
Pt33_t2,KK153,lib1,Erastin,True,,8,8,13,13
Pt33_t2,KK153,lib1,Erlotinib,True,,9,9,13,13
Pt33_t2,KK153,lib1,Gedatolisib,True,,9,9,13,13
Pt33_t2,KK153,lib1,Gemcitabine,True,,9,9,13,13
Pt33_t2,KK153,lib1,Idasanutlin,True,,9,9,13,13
Pt33_t2,KK153,lib1,Ipatasertib,True,,9,9,13,13
Pt33_t2,KK153,lib1,LCL161,True,,5,5,13,13
Pt33_t2,KK153,lib1,LGK974,True,,9,9,13,13
Pt33_t2,KK153,lib1,Lapatinib,True,,9,9,13,13
Pt33_t2,KK153,lib1,Linsitinib,True,,9,9,13,13
Pt33_t2,KK153,lib1,Luminespib,True,,9,9,13,13
Pt33_t2,KK153,lib1,Methotrexate,True,,9,9,13,13
Pt33_t2,KK153,lib1,Napabucasin,True,,9,9,13,13
Pt33_t2,KK153,lib1,Navitoclax,True,,9,9,13,13
Pt33_t2,KK153,lib1,Olaparib,True,,8,8,13,13
Pt33_t2,KK153,lib1,Oxaliplatin,True,,9,9,13,13
Pt33_t2,KK153,lib1,Palbociclib,True,,9,9,13,13
Pt33_t2,KK153,lib1,Panobinostat,True,,9,9,13,13
Pt33_t2,KK153,lib1,Pevonedistat,True,,9,9,13,13
Pt33_t2,KK153,lib1,Regorafenib,True,,9,9,13,13
Pt33_t2,KK153,lib1,SN-38,True,,5,5,13,13
Pt33_t2,KK153,lib1,Sirolimus,True,,8,8,13,13
Pt33_t2,KK153,lib1,TAS-102,True,,9,9,13,13
Pt33_t2,KK153,lib1,Trametinib,True,,9,9,13,13
Pt33_t2,KK153,lib1,Tretinoin,True,,9,9,13,13
Pt33_t2,KK153,lib1,Vitamin C,True,,9,9,13,13
Pt33_t2,KK153,lib1,Volasertib,True,,9,9,13,13
Pt35_t2,KK164,lib1,2-methoxyestradiol,True,,9,9,13,13
Pt35_t2,KK164,lib1,5-FU,True,,9,9,13,13
Pt35_t2,KK164,lib1,AZD7762,True,,9,9,13,13
Pt35_t2,KK164,lib1,Afatinib,True,,9,9,13,13
Pt35_t2,KK164,lib1,Alisertib,True,,9,9,13,13
Pt35_t2,KK164,lib1,Atorvastatin,True,,9,9,13,13
Pt35_t2,KK164,lib1,Bemcentinib,True,,9,9,13,13
Pt35_t2,KK164,lib1,Binimetinib,True,,9,9,13,13
Pt35_t2,KK164,lib1,Cetuximab,False,fewer than four paired drug doses,2,2,13,13
Pt35_t2,KK164,lib1,Crizotinib,True,,9,9,13,13
Pt35_t2,KK164,lib1,Disulfiram+Cu,True,,5,5,13,13
Pt35_t2,KK164,lib1,Eltanexor,True,,9,9,13,13
Pt35_t2,KK164,lib1,Encorafenib,True,,9,9,13,13
Pt35_t2,KK164,lib1,Erastin,True,,8,8,13,13
Pt35_t2,KK164,lib1,Erlotinib,True,,9,9,13,13
Pt35_t2,KK164,lib1,Gedatolisib,True,,9,9,13,13
Pt35_t2,KK164,lib1,Gemcitabine,True,,9,9,13,13
Pt35_t2,KK164,lib1,Idasanutlin,True,,9,9,13,13
Pt35_t2,KK164,lib1,Ipatasertib,True,,9,9,13,13
Pt35_t2,KK164,lib1,LCL161,True,,5,5,13,13
Pt35_t2,KK164,lib1,LGK974,True,,9,9,13,13
Pt35_t2,KK164,lib1,Lapatinib,True,,9,9,13,13
Pt35_t2,KK164,lib1,Linsitinib,True,,9,9,13,13
Pt35_t2,KK164,lib1,Luminespib,True,,9,9,13,13
Pt35_t2,KK164,lib1,Methotrexate,True,,9,9,13,13
Pt35_t2,KK164,lib1,Napabucasin,True,,9,9,13,13
Pt35_t2,KK164,lib1,Navitoclax,True,,9,9,13,13
Pt35_t2,KK164,lib1,Olaparib,True,,8,8,13,13
Pt35_t2,KK164,lib1,Oxaliplatin,True,,9,9,13,13
Pt35_t2,KK164,lib1,Palbociclib,True,,9,9,13,13
Pt35_t2,KK164,lib1,Panobinostat,True,,9,9,13,13
Pt35_t2,KK164,lib1,Pevonedistat,True,,9,9,13,13
Pt35_t2,KK164,lib1,Regorafenib,True,,9,9,13,13
Pt35_t2,KK164,lib1,SN-38,True,,5,5,13,13
Pt35_t2,KK164,lib1,Sirolimus,True,,8,8,13,13
Pt35_t2,KK164,lib1,TAS-102,True,,9,9,13,13
Pt35_t2,KK164,lib1,Trametinib,True,,9,9,13,13
Pt35_t2,KK164,lib1,Tretinoin,True,,9,9,13,13
Pt35_t2,KK164,lib1,Vitamin C,True,,9,9,13,13
Pt35_t2,KK164,lib1,Volasertib,True,,9,9,13,13
Pt37_t1,KK161,lib1,2-methoxyestradiol,True,,9,9,13,13
Pt37_t1,KK161,lib1,5-FU,True,,9,9,13,13
Pt37_t1,KK161,lib1,AZD7762,True,,9,9,13,13
Pt37_t1,KK161,lib1,Afatinib,True,,9,9,13,13
Pt37_t1,KK161,lib1,Alisertib,True,,9,9,13,13
Pt37_t1,KK161,lib1,Atorvastatin,True,,9,9,13,13
Pt37_t1,KK161,lib1,Bemcentinib,True,,9,9,13,13
Pt37_t1,KK161,lib1,Binimetinib,True,,9,9,13,13
Pt37_t1,KK161,lib1,Cetuximab,False,fewer than four paired drug doses,2,2,13,13
Pt37_t1,KK161,lib1,Crizotinib,True,,9,9,13,13
Pt37_t1,KK161,lib1,Disulfiram+Cu,True,,5,5,13,13
Pt37_t1,KK161,lib1,Eltanexor,True,,9,9,13,13
Pt37_t1,KK161,lib1,Encorafenib,True,,9,9,13,13
Pt37_t1,KK161,lib1,Erastin,True,,8,8,13,13
Pt37_t1,KK161,lib1,Erlotinib,True,,9,9,13,13
Pt37_t1,KK161,lib1,Gedatolisib,True,,9,9,13,13
Pt37_t1,KK161,lib1,Gemcitabine,True,,9,9,13,13
Pt37_t1,KK161,lib1,Idasanutlin,True,,9,9,13,13
Pt37_t1,KK161,lib1,Ipatasertib,True,,9,9,13,13
Pt37_t1,KK161,lib1,LCL161,True,,5,5,13,13
Pt37_t1,KK161,lib1,LGK974,True,,9,9,13,13
Pt37_t1,KK161,lib1,Lapatinib,True,,9,9,13,13
Pt37_t1,KK161,lib1,Linsitinib,True,,9,9,13,13
Pt37_t1,KK161,lib1,Luminespib,True,,9,9,13,13
Pt37_t1,KK161,lib1,Methotrexate,True,,9,9,13,13
Pt37_t1,KK161,lib1,Napabucasin,True,,9,9,13,13
Pt37_t1,KK161,lib1,Navitoclax,True,,9,9,13,13
Pt37_t1,KK161,lib1,Olaparib,True,,8,8,13,13
Pt37_t1,KK161,lib1,Oxaliplatin,True,,9,9,13,13
Pt37_t1,KK161,lib1,Palbociclib,True,,9,9,13,13
Pt37_t1,KK161,lib1,Panobinostat,True,,9,9,13,13
Pt37_t1,KK161,lib1,Pevonedistat,True,,9,9,13,13
Pt37_t1,KK161,lib1,Regorafenib,True,,9,9,13,13
Pt37_t1,KK161,lib1,SN-38,True,,5,5,13,13
Pt37_t1,KK161,lib1,Sirolimus,True,,8,8,13,13
Pt37_t1,KK161,lib1,TAS-102,True,,9,9,13,13
Pt37_t1,KK161,lib1,Trametinib,True,,9,9,13,13
Pt37_t1,KK161,lib1,Tretinoin,True,,9,9,13,13
Pt37_t1,KK161,lib1,Vitamin C,True,,9,9,13,13
Pt37_t1,KK161,lib1,Volasertib,True,,9,9,13,13
Pt38_t1,KK155,lib1,2-methoxyestradiol,True,,9,9,13,13
Pt38_t1,KK155,lib1,5-FU,True,,9,9,13,13
Pt38_t1,KK155,lib1,AZD7762,True,,9,9,13,13
Pt38_t1,KK155,lib1,Afatinib,True,,9,9,13,13
Pt38_t1,KK155,lib1,Alisertib,True,,9,9,13,13
Pt38_t1,KK155,lib1,Atorvastatin,True,,9,9,13,13
Pt38_t1,KK155,lib1,Bemcentinib,True,,9,9,13,13
Pt38_t1,KK155,lib1,Binimetinib,True,,9,9,13,13
Pt38_t1,KK155,lib1,Cetuximab,False,fewer than four paired drug doses,2,2,13,13
Pt38_t1,KK155,lib1,Crizotinib,True,,9,9,13,13
Pt38_t1,KK155,lib1,Disulfiram+Cu,True,,5,5,13,13
Pt38_t1,KK155,lib1,Eltanexor,True,,9,9,13,13
Pt38_t1,KK155,lib1,Encorafenib,True,,9,9,13,13
Pt38_t1,KK155,lib1,Erastin,True,,8,8,13,13
Pt38_t1,KK155,lib1,Erlotinib,True,,9,9,13,13
Pt38_t1,KK155,lib1,Gedatolisib,True,,9,9,13,13
Pt38_t1,KK155,lib1,Gemcitabine,True,,9,9,13,13
Pt38_t1,KK155,lib1,Idasanutlin,True,,9,9,13,13
Pt38_t1,KK155,lib1,Ipatasertib,True,,9,9,13,13
Pt38_t1,KK155,lib1,LCL161,True,,5,5,13,13
Pt38_t1,KK155,lib1,LGK974,True,,9,9,13,13
Pt38_t1,KK155,lib1,Lapatinib,True,,9,9,13,13
Pt38_t1,KK155,lib1,Linsitinib,True,,9,9,13,13
Pt38_t1,KK155,lib1,Luminespib,True,,9,9,13,13
Pt38_t1,KK155,lib1,Methotrexate,True,,9,9,13,13
Pt38_t1,KK155,lib1,Napabucasin,True,,9,9,13,13
Pt38_t1,KK155,lib1,Navitoclax,True,,9,9,13,13
Pt38_t1,KK155,lib1,Olaparib,True,,8,8,13,13
Pt38_t1,KK155,lib1,Oxaliplatin,True,,9,9,13,13
Pt38_t1,KK155,lib1,Palbociclib,True,,9,9,13,13
Pt38_t1,KK155,lib1,Panobinostat,True,,9,9,13,13
Pt38_t1,KK155,lib1,Pevonedistat,True,,9,9,13,13
Pt38_t1,KK155,lib1,Regorafenib,True,,9,9,13,13
Pt38_t1,KK155,lib1,SN-38,True,,5,5,13,13
Pt38_t1,KK155,lib1,Sirolimus,True,,8,8,13,13
Pt38_t1,KK155,lib1,TAS-102,True,,9,9,13,13
Pt38_t1,KK155,lib1,Trametinib,True,,9,9,13,13
Pt38_t1,KK155,lib1,Tretinoin,True,,9,9,13,13
Pt38_t1,KK155,lib1,Vitamin C,True,,9,9,13,13
Pt38_t1,KK155,lib1,Volasertib,True,,9,9,13,13
Pt38_t2,KK154,lib1,2-methoxyestradiol,True,,9,9,13,13
Pt38_t2,KK154,lib1,5-FU,True,,9,9,13,13
Pt38_t2,KK154,lib1,AZD7762,True,,9,9,13,13
Pt38_t2,KK154,lib1,Afatinib,True,,9,9,13,13
Pt38_t2,KK154,lib1,Alisertib,True,,9,9,13,13
Pt38_t2,KK154,lib1,Atorvastatin,True,,9,9,13,13
Pt38_t2,KK154,lib1,Bemcentinib,True,,9,9,13,13
Pt38_t2,KK154,lib1,Binimetinib,True,,9,9,13,13
Pt38_t2,KK154,lib1,Cetuximab,False,fewer than four paired drug doses,2,2,13,13
Pt38_t2,KK154,lib1,Crizotinib,True,,9,9,13,13
Pt38_t2,KK154,lib1,Disulfiram+Cu,True,,5,5,13,13
Pt38_t2,KK154,lib1,Eltanexor,True,,9,9,13,13
Pt38_t2,KK154,lib1,Encorafenib,True,,9,9,13,13
Pt38_t2,KK154,lib1,Erastin,True,,8,8,13,13
Pt38_t2,KK154,lib1,Erlotinib,True,,9,9,13,13
Pt38_t2,KK154,lib1,Gedatolisib,True,,9,9,13,13
Pt38_t2,KK154,lib1,Gemcitabine,True,,9,9,13,13
Pt38_t2,KK154,lib1,Idasanutlin,True,,9,9,13,13
Pt38_t2,KK154,lib1,Ipatasertib,True,,9,9,13,13
Pt38_t2,KK154,lib1,LCL161,True,,5,5,13,13
Pt38_t2,KK154,lib1,LGK974,True,,9,9,13,13
Pt38_t2,KK154,lib1,Lapatinib,True,,9,9,13,13
Pt38_t2,KK154,lib1,Linsitinib,True,,9,9,13,13
Pt38_t2,KK154,lib1,Luminespib,True,,9,9,13,13
Pt38_t2,KK154,lib1,Methotrexate,True,,9,9,13,13
Pt38_t2,KK154,lib1,Napabucasin,True,,9,9,13,13
Pt38_t2,KK154,lib1,Navitoclax,True,,9,9,13,13
Pt38_t2,KK154,lib1,Olaparib,True,,8,8,13,13
Pt38_t2,KK154,lib1,Oxaliplatin,True,,9,9,13,13
Pt38_t2,KK154,lib1,Palbociclib,True,,9,9,13,13
Pt38_t2,KK154,lib1,Panobinostat,True,,9,9,13,13
Pt38_t2,KK154,lib1,Pevonedistat,True,,9,9,13,13
Pt38_t2,KK154,lib1,Regorafenib,True,,9,9,13,13
Pt38_t2,KK154,lib1,SN-38,True,,5,5,13,13
Pt38_t2,KK154,lib1,Sirolimus,True,,8,8,13,13
Pt38_t2,KK154,lib1,TAS-102,True,,9,9,13,13
Pt38_t2,KK154,lib1,Trametinib,True,,9,9,13,13
Pt38_t2,KK154,lib1,Tretinoin,True,,9,9,13,13
Pt38_t2,KK154,lib1,Vitamin C,True,,9,9,13,13
Pt38_t2,KK154,lib1,Volasertib,True,,9,9,13,13
Pt39_t1,KK159,lib1,2-methoxyestradiol,True,,9,9,13,13
Pt39_t1,KK159,lib1,5-FU,True,,9,9,13,13
Pt39_t1,KK159,lib1,AZD7762,True,,9,9,13,13
Pt39_t1,KK159,lib1,Afatinib,True,,9,9,13,13
Pt39_t1,KK159,lib1,Alisertib,True,,9,9,13,13
Pt39_t1,KK159,lib1,Atorvastatin,True,,9,9,13,13
Pt39_t1,KK159,lib1,Bemcentinib,True,,9,9,13,13
Pt39_t1,KK159,lib1,Binimetinib,True,,9,9,13,13
Pt39_t1,KK159,lib1,Cetuximab,False,fewer than four paired drug doses,2,2,13,13
Pt39_t1,KK159,lib1,Crizotinib,True,,9,9,13,13
Pt39_t1,KK159,lib1,Disulfiram+Cu,True,,5,5,13,13
Pt39_t1,KK159,lib1,Eltanexor,True,,9,9,13,13
Pt39_t1,KK159,lib1,Encorafenib,True,,9,9,13,13
Pt39_t1,KK159,lib1,Erastin,True,,8,8,13,13
Pt39_t1,KK159,lib1,Erlotinib,True,,9,9,13,13
Pt39_t1,KK159,lib1,Gedatolisib,True,,9,9,13,13
Pt39_t1,KK159,lib1,Gemcitabine,True,,9,9,13,13
Pt39_t1,KK159,lib1,Idasanutlin,True,,9,9,13,13
Pt39_t1,KK159,lib1,Ipatasertib,True,,9,9,13,13
Pt39_t1,KK159,lib1,LCL161,True,,5,5,13,13
Pt39_t1,KK159,lib1,LGK974,True,,9,9,13,13
Pt39_t1,KK159,lib1,Lapatinib,True,,9,9,13,13
Pt39_t1,KK159,lib1,Linsitinib,True,,9,9,13,13
Pt39_t1,KK159,lib1,Luminespib,True,,9,9,13,13
Pt39_t1,KK159,lib1,Methotrexate,True,,9,9,13,13
Pt39_t1,KK159,lib1,Napabucasin,True,,9,9,13,13
Pt39_t1,KK159,lib1,Navitoclax,True,,9,9,13,13
Pt39_t1,KK159,lib1,Olaparib,True,,8,8,13,13
Pt39_t1,KK159,lib1,Oxaliplatin,True,,9,9,13,13
Pt39_t1,KK159,lib1,Palbociclib,True,,9,9,13,13
Pt39_t1,KK159,lib1,Panobinostat,True,,9,9,13,13
Pt39_t1,KK159,lib1,Pevonedistat,True,,9,9,13,13
Pt39_t1,KK159,lib1,Regorafenib,True,,9,9,13,13
Pt39_t1,KK159,lib1,SN-38,True,,5,5,13,13
Pt39_t1,KK159,lib1,Sirolimus,True,,8,8,13,13
Pt39_t1,KK159,lib1,TAS-102,True,,9,9,13,13
Pt39_t1,KK159,lib1,Trametinib,True,,9,9,13,13
Pt39_t1,KK159,lib1,Tretinoin,True,,9,9,13,13
Pt39_t1,KK159,lib1,Vitamin C,True,,9,9,13,13
Pt39_t1,KK159,lib1,Volasertib,True,,9,9,13,13
Pt39_t2,KK156,lib1,2-methoxyestradiol,True,,9,9,13,13
Pt39_t2,KK156,lib1,5-FU,True,,9,9,13,13
Pt39_t2,KK156,lib1,AZD7762,True,,9,9,13,13
Pt39_t2,KK156,lib1,Afatinib,True,,9,9,13,13
Pt39_t2,KK156,lib1,Alisertib,True,,9,9,13,13
Pt39_t2,KK156,lib1,Atorvastatin,True,,9,9,13,13
Pt39_t2,KK156,lib1,Bemcentinib,True,,9,9,13,13
Pt39_t2,KK156,lib1,Binimetinib,True,,9,9,13,13
Pt39_t2,KK156,lib1,Cetuximab,False,fewer than four paired drug doses,2,2,13,13
Pt39_t2,KK156,lib1,Crizotinib,True,,9,9,13,13
Pt39_t2,KK156,lib1,Disulfiram+Cu,True,,5,5,13,13
Pt39_t2,KK156,lib1,Eltanexor,True,,9,9,13,13
Pt39_t2,KK156,lib1,Encorafenib,True,,9,9,13,13
Pt39_t2,KK156,lib1,Erastin,True,,8,8,13,13
Pt39_t2,KK156,lib1,Erlotinib,True,,9,9,13,13
Pt39_t2,KK156,lib1,Gedatolisib,True,,9,9,13,13
Pt39_t2,KK156,lib1,Gemcitabine,True,,9,9,13,13
Pt39_t2,KK156,lib1,Idasanutlin,True,,9,9,13,13
Pt39_t2,KK156,lib1,Ipatasertib,True,,9,9,13,13
Pt39_t2,KK156,lib1,LCL161,True,,5,5,13,13
Pt39_t2,KK156,lib1,LGK974,True,,9,9,13,13
Pt39_t2,KK156,lib1,Lapatinib,True,,9,9,13,13
Pt39_t2,KK156,lib1,Linsitinib,True,,9,9,13,13
Pt39_t2,KK156,lib1,Luminespib,True,,9,9,13,13
Pt39_t2,KK156,lib1,Methotrexate,True,,9,9,13,13
Pt39_t2,KK156,lib1,Napabucasin,True,,9,9,13,13
Pt39_t2,KK156,lib1,Navitoclax,True,,9,9,13,13
Pt39_t2,KK156,lib1,Olaparib,True,,8,8,13,13
Pt39_t2,KK156,lib1,Oxaliplatin,True,,9,9,13,13
Pt39_t2,KK156,lib1,Palbociclib,True,,9,9,13,13
Pt39_t2,KK156,lib1,Panobinostat,True,,9,9,13,13
Pt39_t2,KK156,lib1,Pevonedistat,True,,9,9,13,13
Pt39_t2,KK156,lib1,Regorafenib,True,,9,9,13,13
Pt39_t2,KK156,lib1,SN-38,True,,5,5,13,13
Pt39_t2,KK156,lib1,Sirolimus,True,,8,8,13,13
Pt39_t2,KK156,lib1,TAS-102,True,,9,9,13,13
Pt39_t2,KK156,lib1,Trametinib,True,,9,9,13,13
Pt39_t2,KK156,lib1,Tretinoin,True,,9,9,13,13
Pt39_t2,KK156,lib1,Vitamin C,True,,9,9,13,13
Pt39_t2,KK156,lib1,Volasertib,True,,9,9,13,13
Pt3_t1,KK86,lib1,2-methoxyestradiol,True,,9,9,13,13
Pt3_t1,KK86,lib1,5-FU,True,,9,9,13,13
Pt3_t1,KK86,lib1,AZD7762,True,,9,9,13,13
Pt3_t1,KK86,lib1,Afatinib,True,,9,9,13,13
Pt3_t1,KK86,lib1,Alisertib,True,,9,9,13,13
Pt3_t1,KK86,lib1,Atorvastatin,True,,9,9,13,13
Pt3_t1,KK86,lib1,Bemcentinib,True,,9,9,13,13
Pt3_t1,KK86,lib1,Binimetinib,True,,9,9,13,13
Pt3_t1,KK86,lib1,Cetuximab,False,fewer than four paired drug doses,2,2,13,13
Pt3_t1,KK86,lib1,Crizotinib,True,,9,9,13,13
Pt3_t1,KK86,lib1,Disulfiram+Cu,True,,5,5,13,13
Pt3_t1,KK86,lib1,Eltanexor,True,,9,9,13,13
Pt3_t1,KK86,lib1,Encorafenib,True,,9,9,13,13
Pt3_t1,KK86,lib1,Erastin,True,,8,8,13,13
Pt3_t1,KK86,lib1,Erlotinib,True,,9,9,13,13
Pt3_t1,KK86,lib1,Gedatolisib,True,,9,9,13,13
Pt3_t1,KK86,lib1,Gemcitabine,True,,9,9,13,13
Pt3_t1,KK86,lib1,Idasanutlin,True,,9,9,13,13
Pt3_t1,KK86,lib1,Ipatasertib,True,,9,9,13,13
Pt3_t1,KK86,lib1,LCL161,True,,5,5,13,13
Pt3_t1,KK86,lib1,LGK974,True,,9,9,13,13
Pt3_t1,KK86,lib1,Lapatinib,True,,9,9,13,13
Pt3_t1,KK86,lib1,Linsitinib,True,,9,9,13,13
Pt3_t1,KK86,lib1,Luminespib,True,,9,9,13,13
Pt3_t1,KK86,lib1,Methotrexate,True,,9,9,13,13
Pt3_t1,KK86,lib1,Napabucasin,True,,9,9,13,13
Pt3_t1,KK86,lib1,Navitoclax,True,,9,9,13,13
Pt3_t1,KK86,lib1,Olaparib,True,,8,8,13,13
Pt3_t1,KK86,lib1,Palbociclib,True,,9,9,13,13
Pt3_t1,KK86,lib1,Panobinostat,True,,9,9,13,13
Pt3_t1,KK86,lib1,Pevonedistat,True,,9,9,13,13
Pt3_t1,KK86,lib1,Regorafenib,True,,9,9,13,13
Pt3_t1,KK86,lib1,SN-38,True,,5,5,13,13
Pt3_t1,KK86,lib1,Sirolimus,True,,8,8,13,13
Pt3_t1,KK86,lib1,TAS-102,True,,9,9,13,13
Pt3_t1,KK86,lib1,Trametinib,True,,9,9,13,13
Pt3_t1,KK86,lib1,Tretinoin,True,,9,9,13,13
Pt3_t1,KK86,lib1,Vitamin C,True,,9,9,13,13
Pt3_t1,KK86,lib1,Volasertib,True,,9,9,13,13
Pt3_t6,KK79,lib1,2-methoxyestradiol,True,,9,9,13,13
Pt3_t6,KK79,lib1,5-FU,True,,9,9,13,13
Pt3_t6,KK79,lib1,AZD7762,True,,9,9,13,13
Pt3_t6,KK79,lib1,Afatinib,True,,9,9,13,13
Pt3_t6,KK79,lib1,Alisertib,True,,9,9,13,13
Pt3_t6,KK79,lib1,Atorvastatin,True,,9,9,13,13
Pt3_t6,KK79,lib1,Bemcentinib,True,,9,9,13,13
Pt3_t6,KK79,lib1,Binimetinib,True,,9,9,13,13
Pt3_t6,KK79,lib1,Cetuximab,False,fewer than four paired drug doses,2,2,13,13
Pt3_t6,KK79,lib1,Crizotinib,True,,9,9,13,13
Pt3_t6,KK79,lib1,Disulfiram+Cu,True,,5,5,13,13
Pt3_t6,KK79,lib1,Eltanexor,True,,9,9,13,13
Pt3_t6,KK79,lib1,Encorafenib,True,,9,9,13,13
Pt3_t6,KK79,lib1,Erastin,True,,8,8,13,13
Pt3_t6,KK79,lib1,Erlotinib,True,,9,9,13,13
Pt3_t6,KK79,lib1,Gedatolisib,True,,9,9,13,13
Pt3_t6,KK79,lib1,Gemcitabine,True,,9,9,13,13
Pt3_t6,KK79,lib1,Idasanutlin,True,,9,9,13,13
Pt3_t6,KK79,lib1,Ipatasertib,True,,9,9,13,13
Pt3_t6,KK79,lib1,LCL161,True,,5,5,13,13
Pt3_t6,KK79,lib1,LGK974,True,,9,9,13,13
Pt3_t6,KK79,lib1,Lapatinib,True,,9,9,13,13
Pt3_t6,KK79,lib1,Linsitinib,True,,9,9,13,13
Pt3_t6,KK79,lib1,Luminespib,True,,9,9,13,13
Pt3_t6,KK79,lib1,Methotrexate,True,,9,9,13,13
Pt3_t6,KK79,lib1,Napabucasin,True,,9,9,13,13
Pt3_t6,KK79,lib1,Navitoclax,True,,9,9,13,13
Pt3_t6,KK79,lib1,Olaparib,True,,8,8,13,13
Pt3_t6,KK79,lib1,Palbociclib,True,,9,9,13,13
Pt3_t6,KK79,lib1,Panobinostat,True,,9,9,13,13
Pt3_t6,KK79,lib1,Pevonedistat,True,,9,9,13,13
Pt3_t6,KK79,lib1,Regorafenib,True,,9,9,13,13
Pt3_t6,KK79,lib1,SN-38,True,,5,5,13,13
Pt3_t6,KK79,lib1,Sirolimus,True,,8,8,13,13
Pt3_t6,KK79,lib1,TAS-102,True,,9,9,13,13
Pt3_t6,KK79,lib1,Trametinib,True,,9,9,13,13
Pt3_t6,KK79,lib1,Tretinoin,True,,9,9,13,13
Pt3_t6,KK79,lib1,Vitamin C,True,,9,9,13,13
Pt3_t6,KK79,lib1,Volasertib,True,,9,9,13,13
Pt40_t2,KK165,lib1,2-methoxyestradiol,True,,9,9,13,13
Pt40_t2,KK165,lib1,5-FU,True,,9,9,13,13
Pt40_t2,KK165,lib1,AZD7762,True,,9,9,13,13
Pt40_t2,KK165,lib1,Afatinib,True,,9,9,13,13
Pt40_t2,KK165,lib1,Alisertib,True,,9,9,13,13
Pt40_t2,KK165,lib1,Atorvastatin,True,,9,9,13,13
Pt40_t2,KK165,lib1,Bemcentinib,True,,9,9,13,13
Pt40_t2,KK165,lib1,Binimetinib,True,,9,9,13,13
Pt40_t2,KK165,lib1,Cetuximab,False,fewer than four paired drug doses,2,2,13,13
Pt40_t2,KK165,lib1,Crizotinib,True,,9,9,13,13
Pt40_t2,KK165,lib1,Disulfiram+Cu,True,,5,5,13,13
Pt40_t2,KK165,lib1,Eltanexor,True,,9,9,13,13
Pt40_t2,KK165,lib1,Encorafenib,True,,9,9,13,13
Pt40_t2,KK165,lib1,Erastin,True,,8,8,13,13
Pt40_t2,KK165,lib1,Erlotinib,True,,9,9,13,13
Pt40_t2,KK165,lib1,Gedatolisib,True,,9,9,13,13
Pt40_t2,KK165,lib1,Gemcitabine,True,,9,9,13,13
Pt40_t2,KK165,lib1,Idasanutlin,True,,9,9,13,13
Pt40_t2,KK165,lib1,Ipatasertib,True,,9,9,13,13
Pt40_t2,KK165,lib1,LCL161,True,,5,5,13,13
Pt40_t2,KK165,lib1,LGK974,True,,9,9,13,13
Pt40_t2,KK165,lib1,Lapatinib,True,,9,9,13,13
Pt40_t2,KK165,lib1,Linsitinib,True,,9,9,13,13
Pt40_t2,KK165,lib1,Luminespib,True,,9,9,13,13
Pt40_t2,KK165,lib1,Methotrexate,True,,9,9,13,13
Pt40_t2,KK165,lib1,Napabucasin,True,,9,9,13,13
Pt40_t2,KK165,lib1,Navitoclax,True,,9,9,13,13
Pt40_t2,KK165,lib1,Olaparib,True,,8,8,13,13
Pt40_t2,KK165,lib1,Oxaliplatin,True,,9,9,13,13
Pt40_t2,KK165,lib1,Palbociclib,True,,9,9,13,13
Pt40_t2,KK165,lib1,Panobinostat,True,,9,9,13,13
Pt40_t2,KK165,lib1,Pevonedistat,True,,9,9,13,13
Pt40_t2,KK165,lib1,Regorafenib,True,,9,9,13,13
Pt40_t2,KK165,lib1,SN-38,True,,5,5,13,13
Pt40_t2,KK165,lib1,Sirolimus,True,,8,8,13,13
Pt40_t2,KK165,lib1,TAS-102,True,,9,9,13,13
Pt40_t2,KK165,lib1,Trametinib,True,,9,9,13,13
Pt40_t2,KK165,lib1,Tretinoin,True,,9,9,13,13
Pt40_t2,KK165,lib1,Vitamin C,True,,9,9,13,13
Pt40_t2,KK165,lib1,Volasertib,True,,9,9,13,13
Pt42_t2,KK166,lib1,2-methoxyestradiol,True,,9,9,13,13
Pt42_t2,KK166,lib1,5-FU,True,,9,9,13,13
Pt42_t2,KK166,lib1,AZD7762,True,,9,9,13,13
Pt42_t2,KK166,lib1,Afatinib,True,,9,9,13,13
Pt42_t2,KK166,lib1,Alisertib,True,,9,9,13,13
Pt42_t2,KK166,lib1,Atorvastatin,True,,9,9,13,13
Pt42_t2,KK166,lib1,Bemcentinib,True,,9,9,13,13
Pt42_t2,KK166,lib1,Binimetinib,True,,9,9,13,13
Pt42_t2,KK166,lib1,Cetuximab,False,fewer than four paired drug doses,2,2,13,13
Pt42_t2,KK166,lib1,Crizotinib,True,,9,9,13,13
Pt42_t2,KK166,lib1,Disulfiram+Cu,True,,5,5,13,13
Pt42_t2,KK166,lib1,Eltanexor,True,,9,9,13,13
Pt42_t2,KK166,lib1,Encorafenib,True,,9,9,13,13
Pt42_t2,KK166,lib1,Erastin,True,,8,8,13,13
Pt42_t2,KK166,lib1,Erlotinib,True,,9,9,13,13
Pt42_t2,KK166,lib1,Gedatolisib,True,,9,9,13,13
Pt42_t2,KK166,lib1,Gemcitabine,True,,9,9,13,13
Pt42_t2,KK166,lib1,Idasanutlin,True,,9,9,13,13
Pt42_t2,KK166,lib1,Ipatasertib,True,,9,9,13,13
Pt42_t2,KK166,lib1,LCL161,True,,5,5,13,13
Pt42_t2,KK166,lib1,LGK974,True,,9,9,13,13
Pt42_t2,KK166,lib1,Lapatinib,True,,9,9,13,13
Pt42_t2,KK166,lib1,Linsitinib,True,,9,9,13,13
Pt42_t2,KK166,lib1,Luminespib,True,,9,9,13,13
Pt42_t2,KK166,lib1,Methotrexate,True,,9,9,13,13
Pt42_t2,KK166,lib1,Napabucasin,True,,9,9,13,13
Pt42_t2,KK166,lib1,Navitoclax,True,,9,9,13,13
Pt42_t2,KK166,lib1,Olaparib,True,,8,8,13,13
Pt42_t2,KK166,lib1,Oxaliplatin,True,,9,9,13,13
Pt42_t2,KK166,lib1,Palbociclib,True,,9,9,13,13
Pt42_t2,KK166,lib1,Panobinostat,True,,9,9,13,13
Pt42_t2,KK166,lib1,Pevonedistat,True,,9,9,13,13
Pt42_t2,KK166,lib1,Regorafenib,True,,9,9,13,13
Pt42_t2,KK166,lib1,SN-38,True,,5,5,13,13
Pt42_t2,KK166,lib1,Sirolimus,True,,8,8,13,13
Pt42_t2,KK166,lib1,TAS-102,True,,9,9,13,13
Pt42_t2,KK166,lib1,Trametinib,True,,9,9,13,13
Pt42_t2,KK166,lib1,Tretinoin,True,,9,9,13,13
Pt42_t2,KK166,lib1,Vitamin C,True,,9,9,13,13
Pt42_t2,KK166,lib1,Volasertib,True,,9,9,13,13
Pt43_t1,KK162,lib1,2-methoxyestradiol,True,,9,9,13,13
Pt43_t1,KK162,lib1,5-FU,True,,9,9,13,13
Pt43_t1,KK162,lib1,AZD7762,True,,9,9,13,13
Pt43_t1,KK162,lib1,Afatinib,True,,9,9,13,13
Pt43_t1,KK162,lib1,Alisertib,True,,9,9,13,13
Pt43_t1,KK162,lib1,Atorvastatin,True,,9,9,13,13
Pt43_t1,KK162,lib1,Bemcentinib,True,,9,9,13,13
Pt43_t1,KK162,lib1,Binimetinib,True,,9,9,13,13
Pt43_t1,KK162,lib1,Cetuximab,False,fewer than four paired drug doses,2,2,13,13
Pt43_t1,KK162,lib1,Crizotinib,True,,9,9,13,13
Pt43_t1,KK162,lib1,Disulfiram+Cu,True,,5,5,13,13
Pt43_t1,KK162,lib1,Eltanexor,True,,9,9,13,13
Pt43_t1,KK162,lib1,Encorafenib,True,,9,9,13,13
Pt43_t1,KK162,lib1,Erastin,True,,8,8,13,13
Pt43_t1,KK162,lib1,Erlotinib,True,,9,9,13,13
Pt43_t1,KK162,lib1,Gedatolisib,True,,9,9,13,13
Pt43_t1,KK162,lib1,Gemcitabine,True,,9,9,13,13
Pt43_t1,KK162,lib1,Idasanutlin,True,,9,9,13,13
Pt43_t1,KK162,lib1,Ipatasertib,True,,9,9,13,13
Pt43_t1,KK162,lib1,LCL161,True,,5,5,13,13
Pt43_t1,KK162,lib1,LGK974,True,,9,9,13,13
Pt43_t1,KK162,lib1,Lapatinib,True,,9,9,13,13
Pt43_t1,KK162,lib1,Linsitinib,True,,9,9,13,13
Pt43_t1,KK162,lib1,Luminespib,True,,9,9,13,13
Pt43_t1,KK162,lib1,Methotrexate,True,,9,9,13,13
Pt43_t1,KK162,lib1,Napabucasin,True,,9,9,13,13
Pt43_t1,KK162,lib1,Navitoclax,True,,9,9,13,13
Pt43_t1,KK162,lib1,Olaparib,True,,8,8,13,13
Pt43_t1,KK162,lib1,Oxaliplatin,True,,9,9,13,13
Pt43_t1,KK162,lib1,Palbociclib,True,,9,9,13,13
Pt43_t1,KK162,lib1,Panobinostat,True,,9,9,13,13
Pt43_t1,KK162,lib1,Pevonedistat,True,,9,9,13,13
Pt43_t1,KK162,lib1,Regorafenib,True,,9,9,13,13
Pt43_t1,KK162,lib1,SN-38,True,,5,5,13,13
Pt43_t1,KK162,lib1,Sirolimus,True,,8,8,13,13
Pt43_t1,KK162,lib1,TAS-102,True,,9,9,13,13
Pt43_t1,KK162,lib1,Trametinib,True,,9,9,13,13
Pt43_t1,KK162,lib1,Tretinoin,True,,9,9,13,13
Pt43_t1,KK162,lib1,Vitamin C,True,,9,9,13,13
Pt43_t1,KK162,lib1,Volasertib,True,,9,9,13,13
Pt43_t3,KK160,lib1,2-methoxyestradiol,True,,9,9,13,13
Pt43_t3,KK160,lib1,5-FU,True,,9,9,13,13
Pt43_t3,KK160,lib1,AZD7762,True,,9,9,13,13
Pt43_t3,KK160,lib1,Afatinib,True,,9,9,13,13
Pt43_t3,KK160,lib1,Alisertib,True,,9,9,13,13
Pt43_t3,KK160,lib1,Atorvastatin,True,,9,9,13,13
Pt43_t3,KK160,lib1,Bemcentinib,True,,9,9,13,13
Pt43_t3,KK160,lib1,Binimetinib,True,,9,9,13,13
Pt43_t3,KK160,lib1,Cetuximab,False,fewer than four paired drug doses,2,2,13,13
Pt43_t3,KK160,lib1,Crizotinib,True,,9,9,13,13
Pt43_t3,KK160,lib1,Disulfiram+Cu,True,,5,5,13,13
Pt43_t3,KK160,lib1,Eltanexor,True,,9,9,13,13
Pt43_t3,KK160,lib1,Encorafenib,True,,9,9,13,13
Pt43_t3,KK160,lib1,Erastin,True,,8,8,13,13
Pt43_t3,KK160,lib1,Erlotinib,True,,9,9,13,13
Pt43_t3,KK160,lib1,Gedatolisib,True,,9,9,13,13
Pt43_t3,KK160,lib1,Gemcitabine,True,,9,9,13,13
Pt43_t3,KK160,lib1,Idasanutlin,True,,9,9,13,13
Pt43_t3,KK160,lib1,Ipatasertib,True,,9,9,13,13
Pt43_t3,KK160,lib1,LCL161,True,,5,5,13,13
Pt43_t3,KK160,lib1,LGK974,True,,9,9,13,13
Pt43_t3,KK160,lib1,Lapatinib,True,,9,9,13,13
Pt43_t3,KK160,lib1,Linsitinib,True,,9,9,13,13
Pt43_t3,KK160,lib1,Luminespib,True,,9,9,13,13
Pt43_t3,KK160,lib1,Methotrexate,True,,9,9,13,13
Pt43_t3,KK160,lib1,Napabucasin,True,,9,9,13,13
Pt43_t3,KK160,lib1,Navitoclax,True,,9,9,13,13
Pt43_t3,KK160,lib1,Olaparib,True,,8,8,13,13
Pt43_t3,KK160,lib1,Oxaliplatin,True,,9,9,13,13
Pt43_t3,KK160,lib1,Palbociclib,True,,9,9,13,13
Pt43_t3,KK160,lib1,Panobinostat,True,,9,9,13,13
Pt43_t3,KK160,lib1,Pevonedistat,True,,9,9,13,13
Pt43_t3,KK160,lib1,Regorafenib,True,,9,9,13,13
Pt43_t3,KK160,lib1,SN-38,True,,5,5,13,13
Pt43_t3,KK160,lib1,Sirolimus,True,,8,8,13,13
Pt43_t3,KK160,lib1,TAS-102,True,,9,9,13,13
Pt43_t3,KK160,lib1,Trametinib,True,,9,9,13,13
Pt43_t3,KK160,lib1,Tretinoin,True,,9,9,13,13
Pt43_t3,KK160,lib1,Vitamin C,True,,9,9,13,13
Pt43_t3,KK160,lib1,Volasertib,True,,9,9,13,13
Pt44_t1,KK167,lib1,2-methoxyestradiol,True,,9,9,13,13
Pt44_t1,KK167,lib1,5-FU,True,,9,9,13,13
Pt44_t1,KK167,lib1,AZD7762,True,,9,9,13,13
Pt44_t1,KK167,lib1,Afatinib,True,,9,9,13,13
Pt44_t1,KK167,lib1,Alisertib,True,,9,9,13,13
Pt44_t1,KK167,lib1,Atorvastatin,True,,9,9,13,13
Pt44_t1,KK167,lib1,Bemcentinib,True,,9,9,13,13
Pt44_t1,KK167,lib1,Binimetinib,True,,9,9,13,13
Pt44_t1,KK167,lib1,Cetuximab,False,fewer than four paired drug doses,2,2,13,13
Pt44_t1,KK167,lib1,Crizotinib,True,,9,9,13,13
Pt44_t1,KK167,lib1,Disulfiram+Cu,True,,5,5,13,13
Pt44_t1,KK167,lib1,Eltanexor,True,,9,9,13,13
Pt44_t1,KK167,lib1,Encorafenib,True,,9,9,13,13
Pt44_t1,KK167,lib1,Erastin,True,,8,8,13,13
Pt44_t1,KK167,lib1,Erlotinib,True,,9,9,13,13
Pt44_t1,KK167,lib1,Gedatolisib,True,,9,9,13,13
Pt44_t1,KK167,lib1,Gemcitabine,True,,9,9,13,13
Pt44_t1,KK167,lib1,Idasanutlin,True,,9,9,13,13
Pt44_t1,KK167,lib1,Ipatasertib,True,,9,9,13,13
Pt44_t1,KK167,lib1,LCL161,True,,5,5,13,13
Pt44_t1,KK167,lib1,LGK974,True,,9,9,13,13
Pt44_t1,KK167,lib1,Lapatinib,True,,9,9,13,13
Pt44_t1,KK167,lib1,Linsitinib,True,,9,9,13,13
Pt44_t1,KK167,lib1,Luminespib,True,,9,9,13,13
Pt44_t1,KK167,lib1,Methotrexate,True,,9,9,13,13
Pt44_t1,KK167,lib1,Napabucasin,True,,9,9,13,13
Pt44_t1,KK167,lib1,Navitoclax,True,,9,9,13,13
Pt44_t1,KK167,lib1,Olaparib,True,,8,8,13,13
Pt44_t1,KK167,lib1,Oxaliplatin,True,,9,9,13,13
Pt44_t1,KK167,lib1,Palbociclib,True,,9,9,13,13
Pt44_t1,KK167,lib1,Panobinostat,True,,9,9,13,13
Pt44_t1,KK167,lib1,Pevonedistat,True,,9,9,13,13
Pt44_t1,KK167,lib1,Regorafenib,True,,9,9,13,13
Pt44_t1,KK167,lib1,SN-38,True,,5,5,13,13
Pt44_t1,KK167,lib1,Sirolimus,True,,8,8,13,13
Pt44_t1,KK167,lib1,TAS-102,True,,9,9,13,13
Pt44_t1,KK167,lib1,Trametinib,True,,9,9,13,13
Pt44_t1,KK167,lib1,Tretinoin,True,,9,9,13,13
Pt44_t1,KK167,lib1,Vitamin C,True,,9,9,13,13
Pt44_t1,KK167,lib1,Volasertib,True,,9,9,13,13
Pt44_t2,KK176,lib1,2-methoxyestradiol,True,,9,9,13,13
Pt44_t2,KK176,lib1,5-FU,True,,9,9,13,13
Pt44_t2,KK176,lib1,AZD7762,True,,9,9,13,13
Pt44_t2,KK176,lib1,Afatinib,True,,9,9,13,13
Pt44_t2,KK176,lib1,Alisertib,True,,9,9,13,13
Pt44_t2,KK176,lib1,Atorvastatin,True,,9,9,13,13
Pt44_t2,KK176,lib1,Bemcentinib,True,,9,9,13,13
Pt44_t2,KK176,lib1,Binimetinib,True,,9,9,13,13
Pt44_t2,KK176,lib1,Cetuximab,False,fewer than four paired drug doses,2,2,13,13
Pt44_t2,KK176,lib1,Crizotinib,True,,9,9,13,13
Pt44_t2,KK176,lib1,Disulfiram+Cu,True,,5,5,13,13
Pt44_t2,KK176,lib1,Eltanexor,True,,9,9,13,13
Pt44_t2,KK176,lib1,Encorafenib,True,,9,9,13,13
Pt44_t2,KK176,lib1,Erastin,True,,8,8,13,13
Pt44_t2,KK176,lib1,Erlotinib,True,,9,9,13,13
Pt44_t2,KK176,lib1,Gedatolisib,True,,9,9,13,13
Pt44_t2,KK176,lib1,Gemcitabine,True,,9,9,13,13
Pt44_t2,KK176,lib1,Idasanutlin,True,,9,9,13,13
Pt44_t2,KK176,lib1,Ipatasertib,True,,9,9,13,13
Pt44_t2,KK176,lib1,LCL161,True,,5,5,13,13
Pt44_t2,KK176,lib1,LGK974,True,,9,9,13,13
Pt44_t2,KK176,lib1,Lapatinib,True,,9,9,13,13
Pt44_t2,KK176,lib1,Linsitinib,True,,9,9,13,13
Pt44_t2,KK176,lib1,Luminespib,True,,9,9,13,13
Pt44_t2,KK176,lib1,Methotrexate,True,,9,9,13,13
Pt44_t2,KK176,lib1,Napabucasin,True,,9,9,13,13
Pt44_t2,KK176,lib1,Navitoclax,True,,9,9,13,13
Pt44_t2,KK176,lib1,Olaparib,True,,8,8,13,13
Pt44_t2,KK176,lib1,Oxaliplatin,True,,9,9,13,13
Pt44_t2,KK176,lib1,Palbociclib,True,,9,9,13,13
Pt44_t2,KK176,lib1,Panobinostat,True,,9,9,13,13
Pt44_t2,KK176,lib1,Pevonedistat,True,,9,9,13,13
Pt44_t2,KK176,lib1,Regorafenib,True,,9,9,13,13
Pt44_t2,KK176,lib1,SN-38,True,,5,5,13,13
Pt44_t2,KK176,lib1,Sirolimus,True,,8,8,13,13
Pt44_t2,KK176,lib1,TAS-102,True,,9,9,13,13
Pt44_t2,KK176,lib1,Trametinib,True,,9,9,13,13
Pt44_t2,KK176,lib1,Tretinoin,True,,9,9,13,13
Pt44_t2,KK176,lib1,Vitamin C,True,,9,9,13,13
Pt44_t2,KK176,lib1,Volasertib,True,,9,9,13,13
Pt44_t4,KK178,lib1,2-methoxyestradiol,True,,9,9,13,13
Pt44_t4,KK178,lib1,5-FU,True,,9,9,13,13
Pt44_t4,KK178,lib1,AZD7762,True,,9,9,13,13
Pt44_t4,KK178,lib1,Afatinib,True,,9,9,13,13
Pt44_t4,KK178,lib1,Alisertib,True,,9,9,13,13
Pt44_t4,KK178,lib1,Atorvastatin,True,,9,9,13,13
Pt44_t4,KK178,lib1,Bemcentinib,True,,9,9,13,13
Pt44_t4,KK178,lib1,Binimetinib,True,,9,9,13,13
Pt44_t4,KK178,lib1,Cetuximab,False,fewer than four paired drug doses,2,2,13,13
Pt44_t4,KK178,lib1,Crizotinib,True,,9,9,13,13
Pt44_t4,KK178,lib1,Disulfiram+Cu,True,,5,5,13,13
Pt44_t4,KK178,lib1,Eltanexor,True,,9,9,13,13
Pt44_t4,KK178,lib1,Encorafenib,True,,9,9,13,13
Pt44_t4,KK178,lib1,Erastin,True,,8,8,13,13
Pt44_t4,KK178,lib1,Erlotinib,True,,9,9,13,13
Pt44_t4,KK178,lib1,Gedatolisib,True,,9,9,13,13
Pt44_t4,KK178,lib1,Gemcitabine,True,,9,9,13,13
Pt44_t4,KK178,lib1,Idasanutlin,True,,9,9,13,13
Pt44_t4,KK178,lib1,Ipatasertib,True,,9,9,13,13
Pt44_t4,KK178,lib1,LCL161,True,,5,5,13,13
Pt44_t4,KK178,lib1,LGK974,True,,9,9,13,13
Pt44_t4,KK178,lib1,Lapatinib,True,,9,9,13,13
Pt44_t4,KK178,lib1,Linsitinib,True,,9,9,13,13
Pt44_t4,KK178,lib1,Luminespib,True,,9,9,13,13
Pt44_t4,KK178,lib1,Methotrexate,True,,9,9,13,13
Pt44_t4,KK178,lib1,Napabucasin,True,,9,9,13,13
Pt44_t4,KK178,lib1,Navitoclax,True,,9,9,13,13
Pt44_t4,KK178,lib1,Olaparib,True,,8,8,13,13
Pt44_t4,KK178,lib1,Oxaliplatin,True,,9,9,13,13
Pt44_t4,KK178,lib1,Palbociclib,True,,9,9,13,13
Pt44_t4,KK178,lib1,Panobinostat,True,,9,9,13,13
Pt44_t4,KK178,lib1,Pevonedistat,True,,9,9,13,13
Pt44_t4,KK178,lib1,Regorafenib,True,,9,9,13,13
Pt44_t4,KK178,lib1,SN-38,True,,5,5,13,13
Pt44_t4,KK178,lib1,Sirolimus,True,,8,8,13,13
Pt44_t4,KK178,lib1,TAS-102,True,,9,9,13,13
Pt44_t4,KK178,lib1,Trametinib,True,,9,9,13,13
Pt44_t4,KK178,lib1,Tretinoin,True,,9,9,13,13
Pt44_t4,KK178,lib1,Vitamin C,True,,9,9,13,13
Pt44_t4,KK178,lib1,Volasertib,True,,9,9,13,13
Pt45_t1,KK171,lib1,2-methoxyestradiol,True,,9,9,13,13
Pt45_t1,KK171,lib1,5-FU,True,,9,9,13,13
Pt45_t1,KK171,lib1,AZD7762,True,,9,9,13,13
Pt45_t1,KK171,lib1,Afatinib,True,,9,9,13,13
Pt45_t1,KK171,lib1,Alisertib,True,,9,9,13,13
Pt45_t1,KK171,lib1,Atorvastatin,True,,9,9,13,13
Pt45_t1,KK171,lib1,Bemcentinib,True,,9,9,13,13
Pt45_t1,KK171,lib1,Binimetinib,True,,9,9,13,13
Pt45_t1,KK171,lib1,Cetuximab,False,fewer than four paired drug doses,2,2,13,13
Pt45_t1,KK171,lib1,Crizotinib,True,,9,9,13,13
Pt45_t1,KK171,lib1,Disulfiram+Cu,True,,5,5,13,13
Pt45_t1,KK171,lib1,Eltanexor,True,,9,9,13,13
Pt45_t1,KK171,lib1,Encorafenib,True,,9,9,13,13
Pt45_t1,KK171,lib1,Erastin,True,,8,8,13,13
Pt45_t1,KK171,lib1,Erlotinib,True,,9,9,13,13
Pt45_t1,KK171,lib1,Gedatolisib,True,,9,9,13,13
Pt45_t1,KK171,lib1,Gemcitabine,True,,9,9,13,13
Pt45_t1,KK171,lib1,Idasanutlin,True,,9,9,13,13
Pt45_t1,KK171,lib1,Ipatasertib,True,,9,9,13,13
Pt45_t1,KK171,lib1,LCL161,True,,5,5,13,13
Pt45_t1,KK171,lib1,LGK974,True,,9,9,13,13
Pt45_t1,KK171,lib1,Lapatinib,True,,9,9,13,13
Pt45_t1,KK171,lib1,Linsitinib,True,,9,9,13,13
Pt45_t1,KK171,lib1,Luminespib,True,,9,9,13,13
Pt45_t1,KK171,lib1,Methotrexate,True,,9,9,13,13
Pt45_t1,KK171,lib1,Napabucasin,True,,9,9,13,13
Pt45_t1,KK171,lib1,Navitoclax,True,,9,9,13,13
Pt45_t1,KK171,lib1,Olaparib,True,,8,8,13,13
Pt45_t1,KK171,lib1,Oxaliplatin,True,,9,9,13,13
Pt45_t1,KK171,lib1,Palbociclib,True,,9,9,13,13
Pt45_t1,KK171,lib1,Panobinostat,True,,9,9,13,13
Pt45_t1,KK171,lib1,Pevonedistat,True,,9,9,13,13
Pt45_t1,KK171,lib1,Regorafenib,True,,9,9,13,13
Pt45_t1,KK171,lib1,SN-38,True,,5,5,13,13
Pt45_t1,KK171,lib1,Sirolimus,True,,8,8,13,13
Pt45_t1,KK171,lib1,TAS-102,True,,9,9,13,13
Pt45_t1,KK171,lib1,Trametinib,True,,9,9,13,13
Pt45_t1,KK171,lib1,Tretinoin,True,,9,9,13,13
Pt45_t1,KK171,lib1,Vitamin C,True,,9,9,13,13
Pt45_t1,KK171,lib1,Volasertib,True,,9,9,13,13
Pt45_t2,KK163,lib1,2-methoxyestradiol,True,,9,9,13,13
Pt45_t2,KK163,lib1,5-FU,True,,9,9,13,13
Pt45_t2,KK163,lib1,AZD7762,True,,9,9,13,13
Pt45_t2,KK163,lib1,Afatinib,True,,9,9,13,13
Pt45_t2,KK163,lib1,Alisertib,True,,9,9,13,13
Pt45_t2,KK163,lib1,Atorvastatin,True,,9,9,13,13
Pt45_t2,KK163,lib1,Bemcentinib,True,,9,9,13,13
Pt45_t2,KK163,lib1,Binimetinib,True,,9,9,13,13
Pt45_t2,KK163,lib1,Cetuximab,False,fewer than four paired drug doses,2,2,13,13
Pt45_t2,KK163,lib1,Crizotinib,True,,9,9,13,13
Pt45_t2,KK163,lib1,Disulfiram+Cu,True,,5,5,13,13
Pt45_t2,KK163,lib1,Eltanexor,True,,9,9,13,13
Pt45_t2,KK163,lib1,Encorafenib,True,,9,9,13,13
Pt45_t2,KK163,lib1,Erastin,True,,8,8,13,13
Pt45_t2,KK163,lib1,Erlotinib,True,,9,9,13,13
Pt45_t2,KK163,lib1,Gedatolisib,True,,9,9,13,13
Pt45_t2,KK163,lib1,Gemcitabine,True,,9,9,13,13
Pt45_t2,KK163,lib1,Idasanutlin,True,,9,9,13,13
Pt45_t2,KK163,lib1,Ipatasertib,True,,9,9,13,13
Pt45_t2,KK163,lib1,LCL161,True,,5,5,13,13
Pt45_t2,KK163,lib1,LGK974,True,,9,9,13,13
Pt45_t2,KK163,lib1,Lapatinib,True,,9,9,13,13
Pt45_t2,KK163,lib1,Linsitinib,True,,9,9,13,13
Pt45_t2,KK163,lib1,Luminespib,True,,9,9,13,13
Pt45_t2,KK163,lib1,Methotrexate,True,,9,9,13,13
Pt45_t2,KK163,lib1,Napabucasin,True,,9,9,13,13
Pt45_t2,KK163,lib1,Navitoclax,True,,9,9,13,13
Pt45_t2,KK163,lib1,Olaparib,True,,8,8,13,13
Pt45_t2,KK163,lib1,Oxaliplatin,True,,9,9,13,13
Pt45_t2,KK163,lib1,Palbociclib,True,,9,9,13,13
Pt45_t2,KK163,lib1,Panobinostat,True,,9,9,13,13
Pt45_t2,KK163,lib1,Pevonedistat,True,,9,9,13,13
Pt45_t2,KK163,lib1,Regorafenib,True,,9,9,13,13
Pt45_t2,KK163,lib1,SN-38,True,,5,5,13,13
Pt45_t2,KK163,lib1,Sirolimus,True,,8,8,13,13
Pt45_t2,KK163,lib1,TAS-102,True,,9,9,13,13
Pt45_t2,KK163,lib1,Trametinib,True,,9,9,13,13
Pt45_t2,KK163,lib1,Tretinoin,True,,9,9,13,13
Pt45_t2,KK163,lib1,Vitamin C,True,,9,9,13,13
Pt45_t2,KK163,lib1,Volasertib,True,,9,9,13,13
Pt45_t3,KK172,lib1,2-methoxyestradiol,True,,9,9,13,13
Pt45_t3,KK172,lib1,5-FU,True,,9,9,13,13
Pt45_t3,KK172,lib1,AZD7762,True,,9,9,13,13
Pt45_t3,KK172,lib1,Afatinib,True,,9,9,13,13
Pt45_t3,KK172,lib1,Alisertib,True,,9,9,13,13
Pt45_t3,KK172,lib1,Atorvastatin,True,,9,9,13,13
Pt45_t3,KK172,lib1,Bemcentinib,True,,9,9,13,13
Pt45_t3,KK172,lib1,Binimetinib,True,,9,9,13,13
Pt45_t3,KK172,lib1,Cetuximab,False,fewer than four paired drug doses,2,2,13,13
Pt45_t3,KK172,lib1,Crizotinib,True,,9,9,13,13
Pt45_t3,KK172,lib1,Disulfiram+Cu,True,,5,5,13,13
Pt45_t3,KK172,lib1,Eltanexor,True,,9,9,13,13
Pt45_t3,KK172,lib1,Encorafenib,True,,9,9,13,13
Pt45_t3,KK172,lib1,Erastin,True,,8,8,13,13
Pt45_t3,KK172,lib1,Erlotinib,True,,9,9,13,13
Pt45_t3,KK172,lib1,Gedatolisib,True,,9,9,13,13
Pt45_t3,KK172,lib1,Gemcitabine,True,,9,9,13,13
Pt45_t3,KK172,lib1,Idasanutlin,True,,9,9,13,13
Pt45_t3,KK172,lib1,Ipatasertib,True,,9,9,13,13
Pt45_t3,KK172,lib1,LCL161,True,,5,5,13,13
Pt45_t3,KK172,lib1,LGK974,True,,9,9,13,13
Pt45_t3,KK172,lib1,Lapatinib,True,,9,9,13,13
Pt45_t3,KK172,lib1,Linsitinib,True,,9,9,13,13
Pt45_t3,KK172,lib1,Luminespib,True,,9,9,13,13
Pt45_t3,KK172,lib1,Methotrexate,True,,9,9,13,13
Pt45_t3,KK172,lib1,Napabucasin,True,,9,9,13,13
Pt45_t3,KK172,lib1,Navitoclax,True,,9,9,13,13
Pt45_t3,KK172,lib1,Olaparib,True,,8,8,13,13
Pt45_t3,KK172,lib1,Oxaliplatin,True,,9,9,13,13
Pt45_t3,KK172,lib1,Palbociclib,True,,9,9,13,13
Pt45_t3,KK172,lib1,Panobinostat,True,,9,9,13,13
Pt45_t3,KK172,lib1,Pevonedistat,True,,9,9,13,13
Pt45_t3,KK172,lib1,Regorafenib,True,,9,9,13,13
Pt45_t3,KK172,lib1,SN-38,True,,5,5,13,13
Pt45_t3,KK172,lib1,Sirolimus,True,,8,8,13,13
Pt45_t3,KK172,lib1,TAS-102,True,,9,9,13,13
Pt45_t3,KK172,lib1,Trametinib,True,,9,9,13,13
Pt45_t3,KK172,lib1,Tretinoin,True,,9,9,13,13
Pt45_t3,KK172,lib1,Vitamin C,True,,9,9,13,13
Pt45_t3,KK172,lib1,Volasertib,True,,9,9,13,13
Pt46_t1,KK174,lib1,2-methoxyestradiol,True,,9,9,13,13
Pt46_t1,KK174,lib1,5-FU,True,,9,9,13,13
Pt46_t1,KK174,lib1,AZD7762,True,,9,9,13,13
Pt46_t1,KK174,lib1,Afatinib,True,,9,9,13,13
Pt46_t1,KK174,lib1,Alisertib,True,,9,9,13,13
Pt46_t1,KK174,lib1,Atorvastatin,True,,9,9,13,13
Pt46_t1,KK174,lib1,Bemcentinib,True,,9,9,13,13
Pt46_t1,KK174,lib1,Binimetinib,True,,9,9,13,13
Pt46_t1,KK174,lib1,Cetuximab,False,fewer than four paired drug doses,2,2,13,13
Pt46_t1,KK174,lib1,Crizotinib,True,,9,9,13,13
Pt46_t1,KK174,lib1,Disulfiram+Cu,True,,5,5,13,13
Pt46_t1,KK174,lib1,Eltanexor,True,,9,9,13,13
Pt46_t1,KK174,lib1,Encorafenib,True,,9,9,13,13
Pt46_t1,KK174,lib1,Erastin,True,,8,8,13,13
Pt46_t1,KK174,lib1,Erlotinib,True,,9,9,13,13
Pt46_t1,KK174,lib1,Gedatolisib,True,,9,9,13,13
Pt46_t1,KK174,lib1,Gemcitabine,True,,9,9,13,13
Pt46_t1,KK174,lib1,Idasanutlin,True,,9,9,13,13
Pt46_t1,KK174,lib1,Ipatasertib,True,,9,9,13,13
Pt46_t1,KK174,lib1,LCL161,True,,5,5,13,13
Pt46_t1,KK174,lib1,LGK974,True,,9,9,13,13
Pt46_t1,KK174,lib1,Lapatinib,True,,9,9,13,13
Pt46_t1,KK174,lib1,Linsitinib,True,,9,9,13,13
Pt46_t1,KK174,lib1,Luminespib,True,,9,9,13,13
Pt46_t1,KK174,lib1,Methotrexate,True,,9,9,13,13
Pt46_t1,KK174,lib1,Napabucasin,True,,9,9,13,13
Pt46_t1,KK174,lib1,Navitoclax,True,,9,9,13,13
Pt46_t1,KK174,lib1,Olaparib,True,,8,8,13,13
Pt46_t1,KK174,lib1,Oxaliplatin,True,,9,9,13,13
Pt46_t1,KK174,lib1,Palbociclib,True,,9,9,13,13
Pt46_t1,KK174,lib1,Panobinostat,True,,9,9,13,13
Pt46_t1,KK174,lib1,Pevonedistat,True,,9,9,13,13
Pt46_t1,KK174,lib1,Regorafenib,True,,9,9,13,13
Pt46_t1,KK174,lib1,SN-38,True,,5,5,13,13
Pt46_t1,KK174,lib1,Sirolimus,True,,8,8,13,13
Pt46_t1,KK174,lib1,TAS-102,True,,9,9,13,13
Pt46_t1,KK174,lib1,Trametinib,True,,9,9,13,13
Pt46_t1,KK174,lib1,Tretinoin,True,,9,9,13,13
Pt46_t1,KK174,lib1,Vitamin C,True,,9,9,13,13
Pt46_t1,KK174,lib1,Volasertib,True,,9,9,13,13
Pt46_t2,KK168,lib1,2-methoxyestradiol,True,,9,9,13,13
Pt46_t2,KK168,lib1,5-FU,True,,9,9,13,13
Pt46_t2,KK168,lib1,AZD7762,True,,9,9,13,13
Pt46_t2,KK168,lib1,Afatinib,True,,9,9,13,13
Pt46_t2,KK168,lib1,Alisertib,True,,9,9,13,13
Pt46_t2,KK168,lib1,Atorvastatin,True,,9,9,13,13
Pt46_t2,KK168,lib1,Bemcentinib,True,,9,9,13,13
Pt46_t2,KK168,lib1,Binimetinib,True,,9,9,13,13
Pt46_t2,KK168,lib1,Cetuximab,False,fewer than four paired drug doses,2,2,13,13
Pt46_t2,KK168,lib1,Crizotinib,True,,9,9,13,13
Pt46_t2,KK168,lib1,Disulfiram+Cu,True,,5,5,13,13
Pt46_t2,KK168,lib1,Eltanexor,True,,9,9,13,13
Pt46_t2,KK168,lib1,Encorafenib,True,,9,9,13,13
Pt46_t2,KK168,lib1,Erastin,True,,8,8,13,13
Pt46_t2,KK168,lib1,Erlotinib,True,,9,9,13,13
Pt46_t2,KK168,lib1,Gedatolisib,True,,9,9,13,13
Pt46_t2,KK168,lib1,Gemcitabine,True,,9,9,13,13
Pt46_t2,KK168,lib1,Idasanutlin,True,,9,9,13,13
Pt46_t2,KK168,lib1,Ipatasertib,True,,9,9,13,13
Pt46_t2,KK168,lib1,LCL161,True,,5,5,13,13
Pt46_t2,KK168,lib1,LGK974,True,,9,9,13,13
Pt46_t2,KK168,lib1,Lapatinib,True,,9,9,13,13
Pt46_t2,KK168,lib1,Linsitinib,True,,9,9,13,13
Pt46_t2,KK168,lib1,Luminespib,True,,9,9,13,13
Pt46_t2,KK168,lib1,Methotrexate,True,,9,9,13,13
Pt46_t2,KK168,lib1,Napabucasin,True,,9,9,13,13
Pt46_t2,KK168,lib1,Navitoclax,True,,9,9,13,13
Pt46_t2,KK168,lib1,Olaparib,True,,8,8,13,13
Pt46_t2,KK168,lib1,Oxaliplatin,True,,9,9,13,13
Pt46_t2,KK168,lib1,Palbociclib,True,,9,9,13,13
Pt46_t2,KK168,lib1,Panobinostat,True,,9,9,13,13
Pt46_t2,KK168,lib1,Pevonedistat,True,,9,9,13,13
Pt46_t2,KK168,lib1,Regorafenib,True,,9,9,13,13
Pt46_t2,KK168,lib1,SN-38,True,,5,5,13,13
Pt46_t2,KK168,lib1,Sirolimus,True,,8,8,13,13
Pt46_t2,KK168,lib1,TAS-102,True,,9,9,13,13
Pt46_t2,KK168,lib1,Trametinib,True,,9,9,13,13
Pt46_t2,KK168,lib1,Tretinoin,True,,9,9,13,13
Pt46_t2,KK168,lib1,Vitamin C,True,,9,9,13,13
Pt46_t2,KK168,lib1,Volasertib,True,,9,9,13,13
Pt49_t1,KK169,lib1,2-methoxyestradiol,True,,9,9,13,13
Pt49_t1,KK169,lib1,5-FU,True,,9,9,13,13
Pt49_t1,KK169,lib1,AZD7762,True,,9,9,13,13
Pt49_t1,KK169,lib1,Afatinib,True,,9,9,13,13
Pt49_t1,KK169,lib1,Alisertib,True,,9,9,13,13
Pt49_t1,KK169,lib1,Atorvastatin,True,,9,9,13,13
Pt49_t1,KK169,lib1,Bemcentinib,True,,9,9,13,13
Pt49_t1,KK169,lib1,Binimetinib,True,,9,9,13,13
Pt49_t1,KK169,lib1,Cetuximab,False,fewer than four paired drug doses,2,2,13,13
Pt49_t1,KK169,lib1,Crizotinib,True,,9,9,13,13
Pt49_t1,KK169,lib1,Disulfiram+Cu,True,,5,5,13,13
Pt49_t1,KK169,lib1,Eltanexor,True,,9,9,13,13
Pt49_t1,KK169,lib1,Encorafenib,True,,9,9,13,13
Pt49_t1,KK169,lib1,Erastin,True,,8,8,13,13
Pt49_t1,KK169,lib1,Erlotinib,True,,9,9,13,13
Pt49_t1,KK169,lib1,Gedatolisib,True,,9,9,13,13
Pt49_t1,KK169,lib1,Gemcitabine,True,,9,9,13,13
Pt49_t1,KK169,lib1,Idasanutlin,True,,9,9,13,13
Pt49_t1,KK169,lib1,Ipatasertib,True,,9,9,13,13
Pt49_t1,KK169,lib1,LCL161,True,,5,5,13,13
Pt49_t1,KK169,lib1,LGK974,True,,9,9,13,13
Pt49_t1,KK169,lib1,Lapatinib,True,,9,9,13,13
Pt49_t1,KK169,lib1,Linsitinib,True,,9,9,13,13
Pt49_t1,KK169,lib1,Luminespib,True,,9,9,13,13
Pt49_t1,KK169,lib1,Methotrexate,True,,9,9,13,13
Pt49_t1,KK169,lib1,Napabucasin,True,,9,9,13,13
Pt49_t1,KK169,lib1,Navitoclax,True,,9,9,13,13
Pt49_t1,KK169,lib1,Olaparib,True,,8,8,13,13
Pt49_t1,KK169,lib1,Oxaliplatin,True,,9,9,13,13
Pt49_t1,KK169,lib1,Palbociclib,True,,9,9,13,13
Pt49_t1,KK169,lib1,Panobinostat,True,,9,9,13,13
Pt49_t1,KK169,lib1,Pevonedistat,True,,9,9,13,13
Pt49_t1,KK169,lib1,Regorafenib,True,,9,9,13,13
Pt49_t1,KK169,lib1,SN-38,True,,5,5,13,13
Pt49_t1,KK169,lib1,Sirolimus,True,,8,8,13,13
Pt49_t1,KK169,lib1,TAS-102,True,,9,9,13,13
Pt49_t1,KK169,lib1,Trametinib,True,,9,9,13,13
Pt49_t1,KK169,lib1,Tretinoin,True,,9,9,13,13
Pt49_t1,KK169,lib1,Vitamin C,True,,9,9,13,13
Pt49_t1,KK169,lib1,Volasertib,True,,9,9,13,13
Pt49_t2,KK177,lib1,2-methoxyestradiol,True,,9,9,13,13
Pt49_t2,KK177,lib1,5-FU,True,,9,9,13,13
Pt49_t2,KK177,lib1,AZD7762,True,,9,9,13,13
Pt49_t2,KK177,lib1,Afatinib,True,,9,9,13,13
Pt49_t2,KK177,lib1,Alisertib,True,,9,9,13,13
Pt49_t2,KK177,lib1,Atorvastatin,True,,9,9,13,13
Pt49_t2,KK177,lib1,Bemcentinib,True,,9,9,13,13
Pt49_t2,KK177,lib1,Binimetinib,True,,9,9,13,13
Pt49_t2,KK177,lib1,Cetuximab,False,fewer than four paired drug doses,2,2,13,13
Pt49_t2,KK177,lib1,Crizotinib,True,,9,9,13,13
Pt49_t2,KK177,lib1,Disulfiram+Cu,True,,5,5,13,13
Pt49_t2,KK177,lib1,Eltanexor,True,,9,9,13,13
Pt49_t2,KK177,lib1,Encorafenib,True,,9,9,13,13
Pt49_t2,KK177,lib1,Erastin,True,,8,8,13,13
Pt49_t2,KK177,lib1,Erlotinib,True,,9,9,13,13
Pt49_t2,KK177,lib1,Gedatolisib,True,,9,9,13,13
Pt49_t2,KK177,lib1,Gemcitabine,True,,9,9,13,13
Pt49_t2,KK177,lib1,Idasanutlin,True,,9,9,13,13
Pt49_t2,KK177,lib1,Ipatasertib,True,,9,9,13,13
Pt49_t2,KK177,lib1,LCL161,True,,5,5,13,13
Pt49_t2,KK177,lib1,LGK974,True,,9,9,13,13
Pt49_t2,KK177,lib1,Lapatinib,True,,9,9,13,13
Pt49_t2,KK177,lib1,Linsitinib,True,,9,9,13,13
Pt49_t2,KK177,lib1,Luminespib,True,,9,9,13,13
Pt49_t2,KK177,lib1,Methotrexate,True,,9,9,13,13
Pt49_t2,KK177,lib1,Napabucasin,True,,9,9,13,13
Pt49_t2,KK177,lib1,Navitoclax,True,,9,9,13,13
Pt49_t2,KK177,lib1,Olaparib,True,,8,8,13,13
Pt49_t2,KK177,lib1,Oxaliplatin,True,,9,9,13,13
Pt49_t2,KK177,lib1,Palbociclib,True,,9,9,13,13
Pt49_t2,KK177,lib1,Panobinostat,True,,9,9,13,13
Pt49_t2,KK177,lib1,Pevonedistat,True,,9,9,13,13
Pt49_t2,KK177,lib1,Regorafenib,True,,9,9,13,13
Pt49_t2,KK177,lib1,SN-38,True,,5,5,13,13
Pt49_t2,KK177,lib1,Sirolimus,True,,8,8,13,13
Pt49_t2,KK177,lib1,TAS-102,True,,9,9,13,13
Pt49_t2,KK177,lib1,Trametinib,True,,9,9,13,13
Pt49_t2,KK177,lib1,Tretinoin,True,,9,9,13,13
Pt49_t2,KK177,lib1,Vitamin C,True,,9,9,13,13
Pt49_t2,KK177,lib1,Volasertib,True,,9,9,13,13
Pt49_t3,KK175,lib1,2-methoxyestradiol,True,,9,9,13,13
Pt49_t3,KK175,lib1,5-FU,True,,9,9,13,13
Pt49_t3,KK175,lib1,AZD7762,True,,9,9,13,13
Pt49_t3,KK175,lib1,Afatinib,True,,9,9,13,13
Pt49_t3,KK175,lib1,Alisertib,True,,9,9,13,13
Pt49_t3,KK175,lib1,Atorvastatin,True,,9,9,13,13
Pt49_t3,KK175,lib1,Bemcentinib,True,,9,9,13,13
Pt49_t3,KK175,lib1,Binimetinib,True,,9,9,13,13
Pt49_t3,KK175,lib1,Cetuximab,False,fewer than four paired drug doses,2,2,13,13
Pt49_t3,KK175,lib1,Crizotinib,True,,9,9,13,13
Pt49_t3,KK175,lib1,Disulfiram+Cu,True,,5,5,13,13
Pt49_t3,KK175,lib1,Eltanexor,True,,9,9,13,13
Pt49_t3,KK175,lib1,Encorafenib,True,,9,9,13,13
Pt49_t3,KK175,lib1,Erastin,True,,8,8,13,13
Pt49_t3,KK175,lib1,Erlotinib,True,,9,9,13,13
Pt49_t3,KK175,lib1,Gedatolisib,True,,9,9,13,13
Pt49_t3,KK175,lib1,Gemcitabine,True,,9,9,13,13
Pt49_t3,KK175,lib1,Idasanutlin,True,,9,9,13,13
Pt49_t3,KK175,lib1,Ipatasertib,True,,9,9,13,13
Pt49_t3,KK175,lib1,LCL161,True,,5,5,13,13
Pt49_t3,KK175,lib1,LGK974,True,,9,9,13,13
Pt49_t3,KK175,lib1,Lapatinib,True,,9,9,13,13
Pt49_t3,KK175,lib1,Linsitinib,True,,9,9,13,13
Pt49_t3,KK175,lib1,Luminespib,True,,9,9,13,13
Pt49_t3,KK175,lib1,Methotrexate,True,,9,9,13,13
Pt49_t3,KK175,lib1,Napabucasin,True,,9,9,13,13
Pt49_t3,KK175,lib1,Navitoclax,True,,9,9,13,13
Pt49_t3,KK175,lib1,Olaparib,True,,8,8,13,13
Pt49_t3,KK175,lib1,Oxaliplatin,True,,9,9,13,13
Pt49_t3,KK175,lib1,Palbociclib,True,,9,9,13,13
Pt49_t3,KK175,lib1,Panobinostat,True,,9,9,13,13
Pt49_t3,KK175,lib1,Pevonedistat,True,,9,9,13,13
Pt49_t3,KK175,lib1,Regorafenib,True,,9,9,13,13
Pt49_t3,KK175,lib1,SN-38,True,,5,5,13,13
Pt49_t3,KK175,lib1,Sirolimus,True,,8,8,13,13
Pt49_t3,KK175,lib1,TAS-102,True,,9,9,13,13
Pt49_t3,KK175,lib1,Trametinib,True,,9,9,13,13
Pt49_t3,KK175,lib1,Tretinoin,True,,9,9,13,13
Pt49_t3,KK175,lib1,Vitamin C,True,,9,9,13,13
Pt49_t3,KK175,lib1,Volasertib,True,,9,9,13,13
Pt49_t4,KK173,lib1,2-methoxyestradiol,True,,9,9,13,13
Pt49_t4,KK173,lib1,5-FU,True,,9,9,13,13
Pt49_t4,KK173,lib1,AZD7762,True,,9,9,13,13
Pt49_t4,KK173,lib1,Afatinib,True,,9,9,13,13
Pt49_t4,KK173,lib1,Alisertib,True,,9,9,13,13
Pt49_t4,KK173,lib1,Atorvastatin,True,,9,9,13,13
Pt49_t4,KK173,lib1,Bemcentinib,True,,9,9,13,13
Pt49_t4,KK173,lib1,Binimetinib,True,,9,9,13,13
Pt49_t4,KK173,lib1,Cetuximab,False,fewer than four paired drug doses,2,2,13,13
Pt49_t4,KK173,lib1,Crizotinib,True,,9,9,13,13
Pt49_t4,KK173,lib1,Disulfiram+Cu,True,,5,5,13,13
Pt49_t4,KK173,lib1,Eltanexor,True,,9,9,13,13
Pt49_t4,KK173,lib1,Encorafenib,True,,9,9,13,13
Pt49_t4,KK173,lib1,Erastin,True,,8,8,13,13
Pt49_t4,KK173,lib1,Erlotinib,True,,9,9,13,13
Pt49_t4,KK173,lib1,Gedatolisib,True,,9,9,13,13
Pt49_t4,KK173,lib1,Gemcitabine,True,,9,9,13,13
Pt49_t4,KK173,lib1,Idasanutlin,True,,9,9,13,13
Pt49_t4,KK173,lib1,Ipatasertib,True,,9,9,13,13
Pt49_t4,KK173,lib1,LCL161,True,,5,5,13,13
Pt49_t4,KK173,lib1,LGK974,True,,9,9,13,13
Pt49_t4,KK173,lib1,Lapatinib,True,,9,9,13,13
Pt49_t4,KK173,lib1,Linsitinib,True,,9,9,13,13
Pt49_t4,KK173,lib1,Luminespib,True,,9,9,13,13
Pt49_t4,KK173,lib1,Methotrexate,True,,9,9,13,13
Pt49_t4,KK173,lib1,Napabucasin,True,,9,9,13,13
Pt49_t4,KK173,lib1,Navitoclax,True,,9,9,13,13
Pt49_t4,KK173,lib1,Olaparib,True,,8,8,13,13
Pt49_t4,KK173,lib1,Oxaliplatin,True,,9,9,13,13
Pt49_t4,KK173,lib1,Palbociclib,True,,9,9,13,13
Pt49_t4,KK173,lib1,Panobinostat,True,,9,9,13,13
Pt49_t4,KK173,lib1,Pevonedistat,True,,9,9,13,13
Pt49_t4,KK173,lib1,Regorafenib,True,,9,9,13,13
Pt49_t4,KK173,lib1,SN-38,True,,5,5,13,13
Pt49_t4,KK173,lib1,Sirolimus,True,,8,8,13,13
Pt49_t4,KK173,lib1,TAS-102,True,,9,9,13,13
Pt49_t4,KK173,lib1,Trametinib,True,,9,9,13,13
Pt49_t4,KK173,lib1,Tretinoin,True,,9,9,13,13
Pt49_t4,KK173,lib1,Vitamin C,True,,9,9,13,13
Pt49_t4,KK173,lib1,Volasertib,True,,9,9,13,13
Pt50.2_t1,KK349,lib2,5-FU,True,,8,8,10,10
Pt50.2_t1,KK349,lib2,AZD5991,True,,8,8,10,10
Pt50.2_t1,KK349,lib2,AZD7762,True,,8,8,10,10
Pt50.2_t1,KK349,lib2,Adavosertib,True,,8,8,10,10
Pt50.2_t1,KK349,lib2,Afatinib,True,,8,8,10,10
Pt50.2_t1,KK349,lib2,Alectinib,True,,8,8,10,10
Pt50.2_t1,KK349,lib2,Alisertib,True,,8,8,10,10
Pt50.2_t1,KK349,lib2,Atorvastatin,True,,8,8,10,10
Pt50.2_t1,KK349,lib2,BMS-754807,True,,8,8,10,10
Pt50.2_t1,KK349,lib2,Bemcentinib,True,,8,8,10,10
Pt50.2_t1,KK349,lib2,Carfilzomib,True,,8,8,10,10
Pt50.2_t1,KK349,lib2,Ceralasertib,True,,8,8,10,10
Pt50.2_t1,KK349,lib2,Cetuximab,True,,5,5,10,10
Pt50.2_t1,KK349,lib2,Dasatinib,True,,8,8,10,10
Pt50.2_t1,KK349,lib2,Encorafenib,True,,8,8,10,10
Pt50.2_t1,KK349,lib2,Everolimus,True,,8,8,10,10
Pt50.2_t1,KK349,lib2,Gedatolisib,True,,8,8,10,10
Pt50.2_t1,KK349,lib2,Gemcitabine,True,,8,8,10,10
Pt50.2_t1,KK349,lib2,Idasanutlin,True,,8,8,10,10
Pt50.2_t1,KK349,lib2,Idelalisib,True,,8,8,10,10
Pt50.2_t1,KK349,lib2,LCL161,True,,8,8,10,10
Pt50.2_t1,KK349,lib2,LGK974,True,,8,8,10,10
Pt50.2_t1,KK349,lib2,Lapatinib,True,,8,8,10,10
Pt50.2_t1,KK349,lib2,Larotrectinib,True,,8,8,10,10
Pt50.2_t1,KK349,lib2,Luminespib,True,,8,8,10,10
Pt50.2_t1,KK349,lib2,Methotrexate,True,,8,8,10,10
Pt50.2_t1,KK349,lib2,Napabucasin,True,,8,8,10,10
Pt50.2_t1,KK349,lib2,Oxaliplatin,True,,8,8,10,10
Pt50.2_t1,KK349,lib2,Palbociclib,True,,8,8,10,10
Pt50.2_t1,KK349,lib2,Panobinostat,True,,8,8,10,10
Pt50.2_t1,KK349,lib2,Pevonedistat,True,,8,8,10,10
Pt50.2_t1,KK349,lib2,Regorafenib,True,,8,8,10,10
Pt50.2_t1,KK349,lib2,SN-38,True,,9,9,10,10
Pt50.2_t1,KK349,lib2,Savolitinib,True,,8,8,10,10
Pt50.2_t1,KK349,lib2,Selinexor,True,,8,8,10,10
Pt50.2_t1,KK349,lib2,Silmitasertib,True,,8,8,10,10
Pt50.2_t1,KK349,lib2,Sotorasib,True,,8,8,10,10
Pt50.2_t1,KK349,lib2,TAS-102,True,,8,8,10,10
Pt50.2_t1,KK349,lib2,Talazoparib,True,,8,8,10,10
Pt50.2_t1,KK349,lib2,Trametinib,True,,8,8,10,10
Pt50.2_t1,KK349,lib2,Venetoclax,True,,8,8,10,10
Pt50.2_t1,KK349,lib2,Volasertib,True,,8,8,10,10
Pt50_t3,KK187,lib1,2-methoxyestradiol,True,,9,9,13,13
Pt50_t3,KK187,lib1,5-FU,True,,9,9,13,13
Pt50_t3,KK187,lib1,AZD7762,True,,9,9,13,13
Pt50_t3,KK187,lib1,Afatinib,True,,9,9,13,13
Pt50_t3,KK187,lib1,Alisertib,True,,9,9,13,13
Pt50_t3,KK187,lib1,Atorvastatin,True,,9,9,13,13
Pt50_t3,KK187,lib1,Bemcentinib,True,,9,9,13,13
Pt50_t3,KK187,lib1,Binimetinib,True,,9,9,13,13
Pt50_t3,KK187,lib1,Cetuximab,False,fewer than four paired drug doses,2,2,13,13
Pt50_t3,KK187,lib1,Crizotinib,True,,9,9,13,13
Pt50_t3,KK187,lib1,Disulfiram+Cu,True,,5,5,13,13
Pt50_t3,KK187,lib1,Eltanexor,True,,9,9,13,13
Pt50_t3,KK187,lib1,Encorafenib,True,,9,9,13,13
Pt50_t3,KK187,lib1,Erastin,True,,8,8,13,13
Pt50_t3,KK187,lib1,Erlotinib,True,,9,9,13,13
Pt50_t3,KK187,lib1,Gedatolisib,True,,9,9,13,13
Pt50_t3,KK187,lib1,Gemcitabine,True,,9,9,13,13
Pt50_t3,KK187,lib1,Idasanutlin,True,,9,9,13,13
Pt50_t3,KK187,lib1,Ipatasertib,True,,9,9,13,13
Pt50_t3,KK187,lib1,LCL161,True,,5,5,13,13
Pt50_t3,KK187,lib1,LGK974,True,,9,9,13,13
Pt50_t3,KK187,lib1,Lapatinib,True,,9,9,13,13
Pt50_t3,KK187,lib1,Linsitinib,True,,9,9,13,13
Pt50_t3,KK187,lib1,Luminespib,True,,9,9,13,13
Pt50_t3,KK187,lib1,Methotrexate,True,,9,9,13,13
Pt50_t3,KK187,lib1,Napabucasin,True,,9,9,13,13
Pt50_t3,KK187,lib1,Navitoclax,True,,9,9,13,13
Pt50_t3,KK187,lib1,Olaparib,True,,8,8,13,13
Pt50_t3,KK187,lib1,Oxaliplatin,True,,9,9,13,13
Pt50_t3,KK187,lib1,Palbociclib,True,,9,9,13,13
Pt50_t3,KK187,lib1,Panobinostat,True,,9,9,13,13
Pt50_t3,KK187,lib1,Pevonedistat,True,,9,9,13,13
Pt50_t3,KK187,lib1,Regorafenib,True,,9,9,13,13
Pt50_t3,KK187,lib1,SN-38,True,,5,5,13,13
Pt50_t3,KK187,lib1,Sirolimus,True,,8,8,13,13
Pt50_t3,KK187,lib1,TAS-102,True,,9,9,13,13
Pt50_t3,KK187,lib1,Trametinib,True,,9,9,13,13
Pt50_t3,KK187,lib1,Tretinoin,True,,9,9,13,13
Pt50_t3,KK187,lib1,Vitamin C,True,,9,9,13,13
Pt50_t3,KK187,lib1,Volasertib,True,,9,9,13,13
Pt52_t1,KK208,lib1,2-methoxyestradiol,True,,9,9,13,13
Pt52_t1,KK208,lib1,5-FU,True,,9,9,13,13
Pt52_t1,KK208,lib1,AZD7762,True,,9,9,13,13
Pt52_t1,KK208,lib1,Afatinib,True,,9,9,13,13
Pt52_t1,KK208,lib1,Alisertib,True,,9,9,13,13
Pt52_t1,KK208,lib1,Atorvastatin,True,,9,9,13,13
Pt52_t1,KK208,lib1,Bemcentinib,True,,9,9,13,13
Pt52_t1,KK208,lib1,Binimetinib,True,,9,9,13,13
Pt52_t1,KK208,lib1,Cetuximab,False,fewer than four paired drug doses,2,2,13,13
Pt52_t1,KK208,lib1,Crizotinib,True,,9,9,13,13
Pt52_t1,KK208,lib1,Disulfiram+Cu,True,,5,5,13,13
Pt52_t1,KK208,lib1,Eltanexor,True,,9,9,13,13
Pt52_t1,KK208,lib1,Encorafenib,True,,9,9,13,13
Pt52_t1,KK208,lib1,Erastin,True,,8,8,13,13
Pt52_t1,KK208,lib1,Erlotinib,True,,9,9,13,13
Pt52_t1,KK208,lib1,Gedatolisib,True,,9,9,13,13
Pt52_t1,KK208,lib1,Gemcitabine,True,,9,9,13,13
Pt52_t1,KK208,lib1,Idasanutlin,True,,9,9,13,13
Pt52_t1,KK208,lib1,Ipatasertib,True,,9,9,13,13
Pt52_t1,KK208,lib1,LCL161,True,,5,5,13,13
Pt52_t1,KK208,lib1,LGK974,True,,9,9,13,13
Pt52_t1,KK208,lib1,Lapatinib,True,,9,9,13,13
Pt52_t1,KK208,lib1,Linsitinib,True,,9,9,13,13
Pt52_t1,KK208,lib1,Luminespib,True,,9,9,13,13
Pt52_t1,KK208,lib1,Methotrexate,True,,9,9,13,13
Pt52_t1,KK208,lib1,Napabucasin,True,,9,9,13,13
Pt52_t1,KK208,lib1,Navitoclax,True,,9,9,13,13
Pt52_t1,KK208,lib1,Olaparib,True,,8,8,13,13
Pt52_t1,KK208,lib1,Oxaliplatin,True,,9,9,13,13
Pt52_t1,KK208,lib1,Palbociclib,True,,9,9,13,13
Pt52_t1,KK208,lib1,Panobinostat,True,,9,9,13,13
Pt52_t1,KK208,lib1,Pevonedistat,True,,9,9,13,13
Pt52_t1,KK208,lib1,Regorafenib,True,,9,9,13,13
Pt52_t1,KK208,lib1,SN-38,True,,5,5,13,13
Pt52_t1,KK208,lib1,Sirolimus,True,,8,8,13,13
Pt52_t1,KK208,lib1,TAS-102,True,,9,9,13,13
Pt52_t1,KK208,lib1,Trametinib,True,,9,9,13,13
Pt52_t1,KK208,lib1,Tretinoin,True,,9,9,13,13
Pt52_t1,KK208,lib1,Vitamin C,True,,9,9,13,13
Pt52_t1,KK208,lib1,Volasertib,True,,9,9,13,13
Pt52_t2,KK194,lib1,2-methoxyestradiol,True,,9,9,13,13
Pt52_t2,KK194,lib1,5-FU,True,,9,9,13,13
Pt52_t2,KK194,lib1,AZD7762,True,,9,9,13,13
Pt52_t2,KK194,lib1,Afatinib,True,,9,9,13,13
Pt52_t2,KK194,lib1,Alisertib,True,,9,9,13,13
Pt52_t2,KK194,lib1,Atorvastatin,True,,9,9,13,13
Pt52_t2,KK194,lib1,Bemcentinib,True,,9,9,13,13
Pt52_t2,KK194,lib1,Binimetinib,True,,9,9,13,13
Pt52_t2,KK194,lib1,Cetuximab,False,fewer than four paired drug doses,2,2,13,13
Pt52_t2,KK194,lib1,Crizotinib,True,,9,9,13,13
Pt52_t2,KK194,lib1,Disulfiram+Cu,True,,5,5,13,13
Pt52_t2,KK194,lib1,Eltanexor,True,,9,9,13,13
Pt52_t2,KK194,lib1,Encorafenib,True,,9,9,13,13
Pt52_t2,KK194,lib1,Erastin,True,,8,8,13,13
Pt52_t2,KK194,lib1,Erlotinib,True,,9,9,13,13
Pt52_t2,KK194,lib1,Gedatolisib,True,,9,9,13,13
Pt52_t2,KK194,lib1,Gemcitabine,True,,9,9,13,13
Pt52_t2,KK194,lib1,Idasanutlin,True,,9,9,13,13
Pt52_t2,KK194,lib1,Ipatasertib,True,,9,9,13,13
Pt52_t2,KK194,lib1,LCL161,True,,5,5,13,13
Pt52_t2,KK194,lib1,LGK974,True,,9,9,13,13
Pt52_t2,KK194,lib1,Lapatinib,True,,9,9,13,13
Pt52_t2,KK194,lib1,Linsitinib,True,,9,9,13,13
Pt52_t2,KK194,lib1,Luminespib,True,,9,9,13,13
Pt52_t2,KK194,lib1,Methotrexate,True,,9,9,13,13
Pt52_t2,KK194,lib1,Napabucasin,True,,9,9,13,13
Pt52_t2,KK194,lib1,Navitoclax,True,,9,9,13,13
Pt52_t2,KK194,lib1,Olaparib,True,,8,8,13,13
Pt52_t2,KK194,lib1,Oxaliplatin,True,,9,9,13,13
Pt52_t2,KK194,lib1,Palbociclib,True,,9,9,13,13
Pt52_t2,KK194,lib1,Panobinostat,True,,9,9,13,13
Pt52_t2,KK194,lib1,Pevonedistat,True,,9,9,13,13
Pt52_t2,KK194,lib1,Regorafenib,True,,9,9,13,13
Pt52_t2,KK194,lib1,SN-38,True,,5,5,13,13
Pt52_t2,KK194,lib1,Sirolimus,True,,8,8,13,13
Pt52_t2,KK194,lib1,TAS-102,True,,9,9,13,13
Pt52_t2,KK194,lib1,Trametinib,True,,9,9,13,13
Pt52_t2,KK194,lib1,Tretinoin,True,,9,9,13,13
Pt52_t2,KK194,lib1,Vitamin C,True,,9,9,13,13
Pt52_t2,KK194,lib1,Volasertib,True,,9,9,13,13
Pt54.2_t1,KK222,lib2,5-FU,True,,8,8,10,10
Pt54.2_t1,KK222,lib2,AZD7762,True,,8,8,10,10
Pt54.2_t1,KK222,lib2,Afatinib,True,,8,8,10,10
Pt54.2_t1,KK222,lib2,Alectinib,True,,8,8,10,10
Pt54.2_t1,KK222,lib2,Alisertib,True,,8,8,10,10
Pt54.2_t1,KK222,lib2,Atorvastatin,True,,8,8,10,10
Pt54.2_t1,KK222,lib2,BMS-754807,True,,8,8,10,10
Pt54.2_t1,KK222,lib2,Bemcentinib,True,,8,8,10,10
Pt54.2_t1,KK222,lib2,Carfilzomib,True,,8,8,10,10
Pt54.2_t1,KK222,lib2,Ceralasertib,True,,8,8,10,10
Pt54.2_t1,KK222,lib2,Cetuximab,True,,5,5,10,10
Pt54.2_t1,KK222,lib2,Dasatinib,True,,8,8,10,10
Pt54.2_t1,KK222,lib2,Encorafenib,True,,8,8,10,10
Pt54.2_t1,KK222,lib2,Everolimus,True,,8,8,10,10
Pt54.2_t1,KK222,lib2,Gedatolisib,True,,8,8,10,10
Pt54.2_t1,KK222,lib2,Gemcitabine,True,,8,8,10,10
Pt54.2_t1,KK222,lib2,Idasanutlin,True,,8,8,10,10
Pt54.2_t1,KK222,lib2,Idelalisib,True,,8,8,10,10
Pt54.2_t1,KK222,lib2,LCL161,True,,8,8,10,10
Pt54.2_t1,KK222,lib2,LGK974,True,,8,8,10,10
Pt54.2_t1,KK222,lib2,Lapatinib,True,,8,8,10,10
Pt54.2_t1,KK222,lib2,Larotrectinib,True,,8,8,10,10
Pt54.2_t1,KK222,lib2,Luminespib,True,,8,8,10,10
Pt54.2_t1,KK222,lib2,Methotrexate,True,,8,8,10,10
Pt54.2_t1,KK222,lib2,Napabucasin,True,,8,8,10,10
Pt54.2_t1,KK222,lib2,Oxaliplatin,True,,8,8,10,10
Pt54.2_t1,KK222,lib2,Palbociclib,True,,8,8,10,10
Pt54.2_t1,KK222,lib2,Panobinostat,True,,8,8,10,10
Pt54.2_t1,KK222,lib2,Pevonedistat,True,,8,8,10,10
Pt54.2_t1,KK222,lib2,Regorafenib,True,,8,8,10,10
Pt54.2_t1,KK222,lib2,SN-38,True,,8,8,10,10
Pt54.2_t1,KK222,lib2,Savolitinib,True,,8,8,10,10
Pt54.2_t1,KK222,lib2,Selinexor,True,,8,8,10,10
Pt54.2_t1,KK222,lib2,Silmitasertib,True,,8,8,10,10
Pt54.2_t1,KK222,lib2,Sotorasib,True,,8,8,10,10
Pt54.2_t1,KK222,lib2,TAS-102,True,,8,8,10,10
Pt54.2_t1,KK222,lib2,Talazoparib,True,,8,8,10,10
Pt54.2_t1,KK222,lib2,Trametinib,True,,8,8,10,10
Pt54.2_t1,KK222,lib2,Venetoclax,True,,8,8,10,10
Pt54.2_t1,KK222,lib2,Volasertib,True,,8,8,10,10
Pt54.2_t1,KK222A,lib1,2-methoxyestradiol,True,,9,9,13,13
Pt54.2_t1,KK222A,lib1,5-FU,True,,9,9,13,13
Pt54.2_t1,KK222A,lib1,AZD7762,True,,9,9,13,13
Pt54.2_t1,KK222A,lib1,Afatinib,True,,9,9,13,13
Pt54.2_t1,KK222A,lib1,Alisertib,True,,9,9,13,13
Pt54.2_t1,KK222A,lib1,Atorvastatin,True,,9,9,13,13
Pt54.2_t1,KK222A,lib1,Bemcentinib,True,,9,9,13,13
Pt54.2_t1,KK222A,lib1,Binimetinib,True,,9,9,13,13
Pt54.2_t1,KK222A,lib1,Cetuximab,False,fewer than four paired drug doses,2,2,13,13
Pt54.2_t1,KK222A,lib1,Crizotinib,True,,9,9,13,13
Pt54.2_t1,KK222A,lib1,Disulfiram+Cu,True,,5,5,13,13
Pt54.2_t1,KK222A,lib1,Eltanexor,True,,9,9,13,13
Pt54.2_t1,KK222A,lib1,Encorafenib,True,,9,9,13,13
Pt54.2_t1,KK222A,lib1,Erastin,True,,8,8,13,13
Pt54.2_t1,KK222A,lib1,Erlotinib,True,,9,9,13,13
Pt54.2_t1,KK222A,lib1,Gedatolisib,True,,9,9,13,13
Pt54.2_t1,KK222A,lib1,Gemcitabine,True,,9,9,13,13
Pt54.2_t1,KK222A,lib1,Idasanutlin,True,,9,9,13,13
Pt54.2_t1,KK222A,lib1,Ipatasertib,True,,9,9,13,13
Pt54.2_t1,KK222A,lib1,LCL161,True,,5,5,13,13
Pt54.2_t1,KK222A,lib1,LGK974,True,,9,9,13,13
Pt54.2_t1,KK222A,lib1,Lapatinib,True,,9,9,13,13
Pt54.2_t1,KK222A,lib1,Linsitinib,True,,9,9,13,13
Pt54.2_t1,KK222A,lib1,Luminespib,True,,9,9,13,13
Pt54.2_t1,KK222A,lib1,Methotrexate,True,,9,9,13,13
Pt54.2_t1,KK222A,lib1,Napabucasin,True,,9,9,13,13
Pt54.2_t1,KK222A,lib1,Navitoclax,True,,9,9,13,13
Pt54.2_t1,KK222A,lib1,Olaparib,True,,8,8,13,13
Pt54.2_t1,KK222A,lib1,Oxaliplatin,True,,9,9,13,13
Pt54.2_t1,KK222A,lib1,Palbociclib,True,,9,9,13,13
Pt54.2_t1,KK222A,lib1,Panobinostat,True,,9,9,13,13
Pt54.2_t1,KK222A,lib1,Pevonedistat,True,,9,9,13,13
Pt54.2_t1,KK222A,lib1,Regorafenib,True,,9,9,13,13
Pt54.2_t1,KK222A,lib1,SN-38,True,,5,5,13,13
Pt54.2_t1,KK222A,lib1,Sirolimus,True,,8,8,13,13
Pt54.2_t1,KK222A,lib1,TAS-102,True,,9,9,13,13
Pt54.2_t1,KK222A,lib1,Trametinib,True,,9,9,13,13
Pt54.2_t1,KK222A,lib1,Tretinoin,True,,9,9,13,13
Pt54.2_t1,KK222A,lib1,Vitamin C,True,,9,9,13,13
Pt54.2_t1,KK222A,lib1,Volasertib,True,,9,9,13,13
Pt54.2_t2,KK225,lib1,2-methoxyestradiol,True,,9,9,13,13
Pt54.2_t2,KK225,lib1,5-FU,True,,9,9,13,13
Pt54.2_t2,KK225,lib1,AZD7762,True,,9,9,13,13
Pt54.2_t2,KK225,lib1,Afatinib,True,,9,9,13,13
Pt54.2_t2,KK225,lib1,Alisertib,True,,9,9,13,13
Pt54.2_t2,KK225,lib1,Atorvastatin,True,,9,9,13,13
Pt54.2_t2,KK225,lib1,Bemcentinib,True,,9,9,13,13
Pt54.2_t2,KK225,lib1,Binimetinib,True,,9,9,13,13
Pt54.2_t2,KK225,lib1,Cetuximab,False,fewer than four paired drug doses,2,2,13,13
Pt54.2_t2,KK225,lib1,Crizotinib,True,,9,9,13,13
Pt54.2_t2,KK225,lib1,Disulfiram+Cu,True,,5,5,13,13
Pt54.2_t2,KK225,lib1,Eltanexor,True,,9,9,13,13
Pt54.2_t2,KK225,lib1,Encorafenib,True,,9,9,13,13
Pt54.2_t2,KK225,lib1,Erastin,True,,8,8,13,13
Pt54.2_t2,KK225,lib1,Erlotinib,True,,9,9,13,13
Pt54.2_t2,KK225,lib1,Gedatolisib,True,,9,9,13,13
Pt54.2_t2,KK225,lib1,Gemcitabine,True,,9,9,13,13
Pt54.2_t2,KK225,lib1,Idasanutlin,True,,9,9,13,13
Pt54.2_t2,KK225,lib1,Ipatasertib,True,,9,9,13,13
Pt54.2_t2,KK225,lib1,LCL161,True,,5,5,13,13
Pt54.2_t2,KK225,lib1,LGK974,True,,9,9,13,13
Pt54.2_t2,KK225,lib1,Lapatinib,True,,9,9,13,13
Pt54.2_t2,KK225,lib1,Linsitinib,True,,9,9,13,13
Pt54.2_t2,KK225,lib1,Luminespib,True,,9,9,13,13
Pt54.2_t2,KK225,lib1,Methotrexate,True,,9,9,13,13
Pt54.2_t2,KK225,lib1,Napabucasin,True,,9,9,13,13
Pt54.2_t2,KK225,lib1,Navitoclax,True,,9,9,13,13
Pt54.2_t2,KK225,lib1,Olaparib,True,,8,8,13,13
Pt54.2_t2,KK225,lib1,Oxaliplatin,True,,9,9,13,13
Pt54.2_t2,KK225,lib1,Palbociclib,True,,9,9,13,13
Pt54.2_t2,KK225,lib1,Panobinostat,True,,9,9,13,13
Pt54.2_t2,KK225,lib1,Pevonedistat,True,,9,9,13,13
Pt54.2_t2,KK225,lib1,Regorafenib,True,,9,9,13,13
Pt54.2_t2,KK225,lib1,SN-38,True,,5,5,13,13
Pt54.2_t2,KK225,lib1,Sirolimus,True,,8,8,13,13
Pt54.2_t2,KK225,lib1,TAS-102,True,,9,9,13,13
Pt54.2_t2,KK225,lib1,Trametinib,True,,9,9,13,13
Pt54.2_t2,KK225,lib1,Tretinoin,True,,9,9,13,13
Pt54.2_t2,KK225,lib1,Vitamin C,True,,9,9,13,13
Pt54.2_t2,KK225,lib1,Volasertib,True,,9,9,13,13
Pt54.2_t3,KK221,lib1,2-methoxyestradiol,True,,9,9,13,13
Pt54.2_t3,KK221,lib1,5-FU,True,,9,9,13,13
Pt54.2_t3,KK221,lib1,AZD7762,True,,9,9,13,13
Pt54.2_t3,KK221,lib1,Afatinib,True,,9,9,13,13
Pt54.2_t3,KK221,lib1,Alisertib,True,,9,9,13,13
Pt54.2_t3,KK221,lib1,Atorvastatin,True,,9,9,13,13
Pt54.2_t3,KK221,lib1,Bemcentinib,True,,9,9,13,13
Pt54.2_t3,KK221,lib1,Binimetinib,True,,9,9,13,13
Pt54.2_t3,KK221,lib1,Cetuximab,False,fewer than four paired drug doses,2,2,13,13
Pt54.2_t3,KK221,lib1,Crizotinib,True,,9,9,13,13
Pt54.2_t3,KK221,lib1,Disulfiram+Cu,True,,5,5,13,13
Pt54.2_t3,KK221,lib1,Eltanexor,True,,9,9,13,13
Pt54.2_t3,KK221,lib1,Encorafenib,True,,9,9,13,13
Pt54.2_t3,KK221,lib1,Erastin,True,,8,8,13,13
Pt54.2_t3,KK221,lib1,Erlotinib,True,,9,9,13,13
Pt54.2_t3,KK221,lib1,Gedatolisib,True,,9,9,13,13
Pt54.2_t3,KK221,lib1,Gemcitabine,True,,9,9,13,13
Pt54.2_t3,KK221,lib1,Idasanutlin,True,,9,9,13,13
Pt54.2_t3,KK221,lib1,Ipatasertib,True,,9,9,13,13
Pt54.2_t3,KK221,lib1,LCL161,True,,5,5,13,13
Pt54.2_t3,KK221,lib1,LGK974,True,,9,9,13,13
Pt54.2_t3,KK221,lib1,Lapatinib,True,,9,9,13,13
Pt54.2_t3,KK221,lib1,Linsitinib,True,,9,9,13,13
Pt54.2_t3,KK221,lib1,Luminespib,True,,9,9,13,13
Pt54.2_t3,KK221,lib1,Methotrexate,True,,9,9,13,13
Pt54.2_t3,KK221,lib1,Napabucasin,True,,9,9,13,13
Pt54.2_t3,KK221,lib1,Navitoclax,True,,9,9,13,13
Pt54.2_t3,KK221,lib1,Olaparib,True,,8,8,13,13
Pt54.2_t3,KK221,lib1,Oxaliplatin,True,,9,9,13,13
Pt54.2_t3,KK221,lib1,Palbociclib,True,,9,9,13,13
Pt54.2_t3,KK221,lib1,Panobinostat,True,,9,9,13,13
Pt54.2_t3,KK221,lib1,Pevonedistat,True,,9,9,13,13
Pt54.2_t3,KK221,lib1,Regorafenib,True,,9,9,13,13
Pt54.2_t3,KK221,lib1,SN-38,True,,5,5,13,13
Pt54.2_t3,KK221,lib1,Sirolimus,True,,8,8,13,13
Pt54.2_t3,KK221,lib1,TAS-102,True,,9,9,13,13
Pt54.2_t3,KK221,lib1,Trametinib,True,,9,9,13,13
Pt54.2_t3,KK221,lib1,Tretinoin,True,,9,9,13,13
Pt54.2_t3,KK221,lib1,Vitamin C,True,,9,9,13,13
Pt54.2_t3,KK221,lib1,Volasertib,True,,9,9,13,13
Pt54.2_t3,KK272,lib2,5-FU,True,,8,8,10,10
Pt54.2_t3,KK272,lib2,AZD5991,True,,8,8,10,10
Pt54.2_t3,KK272,lib2,AZD7762,True,,8,8,10,10
Pt54.2_t3,KK272,lib2,Adavosertib,True,,8,8,10,10
Pt54.2_t3,KK272,lib2,Afatinib,True,,8,8,10,10
Pt54.2_t3,KK272,lib2,Alectinib,True,,8,8,10,10
Pt54.2_t3,KK272,lib2,Alisertib,True,,8,8,10,10
Pt54.2_t3,KK272,lib2,Atorvastatin,True,,8,8,10,10
Pt54.2_t3,KK272,lib2,BMS-754807,True,,8,8,10,10
Pt54.2_t3,KK272,lib2,Bemcentinib,True,,8,8,10,10
Pt54.2_t3,KK272,lib2,Carfilzomib,True,,8,8,10,10
Pt54.2_t3,KK272,lib2,Ceralasertib,True,,8,8,10,10
Pt54.2_t3,KK272,lib2,Cetuximab,True,,5,5,10,10
Pt54.2_t3,KK272,lib2,Dasatinib,True,,8,8,10,10
Pt54.2_t3,KK272,lib2,Encorafenib,True,,8,8,10,10
Pt54.2_t3,KK272,lib2,Everolimus,True,,8,8,10,10
Pt54.2_t3,KK272,lib2,Gedatolisib,True,,8,8,10,10
Pt54.2_t3,KK272,lib2,Gemcitabine,True,,8,8,10,10
Pt54.2_t3,KK272,lib2,Idasanutlin,True,,8,8,10,10
Pt54.2_t3,KK272,lib2,Idelalisib,True,,8,8,10,10
Pt54.2_t3,KK272,lib2,LCL161,True,,8,8,10,10
Pt54.2_t3,KK272,lib2,LGK974,True,,8,8,10,10
Pt54.2_t3,KK272,lib2,Lapatinib,True,,8,8,10,10
Pt54.2_t3,KK272,lib2,Larotrectinib,True,,8,8,10,10
Pt54.2_t3,KK272,lib2,Luminespib,True,,8,8,10,10
Pt54.2_t3,KK272,lib2,Methotrexate,True,,8,8,10,10
Pt54.2_t3,KK272,lib2,Napabucasin,True,,8,8,10,10
Pt54.2_t3,KK272,lib2,Oxaliplatin,True,,8,8,10,10
Pt54.2_t3,KK272,lib2,Palbociclib,True,,8,8,10,10
Pt54.2_t3,KK272,lib2,Panobinostat,True,,8,8,10,10
Pt54.2_t3,KK272,lib2,Pevonedistat,True,,8,8,10,10
Pt54.2_t3,KK272,lib2,Regorafenib,True,,8,8,10,10
Pt54.2_t3,KK272,lib2,SN-38,True,,9,9,10,10
Pt54.2_t3,KK272,lib2,Savolitinib,True,,8,8,10,10
Pt54.2_t3,KK272,lib2,Selinexor,True,,8,8,10,10
Pt54.2_t3,KK272,lib2,Silmitasertib,True,,8,8,10,10
Pt54.2_t3,KK272,lib2,Sotorasib,True,,8,8,10,10
Pt54.2_t3,KK272,lib2,TAS-102,True,,8,8,10,10
Pt54.2_t3,KK272,lib2,Talazoparib,True,,8,8,10,10
Pt54.2_t3,KK272,lib2,Trametinib,True,,8,8,10,10
Pt54.2_t3,KK272,lib2,Venetoclax,True,,8,8,10,10
Pt54.2_t3,KK272,lib2,Volasertib,True,,8,8,10,10
Pt54.2_t4,KK212,lib1,2-methoxyestradiol,True,,9,9,13,13
Pt54.2_t4,KK212,lib1,5-FU,True,,9,9,13,13
Pt54.2_t4,KK212,lib1,AZD7762,True,,9,9,13,13
Pt54.2_t4,KK212,lib1,Afatinib,True,,9,9,13,13
Pt54.2_t4,KK212,lib1,Alisertib,True,,9,9,13,13
Pt54.2_t4,KK212,lib1,Atorvastatin,True,,9,9,13,13
Pt54.2_t4,KK212,lib1,Bemcentinib,True,,9,9,13,13
Pt54.2_t4,KK212,lib1,Binimetinib,True,,9,9,13,13
Pt54.2_t4,KK212,lib1,Cetuximab,False,fewer than four paired drug doses,2,2,13,13
Pt54.2_t4,KK212,lib1,Crizotinib,True,,9,9,13,13
Pt54.2_t4,KK212,lib1,Disulfiram+Cu,True,,5,5,13,13
Pt54.2_t4,KK212,lib1,Eltanexor,True,,9,9,13,13
Pt54.2_t4,KK212,lib1,Encorafenib,True,,9,9,13,13
Pt54.2_t4,KK212,lib1,Erastin,True,,8,8,13,13
Pt54.2_t4,KK212,lib1,Erlotinib,True,,9,9,13,13
Pt54.2_t4,KK212,lib1,Gedatolisib,True,,9,9,13,13
Pt54.2_t4,KK212,lib1,Gemcitabine,True,,9,9,13,13
Pt54.2_t4,KK212,lib1,Idasanutlin,True,,9,9,13,13
Pt54.2_t4,KK212,lib1,Ipatasertib,True,,9,9,13,13
Pt54.2_t4,KK212,lib1,LCL161,True,,5,5,13,13
Pt54.2_t4,KK212,lib1,LGK974,True,,9,9,13,13
Pt54.2_t4,KK212,lib1,Lapatinib,True,,9,9,13,13
Pt54.2_t4,KK212,lib1,Linsitinib,True,,9,9,13,13
Pt54.2_t4,KK212,lib1,Luminespib,True,,9,9,13,13
Pt54.2_t4,KK212,lib1,Methotrexate,True,,9,9,13,13
Pt54.2_t4,KK212,lib1,Napabucasin,True,,9,9,13,13
Pt54.2_t4,KK212,lib1,Navitoclax,True,,9,9,13,13
Pt54.2_t4,KK212,lib1,Olaparib,True,,8,8,13,13
Pt54.2_t4,KK212,lib1,Oxaliplatin,True,,9,9,13,13
Pt54.2_t4,KK212,lib1,Palbociclib,True,,9,9,13,13
Pt54.2_t4,KK212,lib1,Panobinostat,True,,9,9,13,13
Pt54.2_t4,KK212,lib1,Pevonedistat,True,,9,9,13,13
Pt54.2_t4,KK212,lib1,Regorafenib,True,,9,9,13,13
Pt54.2_t4,KK212,lib1,SN-38,True,,5,5,13,13
Pt54.2_t4,KK212,lib1,Sirolimus,True,,8,8,13,13
Pt54.2_t4,KK212,lib1,TAS-102,True,,9,9,13,13
Pt54.2_t4,KK212,lib1,Trametinib,True,,9,9,13,13
Pt54.2_t4,KK212,lib1,Tretinoin,True,,9,9,13,13
Pt54.2_t4,KK212,lib1,Vitamin C,True,,9,9,13,13
Pt54.2_t4,KK212,lib1,Volasertib,True,,9,9,13,13
Pt54.2_t4,KK273,lib2,5-FU,True,,8,8,10,10
Pt54.2_t4,KK273,lib2,AZD5991,True,,8,8,10,10
Pt54.2_t4,KK273,lib2,AZD7762,True,,8,8,10,10
Pt54.2_t4,KK273,lib2,Adavosertib,True,,8,8,10,10
Pt54.2_t4,KK273,lib2,Afatinib,True,,8,8,10,10
Pt54.2_t4,KK273,lib2,Alectinib,True,,8,8,10,10
Pt54.2_t4,KK273,lib2,Alisertib,True,,8,8,10,10
Pt54.2_t4,KK273,lib2,Atorvastatin,True,,8,8,10,10
Pt54.2_t4,KK273,lib2,BMS-754807,True,,8,8,10,10
Pt54.2_t4,KK273,lib2,Bemcentinib,True,,8,8,10,10
Pt54.2_t4,KK273,lib2,Carfilzomib,True,,8,8,10,10
Pt54.2_t4,KK273,lib2,Ceralasertib,True,,8,8,10,10
Pt54.2_t4,KK273,lib2,Cetuximab,True,,5,5,10,10
Pt54.2_t4,KK273,lib2,Dasatinib,True,,8,8,10,10
Pt54.2_t4,KK273,lib2,Encorafenib,True,,8,8,10,10
Pt54.2_t4,KK273,lib2,Everolimus,True,,8,8,10,10
Pt54.2_t4,KK273,lib2,Gedatolisib,True,,8,8,10,10
Pt54.2_t4,KK273,lib2,Gemcitabine,True,,8,8,10,10
Pt54.2_t4,KK273,lib2,Idasanutlin,True,,8,8,10,10
Pt54.2_t4,KK273,lib2,Idelalisib,True,,8,8,10,10
Pt54.2_t4,KK273,lib2,LCL161,True,,8,8,10,10
Pt54.2_t4,KK273,lib2,LGK974,True,,8,8,10,10
Pt54.2_t4,KK273,lib2,Lapatinib,True,,8,8,10,10
Pt54.2_t4,KK273,lib2,Larotrectinib,True,,8,8,10,10
Pt54.2_t4,KK273,lib2,Luminespib,True,,8,8,10,10
Pt54.2_t4,KK273,lib2,Methotrexate,True,,8,8,10,10
Pt54.2_t4,KK273,lib2,Napabucasin,True,,8,8,10,10
Pt54.2_t4,KK273,lib2,Oxaliplatin,True,,8,8,10,10
Pt54.2_t4,KK273,lib2,Palbociclib,True,,8,8,10,10
Pt54.2_t4,KK273,lib2,Panobinostat,True,,8,8,10,10
Pt54.2_t4,KK273,lib2,Pevonedistat,True,,8,8,10,10
Pt54.2_t4,KK273,lib2,Regorafenib,True,,8,8,10,10
Pt54.2_t4,KK273,lib2,SN-38,True,,9,9,10,10
Pt54.2_t4,KK273,lib2,Savolitinib,True,,8,8,10,10
Pt54.2_t4,KK273,lib2,Selinexor,True,,8,8,10,10
Pt54.2_t4,KK273,lib2,Silmitasertib,True,,8,8,10,10
Pt54.2_t4,KK273,lib2,Sotorasib,True,,8,8,10,10
Pt54.2_t4,KK273,lib2,TAS-102,True,,8,8,10,10
Pt54.2_t4,KK273,lib2,Talazoparib,True,,8,8,10,10
Pt54.2_t4,KK273,lib2,Trametinib,True,,8,8,10,10
Pt54.2_t4,KK273,lib2,Venetoclax,True,,8,8,10,10
Pt54.2_t4,KK273,lib2,Volasertib,True,,8,8,10,10
Pt54.3_t1,KK241,lib1,2-methoxyestradiol,True,,9,9,13,13
Pt54.3_t1,KK241,lib1,5-FU,True,,9,9,13,13
Pt54.3_t1,KK241,lib1,AZD7762,True,,9,9,13,13
Pt54.3_t1,KK241,lib1,Afatinib,True,,9,9,13,13
Pt54.3_t1,KK241,lib1,Alisertib,True,,9,9,13,13
Pt54.3_t1,KK241,lib1,Atorvastatin,True,,9,9,13,13
Pt54.3_t1,KK241,lib1,Bemcentinib,True,,9,9,13,13
Pt54.3_t1,KK241,lib1,Binimetinib,True,,9,9,13,13
Pt54.3_t1,KK241,lib1,Cetuximab,False,fewer than four paired drug doses,2,2,13,13
Pt54.3_t1,KK241,lib1,Crizotinib,True,,9,9,13,13
Pt54.3_t1,KK241,lib1,Disulfiram+Cu,True,,5,5,13,13
Pt54.3_t1,KK241,lib1,Eltanexor,True,,9,9,13,13
Pt54.3_t1,KK241,lib1,Encorafenib,True,,9,9,13,13
Pt54.3_t1,KK241,lib1,Erastin,True,,8,8,13,13
Pt54.3_t1,KK241,lib1,Erlotinib,True,,9,9,13,13
Pt54.3_t1,KK241,lib1,Gedatolisib,True,,9,9,13,13
Pt54.3_t1,KK241,lib1,Gemcitabine,True,,9,9,13,13
Pt54.3_t1,KK241,lib1,Idasanutlin,True,,9,9,13,13
Pt54.3_t1,KK241,lib1,Ipatasertib,True,,9,9,13,13
Pt54.3_t1,KK241,lib1,LCL161,True,,5,5,13,13
Pt54.3_t1,KK241,lib1,LGK974,True,,9,9,13,13
Pt54.3_t1,KK241,lib1,Lapatinib,True,,9,9,13,13
Pt54.3_t1,KK241,lib1,Linsitinib,True,,9,9,13,13
Pt54.3_t1,KK241,lib1,Luminespib,True,,9,9,13,13
Pt54.3_t1,KK241,lib1,Methotrexate,True,,9,9,13,13
Pt54.3_t1,KK241,lib1,Napabucasin,True,,9,9,13,13
Pt54.3_t1,KK241,lib1,Navitoclax,True,,9,9,13,13
Pt54.3_t1,KK241,lib1,Olaparib,True,,8,8,13,13
Pt54.3_t1,KK241,lib1,Oxaliplatin,True,,9,9,13,13
Pt54.3_t1,KK241,lib1,Palbociclib,True,,9,9,13,13
Pt54.3_t1,KK241,lib1,Panobinostat,True,,9,9,13,13
Pt54.3_t1,KK241,lib1,Pevonedistat,True,,9,9,13,13
Pt54.3_t1,KK241,lib1,Regorafenib,True,,9,9,13,13
Pt54.3_t1,KK241,lib1,SN-38,True,,5,5,13,13
Pt54.3_t1,KK241,lib1,Sirolimus,True,,8,8,13,13
Pt54.3_t1,KK241,lib1,TAS-102,True,,9,9,13,13
Pt54.3_t1,KK241,lib1,Trametinib,True,,9,9,13,13
Pt54.3_t1,KK241,lib1,Tretinoin,True,,9,9,13,13
Pt54.3_t1,KK241,lib1,Vitamin C,True,,9,9,13,13
Pt54.3_t1,KK241,lib1,Volasertib,True,,9,9,13,13
Pt54.3_t1,KK242,lib2,5-FU,True,,8,8,10,10
Pt54.3_t1,KK242,lib2,AZD5991,True,,8,8,10,10
Pt54.3_t1,KK242,lib2,AZD7762,True,,8,8,10,10
Pt54.3_t1,KK242,lib2,Adavosertib,True,,8,8,10,10
Pt54.3_t1,KK242,lib2,Afatinib,True,,8,8,10,10
Pt54.3_t1,KK242,lib2,Alectinib,True,,8,8,10,10
Pt54.3_t1,KK242,lib2,Alisertib,True,,8,8,10,10
Pt54.3_t1,KK242,lib2,Atorvastatin,True,,8,8,10,10
Pt54.3_t1,KK242,lib2,BMS-754807,True,,8,8,10,10
Pt54.3_t1,KK242,lib2,Bemcentinib,True,,8,8,10,10
Pt54.3_t1,KK242,lib2,Carfilzomib,True,,8,8,10,10
Pt54.3_t1,KK242,lib2,Ceralasertib,True,,8,8,10,10
Pt54.3_t1,KK242,lib2,Cetuximab,True,,5,5,10,10
Pt54.3_t1,KK242,lib2,Dasatinib,True,,8,8,10,10
Pt54.3_t1,KK242,lib2,Encorafenib,True,,8,8,10,10
Pt54.3_t1,KK242,lib2,Everolimus,True,,8,8,10,10
Pt54.3_t1,KK242,lib2,Gedatolisib,True,,8,8,10,10
Pt54.3_t1,KK242,lib2,Gemcitabine,True,,8,8,10,10
Pt54.3_t1,KK242,lib2,Idasanutlin,True,,8,8,10,10
Pt54.3_t1,KK242,lib2,Idelalisib,True,,8,8,10,10
Pt54.3_t1,KK242,lib2,LCL161,True,,8,8,10,10
Pt54.3_t1,KK242,lib2,LGK974,True,,8,8,10,10
Pt54.3_t1,KK242,lib2,Lapatinib,True,,8,8,10,10
Pt54.3_t1,KK242,lib2,Larotrectinib,True,,8,8,10,10
Pt54.3_t1,KK242,lib2,Luminespib,True,,8,8,10,10
Pt54.3_t1,KK242,lib2,Methotrexate,True,,8,8,10,10
Pt54.3_t1,KK242,lib2,Napabucasin,True,,8,8,10,10
Pt54.3_t1,KK242,lib2,Oxaliplatin,True,,8,8,10,10
Pt54.3_t1,KK242,lib2,Palbociclib,True,,8,8,10,10
Pt54.3_t1,KK242,lib2,Panobinostat,True,,8,8,10,10
Pt54.3_t1,KK242,lib2,Pevonedistat,True,,8,8,10,10
Pt54.3_t1,KK242,lib2,Regorafenib,True,,8,8,10,10
Pt54.3_t1,KK242,lib2,SN-38,True,,9,9,10,10
Pt54.3_t1,KK242,lib2,Savolitinib,True,,8,8,10,10
Pt54.3_t1,KK242,lib2,Selinexor,True,,8,8,10,10
Pt54.3_t1,KK242,lib2,Silmitasertib,True,,8,8,10,10
Pt54.3_t1,KK242,lib2,Sotorasib,True,,8,8,10,10
Pt54.3_t1,KK242,lib2,TAS-102,True,,8,8,10,10
Pt54.3_t1,KK242,lib2,Talazoparib,True,,8,8,10,10
Pt54.3_t1,KK242,lib2,Trametinib,True,,8,8,10,10
Pt54.3_t1,KK242,lib2,Venetoclax,True,,8,8,10,10
Pt54.3_t1,KK242,lib2,Volasertib,True,,8,8,10,10
Pt54_t1.1,KK182,lib1,2-methoxyestradiol,True,,9,9,13,13
Pt54_t1.1,KK182,lib1,5-FU,True,,9,9,13,13
Pt54_t1.1,KK182,lib1,AZD7762,True,,9,9,13,13
Pt54_t1.1,KK182,lib1,Afatinib,True,,9,9,13,13
Pt54_t1.1,KK182,lib1,Alisertib,True,,9,9,13,13
Pt54_t1.1,KK182,lib1,Atorvastatin,True,,9,9,13,13
Pt54_t1.1,KK182,lib1,Bemcentinib,True,,9,9,13,13
Pt54_t1.1,KK182,lib1,Binimetinib,True,,9,9,13,13
Pt54_t1.1,KK182,lib1,Cetuximab,False,fewer than four paired drug doses,2,2,13,13
Pt54_t1.1,KK182,lib1,Crizotinib,True,,9,9,13,13
Pt54_t1.1,KK182,lib1,Disulfiram+Cu,True,,5,5,13,13
Pt54_t1.1,KK182,lib1,Eltanexor,True,,9,9,13,13
Pt54_t1.1,KK182,lib1,Encorafenib,True,,9,9,13,13
Pt54_t1.1,KK182,lib1,Erastin,True,,8,8,13,13
Pt54_t1.1,KK182,lib1,Erlotinib,True,,9,9,13,13
Pt54_t1.1,KK182,lib1,Gedatolisib,True,,9,9,13,13
Pt54_t1.1,KK182,lib1,Gemcitabine,True,,9,9,13,13
Pt54_t1.1,KK182,lib1,Idasanutlin,True,,9,9,13,13
Pt54_t1.1,KK182,lib1,Ipatasertib,True,,9,9,13,13
Pt54_t1.1,KK182,lib1,LCL161,True,,5,5,13,13
Pt54_t1.1,KK182,lib1,LGK974,True,,9,9,13,13
Pt54_t1.1,KK182,lib1,Lapatinib,True,,9,9,13,13
Pt54_t1.1,KK182,lib1,Linsitinib,True,,9,9,13,13
Pt54_t1.1,KK182,lib1,Luminespib,True,,9,9,13,13
Pt54_t1.1,KK182,lib1,Methotrexate,True,,9,9,13,13
Pt54_t1.1,KK182,lib1,Napabucasin,True,,9,9,13,13
Pt54_t1.1,KK182,lib1,Navitoclax,True,,9,9,13,13
Pt54_t1.1,KK182,lib1,Olaparib,True,,8,8,13,13
Pt54_t1.1,KK182,lib1,Oxaliplatin,True,,9,9,13,13
Pt54_t1.1,KK182,lib1,Palbociclib,True,,9,9,13,13
Pt54_t1.1,KK182,lib1,Panobinostat,True,,9,9,13,13
Pt54_t1.1,KK182,lib1,Pevonedistat,True,,9,9,13,13
Pt54_t1.1,KK182,lib1,Regorafenib,True,,9,9,13,13
Pt54_t1.1,KK182,lib1,SN-38,True,,5,5,13,13
Pt54_t1.1,KK182,lib1,Sirolimus,True,,8,8,13,13
Pt54_t1.1,KK182,lib1,TAS-102,True,,9,9,13,13
Pt54_t1.1,KK182,lib1,Trametinib,True,,9,9,13,13
Pt54_t1.1,KK182,lib1,Tretinoin,True,,9,9,13,13
Pt54_t1.1,KK182,lib1,Vitamin C,True,,9,9,13,13
Pt54_t1.1,KK182,lib1,Volasertib,True,,9,9,13,13
Pt54_t1.1,KK259,lib2,5-FU,True,,8,8,10,10
Pt54_t1.1,KK259,lib2,AZD5991,True,,8,8,10,10
Pt54_t1.1,KK259,lib2,AZD7762,True,,8,8,10,10
Pt54_t1.1,KK259,lib2,Adavosertib,True,,8,8,10,10
Pt54_t1.1,KK259,lib2,Afatinib,True,,8,8,10,10
Pt54_t1.1,KK259,lib2,Alectinib,True,,8,8,10,10
Pt54_t1.1,KK259,lib2,Alisertib,True,,8,8,10,10
Pt54_t1.1,KK259,lib2,Atorvastatin,True,,8,8,10,10
Pt54_t1.1,KK259,lib2,BMS-754807,True,,8,8,10,10
Pt54_t1.1,KK259,lib2,Bemcentinib,True,,8,8,10,10
Pt54_t1.1,KK259,lib2,Carfilzomib,True,,8,8,10,10
Pt54_t1.1,KK259,lib2,Ceralasertib,True,,8,8,10,10
Pt54_t1.1,KK259,lib2,Cetuximab,True,,5,5,10,10
Pt54_t1.1,KK259,lib2,Dasatinib,True,,8,8,10,10
Pt54_t1.1,KK259,lib2,Encorafenib,True,,8,8,10,10
Pt54_t1.1,KK259,lib2,Everolimus,True,,8,8,10,10
Pt54_t1.1,KK259,lib2,Gedatolisib,True,,8,8,10,10
Pt54_t1.1,KK259,lib2,Gemcitabine,True,,8,8,10,10
Pt54_t1.1,KK259,lib2,Idasanutlin,True,,8,8,10,10
Pt54_t1.1,KK259,lib2,Idelalisib,True,,8,8,10,10
Pt54_t1.1,KK259,lib2,LCL161,True,,8,8,10,10
Pt54_t1.1,KK259,lib2,LGK974,True,,8,8,10,10
Pt54_t1.1,KK259,lib2,Lapatinib,True,,8,8,10,10
Pt54_t1.1,KK259,lib2,Larotrectinib,True,,8,8,10,10
Pt54_t1.1,KK259,lib2,Luminespib,True,,8,8,10,10
Pt54_t1.1,KK259,lib2,Methotrexate,True,,8,8,10,10
Pt54_t1.1,KK259,lib2,Napabucasin,True,,8,8,10,10
Pt54_t1.1,KK259,lib2,Oxaliplatin,True,,8,8,10,10
Pt54_t1.1,KK259,lib2,Palbociclib,True,,8,8,10,10
Pt54_t1.1,KK259,lib2,Panobinostat,True,,8,8,10,10
Pt54_t1.1,KK259,lib2,Pevonedistat,True,,8,8,10,10
Pt54_t1.1,KK259,lib2,Regorafenib,True,,8,8,10,10
Pt54_t1.1,KK259,lib2,SN-38,True,,9,9,10,10
Pt54_t1.1,KK259,lib2,Savolitinib,True,,8,8,10,10
Pt54_t1.1,KK259,lib2,Selinexor,True,,8,8,10,10
Pt54_t1.1,KK259,lib2,Silmitasertib,True,,8,8,10,10
Pt54_t1.1,KK259,lib2,Sotorasib,True,,8,8,10,10
Pt54_t1.1,KK259,lib2,TAS-102,True,,8,8,10,10
Pt54_t1.1,KK259,lib2,Talazoparib,True,,8,8,10,10
Pt54_t1.1,KK259,lib2,Trametinib,True,,8,8,10,10
Pt54_t1.1,KK259,lib2,Venetoclax,True,,8,8,10,10
Pt54_t1.1,KK259,lib2,Volasertib,True,,8,8,10,10
Pt54_t1.1,KK275,lib2,5-FU,True,,8,8,10,10
Pt54_t1.1,KK275,lib2,AZD5991,True,,8,8,10,10
Pt54_t1.1,KK275,lib2,AZD7762,True,,8,8,10,10
Pt54_t1.1,KK275,lib2,Adavosertib,True,,8,8,10,10
Pt54_t1.1,KK275,lib2,Afatinib,True,,8,8,10,10
Pt54_t1.1,KK275,lib2,Alectinib,True,,8,8,10,10
Pt54_t1.1,KK275,lib2,Alisertib,True,,8,8,10,10
Pt54_t1.1,KK275,lib2,Atorvastatin,True,,8,8,10,10
Pt54_t1.1,KK275,lib2,BMS-754807,True,,8,8,10,10
Pt54_t1.1,KK275,lib2,Bemcentinib,True,,8,8,10,10
Pt54_t1.1,KK275,lib2,Carfilzomib,True,,8,8,10,10
Pt54_t1.1,KK275,lib2,Ceralasertib,True,,8,8,10,10
Pt54_t1.1,KK275,lib2,Cetuximab,True,,5,5,10,10
Pt54_t1.1,KK275,lib2,Dasatinib,True,,8,8,10,10
Pt54_t1.1,KK275,lib2,Encorafenib,True,,8,8,10,10
Pt54_t1.1,KK275,lib2,Everolimus,True,,8,8,10,10
Pt54_t1.1,KK275,lib2,Gedatolisib,True,,8,8,10,10
Pt54_t1.1,KK275,lib2,Gemcitabine,True,,8,8,10,10
Pt54_t1.1,KK275,lib2,Idasanutlin,True,,8,8,10,10
Pt54_t1.1,KK275,lib2,Idelalisib,True,,8,8,10,10
Pt54_t1.1,KK275,lib2,LCL161,True,,8,8,10,10
Pt54_t1.1,KK275,lib2,LGK974,True,,8,8,10,10
Pt54_t1.1,KK275,lib2,Lapatinib,True,,8,8,10,10
Pt54_t1.1,KK275,lib2,Larotrectinib,True,,8,8,10,10
Pt54_t1.1,KK275,lib2,Luminespib,True,,8,8,10,10
Pt54_t1.1,KK275,lib2,Methotrexate,True,,8,8,10,10
Pt54_t1.1,KK275,lib2,Napabucasin,True,,8,8,10,10
Pt54_t1.1,KK275,lib2,Oxaliplatin,True,,8,8,10,10
Pt54_t1.1,KK275,lib2,Palbociclib,True,,8,8,10,10
Pt54_t1.1,KK275,lib2,Panobinostat,True,,8,8,10,10
Pt54_t1.1,KK275,lib2,Pevonedistat,True,,8,8,10,10
Pt54_t1.1,KK275,lib2,Regorafenib,True,,8,8,10,10
Pt54_t1.1,KK275,lib2,SN-38,True,,9,9,10,10
Pt54_t1.1,KK275,lib2,Savolitinib,True,,8,8,10,10
Pt54_t1.1,KK275,lib2,Selinexor,True,,8,8,10,10
Pt54_t1.1,KK275,lib2,Silmitasertib,True,,8,8,10,10
Pt54_t1.1,KK275,lib2,Sotorasib,True,,8,8,10,10
Pt54_t1.1,KK275,lib2,TAS-102,True,,8,8,10,10
Pt54_t1.1,KK275,lib2,Talazoparib,True,,8,8,10,10
Pt54_t1.1,KK275,lib2,Trametinib,True,,8,8,10,10
Pt54_t1.1,KK275,lib2,Venetoclax,True,,8,8,10,10
Pt54_t1.1,KK275,lib2,Volasertib,True,,8,8,10,10
Pt54_t1.2,KK185,lib1,2-methoxyestradiol,True,,9,9,13,13
Pt54_t1.2,KK185,lib1,5-FU,True,,9,9,13,13
Pt54_t1.2,KK185,lib1,AZD7762,True,,9,9,13,13
Pt54_t1.2,KK185,lib1,Afatinib,True,,9,9,13,13
Pt54_t1.2,KK185,lib1,Alisertib,True,,9,9,13,13
Pt54_t1.2,KK185,lib1,Atorvastatin,True,,9,9,13,13
Pt54_t1.2,KK185,lib1,Bemcentinib,True,,9,9,13,13
Pt54_t1.2,KK185,lib1,Binimetinib,True,,9,9,13,13
Pt54_t1.2,KK185,lib1,Cetuximab,False,fewer than four paired drug doses,2,2,13,13
Pt54_t1.2,KK185,lib1,Crizotinib,True,,9,9,13,13
Pt54_t1.2,KK185,lib1,Disulfiram+Cu,True,,5,5,13,13
Pt54_t1.2,KK185,lib1,Eltanexor,True,,9,9,13,13
Pt54_t1.2,KK185,lib1,Encorafenib,True,,9,9,13,13
Pt54_t1.2,KK185,lib1,Erastin,True,,8,8,13,13
Pt54_t1.2,KK185,lib1,Erlotinib,True,,9,9,13,13
Pt54_t1.2,KK185,lib1,Gedatolisib,True,,9,9,13,13
Pt54_t1.2,KK185,lib1,Gemcitabine,True,,9,9,13,13
Pt54_t1.2,KK185,lib1,Idasanutlin,True,,9,9,13,13
Pt54_t1.2,KK185,lib1,Ipatasertib,True,,9,9,13,13
Pt54_t1.2,KK185,lib1,LCL161,True,,5,5,13,13
Pt54_t1.2,KK185,lib1,LGK974,True,,9,9,13,13
Pt54_t1.2,KK185,lib1,Lapatinib,True,,9,9,13,13
Pt54_t1.2,KK185,lib1,Linsitinib,True,,9,9,13,13
Pt54_t1.2,KK185,lib1,Luminespib,True,,9,9,13,13
Pt54_t1.2,KK185,lib1,Methotrexate,True,,9,9,13,13
Pt54_t1.2,KK185,lib1,Napabucasin,True,,9,9,13,13
Pt54_t1.2,KK185,lib1,Navitoclax,True,,9,9,13,13
Pt54_t1.2,KK185,lib1,Olaparib,True,,8,8,13,13
Pt54_t1.2,KK185,lib1,Oxaliplatin,True,,9,9,13,13
Pt54_t1.2,KK185,lib1,Palbociclib,True,,9,9,13,13
Pt54_t1.2,KK185,lib1,Panobinostat,True,,9,9,13,13
Pt54_t1.2,KK185,lib1,Pevonedistat,True,,9,9,13,13
Pt54_t1.2,KK185,lib1,Regorafenib,True,,9,9,13,13
Pt54_t1.2,KK185,lib1,SN-38,True,,5,5,13,13
Pt54_t1.2,KK185,lib1,Sirolimus,True,,8,8,13,13
Pt54_t1.2,KK185,lib1,TAS-102,True,,9,9,13,13
Pt54_t1.2,KK185,lib1,Trametinib,True,,9,9,13,13
Pt54_t1.2,KK185,lib1,Tretinoin,True,,9,9,13,13
Pt54_t1.2,KK185,lib1,Vitamin C,True,,9,9,13,13
Pt54_t1.2,KK185,lib1,Volasertib,True,,9,9,13,13
Pt55.3_t1,KK261,lib2,5-FU,True,,8,8,10,10
Pt55.3_t1,KK261,lib2,AZD5991,True,,8,8,10,10
Pt55.3_t1,KK261,lib2,AZD7762,True,,8,8,10,10
Pt55.3_t1,KK261,lib2,Adavosertib,True,,8,8,10,10
Pt55.3_t1,KK261,lib2,Afatinib,True,,8,8,10,10
Pt55.3_t1,KK261,lib2,Alectinib,True,,8,8,10,10
Pt55.3_t1,KK261,lib2,Alisertib,True,,8,8,10,10
Pt55.3_t1,KK261,lib2,Atorvastatin,True,,8,8,10,10
Pt55.3_t1,KK261,lib2,BMS-754807,True,,8,8,10,10
Pt55.3_t1,KK261,lib2,Bemcentinib,True,,8,8,10,10
Pt55.3_t1,KK261,lib2,Carfilzomib,True,,8,8,10,10
Pt55.3_t1,KK261,lib2,Ceralasertib,True,,8,8,10,10
Pt55.3_t1,KK261,lib2,Cetuximab,True,,5,5,10,10
Pt55.3_t1,KK261,lib2,Dasatinib,True,,8,8,10,10
Pt55.3_t1,KK261,lib2,Encorafenib,True,,8,8,10,10
Pt55.3_t1,KK261,lib2,Everolimus,True,,8,8,10,10
Pt55.3_t1,KK261,lib2,Gedatolisib,True,,8,8,10,10
Pt55.3_t1,KK261,lib2,Gemcitabine,True,,8,8,10,10
Pt55.3_t1,KK261,lib2,Idasanutlin,True,,8,8,10,10
Pt55.3_t1,KK261,lib2,Idelalisib,True,,8,8,10,10
Pt55.3_t1,KK261,lib2,LCL161,True,,8,8,10,10
Pt55.3_t1,KK261,lib2,LGK974,True,,8,8,10,10
Pt55.3_t1,KK261,lib2,Lapatinib,True,,8,8,10,10
Pt55.3_t1,KK261,lib2,Larotrectinib,True,,8,8,10,10
Pt55.3_t1,KK261,lib2,Luminespib,True,,8,8,10,10
Pt55.3_t1,KK261,lib2,Methotrexate,True,,8,8,10,10
Pt55.3_t1,KK261,lib2,Napabucasin,True,,8,8,10,10
Pt55.3_t1,KK261,lib2,Oxaliplatin,True,,8,8,10,10
Pt55.3_t1,KK261,lib2,Palbociclib,True,,8,8,10,10
Pt55.3_t1,KK261,lib2,Panobinostat,True,,8,8,10,10
Pt55.3_t1,KK261,lib2,Pevonedistat,True,,8,8,10,10
Pt55.3_t1,KK261,lib2,Regorafenib,True,,8,8,10,10
Pt55.3_t1,KK261,lib2,SN-38,True,,9,9,10,10
Pt55.3_t1,KK261,lib2,Savolitinib,True,,8,8,10,10
Pt55.3_t1,KK261,lib2,Selinexor,True,,8,8,10,10
Pt55.3_t1,KK261,lib2,Silmitasertib,True,,8,8,10,10
Pt55.3_t1,KK261,lib2,Sotorasib,True,,8,8,10,10
Pt55.3_t1,KK261,lib2,TAS-102,True,,8,8,10,10
Pt55.3_t1,KK261,lib2,Talazoparib,True,,8,8,10,10
Pt55.3_t1,KK261,lib2,Trametinib,True,,8,8,10,10
Pt55.3_t1,KK261,lib2,Venetoclax,True,,8,8,10,10
Pt55.3_t1,KK261,lib2,Volasertib,True,,8,8,10,10
Pt55_t1,KK186,lib1,2-methoxyestradiol,True,,9,9,13,13
Pt55_t1,KK186,lib1,5-FU,True,,9,9,13,13
Pt55_t1,KK186,lib1,AZD7762,True,,9,9,13,13
Pt55_t1,KK186,lib1,Afatinib,True,,9,9,13,13
Pt55_t1,KK186,lib1,Alisertib,True,,9,9,13,13
Pt55_t1,KK186,lib1,Atorvastatin,True,,9,9,13,13
Pt55_t1,KK186,lib1,Bemcentinib,True,,9,9,13,13
Pt55_t1,KK186,lib1,Binimetinib,True,,9,9,13,13
Pt55_t1,KK186,lib1,Cetuximab,False,fewer than four paired drug doses,2,2,13,13
Pt55_t1,KK186,lib1,Crizotinib,True,,9,9,13,13
Pt55_t1,KK186,lib1,Disulfiram+Cu,True,,5,5,13,13
Pt55_t1,KK186,lib1,Eltanexor,True,,9,9,13,13
Pt55_t1,KK186,lib1,Encorafenib,True,,9,9,13,13
Pt55_t1,KK186,lib1,Erastin,True,,8,8,13,13
Pt55_t1,KK186,lib1,Erlotinib,True,,9,9,13,13
Pt55_t1,KK186,lib1,Gedatolisib,True,,9,9,13,13
Pt55_t1,KK186,lib1,Gemcitabine,True,,9,9,13,13
Pt55_t1,KK186,lib1,Idasanutlin,True,,9,9,13,13
Pt55_t1,KK186,lib1,Ipatasertib,True,,9,9,13,13
Pt55_t1,KK186,lib1,LCL161,True,,5,5,13,13
Pt55_t1,KK186,lib1,LGK974,True,,9,9,13,13
Pt55_t1,KK186,lib1,Lapatinib,True,,9,9,13,13
Pt55_t1,KK186,lib1,Linsitinib,True,,9,9,13,13
Pt55_t1,KK186,lib1,Luminespib,True,,9,9,13,13
Pt55_t1,KK186,lib1,Methotrexate,True,,9,9,13,13
Pt55_t1,KK186,lib1,Napabucasin,True,,9,9,13,13
Pt55_t1,KK186,lib1,Navitoclax,True,,9,9,13,13
Pt55_t1,KK186,lib1,Olaparib,True,,8,8,13,13
Pt55_t1,KK186,lib1,Oxaliplatin,True,,9,9,13,13
Pt55_t1,KK186,lib1,Palbociclib,True,,9,9,13,13
Pt55_t1,KK186,lib1,Panobinostat,True,,9,9,13,13
Pt55_t1,KK186,lib1,Pevonedistat,True,,9,9,13,13
Pt55_t1,KK186,lib1,Regorafenib,True,,9,9,13,13
Pt55_t1,KK186,lib1,SN-38,True,,5,5,13,13
Pt55_t1,KK186,lib1,Sirolimus,True,,8,8,13,13
Pt55_t1,KK186,lib1,TAS-102,True,,9,9,13,13
Pt55_t1,KK186,lib1,Trametinib,True,,9,9,13,13
Pt55_t1,KK186,lib1,Tretinoin,True,,9,9,13,13
Pt55_t1,KK186,lib1,Vitamin C,True,,9,9,13,13
Pt55_t1,KK186,lib1,Volasertib,True,,9,9,13,13
Pt55_t1,KK386,lib2,5-FU,True,,8,8,10,10
Pt55_t1,KK386,lib2,AZD5991,True,,8,8,10,10
Pt55_t1,KK386,lib2,AZD7762,True,,8,8,10,10
Pt55_t1,KK386,lib2,Adavosertib,True,,8,8,10,10
Pt55_t1,KK386,lib2,Afatinib,True,,8,8,10,10
Pt55_t1,KK386,lib2,Alectinib,True,,8,8,10,10
Pt55_t1,KK386,lib2,Alisertib,True,,8,8,10,10
Pt55_t1,KK386,lib2,Atorvastatin,True,,8,8,10,10
Pt55_t1,KK386,lib2,BMS-754807,True,,8,8,10,10
Pt55_t1,KK386,lib2,Bemcentinib,True,,8,8,10,10
Pt55_t1,KK386,lib2,Carfilzomib,True,,8,8,10,10
Pt55_t1,KK386,lib2,Ceralasertib,True,,8,8,10,10
Pt55_t1,KK386,lib2,Cetuximab,True,,5,5,10,10
Pt55_t1,KK386,lib2,Dasatinib,True,,8,8,10,10
Pt55_t1,KK386,lib2,Encorafenib,True,,8,8,10,10
Pt55_t1,KK386,lib2,Everolimus,True,,8,8,10,10
Pt55_t1,KK386,lib2,Gedatolisib,True,,8,8,10,10
Pt55_t1,KK386,lib2,Gemcitabine,True,,8,8,10,10
Pt55_t1,KK386,lib2,Idasanutlin,True,,8,8,10,10
Pt55_t1,KK386,lib2,Idelalisib,True,,8,8,10,10
Pt55_t1,KK386,lib2,LCL161,True,,8,8,10,10
Pt55_t1,KK386,lib2,LGK974,True,,8,8,10,10
Pt55_t1,KK386,lib2,Lapatinib,True,,8,8,10,10
Pt55_t1,KK386,lib2,Larotrectinib,True,,8,8,10,10
Pt55_t1,KK386,lib2,Luminespib,True,,8,8,10,10
Pt55_t1,KK386,lib2,Methotrexate,True,,8,8,10,10
Pt55_t1,KK386,lib2,Napabucasin,True,,8,8,10,10
Pt55_t1,KK386,lib2,Oxaliplatin,True,,8,8,10,10
Pt55_t1,KK386,lib2,Palbociclib,True,,8,8,10,10
Pt55_t1,KK386,lib2,Panobinostat,True,,8,8,10,10
Pt55_t1,KK386,lib2,Pevonedistat,True,,8,8,10,10
Pt55_t1,KK386,lib2,Regorafenib,True,,8,8,10,10
Pt55_t1,KK386,lib2,SN-38,True,,9,9,10,10
Pt55_t1,KK386,lib2,Savolitinib,True,,8,8,10,10
Pt55_t1,KK386,lib2,Selinexor,True,,8,8,10,10
Pt55_t1,KK386,lib2,Silmitasertib,True,,8,8,10,10
Pt55_t1,KK386,lib2,Sotorasib,True,,8,8,10,10
Pt55_t1,KK386,lib2,TAS-102,True,,8,8,10,10
Pt55_t1,KK386,lib2,Talazoparib,True,,8,8,10,10
Pt55_t1,KK386,lib2,Trametinib,True,,8,8,10,10
Pt55_t1,KK386,lib2,Venetoclax,True,,8,8,10,10
Pt55_t1,KK386,lib2,Volasertib,True,,8,8,10,10
Pt55_t2,KK180,lib1,2-methoxyestradiol,True,,9,9,13,13
Pt55_t2,KK180,lib1,5-FU,True,,9,9,13,13
Pt55_t2,KK180,lib1,AZD7762,True,,9,9,13,13
Pt55_t2,KK180,lib1,Afatinib,True,,9,9,13,13
Pt55_t2,KK180,lib1,Alisertib,True,,9,9,13,13
Pt55_t2,KK180,lib1,Atorvastatin,True,,9,9,13,13
Pt55_t2,KK180,lib1,Bemcentinib,True,,9,9,13,13
Pt55_t2,KK180,lib1,Binimetinib,True,,9,9,13,13
Pt55_t2,KK180,lib1,Cetuximab,False,fewer than four paired drug doses,2,2,13,13
Pt55_t2,KK180,lib1,Crizotinib,True,,9,9,13,13
Pt55_t2,KK180,lib1,Disulfiram+Cu,True,,5,5,13,13
Pt55_t2,KK180,lib1,Eltanexor,True,,9,9,13,13
Pt55_t2,KK180,lib1,Encorafenib,True,,9,9,13,13
Pt55_t2,KK180,lib1,Erastin,True,,8,8,13,13
Pt55_t2,KK180,lib1,Erlotinib,True,,9,9,13,13
Pt55_t2,KK180,lib1,Gedatolisib,True,,9,9,13,13
Pt55_t2,KK180,lib1,Gemcitabine,True,,9,9,13,13
Pt55_t2,KK180,lib1,Idasanutlin,True,,9,9,13,13
Pt55_t2,KK180,lib1,Ipatasertib,True,,9,9,13,13
Pt55_t2,KK180,lib1,LCL161,True,,5,5,13,13
Pt55_t2,KK180,lib1,LGK974,True,,9,9,13,13
Pt55_t2,KK180,lib1,Lapatinib,True,,9,9,13,13
Pt55_t2,KK180,lib1,Linsitinib,True,,9,9,13,13
Pt55_t2,KK180,lib1,Luminespib,True,,9,9,13,13
Pt55_t2,KK180,lib1,Methotrexate,True,,9,9,13,13
Pt55_t2,KK180,lib1,Napabucasin,True,,9,9,13,13
Pt55_t2,KK180,lib1,Navitoclax,True,,9,9,13,13
Pt55_t2,KK180,lib1,Olaparib,True,,8,8,13,13
Pt55_t2,KK180,lib1,Oxaliplatin,True,,9,9,13,13
Pt55_t2,KK180,lib1,Palbociclib,True,,9,9,13,13
Pt55_t2,KK180,lib1,Panobinostat,True,,9,9,13,13
Pt55_t2,KK180,lib1,Pevonedistat,True,,9,9,13,13
Pt55_t2,KK180,lib1,Regorafenib,True,,9,9,13,13
Pt55_t2,KK180,lib1,SN-38,True,,5,5,13,13
Pt55_t2,KK180,lib1,Sirolimus,True,,8,8,13,13
Pt55_t2,KK180,lib1,TAS-102,True,,9,9,13,13
Pt55_t2,KK180,lib1,Trametinib,True,,9,9,13,13
Pt55_t2,KK180,lib1,Tretinoin,True,,9,9,13,13
Pt55_t2,KK180,lib1,Vitamin C,True,,9,9,13,13
Pt55_t2,KK180,lib1,Volasertib,True,,9,9,13,13
Pt55_t2,KK388,lib2,5-FU,True,,8,8,10,10
Pt55_t2,KK388,lib2,AZD5991,True,,8,8,10,10
Pt55_t2,KK388,lib2,AZD7762,True,,8,8,10,10
Pt55_t2,KK388,lib2,Adavosertib,True,,8,8,10,10
Pt55_t2,KK388,lib2,Afatinib,True,,8,8,10,10
Pt55_t2,KK388,lib2,Alectinib,True,,8,8,10,10
Pt55_t2,KK388,lib2,Alisertib,True,,8,8,10,10
Pt55_t2,KK388,lib2,Atorvastatin,True,,8,8,10,10
Pt55_t2,KK388,lib2,BMS-754807,True,,8,8,10,10
Pt55_t2,KK388,lib2,Bemcentinib,True,,8,8,10,10
Pt55_t2,KK388,lib2,Carfilzomib,True,,8,8,10,10
Pt55_t2,KK388,lib2,Ceralasertib,True,,8,8,10,10
Pt55_t2,KK388,lib2,Cetuximab,True,,5,5,10,10
Pt55_t2,KK388,lib2,Dasatinib,True,,8,8,10,10
Pt55_t2,KK388,lib2,Encorafenib,True,,8,8,10,10
Pt55_t2,KK388,lib2,Everolimus,True,,8,8,10,10
Pt55_t2,KK388,lib2,Gedatolisib,True,,8,8,10,10
Pt55_t2,KK388,lib2,Gemcitabine,True,,8,8,10,10
Pt55_t2,KK388,lib2,Idasanutlin,True,,8,8,10,10
Pt55_t2,KK388,lib2,Idelalisib,True,,8,8,10,10
Pt55_t2,KK388,lib2,LCL161,True,,8,8,10,10
Pt55_t2,KK388,lib2,LGK974,True,,8,8,10,10
Pt55_t2,KK388,lib2,Lapatinib,True,,8,8,10,10
Pt55_t2,KK388,lib2,Larotrectinib,True,,8,8,10,10
Pt55_t2,KK388,lib2,Luminespib,True,,8,8,10,10
Pt55_t2,KK388,lib2,Methotrexate,True,,8,8,10,10
Pt55_t2,KK388,lib2,Napabucasin,True,,8,8,10,10
Pt55_t2,KK388,lib2,Oxaliplatin,True,,8,8,10,10
Pt55_t2,KK388,lib2,Palbociclib,True,,8,8,10,10
Pt55_t2,KK388,lib2,Panobinostat,True,,8,8,10,10
Pt55_t2,KK388,lib2,Pevonedistat,True,,8,8,10,10
Pt55_t2,KK388,lib2,Regorafenib,True,,8,8,10,10
Pt55_t2,KK388,lib2,SN-38,True,,9,9,10,10
Pt55_t2,KK388,lib2,Savolitinib,True,,8,8,10,10
Pt55_t2,KK388,lib2,Selinexor,True,,8,8,10,10
Pt55_t2,KK388,lib2,Silmitasertib,True,,8,8,10,10
Pt55_t2,KK388,lib2,Sotorasib,True,,8,8,10,10
Pt55_t2,KK388,lib2,TAS-102,True,,8,8,10,10
Pt55_t2,KK388,lib2,Talazoparib,True,,8,8,10,10
Pt55_t2,KK388,lib2,Trametinib,True,,8,8,10,10
Pt55_t2,KK388,lib2,Venetoclax,True,,8,8,10,10
Pt55_t2,KK388,lib2,Volasertib,True,,8,8,10,10
Pt56_t1,KK183,lib1,2-methoxyestradiol,True,,9,9,13,13
Pt56_t1,KK183,lib1,5-FU,True,,9,9,13,13
Pt56_t1,KK183,lib1,AZD7762,True,,9,9,13,13
Pt56_t1,KK183,lib1,Afatinib,True,,9,9,13,13
Pt56_t1,KK183,lib1,Alisertib,True,,9,9,13,13
Pt56_t1,KK183,lib1,Atorvastatin,True,,9,9,13,13
Pt56_t1,KK183,lib1,Bemcentinib,True,,9,9,13,13
Pt56_t1,KK183,lib1,Binimetinib,True,,9,9,13,13
Pt56_t1,KK183,lib1,Cetuximab,False,fewer than four paired drug doses,2,2,13,13
Pt56_t1,KK183,lib1,Crizotinib,True,,9,9,13,13
Pt56_t1,KK183,lib1,Disulfiram+Cu,True,,5,5,13,13
Pt56_t1,KK183,lib1,Eltanexor,True,,9,9,13,13
Pt56_t1,KK183,lib1,Encorafenib,True,,9,9,13,13
Pt56_t1,KK183,lib1,Erastin,True,,8,8,13,13
Pt56_t1,KK183,lib1,Erlotinib,True,,9,9,13,13
Pt56_t1,KK183,lib1,Gedatolisib,True,,9,9,13,13
Pt56_t1,KK183,lib1,Gemcitabine,True,,9,9,13,13
Pt56_t1,KK183,lib1,Idasanutlin,True,,9,9,13,13
Pt56_t1,KK183,lib1,Ipatasertib,True,,9,9,13,13
Pt56_t1,KK183,lib1,LCL161,True,,5,5,13,13
Pt56_t1,KK183,lib1,LGK974,True,,9,9,13,13
Pt56_t1,KK183,lib1,Lapatinib,True,,9,9,13,13
Pt56_t1,KK183,lib1,Linsitinib,True,,9,9,13,13
Pt56_t1,KK183,lib1,Luminespib,True,,9,9,13,13
Pt56_t1,KK183,lib1,Methotrexate,True,,9,9,13,13
Pt56_t1,KK183,lib1,Napabucasin,True,,9,9,13,13
Pt56_t1,KK183,lib1,Navitoclax,True,,9,9,13,13
Pt56_t1,KK183,lib1,Olaparib,True,,8,8,13,13
Pt56_t1,KK183,lib1,Oxaliplatin,True,,9,9,13,13
Pt56_t1,KK183,lib1,Palbociclib,True,,9,9,13,13
Pt56_t1,KK183,lib1,Panobinostat,True,,9,9,13,13
Pt56_t1,KK183,lib1,Pevonedistat,True,,9,9,13,13
Pt56_t1,KK183,lib1,Regorafenib,True,,9,9,13,13
Pt56_t1,KK183,lib1,SN-38,True,,5,5,13,13
Pt56_t1,KK183,lib1,Sirolimus,True,,8,8,13,13
Pt56_t1,KK183,lib1,TAS-102,True,,9,9,13,13
Pt56_t1,KK183,lib1,Trametinib,True,,9,9,13,13
Pt56_t1,KK183,lib1,Tretinoin,True,,9,9,13,13
Pt56_t1,KK183,lib1,Vitamin C,True,,9,9,13,13
Pt56_t1,KK183,lib1,Volasertib,True,,9,9,13,13
Pt56_t4,KK197,lib1,2-methoxyestradiol,True,,9,9,13,13
Pt56_t4,KK197,lib1,5-FU,True,,9,9,13,13
Pt56_t4,KK197,lib1,AZD7762,True,,9,9,13,13
Pt56_t4,KK197,lib1,Afatinib,True,,9,9,13,13
Pt56_t4,KK197,lib1,Alisertib,True,,9,9,13,13
Pt56_t4,KK197,lib1,Atorvastatin,True,,9,9,13,13
Pt56_t4,KK197,lib1,Bemcentinib,True,,9,9,13,13
Pt56_t4,KK197,lib1,Binimetinib,True,,9,9,13,13
Pt56_t4,KK197,lib1,Cetuximab,False,fewer than four paired drug doses,2,2,13,13
Pt56_t4,KK197,lib1,Crizotinib,True,,9,9,13,13
Pt56_t4,KK197,lib1,Disulfiram+Cu,True,,5,5,13,13
Pt56_t4,KK197,lib1,Eltanexor,True,,9,9,13,13
Pt56_t4,KK197,lib1,Encorafenib,True,,9,9,13,13
Pt56_t4,KK197,lib1,Erastin,True,,8,8,13,13
Pt56_t4,KK197,lib1,Erlotinib,True,,9,9,13,13
Pt56_t4,KK197,lib1,Gedatolisib,True,,9,9,13,13
Pt56_t4,KK197,lib1,Gemcitabine,True,,9,9,13,13
Pt56_t4,KK197,lib1,Idasanutlin,True,,9,9,13,13
Pt56_t4,KK197,lib1,Ipatasertib,True,,9,9,13,13
Pt56_t4,KK197,lib1,LCL161,True,,5,5,13,13
Pt56_t4,KK197,lib1,LGK974,True,,9,9,13,13
Pt56_t4,KK197,lib1,Lapatinib,True,,9,9,13,13
Pt56_t4,KK197,lib1,Linsitinib,True,,9,9,13,13
Pt56_t4,KK197,lib1,Luminespib,True,,9,9,13,13
Pt56_t4,KK197,lib1,Methotrexate,True,,9,9,13,13
Pt56_t4,KK197,lib1,Napabucasin,True,,9,9,13,13
Pt56_t4,KK197,lib1,Navitoclax,True,,9,9,13,13
Pt56_t4,KK197,lib1,Olaparib,True,,8,8,13,13
Pt56_t4,KK197,lib1,Oxaliplatin,True,,9,9,13,13
Pt56_t4,KK197,lib1,Palbociclib,True,,9,9,13,13
Pt56_t4,KK197,lib1,Panobinostat,True,,9,9,13,13
Pt56_t4,KK197,lib1,Pevonedistat,True,,9,9,13,13
Pt56_t4,KK197,lib1,Regorafenib,True,,9,9,13,13
Pt56_t4,KK197,lib1,SN-38,True,,5,5,13,13
Pt56_t4,KK197,lib1,Sirolimus,True,,8,8,13,13
Pt56_t4,KK197,lib1,TAS-102,True,,9,9,13,13
Pt56_t4,KK197,lib1,Trametinib,True,,9,9,13,13
Pt56_t4,KK197,lib1,Tretinoin,True,,9,9,13,13
Pt56_t4,KK197,lib1,Vitamin C,True,,9,9,13,13
Pt56_t4,KK197,lib1,Volasertib,True,,9,9,13,13
Pt57_t2,KK190,lib1,2-methoxyestradiol,True,,9,9,13,13
Pt57_t2,KK190,lib1,5-FU,True,,9,9,13,13
Pt57_t2,KK190,lib1,AZD7762,True,,9,9,13,13
Pt57_t2,KK190,lib1,Afatinib,True,,9,9,13,13
Pt57_t2,KK190,lib1,Alisertib,True,,9,9,13,13
Pt57_t2,KK190,lib1,Atorvastatin,True,,9,9,13,13
Pt57_t2,KK190,lib1,Bemcentinib,True,,9,9,13,13
Pt57_t2,KK190,lib1,Binimetinib,True,,9,9,13,13
Pt57_t2,KK190,lib1,Cetuximab,False,fewer than four paired drug doses,2,2,13,13
Pt57_t2,KK190,lib1,Crizotinib,True,,9,9,13,13
Pt57_t2,KK190,lib1,Disulfiram+Cu,True,,5,5,13,13
Pt57_t2,KK190,lib1,Eltanexor,True,,9,9,13,13
Pt57_t2,KK190,lib1,Encorafenib,True,,9,9,13,13
Pt57_t2,KK190,lib1,Erastin,True,,8,8,13,13
Pt57_t2,KK190,lib1,Erlotinib,True,,9,9,13,13
Pt57_t2,KK190,lib1,Gedatolisib,True,,9,9,13,13
Pt57_t2,KK190,lib1,Gemcitabine,True,,9,9,13,13
Pt57_t2,KK190,lib1,Idasanutlin,True,,9,9,13,13
Pt57_t2,KK190,lib1,Ipatasertib,True,,9,9,13,13
Pt57_t2,KK190,lib1,LCL161,True,,5,5,13,13
Pt57_t2,KK190,lib1,LGK974,True,,9,9,13,13
Pt57_t2,KK190,lib1,Lapatinib,True,,9,9,13,13
Pt57_t2,KK190,lib1,Linsitinib,True,,9,9,13,13
Pt57_t2,KK190,lib1,Luminespib,True,,9,9,13,13
Pt57_t2,KK190,lib1,Methotrexate,True,,9,9,13,13
Pt57_t2,KK190,lib1,Napabucasin,True,,9,9,13,13
Pt57_t2,KK190,lib1,Navitoclax,True,,9,9,13,13
Pt57_t2,KK190,lib1,Olaparib,True,,8,8,13,13
Pt57_t2,KK190,lib1,Oxaliplatin,True,,9,9,13,13
Pt57_t2,KK190,lib1,Palbociclib,True,,9,9,13,13
Pt57_t2,KK190,lib1,Panobinostat,True,,9,9,13,13
Pt57_t2,KK190,lib1,Pevonedistat,True,,9,9,13,13
Pt57_t2,KK190,lib1,Regorafenib,True,,9,9,13,13
Pt57_t2,KK190,lib1,SN-38,True,,5,5,13,13
Pt57_t2,KK190,lib1,Sirolimus,True,,8,8,13,13
Pt57_t2,KK190,lib1,TAS-102,True,,9,9,13,13
Pt57_t2,KK190,lib1,Trametinib,True,,9,9,13,13
Pt57_t2,KK190,lib1,Tretinoin,True,,9,9,13,13
Pt57_t2,KK190,lib1,Vitamin C,True,,9,9,13,13
Pt57_t2,KK190,lib1,Volasertib,True,,9,9,13,13
Pt58_t1,KK181,lib1,2-methoxyestradiol,True,,9,9,13,13
Pt58_t1,KK181,lib1,5-FU,True,,9,9,13,13
Pt58_t1,KK181,lib1,AZD7762,True,,9,9,13,13
Pt58_t1,KK181,lib1,Afatinib,True,,9,9,13,13
Pt58_t1,KK181,lib1,Alisertib,True,,9,9,13,13
Pt58_t1,KK181,lib1,Atorvastatin,True,,9,9,13,13
Pt58_t1,KK181,lib1,Bemcentinib,True,,9,9,13,13
Pt58_t1,KK181,lib1,Binimetinib,True,,9,9,13,13
Pt58_t1,KK181,lib1,Cetuximab,False,fewer than four paired drug doses,2,2,13,13
Pt58_t1,KK181,lib1,Crizotinib,True,,9,9,13,13
Pt58_t1,KK181,lib1,Disulfiram+Cu,True,,5,5,13,13
Pt58_t1,KK181,lib1,Eltanexor,True,,9,9,13,13
Pt58_t1,KK181,lib1,Encorafenib,True,,9,9,13,13
Pt58_t1,KK181,lib1,Erastin,True,,8,8,13,13
Pt58_t1,KK181,lib1,Erlotinib,True,,9,9,13,13
Pt58_t1,KK181,lib1,Gedatolisib,True,,9,9,13,13
Pt58_t1,KK181,lib1,Gemcitabine,True,,9,9,13,13
Pt58_t1,KK181,lib1,Idasanutlin,True,,9,9,13,13
Pt58_t1,KK181,lib1,Ipatasertib,True,,9,9,13,13
Pt58_t1,KK181,lib1,LCL161,True,,5,5,13,13
Pt58_t1,KK181,lib1,LGK974,True,,9,9,13,13
Pt58_t1,KK181,lib1,Lapatinib,True,,9,9,13,13
Pt58_t1,KK181,lib1,Linsitinib,True,,9,9,13,13
Pt58_t1,KK181,lib1,Luminespib,True,,9,9,13,13
Pt58_t1,KK181,lib1,Methotrexate,True,,9,9,13,13
Pt58_t1,KK181,lib1,Napabucasin,True,,9,9,13,13
Pt58_t1,KK181,lib1,Navitoclax,True,,9,9,13,13
Pt58_t1,KK181,lib1,Olaparib,True,,8,8,13,13
Pt58_t1,KK181,lib1,Oxaliplatin,True,,9,9,13,13
Pt58_t1,KK181,lib1,Palbociclib,True,,9,9,13,13
Pt58_t1,KK181,lib1,Panobinostat,True,,9,9,13,13
Pt58_t1,KK181,lib1,Pevonedistat,True,,9,9,13,13
Pt58_t1,KK181,lib1,Regorafenib,True,,9,9,13,13
Pt58_t1,KK181,lib1,SN-38,True,,5,5,13,13
Pt58_t1,KK181,lib1,Sirolimus,True,,8,8,13,13
Pt58_t1,KK181,lib1,TAS-102,True,,9,9,13,13
Pt58_t1,KK181,lib1,Trametinib,True,,9,9,13,13
Pt58_t1,KK181,lib1,Tretinoin,True,,9,9,13,13
Pt58_t1,KK181,lib1,Vitamin C,True,,9,9,13,13
Pt58_t1,KK181,lib1,Volasertib,True,,9,9,13,13
Pt58_t2,KK184,lib1,2-methoxyestradiol,True,,9,9,13,13
Pt58_t2,KK184,lib1,5-FU,True,,9,9,13,13
Pt58_t2,KK184,lib1,AZD7762,True,,9,9,13,13
Pt58_t2,KK184,lib1,Afatinib,True,,9,9,13,13
Pt58_t2,KK184,lib1,Alisertib,True,,9,9,13,13
Pt58_t2,KK184,lib1,Atorvastatin,True,,9,9,13,13
Pt58_t2,KK184,lib1,Bemcentinib,True,,9,9,13,13
Pt58_t2,KK184,lib1,Binimetinib,True,,9,9,13,13
Pt58_t2,KK184,lib1,Cetuximab,False,fewer than four paired drug doses,2,2,13,13
Pt58_t2,KK184,lib1,Crizotinib,True,,9,9,13,13
Pt58_t2,KK184,lib1,Disulfiram+Cu,True,,5,5,13,13
Pt58_t2,KK184,lib1,Eltanexor,True,,9,9,13,13
Pt58_t2,KK184,lib1,Encorafenib,True,,9,9,13,13
Pt58_t2,KK184,lib1,Erastin,True,,8,8,13,13
Pt58_t2,KK184,lib1,Erlotinib,True,,9,9,13,13
Pt58_t2,KK184,lib1,Gedatolisib,True,,9,9,13,13
Pt58_t2,KK184,lib1,Gemcitabine,True,,9,9,13,13
Pt58_t2,KK184,lib1,Idasanutlin,True,,9,9,13,13
Pt58_t2,KK184,lib1,Ipatasertib,True,,9,9,13,13
Pt58_t2,KK184,lib1,LCL161,True,,5,5,13,13
Pt58_t2,KK184,lib1,LGK974,True,,9,9,13,13
Pt58_t2,KK184,lib1,Lapatinib,True,,9,9,13,13
Pt58_t2,KK184,lib1,Linsitinib,True,,9,9,13,13
Pt58_t2,KK184,lib1,Luminespib,True,,9,9,13,13
Pt58_t2,KK184,lib1,Methotrexate,True,,9,9,13,13
Pt58_t2,KK184,lib1,Napabucasin,True,,9,9,13,13
Pt58_t2,KK184,lib1,Navitoclax,True,,9,9,13,13
Pt58_t2,KK184,lib1,Olaparib,True,,8,8,13,13
Pt58_t2,KK184,lib1,Oxaliplatin,True,,9,9,13,13
Pt58_t2,KK184,lib1,Palbociclib,True,,9,9,13,13
Pt58_t2,KK184,lib1,Panobinostat,True,,9,9,13,13
Pt58_t2,KK184,lib1,Pevonedistat,True,,9,9,13,13
Pt58_t2,KK184,lib1,Regorafenib,True,,9,9,13,13
Pt58_t2,KK184,lib1,SN-38,True,,5,5,13,13
Pt58_t2,KK184,lib1,Sirolimus,True,,8,8,13,13
Pt58_t2,KK184,lib1,TAS-102,True,,9,9,13,13
Pt58_t2,KK184,lib1,Trametinib,True,,9,9,13,13
Pt58_t2,KK184,lib1,Tretinoin,True,,9,9,13,13
Pt58_t2,KK184,lib1,Vitamin C,True,,9,9,13,13
Pt58_t2,KK184,lib1,Volasertib,True,,9,9,13,13
Pt59_t1,KK179,lib1,2-methoxyestradiol,True,,9,9,13,13
Pt59_t1,KK179,lib1,5-FU,True,,9,9,13,13
Pt59_t1,KK179,lib1,AZD7762,True,,9,9,13,13
Pt59_t1,KK179,lib1,Afatinib,True,,9,9,13,13
Pt59_t1,KK179,lib1,Alisertib,True,,9,9,13,13
Pt59_t1,KK179,lib1,Atorvastatin,True,,9,9,13,13
Pt59_t1,KK179,lib1,Bemcentinib,True,,9,9,13,13
Pt59_t1,KK179,lib1,Binimetinib,True,,9,9,13,13
Pt59_t1,KK179,lib1,Cetuximab,False,fewer than four paired drug doses,2,2,13,13
Pt59_t1,KK179,lib1,Crizotinib,True,,9,9,13,13
Pt59_t1,KK179,lib1,Disulfiram+Cu,True,,5,5,13,13
Pt59_t1,KK179,lib1,Eltanexor,True,,9,9,13,13
Pt59_t1,KK179,lib1,Encorafenib,True,,9,9,13,13
Pt59_t1,KK179,lib1,Erastin,True,,8,8,13,13
Pt59_t1,KK179,lib1,Erlotinib,True,,9,9,13,13
Pt59_t1,KK179,lib1,Gedatolisib,True,,9,9,13,13
Pt59_t1,KK179,lib1,Gemcitabine,True,,9,9,13,13
Pt59_t1,KK179,lib1,Idasanutlin,True,,9,9,13,13
Pt59_t1,KK179,lib1,Ipatasertib,True,,9,9,13,13
Pt59_t1,KK179,lib1,LCL161,True,,5,5,13,13
Pt59_t1,KK179,lib1,LGK974,True,,9,9,13,13
Pt59_t1,KK179,lib1,Lapatinib,True,,9,9,13,13
Pt59_t1,KK179,lib1,Linsitinib,True,,9,9,13,13
Pt59_t1,KK179,lib1,Luminespib,True,,9,9,13,13
Pt59_t1,KK179,lib1,Methotrexate,True,,9,9,13,13
Pt59_t1,KK179,lib1,Napabucasin,True,,9,9,13,13
Pt59_t1,KK179,lib1,Navitoclax,True,,9,9,13,13
Pt59_t1,KK179,lib1,Olaparib,True,,8,8,13,13
Pt59_t1,KK179,lib1,Oxaliplatin,True,,9,9,13,13
Pt59_t1,KK179,lib1,Palbociclib,True,,9,9,13,13
Pt59_t1,KK179,lib1,Panobinostat,True,,9,9,13,13
Pt59_t1,KK179,lib1,Pevonedistat,True,,9,9,13,13
Pt59_t1,KK179,lib1,Regorafenib,True,,9,9,13,13
Pt59_t1,KK179,lib1,SN-38,True,,5,5,13,13
Pt59_t1,KK179,lib1,Sirolimus,True,,8,8,13,13
Pt59_t1,KK179,lib1,TAS-102,True,,9,9,13,13
Pt59_t1,KK179,lib1,Trametinib,True,,9,9,13,13
Pt59_t1,KK179,lib1,Tretinoin,True,,9,9,13,13
Pt59_t1,KK179,lib1,Vitamin C,True,,9,9,13,13
Pt59_t1,KK179,lib1,Volasertib,True,,9,9,13,13
Pt59_t2,KK199,lib1,2-methoxyestradiol,True,,9,9,13,13
Pt59_t2,KK199,lib1,5-FU,True,,9,9,13,13
Pt59_t2,KK199,lib1,AZD7762,True,,9,9,13,13
Pt59_t2,KK199,lib1,Afatinib,True,,9,9,13,13
Pt59_t2,KK199,lib1,Alisertib,True,,9,9,13,13
Pt59_t2,KK199,lib1,Atorvastatin,True,,9,9,13,13
Pt59_t2,KK199,lib1,Bemcentinib,True,,9,9,13,13
Pt59_t2,KK199,lib1,Binimetinib,True,,9,9,13,13
Pt59_t2,KK199,lib1,Cetuximab,False,fewer than four paired drug doses,2,2,13,13
Pt59_t2,KK199,lib1,Crizotinib,True,,9,9,13,13
Pt59_t2,KK199,lib1,Disulfiram+Cu,True,,5,5,13,13
Pt59_t2,KK199,lib1,Eltanexor,True,,9,9,13,13
Pt59_t2,KK199,lib1,Encorafenib,True,,9,9,13,13
Pt59_t2,KK199,lib1,Erastin,True,,8,8,13,13
Pt59_t2,KK199,lib1,Erlotinib,True,,9,9,13,13
Pt59_t2,KK199,lib1,Gedatolisib,True,,9,9,13,13
Pt59_t2,KK199,lib1,Gemcitabine,True,,9,9,13,13
Pt59_t2,KK199,lib1,Idasanutlin,True,,9,9,13,13
Pt59_t2,KK199,lib1,Ipatasertib,True,,9,9,13,13
Pt59_t2,KK199,lib1,LCL161,True,,5,5,13,13
Pt59_t2,KK199,lib1,LGK974,True,,9,9,13,13
Pt59_t2,KK199,lib1,Lapatinib,True,,9,9,13,13
Pt59_t2,KK199,lib1,Linsitinib,True,,9,9,13,13
Pt59_t2,KK199,lib1,Luminespib,True,,9,9,13,13
Pt59_t2,KK199,lib1,Methotrexate,True,,9,9,13,13
Pt59_t2,KK199,lib1,Napabucasin,True,,9,9,13,13
Pt59_t2,KK199,lib1,Navitoclax,True,,9,9,13,13
Pt59_t2,KK199,lib1,Olaparib,True,,8,8,13,13
Pt59_t2,KK199,lib1,Oxaliplatin,True,,9,9,13,13
Pt59_t2,KK199,lib1,Palbociclib,True,,9,9,13,13
Pt59_t2,KK199,lib1,Panobinostat,True,,9,9,13,13
Pt59_t2,KK199,lib1,Pevonedistat,True,,9,9,13,13
Pt59_t2,KK199,lib1,Regorafenib,True,,9,9,13,13
Pt59_t2,KK199,lib1,SN-38,True,,5,5,13,13
Pt59_t2,KK199,lib1,Sirolimus,True,,8,8,13,13
Pt59_t2,KK199,lib1,TAS-102,True,,9,9,13,13
Pt59_t2,KK199,lib1,Trametinib,True,,9,9,13,13
Pt59_t2,KK199,lib1,Tretinoin,True,,9,9,13,13
Pt59_t2,KK199,lib1,Vitamin C,True,,9,9,13,13
Pt59_t2,KK199,lib1,Volasertib,True,,9,9,13,13
Pt59_t3,KK192,lib1,2-methoxyestradiol,True,,9,9,13,13
Pt59_t3,KK192,lib1,5-FU,True,,9,9,13,13
Pt59_t3,KK192,lib1,AZD7762,True,,9,9,13,13
Pt59_t3,KK192,lib1,Afatinib,True,,9,9,13,13
Pt59_t3,KK192,lib1,Alisertib,True,,9,9,13,13
Pt59_t3,KK192,lib1,Atorvastatin,True,,9,9,13,13
Pt59_t3,KK192,lib1,Bemcentinib,True,,9,9,13,13
Pt59_t3,KK192,lib1,Binimetinib,True,,9,9,13,13
Pt59_t3,KK192,lib1,Cetuximab,False,fewer than four paired drug doses,2,2,13,13
Pt59_t3,KK192,lib1,Crizotinib,True,,9,9,13,13
Pt59_t3,KK192,lib1,Disulfiram+Cu,True,,5,5,13,13
Pt59_t3,KK192,lib1,Eltanexor,True,,9,9,13,13
Pt59_t3,KK192,lib1,Encorafenib,True,,9,9,13,13
Pt59_t3,KK192,lib1,Erastin,True,,8,8,13,13
Pt59_t3,KK192,lib1,Erlotinib,True,,9,9,13,13
Pt59_t3,KK192,lib1,Gedatolisib,True,,9,9,13,13
Pt59_t3,KK192,lib1,Gemcitabine,True,,9,9,13,13
Pt59_t3,KK192,lib1,Idasanutlin,True,,9,9,13,13
Pt59_t3,KK192,lib1,Ipatasertib,True,,9,9,13,13
Pt59_t3,KK192,lib1,LCL161,True,,5,5,13,13
Pt59_t3,KK192,lib1,LGK974,True,,9,9,13,13
Pt59_t3,KK192,lib1,Lapatinib,True,,9,9,13,13
Pt59_t3,KK192,lib1,Linsitinib,True,,9,9,13,13
Pt59_t3,KK192,lib1,Luminespib,True,,9,9,13,13
Pt59_t3,KK192,lib1,Methotrexate,True,,9,9,13,13
Pt59_t3,KK192,lib1,Napabucasin,True,,9,9,13,13
Pt59_t3,KK192,lib1,Navitoclax,True,,9,9,13,13
Pt59_t3,KK192,lib1,Olaparib,True,,8,8,13,13
Pt59_t3,KK192,lib1,Oxaliplatin,True,,9,9,13,13
Pt59_t3,KK192,lib1,Palbociclib,True,,9,9,13,13
Pt59_t3,KK192,lib1,Panobinostat,True,,9,9,13,13
Pt59_t3,KK192,lib1,Pevonedistat,True,,9,9,13,13
Pt59_t3,KK192,lib1,Regorafenib,True,,9,9,13,13
Pt59_t3,KK192,lib1,SN-38,True,,5,5,13,13
Pt59_t3,KK192,lib1,Sirolimus,True,,8,8,13,13
Pt59_t3,KK192,lib1,TAS-102,True,,9,9,13,13
Pt59_t3,KK192,lib1,Trametinib,True,,9,9,13,13
Pt59_t3,KK192,lib1,Tretinoin,True,,9,9,13,13
Pt59_t3,KK192,lib1,Vitamin C,True,,9,9,13,13
Pt59_t3,KK192,lib1,Volasertib,True,,9,9,13,13
Pt6.2_t1,KK226,lib2,5-FU,True,,8,8,10,10
Pt6.2_t1,KK226,lib2,AZD7762,True,,8,8,10,10
Pt6.2_t1,KK226,lib2,Afatinib,True,,8,8,10,10
Pt6.2_t1,KK226,lib2,Alectinib,True,,8,8,10,10
Pt6.2_t1,KK226,lib2,Alisertib,True,,8,8,10,10
Pt6.2_t1,KK226,lib2,Atorvastatin,True,,8,8,10,10
Pt6.2_t1,KK226,lib2,BMS-754807,True,,8,8,10,10
Pt6.2_t1,KK226,lib2,Bemcentinib,True,,8,8,10,10
Pt6.2_t1,KK226,lib2,Carfilzomib,True,,8,8,10,10
Pt6.2_t1,KK226,lib2,Ceralasertib,True,,8,8,10,10
Pt6.2_t1,KK226,lib2,Cetuximab,True,,5,5,10,10
Pt6.2_t1,KK226,lib2,Dasatinib,True,,8,8,10,10
Pt6.2_t1,KK226,lib2,Encorafenib,True,,8,8,10,10
Pt6.2_t1,KK226,lib2,Everolimus,True,,8,8,10,10
Pt6.2_t1,KK226,lib2,Gedatolisib,True,,8,8,10,10
Pt6.2_t1,KK226,lib2,Gemcitabine,True,,8,8,10,10
Pt6.2_t1,KK226,lib2,Idasanutlin,True,,8,8,10,10
Pt6.2_t1,KK226,lib2,Idelalisib,True,,8,8,10,10
Pt6.2_t1,KK226,lib2,LCL161,True,,8,8,10,10
Pt6.2_t1,KK226,lib2,LGK974,True,,8,8,10,10
Pt6.2_t1,KK226,lib2,Lapatinib,True,,8,8,10,10
Pt6.2_t1,KK226,lib2,Larotrectinib,True,,8,8,10,10
Pt6.2_t1,KK226,lib2,Luminespib,True,,8,8,10,10
Pt6.2_t1,KK226,lib2,Methotrexate,True,,8,8,10,10
Pt6.2_t1,KK226,lib2,Napabucasin,True,,8,8,10,10
Pt6.2_t1,KK226,lib2,Oxaliplatin,True,,8,8,10,10
Pt6.2_t1,KK226,lib2,Palbociclib,True,,8,8,10,10
Pt6.2_t1,KK226,lib2,Panobinostat,True,,8,8,10,10
Pt6.2_t1,KK226,lib2,Pevonedistat,True,,8,8,10,10
Pt6.2_t1,KK226,lib2,Regorafenib,True,,8,8,10,10
Pt6.2_t1,KK226,lib2,SN-38,True,,8,8,10,10
Pt6.2_t1,KK226,lib2,Savolitinib,True,,8,8,10,10
Pt6.2_t1,KK226,lib2,Selinexor,True,,8,8,10,10
Pt6.2_t1,KK226,lib2,Silmitasertib,True,,8,8,10,10
Pt6.2_t1,KK226,lib2,Sotorasib,True,,8,8,10,10
Pt6.2_t1,KK226,lib2,TAS-102,True,,8,8,10,10
Pt6.2_t1,KK226,lib2,Talazoparib,True,,8,8,10,10
Pt6.2_t1,KK226,lib2,Trametinib,True,,8,8,10,10
Pt6.2_t1,KK226,lib2,Venetoclax,True,,8,8,10,10
Pt6.2_t1,KK226,lib2,Volasertib,True,,8,8,10,10
Pt6.2_t1,KK229,lib1,2-methoxyestradiol,True,,9,9,13,13
Pt6.2_t1,KK229,lib1,5-FU,True,,9,9,13,13
Pt6.2_t1,KK229,lib1,AZD7762,True,,9,9,13,13
Pt6.2_t1,KK229,lib1,Afatinib,True,,9,9,13,13
Pt6.2_t1,KK229,lib1,Alisertib,True,,9,9,13,13
Pt6.2_t1,KK229,lib1,Atorvastatin,True,,9,9,13,13
Pt6.2_t1,KK229,lib1,Bemcentinib,True,,9,9,13,13
Pt6.2_t1,KK229,lib1,Binimetinib,True,,9,9,13,13
Pt6.2_t1,KK229,lib1,Cetuximab,False,fewer than four paired drug doses,2,2,13,13
Pt6.2_t1,KK229,lib1,Crizotinib,True,,9,9,13,13
Pt6.2_t1,KK229,lib1,Disulfiram+Cu,True,,5,5,13,13
Pt6.2_t1,KK229,lib1,Eltanexor,True,,9,9,13,13
Pt6.2_t1,KK229,lib1,Encorafenib,True,,9,9,13,13
Pt6.2_t1,KK229,lib1,Erastin,True,,8,8,13,13
Pt6.2_t1,KK229,lib1,Erlotinib,True,,9,9,13,13
Pt6.2_t1,KK229,lib1,Gedatolisib,True,,9,9,13,13
Pt6.2_t1,KK229,lib1,Gemcitabine,True,,9,9,13,13
Pt6.2_t1,KK229,lib1,Idasanutlin,True,,9,9,13,13
Pt6.2_t1,KK229,lib1,Ipatasertib,True,,9,9,13,13
Pt6.2_t1,KK229,lib1,LCL161,True,,5,5,13,13
Pt6.2_t1,KK229,lib1,LGK974,True,,9,9,13,13
Pt6.2_t1,KK229,lib1,Lapatinib,True,,9,9,13,13
Pt6.2_t1,KK229,lib1,Linsitinib,True,,9,9,13,13
Pt6.2_t1,KK229,lib1,Luminespib,True,,9,9,13,13
Pt6.2_t1,KK229,lib1,Methotrexate,True,,9,9,13,13
Pt6.2_t1,KK229,lib1,Napabucasin,True,,9,9,13,13
Pt6.2_t1,KK229,lib1,Navitoclax,True,,9,9,13,13
Pt6.2_t1,KK229,lib1,Olaparib,True,,8,8,13,13
Pt6.2_t1,KK229,lib1,Oxaliplatin,True,,9,9,13,13
Pt6.2_t1,KK229,lib1,Palbociclib,True,,9,9,13,13
Pt6.2_t1,KK229,lib1,Panobinostat,True,,9,9,13,13
Pt6.2_t1,KK229,lib1,Pevonedistat,True,,9,9,13,13
Pt6.2_t1,KK229,lib1,Regorafenib,True,,9,9,13,13
Pt6.2_t1,KK229,lib1,SN-38,True,,5,5,13,13
Pt6.2_t1,KK229,lib1,Sirolimus,True,,8,8,13,13
Pt6.2_t1,KK229,lib1,TAS-102,True,,9,9,13,13
Pt6.2_t1,KK229,lib1,Trametinib,True,,9,9,13,13
Pt6.2_t1,KK229,lib1,Tretinoin,True,,9,9,13,13
Pt6.2_t1,KK229,lib1,Vitamin C,True,,9,9,13,13
Pt6.2_t1,KK229,lib1,Volasertib,True,,9,9,13,13
Pt6.2_t2,KK204,lib1,2-methoxyestradiol,True,,9,9,13,13
Pt6.2_t2,KK204,lib1,5-FU,True,,9,9,13,13
Pt6.2_t2,KK204,lib1,AZD7762,True,,9,9,13,13
Pt6.2_t2,KK204,lib1,Afatinib,True,,9,9,13,13
Pt6.2_t2,KK204,lib1,Alisertib,True,,9,9,13,13
Pt6.2_t2,KK204,lib1,Atorvastatin,True,,9,9,13,13
Pt6.2_t2,KK204,lib1,Bemcentinib,True,,9,9,13,13
Pt6.2_t2,KK204,lib1,Binimetinib,True,,9,9,13,13
Pt6.2_t2,KK204,lib1,Cetuximab,False,fewer than four paired drug doses,2,2,13,13
Pt6.2_t2,KK204,lib1,Crizotinib,True,,9,9,13,13
Pt6.2_t2,KK204,lib1,Disulfiram+Cu,True,,5,5,13,13
Pt6.2_t2,KK204,lib1,Eltanexor,True,,9,9,13,13
Pt6.2_t2,KK204,lib1,Encorafenib,True,,9,9,13,13
Pt6.2_t2,KK204,lib1,Erastin,True,,8,8,13,13
Pt6.2_t2,KK204,lib1,Erlotinib,True,,9,9,13,13
Pt6.2_t2,KK204,lib1,Gedatolisib,True,,9,9,13,13
Pt6.2_t2,KK204,lib1,Gemcitabine,True,,9,9,13,13
Pt6.2_t2,KK204,lib1,Idasanutlin,True,,9,9,13,13
Pt6.2_t2,KK204,lib1,Ipatasertib,True,,9,9,13,13
Pt6.2_t2,KK204,lib1,LCL161,True,,5,5,13,13
Pt6.2_t2,KK204,lib1,LGK974,True,,9,9,13,13
Pt6.2_t2,KK204,lib1,Lapatinib,True,,9,9,13,13
Pt6.2_t2,KK204,lib1,Linsitinib,True,,9,9,13,13
Pt6.2_t2,KK204,lib1,Luminespib,True,,9,9,13,13
Pt6.2_t2,KK204,lib1,Methotrexate,True,,9,9,13,13
Pt6.2_t2,KK204,lib1,Napabucasin,True,,9,9,13,13
Pt6.2_t2,KK204,lib1,Navitoclax,True,,9,9,13,13
Pt6.2_t2,KK204,lib1,Olaparib,True,,8,8,13,13
Pt6.2_t2,KK204,lib1,Oxaliplatin,True,,9,9,13,13
Pt6.2_t2,KK204,lib1,Palbociclib,True,,9,9,13,13
Pt6.2_t2,KK204,lib1,Panobinostat,True,,9,9,13,13
Pt6.2_t2,KK204,lib1,Pevonedistat,True,,9,9,13,13
Pt6.2_t2,KK204,lib1,Regorafenib,True,,9,9,13,13
Pt6.2_t2,KK204,lib1,SN-38,True,,5,5,13,13
Pt6.2_t2,KK204,lib1,Sirolimus,True,,8,8,13,13
Pt6.2_t2,KK204,lib1,TAS-102,True,,9,9,13,13
Pt6.2_t2,KK204,lib1,Trametinib,True,,9,9,13,13
Pt6.2_t2,KK204,lib1,Tretinoin,True,,9,9,13,13
Pt6.2_t2,KK204,lib1,Vitamin C,True,,9,9,13,13
Pt6.2_t2,KK204,lib1,Volasertib,True,,9,9,13,13
Pt6.2_t2,KK207,lib2,5-FU,True,,8,8,10,10
Pt6.2_t2,KK207,lib2,AZD7762,True,,8,8,10,10
Pt6.2_t2,KK207,lib2,Afatinib,True,,8,8,10,10
Pt6.2_t2,KK207,lib2,Alectinib,True,,8,8,10,10
Pt6.2_t2,KK207,lib2,Alisertib,True,,8,8,10,10
Pt6.2_t2,KK207,lib2,Atorvastatin,True,,8,8,10,10
Pt6.2_t2,KK207,lib2,BMS-754807,True,,8,8,10,10
Pt6.2_t2,KK207,lib2,Bemcentinib,True,,8,8,10,10
Pt6.2_t2,KK207,lib2,Carfilzomib,True,,8,8,10,10
Pt6.2_t2,KK207,lib2,Ceralasertib,True,,8,8,10,10
Pt6.2_t2,KK207,lib2,Cetuximab,True,,5,5,10,10
Pt6.2_t2,KK207,lib2,Dasatinib,True,,8,8,10,10
Pt6.2_t2,KK207,lib2,Encorafenib,True,,8,8,10,10
Pt6.2_t2,KK207,lib2,Everolimus,True,,8,8,10,10
Pt6.2_t2,KK207,lib2,Gedatolisib,True,,8,8,10,10
Pt6.2_t2,KK207,lib2,Gemcitabine,True,,8,8,10,10
Pt6.2_t2,KK207,lib2,Idasanutlin,True,,8,8,10,10
Pt6.2_t2,KK207,lib2,Idelalisib,True,,8,8,10,10
Pt6.2_t2,KK207,lib2,LCL161,True,,8,8,10,10
Pt6.2_t2,KK207,lib2,LGK974,True,,8,8,10,10
Pt6.2_t2,KK207,lib2,Lapatinib,True,,8,8,10,10
Pt6.2_t2,KK207,lib2,Larotrectinib,True,,8,8,10,10
Pt6.2_t2,KK207,lib2,Luminespib,True,,8,8,10,10
Pt6.2_t2,KK207,lib2,Methotrexate,True,,8,8,10,10
Pt6.2_t2,KK207,lib2,Napabucasin,True,,8,8,10,10
Pt6.2_t2,KK207,lib2,Oxaliplatin,True,,8,8,10,10
Pt6.2_t2,KK207,lib2,Palbociclib,True,,8,8,10,10
Pt6.2_t2,KK207,lib2,Panobinostat,True,,8,8,10,10
Pt6.2_t2,KK207,lib2,Pevonedistat,True,,8,8,10,10
Pt6.2_t2,KK207,lib2,Regorafenib,True,,8,8,10,10
Pt6.2_t2,KK207,lib2,SN-38,True,,8,8,10,10
Pt6.2_t2,KK207,lib2,Savolitinib,True,,8,8,10,10
Pt6.2_t2,KK207,lib2,Silmitasertib,True,,8,8,10,10
Pt6.2_t2,KK207,lib2,TAS-102,True,,8,8,10,10
Pt6.2_t2,KK207,lib2,Talazoparib,True,,8,8,10,10
Pt6.2_t2,KK207,lib2,Trametinib,True,,8,8,10,10
Pt6.2_t2,KK207,lib2,Venetoclax,True,,8,8,10,10
Pt6.2_t2,KK207,lib2,Volasertib,True,,8,8,10,10
Pt6.3_t1,KK244A,lib1,2-methoxyestradiol,True,,9,9,13,13
Pt6.3_t1,KK244A,lib1,5-FU,True,,9,9,13,13
Pt6.3_t1,KK244A,lib1,AZD7762,True,,9,9,13,13
Pt6.3_t1,KK244A,lib1,Afatinib,True,,9,9,13,13
Pt6.3_t1,KK244A,lib1,Alisertib,True,,9,9,13,13
Pt6.3_t1,KK244A,lib1,Atorvastatin,True,,9,9,13,13
Pt6.3_t1,KK244A,lib1,Bemcentinib,True,,9,9,13,13
Pt6.3_t1,KK244A,lib1,Binimetinib,True,,9,9,13,13
Pt6.3_t1,KK244A,lib1,Cetuximab,False,fewer than four paired drug doses,2,2,13,13
Pt6.3_t1,KK244A,lib1,Crizotinib,True,,9,9,13,13
Pt6.3_t1,KK244A,lib1,Disulfiram+Cu,True,,5,5,13,13
Pt6.3_t1,KK244A,lib1,Eltanexor,True,,9,9,13,13
Pt6.3_t1,KK244A,lib1,Encorafenib,True,,9,9,13,13
Pt6.3_t1,KK244A,lib1,Erastin,True,,8,8,13,13
Pt6.3_t1,KK244A,lib1,Erlotinib,True,,9,9,13,13
Pt6.3_t1,KK244A,lib1,Gedatolisib,True,,9,9,13,13
Pt6.3_t1,KK244A,lib1,Gemcitabine,True,,9,9,13,13
Pt6.3_t1,KK244A,lib1,Idasanutlin,True,,9,9,13,13
Pt6.3_t1,KK244A,lib1,Ipatasertib,True,,9,9,13,13
Pt6.3_t1,KK244A,lib1,LCL161,True,,5,5,13,13
Pt6.3_t1,KK244A,lib1,LGK974,True,,9,9,13,13
Pt6.3_t1,KK244A,lib1,Lapatinib,True,,9,9,13,13
Pt6.3_t1,KK244A,lib1,Linsitinib,True,,9,9,13,13
Pt6.3_t1,KK244A,lib1,Luminespib,True,,9,9,13,13
Pt6.3_t1,KK244A,lib1,Methotrexate,True,,9,9,13,13
Pt6.3_t1,KK244A,lib1,Napabucasin,True,,9,9,13,13
Pt6.3_t1,KK244A,lib1,Navitoclax,True,,9,9,13,13
Pt6.3_t1,KK244A,lib1,Olaparib,True,,8,8,13,13
Pt6.3_t1,KK244A,lib1,Oxaliplatin,True,,9,9,13,13
Pt6.3_t1,KK244A,lib1,Palbociclib,True,,9,9,13,13
Pt6.3_t1,KK244A,lib1,Panobinostat,True,,9,9,13,13
Pt6.3_t1,KK244A,lib1,Pevonedistat,True,,9,9,13,13
Pt6.3_t1,KK244A,lib1,Regorafenib,True,,9,9,13,13
Pt6.3_t1,KK244A,lib1,SN-38,True,,5,5,13,13
Pt6.3_t1,KK244A,lib1,Sirolimus,True,,8,8,13,13
Pt6.3_t1,KK244A,lib1,TAS-102,True,,9,9,13,13
Pt6.3_t1,KK244A,lib1,Trametinib,True,,9,9,13,13
Pt6.3_t1,KK244A,lib1,Tretinoin,True,,9,9,13,13
Pt6.3_t1,KK244A,lib1,Vitamin C,True,,9,9,13,13
Pt6.3_t1,KK244A,lib1,Volasertib,True,,9,9,13,13
Pt6.3_t1,KK244B,lib2,5-FU,True,,8,8,10,10
Pt6.3_t1,KK244B,lib2,AZD5991,True,,8,8,10,10
Pt6.3_t1,KK244B,lib2,AZD7762,True,,8,8,10,10
Pt6.3_t1,KK244B,lib2,Adavosertib,True,,8,8,10,10
Pt6.3_t1,KK244B,lib2,Afatinib,True,,8,8,10,10
Pt6.3_t1,KK244B,lib2,Alectinib,True,,8,8,10,10
Pt6.3_t1,KK244B,lib2,Alisertib,True,,8,8,10,10
Pt6.3_t1,KK244B,lib2,Atorvastatin,True,,8,8,10,10
Pt6.3_t1,KK244B,lib2,BMS-754807,True,,8,8,10,10
Pt6.3_t1,KK244B,lib2,Bemcentinib,True,,8,8,10,10
Pt6.3_t1,KK244B,lib2,Carfilzomib,True,,8,8,10,10
Pt6.3_t1,KK244B,lib2,Ceralasertib,True,,8,8,10,10
Pt6.3_t1,KK244B,lib2,Cetuximab,True,,5,5,10,10
Pt6.3_t1,KK244B,lib2,Dasatinib,True,,8,8,10,10
Pt6.3_t1,KK244B,lib2,Encorafenib,True,,8,8,10,10
Pt6.3_t1,KK244B,lib2,Everolimus,True,,8,8,10,10
Pt6.3_t1,KK244B,lib2,Gedatolisib,True,,8,8,10,10
Pt6.3_t1,KK244B,lib2,Gemcitabine,True,,8,8,10,10
Pt6.3_t1,KK244B,lib2,Idasanutlin,True,,8,8,10,10
Pt6.3_t1,KK244B,lib2,Idelalisib,True,,8,8,10,10
Pt6.3_t1,KK244B,lib2,LCL161,True,,8,8,10,10
Pt6.3_t1,KK244B,lib2,LGK974,True,,8,8,10,10
Pt6.3_t1,KK244B,lib2,Lapatinib,True,,8,8,10,10
Pt6.3_t1,KK244B,lib2,Larotrectinib,True,,8,8,10,10
Pt6.3_t1,KK244B,lib2,Luminespib,True,,8,8,10,10
Pt6.3_t1,KK244B,lib2,Methotrexate,True,,8,8,10,10
Pt6.3_t1,KK244B,lib2,Napabucasin,True,,8,8,10,10
Pt6.3_t1,KK244B,lib2,Oxaliplatin,True,,8,8,10,10
Pt6.3_t1,KK244B,lib2,Palbociclib,True,,8,8,10,10
Pt6.3_t1,KK244B,lib2,Panobinostat,True,,8,8,10,10
Pt6.3_t1,KK244B,lib2,Pevonedistat,True,,8,8,10,10
Pt6.3_t1,KK244B,lib2,Regorafenib,True,,8,8,10,10
Pt6.3_t1,KK244B,lib2,SN-38,True,,9,9,10,10
Pt6.3_t1,KK244B,lib2,Savolitinib,True,,8,8,10,10
Pt6.3_t1,KK244B,lib2,Selinexor,True,,8,8,10,10
Pt6.3_t1,KK244B,lib2,Silmitasertib,True,,8,8,10,10
Pt6.3_t1,KK244B,lib2,Sotorasib,True,,8,8,10,10
Pt6.3_t1,KK244B,lib2,TAS-102,True,,8,8,10,10
Pt6.3_t1,KK244B,lib2,Talazoparib,True,,8,8,10,10
Pt6.3_t1,KK244B,lib2,Trametinib,True,,8,8,10,10
Pt6.3_t1,KK244B,lib2,Venetoclax,True,,8,8,10,10
Pt6.3_t1,KK244B,lib2,Volasertib,True,,8,8,10,10
Pt6.3_t2,KK247A,lib1,2-methoxyestradiol,True,,9,9,13,13
Pt6.3_t2,KK247A,lib1,5-FU,True,,9,9,13,13
Pt6.3_t2,KK247A,lib1,AZD7762,True,,9,9,13,13
Pt6.3_t2,KK247A,lib1,Afatinib,True,,9,9,13,13
Pt6.3_t2,KK247A,lib1,Alisertib,True,,9,9,13,13
Pt6.3_t2,KK247A,lib1,Atorvastatin,True,,9,9,13,13
Pt6.3_t2,KK247A,lib1,Bemcentinib,True,,9,9,13,13
Pt6.3_t2,KK247A,lib1,Binimetinib,True,,9,9,13,13
Pt6.3_t2,KK247A,lib1,Cetuximab,False,fewer than four paired drug doses,2,2,13,13
Pt6.3_t2,KK247A,lib1,Crizotinib,True,,9,9,13,13
Pt6.3_t2,KK247A,lib1,Disulfiram+Cu,True,,5,5,13,13
Pt6.3_t2,KK247A,lib1,Eltanexor,True,,9,9,13,13
Pt6.3_t2,KK247A,lib1,Encorafenib,True,,9,9,13,13
Pt6.3_t2,KK247A,lib1,Erastin,True,,8,8,13,13
Pt6.3_t2,KK247A,lib1,Erlotinib,True,,9,9,13,13
Pt6.3_t2,KK247A,lib1,Gedatolisib,True,,9,9,13,13
Pt6.3_t2,KK247A,lib1,Gemcitabine,True,,9,9,13,13
Pt6.3_t2,KK247A,lib1,Idasanutlin,True,,9,9,13,13
Pt6.3_t2,KK247A,lib1,Ipatasertib,True,,9,9,13,13
Pt6.3_t2,KK247A,lib1,LCL161,True,,5,5,13,13
Pt6.3_t2,KK247A,lib1,LGK974,True,,9,9,13,13
Pt6.3_t2,KK247A,lib1,Lapatinib,True,,9,9,13,13
Pt6.3_t2,KK247A,lib1,Linsitinib,True,,9,9,13,13
Pt6.3_t2,KK247A,lib1,Luminespib,True,,9,9,13,13
Pt6.3_t2,KK247A,lib1,Methotrexate,True,,9,9,13,13
Pt6.3_t2,KK247A,lib1,Napabucasin,True,,9,9,13,13
Pt6.3_t2,KK247A,lib1,Navitoclax,True,,9,9,13,13
Pt6.3_t2,KK247A,lib1,Olaparib,True,,8,8,13,13
Pt6.3_t2,KK247A,lib1,Oxaliplatin,True,,9,9,13,13
Pt6.3_t2,KK247A,lib1,Palbociclib,True,,9,9,13,13
Pt6.3_t2,KK247A,lib1,Panobinostat,True,,9,9,13,13
Pt6.3_t2,KK247A,lib1,Pevonedistat,True,,9,9,13,13
Pt6.3_t2,KK247A,lib1,Regorafenib,True,,9,9,13,13
Pt6.3_t2,KK247A,lib1,SN-38,True,,5,5,13,13
Pt6.3_t2,KK247A,lib1,Sirolimus,True,,8,8,13,13
Pt6.3_t2,KK247A,lib1,TAS-102,True,,9,9,13,13
Pt6.3_t2,KK247A,lib1,Trametinib,True,,9,9,13,13
Pt6.3_t2,KK247A,lib1,Tretinoin,True,,9,9,13,13
Pt6.3_t2,KK247A,lib1,Vitamin C,True,,9,9,13,13
Pt6.3_t2,KK247A,lib1,Volasertib,True,,9,9,13,13
Pt6.3_t2,KK247B,lib2,5-FU,False,non-nM or unknown concentration unit,8,8,10,10
Pt6.3_t2,KK247B,lib2,AZD5991,False,non-nM or unknown concentration unit,8,8,10,10
Pt6.3_t2,KK247B,lib2,AZD7762,False,non-nM or unknown concentration unit,8,8,10,10
Pt6.3_t2,KK247B,lib2,Adavosertib,False,non-nM or unknown concentration unit,8,8,10,10
Pt6.3_t2,KK247B,lib2,Afatinib,False,non-nM or unknown concentration unit,8,8,10,10
Pt6.3_t2,KK247B,lib2,Alectinib,False,non-nM or unknown concentration unit,8,8,10,10
Pt6.3_t2,KK247B,lib2,Alisertib,False,non-nM or unknown concentration unit,8,8,10,10
Pt6.3_t2,KK247B,lib2,Atorvastatin,False,non-nM or unknown concentration unit,8,8,10,10
Pt6.3_t2,KK247B,lib2,BMS-754807,False,non-nM or unknown concentration unit,8,8,10,10
Pt6.3_t2,KK247B,lib2,Bemcentinib,False,non-nM or unknown concentration unit,8,8,10,10
Pt6.3_t2,KK247B,lib2,Carfilzomib,False,non-nM or unknown concentration unit,8,8,10,10
Pt6.3_t2,KK247B,lib2,Ceralasertib,False,non-nM or unknown concentration unit,8,8,10,10
Pt6.3_t2,KK247B,lib2,Dasatinib,False,non-nM or unknown concentration unit,8,8,10,10
Pt6.3_t2,KK247B,lib2,Encorafenib,False,non-nM or unknown concentration unit,8,8,10,10
Pt6.3_t2,KK247B,lib2,Everolimus,False,non-nM or unknown concentration unit,8,8,10,10
Pt6.3_t2,KK247B,lib2,Gedatolisib,False,non-nM or unknown concentration unit,8,8,10,10
Pt6.3_t2,KK247B,lib2,Gemcitabine,False,non-nM or unknown concentration unit,8,8,10,10
Pt6.3_t2,KK247B,lib2,Idasanutlin,False,non-nM or unknown concentration unit,8,8,10,10
Pt6.3_t2,KK247B,lib2,Idelalisib,False,non-nM or unknown concentration unit,8,8,10,10
Pt6.3_t2,KK247B,lib2,LCL161,False,non-nM or unknown concentration unit,8,8,10,10
Pt6.3_t2,KK247B,lib2,LGK974,False,non-nM or unknown concentration unit,8,8,10,10
Pt6.3_t2,KK247B,lib2,Lapatinib,False,non-nM or unknown concentration unit,8,8,10,10
Pt6.3_t2,KK247B,lib2,Larotrectinib,False,non-nM or unknown concentration unit,8,8,10,10
Pt6.3_t2,KK247B,lib2,Luminespib,False,non-nM or unknown concentration unit,8,8,10,10
Pt6.3_t2,KK247B,lib2,Methotrexate,False,non-nM or unknown concentration unit,8,8,10,10
Pt6.3_t2,KK247B,lib2,Napabucasin,False,non-nM or unknown concentration unit,8,8,10,10
Pt6.3_t2,KK247B,lib2,Oxaliplatin,False,non-nM or unknown concentration unit,8,8,10,10
Pt6.3_t2,KK247B,lib2,Palbociclib,False,non-nM or unknown concentration unit,8,8,10,10
Pt6.3_t2,KK247B,lib2,Panobinostat,False,non-nM or unknown concentration unit,8,8,10,10
Pt6.3_t2,KK247B,lib2,Pevonedistat,False,non-nM or unknown concentration unit,8,8,10,10
Pt6.3_t2,KK247B,lib2,Regorafenib,False,non-nM or unknown concentration unit,8,8,10,10
Pt6.3_t2,KK247B,lib2,SN-38,False,non-nM or unknown concentration unit,9,9,10,10
Pt6.3_t2,KK247B,lib2,Savolitinib,False,non-nM or unknown concentration unit,8,8,10,10
Pt6.3_t2,KK247B,lib2,Selinexor,False,non-nM or unknown concentration unit,8,8,10,10
Pt6.3_t2,KK247B,lib2,Silmitasertib,False,non-nM or unknown concentration unit,8,8,10,10
Pt6.3_t2,KK247B,lib2,Sotorasib,True,,8,8,10,10
Pt6.3_t2,KK247B,lib2,TAS-102,False,non-nM or unknown concentration unit,8,8,10,10
Pt6.3_t2,KK247B,lib2,Talazoparib,False,non-nM or unknown concentration unit,8,8,10,10
Pt6.3_t2,KK247B,lib2,Trametinib,False,non-nM or unknown concentration unit,8,8,10,10
Pt6.3_t2,KK247B,lib2,Venetoclax,False,non-nM or unknown concentration unit,8,8,10,10
Pt6.3_t2,KK247B,lib2,Volasertib,False,non-nM or unknown concentration unit,8,8,10,10
Pt61_t2,KK209,lib1,2-methoxyestradiol,True,,9,9,13,13
Pt61_t2,KK209,lib1,5-FU,True,,9,9,13,13
Pt61_t2,KK209,lib1,AZD7762,True,,9,9,13,13
Pt61_t2,KK209,lib1,Afatinib,True,,9,9,13,13
Pt61_t2,KK209,lib1,Alisertib,True,,9,9,13,13
Pt61_t2,KK209,lib1,Atorvastatin,True,,9,9,13,13
Pt61_t2,KK209,lib1,Bemcentinib,True,,9,9,13,13
Pt61_t2,KK209,lib1,Binimetinib,True,,9,9,13,13
Pt61_t2,KK209,lib1,Cetuximab,False,fewer than four paired drug doses,2,2,13,13
Pt61_t2,KK209,lib1,Crizotinib,True,,9,9,13,13
Pt61_t2,KK209,lib1,Disulfiram+Cu,True,,5,5,13,13
Pt61_t2,KK209,lib1,Eltanexor,True,,9,9,13,13
Pt61_t2,KK209,lib1,Encorafenib,True,,9,9,13,13
Pt61_t2,KK209,lib1,Erastin,True,,8,8,13,13
Pt61_t2,KK209,lib1,Erlotinib,True,,9,9,13,13
Pt61_t2,KK209,lib1,Gedatolisib,True,,9,9,13,13
Pt61_t2,KK209,lib1,Gemcitabine,True,,9,9,13,13
Pt61_t2,KK209,lib1,Idasanutlin,True,,9,9,13,13
Pt61_t2,KK209,lib1,Ipatasertib,True,,9,9,13,13
Pt61_t2,KK209,lib1,LCL161,True,,5,5,13,13
Pt61_t2,KK209,lib1,LGK974,True,,9,9,13,13
Pt61_t2,KK209,lib1,Lapatinib,True,,9,9,13,13
Pt61_t2,KK209,lib1,Linsitinib,True,,9,9,13,13
Pt61_t2,KK209,lib1,Luminespib,True,,9,9,13,13
Pt61_t2,KK209,lib1,Methotrexate,True,,9,9,13,13
Pt61_t2,KK209,lib1,Napabucasin,True,,9,9,13,13
Pt61_t2,KK209,lib1,Navitoclax,True,,9,9,13,13
Pt61_t2,KK209,lib1,Olaparib,True,,8,8,13,13
Pt61_t2,KK209,lib1,Oxaliplatin,True,,9,9,13,13
Pt61_t2,KK209,lib1,Palbociclib,True,,9,9,13,13
Pt61_t2,KK209,lib1,Panobinostat,True,,9,9,13,13
Pt61_t2,KK209,lib1,Pevonedistat,True,,9,9,13,13
Pt61_t2,KK209,lib1,Regorafenib,True,,9,9,13,13
Pt61_t2,KK209,lib1,SN-38,True,,5,5,13,13
Pt61_t2,KK209,lib1,Sirolimus,True,,8,8,13,13
Pt61_t2,KK209,lib1,TAS-102,True,,9,9,13,13
Pt61_t2,KK209,lib1,Trametinib,True,,9,9,13,13
Pt61_t2,KK209,lib1,Tretinoin,True,,9,9,13,13
Pt61_t2,KK209,lib1,Vitamin C,True,,9,9,13,13
Pt61_t2,KK209,lib1,Volasertib,True,,9,9,13,13
Pt62_t1,KK188,lib1,2-methoxyestradiol,True,,9,9,13,13
Pt62_t1,KK188,lib1,5-FU,True,,9,9,13,13
Pt62_t1,KK188,lib1,AZD7762,True,,9,9,13,13
Pt62_t1,KK188,lib1,Afatinib,True,,9,9,13,13
Pt62_t1,KK188,lib1,Alisertib,True,,9,9,13,13
Pt62_t1,KK188,lib1,Atorvastatin,True,,9,9,13,13
Pt62_t1,KK188,lib1,Bemcentinib,True,,9,9,13,13
Pt62_t1,KK188,lib1,Binimetinib,True,,9,9,13,13
Pt62_t1,KK188,lib1,Cetuximab,False,fewer than four paired drug doses,2,2,13,13
Pt62_t1,KK188,lib1,Crizotinib,True,,9,9,13,13
Pt62_t1,KK188,lib1,Disulfiram+Cu,True,,5,5,13,13
Pt62_t1,KK188,lib1,Eltanexor,True,,9,9,13,13
Pt62_t1,KK188,lib1,Encorafenib,True,,9,9,13,13
Pt62_t1,KK188,lib1,Erastin,True,,8,8,13,13
Pt62_t1,KK188,lib1,Erlotinib,True,,9,9,13,13
Pt62_t1,KK188,lib1,Gedatolisib,True,,9,9,13,13
Pt62_t1,KK188,lib1,Gemcitabine,True,,9,9,13,13
Pt62_t1,KK188,lib1,Idasanutlin,True,,9,9,13,13
Pt62_t1,KK188,lib1,Ipatasertib,True,,9,9,13,13
Pt62_t1,KK188,lib1,LCL161,True,,5,5,13,13
Pt62_t1,KK188,lib1,LGK974,True,,9,9,13,13
Pt62_t1,KK188,lib1,Lapatinib,True,,9,9,13,13
Pt62_t1,KK188,lib1,Linsitinib,True,,9,9,13,13
Pt62_t1,KK188,lib1,Luminespib,True,,9,9,13,13
Pt62_t1,KK188,lib1,Methotrexate,True,,9,9,13,13
Pt62_t1,KK188,lib1,Napabucasin,True,,9,9,13,13
Pt62_t1,KK188,lib1,Navitoclax,True,,9,9,13,13
Pt62_t1,KK188,lib1,Olaparib,True,,8,8,13,13
Pt62_t1,KK188,lib1,Oxaliplatin,True,,9,9,13,13
Pt62_t1,KK188,lib1,Palbociclib,True,,9,9,13,13
Pt62_t1,KK188,lib1,Panobinostat,True,,9,9,13,13
Pt62_t1,KK188,lib1,Pevonedistat,True,,9,9,13,13
Pt62_t1,KK188,lib1,Regorafenib,True,,9,9,13,13
Pt62_t1,KK188,lib1,SN-38,True,,5,5,13,13
Pt62_t1,KK188,lib1,Sirolimus,True,,8,8,13,13
Pt62_t1,KK188,lib1,TAS-102,True,,9,9,13,13
Pt62_t1,KK188,lib1,Trametinib,True,,9,9,13,13
Pt62_t1,KK188,lib1,Tretinoin,True,,9,9,13,13
Pt62_t1,KK188,lib1,Vitamin C,True,,9,9,13,13
Pt62_t1,KK188,lib1,Volasertib,True,,9,9,13,13
Pt62_t2,KK189,lib1,2-methoxyestradiol,True,,9,9,13,13
Pt62_t2,KK189,lib1,5-FU,True,,9,9,13,13
Pt62_t2,KK189,lib1,AZD7762,True,,9,9,13,13
Pt62_t2,KK189,lib1,Afatinib,True,,9,9,13,13
Pt62_t2,KK189,lib1,Alisertib,True,,9,9,13,13
Pt62_t2,KK189,lib1,Atorvastatin,True,,9,9,13,13
Pt62_t2,KK189,lib1,Bemcentinib,True,,9,9,13,13
Pt62_t2,KK189,lib1,Binimetinib,True,,9,9,13,13
Pt62_t2,KK189,lib1,Cetuximab,False,fewer than four paired drug doses,2,2,13,13
Pt62_t2,KK189,lib1,Crizotinib,True,,9,9,13,13
Pt62_t2,KK189,lib1,Disulfiram+Cu,True,,5,5,13,13
Pt62_t2,KK189,lib1,Eltanexor,True,,9,9,13,13
Pt62_t2,KK189,lib1,Encorafenib,True,,9,9,13,13
Pt62_t2,KK189,lib1,Erastin,True,,8,8,13,13
Pt62_t2,KK189,lib1,Erlotinib,True,,9,9,13,13
Pt62_t2,KK189,lib1,Gedatolisib,True,,9,9,13,13
Pt62_t2,KK189,lib1,Gemcitabine,True,,9,9,13,13
Pt62_t2,KK189,lib1,Idasanutlin,True,,9,9,13,13
Pt62_t2,KK189,lib1,Ipatasertib,True,,9,9,13,13
Pt62_t2,KK189,lib1,LCL161,True,,5,5,13,13
Pt62_t2,KK189,lib1,LGK974,True,,9,9,13,13
Pt62_t2,KK189,lib1,Lapatinib,True,,9,9,13,13
Pt62_t2,KK189,lib1,Linsitinib,True,,9,9,13,13
Pt62_t2,KK189,lib1,Luminespib,True,,9,9,13,13
Pt62_t2,KK189,lib1,Methotrexate,True,,9,9,13,13
Pt62_t2,KK189,lib1,Napabucasin,True,,9,9,13,13
Pt62_t2,KK189,lib1,Navitoclax,True,,9,9,13,13
Pt62_t2,KK189,lib1,Olaparib,True,,8,8,13,13
Pt62_t2,KK189,lib1,Oxaliplatin,True,,9,9,13,13
Pt62_t2,KK189,lib1,Palbociclib,True,,9,9,13,13
Pt62_t2,KK189,lib1,Panobinostat,True,,9,9,13,13
Pt62_t2,KK189,lib1,Pevonedistat,True,,9,9,13,13
Pt62_t2,KK189,lib1,Regorafenib,True,,9,9,13,13
Pt62_t2,KK189,lib1,SN-38,True,,5,5,13,13
Pt62_t2,KK189,lib1,Sirolimus,True,,8,8,13,13
Pt62_t2,KK189,lib1,TAS-102,True,,9,9,13,13
Pt62_t2,KK189,lib1,Trametinib,True,,9,9,13,13
Pt62_t2,KK189,lib1,Tretinoin,True,,9,9,13,13
Pt62_t2,KK189,lib1,Vitamin C,True,,9,9,13,13
Pt62_t2,KK189,lib1,Volasertib,True,,9,9,13,13
Pt63_t1,KK200A,lib1,2-methoxyestradiol,True,,9,9,13,13
Pt63_t1,KK200A,lib1,5-FU,True,,9,9,13,13
Pt63_t1,KK200A,lib1,AZD7762,True,,9,9,13,13
Pt63_t1,KK200A,lib1,Afatinib,True,,9,9,13,13
Pt63_t1,KK200A,lib1,Alisertib,True,,9,9,13,13
Pt63_t1,KK200A,lib1,Atorvastatin,True,,9,9,13,13
Pt63_t1,KK200A,lib1,Bemcentinib,True,,9,9,13,13
Pt63_t1,KK200A,lib1,Binimetinib,True,,9,9,13,13
Pt63_t1,KK200A,lib1,Cetuximab,False,fewer than four paired drug doses,2,2,13,13
Pt63_t1,KK200A,lib1,Crizotinib,True,,9,9,13,13
Pt63_t1,KK200A,lib1,Disulfiram+Cu,True,,5,5,13,13
Pt63_t1,KK200A,lib1,Eltanexor,True,,9,9,13,13
Pt63_t1,KK200A,lib1,Encorafenib,True,,9,9,13,13
Pt63_t1,KK200A,lib1,Erastin,True,,8,8,13,13
Pt63_t1,KK200A,lib1,Erlotinib,True,,9,9,13,13
Pt63_t1,KK200A,lib1,Gedatolisib,True,,9,9,13,13
Pt63_t1,KK200A,lib1,Gemcitabine,True,,9,9,13,13
Pt63_t1,KK200A,lib1,Idasanutlin,True,,9,9,13,13
Pt63_t1,KK200A,lib1,Ipatasertib,True,,9,9,13,13
Pt63_t1,KK200A,lib1,LCL161,True,,5,5,13,13
Pt63_t1,KK200A,lib1,LGK974,True,,9,9,13,13
Pt63_t1,KK200A,lib1,Lapatinib,True,,9,9,13,13
Pt63_t1,KK200A,lib1,Linsitinib,True,,9,9,13,13
Pt63_t1,KK200A,lib1,Luminespib,True,,9,9,13,13
Pt63_t1,KK200A,lib1,Methotrexate,True,,9,9,13,13
Pt63_t1,KK200A,lib1,Napabucasin,True,,9,9,13,13
Pt63_t1,KK200A,lib1,Navitoclax,True,,9,9,13,13
Pt63_t1,KK200A,lib1,Olaparib,True,,8,8,13,13
Pt63_t1,KK200A,lib1,Oxaliplatin,True,,9,9,13,13
Pt63_t1,KK200A,lib1,Palbociclib,True,,9,9,13,13
Pt63_t1,KK200A,lib1,Panobinostat,True,,9,9,13,13
Pt63_t1,KK200A,lib1,Pevonedistat,True,,9,9,13,13
Pt63_t1,KK200A,lib1,Regorafenib,True,,9,9,13,13
Pt63_t1,KK200A,lib1,SN-38,True,,5,5,13,13
Pt63_t1,KK200A,lib1,Sirolimus,True,,8,8,13,13
Pt63_t1,KK200A,lib1,TAS-102,True,,9,9,13,13
Pt63_t1,KK200A,lib1,Trametinib,True,,9,9,13,13
Pt63_t1,KK200A,lib1,Tretinoin,True,,9,9,13,13
Pt63_t1,KK200A,lib1,Vitamin C,True,,9,9,13,13
Pt63_t1,KK200A,lib1,Volasertib,True,,9,9,13,13
Pt63_t1,KK200B,lib2,5-FU,True,,8,8,10,10
Pt63_t1,KK200B,lib2,AZD7762,True,,8,8,10,10
Pt63_t1,KK200B,lib2,Afatinib,True,,8,8,10,10
Pt63_t1,KK200B,lib2,Alectinib,True,,8,8,10,10
Pt63_t1,KK200B,lib2,Alisertib,True,,8,8,10,10
Pt63_t1,KK200B,lib2,Atorvastatin,True,,8,8,10,10
Pt63_t1,KK200B,lib2,BMS-754807,True,,8,8,10,10
Pt63_t1,KK200B,lib2,Bemcentinib,True,,8,8,10,10
Pt63_t1,KK200B,lib2,Carfilzomib,True,,8,8,10,10
Pt63_t1,KK200B,lib2,Ceralasertib,True,,8,8,10,10
Pt63_t1,KK200B,lib2,Cetuximab,True,,5,5,10,10
Pt63_t1,KK200B,lib2,Dasatinib,True,,8,8,10,10
Pt63_t1,KK200B,lib2,Encorafenib,True,,8,8,10,10
Pt63_t1,KK200B,lib2,Everolimus,True,,8,8,10,10
Pt63_t1,KK200B,lib2,Gedatolisib,True,,8,8,10,10
Pt63_t1,KK200B,lib2,Gemcitabine,True,,8,8,10,10
Pt63_t1,KK200B,lib2,Idasanutlin,True,,8,8,10,10
Pt63_t1,KK200B,lib2,Idelalisib,True,,8,8,10,10
Pt63_t1,KK200B,lib2,LCL161,True,,8,8,10,10
Pt63_t1,KK200B,lib2,LGK974,True,,8,8,10,10
Pt63_t1,KK200B,lib2,Lapatinib,True,,8,8,10,10
Pt63_t1,KK200B,lib2,Larotrectinib,True,,8,8,10,10
Pt63_t1,KK200B,lib2,Luminespib,True,,8,8,10,10
Pt63_t1,KK200B,lib2,Methotrexate,True,,8,8,10,10
Pt63_t1,KK200B,lib2,Napabucasin,True,,8,8,10,10
Pt63_t1,KK200B,lib2,Oxaliplatin,True,,8,8,10,10
Pt63_t1,KK200B,lib2,Palbociclib,True,,8,8,10,10
Pt63_t1,KK200B,lib2,Panobinostat,True,,8,8,10,10
Pt63_t1,KK200B,lib2,Pevonedistat,True,,8,8,10,10
Pt63_t1,KK200B,lib2,Regorafenib,True,,8,8,10,10
Pt63_t1,KK200B,lib2,SN-38,True,,8,8,10,10
Pt63_t1,KK200B,lib2,Savolitinib,True,,8,8,10,10
Pt63_t1,KK200B,lib2,Silmitasertib,True,,8,8,10,10
Pt63_t1,KK200B,lib2,TAS-102,True,,8,8,10,10
Pt63_t1,KK200B,lib2,Talazoparib,True,,8,8,10,10
Pt63_t1,KK200B,lib2,Trametinib,True,,8,8,10,10
Pt63_t1,KK200B,lib2,Venetoclax,True,,8,8,10,10
Pt63_t1,KK200B,lib2,Volasertib,True,,8,8,10,10
Pt63_t2,KK201A,lib1,2-methoxyestradiol,True,,9,9,13,13
Pt63_t2,KK201A,lib1,5-FU,True,,9,9,13,13
Pt63_t2,KK201A,lib1,AZD7762,True,,9,9,13,13
Pt63_t2,KK201A,lib1,Afatinib,True,,9,9,13,13
Pt63_t2,KK201A,lib1,Alisertib,True,,9,9,13,13
Pt63_t2,KK201A,lib1,Atorvastatin,True,,9,9,13,13
Pt63_t2,KK201A,lib1,Bemcentinib,True,,9,9,13,13
Pt63_t2,KK201A,lib1,Binimetinib,True,,9,9,13,13
Pt63_t2,KK201A,lib1,Cetuximab,False,fewer than four paired drug doses,2,2,13,13
Pt63_t2,KK201A,lib1,Crizotinib,True,,9,9,13,13
Pt63_t2,KK201A,lib1,Disulfiram+Cu,True,,5,5,13,13
Pt63_t2,KK201A,lib1,Eltanexor,True,,9,9,13,13
Pt63_t2,KK201A,lib1,Encorafenib,True,,9,9,13,13
Pt63_t2,KK201A,lib1,Erastin,True,,8,8,13,13
Pt63_t2,KK201A,lib1,Erlotinib,True,,9,9,13,13
Pt63_t2,KK201A,lib1,Gedatolisib,True,,9,9,13,13
Pt63_t2,KK201A,lib1,Gemcitabine,True,,9,9,13,13
Pt63_t2,KK201A,lib1,Idasanutlin,True,,9,9,13,13
Pt63_t2,KK201A,lib1,Ipatasertib,True,,9,9,13,13
Pt63_t2,KK201A,lib1,LCL161,True,,5,5,13,13
Pt63_t2,KK201A,lib1,LGK974,True,,9,9,13,13
Pt63_t2,KK201A,lib1,Lapatinib,True,,9,9,13,13
Pt63_t2,KK201A,lib1,Linsitinib,True,,9,9,13,13
Pt63_t2,KK201A,lib1,Luminespib,True,,9,9,13,13
Pt63_t2,KK201A,lib1,Methotrexate,True,,9,9,13,13
Pt63_t2,KK201A,lib1,Napabucasin,True,,9,9,13,13
Pt63_t2,KK201A,lib1,Navitoclax,True,,9,9,13,13
Pt63_t2,KK201A,lib1,Olaparib,True,,8,8,13,13
Pt63_t2,KK201A,lib1,Oxaliplatin,True,,9,9,13,13
Pt63_t2,KK201A,lib1,Palbociclib,True,,9,9,13,13
Pt63_t2,KK201A,lib1,Panobinostat,True,,9,9,13,13
Pt63_t2,KK201A,lib1,Pevonedistat,True,,9,9,13,13
Pt63_t2,KK201A,lib1,Regorafenib,True,,9,9,13,13
Pt63_t2,KK201A,lib1,SN-38,True,,5,5,13,13
Pt63_t2,KK201A,lib1,Sirolimus,True,,8,8,13,13
Pt63_t2,KK201A,lib1,TAS-102,True,,9,9,13,13
Pt63_t2,KK201A,lib1,Trametinib,True,,9,9,13,13
Pt63_t2,KK201A,lib1,Tretinoin,True,,9,9,13,13
Pt63_t2,KK201A,lib1,Vitamin C,True,,9,9,13,13
Pt63_t2,KK201A,lib1,Volasertib,True,,9,9,13,13
Pt63_t2,KK201B,lib2,5-FU,True,,8,8,10,10
Pt63_t2,KK201B,lib2,AZD7762,True,,8,8,10,10
Pt63_t2,KK201B,lib2,Afatinib,True,,8,8,10,10
Pt63_t2,KK201B,lib2,Alectinib,True,,8,8,10,10
Pt63_t2,KK201B,lib2,Alisertib,True,,8,8,10,10
Pt63_t2,KK201B,lib2,Atorvastatin,True,,8,8,10,10
Pt63_t2,KK201B,lib2,BMS-754807,True,,8,8,10,10
Pt63_t2,KK201B,lib2,Bemcentinib,True,,8,8,10,10
Pt63_t2,KK201B,lib2,Carfilzomib,True,,8,8,10,10
Pt63_t2,KK201B,lib2,Ceralasertib,True,,8,8,10,10
Pt63_t2,KK201B,lib2,Cetuximab,True,,5,5,10,10
Pt63_t2,KK201B,lib2,Dasatinib,True,,8,8,10,10
Pt63_t2,KK201B,lib2,Encorafenib,True,,8,8,10,10
Pt63_t2,KK201B,lib2,Everolimus,True,,8,8,10,10
Pt63_t2,KK201B,lib2,Gedatolisib,True,,8,8,10,10
Pt63_t2,KK201B,lib2,Gemcitabine,True,,8,8,10,10
Pt63_t2,KK201B,lib2,Idasanutlin,True,,8,8,10,10
Pt63_t2,KK201B,lib2,Idelalisib,True,,8,8,10,10
Pt63_t2,KK201B,lib2,LCL161,True,,8,8,10,10
Pt63_t2,KK201B,lib2,LGK974,True,,8,8,10,10
Pt63_t2,KK201B,lib2,Lapatinib,True,,8,8,10,10
Pt63_t2,KK201B,lib2,Larotrectinib,True,,8,8,10,10
Pt63_t2,KK201B,lib2,Luminespib,True,,8,8,10,10
Pt63_t2,KK201B,lib2,Methotrexate,True,,8,8,10,10
Pt63_t2,KK201B,lib2,Napabucasin,True,,8,8,10,10
Pt63_t2,KK201B,lib2,Oxaliplatin,True,,8,8,10,10
Pt63_t2,KK201B,lib2,Palbociclib,True,,8,8,10,10
Pt63_t2,KK201B,lib2,Panobinostat,True,,8,8,10,10
Pt63_t2,KK201B,lib2,Pevonedistat,True,,8,8,10,10
Pt63_t2,KK201B,lib2,Regorafenib,True,,8,8,10,10
Pt63_t2,KK201B,lib2,SN-38,True,,8,8,10,10
Pt63_t2,KK201B,lib2,Savolitinib,True,,8,8,10,10
Pt63_t2,KK201B,lib2,Silmitasertib,True,,8,8,10,10
Pt63_t2,KK201B,lib2,TAS-102,True,,8,8,10,10
Pt63_t2,KK201B,lib2,Talazoparib,True,,8,8,10,10
Pt63_t2,KK201B,lib2,Trametinib,True,,8,8,10,10
Pt63_t2,KK201B,lib2,Venetoclax,True,,8,8,10,10
Pt63_t2,KK201B,lib2,Volasertib,True,,8,8,10,10
Pt65_t1,KK193,lib1,2-methoxyestradiol,True,,9,9,13,13
Pt65_t1,KK193,lib1,5-FU,True,,9,9,13,13
Pt65_t1,KK193,lib1,AZD7762,True,,9,9,13,13
Pt65_t1,KK193,lib1,Afatinib,True,,9,9,13,13
Pt65_t1,KK193,lib1,Alisertib,True,,9,9,13,13
Pt65_t1,KK193,lib1,Atorvastatin,True,,9,9,13,13
Pt65_t1,KK193,lib1,Bemcentinib,True,,9,9,13,13
Pt65_t1,KK193,lib1,Binimetinib,True,,9,9,13,13
Pt65_t1,KK193,lib1,Cetuximab,False,fewer than four paired drug doses,2,2,13,13
Pt65_t1,KK193,lib1,Crizotinib,True,,9,9,13,13
Pt65_t1,KK193,lib1,Disulfiram+Cu,True,,5,5,13,13
Pt65_t1,KK193,lib1,Eltanexor,True,,9,9,13,13
Pt65_t1,KK193,lib1,Encorafenib,True,,9,9,13,13
Pt65_t1,KK193,lib1,Erastin,True,,8,8,13,13
Pt65_t1,KK193,lib1,Erlotinib,True,,9,9,13,13
Pt65_t1,KK193,lib1,Gedatolisib,True,,9,9,13,13
Pt65_t1,KK193,lib1,Gemcitabine,True,,9,9,13,13
Pt65_t1,KK193,lib1,Idasanutlin,True,,9,9,13,13
Pt65_t1,KK193,lib1,Ipatasertib,True,,9,9,13,13
Pt65_t1,KK193,lib1,LCL161,True,,5,5,13,13
Pt65_t1,KK193,lib1,LGK974,True,,9,9,13,13
Pt65_t1,KK193,lib1,Lapatinib,True,,9,9,13,13
Pt65_t1,KK193,lib1,Linsitinib,True,,9,9,13,13
Pt65_t1,KK193,lib1,Luminespib,True,,9,9,13,13
Pt65_t1,KK193,lib1,Methotrexate,True,,9,9,13,13
Pt65_t1,KK193,lib1,Napabucasin,True,,9,9,13,13
Pt65_t1,KK193,lib1,Navitoclax,True,,9,9,13,13
Pt65_t1,KK193,lib1,Olaparib,True,,8,8,13,13
Pt65_t1,KK193,lib1,Oxaliplatin,True,,9,9,13,13
Pt65_t1,KK193,lib1,Palbociclib,True,,9,9,13,13
Pt65_t1,KK193,lib1,Panobinostat,True,,9,9,13,13
Pt65_t1,KK193,lib1,Pevonedistat,True,,9,9,13,13
Pt65_t1,KK193,lib1,Regorafenib,True,,9,9,13,13
Pt65_t1,KK193,lib1,SN-38,True,,5,5,13,13
Pt65_t1,KK193,lib1,Sirolimus,True,,8,8,13,13
Pt65_t1,KK193,lib1,TAS-102,True,,9,9,13,13
Pt65_t1,KK193,lib1,Trametinib,True,,9,9,13,13
Pt65_t1,KK193,lib1,Tretinoin,True,,9,9,13,13
Pt65_t1,KK193,lib1,Vitamin C,True,,9,9,13,13
Pt65_t1,KK193,lib1,Volasertib,True,,9,9,13,13
Pt66_t1,KK191,lib1,2-methoxyestradiol,True,,9,9,13,13
Pt66_t1,KK191,lib1,5-FU,True,,9,9,13,13
Pt66_t1,KK191,lib1,AZD7762,True,,9,9,13,13
Pt66_t1,KK191,lib1,Afatinib,True,,9,9,13,13
Pt66_t1,KK191,lib1,Alisertib,True,,9,9,13,13
Pt66_t1,KK191,lib1,Atorvastatin,True,,9,9,13,13
Pt66_t1,KK191,lib1,Bemcentinib,True,,9,9,13,13
Pt66_t1,KK191,lib1,Binimetinib,True,,9,9,13,13
Pt66_t1,KK191,lib1,Cetuximab,False,fewer than four paired drug doses,2,2,13,13
Pt66_t1,KK191,lib1,Crizotinib,True,,9,9,13,13
Pt66_t1,KK191,lib1,Disulfiram+Cu,True,,5,5,13,13
Pt66_t1,KK191,lib1,Eltanexor,True,,9,9,13,13
Pt66_t1,KK191,lib1,Encorafenib,True,,9,9,13,13
Pt66_t1,KK191,lib1,Erastin,True,,8,8,13,13
Pt66_t1,KK191,lib1,Erlotinib,True,,9,9,13,13
Pt66_t1,KK191,lib1,Gedatolisib,True,,9,9,13,13
Pt66_t1,KK191,lib1,Gemcitabine,True,,9,9,13,13
Pt66_t1,KK191,lib1,Idasanutlin,True,,9,9,13,13
Pt66_t1,KK191,lib1,Ipatasertib,True,,9,9,13,13
Pt66_t1,KK191,lib1,LCL161,True,,5,5,13,13
Pt66_t1,KK191,lib1,LGK974,True,,9,9,13,13
Pt66_t1,KK191,lib1,Lapatinib,True,,9,9,13,13
Pt66_t1,KK191,lib1,Linsitinib,True,,9,9,13,13
Pt66_t1,KK191,lib1,Luminespib,True,,9,9,13,13
Pt66_t1,KK191,lib1,Methotrexate,True,,9,9,13,13
Pt66_t1,KK191,lib1,Napabucasin,True,,9,9,13,13
Pt66_t1,KK191,lib1,Navitoclax,True,,9,9,13,13
Pt66_t1,KK191,lib1,Olaparib,True,,8,8,13,13
Pt66_t1,KK191,lib1,Oxaliplatin,True,,9,9,13,13
Pt66_t1,KK191,lib1,Palbociclib,True,,9,9,13,13
Pt66_t1,KK191,lib1,Panobinostat,True,,9,9,13,13
Pt66_t1,KK191,lib1,Pevonedistat,True,,9,9,13,13
Pt66_t1,KK191,lib1,Regorafenib,True,,9,9,13,13
Pt66_t1,KK191,lib1,SN-38,True,,5,5,13,13
Pt66_t1,KK191,lib1,Sirolimus,True,,8,8,13,13
Pt66_t1,KK191,lib1,TAS-102,True,,9,9,13,13
Pt66_t1,KK191,lib1,Trametinib,True,,9,9,13,13
Pt66_t1,KK191,lib1,Tretinoin,True,,9,9,13,13
Pt66_t1,KK191,lib1,Vitamin C,True,,9,9,13,13
Pt66_t1,KK191,lib1,Volasertib,True,,9,9,13,13
Pt66_t2,KK195,lib1,2-methoxyestradiol,True,,9,9,13,13
Pt66_t2,KK195,lib1,5-FU,True,,9,9,13,13
Pt66_t2,KK195,lib1,AZD7762,True,,9,9,13,13
Pt66_t2,KK195,lib1,Afatinib,True,,9,9,13,13
Pt66_t2,KK195,lib1,Alisertib,True,,9,9,13,13
Pt66_t2,KK195,lib1,Atorvastatin,True,,9,9,13,13
Pt66_t2,KK195,lib1,Bemcentinib,True,,9,9,13,13
Pt66_t2,KK195,lib1,Binimetinib,True,,9,9,13,13
Pt66_t2,KK195,lib1,Cetuximab,False,fewer than four paired drug doses,2,2,13,13
Pt66_t2,KK195,lib1,Crizotinib,True,,9,9,13,13
Pt66_t2,KK195,lib1,Disulfiram+Cu,True,,5,5,13,13
Pt66_t2,KK195,lib1,Eltanexor,True,,9,9,13,13
Pt66_t2,KK195,lib1,Encorafenib,True,,9,9,13,13
Pt66_t2,KK195,lib1,Erastin,True,,8,8,13,13
Pt66_t2,KK195,lib1,Erlotinib,True,,9,9,13,13
Pt66_t2,KK195,lib1,Gedatolisib,True,,9,9,13,13
Pt66_t2,KK195,lib1,Gemcitabine,True,,9,9,13,13
Pt66_t2,KK195,lib1,Idasanutlin,True,,9,9,13,13
Pt66_t2,KK195,lib1,Ipatasertib,True,,9,9,13,13
Pt66_t2,KK195,lib1,LCL161,True,,5,5,13,13
Pt66_t2,KK195,lib1,LGK974,True,,9,9,13,13
Pt66_t2,KK195,lib1,Lapatinib,True,,9,9,13,13
Pt66_t2,KK195,lib1,Linsitinib,True,,9,9,13,13
Pt66_t2,KK195,lib1,Luminespib,True,,9,9,13,13
Pt66_t2,KK195,lib1,Methotrexate,True,,9,9,13,13
Pt66_t2,KK195,lib1,Napabucasin,True,,9,9,13,13
Pt66_t2,KK195,lib1,Navitoclax,True,,9,9,13,13
Pt66_t2,KK195,lib1,Olaparib,True,,8,8,13,13
Pt66_t2,KK195,lib1,Oxaliplatin,True,,9,9,13,13
Pt66_t2,KK195,lib1,Palbociclib,True,,9,9,13,13
Pt66_t2,KK195,lib1,Panobinostat,True,,9,9,13,13
Pt66_t2,KK195,lib1,Pevonedistat,True,,9,9,13,13
Pt66_t2,KK195,lib1,Regorafenib,True,,9,9,13,13
Pt66_t2,KK195,lib1,SN-38,True,,5,5,13,13
Pt66_t2,KK195,lib1,Sirolimus,True,,8,8,13,13
Pt66_t2,KK195,lib1,TAS-102,True,,9,9,13,13
Pt66_t2,KK195,lib1,Trametinib,True,,9,9,13,13
Pt66_t2,KK195,lib1,Tretinoin,True,,9,9,13,13
Pt66_t2,KK195,lib1,Vitamin C,True,,9,9,13,13
Pt66_t2,KK195,lib1,Volasertib,True,,9,9,13,13
Pt66_t3,KK196,lib1,2-methoxyestradiol,True,,9,9,13,13
Pt66_t3,KK196,lib1,5-FU,True,,9,9,13,13
Pt66_t3,KK196,lib1,AZD7762,True,,9,9,13,13
Pt66_t3,KK196,lib1,Afatinib,True,,9,9,13,13
Pt66_t3,KK196,lib1,Alisertib,True,,9,9,13,13
Pt66_t3,KK196,lib1,Atorvastatin,True,,9,9,13,13
Pt66_t3,KK196,lib1,Bemcentinib,True,,9,9,13,13
Pt66_t3,KK196,lib1,Binimetinib,True,,9,9,13,13
Pt66_t3,KK196,lib1,Cetuximab,False,fewer than four paired drug doses,2,2,13,13
Pt66_t3,KK196,lib1,Crizotinib,True,,9,9,13,13
Pt66_t3,KK196,lib1,Disulfiram+Cu,True,,5,5,13,13
Pt66_t3,KK196,lib1,Eltanexor,True,,9,9,13,13
Pt66_t3,KK196,lib1,Encorafenib,True,,9,9,13,13
Pt66_t3,KK196,lib1,Erastin,True,,8,8,13,13
Pt66_t3,KK196,lib1,Erlotinib,True,,9,9,13,13
Pt66_t3,KK196,lib1,Gedatolisib,True,,9,9,13,13
Pt66_t3,KK196,lib1,Gemcitabine,True,,9,9,13,13
Pt66_t3,KK196,lib1,Idasanutlin,True,,9,9,13,13
Pt66_t3,KK196,lib1,Ipatasertib,True,,9,9,13,13
Pt66_t3,KK196,lib1,LCL161,True,,5,5,13,13
Pt66_t3,KK196,lib1,LGK974,True,,9,9,13,13
Pt66_t3,KK196,lib1,Lapatinib,True,,9,9,13,13
Pt66_t3,KK196,lib1,Linsitinib,True,,9,9,13,13
Pt66_t3,KK196,lib1,Luminespib,True,,9,9,13,13
Pt66_t3,KK196,lib1,Methotrexate,True,,9,9,13,13
Pt66_t3,KK196,lib1,Napabucasin,True,,9,9,13,13
Pt66_t3,KK196,lib1,Navitoclax,True,,9,9,13,13
Pt66_t3,KK196,lib1,Olaparib,True,,8,8,13,13
Pt66_t3,KK196,lib1,Oxaliplatin,True,,9,9,13,13
Pt66_t3,KK196,lib1,Palbociclib,True,,9,9,13,13
Pt66_t3,KK196,lib1,Panobinostat,True,,9,9,13,13
Pt66_t3,KK196,lib1,Pevonedistat,True,,9,9,13,13
Pt66_t3,KK196,lib1,Regorafenib,True,,9,9,13,13
Pt66_t3,KK196,lib1,SN-38,True,,5,5,13,13
Pt66_t3,KK196,lib1,Sirolimus,True,,8,8,13,13
Pt66_t3,KK196,lib1,TAS-102,True,,9,9,13,13
Pt66_t3,KK196,lib1,Trametinib,True,,9,9,13,13
Pt66_t3,KK196,lib1,Tretinoin,True,,9,9,13,13
Pt66_t3,KK196,lib1,Vitamin C,True,,9,9,13,13
Pt66_t3,KK196,lib1,Volasertib,True,,9,9,13,13
Pt66_t3,KK205B,lib2,5-FU,True,,8,8,10,10
Pt66_t3,KK205B,lib2,AZD7762,True,,8,8,10,10
Pt66_t3,KK205B,lib2,Afatinib,True,,8,8,10,10
Pt66_t3,KK205B,lib2,Alectinib,True,,8,8,10,10
Pt66_t3,KK205B,lib2,Alisertib,True,,8,8,10,10
Pt66_t3,KK205B,lib2,Atorvastatin,True,,8,8,10,10
Pt66_t3,KK205B,lib2,BMS-754807,True,,8,8,10,10
Pt66_t3,KK205B,lib2,Bemcentinib,True,,8,8,10,10
Pt66_t3,KK205B,lib2,Carfilzomib,True,,8,8,10,10
Pt66_t3,KK205B,lib2,Ceralasertib,True,,8,8,10,10
Pt66_t3,KK205B,lib2,Cetuximab,True,,5,5,10,10
Pt66_t3,KK205B,lib2,Dasatinib,True,,8,8,10,10
Pt66_t3,KK205B,lib2,Encorafenib,True,,8,8,10,10
Pt66_t3,KK205B,lib2,Everolimus,True,,8,8,10,10
Pt66_t3,KK205B,lib2,Gedatolisib,True,,8,8,10,10
Pt66_t3,KK205B,lib2,Gemcitabine,True,,8,8,10,10
Pt66_t3,KK205B,lib2,Idasanutlin,True,,8,8,10,10
Pt66_t3,KK205B,lib2,Idelalisib,True,,8,8,10,10
Pt66_t3,KK205B,lib2,LCL161,True,,8,8,10,10
Pt66_t3,KK205B,lib2,LGK974,True,,8,8,10,10
Pt66_t3,KK205B,lib2,Lapatinib,True,,8,8,10,10
Pt66_t3,KK205B,lib2,Larotrectinib,True,,8,8,10,10
Pt66_t3,KK205B,lib2,Luminespib,True,,8,8,10,10
Pt66_t3,KK205B,lib2,Methotrexate,True,,8,8,10,10
Pt66_t3,KK205B,lib2,Napabucasin,True,,8,8,10,10
Pt66_t3,KK205B,lib2,Oxaliplatin,True,,8,8,10,10
Pt66_t3,KK205B,lib2,Palbociclib,True,,8,8,10,10
Pt66_t3,KK205B,lib2,Panobinostat,True,,8,8,10,10
Pt66_t3,KK205B,lib2,Pevonedistat,True,,8,8,10,10
Pt66_t3,KK205B,lib2,Regorafenib,True,,8,8,10,10
Pt66_t3,KK205B,lib2,SN-38,True,,8,8,10,10
Pt66_t3,KK205B,lib2,Savolitinib,True,,8,8,10,10
Pt66_t3,KK205B,lib2,Silmitasertib,True,,8,8,10,10
Pt66_t3,KK205B,lib2,TAS-102,True,,8,8,10,10
Pt66_t3,KK205B,lib2,Talazoparib,True,,8,8,10,10
Pt66_t3,KK205B,lib2,Trametinib,True,,8,8,10,10
Pt66_t3,KK205B,lib2,Venetoclax,True,,8,8,10,10
Pt66_t3,KK205B,lib2,Volasertib,True,,8,8,10,10
Pt67_t1,KK219,lib1,2-methoxyestradiol,True,,9,9,13,13
Pt67_t1,KK219,lib1,5-FU,True,,9,9,13,13
Pt67_t1,KK219,lib1,AZD7762,True,,9,9,13,13
Pt67_t1,KK219,lib1,Afatinib,True,,9,9,13,13
Pt67_t1,KK219,lib1,Alisertib,True,,9,9,13,13
Pt67_t1,KK219,lib1,Atorvastatin,True,,9,9,13,13
Pt67_t1,KK219,lib1,Bemcentinib,True,,9,9,13,13
Pt67_t1,KK219,lib1,Binimetinib,True,,9,9,13,13
Pt67_t1,KK219,lib1,Cetuximab,False,fewer than four paired drug doses,2,2,13,13
Pt67_t1,KK219,lib1,Crizotinib,True,,9,9,13,13
Pt67_t1,KK219,lib1,Disulfiram+Cu,True,,5,5,13,13
Pt67_t1,KK219,lib1,Eltanexor,True,,9,9,13,13
Pt67_t1,KK219,lib1,Encorafenib,True,,9,9,13,13
Pt67_t1,KK219,lib1,Erastin,True,,8,8,13,13
Pt67_t1,KK219,lib1,Erlotinib,True,,9,9,13,13
Pt67_t1,KK219,lib1,Gedatolisib,True,,9,9,13,13
Pt67_t1,KK219,lib1,Gemcitabine,True,,9,9,13,13
Pt67_t1,KK219,lib1,Idasanutlin,True,,9,9,13,13
Pt67_t1,KK219,lib1,Ipatasertib,True,,9,9,13,13
Pt67_t1,KK219,lib1,LCL161,True,,5,5,13,13
Pt67_t1,KK219,lib1,LGK974,True,,9,9,13,13
Pt67_t1,KK219,lib1,Lapatinib,True,,9,9,13,13
Pt67_t1,KK219,lib1,Linsitinib,True,,9,9,13,13
Pt67_t1,KK219,lib1,Luminespib,True,,9,9,13,13
Pt67_t1,KK219,lib1,Methotrexate,True,,9,9,13,13
Pt67_t1,KK219,lib1,Napabucasin,True,,9,9,13,13
Pt67_t1,KK219,lib1,Navitoclax,True,,9,9,13,13
Pt67_t1,KK219,lib1,Olaparib,True,,8,8,13,13
Pt67_t1,KK219,lib1,Oxaliplatin,True,,9,9,13,13
Pt67_t1,KK219,lib1,Palbociclib,True,,9,9,13,13
Pt67_t1,KK219,lib1,Panobinostat,True,,9,9,13,13
Pt67_t1,KK219,lib1,Pevonedistat,True,,9,9,13,13
Pt67_t1,KK219,lib1,Regorafenib,True,,9,9,13,13
Pt67_t1,KK219,lib1,SN-38,True,,5,5,13,13
Pt67_t1,KK219,lib1,Sirolimus,True,,8,8,13,13
Pt67_t1,KK219,lib1,TAS-102,True,,9,9,13,13
Pt67_t1,KK219,lib1,Trametinib,True,,9,9,13,13
Pt67_t1,KK219,lib1,Tretinoin,True,,9,9,13,13
Pt67_t1,KK219,lib1,Vitamin C,True,,9,9,13,13
Pt67_t1,KK219,lib1,Volasertib,True,,9,9,13,13
Pt68_t1,KK235,lib2,5-FU,True,,8,8,10,10
Pt68_t1,KK235,lib2,AZD7762,True,,8,8,10,10
Pt68_t1,KK235,lib2,Afatinib,True,,8,8,10,10
Pt68_t1,KK235,lib2,Alectinib,True,,8,8,10,10
Pt68_t1,KK235,lib2,Alisertib,True,,8,8,10,10
Pt68_t1,KK235,lib2,Atorvastatin,True,,8,8,10,10
Pt68_t1,KK235,lib2,BMS-754807,True,,8,8,10,10
Pt68_t1,KK235,lib2,Bemcentinib,True,,8,8,10,10
Pt68_t1,KK235,lib2,Carfilzomib,True,,8,8,10,10
Pt68_t1,KK235,lib2,Ceralasertib,True,,8,8,10,10
Pt68_t1,KK235,lib2,Cetuximab,True,,5,5,10,10
Pt68_t1,KK235,lib2,Dasatinib,True,,8,8,10,10
Pt68_t1,KK235,lib2,Encorafenib,True,,8,8,10,10
Pt68_t1,KK235,lib2,Everolimus,True,,8,8,10,10
Pt68_t1,KK235,lib2,Gedatolisib,True,,8,8,10,10
Pt68_t1,KK235,lib2,Gemcitabine,True,,8,8,10,10
Pt68_t1,KK235,lib2,Idasanutlin,True,,8,8,10,10
Pt68_t1,KK235,lib2,Idelalisib,True,,8,8,10,10
Pt68_t1,KK235,lib2,LCL161,True,,8,8,10,10
Pt68_t1,KK235,lib2,LGK974,True,,8,8,10,10
Pt68_t1,KK235,lib2,Lapatinib,True,,8,8,10,10
Pt68_t1,KK235,lib2,Larotrectinib,True,,8,8,10,10
Pt68_t1,KK235,lib2,Luminespib,True,,8,8,10,10
Pt68_t1,KK235,lib2,Methotrexate,True,,8,8,10,10
Pt68_t1,KK235,lib2,Napabucasin,True,,8,8,10,10
Pt68_t1,KK235,lib2,Oxaliplatin,True,,8,8,10,10
Pt68_t1,KK235,lib2,Palbociclib,True,,8,8,10,10
Pt68_t1,KK235,lib2,Panobinostat,True,,8,8,10,10
Pt68_t1,KK235,lib2,Pevonedistat,True,,8,8,10,10
Pt68_t1,KK235,lib2,Regorafenib,True,,8,8,10,10
Pt68_t1,KK235,lib2,SN-38,True,,8,8,10,10
Pt68_t1,KK235,lib2,Savolitinib,True,,8,8,10,10
Pt68_t1,KK235,lib2,Selinexor,True,,8,8,10,10
Pt68_t1,KK235,lib2,Silmitasertib,True,,8,8,10,10
Pt68_t1,KK235,lib2,Sotorasib,True,,8,8,10,10
Pt68_t1,KK235,lib2,TAS-102,True,,8,8,10,10
Pt68_t1,KK235,lib2,Talazoparib,True,,8,8,10,10
Pt68_t1,KK235,lib2,Trametinib,True,,8,8,10,10
Pt68_t1,KK235,lib2,Venetoclax,True,,8,8,10,10
Pt68_t1,KK235,lib2,Volasertib,True,,8,8,10,10
Pt68_t1,KK246,lib1,2-methoxyestradiol,True,,9,9,13,13
Pt68_t1,KK246,lib1,5-FU,True,,9,9,13,13
Pt68_t1,KK246,lib1,AZD7762,True,,9,9,13,13
Pt68_t1,KK246,lib1,Afatinib,True,,9,9,13,13
Pt68_t1,KK246,lib1,Alisertib,True,,9,9,13,13
Pt68_t1,KK246,lib1,Atorvastatin,True,,9,9,13,13
Pt68_t1,KK246,lib1,Bemcentinib,True,,9,9,13,13
Pt68_t1,KK246,lib1,Binimetinib,True,,9,9,13,13
Pt68_t1,KK246,lib1,Cetuximab,False,fewer than four paired drug doses,2,2,13,13
Pt68_t1,KK246,lib1,Crizotinib,True,,9,9,13,13
Pt68_t1,KK246,lib1,Disulfiram+Cu,True,,5,5,13,13
Pt68_t1,KK246,lib1,Eltanexor,True,,9,9,13,13
Pt68_t1,KK246,lib1,Encorafenib,True,,9,9,13,13
Pt68_t1,KK246,lib1,Erastin,True,,8,8,13,13
Pt68_t1,KK246,lib1,Erlotinib,True,,9,9,13,13
Pt68_t1,KK246,lib1,Gedatolisib,True,,9,9,13,13
Pt68_t1,KK246,lib1,Gemcitabine,True,,9,9,13,13
Pt68_t1,KK246,lib1,Idasanutlin,True,,9,9,13,13
Pt68_t1,KK246,lib1,Ipatasertib,True,,9,9,13,13
Pt68_t1,KK246,lib1,LCL161,True,,5,5,13,13
Pt68_t1,KK246,lib1,LGK974,True,,9,9,13,13
Pt68_t1,KK246,lib1,Lapatinib,True,,9,9,13,13
Pt68_t1,KK246,lib1,Linsitinib,True,,9,9,13,13
Pt68_t1,KK246,lib1,Luminespib,True,,9,9,13,13
Pt68_t1,KK246,lib1,Methotrexate,True,,9,9,13,13
Pt68_t1,KK246,lib1,Napabucasin,True,,9,9,13,13
Pt68_t1,KK246,lib1,Navitoclax,True,,9,9,13,13
Pt68_t1,KK246,lib1,Olaparib,True,,8,8,13,13
Pt68_t1,KK246,lib1,Oxaliplatin,True,,9,9,13,13
Pt68_t1,KK246,lib1,Palbociclib,True,,9,9,13,13
Pt68_t1,KK246,lib1,Panobinostat,True,,9,9,13,13
Pt68_t1,KK246,lib1,Pevonedistat,True,,9,9,13,13
Pt68_t1,KK246,lib1,Regorafenib,True,,9,9,13,13
Pt68_t1,KK246,lib1,SN-38,True,,5,5,13,13
Pt68_t1,KK246,lib1,Sirolimus,True,,8,8,13,13
Pt68_t1,KK246,lib1,TAS-102,True,,9,9,13,13
Pt68_t1,KK246,lib1,Trametinib,True,,9,9,13,13
Pt68_t1,KK246,lib1,Tretinoin,True,,9,9,13,13
Pt68_t1,KK246,lib1,Vitamin C,True,,9,9,13,13
Pt68_t1,KK246,lib1,Volasertib,True,,9,9,13,13
Pt6_t2,KK210A,lib1,2-methoxyestradiol,True,,9,9,13,13
Pt6_t2,KK210A,lib1,5-FU,True,,9,9,13,13
Pt6_t2,KK210A,lib1,AZD7762,True,,9,9,13,13
Pt6_t2,KK210A,lib1,Afatinib,True,,9,9,13,13
Pt6_t2,KK210A,lib1,Alisertib,True,,9,9,13,13
Pt6_t2,KK210A,lib1,Atorvastatin,True,,9,9,13,13
Pt6_t2,KK210A,lib1,Bemcentinib,True,,9,9,13,13
Pt6_t2,KK210A,lib1,Binimetinib,True,,9,9,13,13
Pt6_t2,KK210A,lib1,Cetuximab,False,fewer than four paired drug doses,2,2,13,13
Pt6_t2,KK210A,lib1,Crizotinib,True,,9,9,13,13
Pt6_t2,KK210A,lib1,Disulfiram+Cu,True,,5,5,13,13
Pt6_t2,KK210A,lib1,Eltanexor,True,,9,9,13,13
Pt6_t2,KK210A,lib1,Encorafenib,True,,9,9,13,13
Pt6_t2,KK210A,lib1,Erastin,True,,8,8,13,13
Pt6_t2,KK210A,lib1,Erlotinib,True,,9,9,13,13
Pt6_t2,KK210A,lib1,Gedatolisib,True,,9,9,13,13
Pt6_t2,KK210A,lib1,Gemcitabine,True,,9,9,13,13
Pt6_t2,KK210A,lib1,Idasanutlin,True,,9,9,13,13
Pt6_t2,KK210A,lib1,Ipatasertib,True,,9,9,13,13
Pt6_t2,KK210A,lib1,LCL161,True,,5,5,13,13
Pt6_t2,KK210A,lib1,LGK974,True,,9,9,13,13
Pt6_t2,KK210A,lib1,Lapatinib,True,,9,9,13,13
Pt6_t2,KK210A,lib1,Linsitinib,True,,9,9,13,13
Pt6_t2,KK210A,lib1,Luminespib,True,,9,9,13,13
Pt6_t2,KK210A,lib1,Methotrexate,True,,9,9,13,13
Pt6_t2,KK210A,lib1,Napabucasin,True,,9,9,13,13
Pt6_t2,KK210A,lib1,Navitoclax,True,,9,9,13,13
Pt6_t2,KK210A,lib1,Olaparib,True,,8,8,13,13
Pt6_t2,KK210A,lib1,Oxaliplatin,True,,9,9,13,13
Pt6_t2,KK210A,lib1,Palbociclib,True,,9,9,13,13
Pt6_t2,KK210A,lib1,Panobinostat,True,,9,9,13,13
Pt6_t2,KK210A,lib1,Pevonedistat,True,,9,9,13,13
Pt6_t2,KK210A,lib1,Regorafenib,True,,9,9,13,13
Pt6_t2,KK210A,lib1,SN-38,True,,5,5,13,13
Pt6_t2,KK210A,lib1,Sirolimus,True,,8,8,13,13
Pt6_t2,KK210A,lib1,TAS-102,True,,9,9,13,13
Pt6_t2,KK210A,lib1,Trametinib,True,,9,9,13,13
Pt6_t2,KK210A,lib1,Tretinoin,True,,9,9,13,13
Pt6_t2,KK210A,lib1,Vitamin C,True,,9,9,13,13
Pt6_t2,KK210A,lib1,Volasertib,True,,9,9,13,13
Pt6_t2,KK210B,lib2,5-FU,True,,8,8,10,10
Pt6_t2,KK210B,lib2,AZD7762,True,,8,8,10,10
Pt6_t2,KK210B,lib2,Afatinib,True,,8,8,10,10
Pt6_t2,KK210B,lib2,Alectinib,True,,8,8,10,10
Pt6_t2,KK210B,lib2,Alisertib,True,,8,8,10,10
Pt6_t2,KK210B,lib2,Atorvastatin,True,,8,8,10,10
Pt6_t2,KK210B,lib2,BMS-754807,True,,8,8,10,10
Pt6_t2,KK210B,lib2,Bemcentinib,True,,8,8,10,10
Pt6_t2,KK210B,lib2,Carfilzomib,True,,8,8,10,10
Pt6_t2,KK210B,lib2,Ceralasertib,True,,8,8,10,10
Pt6_t2,KK210B,lib2,Cetuximab,True,,5,5,10,10
Pt6_t2,KK210B,lib2,Dasatinib,True,,8,8,10,10
Pt6_t2,KK210B,lib2,Encorafenib,True,,8,8,10,10
Pt6_t2,KK210B,lib2,Everolimus,True,,8,8,10,10
Pt6_t2,KK210B,lib2,Gedatolisib,True,,8,8,10,10
Pt6_t2,KK210B,lib2,Gemcitabine,True,,8,8,10,10
Pt6_t2,KK210B,lib2,Idasanutlin,True,,8,8,10,10
Pt6_t2,KK210B,lib2,Idelalisib,True,,8,8,10,10
Pt6_t2,KK210B,lib2,LCL161,True,,8,8,10,10
Pt6_t2,KK210B,lib2,LGK974,True,,8,8,10,10
Pt6_t2,KK210B,lib2,Lapatinib,True,,8,8,10,10
Pt6_t2,KK210B,lib2,Larotrectinib,True,,8,8,10,10
Pt6_t2,KK210B,lib2,Luminespib,True,,8,8,10,10
Pt6_t2,KK210B,lib2,Methotrexate,True,,8,8,10,10
Pt6_t2,KK210B,lib2,Napabucasin,True,,8,8,10,10
Pt6_t2,KK210B,lib2,Oxaliplatin,True,,8,8,10,10
Pt6_t2,KK210B,lib2,Palbociclib,True,,8,8,10,10
Pt6_t2,KK210B,lib2,Panobinostat,True,,8,8,10,10
Pt6_t2,KK210B,lib2,Pevonedistat,True,,8,8,10,10
Pt6_t2,KK210B,lib2,Regorafenib,True,,8,8,10,10
Pt6_t2,KK210B,lib2,SN-38,True,,8,8,10,10
Pt6_t2,KK210B,lib2,Savolitinib,True,,8,8,10,10
Pt6_t2,KK210B,lib2,Silmitasertib,True,,8,8,10,10
Pt6_t2,KK210B,lib2,TAS-102,True,,8,8,10,10
Pt6_t2,KK210B,lib2,Talazoparib,True,,8,8,10,10
Pt6_t2,KK210B,lib2,Trametinib,True,,8,8,10,10
Pt6_t2,KK210B,lib2,Venetoclax,True,,8,8,10,10
Pt6_t2,KK210B,lib2,Volasertib,True,,8,8,10,10
Pt70_t1,KK217,lib1,2-methoxyestradiol,True,,9,9,13,13
Pt70_t1,KK217,lib1,5-FU,True,,9,9,13,13
Pt70_t1,KK217,lib1,AZD7762,True,,9,9,13,13
Pt70_t1,KK217,lib1,Afatinib,True,,9,9,13,13
Pt70_t1,KK217,lib1,Alisertib,True,,9,9,13,13
Pt70_t1,KK217,lib1,Atorvastatin,True,,9,9,13,13
Pt70_t1,KK217,lib1,Bemcentinib,True,,9,9,13,13
Pt70_t1,KK217,lib1,Binimetinib,True,,9,9,13,13
Pt70_t1,KK217,lib1,Cetuximab,False,fewer than four paired drug doses,2,2,13,13
Pt70_t1,KK217,lib1,Crizotinib,True,,9,9,13,13
Pt70_t1,KK217,lib1,Disulfiram+Cu,True,,5,5,13,13
Pt70_t1,KK217,lib1,Eltanexor,True,,9,9,13,13
Pt70_t1,KK217,lib1,Encorafenib,True,,9,9,13,13
Pt70_t1,KK217,lib1,Erastin,True,,8,8,13,13
Pt70_t1,KK217,lib1,Erlotinib,True,,9,9,13,13
Pt70_t1,KK217,lib1,Gedatolisib,True,,9,9,13,13
Pt70_t1,KK217,lib1,Gemcitabine,True,,9,9,13,13
Pt70_t1,KK217,lib1,Idasanutlin,True,,9,9,13,13
Pt70_t1,KK217,lib1,Ipatasertib,True,,9,9,13,13
Pt70_t1,KK217,lib1,LCL161,True,,5,5,13,13
Pt70_t1,KK217,lib1,LGK974,True,,9,9,13,13
Pt70_t1,KK217,lib1,Lapatinib,True,,9,9,13,13
Pt70_t1,KK217,lib1,Linsitinib,True,,9,9,13,13
Pt70_t1,KK217,lib1,Luminespib,True,,9,9,13,13
Pt70_t1,KK217,lib1,Methotrexate,True,,9,9,13,13
Pt70_t1,KK217,lib1,Napabucasin,True,,9,9,13,13
Pt70_t1,KK217,lib1,Navitoclax,True,,9,9,13,13
Pt70_t1,KK217,lib1,Olaparib,True,,8,8,13,13
Pt70_t1,KK217,lib1,Oxaliplatin,True,,9,9,13,13
Pt70_t1,KK217,lib1,Palbociclib,True,,9,9,13,13
Pt70_t1,KK217,lib1,Panobinostat,True,,9,9,13,13
Pt70_t1,KK217,lib1,Pevonedistat,True,,9,9,13,13
Pt70_t1,KK217,lib1,Regorafenib,True,,9,9,13,13
Pt70_t1,KK217,lib1,SN-38,True,,5,5,13,13
Pt70_t1,KK217,lib1,Sirolimus,True,,8,8,13,13
Pt70_t1,KK217,lib1,TAS-102,True,,9,9,13,13
Pt70_t1,KK217,lib1,Trametinib,True,,9,9,13,13
Pt70_t1,KK217,lib1,Tretinoin,True,,9,9,13,13
Pt70_t1,KK217,lib1,Vitamin C,True,,9,9,13,13
Pt70_t1,KK217,lib1,Volasertib,True,,9,9,13,13
Pt74_t1,KK228,lib1,2-methoxyestradiol,True,,9,9,13,13
Pt74_t1,KK228,lib1,5-FU,True,,9,9,13,13
Pt74_t1,KK228,lib1,AZD7762,True,,9,9,13,13
Pt74_t1,KK228,lib1,Afatinib,True,,9,9,13,13
Pt74_t1,KK228,lib1,Alisertib,True,,9,9,13,13
Pt74_t1,KK228,lib1,Atorvastatin,True,,9,9,13,13
Pt74_t1,KK228,lib1,Bemcentinib,True,,9,9,13,13
Pt74_t1,KK228,lib1,Binimetinib,True,,9,9,13,13
Pt74_t1,KK228,lib1,Cetuximab,False,fewer than four paired drug doses,2,2,13,13
Pt74_t1,KK228,lib1,Crizotinib,True,,9,9,13,13
Pt74_t1,KK228,lib1,Disulfiram+Cu,True,,5,5,13,13
Pt74_t1,KK228,lib1,Eltanexor,True,,9,9,13,13
Pt74_t1,KK228,lib1,Encorafenib,True,,9,9,13,13
Pt74_t1,KK228,lib1,Erastin,True,,8,8,13,13
Pt74_t1,KK228,lib1,Erlotinib,True,,9,9,13,13
Pt74_t1,KK228,lib1,Gedatolisib,True,,9,9,13,13
Pt74_t1,KK228,lib1,Gemcitabine,True,,9,9,13,13
Pt74_t1,KK228,lib1,Idasanutlin,True,,9,9,13,13
Pt74_t1,KK228,lib1,Ipatasertib,True,,9,9,13,13
Pt74_t1,KK228,lib1,LCL161,True,,5,5,13,13
Pt74_t1,KK228,lib1,LGK974,True,,9,9,13,13
Pt74_t1,KK228,lib1,Lapatinib,True,,9,9,13,13
Pt74_t1,KK228,lib1,Linsitinib,True,,9,9,13,13
Pt74_t1,KK228,lib1,Luminespib,True,,9,9,13,13
Pt74_t1,KK228,lib1,Methotrexate,True,,9,9,13,13
Pt74_t1,KK228,lib1,Napabucasin,True,,9,9,13,13
Pt74_t1,KK228,lib1,Navitoclax,True,,9,9,13,13
Pt74_t1,KK228,lib1,Olaparib,True,,8,8,13,13
Pt74_t1,KK228,lib1,Oxaliplatin,True,,9,9,13,13
Pt74_t1,KK228,lib1,Palbociclib,True,,9,9,13,13
Pt74_t1,KK228,lib1,Panobinostat,True,,9,9,13,13
Pt74_t1,KK228,lib1,Pevonedistat,True,,9,9,13,13
Pt74_t1,KK228,lib1,Regorafenib,True,,9,9,13,13
Pt74_t1,KK228,lib1,SN-38,True,,5,5,13,13
Pt74_t1,KK228,lib1,Sirolimus,True,,8,8,13,13
Pt74_t1,KK228,lib1,TAS-102,True,,9,9,13,13
Pt74_t1,KK228,lib1,Trametinib,True,,9,9,13,13
Pt74_t1,KK228,lib1,Tretinoin,True,,9,9,13,13
Pt74_t1,KK228,lib1,Vitamin C,True,,9,9,13,13
Pt74_t1,KK228,lib1,Volasertib,True,,9,9,13,13
Pt74_t2,KK211,lib1,2-methoxyestradiol,True,,9,9,13,13
Pt74_t2,KK211,lib1,5-FU,True,,9,9,13,13
Pt74_t2,KK211,lib1,AZD7762,True,,9,9,13,13
Pt74_t2,KK211,lib1,Afatinib,True,,9,9,13,13
Pt74_t2,KK211,lib1,Alisertib,True,,9,9,13,13
Pt74_t2,KK211,lib1,Atorvastatin,True,,9,9,13,13
Pt74_t2,KK211,lib1,Bemcentinib,True,,9,9,13,13
Pt74_t2,KK211,lib1,Binimetinib,True,,9,9,13,13
Pt74_t2,KK211,lib1,Cetuximab,False,fewer than four paired drug doses,2,2,13,13
Pt74_t2,KK211,lib1,Crizotinib,True,,9,9,13,13
Pt74_t2,KK211,lib1,Disulfiram+Cu,True,,5,5,13,13
Pt74_t2,KK211,lib1,Eltanexor,True,,9,9,13,13
Pt74_t2,KK211,lib1,Encorafenib,True,,9,9,13,13
Pt74_t2,KK211,lib1,Erastin,True,,8,8,13,13
Pt74_t2,KK211,lib1,Erlotinib,True,,9,9,13,13
Pt74_t2,KK211,lib1,Gedatolisib,True,,9,9,13,13
Pt74_t2,KK211,lib1,Gemcitabine,True,,9,9,13,13
Pt74_t2,KK211,lib1,Idasanutlin,True,,9,9,13,13
Pt74_t2,KK211,lib1,Ipatasertib,True,,9,9,13,13
Pt74_t2,KK211,lib1,LCL161,True,,5,5,13,13
Pt74_t2,KK211,lib1,LGK974,True,,9,9,13,13
Pt74_t2,KK211,lib1,Lapatinib,True,,9,9,13,13
Pt74_t2,KK211,lib1,Linsitinib,True,,9,9,13,13
Pt74_t2,KK211,lib1,Luminespib,True,,9,9,13,13
Pt74_t2,KK211,lib1,Methotrexate,True,,9,9,13,13
Pt74_t2,KK211,lib1,Napabucasin,True,,9,9,13,13
Pt74_t2,KK211,lib1,Navitoclax,True,,9,9,13,13
Pt74_t2,KK211,lib1,Olaparib,True,,8,8,13,13
Pt74_t2,KK211,lib1,Oxaliplatin,True,,9,9,13,13
Pt74_t2,KK211,lib1,Palbociclib,True,,9,9,13,13
Pt74_t2,KK211,lib1,Panobinostat,True,,9,9,13,13
Pt74_t2,KK211,lib1,Pevonedistat,True,,9,9,13,13
Pt74_t2,KK211,lib1,Regorafenib,True,,9,9,13,13
Pt74_t2,KK211,lib1,SN-38,True,,5,5,13,13
Pt74_t2,KK211,lib1,Sirolimus,True,,8,8,13,13
Pt74_t2,KK211,lib1,TAS-102,True,,9,9,13,13
Pt74_t2,KK211,lib1,Trametinib,True,,9,9,13,13
Pt74_t2,KK211,lib1,Tretinoin,True,,9,9,13,13
Pt74_t2,KK211,lib1,Vitamin C,True,,9,9,13,13
Pt74_t2,KK211,lib1,Volasertib,True,,9,9,13,13
Pt74_t3,KK216,lib1,2-methoxyestradiol,True,,9,9,13,13
Pt74_t3,KK216,lib1,5-FU,True,,9,9,13,13
Pt74_t3,KK216,lib1,AZD7762,True,,9,9,13,13
Pt74_t3,KK216,lib1,Afatinib,True,,9,9,13,13
Pt74_t3,KK216,lib1,Alisertib,True,,9,9,13,13
Pt74_t3,KK216,lib1,Atorvastatin,True,,9,9,13,13
Pt74_t3,KK216,lib1,Bemcentinib,True,,9,9,13,13
Pt74_t3,KK216,lib1,Binimetinib,True,,9,9,13,13
Pt74_t3,KK216,lib1,Cetuximab,False,fewer than four paired drug doses,2,2,13,13
Pt74_t3,KK216,lib1,Crizotinib,True,,9,9,13,13
Pt74_t3,KK216,lib1,Disulfiram+Cu,True,,5,5,13,13
Pt74_t3,KK216,lib1,Eltanexor,True,,9,9,13,13
Pt74_t3,KK216,lib1,Encorafenib,True,,9,9,13,13
Pt74_t3,KK216,lib1,Erastin,True,,8,8,13,13
Pt74_t3,KK216,lib1,Erlotinib,True,,9,9,13,13
Pt74_t3,KK216,lib1,Gedatolisib,True,,9,9,13,13
Pt74_t3,KK216,lib1,Gemcitabine,True,,9,9,13,13
Pt74_t3,KK216,lib1,Idasanutlin,True,,9,9,13,13
Pt74_t3,KK216,lib1,Ipatasertib,True,,9,9,13,13
Pt74_t3,KK216,lib1,LCL161,True,,5,5,13,13
Pt74_t3,KK216,lib1,LGK974,True,,9,9,13,13
Pt74_t3,KK216,lib1,Lapatinib,True,,9,9,13,13
Pt74_t3,KK216,lib1,Linsitinib,True,,9,9,13,13
Pt74_t3,KK216,lib1,Luminespib,True,,9,9,13,13
Pt74_t3,KK216,lib1,Methotrexate,True,,9,9,13,13
Pt74_t3,KK216,lib1,Napabucasin,True,,9,9,13,13
Pt74_t3,KK216,lib1,Navitoclax,True,,9,9,13,13
Pt74_t3,KK216,lib1,Olaparib,True,,8,8,13,13
Pt74_t3,KK216,lib1,Oxaliplatin,True,,9,9,13,13
Pt74_t3,KK216,lib1,Palbociclib,True,,9,9,13,13
Pt74_t3,KK216,lib1,Panobinostat,True,,9,9,13,13
Pt74_t3,KK216,lib1,Pevonedistat,True,,9,9,13,13
Pt74_t3,KK216,lib1,Regorafenib,True,,9,9,13,13
Pt74_t3,KK216,lib1,SN-38,True,,5,5,13,13
Pt74_t3,KK216,lib1,Sirolimus,True,,8,8,13,13
Pt74_t3,KK216,lib1,TAS-102,True,,9,9,13,13
Pt74_t3,KK216,lib1,Trametinib,True,,9,9,13,13
Pt74_t3,KK216,lib1,Tretinoin,True,,9,9,13,13
Pt74_t3,KK216,lib1,Vitamin C,True,,9,9,13,13
Pt74_t3,KK216,lib1,Volasertib,True,,9,9,13,13
Pt74_t4,KK218,lib1,2-methoxyestradiol,True,,9,9,13,13
Pt74_t4,KK218,lib1,5-FU,True,,9,9,13,13
Pt74_t4,KK218,lib1,AZD7762,True,,9,9,13,13
Pt74_t4,KK218,lib1,Afatinib,True,,9,9,13,13
Pt74_t4,KK218,lib1,Alisertib,True,,9,9,13,13
Pt74_t4,KK218,lib1,Atorvastatin,True,,9,9,13,13
Pt74_t4,KK218,lib1,Bemcentinib,True,,9,9,13,13
Pt74_t4,KK218,lib1,Binimetinib,True,,9,9,13,13
Pt74_t4,KK218,lib1,Cetuximab,False,fewer than four paired drug doses,2,2,13,13
Pt74_t4,KK218,lib1,Crizotinib,True,,9,9,13,13
Pt74_t4,KK218,lib1,Disulfiram+Cu,True,,5,5,13,13
Pt74_t4,KK218,lib1,Eltanexor,True,,9,9,13,13
Pt74_t4,KK218,lib1,Encorafenib,True,,9,9,13,13
Pt74_t4,KK218,lib1,Erastin,True,,8,8,13,13
Pt74_t4,KK218,lib1,Erlotinib,True,,9,9,13,13
Pt74_t4,KK218,lib1,Gedatolisib,True,,9,9,13,13
Pt74_t4,KK218,lib1,Gemcitabine,True,,9,9,13,13
Pt74_t4,KK218,lib1,Idasanutlin,True,,9,9,13,13
Pt74_t4,KK218,lib1,Ipatasertib,True,,9,9,13,13
Pt74_t4,KK218,lib1,LCL161,True,,5,5,13,13
Pt74_t4,KK218,lib1,LGK974,True,,9,9,13,13
Pt74_t4,KK218,lib1,Lapatinib,True,,9,9,13,13
Pt74_t4,KK218,lib1,Linsitinib,True,,9,9,13,13
Pt74_t4,KK218,lib1,Luminespib,True,,9,9,13,13
Pt74_t4,KK218,lib1,Methotrexate,True,,9,9,13,13
Pt74_t4,KK218,lib1,Napabucasin,True,,9,9,13,13
Pt74_t4,KK218,lib1,Navitoclax,True,,9,9,13,13
Pt74_t4,KK218,lib1,Olaparib,True,,8,8,13,13
Pt74_t4,KK218,lib1,Oxaliplatin,True,,9,9,13,13
Pt74_t4,KK218,lib1,Palbociclib,True,,9,9,13,13
Pt74_t4,KK218,lib1,Panobinostat,True,,9,9,13,13
Pt74_t4,KK218,lib1,Pevonedistat,True,,9,9,13,13
Pt74_t4,KK218,lib1,Regorafenib,True,,9,9,13,13
Pt74_t4,KK218,lib1,SN-38,True,,5,5,13,13
Pt74_t4,KK218,lib1,Sirolimus,True,,8,8,13,13
Pt74_t4,KK218,lib1,TAS-102,True,,9,9,13,13
Pt74_t4,KK218,lib1,Trametinib,True,,9,9,13,13
Pt74_t4,KK218,lib1,Tretinoin,True,,9,9,13,13
Pt74_t4,KK218,lib1,Vitamin C,True,,9,9,13,13
Pt74_t4,KK218,lib1,Volasertib,True,,9,9,13,13
Pt76_t1,KK224A,lib1,2-methoxyestradiol,True,,9,9,13,13
Pt76_t1,KK224A,lib1,5-FU,True,,9,9,13,13
Pt76_t1,KK224A,lib1,AZD7762,True,,9,9,13,13
Pt76_t1,KK224A,lib1,Afatinib,True,,9,9,13,13
Pt76_t1,KK224A,lib1,Alisertib,True,,9,9,13,13
Pt76_t1,KK224A,lib1,Atorvastatin,True,,9,9,13,13
Pt76_t1,KK224A,lib1,Bemcentinib,True,,9,9,13,13
Pt76_t1,KK224A,lib1,Binimetinib,True,,9,9,13,13
Pt76_t1,KK224A,lib1,Cetuximab,False,fewer than four paired drug doses,2,2,13,13
Pt76_t1,KK224A,lib1,Crizotinib,True,,9,9,13,13
Pt76_t1,KK224A,lib1,Disulfiram+Cu,True,,5,5,13,13
Pt76_t1,KK224A,lib1,Eltanexor,True,,9,9,13,13
Pt76_t1,KK224A,lib1,Encorafenib,True,,9,9,13,13
Pt76_t1,KK224A,lib1,Erastin,True,,8,8,13,13
Pt76_t1,KK224A,lib1,Erlotinib,True,,9,9,13,13
Pt76_t1,KK224A,lib1,Gedatolisib,True,,9,9,13,13
Pt76_t1,KK224A,lib1,Gemcitabine,True,,9,9,13,13
Pt76_t1,KK224A,lib1,Idasanutlin,True,,9,9,13,13
Pt76_t1,KK224A,lib1,Ipatasertib,True,,9,9,13,13
Pt76_t1,KK224A,lib1,LCL161,True,,5,5,13,13
Pt76_t1,KK224A,lib1,LGK974,True,,9,9,13,13
Pt76_t1,KK224A,lib1,Lapatinib,True,,9,9,13,13
Pt76_t1,KK224A,lib1,Linsitinib,True,,9,9,13,13
Pt76_t1,KK224A,lib1,Luminespib,True,,9,9,13,13
Pt76_t1,KK224A,lib1,Methotrexate,True,,9,9,13,13
Pt76_t1,KK224A,lib1,Napabucasin,True,,9,9,13,13
Pt76_t1,KK224A,lib1,Navitoclax,True,,9,9,13,13
Pt76_t1,KK224A,lib1,Olaparib,True,,8,8,13,13
Pt76_t1,KK224A,lib1,Oxaliplatin,True,,9,9,13,13
Pt76_t1,KK224A,lib1,Palbociclib,True,,9,9,13,13
Pt76_t1,KK224A,lib1,Panobinostat,True,,9,9,13,13
Pt76_t1,KK224A,lib1,Pevonedistat,True,,9,9,13,13
Pt76_t1,KK224A,lib1,Regorafenib,True,,9,9,13,13
Pt76_t1,KK224A,lib1,SN-38,True,,5,5,13,13
Pt76_t1,KK224A,lib1,Sirolimus,True,,8,8,13,13
Pt76_t1,KK224A,lib1,TAS-102,True,,9,9,13,13
Pt76_t1,KK224A,lib1,Trametinib,True,,9,9,13,13
Pt76_t1,KK224A,lib1,Tretinoin,True,,9,9,13,13
Pt76_t1,KK224A,lib1,Vitamin C,True,,9,9,13,13
Pt76_t1,KK224A,lib1,Volasertib,True,,9,9,13,13
Pt76_t1,KK224B,lib2,5-FU,True,,8,8,10,10
Pt76_t1,KK224B,lib2,AZD7762,True,,8,8,10,10
Pt76_t1,KK224B,lib2,Afatinib,True,,8,8,10,10
Pt76_t1,KK224B,lib2,Alectinib,True,,8,8,10,10
Pt76_t1,KK224B,lib2,Alisertib,True,,8,8,10,10
Pt76_t1,KK224B,lib2,Atorvastatin,True,,8,8,10,10
Pt76_t1,KK224B,lib2,BMS-754807,True,,8,8,10,10
Pt76_t1,KK224B,lib2,Bemcentinib,True,,8,8,10,10
Pt76_t1,KK224B,lib2,Carfilzomib,True,,8,8,10,10
Pt76_t1,KK224B,lib2,Ceralasertib,True,,8,8,10,10
Pt76_t1,KK224B,lib2,Cetuximab,True,,5,5,10,10
Pt76_t1,KK224B,lib2,Dasatinib,True,,8,8,10,10
Pt76_t1,KK224B,lib2,Encorafenib,True,,8,8,10,10
Pt76_t1,KK224B,lib2,Everolimus,True,,8,8,10,10
Pt76_t1,KK224B,lib2,Gedatolisib,True,,8,8,10,10
Pt76_t1,KK224B,lib2,Gemcitabine,True,,8,8,10,10
Pt76_t1,KK224B,lib2,Idasanutlin,True,,8,8,10,10
Pt76_t1,KK224B,lib2,Idelalisib,True,,8,8,10,10
Pt76_t1,KK224B,lib2,LCL161,True,,8,8,10,10
Pt76_t1,KK224B,lib2,LGK974,True,,8,8,10,10
Pt76_t1,KK224B,lib2,Lapatinib,True,,8,8,10,10
Pt76_t1,KK224B,lib2,Larotrectinib,True,,8,8,10,10
Pt76_t1,KK224B,lib2,Luminespib,True,,8,8,10,10
Pt76_t1,KK224B,lib2,Methotrexate,True,,8,8,10,10
Pt76_t1,KK224B,lib2,Napabucasin,True,,8,8,10,10
Pt76_t1,KK224B,lib2,Oxaliplatin,True,,8,8,10,10
Pt76_t1,KK224B,lib2,Palbociclib,True,,8,8,10,10
Pt76_t1,KK224B,lib2,Panobinostat,True,,8,8,10,10
Pt76_t1,KK224B,lib2,Pevonedistat,True,,8,8,10,10
Pt76_t1,KK224B,lib2,Regorafenib,True,,8,8,10,10
Pt76_t1,KK224B,lib2,SN-38,True,,8,8,10,10
Pt76_t1,KK224B,lib2,Savolitinib,True,,8,8,10,10
Pt76_t1,KK224B,lib2,Selinexor,True,,8,8,10,10
Pt76_t1,KK224B,lib2,Silmitasertib,True,,8,8,10,10
Pt76_t1,KK224B,lib2,Sotorasib,True,,8,8,10,10
Pt76_t1,KK224B,lib2,TAS-102,True,,8,8,10,10
Pt76_t1,KK224B,lib2,Talazoparib,True,,8,8,10,10
Pt76_t1,KK224B,lib2,Trametinib,True,,8,8,10,10
Pt76_t1,KK224B,lib2,Venetoclax,True,,8,8,10,10
Pt76_t1,KK224B,lib2,Volasertib,True,,8,8,10,10
Pt76_t3,KK233,lib2,5-FU,True,,8,8,10,10
Pt76_t3,KK233,lib2,AZD7762,True,,8,8,10,10
Pt76_t3,KK233,lib2,Afatinib,True,,8,8,10,10
Pt76_t3,KK233,lib2,Alectinib,True,,8,8,10,10
Pt76_t3,KK233,lib2,Alisertib,True,,8,8,10,10
Pt76_t3,KK233,lib2,Atorvastatin,True,,8,8,10,10
Pt76_t3,KK233,lib2,BMS-754807,True,,8,8,10,10
Pt76_t3,KK233,lib2,Bemcentinib,True,,8,8,10,10
Pt76_t3,KK233,lib2,Carfilzomib,True,,8,8,10,10
Pt76_t3,KK233,lib2,Ceralasertib,True,,8,8,10,10
Pt76_t3,KK233,lib2,Cetuximab,True,,5,5,10,10
Pt76_t3,KK233,lib2,Dasatinib,True,,8,8,10,10
Pt76_t3,KK233,lib2,Encorafenib,True,,8,8,10,10
Pt76_t3,KK233,lib2,Everolimus,True,,8,8,10,10
Pt76_t3,KK233,lib2,Gedatolisib,True,,8,8,10,10
Pt76_t3,KK233,lib2,Gemcitabine,True,,8,8,10,10
Pt76_t3,KK233,lib2,Idasanutlin,True,,8,8,10,10
Pt76_t3,KK233,lib2,Idelalisib,True,,8,8,10,10
Pt76_t3,KK233,lib2,LCL161,True,,8,8,10,10
Pt76_t3,KK233,lib2,LGK974,True,,8,8,10,10
Pt76_t3,KK233,lib2,Lapatinib,True,,8,8,10,10
Pt76_t3,KK233,lib2,Larotrectinib,True,,8,8,10,10
Pt76_t3,KK233,lib2,Luminespib,True,,8,8,10,10
Pt76_t3,KK233,lib2,Methotrexate,True,,8,8,10,10
Pt76_t3,KK233,lib2,Napabucasin,True,,8,8,10,10
Pt76_t3,KK233,lib2,Oxaliplatin,True,,8,8,10,10
Pt76_t3,KK233,lib2,Palbociclib,True,,8,8,10,10
Pt76_t3,KK233,lib2,Panobinostat,True,,8,8,10,10
Pt76_t3,KK233,lib2,Pevonedistat,True,,8,8,10,10
Pt76_t3,KK233,lib2,Regorafenib,True,,8,8,10,10
Pt76_t3,KK233,lib2,SN-38,True,,8,8,10,10
Pt76_t3,KK233,lib2,Savolitinib,True,,8,8,10,10
Pt76_t3,KK233,lib2,Selinexor,True,,8,8,10,10
Pt76_t3,KK233,lib2,Silmitasertib,True,,8,8,10,10
Pt76_t3,KK233,lib2,Sotorasib,True,,8,8,10,10
Pt76_t3,KK233,lib2,TAS-102,True,,8,8,10,10
Pt76_t3,KK233,lib2,Talazoparib,True,,8,8,10,10
Pt76_t3,KK233,lib2,Trametinib,True,,8,8,10,10
Pt76_t3,KK233,lib2,Venetoclax,True,,8,8,10,10
Pt76_t3,KK233,lib2,Volasertib,True,,8,8,10,10
Pt76_t3,KK250,lib1,2-methoxyestradiol,True,,9,9,13,13
Pt76_t3,KK250,lib1,5-FU,True,,9,9,13,13
Pt76_t3,KK250,lib1,AZD7762,True,,9,9,13,13
Pt76_t3,KK250,lib1,Afatinib,True,,9,9,13,13
Pt76_t3,KK250,lib1,Alisertib,True,,9,9,13,13
Pt76_t3,KK250,lib1,Atorvastatin,True,,9,9,13,13
Pt76_t3,KK250,lib1,Bemcentinib,True,,9,9,13,13
Pt76_t3,KK250,lib1,Binimetinib,True,,9,9,13,13
Pt76_t3,KK250,lib1,Cetuximab,False,fewer than four paired drug doses,2,2,13,13
Pt76_t3,KK250,lib1,Crizotinib,True,,9,9,13,13
Pt76_t3,KK250,lib1,Disulfiram+Cu,True,,5,5,13,13
Pt76_t3,KK250,lib1,Eltanexor,True,,9,9,13,13
Pt76_t3,KK250,lib1,Encorafenib,True,,9,9,13,13
Pt76_t3,KK250,lib1,Erastin,True,,8,8,13,13
Pt76_t3,KK250,lib1,Erlotinib,True,,9,9,13,13
Pt76_t3,KK250,lib1,Gedatolisib,True,,9,9,13,13
Pt76_t3,KK250,lib1,Gemcitabine,True,,9,9,13,13
Pt76_t3,KK250,lib1,Idasanutlin,True,,9,9,13,13
Pt76_t3,KK250,lib1,Ipatasertib,True,,9,9,13,13
Pt76_t3,KK250,lib1,LCL161,True,,5,5,13,13
Pt76_t3,KK250,lib1,LGK974,True,,9,9,13,13
Pt76_t3,KK250,lib1,Lapatinib,True,,9,9,13,13
Pt76_t3,KK250,lib1,Linsitinib,True,,9,9,13,13
Pt76_t3,KK250,lib1,Luminespib,True,,9,9,13,13
Pt76_t3,KK250,lib1,Methotrexate,True,,9,9,13,13
Pt76_t3,KK250,lib1,Napabucasin,True,,9,9,13,13
Pt76_t3,KK250,lib1,Navitoclax,True,,9,9,13,13
Pt76_t3,KK250,lib1,Olaparib,True,,8,8,13,13
Pt76_t3,KK250,lib1,Oxaliplatin,True,,9,9,13,13
Pt76_t3,KK250,lib1,Palbociclib,True,,9,9,13,13
Pt76_t3,KK250,lib1,Panobinostat,True,,9,9,13,13
Pt76_t3,KK250,lib1,Pevonedistat,True,,9,9,13,13
Pt76_t3,KK250,lib1,Regorafenib,True,,9,9,13,13
Pt76_t3,KK250,lib1,SN-38,True,,5,5,13,13
Pt76_t3,KK250,lib1,Sirolimus,True,,8,8,13,13
Pt76_t3,KK250,lib1,TAS-102,True,,9,9,13,13
Pt76_t3,KK250,lib1,Trametinib,True,,9,9,13,13
Pt76_t3,KK250,lib1,Tretinoin,True,,9,9,13,13
Pt76_t3,KK250,lib1,Vitamin C,True,,9,9,13,13
Pt76_t3,KK250,lib1,Volasertib,True,,9,9,13,13
Pt77_t1,KK215,lib1,2-methoxyestradiol,True,,9,9,13,13
Pt77_t1,KK215,lib1,5-FU,True,,9,9,13,13
Pt77_t1,KK215,lib1,AZD7762,True,,9,9,13,13
Pt77_t1,KK215,lib1,Afatinib,True,,9,9,13,13
Pt77_t1,KK215,lib1,Alisertib,True,,9,9,13,13
Pt77_t1,KK215,lib1,Atorvastatin,True,,9,9,13,13
Pt77_t1,KK215,lib1,Bemcentinib,True,,9,9,13,13
Pt77_t1,KK215,lib1,Binimetinib,True,,9,9,13,13
Pt77_t1,KK215,lib1,Cetuximab,False,fewer than four paired drug doses,2,2,13,13
Pt77_t1,KK215,lib1,Crizotinib,True,,9,9,13,13
Pt77_t1,KK215,lib1,Disulfiram+Cu,True,,5,5,13,13
Pt77_t1,KK215,lib1,Eltanexor,True,,9,9,13,13
Pt77_t1,KK215,lib1,Encorafenib,True,,9,9,13,13
Pt77_t1,KK215,lib1,Erastin,True,,8,8,13,13
Pt77_t1,KK215,lib1,Erlotinib,True,,9,9,13,13
Pt77_t1,KK215,lib1,Gedatolisib,True,,9,9,13,13
Pt77_t1,KK215,lib1,Gemcitabine,True,,9,9,13,13
Pt77_t1,KK215,lib1,Idasanutlin,True,,9,9,13,13
Pt77_t1,KK215,lib1,Ipatasertib,True,,9,9,13,13
Pt77_t1,KK215,lib1,LCL161,True,,5,5,13,13
Pt77_t1,KK215,lib1,LGK974,True,,9,9,13,13
Pt77_t1,KK215,lib1,Lapatinib,True,,9,9,13,13
Pt77_t1,KK215,lib1,Linsitinib,True,,9,9,13,13
Pt77_t1,KK215,lib1,Luminespib,True,,9,9,13,13
Pt77_t1,KK215,lib1,Methotrexate,True,,9,9,13,13
Pt77_t1,KK215,lib1,Napabucasin,True,,9,9,13,13
Pt77_t1,KK215,lib1,Navitoclax,True,,9,9,13,13
Pt77_t1,KK215,lib1,Olaparib,True,,8,8,13,13
Pt77_t1,KK215,lib1,Oxaliplatin,True,,9,9,13,13
Pt77_t1,KK215,lib1,Palbociclib,True,,9,9,13,13
Pt77_t1,KK215,lib1,Panobinostat,True,,9,9,13,13
Pt77_t1,KK215,lib1,Pevonedistat,True,,9,9,13,13
Pt77_t1,KK215,lib1,Regorafenib,True,,9,9,13,13
Pt77_t1,KK215,lib1,SN-38,True,,5,5,13,13
Pt77_t1,KK215,lib1,Sirolimus,True,,8,8,13,13
Pt77_t1,KK215,lib1,TAS-102,True,,9,9,13,13
Pt77_t1,KK215,lib1,Trametinib,True,,9,9,13,13
Pt77_t1,KK215,lib1,Tretinoin,True,,9,9,13,13
Pt77_t1,KK215,lib1,Vitamin C,True,,9,9,13,13
Pt77_t1,KK215,lib1,Volasertib,True,,9,9,13,13
Pt77_t2,KK213,lib1,2-methoxyestradiol,True,,9,9,13,13
Pt77_t2,KK213,lib1,5-FU,True,,9,9,13,13
Pt77_t2,KK213,lib1,AZD7762,True,,9,9,13,13
Pt77_t2,KK213,lib1,Afatinib,True,,9,9,13,13
Pt77_t2,KK213,lib1,Alisertib,True,,9,9,13,13
Pt77_t2,KK213,lib1,Atorvastatin,True,,9,9,13,13
Pt77_t2,KK213,lib1,Bemcentinib,True,,9,9,13,13
Pt77_t2,KK213,lib1,Binimetinib,True,,9,9,13,13
Pt77_t2,KK213,lib1,Cetuximab,False,fewer than four paired drug doses,2,2,13,13
Pt77_t2,KK213,lib1,Crizotinib,True,,9,9,13,13
Pt77_t2,KK213,lib1,Disulfiram+Cu,True,,5,5,13,13
Pt77_t2,KK213,lib1,Eltanexor,True,,9,9,13,13
Pt77_t2,KK213,lib1,Encorafenib,True,,9,9,13,13
Pt77_t2,KK213,lib1,Erastin,True,,8,8,13,13
Pt77_t2,KK213,lib1,Erlotinib,True,,9,9,13,13
Pt77_t2,KK213,lib1,Gedatolisib,True,,9,9,13,13
Pt77_t2,KK213,lib1,Gemcitabine,True,,9,9,13,13
Pt77_t2,KK213,lib1,Idasanutlin,True,,9,9,13,13
Pt77_t2,KK213,lib1,Ipatasertib,True,,9,9,13,13
Pt77_t2,KK213,lib1,LCL161,True,,5,5,13,13
Pt77_t2,KK213,lib1,LGK974,True,,9,9,13,13
Pt77_t2,KK213,lib1,Lapatinib,True,,9,9,13,13
Pt77_t2,KK213,lib1,Linsitinib,True,,9,9,13,13
Pt77_t2,KK213,lib1,Luminespib,True,,9,9,13,13
Pt77_t2,KK213,lib1,Methotrexate,True,,9,9,13,13
Pt77_t2,KK213,lib1,Napabucasin,True,,9,9,13,13
Pt77_t2,KK213,lib1,Navitoclax,True,,9,9,13,13
Pt77_t2,KK213,lib1,Olaparib,True,,8,8,13,13
Pt77_t2,KK213,lib1,Oxaliplatin,True,,9,9,13,13
Pt77_t2,KK213,lib1,Palbociclib,True,,9,9,13,13
Pt77_t2,KK213,lib1,Panobinostat,True,,9,9,13,13
Pt77_t2,KK213,lib1,Pevonedistat,True,,9,9,13,13
Pt77_t2,KK213,lib1,Regorafenib,True,,9,9,13,13
Pt77_t2,KK213,lib1,SN-38,True,,5,5,13,13
Pt77_t2,KK213,lib1,Sirolimus,True,,8,8,13,13
Pt77_t2,KK213,lib1,TAS-102,True,,9,9,13,13
Pt77_t2,KK213,lib1,Trametinib,True,,9,9,13,13
Pt77_t2,KK213,lib1,Tretinoin,True,,9,9,13,13
Pt77_t2,KK213,lib1,Vitamin C,True,,9,9,13,13
Pt77_t2,KK213,lib1,Volasertib,True,,9,9,13,13
Pt79_t1,KK227A,lib1,2-methoxyestradiol,True,,9,9,13,13
Pt79_t1,KK227A,lib1,5-FU,True,,9,9,13,13
Pt79_t1,KK227A,lib1,AZD7762,True,,9,9,13,13
Pt79_t1,KK227A,lib1,Afatinib,True,,9,9,13,13
Pt79_t1,KK227A,lib1,Alisertib,True,,9,9,13,13
Pt79_t1,KK227A,lib1,Atorvastatin,True,,9,9,13,13
Pt79_t1,KK227A,lib1,Bemcentinib,True,,9,9,13,13
Pt79_t1,KK227A,lib1,Binimetinib,True,,9,9,13,13
Pt79_t1,KK227A,lib1,Cetuximab,False,fewer than four paired drug doses,2,2,13,13
Pt79_t1,KK227A,lib1,Crizotinib,True,,9,9,13,13
Pt79_t1,KK227A,lib1,Disulfiram+Cu,True,,5,5,13,13
Pt79_t1,KK227A,lib1,Eltanexor,True,,9,9,13,13
Pt79_t1,KK227A,lib1,Encorafenib,True,,9,9,13,13
Pt79_t1,KK227A,lib1,Erastin,True,,8,8,13,13
Pt79_t1,KK227A,lib1,Erlotinib,True,,9,9,13,13
Pt79_t1,KK227A,lib1,Gedatolisib,True,,9,9,13,13
Pt79_t1,KK227A,lib1,Gemcitabine,True,,9,9,13,13
Pt79_t1,KK227A,lib1,Idasanutlin,True,,9,9,13,13
Pt79_t1,KK227A,lib1,Ipatasertib,True,,9,9,13,13
Pt79_t1,KK227A,lib1,LCL161,True,,5,5,13,13
Pt79_t1,KK227A,lib1,LGK974,True,,9,9,13,13
Pt79_t1,KK227A,lib1,Lapatinib,True,,9,9,13,13
Pt79_t1,KK227A,lib1,Linsitinib,True,,9,9,13,13
Pt79_t1,KK227A,lib1,Luminespib,True,,9,9,13,13
Pt79_t1,KK227A,lib1,Methotrexate,True,,9,9,13,13
Pt79_t1,KK227A,lib1,Napabucasin,True,,9,9,13,13
Pt79_t1,KK227A,lib1,Navitoclax,True,,9,9,13,13
Pt79_t1,KK227A,lib1,Olaparib,True,,8,8,13,13
Pt79_t1,KK227A,lib1,Oxaliplatin,True,,9,9,13,13
Pt79_t1,KK227A,lib1,Palbociclib,True,,9,9,13,13
Pt79_t1,KK227A,lib1,Panobinostat,True,,9,9,13,13
Pt79_t1,KK227A,lib1,Pevonedistat,True,,9,9,13,13
Pt79_t1,KK227A,lib1,Regorafenib,True,,9,9,13,13
Pt79_t1,KK227A,lib1,SN-38,True,,5,5,13,13
Pt79_t1,KK227A,lib1,Sirolimus,True,,8,8,13,13
Pt79_t1,KK227A,lib1,TAS-102,True,,9,9,13,13
Pt79_t1,KK227A,lib1,Trametinib,True,,9,9,13,13
Pt79_t1,KK227A,lib1,Tretinoin,True,,9,9,13,13
Pt79_t1,KK227A,lib1,Vitamin C,True,,9,9,13,13
Pt79_t1,KK227A,lib1,Volasertib,True,,9,9,13,13
Pt79_t1,KK227B,lib2,5-FU,True,,8,8,10,10
Pt79_t1,KK227B,lib2,AZD7762,True,,8,8,10,10
Pt79_t1,KK227B,lib2,Afatinib,True,,8,8,10,10
Pt79_t1,KK227B,lib2,Alectinib,True,,8,8,10,10
Pt79_t1,KK227B,lib2,Alisertib,True,,8,8,10,10
Pt79_t1,KK227B,lib2,Atorvastatin,True,,8,8,10,10
Pt79_t1,KK227B,lib2,BMS-754807,True,,8,8,10,10
Pt79_t1,KK227B,lib2,Bemcentinib,True,,8,8,10,10
Pt79_t1,KK227B,lib2,Carfilzomib,True,,8,8,10,10
Pt79_t1,KK227B,lib2,Ceralasertib,True,,8,8,10,10
Pt79_t1,KK227B,lib2,Cetuximab,True,,5,5,10,10
Pt79_t1,KK227B,lib2,Dasatinib,True,,8,8,10,10
Pt79_t1,KK227B,lib2,Encorafenib,True,,8,8,10,10
Pt79_t1,KK227B,lib2,Everolimus,True,,8,8,10,10
Pt79_t1,KK227B,lib2,Gedatolisib,True,,8,8,10,10
Pt79_t1,KK227B,lib2,Gemcitabine,True,,8,8,10,10
Pt79_t1,KK227B,lib2,Idasanutlin,True,,8,8,10,10
Pt79_t1,KK227B,lib2,Idelalisib,True,,8,8,10,10
Pt79_t1,KK227B,lib2,LCL161,True,,8,8,10,10
Pt79_t1,KK227B,lib2,LGK974,True,,8,8,10,10
Pt79_t1,KK227B,lib2,Lapatinib,True,,8,8,10,10
Pt79_t1,KK227B,lib2,Larotrectinib,True,,8,8,10,10
Pt79_t1,KK227B,lib2,Luminespib,True,,8,8,10,10
Pt79_t1,KK227B,lib2,Methotrexate,True,,8,8,10,10
Pt79_t1,KK227B,lib2,Napabucasin,True,,8,8,10,10
Pt79_t1,KK227B,lib2,Oxaliplatin,True,,8,8,10,10
Pt79_t1,KK227B,lib2,Palbociclib,True,,8,8,10,10
Pt79_t1,KK227B,lib2,Panobinostat,True,,8,8,10,10
Pt79_t1,KK227B,lib2,Pevonedistat,True,,8,8,10,10
Pt79_t1,KK227B,lib2,Regorafenib,True,,8,8,10,10
Pt79_t1,KK227B,lib2,SN-38,True,,8,8,10,10
Pt79_t1,KK227B,lib2,Savolitinib,True,,8,8,10,10
Pt79_t1,KK227B,lib2,Selinexor,True,,8,8,10,10
Pt79_t1,KK227B,lib2,Silmitasertib,True,,8,8,10,10
Pt79_t1,KK227B,lib2,Sotorasib,True,,8,8,10,10
Pt79_t1,KK227B,lib2,TAS-102,True,,8,8,10,10
Pt79_t1,KK227B,lib2,Talazoparib,True,,8,8,10,10
Pt79_t1,KK227B,lib2,Trametinib,True,,8,8,10,10
Pt79_t1,KK227B,lib2,Venetoclax,True,,8,8,10,10
Pt79_t1,KK227B,lib2,Volasertib,True,,8,8,10,10
Pt79_t2,KK234,lib2,5-FU,True,,8,8,10,10
Pt79_t2,KK234,lib2,AZD7762,True,,8,8,10,10
Pt79_t2,KK234,lib2,Afatinib,True,,8,8,10,10
Pt79_t2,KK234,lib2,Alectinib,True,,8,8,10,10
Pt79_t2,KK234,lib2,Alisertib,True,,8,8,10,10
Pt79_t2,KK234,lib2,Atorvastatin,True,,8,8,10,10
Pt79_t2,KK234,lib2,BMS-754807,True,,8,8,10,10
Pt79_t2,KK234,lib2,Bemcentinib,True,,8,8,10,10
Pt79_t2,KK234,lib2,Carfilzomib,True,,8,8,10,10
Pt79_t2,KK234,lib2,Ceralasertib,True,,8,8,10,10
Pt79_t2,KK234,lib2,Cetuximab,True,,5,5,10,10
Pt79_t2,KK234,lib2,Dasatinib,True,,8,8,10,10
Pt79_t2,KK234,lib2,Encorafenib,True,,8,8,10,10
Pt79_t2,KK234,lib2,Everolimus,True,,8,8,10,10
Pt79_t2,KK234,lib2,Gedatolisib,True,,8,8,10,10
Pt79_t2,KK234,lib2,Gemcitabine,True,,8,8,10,10
Pt79_t2,KK234,lib2,Idasanutlin,True,,8,8,10,10
Pt79_t2,KK234,lib2,Idelalisib,True,,8,8,10,10
Pt79_t2,KK234,lib2,LCL161,True,,8,8,10,10
Pt79_t2,KK234,lib2,LGK974,True,,8,8,10,10
Pt79_t2,KK234,lib2,Lapatinib,True,,8,8,10,10
Pt79_t2,KK234,lib2,Larotrectinib,True,,8,8,10,10
Pt79_t2,KK234,lib2,Luminespib,True,,8,8,10,10
Pt79_t2,KK234,lib2,Methotrexate,True,,8,8,10,10
Pt79_t2,KK234,lib2,Napabucasin,True,,8,8,10,10
Pt79_t2,KK234,lib2,Oxaliplatin,True,,8,8,10,10
Pt79_t2,KK234,lib2,Palbociclib,True,,8,8,10,10
Pt79_t2,KK234,lib2,Panobinostat,True,,8,8,10,10
Pt79_t2,KK234,lib2,Pevonedistat,True,,8,8,10,10
Pt79_t2,KK234,lib2,Regorafenib,True,,8,8,10,10
Pt79_t2,KK234,lib2,SN-38,True,,8,8,10,10
Pt79_t2,KK234,lib2,Savolitinib,True,,8,8,10,10
Pt79_t2,KK234,lib2,Selinexor,True,,8,8,10,10
Pt79_t2,KK234,lib2,Silmitasertib,True,,8,8,10,10
Pt79_t2,KK234,lib2,Sotorasib,True,,8,8,10,10
Pt79_t2,KK234,lib2,TAS-102,True,,8,8,10,10
Pt79_t2,KK234,lib2,Talazoparib,True,,8,8,10,10
Pt79_t2,KK234,lib2,Trametinib,True,,8,8,10,10
Pt79_t2,KK234,lib2,Venetoclax,True,,8,8,10,10
Pt79_t2,KK234,lib2,Volasertib,True,,8,8,10,10
Pt79_t2,KK248,lib1,2-methoxyestradiol,True,,9,9,13,13
Pt79_t2,KK248,lib1,5-FU,True,,9,9,13,13
Pt79_t2,KK248,lib1,AZD7762,True,,9,9,13,13
Pt79_t2,KK248,lib1,Afatinib,True,,9,9,13,13
Pt79_t2,KK248,lib1,Alisertib,True,,9,9,13,13
Pt79_t2,KK248,lib1,Atorvastatin,True,,9,9,13,13
Pt79_t2,KK248,lib1,Bemcentinib,True,,9,9,13,13
Pt79_t2,KK248,lib1,Binimetinib,True,,9,9,13,13
Pt79_t2,KK248,lib1,Cetuximab,False,fewer than four paired drug doses,2,2,13,13
Pt79_t2,KK248,lib1,Crizotinib,True,,9,9,13,13
Pt79_t2,KK248,lib1,Disulfiram+Cu,True,,5,5,13,13
Pt79_t2,KK248,lib1,Eltanexor,True,,9,9,13,13
Pt79_t2,KK248,lib1,Encorafenib,True,,9,9,13,13
Pt79_t2,KK248,lib1,Erastin,True,,8,8,13,13
Pt79_t2,KK248,lib1,Erlotinib,True,,9,9,13,13
Pt79_t2,KK248,lib1,Gedatolisib,True,,9,9,13,13
Pt79_t2,KK248,lib1,Gemcitabine,True,,9,9,13,13
Pt79_t2,KK248,lib1,Idasanutlin,True,,9,9,13,13
Pt79_t2,KK248,lib1,Ipatasertib,True,,9,9,13,13
Pt79_t2,KK248,lib1,LCL161,True,,5,5,13,13
Pt79_t2,KK248,lib1,LGK974,True,,9,9,13,13
Pt79_t2,KK248,lib1,Lapatinib,True,,9,9,13,13
Pt79_t2,KK248,lib1,Linsitinib,True,,9,9,13,13
Pt79_t2,KK248,lib1,Luminespib,True,,9,9,13,13
Pt79_t2,KK248,lib1,Methotrexate,True,,9,9,13,13
Pt79_t2,KK248,lib1,Napabucasin,True,,9,9,13,13
Pt79_t2,KK248,lib1,Navitoclax,True,,9,9,13,13
Pt79_t2,KK248,lib1,Olaparib,True,,8,8,13,13
Pt79_t2,KK248,lib1,Oxaliplatin,True,,9,9,13,13
Pt79_t2,KK248,lib1,Palbociclib,True,,9,9,13,13
Pt79_t2,KK248,lib1,Panobinostat,True,,9,9,13,13
Pt79_t2,KK248,lib1,Pevonedistat,True,,9,9,13,13
Pt79_t2,KK248,lib1,Regorafenib,True,,9,9,13,13
Pt79_t2,KK248,lib1,SN-38,True,,5,5,13,13
Pt79_t2,KK248,lib1,Sirolimus,True,,8,8,13,13
Pt79_t2,KK248,lib1,TAS-102,True,,9,9,13,13
Pt79_t2,KK248,lib1,Trametinib,True,,9,9,13,13
Pt79_t2,KK248,lib1,Tretinoin,True,,9,9,13,13
Pt79_t2,KK248,lib1,Vitamin C,True,,9,9,13,13
Pt79_t2,KK248,lib1,Volasertib,True,,9,9,13,13
Pt79_t3,KK254,lib1,2-methoxyestradiol,True,,9,9,13,13
Pt79_t3,KK254,lib1,5-FU,True,,9,9,13,13
Pt79_t3,KK254,lib1,AZD7762,True,,9,9,13,13
Pt79_t3,KK254,lib1,Afatinib,True,,9,9,13,13
Pt79_t3,KK254,lib1,Alisertib,True,,9,9,13,13
Pt79_t3,KK254,lib1,Atorvastatin,True,,9,9,13,13
Pt79_t3,KK254,lib1,Bemcentinib,True,,9,9,13,13
Pt79_t3,KK254,lib1,Binimetinib,True,,9,9,13,13
Pt79_t3,KK254,lib1,Cetuximab,False,fewer than four paired drug doses,2,2,13,13
Pt79_t3,KK254,lib1,Crizotinib,True,,9,9,13,13
Pt79_t3,KK254,lib1,Disulfiram+Cu,True,,5,5,13,13
Pt79_t3,KK254,lib1,Eltanexor,True,,9,9,13,13
Pt79_t3,KK254,lib1,Encorafenib,True,,9,9,13,13
Pt79_t3,KK254,lib1,Erastin,True,,8,8,13,13
Pt79_t3,KK254,lib1,Erlotinib,True,,9,9,13,13
Pt79_t3,KK254,lib1,Gedatolisib,True,,9,9,13,13
Pt79_t3,KK254,lib1,Gemcitabine,True,,9,9,13,13
Pt79_t3,KK254,lib1,Idasanutlin,True,,9,9,13,13
Pt79_t3,KK254,lib1,Ipatasertib,True,,9,9,13,13
Pt79_t3,KK254,lib1,LCL161,True,,5,5,13,13
Pt79_t3,KK254,lib1,LGK974,True,,9,9,13,13
Pt79_t3,KK254,lib1,Lapatinib,True,,9,9,13,13
Pt79_t3,KK254,lib1,Linsitinib,True,,9,9,13,13
Pt79_t3,KK254,lib1,Luminespib,True,,9,9,13,13
Pt79_t3,KK254,lib1,Methotrexate,True,,9,9,13,13
Pt79_t3,KK254,lib1,Napabucasin,True,,9,9,13,13
Pt79_t3,KK254,lib1,Navitoclax,True,,9,9,13,13
Pt79_t3,KK254,lib1,Olaparib,True,,8,8,13,13
Pt79_t3,KK254,lib1,Oxaliplatin,True,,9,9,13,13
Pt79_t3,KK254,lib1,Palbociclib,True,,9,9,13,13
Pt79_t3,KK254,lib1,Panobinostat,True,,9,9,13,13
Pt79_t3,KK254,lib1,Pevonedistat,True,,9,9,13,13
Pt79_t3,KK254,lib1,Regorafenib,True,,9,9,13,13
Pt79_t3,KK254,lib1,SN-38,True,,5,5,13,13
Pt79_t3,KK254,lib1,Sirolimus,True,,8,8,13,13
Pt79_t3,KK254,lib1,TAS-102,True,,9,9,13,13
Pt79_t3,KK254,lib1,Trametinib,True,,9,9,13,13
Pt79_t3,KK254,lib1,Tretinoin,True,,9,9,13,13
Pt79_t3,KK254,lib1,Vitamin C,True,,9,9,13,13
Pt79_t3,KK254,lib1,Volasertib,True,,9,9,13,13
Pt79_t4,KK236,lib2,5-FU,True,,8,8,10,10
Pt79_t4,KK236,lib2,AZD7762,True,,8,8,10,10
Pt79_t4,KK236,lib2,Afatinib,True,,8,8,10,10
Pt79_t4,KK236,lib2,Alectinib,True,,8,8,10,10
Pt79_t4,KK236,lib2,Alisertib,True,,8,8,10,10
Pt79_t4,KK236,lib2,Atorvastatin,True,,8,8,10,10
Pt79_t4,KK236,lib2,BMS-754807,True,,8,8,10,10
Pt79_t4,KK236,lib2,Bemcentinib,True,,8,8,10,10
Pt79_t4,KK236,lib2,Carfilzomib,True,,8,8,10,10
Pt79_t4,KK236,lib2,Ceralasertib,True,,8,8,10,10
Pt79_t4,KK236,lib2,Cetuximab,True,,5,5,10,10
Pt79_t4,KK236,lib2,Dasatinib,True,,8,8,10,10
Pt79_t4,KK236,lib2,Encorafenib,True,,8,8,10,10
Pt79_t4,KK236,lib2,Everolimus,True,,8,8,10,10
Pt79_t4,KK236,lib2,Gedatolisib,True,,8,8,10,10
Pt79_t4,KK236,lib2,Gemcitabine,True,,8,8,10,10
Pt79_t4,KK236,lib2,Idasanutlin,True,,8,8,10,10
Pt79_t4,KK236,lib2,Idelalisib,True,,8,8,10,10
Pt79_t4,KK236,lib2,LCL161,True,,8,8,10,10
Pt79_t4,KK236,lib2,LGK974,True,,8,8,10,10
Pt79_t4,KK236,lib2,Lapatinib,True,,8,8,10,10
Pt79_t4,KK236,lib2,Larotrectinib,True,,8,8,10,10
Pt79_t4,KK236,lib2,Luminespib,True,,8,8,10,10
Pt79_t4,KK236,lib2,Methotrexate,True,,8,8,10,10
Pt79_t4,KK236,lib2,Napabucasin,True,,8,8,10,10
Pt79_t4,KK236,lib2,Oxaliplatin,True,,8,8,10,10
Pt79_t4,KK236,lib2,Palbociclib,True,,8,8,10,10
Pt79_t4,KK236,lib2,Panobinostat,True,,8,8,10,10
Pt79_t4,KK236,lib2,Pevonedistat,True,,8,8,10,10
Pt79_t4,KK236,lib2,Regorafenib,True,,8,8,10,10
Pt79_t4,KK236,lib2,SN-38,True,,8,8,10,10
Pt79_t4,KK236,lib2,Savolitinib,True,,8,8,10,10
Pt79_t4,KK236,lib2,Selinexor,True,,8,8,10,10
Pt79_t4,KK236,lib2,Silmitasertib,True,,8,8,10,10
Pt79_t4,KK236,lib2,Sotorasib,True,,8,8,10,10
Pt79_t4,KK236,lib2,TAS-102,True,,8,8,10,10
Pt79_t4,KK236,lib2,Talazoparib,True,,8,8,10,10
Pt79_t4,KK236,lib2,Trametinib,True,,8,8,10,10
Pt79_t4,KK236,lib2,Venetoclax,True,,8,8,10,10
Pt79_t4,KK236,lib2,Volasertib,True,,8,8,10,10
Pt79_t4,KK249,lib1,2-methoxyestradiol,True,,9,9,13,13
Pt79_t4,KK249,lib1,5-FU,True,,9,9,13,13
Pt79_t4,KK249,lib1,AZD7762,True,,9,9,13,13
Pt79_t4,KK249,lib1,Afatinib,True,,9,9,13,13
Pt79_t4,KK249,lib1,Alisertib,True,,9,9,13,13
Pt79_t4,KK249,lib1,Atorvastatin,True,,9,9,13,13
Pt79_t4,KK249,lib1,Bemcentinib,True,,9,9,13,13
Pt79_t4,KK249,lib1,Binimetinib,True,,9,9,13,13
Pt79_t4,KK249,lib1,Cetuximab,False,fewer than four paired drug doses,2,2,13,13
Pt79_t4,KK249,lib1,Crizotinib,True,,9,9,13,13
Pt79_t4,KK249,lib1,Disulfiram+Cu,True,,5,5,13,13
Pt79_t4,KK249,lib1,Eltanexor,True,,9,9,13,13
Pt79_t4,KK249,lib1,Encorafenib,True,,9,9,13,13
Pt79_t4,KK249,lib1,Erastin,True,,8,8,13,13
Pt79_t4,KK249,lib1,Erlotinib,True,,9,9,13,13
Pt79_t4,KK249,lib1,Gedatolisib,True,,9,9,13,13
Pt79_t4,KK249,lib1,Gemcitabine,True,,9,9,13,13
Pt79_t4,KK249,lib1,Idasanutlin,True,,9,9,13,13
Pt79_t4,KK249,lib1,Ipatasertib,True,,9,9,13,13
Pt79_t4,KK249,lib1,LCL161,True,,5,5,13,13
Pt79_t4,KK249,lib1,LGK974,True,,9,9,13,13
Pt79_t4,KK249,lib1,Lapatinib,True,,9,9,13,13
Pt79_t4,KK249,lib1,Linsitinib,True,,9,9,13,13
Pt79_t4,KK249,lib1,Luminespib,True,,9,9,13,13
Pt79_t4,KK249,lib1,Methotrexate,True,,9,9,13,13
Pt79_t4,KK249,lib1,Napabucasin,True,,9,9,13,13
Pt79_t4,KK249,lib1,Navitoclax,True,,9,9,13,13
Pt79_t4,KK249,lib1,Olaparib,True,,8,8,13,13
Pt79_t4,KK249,lib1,Oxaliplatin,True,,9,9,13,13
Pt79_t4,KK249,lib1,Palbociclib,True,,9,9,13,13
Pt79_t4,KK249,lib1,Panobinostat,True,,9,9,13,13
Pt79_t4,KK249,lib1,Pevonedistat,True,,9,9,13,13
Pt79_t4,KK249,lib1,Regorafenib,True,,9,9,13,13
Pt79_t4,KK249,lib1,SN-38,True,,5,5,13,13
Pt79_t4,KK249,lib1,Sirolimus,True,,8,8,13,13
Pt79_t4,KK249,lib1,TAS-102,True,,9,9,13,13
Pt79_t4,KK249,lib1,Trametinib,True,,9,9,13,13
Pt79_t4,KK249,lib1,Tretinoin,True,,9,9,13,13
Pt79_t4,KK249,lib1,Vitamin C,True,,9,9,13,13
Pt79_t4,KK249,lib1,Volasertib,True,,9,9,13,13
Pt7_t1,KK118,lib1,2-methoxyestradiol,True,,9,9,13,13
Pt7_t1,KK118,lib1,5-FU,True,,9,9,13,13
Pt7_t1,KK118,lib1,AZD7762,True,,9,9,13,13
Pt7_t1,KK118,lib1,Afatinib,True,,9,9,13,13
Pt7_t1,KK118,lib1,Alisertib,True,,9,9,13,13
Pt7_t1,KK118,lib1,Atorvastatin,True,,9,9,13,13
Pt7_t1,KK118,lib1,Bemcentinib,True,,9,9,13,13
Pt7_t1,KK118,lib1,Binimetinib,True,,9,9,13,13
Pt7_t1,KK118,lib1,Cetuximab,False,fewer than four paired drug doses,2,2,13,13
Pt7_t1,KK118,lib1,Crizotinib,True,,9,9,13,13
Pt7_t1,KK118,lib1,Disulfiram+Cu,True,,5,5,13,13
Pt7_t1,KK118,lib1,Eltanexor,True,,9,9,13,13
Pt7_t1,KK118,lib1,Encorafenib,True,,9,9,13,13
Pt7_t1,KK118,lib1,Erastin,True,,8,8,13,13
Pt7_t1,KK118,lib1,Erlotinib,True,,9,9,13,13
Pt7_t1,KK118,lib1,Gedatolisib,True,,9,9,13,13
Pt7_t1,KK118,lib1,Gemcitabine,True,,9,9,13,13
Pt7_t1,KK118,lib1,Idasanutlin,True,,9,9,13,13
Pt7_t1,KK118,lib1,Ipatasertib,True,,9,9,13,13
Pt7_t1,KK118,lib1,LCL161,True,,5,5,13,13
Pt7_t1,KK118,lib1,LGK974,True,,9,9,13,13
Pt7_t1,KK118,lib1,Lapatinib,True,,9,9,13,13
Pt7_t1,KK118,lib1,Linsitinib,True,,9,9,13,13
Pt7_t1,KK118,lib1,Luminespib,True,,9,9,13,13
Pt7_t1,KK118,lib1,Methotrexate,True,,9,9,13,13
Pt7_t1,KK118,lib1,Napabucasin,True,,9,9,13,13
Pt7_t1,KK118,lib1,Navitoclax,True,,9,9,13,13
Pt7_t1,KK118,lib1,Olaparib,True,,8,8,13,13
Pt7_t1,KK118,lib1,Palbociclib,True,,9,9,13,13
Pt7_t1,KK118,lib1,Panobinostat,True,,9,9,13,13
Pt7_t1,KK118,lib1,Pevonedistat,True,,9,9,13,13
Pt7_t1,KK118,lib1,Regorafenib,True,,9,9,13,13
Pt7_t1,KK118,lib1,SN-38,True,,5,5,13,13
Pt7_t1,KK118,lib1,Sirolimus,True,,8,8,13,13
Pt7_t1,KK118,lib1,TAS-102,True,,9,9,13,13
Pt7_t1,KK118,lib1,Trametinib,True,,9,9,13,13
Pt7_t1,KK118,lib1,Tretinoin,True,,9,9,13,13
Pt7_t1,KK118,lib1,Vitamin C,True,,9,9,13,13
Pt7_t1,KK118,lib1,Volasertib,True,,9,9,13,13
Pt80_t1,KK223A,lib1,2-methoxyestradiol,True,,9,9,13,13
Pt80_t1,KK223A,lib1,5-FU,True,,9,9,13,13
Pt80_t1,KK223A,lib1,AZD7762,True,,9,9,13,13
Pt80_t1,KK223A,lib1,Afatinib,True,,9,9,13,13
Pt80_t1,KK223A,lib1,Alisertib,True,,9,9,13,13
Pt80_t1,KK223A,lib1,Atorvastatin,True,,9,9,13,13
Pt80_t1,KK223A,lib1,Bemcentinib,True,,9,9,13,13
Pt80_t1,KK223A,lib1,Binimetinib,True,,9,9,13,13
Pt80_t1,KK223A,lib1,Cetuximab,False,fewer than four paired drug doses,2,2,13,13
Pt80_t1,KK223A,lib1,Crizotinib,True,,9,9,13,13
Pt80_t1,KK223A,lib1,Disulfiram+Cu,True,,5,5,13,13
Pt80_t1,KK223A,lib1,Eltanexor,True,,9,9,13,13
Pt80_t1,KK223A,lib1,Encorafenib,True,,9,9,13,13
Pt80_t1,KK223A,lib1,Erastin,True,,8,8,13,13
Pt80_t1,KK223A,lib1,Erlotinib,True,,9,9,13,13
Pt80_t1,KK223A,lib1,Gedatolisib,True,,9,9,13,13
Pt80_t1,KK223A,lib1,Gemcitabine,True,,9,9,13,13
Pt80_t1,KK223A,lib1,Idasanutlin,True,,9,9,13,13
Pt80_t1,KK223A,lib1,Ipatasertib,True,,9,9,13,13
Pt80_t1,KK223A,lib1,LCL161,True,,5,5,13,13
Pt80_t1,KK223A,lib1,LGK974,True,,9,9,13,13
Pt80_t1,KK223A,lib1,Lapatinib,True,,9,9,13,13
Pt80_t1,KK223A,lib1,Linsitinib,True,,9,9,13,13
Pt80_t1,KK223A,lib1,Luminespib,True,,9,9,13,13
Pt80_t1,KK223A,lib1,Methotrexate,True,,9,9,13,13
Pt80_t1,KK223A,lib1,Napabucasin,True,,9,9,13,13
Pt80_t1,KK223A,lib1,Navitoclax,True,,9,9,13,13
Pt80_t1,KK223A,lib1,Olaparib,True,,8,8,13,13
Pt80_t1,KK223A,lib1,Oxaliplatin,True,,9,9,13,13
Pt80_t1,KK223A,lib1,Palbociclib,True,,9,9,13,13
Pt80_t1,KK223A,lib1,Panobinostat,True,,9,9,13,13
Pt80_t1,KK223A,lib1,Pevonedistat,True,,9,9,13,13
Pt80_t1,KK223A,lib1,Regorafenib,True,,9,9,13,13
Pt80_t1,KK223A,lib1,SN-38,True,,5,5,13,13
Pt80_t1,KK223A,lib1,Sirolimus,True,,8,8,13,13
Pt80_t1,KK223A,lib1,TAS-102,True,,9,9,13,13
Pt80_t1,KK223A,lib1,Trametinib,True,,9,9,13,13
Pt80_t1,KK223A,lib1,Tretinoin,True,,9,9,13,13
Pt80_t1,KK223A,lib1,Vitamin C,True,,9,9,13,13
Pt80_t1,KK223A,lib1,Volasertib,True,,9,9,13,13
Pt80_t1,KK223B,lib2,5-FU,True,,8,8,10,10
Pt80_t1,KK223B,lib2,AZD7762,True,,8,8,10,10
Pt80_t1,KK223B,lib2,Afatinib,True,,8,8,10,10
Pt80_t1,KK223B,lib2,Alectinib,True,,8,8,10,10
Pt80_t1,KK223B,lib2,Alisertib,True,,8,8,10,10
Pt80_t1,KK223B,lib2,Atorvastatin,True,,8,8,10,10
Pt80_t1,KK223B,lib2,BMS-754807,True,,8,8,10,10
Pt80_t1,KK223B,lib2,Bemcentinib,True,,8,8,10,10
Pt80_t1,KK223B,lib2,Carfilzomib,True,,8,8,10,10
Pt80_t1,KK223B,lib2,Ceralasertib,True,,8,8,10,10
Pt80_t1,KK223B,lib2,Cetuximab,True,,5,5,10,10
Pt80_t1,KK223B,lib2,Dasatinib,True,,8,8,10,10
Pt80_t1,KK223B,lib2,Encorafenib,True,,8,8,10,10
Pt80_t1,KK223B,lib2,Everolimus,True,,8,8,10,10
Pt80_t1,KK223B,lib2,Gedatolisib,True,,8,8,10,10
Pt80_t1,KK223B,lib2,Gemcitabine,True,,8,8,10,10
Pt80_t1,KK223B,lib2,Idasanutlin,True,,8,8,10,10
Pt80_t1,KK223B,lib2,Idelalisib,True,,8,8,10,10
Pt80_t1,KK223B,lib2,LCL161,True,,8,8,10,10
Pt80_t1,KK223B,lib2,LGK974,True,,8,8,10,10
Pt80_t1,KK223B,lib2,Lapatinib,True,,8,8,10,10
Pt80_t1,KK223B,lib2,Larotrectinib,True,,8,8,10,10
Pt80_t1,KK223B,lib2,Luminespib,True,,8,8,10,10
Pt80_t1,KK223B,lib2,Methotrexate,True,,8,8,10,10
Pt80_t1,KK223B,lib2,Napabucasin,True,,8,8,10,10
Pt80_t1,KK223B,lib2,Oxaliplatin,True,,8,8,10,10
Pt80_t1,KK223B,lib2,Palbociclib,True,,8,8,10,10
Pt80_t1,KK223B,lib2,Panobinostat,True,,8,8,10,10
Pt80_t1,KK223B,lib2,Pevonedistat,True,,8,8,10,10
Pt80_t1,KK223B,lib2,Regorafenib,True,,8,8,10,10
Pt80_t1,KK223B,lib2,SN-38,True,,8,8,10,10
Pt80_t1,KK223B,lib2,Savolitinib,True,,8,8,10,10
Pt80_t1,KK223B,lib2,Selinexor,True,,8,8,10,10
Pt80_t1,KK223B,lib2,Silmitasertib,True,,8,8,10,10
Pt80_t1,KK223B,lib2,Sotorasib,True,,8,8,10,10
Pt80_t1,KK223B,lib2,TAS-102,True,,8,8,10,10
Pt80_t1,KK223B,lib2,Talazoparib,True,,8,8,10,10
Pt80_t1,KK223B,lib2,Trametinib,True,,8,8,10,10
Pt80_t1,KK223B,lib2,Venetoclax,True,,8,8,10,10
Pt80_t1,KK223B,lib2,Volasertib,True,,8,8,10,10
Pt81_t1,KK220,lib1,2-methoxyestradiol,True,,9,9,13,13
Pt81_t1,KK220,lib1,5-FU,True,,9,9,13,13
Pt81_t1,KK220,lib1,AZD7762,True,,9,9,13,13
Pt81_t1,KK220,lib1,Afatinib,True,,9,9,13,13
Pt81_t1,KK220,lib1,Alisertib,True,,9,9,13,13
Pt81_t1,KK220,lib1,Atorvastatin,True,,9,9,13,13
Pt81_t1,KK220,lib1,Bemcentinib,True,,9,9,13,13
Pt81_t1,KK220,lib1,Binimetinib,True,,9,9,13,13
Pt81_t1,KK220,lib1,Cetuximab,False,fewer than four paired drug doses,2,2,13,13
Pt81_t1,KK220,lib1,Crizotinib,True,,9,9,13,13
Pt81_t1,KK220,lib1,Disulfiram+Cu,True,,5,5,13,13
Pt81_t1,KK220,lib1,Eltanexor,True,,9,9,13,13
Pt81_t1,KK220,lib1,Encorafenib,True,,9,9,13,13
Pt81_t1,KK220,lib1,Erastin,True,,8,8,13,13
Pt81_t1,KK220,lib1,Erlotinib,True,,9,9,13,13
Pt81_t1,KK220,lib1,Gedatolisib,True,,9,9,13,13
Pt81_t1,KK220,lib1,Gemcitabine,True,,9,9,13,13
Pt81_t1,KK220,lib1,Idasanutlin,True,,9,9,13,13
Pt81_t1,KK220,lib1,Ipatasertib,True,,9,9,13,13
Pt81_t1,KK220,lib1,LCL161,True,,5,5,13,13
Pt81_t1,KK220,lib1,LGK974,True,,9,9,13,13
Pt81_t1,KK220,lib1,Lapatinib,True,,9,9,13,13
Pt81_t1,KK220,lib1,Linsitinib,True,,9,9,13,13
Pt81_t1,KK220,lib1,Luminespib,True,,9,9,13,13
Pt81_t1,KK220,lib1,Methotrexate,True,,9,9,13,13
Pt81_t1,KK220,lib1,Napabucasin,True,,9,9,13,13
Pt81_t1,KK220,lib1,Navitoclax,True,,9,9,13,13
Pt81_t1,KK220,lib1,Olaparib,True,,8,8,13,13
Pt81_t1,KK220,lib1,Oxaliplatin,True,,9,9,13,13
Pt81_t1,KK220,lib1,Palbociclib,True,,9,9,13,13
Pt81_t1,KK220,lib1,Panobinostat,True,,9,9,13,13
Pt81_t1,KK220,lib1,Pevonedistat,True,,9,9,13,13
Pt81_t1,KK220,lib1,Regorafenib,True,,9,9,13,13
Pt81_t1,KK220,lib1,SN-38,True,,5,5,13,13
Pt81_t1,KK220,lib1,Sirolimus,True,,8,8,13,13
Pt81_t1,KK220,lib1,TAS-102,True,,9,9,13,13
Pt81_t1,KK220,lib1,Trametinib,True,,9,9,13,13
Pt81_t1,KK220,lib1,Tretinoin,True,,9,9,13,13
Pt81_t1,KK220,lib1,Vitamin C,True,,9,9,13,13
Pt81_t1,KK220,lib1,Volasertib,True,,9,9,13,13
Pt81_t2,KK214,lib1,2-methoxyestradiol,True,,9,9,13,13
Pt81_t2,KK214,lib1,5-FU,True,,9,9,13,13
Pt81_t2,KK214,lib1,AZD7762,True,,9,9,13,13
Pt81_t2,KK214,lib1,Afatinib,True,,9,9,13,13
Pt81_t2,KK214,lib1,Alisertib,True,,9,9,13,13
Pt81_t2,KK214,lib1,Atorvastatin,True,,9,9,13,13
Pt81_t2,KK214,lib1,Bemcentinib,True,,9,9,13,13
Pt81_t2,KK214,lib1,Binimetinib,True,,9,9,13,13
Pt81_t2,KK214,lib1,Cetuximab,False,fewer than four paired drug doses,2,2,13,13
Pt81_t2,KK214,lib1,Crizotinib,True,,9,9,13,13
Pt81_t2,KK214,lib1,Disulfiram+Cu,True,,5,5,13,13
Pt81_t2,KK214,lib1,Eltanexor,True,,9,9,13,13
Pt81_t2,KK214,lib1,Encorafenib,True,,9,9,13,13
Pt81_t2,KK214,lib1,Erastin,True,,8,8,13,13
Pt81_t2,KK214,lib1,Erlotinib,True,,9,9,13,13
Pt81_t2,KK214,lib1,Gedatolisib,True,,9,9,13,13
Pt81_t2,KK214,lib1,Gemcitabine,True,,9,9,13,13
Pt81_t2,KK214,lib1,Idasanutlin,True,,9,9,13,13
Pt81_t2,KK214,lib1,Ipatasertib,True,,9,9,13,13
Pt81_t2,KK214,lib1,LCL161,True,,5,5,13,13
Pt81_t2,KK214,lib1,LGK974,True,,9,9,13,13
Pt81_t2,KK214,lib1,Lapatinib,True,,9,9,13,13
Pt81_t2,KK214,lib1,Linsitinib,True,,9,9,13,13
Pt81_t2,KK214,lib1,Luminespib,True,,9,9,13,13
Pt81_t2,KK214,lib1,Methotrexate,True,,9,9,13,13
Pt81_t2,KK214,lib1,Napabucasin,True,,9,9,13,13
Pt81_t2,KK214,lib1,Navitoclax,True,,9,9,13,13
Pt81_t2,KK214,lib1,Olaparib,True,,8,8,13,13
Pt81_t2,KK214,lib1,Oxaliplatin,True,,9,9,13,13
Pt81_t2,KK214,lib1,Palbociclib,True,,9,9,13,13
Pt81_t2,KK214,lib1,Panobinostat,True,,9,9,13,13
Pt81_t2,KK214,lib1,Pevonedistat,True,,9,9,13,13
Pt81_t2,KK214,lib1,Regorafenib,True,,9,9,13,13
Pt81_t2,KK214,lib1,SN-38,True,,5,5,13,13
Pt81_t2,KK214,lib1,Sirolimus,True,,8,8,13,13
Pt81_t2,KK214,lib1,TAS-102,True,,9,9,13,13
Pt81_t2,KK214,lib1,Trametinib,True,,9,9,13,13
Pt81_t2,KK214,lib1,Tretinoin,True,,9,9,13,13
Pt81_t2,KK214,lib1,Vitamin C,True,,9,9,13,13
Pt81_t2,KK214,lib1,Volasertib,True,,9,9,13,13
Pt84_t1,KK243,lib2,5-FU,True,,8,8,10,10
Pt84_t1,KK243,lib2,AZD5991,True,,8,8,10,10
Pt84_t1,KK243,lib2,AZD7762,True,,8,8,10,10
Pt84_t1,KK243,lib2,Adavosertib,True,,8,8,10,10
Pt84_t1,KK243,lib2,Afatinib,True,,8,8,10,10
Pt84_t1,KK243,lib2,Alectinib,True,,8,8,10,10
Pt84_t1,KK243,lib2,Alisertib,True,,8,8,10,10
Pt84_t1,KK243,lib2,Atorvastatin,True,,8,8,10,10
Pt84_t1,KK243,lib2,BMS-754807,True,,8,8,10,10
Pt84_t1,KK243,lib2,Bemcentinib,True,,8,8,10,10
Pt84_t1,KK243,lib2,Carfilzomib,True,,8,8,10,10
Pt84_t1,KK243,lib2,Ceralasertib,True,,8,8,10,10
Pt84_t1,KK243,lib2,Cetuximab,True,,5,5,10,10
Pt84_t1,KK243,lib2,Dasatinib,True,,8,8,10,10
Pt84_t1,KK243,lib2,Encorafenib,True,,8,8,10,10
Pt84_t1,KK243,lib2,Everolimus,True,,8,8,10,10
Pt84_t1,KK243,lib2,Gedatolisib,True,,8,8,10,10
Pt84_t1,KK243,lib2,Gemcitabine,True,,8,8,10,10
Pt84_t1,KK243,lib2,Idasanutlin,True,,8,8,10,10
Pt84_t1,KK243,lib2,Idelalisib,True,,8,8,10,10
Pt84_t1,KK243,lib2,LCL161,True,,8,8,10,10
Pt84_t1,KK243,lib2,LGK974,True,,8,8,10,10
Pt84_t1,KK243,lib2,Lapatinib,True,,8,8,10,10
Pt84_t1,KK243,lib2,Larotrectinib,True,,8,8,10,10
Pt84_t1,KK243,lib2,Luminespib,True,,8,8,10,10
Pt84_t1,KK243,lib2,Methotrexate,True,,8,8,10,10
Pt84_t1,KK243,lib2,Napabucasin,True,,8,8,10,10
Pt84_t1,KK243,lib2,Oxaliplatin,True,,8,8,10,10
Pt84_t1,KK243,lib2,Palbociclib,True,,8,8,10,10
Pt84_t1,KK243,lib2,Panobinostat,True,,8,8,10,10
Pt84_t1,KK243,lib2,Pevonedistat,True,,8,8,10,10
Pt84_t1,KK243,lib2,Regorafenib,True,,8,8,10,10
Pt84_t1,KK243,lib2,SN-38,True,,9,9,10,10
Pt84_t1,KK243,lib2,Savolitinib,True,,8,8,10,10
Pt84_t1,KK243,lib2,Selinexor,True,,8,8,10,10
Pt84_t1,KK243,lib2,Silmitasertib,True,,8,8,10,10
Pt84_t1,KK243,lib2,Sotorasib,True,,8,8,10,10
Pt84_t1,KK243,lib2,TAS-102,True,,8,8,10,10
Pt84_t1,KK243,lib2,Talazoparib,True,,8,8,10,10
Pt84_t1,KK243,lib2,Trametinib,True,,8,8,10,10
Pt84_t1,KK243,lib2,Venetoclax,True,,8,8,10,10
Pt84_t1,KK243,lib2,Volasertib,True,,8,8,10,10
Pt85_t3,KK240,lib2,5-FU,True,,8,8,10,10
Pt85_t3,KK240,lib2,AZD5991,True,,8,8,10,10
Pt85_t3,KK240,lib2,AZD7762,True,,8,8,10,10
Pt85_t3,KK240,lib2,Adavosertib,True,,8,8,10,10
Pt85_t3,KK240,lib2,Afatinib,True,,8,8,10,10
Pt85_t3,KK240,lib2,Alectinib,True,,8,8,10,10
Pt85_t3,KK240,lib2,Alisertib,True,,8,8,10,10
Pt85_t3,KK240,lib2,Atorvastatin,True,,8,8,10,10
Pt85_t3,KK240,lib2,BMS-754807,True,,8,8,10,10
Pt85_t3,KK240,lib2,Bemcentinib,True,,8,8,10,10
Pt85_t3,KK240,lib2,Carfilzomib,True,,8,8,10,10
Pt85_t3,KK240,lib2,Ceralasertib,True,,8,8,10,10
Pt85_t3,KK240,lib2,Cetuximab,True,,5,5,10,10
Pt85_t3,KK240,lib2,Dasatinib,True,,8,8,10,10
Pt85_t3,KK240,lib2,Encorafenib,True,,8,8,10,10
Pt85_t3,KK240,lib2,Everolimus,True,,8,8,10,10
Pt85_t3,KK240,lib2,Gedatolisib,True,,8,8,10,10
Pt85_t3,KK240,lib2,Gemcitabine,True,,8,8,10,10
Pt85_t3,KK240,lib2,Idasanutlin,True,,8,8,10,10
Pt85_t3,KK240,lib2,Idelalisib,True,,8,8,10,10
Pt85_t3,KK240,lib2,LCL161,True,,8,8,10,10
Pt85_t3,KK240,lib2,LGK974,True,,8,8,10,10
Pt85_t3,KK240,lib2,Lapatinib,True,,8,8,10,10
Pt85_t3,KK240,lib2,Larotrectinib,True,,8,8,10,10
Pt85_t3,KK240,lib2,Luminespib,True,,8,8,10,10
Pt85_t3,KK240,lib2,Methotrexate,True,,8,8,10,10
Pt85_t3,KK240,lib2,Napabucasin,True,,8,8,10,10
Pt85_t3,KK240,lib2,Oxaliplatin,True,,8,8,10,10
Pt85_t3,KK240,lib2,Palbociclib,True,,8,8,10,10
Pt85_t3,KK240,lib2,Panobinostat,True,,8,8,10,10
Pt85_t3,KK240,lib2,Pevonedistat,True,,8,8,10,10
Pt85_t3,KK240,lib2,Regorafenib,True,,8,8,10,10
Pt85_t3,KK240,lib2,SN-38,True,,9,9,10,10
Pt85_t3,KK240,lib2,Savolitinib,True,,8,8,10,10
Pt85_t3,KK240,lib2,Selinexor,True,,8,8,10,10
Pt85_t3,KK240,lib2,Silmitasertib,True,,8,8,10,10
Pt85_t3,KK240,lib2,Sotorasib,True,,8,8,10,10
Pt85_t3,KK240,lib2,TAS-102,True,,8,8,10,10
Pt85_t3,KK240,lib2,Talazoparib,True,,8,8,10,10
Pt85_t3,KK240,lib2,Trametinib,True,,8,8,10,10
Pt85_t3,KK240,lib2,Venetoclax,True,,8,8,10,10
Pt85_t3,KK240,lib2,Volasertib,True,,8,8,10,10
Pt86_t3,KK251,lib2,5-FU,True,,8,8,10,10
Pt86_t3,KK251,lib2,AZD5991,True,,8,8,10,10
Pt86_t3,KK251,lib2,AZD7762,True,,8,8,10,10
Pt86_t3,KK251,lib2,Adavosertib,True,,8,8,10,10
Pt86_t3,KK251,lib2,Afatinib,True,,8,8,10,10
Pt86_t3,KK251,lib2,Alectinib,True,,8,8,10,10
Pt86_t3,KK251,lib2,Alisertib,True,,8,8,10,10
Pt86_t3,KK251,lib2,Atorvastatin,True,,8,8,10,10
Pt86_t3,KK251,lib2,BMS-754807,True,,8,8,10,10
Pt86_t3,KK251,lib2,Bemcentinib,True,,8,8,10,10
Pt86_t3,KK251,lib2,Carfilzomib,True,,8,8,10,10
Pt86_t3,KK251,lib2,Ceralasertib,True,,8,8,10,10
Pt86_t3,KK251,lib2,Cetuximab,True,,5,5,10,10
Pt86_t3,KK251,lib2,Dasatinib,True,,8,8,10,10
Pt86_t3,KK251,lib2,Encorafenib,True,,8,8,10,10
Pt86_t3,KK251,lib2,Everolimus,True,,8,8,10,10
Pt86_t3,KK251,lib2,Gedatolisib,True,,8,8,10,10
Pt86_t3,KK251,lib2,Gemcitabine,True,,8,8,10,10
Pt86_t3,KK251,lib2,Idasanutlin,True,,8,8,10,10
Pt86_t3,KK251,lib2,Idelalisib,True,,8,8,10,10
Pt86_t3,KK251,lib2,LCL161,True,,8,8,10,10
Pt86_t3,KK251,lib2,LGK974,True,,8,8,10,10
Pt86_t3,KK251,lib2,Lapatinib,True,,8,8,10,10
Pt86_t3,KK251,lib2,Larotrectinib,True,,8,8,10,10
Pt86_t3,KK251,lib2,Luminespib,True,,8,8,10,10
Pt86_t3,KK251,lib2,Methotrexate,True,,8,8,10,10
Pt86_t3,KK251,lib2,Napabucasin,True,,8,8,10,10
Pt86_t3,KK251,lib2,Oxaliplatin,True,,8,8,10,10
Pt86_t3,KK251,lib2,Palbociclib,True,,8,8,10,10
Pt86_t3,KK251,lib2,Panobinostat,True,,8,8,10,10
Pt86_t3,KK251,lib2,Pevonedistat,True,,8,8,10,10
Pt86_t3,KK251,lib2,Regorafenib,True,,8,8,10,10
Pt86_t3,KK251,lib2,SN-38,True,,9,9,10,10
Pt86_t3,KK251,lib2,Savolitinib,True,,8,8,10,10
Pt86_t3,KK251,lib2,Selinexor,True,,8,8,10,10
Pt86_t3,KK251,lib2,Silmitasertib,True,,8,8,10,10
Pt86_t3,KK251,lib2,Sotorasib,True,,8,8,10,10
Pt86_t3,KK251,lib2,TAS-102,True,,8,8,10,10
Pt86_t3,KK251,lib2,Talazoparib,True,,8,8,10,10
Pt86_t3,KK251,lib2,Trametinib,True,,8,8,10,10
Pt86_t3,KK251,lib2,Venetoclax,True,,8,8,10,10
Pt86_t3,KK251,lib2,Volasertib,True,,8,8,10,10
Pt88_t2,KK239,lib2,5-FU,True,,8,8,10,10
Pt88_t2,KK239,lib2,AZD5991,True,,8,8,10,10
Pt88_t2,KK239,lib2,AZD7762,True,,8,8,10,10
Pt88_t2,KK239,lib2,Adavosertib,True,,8,8,10,10
Pt88_t2,KK239,lib2,Afatinib,True,,8,8,10,10
Pt88_t2,KK239,lib2,Alectinib,True,,8,8,10,10
Pt88_t2,KK239,lib2,Alisertib,True,,8,8,10,10
Pt88_t2,KK239,lib2,Atorvastatin,True,,8,8,10,10
Pt88_t2,KK239,lib2,BMS-754807,True,,8,8,10,10
Pt88_t2,KK239,lib2,Bemcentinib,True,,8,8,10,10
Pt88_t2,KK239,lib2,Carfilzomib,True,,8,8,10,10
Pt88_t2,KK239,lib2,Ceralasertib,True,,8,8,10,10
Pt88_t2,KK239,lib2,Cetuximab,True,,5,5,10,10
Pt88_t2,KK239,lib2,Dasatinib,True,,8,8,10,10
Pt88_t2,KK239,lib2,Encorafenib,True,,8,8,10,10
Pt88_t2,KK239,lib2,Everolimus,True,,8,8,10,10
Pt88_t2,KK239,lib2,Gedatolisib,True,,8,8,10,10
Pt88_t2,KK239,lib2,Gemcitabine,True,,8,8,10,10
Pt88_t2,KK239,lib2,Idasanutlin,True,,8,8,10,10
Pt88_t2,KK239,lib2,Idelalisib,True,,8,8,10,10
Pt88_t2,KK239,lib2,LCL161,True,,8,8,10,10
Pt88_t2,KK239,lib2,LGK974,True,,8,8,10,10
Pt88_t2,KK239,lib2,Lapatinib,True,,8,8,10,10
Pt88_t2,KK239,lib2,Larotrectinib,True,,8,8,10,10
Pt88_t2,KK239,lib2,Luminespib,True,,8,8,10,10
Pt88_t2,KK239,lib2,Methotrexate,True,,8,8,10,10
Pt88_t2,KK239,lib2,Napabucasin,True,,8,8,10,10
Pt88_t2,KK239,lib2,Oxaliplatin,True,,8,8,10,10
Pt88_t2,KK239,lib2,Palbociclib,True,,8,8,10,10
Pt88_t2,KK239,lib2,Panobinostat,True,,8,8,10,10
Pt88_t2,KK239,lib2,Pevonedistat,True,,8,8,10,10
Pt88_t2,KK239,lib2,Regorafenib,True,,8,8,10,10
Pt88_t2,KK239,lib2,SN-38,True,,9,9,10,10
Pt88_t2,KK239,lib2,Savolitinib,True,,8,8,10,10
Pt88_t2,KK239,lib2,Selinexor,True,,8,8,10,10
Pt88_t2,KK239,lib2,Silmitasertib,True,,8,8,10,10
Pt88_t2,KK239,lib2,Sotorasib,True,,8,8,10,10
Pt88_t2,KK239,lib2,TAS-102,True,,8,8,10,10
Pt88_t2,KK239,lib2,Talazoparib,True,,8,8,10,10
Pt88_t2,KK239,lib2,Trametinib,True,,8,8,10,10
Pt88_t2,KK239,lib2,Venetoclax,True,,8,8,10,10
Pt88_t2,KK239,lib2,Volasertib,True,,8,8,10,10
Pt88_t3,KK245,lib2,5-FU,True,,8,8,10,10
Pt88_t3,KK245,lib2,AZD5991,True,,8,8,10,10
Pt88_t3,KK245,lib2,AZD7762,True,,8,8,10,10
Pt88_t3,KK245,lib2,Adavosertib,True,,8,8,10,10
Pt88_t3,KK245,lib2,Afatinib,True,,8,8,10,10
Pt88_t3,KK245,lib2,Alectinib,True,,8,8,10,10
Pt88_t3,KK245,lib2,Alisertib,True,,8,8,10,10
Pt88_t3,KK245,lib2,Atorvastatin,True,,8,8,10,10
Pt88_t3,KK245,lib2,BMS-754807,True,,8,8,10,10
Pt88_t3,KK245,lib2,Bemcentinib,True,,8,8,10,10
Pt88_t3,KK245,lib2,Carfilzomib,True,,8,8,10,10
Pt88_t3,KK245,lib2,Ceralasertib,True,,8,8,10,10
Pt88_t3,KK245,lib2,Cetuximab,True,,5,5,10,10
Pt88_t3,KK245,lib2,Dasatinib,True,,8,8,10,10
Pt88_t3,KK245,lib2,Encorafenib,True,,8,8,10,10
Pt88_t3,KK245,lib2,Everolimus,True,,8,8,10,10
Pt88_t3,KK245,lib2,Gedatolisib,True,,8,8,10,10
Pt88_t3,KK245,lib2,Gemcitabine,True,,8,8,10,10
Pt88_t3,KK245,lib2,Idasanutlin,True,,8,8,10,10
Pt88_t3,KK245,lib2,Idelalisib,True,,8,8,10,10
Pt88_t3,KK245,lib2,LCL161,True,,8,8,10,10
Pt88_t3,KK245,lib2,LGK974,True,,8,8,10,10
Pt88_t3,KK245,lib2,Lapatinib,True,,8,8,10,10
Pt88_t3,KK245,lib2,Larotrectinib,True,,8,8,10,10
Pt88_t3,KK245,lib2,Luminespib,True,,8,8,10,10
Pt88_t3,KK245,lib2,Methotrexate,True,,8,8,10,10
Pt88_t3,KK245,lib2,Napabucasin,True,,8,8,10,10
Pt88_t3,KK245,lib2,Oxaliplatin,True,,8,8,10,10
Pt88_t3,KK245,lib2,Palbociclib,True,,8,8,10,10
Pt88_t3,KK245,lib2,Panobinostat,True,,8,8,10,10
Pt88_t3,KK245,lib2,Pevonedistat,True,,8,8,10,10
Pt88_t3,KK245,lib2,Regorafenib,True,,8,8,10,10
Pt88_t3,KK245,lib2,SN-38,True,,9,9,10,10
Pt88_t3,KK245,lib2,Savolitinib,True,,8,8,10,10
Pt88_t3,KK245,lib2,Selinexor,True,,8,8,10,10
Pt88_t3,KK245,lib2,Silmitasertib,True,,8,8,10,10
Pt88_t3,KK245,lib2,Sotorasib,True,,8,8,10,10
Pt88_t3,KK245,lib2,TAS-102,True,,8,8,10,10
Pt88_t3,KK245,lib2,Talazoparib,True,,8,8,10,10
Pt88_t3,KK245,lib2,Trametinib,True,,8,8,10,10
Pt88_t3,KK245,lib2,Venetoclax,True,,8,8,10,10
Pt88_t3,KK245,lib2,Volasertib,True,,8,8,10,10
Pt89_t3,KK260,lib2,5-FU,True,,8,8,10,10
Pt89_t3,KK260,lib2,AZD5991,True,,8,8,10,10
Pt89_t3,KK260,lib2,AZD7762,True,,8,8,10,10
Pt89_t3,KK260,lib2,Adavosertib,True,,8,8,10,10
Pt89_t3,KK260,lib2,Afatinib,True,,8,8,10,10
Pt89_t3,KK260,lib2,Alectinib,True,,8,8,10,10
Pt89_t3,KK260,lib2,Alisertib,True,,8,8,10,10
Pt89_t3,KK260,lib2,Atorvastatin,True,,8,8,10,10
Pt89_t3,KK260,lib2,BMS-754807,True,,8,8,10,10
Pt89_t3,KK260,lib2,Bemcentinib,True,,8,8,10,10
Pt89_t3,KK260,lib2,Carfilzomib,True,,8,8,10,10
Pt89_t3,KK260,lib2,Ceralasertib,True,,8,8,10,10
Pt89_t3,KK260,lib2,Cetuximab,True,,5,5,10,10
Pt89_t3,KK260,lib2,Dasatinib,True,,8,8,10,10
Pt89_t3,KK260,lib2,Encorafenib,True,,8,8,10,10
Pt89_t3,KK260,lib2,Everolimus,True,,8,8,10,10
Pt89_t3,KK260,lib2,Gedatolisib,True,,8,8,10,10
Pt89_t3,KK260,lib2,Gemcitabine,True,,8,8,10,10
Pt89_t3,KK260,lib2,Idasanutlin,True,,8,8,10,10
Pt89_t3,KK260,lib2,Idelalisib,True,,8,8,10,10
Pt89_t3,KK260,lib2,LCL161,True,,8,8,10,10
Pt89_t3,KK260,lib2,LGK974,True,,8,8,10,10
Pt89_t3,KK260,lib2,Lapatinib,True,,8,8,10,10
Pt89_t3,KK260,lib2,Larotrectinib,True,,8,8,10,10
Pt89_t3,KK260,lib2,Luminespib,True,,8,8,10,10
Pt89_t3,KK260,lib2,Methotrexate,True,,8,8,10,10
Pt89_t3,KK260,lib2,Napabucasin,True,,8,8,10,10
Pt89_t3,KK260,lib2,Oxaliplatin,True,,8,8,10,10
Pt89_t3,KK260,lib2,Palbociclib,True,,8,8,10,10
Pt89_t3,KK260,lib2,Panobinostat,True,,8,8,10,10
Pt89_t3,KK260,lib2,Pevonedistat,True,,8,8,10,10
Pt89_t3,KK260,lib2,Regorafenib,True,,8,8,10,10
Pt89_t3,KK260,lib2,SN-38,True,,9,9,10,10
Pt89_t3,KK260,lib2,Savolitinib,True,,8,8,10,10
Pt89_t3,KK260,lib2,Selinexor,True,,8,8,10,10
Pt89_t3,KK260,lib2,Silmitasertib,True,,8,8,10,10
Pt89_t3,KK260,lib2,Sotorasib,True,,8,8,10,10
Pt89_t3,KK260,lib2,TAS-102,True,,8,8,10,10
Pt89_t3,KK260,lib2,Talazoparib,True,,8,8,10,10
Pt89_t3,KK260,lib2,Trametinib,True,,8,8,10,10
Pt89_t3,KK260,lib2,Venetoclax,True,,8,8,10,10
Pt89_t3,KK260,lib2,Volasertib,True,,8,8,10,10
Pt8_t1,KK95,lib1,2-methoxyestradiol,True,,9,9,13,13
Pt8_t1,KK95,lib1,5-FU,True,,9,9,13,13
Pt8_t1,KK95,lib1,AZD7762,True,,9,9,13,13
Pt8_t1,KK95,lib1,Afatinib,True,,9,9,13,13
Pt8_t1,KK95,lib1,Alisertib,True,,9,9,13,13
Pt8_t1,KK95,lib1,Atorvastatin,True,,9,9,13,13
Pt8_t1,KK95,lib1,Bemcentinib,True,,9,9,13,13
Pt8_t1,KK95,lib1,Binimetinib,True,,9,9,13,13
Pt8_t1,KK95,lib1,Cetuximab,False,fewer than four paired drug doses,2,2,13,13
Pt8_t1,KK95,lib1,Crizotinib,True,,9,9,13,13
Pt8_t1,KK95,lib1,Disulfiram+Cu,True,,5,5,13,13
Pt8_t1,KK95,lib1,Eltanexor,True,,9,9,13,13
Pt8_t1,KK95,lib1,Encorafenib,True,,9,9,13,13
Pt8_t1,KK95,lib1,Erastin,True,,8,8,13,13
Pt8_t1,KK95,lib1,Erlotinib,True,,9,9,13,13
Pt8_t1,KK95,lib1,Gedatolisib,True,,9,9,13,13
Pt8_t1,KK95,lib1,Gemcitabine,True,,9,9,13,13
Pt8_t1,KK95,lib1,Idasanutlin,True,,9,9,13,13
Pt8_t1,KK95,lib1,Ipatasertib,True,,9,9,13,13
Pt8_t1,KK95,lib1,LCL161,True,,5,5,13,13
Pt8_t1,KK95,lib1,LGK974,True,,9,9,13,13
Pt8_t1,KK95,lib1,Lapatinib,True,,9,9,13,13
Pt8_t1,KK95,lib1,Linsitinib,True,,9,9,13,13
Pt8_t1,KK95,lib1,Luminespib,True,,9,9,13,13
Pt8_t1,KK95,lib1,Methotrexate,True,,9,9,13,13
Pt8_t1,KK95,lib1,Napabucasin,True,,9,9,13,13
Pt8_t1,KK95,lib1,Navitoclax,True,,9,9,13,13
Pt8_t1,KK95,lib1,Olaparib,True,,8,8,13,13
Pt8_t1,KK95,lib1,Palbociclib,True,,9,9,13,13
Pt8_t1,KK95,lib1,Panobinostat,True,,9,9,13,13
Pt8_t1,KK95,lib1,Pevonedistat,True,,9,9,13,13
Pt8_t1,KK95,lib1,Regorafenib,True,,9,9,13,13
Pt8_t1,KK95,lib1,SN-38,True,,5,5,13,13
Pt8_t1,KK95,lib1,Sirolimus,True,,8,8,13,13
Pt8_t1,KK95,lib1,TAS-102,True,,9,9,13,13
Pt8_t1,KK95,lib1,Trametinib,True,,9,9,13,13
Pt8_t1,KK95,lib1,Tretinoin,True,,9,9,13,13
Pt8_t1,KK95,lib1,Vitamin C,True,,9,9,13,13
Pt8_t1,KK95,lib1,Volasertib,True,,9,9,13,13
Pt93_t1,KK266,lib2,5-FU,True,,8,8,10,10
Pt93_t1,KK266,lib2,AZD5991,True,,8,8,10,10
Pt93_t1,KK266,lib2,AZD7762,True,,8,8,10,10
Pt93_t1,KK266,lib2,Adavosertib,True,,8,8,10,10
Pt93_t1,KK266,lib2,Afatinib,True,,8,8,10,10
Pt93_t1,KK266,lib2,Alectinib,True,,8,8,10,10
Pt93_t1,KK266,lib2,Alisertib,True,,8,8,10,10
Pt93_t1,KK266,lib2,Atorvastatin,True,,8,8,10,10
Pt93_t1,KK266,lib2,BMS-754807,True,,8,8,10,10
Pt93_t1,KK266,lib2,Bemcentinib,True,,8,8,10,10
Pt93_t1,KK266,lib2,Carfilzomib,True,,8,8,10,10
Pt93_t1,KK266,lib2,Ceralasertib,True,,8,8,10,10
Pt93_t1,KK266,lib2,Cetuximab,True,,5,5,10,10
Pt93_t1,KK266,lib2,Dasatinib,True,,8,8,10,10
Pt93_t1,KK266,lib2,Encorafenib,True,,8,8,10,10
Pt93_t1,KK266,lib2,Everolimus,True,,8,8,10,10
Pt93_t1,KK266,lib2,Gedatolisib,True,,8,8,10,10
Pt93_t1,KK266,lib2,Gemcitabine,True,,8,8,10,10
Pt93_t1,KK266,lib2,Idasanutlin,True,,8,8,10,10
Pt93_t1,KK266,lib2,Idelalisib,True,,8,8,10,10
Pt93_t1,KK266,lib2,LCL161,True,,8,8,10,10
Pt93_t1,KK266,lib2,LGK974,True,,8,8,10,10
Pt93_t1,KK266,lib2,Lapatinib,True,,8,8,10,10
Pt93_t1,KK266,lib2,Larotrectinib,True,,8,8,10,10
Pt93_t1,KK266,lib2,Luminespib,True,,8,8,10,10
Pt93_t1,KK266,lib2,Methotrexate,True,,8,8,10,10
Pt93_t1,KK266,lib2,Napabucasin,True,,8,8,10,10
Pt93_t1,KK266,lib2,Oxaliplatin,True,,8,8,10,10
Pt93_t1,KK266,lib2,Palbociclib,True,,8,8,10,10
Pt93_t1,KK266,lib2,Panobinostat,True,,8,8,10,10
Pt93_t1,KK266,lib2,Pevonedistat,True,,8,8,10,10
Pt93_t1,KK266,lib2,Regorafenib,True,,8,8,10,10
Pt93_t1,KK266,lib2,SN-38,True,,9,9,10,10
Pt93_t1,KK266,lib2,Savolitinib,True,,8,8,10,10
Pt93_t1,KK266,lib2,Selinexor,True,,8,8,10,10
Pt93_t1,KK266,lib2,Silmitasertib,True,,8,8,10,10
Pt93_t1,KK266,lib2,Sotorasib,True,,8,8,10,10
Pt93_t1,KK266,lib2,TAS-102,True,,8,8,10,10
Pt93_t1,KK266,lib2,Talazoparib,True,,8,8,10,10
Pt93_t1,KK266,lib2,Trametinib,True,,8,8,10,10
Pt93_t1,KK266,lib2,Venetoclax,True,,8,8,10,10
Pt93_t1,KK266,lib2,Volasertib,True,,8,8,10,10
Pt93_t2,KK258,lib2,5-FU,True,,8,8,10,10
Pt93_t2,KK258,lib2,AZD5991,True,,8,8,10,10
Pt93_t2,KK258,lib2,AZD7762,True,,8,8,10,10
Pt93_t2,KK258,lib2,Adavosertib,True,,8,8,10,10
Pt93_t2,KK258,lib2,Afatinib,True,,8,8,10,10
Pt93_t2,KK258,lib2,Alectinib,True,,8,8,10,10
Pt93_t2,KK258,lib2,Alisertib,True,,8,8,10,10
Pt93_t2,KK258,lib2,Atorvastatin,True,,8,8,10,10
Pt93_t2,KK258,lib2,BMS-754807,True,,8,8,10,10
Pt93_t2,KK258,lib2,Bemcentinib,True,,8,8,10,10
Pt93_t2,KK258,lib2,Carfilzomib,True,,8,8,10,10
Pt93_t2,KK258,lib2,Ceralasertib,True,,8,8,10,10
Pt93_t2,KK258,lib2,Cetuximab,True,,5,5,10,10
Pt93_t2,KK258,lib2,Dasatinib,True,,8,8,10,10
Pt93_t2,KK258,lib2,Encorafenib,True,,8,8,10,10
Pt93_t2,KK258,lib2,Everolimus,True,,8,8,10,10
Pt93_t2,KK258,lib2,Gedatolisib,True,,8,8,10,10
Pt93_t2,KK258,lib2,Gemcitabine,True,,8,8,10,10
Pt93_t2,KK258,lib2,Idasanutlin,True,,8,8,10,10
Pt93_t2,KK258,lib2,Idelalisib,True,,8,8,10,10
Pt93_t2,KK258,lib2,LCL161,True,,8,8,10,10
Pt93_t2,KK258,lib2,LGK974,True,,8,8,10,10
Pt93_t2,KK258,lib2,Lapatinib,True,,8,8,10,10
Pt93_t2,KK258,lib2,Larotrectinib,True,,8,8,10,10
Pt93_t2,KK258,lib2,Luminespib,True,,8,8,10,10
Pt93_t2,KK258,lib2,Methotrexate,True,,8,8,10,10
Pt93_t2,KK258,lib2,Napabucasin,True,,8,8,10,10
Pt93_t2,KK258,lib2,Oxaliplatin,True,,8,8,10,10
Pt93_t2,KK258,lib2,Palbociclib,True,,8,8,10,10
Pt93_t2,KK258,lib2,Panobinostat,True,,8,8,10,10
Pt93_t2,KK258,lib2,Pevonedistat,True,,8,8,10,10
Pt93_t2,KK258,lib2,Regorafenib,True,,8,8,10,10
Pt93_t2,KK258,lib2,SN-38,True,,9,9,10,10
Pt93_t2,KK258,lib2,Savolitinib,True,,8,8,10,10
Pt93_t2,KK258,lib2,Selinexor,True,,8,8,10,10
Pt93_t2,KK258,lib2,Silmitasertib,True,,8,8,10,10
Pt93_t2,KK258,lib2,Sotorasib,True,,8,8,10,10
Pt93_t2,KK258,lib2,TAS-102,True,,8,8,10,10
Pt93_t2,KK258,lib2,Talazoparib,True,,8,8,10,10
Pt93_t2,KK258,lib2,Trametinib,True,,8,8,10,10
Pt93_t2,KK258,lib2,Venetoclax,True,,8,8,10,10
Pt93_t2,KK258,lib2,Volasertib,True,,8,8,10,10
Pt93_t3,KK255,lib2,5-FU,True,,8,8,10,10
Pt93_t3,KK255,lib2,AZD5991,True,,8,8,10,10
Pt93_t3,KK255,lib2,AZD7762,True,,8,8,10,10
Pt93_t3,KK255,lib2,Adavosertib,True,,8,8,10,10
Pt93_t3,KK255,lib2,Afatinib,True,,8,8,10,10
Pt93_t3,KK255,lib2,Alectinib,True,,8,8,10,10
Pt93_t3,KK255,lib2,Alisertib,True,,8,8,10,10
Pt93_t3,KK255,lib2,Atorvastatin,True,,8,8,10,10
Pt93_t3,KK255,lib2,BMS-754807,True,,8,8,10,10
Pt93_t3,KK255,lib2,Bemcentinib,True,,8,8,10,10
Pt93_t3,KK255,lib2,Carfilzomib,True,,8,8,10,10
Pt93_t3,KK255,lib2,Ceralasertib,True,,8,8,10,10
Pt93_t3,KK255,lib2,Cetuximab,True,,5,5,10,10
Pt93_t3,KK255,lib2,Dasatinib,True,,8,8,10,10
Pt93_t3,KK255,lib2,Encorafenib,True,,8,8,10,10
Pt93_t3,KK255,lib2,Everolimus,True,,8,8,10,10
Pt93_t3,KK255,lib2,Gedatolisib,True,,8,8,10,10
Pt93_t3,KK255,lib2,Gemcitabine,True,,8,8,10,10
Pt93_t3,KK255,lib2,Idasanutlin,True,,8,8,10,10
Pt93_t3,KK255,lib2,Idelalisib,True,,8,8,10,10
Pt93_t3,KK255,lib2,LCL161,True,,8,8,10,10
Pt93_t3,KK255,lib2,LGK974,True,,8,8,10,10
Pt93_t3,KK255,lib2,Lapatinib,True,,8,8,10,10
Pt93_t3,KK255,lib2,Larotrectinib,True,,8,8,10,10
Pt93_t3,KK255,lib2,Luminespib,True,,8,8,10,10
Pt93_t3,KK255,lib2,Methotrexate,True,,8,8,10,10
Pt93_t3,KK255,lib2,Napabucasin,True,,8,8,10,10
Pt93_t3,KK255,lib2,Oxaliplatin,True,,8,8,10,10
Pt93_t3,KK255,lib2,Palbociclib,True,,8,8,10,10
Pt93_t3,KK255,lib2,Panobinostat,True,,8,8,10,10
Pt93_t3,KK255,lib2,Pevonedistat,True,,8,8,10,10
Pt93_t3,KK255,lib2,Regorafenib,True,,8,8,10,10
Pt93_t3,KK255,lib2,SN-38,True,,9,9,10,10
Pt93_t3,KK255,lib2,Savolitinib,True,,8,8,10,10
Pt93_t3,KK255,lib2,Selinexor,True,,8,8,10,10
Pt93_t3,KK255,lib2,Silmitasertib,True,,8,8,10,10
Pt93_t3,KK255,lib2,Sotorasib,True,,8,8,10,10
Pt93_t3,KK255,lib2,TAS-102,True,,8,8,10,10
Pt93_t3,KK255,lib2,Talazoparib,True,,8,8,10,10
Pt93_t3,KK255,lib2,Trametinib,True,,8,8,10,10
Pt93_t3,KK255,lib2,Venetoclax,True,,8,8,10,10
Pt93_t3,KK255,lib2,Volasertib,True,,8,8,10,10
Pt93_t4,KK253,lib2,5-FU,True,,8,8,10,10
Pt93_t4,KK253,lib2,AZD5991,True,,8,8,10,10
Pt93_t4,KK253,lib2,AZD7762,True,,8,8,10,10
Pt93_t4,KK253,lib2,Adavosertib,True,,8,8,10,10
Pt93_t4,KK253,lib2,Afatinib,True,,8,8,10,10
Pt93_t4,KK253,lib2,Alectinib,True,,8,8,10,10
Pt93_t4,KK253,lib2,Alisertib,True,,8,8,10,10
Pt93_t4,KK253,lib2,Atorvastatin,True,,8,8,10,10
Pt93_t4,KK253,lib2,BMS-754807,True,,8,8,10,10
Pt93_t4,KK253,lib2,Bemcentinib,True,,8,8,10,10
Pt93_t4,KK253,lib2,Carfilzomib,True,,8,8,10,10
Pt93_t4,KK253,lib2,Ceralasertib,True,,8,8,10,10
Pt93_t4,KK253,lib2,Cetuximab,True,,5,5,10,10
Pt93_t4,KK253,lib2,Dasatinib,True,,8,8,10,10
Pt93_t4,KK253,lib2,Encorafenib,True,,8,8,10,10
Pt93_t4,KK253,lib2,Everolimus,True,,8,8,10,10
Pt93_t4,KK253,lib2,Gedatolisib,True,,8,8,10,10
Pt93_t4,KK253,lib2,Gemcitabine,True,,8,8,10,10
Pt93_t4,KK253,lib2,Idasanutlin,True,,8,8,10,10
Pt93_t4,KK253,lib2,Idelalisib,True,,8,8,10,10
Pt93_t4,KK253,lib2,LCL161,True,,8,8,10,10
Pt93_t4,KK253,lib2,LGK974,True,,8,8,10,10
Pt93_t4,KK253,lib2,Lapatinib,True,,8,8,10,10
Pt93_t4,KK253,lib2,Larotrectinib,True,,8,8,10,10
Pt93_t4,KK253,lib2,Luminespib,True,,8,8,10,10
Pt93_t4,KK253,lib2,Methotrexate,True,,8,8,10,10
Pt93_t4,KK253,lib2,Napabucasin,True,,8,8,10,10
Pt93_t4,KK253,lib2,Oxaliplatin,True,,8,8,10,10
Pt93_t4,KK253,lib2,Palbociclib,True,,8,8,10,10
Pt93_t4,KK253,lib2,Panobinostat,True,,8,8,10,10
Pt93_t4,KK253,lib2,Pevonedistat,True,,8,8,10,10
Pt93_t4,KK253,lib2,Regorafenib,True,,8,8,10,10
Pt93_t4,KK253,lib2,SN-38,True,,9,9,10,10
Pt93_t4,KK253,lib2,Savolitinib,True,,8,8,10,10
Pt93_t4,KK253,lib2,Selinexor,True,,8,8,10,10
Pt93_t4,KK253,lib2,Silmitasertib,True,,8,8,10,10
Pt93_t4,KK253,lib2,Sotorasib,True,,8,8,10,10
Pt93_t4,KK253,lib2,TAS-102,True,,8,8,10,10
Pt93_t4,KK253,lib2,Talazoparib,True,,8,8,10,10
Pt93_t4,KK253,lib2,Trametinib,True,,8,8,10,10
Pt93_t4,KK253,lib2,Venetoclax,True,,8,8,10,10
Pt93_t4,KK253,lib2,Volasertib,True,,8,8,10,10
Pt93_t6,KK252,lib2,5-FU,True,,8,8,10,10
Pt93_t6,KK252,lib2,AZD5991,True,,8,8,10,10
Pt93_t6,KK252,lib2,AZD7762,True,,8,8,10,10
Pt93_t6,KK252,lib2,Adavosertib,True,,8,8,10,10
Pt93_t6,KK252,lib2,Afatinib,True,,8,8,10,10
Pt93_t6,KK252,lib2,Alectinib,True,,8,8,10,10
Pt93_t6,KK252,lib2,Alisertib,True,,8,8,10,10
Pt93_t6,KK252,lib2,Atorvastatin,True,,8,8,10,10
Pt93_t6,KK252,lib2,BMS-754807,True,,8,8,10,10
Pt93_t6,KK252,lib2,Bemcentinib,True,,8,8,10,10
Pt93_t6,KK252,lib2,Carfilzomib,True,,8,8,10,10
Pt93_t6,KK252,lib2,Ceralasertib,True,,8,8,10,10
Pt93_t6,KK252,lib2,Cetuximab,True,,5,5,10,10
Pt93_t6,KK252,lib2,Dasatinib,True,,8,8,10,10
Pt93_t6,KK252,lib2,Encorafenib,True,,8,8,10,10
Pt93_t6,KK252,lib2,Everolimus,True,,8,8,10,10
Pt93_t6,KK252,lib2,Gedatolisib,True,,8,8,10,10
Pt93_t6,KK252,lib2,Gemcitabine,True,,8,8,10,10
Pt93_t6,KK252,lib2,Idasanutlin,True,,8,8,10,10
Pt93_t6,KK252,lib2,Idelalisib,True,,8,8,10,10
Pt93_t6,KK252,lib2,LCL161,True,,8,8,10,10
Pt93_t6,KK252,lib2,LGK974,True,,8,8,10,10
Pt93_t6,KK252,lib2,Lapatinib,True,,8,8,10,10
Pt93_t6,KK252,lib2,Larotrectinib,True,,8,8,10,10
Pt93_t6,KK252,lib2,Luminespib,True,,8,8,10,10
Pt93_t6,KK252,lib2,Methotrexate,True,,8,8,10,10
Pt93_t6,KK252,lib2,Napabucasin,True,,8,8,10,10
Pt93_t6,KK252,lib2,Oxaliplatin,True,,8,8,10,10
Pt93_t6,KK252,lib2,Palbociclib,True,,8,8,10,10
Pt93_t6,KK252,lib2,Panobinostat,True,,8,8,10,10
Pt93_t6,KK252,lib2,Pevonedistat,True,,8,8,10,10
Pt93_t6,KK252,lib2,Regorafenib,True,,8,8,10,10
Pt93_t6,KK252,lib2,SN-38,True,,9,9,10,10
Pt93_t6,KK252,lib2,Savolitinib,True,,8,8,10,10
Pt93_t6,KK252,lib2,Selinexor,True,,8,8,10,10
Pt93_t6,KK252,lib2,Silmitasertib,True,,8,8,10,10
Pt93_t6,KK252,lib2,Sotorasib,True,,8,8,10,10
Pt93_t6,KK252,lib2,TAS-102,True,,8,8,10,10
Pt93_t6,KK252,lib2,Talazoparib,True,,8,8,10,10
Pt93_t6,KK252,lib2,Trametinib,True,,8,8,10,10
Pt93_t6,KK252,lib2,Venetoclax,True,,8,8,10,10
Pt93_t6,KK252,lib2,Volasertib,True,,8,8,10,10
Pt94.2_t1,KK369,lib2,5-FU,False,plate dose supports differ,8,5,10,10
Pt94.2_t1,KK369,lib2,AZD5991,False,plate dose supports differ,8,5,10,10
Pt94.2_t1,KK369,lib2,AZD7762,False,plate dose supports differ,8,5,10,10
Pt94.2_t1,KK369,lib2,Adavosertib,False,plate dose supports differ,8,5,10,10
Pt94.2_t1,KK369,lib2,Afatinib,False,plate dose supports differ,8,5,10,10
Pt94.2_t1,KK369,lib2,Alectinib,False,plate dose supports differ,8,5,10,10
Pt94.2_t1,KK369,lib2,Alisertib,False,plate dose supports differ,8,5,10,10
Pt94.2_t1,KK369,lib2,Atorvastatin,False,plate dose supports differ,8,5,10,10
Pt94.2_t1,KK369,lib2,BMS-754807,False,plate dose supports differ,8,5,10,10
Pt94.2_t1,KK369,lib2,Bemcentinib,False,plate dose supports differ,8,5,10,10
Pt94.2_t1,KK369,lib2,Carfilzomib,False,plate dose supports differ,8,5,10,10
Pt94.2_t1,KK369,lib2,Ceralasertib,False,plate dose supports differ,8,5,10,10
Pt94.2_t1,KK369,lib2,Cetuximab,True,,5,5,10,10
Pt94.2_t1,KK369,lib2,Dasatinib,False,plate dose supports differ,8,5,10,10
Pt94.2_t1,KK369,lib2,Encorafenib,False,plate dose supports differ,8,5,10,10
Pt94.2_t1,KK369,lib2,Everolimus,False,plate dose supports differ,8,5,10,10
Pt94.2_t1,KK369,lib2,Gedatolisib,False,plate dose supports differ,8,5,10,10
Pt94.2_t1,KK369,lib2,Gemcitabine,False,plate dose supports differ,8,5,10,10
Pt94.2_t1,KK369,lib2,Idasanutlin,False,plate dose supports differ,8,5,10,10
Pt94.2_t1,KK369,lib2,Idelalisib,False,plate dose supports differ,8,5,10,10
Pt94.2_t1,KK369,lib2,LCL161,False,plate dose supports differ,8,5,10,10
Pt94.2_t1,KK369,lib2,LGK974,False,plate dose supports differ,8,5,10,10
Pt94.2_t1,KK369,lib2,Lapatinib,False,plate dose supports differ,8,5,10,10
Pt94.2_t1,KK369,lib2,Larotrectinib,False,plate dose supports differ,8,5,10,10
Pt94.2_t1,KK369,lib2,Luminespib,False,plate dose supports differ,8,5,10,10
Pt94.2_t1,KK369,lib2,Methotrexate,False,plate dose supports differ,8,5,10,10
Pt94.2_t1,KK369,lib2,Napabucasin,False,plate dose supports differ,8,5,10,10
Pt94.2_t1,KK369,lib2,Oxaliplatin,False,plate dose supports differ,8,5,10,10
Pt94.2_t1,KK369,lib2,Palbociclib,False,plate dose supports differ,8,5,10,10
Pt94.2_t1,KK369,lib2,Panobinostat,False,plate dose supports differ,8,5,10,10
Pt94.2_t1,KK369,lib2,Pevonedistat,False,plate dose supports differ,8,5,10,10
Pt94.2_t1,KK369,lib2,Regorafenib,False,plate dose supports differ,8,5,10,10
Pt94.2_t1,KK369,lib2,SN-38,False,plate dose supports differ,9,5,10,10
Pt94.2_t1,KK369,lib2,Savolitinib,False,plate dose supports differ,8,5,10,10
Pt94.2_t1,KK369,lib2,Selinexor,False,plate dose supports differ,8,5,10,10
Pt94.2_t1,KK369,lib2,Silmitasertib,False,plate dose supports differ,8,5,10,10
Pt94.2_t1,KK369,lib2,Sotorasib,False,plate dose supports differ,8,5,10,10
Pt94.2_t1,KK369,lib2,TAS-102,False,plate dose supports differ,8,5,10,10
Pt94.2_t1,KK369,lib2,Talazoparib,False,plate dose supports differ,8,5,10,10
Pt94.2_t1,KK369,lib2,Trametinib,False,plate dose supports differ,8,5,10,10
Pt94.2_t1,KK369,lib2,Venetoclax,False,plate dose supports differ,8,5,10,10
Pt94.2_t1,KK369,lib2,Volasertib,False,plate dose supports differ,8,5,10,10
Pt94.2_t2,KK368,lib2,5-FU,False,plate dose supports differ,8,5,10,10
Pt94.2_t2,KK368,lib2,AZD5991,False,plate dose supports differ,8,5,10,10
Pt94.2_t2,KK368,lib2,AZD7762,False,plate dose supports differ,8,5,10,10
Pt94.2_t2,KK368,lib2,Adavosertib,False,plate dose supports differ,8,5,10,10
Pt94.2_t2,KK368,lib2,Afatinib,False,plate dose supports differ,8,5,10,10
Pt94.2_t2,KK368,lib2,Alectinib,False,plate dose supports differ,8,5,10,10
Pt94.2_t2,KK368,lib2,Alisertib,False,plate dose supports differ,8,5,10,10
Pt94.2_t2,KK368,lib2,Atorvastatin,False,plate dose supports differ,8,5,10,10
Pt94.2_t2,KK368,lib2,BMS-754807,False,plate dose supports differ,8,5,10,10
Pt94.2_t2,KK368,lib2,Bemcentinib,False,plate dose supports differ,8,5,10,10
Pt94.2_t2,KK368,lib2,Carfilzomib,False,plate dose supports differ,8,5,10,10
Pt94.2_t2,KK368,lib2,Ceralasertib,False,plate dose supports differ,8,5,10,10
Pt94.2_t2,KK368,lib2,Cetuximab,True,,5,5,10,10
Pt94.2_t2,KK368,lib2,Dasatinib,False,plate dose supports differ,8,5,10,10
Pt94.2_t2,KK368,lib2,Encorafenib,False,plate dose supports differ,8,5,10,10
Pt94.2_t2,KK368,lib2,Everolimus,False,plate dose supports differ,8,5,10,10
Pt94.2_t2,KK368,lib2,Gedatolisib,False,plate dose supports differ,8,5,10,10
Pt94.2_t2,KK368,lib2,Gemcitabine,False,plate dose supports differ,8,5,10,10
Pt94.2_t2,KK368,lib2,Idasanutlin,False,plate dose supports differ,8,5,10,10
Pt94.2_t2,KK368,lib2,Idelalisib,False,plate dose supports differ,8,5,10,10
Pt94.2_t2,KK368,lib2,LCL161,False,plate dose supports differ,8,5,10,10
Pt94.2_t2,KK368,lib2,LGK974,False,plate dose supports differ,8,5,10,10
Pt94.2_t2,KK368,lib2,Lapatinib,False,plate dose supports differ,8,5,10,10
Pt94.2_t2,KK368,lib2,Larotrectinib,False,plate dose supports differ,8,5,10,10
Pt94.2_t2,KK368,lib2,Luminespib,False,plate dose supports differ,8,5,10,10
Pt94.2_t2,KK368,lib2,Methotrexate,False,plate dose supports differ,8,5,10,10
Pt94.2_t2,KK368,lib2,Napabucasin,False,plate dose supports differ,8,5,10,10
Pt94.2_t2,KK368,lib2,Oxaliplatin,False,plate dose supports differ,8,5,10,10
Pt94.2_t2,KK368,lib2,Palbociclib,False,plate dose supports differ,8,5,10,10
Pt94.2_t2,KK368,lib2,Panobinostat,False,plate dose supports differ,8,5,10,10
Pt94.2_t2,KK368,lib2,Pevonedistat,False,plate dose supports differ,8,5,10,10
Pt94.2_t2,KK368,lib2,Regorafenib,False,plate dose supports differ,8,5,10,10
Pt94.2_t2,KK368,lib2,SN-38,False,plate dose supports differ,9,5,10,10
Pt94.2_t2,KK368,lib2,Savolitinib,False,plate dose supports differ,8,5,10,10
Pt94.2_t2,KK368,lib2,Selinexor,False,plate dose supports differ,8,5,10,10
Pt94.2_t2,KK368,lib2,Silmitasertib,False,plate dose supports differ,8,5,10,10
Pt94.2_t2,KK368,lib2,Sotorasib,False,plate dose supports differ,8,5,10,10
Pt94.2_t2,KK368,lib2,TAS-102,False,plate dose supports differ,8,5,10,10
Pt94.2_t2,KK368,lib2,Talazoparib,False,plate dose supports differ,8,5,10,10
Pt94.2_t2,KK368,lib2,Trametinib,False,plate dose supports differ,8,5,10,10
Pt94.2_t2,KK368,lib2,Venetoclax,False,plate dose supports differ,8,5,10,10
Pt94.2_t2,KK368,lib2,Volasertib,False,plate dose supports differ,8,5,10,10
Pt94_t1,KK270,lib2,5-FU,True,,8,8,10,10
Pt94_t1,KK270,lib2,AZD5991,True,,8,8,10,10
Pt94_t1,KK270,lib2,AZD7762,True,,8,8,10,10
Pt94_t1,KK270,lib2,Adavosertib,True,,8,8,10,10
Pt94_t1,KK270,lib2,Afatinib,True,,8,8,10,10
Pt94_t1,KK270,lib2,Alectinib,True,,8,8,10,10
Pt94_t1,KK270,lib2,Alisertib,True,,8,8,10,10
Pt94_t1,KK270,lib2,Atorvastatin,True,,8,8,10,10
Pt94_t1,KK270,lib2,BMS-754807,True,,8,8,10,10
Pt94_t1,KK270,lib2,Bemcentinib,True,,8,8,10,10
Pt94_t1,KK270,lib2,Carfilzomib,True,,8,8,10,10
Pt94_t1,KK270,lib2,Ceralasertib,True,,8,8,10,10
Pt94_t1,KK270,lib2,Cetuximab,True,,5,5,10,10
Pt94_t1,KK270,lib2,Dasatinib,True,,8,8,10,10
Pt94_t1,KK270,lib2,Encorafenib,True,,8,8,10,10
Pt94_t1,KK270,lib2,Everolimus,True,,8,8,10,10
Pt94_t1,KK270,lib2,Gedatolisib,True,,8,8,10,10
Pt94_t1,KK270,lib2,Gemcitabine,True,,8,8,10,10
Pt94_t1,KK270,lib2,Idasanutlin,True,,8,8,10,10
Pt94_t1,KK270,lib2,Idelalisib,True,,8,8,10,10
Pt94_t1,KK270,lib2,LCL161,True,,8,8,10,10
Pt94_t1,KK270,lib2,LGK974,True,,8,8,10,10
Pt94_t1,KK270,lib2,Lapatinib,True,,8,8,10,10
Pt94_t1,KK270,lib2,Larotrectinib,True,,8,8,10,10
Pt94_t1,KK270,lib2,Luminespib,True,,8,8,10,10
Pt94_t1,KK270,lib2,Methotrexate,True,,8,8,10,10
Pt94_t1,KK270,lib2,Napabucasin,True,,8,8,10,10
Pt94_t1,KK270,lib2,Oxaliplatin,True,,8,8,10,10
Pt94_t1,KK270,lib2,Palbociclib,True,,8,8,10,10
Pt94_t1,KK270,lib2,Panobinostat,True,,8,8,10,10
Pt94_t1,KK270,lib2,Pevonedistat,True,,8,8,10,10
Pt94_t1,KK270,lib2,Regorafenib,True,,8,8,10,10
Pt94_t1,KK270,lib2,SN-38,True,,9,9,10,10
Pt94_t1,KK270,lib2,Savolitinib,True,,8,8,10,10
Pt94_t1,KK270,lib2,Selinexor,True,,8,8,10,10
Pt94_t1,KK270,lib2,Silmitasertib,True,,8,8,10,10
Pt94_t1,KK270,lib2,Sotorasib,True,,8,8,10,10
Pt94_t1,KK270,lib2,TAS-102,True,,8,8,10,10
Pt94_t1,KK270,lib2,Talazoparib,True,,8,8,10,10
Pt94_t1,KK270,lib2,Trametinib,True,,8,8,10,10
Pt94_t1,KK270,lib2,Venetoclax,True,,8,8,10,10
Pt94_t1,KK270,lib2,Volasertib,True,,8,8,10,10
Pt94_t2,KK263,lib2,5-FU,True,,8,8,10,10
Pt94_t2,KK263,lib2,AZD5991,True,,8,8,10,10
Pt94_t2,KK263,lib2,AZD7762,True,,8,8,10,10
Pt94_t2,KK263,lib2,Adavosertib,True,,8,8,10,10
Pt94_t2,KK263,lib2,Afatinib,True,,8,8,10,10
Pt94_t2,KK263,lib2,Alectinib,True,,8,8,10,10
Pt94_t2,KK263,lib2,Alisertib,True,,8,8,10,10
Pt94_t2,KK263,lib2,Atorvastatin,True,,8,8,10,10
Pt94_t2,KK263,lib2,BMS-754807,True,,8,8,10,10
Pt94_t2,KK263,lib2,Bemcentinib,True,,8,8,10,10
Pt94_t2,KK263,lib2,Carfilzomib,True,,8,8,10,10
Pt94_t2,KK263,lib2,Ceralasertib,True,,8,8,10,10
Pt94_t2,KK263,lib2,Cetuximab,True,,5,5,10,10
Pt94_t2,KK263,lib2,Dasatinib,True,,8,8,10,10
Pt94_t2,KK263,lib2,Encorafenib,True,,8,8,10,10
Pt94_t2,KK263,lib2,Everolimus,True,,8,8,10,10
Pt94_t2,KK263,lib2,Gedatolisib,True,,8,8,10,10
Pt94_t2,KK263,lib2,Gemcitabine,True,,8,8,10,10
Pt94_t2,KK263,lib2,Idasanutlin,True,,8,8,10,10
Pt94_t2,KK263,lib2,Idelalisib,True,,8,8,10,10
Pt94_t2,KK263,lib2,LCL161,True,,8,8,10,10
Pt94_t2,KK263,lib2,LGK974,True,,8,8,10,10
Pt94_t2,KK263,lib2,Lapatinib,True,,8,8,10,10
Pt94_t2,KK263,lib2,Larotrectinib,True,,8,8,10,10
Pt94_t2,KK263,lib2,Luminespib,True,,8,8,10,10
Pt94_t2,KK263,lib2,Methotrexate,True,,8,8,10,10
Pt94_t2,KK263,lib2,Napabucasin,True,,8,8,10,10
Pt94_t2,KK263,lib2,Oxaliplatin,True,,8,8,10,10
Pt94_t2,KK263,lib2,Palbociclib,True,,8,8,10,10
Pt94_t2,KK263,lib2,Panobinostat,True,,8,8,10,10
Pt94_t2,KK263,lib2,Pevonedistat,True,,8,8,10,10
Pt94_t2,KK263,lib2,Regorafenib,True,,8,8,10,10
Pt94_t2,KK263,lib2,SN-38,True,,9,9,10,10
Pt94_t2,KK263,lib2,Savolitinib,True,,8,8,10,10
Pt94_t2,KK263,lib2,Selinexor,True,,8,8,10,10
Pt94_t2,KK263,lib2,Silmitasertib,True,,8,8,10,10
Pt94_t2,KK263,lib2,Sotorasib,True,,8,8,10,10
Pt94_t2,KK263,lib2,TAS-102,True,,8,8,10,10
Pt94_t2,KK263,lib2,Talazoparib,True,,8,8,10,10
Pt94_t2,KK263,lib2,Trametinib,True,,8,8,10,10
Pt94_t2,KK263,lib2,Venetoclax,True,,8,8,10,10
Pt94_t2,KK263,lib2,Volasertib,True,,8,8,10,10
Pt95_t1,KK257,lib2,5-FU,True,,8,8,10,10
Pt95_t1,KK257,lib2,AZD5991,True,,8,8,10,10
Pt95_t1,KK257,lib2,AZD7762,True,,8,8,10,10
Pt95_t1,KK257,lib2,Adavosertib,True,,8,8,10,10
Pt95_t1,KK257,lib2,Afatinib,True,,8,8,10,10
Pt95_t1,KK257,lib2,Alectinib,True,,8,8,10,10
Pt95_t1,KK257,lib2,Alisertib,True,,8,8,10,10
Pt95_t1,KK257,lib2,Atorvastatin,True,,8,8,10,10
Pt95_t1,KK257,lib2,BMS-754807,True,,8,8,10,10
Pt95_t1,KK257,lib2,Bemcentinib,True,,8,8,10,10
Pt95_t1,KK257,lib2,Carfilzomib,True,,8,8,10,10
Pt95_t1,KK257,lib2,Ceralasertib,True,,8,8,10,10
Pt95_t1,KK257,lib2,Cetuximab,True,,5,5,10,10
Pt95_t1,KK257,lib2,Dasatinib,True,,8,8,10,10
Pt95_t1,KK257,lib2,Encorafenib,True,,8,8,10,10
Pt95_t1,KK257,lib2,Everolimus,True,,8,8,10,10
Pt95_t1,KK257,lib2,Gedatolisib,True,,8,8,10,10
Pt95_t1,KK257,lib2,Gemcitabine,True,,8,8,10,10
Pt95_t1,KK257,lib2,Idasanutlin,True,,8,8,10,10
Pt95_t1,KK257,lib2,Idelalisib,True,,8,8,10,10
Pt95_t1,KK257,lib2,LCL161,True,,8,8,10,10
Pt95_t1,KK257,lib2,LGK974,True,,8,8,10,10
Pt95_t1,KK257,lib2,Lapatinib,True,,8,8,10,10
Pt95_t1,KK257,lib2,Larotrectinib,True,,8,8,10,10
Pt95_t1,KK257,lib2,Luminespib,True,,8,8,10,10
Pt95_t1,KK257,lib2,Methotrexate,True,,8,8,10,10
Pt95_t1,KK257,lib2,Napabucasin,True,,8,8,10,10
Pt95_t1,KK257,lib2,Oxaliplatin,True,,8,8,10,10
Pt95_t1,KK257,lib2,Palbociclib,True,,8,8,10,10
Pt95_t1,KK257,lib2,Panobinostat,True,,8,8,10,10
Pt95_t1,KK257,lib2,Pevonedistat,True,,8,8,10,10
Pt95_t1,KK257,lib2,Regorafenib,True,,8,8,10,10
Pt95_t1,KK257,lib2,SN-38,True,,9,9,10,10
Pt95_t1,KK257,lib2,Savolitinib,True,,8,8,10,10
Pt95_t1,KK257,lib2,Selinexor,True,,8,8,10,10
Pt95_t1,KK257,lib2,Silmitasertib,True,,8,8,10,10
Pt95_t1,KK257,lib2,Sotorasib,True,,8,8,10,10
Pt95_t1,KK257,lib2,TAS-102,True,,8,8,10,10
Pt95_t1,KK257,lib2,Talazoparib,True,,8,8,10,10
Pt95_t1,KK257,lib2,Trametinib,True,,8,8,10,10
Pt95_t1,KK257,lib2,Venetoclax,True,,8,8,10,10
Pt95_t1,KK257,lib2,Volasertib,True,,8,8,10,10
Pt95_t2,KK256,lib2,5-FU,True,,8,8,10,10
Pt95_t2,KK256,lib2,AZD5991,True,,8,8,10,10
Pt95_t2,KK256,lib2,AZD7762,True,,8,8,10,10
Pt95_t2,KK256,lib2,Adavosertib,True,,8,8,10,10
Pt95_t2,KK256,lib2,Afatinib,True,,8,8,10,10
Pt95_t2,KK256,lib2,Alectinib,True,,8,8,10,10
Pt95_t2,KK256,lib2,Alisertib,True,,8,8,10,10
Pt95_t2,KK256,lib2,Atorvastatin,True,,8,8,10,10
Pt95_t2,KK256,lib2,BMS-754807,True,,8,8,10,10
Pt95_t2,KK256,lib2,Bemcentinib,True,,8,8,10,10
Pt95_t2,KK256,lib2,Carfilzomib,True,,8,8,10,10
Pt95_t2,KK256,lib2,Ceralasertib,True,,8,8,10,10
Pt95_t2,KK256,lib2,Cetuximab,True,,5,5,10,10
Pt95_t2,KK256,lib2,Dasatinib,True,,8,8,10,10
Pt95_t2,KK256,lib2,Encorafenib,True,,8,8,10,10
Pt95_t2,KK256,lib2,Everolimus,True,,8,8,10,10
Pt95_t2,KK256,lib2,Gedatolisib,True,,8,8,10,10
Pt95_t2,KK256,lib2,Gemcitabine,True,,8,8,10,10
Pt95_t2,KK256,lib2,Idasanutlin,True,,8,8,10,10
Pt95_t2,KK256,lib2,Idelalisib,True,,8,8,10,10
Pt95_t2,KK256,lib2,LCL161,True,,8,8,10,10
Pt95_t2,KK256,lib2,LGK974,True,,8,8,10,10
Pt95_t2,KK256,lib2,Lapatinib,True,,8,8,10,10
Pt95_t2,KK256,lib2,Larotrectinib,True,,8,8,10,10
Pt95_t2,KK256,lib2,Luminespib,True,,8,8,10,10
Pt95_t2,KK256,lib2,Methotrexate,True,,8,8,10,10
Pt95_t2,KK256,lib2,Napabucasin,True,,8,8,10,10
Pt95_t2,KK256,lib2,Oxaliplatin,True,,8,8,10,10
Pt95_t2,KK256,lib2,Palbociclib,True,,8,8,10,10
Pt95_t2,KK256,lib2,Panobinostat,True,,8,8,10,10
Pt95_t2,KK256,lib2,Pevonedistat,True,,8,8,10,10
Pt95_t2,KK256,lib2,Regorafenib,True,,8,8,10,10
Pt95_t2,KK256,lib2,SN-38,True,,9,9,10,10
Pt95_t2,KK256,lib2,Savolitinib,True,,8,8,10,10
Pt95_t2,KK256,lib2,Selinexor,True,,8,8,10,10
Pt95_t2,KK256,lib2,Silmitasertib,True,,8,8,10,10
Pt95_t2,KK256,lib2,Sotorasib,True,,8,8,10,10
Pt95_t2,KK256,lib2,TAS-102,True,,8,8,10,10
Pt95_t2,KK256,lib2,Talazoparib,True,,8,8,10,10
Pt95_t2,KK256,lib2,Trametinib,True,,8,8,10,10
Pt95_t2,KK256,lib2,Venetoclax,True,,8,8,10,10
Pt95_t2,KK256,lib2,Volasertib,True,,8,8,10,10
Pt98_t1,KK271,lib2,5-FU,True,,8,8,10,10
Pt98_t1,KK271,lib2,AZD5991,True,,8,8,10,10
Pt98_t1,KK271,lib2,AZD7762,True,,8,8,10,10
Pt98_t1,KK271,lib2,Adavosertib,True,,8,8,10,10
Pt98_t1,KK271,lib2,Afatinib,True,,8,8,10,10
Pt98_t1,KK271,lib2,Alectinib,True,,8,8,10,10
Pt98_t1,KK271,lib2,Alisertib,True,,8,8,10,10
Pt98_t1,KK271,lib2,Atorvastatin,True,,8,8,10,10
Pt98_t1,KK271,lib2,BMS-754807,True,,8,8,10,10
Pt98_t1,KK271,lib2,Bemcentinib,True,,8,8,10,10
Pt98_t1,KK271,lib2,Carfilzomib,True,,8,8,10,10
Pt98_t1,KK271,lib2,Ceralasertib,True,,8,8,10,10
Pt98_t1,KK271,lib2,Cetuximab,True,,5,5,10,10
Pt98_t1,KK271,lib2,Dasatinib,True,,8,8,10,10
Pt98_t1,KK271,lib2,Encorafenib,True,,8,8,10,10
Pt98_t1,KK271,lib2,Everolimus,True,,8,8,10,10
Pt98_t1,KK271,lib2,Gedatolisib,True,,8,8,10,10
Pt98_t1,KK271,lib2,Gemcitabine,True,,8,8,10,10
Pt98_t1,KK271,lib2,Idasanutlin,True,,8,8,10,10
Pt98_t1,KK271,lib2,Idelalisib,True,,8,8,10,10
Pt98_t1,KK271,lib2,LCL161,True,,8,8,10,10
Pt98_t1,KK271,lib2,LGK974,True,,8,8,10,10
Pt98_t1,KK271,lib2,Lapatinib,True,,8,8,10,10
Pt98_t1,KK271,lib2,Larotrectinib,True,,8,8,10,10
Pt98_t1,KK271,lib2,Luminespib,True,,8,8,10,10
Pt98_t1,KK271,lib2,Methotrexate,True,,8,8,10,10
Pt98_t1,KK271,lib2,Napabucasin,True,,8,8,10,10
Pt98_t1,KK271,lib2,Oxaliplatin,True,,8,8,10,10
Pt98_t1,KK271,lib2,Palbociclib,True,,8,8,10,10
Pt98_t1,KK271,lib2,Panobinostat,True,,8,8,10,10
Pt98_t1,KK271,lib2,Pevonedistat,True,,8,8,10,10
Pt98_t1,KK271,lib2,Regorafenib,True,,8,8,10,10
Pt98_t1,KK271,lib2,SN-38,True,,9,9,10,10
Pt98_t1,KK271,lib2,Savolitinib,True,,8,8,10,10
Pt98_t1,KK271,lib2,Selinexor,True,,8,8,10,10
Pt98_t1,KK271,lib2,Silmitasertib,True,,8,8,10,10
Pt98_t1,KK271,lib2,Sotorasib,True,,8,8,10,10
Pt98_t1,KK271,lib2,TAS-102,True,,8,8,10,10
Pt98_t1,KK271,lib2,Talazoparib,True,,8,8,10,10
Pt98_t1,KK271,lib2,Trametinib,True,,8,8,10,10
Pt98_t1,KK271,lib2,Venetoclax,True,,8,8,10,10
Pt98_t1,KK271,lib2,Volasertib,True,,8,8,10,10
Pt98_t2,KK269,lib2,5-FU,True,,8,8,10,10
Pt98_t2,KK269,lib2,AZD5991,True,,8,8,10,10
Pt98_t2,KK269,lib2,AZD7762,True,,8,8,10,10
Pt98_t2,KK269,lib2,Adavosertib,True,,8,8,10,10
Pt98_t2,KK269,lib2,Afatinib,True,,8,8,10,10
Pt98_t2,KK269,lib2,Alectinib,True,,8,8,10,10
Pt98_t2,KK269,lib2,Alisertib,True,,8,8,10,10
Pt98_t2,KK269,lib2,Atorvastatin,True,,8,8,10,10
Pt98_t2,KK269,lib2,BMS-754807,True,,8,8,10,10
Pt98_t2,KK269,lib2,Bemcentinib,True,,8,8,10,10
Pt98_t2,KK269,lib2,Carfilzomib,True,,8,8,10,10
Pt98_t2,KK269,lib2,Ceralasertib,True,,8,8,10,10
Pt98_t2,KK269,lib2,Cetuximab,True,,5,5,10,10
Pt98_t2,KK269,lib2,Dasatinib,True,,8,8,10,10
Pt98_t2,KK269,lib2,Encorafenib,True,,8,8,10,10
Pt98_t2,KK269,lib2,Everolimus,True,,8,8,10,10
Pt98_t2,KK269,lib2,Gedatolisib,True,,8,8,10,10
Pt98_t2,KK269,lib2,Gemcitabine,True,,8,8,10,10
Pt98_t2,KK269,lib2,Idasanutlin,True,,8,8,10,10
Pt98_t2,KK269,lib2,Idelalisib,True,,8,8,10,10
Pt98_t2,KK269,lib2,LCL161,True,,8,8,10,10
Pt98_t2,KK269,lib2,LGK974,True,,8,8,10,10
Pt98_t2,KK269,lib2,Lapatinib,True,,8,8,10,10
Pt98_t2,KK269,lib2,Larotrectinib,True,,8,8,10,10
Pt98_t2,KK269,lib2,Luminespib,True,,8,8,10,10
Pt98_t2,KK269,lib2,Methotrexate,True,,8,8,10,10
Pt98_t2,KK269,lib2,Napabucasin,True,,8,8,10,10
Pt98_t2,KK269,lib2,Oxaliplatin,True,,8,8,10,10
Pt98_t2,KK269,lib2,Palbociclib,True,,8,8,10,10
Pt98_t2,KK269,lib2,Panobinostat,True,,8,8,10,10
Pt98_t2,KK269,lib2,Pevonedistat,True,,8,8,10,10
Pt98_t2,KK269,lib2,Regorafenib,True,,8,8,10,10
Pt98_t2,KK269,lib2,SN-38,True,,9,9,10,10
Pt98_t2,KK269,lib2,Savolitinib,True,,8,8,10,10
Pt98_t2,KK269,lib2,Selinexor,True,,8,8,10,10
Pt98_t2,KK269,lib2,Silmitasertib,True,,8,8,10,10
Pt98_t2,KK269,lib2,Sotorasib,True,,8,8,10,10
Pt98_t2,KK269,lib2,TAS-102,True,,8,8,10,10
Pt98_t2,KK269,lib2,Talazoparib,True,,8,8,10,10
Pt98_t2,KK269,lib2,Trametinib,True,,8,8,10,10
Pt98_t2,KK269,lib2,Venetoclax,True,,8,8,10,10
Pt98_t2,KK269,lib2,Volasertib,True,,8,8,10,10
Pt98_t3,KK262,lib2,5-FU,True,,8,8,10,10
Pt98_t3,KK262,lib2,AZD5991,True,,8,8,10,10
Pt98_t3,KK262,lib2,AZD7762,True,,8,8,10,10
Pt98_t3,KK262,lib2,Adavosertib,True,,8,8,10,10
Pt98_t3,KK262,lib2,Afatinib,True,,8,8,10,10
Pt98_t3,KK262,lib2,Alectinib,True,,8,8,10,10
Pt98_t3,KK262,lib2,Alisertib,True,,8,8,10,10
Pt98_t3,KK262,lib2,Atorvastatin,True,,8,8,10,10
Pt98_t3,KK262,lib2,BMS-754807,True,,8,8,10,10
Pt98_t3,KK262,lib2,Bemcentinib,True,,8,8,10,10
Pt98_t3,KK262,lib2,Carfilzomib,True,,8,8,10,10
Pt98_t3,KK262,lib2,Ceralasertib,True,,8,8,10,10
Pt98_t3,KK262,lib2,Cetuximab,True,,5,5,10,10
Pt98_t3,KK262,lib2,Dasatinib,True,,8,8,10,10
Pt98_t3,KK262,lib2,Encorafenib,True,,8,8,10,10
Pt98_t3,KK262,lib2,Everolimus,True,,8,8,10,10
Pt98_t3,KK262,lib2,Gedatolisib,True,,8,8,10,10
Pt98_t3,KK262,lib2,Gemcitabine,True,,8,8,10,10
Pt98_t3,KK262,lib2,Idasanutlin,True,,8,8,10,10
Pt98_t3,KK262,lib2,Idelalisib,True,,8,8,10,10
Pt98_t3,KK262,lib2,LCL161,True,,8,8,10,10
Pt98_t3,KK262,lib2,LGK974,True,,8,8,10,10
Pt98_t3,KK262,lib2,Lapatinib,True,,8,8,10,10
Pt98_t3,KK262,lib2,Larotrectinib,True,,8,8,10,10
Pt98_t3,KK262,lib2,Luminespib,True,,8,8,10,10
Pt98_t3,KK262,lib2,Methotrexate,True,,8,8,10,10
Pt98_t3,KK262,lib2,Napabucasin,True,,8,8,10,10
Pt98_t3,KK262,lib2,Oxaliplatin,True,,8,8,10,10
Pt98_t3,KK262,lib2,Palbociclib,True,,8,8,10,10
Pt98_t3,KK262,lib2,Panobinostat,True,,8,8,10,10
Pt98_t3,KK262,lib2,Pevonedistat,True,,8,8,10,10
Pt98_t3,KK262,lib2,Regorafenib,True,,8,8,10,10
Pt98_t3,KK262,lib2,SN-38,True,,9,9,10,10
Pt98_t3,KK262,lib2,Savolitinib,True,,8,8,10,10
Pt98_t3,KK262,lib2,Selinexor,True,,8,8,10,10
Pt98_t3,KK262,lib2,Silmitasertib,True,,8,8,10,10
Pt98_t3,KK262,lib2,Sotorasib,True,,8,8,10,10
Pt98_t3,KK262,lib2,TAS-102,True,,8,8,10,10
Pt98_t3,KK262,lib2,Talazoparib,True,,8,8,10,10
Pt98_t3,KK262,lib2,Trametinib,True,,8,8,10,10
Pt98_t3,KK262,lib2,Venetoclax,True,,8,8,10,10
Pt98_t3,KK262,lib2,Volasertib,True,,8,8,10,10
Pt98_t4,KK267,lib2,5-FU,True,,8,8,10,10
Pt98_t4,KK267,lib2,AZD5991,True,,8,8,10,10
Pt98_t4,KK267,lib2,AZD7762,True,,8,8,10,10
Pt98_t4,KK267,lib2,Adavosertib,True,,8,8,10,10
Pt98_t4,KK267,lib2,Afatinib,True,,8,8,10,10
Pt98_t4,KK267,lib2,Alectinib,True,,8,8,10,10
Pt98_t4,KK267,lib2,Alisertib,True,,8,8,10,10
Pt98_t4,KK267,lib2,Atorvastatin,True,,8,8,10,10
Pt98_t4,KK267,lib2,BMS-754807,True,,8,8,10,10
Pt98_t4,KK267,lib2,Bemcentinib,True,,8,8,10,10
Pt98_t4,KK267,lib2,Carfilzomib,True,,8,8,10,10
Pt98_t4,KK267,lib2,Ceralasertib,True,,8,8,10,10
Pt98_t4,KK267,lib2,Cetuximab,True,,5,5,10,10
Pt98_t4,KK267,lib2,Dasatinib,True,,8,8,10,10
Pt98_t4,KK267,lib2,Encorafenib,True,,8,8,10,10
Pt98_t4,KK267,lib2,Everolimus,True,,8,8,10,10
Pt98_t4,KK267,lib2,Gedatolisib,True,,8,8,10,10
Pt98_t4,KK267,lib2,Gemcitabine,True,,8,8,10,10
Pt98_t4,KK267,lib2,Idasanutlin,True,,8,8,10,10
Pt98_t4,KK267,lib2,Idelalisib,True,,8,8,10,10
Pt98_t4,KK267,lib2,LCL161,True,,8,8,10,10
Pt98_t4,KK267,lib2,LGK974,True,,8,8,10,10
Pt98_t4,KK267,lib2,Lapatinib,True,,8,8,10,10
Pt98_t4,KK267,lib2,Larotrectinib,True,,8,8,10,10
Pt98_t4,KK267,lib2,Luminespib,True,,8,8,10,10
Pt98_t4,KK267,lib2,Methotrexate,True,,8,8,10,10
Pt98_t4,KK267,lib2,Napabucasin,True,,8,8,10,10
Pt98_t4,KK267,lib2,Oxaliplatin,True,,8,8,10,10
Pt98_t4,KK267,lib2,Palbociclib,True,,8,8,10,10
Pt98_t4,KK267,lib2,Panobinostat,True,,8,8,10,10
Pt98_t4,KK267,lib2,Pevonedistat,True,,8,8,10,10
Pt98_t4,KK267,lib2,Regorafenib,True,,8,8,10,10
Pt98_t4,KK267,lib2,SN-38,True,,9,9,10,10
Pt98_t4,KK267,lib2,Savolitinib,True,,8,8,10,10
Pt98_t4,KK267,lib2,Selinexor,True,,8,8,10,10
Pt98_t4,KK267,lib2,Silmitasertib,True,,8,8,10,10
Pt98_t4,KK267,lib2,Sotorasib,True,,8,8,10,10
Pt98_t4,KK267,lib2,TAS-102,True,,8,8,10,10
Pt98_t4,KK267,lib2,Talazoparib,True,,8,8,10,10
Pt98_t4,KK267,lib2,Trametinib,True,,8,8,10,10
Pt98_t4,KK267,lib2,Venetoclax,True,,8,8,10,10
Pt98_t4,KK267,lib2,Volasertib,True,,8,8,10,10
Pt98_t5,KK274,lib2,5-FU,True,,8,8,10,10
Pt98_t5,KK274,lib2,AZD5991,True,,8,8,10,10
Pt98_t5,KK274,lib2,AZD7762,True,,8,8,10,10
Pt98_t5,KK274,lib2,Adavosertib,True,,8,8,10,10
Pt98_t5,KK274,lib2,Afatinib,True,,8,8,10,10
Pt98_t5,KK274,lib2,Alectinib,True,,8,8,10,10
Pt98_t5,KK274,lib2,Alisertib,True,,8,8,10,10
Pt98_t5,KK274,lib2,Atorvastatin,True,,8,8,10,10
Pt98_t5,KK274,lib2,BMS-754807,True,,8,8,10,10
Pt98_t5,KK274,lib2,Bemcentinib,True,,8,8,10,10
Pt98_t5,KK274,lib2,Carfilzomib,True,,8,8,10,10
Pt98_t5,KK274,lib2,Ceralasertib,True,,8,8,10,10
Pt98_t5,KK274,lib2,Cetuximab,True,,5,5,10,10
Pt98_t5,KK274,lib2,Dasatinib,True,,8,8,10,10
Pt98_t5,KK274,lib2,Encorafenib,True,,8,8,10,10
Pt98_t5,KK274,lib2,Everolimus,True,,8,8,10,10
Pt98_t5,KK274,lib2,Gedatolisib,True,,8,8,10,10
Pt98_t5,KK274,lib2,Gemcitabine,True,,8,8,10,10
Pt98_t5,KK274,lib2,Idasanutlin,True,,8,8,10,10
Pt98_t5,KK274,lib2,Idelalisib,True,,8,8,10,10
Pt98_t5,KK274,lib2,LCL161,True,,8,8,10,10
Pt98_t5,KK274,lib2,LGK974,True,,8,8,10,10
Pt98_t5,KK274,lib2,Lapatinib,True,,8,8,10,10
Pt98_t5,KK274,lib2,Larotrectinib,True,,8,8,10,10
Pt98_t5,KK274,lib2,Luminespib,True,,8,8,10,10
Pt98_t5,KK274,lib2,Methotrexate,True,,8,8,10,10
Pt98_t5,KK274,lib2,Napabucasin,True,,8,8,10,10
Pt98_t5,KK274,lib2,Oxaliplatin,True,,8,8,10,10
Pt98_t5,KK274,lib2,Palbociclib,True,,8,8,10,10
Pt98_t5,KK274,lib2,Panobinostat,True,,8,8,10,10
Pt98_t5,KK274,lib2,Pevonedistat,True,,8,8,10,10
Pt98_t5,KK274,lib2,Regorafenib,True,,8,8,10,10
Pt98_t5,KK274,lib2,SN-38,True,,9,9,10,10
Pt98_t5,KK274,lib2,Savolitinib,True,,8,8,10,10
Pt98_t5,KK274,lib2,Selinexor,True,,8,8,10,10
Pt98_t5,KK274,lib2,Silmitasertib,True,,8,8,10,10
Pt98_t5,KK274,lib2,Sotorasib,True,,8,8,10,10
Pt98_t5,KK274,lib2,TAS-102,True,,8,8,10,10
Pt98_t5,KK274,lib2,Talazoparib,True,,8,8,10,10
Pt98_t5,KK274,lib2,Trametinib,True,,8,8,10,10
Pt98_t5,KK274,lib2,Venetoclax,True,,8,8,10,10
Pt98_t5,KK274,lib2,Volasertib,True,,8,8,10,10
Pt98_t6,KK268,lib2,5-FU,True,,8,8,10,10
Pt98_t6,KK268,lib2,AZD5991,True,,8,8,10,10
Pt98_t6,KK268,lib2,AZD7762,True,,8,8,10,10
Pt98_t6,KK268,lib2,Adavosertib,True,,8,8,10,10
Pt98_t6,KK268,lib2,Afatinib,True,,8,8,10,10
Pt98_t6,KK268,lib2,Alectinib,True,,8,8,10,10
Pt98_t6,KK268,lib2,Alisertib,True,,8,8,10,10
Pt98_t6,KK268,lib2,Atorvastatin,True,,8,8,10,10
Pt98_t6,KK268,lib2,BMS-754807,True,,8,8,10,10
Pt98_t6,KK268,lib2,Bemcentinib,True,,8,8,10,10
Pt98_t6,KK268,lib2,Carfilzomib,True,,8,8,10,10
Pt98_t6,KK268,lib2,Ceralasertib,True,,8,8,10,10
Pt98_t6,KK268,lib2,Cetuximab,True,,5,5,10,10
Pt98_t6,KK268,lib2,Dasatinib,True,,8,8,10,10
Pt98_t6,KK268,lib2,Encorafenib,True,,8,8,10,10
Pt98_t6,KK268,lib2,Everolimus,True,,8,8,10,10
Pt98_t6,KK268,lib2,Gedatolisib,True,,8,8,10,10
Pt98_t6,KK268,lib2,Gemcitabine,True,,8,8,10,10
Pt98_t6,KK268,lib2,Idasanutlin,True,,8,8,10,10
Pt98_t6,KK268,lib2,Idelalisib,True,,8,8,10,10
Pt98_t6,KK268,lib2,LCL161,True,,8,8,10,10
Pt98_t6,KK268,lib2,LGK974,True,,8,8,10,10
Pt98_t6,KK268,lib2,Lapatinib,True,,8,8,10,10
Pt98_t6,KK268,lib2,Larotrectinib,True,,8,8,10,10
Pt98_t6,KK268,lib2,Luminespib,True,,8,8,10,10
Pt98_t6,KK268,lib2,Methotrexate,True,,8,8,10,10
Pt98_t6,KK268,lib2,Napabucasin,True,,8,8,10,10
Pt98_t6,KK268,lib2,Oxaliplatin,True,,8,8,10,10
Pt98_t6,KK268,lib2,Palbociclib,True,,8,8,10,10
Pt98_t6,KK268,lib2,Panobinostat,True,,8,8,10,10
Pt98_t6,KK268,lib2,Pevonedistat,True,,8,8,10,10
Pt98_t6,KK268,lib2,Regorafenib,True,,8,8,10,10
Pt98_t6,KK268,lib2,SN-38,True,,9,9,10,10
Pt98_t6,KK268,lib2,Savolitinib,True,,8,8,10,10
Pt98_t6,KK268,lib2,Selinexor,True,,8,8,10,10
Pt98_t6,KK268,lib2,Silmitasertib,True,,8,8,10,10
Pt98_t6,KK268,lib2,Sotorasib,True,,8,8,10,10
Pt98_t6,KK268,lib2,TAS-102,True,,8,8,10,10
Pt98_t6,KK268,lib2,Talazoparib,True,,8,8,10,10
Pt98_t6,KK268,lib2,Trametinib,True,,8,8,10,10
Pt98_t6,KK268,lib2,Venetoclax,True,,8,8,10,10
Pt98_t6,KK268,lib2,Volasertib,True,,8,8,10,10
Pt99_t1,KK264,lib2,5-FU,True,,8,8,10,10
Pt99_t1,KK264,lib2,AZD5991,True,,8,8,10,10
Pt99_t1,KK264,lib2,AZD7762,True,,8,8,10,10
Pt99_t1,KK264,lib2,Adavosertib,True,,8,8,10,10
Pt99_t1,KK264,lib2,Afatinib,True,,8,8,10,10
Pt99_t1,KK264,lib2,Alectinib,True,,8,8,10,10
Pt99_t1,KK264,lib2,Alisertib,True,,8,8,10,10
Pt99_t1,KK264,lib2,Atorvastatin,True,,8,8,10,10
Pt99_t1,KK264,lib2,BMS-754807,True,,8,8,10,10
Pt99_t1,KK264,lib2,Bemcentinib,True,,8,8,10,10
Pt99_t1,KK264,lib2,Carfilzomib,True,,8,8,10,10
Pt99_t1,KK264,lib2,Ceralasertib,True,,8,8,10,10
Pt99_t1,KK264,lib2,Cetuximab,True,,5,5,10,10
Pt99_t1,KK264,lib2,Dasatinib,True,,8,8,10,10
Pt99_t1,KK264,lib2,Encorafenib,True,,8,8,10,10
Pt99_t1,KK264,lib2,Everolimus,True,,8,8,10,10
Pt99_t1,KK264,lib2,Gedatolisib,True,,8,8,10,10
Pt99_t1,KK264,lib2,Gemcitabine,True,,8,8,10,10
Pt99_t1,KK264,lib2,Idasanutlin,True,,8,8,10,10
Pt99_t1,KK264,lib2,Idelalisib,True,,8,8,10,10
Pt99_t1,KK264,lib2,LCL161,True,,8,8,10,10
Pt99_t1,KK264,lib2,LGK974,True,,8,8,10,10
Pt99_t1,KK264,lib2,Lapatinib,True,,8,8,10,10
Pt99_t1,KK264,lib2,Larotrectinib,True,,8,8,10,10
Pt99_t1,KK264,lib2,Luminespib,True,,8,8,10,10
Pt99_t1,KK264,lib2,Methotrexate,True,,8,8,10,10
Pt99_t1,KK264,lib2,Napabucasin,True,,8,8,10,10
Pt99_t1,KK264,lib2,Oxaliplatin,True,,8,8,10,10
Pt99_t1,KK264,lib2,Palbociclib,True,,8,8,10,10
Pt99_t1,KK264,lib2,Panobinostat,True,,8,8,10,10
Pt99_t1,KK264,lib2,Pevonedistat,True,,8,8,10,10
Pt99_t1,KK264,lib2,Regorafenib,True,,8,8,10,10
Pt99_t1,KK264,lib2,SN-38,True,,9,9,10,10
Pt99_t1,KK264,lib2,Savolitinib,True,,8,8,10,10
Pt99_t1,KK264,lib2,Selinexor,True,,8,8,10,10
Pt99_t1,KK264,lib2,Silmitasertib,True,,8,8,10,10
Pt99_t1,KK264,lib2,Sotorasib,True,,8,8,10,10
Pt99_t1,KK264,lib2,TAS-102,True,,8,8,10,10
Pt99_t1,KK264,lib2,Talazoparib,True,,8,8,10,10
Pt99_t1,KK264,lib2,Trametinib,True,,8,8,10,10
Pt99_t1,KK264,lib2,Venetoclax,True,,8,8,10,10
Pt99_t1,KK264,lib2,Volasertib,True,,8,8,10,10
Pt99_t2,KK265,lib2,5-FU,True,,8,8,10,10
Pt99_t2,KK265,lib2,AZD5991,True,,8,8,10,10
Pt99_t2,KK265,lib2,AZD7762,True,,8,8,10,10
Pt99_t2,KK265,lib2,Adavosertib,True,,8,8,10,10
Pt99_t2,KK265,lib2,Afatinib,True,,8,8,10,10
Pt99_t2,KK265,lib2,Alectinib,True,,8,8,10,10
Pt99_t2,KK265,lib2,Alisertib,True,,8,8,10,10
Pt99_t2,KK265,lib2,Atorvastatin,True,,8,8,10,10
Pt99_t2,KK265,lib2,BMS-754807,True,,8,8,10,10
Pt99_t2,KK265,lib2,Bemcentinib,True,,8,8,10,10
Pt99_t2,KK265,lib2,Carfilzomib,True,,8,8,10,10
Pt99_t2,KK265,lib2,Ceralasertib,True,,8,8,10,10
Pt99_t2,KK265,lib2,Cetuximab,True,,5,5,10,10
Pt99_t2,KK265,lib2,Dasatinib,True,,8,8,10,10
Pt99_t2,KK265,lib2,Encorafenib,True,,8,8,10,10
Pt99_t2,KK265,lib2,Everolimus,True,,8,8,10,10
Pt99_t2,KK265,lib2,Gedatolisib,True,,8,8,10,10
Pt99_t2,KK265,lib2,Gemcitabine,True,,8,8,10,10
Pt99_t2,KK265,lib2,Idasanutlin,True,,8,8,10,10
Pt99_t2,KK265,lib2,Idelalisib,True,,8,8,10,10
Pt99_t2,KK265,lib2,LCL161,True,,8,8,10,10
Pt99_t2,KK265,lib2,LGK974,True,,8,8,10,10
Pt99_t2,KK265,lib2,Lapatinib,True,,8,8,10,10
Pt99_t2,KK265,lib2,Larotrectinib,True,,8,8,10,10
Pt99_t2,KK265,lib2,Luminespib,True,,8,8,10,10
Pt99_t2,KK265,lib2,Methotrexate,True,,8,8,10,10
Pt99_t2,KK265,lib2,Napabucasin,True,,8,8,10,10
Pt99_t2,KK265,lib2,Oxaliplatin,True,,8,8,10,10
Pt99_t2,KK265,lib2,Palbociclib,True,,8,8,10,10
Pt99_t2,KK265,lib2,Panobinostat,True,,8,8,10,10
Pt99_t2,KK265,lib2,Pevonedistat,True,,8,8,10,10
Pt99_t2,KK265,lib2,Regorafenib,True,,8,8,10,10
Pt99_t2,KK265,lib2,SN-38,True,,9,9,10,10
Pt99_t2,KK265,lib2,Savolitinib,True,,8,8,10,10
Pt99_t2,KK265,lib2,Selinexor,True,,8,8,10,10
Pt99_t2,KK265,lib2,Silmitasertib,True,,8,8,10,10
Pt99_t2,KK265,lib2,Sotorasib,True,,8,8,10,10
Pt99_t2,KK265,lib2,TAS-102,True,,8,8,10,10
Pt99_t2,KK265,lib2,Talazoparib,True,,8,8,10,10
Pt99_t2,KK265,lib2,Trametinib,True,,8,8,10,10
Pt99_t2,KK265,lib2,Venetoclax,True,,8,8,10,10
Pt99_t2,KK265,lib2,Volasertib,True,,8,8,10,10
Pt9_t1,KK89,lib1,2-methoxyestradiol,True,,9,9,13,13
Pt9_t1,KK89,lib1,5-FU,True,,9,9,13,13
Pt9_t1,KK89,lib1,AZD7762,True,,9,9,13,13
Pt9_t1,KK89,lib1,Afatinib,True,,9,9,13,13
Pt9_t1,KK89,lib1,Alisertib,True,,9,9,13,13
Pt9_t1,KK89,lib1,Atorvastatin,True,,9,9,13,13
Pt9_t1,KK89,lib1,Bemcentinib,True,,9,9,13,13
Pt9_t1,KK89,lib1,Binimetinib,True,,9,9,13,13
Pt9_t1,KK89,lib1,Cetuximab,False,fewer than four paired drug doses,2,2,13,13
Pt9_t1,KK89,lib1,Crizotinib,True,,9,9,13,13
Pt9_t1,KK89,lib1,Disulfiram+Cu,True,,5,5,13,13
Pt9_t1,KK89,lib1,Eltanexor,True,,9,9,13,13
Pt9_t1,KK89,lib1,Encorafenib,True,,9,9,13,13
Pt9_t1,KK89,lib1,Erastin,True,,8,8,13,13
Pt9_t1,KK89,lib1,Erlotinib,True,,9,9,13,13
Pt9_t1,KK89,lib1,Gedatolisib,True,,9,9,13,13
Pt9_t1,KK89,lib1,Gemcitabine,True,,9,9,13,13
Pt9_t1,KK89,lib1,Idasanutlin,True,,9,9,13,13
Pt9_t1,KK89,lib1,Ipatasertib,True,,9,9,13,13
Pt9_t1,KK89,lib1,LCL161,True,,5,5,13,13
Pt9_t1,KK89,lib1,LGK974,True,,9,9,13,13
Pt9_t1,KK89,lib1,Lapatinib,True,,9,9,13,13
Pt9_t1,KK89,lib1,Linsitinib,True,,9,9,13,13
Pt9_t1,KK89,lib1,Luminespib,True,,9,9,13,13
Pt9_t1,KK89,lib1,Methotrexate,True,,9,9,13,13
Pt9_t1,KK89,lib1,Napabucasin,True,,9,9,13,13
Pt9_t1,KK89,lib1,Navitoclax,True,,9,9,13,13
Pt9_t1,KK89,lib1,Olaparib,True,,8,8,13,13
Pt9_t1,KK89,lib1,Palbociclib,True,,9,9,13,13
Pt9_t1,KK89,lib1,Panobinostat,True,,9,9,13,13
Pt9_t1,KK89,lib1,Pevonedistat,True,,9,9,13,13
Pt9_t1,KK89,lib1,Regorafenib,True,,9,9,13,13
Pt9_t1,KK89,lib1,SN-38,True,,5,5,13,13
Pt9_t1,KK89,lib1,Sirolimus,True,,8,8,13,13
Pt9_t1,KK89,lib1,TAS-102,True,,9,9,13,13
Pt9_t1,KK89,lib1,Trametinib,True,,9,9,13,13
Pt9_t1,KK89,lib1,Tretinoin,True,,9,9,13,13
Pt9_t1,KK89,lib1,Vitamin C,True,,9,9,13,13
Pt9_t1,KK89,lib1,Volasertib,True,,9,9,13,13
