curve_id,organoid_id,method,policy,budget,mse,coverage90,posterior_target_variance,incremental_variance_reduction,subsets_evaluated_at_count
O01:Coculture:F01:Gef,O01,joint,exact_fixed_budget,3,0.0813459811252,1,0.28870561731,0,1
O01:Coculture:F01:Gef,O01,joint,exact_fixed_budget,4,0.0856799130654,1,0.133129620768,0.155575996543,13
O01:Coculture:F01:Gef,O01,joint,exact_fixed_budget,5,0.0930212421965,1,0.10657549529,0.18213012202,78
O01:Coculture:F01:Gef,O01,joint,exact_fixed_budget,6,0.0920694329656,1,0.088917258725,0.199788358586,286
O01:Coculture:F01:Gef,O01,joint,exact_fixed_budget,7,0.0838090767623,1,0.0790185914789,0.209687025832,715
O01:Coculture:F01:Gef,O01,joint,exact_fixed_budget,8,0.0827376580146,1,0.0714097576622,0.217295859648,1287
O01:Coculture:F01:Gef,O01,joint,exact_fixed_budget,9,0.0856079658907,1,0.0662182213605,0.22248739595,1716
O01:Coculture:F01:Gef,O01,joint,exact_fixed_budget,10,0.073151756541,1,0.0622382543016,0.226467363009,1716
O01:Coculture:F01:Gef,O01,joint,exact_fixed_budget,11,0.0728173871707,1,0.059213700639,0.229491916671,1287
O01:Coculture:F01:Gef,O01,joint,exact_fixed_budget,12,0.0776071450165,1,0.0568906482353,0.231814969075,715
O01:Coculture:F01:Gef,O01,joint,exact_fixed_budget,13,0.0776276519373,1,0.0547695408573,0.233936076453,286
O01:Coculture:F01:Gef,O01,joint,exact_fixed_budget,14,0.0752726700982,1,0.0528527847747,0.235852832536,78
O01:Coculture:F01:Gef,O01,joint,exact_fixed_budget,15,0.0749940333014,1,0.0511999068445,0.237505710466,13
O01:Coculture:F01:Gef,O01,joint,exact_fixed_budget,16,0.0720766697267,1,0.0499574589007,0.23874815841,1
O01:Coculture:F01:Gef,O01,diagonal,exact_fixed_budget,3,0.134388869318,1,0.280588225278,0,1
O01:Coculture:F01:Gef,O01,diagonal,exact_fixed_budget,4,0.122911097256,1,0.130316967756,0.150271257522,13
O01:Coculture:F01:Gef,O01,diagonal,exact_fixed_budget,5,0.124386041012,1,0.0981364215616,0.182451803717,78
O01:Coculture:F01:Gef,O01,diagonal,exact_fixed_budget,6,0.105224561542,1,0.0816837015584,0.19890452372,286
O01:Coculture:F01:Gef,O01,diagonal,exact_fixed_budget,7,0.10803797548,1,0.070481539631,0.210106685647,715
O01:Coculture:F01:Gef,O01,diagonal,exact_fixed_budget,8,0.0952289679572,1,0.0616035508859,0.218984674392,1287
O01:Coculture:F01:Gef,O01,diagonal,exact_fixed_budget,9,0.0896624918088,1,0.0552987596725,0.225289465606,1716
O01:Coculture:F01:Gef,O01,diagonal,exact_fixed_budget,10,0.0910316194359,1,0.050448058291,0.230140166987,1716
O01:Coculture:F01:Gef,O01,diagonal,exact_fixed_budget,11,0.0916348953057,1,0.0465111599213,0.234077065357,1287
O01:Coculture:F01:Gef,O01,diagonal,exact_fixed_budget,12,0.0865823486843,1,0.0434671400405,0.237121085238,715
O01:Coculture:F01:Gef,O01,diagonal,exact_fixed_budget,13,0.08775954932,1,0.0407281522897,0.239860072988,286
O01:Coculture:F01:Gef,O01,diagonal,exact_fixed_budget,14,0.0866412394114,1,0.0384007525803,0.242187472698,78
O01:Coculture:F01:Gef,O01,diagonal,exact_fixed_budget,15,0.0862559215355,1,0.0378450099172,0.242743215361,13
O01:Coculture:F01:Gef,O01,diagonal,exact_fixed_budget,16,0.0862559215355,1,0.0378450099172,0.242743215361,1
O01:Coculture:F01:Oxa,O01,joint,exact_fixed_budget,3,0.149818663563,1,0.280474878044,0,1
O01:Coculture:F01:Oxa,O01,joint,exact_fixed_budget,4,6.30825367597,0.142857142857,0.138036664512,0.142438213532,13
O01:Coculture:F01:Oxa,O01,joint,exact_fixed_budget,5,0.115494095726,1,0.113205720394,0.16726915765,78
O01:Coculture:F01:Oxa,O01,joint,exact_fixed_budget,6,0.109660613842,1,0.0914189699242,0.18905590812,286
O01:Coculture:F01:Oxa,O01,joint,exact_fixed_budget,7,1.88623498909,0.571428571429,0.0823127632634,0.19816211478,715
O01:Coculture:F01:Oxa,O01,joint,exact_fixed_budget,8,1.10476859632,0.714285714286,0.0745004708825,0.205974407161,1287
O01:Coculture:F01:Oxa,O01,joint,exact_fixed_budget,9,0.893250060031,0.714285714286,0.0698082787267,0.210666599317,1716
O01:Coculture:F01:Oxa,O01,joint,exact_fixed_budget,10,0.919150320957,0.714285714286,0.0658223250994,0.214652552945,1716
O01:Coculture:F01:Oxa,O01,joint,exact_fixed_budget,11,1.37923992942,0.714285714286,0.0628241671311,0.217650710913,1287
O01:Coculture:F01:Oxa,O01,joint,exact_fixed_budget,12,1.37830199384,0.714285714286,0.0603459793496,0.220128898694,715
O01:Coculture:F01:Oxa,O01,joint,exact_fixed_budget,13,0.531609997816,0.714285714286,0.0585449552484,0.221929922796,286
O01:Coculture:F01:Oxa,O01,joint,exact_fixed_budget,14,0.86780940694,0.714285714286,0.0568102647443,0.2236646133,78
O01:Coculture:F01:Oxa,O01,joint,exact_fixed_budget,15,0.866194212645,0.714285714286,0.0553952476741,0.22507963037,13
O01:Coculture:F01:Oxa,O01,joint,exact_fixed_budget,16,0.862730047183,0.714285714286,0.0542476662103,0.226227211834,1
O01:Coculture:F01:Oxa,O01,diagonal,exact_fixed_budget,3,0.136095020862,1,0.267019887966,0,1
O01:Coculture:F01:Oxa,O01,diagonal,exact_fixed_budget,4,4.7099901572,0.142857142857,0.129217436396,0.137802451569,13
O01:Coculture:F01:Oxa,O01,diagonal,exact_fixed_budget,5,0.100163223939,1,0.097680074483,0.169339813483,78
O01:Coculture:F01:Oxa,O01,diagonal,exact_fixed_budget,6,1.86026253734,0.428571428571,0.0821925512078,0.184827336758,286
O01:Coculture:F01:Oxa,O01,diagonal,exact_fixed_budget,7,1.27794324002,0.571428571429,0.070965580188,0.196054307778,715
O01:Coculture:F01:Oxa,O01,diagonal,exact_fixed_budget,8,0.672174417642,0.571428571429,0.0622947771021,0.204725110864,1287
O01:Coculture:F01:Oxa,O01,diagonal,exact_fixed_budget,9,1.02648707058,0.714285714286,0.05631538607,0.210704501896,1716
O01:Coculture:F01:Oxa,O01,diagonal,exact_fixed_budget,10,1.52584733208,0.571428571429,0.0515810676561,0.21543882031,1716
O01:Coculture:F01:Oxa,O01,diagonal,exact_fixed_budget,11,1.53369484534,0.428571428571,0.0473575768087,0.219662311157,1287
O01:Coculture:F01:Oxa,O01,diagonal,exact_fixed_budget,12,1.44525138078,0.571428571429,0.0444115049677,0.222608382998,715
O01:Coculture:F01:Oxa,O01,diagonal,exact_fixed_budget,13,1.05331688338,0.714285714286,0.0417022576297,0.225317630336,286
O01:Coculture:F01:Oxa,O01,diagonal,exact_fixed_budget,14,1.02353231411,0.714285714286,0.0392273519641,0.227792536002,78
O01:Coculture:F01:Oxa,O01,diagonal,exact_fixed_budget,15,1.02648039156,0.714285714286,0.0381875006347,0.228832387331,13
O01:Coculture:F01:Oxa,O01,diagonal,exact_fixed_budget,16,1.02648039156,0.714285714286,0.0381875006347,0.228832387331,1
O01:Monoculture::5-FU,O01,joint,exact_fixed_budget,3,0.291181367843,0.857142857143,0.280474878044,0,1
O01:Monoculture::5-FU,O01,joint,exact_fixed_budget,4,0.284280107187,0.857142857143,0.138036664512,0.142438213532,13
O01:Monoculture::5-FU,O01,joint,exact_fixed_budget,5,0.270402116468,0.857142857143,0.113205720394,0.16726915765,78
O01:Monoculture::5-FU,O01,joint,exact_fixed_budget,6,0.247321112509,0.857142857143,0.0914189699242,0.18905590812,286
O01:Monoculture::5-FU,O01,joint,exact_fixed_budget,7,0.227265450979,0.857142857143,0.0823127632634,0.19816211478,715
O01:Monoculture::5-FU,O01,joint,exact_fixed_budget,8,0.228870753154,0.857142857143,0.0745004708825,0.205974407161,1287
O01:Monoculture::5-FU,O01,joint,exact_fixed_budget,9,0.252516569159,0.857142857143,0.0698082787267,0.210666599317,1716
O01:Monoculture::5-FU,O01,joint,exact_fixed_budget,10,0.260023777053,0.857142857143,0.0658223250994,0.214652552945,1716
O01:Monoculture::5-FU,O01,joint,exact_fixed_budget,11,0.258360838687,0.857142857143,0.0628241671311,0.217650710913,1287
O01:Monoculture::5-FU,O01,joint,exact_fixed_budget,12,0.19596534793,0.857142857143,0.0603459793496,0.220128898694,715
O01:Monoculture::5-FU,O01,joint,exact_fixed_budget,13,0.201759138404,0.857142857143,0.0585449552484,0.221929922796,286
O01:Monoculture::5-FU,O01,joint,exact_fixed_budget,14,0.201821770742,0.857142857143,0.0568102647443,0.2236646133,78
O01:Monoculture::5-FU,O01,joint,exact_fixed_budget,15,0.208673567403,0.857142857143,0.0553952476741,0.22507963037,13
O01:Monoculture::5-FU,O01,joint,exact_fixed_budget,16,0.209009813623,0.857142857143,0.0542476662103,0.226227211834,1
O01:Monoculture::5-FU,O01,diagonal,exact_fixed_budget,3,0.253359456816,0.857142857143,0.267019887966,0,1
O01:Monoculture::5-FU,O01,diagonal,exact_fixed_budget,4,0.243467272664,0.857142857143,0.129217436396,0.137802451569,13
O01:Monoculture::5-FU,O01,diagonal,exact_fixed_budget,5,0.241146416527,0.857142857143,0.097680074483,0.169339813483,78
O01:Monoculture::5-FU,O01,diagonal,exact_fixed_budget,6,0.197699101451,0.857142857143,0.0821925512078,0.184827336758,286
O01:Monoculture::5-FU,O01,diagonal,exact_fixed_budget,7,0.208658249249,0.857142857143,0.070965580188,0.196054307778,715
O01:Monoculture::5-FU,O01,diagonal,exact_fixed_budget,8,0.251246867568,0.857142857143,0.0622947771021,0.204725110864,1287
O01:Monoculture::5-FU,O01,diagonal,exact_fixed_budget,9,0.2358989757,0.857142857143,0.05631538607,0.210704501896,1716
O01:Monoculture::5-FU,O01,diagonal,exact_fixed_budget,10,0.228618059302,0.857142857143,0.0515810676561,0.21543882031,1716
O01:Monoculture::5-FU,O01,diagonal,exact_fixed_budget,11,0.196821605892,0.857142857143,0.0473575768087,0.219662311157,1287
O01:Monoculture::5-FU,O01,diagonal,exact_fixed_budget,12,0.198357990998,0.857142857143,0.0444115049677,0.222608382998,715
O01:Monoculture::5-FU,O01,diagonal,exact_fixed_budget,13,0.196943854699,0.857142857143,0.0417022576297,0.225317630336,286
O01:Monoculture::5-FU,O01,diagonal,exact_fixed_budget,14,0.197394796102,0.857142857143,0.0392273519641,0.227792536002,78
O01:Monoculture::5-FU,O01,diagonal,exact_fixed_budget,15,0.201930748301,0.857142857143,0.0381875006347,0.228832387331,13
O01:Monoculture::5-FU,O01,diagonal,exact_fixed_budget,16,0.201930748301,0.857142857143,0.0381875006347,0.228832387331,1
O01:Monoculture::Oxa,O01,joint,exact_fixed_budget,3,0.0709893776051,1,0.280474878044,0,1
O01:Monoculture::Oxa,O01,joint,exact_fixed_budget,4,0.115012337831,1,0.138036664512,0.142438213532,13
O01:Monoculture::Oxa,O01,joint,exact_fixed_budget,5,0.0308786566474,1,0.113205720394,0.16726915765,78
O01:Monoculture::Oxa,O01,joint,exact_fixed_budget,6,0.0537514821275,1,0.0914189699242,0.18905590812,286
O01:Monoculture::Oxa,O01,joint,exact_fixed_budget,7,0.160810258673,1,0.0823127632634,0.19816211478,715
O01:Monoculture::Oxa,O01,joint,exact_fixed_budget,8,0.0927129302445,1,0.0745004708825,0.205974407161,1287
O01:Monoculture::Oxa,O01,joint,exact_fixed_budget,9,0.0789027828602,1,0.0698082787267,0.210666599317,1716
O01:Monoculture::Oxa,O01,joint,exact_fixed_budget,10,0.0791380417344,1,0.0658223250994,0.214652552945,1716
O01:Monoculture::Oxa,O01,joint,exact_fixed_budget,11,0.0649444076386,1,0.0628241671311,0.217650710913,1287
O01:Monoculture::Oxa,O01,joint,exact_fixed_budget,12,0.0627545585619,1,0.0603459793496,0.220128898694,715
O01:Monoculture::Oxa,O01,joint,exact_fixed_budget,13,0.0608872610066,1,0.0585449552484,0.221929922796,286
O01:Monoculture::Oxa,O01,joint,exact_fixed_budget,14,0.0524242565904,1,0.0568102647443,0.2236646133,78
O01:Monoculture::Oxa,O01,joint,exact_fixed_budget,15,0.0601883438856,1,0.0553952476741,0.22507963037,13
O01:Monoculture::Oxa,O01,joint,exact_fixed_budget,16,0.0637857785734,1,0.0542476662103,0.226227211834,1
O01:Monoculture::Oxa,O01,diagonal,exact_fixed_budget,3,0.0482867853963,1,0.267019887966,0,1
O01:Monoculture::Oxa,O01,diagonal,exact_fixed_budget,4,0.0594300030808,1,0.129217436396,0.137802451569,13
O01:Monoculture::Oxa,O01,diagonal,exact_fixed_budget,5,0.0223578719967,1,0.097680074483,0.169339813483,78
O01:Monoculture::Oxa,O01,diagonal,exact_fixed_budget,6,0.0548204325475,1,0.0821925512078,0.184827336758,286
O01:Monoculture::Oxa,O01,diagonal,exact_fixed_budget,7,0.0279386271579,1,0.070965580188,0.196054307778,715
O01:Monoculture::Oxa,O01,diagonal,exact_fixed_budget,8,0.0277103476999,1,0.0622947771021,0.204725110864,1287
O01:Monoculture::Oxa,O01,diagonal,exact_fixed_budget,9,0.0224210519457,1,0.05631538607,0.210704501896,1716
O01:Monoculture::Oxa,O01,diagonal,exact_fixed_budget,10,0.0226976976028,1,0.0515810676561,0.21543882031,1716
O01:Monoculture::Oxa,O01,diagonal,exact_fixed_budget,11,0.0211206738412,1,0.0473575768087,0.219662311157,1287
O01:Monoculture::Oxa,O01,diagonal,exact_fixed_budget,12,0.0171040249784,1,0.0444115049677,0.222608382998,715
O01:Monoculture::Oxa,O01,diagonal,exact_fixed_budget,13,0.0151234969459,1,0.0417022576297,0.225317630336,286
O01:Monoculture::Oxa,O01,diagonal,exact_fixed_budget,14,0.0153415938858,1,0.0392273519641,0.227792536002,78
O01:Monoculture::Oxa,O01,diagonal,exact_fixed_budget,15,0.0157295995522,1,0.0381875006347,0.228832387331,13
O01:Monoculture::Oxa,O01,diagonal,exact_fixed_budget,16,0.0157295995522,1,0.0381875006347,0.228832387331,1
O02:Monoculture::5-FU,O02,joint,exact_fixed_budget,3,0.240506597262,1,0.280474878044,0,1
O02:Monoculture::5-FU,O02,joint,exact_fixed_budget,4,0.393878782393,0.857142857143,0.138036664512,0.142438213532,13
O02:Monoculture::5-FU,O02,joint,exact_fixed_budget,5,0.618301377617,0.714285714286,0.113205720394,0.16726915765,78
O02:Monoculture::5-FU,O02,joint,exact_fixed_budget,6,0.372957281777,0.857142857143,0.0914189699242,0.18905590812,286
O02:Monoculture::5-FU,O02,joint,exact_fixed_budget,7,0.291787470032,0.857142857143,0.0823127632634,0.19816211478,715
O02:Monoculture::5-FU,O02,joint,exact_fixed_budget,8,0.304619735843,0.857142857143,0.0745004708825,0.205974407161,1287
O02:Monoculture::5-FU,O02,joint,exact_fixed_budget,9,0.335131770113,0.857142857143,0.0698082787267,0.210666599317,1716
O02:Monoculture::5-FU,O02,joint,exact_fixed_budget,10,0.335893931317,0.857142857143,0.0658223250994,0.214652552945,1716
O02:Monoculture::5-FU,O02,joint,exact_fixed_budget,11,0.296344118854,0.857142857143,0.0628241671311,0.217650710913,1287
O02:Monoculture::5-FU,O02,joint,exact_fixed_budget,12,0.299982689042,0.857142857143,0.0603459793496,0.220128898694,715
O02:Monoculture::5-FU,O02,joint,exact_fixed_budget,13,0.311060750915,0.857142857143,0.0585449552484,0.221929922796,286
O02:Monoculture::5-FU,O02,joint,exact_fixed_budget,14,0.286752271107,0.857142857143,0.0568102647443,0.2236646133,78
O02:Monoculture::5-FU,O02,joint,exact_fixed_budget,15,0.285915892338,0.857142857143,0.0553952476741,0.22507963037,13
O02:Monoculture::5-FU,O02,joint,exact_fixed_budget,16,0.282228753232,0.857142857143,0.0542476662103,0.226227211834,1
O02:Monoculture::5-FU,O02,diagonal,exact_fixed_budget,3,0.317187747329,1,0.267019887966,0,1
O02:Monoculture::5-FU,O02,diagonal,exact_fixed_budget,4,0.540513009375,0.714285714286,0.129217436396,0.137802451569,13
O02:Monoculture::5-FU,O02,diagonal,exact_fixed_budget,5,0.787526879852,0.714285714286,0.097680074483,0.169339813483,78
O02:Monoculture::5-FU,O02,diagonal,exact_fixed_budget,6,0.680044384506,0.714285714286,0.0821925512078,0.184827336758,286
O02:Monoculture::5-FU,O02,diagonal,exact_fixed_budget,7,0.69030112876,0.714285714286,0.070965580188,0.196054307778,715
O02:Monoculture::5-FU,O02,diagonal,exact_fixed_budget,8,0.797776193893,0.571428571429,0.0622947771021,0.204725110864,1287
O02:Monoculture::5-FU,O02,diagonal,exact_fixed_budget,9,0.809933631227,0.571428571429,0.05631538607,0.210704501896,1716
O02:Monoculture::5-FU,O02,diagonal,exact_fixed_budget,10,0.736637031666,0.571428571429,0.0515810676561,0.21543882031,1716
O02:Monoculture::5-FU,O02,diagonal,exact_fixed_budget,11,0.768739156593,0.428571428571,0.0473575768087,0.219662311157,1287
O02:Monoculture::5-FU,O02,diagonal,exact_fixed_budget,12,0.758500117454,0.428571428571,0.0444115049677,0.222608382998,715
O02:Monoculture::5-FU,O02,diagonal,exact_fixed_budget,13,0.742767599145,0.428571428571,0.0417022576297,0.225317630336,286
O02:Monoculture::5-FU,O02,diagonal,exact_fixed_budget,14,0.750866813467,0.428571428571,0.0392273519641,0.227792536002,78
O02:Monoculture::5-FU,O02,diagonal,exact_fixed_budget,15,0.766552198539,0.428571428571,0.0381875006347,0.228832387331,13
O02:Monoculture::5-FU,O02,diagonal,exact_fixed_budget,16,0.766552198539,0.428571428571,0.0381875006347,0.228832387331,1
O03:Coculture:F20:5-FU,O03,joint,exact_fixed_budget,3,0.245616649262,1,0.280474878044,0,1
O03:Coculture:F20:5-FU,O03,joint,exact_fixed_budget,4,0.212938177318,1,0.138036664512,0.142438213532,13
O03:Coculture:F20:5-FU,O03,joint,exact_fixed_budget,5,0.181861876573,1,0.113205720394,0.16726915765,78
O03:Coculture:F20:5-FU,O03,joint,exact_fixed_budget,6,0.149417157503,1,0.0914189699242,0.18905590812,286
O03:Coculture:F20:5-FU,O03,joint,exact_fixed_budget,7,0.136325330366,1,0.0823127632634,0.19816211478,715
O03:Coculture:F20:5-FU,O03,joint,exact_fixed_budget,8,0.134692083469,1,0.0745004708825,0.205974407161,1287
O03:Coculture:F20:5-FU,O03,joint,exact_fixed_budget,9,0.121699877625,1,0.0698082787267,0.210666599317,1716
O03:Coculture:F20:5-FU,O03,joint,exact_fixed_budget,10,0.121240829657,1,0.0658223250994,0.214652552945,1716
O03:Coculture:F20:5-FU,O03,joint,exact_fixed_budget,11,0.121417693657,1,0.0628241671311,0.217650710913,1287
O03:Coculture:F20:5-FU,O03,joint,exact_fixed_budget,12,0.121516228678,1,0.0603459793496,0.220128898694,715
O03:Coculture:F20:5-FU,O03,joint,exact_fixed_budget,13,0.113043577706,1,0.0585449552484,0.221929922796,286
O03:Coculture:F20:5-FU,O03,joint,exact_fixed_budget,14,0.113988035655,1,0.0568102647443,0.2236646133,78
O03:Coculture:F20:5-FU,O03,joint,exact_fixed_budget,15,0.112180220221,1,0.0553952476741,0.22507963037,13
O03:Coculture:F20:5-FU,O03,joint,exact_fixed_budget,16,0.110875980997,1,0.0542476662103,0.226227211834,1
O03:Coculture:F20:5-FU,O03,diagonal,exact_fixed_budget,3,0.303889664637,1,0.267019887966,0,1
O03:Coculture:F20:5-FU,O03,diagonal,exact_fixed_budget,4,0.320726883246,1,0.129217436396,0.137802451569,13
O03:Coculture:F20:5-FU,O03,diagonal,exact_fixed_budget,5,0.284677085513,1,0.097680074483,0.169339813483,78
O03:Coculture:F20:5-FU,O03,diagonal,exact_fixed_budget,6,0.253289727121,1,0.0821925512078,0.184827336758,286
O03:Coculture:F20:5-FU,O03,diagonal,exact_fixed_budget,7,0.240794918352,1,0.070965580188,0.196054307778,715
O03:Coculture:F20:5-FU,O03,diagonal,exact_fixed_budget,8,0.273085435153,1,0.0622947771021,0.204725110864,1287
O03:Coculture:F20:5-FU,O03,diagonal,exact_fixed_budget,9,0.250223968165,1,0.05631538607,0.210704501896,1716
O03:Coculture:F20:5-FU,O03,diagonal,exact_fixed_budget,10,0.245024116534,1,0.0515810676561,0.21543882031,1716
O03:Coculture:F20:5-FU,O03,diagonal,exact_fixed_budget,11,0.253603490042,1,0.0473575768087,0.219662311157,1287
O03:Coculture:F20:5-FU,O03,diagonal,exact_fixed_budget,12,0.249779769418,1,0.0444115049677,0.222608382998,715
O03:Coculture:F20:5-FU,O03,diagonal,exact_fixed_budget,13,0.241056037805,1,0.0417022576297,0.225317630336,286
O03:Coculture:F20:5-FU,O03,diagonal,exact_fixed_budget,14,0.244474326362,1,0.0392273519641,0.227792536002,78
O03:Coculture:F20:5-FU,O03,diagonal,exact_fixed_budget,15,0.249966154549,1,0.0381875006347,0.228832387331,13
O03:Coculture:F20:5-FU,O03,diagonal,exact_fixed_budget,16,0.249966154549,1,0.0381875006347,0.228832387331,1
O03:Coculture:F20:Gef,O03,joint,exact_fixed_budget,3,0.342133207518,0.857142857143,0.28870561731,0,1
O03:Coculture:F20:Gef,O03,joint,exact_fixed_budget,4,0.521755838911,0.857142857143,0.133129620768,0.155575996543,13
O03:Coculture:F20:Gef,O03,joint,exact_fixed_budget,5,0.37798742531,0.857142857143,0.10657549529,0.18213012202,78
O03:Coculture:F20:Gef,O03,joint,exact_fixed_budget,6,0.388135775452,0.857142857143,0.088917258725,0.199788358586,286
O03:Coculture:F20:Gef,O03,joint,exact_fixed_budget,7,0.460271693652,0.714285714286,0.0790185914789,0.209687025832,715
O03:Coculture:F20:Gef,O03,joint,exact_fixed_budget,8,0.45099907725,0.714285714286,0.0714097576622,0.217295859648,1287
O03:Coculture:F20:Gef,O03,joint,exact_fixed_budget,9,0.419640409699,0.857142857143,0.0662182213605,0.22248739595,1716
O03:Coculture:F20:Gef,O03,joint,exact_fixed_budget,10,0.277421307292,1,0.0622382543016,0.226467363009,1716
O03:Coculture:F20:Gef,O03,joint,exact_fixed_budget,11,0.280016362749,0.857142857143,0.059213700639,0.229491916671,1287
O03:Coculture:F20:Gef,O03,joint,exact_fixed_budget,12,0.276871817879,0.857142857143,0.0568906482353,0.231814969075,715
O03:Coculture:F20:Gef,O03,joint,exact_fixed_budget,13,0.271296147132,1,0.0547695408573,0.233936076453,286
O03:Coculture:F20:Gef,O03,joint,exact_fixed_budget,14,0.244503511659,1,0.0528527847747,0.235852832536,78
O03:Coculture:F20:Gef,O03,joint,exact_fixed_budget,15,0.25056088721,1,0.0511999068445,0.237505710466,13
O03:Coculture:F20:Gef,O03,joint,exact_fixed_budget,16,0.228242170253,1,0.0499574589007,0.23874815841,1
O03:Coculture:F20:Gef,O03,diagonal,exact_fixed_budget,3,0.390917240701,0.857142857143,0.280588225278,0,1
O03:Coculture:F20:Gef,O03,diagonal,exact_fixed_budget,4,0.518905048255,0.714285714286,0.130316967756,0.150271257522,13
O03:Coculture:F20:Gef,O03,diagonal,exact_fixed_budget,5,0.410420936477,0.857142857143,0.0981364215616,0.182451803717,78
O03:Coculture:F20:Gef,O03,diagonal,exact_fixed_budget,6,0.475470273195,0.714285714286,0.0816837015584,0.19890452372,286
O03:Coculture:F20:Gef,O03,diagonal,exact_fixed_budget,7,0.472897236836,0.714285714286,0.070481539631,0.210106685647,715
O03:Coculture:F20:Gef,O03,diagonal,exact_fixed_budget,8,0.300537708323,0.857142857143,0.0616035508859,0.218984674392,1287
O03:Coculture:F20:Gef,O03,diagonal,exact_fixed_budget,9,0.300187974222,1,0.0552987596725,0.225289465606,1716
O03:Coculture:F20:Gef,O03,diagonal,exact_fixed_budget,10,0.301167184735,0.857142857143,0.050448058291,0.230140166987,1716
O03:Coculture:F20:Gef,O03,diagonal,exact_fixed_budget,11,0.294433166894,0.857142857143,0.0465111599213,0.234077065357,1287
O03:Coculture:F20:Gef,O03,diagonal,exact_fixed_budget,12,0.281547929668,0.857142857143,0.0434671400405,0.237121085238,715
O03:Coculture:F20:Gef,O03,diagonal,exact_fixed_budget,13,0.285680830393,0.857142857143,0.0407281522897,0.239860072988,286
O03:Coculture:F20:Gef,O03,diagonal,exact_fixed_budget,14,0.26341284535,0.857142857143,0.0384007525803,0.242187472698,78
O03:Coculture:F20:Gef,O03,diagonal,exact_fixed_budget,15,0.267017839908,0.857142857143,0.0378450099172,0.242743215361,13
O03:Coculture:F20:Gef,O03,diagonal,exact_fixed_budget,16,0.267017839908,0.857142857143,0.0378450099172,0.242743215361,1
O03:Coculture:F20:Oxa,O03,joint,exact_fixed_budget,3,0.207944295591,1,0.280474878044,0,1
O03:Coculture:F20:Oxa,O03,joint,exact_fixed_budget,4,0.0945025515142,1,0.138036664512,0.142438213532,13
O03:Coculture:F20:Oxa,O03,joint,exact_fixed_budget,5,0.0341630153733,1,0.113205720394,0.16726915765,78
O03:Coculture:F20:Oxa,O03,joint,exact_fixed_budget,6,0.0404420138051,1,0.0914189699242,0.18905590812,286
O03:Coculture:F20:Oxa,O03,joint,exact_fixed_budget,7,0.0449729332963,1,0.0823127632634,0.19816211478,715
O03:Coculture:F20:Oxa,O03,joint,exact_fixed_budget,8,0.0494095159404,1,0.0745004708825,0.205974407161,1287
O03:Coculture:F20:Oxa,O03,joint,exact_fixed_budget,9,0.0212029163932,1,0.0698082787267,0.210666599317,1716
O03:Coculture:F20:Oxa,O03,joint,exact_fixed_budget,10,0.0217556823919,1,0.0658223250994,0.214652552945,1716
O03:Coculture:F20:Oxa,O03,joint,exact_fixed_budget,11,0.0211571247548,1,0.0628241671311,0.217650710913,1287
O03:Coculture:F20:Oxa,O03,joint,exact_fixed_budget,12,0.0198391820006,1,0.0603459793496,0.220128898694,715
O03:Coculture:F20:Oxa,O03,joint,exact_fixed_budget,13,0.0204948022783,1,0.0585449552484,0.221929922796,286
O03:Coculture:F20:Oxa,O03,joint,exact_fixed_budget,14,0.0204234007339,1,0.0568102647443,0.2236646133,78
O03:Coculture:F20:Oxa,O03,joint,exact_fixed_budget,15,0.0196970171928,1,0.0553952476741,0.22507963037,13
O03:Coculture:F20:Oxa,O03,joint,exact_fixed_budget,16,0.020065355355,1,0.0542476662103,0.226227211834,1
O03:Coculture:F20:Oxa,O03,diagonal,exact_fixed_budget,3,0.246343142785,1,0.267019887966,0,1
O03:Coculture:F20:Oxa,O03,diagonal,exact_fixed_budget,4,0.127990919399,1,0.129217436396,0.137802451569,13
O03:Coculture:F20:Oxa,O03,diagonal,exact_fixed_budget,5,0.0513472452425,1,0.097680074483,0.169339813483,78
O03:Coculture:F20:Oxa,O03,diagonal,exact_fixed_budget,6,0.0662873426234,1,0.0821925512078,0.184827336758,286
O03:Coculture:F20:Oxa,O03,diagonal,exact_fixed_budget,7,0.0501697024005,1,0.070965580188,0.196054307778,715
O03:Coculture:F20:Oxa,O03,diagonal,exact_fixed_budget,8,0.0361230120637,1,0.0622947771021,0.204725110864,1287
O03:Coculture:F20:Oxa,O03,diagonal,exact_fixed_budget,9,0.0306772589787,1,0.05631538607,0.210704501896,1716
O03:Coculture:F20:Oxa,O03,diagonal,exact_fixed_budget,10,0.0295096616044,1,0.0515810676561,0.21543882031,1716
O03:Coculture:F20:Oxa,O03,diagonal,exact_fixed_budget,11,0.0269266691448,1,0.0473575768087,0.219662311157,1287
O03:Coculture:F20:Oxa,O03,diagonal,exact_fixed_budget,12,0.0313255193508,1,0.0444115049677,0.222608382998,715
O03:Coculture:F20:Oxa,O03,diagonal,exact_fixed_budget,13,0.0309180550303,1,0.0417022576297,0.225317630336,286
O03:Coculture:F20:Oxa,O03,diagonal,exact_fixed_budget,14,0.0302635182409,1,0.0392273519641,0.227792536002,78
O03:Coculture:F20:Oxa,O03,diagonal,exact_fixed_budget,15,0.029181241988,1,0.0381875006347,0.228832387331,13
O03:Coculture:F20:Oxa,O03,diagonal,exact_fixed_budget,16,0.029181241988,1,0.0381875006347,0.228832387331,1
O03:Coculture:F20:SN-38,O03,joint,exact_fixed_budget,3,0.684521851875,0.857142857143,0.277257611944,0,1
O03:Coculture:F20:SN-38,O03,joint,exact_fixed_budget,4,0.114874901953,1,0.141986636129,0.135270975815,13
O03:Coculture:F20:SN-38,O03,joint,exact_fixed_budget,5,0.115300256895,1,0.117377687616,0.159879924328,78
O03:Coculture:F20:SN-38,O03,joint,exact_fixed_budget,6,0.151201799625,1,0.0930408830139,0.18421672893,286
O03:Coculture:F20:SN-38,O03,joint,exact_fixed_budget,7,0.102562959905,1,0.0842845487245,0.19297306322,715
O03:Coculture:F20:SN-38,O03,joint,exact_fixed_budget,8,0.139767418029,1,0.0767994229069,0.200458189037,1287
O03:Coculture:F20:SN-38,O03,joint,exact_fixed_budget,9,0.110271111016,1,0.0720229370302,0.205234674914,1716
O03:Coculture:F20:SN-38,O03,joint,exact_fixed_budget,10,0.0780036461668,1,0.068255369939,0.209002242005,1716
O03:Coculture:F20:SN-38,O03,joint,exact_fixed_budget,11,0.0772711734186,1,0.0652521460081,0.212005465936,1287
O03:Coculture:F20:SN-38,O03,joint,exact_fixed_budget,12,0.0735669197719,1,0.0624196615889,0.214837950355,715
O03:Coculture:F20:SN-38,O03,joint,exact_fixed_budget,13,0.0714347464432,1,0.060736743078,0.216520868866,286
O03:Coculture:F20:SN-38,O03,joint,exact_fixed_budget,14,0.0721449469248,1,0.059065720296,0.218191891648,78
O03:Coculture:F20:SN-38,O03,joint,exact_fixed_budget,15,0.0726064068108,1,0.057537335827,0.219720276117,13
O03:Coculture:F20:SN-38,O03,joint,exact_fixed_budget,16,0.0772917158197,1,0.0564133585507,0.220844253393,1
O03:Coculture:F20:SN-38,O03,diagonal,exact_fixed_budget,3,0.673952842904,0.857142857143,0.260990994904,0,1
O03:Coculture:F20:SN-38,O03,diagonal,exact_fixed_budget,4,0.147751875091,1,0.129151237072,0.131839757832,13
O03:Coculture:F20:SN-38,O03,diagonal,exact_fixed_budget,5,0.185839087895,1,0.0976331423158,0.163357852588,78
O03:Coculture:F20:SN-38,O03,diagonal,exact_fixed_budget,6,0.137026031195,1,0.0824541824899,0.178536812414,286
O03:Coculture:F20:SN-38,O03,diagonal,exact_fixed_budget,7,0.171230081915,1,0.0712880117184,0.189702983185,715
O03:Coculture:F20:SN-38,O03,diagonal,exact_fixed_budget,8,0.135749605271,1,0.0628129694369,0.198178025467,1287
O03:Coculture:F20:SN-38,O03,diagonal,exact_fixed_budget,9,0.0999557647529,1,0.0569733789787,0.204017615925,1716
O03:Coculture:F20:SN-38,O03,diagonal,exact_fixed_budget,10,0.112769171747,1,0.0520441460796,0.208946848824,1716
O03:Coculture:F20:SN-38,O03,diagonal,exact_fixed_budget,11,0.0934216348133,1,0.0476825394107,0.213308455493,1287
O03:Coculture:F20:SN-38,O03,diagonal,exact_fixed_budget,12,0.0948260013228,1,0.0446661243149,0.216324870589,715
O03:Coculture:F20:SN-38,O03,diagonal,exact_fixed_budget,13,0.0907386990635,1,0.0418890993682,0.219101895535,286
O03:Coculture:F20:SN-38,O03,diagonal,exact_fixed_budget,14,0.0902344335443,1,0.0394667818013,0.221524213102,78
O03:Coculture:F20:SN-38,O03,diagonal,exact_fixed_budget,15,0.0908585933661,1,0.0380725066289,0.222918488275,13
O03:Coculture:F20:SN-38,O03,diagonal,exact_fixed_budget,16,0.0908585933661,1,0.0380725066289,0.222918488275,1
O03:Monoculture::Oxa,O03,joint,exact_fixed_budget,3,0.847824719135,0.857142857143,0.280474878044,0,1
O03:Monoculture::Oxa,O03,joint,exact_fixed_budget,4,0.171678943435,1,0.138036664512,0.142438213532,13
O03:Monoculture::Oxa,O03,joint,exact_fixed_budget,5,0.0397169153134,1,0.113205720394,0.16726915765,78
O03:Monoculture::Oxa,O03,joint,exact_fixed_budget,6,0.0664294907046,1,0.0914189699242,0.18905590812,286
O03:Monoculture::Oxa,O03,joint,exact_fixed_budget,7,0.0716086673342,1,0.0823127632634,0.19816211478,715
O03:Monoculture::Oxa,O03,joint,exact_fixed_budget,8,0.0474897711865,1,0.0745004708825,0.205974407161,1287
O03:Monoculture::Oxa,O03,joint,exact_fixed_budget,9,0.0277643760067,1,0.0698082787267,0.210666599317,1716
O03:Monoculture::Oxa,O03,joint,exact_fixed_budget,10,0.0273910116138,1,0.0658223250994,0.214652552945,1716
O03:Monoculture::Oxa,O03,joint,exact_fixed_budget,11,0.0321253041084,1,0.0628241671311,0.217650710913,1287
O03:Monoculture::Oxa,O03,joint,exact_fixed_budget,12,0.0349199331082,1,0.0603459793496,0.220128898694,715
O03:Monoculture::Oxa,O03,joint,exact_fixed_budget,13,0.0429424726435,1,0.0585449552484,0.221929922796,286
O03:Monoculture::Oxa,O03,joint,exact_fixed_budget,14,0.030571338258,1,0.0568102647443,0.2236646133,78
O03:Monoculture::Oxa,O03,joint,exact_fixed_budget,15,0.0276262389539,1,0.0553952476741,0.22507963037,13
O03:Monoculture::Oxa,O03,joint,exact_fixed_budget,16,0.0291700685716,1,0.0542476662103,0.226227211834,1
O03:Monoculture::Oxa,O03,diagonal,exact_fixed_budget,3,1.02159818076,0.857142857143,0.267019887966,0,1
O03:Monoculture::Oxa,O03,diagonal,exact_fixed_budget,4,0.408695454423,0.857142857143,0.129217436396,0.137802451569,13
O03:Monoculture::Oxa,O03,diagonal,exact_fixed_budget,5,0.155088025086,1,0.097680074483,0.169339813483,78
O03:Monoculture::Oxa,O03,diagonal,exact_fixed_budget,6,0.376705517932,0.857142857143,0.0821925512078,0.184827336758,286
O03:Monoculture::Oxa,O03,diagonal,exact_fixed_budget,7,0.21702909656,0.857142857143,0.070965580188,0.196054307778,715
O03:Monoculture::Oxa,O03,diagonal,exact_fixed_budget,8,0.167954067469,1,0.0622947771021,0.204725110864,1287
O03:Monoculture::Oxa,O03,diagonal,exact_fixed_budget,9,0.290021093821,0.857142857143,0.05631538607,0.210704501896,1716
O03:Monoculture::Oxa,O03,diagonal,exact_fixed_budget,10,0.207054697269,1,0.0515810676561,0.21543882031,1716
O03:Monoculture::Oxa,O03,diagonal,exact_fixed_budget,11,0.196614293439,1,0.0473575768087,0.219662311157,1287
O03:Monoculture::Oxa,O03,diagonal,exact_fixed_budget,12,0.207659621445,1,0.0444115049677,0.222608382998,715
O03:Monoculture::Oxa,O03,diagonal,exact_fixed_budget,13,0.256064880858,0.857142857143,0.0417022576297,0.225317630336,286
O03:Monoculture::Oxa,O03,diagonal,exact_fixed_budget,14,0.256284245283,0.857142857143,0.0392273519641,0.227792536002,78
O03:Monoculture::Oxa,O03,diagonal,exact_fixed_budget,15,0.270201449392,0.857142857143,0.0381875006347,0.228832387331,13
O03:Monoculture::Oxa,O03,diagonal,exact_fixed_budget,16,0.270201449392,0.857142857143,0.0381875006347,0.228832387331,1
O04:Coculture:F04N:5-FU,O04,joint,exact_fixed_budget,3,0.118736156491,1,0.280474878044,0,1
O04:Coculture:F04N:5-FU,O04,joint,exact_fixed_budget,4,0.0646422039974,1,0.138036664512,0.142438213532,13
O04:Coculture:F04N:5-FU,O04,joint,exact_fixed_budget,5,0.205527957916,1,0.113205720394,0.16726915765,78
O04:Coculture:F04N:5-FU,O04,joint,exact_fixed_budget,6,0.062259159291,1,0.0914189699242,0.18905590812,286
O04:Coculture:F04N:5-FU,O04,joint,exact_fixed_budget,7,0.0224124955089,1,0.0823127632634,0.19816211478,715
O04:Coculture:F04N:5-FU,O04,joint,exact_fixed_budget,8,0.0373260711338,1,0.0745004708825,0.205974407161,1287
O04:Coculture:F04N:5-FU,O04,joint,exact_fixed_budget,9,0.0419415721993,1,0.0698082787267,0.210666599317,1716
O04:Coculture:F04N:5-FU,O04,joint,exact_fixed_budget,10,0.0504560490242,1,0.0658223250994,0.214652552945,1716
O04:Coculture:F04N:5-FU,O04,joint,exact_fixed_budget,11,0.0410443436015,1,0.0628241671311,0.217650710913,1287
O04:Coculture:F04N:5-FU,O04,joint,exact_fixed_budget,12,0.0403111977903,1,0.0603459793496,0.220128898694,715
O04:Coculture:F04N:5-FU,O04,joint,exact_fixed_budget,13,0.0497003181495,1,0.0585449552484,0.221929922796,286
O04:Coculture:F04N:5-FU,O04,joint,exact_fixed_budget,14,0.0404795956763,1,0.0568102647443,0.2236646133,78
O04:Coculture:F04N:5-FU,O04,joint,exact_fixed_budget,15,0.0376672860333,1,0.0553952476741,0.22507963037,13
O04:Coculture:F04N:5-FU,O04,joint,exact_fixed_budget,16,0.0374406634651,1,0.0542476662103,0.226227211834,1
O04:Coculture:F04N:5-FU,O04,diagonal,exact_fixed_budget,3,0.147895701776,1,0.267019887966,0,1
O04:Coculture:F04N:5-FU,O04,diagonal,exact_fixed_budget,4,0.114453703718,1,0.129217436396,0.137802451569,13
O04:Coculture:F04N:5-FU,O04,diagonal,exact_fixed_budget,5,0.262842676418,1,0.097680074483,0.169339813483,78
O04:Coculture:F04N:5-FU,O04,diagonal,exact_fixed_budget,6,0.165154935439,1,0.0821925512078,0.184827336758,286
O04:Coculture:F04N:5-FU,O04,diagonal,exact_fixed_budget,7,0.199680550091,1,0.070965580188,0.196054307778,715
O04:Coculture:F04N:5-FU,O04,diagonal,exact_fixed_budget,8,0.199095116639,1,0.0622947771021,0.204725110864,1287
O04:Coculture:F04N:5-FU,O04,diagonal,exact_fixed_budget,9,0.199303785322,1,0.05631538607,0.210704501896,1716
O04:Coculture:F04N:5-FU,O04,diagonal,exact_fixed_budget,10,0.177567126494,1,0.0515810676561,0.21543882031,1716
O04:Coculture:F04N:5-FU,O04,diagonal,exact_fixed_budget,11,0.161586894477,1,0.0473575768087,0.219662311157,1287
O04:Coculture:F04N:5-FU,O04,diagonal,exact_fixed_budget,12,0.17566106775,1,0.0444115049677,0.222608382998,715
O04:Coculture:F04N:5-FU,O04,diagonal,exact_fixed_budget,13,0.163789816949,1,0.0417022576297,0.225317630336,286
O04:Coculture:F04N:5-FU,O04,diagonal,exact_fixed_budget,14,0.17319125976,1,0.0392273519641,0.227792536002,78
O04:Coculture:F04N:5-FU,O04,diagonal,exact_fixed_budget,15,0.180593145993,1,0.0381875006347,0.228832387331,13
O04:Coculture:F04N:5-FU,O04,diagonal,exact_fixed_budget,16,0.180593145993,1,0.0381875006347,0.228832387331,1
O04:Coculture:F04N:Oxa,O04,joint,exact_fixed_budget,3,1.34725945271,0.857142857143,0.280474878044,0,1
O04:Coculture:F04N:Oxa,O04,joint,exact_fixed_budget,4,0.933580252221,0.857142857143,0.138036664512,0.142438213532,13
O04:Coculture:F04N:Oxa,O04,joint,exact_fixed_budget,5,1.08179113072,0.857142857143,0.113205720394,0.16726915765,78
O04:Coculture:F04N:Oxa,O04,joint,exact_fixed_budget,6,1.06942986703,0.857142857143,0.0914189699242,0.18905590812,286
O04:Coculture:F04N:Oxa,O04,joint,exact_fixed_budget,7,0.865740096794,0.857142857143,0.0823127632634,0.19816211478,715
O04:Coculture:F04N:Oxa,O04,joint,exact_fixed_budget,8,0.879154652161,0.857142857143,0.0745004708825,0.205974407161,1287
O04:Coculture:F04N:Oxa,O04,joint,exact_fixed_budget,9,0.876191413953,0.857142857143,0.0698082787267,0.210666599317,1716
O04:Coculture:F04N:Oxa,O04,joint,exact_fixed_budget,10,0.842825382179,0.857142857143,0.0658223250994,0.214652552945,1716
O04:Coculture:F04N:Oxa,O04,joint,exact_fixed_budget,11,0.835814581314,0.857142857143,0.0628241671311,0.217650710913,1287
O04:Coculture:F04N:Oxa,O04,joint,exact_fixed_budget,12,0.863148167294,0.857142857143,0.0603459793496,0.220128898694,715
O04:Coculture:F04N:Oxa,O04,joint,exact_fixed_budget,13,0.880909777188,0.857142857143,0.0585449552484,0.221929922796,286
O04:Coculture:F04N:Oxa,O04,joint,exact_fixed_budget,14,0.874701345767,0.857142857143,0.0568102647443,0.2236646133,78
O04:Coculture:F04N:Oxa,O04,joint,exact_fixed_budget,15,0.836923087385,0.857142857143,0.0553952476741,0.22507963037,13
O04:Coculture:F04N:Oxa,O04,joint,exact_fixed_budget,16,0.844680538679,0.857142857143,0.0542476662103,0.226227211834,1
O04:Coculture:F04N:Oxa,O04,diagonal,exact_fixed_budget,3,1.55044510133,0.714285714286,0.267019887966,0,1
O04:Coculture:F04N:Oxa,O04,diagonal,exact_fixed_budget,4,1.10228707543,0.857142857143,0.129217436396,0.137802451569,13
O04:Coculture:F04N:Oxa,O04,diagonal,exact_fixed_budget,5,1.34710777254,0.714285714286,0.097680074483,0.169339813483,78
O04:Coculture:F04N:Oxa,O04,diagonal,exact_fixed_budget,6,1.00180594537,0.857142857143,0.0821925512078,0.184827336758,286
O04:Coculture:F04N:Oxa,O04,diagonal,exact_fixed_budget,7,1.06719437638,0.857142857143,0.070965580188,0.196054307778,715
O04:Coculture:F04N:Oxa,O04,diagonal,exact_fixed_budget,8,1.11773451477,0.714285714286,0.0622947771021,0.204725110864,1287
O04:Coculture:F04N:Oxa,O04,diagonal,exact_fixed_budget,9,1.05213103995,0.857142857143,0.05631538607,0.210704501896,1716
O04:Coculture:F04N:Oxa,O04,diagonal,exact_fixed_budget,10,1.02380812438,0.857142857143,0.0515810676561,0.21543882031,1716
O04:Coculture:F04N:Oxa,O04,diagonal,exact_fixed_budget,11,1.01138271889,0.857142857143,0.0473575768087,0.219662311157,1287
O04:Coculture:F04N:Oxa,O04,diagonal,exact_fixed_budget,12,1.02867671736,0.857142857143,0.0444115049677,0.222608382998,715
O04:Coculture:F04N:Oxa,O04,diagonal,exact_fixed_budget,13,1.03093261966,0.857142857143,0.0417022576297,0.225317630336,286
O04:Coculture:F04N:Oxa,O04,diagonal,exact_fixed_budget,14,1.02955332176,0.857142857143,0.0392273519641,0.227792536002,78
O04:Coculture:F04N:Oxa,O04,diagonal,exact_fixed_budget,15,1.02938045422,0.857142857143,0.0381875006347,0.228832387331,13
O04:Coculture:F04N:Oxa,O04,diagonal,exact_fixed_budget,16,1.02938045422,0.857142857143,0.0381875006347,0.228832387331,1
O04:Monoculture::Gef,O04,joint,exact_fixed_budget,3,1.61179518002,0.571428571429,0.28870561731,0,1
O04:Monoculture::Gef,O04,joint,exact_fixed_budget,4,0.855719034332,0.571428571429,0.133129620768,0.155575996543,13
O04:Monoculture::Gef,O04,joint,exact_fixed_budget,5,0.537864576772,0.714285714286,0.10657549529,0.18213012202,78
O04:Monoculture::Gef,O04,joint,exact_fixed_budget,6,0.494473877879,0.714285714286,0.088917258725,0.199788358586,286
O04:Monoculture::Gef,O04,joint,exact_fixed_budget,7,0.465475398217,0.714285714286,0.0790185914789,0.209687025832,715
O04:Monoculture::Gef,O04,joint,exact_fixed_budget,8,0.471207783706,0.714285714286,0.0714097576622,0.217295859648,1287
O04:Monoculture::Gef,O04,joint,exact_fixed_budget,9,0.481248659398,0.714285714286,0.0662182213605,0.22248739595,1716
O04:Monoculture::Gef,O04,joint,exact_fixed_budget,10,0.47180433837,0.714285714286,0.0622382543016,0.226467363009,1716
O04:Monoculture::Gef,O04,joint,exact_fixed_budget,11,0.450353069786,0.714285714286,0.059213700639,0.229491916671,1287
O04:Monoculture::Gef,O04,joint,exact_fixed_budget,12,0.445303092065,0.714285714286,0.0568906482353,0.231814969075,715
O04:Monoculture::Gef,O04,joint,exact_fixed_budget,13,0.444728042929,0.714285714286,0.0547695408573,0.233936076453,286
O04:Monoculture::Gef,O04,joint,exact_fixed_budget,14,0.443772513197,0.857142857143,0.0528527847747,0.235852832536,78
O04:Monoculture::Gef,O04,joint,exact_fixed_budget,15,0.435403998297,0.857142857143,0.0511999068445,0.237505710466,13
O04:Monoculture::Gef,O04,joint,exact_fixed_budget,16,0.427428552087,0.857142857143,0.0499574589007,0.23874815841,1
O04:Monoculture::Gef,O04,diagonal,exact_fixed_budget,3,1.67812944082,0.714285714286,0.280588225278,0,1
O04:Monoculture::Gef,O04,diagonal,exact_fixed_budget,4,1.00985191142,0.571428571429,0.130316967756,0.150271257522,13
O04:Monoculture::Gef,O04,diagonal,exact_fixed_budget,5,0.664392597238,0.571428571429,0.0981364215616,0.182451803717,78
O04:Monoculture::Gef,O04,diagonal,exact_fixed_budget,6,0.629669332833,0.714285714286,0.0816837015584,0.19890452372,286
O04:Monoculture::Gef,O04,diagonal,exact_fixed_budget,7,0.621052981122,0.714285714286,0.070481539631,0.210106685647,715
O04:Monoculture::Gef,O04,diagonal,exact_fixed_budget,8,0.596416571923,0.714285714286,0.0616035508859,0.218984674392,1287
O04:Monoculture::Gef,O04,diagonal,exact_fixed_budget,9,0.618978240131,0.714285714286,0.0552987596725,0.225289465606,1716
O04:Monoculture::Gef,O04,diagonal,exact_fixed_budget,10,0.58108575842,0.714285714286,0.050448058291,0.230140166987,1716
O04:Monoculture::Gef,O04,diagonal,exact_fixed_budget,11,0.57651107872,0.714285714286,0.0465111599213,0.234077065357,1287
O04:Monoculture::Gef,O04,diagonal,exact_fixed_budget,12,0.574658408694,0.714285714286,0.0434671400405,0.237121085238,715
O04:Monoculture::Gef,O04,diagonal,exact_fixed_budget,13,0.558109794529,0.714285714286,0.0407281522897,0.239860072988,286
O04:Monoculture::Gef,O04,diagonal,exact_fixed_budget,14,0.5479415288,0.714285714286,0.0384007525803,0.242187472698,78
O04:Monoculture::Gef,O04,diagonal,exact_fixed_budget,15,0.553600782896,0.714285714286,0.0378450099172,0.242743215361,13
O04:Monoculture::Gef,O04,diagonal,exact_fixed_budget,16,0.553600782896,0.714285714286,0.0378450099172,0.242743215361,1
O04:Monoculture::Oxa,O04,joint,exact_fixed_budget,3,0.208029076646,1,0.280474878044,0,1
O04:Monoculture::Oxa,O04,joint,exact_fixed_budget,4,0.163669221229,1,0.138036664512,0.142438213532,13
O04:Monoculture::Oxa,O04,joint,exact_fixed_budget,5,0.109131412862,1,0.113205720394,0.16726915765,78
O04:Monoculture::Oxa,O04,joint,exact_fixed_budget,6,0.125910951994,1,0.0914189699242,0.18905590812,286
O04:Monoculture::Oxa,O04,joint,exact_fixed_budget,7,0.11799243915,1,0.0823127632634,0.19816211478,715
O04:Monoculture::Oxa,O04,joint,exact_fixed_budget,8,0.125349860511,1,0.0745004708825,0.205974407161,1287
O04:Monoculture::Oxa,O04,joint,exact_fixed_budget,9,0.121744226124,1,0.0698082787267,0.210666599317,1716
O04:Monoculture::Oxa,O04,joint,exact_fixed_budget,10,0.0937947539542,1,0.0658223250994,0.214652552945,1716
O04:Monoculture::Oxa,O04,joint,exact_fixed_budget,11,0.0986500081481,1,0.0628241671311,0.217650710913,1287
O04:Monoculture::Oxa,O04,joint,exact_fixed_budget,12,0.0964381181288,1,0.0603459793496,0.220128898694,715
O04:Monoculture::Oxa,O04,joint,exact_fixed_budget,13,0.105608643009,1,0.0585449552484,0.221929922796,286
O04:Monoculture::Oxa,O04,joint,exact_fixed_budget,14,0.107932360285,1,0.0568102647443,0.2236646133,78
O04:Monoculture::Oxa,O04,joint,exact_fixed_budget,15,0.0911176780264,1,0.0553952476741,0.22507963037,13
O04:Monoculture::Oxa,O04,joint,exact_fixed_budget,16,0.0895682504978,1,0.0542476662103,0.226227211834,1
O04:Monoculture::Oxa,O04,diagonal,exact_fixed_budget,3,0.234858451843,1,0.267019887966,0,1
O04:Monoculture::Oxa,O04,diagonal,exact_fixed_budget,4,0.214767980484,1,0.129217436396,0.137802451569,13
O04:Monoculture::Oxa,O04,diagonal,exact_fixed_budget,5,0.10244724566,1,0.097680074483,0.169339813483,78
O04:Monoculture::Oxa,O04,diagonal,exact_fixed_budget,6,0.139562175949,1,0.0821925512078,0.184827336758,286
O04:Monoculture::Oxa,O04,diagonal,exact_fixed_budget,7,0.125770038025,1,0.070965580188,0.196054307778,715
O04:Monoculture::Oxa,O04,diagonal,exact_fixed_budget,8,0.083742445222,1,0.0622947771021,0.204725110864,1287
O04:Monoculture::Oxa,O04,diagonal,exact_fixed_budget,9,0.0964461128051,1,0.05631538607,0.210704501896,1716
O04:Monoculture::Oxa,O04,diagonal,exact_fixed_budget,10,0.0926147903509,1,0.0515810676561,0.21543882031,1716
O04:Monoculture::Oxa,O04,diagonal,exact_fixed_budget,11,0.0942352464712,1,0.0473575768087,0.219662311157,1287
O04:Monoculture::Oxa,O04,diagonal,exact_fixed_budget,12,0.0955623342022,1,0.0444115049677,0.222608382998,715
O04:Monoculture::Oxa,O04,diagonal,exact_fixed_budget,13,0.0938090542132,1,0.0417022576297,0.225317630336,286
O04:Monoculture::Oxa,O04,diagonal,exact_fixed_budget,14,0.0909017737195,1,0.0392273519641,0.227792536002,78
O04:Monoculture::Oxa,O04,diagonal,exact_fixed_budget,15,0.0862115310942,1,0.0381875006347,0.228832387331,13
O04:Monoculture::Oxa,O04,diagonal,exact_fixed_budget,16,0.0862115310942,1,0.0381875006347,0.228832387331,1
O05:Monoculture::Oxa,O05,joint,exact_fixed_budget,3,0.0408248004324,1,0.280474878044,0,1
O05:Monoculture::Oxa,O05,joint,exact_fixed_budget,4,0.0388740452447,1,0.138036664512,0.142438213532,13
O05:Monoculture::Oxa,O05,joint,exact_fixed_budget,5,0.0502842364045,1,0.113205720394,0.16726915765,78
O05:Monoculture::Oxa,O05,joint,exact_fixed_budget,6,0.0565198215554,1,0.0914189699242,0.18905590812,286
O05:Monoculture::Oxa,O05,joint,exact_fixed_budget,7,0.075120947793,1,0.0823127632634,0.19816211478,715
O05:Monoculture::Oxa,O05,joint,exact_fixed_budget,8,0.0672172873666,1,0.0745004708825,0.205974407161,1287
O05:Monoculture::Oxa,O05,joint,exact_fixed_budget,9,0.0677482123531,1,0.0698082787267,0.210666599317,1716
O05:Monoculture::Oxa,O05,joint,exact_fixed_budget,10,0.0637010659257,1,0.0658223250994,0.214652552945,1716
O05:Monoculture::Oxa,O05,joint,exact_fixed_budget,11,0.0646260873625,1,0.0628241671311,0.217650710913,1287
O05:Monoculture::Oxa,O05,joint,exact_fixed_budget,12,0.0865781916577,1,0.0603459793496,0.220128898694,715
O05:Monoculture::Oxa,O05,joint,exact_fixed_budget,13,0.0872576470075,1,0.0585449552484,0.221929922796,286
O05:Monoculture::Oxa,O05,joint,exact_fixed_budget,14,0.0859123745201,1,0.0568102647443,0.2236646133,78
O05:Monoculture::Oxa,O05,joint,exact_fixed_budget,15,0.0828248624951,1,0.0553952476741,0.22507963037,13
O05:Monoculture::Oxa,O05,joint,exact_fixed_budget,16,0.0834385791552,1,0.0542476662103,0.226227211834,1
O05:Monoculture::Oxa,O05,diagonal,exact_fixed_budget,3,0.0619084618707,1,0.267019887966,0,1
O05:Monoculture::Oxa,O05,diagonal,exact_fixed_budget,4,0.0483842253933,1,0.129217436396,0.137802451569,13
O05:Monoculture::Oxa,O05,diagonal,exact_fixed_budget,5,0.0462579835024,1,0.097680074483,0.169339813483,78
O05:Monoculture::Oxa,O05,diagonal,exact_fixed_budget,6,0.0667255224883,1,0.0821925512078,0.184827336758,286
O05:Monoculture::Oxa,O05,diagonal,exact_fixed_budget,7,0.0561299006255,1,0.070965580188,0.196054307778,715
O05:Monoculture::Oxa,O05,diagonal,exact_fixed_budget,8,0.0506585271287,1,0.0622947771021,0.204725110864,1287
O05:Monoculture::Oxa,O05,diagonal,exact_fixed_budget,9,0.0558077336126,1,0.05631538607,0.210704501896,1716
O05:Monoculture::Oxa,O05,diagonal,exact_fixed_budget,10,0.0574068095814,1,0.0515810676561,0.21543882031,1716
O05:Monoculture::Oxa,O05,diagonal,exact_fixed_budget,11,0.0822104373719,1,0.0473575768087,0.219662311157,1287
O05:Monoculture::Oxa,O05,diagonal,exact_fixed_budget,12,0.083666085577,1,0.0444115049677,0.222608382998,715
O05:Monoculture::Oxa,O05,diagonal,exact_fixed_budget,13,0.0767466842726,1,0.0417022576297,0.225317630336,286
O05:Monoculture::Oxa,O05,diagonal,exact_fixed_budget,14,0.0772301144301,1,0.0392273519641,0.227792536002,78
O05:Monoculture::Oxa,O05,diagonal,exact_fixed_budget,15,0.0670185464422,1,0.0381875006347,0.228832387331,13
O05:Monoculture::Oxa,O05,diagonal,exact_fixed_budget,16,0.0670185464422,1,0.0381875006347,0.228832387331,1
O06:Coculture:F06:Oxa,O06,joint,exact_fixed_budget,3,0.425517399714,1,0.280474878044,0,1
O06:Coculture:F06:Oxa,O06,joint,exact_fixed_budget,4,0.0969451952842,1,0.138036664512,0.142438213532,13
O06:Coculture:F06:Oxa,O06,joint,exact_fixed_budget,5,0.101781532652,1,0.113205720394,0.16726915765,78
O06:Coculture:F06:Oxa,O06,joint,exact_fixed_budget,6,0.0938858592577,1,0.0914189699242,0.18905590812,286
O06:Coculture:F06:Oxa,O06,joint,exact_fixed_budget,7,0.0857875546128,1,0.0823127632634,0.19816211478,715
O06:Coculture:F06:Oxa,O06,joint,exact_fixed_budget,8,0.0776949530696,1,0.0745004708825,0.205974407161,1287
O06:Coculture:F06:Oxa,O06,joint,exact_fixed_budget,9,0.084168390968,1,0.0698082787267,0.210666599317,1716
O06:Coculture:F06:Oxa,O06,joint,exact_fixed_budget,10,0.0817078586856,1,0.0658223250994,0.214652552945,1716
O06:Coculture:F06:Oxa,O06,joint,exact_fixed_budget,11,0.0773762765586,1,0.0628241671311,0.217650710913,1287
O06:Coculture:F06:Oxa,O06,joint,exact_fixed_budget,12,0.0775624802189,1,0.0603459793496,0.220128898694,715
O06:Coculture:F06:Oxa,O06,joint,exact_fixed_budget,13,0.0843829385013,1,0.0585449552484,0.221929922796,286
O06:Coculture:F06:Oxa,O06,joint,exact_fixed_budget,14,0.0756219734744,1,0.0568102647443,0.2236646133,78
O06:Coculture:F06:Oxa,O06,joint,exact_fixed_budget,15,0.0638915011588,1,0.0553952476741,0.22507963037,13
O06:Coculture:F06:Oxa,O06,joint,exact_fixed_budget,16,0.0633082958974,1,0.0542476662103,0.226227211834,1
O06:Coculture:F06:Oxa,O06,diagonal,exact_fixed_budget,3,0.426352844368,1,0.267019887966,0,1
O06:Coculture:F06:Oxa,O06,diagonal,exact_fixed_budget,4,0.125046982639,1,0.129217436396,0.137802451569,13
O06:Coculture:F06:Oxa,O06,diagonal,exact_fixed_budget,5,0.125503202245,1,0.097680074483,0.169339813483,78
O06:Coculture:F06:Oxa,O06,diagonal,exact_fixed_budget,6,0.114313063051,1,0.0821925512078,0.184827336758,286
O06:Coculture:F06:Oxa,O06,diagonal,exact_fixed_budget,7,0.0955899868717,1,0.070965580188,0.196054307778,715
O06:Coculture:F06:Oxa,O06,diagonal,exact_fixed_budget,8,0.108927666814,1,0.0622947771021,0.204725110864,1287
O06:Coculture:F06:Oxa,O06,diagonal,exact_fixed_budget,9,0.103706125568,1,0.05631538607,0.210704501896,1716
O06:Coculture:F06:Oxa,O06,diagonal,exact_fixed_budget,10,0.0922046145303,1,0.0515810676561,0.21543882031,1716
O06:Coculture:F06:Oxa,O06,diagonal,exact_fixed_budget,11,0.0923916501748,1,0.0473575768087,0.219662311157,1287
O06:Coculture:F06:Oxa,O06,diagonal,exact_fixed_budget,12,0.0938247486456,1,0.0444115049677,0.222608382998,715
O06:Coculture:F06:Oxa,O06,diagonal,exact_fixed_budget,13,0.0974194578911,1,0.0417022576297,0.225317630336,286
O06:Coculture:F06:Oxa,O06,diagonal,exact_fixed_budget,14,0.100084405039,1,0.0392273519641,0.227792536002,78
O06:Coculture:F06:Oxa,O06,diagonal,exact_fixed_budget,15,0.100384668309,1,0.0381875006347,0.228832387331,13
O06:Coculture:F06:Oxa,O06,diagonal,exact_fixed_budget,16,0.100384668309,1,0.0381875006347,0.228832387331,1
O06:Coculture:F06:SN-38,O06,joint,exact_fixed_budget,3,0.413263099155,1,0.277257611944,0,1
O06:Coculture:F06:SN-38,O06,joint,exact_fixed_budget,4,0.0441963721562,1,0.141986636129,0.135270975815,13
O06:Coculture:F06:SN-38,O06,joint,exact_fixed_budget,5,0.0382543880582,1,0.117377687616,0.159879924328,78
O06:Coculture:F06:SN-38,O06,joint,exact_fixed_budget,6,0.0564472995759,1,0.0930408830139,0.18421672893,286
O06:Coculture:F06:SN-38,O06,joint,exact_fixed_budget,7,0.0381579601844,1,0.0842845487245,0.19297306322,715
O06:Coculture:F06:SN-38,O06,joint,exact_fixed_budget,8,0.0471090110535,1,0.0767994229069,0.200458189037,1287
O06:Coculture:F06:SN-38,O06,joint,exact_fixed_budget,9,0.0498972312702,1,0.0720229370302,0.205234674914,1716
O06:Coculture:F06:SN-38,O06,joint,exact_fixed_budget,10,0.0400673666433,1,0.068255369939,0.209002242005,1716
O06:Coculture:F06:SN-38,O06,joint,exact_fixed_budget,11,0.0358671356569,1,0.0652521460081,0.212005465936,1287
O06:Coculture:F06:SN-38,O06,joint,exact_fixed_budget,12,0.0358371957898,1,0.0624196615889,0.214837950355,715
O06:Coculture:F06:SN-38,O06,joint,exact_fixed_budget,13,0.0343880541535,1,0.060736743078,0.216520868866,286
O06:Coculture:F06:SN-38,O06,joint,exact_fixed_budget,14,0.0361159179366,1,0.059065720296,0.218191891648,78
O06:Coculture:F06:SN-38,O06,joint,exact_fixed_budget,15,0.043769577116,1,0.057537335827,0.219720276117,13
O06:Coculture:F06:SN-38,O06,joint,exact_fixed_budget,16,0.0432156209516,1,0.0564133585507,0.220844253393,1
O06:Coculture:F06:SN-38,O06,diagonal,exact_fixed_budget,3,0.446083782855,1,0.260990994904,0,1
O06:Coculture:F06:SN-38,O06,diagonal,exact_fixed_budget,4,0.072953483384,1,0.129151237072,0.131839757832,13
O06:Coculture:F06:SN-38,O06,diagonal,exact_fixed_budget,5,0.108290382865,1,0.0976331423158,0.163357852588,78
O06:Coculture:F06:SN-38,O06,diagonal,exact_fixed_budget,6,0.0883527294591,1,0.0824541824899,0.178536812414,286
O06:Coculture:F06:SN-38,O06,diagonal,exact_fixed_budget,7,0.100765191197,1,0.0712880117184,0.189702983185,715
O06:Coculture:F06:SN-38,O06,diagonal,exact_fixed_budget,8,0.115250008621,1,0.0628129694369,0.198178025467,1287
O06:Coculture:F06:SN-38,O06,diagonal,exact_fixed_budget,9,0.065636349024,1,0.0569733789787,0.204017615925,1716
O06:Coculture:F06:SN-38,O06,diagonal,exact_fixed_budget,10,0.107599789258,1,0.0520441460796,0.208946848824,1716
O06:Coculture:F06:SN-38,O06,diagonal,exact_fixed_budget,11,0.0800564215151,1,0.0476825394107,0.213308455493,1287
O06:Coculture:F06:SN-38,O06,diagonal,exact_fixed_budget,12,0.0920307209685,1,0.0446661243149,0.216324870589,715
O06:Coculture:F06:SN-38,O06,diagonal,exact_fixed_budget,13,0.0963257479903,1,0.0418890993682,0.219101895535,286
O06:Coculture:F06:SN-38,O06,diagonal,exact_fixed_budget,14,0.0980929403813,1,0.0394667818013,0.221524213102,78
O06:Coculture:F06:SN-38,O06,diagonal,exact_fixed_budget,15,0.109341641834,1,0.0380725066289,0.222918488275,13
O06:Coculture:F06:SN-38,O06,diagonal,exact_fixed_budget,16,0.109341641834,1,0.0380725066289,0.222918488275,1
O06:Coculture:F11:5-FU,O06,joint,exact_fixed_budget,3,0.0549895623094,1,0.280474878044,0,1
O06:Coculture:F11:5-FU,O06,joint,exact_fixed_budget,4,0.0345308991193,1,0.138036664512,0.142438213532,13
O06:Coculture:F11:5-FU,O06,joint,exact_fixed_budget,5,0.0421762555087,1,0.113205720394,0.16726915765,78
O06:Coculture:F11:5-FU,O06,joint,exact_fixed_budget,6,0.0423364188258,1,0.0914189699242,0.18905590812,286
O06:Coculture:F11:5-FU,O06,joint,exact_fixed_budget,7,0.015221601046,1,0.0823127632634,0.19816211478,715
O06:Coculture:F11:5-FU,O06,joint,exact_fixed_budget,8,0.0174794229101,1,0.0745004708825,0.205974407161,1287
O06:Coculture:F11:5-FU,O06,joint,exact_fixed_budget,9,0.0157215063754,1,0.0698082787267,0.210666599317,1716
O06:Coculture:F11:5-FU,O06,joint,exact_fixed_budget,10,0.0212721456935,1,0.0658223250994,0.214652552945,1716
O06:Coculture:F11:5-FU,O06,joint,exact_fixed_budget,11,0.0222092114863,1,0.0628241671311,0.217650710913,1287
O06:Coculture:F11:5-FU,O06,joint,exact_fixed_budget,12,0.0205192071825,1,0.0603459793496,0.220128898694,715
O06:Coculture:F11:5-FU,O06,joint,exact_fixed_budget,13,0.0165159734978,1,0.0585449552484,0.221929922796,286
O06:Coculture:F11:5-FU,O06,joint,exact_fixed_budget,14,0.01726106888,1,0.0568102647443,0.2236646133,78
O06:Coculture:F11:5-FU,O06,joint,exact_fixed_budget,15,0.0156320225171,1,0.0553952476741,0.22507963037,13
O06:Coculture:F11:5-FU,O06,joint,exact_fixed_budget,16,0.0143889881051,1,0.0542476662103,0.226227211834,1
O06:Coculture:F11:5-FU,O06,diagonal,exact_fixed_budget,3,0.0554319319173,1,0.267019887966,0,1
O06:Coculture:F11:5-FU,O06,diagonal,exact_fixed_budget,4,0.0367436479575,1,0.129217436396,0.137802451569,13
O06:Coculture:F11:5-FU,O06,diagonal,exact_fixed_budget,5,0.0403053348715,1,0.097680074483,0.169339813483,78
O06:Coculture:F11:5-FU,O06,diagonal,exact_fixed_budget,6,0.0157714623915,1,0.0821925512078,0.184827336758,286
O06:Coculture:F11:5-FU,O06,diagonal,exact_fixed_budget,7,0.0185721462758,1,0.070965580188,0.196054307778,715
O06:Coculture:F11:5-FU,O06,diagonal,exact_fixed_budget,8,0.0492574407979,1,0.0622947771021,0.204725110864,1287
O06:Coculture:F11:5-FU,O06,diagonal,exact_fixed_budget,9,0.0247946328553,1,0.05631538607,0.210704501896,1716
O06:Coculture:F11:5-FU,O06,diagonal,exact_fixed_budget,10,0.0254745190495,1,0.0515810676561,0.21543882031,1716
O06:Coculture:F11:5-FU,O06,diagonal,exact_fixed_budget,11,0.0244987260181,1,0.0473575768087,0.219662311157,1287
O06:Coculture:F11:5-FU,O06,diagonal,exact_fixed_budget,12,0.0202778043704,1,0.0444115049677,0.222608382998,715
O06:Coculture:F11:5-FU,O06,diagonal,exact_fixed_budget,13,0.0204713303271,1,0.0417022576297,0.225317630336,286
O06:Coculture:F11:5-FU,O06,diagonal,exact_fixed_budget,14,0.0195350571368,1,0.0392273519641,0.227792536002,78
O06:Coculture:F11:5-FU,O06,diagonal,exact_fixed_budget,15,0.0193858668941,1,0.0381875006347,0.228832387331,13
O06:Coculture:F11:5-FU,O06,diagonal,exact_fixed_budget,16,0.0193858668941,1,0.0381875006347,0.228832387331,1
O06:Coculture:F11:Oxa,O06,joint,exact_fixed_budget,3,0.35684077408,0.857142857143,0.280474878044,0,1
O06:Coculture:F11:Oxa,O06,joint,exact_fixed_budget,4,0.189476725781,0.857142857143,0.138036664512,0.142438213532,13
O06:Coculture:F11:Oxa,O06,joint,exact_fixed_budget,5,0.106553719754,1,0.113205720394,0.16726915765,78
O06:Coculture:F11:Oxa,O06,joint,exact_fixed_budget,6,0.0726953616101,1,0.0914189699242,0.18905590812,286
O06:Coculture:F11:Oxa,O06,joint,exact_fixed_budget,7,0.091532212282,1,0.0823127632634,0.19816211478,715
O06:Coculture:F11:Oxa,O06,joint,exact_fixed_budget,8,0.0710487696384,1,0.0745004708825,0.205974407161,1287
O06:Coculture:F11:Oxa,O06,joint,exact_fixed_budget,9,0.0708099602437,1,0.0698082787267,0.210666599317,1716
O06:Coculture:F11:Oxa,O06,joint,exact_fixed_budget,10,0.0723920953176,1,0.0658223250994,0.214652552945,1716
O06:Coculture:F11:Oxa,O06,joint,exact_fixed_budget,11,0.072687024607,1,0.0628241671311,0.217650710913,1287
O06:Coculture:F11:Oxa,O06,joint,exact_fixed_budget,12,0.0700103648532,1,0.0603459793496,0.220128898694,715
O06:Coculture:F11:Oxa,O06,joint,exact_fixed_budget,13,0.0707101817155,1,0.0585449552484,0.221929922796,286
O06:Coculture:F11:Oxa,O06,joint,exact_fixed_budget,14,0.0712035425353,1,0.0568102647443,0.2236646133,78
O06:Coculture:F11:Oxa,O06,joint,exact_fixed_budget,15,0.077820328346,1,0.0553952476741,0.22507963037,13
O06:Coculture:F11:Oxa,O06,joint,exact_fixed_budget,16,0.0777089847507,1,0.0542476662103,0.226227211834,1
O06:Coculture:F11:Oxa,O06,diagonal,exact_fixed_budget,3,0.321378239771,0.857142857143,0.267019887966,0,1
O06:Coculture:F11:Oxa,O06,diagonal,exact_fixed_budget,4,0.171469704568,1,0.129217436396,0.137802451569,13
O06:Coculture:F11:Oxa,O06,diagonal,exact_fixed_budget,5,0.0985679140369,1,0.097680074483,0.169339813483,78
O06:Coculture:F11:Oxa,O06,diagonal,exact_fixed_budget,6,0.125243980464,1,0.0821925512078,0.184827336758,286
O06:Coculture:F11:Oxa,O06,diagonal,exact_fixed_budget,7,0.0909268010626,1,0.070965580188,0.196054307778,715
O06:Coculture:F11:Oxa,O06,diagonal,exact_fixed_budget,8,0.0985517773887,1,0.0622947771021,0.204725110864,1287
O06:Coculture:F11:Oxa,O06,diagonal,exact_fixed_budget,9,0.0945150986832,1,0.05631538607,0.210704501896,1716
O06:Coculture:F11:Oxa,O06,diagonal,exact_fixed_budget,10,0.0919647437842,1,0.0515810676561,0.21543882031,1716
O06:Coculture:F11:Oxa,O06,diagonal,exact_fixed_budget,11,0.0946839127581,1,0.0473575768087,0.219662311157,1287
O06:Coculture:F11:Oxa,O06,diagonal,exact_fixed_budget,12,0.0960690253864,1,0.0444115049677,0.222608382998,715
O06:Coculture:F11:Oxa,O06,diagonal,exact_fixed_budget,13,0.0917658359338,1,0.0417022576297,0.225317630336,286
O06:Coculture:F11:Oxa,O06,diagonal,exact_fixed_budget,14,0.0937190839754,1,0.0392273519641,0.227792536002,78
O06:Coculture:F11:Oxa,O06,diagonal,exact_fixed_budget,15,0.0920569533746,1,0.0381875006347,0.228832387331,13
O06:Coculture:F11:Oxa,O06,diagonal,exact_fixed_budget,16,0.0920569533746,1,0.0381875006347,0.228832387331,1
O06:Coculture:F14:Gef,O06,joint,exact_fixed_budget,3,1.18573310281,0.714285714286,0.28870561731,0,1
O06:Coculture:F14:Gef,O06,joint,exact_fixed_budget,4,0.535005190171,0.857142857143,0.133129620768,0.155575996543,13
O06:Coculture:F14:Gef,O06,joint,exact_fixed_budget,5,0.500805331649,0.857142857143,0.10657549529,0.18213012202,78
O06:Coculture:F14:Gef,O06,joint,exact_fixed_budget,6,0.501008167326,0.857142857143,0.088917258725,0.199788358586,286
O06:Coculture:F14:Gef,O06,joint,exact_fixed_budget,7,0.551011673472,0.857142857143,0.0790185914789,0.209687025832,715
O06:Coculture:F14:Gef,O06,joint,exact_fixed_budget,8,0.551202211213,0.857142857143,0.0714097576622,0.217295859648,1287
O06:Coculture:F14:Gef,O06,joint,exact_fixed_budget,9,0.545784431631,0.857142857143,0.0662182213605,0.22248739595,1716
O06:Coculture:F14:Gef,O06,joint,exact_fixed_budget,10,0.330715474344,0.857142857143,0.0622382543016,0.226467363009,1716
O06:Coculture:F14:Gef,O06,joint,exact_fixed_budget,11,0.330742680106,0.857142857143,0.059213700639,0.229491916671,1287
O06:Coculture:F14:Gef,O06,joint,exact_fixed_budget,12,0.330125295709,0.857142857143,0.0568906482353,0.231814969075,715
O06:Coculture:F14:Gef,O06,joint,exact_fixed_budget,13,0.324153146935,0.857142857143,0.0547695408573,0.233936076453,286
O06:Coculture:F14:Gef,O06,joint,exact_fixed_budget,14,0.328095193928,0.857142857143,0.0528527847747,0.235852832536,78
O06:Coculture:F14:Gef,O06,joint,exact_fixed_budget,15,0.328236523296,0.857142857143,0.0511999068445,0.237505710466,13
O06:Coculture:F14:Gef,O06,joint,exact_fixed_budget,16,0.324363268404,0.857142857143,0.0499574589007,0.23874815841,1
O06:Coculture:F14:Gef,O06,diagonal,exact_fixed_budget,3,1.23040005656,0.714285714286,0.280588225278,0,1
O06:Coculture:F14:Gef,O06,diagonal,exact_fixed_budget,4,0.62352753747,0.857142857143,0.130316967756,0.150271257522,13
O06:Coculture:F14:Gef,O06,diagonal,exact_fixed_budget,5,0.58533240929,0.857142857143,0.0981364215616,0.182451803717,78
O06:Coculture:F14:Gef,O06,diagonal,exact_fixed_budget,6,0.633210641242,0.857142857143,0.0816837015584,0.19890452372,286
O06:Coculture:F14:Gef,O06,diagonal,exact_fixed_budget,7,0.632329868202,0.857142857143,0.070481539631,0.210106685647,715
O06:Coculture:F14:Gef,O06,diagonal,exact_fixed_budget,8,0.393391659003,0.714285714286,0.0616035508859,0.218984674392,1287
O06:Coculture:F14:Gef,O06,diagonal,exact_fixed_budget,9,0.39058821819,0.857142857143,0.0552987596725,0.225289465606,1716
O06:Coculture:F14:Gef,O06,diagonal,exact_fixed_budget,10,0.388241906354,0.857142857143,0.050448058291,0.230140166987,1716
O06:Coculture:F14:Gef,O06,diagonal,exact_fixed_budget,11,0.388005836956,0.857142857143,0.0465111599213,0.234077065357,1287
O06:Coculture:F14:Gef,O06,diagonal,exact_fixed_budget,12,0.399804159659,0.857142857143,0.0434671400405,0.237121085238,715
O06:Coculture:F14:Gef,O06,diagonal,exact_fixed_budget,13,0.399790052351,0.857142857143,0.0407281522897,0.239860072988,286
O06:Coculture:F14:Gef,O06,diagonal,exact_fixed_budget,14,0.395314575051,0.857142857143,0.0384007525803,0.242187472698,78
O06:Coculture:F14:Gef,O06,diagonal,exact_fixed_budget,15,0.394409050043,0.857142857143,0.0378450099172,0.242743215361,13
O06:Coculture:F14:Gef,O06,diagonal,exact_fixed_budget,16,0.394409050043,0.857142857143,0.0378450099172,0.242743215361,1
O06:Coculture:F17:Gef,O06,joint,exact_fixed_budget,3,0.121720403865,1,0.28870561731,0,1
O06:Coculture:F17:Gef,O06,joint,exact_fixed_budget,4,0.125589062051,1,0.133129620768,0.155575996543,13
O06:Coculture:F17:Gef,O06,joint,exact_fixed_budget,5,0.0970684888384,1,0.10657549529,0.18213012202,78
O06:Coculture:F17:Gef,O06,joint,exact_fixed_budget,6,0.0825362104832,1,0.088917258725,0.199788358586,286
O06:Coculture:F17:Gef,O06,joint,exact_fixed_budget,7,0.0709923687789,1,0.0790185914789,0.209687025832,715
O06:Coculture:F17:Gef,O06,joint,exact_fixed_budget,8,0.069898576852,1,0.0714097576622,0.217295859648,1287
O06:Coculture:F17:Gef,O06,joint,exact_fixed_budget,9,0.066878932967,1,0.0662182213605,0.22248739595,1716
O06:Coculture:F17:Gef,O06,joint,exact_fixed_budget,10,0.0606241327821,1,0.0622382543016,0.226467363009,1716
O06:Coculture:F17:Gef,O06,joint,exact_fixed_budget,11,0.0619524426548,1,0.059213700639,0.229491916671,1287
O06:Coculture:F17:Gef,O06,joint,exact_fixed_budget,12,0.0623081999891,1,0.0568906482353,0.231814969075,715
O06:Coculture:F17:Gef,O06,joint,exact_fixed_budget,13,0.0640327082404,1,0.0547695408573,0.233936076453,286
O06:Coculture:F17:Gef,O06,joint,exact_fixed_budget,14,0.0557591319484,1,0.0528527847747,0.235852832536,78
O06:Coculture:F17:Gef,O06,joint,exact_fixed_budget,15,0.0571241520204,1,0.0511999068445,0.237505710466,13
O06:Coculture:F17:Gef,O06,joint,exact_fixed_budget,16,0.0575051447109,1,0.0499574589007,0.23874815841,1
O06:Coculture:F17:Gef,O06,diagonal,exact_fixed_budget,3,0.132511894338,1,0.280588225278,0,1
O06:Coculture:F17:Gef,O06,diagonal,exact_fixed_budget,4,0.127537462669,1,0.130316967756,0.150271257522,13
O06:Coculture:F17:Gef,O06,diagonal,exact_fixed_budget,5,0.0824191048845,1,0.0981364215616,0.182451803717,78
O06:Coculture:F17:Gef,O06,diagonal,exact_fixed_budget,6,0.0914625569147,1,0.0816837015584,0.19890452372,286
O06:Coculture:F17:Gef,O06,diagonal,exact_fixed_budget,7,0.0853745309597,1,0.070481539631,0.210106685647,715
O06:Coculture:F17:Gef,O06,diagonal,exact_fixed_budget,8,0.0749130067035,1,0.0616035508859,0.218984674392,1287
O06:Coculture:F17:Gef,O06,diagonal,exact_fixed_budget,9,0.0692395704728,1,0.0552987596725,0.225289465606,1716
O06:Coculture:F17:Gef,O06,diagonal,exact_fixed_budget,10,0.0703380839547,1,0.050448058291,0.230140166987,1716
O06:Coculture:F17:Gef,O06,diagonal,exact_fixed_budget,11,0.0646401398473,1,0.0465111599213,0.234077065357,1287
O06:Coculture:F17:Gef,O06,diagonal,exact_fixed_budget,12,0.0662755150868,1,0.0434671400405,0.237121085238,715
O06:Coculture:F17:Gef,O06,diagonal,exact_fixed_budget,13,0.0659172032876,1,0.0407281522897,0.239860072988,286
O06:Coculture:F17:Gef,O06,diagonal,exact_fixed_budget,14,0.065589151407,1,0.0384007525803,0.242187472698,78
O06:Coculture:F17:Gef,O06,diagonal,exact_fixed_budget,15,0.0660871348619,1,0.0378450099172,0.242743215361,13
O06:Coculture:F17:Gef,O06,diagonal,exact_fixed_budget,16,0.0660871348619,1,0.0378450099172,0.242743215361,1
O06:Coculture:F17:Oxa,O06,joint,exact_fixed_budget,3,2.46125349207,0.857142857143,0.280474878044,0,1
O06:Coculture:F17:Oxa,O06,joint,exact_fixed_budget,4,1.90928137329,0.857142857143,0.138036664512,0.142438213532,13
O06:Coculture:F17:Oxa,O06,joint,exact_fixed_budget,5,1.71727204773,0.857142857143,0.113205720394,0.16726915765,78
O06:Coculture:F17:Oxa,O06,joint,exact_fixed_budget,6,1.6602028353,0.857142857143,0.0914189699242,0.18905590812,286
O06:Coculture:F17:Oxa,O06,joint,exact_fixed_budget,7,1.8345454356,0.857142857143,0.0823127632634,0.19816211478,715
O06:Coculture:F17:Oxa,O06,joint,exact_fixed_budget,8,1.64895610172,0.857142857143,0.0745004708825,0.205974407161,1287
O06:Coculture:F17:Oxa,O06,joint,exact_fixed_budget,9,1.66143652747,0.857142857143,0.0698082787267,0.210666599317,1716
O06:Coculture:F17:Oxa,O06,joint,exact_fixed_budget,10,1.66679950137,0.857142857143,0.0658223250994,0.214652552945,1716
O06:Coculture:F17:Oxa,O06,joint,exact_fixed_budget,11,1.64577997551,0.857142857143,0.0628241671311,0.217650710913,1287
O06:Coculture:F17:Oxa,O06,joint,exact_fixed_budget,12,1.63790379436,0.857142857143,0.0603459793496,0.220128898694,715
O06:Coculture:F17:Oxa,O06,joint,exact_fixed_budget,13,1.624697802,0.857142857143,0.0585449552484,0.221929922796,286
O06:Coculture:F17:Oxa,O06,joint,exact_fixed_budget,14,1.61871797481,0.857142857143,0.0568102647443,0.2236646133,78
O06:Coculture:F17:Oxa,O06,joint,exact_fixed_budget,15,1.63012488804,0.857142857143,0.0553952476741,0.22507963037,13
O06:Coculture:F17:Oxa,O06,joint,exact_fixed_budget,16,1.63583658542,0.857142857143,0.0542476662103,0.226227211834,1
O06:Coculture:F17:Oxa,O06,diagonal,exact_fixed_budget,3,2.43192015395,0.857142857143,0.267019887966,0,1
O06:Coculture:F17:Oxa,O06,diagonal,exact_fixed_budget,4,1.93899796037,0.857142857143,0.129217436396,0.137802451569,13
O06:Coculture:F17:Oxa,O06,diagonal,exact_fixed_budget,5,1.76968050672,0.857142857143,0.097680074483,0.169339813483,78
O06:Coculture:F17:Oxa,O06,diagonal,exact_fixed_budget,6,1.92651297533,0.857142857143,0.0821925512078,0.184827336758,286
O06:Coculture:F17:Oxa,O06,diagonal,exact_fixed_budget,7,1.73164425759,0.857142857143,0.070965580188,0.196054307778,715
O06:Coculture:F17:Oxa,O06,diagonal,exact_fixed_budget,8,1.74485732992,0.857142857143,0.0622947771021,0.204725110864,1287
O06:Coculture:F17:Oxa,O06,diagonal,exact_fixed_budget,9,1.76467399665,0.857142857143,0.05631538607,0.210704501896,1716
O06:Coculture:F17:Oxa,O06,diagonal,exact_fixed_budget,10,1.72337987039,0.857142857143,0.0515810676561,0.21543882031,1716
O06:Coculture:F17:Oxa,O06,diagonal,exact_fixed_budget,11,1.76279065376,0.857142857143,0.0473575768087,0.219662311157,1287
O06:Coculture:F17:Oxa,O06,diagonal,exact_fixed_budget,12,1.74820892175,0.857142857143,0.0444115049677,0.222608382998,715
O06:Coculture:F17:Oxa,O06,diagonal,exact_fixed_budget,13,1.73305267765,0.857142857143,0.0417022576297,0.225317630336,286
O06:Coculture:F17:Oxa,O06,diagonal,exact_fixed_budget,14,1.74685414386,0.857142857143,0.0392273519641,0.227792536002,78
O06:Coculture:F17:Oxa,O06,diagonal,exact_fixed_budget,15,1.74542360765,0.857142857143,0.0381875006347,0.228832387331,13
O06:Coculture:F17:Oxa,O06,diagonal,exact_fixed_budget,16,1.74542360765,0.857142857143,0.0381875006347,0.228832387331,1
O06:Coculture:F17:SN-38,O06,joint,exact_fixed_budget,3,0.325617845443,1,0.277257611944,0,1
O06:Coculture:F17:SN-38,O06,joint,exact_fixed_budget,4,0.0427680258914,1,0.141986636129,0.135270975815,13
O06:Coculture:F17:SN-38,O06,joint,exact_fixed_budget,5,0.0428050297536,1,0.117377687616,0.159879924328,78
O06:Coculture:F17:SN-38,O06,joint,exact_fixed_budget,6,0.0558360878371,1,0.0930408830139,0.18421672893,286
O06:Coculture:F17:SN-38,O06,joint,exact_fixed_budget,7,0.0446749593573,1,0.0842845487245,0.19297306322,715
O06:Coculture:F17:SN-38,O06,joint,exact_fixed_budget,8,0.0349895973282,1,0.0767994229069,0.200458189037,1287
O06:Coculture:F17:SN-38,O06,joint,exact_fixed_budget,9,0.0278604068823,1,0.0720229370302,0.205234674914,1716
O06:Coculture:F17:SN-38,O06,joint,exact_fixed_budget,10,0.0221273107784,1,0.068255369939,0.209002242005,1716
O06:Coculture:F17:SN-38,O06,joint,exact_fixed_budget,11,0.0209171789075,1,0.0652521460081,0.212005465936,1287
O06:Coculture:F17:SN-38,O06,joint,exact_fixed_budget,12,0.0189392911352,1,0.0624196615889,0.214837950355,715
O06:Coculture:F17:SN-38,O06,joint,exact_fixed_budget,13,0.018754855742,1,0.060736743078,0.216520868866,286
O06:Coculture:F17:SN-38,O06,joint,exact_fixed_budget,14,0.0192708047727,1,0.059065720296,0.218191891648,78
O06:Coculture:F17:SN-38,O06,joint,exact_fixed_budget,15,0.0190908963475,1,0.057537335827,0.219720276117,13
O06:Coculture:F17:SN-38,O06,joint,exact_fixed_budget,16,0.0209098089405,1,0.0564133585507,0.220844253393,1
O06:Coculture:F17:SN-38,O06,diagonal,exact_fixed_budget,3,0.366926884763,1,0.260990994904,0,1
O06:Coculture:F17:SN-38,O06,diagonal,exact_fixed_budget,4,0.0737716553928,1,0.129151237072,0.131839757832,13
O06:Coculture:F17:SN-38,O06,diagonal,exact_fixed_budget,5,0.0855871611911,1,0.0976331423158,0.163357852588,78
O06:Coculture:F17:SN-38,O06,diagonal,exact_fixed_budget,6,0.0703602740878,1,0.0824541824899,0.178536812414,286
O06:Coculture:F17:SN-38,O06,diagonal,exact_fixed_budget,7,0.0577243080758,1,0.0712880117184,0.189702983185,715
O06:Coculture:F17:SN-38,O06,diagonal,exact_fixed_budget,8,0.0384766872984,1,0.0628129694369,0.198178025467,1287
O06:Coculture:F17:SN-38,O06,diagonal,exact_fixed_budget,9,0.0309099086425,1,0.0569733789787,0.204017615925,1716
O06:Coculture:F17:SN-38,O06,diagonal,exact_fixed_budget,10,0.0293679344855,1,0.0520441460796,0.208946848824,1716
O06:Coculture:F17:SN-38,O06,diagonal,exact_fixed_budget,11,0.027325238832,1,0.0476825394107,0.213308455493,1287
O06:Coculture:F17:SN-38,O06,diagonal,exact_fixed_budget,12,0.0317515935871,1,0.0446661243149,0.216324870589,715
O06:Coculture:F17:SN-38,O06,diagonal,exact_fixed_budget,13,0.0266626866338,1,0.0418890993682,0.219101895535,286
O06:Coculture:F17:SN-38,O06,diagonal,exact_fixed_budget,14,0.0280394427311,1,0.0394667818013,0.221524213102,78
O06:Coculture:F17:SN-38,O06,diagonal,exact_fixed_budget,15,0.0291229338126,1,0.0380725066289,0.222918488275,13
O06:Coculture:F17:SN-38,O06,diagonal,exact_fixed_budget,16,0.0291229338126,1,0.0380725066289,0.222918488275,1
O06:Monoculture::5-FU,O06,joint,exact_fixed_budget,3,0.0776908307887,1,0.280474878044,0,1
O06:Monoculture::5-FU,O06,joint,exact_fixed_budget,4,0.0835258051816,1,0.138036664512,0.142438213532,13
O06:Monoculture::5-FU,O06,joint,exact_fixed_budget,5,0.0776380574766,1,0.113205720394,0.16726915765,78
O06:Monoculture::5-FU,O06,joint,exact_fixed_budget,6,0.0534886326698,1,0.0914189699242,0.18905590812,286
O06:Monoculture::5-FU,O06,joint,exact_fixed_budget,7,0.0812756939278,1,0.0823127632634,0.19816211478,715
O06:Monoculture::5-FU,O06,joint,exact_fixed_budget,8,0.0724894634023,1,0.0745004708825,0.205974407161,1287
O06:Monoculture::5-FU,O06,joint,exact_fixed_budget,9,0.0648016029044,1,0.0698082787267,0.210666599317,1716
O06:Monoculture::5-FU,O06,joint,exact_fixed_budget,10,0.0624311898378,1,0.0658223250994,0.214652552945,1716
O06:Monoculture::5-FU,O06,joint,exact_fixed_budget,11,0.0612630510834,1,0.0628241671311,0.217650710913,1287
O06:Monoculture::5-FU,O06,joint,exact_fixed_budget,12,0.0571348218742,1,0.0603459793496,0.220128898694,715
O06:Monoculture::5-FU,O06,joint,exact_fixed_budget,13,0.081832734211,1,0.0585449552484,0.221929922796,286
O06:Monoculture::5-FU,O06,joint,exact_fixed_budget,14,0.0771711542841,1,0.0568102647443,0.2236646133,78
O06:Monoculture::5-FU,O06,joint,exact_fixed_budget,15,0.0872892281636,1,0.0553952476741,0.22507963037,13
O06:Monoculture::5-FU,O06,joint,exact_fixed_budget,16,0.0846904206599,1,0.0542476662103,0.226227211834,1
O06:Monoculture::5-FU,O06,diagonal,exact_fixed_budget,3,0.0498277777125,1,0.267019887966,0,1
O06:Monoculture::5-FU,O06,diagonal,exact_fixed_budget,4,0.0448227568499,1,0.129217436396,0.137802451569,13
O06:Monoculture::5-FU,O06,diagonal,exact_fixed_budget,5,0.0406912372174,1,0.097680074483,0.169339813483,78
O06:Monoculture::5-FU,O06,diagonal,exact_fixed_budget,6,0.0536247401627,1,0.0821925512078,0.184827336758,286
O06:Monoculture::5-FU,O06,diagonal,exact_fixed_budget,7,0.0501606293949,1,0.070965580188,0.196054307778,715
O06:Monoculture::5-FU,O06,diagonal,exact_fixed_budget,8,0.035277279663,1,0.0622947771021,0.204725110864,1287
O06:Monoculture::5-FU,O06,diagonal,exact_fixed_budget,9,0.0397750724648,1,0.05631538607,0.210704501896,1716
O06:Monoculture::5-FU,O06,diagonal,exact_fixed_budget,10,0.0396752565323,1,0.0515810676561,0.21543882031,1716
O06:Monoculture::5-FU,O06,diagonal,exact_fixed_budget,11,0.0346775792162,1,0.0473575768087,0.219662311157,1287
O06:Monoculture::5-FU,O06,diagonal,exact_fixed_budget,12,0.0440973441526,1,0.0444115049677,0.222608382998,715
O06:Monoculture::5-FU,O06,diagonal,exact_fixed_budget,13,0.0444203234956,1,0.0417022576297,0.225317630336,286
O06:Monoculture::5-FU,O06,diagonal,exact_fixed_budget,14,0.0409831287477,1,0.0392273519641,0.227792536002,78
O06:Monoculture::5-FU,O06,diagonal,exact_fixed_budget,15,0.0385618568385,1,0.0381875006347,0.228832387331,13
O06:Monoculture::5-FU,O06,diagonal,exact_fixed_budget,16,0.0385618568385,1,0.0381875006347,0.228832387331,1
O06:Monoculture::Oxa,O06,joint,exact_fixed_budget,3,0.254475339304,1,0.280474878044,0,1
O06:Monoculture::Oxa,O06,joint,exact_fixed_budget,4,0.163311731659,1,0.138036664512,0.142438213532,13
O06:Monoculture::Oxa,O06,joint,exact_fixed_budget,5,0.213639034894,0.857142857143,0.113205720394,0.16726915765,78
O06:Monoculture::Oxa,O06,joint,exact_fixed_budget,6,0.285442051768,0.857142857143,0.0914189699242,0.18905590812,286
O06:Monoculture::Oxa,O06,joint,exact_fixed_budget,7,0.244618216604,0.857142857143,0.0823127632634,0.19816211478,715
O06:Monoculture::Oxa,O06,joint,exact_fixed_budget,8,0.228747894954,0.857142857143,0.0745004708825,0.205974407161,1287
O06:Monoculture::Oxa,O06,joint,exact_fixed_budget,9,0.224479474028,0.857142857143,0.0698082787267,0.210666599317,1716
O06:Monoculture::Oxa,O06,joint,exact_fixed_budget,10,0.236496041807,0.857142857143,0.0658223250994,0.214652552945,1716
O06:Monoculture::Oxa,O06,joint,exact_fixed_budget,11,0.157187960706,1,0.0628241671311,0.217650710913,1287
O06:Monoculture::Oxa,O06,joint,exact_fixed_budget,12,0.161116979891,1,0.0603459793496,0.220128898694,715
O06:Monoculture::Oxa,O06,joint,exact_fixed_budget,13,0.249666946948,0.857142857143,0.0585449552484,0.221929922796,286
O06:Monoculture::Oxa,O06,joint,exact_fixed_budget,14,0.183759589306,0.857142857143,0.0568102647443,0.2236646133,78
O06:Monoculture::Oxa,O06,joint,exact_fixed_budget,15,0.186129147188,0.857142857143,0.0553952476741,0.22507963037,13
O06:Monoculture::Oxa,O06,joint,exact_fixed_budget,16,0.186553520958,0.857142857143,0.0542476662103,0.226227211834,1
O06:Monoculture::Oxa,O06,diagonal,exact_fixed_budget,3,0.284367140984,1,0.267019887966,0,1
O06:Monoculture::Oxa,O06,diagonal,exact_fixed_budget,4,0.207262126045,0.857142857143,0.129217436396,0.137802451569,13
O06:Monoculture::Oxa,O06,diagonal,exact_fixed_budget,5,0.279248924184,0.857142857143,0.097680074483,0.169339813483,78
O06:Monoculture::Oxa,O06,diagonal,exact_fixed_budget,6,0.252386376869,0.857142857143,0.0821925512078,0.184827336758,286
O06:Monoculture::Oxa,O06,diagonal,exact_fixed_budget,7,0.230739115744,0.857142857143,0.070965580188,0.196054307778,715
O06:Monoculture::Oxa,O06,diagonal,exact_fixed_budget,8,0.163776259574,0.857142857143,0.0622947771021,0.204725110864,1287
O06:Monoculture::Oxa,O06,diagonal,exact_fixed_budget,9,0.250400001565,0.857142857143,0.05631538607,0.210704501896,1716
O06:Monoculture::Oxa,O06,diagonal,exact_fixed_budget,10,0.165901921254,0.857142857143,0.0515810676561,0.21543882031,1716
O06:Monoculture::Oxa,O06,diagonal,exact_fixed_budget,11,0.176127045091,0.857142857143,0.0473575768087,0.219662311157,1287
O06:Monoculture::Oxa,O06,diagonal,exact_fixed_budget,12,0.200839065274,0.857142857143,0.0444115049677,0.222608382998,715
O06:Monoculture::Oxa,O06,diagonal,exact_fixed_budget,13,0.198049720517,0.857142857143,0.0417022576297,0.225317630336,286
O06:Monoculture::Oxa,O06,diagonal,exact_fixed_budget,14,0.200263622855,0.857142857143,0.0392273519641,0.227792536002,78
O06:Monoculture::Oxa,O06,diagonal,exact_fixed_budget,15,0.20016787104,0.857142857143,0.0381875006347,0.228832387331,13
O06:Monoculture::Oxa,O06,diagonal,exact_fixed_budget,16,0.20016787104,0.857142857143,0.0381875006347,0.228832387331,1
O07:Coculture:F07:5-FU,O07,joint,exact_fixed_budget,3,0.10154195434,1,0.280474878044,0,1
O07:Coculture:F07:5-FU,O07,joint,exact_fixed_budget,4,0.103454549882,1,0.138036664512,0.142438213532,13
O07:Coculture:F07:5-FU,O07,joint,exact_fixed_budget,5,0.0384344118135,1,0.113205720394,0.16726915765,78
O07:Coculture:F07:5-FU,O07,joint,exact_fixed_budget,6,0.0701655697516,1,0.0914189699242,0.18905590812,286
O07:Coculture:F07:5-FU,O07,joint,exact_fixed_budget,7,0.0764313302274,1,0.0823127632634,0.19816211478,715
O07:Coculture:F07:5-FU,O07,joint,exact_fixed_budget,8,0.0632801241839,1,0.0745004708825,0.205974407161,1287
O07:Coculture:F07:5-FU,O07,joint,exact_fixed_budget,9,0.0725209409114,1,0.0698082787267,0.210666599317,1716
O07:Coculture:F07:5-FU,O07,joint,exact_fixed_budget,10,0.0734795585427,1,0.0658223250994,0.214652552945,1716
O07:Coculture:F07:5-FU,O07,joint,exact_fixed_budget,11,0.073939912678,1,0.0628241671311,0.217650710913,1287
O07:Coculture:F07:5-FU,O07,joint,exact_fixed_budget,12,0.0767429673295,1,0.0603459793496,0.220128898694,715
O07:Coculture:F07:5-FU,O07,joint,exact_fixed_budget,13,0.0689855373541,1,0.0585449552484,0.221929922796,286
O07:Coculture:F07:5-FU,O07,joint,exact_fixed_budget,14,0.0703774295361,1,0.0568102647443,0.2236646133,78
O07:Coculture:F07:5-FU,O07,joint,exact_fixed_budget,15,0.0677778593826,1,0.0553952476741,0.22507963037,13
O07:Coculture:F07:5-FU,O07,joint,exact_fixed_budget,16,0.0696847259204,1,0.0542476662103,0.226227211834,1
O07:Coculture:F07:5-FU,O07,diagonal,exact_fixed_budget,3,0.19624385658,1,0.267019887966,0,1
O07:Coculture:F07:5-FU,O07,diagonal,exact_fixed_budget,4,0.259435150089,1,0.129217436396,0.137802451569,13
O07:Coculture:F07:5-FU,O07,diagonal,exact_fixed_budget,5,0.1571036802,1,0.097680074483,0.169339813483,78
O07:Coculture:F07:5-FU,O07,diagonal,exact_fixed_budget,6,0.164523103526,1,0.0821925512078,0.184827336758,286
O07:Coculture:F07:5-FU,O07,diagonal,exact_fixed_budget,7,0.136913500113,1,0.070965580188,0.196054307778,715
O07:Coculture:F07:5-FU,O07,diagonal,exact_fixed_budget,8,0.17036427233,1,0.0622947771021,0.204725110864,1287
O07:Coculture:F07:5-FU,O07,diagonal,exact_fixed_budget,9,0.159761629464,1,0.05631538607,0.210704501896,1716
O07:Coculture:F07:5-FU,O07,diagonal,exact_fixed_budget,10,0.155646921073,1,0.0515810676561,0.21543882031,1716
O07:Coculture:F07:5-FU,O07,diagonal,exact_fixed_budget,11,0.16881756968,1,0.0473575768087,0.219662311157,1287
O07:Coculture:F07:5-FU,O07,diagonal,exact_fixed_budget,12,0.159691218377,1,0.0444115049677,0.222608382998,715
O07:Coculture:F07:5-FU,O07,diagonal,exact_fixed_budget,13,0.156187090327,1,0.0417022576297,0.225317630336,286
O07:Coculture:F07:5-FU,O07,diagonal,exact_fixed_budget,14,0.164767775615,1,0.0392273519641,0.227792536002,78
O07:Coculture:F07:5-FU,O07,diagonal,exact_fixed_budget,15,0.16951851506,1,0.0381875006347,0.228832387331,13
O07:Coculture:F07:5-FU,O07,diagonal,exact_fixed_budget,16,0.16951851506,1,0.0381875006347,0.228832387331,1
O07:Coculture:F07:Oxa,O07,joint,exact_fixed_budget,3,0.182133260589,1,0.280474878044,0,1
O07:Coculture:F07:Oxa,O07,joint,exact_fixed_budget,4,0.120035294441,1,0.138036664512,0.142438213532,13
O07:Coculture:F07:Oxa,O07,joint,exact_fixed_budget,5,0.0958132513965,1,0.113205720394,0.16726915765,78
O07:Coculture:F07:Oxa,O07,joint,exact_fixed_budget,6,0.0422911990649,1,0.0914189699242,0.18905590812,286
O07:Coculture:F07:Oxa,O07,joint,exact_fixed_budget,7,0.05318519671,1,0.0823127632634,0.19816211478,715
O07:Coculture:F07:Oxa,O07,joint,exact_fixed_budget,8,0.0375296677052,1,0.0745004708825,0.205974407161,1287
O07:Coculture:F07:Oxa,O07,joint,exact_fixed_budget,9,0.0349749833893,1,0.0698082787267,0.210666599317,1716
O07:Coculture:F07:Oxa,O07,joint,exact_fixed_budget,10,0.0287466451339,1,0.0658223250994,0.214652552945,1716
O07:Coculture:F07:Oxa,O07,joint,exact_fixed_budget,11,0.0260383563437,1,0.0628241671311,0.217650710913,1287
O07:Coculture:F07:Oxa,O07,joint,exact_fixed_budget,12,0.0276629741836,1,0.0603459793496,0.220128898694,715
O07:Coculture:F07:Oxa,O07,joint,exact_fixed_budget,13,0.0210950521576,1,0.0585449552484,0.221929922796,286
O07:Coculture:F07:Oxa,O07,joint,exact_fixed_budget,14,0.0196028459255,1,0.0568102647443,0.2236646133,78
O07:Coculture:F07:Oxa,O07,joint,exact_fixed_budget,15,0.0177788142772,1,0.0553952476741,0.22507963037,13
O07:Coculture:F07:Oxa,O07,joint,exact_fixed_budget,16,0.0195692035895,1,0.0542476662103,0.226227211834,1
O07:Coculture:F07:Oxa,O07,diagonal,exact_fixed_budget,3,0.16675472348,1,0.267019887966,0,1
O07:Coculture:F07:Oxa,O07,diagonal,exact_fixed_budget,4,0.10922141155,1,0.129217436396,0.137802451569,13
O07:Coculture:F07:Oxa,O07,diagonal,exact_fixed_budget,5,0.0823250475347,1,0.097680074483,0.169339813483,78
O07:Coculture:F07:Oxa,O07,diagonal,exact_fixed_budget,6,0.0945169223149,1,0.0821925512078,0.184827336758,286
O07:Coculture:F07:Oxa,O07,diagonal,exact_fixed_budget,7,0.0644886392096,1,0.070965580188,0.196054307778,715
O07:Coculture:F07:Oxa,O07,diagonal,exact_fixed_budget,8,0.0640009752882,1,0.0622947771021,0.204725110864,1287
O07:Coculture:F07:Oxa,O07,diagonal,exact_fixed_budget,9,0.0639246964277,1,0.05631538607,0.210704501896,1716
O07:Coculture:F07:Oxa,O07,diagonal,exact_fixed_budget,10,0.0550543810679,1,0.0515810676561,0.21543882031,1716
O07:Coculture:F07:Oxa,O07,diagonal,exact_fixed_budget,11,0.067171066447,1,0.0473575768087,0.219662311157,1287
O07:Coculture:F07:Oxa,O07,diagonal,exact_fixed_budget,12,0.0755928702958,1,0.0444115049677,0.222608382998,715
O07:Coculture:F07:Oxa,O07,diagonal,exact_fixed_budget,13,0.0585709542825,1,0.0417022576297,0.225317630336,286
O07:Coculture:F07:Oxa,O07,diagonal,exact_fixed_budget,14,0.0652075061159,1,0.0392273519641,0.227792536002,78
O07:Coculture:F07:Oxa,O07,diagonal,exact_fixed_budget,15,0.0693577573784,1,0.0381875006347,0.228832387331,13
O07:Coculture:F07:Oxa,O07,diagonal,exact_fixed_budget,16,0.0693577573784,1,0.0381875006347,0.228832387331,1
O07:Coculture:F07:SN-38,O07,joint,exact_fixed_budget,3,0.044875713034,1,0.277257611944,0,1
O07:Coculture:F07:SN-38,O07,joint,exact_fixed_budget,4,0.0522781966318,1,0.141986636129,0.135270975815,13
O07:Coculture:F07:SN-38,O07,joint,exact_fixed_budget,5,0.0525455187819,1,0.117377687616,0.159879924328,78
O07:Coculture:F07:SN-38,O07,joint,exact_fixed_budget,6,0.145283960856,1,0.0930408830139,0.18421672893,286
O07:Coculture:F07:SN-38,O07,joint,exact_fixed_budget,7,0.0970894192456,1,0.0842845487245,0.19297306322,715
O07:Coculture:F07:SN-38,O07,joint,exact_fixed_budget,8,0.133714145309,1,0.0767994229069,0.200458189037,1287
O07:Coculture:F07:SN-38,O07,joint,exact_fixed_budget,9,0.126221385467,1,0.0720229370302,0.205234674914,1716
O07:Coculture:F07:SN-38,O07,joint,exact_fixed_budget,10,0.118634855402,1,0.068255369939,0.209002242005,1716
O07:Coculture:F07:SN-38,O07,joint,exact_fixed_budget,11,0.109335002291,1,0.0652521460081,0.212005465936,1287
O07:Coculture:F07:SN-38,O07,joint,exact_fixed_budget,12,0.122826292223,1,0.0624196615889,0.214837950355,715
O07:Coculture:F07:SN-38,O07,joint,exact_fixed_budget,13,0.113692944541,1,0.060736743078,0.216520868866,286
O07:Coculture:F07:SN-38,O07,joint,exact_fixed_budget,14,0.101006452796,1,0.059065720296,0.218191891648,78
O07:Coculture:F07:SN-38,O07,joint,exact_fixed_budget,15,0.0990551703118,1,0.057537335827,0.219720276117,13
O07:Coculture:F07:SN-38,O07,joint,exact_fixed_budget,16,0.103064974243,1,0.0564133585507,0.220844253393,1
O07:Coculture:F07:SN-38,O07,diagonal,exact_fixed_budget,3,0.0370825993894,1,0.260990994904,0,1
O07:Coculture:F07:SN-38,O07,diagonal,exact_fixed_budget,4,0.0392262210182,1,0.129151237072,0.131839757832,13
O07:Coculture:F07:SN-38,O07,diagonal,exact_fixed_budget,5,0.101284306417,1,0.0976331423158,0.163357852588,78
O07:Coculture:F07:SN-38,O07,diagonal,exact_fixed_budget,6,0.0691838541726,1,0.0824541824899,0.178536812414,286
O07:Coculture:F07:SN-38,O07,diagonal,exact_fixed_budget,7,0.0956397968566,1,0.0712880117184,0.189702983185,715
O07:Coculture:F07:SN-38,O07,diagonal,exact_fixed_budget,8,0.0904626235182,1,0.0628129694369,0.198178025467,1287
O07:Coculture:F07:SN-38,O07,diagonal,exact_fixed_budget,9,0.0973918046967,1,0.0569733789787,0.204017615925,1716
O07:Coculture:F07:SN-38,O07,diagonal,exact_fixed_budget,10,0.102137391935,1,0.0520441460796,0.208946848824,1716
O07:Coculture:F07:SN-38,O07,diagonal,exact_fixed_budget,11,0.0921810829901,1,0.0476825394107,0.213308455493,1287
O07:Coculture:F07:SN-38,O07,diagonal,exact_fixed_budget,12,0.0726119763192,1,0.0446661243149,0.216324870589,715
O07:Coculture:F07:SN-38,O07,diagonal,exact_fixed_budget,13,0.0819753926614,1,0.0418890993682,0.219101895535,286
O07:Coculture:F07:SN-38,O07,diagonal,exact_fixed_budget,14,0.0741479284015,1,0.0394667818013,0.221524213102,78
O07:Coculture:F07:SN-38,O07,diagonal,exact_fixed_budget,15,0.0721788565704,1,0.0380725066289,0.222918488275,13
O07:Coculture:F07:SN-38,O07,diagonal,exact_fixed_budget,16,0.0721788565704,1,0.0380725066289,0.222918488275,1
O07:Monoculture::5-FU,O07,joint,exact_fixed_budget,3,0.086403292437,1,0.280474878044,0,1
O07:Monoculture::5-FU,O07,joint,exact_fixed_budget,4,0.0827534820473,1,0.138036664512,0.142438213532,13
O07:Monoculture::5-FU,O07,joint,exact_fixed_budget,5,0.084091005331,1,0.113205720394,0.16726915765,78
O07:Monoculture::5-FU,O07,joint,exact_fixed_budget,6,0.0972369781644,1,0.0914189699242,0.18905590812,286
O07:Monoculture::5-FU,O07,joint,exact_fixed_budget,7,0.0862182148655,1,0.0823127632634,0.19816211478,715
O07:Monoculture::5-FU,O07,joint,exact_fixed_budget,8,0.0875843387742,1,0.0745004708825,0.205974407161,1287
O07:Monoculture::5-FU,O07,joint,exact_fixed_budget,9,0.0507809749376,1,0.0698082787267,0.210666599317,1716
O07:Monoculture::5-FU,O07,joint,exact_fixed_budget,10,0.0496326679579,1,0.0658223250994,0.214652552945,1716
O07:Monoculture::5-FU,O07,joint,exact_fixed_budget,11,0.0496116282096,1,0.0628241671311,0.217650710913,1287
O07:Monoculture::5-FU,O07,joint,exact_fixed_budget,12,0.0326176326162,1,0.0603459793496,0.220128898694,715
O07:Monoculture::5-FU,O07,joint,exact_fixed_budget,13,0.03232725249,1,0.0585449552484,0.221929922796,286
O07:Monoculture::5-FU,O07,joint,exact_fixed_budget,14,0.0322228066145,1,0.0568102647443,0.2236646133,78
O07:Monoculture::5-FU,O07,joint,exact_fixed_budget,15,0.0315485305405,1,0.0553952476741,0.22507963037,13
O07:Monoculture::5-FU,O07,joint,exact_fixed_budget,16,0.030599306872,1,0.0542476662103,0.226227211834,1
O07:Monoculture::5-FU,O07,diagonal,exact_fixed_budget,3,0.0913279021495,1,0.267019887966,0,1
O07:Monoculture::5-FU,O07,diagonal,exact_fixed_budget,4,0.0911118537208,1,0.129217436396,0.137802451569,13
O07:Monoculture::5-FU,O07,diagonal,exact_fixed_budget,5,0.102258196063,1,0.097680074483,0.169339813483,78
O07:Monoculture::5-FU,O07,diagonal,exact_fixed_budget,6,0.0907753211768,1,0.0821925512078,0.184827336758,286
O07:Monoculture::5-FU,O07,diagonal,exact_fixed_budget,7,0.0944959162873,1,0.070965580188,0.196054307778,715
O07:Monoculture::5-FU,O07,diagonal,exact_fixed_budget,8,0.0571242543774,1,0.0622947771021,0.204725110864,1287
O07:Monoculture::5-FU,O07,diagonal,exact_fixed_budget,9,0.058001595849,1,0.05631538607,0.210704501896,1716
O07:Monoculture::5-FU,O07,diagonal,exact_fixed_budget,10,0.0581486285953,1,0.0515810676561,0.21543882031,1716
O07:Monoculture::5-FU,O07,diagonal,exact_fixed_budget,11,0.0369940143798,1,0.0473575768087,0.219662311157,1287
O07:Monoculture::5-FU,O07,diagonal,exact_fixed_budget,12,0.0373845890763,1,0.0444115049677,0.222608382998,715
O07:Monoculture::5-FU,O07,diagonal,exact_fixed_budget,13,0.036855573842,1,0.0417022576297,0.225317630336,286
O07:Monoculture::5-FU,O07,diagonal,exact_fixed_budget,14,0.0353605340027,1,0.0392273519641,0.227792536002,78
O07:Monoculture::5-FU,O07,diagonal,exact_fixed_budget,15,0.0368560970508,1,0.0381875006347,0.228832387331,13
O07:Monoculture::5-FU,O07,diagonal,exact_fixed_budget,16,0.0368560970508,1,0.0381875006347,0.228832387331,1
O07:Monoculture::Gef,O07,joint,exact_fixed_budget,3,0.374638227845,0.857142857143,0.28870561731,0,1
O07:Monoculture::Gef,O07,joint,exact_fixed_budget,4,0.197770587274,0.857142857143,0.133129620768,0.155575996543,13
O07:Monoculture::Gef,O07,joint,exact_fixed_budget,5,0.197919678623,0.857142857143,0.10657549529,0.18213012202,78
O07:Monoculture::Gef,O07,joint,exact_fixed_budget,6,0.197733734271,0.857142857143,0.088917258725,0.199788358586,286
O07:Monoculture::Gef,O07,joint,exact_fixed_budget,7,0.195145541769,0.857142857143,0.0790185914789,0.209687025832,715
O07:Monoculture::Gef,O07,joint,exact_fixed_budget,8,0.199105731769,0.857142857143,0.0714097576622,0.217295859648,1287
O07:Monoculture::Gef,O07,joint,exact_fixed_budget,9,0.200865031844,0.857142857143,0.0662182213605,0.22248739595,1716
O07:Monoculture::Gef,O07,joint,exact_fixed_budget,10,0.138696441582,0.857142857143,0.0622382543016,0.226467363009,1716
O07:Monoculture::Gef,O07,joint,exact_fixed_budget,11,0.13224577605,0.857142857143,0.059213700639,0.229491916671,1287
O07:Monoculture::Gef,O07,joint,exact_fixed_budget,12,0.135070432368,0.857142857143,0.0568906482353,0.231814969075,715
O07:Monoculture::Gef,O07,joint,exact_fixed_budget,13,0.131107559803,0.857142857143,0.0547695408573,0.233936076453,286
O07:Monoculture::Gef,O07,joint,exact_fixed_budget,14,0.135475367073,0.857142857143,0.0528527847747,0.235852832536,78
O07:Monoculture::Gef,O07,joint,exact_fixed_budget,15,0.131302226949,0.857142857143,0.0511999068445,0.237505710466,13
O07:Monoculture::Gef,O07,joint,exact_fixed_budget,16,0.130859371781,0.857142857143,0.0499574589007,0.23874815841,1
O07:Monoculture::Gef,O07,diagonal,exact_fixed_budget,3,0.351928828249,0.857142857143,0.280588225278,0,1
O07:Monoculture::Gef,O07,diagonal,exact_fixed_budget,4,0.202518860103,0.857142857143,0.130316967756,0.150271257522,13
O07:Monoculture::Gef,O07,diagonal,exact_fixed_budget,5,0.202117976784,0.857142857143,0.0981364215616,0.182451803717,78
O07:Monoculture::Gef,O07,diagonal,exact_fixed_budget,6,0.216851484428,0.857142857143,0.0816837015584,0.19890452372,286
O07:Monoculture::Gef,O07,diagonal,exact_fixed_budget,7,0.217014665381,0.857142857143,0.070481539631,0.210106685647,715
O07:Monoculture::Gef,O07,diagonal,exact_fixed_budget,8,0.157599016581,0.857142857143,0.0616035508859,0.218984674392,1287
O07:Monoculture::Gef,O07,diagonal,exact_fixed_budget,9,0.164955698888,0.857142857143,0.0552987596725,0.225289465606,1716
O07:Monoculture::Gef,O07,diagonal,exact_fixed_budget,10,0.16316342103,0.857142857143,0.050448058291,0.230140166987,1716
O07:Monoculture::Gef,O07,diagonal,exact_fixed_budget,11,0.169816529784,0.857142857143,0.0465111599213,0.234077065357,1287
O07:Monoculture::Gef,O07,diagonal,exact_fixed_budget,12,0.178676821369,0.857142857143,0.0434671400405,0.237121085238,715
O07:Monoculture::Gef,O07,diagonal,exact_fixed_budget,13,0.178715739685,0.857142857143,0.0407281522897,0.239860072988,286
O07:Monoculture::Gef,O07,diagonal,exact_fixed_budget,14,0.179633589732,0.857142857143,0.0384007525803,0.242187472698,78
O07:Monoculture::Gef,O07,diagonal,exact_fixed_budget,15,0.183121710354,0.857142857143,0.0378450099172,0.242743215361,13
O07:Monoculture::Gef,O07,diagonal,exact_fixed_budget,16,0.183121710354,0.857142857143,0.0378450099172,0.242743215361,1
O07:Monoculture::Oxa,O07,joint,exact_fixed_budget,3,0.0943011762693,1,0.280474878044,0,1
O07:Monoculture::Oxa,O07,joint,exact_fixed_budget,4,0.0733820528744,1,0.138036664512,0.142438213532,13
O07:Monoculture::Oxa,O07,joint,exact_fixed_budget,5,0.0555062416993,1,0.113205720394,0.16726915765,78
O07:Monoculture::Oxa,O07,joint,exact_fixed_budget,6,0.0570040286411,1,0.0914189699242,0.18905590812,286
O07:Monoculture::Oxa,O07,joint,exact_fixed_budget,7,0.0616903857616,1,0.0823127632634,0.19816211478,715
O07:Monoculture::Oxa,O07,joint,exact_fixed_budget,8,0.057560720061,1,0.0745004708825,0.205974407161,1287
O07:Monoculture::Oxa,O07,joint,exact_fixed_budget,9,0.0579436024423,1,0.0698082787267,0.210666599317,1716
O07:Monoculture::Oxa,O07,joint,exact_fixed_budget,10,0.0508454112468,1,0.0658223250994,0.214652552945,1716
O07:Monoculture::Oxa,O07,joint,exact_fixed_budget,11,0.0506801189069,1,0.0628241671311,0.217650710913,1287
O07:Monoculture::Oxa,O07,joint,exact_fixed_budget,12,0.0429936664612,1,0.0603459793496,0.220128898694,715
O07:Monoculture::Oxa,O07,joint,exact_fixed_budget,13,0.231369866198,0.857142857143,0.0585449552484,0.221929922796,286
O07:Monoculture::Oxa,O07,joint,exact_fixed_budget,14,0.202222844761,1,0.0568102647443,0.2236646133,78
O07:Monoculture::Oxa,O07,joint,exact_fixed_budget,15,0.184708457335,1,0.0553952476741,0.22507963037,13
O07:Monoculture::Oxa,O07,joint,exact_fixed_budget,16,0.184496525448,1,0.0542476662103,0.226227211834,1
O07:Monoculture::Oxa,O07,diagonal,exact_fixed_budget,3,0.0874880507947,1,0.267019887966,0,1
O07:Monoculture::Oxa,O07,diagonal,exact_fixed_budget,4,0.0708570325803,1,0.129217436396,0.137802451569,13
O07:Monoculture::Oxa,O07,diagonal,exact_fixed_budget,5,0.0570176486476,1,0.097680074483,0.169339813483,78
O07:Monoculture::Oxa,O07,diagonal,exact_fixed_budget,6,0.0616645162193,1,0.0821925512078,0.184827336758,286
O07:Monoculture::Oxa,O07,diagonal,exact_fixed_budget,7,0.0545986391028,1,0.070965580188,0.196054307778,715
O07:Monoculture::Oxa,O07,diagonal,exact_fixed_budget,8,0.0496850078308,1,0.0622947771021,0.204725110864,1287
O07:Monoculture::Oxa,O07,diagonal,exact_fixed_budget,9,0.0491616866639,1,0.05631538607,0.210704501896,1716
O07:Monoculture::Oxa,O07,diagonal,exact_fixed_budget,10,0.0478971881977,1,0.0515810676561,0.21543882031,1716
O07:Monoculture::Oxa,O07,diagonal,exact_fixed_budget,11,0.0430969286321,1,0.0473575768087,0.219662311157,1287
O07:Monoculture::Oxa,O07,diagonal,exact_fixed_budget,12,0.155275960401,1,0.0444115049677,0.222608382998,715
O07:Monoculture::Oxa,O07,diagonal,exact_fixed_budget,13,0.154876539976,1,0.0417022576297,0.225317630336,286
O07:Monoculture::Oxa,O07,diagonal,exact_fixed_budget,14,0.15546740742,1,0.0392273519641,0.227792536002,78
O07:Monoculture::Oxa,O07,diagonal,exact_fixed_budget,15,0.155064146496,1,0.0381875006347,0.228832387331,13
O07:Monoculture::Oxa,O07,diagonal,exact_fixed_budget,16,0.155064146496,1,0.0381875006347,0.228832387331,1
O07:Monoculture::SN-38,O07,joint,exact_fixed_budget,3,0.298143613858,1,0.277257611944,0,1
O07:Monoculture::SN-38,O07,joint,exact_fixed_budget,4,0.339105081057,0.857142857143,0.141986636129,0.135270975815,13
O07:Monoculture::SN-38,O07,joint,exact_fixed_budget,5,0.313529102023,0.857142857143,0.117377687616,0.159879924328,78
O07:Monoculture::SN-38,O07,joint,exact_fixed_budget,6,0.172444090738,1,0.0930408830139,0.18421672893,286
O07:Monoculture::SN-38,O07,joint,exact_fixed_budget,7,0.188861268766,1,0.0842845487245,0.19297306322,715
O07:Monoculture::SN-38,O07,joint,exact_fixed_budget,8,0.19991231493,0.857142857143,0.0767994229069,0.200458189037,1287
O07:Monoculture::SN-38,O07,joint,exact_fixed_budget,9,0.209905012942,0.857142857143,0.0720229370302,0.205234674914,1716
O07:Monoculture::SN-38,O07,joint,exact_fixed_budget,10,0.211293246508,0.857142857143,0.068255369939,0.209002242005,1716
O07:Monoculture::SN-38,O07,joint,exact_fixed_budget,11,0.178189659199,1,0.0652521460081,0.212005465936,1287
O07:Monoculture::SN-38,O07,joint,exact_fixed_budget,12,0.20851472827,0.857142857143,0.0624196615889,0.214837950355,715
O07:Monoculture::SN-38,O07,joint,exact_fixed_budget,13,0.208238517153,0.857142857143,0.060736743078,0.216520868866,286
O07:Monoculture::SN-38,O07,joint,exact_fixed_budget,14,0.195697646465,0.857142857143,0.059065720296,0.218191891648,78
O07:Monoculture::SN-38,O07,joint,exact_fixed_budget,15,0.200148964267,0.857142857143,0.057537335827,0.219720276117,13
O07:Monoculture::SN-38,O07,joint,exact_fixed_budget,16,0.193657421125,0.857142857143,0.0564133585507,0.220844253393,1
O07:Monoculture::SN-38,O07,diagonal,exact_fixed_budget,3,0.28613456066,1,0.260990994904,0,1
O07:Monoculture::SN-38,O07,diagonal,exact_fixed_budget,4,0.326390190264,0.857142857143,0.129151237072,0.131839757832,13
O07:Monoculture::SN-38,O07,diagonal,exact_fixed_budget,5,0.213113694671,1,0.0976331423158,0.163357852588,78
O07:Monoculture::SN-38,O07,diagonal,exact_fixed_budget,6,0.226705696975,0.857142857143,0.0824541824899,0.178536812414,286
O07:Monoculture::SN-38,O07,diagonal,exact_fixed_budget,7,0.23879125142,0.857142857143,0.0712880117184,0.189702983185,715
O07:Monoculture::SN-38,O07,diagonal,exact_fixed_budget,8,0.249581788359,0.857142857143,0.0628129694369,0.198178025467,1287
O07:Monoculture::SN-38,O07,diagonal,exact_fixed_budget,9,0.226402394013,0.857142857143,0.0569733789787,0.204017615925,1716
O07:Monoculture::SN-38,O07,diagonal,exact_fixed_budget,10,0.240060409214,0.857142857143,0.0520441460796,0.208946848824,1716
O07:Monoculture::SN-38,O07,diagonal,exact_fixed_budget,11,0.246387011563,0.857142857143,0.0476825394107,0.213308455493,1287
O07:Monoculture::SN-38,O07,diagonal,exact_fixed_budget,12,0.225378445024,0.857142857143,0.0446661243149,0.216324870589,715
O07:Monoculture::SN-38,O07,diagonal,exact_fixed_budget,13,0.252480516502,0.857142857143,0.0418890993682,0.219101895535,286
O07:Monoculture::SN-38,O07,diagonal,exact_fixed_budget,14,0.240353360401,0.857142857143,0.0394667818013,0.221524213102,78
O07:Monoculture::SN-38,O07,diagonal,exact_fixed_budget,15,0.262186935405,0.857142857143,0.0380725066289,0.222918488275,13
O07:Monoculture::SN-38,O07,diagonal,exact_fixed_budget,16,0.262186935405,0.857142857143,0.0380725066289,0.222918488275,1
O09:Coculture:F17:5-FU,O09,joint,exact_fixed_budget,3,0.282600693584,1,0.280474878044,0,1
O09:Coculture:F17:5-FU,O09,joint,exact_fixed_budget,4,0.577879702173,0.857142857143,0.138036664512,0.142438213532,13
O09:Coculture:F17:5-FU,O09,joint,exact_fixed_budget,5,0.582476894246,0.714285714286,0.113205720394,0.16726915765,78
O09:Coculture:F17:5-FU,O09,joint,exact_fixed_budget,6,0.686418636682,0.714285714286,0.0914189699242,0.18905590812,286
O09:Coculture:F17:5-FU,O09,joint,exact_fixed_budget,7,0.769396537867,0.571428571429,0.0823127632634,0.19816211478,715
O09:Coculture:F17:5-FU,O09,joint,exact_fixed_budget,8,0.760852721071,0.571428571429,0.0745004708825,0.205974407161,1287
O09:Coculture:F17:5-FU,O09,joint,exact_fixed_budget,9,0.764849529881,0.571428571429,0.0698082787267,0.210666599317,1716
O09:Coculture:F17:5-FU,O09,joint,exact_fixed_budget,10,0.757881698642,0.571428571429,0.0658223250994,0.214652552945,1716
O09:Coculture:F17:5-FU,O09,joint,exact_fixed_budget,11,0.765348771004,0.571428571429,0.0628241671311,0.217650710913,1287
O09:Coculture:F17:5-FU,O09,joint,exact_fixed_budget,12,0.793760176191,0.571428571429,0.0603459793496,0.220128898694,715
O09:Coculture:F17:5-FU,O09,joint,exact_fixed_budget,13,0.816392570161,0.571428571429,0.0585449552484,0.221929922796,286
O09:Coculture:F17:5-FU,O09,joint,exact_fixed_budget,14,0.818855900375,0.571428571429,0.0568102647443,0.2236646133,78
O09:Coculture:F17:5-FU,O09,joint,exact_fixed_budget,15,0.803800853503,0.571428571429,0.0553952476741,0.22507963037,13
O09:Coculture:F17:5-FU,O09,joint,exact_fixed_budget,16,0.748242981751,0.571428571429,0.0542476662103,0.226227211834,1
O09:Coculture:F17:5-FU,O09,diagonal,exact_fixed_budget,3,0.264803225099,1,0.267019887966,0,1
O09:Coculture:F17:5-FU,O09,diagonal,exact_fixed_budget,4,0.426177724025,0.857142857143,0.129217436396,0.137802451569,13
O09:Coculture:F17:5-FU,O09,diagonal,exact_fixed_budget,5,0.431953433506,0.857142857143,0.097680074483,0.169339813483,78
O09:Coculture:F17:5-FU,O09,diagonal,exact_fixed_budget,6,0.484923697638,0.714285714286,0.0821925512078,0.184827336758,286
O09:Coculture:F17:5-FU,O09,diagonal,exact_fixed_budget,7,0.487643263646,0.714285714286,0.070965580188,0.196054307778,715
O09:Coculture:F17:5-FU,O09,diagonal,exact_fixed_budget,8,0.455394294138,0.714285714286,0.0622947771021,0.204725110864,1287
O09:Coculture:F17:5-FU,O09,diagonal,exact_fixed_budget,9,0.475220960659,0.714285714286,0.05631538607,0.210704501896,1716
O09:Coculture:F17:5-FU,O09,diagonal,exact_fixed_budget,10,0.483352653188,0.714285714286,0.0515810676561,0.21543882031,1716
O09:Coculture:F17:5-FU,O09,diagonal,exact_fixed_budget,11,0.500532632207,0.714285714286,0.0473575768087,0.219662311157,1287
O09:Coculture:F17:5-FU,O09,diagonal,exact_fixed_budget,12,0.489906818369,0.714285714286,0.0444115049677,0.222608382998,715
O09:Coculture:F17:5-FU,O09,diagonal,exact_fixed_budget,13,0.519010751623,0.714285714286,0.0417022576297,0.225317630336,286
O09:Coculture:F17:5-FU,O09,diagonal,exact_fixed_budget,14,0.465819169799,0.714285714286,0.0392273519641,0.227792536002,78
O09:Coculture:F17:5-FU,O09,diagonal,exact_fixed_budget,15,0.479072879346,0.714285714286,0.0381875006347,0.228832387331,13
O09:Coculture:F17:5-FU,O09,diagonal,exact_fixed_budget,16,0.479072879346,0.714285714286,0.0381875006347,0.228832387331,1
O10:Coculture:F11:5-FU,O10,joint,exact_fixed_budget,3,0.0813491952886,1,0.280474878044,0,1
O10:Coculture:F11:5-FU,O10,joint,exact_fixed_budget,4,0.0154422893435,1,0.138036664512,0.142438213532,13
O10:Coculture:F11:5-FU,O10,joint,exact_fixed_budget,5,0.0345536953217,1,0.113205720394,0.16726915765,78
O10:Coculture:F11:5-FU,O10,joint,exact_fixed_budget,6,0.00782147266783,1,0.0914189699242,0.18905590812,286
O10:Coculture:F11:5-FU,O10,joint,exact_fixed_budget,7,0.0126186010115,1,0.0823127632634,0.19816211478,715
O10:Coculture:F11:5-FU,O10,joint,exact_fixed_budget,8,0.010068354109,1,0.0745004708825,0.205974407161,1287
O10:Coculture:F11:5-FU,O10,joint,exact_fixed_budget,9,0.00987777408927,1,0.0698082787267,0.210666599317,1716
O10:Coculture:F11:5-FU,O10,joint,exact_fixed_budget,10,0.0100452493993,1,0.0658223250994,0.214652552945,1716
O10:Coculture:F11:5-FU,O10,joint,exact_fixed_budget,11,0.0077351213625,1,0.0628241671311,0.217650710913,1287
O10:Coculture:F11:5-FU,O10,joint,exact_fixed_budget,12,0.00829814894469,1,0.0603459793496,0.220128898694,715
O10:Coculture:F11:5-FU,O10,joint,exact_fixed_budget,13,0.00659931303011,1,0.0585449552484,0.221929922796,286
O10:Coculture:F11:5-FU,O10,joint,exact_fixed_budget,14,0.00562447491834,1,0.0568102647443,0.2236646133,78
O10:Coculture:F11:5-FU,O10,joint,exact_fixed_budget,15,0.00671386214712,1,0.0553952476741,0.22507963037,13
O10:Coculture:F11:5-FU,O10,joint,exact_fixed_budget,16,0.00650531652544,1,0.0542476662103,0.226227211834,1
O10:Coculture:F11:5-FU,O10,diagonal,exact_fixed_budget,3,0.0550605756765,1,0.267019887966,0,1
O10:Coculture:F11:5-FU,O10,diagonal,exact_fixed_budget,4,0.00614378906798,1,0.129217436396,0.137802451569,13
O10:Coculture:F11:5-FU,O10,diagonal,exact_fixed_budget,5,0.0119120476902,1,0.097680074483,0.169339813483,78
O10:Coculture:F11:5-FU,O10,diagonal,exact_fixed_budget,6,0.014567276018,1,0.0821925512078,0.184827336758,286
O10:Coculture:F11:5-FU,O10,diagonal,exact_fixed_budget,7,0.0113842809111,1,0.070965580188,0.196054307778,715
O10:Coculture:F11:5-FU,O10,diagonal,exact_fixed_budget,8,0.00703161135452,1,0.0622947771021,0.204725110864,1287
O10:Coculture:F11:5-FU,O10,diagonal,exact_fixed_budget,9,0.011383248194,1,0.05631538607,0.210704501896,1716
O10:Coculture:F11:5-FU,O10,diagonal,exact_fixed_budget,10,0.00869675198256,1,0.0515810676561,0.21543882031,1716
O10:Coculture:F11:5-FU,O10,diagonal,exact_fixed_budget,11,0.00888541450365,1,0.0473575768087,0.219662311157,1287
O10:Coculture:F11:5-FU,O10,diagonal,exact_fixed_budget,12,0.00614597909981,1,0.0444115049677,0.222608382998,715
O10:Coculture:F11:5-FU,O10,diagonal,exact_fixed_budget,13,0.00617967760859,1,0.0417022576297,0.225317630336,286
O10:Coculture:F11:5-FU,O10,diagonal,exact_fixed_budget,14,0.00621513137024,1,0.0392273519641,0.227792536002,78
O10:Coculture:F11:5-FU,O10,diagonal,exact_fixed_budget,15,0.00649042190396,1,0.0381875006347,0.228832387331,13
O10:Coculture:F11:5-FU,O10,diagonal,exact_fixed_budget,16,0.00649042190396,1,0.0381875006347,0.228832387331,1
O10:Coculture:F11:Gef,O10,joint,exact_fixed_budget,3,0.913315990992,0.714285714286,0.28870561731,0,1
O10:Coculture:F11:Gef,O10,joint,exact_fixed_budget,4,0.161881757579,1,0.133129620768,0.155575996543,13
O10:Coculture:F11:Gef,O10,joint,exact_fixed_budget,5,0.0886253236626,1,0.10657549529,0.18213012202,78
O10:Coculture:F11:Gef,O10,joint,exact_fixed_budget,6,0.0953660293503,1,0.088917258725,0.199788358586,286
O10:Coculture:F11:Gef,O10,joint,exact_fixed_budget,7,0.103010864907,1,0.0790185914789,0.209687025832,715
O10:Coculture:F11:Gef,O10,joint,exact_fixed_budget,8,0.0950874539291,1,0.0714097576622,0.217295859648,1287
O10:Coculture:F11:Gef,O10,joint,exact_fixed_budget,9,0.0916633818382,1,0.0662182213605,0.22248739595,1716
O10:Coculture:F11:Gef,O10,joint,exact_fixed_budget,10,0.053143956379,1,0.0622382543016,0.226467363009,1716
O10:Coculture:F11:Gef,O10,joint,exact_fixed_budget,11,0.0514869085521,1,0.059213700639,0.229491916671,1287
O10:Coculture:F11:Gef,O10,joint,exact_fixed_budget,12,0.0482720405704,1,0.0568906482353,0.231814969075,715
O10:Coculture:F11:Gef,O10,joint,exact_fixed_budget,13,0.0481957280472,1,0.0547695408573,0.233936076453,286
O10:Coculture:F11:Gef,O10,joint,exact_fixed_budget,14,0.045684964929,1,0.0528527847747,0.235852832536,78
O10:Coculture:F11:Gef,O10,joint,exact_fixed_budget,15,0.0459782875067,1,0.0511999068445,0.237505710466,13
O10:Coculture:F11:Gef,O10,joint,exact_fixed_budget,16,0.0440696447069,1,0.0499574589007,0.23874815841,1
O10:Coculture:F11:Gef,O10,diagonal,exact_fixed_budget,3,0.895889696616,0.857142857143,0.280588225278,0,1
O10:Coculture:F11:Gef,O10,diagonal,exact_fixed_budget,4,0.202014539766,1,0.130316967756,0.150271257522,13
O10:Coculture:F11:Gef,O10,diagonal,exact_fixed_budget,5,0.127533171144,1,0.0981364215616,0.182451803717,78
O10:Coculture:F11:Gef,O10,diagonal,exact_fixed_budget,6,0.138156302294,1,0.0816837015584,0.19890452372,286
O10:Coculture:F11:Gef,O10,diagonal,exact_fixed_budget,7,0.115992225391,1,0.070481539631,0.210106685647,715
O10:Coculture:F11:Gef,O10,diagonal,exact_fixed_budget,8,0.0959108979963,1,0.0616035508859,0.218984674392,1287
O10:Coculture:F11:Gef,O10,diagonal,exact_fixed_budget,9,0.0820190785202,1,0.0552987596725,0.225289465606,1716
O10:Coculture:F11:Gef,O10,diagonal,exact_fixed_budget,10,0.0722017505475,1,0.050448058291,0.230140166987,1716
O10:Coculture:F11:Gef,O10,diagonal,exact_fixed_budget,11,0.0712597141306,1,0.0465111599213,0.234077065357,1287
O10:Coculture:F11:Gef,O10,diagonal,exact_fixed_budget,12,0.0554235122311,1,0.0434671400405,0.237121085238,715
O10:Coculture:F11:Gef,O10,diagonal,exact_fixed_budget,13,0.0544396697432,1,0.0407281522897,0.239860072988,286
O10:Coculture:F11:Gef,O10,diagonal,exact_fixed_budget,14,0.0537917144209,1,0.0384007525803,0.242187472698,78
O10:Coculture:F11:Gef,O10,diagonal,exact_fixed_budget,15,0.0535736200321,1,0.0378450099172,0.242743215361,13
O10:Coculture:F11:Gef,O10,diagonal,exact_fixed_budget,16,0.0535736200321,1,0.0378450099172,0.242743215361,1
O10:Coculture:F11:Oxa,O10,joint,exact_fixed_budget,3,4.01230621601,0.714285714286,0.280474878044,0,1
O10:Coculture:F11:Oxa,O10,joint,exact_fixed_budget,4,3.41214615861,0.857142857143,0.138036664512,0.142438213532,13
O10:Coculture:F11:Oxa,O10,joint,exact_fixed_budget,5,3.29289627888,0.857142857143,0.113205720394,0.16726915765,78
O10:Coculture:F11:Oxa,O10,joint,exact_fixed_budget,6,3.55388682708,0.857142857143,0.0914189699242,0.18905590812,286
O10:Coculture:F11:Oxa,O10,joint,exact_fixed_budget,7,4.04222983888,0.714285714286,0.0823127632634,0.19816211478,715
O10:Coculture:F11:Oxa,O10,joint,exact_fixed_budget,8,3.89860787144,0.857142857143,0.0745004708825,0.205974407161,1287
O10:Coculture:F11:Oxa,O10,joint,exact_fixed_budget,9,3.89776991421,0.857142857143,0.0698082787267,0.210666599317,1716
O10:Coculture:F11:Oxa,O10,joint,exact_fixed_budget,10,2.40805488365,0.857142857143,0.0658223250994,0.214652552945,1716
O10:Coculture:F11:Oxa,O10,joint,exact_fixed_budget,11,2.32725459293,0.857142857143,0.0628241671311,0.217650710913,1287
O10:Coculture:F11:Oxa,O10,joint,exact_fixed_budget,12,2.30625871164,0.857142857143,0.0603459793496,0.220128898694,715
O10:Coculture:F11:Oxa,O10,joint,exact_fixed_budget,13,2.15301710277,0.857142857143,0.0585449552484,0.221929922796,286
O10:Coculture:F11:Oxa,O10,joint,exact_fixed_budget,14,2.15235933481,0.857142857143,0.0568102647443,0.2236646133,78
O10:Coculture:F11:Oxa,O10,joint,exact_fixed_budget,15,2.17108339898,0.857142857143,0.0553952476741,0.22507963037,13
O10:Coculture:F11:Oxa,O10,joint,exact_fixed_budget,16,2.16957339052,0.857142857143,0.0542476662103,0.226227211834,1
O10:Coculture:F11:Oxa,O10,diagonal,exact_fixed_budget,3,4.26676303403,0.714285714286,0.267019887966,0,1
O10:Coculture:F11:Oxa,O10,diagonal,exact_fixed_budget,4,3.69202702113,0.857142857143,0.129217436396,0.137802451569,13
O10:Coculture:F11:Oxa,O10,diagonal,exact_fixed_budget,5,3.50894328501,0.857142857143,0.097680074483,0.169339813483,78
O10:Coculture:F11:Oxa,O10,diagonal,exact_fixed_budget,6,4.00663237537,0.714285714286,0.0821925512078,0.184827336758,286
O10:Coculture:F11:Oxa,O10,diagonal,exact_fixed_budget,7,3.83019797219,0.714285714286,0.070965580188,0.196054307778,715
O10:Coculture:F11:Oxa,O10,diagonal,exact_fixed_budget,8,2.04444775876,0.857142857143,0.0622947771021,0.204725110864,1287
O10:Coculture:F11:Oxa,O10,diagonal,exact_fixed_budget,9,2.40212002864,0.857142857143,0.05631538607,0.210704501896,1716
O10:Coculture:F11:Oxa,O10,diagonal,exact_fixed_budget,10,2.32511356911,0.857142857143,0.0515810676561,0.21543882031,1716
O10:Coculture:F11:Oxa,O10,diagonal,exact_fixed_budget,11,2.31582481808,0.857142857143,0.0473575768087,0.219662311157,1287
O10:Coculture:F11:Oxa,O10,diagonal,exact_fixed_budget,12,2.16161685221,0.857142857143,0.0444115049677,0.222608382998,715
O10:Coculture:F11:Oxa,O10,diagonal,exact_fixed_budget,13,2.16818613349,0.857142857143,0.0417022576297,0.225317630336,286
O10:Coculture:F11:Oxa,O10,diagonal,exact_fixed_budget,14,2.16549195597,0.857142857143,0.0392273519641,0.227792536002,78
O10:Coculture:F11:Oxa,O10,diagonal,exact_fixed_budget,15,2.16637445614,0.857142857143,0.0381875006347,0.228832387331,13
O10:Coculture:F11:Oxa,O10,diagonal,exact_fixed_budget,16,2.16637445614,0.857142857143,0.0381875006347,0.228832387331,1
O10:Coculture:F11:SN-38,O10,joint,exact_fixed_budget,3,0.635870182525,0.857142857143,0.277257611944,0,1
O10:Coculture:F11:SN-38,O10,joint,exact_fixed_budget,4,0.233338964184,0.857142857143,0.141986636129,0.135270975815,13
O10:Coculture:F11:SN-38,O10,joint,exact_fixed_budget,5,0.235518426337,0.857142857143,0.117377687616,0.159879924328,78
O10:Coculture:F11:SN-38,O10,joint,exact_fixed_budget,6,0.280844287417,0.857142857143,0.0930408830139,0.18421672893,286
O10:Coculture:F11:SN-38,O10,joint,exact_fixed_budget,7,0.309329347382,0.857142857143,0.0842845487245,0.19297306322,715
O10:Coculture:F11:SN-38,O10,joint,exact_fixed_budget,8,0.285355615036,0.857142857143,0.0767994229069,0.200458189037,1287
O10:Coculture:F11:SN-38,O10,joint,exact_fixed_budget,9,0.228717438776,0.857142857143,0.0720229370302,0.205234674914,1716
O10:Coculture:F11:SN-38,O10,joint,exact_fixed_budget,10,0.255552504348,0.857142857143,0.068255369939,0.209002242005,1716
O10:Coculture:F11:SN-38,O10,joint,exact_fixed_budget,11,0.251163477635,0.857142857143,0.0652521460081,0.212005465936,1287
O10:Coculture:F11:SN-38,O10,joint,exact_fixed_budget,12,0.268017019829,0.857142857143,0.0624196615889,0.214837950355,715
O10:Coculture:F11:SN-38,O10,joint,exact_fixed_budget,13,0.195384995599,0.857142857143,0.060736743078,0.216520868866,286
O10:Coculture:F11:SN-38,O10,joint,exact_fixed_budget,14,0.195937482948,0.857142857143,0.059065720296,0.218191891648,78
O10:Coculture:F11:SN-38,O10,joint,exact_fixed_budget,15,0.192790983288,0.857142857143,0.057537335827,0.219720276117,13
O10:Coculture:F11:SN-38,O10,joint,exact_fixed_budget,16,0.193624103705,0.857142857143,0.0564133585507,0.220844253393,1
O10:Coculture:F11:SN-38,O10,diagonal,exact_fixed_budget,3,0.657862678743,0.857142857143,0.260990994904,0,1
O10:Coculture:F11:SN-38,O10,diagonal,exact_fixed_budget,4,0.248360144166,0.857142857143,0.129151237072,0.131839757832,13
O10:Coculture:F11:SN-38,O10,diagonal,exact_fixed_budget,5,0.310806458889,0.857142857143,0.0976331423158,0.163357852588,78
O10:Coculture:F11:SN-38,O10,diagonal,exact_fixed_budget,6,0.303996800537,0.857142857143,0.0824541824899,0.178536812414,286
O10:Coculture:F11:SN-38,O10,diagonal,exact_fixed_budget,7,0.295699876403,0.714285714286,0.0712880117184,0.189702983185,715
O10:Coculture:F11:SN-38,O10,diagonal,exact_fixed_budget,8,0.233713365184,0.857142857143,0.0628129694369,0.198178025467,1287
O10:Coculture:F11:SN-38,O10,diagonal,exact_fixed_budget,9,0.251809188931,0.857142857143,0.0569733789787,0.204017615925,1716
O10:Coculture:F11:SN-38,O10,diagonal,exact_fixed_budget,10,0.260529690919,0.857142857143,0.0520441460796,0.208946848824,1716
O10:Coculture:F11:SN-38,O10,diagonal,exact_fixed_budget,11,0.256991460412,0.857142857143,0.0476825394107,0.213308455493,1287
O10:Coculture:F11:SN-38,O10,diagonal,exact_fixed_budget,12,0.262212336458,0.857142857143,0.0446661243149,0.216324870589,715
O10:Coculture:F11:SN-38,O10,diagonal,exact_fixed_budget,13,0.212167048638,0.857142857143,0.0418890993682,0.219101895535,286
O10:Coculture:F11:SN-38,O10,diagonal,exact_fixed_budget,14,0.210421412987,0.857142857143,0.0394667818013,0.221524213102,78
O10:Coculture:F11:SN-38,O10,diagonal,exact_fixed_budget,15,0.210430624462,0.857142857143,0.0380725066289,0.222918488275,13
O10:Coculture:F11:SN-38,O10,diagonal,exact_fixed_budget,16,0.210430624462,0.857142857143,0.0380725066289,0.222918488275,1
O11:Coculture:F06:5-FU,O11,joint,exact_fixed_budget,3,0.0613167530924,1,0.280474878044,0,1
O11:Coculture:F06:5-FU,O11,joint,exact_fixed_budget,4,0.0667393719137,1,0.138036664512,0.142438213532,13
O11:Coculture:F06:5-FU,O11,joint,exact_fixed_budget,5,0.0523556305451,1,0.113205720394,0.16726915765,78
O11:Coculture:F06:5-FU,O11,joint,exact_fixed_budget,6,0.0680661680089,1,0.0914189699242,0.18905590812,286
O11:Coculture:F06:5-FU,O11,joint,exact_fixed_budget,7,0.0631829392875,1,0.0823127632634,0.19816211478,715
O11:Coculture:F06:5-FU,O11,joint,exact_fixed_budget,8,0.0570725852809,1,0.0745004708825,0.205974407161,1287
O11:Coculture:F06:5-FU,O11,joint,exact_fixed_budget,9,0.0562528082803,1,0.0698082787267,0.210666599317,1716
O11:Coculture:F06:5-FU,O11,joint,exact_fixed_budget,10,0.0472273152071,1,0.0658223250994,0.214652552945,1716
O11:Coculture:F06:5-FU,O11,joint,exact_fixed_budget,11,0.0467934602828,1,0.0628241671311,0.217650710913,1287
O11:Coculture:F06:5-FU,O11,joint,exact_fixed_budget,12,0.0468935455493,1,0.0603459793496,0.220128898694,715
O11:Coculture:F06:5-FU,O11,joint,exact_fixed_budget,13,0.0449844312627,1,0.0585449552484,0.221929922796,286
O11:Coculture:F06:5-FU,O11,joint,exact_fixed_budget,14,0.044021263995,1,0.0568102647443,0.2236646133,78
O11:Coculture:F06:5-FU,O11,joint,exact_fixed_budget,15,0.0406028053274,1,0.0553952476741,0.22507963037,13
O11:Coculture:F06:5-FU,O11,joint,exact_fixed_budget,16,0.0405674180131,1,0.0542476662103,0.226227211834,1
O11:Coculture:F06:5-FU,O11,diagonal,exact_fixed_budget,3,0.0605466980293,1,0.267019887966,0,1
O11:Coculture:F06:5-FU,O11,diagonal,exact_fixed_budget,4,0.0620872641975,1,0.129217436396,0.137802451569,13
O11:Coculture:F06:5-FU,O11,diagonal,exact_fixed_budget,5,0.0536347085273,1,0.097680074483,0.169339813483,78
O11:Coculture:F06:5-FU,O11,diagonal,exact_fixed_budget,6,0.0617179620549,1,0.0821925512078,0.184827336758,286
O11:Coculture:F06:5-FU,O11,diagonal,exact_fixed_budget,7,0.0529974694693,1,0.070965580188,0.196054307778,715
O11:Coculture:F06:5-FU,O11,diagonal,exact_fixed_budget,8,0.0444206489944,1,0.0622947771021,0.204725110864,1287
O11:Coculture:F06:5-FU,O11,diagonal,exact_fixed_budget,9,0.0481786447583,1,0.05631538607,0.210704501896,1716
O11:Coculture:F06:5-FU,O11,diagonal,exact_fixed_budget,10,0.0424515138942,1,0.0515810676561,0.21543882031,1716
O11:Coculture:F06:5-FU,O11,diagonal,exact_fixed_budget,11,0.0427717539483,1,0.0473575768087,0.219662311157,1287
O11:Coculture:F06:5-FU,O11,diagonal,exact_fixed_budget,12,0.0423892584151,1,0.0444115049677,0.222608382998,715
O11:Coculture:F06:5-FU,O11,diagonal,exact_fixed_budget,13,0.0427039959666,1,0.0417022576297,0.225317630336,286
O11:Coculture:F06:5-FU,O11,diagonal,exact_fixed_budget,14,0.0423543678924,1,0.0392273519641,0.227792536002,78
O11:Coculture:F06:5-FU,O11,diagonal,exact_fixed_budget,15,0.041497911384,1,0.0381875006347,0.228832387331,13
O11:Coculture:F06:5-FU,O11,diagonal,exact_fixed_budget,16,0.041497911384,1,0.0381875006347,0.228832387331,1
O11:Coculture:F06:Gef,O11,joint,exact_fixed_budget,3,0.251451631154,1,0.28870561731,0,1
O11:Coculture:F06:Gef,O11,joint,exact_fixed_budget,4,0.210721186293,1,0.133129620768,0.155575996543,13
O11:Coculture:F06:Gef,O11,joint,exact_fixed_budget,5,0.126950080778,1,0.10657549529,0.18213012202,78
O11:Coculture:F06:Gef,O11,joint,exact_fixed_budget,6,0.138310143963,0.857142857143,0.088917258725,0.199788358586,286
O11:Coculture:F06:Gef,O11,joint,exact_fixed_budget,7,0.234426129091,0.857142857143,0.0790185914789,0.209687025832,715
O11:Coculture:F06:Gef,O11,joint,exact_fixed_budget,8,0.18218546456,0.857142857143,0.0714097576622,0.217295859648,1287
O11:Coculture:F06:Gef,O11,joint,exact_fixed_budget,9,0.180998036109,0.857142857143,0.0662182213605,0.22248739595,1716
O11:Coculture:F06:Gef,O11,joint,exact_fixed_budget,10,0.152234771753,0.857142857143,0.0622382543016,0.226467363009,1716
O11:Coculture:F06:Gef,O11,joint,exact_fixed_budget,11,0.134148754858,0.857142857143,0.059213700639,0.229491916671,1287
O11:Coculture:F06:Gef,O11,joint,exact_fixed_budget,12,0.133824367251,0.857142857143,0.0568906482353,0.231814969075,715
O11:Coculture:F06:Gef,O11,joint,exact_fixed_budget,13,0.12977442659,0.857142857143,0.0547695408573,0.233936076453,286
O11:Coculture:F06:Gef,O11,joint,exact_fixed_budget,14,0.134036795942,0.857142857143,0.0528527847747,0.235852832536,78
O11:Coculture:F06:Gef,O11,joint,exact_fixed_budget,15,0.123651244936,0.857142857143,0.0511999068445,0.237505710466,13
O11:Coculture:F06:Gef,O11,joint,exact_fixed_budget,16,0.125590382445,0.857142857143,0.0499574589007,0.23874815841,1
O11:Coculture:F06:Gef,O11,diagonal,exact_fixed_budget,3,0.249346031234,1,0.280588225278,0,1
O11:Coculture:F06:Gef,O11,diagonal,exact_fixed_budget,4,0.219447732565,0.857142857143,0.130316967756,0.150271257522,13
O11:Coculture:F06:Gef,O11,diagonal,exact_fixed_budget,5,0.142263266488,1,0.0981364215616,0.182451803717,78
O11:Coculture:F06:Gef,O11,diagonal,exact_fixed_budget,6,0.224815296983,0.857142857143,0.0816837015584,0.19890452372,286
O11:Coculture:F06:Gef,O11,diagonal,exact_fixed_budget,7,0.179623561236,0.857142857143,0.070481539631,0.210106685647,715
O11:Coculture:F06:Gef,O11,diagonal,exact_fixed_budget,8,0.111117521339,1,0.0616035508859,0.218984674392,1287
O11:Coculture:F06:Gef,O11,diagonal,exact_fixed_budget,9,0.149770281795,0.857142857143,0.0552987596725,0.225289465606,1716
O11:Coculture:F06:Gef,O11,diagonal,exact_fixed_budget,10,0.132146951416,0.857142857143,0.050448058291,0.230140166987,1716
O11:Coculture:F06:Gef,O11,diagonal,exact_fixed_budget,11,0.130819709356,0.857142857143,0.0465111599213,0.234077065357,1287
O11:Coculture:F06:Gef,O11,diagonal,exact_fixed_budget,12,0.135175152618,0.857142857143,0.0434671400405,0.237121085238,715
O11:Coculture:F06:Gef,O11,diagonal,exact_fixed_budget,13,0.123066627121,0.857142857143,0.0407281522897,0.239860072988,286
O11:Coculture:F06:Gef,O11,diagonal,exact_fixed_budget,14,0.124714900028,0.857142857143,0.0384007525803,0.242187472698,78
O11:Coculture:F06:Gef,O11,diagonal,exact_fixed_budget,15,0.124027528824,0.857142857143,0.0378450099172,0.242743215361,13
O11:Coculture:F06:Gef,O11,diagonal,exact_fixed_budget,16,0.124027528824,0.857142857143,0.0378450099172,0.242743215361,1
O11:Coculture:F06:Oxa,O11,joint,exact_fixed_budget,3,0.306375550385,1,0.280474878044,0,1
O11:Coculture:F06:Oxa,O11,joint,exact_fixed_budget,4,0.388095055849,0.857142857143,0.138036664512,0.142438213532,13
O11:Coculture:F06:Oxa,O11,joint,exact_fixed_budget,5,0.138101427438,1,0.113205720394,0.16726915765,78
O11:Coculture:F06:Oxa,O11,joint,exact_fixed_budget,6,0.140932187936,1,0.0914189699242,0.18905590812,286
O11:Coculture:F06:Oxa,O11,joint,exact_fixed_budget,7,0.279136951137,0.857142857143,0.0823127632634,0.19816211478,715
O11:Coculture:F06:Oxa,O11,joint,exact_fixed_budget,8,0.156810614213,0.857142857143,0.0745004708825,0.205974407161,1287
O11:Coculture:F06:Oxa,O11,joint,exact_fixed_budget,9,0.158698505048,0.857142857143,0.0698082787267,0.210666599317,1716
O11:Coculture:F06:Oxa,O11,joint,exact_fixed_budget,10,0.155092091526,0.857142857143,0.0658223250994,0.214652552945,1716
O11:Coculture:F06:Oxa,O11,joint,exact_fixed_budget,11,0.126858566168,1,0.0628241671311,0.217650710913,1287
O11:Coculture:F06:Oxa,O11,joint,exact_fixed_budget,12,0.127866457042,1,0.0603459793496,0.220128898694,715
O11:Coculture:F06:Oxa,O11,joint,exact_fixed_budget,13,0.15734373506,0.857142857143,0.0585449552484,0.221929922796,286
O11:Coculture:F06:Oxa,O11,joint,exact_fixed_budget,14,0.132208338405,1,0.0568102647443,0.2236646133,78
O11:Coculture:F06:Oxa,O11,joint,exact_fixed_budget,15,0.135555056907,0.857142857143,0.0553952476741,0.22507963037,13
O11:Coculture:F06:Oxa,O11,joint,exact_fixed_budget,16,0.133577096081,0.857142857143,0.0542476662103,0.226227211834,1
O11:Coculture:F06:Oxa,O11,diagonal,exact_fixed_budget,3,0.374530047343,0.857142857143,0.267019887966,0,1
O11:Coculture:F06:Oxa,O11,diagonal,exact_fixed_budget,4,0.474408446857,0.857142857143,0.129217436396,0.137802451569,13
O11:Coculture:F06:Oxa,O11,diagonal,exact_fixed_budget,5,0.192788313401,0.857142857143,0.097680074483,0.169339813483,78
O11:Coculture:F06:Oxa,O11,diagonal,exact_fixed_budget,6,0.345364229901,0.857142857143,0.0821925512078,0.184827336758,286
O11:Coculture:F06:Oxa,O11,diagonal,exact_fixed_budget,7,0.203672932855,0.857142857143,0.070965580188,0.196054307778,715
O11:Coculture:F06:Oxa,O11,diagonal,exact_fixed_budget,8,0.142529189626,1,0.0622947771021,0.204725110864,1287
O11:Coculture:F06:Oxa,O11,diagonal,exact_fixed_budget,9,0.200028437501,0.857142857143,0.05631538607,0.210704501896,1716
O11:Coculture:F06:Oxa,O11,diagonal,exact_fixed_budget,10,0.154952271308,0.857142857143,0.0515810676561,0.21543882031,1716
O11:Coculture:F06:Oxa,O11,diagonal,exact_fixed_budget,11,0.158266775215,0.857142857143,0.0473575768087,0.219662311157,1287
O11:Coculture:F06:Oxa,O11,diagonal,exact_fixed_budget,12,0.16213277005,0.857142857143,0.0444115049677,0.222608382998,715
O11:Coculture:F06:Oxa,O11,diagonal,exact_fixed_budget,13,0.163712364482,0.857142857143,0.0417022576297,0.225317630336,286
O11:Coculture:F06:Oxa,O11,diagonal,exact_fixed_budget,14,0.162152030914,0.857142857143,0.0392273519641,0.227792536002,78
O11:Coculture:F06:Oxa,O11,diagonal,exact_fixed_budget,15,0.158964205443,0.857142857143,0.0381875006347,0.228832387331,13
O11:Coculture:F06:Oxa,O11,diagonal,exact_fixed_budget,16,0.158964205443,0.857142857143,0.0381875006347,0.228832387331,1
O11:Coculture:F06:SN-38,O11,joint,exact_fixed_budget,3,0.430723809661,1,0.277257611944,0,1
O11:Coculture:F06:SN-38,O11,joint,exact_fixed_budget,4,0.100146375812,1,0.141986636129,0.135270975815,13
O11:Coculture:F06:SN-38,O11,joint,exact_fixed_budget,5,0.11623819067,1,0.117377687616,0.159879924328,78
O11:Coculture:F06:SN-38,O11,joint,exact_fixed_budget,6,0.0851960556482,1,0.0930408830139,0.18421672893,286
O11:Coculture:F06:SN-38,O11,joint,exact_fixed_budget,7,0.0593245624969,1,0.0842845487245,0.19297306322,715
O11:Coculture:F06:SN-38,O11,joint,exact_fixed_budget,8,0.0635611200954,1,0.0767994229069,0.200458189037,1287
O11:Coculture:F06:SN-38,O11,joint,exact_fixed_budget,9,0.0778926757012,1,0.0720229370302,0.205234674914,1716
O11:Coculture:F06:SN-38,O11,joint,exact_fixed_budget,10,0.0503393447137,1,0.068255369939,0.209002242005,1716
O11:Coculture:F06:SN-38,O11,joint,exact_fixed_budget,11,0.0731875661686,1,0.0652521460081,0.212005465936,1287
O11:Coculture:F06:SN-38,O11,joint,exact_fixed_budget,12,0.0550537761913,1,0.0624196615889,0.214837950355,715
O11:Coculture:F06:SN-38,O11,joint,exact_fixed_budget,13,0.0465990664717,1,0.060736743078,0.216520868866,286
O11:Coculture:F06:SN-38,O11,joint,exact_fixed_budget,14,0.0554793835722,1,0.059065720296,0.218191891648,78
O11:Coculture:F06:SN-38,O11,joint,exact_fixed_budget,15,0.0556683368406,1,0.057537335827,0.219720276117,13
O11:Coculture:F06:SN-38,O11,joint,exact_fixed_budget,16,0.0561480916011,1,0.0564133585507,0.220844253393,1
O11:Coculture:F06:SN-38,O11,diagonal,exact_fixed_budget,3,0.379622627613,1,0.260990994904,0,1
O11:Coculture:F06:SN-38,O11,diagonal,exact_fixed_budget,4,0.0946393333319,1,0.129151237072,0.131839757832,13
O11:Coculture:F06:SN-38,O11,diagonal,exact_fixed_budget,5,0.0692873567568,1,0.0976331423158,0.163357852588,78
O11:Coculture:F06:SN-38,O11,diagonal,exact_fixed_budget,6,0.0628255889959,1,0.0824541824899,0.178536812414,286
O11:Coculture:F06:SN-38,O11,diagonal,exact_fixed_budget,7,0.0631891274153,1,0.0712880117184,0.189702983185,715
O11:Coculture:F06:SN-38,O11,diagonal,exact_fixed_budget,8,0.0543850395438,1,0.0628129694369,0.198178025467,1287
O11:Coculture:F06:SN-38,O11,diagonal,exact_fixed_budget,9,0.0447393929319,1,0.0569733789787,0.204017615925,1716
O11:Coculture:F06:SN-38,O11,diagonal,exact_fixed_budget,10,0.0429663917853,1,0.0520441460796,0.208946848824,1716
O11:Coculture:F06:SN-38,O11,diagonal,exact_fixed_budget,11,0.0424293820296,1,0.0476825394107,0.213308455493,1287
O11:Coculture:F06:SN-38,O11,diagonal,exact_fixed_budget,12,0.0462646356118,1,0.0446661243149,0.216324870589,715
O11:Coculture:F06:SN-38,O11,diagonal,exact_fixed_budget,13,0.0407311595428,1,0.0418890993682,0.219101895535,286
O11:Coculture:F06:SN-38,O11,diagonal,exact_fixed_budget,14,0.0434510625982,1,0.0394667818013,0.221524213102,78
O11:Coculture:F06:SN-38,O11,diagonal,exact_fixed_budget,15,0.0404520009719,1,0.0380725066289,0.222918488275,13
O11:Coculture:F06:SN-38,O11,diagonal,exact_fixed_budget,16,0.0404520009719,1,0.0380725066289,0.222918488275,1
O11:Coculture:F11:5-FU,O11,joint,exact_fixed_budget,3,0.0476462192515,1,0.280474878044,0,1
O11:Coculture:F11:5-FU,O11,joint,exact_fixed_budget,4,0.0420875299142,1,0.138036664512,0.142438213532,13
O11:Coculture:F11:5-FU,O11,joint,exact_fixed_budget,5,0.0421138398168,1,0.113205720394,0.16726915765,78
O11:Coculture:F11:5-FU,O11,joint,exact_fixed_budget,6,0.0468857024255,1,0.0914189699242,0.18905590812,286
O11:Coculture:F11:5-FU,O11,joint,exact_fixed_budget,7,0.0435693296045,1,0.0823127632634,0.19816211478,715
O11:Coculture:F11:5-FU,O11,joint,exact_fixed_budget,8,0.0442185679528,1,0.0745004708825,0.205974407161,1287
O11:Coculture:F11:5-FU,O11,joint,exact_fixed_budget,9,0.0562864348552,1,0.0698082787267,0.210666599317,1716
O11:Coculture:F11:5-FU,O11,joint,exact_fixed_budget,10,0.059187582211,1,0.0658223250994,0.214652552945,1716
O11:Coculture:F11:5-FU,O11,joint,exact_fixed_budget,11,0.0626003505992,1,0.0628241671311,0.217650710913,1287
O11:Coculture:F11:5-FU,O11,joint,exact_fixed_budget,12,0.0626240802263,1,0.0603459793496,0.220128898694,715
O11:Coculture:F11:5-FU,O11,joint,exact_fixed_budget,13,0.0536040088565,1,0.0585449552484,0.221929922796,286
O11:Coculture:F11:5-FU,O11,joint,exact_fixed_budget,14,0.055584108443,1,0.0568102647443,0.2236646133,78
O11:Coculture:F11:5-FU,O11,joint,exact_fixed_budget,15,0.0483764905302,1,0.0553952476741,0.22507963037,13
O11:Coculture:F11:5-FU,O11,joint,exact_fixed_budget,16,0.0491330068459,1,0.0542476662103,0.226227211834,1
O11:Coculture:F11:5-FU,O11,diagonal,exact_fixed_budget,3,0.0486077124297,1,0.267019887966,0,1
O11:Coculture:F11:5-FU,O11,diagonal,exact_fixed_budget,4,0.0424007715776,1,0.129217436396,0.137802451569,13
O11:Coculture:F11:5-FU,O11,diagonal,exact_fixed_budget,5,0.0441604825404,1,0.097680074483,0.169339813483,78
O11:Coculture:F11:5-FU,O11,diagonal,exact_fixed_budget,6,0.0425274940427,1,0.0821925512078,0.184827336758,286
O11:Coculture:F11:5-FU,O11,diagonal,exact_fixed_budget,7,0.0427938498936,1,0.070965580188,0.196054307778,715
O11:Coculture:F11:5-FU,O11,diagonal,exact_fixed_budget,8,0.062478574955,1,0.0622947771021,0.204725110864,1287
O11:Coculture:F11:5-FU,O11,diagonal,exact_fixed_budget,9,0.0509043296573,1,0.05631538607,0.210704501896,1716
O11:Coculture:F11:5-FU,O11,diagonal,exact_fixed_budget,10,0.0533337363603,1,0.0515810676561,0.21543882031,1716
O11:Coculture:F11:5-FU,O11,diagonal,exact_fixed_budget,11,0.0530983957811,1,0.0473575768087,0.219662311157,1287
O11:Coculture:F11:5-FU,O11,diagonal,exact_fixed_budget,12,0.0554089757929,1,0.0444115049677,0.222608382998,715
O11:Coculture:F11:5-FU,O11,diagonal,exact_fixed_budget,13,0.0486251065834,1,0.0417022576297,0.225317630336,286
O11:Coculture:F11:5-FU,O11,diagonal,exact_fixed_budget,14,0.0490311648541,1,0.0392273519641,0.227792536002,78
O11:Coculture:F11:5-FU,O11,diagonal,exact_fixed_budget,15,0.0489197388007,1,0.0381875006347,0.228832387331,13
O11:Coculture:F11:5-FU,O11,diagonal,exact_fixed_budget,16,0.0489197388007,1,0.0381875006347,0.228832387331,1
O11:Coculture:F11:Gef,O11,joint,exact_fixed_budget,3,0.232478928499,1,0.28870561731,0,1
O11:Coculture:F11:Gef,O11,joint,exact_fixed_budget,4,0.167755539507,1,0.133129620768,0.155575996543,13
O11:Coculture:F11:Gef,O11,joint,exact_fixed_budget,5,0.0938831410554,1,0.10657549529,0.18213012202,78
O11:Coculture:F11:Gef,O11,joint,exact_fixed_budget,6,0.0919551117596,1,0.088917258725,0.199788358586,286
O11:Coculture:F11:Gef,O11,joint,exact_fixed_budget,7,0.138266064908,1,0.0790185914789,0.209687025832,715
O11:Coculture:F11:Gef,O11,joint,exact_fixed_budget,8,0.112309765387,1,0.0714097576622,0.217295859648,1287
O11:Coculture:F11:Gef,O11,joint,exact_fixed_budget,9,0.112004492984,1,0.0662182213605,0.22248739595,1716
O11:Coculture:F11:Gef,O11,joint,exact_fixed_budget,10,0.0752129889874,1,0.0622382543016,0.226467363009,1716
O11:Coculture:F11:Gef,O11,joint,exact_fixed_budget,11,0.0621832893933,1,0.059213700639,0.229491916671,1287
O11:Coculture:F11:Gef,O11,joint,exact_fixed_budget,12,0.0708963437374,1,0.0568906482353,0.231814969075,715
O11:Coculture:F11:Gef,O11,joint,exact_fixed_budget,13,0.0687056596301,1,0.0547695408573,0.233936076453,286
O11:Coculture:F11:Gef,O11,joint,exact_fixed_budget,14,0.081763327612,1,0.0528527847747,0.235852832536,78
O11:Coculture:F11:Gef,O11,joint,exact_fixed_budget,15,0.0699699100674,1,0.0511999068445,0.237505710466,13
O11:Coculture:F11:Gef,O11,joint,exact_fixed_budget,16,0.0658971042929,1,0.0499574589007,0.23874815841,1
O11:Coculture:F11:Gef,O11,diagonal,exact_fixed_budget,3,0.24307736646,1,0.280588225278,0,1
O11:Coculture:F11:Gef,O11,diagonal,exact_fixed_budget,4,0.200948010883,1,0.130316967756,0.150271257522,13
O11:Coculture:F11:Gef,O11,diagonal,exact_fixed_budget,5,0.121881353388,1,0.0981364215616,0.182451803717,78
O11:Coculture:F11:Gef,O11,diagonal,exact_fixed_budget,6,0.171659271349,1,0.0816837015584,0.19890452372,286
O11:Coculture:F11:Gef,O11,diagonal,exact_fixed_budget,7,0.143408781883,1,0.070481539631,0.210106685647,715
O11:Coculture:F11:Gef,O11,diagonal,exact_fixed_budget,8,0.0689037407915,1,0.0616035508859,0.218984674392,1287
O11:Coculture:F11:Gef,O11,diagonal,exact_fixed_budget,9,0.09732029348,1,0.0552987596725,0.225289465606,1716
O11:Coculture:F11:Gef,O11,diagonal,exact_fixed_budget,10,0.0805551240998,1,0.050448058291,0.230140166987,1716
O11:Coculture:F11:Gef,O11,diagonal,exact_fixed_budget,11,0.0841719137681,1,0.0465111599213,0.234077065357,1287
O11:Coculture:F11:Gef,O11,diagonal,exact_fixed_budget,12,0.102562760377,1,0.0434671400405,0.237121085238,715
O11:Coculture:F11:Gef,O11,diagonal,exact_fixed_budget,13,0.0867420208359,1,0.0407281522897,0.239860072988,286
O11:Coculture:F11:Gef,O11,diagonal,exact_fixed_budget,14,0.0806136829681,1,0.0384007525803,0.242187472698,78
O11:Coculture:F11:Gef,O11,diagonal,exact_fixed_budget,15,0.0783526821933,1,0.0378450099172,0.242743215361,13
O11:Coculture:F11:Gef,O11,diagonal,exact_fixed_budget,16,0.0783526821933,1,0.0378450099172,0.242743215361,1
O11:Coculture:F11:Oxa,O11,joint,exact_fixed_budget,3,0.309428988784,1,0.280474878044,0,1
O11:Coculture:F11:Oxa,O11,joint,exact_fixed_budget,4,0.282062728807,1,0.138036664512,0.142438213532,13
O11:Coculture:F11:Oxa,O11,joint,exact_fixed_budget,5,0.14676352016,1,0.113205720394,0.16726915765,78
O11:Coculture:F11:Oxa,O11,joint,exact_fixed_budget,6,0.141518243087,1,0.0914189699242,0.18905590812,286
O11:Coculture:F11:Oxa,O11,joint,exact_fixed_budget,7,0.109567888748,1,0.0823127632634,0.19816211478,715
O11:Coculture:F11:Oxa,O11,joint,exact_fixed_budget,8,0.114563545794,1,0.0745004708825,0.205974407161,1287
O11:Coculture:F11:Oxa,O11,joint,exact_fixed_budget,9,0.0820668218436,1,0.0698082787267,0.210666599317,1716
O11:Coculture:F11:Oxa,O11,joint,exact_fixed_budget,10,0.0785667151843,1,0.0658223250994,0.214652552945,1716
O11:Coculture:F11:Oxa,O11,joint,exact_fixed_budget,11,0.0815315640272,1,0.0628241671311,0.217650710913,1287
O11:Coculture:F11:Oxa,O11,joint,exact_fixed_budget,12,0.0842657655864,1,0.0603459793496,0.220128898694,715
O11:Coculture:F11:Oxa,O11,joint,exact_fixed_budget,13,0.0495362882473,1,0.0585449552484,0.221929922796,286
O11:Coculture:F11:Oxa,O11,joint,exact_fixed_budget,14,0.049167742511,1,0.0568102647443,0.2236646133,78
O11:Coculture:F11:Oxa,O11,joint,exact_fixed_budget,15,0.0514502221877,1,0.0553952476741,0.22507963037,13
O11:Coculture:F11:Oxa,O11,joint,exact_fixed_budget,16,0.0506938845219,1,0.0542476662103,0.226227211834,1
O11:Coculture:F11:Oxa,O11,diagonal,exact_fixed_budget,3,0.362100695531,1,0.267019887966,0,1
O11:Coculture:F11:Oxa,O11,diagonal,exact_fixed_budget,4,0.332290917026,0.857142857143,0.129217436396,0.137802451569,13
O11:Coculture:F11:Oxa,O11,diagonal,exact_fixed_budget,5,0.191979917377,1,0.097680074483,0.169339813483,78
O11:Coculture:F11:Oxa,O11,diagonal,exact_fixed_budget,6,0.15314010377,1,0.0821925512078,0.184827336758,286
O11:Coculture:F11:Oxa,O11,diagonal,exact_fixed_budget,7,0.15498170801,1,0.070965580188,0.196054307778,715
O11:Coculture:F11:Oxa,O11,diagonal,exact_fixed_budget,8,0.11680424941,1,0.0622947771021,0.204725110864,1287
O11:Coculture:F11:Oxa,O11,diagonal,exact_fixed_budget,9,0.103145085346,1,0.05631538607,0.210704501896,1716
O11:Coculture:F11:Oxa,O11,diagonal,exact_fixed_budget,10,0.106002605057,1,0.0515810676561,0.21543882031,1716
O11:Coculture:F11:Oxa,O11,diagonal,exact_fixed_budget,11,0.10792387903,1,0.0473575768087,0.219662311157,1287
O11:Coculture:F11:Oxa,O11,diagonal,exact_fixed_budget,12,0.105732144645,1,0.0444115049677,0.222608382998,715
O11:Coculture:F11:Oxa,O11,diagonal,exact_fixed_budget,13,0.0723571047945,1,0.0417022576297,0.225317630336,286
O11:Coculture:F11:Oxa,O11,diagonal,exact_fixed_budget,14,0.068805260032,1,0.0392273519641,0.227792536002,78
O11:Coculture:F11:Oxa,O11,diagonal,exact_fixed_budget,15,0.0672523689263,1,0.0381875006347,0.228832387331,13
O11:Coculture:F11:Oxa,O11,diagonal,exact_fixed_budget,16,0.0672523689263,1,0.0381875006347,0.228832387331,1
O11:Coculture:F11:SN-38,O11,joint,exact_fixed_budget,3,0.167871408538,1,0.277257611944,0,1
O11:Coculture:F11:SN-38,O11,joint,exact_fixed_budget,4,0.0933167017209,1,0.141986636129,0.135270975815,13
O11:Coculture:F11:SN-38,O11,joint,exact_fixed_budget,5,0.0883638084723,1,0.117377687616,0.159879924328,78
O11:Coculture:F11:SN-38,O11,joint,exact_fixed_budget,6,0.0829285711154,1,0.0930408830139,0.18421672893,286
O11:Coculture:F11:SN-38,O11,joint,exact_fixed_budget,7,0.088301273504,1,0.0842845487245,0.19297306322,715
O11:Coculture:F11:SN-38,O11,joint,exact_fixed_budget,8,0.0810260405033,1,0.0767994229069,0.200458189037,1287
O11:Coculture:F11:SN-38,O11,joint,exact_fixed_budget,9,0.0699463535717,1,0.0720229370302,0.205234674914,1716
O11:Coculture:F11:SN-38,O11,joint,exact_fixed_budget,10,0.0739365601426,1,0.068255369939,0.209002242005,1716
O11:Coculture:F11:SN-38,O11,joint,exact_fixed_budget,11,0.0696075740091,1,0.0652521460081,0.212005465936,1287
O11:Coculture:F11:SN-38,O11,joint,exact_fixed_budget,12,0.0671494297385,1,0.0624196615889,0.214837950355,715
O11:Coculture:F11:SN-38,O11,joint,exact_fixed_budget,13,0.0708771195259,1,0.060736743078,0.216520868866,286
O11:Coculture:F11:SN-38,O11,joint,exact_fixed_budget,14,0.0710587859312,1,0.059065720296,0.218191891648,78
O11:Coculture:F11:SN-38,O11,joint,exact_fixed_budget,15,0.0725395045839,1,0.057537335827,0.219720276117,13
O11:Coculture:F11:SN-38,O11,joint,exact_fixed_budget,16,0.0712978961472,1,0.0564133585507,0.220844253393,1
O11:Coculture:F11:SN-38,O11,diagonal,exact_fixed_budget,3,0.139849671929,1,0.260990994904,0,1
O11:Coculture:F11:SN-38,O11,diagonal,exact_fixed_budget,4,0.0863679280684,1,0.129151237072,0.131839757832,13
O11:Coculture:F11:SN-38,O11,diagonal,exact_fixed_budget,5,0.0822432508792,1,0.0976331423158,0.163357852588,78
O11:Coculture:F11:SN-38,O11,diagonal,exact_fixed_budget,6,0.0850898668859,1,0.0824541824899,0.178536812414,286
O11:Coculture:F11:SN-38,O11,diagonal,exact_fixed_budget,7,0.0832875904467,1,0.0712880117184,0.189702983185,715
O11:Coculture:F11:SN-38,O11,diagonal,exact_fixed_budget,8,0.0791607934208,1,0.0628129694369,0.198178025467,1287
O11:Coculture:F11:SN-38,O11,diagonal,exact_fixed_budget,9,0.0755499539476,1,0.0569733789787,0.204017615925,1716
O11:Coculture:F11:SN-38,O11,diagonal,exact_fixed_budget,10,0.0745535378229,1,0.0520441460796,0.208946848824,1716
O11:Coculture:F11:SN-38,O11,diagonal,exact_fixed_budget,11,0.0742323762874,1,0.0476825394107,0.213308455493,1287
O11:Coculture:F11:SN-38,O11,diagonal,exact_fixed_budget,12,0.0838524071471,1,0.0446661243149,0.216324870589,715
O11:Coculture:F11:SN-38,O11,diagonal,exact_fixed_budget,13,0.0862874764749,1,0.0418890993682,0.219101895535,286
O11:Coculture:F11:SN-38,O11,diagonal,exact_fixed_budget,14,0.0869842708732,1,0.0394667818013,0.221524213102,78
O11:Coculture:F11:SN-38,O11,diagonal,exact_fixed_budget,15,0.0897302894608,1,0.0380725066289,0.222918488275,13
O11:Coculture:F11:SN-38,O11,diagonal,exact_fixed_budget,16,0.0897302894608,1,0.0380725066289,0.222918488275,1
O11:Coculture:F14:5-FU,O11,joint,exact_fixed_budget,3,0.0600772840958,1,0.280474878044,0,1
O11:Coculture:F14:5-FU,O11,joint,exact_fixed_budget,4,0.0605625595935,1,0.138036664512,0.142438213532,13
O11:Coculture:F14:5-FU,O11,joint,exact_fixed_budget,5,0.0201453936918,1,0.113205720394,0.16726915765,78
O11:Coculture:F14:5-FU,O11,joint,exact_fixed_budget,6,0.0236367496977,1,0.0914189699242,0.18905590812,286
O11:Coculture:F14:5-FU,O11,joint,exact_fixed_budget,7,0.0239215371889,1,0.0823127632634,0.19816211478,715
O11:Coculture:F14:5-FU,O11,joint,exact_fixed_budget,8,0.0207106594999,1,0.0745004708825,0.205974407161,1287
O11:Coculture:F14:5-FU,O11,joint,exact_fixed_budget,9,0.0170945403795,1,0.0698082787267,0.210666599317,1716
O11:Coculture:F14:5-FU,O11,joint,exact_fixed_budget,10,0.0161434646646,1,0.0658223250994,0.214652552945,1716
O11:Coculture:F14:5-FU,O11,joint,exact_fixed_budget,11,0.0159102718227,1,0.0628241671311,0.217650710913,1287
O11:Coculture:F14:5-FU,O11,joint,exact_fixed_budget,12,0.0174636182597,1,0.0603459793496,0.220128898694,715
O11:Coculture:F14:5-FU,O11,joint,exact_fixed_budget,13,0.0135460505348,1,0.0585449552484,0.221929922796,286
O11:Coculture:F14:5-FU,O11,joint,exact_fixed_budget,14,0.012924709168,1,0.0568102647443,0.2236646133,78
O11:Coculture:F14:5-FU,O11,joint,exact_fixed_budget,15,0.0127496767036,1,0.0553952476741,0.22507963037,13
O11:Coculture:F14:5-FU,O11,joint,exact_fixed_budget,16,0.013556418287,1,0.0542476662103,0.226227211834,1
O11:Coculture:F14:5-FU,O11,diagonal,exact_fixed_budget,3,0.05564863298,1,0.267019887966,0,1
O11:Coculture:F14:5-FU,O11,diagonal,exact_fixed_budget,4,0.0557466908699,1,0.129217436396,0.137802451569,13
O11:Coculture:F14:5-FU,O11,diagonal,exact_fixed_budget,5,0.0265028713873,1,0.097680074483,0.169339813483,78
O11:Coculture:F14:5-FU,O11,diagonal,exact_fixed_budget,6,0.0295507102754,1,0.0821925512078,0.184827336758,286
O11:Coculture:F14:5-FU,O11,diagonal,exact_fixed_budget,7,0.0229911302965,1,0.070965580188,0.196054307778,715
O11:Coculture:F14:5-FU,O11,diagonal,exact_fixed_budget,8,0.0213604998447,1,0.0622947771021,0.204725110864,1287
O11:Coculture:F14:5-FU,O11,diagonal,exact_fixed_budget,9,0.0202252403594,1,0.05631538607,0.210704501896,1716
O11:Coculture:F14:5-FU,O11,diagonal,exact_fixed_budget,10,0.0185580599774,1,0.0515810676561,0.21543882031,1716
O11:Coculture:F14:5-FU,O11,diagonal,exact_fixed_budget,11,0.0196374097814,1,0.0473575768087,0.219662311157,1287
O11:Coculture:F14:5-FU,O11,diagonal,exact_fixed_budget,12,0.0175515167707,1,0.0444115049677,0.222608382998,715
O11:Coculture:F14:5-FU,O11,diagonal,exact_fixed_budget,13,0.0161379971051,1,0.0417022576297,0.225317630336,286
O11:Coculture:F14:5-FU,O11,diagonal,exact_fixed_budget,14,0.0168118805515,1,0.0392273519641,0.227792536002,78
O11:Coculture:F14:5-FU,O11,diagonal,exact_fixed_budget,15,0.0172677633163,1,0.0381875006347,0.228832387331,13
O11:Coculture:F14:5-FU,O11,diagonal,exact_fixed_budget,16,0.0172677633163,1,0.0381875006347,0.228832387331,1
O11:Coculture:F14:Gef,O11,joint,exact_fixed_budget,3,0.108984021715,1,0.28870561731,0,1
O11:Coculture:F14:Gef,O11,joint,exact_fixed_budget,4,0.0788495096274,1,0.133129620768,0.155575996543,13
O11:Coculture:F14:Gef,O11,joint,exact_fixed_budget,5,0.0508210348657,1,0.10657549529,0.18213012202,78
O11:Coculture:F14:Gef,O11,joint,exact_fixed_budget,6,0.0725234057099,1,0.088917258725,0.199788358586,286
O11:Coculture:F14:Gef,O11,joint,exact_fixed_budget,7,0.137895165327,1,0.0790185914789,0.209687025832,715
O11:Coculture:F14:Gef,O11,joint,exact_fixed_budget,8,0.104437111436,1,0.0714097576622,0.217295859648,1287
O11:Coculture:F14:Gef,O11,joint,exact_fixed_budget,9,0.108975358344,1,0.0662182213605,0.22248739595,1716
O11:Coculture:F14:Gef,O11,joint,exact_fixed_budget,10,0.0920540313467,1,0.0622382543016,0.226467363009,1716
O11:Coculture:F14:Gef,O11,joint,exact_fixed_budget,11,0.0736374551462,1,0.059213700639,0.229491916671,1287
O11:Coculture:F14:Gef,O11,joint,exact_fixed_budget,12,0.0697959402301,1,0.0568906482353,0.231814969075,715
O11:Coculture:F14:Gef,O11,joint,exact_fixed_budget,13,0.0760793889804,1,0.0547695408573,0.233936076453,286
O11:Coculture:F14:Gef,O11,joint,exact_fixed_budget,14,0.0921425967474,1,0.0528527847747,0.235852832536,78
O11:Coculture:F14:Gef,O11,joint,exact_fixed_budget,15,0.0778819645851,1,0.0511999068445,0.237505710466,13
O11:Coculture:F14:Gef,O11,joint,exact_fixed_budget,16,0.0795450852841,1,0.0499574589007,0.23874815841,1
O11:Coculture:F14:Gef,O11,diagonal,exact_fixed_budget,3,0.108223169456,1,0.280588225278,0,1
O11:Coculture:F14:Gef,O11,diagonal,exact_fixed_budget,4,0.101785359687,1,0.130316967756,0.150271257522,13
O11:Coculture:F14:Gef,O11,diagonal,exact_fixed_budget,5,0.068620400852,1,0.0981364215616,0.182451803717,78
O11:Coculture:F14:Gef,O11,diagonal,exact_fixed_budget,6,0.130240958119,1,0.0816837015584,0.19890452372,286
O11:Coculture:F14:Gef,O11,diagonal,exact_fixed_budget,7,0.100169379733,1,0.070481539631,0.210106685647,715
O11:Coculture:F14:Gef,O11,diagonal,exact_fixed_budget,8,0.0519894188974,1,0.0616035508859,0.218984674392,1287
O11:Coculture:F14:Gef,O11,diagonal,exact_fixed_budget,9,0.0878248373669,1,0.0552987596725,0.225289465606,1716
O11:Coculture:F14:Gef,O11,diagonal,exact_fixed_budget,10,0.0682213024339,1,0.050448058291,0.230140166987,1716
O11:Coculture:F14:Gef,O11,diagonal,exact_fixed_budget,11,0.0646598348616,1,0.0465111599213,0.234077065357,1287
O11:Coculture:F14:Gef,O11,diagonal,exact_fixed_budget,12,0.0811740416831,1,0.0434671400405,0.237121085238,715
O11:Coculture:F14:Gef,O11,diagonal,exact_fixed_budget,13,0.0676837350225,1,0.0407281522897,0.239860072988,286
O11:Coculture:F14:Gef,O11,diagonal,exact_fixed_budget,14,0.0693200331384,1,0.0384007525803,0.242187472698,78
O11:Coculture:F14:Gef,O11,diagonal,exact_fixed_budget,15,0.0681346090435,1,0.0378450099172,0.242743215361,13
O11:Coculture:F14:Gef,O11,diagonal,exact_fixed_budget,16,0.0681346090435,1,0.0378450099172,0.242743215361,1
O11:Coculture:F14:Oxa,O11,joint,exact_fixed_budget,3,0.388180142912,1,0.280474878044,0,1
O11:Coculture:F14:Oxa,O11,joint,exact_fixed_budget,4,0.334229673365,1,0.138036664512,0.142438213532,13
O11:Coculture:F14:Oxa,O11,joint,exact_fixed_budget,5,0.183992481827,1,0.113205720394,0.16726915765,78
O11:Coculture:F14:Oxa,O11,joint,exact_fixed_budget,6,0.171306600412,1,0.0914189699242,0.18905590812,286
O11:Coculture:F14:Oxa,O11,joint,exact_fixed_budget,7,0.238048597027,0.857142857143,0.0823127632634,0.19816211478,715
O11:Coculture:F14:Oxa,O11,joint,exact_fixed_budget,8,0.163066278201,1,0.0745004708825,0.205974407161,1287
O11:Coculture:F14:Oxa,O11,joint,exact_fixed_budget,9,0.137099374031,1,0.0698082787267,0.210666599317,1716
O11:Coculture:F14:Oxa,O11,joint,exact_fixed_budget,10,0.138039075966,1,0.0658223250994,0.214652552945,1716
O11:Coculture:F14:Oxa,O11,joint,exact_fixed_budget,11,0.125902707606,1,0.0628241671311,0.217650710913,1287
O11:Coculture:F14:Oxa,O11,joint,exact_fixed_budget,12,0.132387365864,1,0.0603459793496,0.220128898694,715
O11:Coculture:F14:Oxa,O11,joint,exact_fixed_budget,13,0.144847871213,1,0.0585449552484,0.221929922796,286
O11:Coculture:F14:Oxa,O11,joint,exact_fixed_budget,14,0.13633956854,1,0.0568102647443,0.2236646133,78
O11:Coculture:F14:Oxa,O11,joint,exact_fixed_budget,15,0.136188213401,1,0.0553952476741,0.22507963037,13
O11:Coculture:F14:Oxa,O11,joint,exact_fixed_budget,16,0.138122293454,1,0.0542476662103,0.226227211834,1
O11:Coculture:F14:Oxa,O11,diagonal,exact_fixed_budget,3,0.420537021689,1,0.267019887966,0,1
O11:Coculture:F14:Oxa,O11,diagonal,exact_fixed_budget,4,0.362080432976,1,0.129217436396,0.137802451569,13
O11:Coculture:F14:Oxa,O11,diagonal,exact_fixed_budget,5,0.235737366865,1,0.097680074483,0.169339813483,78
O11:Coculture:F14:Oxa,O11,diagonal,exact_fixed_budget,6,0.264925360851,0.857142857143,0.0821925512078,0.184827336758,286
O11:Coculture:F14:Oxa,O11,diagonal,exact_fixed_budget,7,0.21909832252,1,0.070965580188,0.196054307778,715
O11:Coculture:F14:Oxa,O11,diagonal,exact_fixed_budget,8,0.202130480043,1,0.0622947771021,0.204725110864,1287
O11:Coculture:F14:Oxa,O11,diagonal,exact_fixed_budget,9,0.181202989094,1,0.05631538607,0.210704501896,1716
O11:Coculture:F14:Oxa,O11,diagonal,exact_fixed_budget,10,0.176520527453,1,0.0515810676561,0.21543882031,1716
O11:Coculture:F14:Oxa,O11,diagonal,exact_fixed_budget,11,0.179949702804,1,0.0473575768087,0.219662311157,1287
O11:Coculture:F14:Oxa,O11,diagonal,exact_fixed_budget,12,0.17805277576,1,0.0444115049677,0.222608382998,715
O11:Coculture:F14:Oxa,O11,diagonal,exact_fixed_budget,13,0.189224387266,1,0.0417022576297,0.225317630336,286
O11:Coculture:F14:Oxa,O11,diagonal,exact_fixed_budget,14,0.187269513301,1,0.0392273519641,0.227792536002,78
O11:Coculture:F14:Oxa,O11,diagonal,exact_fixed_budget,15,0.184479340845,1,0.0381875006347,0.228832387331,13
O11:Coculture:F14:Oxa,O11,diagonal,exact_fixed_budget,16,0.184479340845,1,0.0381875006347,0.228832387331,1
O11:Coculture:F14:SN-38,O11,joint,exact_fixed_budget,3,0.570627493194,1,0.277257611944,0,1
O11:Coculture:F14:SN-38,O11,joint,exact_fixed_budget,4,0.21404812751,1,0.141986636129,0.135270975815,13
O11:Coculture:F14:SN-38,O11,joint,exact_fixed_budget,5,0.131318923053,1,0.117377687616,0.159879924328,78
O11:Coculture:F14:SN-38,O11,joint,exact_fixed_budget,6,0.0872450762458,1,0.0930408830139,0.18421672893,286
O11:Coculture:F14:SN-38,O11,joint,exact_fixed_budget,7,0.0924075775091,1,0.0842845487245,0.19297306322,715
O11:Coculture:F14:SN-38,O11,joint,exact_fixed_budget,8,0.0714560682398,1,0.0767994229069,0.200458189037,1287
O11:Coculture:F14:SN-38,O11,joint,exact_fixed_budget,9,0.0891345683313,1,0.0720229370302,0.205234674914,1716
O11:Coculture:F14:SN-38,O11,joint,exact_fixed_budget,10,0.0752851144858,1,0.068255369939,0.209002242005,1716
O11:Coculture:F14:SN-38,O11,joint,exact_fixed_budget,11,0.0926350560283,1,0.0652521460081,0.212005465936,1287
O11:Coculture:F14:SN-38,O11,joint,exact_fixed_budget,12,0.0813726721061,1,0.0624196615889,0.214837950355,715
O11:Coculture:F14:SN-38,O11,joint,exact_fixed_budget,13,0.0795882947318,1,0.060736743078,0.216520868866,286
O11:Coculture:F14:SN-38,O11,joint,exact_fixed_budget,14,0.0856730492357,1,0.059065720296,0.218191891648,78
O11:Coculture:F14:SN-38,O11,joint,exact_fixed_budget,15,0.0734512272395,1,0.057537335827,0.219720276117,13
O11:Coculture:F14:SN-38,O11,joint,exact_fixed_budget,16,0.0751310520545,1,0.0564133585507,0.220844253393,1
O11:Coculture:F14:SN-38,O11,diagonal,exact_fixed_budget,3,0.518387648737,1,0.260990994904,0,1
O11:Coculture:F14:SN-38,O11,diagonal,exact_fixed_budget,4,0.202126784081,1,0.129151237072,0.131839757832,13
O11:Coculture:F14:SN-38,O11,diagonal,exact_fixed_budget,5,0.133818546928,1,0.0976331423158,0.163357852588,78
O11:Coculture:F14:SN-38,O11,diagonal,exact_fixed_budget,6,0.135514735001,1,0.0824541824899,0.178536812414,286
O11:Coculture:F14:SN-38,O11,diagonal,exact_fixed_budget,7,0.104624303976,1,0.0712880117184,0.189702983185,715
O11:Coculture:F14:SN-38,O11,diagonal,exact_fixed_budget,8,0.130429994495,1,0.0628129694369,0.198178025467,1287
O11:Coculture:F14:SN-38,O11,diagonal,exact_fixed_budget,9,0.123023868825,1,0.0569733789787,0.204017615925,1716
O11:Coculture:F14:SN-38,O11,diagonal,exact_fixed_budget,10,0.119054420105,1,0.0520441460796,0.208946848824,1716
O11:Coculture:F14:SN-38,O11,diagonal,exact_fixed_budget,11,0.117442924688,1,0.0476825394107,0.213308455493,1287
O11:Coculture:F14:SN-38,O11,diagonal,exact_fixed_budget,12,0.107423865302,1,0.0446661243149,0.216324870589,715
O11:Coculture:F14:SN-38,O11,diagonal,exact_fixed_budget,13,0.098476146569,1,0.0418890993682,0.219101895535,286
O11:Coculture:F14:SN-38,O11,diagonal,exact_fixed_budget,14,0.104915198688,1,0.0394667818013,0.221524213102,78
O11:Coculture:F14:SN-38,O11,diagonal,exact_fixed_budget,15,0.102448128582,1,0.0380725066289,0.222918488275,13
O11:Coculture:F14:SN-38,O11,diagonal,exact_fixed_budget,16,0.102448128582,1,0.0380725066289,0.222918488275,1
O11:Coculture:F17:5-FU,O11,joint,exact_fixed_budget,3,0.107399001509,1,0.280474878044,0,1
O11:Coculture:F17:5-FU,O11,joint,exact_fixed_budget,4,0.0494379390341,1,0.138036664512,0.142438213532,13
O11:Coculture:F17:5-FU,O11,joint,exact_fixed_budget,5,0.131961810966,1,0.113205720394,0.16726915765,78
O11:Coculture:F17:5-FU,O11,joint,exact_fixed_budget,6,0.0991274178927,1,0.0914189699242,0.18905590812,286
O11:Coculture:F17:5-FU,O11,joint,exact_fixed_budget,7,0.0652920263448,1,0.0823127632634,0.19816211478,715
O11:Coculture:F17:5-FU,O11,joint,exact_fixed_budget,8,0.0669034280067,1,0.0745004708825,0.205974407161,1287
O11:Coculture:F17:5-FU,O11,joint,exact_fixed_budget,9,0.0775352893054,1,0.0698082787267,0.210666599317,1716
O11:Coculture:F17:5-FU,O11,joint,exact_fixed_budget,10,0.0638013937096,1,0.0658223250994,0.214652552945,1716
O11:Coculture:F17:5-FU,O11,joint,exact_fixed_budget,11,0.0739086094289,1,0.0628241671311,0.217650710913,1287
O11:Coculture:F17:5-FU,O11,joint,exact_fixed_budget,12,0.0727654570586,1,0.0603459793496,0.220128898694,715
O11:Coculture:F17:5-FU,O11,joint,exact_fixed_budget,13,0.0483019181924,1,0.0585449552484,0.221929922796,286
O11:Coculture:F17:5-FU,O11,joint,exact_fixed_budget,14,0.054932138419,1,0.0568102647443,0.2236646133,78
O11:Coculture:F17:5-FU,O11,joint,exact_fixed_budget,15,0.0491040698051,1,0.0553952476741,0.22507963037,13
O11:Coculture:F17:5-FU,O11,joint,exact_fixed_budget,16,0.0502039437996,1,0.0542476662103,0.226227211834,1
O11:Coculture:F17:5-FU,O11,diagonal,exact_fixed_budget,3,0.113313681104,1,0.267019887966,0,1
O11:Coculture:F17:5-FU,O11,diagonal,exact_fixed_budget,4,0.0611697844067,1,0.129217436396,0.137802451569,13
O11:Coculture:F17:5-FU,O11,diagonal,exact_fixed_budget,5,0.152306536493,1,0.097680074483,0.169339813483,78
O11:Coculture:F17:5-FU,O11,diagonal,exact_fixed_budget,6,0.0979214864661,1,0.0821925512078,0.184827336758,286
O11:Coculture:F17:5-FU,O11,diagonal,exact_fixed_budget,7,0.102728298564,1,0.070965580188,0.196054307778,715
O11:Coculture:F17:5-FU,O11,diagonal,exact_fixed_budget,8,0.209143442049,0.857142857143,0.0622947771021,0.204725110864,1287
O11:Coculture:F17:5-FU,O11,diagonal,exact_fixed_budget,9,0.123106557261,1,0.05631538607,0.210704501896,1716
O11:Coculture:F17:5-FU,O11,diagonal,exact_fixed_budget,10,0.146208227795,0.857142857143,0.0515810676561,0.21543882031,1716
O11:Coculture:F17:5-FU,O11,diagonal,exact_fixed_budget,11,0.143889757739,0.857142857143,0.0473575768087,0.219662311157,1287
O11:Coculture:F17:5-FU,O11,diagonal,exact_fixed_budget,12,0.148883405649,0.857142857143,0.0444115049677,0.222608382998,715
O11:Coculture:F17:5-FU,O11,diagonal,exact_fixed_budget,13,0.121676571153,1,0.0417022576297,0.225317630336,286
O11:Coculture:F17:5-FU,O11,diagonal,exact_fixed_budget,14,0.12920000631,1,0.0392273519641,0.227792536002,78
O11:Coculture:F17:5-FU,O11,diagonal,exact_fixed_budget,15,0.13525961042,0.857142857143,0.0381875006347,0.228832387331,13
O11:Coculture:F17:5-FU,O11,diagonal,exact_fixed_budget,16,0.13525961042,0.857142857143,0.0381875006347,0.228832387331,1
O11:Coculture:F17:Gef,O11,joint,exact_fixed_budget,3,0.244880017907,1,0.28870561731,0,1
O11:Coculture:F17:Gef,O11,joint,exact_fixed_budget,4,0.159687101137,1,0.133129620768,0.155575996543,13
O11:Coculture:F17:Gef,O11,joint,exact_fixed_budget,5,0.0893925521055,1,0.10657549529,0.18213012202,78
O11:Coculture:F17:Gef,O11,joint,exact_fixed_budget,6,0.0877434327808,1,0.088917258725,0.199788358586,286
O11:Coculture:F17:Gef,O11,joint,exact_fixed_budget,7,0.116535097921,1,0.0790185914789,0.209687025832,715
O11:Coculture:F17:Gef,O11,joint,exact_fixed_budget,8,0.0931476053275,1,0.0714097576622,0.217295859648,1287
O11:Coculture:F17:Gef,O11,joint,exact_fixed_budget,9,0.0840324766414,1,0.0662182213605,0.22248739595,1716
O11:Coculture:F17:Gef,O11,joint,exact_fixed_budget,10,0.0894226007449,1,0.0622382543016,0.226467363009,1716
O11:Coculture:F17:Gef,O11,joint,exact_fixed_budget,11,0.0818906815471,1,0.059213700639,0.229491916671,1287
O11:Coculture:F17:Gef,O11,joint,exact_fixed_budget,12,0.0810891534983,1,0.0568906482353,0.231814969075,715
O11:Coculture:F17:Gef,O11,joint,exact_fixed_budget,13,0.0781770472599,1,0.0547695408573,0.233936076453,286
O11:Coculture:F17:Gef,O11,joint,exact_fixed_budget,14,0.108140169552,1,0.0528527847747,0.235852832536,78
O11:Coculture:F17:Gef,O11,joint,exact_fixed_budget,15,0.0973314752911,1,0.0511999068445,0.237505710466,13
O11:Coculture:F17:Gef,O11,joint,exact_fixed_budget,16,0.098730409423,1,0.0499574589007,0.23874815841,1
O11:Coculture:F17:Gef,O11,diagonal,exact_fixed_budget,3,0.264290363342,1,0.280588225278,0,1
O11:Coculture:F17:Gef,O11,diagonal,exact_fixed_budget,4,0.21684244018,1,0.130316967756,0.150271257522,13
O11:Coculture:F17:Gef,O11,diagonal,exact_fixed_budget,5,0.127631855971,1,0.0981364215616,0.182451803717,78
O11:Coculture:F17:Gef,O11,diagonal,exact_fixed_budget,6,0.169652546336,1,0.0816837015584,0.19890452372,286
O11:Coculture:F17:Gef,O11,diagonal,exact_fixed_budget,7,0.137307757615,1,0.070481539631,0.210106685647,715
O11:Coculture:F17:Gef,O11,diagonal,exact_fixed_budget,8,0.109478319871,1,0.0616035508859,0.218984674392,1287
O11:Coculture:F17:Gef,O11,diagonal,exact_fixed_budget,9,0.134675394606,1,0.0552987596725,0.225289465606,1716
O11:Coculture:F17:Gef,O11,diagonal,exact_fixed_budget,10,0.119056768774,1,0.050448058291,0.230140166987,1716
O11:Coculture:F17:Gef,O11,diagonal,exact_fixed_budget,11,0.116489326785,1,0.0465111599213,0.234077065357,1287
O11:Coculture:F17:Gef,O11,diagonal,exact_fixed_budget,12,0.16649253114,1,0.0434671400405,0.237121085238,715
O11:Coculture:F17:Gef,O11,diagonal,exact_fixed_budget,13,0.147011538534,1,0.0407281522897,0.239860072988,286
O11:Coculture:F17:Gef,O11,diagonal,exact_fixed_budget,14,0.146717043837,1,0.0384007525803,0.242187472698,78
O11:Coculture:F17:Gef,O11,diagonal,exact_fixed_budget,15,0.146131441435,1,0.0378450099172,0.242743215361,13
O11:Coculture:F17:Gef,O11,diagonal,exact_fixed_budget,16,0.146131441435,1,0.0378450099172,0.242743215361,1
O11:Coculture:F17:Oxa,O11,joint,exact_fixed_budget,3,0.356827091397,1,0.280474878044,0,1
O11:Coculture:F17:Oxa,O11,joint,exact_fixed_budget,4,0.229989149418,1,0.138036664512,0.142438213532,13
O11:Coculture:F17:Oxa,O11,joint,exact_fixed_budget,5,0.285102072671,1,0.113205720394,0.16726915765,78
O11:Coculture:F17:Oxa,O11,joint,exact_fixed_budget,6,0.212920976435,1,0.0914189699242,0.18905590812,286
O11:Coculture:F17:Oxa,O11,joint,exact_fixed_budget,7,0.13980482883,1,0.0823127632634,0.19816211478,715
O11:Coculture:F17:Oxa,O11,joint,exact_fixed_budget,8,0.1128921476,1,0.0745004708825,0.205974407161,1287
O11:Coculture:F17:Oxa,O11,joint,exact_fixed_budget,9,0.0956383419398,1,0.0698082787267,0.210666599317,1716
O11:Coculture:F17:Oxa,O11,joint,exact_fixed_budget,10,0.0918661881702,1,0.0658223250994,0.214652552945,1716
O11:Coculture:F17:Oxa,O11,joint,exact_fixed_budget,11,0.103318371379,1,0.0628241671311,0.217650710913,1287
O11:Coculture:F17:Oxa,O11,joint,exact_fixed_budget,12,0.103241088845,1,0.0603459793496,0.220128898694,715
O11:Coculture:F17:Oxa,O11,joint,exact_fixed_budget,13,0.0919093212725,1,0.0585449552484,0.221929922796,286
O11:Coculture:F17:Oxa,O11,joint,exact_fixed_budget,14,0.0980639516316,1,0.0568102647443,0.2236646133,78
O11:Coculture:F17:Oxa,O11,joint,exact_fixed_budget,15,0.0841253138185,1,0.0553952476741,0.22507963037,13
O11:Coculture:F17:Oxa,O11,joint,exact_fixed_budget,16,0.0867867280306,1,0.0542476662103,0.226227211834,1
O11:Coculture:F17:Oxa,O11,diagonal,exact_fixed_budget,3,0.387550193467,1,0.267019887966,0,1
O11:Coculture:F17:Oxa,O11,diagonal,exact_fixed_budget,4,0.256348723007,1,0.129217436396,0.137802451569,13
O11:Coculture:F17:Oxa,O11,diagonal,exact_fixed_budget,5,0.293644724997,0.857142857143,0.097680074483,0.169339813483,78
O11:Coculture:F17:Oxa,O11,diagonal,exact_fixed_budget,6,0.170446002683,1,0.0821925512078,0.184827336758,286
O11:Coculture:F17:Oxa,O11,diagonal,exact_fixed_budget,7,0.187144405018,1,0.070965580188,0.196054307778,715
O11:Coculture:F17:Oxa,O11,diagonal,exact_fixed_budget,8,0.232842368701,0.857142857143,0.0622947771021,0.204725110864,1287
O11:Coculture:F17:Oxa,O11,diagonal,exact_fixed_budget,9,0.146230269509,1,0.05631538607,0.210704501896,1716
O11:Coculture:F17:Oxa,O11,diagonal,exact_fixed_budget,10,0.166831386671,1,0.0515810676561,0.21543882031,1716
O11:Coculture:F17:Oxa,O11,diagonal,exact_fixed_budget,11,0.161598468275,1,0.0473575768087,0.219662311157,1287
O11:Coculture:F17:Oxa,O11,diagonal,exact_fixed_budget,12,0.171982176374,1,0.0444115049677,0.222608382998,715
O11:Coculture:F17:Oxa,O11,diagonal,exact_fixed_budget,13,0.156052304903,1,0.0417022576297,0.225317630336,286
O11:Coculture:F17:Oxa,O11,diagonal,exact_fixed_budget,14,0.163412541862,1,0.0392273519641,0.227792536002,78
O11:Coculture:F17:Oxa,O11,diagonal,exact_fixed_budget,15,0.170686258342,1,0.0381875006347,0.228832387331,13
O11:Coculture:F17:Oxa,O11,diagonal,exact_fixed_budget,16,0.170686258342,1,0.0381875006347,0.228832387331,1
O11:Coculture:F17:SN-38,O11,joint,exact_fixed_budget,3,0.203052616513,1,0.277257611944,0,1
O11:Coculture:F17:SN-38,O11,joint,exact_fixed_budget,4,0.103286776666,1,0.141986636129,0.135270975815,13
O11:Coculture:F17:SN-38,O11,joint,exact_fixed_budget,5,0.0938667270257,1,0.117377687616,0.159879924328,78
O11:Coculture:F17:SN-38,O11,joint,exact_fixed_budget,6,0.0903828123316,1,0.0930408830139,0.18421672893,286
O11:Coculture:F17:SN-38,O11,joint,exact_fixed_budget,7,0.102444194021,1,0.0842845487245,0.19297306322,715
O11:Coculture:F17:SN-38,O11,joint,exact_fixed_budget,8,0.0930014836761,1,0.0767994229069,0.200458189037,1287
O11:Coculture:F17:SN-38,O11,joint,exact_fixed_budget,9,0.0828542438928,1,0.0720229370302,0.205234674914,1716
O11:Coculture:F17:SN-38,O11,joint,exact_fixed_budget,10,0.09049776788,1,0.068255369939,0.209002242005,1716
O11:Coculture:F17:SN-38,O11,joint,exact_fixed_budget,11,0.0920506876208,1,0.0652521460081,0.212005465936,1287
O11:Coculture:F17:SN-38,O11,joint,exact_fixed_budget,12,0.0878372299439,1,0.0624196615889,0.214837950355,715
O11:Coculture:F17:SN-38,O11,joint,exact_fixed_budget,13,0.0929134783827,1,0.060736743078,0.216520868866,286
O11:Coculture:F17:SN-38,O11,joint,exact_fixed_budget,14,0.0930692861996,1,0.059065720296,0.218191891648,78
O11:Coculture:F17:SN-38,O11,joint,exact_fixed_budget,15,0.0913183008569,1,0.057537335827,0.219720276117,13
O11:Coculture:F17:SN-38,O11,joint,exact_fixed_budget,16,0.0893983701726,1,0.0564133585507,0.220844253393,1
O11:Coculture:F17:SN-38,O11,diagonal,exact_fixed_budget,3,0.165408173688,1,0.260990994904,0,1
O11:Coculture:F17:SN-38,O11,diagonal,exact_fixed_budget,4,0.0861911444981,1,0.129151237072,0.131839757832,13
O11:Coculture:F17:SN-38,O11,diagonal,exact_fixed_budget,5,0.0818006515303,1,0.0976331423158,0.163357852588,78
O11:Coculture:F17:SN-38,O11,diagonal,exact_fixed_budget,6,0.0970671071324,1,0.0824541824899,0.178536812414,286
O11:Coculture:F17:SN-38,O11,diagonal,exact_fixed_budget,7,0.0918825720951,1,0.0712880117184,0.189702983185,715
O11:Coculture:F17:SN-38,O11,diagonal,exact_fixed_budget,8,0.0816508639069,1,0.0628129694369,0.198178025467,1287
O11:Coculture:F17:SN-38,O11,diagonal,exact_fixed_budget,9,0.0931350538476,1,0.0569733789787,0.204017615925,1716
O11:Coculture:F17:SN-38,O11,diagonal,exact_fixed_budget,10,0.0906556008899,1,0.0520441460796,0.208946848824,1716
O11:Coculture:F17:SN-38,O11,diagonal,exact_fixed_budget,11,0.0908145965919,1,0.0476825394107,0.213308455493,1287
O11:Coculture:F17:SN-38,O11,diagonal,exact_fixed_budget,12,0.0995112623158,1,0.0446661243149,0.216324870589,715
O11:Coculture:F17:SN-38,O11,diagonal,exact_fixed_budget,13,0.0979525212197,1,0.0418890993682,0.219101895535,286
O11:Coculture:F17:SN-38,O11,diagonal,exact_fixed_budget,14,0.097973482265,1,0.0394667818013,0.221524213102,78
O11:Coculture:F17:SN-38,O11,diagonal,exact_fixed_budget,15,0.0968908406766,1,0.0380725066289,0.222918488275,13
O11:Coculture:F17:SN-38,O11,diagonal,exact_fixed_budget,16,0.0968908406766,1,0.0380725066289,0.222918488275,1
O11:Monoculture::5-FU,O11,joint,exact_fixed_budget,3,0.090672967789,1,0.280474878044,0,1
O11:Monoculture::5-FU,O11,joint,exact_fixed_budget,4,0.0680325662467,1,0.138036664512,0.142438213532,13
O11:Monoculture::5-FU,O11,joint,exact_fixed_budget,5,0.0561259454115,1,0.113205720394,0.16726915765,78
O11:Monoculture::5-FU,O11,joint,exact_fixed_budget,6,0.0607547812872,1,0.0914189699242,0.18905590812,286
O11:Monoculture::5-FU,O11,joint,exact_fixed_budget,7,0.041629195407,1,0.0823127632634,0.19816211478,715
O11:Monoculture::5-FU,O11,joint,exact_fixed_budget,8,0.0475495044562,1,0.0745004708825,0.205974407161,1287
O11:Monoculture::5-FU,O11,joint,exact_fixed_budget,9,0.054154725279,1,0.0698082787267,0.210666599317,1716
O11:Monoculture::5-FU,O11,joint,exact_fixed_budget,10,0.0543396571689,1,0.0658223250994,0.214652552945,1716
O11:Monoculture::5-FU,O11,joint,exact_fixed_budget,11,0.0513808633349,1,0.0628241671311,0.217650710913,1287
O11:Monoculture::5-FU,O11,joint,exact_fixed_budget,12,0.0585865943773,1,0.0603459793496,0.220128898694,715
O11:Monoculture::5-FU,O11,joint,exact_fixed_budget,13,0.066126769119,1,0.0585449552484,0.221929922796,286
O11:Monoculture::5-FU,O11,joint,exact_fixed_budget,14,0.0627759761115,1,0.0568102647443,0.2236646133,78
O11:Monoculture::5-FU,O11,joint,exact_fixed_budget,15,0.0633185604278,1,0.0553952476741,0.22507963037,13
O11:Monoculture::5-FU,O11,joint,exact_fixed_budget,16,0.0529710204786,1,0.0542476662103,0.226227211834,1
O11:Monoculture::5-FU,O11,diagonal,exact_fixed_budget,3,0.102351677558,1,0.267019887966,0,1
O11:Monoculture::5-FU,O11,diagonal,exact_fixed_budget,4,0.0837805631731,1,0.129217436396,0.137802451569,13
O11:Monoculture::5-FU,O11,diagonal,exact_fixed_budget,5,0.0718561192284,1,0.097680074483,0.169339813483,78
O11:Monoculture::5-FU,O11,diagonal,exact_fixed_budget,6,0.0504354433478,1,0.0821925512078,0.184827336758,286
O11:Monoculture::5-FU,O11,diagonal,exact_fixed_budget,7,0.0594313553485,1,0.070965580188,0.196054307778,715
O11:Monoculture::5-FU,O11,diagonal,exact_fixed_budget,8,0.06799166779,1,0.0622947771021,0.204725110864,1287
O11:Monoculture::5-FU,O11,diagonal,exact_fixed_budget,9,0.0667631105791,1,0.05631538607,0.210704501896,1716
O11:Monoculture::5-FU,O11,diagonal,exact_fixed_budget,10,0.0627708238074,1,0.0515810676561,0.21543882031,1716
O11:Monoculture::5-FU,O11,diagonal,exact_fixed_budget,11,0.0714151916422,1,0.0473575768087,0.219662311157,1287
O11:Monoculture::5-FU,O11,diagonal,exact_fixed_budget,12,0.0725069522067,1,0.0444115049677,0.222608382998,715
O11:Monoculture::5-FU,O11,diagonal,exact_fixed_budget,13,0.0773474282735,1,0.0417022576297,0.225317630336,286
O11:Monoculture::5-FU,O11,diagonal,exact_fixed_budget,14,0.062755294624,1,0.0392273519641,0.227792536002,78
O11:Monoculture::5-FU,O11,diagonal,exact_fixed_budget,15,0.0576643932212,1,0.0381875006347,0.228832387331,13
O11:Monoculture::5-FU,O11,diagonal,exact_fixed_budget,16,0.0576643932212,1,0.0381875006347,0.228832387331,1
O11:Monoculture::Gef,O11,joint,exact_fixed_budget,3,2.26176572159,0.857142857143,0.28870561731,0,1
O11:Monoculture::Gef,O11,joint,exact_fixed_budget,4,2.26735409046,0.857142857143,0.133129620768,0.155575996543,13
O11:Monoculture::Gef,O11,joint,exact_fixed_budget,5,2.15172566978,0.857142857143,0.10657549529,0.18213012202,78
O11:Monoculture::Gef,O11,joint,exact_fixed_budget,6,2.18075913595,0.857142857143,0.088917258725,0.199788358586,286
O11:Monoculture::Gef,O11,joint,exact_fixed_budget,7,2.41159676738,0.857142857143,0.0790185914789,0.209687025832,715
O11:Monoculture::Gef,O11,joint,exact_fixed_budget,8,2.35057104625,0.857142857143,0.0714097576622,0.217295859648,1287
O11:Monoculture::Gef,O11,joint,exact_fixed_budget,9,2.35651130456,0.857142857143,0.0662182213605,0.22248739595,1716
O11:Monoculture::Gef,O11,joint,exact_fixed_budget,10,1.43826873113,0.857142857143,0.0622382543016,0.226467363009,1716
O11:Monoculture::Gef,O11,joint,exact_fixed_budget,11,1.42716404243,0.857142857143,0.059213700639,0.229491916671,1287
O11:Monoculture::Gef,O11,joint,exact_fixed_budget,12,1.42565648451,0.857142857143,0.0568906482353,0.231814969075,715
O11:Monoculture::Gef,O11,joint,exact_fixed_budget,13,1.38111751765,0.857142857143,0.0547695408573,0.233936076453,286
O11:Monoculture::Gef,O11,joint,exact_fixed_budget,14,1.40838083445,0.857142857143,0.0528527847747,0.235852832536,78
O11:Monoculture::Gef,O11,joint,exact_fixed_budget,15,1.40925501892,0.857142857143,0.0511999068445,0.237505710466,13
O11:Monoculture::Gef,O11,joint,exact_fixed_budget,16,1.40940789197,0.857142857143,0.0499574589007,0.23874815841,1
O11:Monoculture::Gef,O11,diagonal,exact_fixed_budget,3,2.3522015377,0.857142857143,0.280588225278,0,1
O11:Monoculture::Gef,O11,diagonal,exact_fixed_budget,4,2.36985188894,0.857142857143,0.130316967756,0.150271257522,13
O11:Monoculture::Gef,O11,diagonal,exact_fixed_budget,5,2.231450292,0.857142857143,0.0981364215616,0.182451803717,78
O11:Monoculture::Gef,O11,diagonal,exact_fixed_budget,6,2.48356267839,0.857142857143,0.0816837015584,0.19890452372,286
O11:Monoculture::Gef,O11,diagonal,exact_fixed_budget,7,2.40108437113,0.857142857143,0.070481539631,0.210106685647,715
O11:Monoculture::Gef,O11,diagonal,exact_fixed_budget,8,1.38485146829,0.714285714286,0.0616035508859,0.218984674392,1287
O11:Monoculture::Gef,O11,diagonal,exact_fixed_budget,9,1.50140025741,0.857142857143,0.0552987596725,0.225289465606,1716
O11:Monoculture::Gef,O11,diagonal,exact_fixed_budget,10,1.48831367258,0.857142857143,0.050448058291,0.230140166987,1716
O11:Monoculture::Gef,O11,diagonal,exact_fixed_budget,11,1.48899142723,0.857142857143,0.0465111599213,0.234077065357,1287
O11:Monoculture::Gef,O11,diagonal,exact_fixed_budget,12,1.55535955087,0.857142857143,0.0434671400405,0.237121085238,715
O11:Monoculture::Gef,O11,diagonal,exact_fixed_budget,13,1.5487072721,0.857142857143,0.0407281522897,0.239860072988,286
O11:Monoculture::Gef,O11,diagonal,exact_fixed_budget,14,1.54936135132,0.857142857143,0.0384007525803,0.242187472698,78
O11:Monoculture::Gef,O11,diagonal,exact_fixed_budget,15,1.54922514623,0.857142857143,0.0378450099172,0.242743215361,13
O11:Monoculture::Gef,O11,diagonal,exact_fixed_budget,16,1.54922514623,0.857142857143,0.0378450099172,0.242743215361,1
O11:Monoculture::Oxa,O11,joint,exact_fixed_budget,3,0.821560079986,0.714285714286,0.280474878044,0,1
O11:Monoculture::Oxa,O11,joint,exact_fixed_budget,4,0.528669252903,0.714285714286,0.138036664512,0.142438213532,13
O11:Monoculture::Oxa,O11,joint,exact_fixed_budget,5,0.65840764794,0.428571428571,0.113205720394,0.16726915765,78
O11:Monoculture::Oxa,O11,joint,exact_fixed_budget,6,0.678470025041,0.428571428571,0.0914189699242,0.18905590812,286
O11:Monoculture::Oxa,O11,joint,exact_fixed_budget,7,0.492558061599,0.571428571429,0.0823127632634,0.19816211478,715
O11:Monoculture::Oxa,O11,joint,exact_fixed_budget,8,0.587810468585,0.285714285714,0.0745004708825,0.205974407161,1287
O11:Monoculture::Oxa,O11,joint,exact_fixed_budget,9,0.503409630893,0.714285714286,0.0698082787267,0.210666599317,1716
O11:Monoculture::Oxa,O11,joint,exact_fixed_budget,10,0.462517373829,0.857142857143,0.0658223250994,0.214652552945,1716
O11:Monoculture::Oxa,O11,joint,exact_fixed_budget,11,0.516894812624,0.714285714286,0.0628241671311,0.217650710913,1287
O11:Monoculture::Oxa,O11,joint,exact_fixed_budget,12,0.523095318286,0.714285714286,0.0603459793496,0.220128898694,715
O11:Monoculture::Oxa,O11,joint,exact_fixed_budget,13,0.412555781616,0.857142857143,0.0585449552484,0.221929922796,286
O11:Monoculture::Oxa,O11,joint,exact_fixed_budget,14,0.448822058784,0.857142857143,0.0568102647443,0.2236646133,78
O11:Monoculture::Oxa,O11,joint,exact_fixed_budget,15,0.445211706875,0.857142857143,0.0553952476741,0.22507963037,13
O11:Monoculture::Oxa,O11,joint,exact_fixed_budget,16,0.448652284785,0.857142857143,0.0542476662103,0.226227211834,1
O11:Monoculture::Oxa,O11,diagonal,exact_fixed_budget,3,0.893021837878,0.714285714286,0.267019887966,0,1
O11:Monoculture::Oxa,O11,diagonal,exact_fixed_budget,4,0.609590152937,0.714285714286,0.129217436396,0.137802451569,13
O11:Monoculture::Oxa,O11,diagonal,exact_fixed_budget,5,0.749597644024,0.571428571429,0.097680074483,0.169339813483,78
O11:Monoculture::Oxa,O11,diagonal,exact_fixed_budget,6,0.558118699297,0.714285714286,0.0821925512078,0.184827336758,286
O11:Monoculture::Oxa,O11,diagonal,exact_fixed_budget,7,0.679037034434,0.428571428571,0.070965580188,0.196054307778,715
O11:Monoculture::Oxa,O11,diagonal,exact_fixed_budget,8,0.643814115551,0.428571428571,0.0622947771021,0.204725110864,1287
O11:Monoculture::Oxa,O11,diagonal,exact_fixed_budget,9,0.531563643121,0.428571428571,0.05631538607,0.210704501896,1716
O11:Monoculture::Oxa,O11,diagonal,exact_fixed_budget,10,0.600955803765,0.428571428571,0.0515810676561,0.21543882031,1716
O11:Monoculture::Oxa,O11,diagonal,exact_fixed_budget,11,0.6052862409,0.428571428571,0.0473575768087,0.219662311157,1287
O11:Monoculture::Oxa,O11,diagonal,exact_fixed_budget,12,0.609327295173,0.428571428571,0.0444115049677,0.222608382998,715
O11:Monoculture::Oxa,O11,diagonal,exact_fixed_budget,13,0.534492181191,0.428571428571,0.0417022576297,0.225317630336,286
O11:Monoculture::Oxa,O11,diagonal,exact_fixed_budget,14,0.537209388858,0.428571428571,0.0392273519641,0.227792536002,78
O11:Monoculture::Oxa,O11,diagonal,exact_fixed_budget,15,0.53993616802,0.428571428571,0.0381875006347,0.228832387331,13
O11:Monoculture::Oxa,O11,diagonal,exact_fixed_budget,16,0.53993616802,0.428571428571,0.0381875006347,0.228832387331,1
O11:Monoculture::SN-38,O11,joint,exact_fixed_budget,3,0.205152207503,1,0.277257611944,0,1
O11:Monoculture::SN-38,O11,joint,exact_fixed_budget,4,0.0759802589353,1,0.141986636129,0.135270975815,13
O11:Monoculture::SN-38,O11,joint,exact_fixed_budget,5,0.0618179112987,1,0.117377687616,0.159879924328,78
O11:Monoculture::SN-38,O11,joint,exact_fixed_budget,6,0.0738672188497,1,0.0930408830139,0.18421672893,286
O11:Monoculture::SN-38,O11,joint,exact_fixed_budget,7,0.0673403642679,1,0.0842845487245,0.19297306322,715
O11:Monoculture::SN-38,O11,joint,exact_fixed_budget,8,0.0752266622746,1,0.0767994229069,0.200458189037,1287
O11:Monoculture::SN-38,O11,joint,exact_fixed_budget,9,0.0446047420612,1,0.0720229370302,0.205234674914,1716
O11:Monoculture::SN-38,O11,joint,exact_fixed_budget,10,0.0455948591071,1,0.068255369939,0.209002242005,1716
O11:Monoculture::SN-38,O11,joint,exact_fixed_budget,11,0.0447522261856,1,0.0652521460081,0.212005465936,1287
O11:Monoculture::SN-38,O11,joint,exact_fixed_budget,12,0.0481108880717,1,0.0624196615889,0.214837950355,715
O11:Monoculture::SN-38,O11,joint,exact_fixed_budget,13,0.047486473002,1,0.060736743078,0.216520868866,286
O11:Monoculture::SN-38,O11,joint,exact_fixed_budget,14,0.0458606138526,1,0.059065720296,0.218191891648,78
O11:Monoculture::SN-38,O11,joint,exact_fixed_budget,15,0.0449450387039,1,0.057537335827,0.219720276117,13
O11:Monoculture::SN-38,O11,joint,exact_fixed_budget,16,0.041136496226,1,0.0564133585507,0.220844253393,1
O11:Monoculture::SN-38,O11,diagonal,exact_fixed_budget,3,0.173418422807,1,0.260990994904,0,1
O11:Monoculture::SN-38,O11,diagonal,exact_fixed_budget,4,0.0913449366039,1,0.129151237072,0.131839757832,13
O11:Monoculture::SN-38,O11,diagonal,exact_fixed_budget,5,0.142464039693,1,0.0976331423158,0.163357852588,78
O11:Monoculture::SN-38,O11,diagonal,exact_fixed_budget,6,0.128925934753,1,0.0824541824899,0.178536812414,286
O11:Monoculture::SN-38,O11,diagonal,exact_fixed_budget,7,0.15917540182,1,0.0712880117184,0.189702983185,715
O11:Monoculture::SN-38,O11,diagonal,exact_fixed_budget,8,0.115376988641,1,0.0628129694369,0.198178025467,1287
O11:Monoculture::SN-38,O11,diagonal,exact_fixed_budget,9,0.112248092854,1,0.0569733789787,0.204017615925,1716
O11:Monoculture::SN-38,O11,diagonal,exact_fixed_budget,10,0.122376645391,1,0.0520441460796,0.208946848824,1716
O11:Monoculture::SN-38,O11,diagonal,exact_fixed_budget,11,0.123143307802,1,0.0476825394107,0.213308455493,1287
O11:Monoculture::SN-38,O11,diagonal,exact_fixed_budget,12,0.115619723286,1,0.0446661243149,0.216324870589,715
O11:Monoculture::SN-38,O11,diagonal,exact_fixed_budget,13,0.129333911021,1,0.0418890993682,0.219101895535,286
O11:Monoculture::SN-38,O11,diagonal,exact_fixed_budget,14,0.123625266956,1,0.0394667818013,0.221524213102,78
O11:Monoculture::SN-38,O11,diagonal,exact_fixed_budget,15,0.131303874798,1,0.0380725066289,0.222918488275,13
O11:Monoculture::SN-38,O11,diagonal,exact_fixed_budget,16,0.131303874798,1,0.0380725066289,0.222918488275,1
O12:Coculture:F11:Gef,O12,joint,exact_fixed_budget,3,0.077518296329,1,0.28870561731,0,1
O12:Coculture:F11:Gef,O12,joint,exact_fixed_budget,4,0.178056673998,1,0.133129620768,0.155575996543,13
O12:Coculture:F11:Gef,O12,joint,exact_fixed_budget,5,0.11598133999,1,0.10657549529,0.18213012202,78
O12:Coculture:F11:Gef,O12,joint,exact_fixed_budget,6,0.118687971814,1,0.088917258725,0.199788358586,286
O12:Coculture:F11:Gef,O12,joint,exact_fixed_budget,7,0.167946694022,1,0.0790185914789,0.209687025832,715
O12:Coculture:F11:Gef,O12,joint,exact_fixed_budget,8,0.157913173563,1,0.0714097576622,0.217295859648,1287
O12:Coculture:F11:Gef,O12,joint,exact_fixed_budget,9,0.0863045377296,1,0.0662182213605,0.22248739595,1716
O12:Coculture:F11:Gef,O12,joint,exact_fixed_budget,10,0.0870293151553,1,0.0622382543016,0.226467363009,1716
O12:Coculture:F11:Gef,O12,joint,exact_fixed_budget,11,0.0907779870275,1,0.059213700639,0.229491916671,1287
O12:Coculture:F11:Gef,O12,joint,exact_fixed_budget,12,0.0711062189529,1,0.0568906482353,0.231814969075,715
O12:Coculture:F11:Gef,O12,joint,exact_fixed_budget,13,0.0669738409128,1,0.0547695408573,0.233936076453,286
O12:Coculture:F11:Gef,O12,joint,exact_fixed_budget,14,0.0635370042597,1,0.0528527847747,0.235852832536,78
O12:Coculture:F11:Gef,O12,joint,exact_fixed_budget,15,0.0660288614591,1,0.0511999068445,0.237505710466,13
O12:Coculture:F11:Gef,O12,joint,exact_fixed_budget,16,0.0603453493875,1,0.0499574589007,0.23874815841,1
O12:Coculture:F11:Gef,O12,diagonal,exact_fixed_budget,3,0.0611808753934,1,0.280588225278,0,1
O12:Coculture:F11:Gef,O12,diagonal,exact_fixed_budget,4,0.178069269176,1,0.130316967756,0.150271257522,13
O12:Coculture:F11:Gef,O12,diagonal,exact_fixed_budget,5,0.124036567378,1,0.0981364215616,0.182451803717,78
O12:Coculture:F11:Gef,O12,diagonal,exact_fixed_budget,6,0.184762740624,1,0.0816837015584,0.19890452372,286
O12:Coculture:F11:Gef,O12,diagonal,exact_fixed_budget,7,0.174350986427,1,0.070481539631,0.210106685647,715
O12:Coculture:F11:Gef,O12,diagonal,exact_fixed_budget,8,0.0877591667675,1,0.0616035508859,0.218984674392,1287
O12:Coculture:F11:Gef,O12,diagonal,exact_fixed_budget,9,0.109623579646,1,0.0552987596725,0.225289465606,1716
O12:Coculture:F11:Gef,O12,diagonal,exact_fixed_budget,10,0.116408425454,1,0.050448058291,0.230140166987,1716
O12:Coculture:F11:Gef,O12,diagonal,exact_fixed_budget,11,0.091904514121,1,0.0465111599213,0.234077065357,1287
O12:Coculture:F11:Gef,O12,diagonal,exact_fixed_budget,12,0.0857818295662,1,0.0434671400405,0.237121085238,715
O12:Coculture:F11:Gef,O12,diagonal,exact_fixed_budget,13,0.0905881161688,1,0.0407281522897,0.239860072988,286
O12:Coculture:F11:Gef,O12,diagonal,exact_fixed_budget,14,0.0841147297884,1,0.0384007525803,0.242187472698,78
O12:Coculture:F11:Gef,O12,diagonal,exact_fixed_budget,15,0.0893091448797,1,0.0378450099172,0.242743215361,13
O12:Coculture:F11:Gef,O12,diagonal,exact_fixed_budget,16,0.0893091448797,1,0.0378450099172,0.242743215361,1
O12:Monoculture::5-FU,O12,joint,exact_fixed_budget,3,1.22234725482,0.571428571429,0.280474878044,0,1
O12:Monoculture::5-FU,O12,joint,exact_fixed_budget,4,0.0473458884467,1,0.138036664512,0.142438213532,13
O12:Monoculture::5-FU,O12,joint,exact_fixed_budget,5,0.228053331966,1,0.113205720394,0.16726915765,78
O12:Monoculture::5-FU,O12,joint,exact_fixed_budget,6,0.329367448419,0.857142857143,0.0914189699242,0.18905590812,286
O12:Monoculture::5-FU,O12,joint,exact_fixed_budget,7,0.18778182573,1,0.0823127632634,0.19816211478,715
O12:Monoculture::5-FU,O12,joint,exact_fixed_budget,8,0.196913815177,1,0.0745004708825,0.205974407161,1287
O12:Monoculture::5-FU,O12,joint,exact_fixed_budget,9,0.186984412492,1,0.0698082787267,0.210666599317,1716
O12:Monoculture::5-FU,O12,joint,exact_fixed_budget,10,0.180019294461,1,0.0658223250994,0.214652552945,1716
O12:Monoculture::5-FU,O12,joint,exact_fixed_budget,11,0.153716135116,1,0.0628241671311,0.217650710913,1287
O12:Monoculture::5-FU,O12,joint,exact_fixed_budget,12,0.155450290715,1,0.0603459793496,0.220128898694,715
O12:Monoculture::5-FU,O12,joint,exact_fixed_budget,13,0.121087641251,1,0.0585449552484,0.221929922796,286
O12:Monoculture::5-FU,O12,joint,exact_fixed_budget,14,0.114118705439,1,0.0568102647443,0.2236646133,78
O12:Monoculture::5-FU,O12,joint,exact_fixed_budget,15,0.0896979500979,1,0.0553952476741,0.22507963037,13
O12:Monoculture::5-FU,O12,joint,exact_fixed_budget,16,0.0934270073944,1,0.0542476662103,0.226227211834,1
O12:Monoculture::5-FU,O12,diagonal,exact_fixed_budget,3,1.32965340093,0.428571428571,0.267019887966,0,1
O12:Monoculture::5-FU,O12,diagonal,exact_fixed_budget,4,0.178193948889,1,0.129217436396,0.137802451569,13
O12:Monoculture::5-FU,O12,diagonal,exact_fixed_budget,5,0.419211285566,0.857142857143,0.097680074483,0.169339813483,78
O12:Monoculture::5-FU,O12,diagonal,exact_fixed_budget,6,0.2745081,0.857142857143,0.0821925512078,0.184827336758,286
O12:Monoculture::5-FU,O12,diagonal,exact_fixed_budget,7,0.264171123297,0.857142857143,0.070965580188,0.196054307778,715
O12:Monoculture::5-FU,O12,diagonal,exact_fixed_budget,8,0.249924089465,0.857142857143,0.0622947771021,0.204725110864,1287
O12:Monoculture::5-FU,O12,diagonal,exact_fixed_budget,9,0.234913011077,0.857142857143,0.05631538607,0.210704501896,1716
O12:Monoculture::5-FU,O12,diagonal,exact_fixed_budget,10,0.200925231974,0.857142857143,0.0515810676561,0.21543882031,1716
O12:Monoculture::5-FU,O12,diagonal,exact_fixed_budget,11,0.214519964404,0.857142857143,0.0473575768087,0.219662311157,1287
O12:Monoculture::5-FU,O12,diagonal,exact_fixed_budget,12,0.205956998351,0.857142857143,0.0444115049677,0.222608382998,715
O12:Monoculture::5-FU,O12,diagonal,exact_fixed_budget,13,0.161531237319,1,0.0417022576297,0.225317630336,286
O12:Monoculture::5-FU,O12,diagonal,exact_fixed_budget,14,0.172758554712,1,0.0392273519641,0.227792536002,78
O12:Monoculture::5-FU,O12,diagonal,exact_fixed_budget,15,0.185676917142,1,0.0381875006347,0.228832387331,13
O12:Monoculture::5-FU,O12,diagonal,exact_fixed_budget,16,0.185676917142,1,0.0381875006347,0.228832387331,1
O12:Monoculture::Gef,O12,joint,exact_fixed_budget,3,0.723027545722,0.714285714286,0.28870561731,0,1
O12:Monoculture::Gef,O12,joint,exact_fixed_budget,4,0.699938130605,0.714285714286,0.133129620768,0.155575996543,13
O12:Monoculture::Gef,O12,joint,exact_fixed_budget,5,0.640019513369,0.714285714286,0.10657549529,0.18213012202,78
O12:Monoculture::Gef,O12,joint,exact_fixed_budget,6,0.60510820599,0.714285714286,0.088917258725,0.199788358586,286
O12:Monoculture::Gef,O12,joint,exact_fixed_budget,7,0.630064746227,0.857142857143,0.0790185914789,0.209687025832,715
O12:Monoculture::Gef,O12,joint,exact_fixed_budget,8,0.649741232754,0.857142857143,0.0714097576622,0.217295859648,1287
O12:Monoculture::Gef,O12,joint,exact_fixed_budget,9,0.650622533297,0.857142857143,0.0662182213605,0.22248739595,1716
O12:Monoculture::Gef,O12,joint,exact_fixed_budget,10,0.423593828686,0.857142857143,0.0622382543016,0.226467363009,1716
O12:Monoculture::Gef,O12,joint,exact_fixed_budget,11,0.427445737843,0.714285714286,0.059213700639,0.229491916671,1287
O12:Monoculture::Gef,O12,joint,exact_fixed_budget,12,0.426303081649,0.714285714286,0.0568906482353,0.231814969075,715
O12:Monoculture::Gef,O12,joint,exact_fixed_budget,13,0.389391214891,0.714285714286,0.0547695408573,0.233936076453,286
O12:Monoculture::Gef,O12,joint,exact_fixed_budget,14,0.367642429795,0.857142857143,0.0528527847747,0.235852832536,78
O12:Monoculture::Gef,O12,joint,exact_fixed_budget,15,0.367870975047,0.857142857143,0.0511999068445,0.237505710466,13
O12:Monoculture::Gef,O12,joint,exact_fixed_budget,16,0.368149974447,0.857142857143,0.0499574589007,0.23874815841,1
O12:Monoculture::Gef,O12,diagonal,exact_fixed_budget,3,0.695836472116,0.714285714286,0.280588225278,0,1
O12:Monoculture::Gef,O12,diagonal,exact_fixed_budget,4,0.692930973661,0.714285714286,0.130316967756,0.150271257522,13
O12:Monoculture::Gef,O12,diagonal,exact_fixed_budget,5,0.619618195336,0.714285714286,0.0981364215616,0.182451803717,78
O12:Monoculture::Gef,O12,diagonal,exact_fixed_budget,6,0.673219877469,0.857142857143,0.0816837015584,0.19890452372,286
O12:Monoculture::Gef,O12,diagonal,exact_fixed_budget,7,0.695567523298,0.857142857143,0.070481539631,0.210106685647,715
O12:Monoculture::Gef,O12,diagonal,exact_fixed_budget,8,0.525582614001,0.714285714286,0.0616035508859,0.218984674392,1287
O12:Monoculture::Gef,O12,diagonal,exact_fixed_budget,9,0.4566710444,0.714285714286,0.0552987596725,0.225289465606,1716
O12:Monoculture::Gef,O12,diagonal,exact_fixed_budget,10,0.461995567128,0.714285714286,0.050448058291,0.230140166987,1716
O12:Monoculture::Gef,O12,diagonal,exact_fixed_budget,11,0.463026104158,0.714285714286,0.0465111599213,0.234077065357,1287
O12:Monoculture::Gef,O12,diagonal,exact_fixed_budget,12,0.457308916214,0.714285714286,0.0434671400405,0.237121085238,715
O12:Monoculture::Gef,O12,diagonal,exact_fixed_budget,13,0.46063882001,0.857142857143,0.0407281522897,0.239860072988,286
O12:Monoculture::Gef,O12,diagonal,exact_fixed_budget,14,0.462553990866,0.714285714286,0.0384007525803,0.242187472698,78
O12:Monoculture::Gef,O12,diagonal,exact_fixed_budget,15,0.464183281687,0.714285714286,0.0378450099172,0.242743215361,13
O12:Monoculture::Gef,O12,diagonal,exact_fixed_budget,16,0.464183281687,0.714285714286,0.0378450099172,0.242743215361,1
O12:Monoculture::SN-38,O12,joint,exact_fixed_budget,3,0.096530199212,1,0.277257611944,0,1
O12:Monoculture::SN-38,O12,joint,exact_fixed_budget,4,0.148865984609,1,0.141986636129,0.135270975815,13
O12:Monoculture::SN-38,O12,joint,exact_fixed_budget,5,0.136176566848,1,0.117377687616,0.159879924328,78
O12:Monoculture::SN-38,O12,joint,exact_fixed_budget,6,0.15091954886,1,0.0930408830139,0.18421672893,286
O12:Monoculture::SN-38,O12,joint,exact_fixed_budget,7,0.184765076261,1,0.0842845487245,0.19297306322,715
O12:Monoculture::SN-38,O12,joint,exact_fixed_budget,8,0.19079694781,1,0.0767994229069,0.200458189037,1287
O12:Monoculture::SN-38,O12,joint,exact_fixed_budget,9,0.137199405961,1,0.0720229370302,0.205234674914,1716
O12:Monoculture::SN-38,O12,joint,exact_fixed_budget,10,0.138000125264,1,0.068255369939,0.209002242005,1716
O12:Monoculture::SN-38,O12,joint,exact_fixed_budget,11,0.0881709627729,1,0.0652521460081,0.212005465936,1287
O12:Monoculture::SN-38,O12,joint,exact_fixed_budget,12,0.142096630484,1,0.0624196615889,0.214837950355,715
O12:Monoculture::SN-38,O12,joint,exact_fixed_budget,13,0.140156513577,1,0.060736743078,0.216520868866,286
O12:Monoculture::SN-38,O12,joint,exact_fixed_budget,14,0.104200113302,1,0.059065720296,0.218191891648,78
O12:Monoculture::SN-38,O12,joint,exact_fixed_budget,15,0.10260309241,1,0.057537335827,0.219720276117,13
O12:Monoculture::SN-38,O12,joint,exact_fixed_budget,16,0.103200263165,1,0.0564133585507,0.220844253393,1
O12:Monoculture::SN-38,O12,diagonal,exact_fixed_budget,3,0.107893476364,1,0.260990994904,0,1
O12:Monoculture::SN-38,O12,diagonal,exact_fixed_budget,4,0.173482945712,1,0.129151237072,0.131839757832,13
O12:Monoculture::SN-38,O12,diagonal,exact_fixed_budget,5,0.195271777049,1,0.0976331423158,0.163357852588,78
O12:Monoculture::SN-38,O12,diagonal,exact_fixed_budget,6,0.243977948272,1,0.0824541824899,0.178536812414,286
O12:Monoculture::SN-38,O12,diagonal,exact_fixed_budget,7,0.252062243063,1,0.0712880117184,0.189702983185,715
O12:Monoculture::SN-38,O12,diagonal,exact_fixed_budget,8,0.156329851313,1,0.0628129694369,0.198178025467,1287
O12:Monoculture::SN-38,O12,diagonal,exact_fixed_budget,9,0.164207817286,1,0.0569733789787,0.204017615925,1716
O12:Monoculture::SN-38,O12,diagonal,exact_fixed_budget,10,0.180675263399,1,0.0520441460796,0.208946848824,1716
O12:Monoculture::SN-38,O12,diagonal,exact_fixed_budget,11,0.179491940872,1,0.0476825394107,0.213308455493,1287
O12:Monoculture::SN-38,O12,diagonal,exact_fixed_budget,12,0.120739676061,1,0.0446661243149,0.216324870589,715
O12:Monoculture::SN-38,O12,diagonal,exact_fixed_budget,13,0.174754131818,1,0.0418890993682,0.219101895535,286
O12:Monoculture::SN-38,O12,diagonal,exact_fixed_budget,14,0.138390361287,1,0.0394667818013,0.221524213102,78
O12:Monoculture::SN-38,O12,diagonal,exact_fixed_budget,15,0.155380724421,1,0.0380725066289,0.222918488275,13
O12:Monoculture::SN-38,O12,diagonal,exact_fixed_budget,16,0.155380724421,1,0.0380725066289,0.222918488275,1
O13:Coculture:F13:5-FU,O13,joint,exact_fixed_budget,3,0.0340390663912,1,0.280474878044,0,1
O13:Coculture:F13:5-FU,O13,joint,exact_fixed_budget,4,0.0199142725995,1,0.138036664512,0.142438213532,13
O13:Coculture:F13:5-FU,O13,joint,exact_fixed_budget,5,0.0084271456571,1,0.113205720394,0.16726915765,78
O13:Coculture:F13:5-FU,O13,joint,exact_fixed_budget,6,0.0121421713504,1,0.0914189699242,0.18905590812,286
O13:Coculture:F13:5-FU,O13,joint,exact_fixed_budget,7,0.0132795277237,1,0.0823127632634,0.19816211478,715
O13:Coculture:F13:5-FU,O13,joint,exact_fixed_budget,8,0.0108278759292,1,0.0745004708825,0.205974407161,1287
O13:Coculture:F13:5-FU,O13,joint,exact_fixed_budget,9,0.010858782651,1,0.0698082787267,0.210666599317,1716
O13:Coculture:F13:5-FU,O13,joint,exact_fixed_budget,10,0.00813091102409,1,0.0658223250994,0.214652552945,1716
O13:Coculture:F13:5-FU,O13,joint,exact_fixed_budget,11,0.00796951348553,1,0.0628241671311,0.217650710913,1287
O13:Coculture:F13:5-FU,O13,joint,exact_fixed_budget,12,0.00752211243669,1,0.0603459793496,0.220128898694,715
O13:Coculture:F13:5-FU,O13,joint,exact_fixed_budget,13,0.00799564471316,1,0.0585449552484,0.221929922796,286
O13:Coculture:F13:5-FU,O13,joint,exact_fixed_budget,14,0.0080143106589,1,0.0568102647443,0.2236646133,78
O13:Coculture:F13:5-FU,O13,joint,exact_fixed_budget,15,0.00861274580044,1,0.0553952476741,0.22507963037,13
O13:Coculture:F13:5-FU,O13,joint,exact_fixed_budget,16,0.00861918154658,1,0.0542476662103,0.226227211834,1
O13:Coculture:F13:5-FU,O13,diagonal,exact_fixed_budget,3,0.0299579698628,1,0.267019887966,0,1
O13:Coculture:F13:5-FU,O13,diagonal,exact_fixed_budget,4,0.0202285635293,1,0.129217436396,0.137802451569,13
O13:Coculture:F13:5-FU,O13,diagonal,exact_fixed_budget,5,0.00916352577695,1,0.097680074483,0.169339813483,78
O13:Coculture:F13:5-FU,O13,diagonal,exact_fixed_budget,6,0.0185479867136,1,0.0821925512078,0.184827336758,286
O13:Coculture:F13:5-FU,O13,diagonal,exact_fixed_budget,7,0.0105817998289,1,0.070965580188,0.196054307778,715
O13:Coculture:F13:5-FU,O13,diagonal,exact_fixed_budget,8,0.0124562246869,1,0.0622947771021,0.204725110864,1287
O13:Coculture:F13:5-FU,O13,diagonal,exact_fixed_budget,9,0.0148206417786,1,0.05631538607,0.210704501896,1716
O13:Coculture:F13:5-FU,O13,diagonal,exact_fixed_budget,10,0.012474304024,1,0.0515810676561,0.21543882031,1716
O13:Coculture:F13:5-FU,O13,diagonal,exact_fixed_budget,11,0.0118271085505,1,0.0473575768087,0.219662311157,1287
O13:Coculture:F13:5-FU,O13,diagonal,exact_fixed_budget,12,0.0113295441683,1,0.0444115049677,0.222608382998,715
O13:Coculture:F13:5-FU,O13,diagonal,exact_fixed_budget,13,0.00786507368971,1,0.0417022576297,0.225317630336,286
O13:Coculture:F13:5-FU,O13,diagonal,exact_fixed_budget,14,0.00813212551796,1,0.0392273519641,0.227792536002,78
O13:Coculture:F13:5-FU,O13,diagonal,exact_fixed_budget,15,0.00860941077099,1,0.0381875006347,0.228832387331,13
O13:Coculture:F13:5-FU,O13,diagonal,exact_fixed_budget,16,0.00860941077099,1,0.0381875006347,0.228832387331,1
O13:Coculture:F13:Oxa,O13,joint,exact_fixed_budget,3,0.103733061143,1,0.280474878044,0,1
O13:Coculture:F13:Oxa,O13,joint,exact_fixed_budget,4,0.0315301028486,1,0.138036664512,0.142438213532,13
O13:Coculture:F13:Oxa,O13,joint,exact_fixed_budget,5,0.0391719467635,1,0.113205720394,0.16726915765,78
O13:Coculture:F13:Oxa,O13,joint,exact_fixed_budget,6,0.0401208544821,1,0.0914189699242,0.18905590812,286
O13:Coculture:F13:Oxa,O13,joint,exact_fixed_budget,7,0.0220552089271,1,0.0823127632634,0.19816211478,715
O13:Coculture:F13:Oxa,O13,joint,exact_fixed_budget,8,0.0239193552475,1,0.0745004708825,0.205974407161,1287
O13:Coculture:F13:Oxa,O13,joint,exact_fixed_budget,9,0.0233839709144,1,0.0698082787267,0.210666599317,1716
O13:Coculture:F13:Oxa,O13,joint,exact_fixed_budget,10,0.0206703145429,1,0.0658223250994,0.214652552945,1716
O13:Coculture:F13:Oxa,O13,joint,exact_fixed_budget,11,0.0192661452019,1,0.0628241671311,0.217650710913,1287
O13:Coculture:F13:Oxa,O13,joint,exact_fixed_budget,12,0.0184450505813,1,0.0603459793496,0.220128898694,715
O13:Coculture:F13:Oxa,O13,joint,exact_fixed_budget,13,0.0145581738208,1,0.0585449552484,0.221929922796,286
O13:Coculture:F13:Oxa,O13,joint,exact_fixed_budget,14,0.0141876875491,1,0.0568102647443,0.2236646133,78
O13:Coculture:F13:Oxa,O13,joint,exact_fixed_budget,15,0.0144250403112,1,0.0553952476741,0.22507963037,13
O13:Coculture:F13:Oxa,O13,joint,exact_fixed_budget,16,0.0141314754027,1,0.0542476662103,0.226227211834,1
O13:Coculture:F13:Oxa,O13,diagonal,exact_fixed_budget,3,0.116561403182,1,0.267019887966,0,1
O13:Coculture:F13:Oxa,O13,diagonal,exact_fixed_budget,4,0.0316851106725,1,0.129217436396,0.137802451569,13
O13:Coculture:F13:Oxa,O13,diagonal,exact_fixed_budget,5,0.0592059162536,1,0.097680074483,0.169339813483,78
O13:Coculture:F13:Oxa,O13,diagonal,exact_fixed_budget,6,0.026460047087,1,0.0821925512078,0.184827336758,286
O13:Coculture:F13:Oxa,O13,diagonal,exact_fixed_budget,7,0.029862178034,1,0.070965580188,0.196054307778,715
O13:Coculture:F13:Oxa,O13,diagonal,exact_fixed_budget,8,0.0383622982286,1,0.0622947771021,0.204725110864,1287
O13:Coculture:F13:Oxa,O13,diagonal,exact_fixed_budget,9,0.0289973822522,1,0.05631538607,0.210704501896,1716
O13:Coculture:F13:Oxa,O13,diagonal,exact_fixed_budget,10,0.0246273375379,1,0.0515810676561,0.21543882031,1716
O13:Coculture:F13:Oxa,O13,diagonal,exact_fixed_budget,11,0.0238775379091,1,0.0473575768087,0.219662311157,1287
O13:Coculture:F13:Oxa,O13,diagonal,exact_fixed_budget,12,0.0244074137529,1,0.0444115049677,0.222608382998,715
O13:Coculture:F13:Oxa,O13,diagonal,exact_fixed_budget,13,0.0166672422024,1,0.0417022576297,0.225317630336,286
O13:Coculture:F13:Oxa,O13,diagonal,exact_fixed_budget,14,0.015919499659,1,0.0392273519641,0.227792536002,78
O13:Coculture:F13:Oxa,O13,diagonal,exact_fixed_budget,15,0.0151039158048,1,0.0381875006347,0.228832387331,13
O13:Coculture:F13:Oxa,O13,diagonal,exact_fixed_budget,16,0.0151039158048,1,0.0381875006347,0.228832387331,1
O13:Coculture:F13:SN-38,O13,joint,exact_fixed_budget,3,0.195012667476,1,0.277257611944,0,1
O13:Coculture:F13:SN-38,O13,joint,exact_fixed_budget,4,0.106092042907,1,0.141986636129,0.135270975815,13
O13:Coculture:F13:SN-38,O13,joint,exact_fixed_budget,5,0.0737685703314,1,0.117377687616,0.159879924328,78
O13:Coculture:F13:SN-38,O13,joint,exact_fixed_budget,6,0.0238161767672,1,0.0930408830139,0.18421672893,286
O13:Coculture:F13:SN-38,O13,joint,exact_fixed_budget,7,0.0262143108356,1,0.0842845487245,0.19297306322,715
O13:Coculture:F13:SN-38,O13,joint,exact_fixed_budget,8,0.022594953031,1,0.0767994229069,0.200458189037,1287
O13:Coculture:F13:SN-38,O13,joint,exact_fixed_budget,9,0.020801756798,1,0.0720229370302,0.205234674914,1716
O13:Coculture:F13:SN-38,O13,joint,exact_fixed_budget,10,0.0131032358731,1,0.068255369939,0.209002242005,1716
O13:Coculture:F13:SN-38,O13,joint,exact_fixed_budget,11,0.013111245917,1,0.0652521460081,0.212005465936,1287
O13:Coculture:F13:SN-38,O13,joint,exact_fixed_budget,12,0.0121389397136,1,0.0624196615889,0.214837950355,715
O13:Coculture:F13:SN-38,O13,joint,exact_fixed_budget,13,0.010959271221,1,0.060736743078,0.216520868866,286
O13:Coculture:F13:SN-38,O13,joint,exact_fixed_budget,14,0.0106944720161,1,0.059065720296,0.218191891648,78
O13:Coculture:F13:SN-38,O13,joint,exact_fixed_budget,15,0.0109275434312,1,0.057537335827,0.219720276117,13
O13:Coculture:F13:SN-38,O13,joint,exact_fixed_budget,16,0.0110871291756,1,0.0564133585507,0.220844253393,1
O13:Coculture:F13:SN-38,O13,diagonal,exact_fixed_budget,3,0.158033361475,1,0.260990994904,0,1
O13:Coculture:F13:SN-38,O13,diagonal,exact_fixed_budget,4,0.0768421775654,1,0.129151237072,0.131839757832,13
O13:Coculture:F13:SN-38,O13,diagonal,exact_fixed_budget,5,0.0270241161647,1,0.0976331423158,0.163357852588,78
O13:Coculture:F13:SN-38,O13,diagonal,exact_fixed_budget,6,0.0317373887083,1,0.0824541824899,0.178536812414,286
O13:Coculture:F13:SN-38,O13,diagonal,exact_fixed_budget,7,0.0277824480154,1,0.0712880117184,0.189702983185,715
O13:Coculture:F13:SN-38,O13,diagonal,exact_fixed_budget,8,0.0232312557475,1,0.0628129694369,0.198178025467,1287
O13:Coculture:F13:SN-38,O13,diagonal,exact_fixed_budget,9,0.0187638680172,1,0.0569733789787,0.204017615925,1716
O13:Coculture:F13:SN-38,O13,diagonal,exact_fixed_budget,10,0.0199985080331,1,0.0520441460796,0.208946848824,1716
O13:Coculture:F13:SN-38,O13,diagonal,exact_fixed_budget,11,0.0171790018203,1,0.0476825394107,0.213308455493,1287
O13:Coculture:F13:SN-38,O13,diagonal,exact_fixed_budget,12,0.0169558872463,1,0.0446661243149,0.216324870589,715
O13:Coculture:F13:SN-38,O13,diagonal,exact_fixed_budget,13,0.017092738001,1,0.0418890993682,0.219101895535,286
O13:Coculture:F13:SN-38,O13,diagonal,exact_fixed_budget,14,0.0168141315838,1,0.0394667818013,0.221524213102,78
O13:Coculture:F13:SN-38,O13,diagonal,exact_fixed_budget,15,0.0164964108691,1,0.0380725066289,0.222918488275,13
O13:Coculture:F13:SN-38,O13,diagonal,exact_fixed_budget,16,0.0164964108691,1,0.0380725066289,0.222918488275,1
O13:Monoculture::Gef,O13,joint,exact_fixed_budget,3,0.73681742761,0.857142857143,0.28870561731,0,1
O13:Monoculture::Gef,O13,joint,exact_fixed_budget,4,0.639222195484,0.857142857143,0.133129620768,0.155575996543,13
O13:Monoculture::Gef,O13,joint,exact_fixed_budget,5,0.594162635381,0.857142857143,0.10657549529,0.18213012202,78
O13:Monoculture::Gef,O13,joint,exact_fixed_budget,6,0.684851596083,0.857142857143,0.088917258725,0.199788358586,286
O13:Monoculture::Gef,O13,joint,exact_fixed_budget,7,0.794628375678,0.857142857143,0.0790185914789,0.209687025832,715
O13:Monoculture::Gef,O13,joint,exact_fixed_budget,8,0.779890961757,0.857142857143,0.0714097576622,0.217295859648,1287
O13:Monoculture::Gef,O13,joint,exact_fixed_budget,9,0.787236074812,0.857142857143,0.0662182213605,0.22248739595,1716
O13:Monoculture::Gef,O13,joint,exact_fixed_budget,10,0.71386903847,0.857142857143,0.0622382543016,0.226467363009,1716
O13:Monoculture::Gef,O13,joint,exact_fixed_budget,11,0.706932391662,0.857142857143,0.059213700639,0.229491916671,1287
O13:Monoculture::Gef,O13,joint,exact_fixed_budget,12,0.683790774684,0.857142857143,0.0568906482353,0.231814969075,715
O13:Monoculture::Gef,O13,joint,exact_fixed_budget,13,0.676917874673,0.857142857143,0.0547695408573,0.233936076453,286
O13:Monoculture::Gef,O13,joint,exact_fixed_budget,14,0.689713196913,0.857142857143,0.0528527847747,0.235852832536,78
O13:Monoculture::Gef,O13,joint,exact_fixed_budget,15,0.688016979838,0.857142857143,0.0511999068445,0.237505710466,13
O13:Monoculture::Gef,O13,joint,exact_fixed_budget,16,0.681231707264,0.857142857143,0.0499574589007,0.23874815841,1
O13:Monoculture::Gef,O13,diagonal,exact_fixed_budget,3,0.763995847829,0.857142857143,0.280588225278,0,1
O13:Monoculture::Gef,O13,diagonal,exact_fixed_budget,4,0.682573894415,0.857142857143,0.130316967756,0.150271257522,13
O13:Monoculture::Gef,O13,diagonal,exact_fixed_budget,5,0.622629817969,0.857142857143,0.0981364215616,0.182451803717,78
O13:Monoculture::Gef,O13,diagonal,exact_fixed_budget,6,0.682995527399,0.857142857143,0.0816837015584,0.19890452372,286
O13:Monoculture::Gef,O13,diagonal,exact_fixed_budget,7,0.684380854918,0.857142857143,0.070481539631,0.210106685647,715
O13:Monoculture::Gef,O13,diagonal,exact_fixed_budget,8,0.638180990972,0.857142857143,0.0616035508859,0.218984674392,1287
O13:Monoculture::Gef,O13,diagonal,exact_fixed_budget,9,0.649689016304,0.857142857143,0.0552987596725,0.225289465606,1716
O13:Monoculture::Gef,O13,diagonal,exact_fixed_budget,10,0.653666362242,0.857142857143,0.050448058291,0.230140166987,1716
O13:Monoculture::Gef,O13,diagonal,exact_fixed_budget,11,0.632564913979,0.857142857143,0.0465111599213,0.234077065357,1287
O13:Monoculture::Gef,O13,diagonal,exact_fixed_budget,12,0.650572465873,0.857142857143,0.0434671400405,0.237121085238,715
O13:Monoculture::Gef,O13,diagonal,exact_fixed_budget,13,0.654093141206,0.857142857143,0.0407281522897,0.239860072988,286
O13:Monoculture::Gef,O13,diagonal,exact_fixed_budget,14,0.641814894778,0.857142857143,0.0384007525803,0.242187472698,78
O13:Monoculture::Gef,O13,diagonal,exact_fixed_budget,15,0.646445657885,0.857142857143,0.0378450099172,0.242743215361,13
O13:Monoculture::Gef,O13,diagonal,exact_fixed_budget,16,0.646445657885,0.857142857143,0.0378450099172,0.242743215361,1
O14:Coculture:F06:Gef,O14,joint,exact_fixed_budget,3,0.150310725896,1,0.28870561731,0,1
O14:Coculture:F06:Gef,O14,joint,exact_fixed_budget,4,0.0378734429423,1,0.133129620768,0.155575996543,13
O14:Coculture:F06:Gef,O14,joint,exact_fixed_budget,5,0.0400745231623,1,0.10657549529,0.18213012202,78
O14:Coculture:F06:Gef,O14,joint,exact_fixed_budget,6,0.048712833788,1,0.088917258725,0.199788358586,286
O14:Coculture:F06:Gef,O14,joint,exact_fixed_budget,7,0.0455194206696,1,0.0790185914789,0.209687025832,715
O14:Coculture:F06:Gef,O14,joint,exact_fixed_budget,8,0.043744743962,1,0.0714097576622,0.217295859648,1287
O14:Coculture:F06:Gef,O14,joint,exact_fixed_budget,9,0.0488065060041,1,0.0662182213605,0.22248739595,1716
O14:Coculture:F06:Gef,O14,joint,exact_fixed_budget,10,0.0504718073218,1,0.0622382543016,0.226467363009,1716
O14:Coculture:F06:Gef,O14,joint,exact_fixed_budget,11,0.0501869023943,1,0.059213700639,0.229491916671,1287
O14:Coculture:F06:Gef,O14,joint,exact_fixed_budget,12,0.0487581738427,1,0.0568906482353,0.231814969075,715
O14:Coculture:F06:Gef,O14,joint,exact_fixed_budget,13,0.0462639050657,1,0.0547695408573,0.233936076453,286
O14:Coculture:F06:Gef,O14,joint,exact_fixed_budget,14,0.0443548191686,1,0.0528527847747,0.235852832536,78
O14:Coculture:F06:Gef,O14,joint,exact_fixed_budget,15,0.0434669630349,1,0.0511999068445,0.237505710466,13
O14:Coculture:F06:Gef,O14,joint,exact_fixed_budget,16,0.0433159889684,1,0.0499574589007,0.23874815841,1
O14:Coculture:F06:Gef,O14,diagonal,exact_fixed_budget,3,0.126326787218,1,0.280588225278,0,1
O14:Coculture:F06:Gef,O14,diagonal,exact_fixed_budget,4,0.0391583652047,1,0.130316967756,0.150271257522,13
O14:Coculture:F06:Gef,O14,diagonal,exact_fixed_budget,5,0.0434719699936,1,0.0981364215616,0.182451803717,78
O14:Coculture:F06:Gef,O14,diagonal,exact_fixed_budget,6,0.0464327276154,1,0.0816837015584,0.19890452372,286
O14:Coculture:F06:Gef,O14,diagonal,exact_fixed_budget,7,0.0487384163509,1,0.070481539631,0.210106685647,715
O14:Coculture:F06:Gef,O14,diagonal,exact_fixed_budget,8,0.0554633192575,1,0.0616035508859,0.218984674392,1287
O14:Coculture:F06:Gef,O14,diagonal,exact_fixed_budget,9,0.0553699665845,1,0.0552987596725,0.225289465606,1716
O14:Coculture:F06:Gef,O14,diagonal,exact_fixed_budget,10,0.0562162390903,1,0.050448058291,0.230140166987,1716
O14:Coculture:F06:Gef,O14,diagonal,exact_fixed_budget,11,0.0597887183262,1,0.0465111599213,0.234077065357,1287
O14:Coculture:F06:Gef,O14,diagonal,exact_fixed_budget,12,0.052575030908,1,0.0434671400405,0.237121085238,715
O14:Coculture:F06:Gef,O14,diagonal,exact_fixed_budget,13,0.0533584811732,1,0.0407281522897,0.239860072988,286
O14:Coculture:F06:Gef,O14,diagonal,exact_fixed_budget,14,0.0550734986609,1,0.0384007525803,0.242187472698,78
O14:Coculture:F06:Gef,O14,diagonal,exact_fixed_budget,15,0.0547766450776,1,0.0378450099172,0.242743215361,13
O14:Coculture:F06:Gef,O14,diagonal,exact_fixed_budget,16,0.0547766450776,1,0.0378450099172,0.242743215361,1
O14:Coculture:F06:Oxa,O14,joint,exact_fixed_budget,3,0.0718697059522,1,0.280474878044,0,1
O14:Coculture:F06:Oxa,O14,joint,exact_fixed_budget,4,0.0611788544842,1,0.138036664512,0.142438213532,13
O14:Coculture:F06:Oxa,O14,joint,exact_fixed_budget,5,0.0434481547713,1,0.113205720394,0.16726915765,78
O14:Coculture:F06:Oxa,O14,joint,exact_fixed_budget,6,0.039925629586,1,0.0914189699242,0.18905590812,286
O14:Coculture:F06:Oxa,O14,joint,exact_fixed_budget,7,0.048139324356,1,0.0823127632634,0.19816211478,715
O14:Coculture:F06:Oxa,O14,joint,exact_fixed_budget,8,0.0445536629506,1,0.0745004708825,0.205974407161,1287
O14:Coculture:F06:Oxa,O14,joint,exact_fixed_budget,9,0.0431394309477,1,0.0698082787267,0.210666599317,1716
O14:Coculture:F06:Oxa,O14,joint,exact_fixed_budget,10,0.0280818710988,1,0.0658223250994,0.214652552945,1716
O14:Coculture:F06:Oxa,O14,joint,exact_fixed_budget,11,0.0276157622398,1,0.0628241671311,0.217650710913,1287
O14:Coculture:F06:Oxa,O14,joint,exact_fixed_budget,12,0.0300180996014,1,0.0603459793496,0.220128898694,715
O14:Coculture:F06:Oxa,O14,joint,exact_fixed_budget,13,0.0293387388582,1,0.0585449552484,0.221929922796,286
O14:Coculture:F06:Oxa,O14,joint,exact_fixed_budget,14,0.0254418783523,1,0.0568102647443,0.2236646133,78
O14:Coculture:F06:Oxa,O14,joint,exact_fixed_budget,15,0.0253720360387,1,0.0553952476741,0.22507963037,13
O14:Coculture:F06:Oxa,O14,joint,exact_fixed_budget,16,0.0232576720572,1,0.0542476662103,0.226227211834,1
O14:Coculture:F06:Oxa,O14,diagonal,exact_fixed_budget,3,0.080792770884,1,0.267019887966,0,1
O14:Coculture:F06:Oxa,O14,diagonal,exact_fixed_budget,4,0.0703792215075,1,0.129217436396,0.137802451569,13
O14:Coculture:F06:Oxa,O14,diagonal,exact_fixed_budget,5,0.0418475075292,1,0.097680074483,0.169339813483,78
O14:Coculture:F06:Oxa,O14,diagonal,exact_fixed_budget,6,0.0551696412322,1,0.0821925512078,0.184827336758,286
O14:Coculture:F06:Oxa,O14,diagonal,exact_fixed_budget,7,0.0427307138142,1,0.070965580188,0.196054307778,715
O14:Coculture:F06:Oxa,O14,diagonal,exact_fixed_budget,8,0.02545744303,1,0.0622947771021,0.204725110864,1287
O14:Coculture:F06:Oxa,O14,diagonal,exact_fixed_budget,9,0.0326889446417,1,0.05631538607,0.210704501896,1716
O14:Coculture:F06:Oxa,O14,diagonal,exact_fixed_budget,10,0.0255245408607,1,0.0515810676561,0.21543882031,1716
O14:Coculture:F06:Oxa,O14,diagonal,exact_fixed_budget,11,0.0258803021127,1,0.0473575768087,0.219662311157,1287
O14:Coculture:F06:Oxa,O14,diagonal,exact_fixed_budget,12,0.0276355346045,1,0.0444115049677,0.222608382998,715
O14:Coculture:F06:Oxa,O14,diagonal,exact_fixed_budget,13,0.0293812187271,1,0.0417022576297,0.225317630336,286
O14:Coculture:F06:Oxa,O14,diagonal,exact_fixed_budget,14,0.0275656720069,1,0.0392273519641,0.227792536002,78
O14:Coculture:F06:Oxa,O14,diagonal,exact_fixed_budget,15,0.0268910513453,1,0.0381875006347,0.228832387331,13
O14:Coculture:F06:Oxa,O14,diagonal,exact_fixed_budget,16,0.0268910513453,1,0.0381875006347,0.228832387331,1
O14:Coculture:F06:SN-38,O14,joint,exact_fixed_budget,3,0.866229660419,0.714285714286,0.277257611944,0,1
O14:Coculture:F06:SN-38,O14,joint,exact_fixed_budget,4,0.139140826069,1,0.141986636129,0.135270975815,13
O14:Coculture:F06:SN-38,O14,joint,exact_fixed_budget,5,0.119977161621,1,0.117377687616,0.159879924328,78
O14:Coculture:F06:SN-38,O14,joint,exact_fixed_budget,6,0.114995131919,1,0.0930408830139,0.18421672893,286
O14:Coculture:F06:SN-38,O14,joint,exact_fixed_budget,7,0.0700317279438,1,0.0842845487245,0.19297306322,715
O14:Coculture:F06:SN-38,O14,joint,exact_fixed_budget,8,0.100910136407,1,0.0767994229069,0.200458189037,1287
O14:Coculture:F06:SN-38,O14,joint,exact_fixed_budget,9,0.148025094749,1,0.0720229370302,0.205234674914,1716
O14:Coculture:F06:SN-38,O14,joint,exact_fixed_budget,10,0.0679479429605,1,0.068255369939,0.209002242005,1716
O14:Coculture:F06:SN-38,O14,joint,exact_fixed_budget,11,0.0575104722215,1,0.0652521460081,0.212005465936,1287
O14:Coculture:F06:SN-38,O14,joint,exact_fixed_budget,12,0.0875544012488,1,0.0624196615889,0.214837950355,715
O14:Coculture:F06:SN-38,O14,joint,exact_fixed_budget,13,0.0794939818781,1,0.060736743078,0.216520868866,286
O14:Coculture:F06:SN-38,O14,joint,exact_fixed_budget,14,0.072028389604,1,0.059065720296,0.218191891648,78
O14:Coculture:F06:SN-38,O14,joint,exact_fixed_budget,15,0.0746330329741,1,0.057537335827,0.219720276117,13
O14:Coculture:F06:SN-38,O14,joint,exact_fixed_budget,16,0.0697150268665,1,0.0564133585507,0.220844253393,1
O14:Coculture:F06:SN-38,O14,diagonal,exact_fixed_budget,3,0.907101054938,0.571428571429,0.260990994904,0,1
O14:Coculture:F06:SN-38,O14,diagonal,exact_fixed_budget,4,0.20974665999,1,0.129151237072,0.131839757832,13
O14:Coculture:F06:SN-38,O14,diagonal,exact_fixed_budget,5,0.210146021185,1,0.0976331423158,0.163357852588,78
O14:Coculture:F06:SN-38,O14,diagonal,exact_fixed_budget,6,0.144621249667,1,0.0824541824899,0.178536812414,286
O14:Coculture:F06:SN-38,O14,diagonal,exact_fixed_budget,7,0.189920023756,1,0.0712880117184,0.189702983185,715
O14:Coculture:F06:SN-38,O14,diagonal,exact_fixed_budget,8,0.249711440289,0.857142857143,0.0628129694369,0.198178025467,1287
O14:Coculture:F06:SN-38,O14,diagonal,exact_fixed_budget,9,0.140501237565,1,0.0569733789787,0.204017615925,1716
O14:Coculture:F06:SN-38,O14,diagonal,exact_fixed_budget,10,0.21175866978,1,0.0520441460796,0.208946848824,1716
O14:Coculture:F06:SN-38,O14,diagonal,exact_fixed_budget,11,0.171624754938,1,0.0476825394107,0.213308455493,1287
O14:Coculture:F06:SN-38,O14,diagonal,exact_fixed_budget,12,0.129104664017,1,0.0446661243149,0.216324870589,715
O14:Coculture:F06:SN-38,O14,diagonal,exact_fixed_budget,13,0.171617404682,1,0.0418890993682,0.219101895535,286
O14:Coculture:F06:SN-38,O14,diagonal,exact_fixed_budget,14,0.15470975294,1,0.0394667818013,0.221524213102,78
O14:Coculture:F06:SN-38,O14,diagonal,exact_fixed_budget,15,0.161747224329,1,0.0380725066289,0.222918488275,13
O14:Coculture:F06:SN-38,O14,diagonal,exact_fixed_budget,16,0.161747224329,1,0.0380725066289,0.222918488275,1
O14:Coculture:F11:5-FU,O14,joint,exact_fixed_budget,3,0.027596376351,1,0.280474878044,0,1
O14:Coculture:F11:5-FU,O14,joint,exact_fixed_budget,4,0.0853041441457,1,0.138036664512,0.142438213532,13
O14:Coculture:F11:5-FU,O14,joint,exact_fixed_budget,5,0.0520238242543,1,0.113205720394,0.16726915765,78
O14:Coculture:F11:5-FU,O14,joint,exact_fixed_budget,6,0.045515509299,1,0.0914189699242,0.18905590812,286
O14:Coculture:F11:5-FU,O14,joint,exact_fixed_budget,7,0.0391746098892,1,0.0823127632634,0.19816211478,715
O14:Coculture:F11:5-FU,O14,joint,exact_fixed_budget,8,0.0494605274745,1,0.0745004708825,0.205974407161,1287
O14:Coculture:F11:5-FU,O14,joint,exact_fixed_budget,9,0.0358321742034,1,0.0698082787267,0.210666599317,1716
O14:Coculture:F11:5-FU,O14,joint,exact_fixed_budget,10,0.035334955041,1,0.0658223250994,0.214652552945,1716
O14:Coculture:F11:5-FU,O14,joint,exact_fixed_budget,11,0.0546881876107,1,0.0628241671311,0.217650710913,1287
O14:Coculture:F11:5-FU,O14,joint,exact_fixed_budget,12,0.0535141106608,1,0.0603459793496,0.220128898694,715
O14:Coculture:F11:5-FU,O14,joint,exact_fixed_budget,13,0.0345398029713,1,0.0585449552484,0.221929922796,286
O14:Coculture:F11:5-FU,O14,joint,exact_fixed_budget,14,0.048528726631,1,0.0568102647443,0.2236646133,78
O14:Coculture:F11:5-FU,O14,joint,exact_fixed_budget,15,0.0435120163233,1,0.0553952476741,0.22507963037,13
O14:Coculture:F11:5-FU,O14,joint,exact_fixed_budget,16,0.0436754897838,1,0.0542476662103,0.226227211834,1
O14:Coculture:F11:5-FU,O14,diagonal,exact_fixed_budget,3,0.0329106661275,1,0.267019887966,0,1
O14:Coculture:F11:5-FU,O14,diagonal,exact_fixed_budget,4,0.070486506163,1,0.129217436396,0.137802451569,13
O14:Coculture:F11:5-FU,O14,diagonal,exact_fixed_budget,5,0.0400971849302,1,0.097680074483,0.169339813483,78
O14:Coculture:F11:5-FU,O14,diagonal,exact_fixed_budget,6,0.0389552024382,1,0.0821925512078,0.184827336758,286
O14:Coculture:F11:5-FU,O14,diagonal,exact_fixed_budget,7,0.0482056899505,1,0.070965580188,0.196054307778,715
O14:Coculture:F11:5-FU,O14,diagonal,exact_fixed_budget,8,0.0519266832685,1,0.0622947771021,0.204725110864,1287
O14:Coculture:F11:5-FU,O14,diagonal,exact_fixed_budget,9,0.0323772275997,1,0.05631538607,0.210704501896,1716
O14:Coculture:F11:5-FU,O14,diagonal,exact_fixed_budget,10,0.0485079517095,1,0.0515810676561,0.21543882031,1716
O14:Coculture:F11:5-FU,O14,diagonal,exact_fixed_budget,11,0.0431452668298,1,0.0473575768087,0.219662311157,1287
O14:Coculture:F11:5-FU,O14,diagonal,exact_fixed_budget,12,0.0414677327973,1,0.0444115049677,0.222608382998,715
O14:Coculture:F11:5-FU,O14,diagonal,exact_fixed_budget,13,0.0404870147862,1,0.0417022576297,0.225317630336,286
O14:Coculture:F11:5-FU,O14,diagonal,exact_fixed_budget,14,0.0400200560226,1,0.0392273519641,0.227792536002,78
O14:Coculture:F11:5-FU,O14,diagonal,exact_fixed_budget,15,0.0428309510291,1,0.0381875006347,0.228832387331,13
O14:Coculture:F11:5-FU,O14,diagonal,exact_fixed_budget,16,0.0428309510291,1,0.0381875006347,0.228832387331,1
O14:Coculture:F11:Oxa,O14,joint,exact_fixed_budget,3,0.0711929618153,1,0.280474878044,0,1
O14:Coculture:F11:Oxa,O14,joint,exact_fixed_budget,4,0.0377572595216,1,0.138036664512,0.142438213532,13
O14:Coculture:F11:Oxa,O14,joint,exact_fixed_budget,5,0.0216779515104,1,0.113205720394,0.16726915765,78
O14:Coculture:F11:Oxa,O14,joint,exact_fixed_budget,6,0.0217261575772,1,0.0914189699242,0.18905590812,286
O14:Coculture:F11:Oxa,O14,joint,exact_fixed_budget,7,0.0234941098309,1,0.0823127632634,0.19816211478,715
O14:Coculture:F11:Oxa,O14,joint,exact_fixed_budget,8,0.0220192331565,1,0.0745004708825,0.205974407161,1287
O14:Coculture:F11:Oxa,O14,joint,exact_fixed_budget,9,0.021642330676,1,0.0698082787267,0.210666599317,1716
O14:Coculture:F11:Oxa,O14,joint,exact_fixed_budget,10,0.0189696547733,1,0.0658223250994,0.214652552945,1716
O14:Coculture:F11:Oxa,O14,joint,exact_fixed_budget,11,0.0223186939541,1,0.0628241671311,0.217650710913,1287
O14:Coculture:F11:Oxa,O14,joint,exact_fixed_budget,12,0.0221389733773,1,0.0603459793496,0.220128898694,715
O14:Coculture:F11:Oxa,O14,joint,exact_fixed_budget,13,0.025221007931,1,0.0585449552484,0.221929922796,286
O14:Coculture:F11:Oxa,O14,joint,exact_fixed_budget,14,0.028571026949,1,0.0568102647443,0.2236646133,78
O14:Coculture:F11:Oxa,O14,joint,exact_fixed_budget,15,0.0279247519281,1,0.0553952476741,0.22507963037,13
O14:Coculture:F11:Oxa,O14,joint,exact_fixed_budget,16,0.0265321836572,1,0.0542476662103,0.226227211834,1
O14:Coculture:F11:Oxa,O14,diagonal,exact_fixed_budget,3,0.071589746507,1,0.267019887966,0,1
O14:Coculture:F11:Oxa,O14,diagonal,exact_fixed_budget,4,0.0402115845228,1,0.129217436396,0.137802451569,13
O14:Coculture:F11:Oxa,O14,diagonal,exact_fixed_budget,5,0.0272975559774,1,0.097680074483,0.169339813483,78
O14:Coculture:F11:Oxa,O14,diagonal,exact_fixed_budget,6,0.0283559389714,1,0.0821925512078,0.184827336758,286
O14:Coculture:F11:Oxa,O14,diagonal,exact_fixed_budget,7,0.0250856733509,1,0.070965580188,0.196054307778,715
O14:Coculture:F11:Oxa,O14,diagonal,exact_fixed_budget,8,0.0379405401439,1,0.0622947771021,0.204725110864,1287
O14:Coculture:F11:Oxa,O14,diagonal,exact_fixed_budget,9,0.022539137641,1,0.05631538607,0.210704501896,1716
O14:Coculture:F11:Oxa,O14,diagonal,exact_fixed_budget,10,0.0259667089914,1,0.0515810676561,0.21543882031,1716
O14:Coculture:F11:Oxa,O14,diagonal,exact_fixed_budget,11,0.026058182138,1,0.0473575768087,0.219662311157,1287
O14:Coculture:F11:Oxa,O14,diagonal,exact_fixed_budget,12,0.0252717010615,1,0.0444115049677,0.222608382998,715
O14:Coculture:F11:Oxa,O14,diagonal,exact_fixed_budget,13,0.0322595967051,1,0.0417022576297,0.225317630336,286
O14:Coculture:F11:Oxa,O14,diagonal,exact_fixed_budget,14,0.0315558541399,1,0.0392273519641,0.227792536002,78
O14:Coculture:F11:Oxa,O14,diagonal,exact_fixed_budget,15,0.0325367960879,1,0.0381875006347,0.228832387331,13
O14:Coculture:F11:Oxa,O14,diagonal,exact_fixed_budget,16,0.0325367960879,1,0.0381875006347,0.228832387331,1
O14:Coculture:F11:SN-38,O14,joint,exact_fixed_budget,3,0.770279225948,0.857142857143,0.277257611944,0,1
O14:Coculture:F11:SN-38,O14,joint,exact_fixed_budget,4,0.294397541465,0.857142857143,0.141986636129,0.135270975815,13
O14:Coculture:F11:SN-38,O14,joint,exact_fixed_budget,5,0.211315053883,1,0.117377687616,0.159879924328,78
O14:Coculture:F11:SN-38,O14,joint,exact_fixed_budget,6,0.118698306887,1,0.0930408830139,0.18421672893,286
O14:Coculture:F11:SN-38,O14,joint,exact_fixed_budget,7,0.151469694448,1,0.0842845487245,0.19297306322,715
O14:Coculture:F11:SN-38,O14,joint,exact_fixed_budget,8,0.115887270685,1,0.0767994229069,0.200458189037,1287
O14:Coculture:F11:SN-38,O14,joint,exact_fixed_budget,9,0.051990427008,1,0.0720229370302,0.205234674914,1716
O14:Coculture:F11:SN-38,O14,joint,exact_fixed_budget,10,0.0720294472848,1,0.068255369939,0.209002242005,1716
O14:Coculture:F11:SN-38,O14,joint,exact_fixed_budget,11,0.090292834694,1,0.0652521460081,0.212005465936,1287
O14:Coculture:F11:SN-38,O14,joint,exact_fixed_budget,12,0.0589550752561,1,0.0624196615889,0.214837950355,715
O14:Coculture:F11:SN-38,O14,joint,exact_fixed_budget,13,0.0589125511927,1,0.060736743078,0.216520868866,286
O14:Coculture:F11:SN-38,O14,joint,exact_fixed_budget,14,0.0648115885268,1,0.059065720296,0.218191891648,78
O14:Coculture:F11:SN-38,O14,joint,exact_fixed_budget,15,0.0639925746529,1,0.057537335827,0.219720276117,13
O14:Coculture:F11:SN-38,O14,joint,exact_fixed_budget,16,0.0635912432828,1,0.0564133585507,0.220844253393,1
O14:Coculture:F11:SN-38,O14,diagonal,exact_fixed_budget,3,0.79310608026,0.857142857143,0.260990994904,0,1
O14:Coculture:F11:SN-38,O14,diagonal,exact_fixed_budget,4,0.351843430363,0.857142857143,0.129151237072,0.131839757832,13
O14:Coculture:F11:SN-38,O14,diagonal,exact_fixed_budget,5,0.206166479486,1,0.0976331423158,0.163357852588,78
O14:Coculture:F11:SN-38,O14,diagonal,exact_fixed_budget,6,0.245523123879,1,0.0824541824899,0.178536812414,286
O14:Coculture:F11:SN-38,O14,diagonal,exact_fixed_budget,7,0.176933357028,1,0.0712880117184,0.189702983185,715
O14:Coculture:F11:SN-38,O14,diagonal,exact_fixed_budget,8,0.108424691314,1,0.0628129694369,0.198178025467,1287
O14:Coculture:F11:SN-38,O14,diagonal,exact_fixed_budget,9,0.187085703743,1,0.0569733789787,0.204017615925,1716
O14:Coculture:F11:SN-38,O14,diagonal,exact_fixed_budget,10,0.11278579099,1,0.0520441460796,0.208946848824,1716
O14:Coculture:F11:SN-38,O14,diagonal,exact_fixed_budget,11,0.12650375561,1,0.0476825394107,0.213308455493,1287
O14:Coculture:F11:SN-38,O14,diagonal,exact_fixed_budget,12,0.187318692929,1,0.0446661243149,0.216324870589,715
O14:Coculture:F11:SN-38,O14,diagonal,exact_fixed_budget,13,0.126083973645,1,0.0418890993682,0.219101895535,286
O14:Coculture:F11:SN-38,O14,diagonal,exact_fixed_budget,14,0.138152871474,1,0.0394667818013,0.221524213102,78
O14:Coculture:F11:SN-38,O14,diagonal,exact_fixed_budget,15,0.136829476241,1,0.0380725066289,0.222918488275,13
O14:Coculture:F11:SN-38,O14,diagonal,exact_fixed_budget,16,0.136829476241,1,0.0380725066289,0.222918488275,1
O14:Coculture:F14:Gef,O14,joint,exact_fixed_budget,3,0.173241384528,1,0.28870561731,0,1
O14:Coculture:F14:Gef,O14,joint,exact_fixed_budget,4,0.0351883834041,1,0.133129620768,0.155575996543,13
O14:Coculture:F14:Gef,O14,joint,exact_fixed_budget,5,0.0598291364802,1,0.10657549529,0.18213012202,78
O14:Coculture:F14:Gef,O14,joint,exact_fixed_budget,6,0.0453277569,1,0.088917258725,0.199788358586,286
O14:Coculture:F14:Gef,O14,joint,exact_fixed_budget,7,0.0422110089925,1,0.0790185914789,0.209687025832,715
O14:Coculture:F14:Gef,O14,joint,exact_fixed_budget,8,0.0392675012697,1,0.0714097576622,0.217295859648,1287
O14:Coculture:F14:Gef,O14,joint,exact_fixed_budget,9,0.0395141104111,1,0.0662182213605,0.22248739595,1716
O14:Coculture:F14:Gef,O14,joint,exact_fixed_budget,10,0.0428858814893,1,0.0622382543016,0.226467363009,1716
O14:Coculture:F14:Gef,O14,joint,exact_fixed_budget,11,0.0402766258215,1,0.059213700639,0.229491916671,1287
O14:Coculture:F14:Gef,O14,joint,exact_fixed_budget,12,0.040723930183,1,0.0568906482353,0.231814969075,715
O14:Coculture:F14:Gef,O14,joint,exact_fixed_budget,13,0.043177999931,1,0.0547695408573,0.233936076453,286
O14:Coculture:F14:Gef,O14,joint,exact_fixed_budget,14,0.04740198862,1,0.0528527847747,0.235852832536,78
O14:Coculture:F14:Gef,O14,joint,exact_fixed_budget,15,0.0450652796332,1,0.0511999068445,0.237505710466,13
O14:Coculture:F14:Gef,O14,joint,exact_fixed_budget,16,0.0446516157313,1,0.0499574589007,0.23874815841,1
O14:Coculture:F14:Gef,O14,diagonal,exact_fixed_budget,3,0.129179086286,1,0.280588225278,0,1
O14:Coculture:F14:Gef,O14,diagonal,exact_fixed_budget,4,0.0345562238762,1,0.130316967756,0.150271257522,13
O14:Coculture:F14:Gef,O14,diagonal,exact_fixed_budget,5,0.0363799190193,1,0.0981364215616,0.182451803717,78
O14:Coculture:F14:Gef,O14,diagonal,exact_fixed_budget,6,0.0357489674532,1,0.0816837015584,0.19890452372,286
O14:Coculture:F14:Gef,O14,diagonal,exact_fixed_budget,7,0.0341134269976,1,0.070481539631,0.210106685647,715
O14:Coculture:F14:Gef,O14,diagonal,exact_fixed_budget,8,0.0351459598318,1,0.0616035508859,0.218984674392,1287
O14:Coculture:F14:Gef,O14,diagonal,exact_fixed_budget,9,0.0375494456001,1,0.0552987596725,0.225289465606,1716
O14:Coculture:F14:Gef,O14,diagonal,exact_fixed_budget,10,0.0368761423863,1,0.050448058291,0.230140166987,1716
O14:Coculture:F14:Gef,O14,diagonal,exact_fixed_budget,11,0.0382845045662,1,0.0465111599213,0.234077065357,1287
O14:Coculture:F14:Gef,O14,diagonal,exact_fixed_budget,12,0.040726049147,1,0.0434671400405,0.237121085238,715
O14:Coculture:F14:Gef,O14,diagonal,exact_fixed_budget,13,0.0402439541937,1,0.0407281522897,0.239860072988,286
O14:Coculture:F14:Gef,O14,diagonal,exact_fixed_budget,14,0.0398539073227,1,0.0384007525803,0.242187472698,78
O14:Coculture:F14:Gef,O14,diagonal,exact_fixed_budget,15,0.0410903318151,1,0.0378450099172,0.242743215361,13
O14:Coculture:F14:Gef,O14,diagonal,exact_fixed_budget,16,0.0410903318151,1,0.0378450099172,0.242743215361,1
O14:Coculture:F17:Oxa,O14,joint,exact_fixed_budget,3,0.123330587071,1,0.280474878044,0,1
O14:Coculture:F17:Oxa,O14,joint,exact_fixed_budget,4,0.179589310891,1,0.138036664512,0.142438213532,13
O14:Coculture:F17:Oxa,O14,joint,exact_fixed_budget,5,0.05137605974,1,0.113205720394,0.16726915765,78
O14:Coculture:F17:Oxa,O14,joint,exact_fixed_budget,6,0.11840955419,1,0.0914189699242,0.18905590812,286
O14:Coculture:F17:Oxa,O14,joint,exact_fixed_budget,7,0.149023988181,1,0.0823127632634,0.19816211478,715
O14:Coculture:F17:Oxa,O14,joint,exact_fixed_budget,8,0.163908226292,1,0.0745004708825,0.205974407161,1287
O14:Coculture:F17:Oxa,O14,joint,exact_fixed_budget,9,0.105318519299,1,0.0698082787267,0.210666599317,1716
O14:Coculture:F17:Oxa,O14,joint,exact_fixed_budget,10,0.0988529155043,1,0.0658223250994,0.214652552945,1716
O14:Coculture:F17:Oxa,O14,joint,exact_fixed_budget,11,0.0930744380282,1,0.0628241671311,0.217650710913,1287
O14:Coculture:F17:Oxa,O14,joint,exact_fixed_budget,12,0.121351946394,1,0.0603459793496,0.220128898694,715
O14:Coculture:F17:Oxa,O14,joint,exact_fixed_budget,13,0.120555454361,1,0.0585449552484,0.221929922796,286
O14:Coculture:F17:Oxa,O14,joint,exact_fixed_budget,14,0.118221184088,1,0.0568102647443,0.2236646133,78
O14:Coculture:F17:Oxa,O14,joint,exact_fixed_budget,15,0.121116863596,1,0.0553952476741,0.22507963037,13
O14:Coculture:F17:Oxa,O14,joint,exact_fixed_budget,16,0.108329271898,1,0.0542476662103,0.226227211834,1
O14:Coculture:F17:Oxa,O14,diagonal,exact_fixed_budget,3,0.122422056155,1,0.267019887966,0,1
O14:Coculture:F17:Oxa,O14,diagonal,exact_fixed_budget,4,0.184783454525,1,0.129217436396,0.137802451569,13
O14:Coculture:F17:Oxa,O14,diagonal,exact_fixed_budget,5,0.0777039937344,1,0.097680074483,0.169339813483,78
O14:Coculture:F17:Oxa,O14,diagonal,exact_fixed_budget,6,0.0956442187506,1,0.0821925512078,0.184827336758,286
O14:Coculture:F17:Oxa,O14,diagonal,exact_fixed_budget,7,0.107731172299,1,0.070965580188,0.196054307778,715
O14:Coculture:F17:Oxa,O14,diagonal,exact_fixed_budget,8,0.0415628998968,1,0.0622947771021,0.204725110864,1287
O14:Coculture:F17:Oxa,O14,diagonal,exact_fixed_budget,9,0.0552336883233,1,0.05631538607,0.210704501896,1716
O14:Coculture:F17:Oxa,O14,diagonal,exact_fixed_budget,10,0.0545930354099,1,0.0515810676561,0.21543882031,1716
O14:Coculture:F17:Oxa,O14,diagonal,exact_fixed_budget,11,0.0798800477991,1,0.0473575768087,0.219662311157,1287
O14:Coculture:F17:Oxa,O14,diagonal,exact_fixed_budget,12,0.0798366010271,1,0.0444115049677,0.222608382998,715
O14:Coculture:F17:Oxa,O14,diagonal,exact_fixed_budget,13,0.078515972082,1,0.0417022576297,0.225317630336,286
O14:Coculture:F17:Oxa,O14,diagonal,exact_fixed_budget,14,0.0635548755364,1,0.0392273519641,0.227792536002,78
O14:Coculture:F17:Oxa,O14,diagonal,exact_fixed_budget,15,0.0585977608492,1,0.0381875006347,0.228832387331,13
O14:Coculture:F17:Oxa,O14,diagonal,exact_fixed_budget,16,0.0585977608492,1,0.0381875006347,0.228832387331,1
O14:Monoculture::5-FU,O14,joint,exact_fixed_budget,3,0.0575541612489,1,0.280474878044,0,1
O14:Monoculture::5-FU,O14,joint,exact_fixed_budget,4,0.0505401677389,1,0.138036664512,0.142438213532,13
O14:Monoculture::5-FU,O14,joint,exact_fixed_budget,5,0.126952606872,1,0.113205720394,0.16726915765,78
O14:Monoculture::5-FU,O14,joint,exact_fixed_budget,6,0.261995588153,1,0.0914189699242,0.18905590812,286
O14:Monoculture::5-FU,O14,joint,exact_fixed_budget,7,0.14092148571,1,0.0823127632634,0.19816211478,715
O14:Monoculture::5-FU,O14,joint,exact_fixed_budget,8,0.172849262735,1,0.0745004708825,0.205974407161,1287
O14:Monoculture::5-FU,O14,joint,exact_fixed_budget,9,0.175563498554,1,0.0698082787267,0.210666599317,1716
O14:Monoculture::5-FU,O14,joint,exact_fixed_budget,10,0.259904624544,0.857142857143,0.0658223250994,0.214652552945,1716
O14:Monoculture::5-FU,O14,joint,exact_fixed_budget,11,0.281462972124,0.857142857143,0.0628241671311,0.217650710913,1287
O14:Monoculture::5-FU,O14,joint,exact_fixed_budget,12,0.284183310252,0.857142857143,0.0603459793496,0.220128898694,715
O14:Monoculture::5-FU,O14,joint,exact_fixed_budget,13,0.252302453696,0.857142857143,0.0585449552484,0.221929922796,286
O14:Monoculture::5-FU,O14,joint,exact_fixed_budget,14,0.266944319368,0.857142857143,0.0568102647443,0.2236646133,78
O14:Monoculture::5-FU,O14,joint,exact_fixed_budget,15,0.25077688921,0.857142857143,0.0553952476741,0.22507963037,13
O14:Monoculture::5-FU,O14,joint,exact_fixed_budget,16,0.25338473789,0.857142857143,0.0542476662103,0.226227211834,1
O14:Monoculture::5-FU,O14,diagonal,exact_fixed_budget,3,0.0917852433927,1,0.267019887966,0,1
O14:Monoculture::5-FU,O14,diagonal,exact_fixed_budget,4,0.0814736466221,1,0.129217436396,0.137802451569,13
O14:Monoculture::5-FU,O14,diagonal,exact_fixed_budget,5,0.216290678566,1,0.097680074483,0.169339813483,78
O14:Monoculture::5-FU,O14,diagonal,exact_fixed_budget,6,0.117860053077,1,0.0821925512078,0.184827336758,286
O14:Monoculture::5-FU,O14,diagonal,exact_fixed_budget,7,0.148589492537,1,0.070965580188,0.196054307778,715
O14:Monoculture::5-FU,O14,diagonal,exact_fixed_budget,8,0.350254282093,0.857142857143,0.0622947771021,0.204725110864,1287
O14:Monoculture::5-FU,O14,diagonal,exact_fixed_budget,9,0.244977237088,0.857142857143,0.05631538607,0.210704501896,1716
O14:Monoculture::5-FU,O14,diagonal,exact_fixed_budget,10,0.26609452232,0.857142857143,0.0515810676561,0.21543882031,1716
O14:Monoculture::5-FU,O14,diagonal,exact_fixed_budget,11,0.275869372573,0.857142857143,0.0473575768087,0.219662311157,1287
O14:Monoculture::5-FU,O14,diagonal,exact_fixed_budget,12,0.264724740713,0.857142857143,0.0444115049677,0.222608382998,715
O14:Monoculture::5-FU,O14,diagonal,exact_fixed_budget,13,0.258600380905,0.857142857143,0.0417022576297,0.225317630336,286
O14:Monoculture::5-FU,O14,diagonal,exact_fixed_budget,14,0.265450623537,0.857142857143,0.0392273519641,0.227792536002,78
O14:Monoculture::5-FU,O14,diagonal,exact_fixed_budget,15,0.271731817745,0.857142857143,0.0381875006347,0.228832387331,13
O14:Monoculture::5-FU,O14,diagonal,exact_fixed_budget,16,0.271731817745,0.857142857143,0.0381875006347,0.228832387331,1
O14:Monoculture::Oxa,O14,joint,exact_fixed_budget,3,0.347822052897,1,0.280474878044,0,1
O14:Monoculture::Oxa,O14,joint,exact_fixed_budget,4,0.0888825974092,1,0.138036664512,0.142438213532,13
O14:Monoculture::Oxa,O14,joint,exact_fixed_budget,5,0.215991778824,1,0.113205720394,0.16726915765,78
O14:Monoculture::Oxa,O14,joint,exact_fixed_budget,6,0.10591415188,1,0.0914189699242,0.18905590812,286
O14:Monoculture::Oxa,O14,joint,exact_fixed_budget,7,0.0505405015289,1,0.0823127632634,0.19816211478,715
O14:Monoculture::Oxa,O14,joint,exact_fixed_budget,8,0.0573443850057,1,0.0745004708825,0.205974407161,1287
O14:Monoculture::Oxa,O14,joint,exact_fixed_budget,9,0.0793719624805,1,0.0698082787267,0.210666599317,1716
O14:Monoculture::Oxa,O14,joint,exact_fixed_budget,10,0.0742968553625,1,0.0658223250994,0.214652552945,1716
O14:Monoculture::Oxa,O14,joint,exact_fixed_budget,11,0.0785757772499,1,0.0628241671311,0.217650710913,1287
O14:Monoculture::Oxa,O14,joint,exact_fixed_budget,12,0.0765688253653,1,0.0603459793496,0.220128898694,715
O14:Monoculture::Oxa,O14,joint,exact_fixed_budget,13,0.0703042763449,1,0.0585449552484,0.221929922796,286
O14:Monoculture::Oxa,O14,joint,exact_fixed_budget,14,0.0735939533102,1,0.0568102647443,0.2236646133,78
O14:Monoculture::Oxa,O14,joint,exact_fixed_budget,15,0.0913301275161,1,0.0553952476741,0.22507963037,13
O14:Monoculture::Oxa,O14,joint,exact_fixed_budget,16,0.0930159086694,1,0.0542476662103,0.226227211834,1
O14:Monoculture::Oxa,O14,diagonal,exact_fixed_budget,3,0.422358094188,1,0.267019887966,0,1
O14:Monoculture::Oxa,O14,diagonal,exact_fixed_budget,4,0.193535696677,1,0.129217436396,0.137802451569,13
O14:Monoculture::Oxa,O14,diagonal,exact_fixed_budget,5,0.348692896185,0.857142857143,0.097680074483,0.169339813483,78
O14:Monoculture::Oxa,O14,diagonal,exact_fixed_budget,6,0.217971016631,1,0.0821925512078,0.184827336758,286
O14:Monoculture::Oxa,O14,diagonal,exact_fixed_budget,7,0.228170130677,0.857142857143,0.070965580188,0.196054307778,715
O14:Monoculture::Oxa,O14,diagonal,exact_fixed_budget,8,0.400962518078,0.714285714286,0.0622947771021,0.204725110864,1287
O14:Monoculture::Oxa,O14,diagonal,exact_fixed_budget,9,0.296368065866,0.857142857143,0.05631538607,0.210704501896,1716
O14:Monoculture::Oxa,O14,diagonal,exact_fixed_budget,10,0.300232573893,0.857142857143,0.0515810676561,0.21543882031,1716
O14:Monoculture::Oxa,O14,diagonal,exact_fixed_budget,11,0.302691211427,0.857142857143,0.0473575768087,0.219662311157,1287
O14:Monoculture::Oxa,O14,diagonal,exact_fixed_budget,12,0.299492732448,0.857142857143,0.0444115049677,0.222608382998,715
O14:Monoculture::Oxa,O14,diagonal,exact_fixed_budget,13,0.291392276844,0.857142857143,0.0417022576297,0.225317630336,286
O14:Monoculture::Oxa,O14,diagonal,exact_fixed_budget,14,0.299613779334,0.857142857143,0.0392273519641,0.227792536002,78
O14:Monoculture::Oxa,O14,diagonal,exact_fixed_budget,15,0.291135218042,0.857142857143,0.0381875006347,0.228832387331,13
O14:Monoculture::Oxa,O14,diagonal,exact_fixed_budget,16,0.291135218042,0.857142857143,0.0381875006347,0.228832387331,1
O15:Coculture:F15:5-FU,O15,joint,exact_fixed_budget,3,0.0478899120735,1,0.280474878044,0,1
O15:Coculture:F15:5-FU,O15,joint,exact_fixed_budget,4,0.0467743588283,1,0.138036664512,0.142438213532,13
O15:Coculture:F15:5-FU,O15,joint,exact_fixed_budget,5,0.0530686253102,1,0.113205720394,0.16726915765,78
O15:Coculture:F15:5-FU,O15,joint,exact_fixed_budget,6,0.0626155601784,1,0.0914189699242,0.18905590812,286
O15:Coculture:F15:5-FU,O15,joint,exact_fixed_budget,7,0.0380602515789,1,0.0823127632634,0.19816211478,715
O15:Coculture:F15:5-FU,O15,joint,exact_fixed_budget,8,0.047887029729,1,0.0745004708825,0.205974407161,1287
O15:Coculture:F15:5-FU,O15,joint,exact_fixed_budget,9,0.0474394335633,1,0.0698082787267,0.210666599317,1716
O15:Coculture:F15:5-FU,O15,joint,exact_fixed_budget,10,0.0498313258694,1,0.0658223250994,0.214652552945,1716
O15:Coculture:F15:5-FU,O15,joint,exact_fixed_budget,11,0.0445537947521,1,0.0628241671311,0.217650710913,1287
O15:Coculture:F15:5-FU,O15,joint,exact_fixed_budget,12,0.046584452426,1,0.0603459793496,0.220128898694,715
O15:Coculture:F15:5-FU,O15,joint,exact_fixed_budget,13,0.0448994632135,1,0.0585449552484,0.221929922796,286
O15:Coculture:F15:5-FU,O15,joint,exact_fixed_budget,14,0.0439284842893,1,0.0568102647443,0.2236646133,78
O15:Coculture:F15:5-FU,O15,joint,exact_fixed_budget,15,0.0439246043087,1,0.0553952476741,0.22507963037,13
O15:Coculture:F15:5-FU,O15,joint,exact_fixed_budget,16,0.0424983762083,1,0.0542476662103,0.226227211834,1
O15:Coculture:F15:5-FU,O15,diagonal,exact_fixed_budget,3,0.057176292019,1,0.267019887966,0,1
O15:Coculture:F15:5-FU,O15,diagonal,exact_fixed_budget,4,0.0636921362991,1,0.129217436396,0.137802451569,13
O15:Coculture:F15:5-FU,O15,diagonal,exact_fixed_budget,5,0.0709751651553,1,0.097680074483,0.169339813483,78
O15:Coculture:F15:5-FU,O15,diagonal,exact_fixed_budget,6,0.048034799132,1,0.0821925512078,0.184827336758,286
O15:Coculture:F15:5-FU,O15,diagonal,exact_fixed_budget,7,0.0588548847959,1,0.070965580188,0.196054307778,715
O15:Coculture:F15:5-FU,O15,diagonal,exact_fixed_budget,8,0.0546181585483,1,0.0622947771021,0.204725110864,1287
O15:Coculture:F15:5-FU,O15,diagonal,exact_fixed_budget,9,0.058336107514,1,0.05631538607,0.210704501896,1716
O15:Coculture:F15:5-FU,O15,diagonal,exact_fixed_budget,10,0.0528066841189,1,0.0515810676561,0.21543882031,1716
O15:Coculture:F15:5-FU,O15,diagonal,exact_fixed_budget,11,0.060495711519,1,0.0473575768087,0.219662311157,1287
O15:Coculture:F15:5-FU,O15,diagonal,exact_fixed_budget,12,0.0533589224209,1,0.0444115049677,0.222608382998,715
O15:Coculture:F15:5-FU,O15,diagonal,exact_fixed_budget,13,0.056270021669,1,0.0417022576297,0.225317630336,286
O15:Coculture:F15:5-FU,O15,diagonal,exact_fixed_budget,14,0.0559618193781,1,0.0392273519641,0.227792536002,78
O15:Coculture:F15:5-FU,O15,diagonal,exact_fixed_budget,15,0.0588582674502,1,0.0381875006347,0.228832387331,13
O15:Coculture:F15:5-FU,O15,diagonal,exact_fixed_budget,16,0.0588582674502,1,0.0381875006347,0.228832387331,1
O15:Coculture:F15:Gef,O15,joint,exact_fixed_budget,3,0.49495031943,1,0.28870561731,0,1
O15:Coculture:F15:Gef,O15,joint,exact_fixed_budget,4,0.3410934139,1,0.133129620768,0.155575996543,13
O15:Coculture:F15:Gef,O15,joint,exact_fixed_budget,5,0.18534633766,1,0.10657549529,0.18213012202,78
O15:Coculture:F15:Gef,O15,joint,exact_fixed_budget,6,0.215886750378,1,0.088917258725,0.199788358586,286
O15:Coculture:F15:Gef,O15,joint,exact_fixed_budget,7,0.139119233918,1,0.0790185914789,0.209687025832,715
O15:Coculture:F15:Gef,O15,joint,exact_fixed_budget,8,0.155591198633,1,0.0714097576622,0.217295859648,1287
O15:Coculture:F15:Gef,O15,joint,exact_fixed_budget,9,0.156125811149,1,0.0662182213605,0.22248739595,1716
O15:Coculture:F15:Gef,O15,joint,exact_fixed_budget,10,0.158198293304,1,0.0622382543016,0.226467363009,1716
O15:Coculture:F15:Gef,O15,joint,exact_fixed_budget,11,0.125847958332,1,0.059213700639,0.229491916671,1287
O15:Coculture:F15:Gef,O15,joint,exact_fixed_budget,12,0.12119258604,1,0.0568906482353,0.231814969075,715
O15:Coculture:F15:Gef,O15,joint,exact_fixed_budget,13,0.106629558605,1,0.0547695408573,0.233936076453,286
O15:Coculture:F15:Gef,O15,joint,exact_fixed_budget,14,0.0989977235803,1,0.0528527847747,0.235852832536,78
O15:Coculture:F15:Gef,O15,joint,exact_fixed_budget,15,0.0870821042688,1,0.0511999068445,0.237505710466,13
O15:Coculture:F15:Gef,O15,joint,exact_fixed_budget,16,0.0811242825822,1,0.0499574589007,0.23874815841,1
O15:Coculture:F15:Gef,O15,diagonal,exact_fixed_budget,3,0.45909604705,1,0.280588225278,0,1
O15:Coculture:F15:Gef,O15,diagonal,exact_fixed_budget,4,0.311183773394,1,0.130316967756,0.150271257522,13
O15:Coculture:F15:Gef,O15,diagonal,exact_fixed_budget,5,0.163890475408,1,0.0981364215616,0.182451803717,78
O15:Coculture:F15:Gef,O15,diagonal,exact_fixed_budget,6,0.102591366882,1,0.0816837015584,0.19890452372,286
O15:Coculture:F15:Gef,O15,diagonal,exact_fixed_budget,7,0.113234823869,1,0.070481539631,0.210106685647,715
O15:Coculture:F15:Gef,O15,diagonal,exact_fixed_budget,8,0.0947622775086,1,0.0616035508859,0.218984674392,1287
O15:Coculture:F15:Gef,O15,diagonal,exact_fixed_budget,9,0.115208444979,1,0.0552987596725,0.225289465606,1716
O15:Coculture:F15:Gef,O15,diagonal,exact_fixed_budget,10,0.0867435378185,1,0.050448058291,0.230140166987,1716
O15:Coculture:F15:Gef,O15,diagonal,exact_fixed_budget,11,0.0775531403221,1,0.0465111599213,0.234077065357,1287
O15:Coculture:F15:Gef,O15,diagonal,exact_fixed_budget,12,0.0717700838248,1,0.0434671400405,0.237121085238,715
O15:Coculture:F15:Gef,O15,diagonal,exact_fixed_budget,13,0.0599053995596,1,0.0407281522897,0.239860072988,286
O15:Coculture:F15:Gef,O15,diagonal,exact_fixed_budget,14,0.0536448939154,1,0.0384007525803,0.242187472698,78
O15:Coculture:F15:Gef,O15,diagonal,exact_fixed_budget,15,0.0550110985076,1,0.0378450099172,0.242743215361,13
O15:Coculture:F15:Gef,O15,diagonal,exact_fixed_budget,16,0.0550110985076,1,0.0378450099172,0.242743215361,1
O15:Coculture:F15:SN-38,O15,joint,exact_fixed_budget,3,0.808290396563,0.714285714286,0.277257611944,0,1
O15:Coculture:F15:SN-38,O15,joint,exact_fixed_budget,4,0.337783828077,0.857142857143,0.141986636129,0.135270975815,13
O15:Coculture:F15:SN-38,O15,joint,exact_fixed_budget,5,0.304405255325,0.857142857143,0.117377687616,0.159879924328,78
O15:Coculture:F15:SN-38,O15,joint,exact_fixed_budget,6,0.284085029473,0.857142857143,0.0930408830139,0.18421672893,286
O15:Coculture:F15:SN-38,O15,joint,exact_fixed_budget,7,0.300223163031,0.857142857143,0.0842845487245,0.19297306322,715
O15:Coculture:F15:SN-38,O15,joint,exact_fixed_budget,8,0.282851249595,0.857142857143,0.0767994229069,0.200458189037,1287
O15:Coculture:F15:SN-38,O15,joint,exact_fixed_budget,9,0.1792687184,0.857142857143,0.0720229370302,0.205234674914,1716
O15:Coculture:F15:SN-38,O15,joint,exact_fixed_budget,10,0.186908240405,0.857142857143,0.068255369939,0.209002242005,1716
O15:Coculture:F15:SN-38,O15,joint,exact_fixed_budget,11,0.191495415319,0.857142857143,0.0652521460081,0.212005465936,1287
O15:Coculture:F15:SN-38,O15,joint,exact_fixed_budget,12,0.19174447484,0.857142857143,0.0624196615889,0.214837950355,715
O15:Coculture:F15:SN-38,O15,joint,exact_fixed_budget,13,0.198369826764,0.857142857143,0.060736743078,0.216520868866,286
O15:Coculture:F15:SN-38,O15,joint,exact_fixed_budget,14,0.196898976326,0.857142857143,0.059065720296,0.218191891648,78
O15:Coculture:F15:SN-38,O15,joint,exact_fixed_budget,15,0.194527247113,0.857142857143,0.057537335827,0.219720276117,13
O15:Coculture:F15:SN-38,O15,joint,exact_fixed_budget,16,0.191732642413,0.857142857143,0.0564133585507,0.220844253393,1
O15:Coculture:F15:SN-38,O15,diagonal,exact_fixed_budget,3,0.846748025472,0.714285714286,0.260990994904,0,1
O15:Coculture:F15:SN-38,O15,diagonal,exact_fixed_budget,4,0.380146176335,0.857142857143,0.129151237072,0.131839757832,13
O15:Coculture:F15:SN-38,O15,diagonal,exact_fixed_budget,5,0.395739571433,0.857142857143,0.0976331423158,0.163357852588,78
O15:Coculture:F15:SN-38,O15,diagonal,exact_fixed_budget,6,0.393824315322,0.857142857143,0.0824541824899,0.178536812414,286
O15:Coculture:F15:SN-38,O15,diagonal,exact_fixed_budget,7,0.398169068295,0.857142857143,0.0712880117184,0.189702983185,715
O15:Coculture:F15:SN-38,O15,diagonal,exact_fixed_budget,8,0.256434267574,0.857142857143,0.0628129694369,0.198178025467,1287
O15:Coculture:F15:SN-38,O15,diagonal,exact_fixed_budget,9,0.272274528018,0.857142857143,0.0569733789787,0.204017615925,1716
O15:Coculture:F15:SN-38,O15,diagonal,exact_fixed_budget,10,0.271838699234,0.857142857143,0.0520441460796,0.208946848824,1716
O15:Coculture:F15:SN-38,O15,diagonal,exact_fixed_budget,11,0.271797210149,0.857142857143,0.0476825394107,0.213308455493,1287
O15:Coculture:F15:SN-38,O15,diagonal,exact_fixed_budget,12,0.277557470222,0.857142857143,0.0446661243149,0.216324870589,715
O15:Coculture:F15:SN-38,O15,diagonal,exact_fixed_budget,13,0.277470662044,0.857142857143,0.0418890993682,0.219101895535,286
O15:Coculture:F15:SN-38,O15,diagonal,exact_fixed_budget,14,0.276511259789,0.857142857143,0.0394667818013,0.221524213102,78
O15:Coculture:F15:SN-38,O15,diagonal,exact_fixed_budget,15,0.281101010393,0.857142857143,0.0380725066289,0.222918488275,13
O15:Coculture:F15:SN-38,O15,diagonal,exact_fixed_budget,16,0.281101010393,0.857142857143,0.0380725066289,0.222918488275,1
O15:Monoculture::5-FU,O15,joint,exact_fixed_budget,3,0.341788558803,1,0.280474878044,0,1
O15:Monoculture::5-FU,O15,joint,exact_fixed_budget,4,0.267927002112,1,0.138036664512,0.142438213532,13
O15:Monoculture::5-FU,O15,joint,exact_fixed_budget,5,0.111309414432,1,0.113205720394,0.16726915765,78
O15:Monoculture::5-FU,O15,joint,exact_fixed_budget,6,0.163124805033,1,0.0914189699242,0.18905590812,286
O15:Monoculture::5-FU,O15,joint,exact_fixed_budget,7,0.223178610594,1,0.0823127632634,0.19816211478,715
O15:Monoculture::5-FU,O15,joint,exact_fixed_budget,8,0.230326554787,1,0.0745004708825,0.205974407161,1287
O15:Monoculture::5-FU,O15,joint,exact_fixed_budget,9,0.241637265849,1,0.0698082787267,0.210666599317,1716
O15:Monoculture::5-FU,O15,joint,exact_fixed_budget,10,0.231284515332,1,0.0658223250994,0.214652552945,1716
O15:Monoculture::5-FU,O15,joint,exact_fixed_budget,11,0.226464481098,1,0.0628241671311,0.217650710913,1287
O15:Monoculture::5-FU,O15,joint,exact_fixed_budget,12,0.244331595547,0.714285714286,0.0603459793496,0.220128898694,715
O15:Monoculture::5-FU,O15,joint,exact_fixed_budget,13,0.297380409381,0.857142857143,0.0585449552484,0.221929922796,286
O15:Monoculture::5-FU,O15,joint,exact_fixed_budget,14,0.287988156844,0.714285714286,0.0568102647443,0.2236646133,78
O15:Monoculture::5-FU,O15,joint,exact_fixed_budget,15,0.28678108147,0.714285714286,0.0553952476741,0.22507963037,13
O15:Monoculture::5-FU,O15,joint,exact_fixed_budget,16,0.281533842103,0.714285714286,0.0542476662103,0.226227211834,1
O15:Monoculture::5-FU,O15,diagonal,exact_fixed_budget,3,0.462955531527,0.857142857143,0.267019887966,0,1
O15:Monoculture::5-FU,O15,diagonal,exact_fixed_budget,4,0.221701244257,1,0.129217436396,0.137802451569,13
O15:Monoculture::5-FU,O15,diagonal,exact_fixed_budget,5,0.194176014501,1,0.097680074483,0.169339813483,78
O15:Monoculture::5-FU,O15,diagonal,exact_fixed_budget,6,0.155009294391,1,0.0821925512078,0.184827336758,286
O15:Monoculture::5-FU,O15,diagonal,exact_fixed_budget,7,0.130118523953,1,0.070965580188,0.196054307778,715
O15:Monoculture::5-FU,O15,diagonal,exact_fixed_budget,8,0.185555704388,1,0.0622947771021,0.204725110864,1287
O15:Monoculture::5-FU,O15,diagonal,exact_fixed_budget,9,0.139399434269,1,0.05631538607,0.210704501896,1716
O15:Monoculture::5-FU,O15,diagonal,exact_fixed_budget,10,0.140927239117,1,0.0515810676561,0.21543882031,1716
O15:Monoculture::5-FU,O15,diagonal,exact_fixed_budget,11,0.13890527854,1,0.0473575768087,0.219662311157,1287
O15:Monoculture::5-FU,O15,diagonal,exact_fixed_budget,12,0.130582539839,1,0.0444115049677,0.222608382998,715
O15:Monoculture::5-FU,O15,diagonal,exact_fixed_budget,13,0.117994558453,1,0.0417022576297,0.225317630336,286
O15:Monoculture::5-FU,O15,diagonal,exact_fixed_budget,14,0.108514351592,1,0.0392273519641,0.227792536002,78
O15:Monoculture::5-FU,O15,diagonal,exact_fixed_budget,15,0.102250519069,1,0.0381875006347,0.228832387331,13
O15:Monoculture::5-FU,O15,diagonal,exact_fixed_budget,16,0.102250519069,1,0.0381875006347,0.228832387331,1
O15:Monoculture::Gef,O15,joint,exact_fixed_budget,3,0.267231703947,1,0.28870561731,0,1
O15:Monoculture::Gef,O15,joint,exact_fixed_budget,4,0.139415488791,1,0.133129620768,0.155575996543,13
O15:Monoculture::Gef,O15,joint,exact_fixed_budget,5,0.128308033728,1,0.10657549529,0.18213012202,78
O15:Monoculture::Gef,O15,joint,exact_fixed_budget,6,0.0845070685122,1,0.088917258725,0.199788358586,286
O15:Monoculture::Gef,O15,joint,exact_fixed_budget,7,0.0957784885986,1,0.0790185914789,0.209687025832,715
O15:Monoculture::Gef,O15,joint,exact_fixed_budget,8,0.0952516525171,1,0.0714097576622,0.217295859648,1287
O15:Monoculture::Gef,O15,joint,exact_fixed_budget,9,0.0961995917438,1,0.0662182213605,0.22248739595,1716
O15:Monoculture::Gef,O15,joint,exact_fixed_budget,10,0.0981362125547,1,0.0622382543016,0.226467363009,1716
O15:Monoculture::Gef,O15,joint,exact_fixed_budget,11,0.0999866550527,1,0.059213700639,0.229491916671,1287
O15:Monoculture::Gef,O15,joint,exact_fixed_budget,12,0.0987007610789,1,0.0568906482353,0.231814969075,715
O15:Monoculture::Gef,O15,joint,exact_fixed_budget,13,0.124505356472,1,0.0547695408573,0.233936076453,286
O15:Monoculture::Gef,O15,joint,exact_fixed_budget,14,0.110863395384,1,0.0528527847747,0.235852832536,78
O15:Monoculture::Gef,O15,joint,exact_fixed_budget,15,0.113659754269,1,0.0511999068445,0.237505710466,13
O15:Monoculture::Gef,O15,joint,exact_fixed_budget,16,0.113688891121,1,0.0499574589007,0.23874815841,1
O15:Monoculture::Gef,O15,diagonal,exact_fixed_budget,3,0.305091813495,1,0.280588225278,0,1
O15:Monoculture::Gef,O15,diagonal,exact_fixed_budget,4,0.176412620353,1,0.130316967756,0.150271257522,13
O15:Monoculture::Gef,O15,diagonal,exact_fixed_budget,5,0.177875122032,1,0.0981364215616,0.182451803717,78
O15:Monoculture::Gef,O15,diagonal,exact_fixed_budget,6,0.172839608424,1,0.0816837015584,0.19890452372,286
O15:Monoculture::Gef,O15,diagonal,exact_fixed_budget,7,0.186489731658,1,0.070481539631,0.210106685647,715
O15:Monoculture::Gef,O15,diagonal,exact_fixed_budget,8,0.211717685254,1,0.0616035508859,0.218984674392,1287
O15:Monoculture::Gef,O15,diagonal,exact_fixed_budget,9,0.195416330184,0.857142857143,0.0552987596725,0.225289465606,1716
O15:Monoculture::Gef,O15,diagonal,exact_fixed_budget,10,0.206530144218,0.857142857143,0.050448058291,0.230140166987,1716
O15:Monoculture::Gef,O15,diagonal,exact_fixed_budget,11,0.196710196514,0.857142857143,0.0465111599213,0.234077065357,1287
O15:Monoculture::Gef,O15,diagonal,exact_fixed_budget,12,0.173191512496,0.857142857143,0.0434671400405,0.237121085238,715
O15:Monoculture::Gef,O15,diagonal,exact_fixed_budget,13,0.180893879905,0.857142857143,0.0407281522897,0.239860072988,286
O15:Monoculture::Gef,O15,diagonal,exact_fixed_budget,14,0.178966621685,0.857142857143,0.0384007525803,0.242187472698,78
O15:Monoculture::Gef,O15,diagonal,exact_fixed_budget,15,0.171957080541,0.857142857143,0.0378450099172,0.242743215361,13
O15:Monoculture::Gef,O15,diagonal,exact_fixed_budget,16,0.171957080541,0.857142857143,0.0378450099172,0.242743215361,1
O15:Monoculture::Oxa,O15,joint,exact_fixed_budget,3,0.674993933376,1,0.280474878044,0,1
O15:Monoculture::Oxa,O15,joint,exact_fixed_budget,4,0.130000657878,1,0.138036664512,0.142438213532,13
O15:Monoculture::Oxa,O15,joint,exact_fixed_budget,5,0.129384509451,1,0.113205720394,0.16726915765,78
O15:Monoculture::Oxa,O15,joint,exact_fixed_budget,6,0.203438053623,1,0.0914189699242,0.18905590812,286
O15:Monoculture::Oxa,O15,joint,exact_fixed_budget,7,0.145982582654,1,0.0823127632634,0.19816211478,715
O15:Monoculture::Oxa,O15,joint,exact_fixed_budget,8,0.144459793739,1,0.0745004708825,0.205974407161,1287
O15:Monoculture::Oxa,O15,joint,exact_fixed_budget,9,0.197520097885,1,0.0698082787267,0.210666599317,1716
O15:Monoculture::Oxa,O15,joint,exact_fixed_budget,10,0.197638520109,1,0.0658223250994,0.214652552945,1716
O15:Monoculture::Oxa,O15,joint,exact_fixed_budget,11,0.204036487576,1,0.0628241671311,0.217650710913,1287
O15:Monoculture::Oxa,O15,joint,exact_fixed_budget,12,0.176898206292,1,0.0603459793496,0.220128898694,715
O15:Monoculture::Oxa,O15,joint,exact_fixed_budget,13,0.162603195349,1,0.0585449552484,0.221929922796,286
O15:Monoculture::Oxa,O15,joint,exact_fixed_budget,14,0.168059240539,1,0.0568102647443,0.2236646133,78
O15:Monoculture::Oxa,O15,joint,exact_fixed_budget,15,0.163149930294,1,0.0553952476741,0.22507963037,13
O15:Monoculture::Oxa,O15,joint,exact_fixed_budget,16,0.163151172617,1,0.0542476662103,0.226227211834,1
O15:Monoculture::Oxa,O15,diagonal,exact_fixed_budget,3,0.80398027938,0.714285714286,0.267019887966,0,1
O15:Monoculture::Oxa,O15,diagonal,exact_fixed_budget,4,0.265439336551,1,0.129217436396,0.137802451569,13
O15:Monoculture::Oxa,O15,diagonal,exact_fixed_budget,5,0.269079687932,1,0.097680074483,0.169339813483,78
O15:Monoculture::Oxa,O15,diagonal,exact_fixed_budget,6,0.201312575503,1,0.0821925512078,0.184827336758,286
O15:Monoculture::Oxa,O15,diagonal,exact_fixed_budget,7,0.185636353833,1,0.070965580188,0.196054307778,715
O15:Monoculture::Oxa,O15,diagonal,exact_fixed_budget,8,0.3136770867,0.857142857143,0.0622947771021,0.204725110864,1287
O15:Monoculture::Oxa,O15,diagonal,exact_fixed_budget,9,0.245570515339,1,0.05631538607,0.210704501896,1716
O15:Monoculture::Oxa,O15,diagonal,exact_fixed_budget,10,0.246562519605,1,0.0515810676561,0.21543882031,1716
O15:Monoculture::Oxa,O15,diagonal,exact_fixed_budget,11,0.221118485764,1,0.0473575768087,0.219662311157,1287
O15:Monoculture::Oxa,O15,diagonal,exact_fixed_budget,12,0.220342990567,1,0.0444115049677,0.222608382998,715
O15:Monoculture::Oxa,O15,diagonal,exact_fixed_budget,13,0.207994894177,1,0.0417022576297,0.225317630336,286
O15:Monoculture::Oxa,O15,diagonal,exact_fixed_budget,14,0.215233260839,1,0.0392273519641,0.227792536002,78
O15:Monoculture::Oxa,O15,diagonal,exact_fixed_budget,15,0.230734260276,1,0.0381875006347,0.228832387331,13
O15:Monoculture::Oxa,O15,diagonal,exact_fixed_budget,16,0.230734260276,1,0.0381875006347,0.228832387331,1
O15:Monoculture::SN-38,O15,joint,exact_fixed_budget,3,0.257070615515,1,0.277257611944,0,1
O15:Monoculture::SN-38,O15,joint,exact_fixed_budget,4,0.0812146531384,1,0.141986636129,0.135270975815,13
O15:Monoculture::SN-38,O15,joint,exact_fixed_budget,5,0.121342527792,1,0.117377687616,0.159879924328,78
O15:Monoculture::SN-38,O15,joint,exact_fixed_budget,6,0.132352601152,1,0.0930408830139,0.18421672893,286
O15:Monoculture::SN-38,O15,joint,exact_fixed_budget,7,0.124928512568,1,0.0842845487245,0.19297306322,715
O15:Monoculture::SN-38,O15,joint,exact_fixed_budget,8,0.135696137164,1,0.0767994229069,0.200458189037,1287
O15:Monoculture::SN-38,O15,joint,exact_fixed_budget,9,0.115679840422,1,0.0720229370302,0.205234674914,1716
O15:Monoculture::SN-38,O15,joint,exact_fixed_budget,10,0.11230348843,1,0.068255369939,0.209002242005,1716
O15:Monoculture::SN-38,O15,joint,exact_fixed_budget,11,0.114991289388,1,0.0652521460081,0.212005465936,1287
O15:Monoculture::SN-38,O15,joint,exact_fixed_budget,12,0.113505855133,1,0.0624196615889,0.214837950355,715
O15:Monoculture::SN-38,O15,joint,exact_fixed_budget,13,0.116597719724,1,0.060736743078,0.216520868866,286
O15:Monoculture::SN-38,O15,joint,exact_fixed_budget,14,0.114803832398,1,0.059065720296,0.218191891648,78
O15:Monoculture::SN-38,O15,joint,exact_fixed_budget,15,0.106405623627,1,0.057537335827,0.219720276117,13
O15:Monoculture::SN-38,O15,joint,exact_fixed_budget,16,0.102585232527,1,0.0564133585507,0.220844253393,1
O15:Monoculture::SN-38,O15,diagonal,exact_fixed_budget,3,0.256556976982,1,0.260990994904,0,1
O15:Monoculture::SN-38,O15,diagonal,exact_fixed_budget,4,0.0991880776026,1,0.129151237072,0.131839757832,13
O15:Monoculture::SN-38,O15,diagonal,exact_fixed_budget,5,0.105584500695,1,0.0976331423158,0.163357852588,78
O15:Monoculture::SN-38,O15,diagonal,exact_fixed_budget,6,0.0962960816764,1,0.0824541824899,0.178536812414,286
O15:Monoculture::SN-38,O15,diagonal,exact_fixed_budget,7,0.102273252614,1,0.0712880117184,0.189702983185,715
O15:Monoculture::SN-38,O15,diagonal,exact_fixed_budget,8,0.0825106191621,1,0.0628129694369,0.198178025467,1287
O15:Monoculture::SN-38,O15,diagonal,exact_fixed_budget,9,0.0819534599967,1,0.0569733789787,0.204017615925,1716
O15:Monoculture::SN-38,O15,diagonal,exact_fixed_budget,10,0.0853277957072,1,0.0520441460796,0.208946848824,1716
O15:Monoculture::SN-38,O15,diagonal,exact_fixed_budget,11,0.0790937061729,1,0.0476825394107,0.213308455493,1287
O15:Monoculture::SN-38,O15,diagonal,exact_fixed_budget,12,0.0733788322844,1,0.0446661243149,0.216324870589,715
O15:Monoculture::SN-38,O15,diagonal,exact_fixed_budget,13,0.0719276628062,1,0.0418890993682,0.219101895535,286
O15:Monoculture::SN-38,O15,diagonal,exact_fixed_budget,14,0.0708314714299,1,0.0394667818013,0.221524213102,78
O15:Monoculture::SN-38,O15,diagonal,exact_fixed_budget,15,0.0733062591078,1,0.0380725066289,0.222918488275,13
O15:Monoculture::SN-38,O15,diagonal,exact_fixed_budget,16,0.0733062591078,1,0.0380725066289,0.222918488275,1
O16:Coculture:F17:5-FU,O16,joint,exact_fixed_budget,3,0.210321089067,1,0.280474878044,0,1
O16:Coculture:F17:5-FU,O16,joint,exact_fixed_budget,4,0.193731903875,1,0.138036664512,0.142438213532,13
O16:Coculture:F17:5-FU,O16,joint,exact_fixed_budget,5,0.142711666903,1,0.113205720394,0.16726915765,78
O16:Coculture:F17:5-FU,O16,joint,exact_fixed_budget,6,0.107385596667,1,0.0914189699242,0.18905590812,286
O16:Coculture:F17:5-FU,O16,joint,exact_fixed_budget,7,0.102729982805,1,0.0823127632634,0.19816211478,715
O16:Coculture:F17:5-FU,O16,joint,exact_fixed_budget,8,0.0992809704201,1,0.0745004708825,0.205974407161,1287
O16:Coculture:F17:5-FU,O16,joint,exact_fixed_budget,9,0.114003555829,1,0.0698082787267,0.210666599317,1716
O16:Coculture:F17:5-FU,O16,joint,exact_fixed_budget,10,0.113953940234,1,0.0658223250994,0.214652552945,1716
O16:Coculture:F17:5-FU,O16,joint,exact_fixed_budget,11,0.115843267086,1,0.0628241671311,0.217650710913,1287
O16:Coculture:F17:5-FU,O16,joint,exact_fixed_budget,12,0.114456644782,1,0.0603459793496,0.220128898694,715
O16:Coculture:F17:5-FU,O16,joint,exact_fixed_budget,13,0.0883112843447,1,0.0585449552484,0.221929922796,286
O16:Coculture:F17:5-FU,O16,joint,exact_fixed_budget,14,0.0939966751221,1,0.0568102647443,0.2236646133,78
O16:Coculture:F17:5-FU,O16,joint,exact_fixed_budget,15,0.0760494868263,1,0.0553952476741,0.22507963037,13
O16:Coculture:F17:5-FU,O16,joint,exact_fixed_budget,16,0.0867820694238,1,0.0542476662103,0.226227211834,1
O16:Coculture:F17:5-FU,O16,diagonal,exact_fixed_budget,3,0.225646835449,1,0.267019887966,0,1
O16:Coculture:F17:5-FU,O16,diagonal,exact_fixed_budget,4,0.220083518522,1,0.129217436396,0.137802451569,13
O16:Coculture:F17:5-FU,O16,diagonal,exact_fixed_budget,5,0.1741113686,1,0.097680074483,0.169339813483,78
O16:Coculture:F17:5-FU,O16,diagonal,exact_fixed_budget,6,0.168566811821,1,0.0821925512078,0.184827336758,286
O16:Coculture:F17:5-FU,O16,diagonal,exact_fixed_budget,7,0.160634548464,1,0.070965580188,0.196054307778,715
O16:Coculture:F17:5-FU,O16,diagonal,exact_fixed_budget,8,0.21530724291,1,0.0622947771021,0.204725110864,1287
O16:Coculture:F17:5-FU,O16,diagonal,exact_fixed_budget,9,0.194249048612,1,0.05631538607,0.210704501896,1716
O16:Coculture:F17:5-FU,O16,diagonal,exact_fixed_budget,10,0.192912226023,1,0.0515810676561,0.21543882031,1716
O16:Coculture:F17:5-FU,O16,diagonal,exact_fixed_budget,11,0.202676879389,1,0.0473575768087,0.219662311157,1287
O16:Coculture:F17:5-FU,O16,diagonal,exact_fixed_budget,12,0.184454729802,1,0.0444115049677,0.222608382998,715
O16:Coculture:F17:5-FU,O16,diagonal,exact_fixed_budget,13,0.171310465421,1,0.0417022576297,0.225317630336,286
O16:Coculture:F17:5-FU,O16,diagonal,exact_fixed_budget,14,0.199408182918,1,0.0392273519641,0.227792536002,78
O16:Coculture:F17:5-FU,O16,diagonal,exact_fixed_budget,15,0.209029755167,1,0.0381875006347,0.228832387331,13
O16:Coculture:F17:5-FU,O16,diagonal,exact_fixed_budget,16,0.209029755167,1,0.0381875006347,0.228832387331,1
O16:Coculture:F17:Gef,O16,joint,exact_fixed_budget,3,0.115656370297,1,0.28870561731,0,1
O16:Coculture:F17:Gef,O16,joint,exact_fixed_budget,4,0.278263042772,1,0.133129620768,0.155575996543,13
O16:Coculture:F17:Gef,O16,joint,exact_fixed_budget,5,0.280312519073,1,0.10657549529,0.18213012202,78
O16:Coculture:F17:Gef,O16,joint,exact_fixed_budget,6,0.12137753301,1,0.088917258725,0.199788358586,286
O16:Coculture:F17:Gef,O16,joint,exact_fixed_budget,7,0.116800608763,1,0.0790185914789,0.209687025832,715
O16:Coculture:F17:Gef,O16,joint,exact_fixed_budget,8,0.127823836281,1,0.0714097576622,0.217295859648,1287
O16:Coculture:F17:Gef,O16,joint,exact_fixed_budget,9,0.0735177008951,1,0.0662182213605,0.22248739595,1716
O16:Coculture:F17:Gef,O16,joint,exact_fixed_budget,10,0.0681413504191,1,0.0622382543016,0.226467363009,1716
O16:Coculture:F17:Gef,O16,joint,exact_fixed_budget,11,0.0678445956889,1,0.059213700639,0.229491916671,1287
O16:Coculture:F17:Gef,O16,joint,exact_fixed_budget,12,0.0594929023388,1,0.0568906482353,0.231814969075,715
O16:Coculture:F17:Gef,O16,joint,exact_fixed_budget,13,0.0557034492024,1,0.0547695408573,0.233936076453,286
O16:Coculture:F17:Gef,O16,joint,exact_fixed_budget,14,0.0491354754412,1,0.0528527847747,0.235852832536,78
O16:Coculture:F17:Gef,O16,joint,exact_fixed_budget,15,0.049460632138,1,0.0511999068445,0.237505710466,13
O16:Coculture:F17:Gef,O16,joint,exact_fixed_budget,16,0.0464517354825,1,0.0499574589007,0.23874815841,1
O16:Coculture:F17:Gef,O16,diagonal,exact_fixed_budget,3,0.105863199022,1,0.280588225278,0,1
O16:Coculture:F17:Gef,O16,diagonal,exact_fixed_budget,4,0.204744535354,1,0.130316967756,0.150271257522,13
O16:Coculture:F17:Gef,O16,diagonal,exact_fixed_budget,5,0.199532729028,1,0.0981364215616,0.182451803717,78
O16:Coculture:F17:Gef,O16,diagonal,exact_fixed_budget,6,0.194284850281,1,0.0816837015584,0.19890452372,286
O16:Coculture:F17:Gef,O16,diagonal,exact_fixed_budget,7,0.22006361742,1,0.070481539631,0.210106685647,715
O16:Coculture:F17:Gef,O16,diagonal,exact_fixed_budget,8,0.121368613972,1,0.0616035508859,0.218984674392,1287
O16:Coculture:F17:Gef,O16,diagonal,exact_fixed_budget,9,0.137598632687,1,0.0552987596725,0.225289465606,1716
O16:Coculture:F17:Gef,O16,diagonal,exact_fixed_budget,10,0.141155844834,1,0.050448058291,0.230140166987,1716
O16:Coculture:F17:Gef,O16,diagonal,exact_fixed_budget,11,0.118969470223,1,0.0465111599213,0.234077065357,1287
O16:Coculture:F17:Gef,O16,diagonal,exact_fixed_budget,12,0.0922399537257,1,0.0434671400405,0.237121085238,715
O16:Coculture:F17:Gef,O16,diagonal,exact_fixed_budget,13,0.0969246170871,1,0.0407281522897,0.239860072988,286
O16:Coculture:F17:Gef,O16,diagonal,exact_fixed_budget,14,0.0786390704327,1,0.0384007525803,0.242187472698,78
O16:Coculture:F17:Gef,O16,diagonal,exact_fixed_budget,15,0.0916443065033,1,0.0378450099172,0.242743215361,13
O16:Coculture:F17:Gef,O16,diagonal,exact_fixed_budget,16,0.0916443065033,1,0.0378450099172,0.242743215361,1
O16:Coculture:F17:Oxa,O16,joint,exact_fixed_budget,3,0.106808187664,1,0.280474878044,0,1
O16:Coculture:F17:Oxa,O16,joint,exact_fixed_budget,4,0.104716801018,1,0.138036664512,0.142438213532,13
O16:Coculture:F17:Oxa,O16,joint,exact_fixed_budget,5,0.0911705785158,1,0.113205720394,0.16726915765,78
O16:Coculture:F17:Oxa,O16,joint,exact_fixed_budget,6,0.200815103937,0.857142857143,0.0914189699242,0.18905590812,286
O16:Coculture:F17:Oxa,O16,joint,exact_fixed_budget,7,0.249554709377,0.857142857143,0.0823127632634,0.19816211478,715
O16:Coculture:F17:Oxa,O16,joint,exact_fixed_budget,8,0.236778777551,0.857142857143,0.0745004708825,0.205974407161,1287
O16:Coculture:F17:Oxa,O16,joint,exact_fixed_budget,9,0.254205881311,0.857142857143,0.0698082787267,0.210666599317,1716
O16:Coculture:F17:Oxa,O16,joint,exact_fixed_budget,10,0.253315114449,0.857142857143,0.0658223250994,0.214652552945,1716
O16:Coculture:F17:Oxa,O16,joint,exact_fixed_budget,11,0.248352134197,0.857142857143,0.0628241671311,0.217650710913,1287
O16:Coculture:F17:Oxa,O16,joint,exact_fixed_budget,12,0.227992621337,0.857142857143,0.0603459793496,0.220128898694,715
O16:Coculture:F17:Oxa,O16,joint,exact_fixed_budget,13,0.206210945032,0.857142857143,0.0585449552484,0.221929922796,286
O16:Coculture:F17:Oxa,O16,joint,exact_fixed_budget,14,0.205856181838,0.857142857143,0.0568102647443,0.2236646133,78
O16:Coculture:F17:Oxa,O16,joint,exact_fixed_budget,15,0.211921330714,0.857142857143,0.0553952476741,0.22507963037,13
O16:Coculture:F17:Oxa,O16,joint,exact_fixed_budget,16,0.199827564229,0.857142857143,0.0542476662103,0.226227211834,1
O16:Coculture:F17:Oxa,O16,diagonal,exact_fixed_budget,3,0.110283387042,1,0.267019887966,0,1
O16:Coculture:F17:Oxa,O16,diagonal,exact_fixed_budget,4,0.0949214778223,1,0.129217436396,0.137802451569,13
O16:Coculture:F17:Oxa,O16,diagonal,exact_fixed_budget,5,0.0878624784302,1,0.097680074483,0.169339813483,78
O16:Coculture:F17:Oxa,O16,diagonal,exact_fixed_budget,6,0.0840765632594,1,0.0821925512078,0.184827336758,286
O16:Coculture:F17:Oxa,O16,diagonal,exact_fixed_budget,7,0.0840807621646,1,0.070965580188,0.196054307778,715
O16:Coculture:F17:Oxa,O16,diagonal,exact_fixed_budget,8,0.0970767185635,1,0.0622947771021,0.204725110864,1287
O16:Coculture:F17:Oxa,O16,diagonal,exact_fixed_budget,9,0.0926557827417,1,0.05631538607,0.210704501896,1716
O16:Coculture:F17:Oxa,O16,diagonal,exact_fixed_budget,10,0.0930639295743,1,0.0515810676561,0.21543882031,1716
O16:Coculture:F17:Oxa,O16,diagonal,exact_fixed_budget,11,0.0756814979384,1,0.0473575768087,0.219662311157,1287
O16:Coculture:F17:Oxa,O16,diagonal,exact_fixed_budget,12,0.0779163395388,1,0.0444115049677,0.222608382998,715
O16:Coculture:F17:Oxa,O16,diagonal,exact_fixed_budget,13,0.0760877587005,1,0.0417022576297,0.225317630336,286
O16:Coculture:F17:Oxa,O16,diagonal,exact_fixed_budget,14,0.0644344459873,1,0.0392273519641,0.227792536002,78
O16:Coculture:F17:Oxa,O16,diagonal,exact_fixed_budget,15,0.0540467899022,1,0.0381875006347,0.228832387331,13
O16:Coculture:F17:Oxa,O16,diagonal,exact_fixed_budget,16,0.0540467899022,1,0.0381875006347,0.228832387331,1
O16:Coculture:F17:SN-38,O16,joint,exact_fixed_budget,3,0.765629323961,0.857142857143,0.277257611944,0,1
O16:Coculture:F17:SN-38,O16,joint,exact_fixed_budget,4,0.856073739395,0.857142857143,0.141986636129,0.135270975815,13
O16:Coculture:F17:SN-38,O16,joint,exact_fixed_budget,5,0.523241025541,0.857142857143,0.117377687616,0.159879924328,78
O16:Coculture:F17:SN-38,O16,joint,exact_fixed_budget,6,0.422817955844,0.857142857143,0.0930408830139,0.18421672893,286
O16:Coculture:F17:SN-38,O16,joint,exact_fixed_budget,7,0.537153658075,0.714285714286,0.0842845487245,0.19297306322,715
O16:Coculture:F17:SN-38,O16,joint,exact_fixed_budget,8,0.36342249167,0.857142857143,0.0767994229069,0.200458189037,1287
O16:Coculture:F17:SN-38,O16,joint,exact_fixed_budget,9,0.270299259159,1,0.0720229370302,0.205234674914,1716
O16:Coculture:F17:SN-38,O16,joint,exact_fixed_budget,10,0.372246152735,0.857142857143,0.068255369939,0.209002242005,1716
O16:Coculture:F17:SN-38,O16,joint,exact_fixed_budget,11,0.422844698294,0.571428571429,0.0652521460081,0.212005465936,1287
O16:Coculture:F17:SN-38,O16,joint,exact_fixed_budget,12,0.361446783853,0.857142857143,0.0624196615889,0.214837950355,715
O16:Coculture:F17:SN-38,O16,joint,exact_fixed_budget,13,0.368369816941,0.857142857143,0.060736743078,0.216520868866,286
O16:Coculture:F17:SN-38,O16,joint,exact_fixed_budget,14,0.349437758931,0.857142857143,0.059065720296,0.218191891648,78
O16:Coculture:F17:SN-38,O16,joint,exact_fixed_budget,15,0.336451569911,0.857142857143,0.057537335827,0.219720276117,13
O16:Coculture:F17:SN-38,O16,joint,exact_fixed_budget,16,0.349913554427,0.714285714286,0.0564133585507,0.220844253393,1
O16:Coculture:F17:SN-38,O16,diagonal,exact_fixed_budget,3,0.871484636167,0.714285714286,0.260990994904,0,1
O16:Coculture:F17:SN-38,O16,diagonal,exact_fixed_budget,4,1.02132928501,0.285714285714,0.129151237072,0.131839757832,13
O16:Coculture:F17:SN-38,O16,diagonal,exact_fixed_budget,5,0.898640298974,0.428571428571,0.0976331423158,0.163357852588,78
O16:Coculture:F17:SN-38,O16,diagonal,exact_fixed_budget,6,1.06844553569,0.142857142857,0.0824541824899,0.178536812414,286
O16:Coculture:F17:SN-38,O16,diagonal,exact_fixed_budget,7,0.830654651994,0.428571428571,0.0712880117184,0.189702983185,715
O16:Coculture:F17:SN-38,O16,diagonal,exact_fixed_budget,8,0.663952804188,0.571428571429,0.0628129694369,0.198178025467,1287
O16:Coculture:F17:SN-38,O16,diagonal,exact_fixed_budget,9,0.99912969612,0.428571428571,0.0569733789787,0.204017615925,1716
O16:Coculture:F17:SN-38,O16,diagonal,exact_fixed_budget,10,0.79267683233,0.428571428571,0.0520441460796,0.208946848824,1716
O16:Coculture:F17:SN-38,O16,diagonal,exact_fixed_budget,11,0.832013241801,0.428571428571,0.0476825394107,0.213308455493,1287
O16:Coculture:F17:SN-38,O16,diagonal,exact_fixed_budget,12,0.90409289987,0.428571428571,0.0446661243149,0.216324870589,715
O16:Coculture:F17:SN-38,O16,diagonal,exact_fixed_budget,13,0.830484802628,0.428571428571,0.0418890993682,0.219101895535,286
O16:Coculture:F17:SN-38,O16,diagonal,exact_fixed_budget,14,0.802866661259,0.428571428571,0.0394667818013,0.221524213102,78
O16:Coculture:F17:SN-38,O16,diagonal,exact_fixed_budget,15,0.798525892962,0.428571428571,0.0380725066289,0.222918488275,13
O16:Coculture:F17:SN-38,O16,diagonal,exact_fixed_budget,16,0.798525892962,0.428571428571,0.0380725066289,0.222918488275,1
O16:Monoculture::5-FU,O16,joint,exact_fixed_budget,3,0.137094499279,1,0.280474878044,0,1
O16:Monoculture::5-FU,O16,joint,exact_fixed_budget,4,0.29341655624,0.857142857143,0.138036664512,0.142438213532,13
O16:Monoculture::5-FU,O16,joint,exact_fixed_budget,5,0.27572145225,1,0.113205720394,0.16726915765,78
O16:Monoculture::5-FU,O16,joint,exact_fixed_budget,6,0.270117250847,1,0.0914189699242,0.18905590812,286
O16:Monoculture::5-FU,O16,joint,exact_fixed_budget,7,0.201665607155,1,0.0823127632634,0.19816211478,715
O16:Monoculture::5-FU,O16,joint,exact_fixed_budget,8,0.249293414449,1,0.0745004708825,0.205974407161,1287
O16:Monoculture::5-FU,O16,joint,exact_fixed_budget,9,0.285268584251,0.857142857143,0.0698082787267,0.210666599317,1716
O16:Monoculture::5-FU,O16,joint,exact_fixed_budget,10,0.286108549431,0.857142857143,0.0658223250994,0.214652552945,1716
O16:Monoculture::5-FU,O16,joint,exact_fixed_budget,11,0.316046521299,0.714285714286,0.0628241671311,0.217650710913,1287
O16:Monoculture::5-FU,O16,joint,exact_fixed_budget,12,0.289338210181,0.857142857143,0.0603459793496,0.220128898694,715
O16:Monoculture::5-FU,O16,joint,exact_fixed_budget,13,0.279961992545,0.857142857143,0.0585449552484,0.221929922796,286
O16:Monoculture::5-FU,O16,joint,exact_fixed_budget,14,0.30076334566,0.857142857143,0.0568102647443,0.2236646133,78
O16:Monoculture::5-FU,O16,joint,exact_fixed_budget,15,0.307627848494,0.857142857143,0.0553952476741,0.22507963037,13
O16:Monoculture::5-FU,O16,joint,exact_fixed_budget,16,0.30515903691,0.857142857143,0.0542476662103,0.226227211834,1
O16:Monoculture::5-FU,O16,diagonal,exact_fixed_budget,3,0.138448718442,1,0.267019887966,0,1
O16:Monoculture::5-FU,O16,diagonal,exact_fixed_budget,4,0.223425469815,1,0.129217436396,0.137802451569,13
O16:Monoculture::5-FU,O16,diagonal,exact_fixed_budget,5,0.206375290474,1,0.097680074483,0.169339813483,78
O16:Monoculture::5-FU,O16,diagonal,exact_fixed_budget,6,0.169492684518,1,0.0821925512078,0.184827336758,286
O16:Monoculture::5-FU,O16,diagonal,exact_fixed_budget,7,0.202045557755,1,0.070965580188,0.196054307778,715
O16:Monoculture::5-FU,O16,diagonal,exact_fixed_budget,8,0.274762717467,0.857142857143,0.0622947771021,0.204725110864,1287
O16:Monoculture::5-FU,O16,diagonal,exact_fixed_budget,9,0.227252588164,0.857142857143,0.05631538607,0.210704501896,1716
O16:Monoculture::5-FU,O16,diagonal,exact_fixed_budget,10,0.25206457719,0.857142857143,0.0515810676561,0.21543882031,1716
O16:Monoculture::5-FU,O16,diagonal,exact_fixed_budget,11,0.212864841771,1,0.0473575768087,0.219662311157,1287
O16:Monoculture::5-FU,O16,diagonal,exact_fixed_budget,12,0.224908585779,1,0.0444115049677,0.222608382998,715
O16:Monoculture::5-FU,O16,diagonal,exact_fixed_budget,13,0.223489162352,1,0.0417022576297,0.225317630336,286
O16:Monoculture::5-FU,O16,diagonal,exact_fixed_budget,14,0.213220085084,1,0.0392273519641,0.227792536002,78
O16:Monoculture::5-FU,O16,diagonal,exact_fixed_budget,15,0.202977207506,1,0.0381875006347,0.228832387331,13
O16:Monoculture::5-FU,O16,diagonal,exact_fixed_budget,16,0.202977207506,1,0.0381875006347,0.228832387331,1
O16:Monoculture::Gef,O16,joint,exact_fixed_budget,3,0.537993315005,0.857142857143,0.28870561731,0,1
O16:Monoculture::Gef,O16,joint,exact_fixed_budget,4,0.476100533272,0.857142857143,0.133129620768,0.155575996543,13
O16:Monoculture::Gef,O16,joint,exact_fixed_budget,5,0.485738136592,0.857142857143,0.10657549529,0.18213012202,78
O16:Monoculture::Gef,O16,joint,exact_fixed_budget,6,0.49818019929,0.857142857143,0.088917258725,0.199788358586,286
O16:Monoculture::Gef,O16,joint,exact_fixed_budget,7,0.613929049766,0.857142857143,0.0790185914789,0.209687025832,715
O16:Monoculture::Gef,O16,joint,exact_fixed_budget,8,0.592028116601,0.857142857143,0.0714097576622,0.217295859648,1287
O16:Monoculture::Gef,O16,joint,exact_fixed_budget,9,0.611920613418,0.857142857143,0.0662182213605,0.22248739595,1716
O16:Monoculture::Gef,O16,joint,exact_fixed_budget,10,0.217525370628,0.857142857143,0.0622382543016,0.226467363009,1716
O16:Monoculture::Gef,O16,joint,exact_fixed_budget,11,0.223174435128,0.857142857143,0.059213700639,0.229491916671,1287
O16:Monoculture::Gef,O16,joint,exact_fixed_budget,12,0.214071291393,0.857142857143,0.0568906482353,0.231814969075,715
O16:Monoculture::Gef,O16,joint,exact_fixed_budget,13,0.212085283952,0.857142857143,0.0547695408573,0.233936076453,286
O16:Monoculture::Gef,O16,joint,exact_fixed_budget,14,0.246677422346,0.857142857143,0.0528527847747,0.235852832536,78
O16:Monoculture::Gef,O16,joint,exact_fixed_budget,15,0.249436833414,0.857142857143,0.0511999068445,0.237505710466,13
O16:Monoculture::Gef,O16,joint,exact_fixed_budget,16,0.261768533746,0.857142857143,0.0499574589007,0.23874815841,1
O16:Monoculture::Gef,O16,diagonal,exact_fixed_budget,3,0.665144167983,0.857142857143,0.280588225278,0,1
O16:Monoculture::Gef,O16,diagonal,exact_fixed_budget,4,0.688068419497,0.857142857143,0.130316967756,0.150271257522,13
O16:Monoculture::Gef,O16,diagonal,exact_fixed_budget,5,0.681510200341,0.857142857143,0.0981364215616,0.182451803717,78
O16:Monoculture::Gef,O16,diagonal,exact_fixed_budget,6,1.21184952795,0.857142857143,0.0816837015584,0.19890452372,286
O16:Monoculture::Gef,O16,diagonal,exact_fixed_budget,7,1.10256349653,0.857142857143,0.070481539631,0.210106685647,715
O16:Monoculture::Gef,O16,diagonal,exact_fixed_budget,8,0.311885056572,0.857142857143,0.0616035508859,0.218984674392,1287
O16:Monoculture::Gef,O16,diagonal,exact_fixed_budget,9,0.45340035867,0.857142857143,0.0552987596725,0.225289465606,1716
O16:Monoculture::Gef,O16,diagonal,exact_fixed_budget,10,0.446547429686,0.857142857143,0.050448058291,0.230140166987,1716
O16:Monoculture::Gef,O16,diagonal,exact_fixed_budget,11,0.458164697637,0.857142857143,0.0465111599213,0.234077065357,1287
O16:Monoculture::Gef,O16,diagonal,exact_fixed_budget,12,0.541421532316,0.857142857143,0.0434671400405,0.237121085238,715
O16:Monoculture::Gef,O16,diagonal,exact_fixed_budget,13,0.532610013358,0.857142857143,0.0407281522897,0.239860072988,286
O16:Monoculture::Gef,O16,diagonal,exact_fixed_budget,14,0.528776508299,0.857142857143,0.0384007525803,0.242187472698,78
O16:Monoculture::Gef,O16,diagonal,exact_fixed_budget,15,0.530430847485,0.857142857143,0.0378450099172,0.242743215361,13
O16:Monoculture::Gef,O16,diagonal,exact_fixed_budget,16,0.530430847485,0.857142857143,0.0378450099172,0.242743215361,1
O16:Monoculture::Oxa,O16,joint,exact_fixed_budget,3,0.194980785897,1,0.280474878044,0,1
O16:Monoculture::Oxa,O16,joint,exact_fixed_budget,4,0.378715187456,0.857142857143,0.138036664512,0.142438213532,13
O16:Monoculture::Oxa,O16,joint,exact_fixed_budget,5,0.284333782316,0.857142857143,0.113205720394,0.16726915765,78
O16:Monoculture::Oxa,O16,joint,exact_fixed_budget,6,0.267760648753,0.857142857143,0.0914189699242,0.18905590812,286
O16:Monoculture::Oxa,O16,joint,exact_fixed_budget,7,0.319997504763,0.857142857143,0.0823127632634,0.19816211478,715
O16:Monoculture::Oxa,O16,joint,exact_fixed_budget,8,0.303199127832,0.857142857143,0.0745004708825,0.205974407161,1287
O16:Monoculture::Oxa,O16,joint,exact_fixed_budget,9,0.26928461914,0.857142857143,0.0698082787267,0.210666599317,1716
O16:Monoculture::Oxa,O16,joint,exact_fixed_budget,10,0.224063356785,0.857142857143,0.0658223250994,0.214652552945,1716
O16:Monoculture::Oxa,O16,joint,exact_fixed_budget,11,0.21671589293,0.857142857143,0.0628241671311,0.217650710913,1287
O16:Monoculture::Oxa,O16,joint,exact_fixed_budget,12,0.221707364864,0.857142857143,0.0603459793496,0.220128898694,715
O16:Monoculture::Oxa,O16,joint,exact_fixed_budget,13,0.191017856871,0.857142857143,0.0585449552484,0.221929922796,286
O16:Monoculture::Oxa,O16,joint,exact_fixed_budget,14,0.191520643157,0.857142857143,0.0568102647443,0.2236646133,78
O16:Monoculture::Oxa,O16,joint,exact_fixed_budget,15,0.194153256346,0.857142857143,0.0553952476741,0.22507963037,13
O16:Monoculture::Oxa,O16,joint,exact_fixed_budget,16,0.157531142513,1,0.0542476662103,0.226227211834,1
O16:Monoculture::Oxa,O16,diagonal,exact_fixed_budget,3,0.178809431437,1,0.267019887966,0,1
O16:Monoculture::Oxa,O16,diagonal,exact_fixed_budget,4,0.302427821082,0.857142857143,0.129217436396,0.137802451569,13
O16:Monoculture::Oxa,O16,diagonal,exact_fixed_budget,5,0.238548502901,0.857142857143,0.097680074483,0.169339813483,78
O16:Monoculture::Oxa,O16,diagonal,exact_fixed_budget,6,0.281666191154,0.857142857143,0.0821925512078,0.184827336758,286
O16:Monoculture::Oxa,O16,diagonal,exact_fixed_budget,7,0.271448409412,0.857142857143,0.070965580188,0.196054307778,715
O16:Monoculture::Oxa,O16,diagonal,exact_fixed_budget,8,0.167821308458,0.857142857143,0.0622947771021,0.204725110864,1287
O16:Monoculture::Oxa,O16,diagonal,exact_fixed_budget,9,0.196225107217,0.857142857143,0.05631538607,0.210704501896,1716
O16:Monoculture::Oxa,O16,diagonal,exact_fixed_budget,10,0.192625138237,0.857142857143,0.0515810676561,0.21543882031,1716
O16:Monoculture::Oxa,O16,diagonal,exact_fixed_budget,11,0.194474036783,0.857142857143,0.0473575768087,0.219662311157,1287
O16:Monoculture::Oxa,O16,diagonal,exact_fixed_budget,12,0.162606386883,0.857142857143,0.0444115049677,0.222608382998,715
O16:Monoculture::Oxa,O16,diagonal,exact_fixed_budget,13,0.169388204043,0.857142857143,0.0417022576297,0.225317630336,286
O16:Monoculture::Oxa,O16,diagonal,exact_fixed_budget,14,0.125336495401,1,0.0392273519641,0.227792536002,78
O16:Monoculture::Oxa,O16,diagonal,exact_fixed_budget,15,0.120454191538,1,0.0381875006347,0.228832387331,13
O16:Monoculture::Oxa,O16,diagonal,exact_fixed_budget,16,0.120454191538,1,0.0381875006347,0.228832387331,1
O17:Coculture:F06:5-FU,O17,joint,exact_fixed_budget,3,0.103947109867,1,0.280474878044,0,1
O17:Coculture:F06:5-FU,O17,joint,exact_fixed_budget,4,0.0531636305607,1,0.138036664512,0.142438213532,13
O17:Coculture:F06:5-FU,O17,joint,exact_fixed_budget,5,0.0398047492387,1,0.113205720394,0.16726915765,78
O17:Coculture:F06:5-FU,O17,joint,exact_fixed_budget,6,0.0767653505344,1,0.0914189699242,0.18905590812,286
O17:Coculture:F06:5-FU,O17,joint,exact_fixed_budget,7,0.0736915477466,1,0.0823127632634,0.19816211478,715
O17:Coculture:F06:5-FU,O17,joint,exact_fixed_budget,8,0.0707581342244,1,0.0745004708825,0.205974407161,1287
O17:Coculture:F06:5-FU,O17,joint,exact_fixed_budget,9,0.0742504053327,1,0.0698082787267,0.210666599317,1716
O17:Coculture:F06:5-FU,O17,joint,exact_fixed_budget,10,0.067081457312,1,0.0658223250994,0.214652552945,1716
O17:Coculture:F06:5-FU,O17,joint,exact_fixed_budget,11,0.0655682339736,1,0.0628241671311,0.217650710913,1287
O17:Coculture:F06:5-FU,O17,joint,exact_fixed_budget,12,0.0619297452753,1,0.0603459793496,0.220128898694,715
O17:Coculture:F06:5-FU,O17,joint,exact_fixed_budget,13,0.048859874828,1,0.0585449552484,0.221929922796,286
O17:Coculture:F06:5-FU,O17,joint,exact_fixed_budget,14,0.0492870758694,1,0.0568102647443,0.2236646133,78
O17:Coculture:F06:5-FU,O17,joint,exact_fixed_budget,15,0.0494460030363,1,0.0553952476741,0.22507963037,13
O17:Coculture:F06:5-FU,O17,joint,exact_fixed_budget,16,0.0440934920205,1,0.0542476662103,0.226227211834,1
O17:Coculture:F06:5-FU,O17,diagonal,exact_fixed_budget,3,0.0922297370843,1,0.267019887966,0,1
O17:Coculture:F06:5-FU,O17,diagonal,exact_fixed_budget,4,0.0475756944929,1,0.129217436396,0.137802451569,13
O17:Coculture:F06:5-FU,O17,diagonal,exact_fixed_budget,5,0.0331371462771,1,0.097680074483,0.169339813483,78
O17:Coculture:F06:5-FU,O17,diagonal,exact_fixed_budget,6,0.0295978524569,1,0.0821925512078,0.184827336758,286
O17:Coculture:F06:5-FU,O17,diagonal,exact_fixed_budget,7,0.0272640376596,1,0.070965580188,0.196054307778,715
O17:Coculture:F06:5-FU,O17,diagonal,exact_fixed_budget,8,0.0237578351909,1,0.0622947771021,0.204725110864,1287
O17:Coculture:F06:5-FU,O17,diagonal,exact_fixed_budget,9,0.0242635345864,1,0.05631538607,0.210704501896,1716
O17:Coculture:F06:5-FU,O17,diagonal,exact_fixed_budget,10,0.0235780764,1,0.0515810676561,0.21543882031,1716
O17:Coculture:F06:5-FU,O17,diagonal,exact_fixed_budget,11,0.0204908716715,1,0.0473575768087,0.219662311157,1287
O17:Coculture:F06:5-FU,O17,diagonal,exact_fixed_budget,12,0.0199467248663,1,0.0444115049677,0.222608382998,715
O17:Coculture:F06:5-FU,O17,diagonal,exact_fixed_budget,13,0.0172543481568,1,0.0417022576297,0.225317630336,286
O17:Coculture:F06:5-FU,O17,diagonal,exact_fixed_budget,14,0.0144415962286,1,0.0392273519641,0.227792536002,78
O17:Coculture:F06:5-FU,O17,diagonal,exact_fixed_budget,15,0.0143093602131,1,0.0381875006347,0.228832387331,13
O17:Coculture:F06:5-FU,O17,diagonal,exact_fixed_budget,16,0.0143093602131,1,0.0381875006347,0.228832387331,1
O17:Coculture:F06:Oxa,O17,joint,exact_fixed_budget,3,0.0138020702861,1,0.280474878044,0,1
O17:Coculture:F06:Oxa,O17,joint,exact_fixed_budget,4,0.0219399625099,1,0.138036664512,0.142438213532,13
O17:Coculture:F06:Oxa,O17,joint,exact_fixed_budget,5,0.0577429268848,1,0.113205720394,0.16726915765,78
O17:Coculture:F06:Oxa,O17,joint,exact_fixed_budget,6,0.0796965845045,1,0.0914189699242,0.18905590812,286
O17:Coculture:F06:Oxa,O17,joint,exact_fixed_budget,7,0.057516085769,1,0.0823127632634,0.19816211478,715
O17:Coculture:F06:Oxa,O17,joint,exact_fixed_budget,8,0.0607163627077,1,0.0745004708825,0.205974407161,1287
O17:Coculture:F06:Oxa,O17,joint,exact_fixed_budget,9,0.0455870614502,1,0.0698082787267,0.210666599317,1716
O17:Coculture:F06:Oxa,O17,joint,exact_fixed_budget,10,0.047748265645,1,0.0658223250994,0.214652552945,1716
O17:Coculture:F06:Oxa,O17,joint,exact_fixed_budget,11,0.0383177100834,1,0.0628241671311,0.217650710913,1287
O17:Coculture:F06:Oxa,O17,joint,exact_fixed_budget,12,0.0340759977817,1,0.0603459793496,0.220128898694,715
O17:Coculture:F06:Oxa,O17,joint,exact_fixed_budget,13,0.0279729367614,1,0.0585449552484,0.221929922796,286
O17:Coculture:F06:Oxa,O17,joint,exact_fixed_budget,14,0.0246290611309,1,0.0568102647443,0.2236646133,78
O17:Coculture:F06:Oxa,O17,joint,exact_fixed_budget,15,0.0247859711511,1,0.0553952476741,0.22507963037,13
O17:Coculture:F06:Oxa,O17,joint,exact_fixed_budget,16,0.0182906442255,1,0.0542476662103,0.226227211834,1
O17:Coculture:F06:Oxa,O17,diagonal,exact_fixed_budget,3,0.0114330707537,1,0.267019887966,0,1
O17:Coculture:F06:Oxa,O17,diagonal,exact_fixed_budget,4,0.0152324665001,1,0.129217436396,0.137802451569,13
O17:Coculture:F06:Oxa,O17,diagonal,exact_fixed_budget,5,0.0362562515604,1,0.097680074483,0.169339813483,78
O17:Coculture:F06:Oxa,O17,diagonal,exact_fixed_budget,6,0.0257277755883,1,0.0821925512078,0.184827336758,286
O17:Coculture:F06:Oxa,O17,diagonal,exact_fixed_budget,7,0.0267663200524,1,0.070965580188,0.196054307778,715
O17:Coculture:F06:Oxa,O17,diagonal,exact_fixed_budget,8,0.0255971605011,1,0.0622947771021,0.204725110864,1287
O17:Coculture:F06:Oxa,O17,diagonal,exact_fixed_budget,9,0.0249424429258,1,0.05631538607,0.210704501896,1716
O17:Coculture:F06:Oxa,O17,diagonal,exact_fixed_budget,10,0.0242536571932,1,0.0515810676561,0.21543882031,1716
O17:Coculture:F06:Oxa,O17,diagonal,exact_fixed_budget,11,0.0217623996599,1,0.0473575768087,0.219662311157,1287
O17:Coculture:F06:Oxa,O17,diagonal,exact_fixed_budget,12,0.0216810446421,1,0.0444115049677,0.222608382998,715
O17:Coculture:F06:Oxa,O17,diagonal,exact_fixed_budget,13,0.0195514698753,1,0.0417022576297,0.225317630336,286
O17:Coculture:F06:Oxa,O17,diagonal,exact_fixed_budget,14,0.0183901132456,1,0.0392273519641,0.227792536002,78
O17:Coculture:F06:Oxa,O17,diagonal,exact_fixed_budget,15,0.0181788878351,1,0.0381875006347,0.228832387331,13
O17:Coculture:F06:Oxa,O17,diagonal,exact_fixed_budget,16,0.0181788878351,1,0.0381875006347,0.228832387331,1
O17:Coculture:F11:5-FU,O17,joint,exact_fixed_budget,3,0.0514175485364,1,0.280474878044,0,1
O17:Coculture:F11:5-FU,O17,joint,exact_fixed_budget,4,0.0588405642878,1,0.138036664512,0.142438213532,13
O17:Coculture:F11:5-FU,O17,joint,exact_fixed_budget,5,0.044965771719,1,0.113205720394,0.16726915765,78
O17:Coculture:F11:5-FU,O17,joint,exact_fixed_budget,6,0.056906871083,1,0.0914189699242,0.18905590812,286
O17:Coculture:F11:5-FU,O17,joint,exact_fixed_budget,7,0.0319893606965,1,0.0823127632634,0.19816211478,715
O17:Coculture:F11:5-FU,O17,joint,exact_fixed_budget,8,0.0341198151717,1,0.0745004708825,0.205974407161,1287
O17:Coculture:F11:5-FU,O17,joint,exact_fixed_budget,9,0.0343705087384,1,0.0698082787267,0.210666599317,1716
O17:Coculture:F11:5-FU,O17,joint,exact_fixed_budget,10,0.0370334418952,1,0.0658223250994,0.214652552945,1716
O17:Coculture:F11:5-FU,O17,joint,exact_fixed_budget,11,0.0461147524383,1,0.0628241671311,0.217650710913,1287
O17:Coculture:F11:5-FU,O17,joint,exact_fixed_budget,12,0.0455239171383,1,0.0603459793496,0.220128898694,715
O17:Coculture:F11:5-FU,O17,joint,exact_fixed_budget,13,0.0309300849461,1,0.0585449552484,0.221929922796,286
O17:Coculture:F11:5-FU,O17,joint,exact_fixed_budget,14,0.0346230641842,1,0.0568102647443,0.2236646133,78
O17:Coculture:F11:5-FU,O17,joint,exact_fixed_budget,15,0.0328610191347,1,0.0553952476741,0.22507963037,13
O17:Coculture:F11:5-FU,O17,joint,exact_fixed_budget,16,0.0326988583582,1,0.0542476662103,0.226227211834,1
O17:Coculture:F11:5-FU,O17,diagonal,exact_fixed_budget,3,0.0372970057286,1,0.267019887966,0,1
O17:Coculture:F11:5-FU,O17,diagonal,exact_fixed_budget,4,0.0509878745711,1,0.129217436396,0.137802451569,13
O17:Coculture:F11:5-FU,O17,diagonal,exact_fixed_budget,5,0.0322992908877,1,0.097680074483,0.169339813483,78
O17:Coculture:F11:5-FU,O17,diagonal,exact_fixed_budget,6,0.0314223589773,1,0.0821925512078,0.184827336758,286
O17:Coculture:F11:5-FU,O17,diagonal,exact_fixed_budget,7,0.0301932315417,1,0.070965580188,0.196054307778,715
O17:Coculture:F11:5-FU,O17,diagonal,exact_fixed_budget,8,0.0428443962197,1,0.0622947771021,0.204725110864,1287
O17:Coculture:F11:5-FU,O17,diagonal,exact_fixed_budget,9,0.02957975509,1,0.05631538607,0.210704501896,1716
O17:Coculture:F11:5-FU,O17,diagonal,exact_fixed_budget,10,0.031245188354,1,0.0515810676561,0.21543882031,1716
O17:Coculture:F11:5-FU,O17,diagonal,exact_fixed_budget,11,0.0305628871065,1,0.0473575768087,0.219662311157,1287
O17:Coculture:F11:5-FU,O17,diagonal,exact_fixed_budget,12,0.0263754205454,1,0.0444115049677,0.222608382998,715
O17:Coculture:F11:5-FU,O17,diagonal,exact_fixed_budget,13,0.0266377662911,1,0.0417022576297,0.225317630336,286
O17:Coculture:F11:5-FU,O17,diagonal,exact_fixed_budget,14,0.0269071419216,1,0.0392273519641,0.227792536002,78
O17:Coculture:F11:5-FU,O17,diagonal,exact_fixed_budget,15,0.0267554545376,1,0.0381875006347,0.228832387331,13
O17:Coculture:F11:5-FU,O17,diagonal,exact_fixed_budget,16,0.0267554545376,1,0.0381875006347,0.228832387331,1
O17:Coculture:F11:Oxa,O17,joint,exact_fixed_budget,3,0.0409061625483,1,0.280474878044,0,1
O17:Coculture:F11:Oxa,O17,joint,exact_fixed_budget,4,0.0237421868905,1,0.138036664512,0.142438213532,13
O17:Coculture:F11:Oxa,O17,joint,exact_fixed_budget,5,0.0441915665238,1,0.113205720394,0.16726915765,78
O17:Coculture:F11:Oxa,O17,joint,exact_fixed_budget,6,0.0282557667943,1,0.0914189699242,0.18905590812,286
O17:Coculture:F11:Oxa,O17,joint,exact_fixed_budget,7,0.0482273913365,1,0.0823127632634,0.19816211478,715
O17:Coculture:F11:Oxa,O17,joint,exact_fixed_budget,8,0.026622492829,1,0.0745004708825,0.205974407161,1287
O17:Coculture:F11:Oxa,O17,joint,exact_fixed_budget,9,0.0283024051582,1,0.0698082787267,0.210666599317,1716
O17:Coculture:F11:Oxa,O17,joint,exact_fixed_budget,10,0.0284250057513,1,0.0658223250994,0.214652552945,1716
O17:Coculture:F11:Oxa,O17,joint,exact_fixed_budget,11,0.0221272549698,1,0.0628241671311,0.217650710913,1287
O17:Coculture:F11:Oxa,O17,joint,exact_fixed_budget,12,0.0221694740416,1,0.0603459793496,0.220128898694,715
O17:Coculture:F11:Oxa,O17,joint,exact_fixed_budget,13,0.0243021727898,1,0.0585449552484,0.221929922796,286
O17:Coculture:F11:Oxa,O17,joint,exact_fixed_budget,14,0.0227077519044,1,0.0568102647443,0.2236646133,78
O17:Coculture:F11:Oxa,O17,joint,exact_fixed_budget,15,0.0188860834286,1,0.0553952476741,0.22507963037,13
O17:Coculture:F11:Oxa,O17,joint,exact_fixed_budget,16,0.0204966315088,1,0.0542476662103,0.226227211834,1
O17:Coculture:F11:Oxa,O17,diagonal,exact_fixed_budget,3,0.0483282858109,1,0.267019887966,0,1
O17:Coculture:F11:Oxa,O17,diagonal,exact_fixed_budget,4,0.0221314058803,1,0.129217436396,0.137802451569,13
O17:Coculture:F11:Oxa,O17,diagonal,exact_fixed_budget,5,0.0578774394574,1,0.097680074483,0.169339813483,78
O17:Coculture:F11:Oxa,O17,diagonal,exact_fixed_budget,6,0.0296239765441,1,0.0821925512078,0.184827336758,286
O17:Coculture:F11:Oxa,O17,diagonal,exact_fixed_budget,7,0.0284784842657,1,0.070965580188,0.196054307778,715
O17:Coculture:F11:Oxa,O17,diagonal,exact_fixed_budget,8,0.0811071675443,1,0.0622947771021,0.204725110864,1287
O17:Coculture:F11:Oxa,O17,diagonal,exact_fixed_budget,9,0.0346066156911,1,0.05631538607,0.210704501896,1716
O17:Coculture:F11:Oxa,O17,diagonal,exact_fixed_budget,10,0.0426912151479,1,0.0515810676561,0.21543882031,1716
O17:Coculture:F11:Oxa,O17,diagonal,exact_fixed_budget,11,0.0396462142145,1,0.0473575768087,0.219662311157,1287
O17:Coculture:F11:Oxa,O17,diagonal,exact_fixed_budget,12,0.0412855187973,1,0.0444115049677,0.222608382998,715
O17:Coculture:F11:Oxa,O17,diagonal,exact_fixed_budget,13,0.0432209032037,1,0.0417022576297,0.225317630336,286
O17:Coculture:F11:Oxa,O17,diagonal,exact_fixed_budget,14,0.0514380175543,1,0.0392273519641,0.227792536002,78
O17:Coculture:F11:Oxa,O17,diagonal,exact_fixed_budget,15,0.0579106301497,1,0.0381875006347,0.228832387331,13
O17:Coculture:F11:Oxa,O17,diagonal,exact_fixed_budget,16,0.0579106301497,1,0.0381875006347,0.228832387331,1
O17:Monoculture::5-FU,O17,joint,exact_fixed_budget,3,0.0316285517669,1,0.280474878044,0,1
O17:Monoculture::5-FU,O17,joint,exact_fixed_budget,4,0.0358701822832,1,0.138036664512,0.142438213532,13
O17:Monoculture::5-FU,O17,joint,exact_fixed_budget,5,0.0413980483691,1,0.113205720394,0.16726915765,78
O17:Monoculture::5-FU,O17,joint,exact_fixed_budget,6,0.0279929905527,1,0.0914189699242,0.18905590812,286
O17:Monoculture::5-FU,O17,joint,exact_fixed_budget,7,0.0268360093153,1,0.0823127632634,0.19816211478,715
O17:Monoculture::5-FU,O17,joint,exact_fixed_budget,8,0.0266350369657,1,0.0745004708825,0.205974407161,1287
O17:Monoculture::5-FU,O17,joint,exact_fixed_budget,9,0.0249830521011,1,0.0698082787267,0.210666599317,1716
O17:Monoculture::5-FU,O17,joint,exact_fixed_budget,10,0.0257256100282,1,0.0658223250994,0.214652552945,1716
O17:Monoculture::5-FU,O17,joint,exact_fixed_budget,11,0.0279557498103,1,0.0628241671311,0.217650710913,1287
O17:Monoculture::5-FU,O17,joint,exact_fixed_budget,12,0.0247521440574,1,0.0603459793496,0.220128898694,715
O17:Monoculture::5-FU,O17,joint,exact_fixed_budget,13,0.0228537028973,1,0.0585449552484,0.221929922796,286
O17:Monoculture::5-FU,O17,joint,exact_fixed_budget,14,0.022544416051,1,0.0568102647443,0.2236646133,78
O17:Monoculture::5-FU,O17,joint,exact_fixed_budget,15,0.022771990224,1,0.0553952476741,0.22507963037,13
O17:Monoculture::5-FU,O17,joint,exact_fixed_budget,16,0.0226432077492,1,0.0542476662103,0.226227211834,1
O17:Monoculture::5-FU,O17,diagonal,exact_fixed_budget,3,0.0426714592851,1,0.267019887966,0,1
O17:Monoculture::5-FU,O17,diagonal,exact_fixed_budget,4,0.0308152318249,1,0.129217436396,0.137802451569,13
O17:Monoculture::5-FU,O17,diagonal,exact_fixed_budget,5,0.0321171647622,1,0.097680074483,0.169339813483,78
O17:Monoculture::5-FU,O17,diagonal,exact_fixed_budget,6,0.028405108899,1,0.0821925512078,0.184827336758,286
O17:Monoculture::5-FU,O17,diagonal,exact_fixed_budget,7,0.0295371674368,1,0.070965580188,0.196054307778,715
O17:Monoculture::5-FU,O17,diagonal,exact_fixed_budget,8,0.050345381066,1,0.0622947771021,0.204725110864,1287
O17:Monoculture::5-FU,O17,diagonal,exact_fixed_budget,9,0.0334483624357,1,0.05631538607,0.210704501896,1716
O17:Monoculture::5-FU,O17,diagonal,exact_fixed_budget,10,0.0392185681733,1,0.0515810676561,0.21543882031,1716
O17:Monoculture::5-FU,O17,diagonal,exact_fixed_budget,11,0.0400926462321,1,0.0473575768087,0.219662311157,1287
O17:Monoculture::5-FU,O17,diagonal,exact_fixed_budget,12,0.0354800193997,1,0.0444115049677,0.222608382998,715
O17:Monoculture::5-FU,O17,diagonal,exact_fixed_budget,13,0.0343796363544,1,0.0417022576297,0.225317630336,286
O17:Monoculture::5-FU,O17,diagonal,exact_fixed_budget,14,0.0365387064426,1,0.0392273519641,0.227792536002,78
O17:Monoculture::5-FU,O17,diagonal,exact_fixed_budget,15,0.0366714034161,1,0.0381875006347,0.228832387331,13
O17:Monoculture::5-FU,O17,diagonal,exact_fixed_budget,16,0.0366714034161,1,0.0381875006347,0.228832387331,1
O18:Coculture:F20:Oxa,O18,joint,exact_fixed_budget,3,0.111756051225,1,0.280474878044,0,1
O18:Coculture:F20:Oxa,O18,joint,exact_fixed_budget,4,0.0760620202219,1,0.138036664512,0.142438213532,13
O18:Coculture:F20:Oxa,O18,joint,exact_fixed_budget,5,0.0689605335788,1,0.113205720394,0.16726915765,78
O18:Coculture:F20:Oxa,O18,joint,exact_fixed_budget,6,0.0895008100097,1,0.0914189699242,0.18905590812,286
O18:Coculture:F20:Oxa,O18,joint,exact_fixed_budget,7,0.0539675263007,1,0.0823127632634,0.19816211478,715
O18:Coculture:F20:Oxa,O18,joint,exact_fixed_budget,8,0.0543204573949,1,0.0745004708825,0.205974407161,1287
O18:Coculture:F20:Oxa,O18,joint,exact_fixed_budget,9,0.0566358532503,1,0.0698082787267,0.210666599317,1716
O18:Coculture:F20:Oxa,O18,joint,exact_fixed_budget,10,0.0502778941196,1,0.0658223250994,0.214652552945,1716
O18:Coculture:F20:Oxa,O18,joint,exact_fixed_budget,11,0.0512764485715,1,0.0628241671311,0.217650710913,1287
O18:Coculture:F20:Oxa,O18,joint,exact_fixed_budget,12,0.0485213520676,1,0.0603459793496,0.220128898694,715
O18:Coculture:F20:Oxa,O18,joint,exact_fixed_budget,13,0.0470302382086,1,0.0585449552484,0.221929922796,286
O18:Coculture:F20:Oxa,O18,joint,exact_fixed_budget,14,0.0475158065667,1,0.0568102647443,0.2236646133,78
O18:Coculture:F20:Oxa,O18,joint,exact_fixed_budget,15,0.0484087629232,1,0.0553952476741,0.22507963037,13
O18:Coculture:F20:Oxa,O18,joint,exact_fixed_budget,16,0.048441254428,1,0.0542476662103,0.226227211834,1
O18:Coculture:F20:Oxa,O18,diagonal,exact_fixed_budget,3,0.0971629460988,1,0.267019887966,0,1
O18:Coculture:F20:Oxa,O18,diagonal,exact_fixed_budget,4,0.0775116172517,1,0.129217436396,0.137802451569,13
O18:Coculture:F20:Oxa,O18,diagonal,exact_fixed_budget,5,0.0585651020828,1,0.097680074483,0.169339813483,78
O18:Coculture:F20:Oxa,O18,diagonal,exact_fixed_budget,6,0.0502464823291,1,0.0821925512078,0.184827336758,286
O18:Coculture:F20:Oxa,O18,diagonal,exact_fixed_budget,7,0.0504140398536,1,0.070965580188,0.196054307778,715
O18:Coculture:F20:Oxa,O18,diagonal,exact_fixed_budget,8,0.0551861819226,1,0.0622947771021,0.204725110864,1287
O18:Coculture:F20:Oxa,O18,diagonal,exact_fixed_budget,9,0.0476204980469,1,0.05631538607,0.210704501896,1716
O18:Coculture:F20:Oxa,O18,diagonal,exact_fixed_budget,10,0.0475660315042,1,0.0515810676561,0.21543882031,1716
O18:Coculture:F20:Oxa,O18,diagonal,exact_fixed_budget,11,0.0410806783526,1,0.0473575768087,0.219662311157,1287
O18:Coculture:F20:Oxa,O18,diagonal,exact_fixed_budget,12,0.0422814573687,1,0.0444115049677,0.222608382998,715
O18:Coculture:F20:Oxa,O18,diagonal,exact_fixed_budget,13,0.0419501622556,1,0.0417022576297,0.225317630336,286
O18:Coculture:F20:Oxa,O18,diagonal,exact_fixed_budget,14,0.0417982081116,1,0.0392273519641,0.227792536002,78
O18:Coculture:F20:Oxa,O18,diagonal,exact_fixed_budget,15,0.0426463434791,1,0.0381875006347,0.228832387331,13
O18:Coculture:F20:Oxa,O18,diagonal,exact_fixed_budget,16,0.0426463434791,1,0.0381875006347,0.228832387331,1
O18:Monoculture::5-FU,O18,joint,exact_fixed_budget,3,0.282683125457,1,0.280474878044,0,1
O18:Monoculture::5-FU,O18,joint,exact_fixed_budget,4,0.0693168174344,1,0.138036664512,0.142438213532,13
O18:Monoculture::5-FU,O18,joint,exact_fixed_budget,5,0.15329525481,1,0.113205720394,0.16726915765,78
O18:Monoculture::5-FU,O18,joint,exact_fixed_budget,6,0.317350641899,0.857142857143,0.0914189699242,0.18905590812,286
O18:Monoculture::5-FU,O18,joint,exact_fixed_budget,7,0.307993843977,0.857142857143,0.0823127632634,0.19816211478,715
O18:Monoculture::5-FU,O18,joint,exact_fixed_budget,8,0.272515468181,0.857142857143,0.0745004708825,0.205974407161,1287
O18:Monoculture::5-FU,O18,joint,exact_fixed_budget,9,0.30006957078,0.857142857143,0.0698082787267,0.210666599317,1716
O18:Monoculture::5-FU,O18,joint,exact_fixed_budget,10,0.300642297044,0.857142857143,0.0658223250994,0.214652552945,1716
O18:Monoculture::5-FU,O18,joint,exact_fixed_budget,11,0.305058926389,0.857142857143,0.0628241671311,0.217650710913,1287
O18:Monoculture::5-FU,O18,joint,exact_fixed_budget,12,0.298353060217,0.857142857143,0.0603459793496,0.220128898694,715
O18:Monoculture::5-FU,O18,joint,exact_fixed_budget,13,0.291744754886,0.857142857143,0.0585449552484,0.221929922796,286
O18:Monoculture::5-FU,O18,joint,exact_fixed_budget,14,0.294201808568,0.857142857143,0.0568102647443,0.2236646133,78
O18:Monoculture::5-FU,O18,joint,exact_fixed_budget,15,0.285048629382,0.857142857143,0.0553952476741,0.22507963037,13
O18:Monoculture::5-FU,O18,joint,exact_fixed_budget,16,0.271416453563,0.857142857143,0.0542476662103,0.226227211834,1
O18:Monoculture::5-FU,O18,diagonal,exact_fixed_budget,3,0.275763875943,1,0.267019887966,0,1
O18:Monoculture::5-FU,O18,diagonal,exact_fixed_budget,4,0.0804443395287,1,0.129217436396,0.137802451569,13
O18:Monoculture::5-FU,O18,diagonal,exact_fixed_budget,5,0.143093879617,1,0.097680074483,0.169339813483,78
O18:Monoculture::5-FU,O18,diagonal,exact_fixed_budget,6,0.135434901095,1,0.0821925512078,0.184827336758,286
O18:Monoculture::5-FU,O18,diagonal,exact_fixed_budget,7,0.11110202835,1,0.070965580188,0.196054307778,715
O18:Monoculture::5-FU,O18,diagonal,exact_fixed_budget,8,0.155936465682,1,0.0622947771021,0.204725110864,1287
O18:Monoculture::5-FU,O18,diagonal,exact_fixed_budget,9,0.131580765111,1,0.05631538607,0.210704501896,1716
O18:Monoculture::5-FU,O18,diagonal,exact_fixed_budget,10,0.131667976755,1,0.0515810676561,0.21543882031,1716
O18:Monoculture::5-FU,O18,diagonal,exact_fixed_budget,11,0.126328659214,1,0.0473575768087,0.219662311157,1287
O18:Monoculture::5-FU,O18,diagonal,exact_fixed_budget,12,0.127638520798,1,0.0444115049677,0.222608382998,715
O18:Monoculture::5-FU,O18,diagonal,exact_fixed_budget,13,0.120884551094,1,0.0417022576297,0.225317630336,286
O18:Monoculture::5-FU,O18,diagonal,exact_fixed_budget,14,0.114035146166,1,0.0392273519641,0.227792536002,78
O18:Monoculture::5-FU,O18,diagonal,exact_fixed_budget,15,0.122583154076,1,0.0381875006347,0.228832387331,13
O18:Monoculture::5-FU,O18,diagonal,exact_fixed_budget,16,0.122583154076,1,0.0381875006347,0.228832387331,1
O19:Coculture:F19:SN-38,O19,joint,exact_fixed_budget,3,1.3036708074,0.857142857143,0.277257611944,0,1
O19:Coculture:F19:SN-38,O19,joint,exact_fixed_budget,4,1.42729093425,0.857142857143,0.141986636129,0.135270975815,13
O19:Coculture:F19:SN-38,O19,joint,exact_fixed_budget,5,1.50487369122,0.857142857143,0.117377687616,0.159879924328,78
O19:Coculture:F19:SN-38,O19,joint,exact_fixed_budget,6,1.48701786464,0.857142857143,0.0930408830139,0.18421672893,286
O19:Coculture:F19:SN-38,O19,joint,exact_fixed_budget,7,1.27276553906,0.857142857143,0.0842845487245,0.19297306322,715
O19:Coculture:F19:SN-38,O19,joint,exact_fixed_budget,8,1.31366465733,0.857142857143,0.0767994229069,0.200458189037,1287
O19:Coculture:F19:SN-38,O19,joint,exact_fixed_budget,9,1.42150695519,0.857142857143,0.0720229370302,0.205234674914,1716
O19:Coculture:F19:SN-38,O19,joint,exact_fixed_budget,10,1.3181658908,0.857142857143,0.068255369939,0.209002242005,1716
O19:Coculture:F19:SN-38,O19,joint,exact_fixed_budget,11,1.33730706731,0.857142857143,0.0652521460081,0.212005465936,1287
O19:Coculture:F19:SN-38,O19,joint,exact_fixed_budget,12,1.32730063158,0.857142857143,0.0624196615889,0.214837950355,715
O19:Coculture:F19:SN-38,O19,joint,exact_fixed_budget,13,1.26989231303,0.857142857143,0.060736743078,0.216520868866,286
O19:Coculture:F19:SN-38,O19,joint,exact_fixed_budget,14,1.272344624,0.857142857143,0.059065720296,0.218191891648,78
O19:Coculture:F19:SN-38,O19,joint,exact_fixed_budget,15,1.27935631878,0.857142857143,0.057537335827,0.219720276117,13
O19:Coculture:F19:SN-38,O19,joint,exact_fixed_budget,16,1.25994293557,0.857142857143,0.0564133585507,0.220844253393,1
O19:Coculture:F19:SN-38,O19,diagonal,exact_fixed_budget,3,1.41951877715,0.857142857143,0.260990994904,0,1
O19:Coculture:F19:SN-38,O19,diagonal,exact_fixed_budget,4,1.53065801664,0.857142857143,0.129151237072,0.131839757832,13
O19:Coculture:F19:SN-38,O19,diagonal,exact_fixed_budget,5,1.52205092848,0.857142857143,0.0976331423158,0.163357852588,78
O19:Coculture:F19:SN-38,O19,diagonal,exact_fixed_budget,6,1.30884250856,0.857142857143,0.0824541824899,0.178536812414,286
O19:Coculture:F19:SN-38,O19,diagonal,exact_fixed_budget,7,1.34661027072,0.857142857143,0.0712880117184,0.189702983185,715
O19:Coculture:F19:SN-38,O19,diagonal,exact_fixed_budget,8,1.41941381773,0.857142857143,0.0628129694369,0.198178025467,1287
O19:Coculture:F19:SN-38,O19,diagonal,exact_fixed_budget,9,1.3334594306,0.857142857143,0.0569733789787,0.204017615925,1716
O19:Coculture:F19:SN-38,O19,diagonal,exact_fixed_budget,10,1.33124774542,0.857142857143,0.0520441460796,0.208946848824,1716
O19:Coculture:F19:SN-38,O19,diagonal,exact_fixed_budget,11,1.33378574617,0.857142857143,0.0476825394107,0.213308455493,1287
O19:Coculture:F19:SN-38,O19,diagonal,exact_fixed_budget,12,1.28105130029,0.857142857143,0.0446661243149,0.216324870589,715
O19:Coculture:F19:SN-38,O19,diagonal,exact_fixed_budget,13,1.28172678619,0.857142857143,0.0418890993682,0.219101895535,286
O19:Coculture:F19:SN-38,O19,diagonal,exact_fixed_budget,14,1.28254246198,0.857142857143,0.0394667818013,0.221524213102,78
O19:Coculture:F19:SN-38,O19,diagonal,exact_fixed_budget,15,1.27984782748,0.857142857143,0.0380725066289,0.222918488275,13
O19:Coculture:F19:SN-38,O19,diagonal,exact_fixed_budget,16,1.27984782748,0.857142857143,0.0380725066289,0.222918488275,1
O19:Monoculture::5-FU,O19,joint,exact_fixed_budget,3,0.123592095722,1,0.280474878044,0,1
O19:Monoculture::5-FU,O19,joint,exact_fixed_budget,4,0.15287753379,1,0.138036664512,0.142438213532,13
O19:Monoculture::5-FU,O19,joint,exact_fixed_budget,5,0.170791770629,0.857142857143,0.113205720394,0.16726915765,78
O19:Monoculture::5-FU,O19,joint,exact_fixed_budget,6,0.144664203576,1,0.0914189699242,0.18905590812,286
O19:Monoculture::5-FU,O19,joint,exact_fixed_budget,7,0.186113476722,1,0.0823127632634,0.19816211478,715
O19:Monoculture::5-FU,O19,joint,exact_fixed_budget,8,0.161966145924,1,0.0745004708825,0.205974407161,1287
O19:Monoculture::5-FU,O19,joint,exact_fixed_budget,9,0.170109002952,0.857142857143,0.0698082787267,0.210666599317,1716
O19:Monoculture::5-FU,O19,joint,exact_fixed_budget,10,0.167688862317,0.857142857143,0.0658223250994,0.214652552945,1716
O19:Monoculture::5-FU,O19,joint,exact_fixed_budget,11,0.162137892669,0.857142857143,0.0628241671311,0.217650710913,1287
O19:Monoculture::5-FU,O19,joint,exact_fixed_budget,12,0.152459225571,1,0.0603459793496,0.220128898694,715
O19:Monoculture::5-FU,O19,joint,exact_fixed_budget,13,0.170788094815,1,0.0585449552484,0.221929922796,286
O19:Monoculture::5-FU,O19,joint,exact_fixed_budget,14,0.163450601086,1,0.0568102647443,0.2236646133,78
O19:Monoculture::5-FU,O19,joint,exact_fixed_budget,15,0.1658899565,1,0.0553952476741,0.22507963037,13
O19:Monoculture::5-FU,O19,joint,exact_fixed_budget,16,0.161283242549,1,0.0542476662103,0.226227211834,1
O19:Monoculture::5-FU,O19,diagonal,exact_fixed_budget,3,0.124952187405,1,0.267019887966,0,1
O19:Monoculture::5-FU,O19,diagonal,exact_fixed_budget,4,0.154706760847,1,0.129217436396,0.137802451569,13
O19:Monoculture::5-FU,O19,diagonal,exact_fixed_budget,5,0.170225563569,0.857142857143,0.097680074483,0.169339813483,78
O19:Monoculture::5-FU,O19,diagonal,exact_fixed_budget,6,0.222033460407,0.857142857143,0.0821925512078,0.184827336758,286
O19:Monoculture::5-FU,O19,diagonal,exact_fixed_budget,7,0.19618073051,0.857142857143,0.070965580188,0.196054307778,715
O19:Monoculture::5-FU,O19,diagonal,exact_fixed_budget,8,0.179817579331,0.857142857143,0.0622947771021,0.204725110864,1287
O19:Monoculture::5-FU,O19,diagonal,exact_fixed_budget,9,0.200900674899,0.857142857143,0.05631538607,0.210704501896,1716
O19:Monoculture::5-FU,O19,diagonal,exact_fixed_budget,10,0.193884964537,0.857142857143,0.0515810676561,0.21543882031,1716
O19:Monoculture::5-FU,O19,diagonal,exact_fixed_budget,11,0.18456657723,0.857142857143,0.0473575768087,0.219662311157,1287
O19:Monoculture::5-FU,O19,diagonal,exact_fixed_budget,12,0.195184413679,0.857142857143,0.0444115049677,0.222608382998,715
O19:Monoculture::5-FU,O19,diagonal,exact_fixed_budget,13,0.197913072751,0.857142857143,0.0417022576297,0.225317630336,286
O19:Monoculture::5-FU,O19,diagonal,exact_fixed_budget,14,0.190943416255,0.857142857143,0.0392273519641,0.227792536002,78
O19:Monoculture::5-FU,O19,diagonal,exact_fixed_budget,15,0.185180303436,0.857142857143,0.0381875006347,0.228832387331,13
O19:Monoculture::5-FU,O19,diagonal,exact_fixed_budget,16,0.185180303436,0.857142857143,0.0381875006347,0.228832387331,1
O19:Monoculture::Oxa,O19,joint,exact_fixed_budget,3,0.427218186963,0.857142857143,0.280474878044,0,1
O19:Monoculture::Oxa,O19,joint,exact_fixed_budget,4,0.389135307769,0.857142857143,0.138036664512,0.142438213532,13
O19:Monoculture::Oxa,O19,joint,exact_fixed_budget,5,0.43538161191,0.857142857143,0.113205720394,0.16726915765,78
O19:Monoculture::Oxa,O19,joint,exact_fixed_budget,6,0.423860999155,0.857142857143,0.0914189699242,0.18905590812,286
O19:Monoculture::Oxa,O19,joint,exact_fixed_budget,7,0.432116127578,0.857142857143,0.0823127632634,0.19816211478,715
O19:Monoculture::Oxa,O19,joint,exact_fixed_budget,8,0.439290970178,0.857142857143,0.0745004708825,0.205974407161,1287
O19:Monoculture::Oxa,O19,joint,exact_fixed_budget,9,0.443199742781,0.857142857143,0.0698082787267,0.210666599317,1716
O19:Monoculture::Oxa,O19,joint,exact_fixed_budget,10,0.420967012619,0.857142857143,0.0658223250994,0.214652552945,1716
O19:Monoculture::Oxa,O19,joint,exact_fixed_budget,11,0.418610614838,0.857142857143,0.0628241671311,0.217650710913,1287
O19:Monoculture::Oxa,O19,joint,exact_fixed_budget,12,0.416625365959,0.857142857143,0.0603459793496,0.220128898694,715
O19:Monoculture::Oxa,O19,joint,exact_fixed_budget,13,0.41598456759,0.857142857143,0.0585449552484,0.221929922796,286
O19:Monoculture::Oxa,O19,joint,exact_fixed_budget,14,0.41463997315,0.857142857143,0.0568102647443,0.2236646133,78
O19:Monoculture::Oxa,O19,joint,exact_fixed_budget,15,0.406416345016,0.857142857143,0.0553952476741,0.22507963037,13
O19:Monoculture::Oxa,O19,joint,exact_fixed_budget,16,0.408589591103,0.857142857143,0.0542476662103,0.226227211834,1
O19:Monoculture::Oxa,O19,diagonal,exact_fixed_budget,3,0.454108054773,0.857142857143,0.267019887966,0,1
O19:Monoculture::Oxa,O19,diagonal,exact_fixed_budget,4,0.427343032345,0.857142857143,0.129217436396,0.137802451569,13
O19:Monoculture::Oxa,O19,diagonal,exact_fixed_budget,5,0.470037024416,0.857142857143,0.097680074483,0.169339813483,78
O19:Monoculture::Oxa,O19,diagonal,exact_fixed_budget,6,0.473695480326,0.857142857143,0.0821925512078,0.184827336758,286
O19:Monoculture::Oxa,O19,diagonal,exact_fixed_budget,7,0.482140144268,0.857142857143,0.070965580188,0.196054307778,715
O19:Monoculture::Oxa,O19,diagonal,exact_fixed_budget,8,0.430217052247,0.857142857143,0.0622947771021,0.204725110864,1287
O19:Monoculture::Oxa,O19,diagonal,exact_fixed_budget,9,0.442844608337,0.857142857143,0.05631538607,0.210704501896,1716
O19:Monoculture::Oxa,O19,diagonal,exact_fixed_budget,10,0.441218771358,0.857142857143,0.0515810676561,0.21543882031,1716
O19:Monoculture::Oxa,O19,diagonal,exact_fixed_budget,11,0.43755226235,0.857142857143,0.0473575768087,0.219662311157,1287
O19:Monoculture::Oxa,O19,diagonal,exact_fixed_budget,12,0.435674011402,0.857142857143,0.0444115049677,0.222608382998,715
O19:Monoculture::Oxa,O19,diagonal,exact_fixed_budget,13,0.434840537878,0.857142857143,0.0417022576297,0.225317630336,286
O19:Monoculture::Oxa,O19,diagonal,exact_fixed_budget,14,0.438980193405,0.857142857143,0.0392273519641,0.227792536002,78
O19:Monoculture::Oxa,O19,diagonal,exact_fixed_budget,15,0.441472030467,0.857142857143,0.0381875006347,0.228832387331,13
O19:Monoculture::Oxa,O19,diagonal,exact_fixed_budget,16,0.441472030467,0.857142857143,0.0381875006347,0.228832387331,1
O20:Coculture:F20:5-FU,O20,joint,exact_fixed_budget,3,1.85476667717,0.428571428571,0.280474878044,0,1
O20:Coculture:F20:5-FU,O20,joint,exact_fixed_budget,4,0.293277560552,1,0.138036664512,0.142438213532,13
O20:Coculture:F20:5-FU,O20,joint,exact_fixed_budget,5,0.374643554669,1,0.113205720394,0.16726915765,78
O20:Coculture:F20:5-FU,O20,joint,exact_fixed_budget,6,0.615355167147,0.571428571429,0.0914189699242,0.18905590812,286
O20:Coculture:F20:5-FU,O20,joint,exact_fixed_budget,7,0.4232351935,0.714285714286,0.0823127632634,0.19816211478,715
O20:Coculture:F20:5-FU,O20,joint,exact_fixed_budget,8,0.456112796217,0.714285714286,0.0745004708825,0.205974407161,1287
O20:Coculture:F20:5-FU,O20,joint,exact_fixed_budget,9,0.445898045188,0.714285714286,0.0698082787267,0.210666599317,1716
O20:Coculture:F20:5-FU,O20,joint,exact_fixed_budget,10,0.455708814657,0.714285714286,0.0658223250994,0.214652552945,1716
O20:Coculture:F20:5-FU,O20,joint,exact_fixed_budget,11,0.455209068351,0.714285714286,0.0628241671311,0.217650710913,1287
O20:Coculture:F20:5-FU,O20,joint,exact_fixed_budget,12,0.56296694156,0.571428571429,0.0603459793496,0.220128898694,715
O20:Coculture:F20:5-FU,O20,joint,exact_fixed_budget,13,0.586295157974,0.714285714286,0.0585449552484,0.221929922796,286
O20:Coculture:F20:5-FU,O20,joint,exact_fixed_budget,14,0.580291212338,0.714285714286,0.0568102647443,0.2236646133,78
O20:Coculture:F20:5-FU,O20,joint,exact_fixed_budget,15,0.420384976338,0.857142857143,0.0553952476741,0.22507963037,13
O20:Coculture:F20:5-FU,O20,joint,exact_fixed_budget,16,0.43274641971,0.857142857143,0.0542476662103,0.226227211834,1
O20:Coculture:F20:5-FU,O20,diagonal,exact_fixed_budget,3,2.13957820216,0.285714285714,0.267019887966,0,1
O20:Coculture:F20:5-FU,O20,diagonal,exact_fixed_budget,4,0.642080832554,0.571428571429,0.129217436396,0.137802451569,13
O20:Coculture:F20:5-FU,O20,diagonal,exact_fixed_budget,5,0.716934811285,0.571428571429,0.097680074483,0.169339813483,78
O20:Coculture:F20:5-FU,O20,diagonal,exact_fixed_budget,6,0.522551830746,0.714285714286,0.0821925512078,0.184827336758,286
O20:Coculture:F20:5-FU,O20,diagonal,exact_fixed_budget,7,0.527978937478,0.571428571429,0.070965580188,0.196054307778,715
O20:Coculture:F20:5-FU,O20,diagonal,exact_fixed_budget,8,0.614989574227,0.571428571429,0.0622947771021,0.204725110864,1287
O20:Coculture:F20:5-FU,O20,diagonal,exact_fixed_budget,9,0.537276125253,0.571428571429,0.05631538607,0.210704501896,1716
O20:Coculture:F20:5-FU,O20,diagonal,exact_fixed_budget,10,0.525236974888,0.571428571429,0.0515810676561,0.21543882031,1716
O20:Coculture:F20:5-FU,O20,diagonal,exact_fixed_budget,11,0.562715137909,0.428571428571,0.0473575768087,0.219662311157,1287
O20:Coculture:F20:5-FU,O20,diagonal,exact_fixed_budget,12,0.624812933662,0.428571428571,0.0444115049677,0.222608382998,715
O20:Coculture:F20:5-FU,O20,diagonal,exact_fixed_budget,13,0.584647573222,0.428571428571,0.0417022576297,0.225317630336,286
O20:Coculture:F20:5-FU,O20,diagonal,exact_fixed_budget,14,0.584409957954,0.428571428571,0.0392273519641,0.227792536002,78
O20:Coculture:F20:5-FU,O20,diagonal,exact_fixed_budget,15,0.537327979301,0.571428571429,0.0381875006347,0.228832387331,13
O20:Coculture:F20:5-FU,O20,diagonal,exact_fixed_budget,16,0.537327979301,0.571428571429,0.0381875006347,0.228832387331,1
O21:Coculture:F14:5-FU,O21,joint,exact_fixed_budget,3,0.244399927702,1,0.280474878044,0,1
O21:Coculture:F14:5-FU,O21,joint,exact_fixed_budget,4,0.379899915587,1,0.138036664512,0.142438213532,13
O21:Coculture:F14:5-FU,O21,joint,exact_fixed_budget,5,0.238155073081,1,0.113205720394,0.16726915765,78
O21:Coculture:F14:5-FU,O21,joint,exact_fixed_budget,6,0.233044695979,1,0.0914189699242,0.18905590812,286
O21:Coculture:F14:5-FU,O21,joint,exact_fixed_budget,7,0.304319743798,1,0.0823127632634,0.19816211478,715
O21:Coculture:F14:5-FU,O21,joint,exact_fixed_budget,8,0.287768340832,1,0.0745004708825,0.205974407161,1287
O21:Coculture:F14:5-FU,O21,joint,exact_fixed_budget,9,0.241939351279,1,0.0698082787267,0.210666599317,1716
O21:Coculture:F14:5-FU,O21,joint,exact_fixed_budget,10,0.246961664117,1,0.0658223250994,0.214652552945,1716
O21:Coculture:F14:5-FU,O21,joint,exact_fixed_budget,11,0.204198218344,1,0.0628241671311,0.217650710913,1287
O21:Coculture:F14:5-FU,O21,joint,exact_fixed_budget,12,0.218354501992,1,0.0603459793496,0.220128898694,715
O21:Coculture:F14:5-FU,O21,joint,exact_fixed_budget,13,0.220870951738,1,0.0585449552484,0.221929922796,286
O21:Coculture:F14:5-FU,O21,joint,exact_fixed_budget,14,0.201145710825,1,0.0568102647443,0.2236646133,78
O21:Coculture:F14:5-FU,O21,joint,exact_fixed_budget,15,0.209262107559,1,0.0553952476741,0.22507963037,13
O21:Coculture:F14:5-FU,O21,joint,exact_fixed_budget,16,0.201322527272,1,0.0542476662103,0.226227211834,1
O21:Coculture:F14:5-FU,O21,diagonal,exact_fixed_budget,3,0.165147392594,1,0.267019887966,0,1
O21:Coculture:F14:5-FU,O21,diagonal,exact_fixed_budget,4,0.21338891975,1,0.129217436396,0.137802451569,13
O21:Coculture:F14:5-FU,O21,diagonal,exact_fixed_budget,5,0.114166885528,1,0.097680074483,0.169339813483,78
O21:Coculture:F14:5-FU,O21,diagonal,exact_fixed_budget,6,0.151193887009,1,0.0821925512078,0.184827336758,286
O21:Coculture:F14:5-FU,O21,diagonal,exact_fixed_budget,7,0.142941153251,1,0.070965580188,0.196054307778,715
O21:Coculture:F14:5-FU,O21,diagonal,exact_fixed_budget,8,0.0604253651528,1,0.0622947771021,0.204725110864,1287
O21:Coculture:F14:5-FU,O21,diagonal,exact_fixed_budget,9,0.108864567971,1,0.05631538607,0.210704501896,1716
O21:Coculture:F14:5-FU,O21,diagonal,exact_fixed_budget,10,0.0851522225991,1,0.0515810676561,0.21543882031,1716
O21:Coculture:F14:5-FU,O21,diagonal,exact_fixed_budget,11,0.0969776849425,1,0.0473575768087,0.219662311157,1287
O21:Coculture:F14:5-FU,O21,diagonal,exact_fixed_budget,12,0.0863720747934,1,0.0444115049677,0.222608382998,715
O21:Coculture:F14:5-FU,O21,diagonal,exact_fixed_budget,13,0.0863450742788,1,0.0417022576297,0.225317630336,286
O21:Coculture:F14:5-FU,O21,diagonal,exact_fixed_budget,14,0.0766982274304,1,0.0392273519641,0.227792536002,78
O21:Coculture:F14:5-FU,O21,diagonal,exact_fixed_budget,15,0.0725828657889,1,0.0381875006347,0.228832387331,13
O21:Coculture:F14:5-FU,O21,diagonal,exact_fixed_budget,16,0.0725828657889,1,0.0381875006347,0.228832387331,1
O21:Coculture:F14:Oxa,O21,joint,exact_fixed_budget,3,0.155705066505,1,0.280474878044,0,1
O21:Coculture:F14:Oxa,O21,joint,exact_fixed_budget,4,0.0812239172569,1,0.138036664512,0.142438213532,13
O21:Coculture:F14:Oxa,O21,joint,exact_fixed_budget,5,0.0903587345544,1,0.113205720394,0.16726915765,78
O21:Coculture:F14:Oxa,O21,joint,exact_fixed_budget,6,0.0936578620506,1,0.0914189699242,0.18905590812,286
O21:Coculture:F14:Oxa,O21,joint,exact_fixed_budget,7,0.0899311185168,1,0.0823127632634,0.19816211478,715
O21:Coculture:F14:Oxa,O21,joint,exact_fixed_budget,8,0.0928723394267,1,0.0745004708825,0.205974407161,1287
O21:Coculture:F14:Oxa,O21,joint,exact_fixed_budget,9,0.103016622217,1,0.0698082787267,0.210666599317,1716
O21:Coculture:F14:Oxa,O21,joint,exact_fixed_budget,10,0.104878983466,1,0.0658223250994,0.214652552945,1716
O21:Coculture:F14:Oxa,O21,joint,exact_fixed_budget,11,0.105990456745,1,0.0628241671311,0.217650710913,1287
O21:Coculture:F14:Oxa,O21,joint,exact_fixed_budget,12,0.0974486486189,1,0.0603459793496,0.220128898694,715
O21:Coculture:F14:Oxa,O21,joint,exact_fixed_budget,13,0.09245720469,1,0.0585449552484,0.221929922796,286
O21:Coculture:F14:Oxa,O21,joint,exact_fixed_budget,14,0.0927759283395,1,0.0568102647443,0.2236646133,78
O21:Coculture:F14:Oxa,O21,joint,exact_fixed_budget,15,0.0836302165418,1,0.0553952476741,0.22507963037,13
O21:Coculture:F14:Oxa,O21,joint,exact_fixed_budget,16,0.0620567548392,1,0.0542476662103,0.226227211834,1
O21:Coculture:F14:Oxa,O21,diagonal,exact_fixed_budget,3,0.161467309905,1,0.267019887966,0,1
O21:Coculture:F14:Oxa,O21,diagonal,exact_fixed_budget,4,0.0991547740391,1,0.129217436396,0.137802451569,13
O21:Coculture:F14:Oxa,O21,diagonal,exact_fixed_budget,5,0.103602079108,1,0.097680074483,0.169339813483,78
O21:Coculture:F14:Oxa,O21,diagonal,exact_fixed_budget,6,0.0997425738318,1,0.0821925512078,0.184827336758,286
O21:Coculture:F14:Oxa,O21,diagonal,exact_fixed_budget,7,0.104197059388,1,0.070965580188,0.196054307778,715
O21:Coculture:F14:Oxa,O21,diagonal,exact_fixed_budget,8,0.1031603507,1,0.0622947771021,0.204725110864,1287
O21:Coculture:F14:Oxa,O21,diagonal,exact_fixed_budget,9,0.103882953939,1,0.05631538607,0.210704501896,1716
O21:Coculture:F14:Oxa,O21,diagonal,exact_fixed_budget,10,0.106268038742,1,0.0515810676561,0.21543882031,1716
O21:Coculture:F14:Oxa,O21,diagonal,exact_fixed_budget,11,0.100447315762,1,0.0473575768087,0.219662311157,1287
O21:Coculture:F14:Oxa,O21,diagonal,exact_fixed_budget,12,0.11167087354,1,0.0444115049677,0.222608382998,715
O21:Coculture:F14:Oxa,O21,diagonal,exact_fixed_budget,13,0.0991922175575,1,0.0417022576297,0.225317630336,286
O21:Coculture:F14:Oxa,O21,diagonal,exact_fixed_budget,14,0.0834970853274,1,0.0392273519641,0.227792536002,78
O21:Coculture:F14:Oxa,O21,diagonal,exact_fixed_budget,15,0.0778266329356,1,0.0381875006347,0.228832387331,13
O21:Coculture:F14:Oxa,O21,diagonal,exact_fixed_budget,16,0.0778266329356,1,0.0381875006347,0.228832387331,1
O21:Coculture:F14:SN-38,O21,joint,exact_fixed_budget,3,0.142386043407,1,0.277257611944,0,1
O21:Coculture:F14:SN-38,O21,joint,exact_fixed_budget,4,0.0606225945154,1,0.141986636129,0.135270975815,13
O21:Coculture:F14:SN-38,O21,joint,exact_fixed_budget,5,0.0865914402909,1,0.117377687616,0.159879924328,78
O21:Coculture:F14:SN-38,O21,joint,exact_fixed_budget,6,0.107741066025,1,0.0930408830139,0.18421672893,286
O21:Coculture:F14:SN-38,O21,joint,exact_fixed_budget,7,0.0830338436183,1,0.0842845487245,0.19297306322,715
O21:Coculture:F14:SN-38,O21,joint,exact_fixed_budget,8,0.0960146370827,1,0.0767994229069,0.200458189037,1287
O21:Coculture:F14:SN-38,O21,joint,exact_fixed_budget,9,0.138878449371,0.857142857143,0.0720229370302,0.205234674914,1716
O21:Coculture:F14:SN-38,O21,joint,exact_fixed_budget,10,0.100917931414,1,0.068255369939,0.209002242005,1716
O21:Coculture:F14:SN-38,O21,joint,exact_fixed_budget,11,0.09336000257,1,0.0652521460081,0.212005465936,1287
O21:Coculture:F14:SN-38,O21,joint,exact_fixed_budget,12,0.11934093894,1,0.0624196615889,0.214837950355,715
O21:Coculture:F14:SN-38,O21,joint,exact_fixed_budget,13,0.132290772013,0.857142857143,0.060736743078,0.216520868866,286
O21:Coculture:F14:SN-38,O21,joint,exact_fixed_budget,14,0.125369958533,0.857142857143,0.059065720296,0.218191891648,78
O21:Coculture:F14:SN-38,O21,joint,exact_fixed_budget,15,0.122131075576,0.857142857143,0.057537335827,0.219720276117,13
O21:Coculture:F14:SN-38,O21,joint,exact_fixed_budget,16,0.123160597955,0.857142857143,0.0564133585507,0.220844253393,1
O21:Coculture:F14:SN-38,O21,diagonal,exact_fixed_budget,3,0.15342316104,1,0.260990994904,0,1
O21:Coculture:F14:SN-38,O21,diagonal,exact_fixed_budget,4,0.0699466987947,1,0.129151237072,0.131839757832,13
O21:Coculture:F14:SN-38,O21,diagonal,exact_fixed_budget,5,0.0806922728563,1,0.0976331423158,0.163357852588,78
O21:Coculture:F14:SN-38,O21,diagonal,exact_fixed_budget,6,0.0616141518644,1,0.0824541824899,0.178536812414,286
O21:Coculture:F14:SN-38,O21,diagonal,exact_fixed_budget,7,0.0681139977262,1,0.0712880117184,0.189702983185,715
O21:Coculture:F14:SN-38,O21,diagonal,exact_fixed_budget,8,0.0904730134799,1,0.0628129694369,0.198178025467,1287
O21:Coculture:F14:SN-38,O21,diagonal,exact_fixed_budget,9,0.0665035835502,1,0.0569733789787,0.204017615925,1716
O21:Coculture:F14:SN-38,O21,diagonal,exact_fixed_budget,10,0.0772857709722,1,0.0520441460796,0.208946848824,1716
O21:Coculture:F14:SN-38,O21,diagonal,exact_fixed_budget,11,0.0777315970681,1,0.0476825394107,0.213308455493,1287
O21:Coculture:F14:SN-38,O21,diagonal,exact_fixed_budget,12,0.0715349619198,1,0.0446661243149,0.216324870589,715
O21:Coculture:F14:SN-38,O21,diagonal,exact_fixed_budget,13,0.0824218970329,1,0.0418890993682,0.219101895535,286
O21:Coculture:F14:SN-38,O21,diagonal,exact_fixed_budget,14,0.0803816159018,1,0.0394667818013,0.221524213102,78
O21:Coculture:F14:SN-38,O21,diagonal,exact_fixed_budget,15,0.0808768448946,1,0.0380725066289,0.222918488275,13
O21:Coculture:F14:SN-38,O21,diagonal,exact_fixed_budget,16,0.0808768448946,1,0.0380725066289,0.222918488275,1
O21:Monoculture::5-FU,O21,joint,exact_fixed_budget,3,0.0413665871803,1,0.280474878044,0,1
O21:Monoculture::5-FU,O21,joint,exact_fixed_budget,4,0.0488184178542,1,0.138036664512,0.142438213532,13
O21:Monoculture::5-FU,O21,joint,exact_fixed_budget,5,0.0650505194186,1,0.113205720394,0.16726915765,78
O21:Monoculture::5-FU,O21,joint,exact_fixed_budget,6,0.081104345022,1,0.0914189699242,0.18905590812,286
O21:Monoculture::5-FU,O21,joint,exact_fixed_budget,7,0.0373340198279,1,0.0823127632634,0.19816211478,715
O21:Monoculture::5-FU,O21,joint,exact_fixed_budget,8,0.045980146957,1,0.0745004708825,0.205974407161,1287
O21:Monoculture::5-FU,O21,joint,exact_fixed_budget,9,0.0421997561609,1,0.0698082787267,0.210666599317,1716
O21:Monoculture::5-FU,O21,joint,exact_fixed_budget,10,0.0380483116721,1,0.0658223250994,0.214652552945,1716
O21:Monoculture::5-FU,O21,joint,exact_fixed_budget,11,0.0437675771904,1,0.0628241671311,0.217650710913,1287
O21:Monoculture::5-FU,O21,joint,exact_fixed_budget,12,0.0460330713625,1,0.0603459793496,0.220128898694,715
O21:Monoculture::5-FU,O21,joint,exact_fixed_budget,13,0.0424032256319,1,0.0585449552484,0.221929922796,286
O21:Monoculture::5-FU,O21,joint,exact_fixed_budget,14,0.0471240167883,1,0.0568102647443,0.2236646133,78
O21:Monoculture::5-FU,O21,joint,exact_fixed_budget,15,0.043308873102,1,0.0553952476741,0.22507963037,13
O21:Monoculture::5-FU,O21,joint,exact_fixed_budget,16,0.0433641593924,1,0.0542476662103,0.226227211834,1
O21:Monoculture::5-FU,O21,diagonal,exact_fixed_budget,3,0.0431923514433,1,0.267019887966,0,1
O21:Monoculture::5-FU,O21,diagonal,exact_fixed_budget,4,0.0366631842146,1,0.129217436396,0.137802451569,13
O21:Monoculture::5-FU,O21,diagonal,exact_fixed_budget,5,0.121542265623,1,0.097680074483,0.169339813483,78
O21:Monoculture::5-FU,O21,diagonal,exact_fixed_budget,6,0.0544359020487,1,0.0821925512078,0.184827336758,286
O21:Monoculture::5-FU,O21,diagonal,exact_fixed_budget,7,0.0755151131774,1,0.070965580188,0.196054307778,715
O21:Monoculture::5-FU,O21,diagonal,exact_fixed_budget,8,0.109705759945,1,0.0622947771021,0.204725110864,1287
O21:Monoculture::5-FU,O21,diagonal,exact_fixed_budget,9,0.0675994639446,1,0.05631538607,0.210704501896,1716
O21:Monoculture::5-FU,O21,diagonal,exact_fixed_budget,10,0.0783444332968,1,0.0515810676561,0.21543882031,1716
O21:Monoculture::5-FU,O21,diagonal,exact_fixed_budget,11,0.0742404354705,1,0.0473575768087,0.219662311157,1287
O21:Monoculture::5-FU,O21,diagonal,exact_fixed_budget,12,0.0705420320941,1,0.0444115049677,0.222608382998,715
O21:Monoculture::5-FU,O21,diagonal,exact_fixed_budget,13,0.0758040610548,1,0.0417022576297,0.225317630336,286
O21:Monoculture::5-FU,O21,diagonal,exact_fixed_budget,14,0.0768274755043,1,0.0392273519641,0.227792536002,78
O21:Monoculture::5-FU,O21,diagonal,exact_fixed_budget,15,0.0799380587567,1,0.0381875006347,0.228832387331,13
O21:Monoculture::5-FU,O21,diagonal,exact_fixed_budget,16,0.0799380587567,1,0.0381875006347,0.228832387331,1
O21:Monoculture::Gef,O21,joint,exact_fixed_budget,3,0.508705099864,1,0.28870561731,0,1
O21:Monoculture::Gef,O21,joint,exact_fixed_budget,4,0.149685413304,1,0.133129620768,0.155575996543,13
O21:Monoculture::Gef,O21,joint,exact_fixed_budget,5,0.301378386528,1,0.10657549529,0.18213012202,78
O21:Monoculture::Gef,O21,joint,exact_fixed_budget,6,0.183112308922,1,0.088917258725,0.199788358586,286
O21:Monoculture::Gef,O21,joint,exact_fixed_budget,7,0.0853447793851,1,0.0790185914789,0.209687025832,715
O21:Monoculture::Gef,O21,joint,exact_fixed_budget,8,0.103311867234,1,0.0714097576622,0.217295859648,1287
O21:Monoculture::Gef,O21,joint,exact_fixed_budget,9,0.107554881541,1,0.0662182213605,0.22248739595,1716
O21:Monoculture::Gef,O21,joint,exact_fixed_budget,10,0.0925737615326,1,0.0622382543016,0.226467363009,1716
O21:Monoculture::Gef,O21,joint,exact_fixed_budget,11,0.122094540589,1,0.059213700639,0.229491916671,1287
O21:Monoculture::Gef,O21,joint,exact_fixed_budget,12,0.124655847821,1,0.0568906482353,0.231814969075,715
O21:Monoculture::Gef,O21,joint,exact_fixed_budget,13,0.125707575143,1,0.0547695408573,0.233936076453,286
O21:Monoculture::Gef,O21,joint,exact_fixed_budget,14,0.120305369015,1,0.0528527847747,0.235852832536,78
O21:Monoculture::Gef,O21,joint,exact_fixed_budget,15,0.140247792056,1,0.0511999068445,0.237505710466,13
O21:Monoculture::Gef,O21,joint,exact_fixed_budget,16,0.140370829634,1,0.0499574589007,0.23874815841,1
O21:Monoculture::Gef,O21,diagonal,exact_fixed_budget,3,0.490810671979,1,0.280588225278,0,1
O21:Monoculture::Gef,O21,diagonal,exact_fixed_budget,4,0.158044550431,1,0.130316967756,0.150271257522,13
O21:Monoculture::Gef,O21,diagonal,exact_fixed_budget,5,0.285490448346,1,0.0981364215616,0.182451803717,78
O21:Monoculture::Gef,O21,diagonal,exact_fixed_budget,6,0.15548972335,1,0.0816837015584,0.19890452372,286
O21:Monoculture::Gef,O21,diagonal,exact_fixed_budget,7,0.173379351071,1,0.070481539631,0.210106685647,715
O21:Monoculture::Gef,O21,diagonal,exact_fixed_budget,8,0.278724624881,1,0.0616035508859,0.218984674392,1287
O21:Monoculture::Gef,O21,diagonal,exact_fixed_budget,9,0.158637300191,1,0.0552987596725,0.225289465606,1716
O21:Monoculture::Gef,O21,diagonal,exact_fixed_budget,10,0.194273331866,1,0.050448058291,0.230140166987,1716
O21:Monoculture::Gef,O21,diagonal,exact_fixed_budget,11,0.186491599475,1,0.0465111599213,0.234077065357,1287
O21:Monoculture::Gef,O21,diagonal,exact_fixed_budget,12,0.177328491383,1,0.0434671400405,0.237121085238,715
O21:Monoculture::Gef,O21,diagonal,exact_fixed_budget,13,0.201010243765,1,0.0407281522897,0.239860072988,286
O21:Monoculture::Gef,O21,diagonal,exact_fixed_budget,14,0.201989770626,1,0.0384007525803,0.242187472698,78
O21:Monoculture::Gef,O21,diagonal,exact_fixed_budget,15,0.202147701113,1,0.0378450099172,0.242743215361,13
O21:Monoculture::Gef,O21,diagonal,exact_fixed_budget,16,0.202147701113,1,0.0378450099172,0.242743215361,1
O21:Monoculture::Oxa,O21,joint,exact_fixed_budget,3,1.23706648162,0.714285714286,0.280474878044,0,1
O21:Monoculture::Oxa,O21,joint,exact_fixed_budget,4,1.31359242132,0.285714285714,0.138036664512,0.142438213532,13
O21:Monoculture::Oxa,O21,joint,exact_fixed_budget,5,0.870660947393,0.714285714286,0.113205720394,0.16726915765,78
O21:Monoculture::Oxa,O21,joint,exact_fixed_budget,6,0.696502342617,0.714285714286,0.0914189699242,0.18905590812,286
O21:Monoculture::Oxa,O21,joint,exact_fixed_budget,7,0.800008713253,0.571428571429,0.0823127632634,0.19816211478,715
O21:Monoculture::Oxa,O21,joint,exact_fixed_budget,8,0.770072591834,0.571428571429,0.0745004708825,0.205974407161,1287
O21:Monoculture::Oxa,O21,joint,exact_fixed_budget,9,0.885713693308,0.428571428571,0.0698082787267,0.210666599317,1716
O21:Monoculture::Oxa,O21,joint,exact_fixed_budget,10,0.939638910529,0.285714285714,0.0658223250994,0.214652552945,1716
O21:Monoculture::Oxa,O21,joint,exact_fixed_budget,11,0.946732752,0.285714285714,0.0628241671311,0.217650710913,1287
O21:Monoculture::Oxa,O21,joint,exact_fixed_budget,12,0.918966124918,0.285714285714,0.0603459793496,0.220128898694,715
O21:Monoculture::Oxa,O21,joint,exact_fixed_budget,13,0.90407861827,0.285714285714,0.0585449552484,0.221929922796,286
O21:Monoculture::Oxa,O21,joint,exact_fixed_budget,14,0.910151096033,0.285714285714,0.0568102647443,0.2236646133,78
O21:Monoculture::Oxa,O21,joint,exact_fixed_budget,15,0.911151720762,0.285714285714,0.0553952476741,0.22507963037,13
O21:Monoculture::Oxa,O21,joint,exact_fixed_budget,16,0.917082212973,0.285714285714,0.0542476662103,0.226227211834,1
O21:Monoculture::Oxa,O21,diagonal,exact_fixed_budget,3,1.2201888826,0.714285714286,0.267019887966,0,1
O21:Monoculture::Oxa,O21,diagonal,exact_fixed_budget,4,1.25724870883,0.428571428571,0.129217436396,0.137802451569,13
O21:Monoculture::Oxa,O21,diagonal,exact_fixed_budget,5,0.858296724239,0.571428571429,0.097680074483,0.169339813483,78
O21:Monoculture::Oxa,O21,diagonal,exact_fixed_budget,6,0.968249400299,0.428571428571,0.0821925512078,0.184827336758,286
O21:Monoculture::Oxa,O21,diagonal,exact_fixed_budget,7,0.933801449386,0.428571428571,0.070965580188,0.196054307778,715
O21:Monoculture::Oxa,O21,diagonal,exact_fixed_budget,8,1.13218743624,0.142857142857,0.0622947771021,0.204725110864,1287
O21:Monoculture::Oxa,O21,diagonal,exact_fixed_budget,9,1.12355237718,0.285714285714,0.05631538607,0.210704501896,1716
O21:Monoculture::Oxa,O21,diagonal,exact_fixed_budget,10,1.12609901616,0.142857142857,0.0515810676561,0.21543882031,1716
O21:Monoculture::Oxa,O21,diagonal,exact_fixed_budget,11,1.0871645802,0.142857142857,0.0473575768087,0.219662311157,1287
O21:Monoculture::Oxa,O21,diagonal,exact_fixed_budget,12,1.06424840334,0.285714285714,0.0444115049677,0.222608382998,715
O21:Monoculture::Oxa,O21,diagonal,exact_fixed_budget,13,1.07574907178,0.285714285714,0.0417022576297,0.225317630336,286
O21:Monoculture::Oxa,O21,diagonal,exact_fixed_budget,14,1.07977767457,0.285714285714,0.0392273519641,0.227792536002,78
O21:Monoculture::Oxa,O21,diagonal,exact_fixed_budget,15,1.07855600299,0.285714285714,0.0381875006347,0.228832387331,13
O21:Monoculture::Oxa,O21,diagonal,exact_fixed_budget,16,1.07855600299,0.285714285714,0.0381875006347,0.228832387331,1
O22:Monoculture::5-FU,O22,joint,exact_fixed_budget,3,0.119624819972,1,0.280474878044,0,1
O22:Monoculture::5-FU,O22,joint,exact_fixed_budget,4,0.180989784042,1,0.138036664512,0.142438213532,13
O22:Monoculture::5-FU,O22,joint,exact_fixed_budget,5,0.151030969837,1,0.113205720394,0.16726915765,78
O22:Monoculture::5-FU,O22,joint,exact_fixed_budget,6,0.177737167504,1,0.0914189699242,0.18905590812,286
O22:Monoculture::5-FU,O22,joint,exact_fixed_budget,7,0.2736144232,1,0.0823127632634,0.19816211478,715
O22:Monoculture::5-FU,O22,joint,exact_fixed_budget,8,0.20252162118,1,0.0745004708825,0.205974407161,1287
O22:Monoculture::5-FU,O22,joint,exact_fixed_budget,9,0.219230580387,0.857142857143,0.0698082787267,0.210666599317,1716
O22:Monoculture::5-FU,O22,joint,exact_fixed_budget,10,0.225626423033,0.857142857143,0.0658223250994,0.214652552945,1716
O22:Monoculture::5-FU,O22,joint,exact_fixed_budget,11,0.204595271055,1,0.0628241671311,0.217650710913,1287
O22:Monoculture::5-FU,O22,joint,exact_fixed_budget,12,0.255488218691,0.857142857143,0.0603459793496,0.220128898694,715
O22:Monoculture::5-FU,O22,joint,exact_fixed_budget,13,0.2602738596,0.857142857143,0.0585449552484,0.221929922796,286
O22:Monoculture::5-FU,O22,joint,exact_fixed_budget,14,0.249611560591,0.857142857143,0.0568102647443,0.2236646133,78
O22:Monoculture::5-FU,O22,joint,exact_fixed_budget,15,0.252366128833,0.857142857143,0.0553952476741,0.22507963037,13
O22:Monoculture::5-FU,O22,joint,exact_fixed_budget,16,0.237910623635,0.857142857143,0.0542476662103,0.226227211834,1
O22:Monoculture::5-FU,O22,diagonal,exact_fixed_budget,3,0.155697734856,1,0.267019887966,0,1
O22:Monoculture::5-FU,O22,diagonal,exact_fixed_budget,4,0.160844870845,1,0.129217436396,0.137802451569,13
O22:Monoculture::5-FU,O22,diagonal,exact_fixed_budget,5,0.153370764994,1,0.097680074483,0.169339813483,78
O22:Monoculture::5-FU,O22,diagonal,exact_fixed_budget,6,0.0969610118045,1,0.0821925512078,0.184827336758,286
O22:Monoculture::5-FU,O22,diagonal,exact_fixed_budget,7,0.0851902436101,1,0.070965580188,0.196054307778,715
O22:Monoculture::5-FU,O22,diagonal,exact_fixed_budget,8,0.166416055674,1,0.0622947771021,0.204725110864,1287
O22:Monoculture::5-FU,O22,diagonal,exact_fixed_budget,9,0.10846659262,1,0.05631538607,0.210704501896,1716
O22:Monoculture::5-FU,O22,diagonal,exact_fixed_budget,10,0.108827220083,1,0.0515810676561,0.21543882031,1716
O22:Monoculture::5-FU,O22,diagonal,exact_fixed_budget,11,0.136651295034,1,0.0473575768087,0.219662311157,1287
O22:Monoculture::5-FU,O22,diagonal,exact_fixed_budget,12,0.137113884194,1,0.0444115049677,0.222608382998,715
O22:Monoculture::5-FU,O22,diagonal,exact_fixed_budget,13,0.134400474657,1,0.0417022576297,0.225317630336,286
O22:Monoculture::5-FU,O22,diagonal,exact_fixed_budget,14,0.119727640499,1,0.0392273519641,0.227792536002,78
O22:Monoculture::5-FU,O22,diagonal,exact_fixed_budget,15,0.110341611751,1,0.0381875006347,0.228832387331,13
O22:Monoculture::5-FU,O22,diagonal,exact_fixed_budget,16,0.110341611751,1,0.0381875006347,0.228832387331,1
O22:Monoculture::Gef,O22,joint,exact_fixed_budget,3,0.15230686041,1,0.28870561731,0,1
O22:Monoculture::Gef,O22,joint,exact_fixed_budget,4,0.194520945555,1,0.133129620768,0.155575996543,13
O22:Monoculture::Gef,O22,joint,exact_fixed_budget,5,0.1029283627,1,0.10657549529,0.18213012202,78
O22:Monoculture::Gef,O22,joint,exact_fixed_budget,6,0.07934413113,1,0.088917258725,0.199788358586,286
O22:Monoculture::Gef,O22,joint,exact_fixed_budget,7,0.0895110803628,1,0.0790185914789,0.209687025832,715
O22:Monoculture::Gef,O22,joint,exact_fixed_budget,8,0.0750861558889,1,0.0714097576622,0.217295859648,1287
O22:Monoculture::Gef,O22,joint,exact_fixed_budget,9,0.0681607854275,1,0.0662182213605,0.22248739595,1716
O22:Monoculture::Gef,O22,joint,exact_fixed_budget,10,0.0693289087856,1,0.0622382543016,0.226467363009,1716
O22:Monoculture::Gef,O22,joint,exact_fixed_budget,11,0.0705282338904,1,0.059213700639,0.229491916671,1287
O22:Monoculture::Gef,O22,joint,exact_fixed_budget,12,0.0714606439383,1,0.0568906482353,0.231814969075,715
O22:Monoculture::Gef,O22,joint,exact_fixed_budget,13,0.0846755522534,1,0.0547695408573,0.233936076453,286
O22:Monoculture::Gef,O22,joint,exact_fixed_budget,14,0.069070297892,1,0.0528527847747,0.235852832536,78
O22:Monoculture::Gef,O22,joint,exact_fixed_budget,15,0.072631417819,1,0.0511999068445,0.237505710466,13
O22:Monoculture::Gef,O22,joint,exact_fixed_budget,16,0.0697375188702,1,0.0499574589007,0.23874815841,1
O22:Monoculture::Gef,O22,diagonal,exact_fixed_budget,3,0.210700320515,1,0.280588225278,0,1
O22:Monoculture::Gef,O22,diagonal,exact_fixed_budget,4,0.326776457346,0.857142857143,0.130316967756,0.150271257522,13
O22:Monoculture::Gef,O22,diagonal,exact_fixed_budget,5,0.236861378733,0.857142857143,0.0981364215616,0.182451803717,78
O22:Monoculture::Gef,O22,diagonal,exact_fixed_budget,6,0.296135027539,0.857142857143,0.0816837015584,0.19890452372,286
O22:Monoculture::Gef,O22,diagonal,exact_fixed_budget,7,0.245247284203,0.857142857143,0.070481539631,0.210106685647,715
O22:Monoculture::Gef,O22,diagonal,exact_fixed_budget,8,0.260123585025,0.857142857143,0.0616035508859,0.218984674392,1287
O22:Monoculture::Gef,O22,diagonal,exact_fixed_budget,9,0.261451824055,0.857142857143,0.0552987596725,0.225289465606,1716
O22:Monoculture::Gef,O22,diagonal,exact_fixed_budget,10,0.260582250045,0.857142857143,0.050448058291,0.230140166987,1716
O22:Monoculture::Gef,O22,diagonal,exact_fixed_budget,11,0.265545969758,0.857142857143,0.0465111599213,0.234077065357,1287
O22:Monoculture::Gef,O22,diagonal,exact_fixed_budget,12,0.196797473946,0.857142857143,0.0434671400405,0.237121085238,715
O22:Monoculture::Gef,O22,diagonal,exact_fixed_budget,13,0.207206812811,0.857142857143,0.0407281522897,0.239860072988,286
O22:Monoculture::Gef,O22,diagonal,exact_fixed_budget,14,0.211598776666,0.857142857143,0.0384007525803,0.242187472698,78
O22:Monoculture::Gef,O22,diagonal,exact_fixed_budget,15,0.211112872011,0.857142857143,0.0378450099172,0.242743215361,13
O22:Monoculture::Gef,O22,diagonal,exact_fixed_budget,16,0.211112872011,0.857142857143,0.0378450099172,0.242743215361,1
O23:Coculture:F14:5-FU,O23,joint,exact_fixed_budget,3,0.359451245695,1,0.280474878044,0,1
O23:Coculture:F14:5-FU,O23,joint,exact_fixed_budget,4,0.211952013736,1,0.138036664512,0.142438213532,13
O23:Coculture:F14:5-FU,O23,joint,exact_fixed_budget,5,0.163137454253,1,0.113205720394,0.16726915765,78
O23:Coculture:F14:5-FU,O23,joint,exact_fixed_budget,6,0.176901599012,1,0.0914189699242,0.18905590812,286
O23:Coculture:F14:5-FU,O23,joint,exact_fixed_budget,7,0.150244937049,1,0.0823127632634,0.19816211478,715
O23:Coculture:F14:5-FU,O23,joint,exact_fixed_budget,8,0.143826311372,1,0.0745004708825,0.205974407161,1287
O23:Coculture:F14:5-FU,O23,joint,exact_fixed_budget,9,0.10438687628,1,0.0698082787267,0.210666599317,1716
O23:Coculture:F14:5-FU,O23,joint,exact_fixed_budget,10,0.101786266698,1,0.0658223250994,0.214652552945,1716
O23:Coculture:F14:5-FU,O23,joint,exact_fixed_budget,11,0.103349086131,1,0.0628241671311,0.217650710913,1287
O23:Coculture:F14:5-FU,O23,joint,exact_fixed_budget,12,0.110197045018,1,0.0603459793496,0.220128898694,715
O23:Coculture:F14:5-FU,O23,joint,exact_fixed_budget,13,0.10417325396,1,0.0585449552484,0.221929922796,286
O23:Coculture:F14:5-FU,O23,joint,exact_fixed_budget,14,0.105944439998,1,0.0568102647443,0.2236646133,78
O23:Coculture:F14:5-FU,O23,joint,exact_fixed_budget,15,0.0955969099351,1,0.0553952476741,0.22507963037,13
O23:Coculture:F14:5-FU,O23,joint,exact_fixed_budget,16,0.077632148416,1,0.0542476662103,0.226227211834,1
O23:Coculture:F14:5-FU,O23,diagonal,exact_fixed_budget,3,0.477573767738,1,0.267019887966,0,1
O23:Coculture:F14:5-FU,O23,diagonal,exact_fixed_budget,4,0.335070652831,0.857142857143,0.129217436396,0.137802451569,13
O23:Coculture:F14:5-FU,O23,diagonal,exact_fixed_budget,5,0.152596417986,1,0.097680074483,0.169339813483,78
O23:Coculture:F14:5-FU,O23,diagonal,exact_fixed_budget,6,0.178777644597,1,0.0821925512078,0.184827336758,286
O23:Coculture:F14:5-FU,O23,diagonal,exact_fixed_budget,7,0.124849385579,1,0.070965580188,0.196054307778,715
O23:Coculture:F14:5-FU,O23,diagonal,exact_fixed_budget,8,0.162027267102,1,0.0622947771021,0.204725110864,1287
O23:Coculture:F14:5-FU,O23,diagonal,exact_fixed_budget,9,0.126243105076,1,0.05631538607,0.210704501896,1716
O23:Coculture:F14:5-FU,O23,diagonal,exact_fixed_budget,10,0.129082443959,1,0.0515810676561,0.21543882031,1716
O23:Coculture:F14:5-FU,O23,diagonal,exact_fixed_budget,11,0.125070340271,1,0.0473575768087,0.219662311157,1287
O23:Coculture:F14:5-FU,O23,diagonal,exact_fixed_budget,12,0.116276368835,1,0.0444115049677,0.222608382998,715
O23:Coculture:F14:5-FU,O23,diagonal,exact_fixed_budget,13,0.125667380323,1,0.0417022576297,0.225317630336,286
O23:Coculture:F14:5-FU,O23,diagonal,exact_fixed_budget,14,0.110247148534,1,0.0392273519641,0.227792536002,78
O23:Coculture:F14:5-FU,O23,diagonal,exact_fixed_budget,15,0.0989568858531,1,0.0381875006347,0.228832387331,13
O23:Coculture:F14:5-FU,O23,diagonal,exact_fixed_budget,16,0.0989568858531,1,0.0381875006347,0.228832387331,1
O23:Coculture:F14:Oxa,O23,joint,exact_fixed_budget,3,0.314822798838,1,0.280474878044,0,1
O23:Coculture:F14:Oxa,O23,joint,exact_fixed_budget,4,0.158023731006,1,0.138036664512,0.142438213532,13
O23:Coculture:F14:Oxa,O23,joint,exact_fixed_budget,5,0.136268872821,1,0.113205720394,0.16726915765,78
O23:Coculture:F14:Oxa,O23,joint,exact_fixed_budget,6,0.187995370875,1,0.0914189699242,0.18905590812,286
O23:Coculture:F14:Oxa,O23,joint,exact_fixed_budget,7,0.154510093933,1,0.0823127632634,0.19816211478,715
O23:Coculture:F14:Oxa,O23,joint,exact_fixed_budget,8,0.145947556474,1,0.0745004708825,0.205974407161,1287
O23:Coculture:F14:Oxa,O23,joint,exact_fixed_budget,9,0.148151376487,1,0.0698082787267,0.210666599317,1716
O23:Coculture:F14:Oxa,O23,joint,exact_fixed_budget,10,0.154745531901,1,0.0658223250994,0.214652552945,1716
O23:Coculture:F14:Oxa,O23,joint,exact_fixed_budget,11,0.146113258977,1,0.0628241671311,0.217650710913,1287
O23:Coculture:F14:Oxa,O23,joint,exact_fixed_budget,12,0.129507207117,1,0.0603459793496,0.220128898694,715
O23:Coculture:F14:Oxa,O23,joint,exact_fixed_budget,13,0.140763048072,1,0.0585449552484,0.221929922796,286
O23:Coculture:F14:Oxa,O23,joint,exact_fixed_budget,14,0.135319684706,1,0.0568102647443,0.2236646133,78
O23:Coculture:F14:Oxa,O23,joint,exact_fixed_budget,15,0.145216220121,1,0.0553952476741,0.22507963037,13
O23:Coculture:F14:Oxa,O23,joint,exact_fixed_budget,16,0.14641208712,1,0.0542476662103,0.226227211834,1
O23:Coculture:F14:Oxa,O23,diagonal,exact_fixed_budget,3,0.349412847763,1,0.267019887966,0,1
O23:Coculture:F14:Oxa,O23,diagonal,exact_fixed_budget,4,0.184708761592,1,0.129217436396,0.137802451569,13
O23:Coculture:F14:Oxa,O23,diagonal,exact_fixed_budget,5,0.185962337866,1,0.097680074483,0.169339813483,78
O23:Coculture:F14:Oxa,O23,diagonal,exact_fixed_budget,6,0.16528725001,1,0.0821925512078,0.184827336758,286
O23:Coculture:F14:Oxa,O23,diagonal,exact_fixed_budget,7,0.149426100466,1,0.070965580188,0.196054307778,715
O23:Coculture:F14:Oxa,O23,diagonal,exact_fixed_budget,8,0.168705733541,1,0.0622947771021,0.204725110864,1287
O23:Coculture:F14:Oxa,O23,diagonal,exact_fixed_budget,9,0.156355908289,1,0.05631538607,0.210704501896,1716
O23:Coculture:F14:Oxa,O23,diagonal,exact_fixed_budget,10,0.142683658732,1,0.0515810676561,0.21543882031,1716
O23:Coculture:F14:Oxa,O23,diagonal,exact_fixed_budget,11,0.132303366158,1,0.0473575768087,0.219662311157,1287
O23:Coculture:F14:Oxa,O23,diagonal,exact_fixed_budget,12,0.14244552418,1,0.0444115049677,0.222608382998,715
O23:Coculture:F14:Oxa,O23,diagonal,exact_fixed_budget,13,0.136163904183,1,0.0417022576297,0.225317630336,286
O23:Coculture:F14:Oxa,O23,diagonal,exact_fixed_budget,14,0.137020431926,1,0.0392273519641,0.227792536002,78
O23:Coculture:F14:Oxa,O23,diagonal,exact_fixed_budget,15,0.137873644056,1,0.0381875006347,0.228832387331,13
O23:Coculture:F14:Oxa,O23,diagonal,exact_fixed_budget,16,0.137873644056,1,0.0381875006347,0.228832387331,1
O23:Monoculture::Gef,O23,joint,exact_fixed_budget,3,0.184148673478,1,0.28870561731,0,1
O23:Monoculture::Gef,O23,joint,exact_fixed_budget,4,0.272327092821,0.857142857143,0.133129620768,0.155575996543,13
O23:Monoculture::Gef,O23,joint,exact_fixed_budget,5,0.217754342921,0.857142857143,0.10657549529,0.18213012202,78
O23:Monoculture::Gef,O23,joint,exact_fixed_budget,6,0.180437678261,0.857142857143,0.088917258725,0.199788358586,286
O23:Monoculture::Gef,O23,joint,exact_fixed_budget,7,0.0614118241829,1,0.0790185914789,0.209687025832,715
O23:Monoculture::Gef,O23,joint,exact_fixed_budget,8,0.0580098406985,1,0.0714097576622,0.217295859648,1287
O23:Monoculture::Gef,O23,joint,exact_fixed_budget,9,0.0543435340354,1,0.0662182213605,0.22248739595,1716
O23:Monoculture::Gef,O23,joint,exact_fixed_budget,10,0.0305932816269,1,0.0622382543016,0.226467363009,1716
O23:Monoculture::Gef,O23,joint,exact_fixed_budget,11,0.0301709895524,1,0.059213700639,0.229491916671,1287
O23:Monoculture::Gef,O23,joint,exact_fixed_budget,12,0.0305458219649,1,0.0568906482353,0.231814969075,715
O23:Monoculture::Gef,O23,joint,exact_fixed_budget,13,0.0284753498581,1,0.0547695408573,0.233936076453,286
O23:Monoculture::Gef,O23,joint,exact_fixed_budget,14,0.0434050469034,1,0.0528527847747,0.235852832536,78
O23:Monoculture::Gef,O23,joint,exact_fixed_budget,15,0.0389387976558,1,0.0511999068445,0.237505710466,13
O23:Monoculture::Gef,O23,joint,exact_fixed_budget,16,0.049690639345,1,0.0499574589007,0.23874815841,1
O23:Monoculture::Gef,O23,diagonal,exact_fixed_budget,3,0.136561321123,1,0.280588225278,0,1
O23:Monoculture::Gef,O23,diagonal,exact_fixed_budget,4,0.142638584234,1,0.130316967756,0.150271257522,13
O23:Monoculture::Gef,O23,diagonal,exact_fixed_budget,5,0.126016205452,1,0.0981364215616,0.182451803717,78
O23:Monoculture::Gef,O23,diagonal,exact_fixed_budget,6,0.0538908436368,1,0.0816837015584,0.19890452372,286
O23:Monoculture::Gef,O23,diagonal,exact_fixed_budget,7,0.0379907426461,1,0.070481539631,0.210106685647,715
O23:Monoculture::Gef,O23,diagonal,exact_fixed_budget,8,0.0402417765586,1,0.0616035508859,0.218984674392,1287
O23:Monoculture::Gef,O23,diagonal,exact_fixed_budget,9,0.0284133659287,1,0.0552987596725,0.225289465606,1716
O23:Monoculture::Gef,O23,diagonal,exact_fixed_budget,10,0.0303745556904,1,0.050448058291,0.230140166987,1716
O23:Monoculture::Gef,O23,diagonal,exact_fixed_budget,11,0.0348271617151,1,0.0465111599213,0.234077065357,1287
O23:Monoculture::Gef,O23,diagonal,exact_fixed_budget,12,0.0238054954741,1,0.0434671400405,0.237121085238,715
O23:Monoculture::Gef,O23,diagonal,exact_fixed_budget,13,0.0241330678799,1,0.0407281522897,0.239860072988,286
O23:Monoculture::Gef,O23,diagonal,exact_fixed_budget,14,0.0279745549572,1,0.0384007525803,0.242187472698,78
O23:Monoculture::Gef,O23,diagonal,exact_fixed_budget,15,0.0284831724176,1,0.0378450099172,0.242743215361,13
O23:Monoculture::Gef,O23,diagonal,exact_fixed_budget,16,0.0284831724176,1,0.0378450099172,0.242743215361,1
O24:Coculture:F20:5-FU,O24,joint,exact_fixed_budget,3,0.017321691061,1,0.280474878044,0,1
O24:Coculture:F20:5-FU,O24,joint,exact_fixed_budget,4,0.0168403179627,1,0.138036664512,0.142438213532,13
O24:Coculture:F20:5-FU,O24,joint,exact_fixed_budget,5,0.0117716576877,1,0.113205720394,0.16726915765,78
O24:Coculture:F20:5-FU,O24,joint,exact_fixed_budget,6,0.0117197949095,1,0.0914189699242,0.18905590812,286
O24:Coculture:F20:5-FU,O24,joint,exact_fixed_budget,7,0.0106468005348,1,0.0823127632634,0.19816211478,715
O24:Coculture:F20:5-FU,O24,joint,exact_fixed_budget,8,0.0094967863824,1,0.0745004708825,0.205974407161,1287
O24:Coculture:F20:5-FU,O24,joint,exact_fixed_budget,9,0.00863059872989,1,0.0698082787267,0.210666599317,1716
O24:Coculture:F20:5-FU,O24,joint,exact_fixed_budget,10,0.00784093584689,1,0.0658223250994,0.214652552945,1716
O24:Coculture:F20:5-FU,O24,joint,exact_fixed_budget,11,0.00759765156044,1,0.0628241671311,0.217650710913,1287
O24:Coculture:F20:5-FU,O24,joint,exact_fixed_budget,12,0.00677146669291,1,0.0603459793496,0.220128898694,715
O24:Coculture:F20:5-FU,O24,joint,exact_fixed_budget,13,0.00612470723126,1,0.0585449552484,0.221929922796,286
O24:Coculture:F20:5-FU,O24,joint,exact_fixed_budget,14,0.00589079531596,1,0.0568102647443,0.2236646133,78
O24:Coculture:F20:5-FU,O24,joint,exact_fixed_budget,15,0.00603946711369,1,0.0553952476741,0.22507963037,13
O24:Coculture:F20:5-FU,O24,joint,exact_fixed_budget,16,0.00644065592152,1,0.0542476662103,0.226227211834,1
O24:Coculture:F20:5-FU,O24,diagonal,exact_fixed_budget,3,0.0183953882289,1,0.267019887966,0,1
O24:Coculture:F20:5-FU,O24,diagonal,exact_fixed_budget,4,0.0171715314464,1,0.129217436396,0.137802451569,13
O24:Coculture:F20:5-FU,O24,diagonal,exact_fixed_budget,5,0.0115984059428,1,0.097680074483,0.169339813483,78
O24:Coculture:F20:5-FU,O24,diagonal,exact_fixed_budget,6,0.0122622880349,1,0.0821925512078,0.184827336758,286
O24:Coculture:F20:5-FU,O24,diagonal,exact_fixed_budget,7,0.0118700488896,1,0.070965580188,0.196054307778,715
O24:Coculture:F20:5-FU,O24,diagonal,exact_fixed_budget,8,0.0108613868546,1,0.0622947771021,0.204725110864,1287
O24:Coculture:F20:5-FU,O24,diagonal,exact_fixed_budget,9,0.0102136310022,1,0.05631538607,0.210704501896,1716
O24:Coculture:F20:5-FU,O24,diagonal,exact_fixed_budget,10,0.0102284727457,1,0.0515810676561,0.21543882031,1716
O24:Coculture:F20:5-FU,O24,diagonal,exact_fixed_budget,11,0.011267866668,1,0.0473575768087,0.219662311157,1287
O24:Coculture:F20:5-FU,O24,diagonal,exact_fixed_budget,12,0.0116219851869,1,0.0444115049677,0.222608382998,715
O24:Coculture:F20:5-FU,O24,diagonal,exact_fixed_budget,13,0.0108181182047,1,0.0417022576297,0.225317630336,286
O24:Coculture:F20:5-FU,O24,diagonal,exact_fixed_budget,14,0.0102604150287,1,0.0392273519641,0.227792536002,78
O24:Coculture:F20:5-FU,O24,diagonal,exact_fixed_budget,15,0.0102405278719,1,0.0381875006347,0.228832387331,13
O24:Coculture:F20:5-FU,O24,diagonal,exact_fixed_budget,16,0.0102405278719,1,0.0381875006347,0.228832387331,1
O24:Coculture:F20:Oxa,O24,joint,exact_fixed_budget,3,0.0080332343177,1,0.280474878044,0,1
O24:Coculture:F20:Oxa,O24,joint,exact_fixed_budget,4,0.0296924831907,1,0.138036664512,0.142438213532,13
O24:Coculture:F20:Oxa,O24,joint,exact_fixed_budget,5,0.00531200741885,1,0.113205720394,0.16726915765,78
O24:Coculture:F20:Oxa,O24,joint,exact_fixed_budget,6,0.00784863446764,1,0.0914189699242,0.18905590812,286
O24:Coculture:F20:Oxa,O24,joint,exact_fixed_budget,7,0.0417600610159,1,0.0823127632634,0.19816211478,715
O24:Coculture:F20:Oxa,O24,joint,exact_fixed_budget,8,0.0199209480879,1,0.0745004708825,0.205974407161,1287
O24:Coculture:F20:Oxa,O24,joint,exact_fixed_budget,9,0.0349496449384,1,0.0698082787267,0.210666599317,1716
O24:Coculture:F20:Oxa,O24,joint,exact_fixed_budget,10,0.0344124633789,1,0.0658223250994,0.214652552945,1716
O24:Coculture:F20:Oxa,O24,joint,exact_fixed_budget,11,0.0311136636926,1,0.0628241671311,0.217650710913,1287
O24:Coculture:F20:Oxa,O24,joint,exact_fixed_budget,12,0.0263189689843,1,0.0603459793496,0.220128898694,715
O24:Coculture:F20:Oxa,O24,joint,exact_fixed_budget,13,0.0199595677382,1,0.0585449552484,0.221929922796,286
O24:Coculture:F20:Oxa,O24,joint,exact_fixed_budget,14,0.0184289228933,1,0.0568102647443,0.2236646133,78
O24:Coculture:F20:Oxa,O24,joint,exact_fixed_budget,15,0.0139472785356,1,0.0553952476741,0.22507963037,13
O24:Coculture:F20:Oxa,O24,joint,exact_fixed_budget,16,0.0134934317628,1,0.0542476662103,0.226227211834,1
O24:Coculture:F20:Oxa,O24,diagonal,exact_fixed_budget,3,0.00943447648103,1,0.267019887966,0,1
O24:Coculture:F20:Oxa,O24,diagonal,exact_fixed_budget,4,0.0146664236512,1,0.129217436396,0.137802451569,13
O24:Coculture:F20:Oxa,O24,diagonal,exact_fixed_budget,5,0.00868926019828,1,0.097680074483,0.169339813483,78
O24:Coculture:F20:Oxa,O24,diagonal,exact_fixed_budget,6,0.0150548422214,1,0.0821925512078,0.184827336758,286
O24:Coculture:F20:Oxa,O24,diagonal,exact_fixed_budget,7,0.00804701917107,1,0.070965580188,0.196054307778,715
O24:Coculture:F20:Oxa,O24,diagonal,exact_fixed_budget,8,0.00829650914992,1,0.0622947771021,0.204725110864,1287
O24:Coculture:F20:Oxa,O24,diagonal,exact_fixed_budget,9,0.011454195165,1,0.05631538607,0.210704501896,1716
O24:Coculture:F20:Oxa,O24,diagonal,exact_fixed_budget,10,0.0100934246626,1,0.0515810676561,0.21543882031,1716
O24:Coculture:F20:Oxa,O24,diagonal,exact_fixed_budget,11,0.00758634861032,1,0.0473575768087,0.219662311157,1287
O24:Coculture:F20:Oxa,O24,diagonal,exact_fixed_budget,12,0.00742092319648,1,0.0444115049677,0.222608382998,715
O24:Coculture:F20:Oxa,O24,diagonal,exact_fixed_budget,13,0.00535656952186,1,0.0417022576297,0.225317630336,286
O24:Coculture:F20:Oxa,O24,diagonal,exact_fixed_budget,14,0.00538022974278,1,0.0392273519641,0.227792536002,78
O24:Coculture:F20:Oxa,O24,diagonal,exact_fixed_budget,15,0.00515201995297,1,0.0381875006347,0.228832387331,13
O24:Coculture:F20:Oxa,O24,diagonal,exact_fixed_budget,16,0.00515201995297,1,0.0381875006347,0.228832387331,1
O24:Coculture:F20:SN-38,O24,joint,exact_fixed_budget,3,0.146568039302,1,0.277257611944,0,1
O24:Coculture:F20:SN-38,O24,joint,exact_fixed_budget,4,0.0820961745996,1,0.141986636129,0.135270975815,13
O24:Coculture:F20:SN-38,O24,joint,exact_fixed_budget,5,0.0819112686104,1,0.117377687616,0.159879924328,78
O24:Coculture:F20:SN-38,O24,joint,exact_fixed_budget,6,0.0878790968289,1,0.0930408830139,0.18421672893,286
O24:Coculture:F20:SN-38,O24,joint,exact_fixed_budget,7,0.0759364688802,1,0.0842845487245,0.19297306322,715
O24:Coculture:F20:SN-38,O24,joint,exact_fixed_budget,8,0.082805738425,1,0.0767994229069,0.200458189037,1287
O24:Coculture:F20:SN-38,O24,joint,exact_fixed_budget,9,0.0602814562963,1,0.0720229370302,0.205234674914,1716
O24:Coculture:F20:SN-38,O24,joint,exact_fixed_budget,10,0.0600099438173,1,0.068255369939,0.209002242005,1716
O24:Coculture:F20:SN-38,O24,joint,exact_fixed_budget,11,0.0610294290394,1,0.0652521460081,0.212005465936,1287
O24:Coculture:F20:SN-38,O24,joint,exact_fixed_budget,12,0.0581947663088,1,0.0624196615889,0.214837950355,715
O24:Coculture:F20:SN-38,O24,joint,exact_fixed_budget,13,0.0585008370825,1,0.060736743078,0.216520868866,286
O24:Coculture:F20:SN-38,O24,joint,exact_fixed_budget,14,0.0597674314327,1,0.059065720296,0.218191891648,78
O24:Coculture:F20:SN-38,O24,joint,exact_fixed_budget,15,0.0591972075277,1,0.057537335827,0.219720276117,13
O24:Coculture:F20:SN-38,O24,joint,exact_fixed_budget,16,0.0605375372537,1,0.0564133585507,0.220844253393,1
O24:Coculture:F20:SN-38,O24,diagonal,exact_fixed_budget,3,0.123771090028,1,0.260990994904,0,1
O24:Coculture:F20:SN-38,O24,diagonal,exact_fixed_budget,4,0.091643856026,1,0.129151237072,0.131839757832,13
O24:Coculture:F20:SN-38,O24,diagonal,exact_fixed_budget,5,0.0814329712267,1,0.0976331423158,0.163357852588,78
O24:Coculture:F20:SN-38,O24,diagonal,exact_fixed_budget,6,0.0890841990171,1,0.0824541824899,0.178536812414,286
O24:Coculture:F20:SN-38,O24,diagonal,exact_fixed_budget,7,0.0855185873,1,0.0712880117184,0.189702983185,715
O24:Coculture:F20:SN-38,O24,diagonal,exact_fixed_budget,8,0.0654356223923,1,0.0628129694369,0.198178025467,1287
O24:Coculture:F20:SN-38,O24,diagonal,exact_fixed_budget,9,0.06923186168,1,0.0569733789787,0.204017615925,1716
O24:Coculture:F20:SN-38,O24,diagonal,exact_fixed_budget,10,0.0656587206413,1,0.0520441460796,0.208946848824,1716
O24:Coculture:F20:SN-38,O24,diagonal,exact_fixed_budget,11,0.0696787966517,1,0.0476825394107,0.213308455493,1287
O24:Coculture:F20:SN-38,O24,diagonal,exact_fixed_budget,12,0.0766109801158,1,0.0446661243149,0.216324870589,715
O24:Coculture:F20:SN-38,O24,diagonal,exact_fixed_budget,13,0.0724289924318,1,0.0418890993682,0.219101895535,286
O24:Coculture:F20:SN-38,O24,diagonal,exact_fixed_budget,14,0.0754046479363,1,0.0394667818013,0.221524213102,78
O24:Coculture:F20:SN-38,O24,diagonal,exact_fixed_budget,15,0.0749998034278,1,0.0380725066289,0.222918488275,13
O24:Coculture:F20:SN-38,O24,diagonal,exact_fixed_budget,16,0.0749998034278,1,0.0380725066289,0.222918488275,1
O24:Monoculture::Gef,O24,joint,exact_fixed_budget,3,0.903632424682,0.857142857143,0.28870561731,0,1
O24:Monoculture::Gef,O24,joint,exact_fixed_budget,4,0.178188988548,1,0.133129620768,0.155575996543,13
O24:Monoculture::Gef,O24,joint,exact_fixed_budget,5,0.23252373079,0.857142857143,0.10657549529,0.18213012202,78
O24:Monoculture::Gef,O24,joint,exact_fixed_budget,6,0.249524935863,0.857142857143,0.088917258725,0.199788358586,286
O24:Monoculture::Gef,O24,joint,exact_fixed_budget,7,0.222458184336,0.857142857143,0.0790185914789,0.209687025832,715
O24:Monoculture::Gef,O24,joint,exact_fixed_budget,8,0.172218886448,1,0.0714097576622,0.217295859648,1287
O24:Monoculture::Gef,O24,joint,exact_fixed_budget,9,0.191562506821,0.857142857143,0.0662182213605,0.22248739595,1716
O24:Monoculture::Gef,O24,joint,exact_fixed_budget,10,0.19097392697,0.857142857143,0.0622382543016,0.226467363009,1716
O24:Monoculture::Gef,O24,joint,exact_fixed_budget,11,0.181591739596,0.857142857143,0.059213700639,0.229491916671,1287
O24:Monoculture::Gef,O24,joint,exact_fixed_budget,12,0.179740385422,0.857142857143,0.0568906482353,0.231814969075,715
O24:Monoculture::Gef,O24,joint,exact_fixed_budget,13,0.180566809583,0.857142857143,0.0547695408573,0.233936076453,286
O24:Monoculture::Gef,O24,joint,exact_fixed_budget,14,0.12776663679,1,0.0528527847747,0.235852832536,78
O24:Monoculture::Gef,O24,joint,exact_fixed_budget,15,0.131598189188,1,0.0511999068445,0.237505710466,13
O24:Monoculture::Gef,O24,joint,exact_fixed_budget,16,0.133266100917,1,0.0499574589007,0.23874815841,1
O24:Monoculture::Gef,O24,diagonal,exact_fixed_budget,3,1.02459727421,0.714285714286,0.280588225278,0,1
O24:Monoculture::Gef,O24,diagonal,exact_fixed_budget,4,0.254206184102,1,0.130316967756,0.150271257522,13
O24:Monoculture::Gef,O24,diagonal,exact_fixed_budget,5,0.373531640691,0.857142857143,0.0981364215616,0.182451803717,78
O24:Monoculture::Gef,O24,diagonal,exact_fixed_budget,6,0.362149794496,0.857142857143,0.0816837015584,0.19890452372,286
O24:Monoculture::Gef,O24,diagonal,exact_fixed_budget,7,0.277282650829,0.857142857143,0.070481539631,0.210106685647,715
O24:Monoculture::Gef,O24,diagonal,exact_fixed_budget,8,0.392758888497,0.857142857143,0.0616035508859,0.218984674392,1287
O24:Monoculture::Gef,O24,diagonal,exact_fixed_budget,9,0.32848200837,0.857142857143,0.0552987596725,0.225289465606,1716
O24:Monoculture::Gef,O24,diagonal,exact_fixed_budget,10,0.298850424171,0.857142857143,0.050448058291,0.230140166987,1716
O24:Monoculture::Gef,O24,diagonal,exact_fixed_budget,11,0.312364708997,0.857142857143,0.0465111599213,0.234077065357,1287
O24:Monoculture::Gef,O24,diagonal,exact_fixed_budget,12,0.235554126386,0.857142857143,0.0434671400405,0.237121085238,715
O24:Monoculture::Gef,O24,diagonal,exact_fixed_budget,13,0.232614408772,0.857142857143,0.0407281522897,0.239860072988,286
O24:Monoculture::Gef,O24,diagonal,exact_fixed_budget,14,0.240144493886,0.857142857143,0.0384007525803,0.242187472698,78
O24:Monoculture::Gef,O24,diagonal,exact_fixed_budget,15,0.241302859721,0.857142857143,0.0378450099172,0.242743215361,13
O24:Monoculture::Gef,O24,diagonal,exact_fixed_budget,16,0.241302859721,0.857142857143,0.0378450099172,0.242743215361,1
O24:Monoculture::Oxa,O24,joint,exact_fixed_budget,3,0.278847857794,1,0.280474878044,0,1
O24:Monoculture::Oxa,O24,joint,exact_fixed_budget,4,0.195137950082,1,0.138036664512,0.142438213532,13
O24:Monoculture::Oxa,O24,joint,exact_fixed_budget,5,0.0889755729571,1,0.113205720394,0.16726915765,78
O24:Monoculture::Oxa,O24,joint,exact_fixed_budget,6,0.0633502639222,1,0.0914189699242,0.18905590812,286
O24:Monoculture::Oxa,O24,joint,exact_fixed_budget,7,0.064334754199,1,0.0823127632634,0.19816211478,715
O24:Monoculture::Oxa,O24,joint,exact_fixed_budget,8,0.0656720435411,1,0.0745004708825,0.205974407161,1287
O24:Monoculture::Oxa,O24,joint,exact_fixed_budget,9,0.0605813756058,1,0.0698082787267,0.210666599317,1716
O24:Monoculture::Oxa,O24,joint,exact_fixed_budget,10,0.0623100616428,1,0.0658223250994,0.214652552945,1716
O24:Monoculture::Oxa,O24,joint,exact_fixed_budget,11,0.0827121141523,1,0.0628241671311,0.217650710913,1287
O24:Monoculture::Oxa,O24,joint,exact_fixed_budget,12,0.0816377457823,1,0.0603459793496,0.220128898694,715
O24:Monoculture::Oxa,O24,joint,exact_fixed_budget,13,0.0623873533835,1,0.0585449552484,0.221929922796,286
O24:Monoculture::Oxa,O24,joint,exact_fixed_budget,14,0.0764356360336,1,0.0568102647443,0.2236646133,78
O24:Monoculture::Oxa,O24,joint,exact_fixed_budget,15,0.0917015261318,1,0.0553952476741,0.22507963037,13
O24:Monoculture::Oxa,O24,joint,exact_fixed_budget,16,0.091382602632,1,0.0542476662103,0.226227211834,1
O24:Monoculture::Oxa,O24,diagonal,exact_fixed_budget,3,0.342816737302,1,0.267019887966,0,1
O24:Monoculture::Oxa,O24,diagonal,exact_fixed_budget,4,0.302282975211,1,0.129217436396,0.137802451569,13
O24:Monoculture::Oxa,O24,diagonal,exact_fixed_budget,5,0.19300830807,1,0.097680074483,0.169339813483,78
O24:Monoculture::Oxa,O24,diagonal,exact_fixed_budget,6,0.153644297083,1,0.0821925512078,0.184827336758,286
O24:Monoculture::Oxa,O24,diagonal,exact_fixed_budget,7,0.178773611742,1,0.070965580188,0.196054307778,715
O24:Monoculture::Oxa,O24,diagonal,exact_fixed_budget,8,0.288046694305,1,0.0622947771021,0.204725110864,1287
O24:Monoculture::Oxa,O24,diagonal,exact_fixed_budget,9,0.177369238185,1,0.05631538607,0.210704501896,1716
O24:Monoculture::Oxa,O24,diagonal,exact_fixed_budget,10,0.235380395742,1,0.0515810676561,0.21543882031,1716
O24:Monoculture::Oxa,O24,diagonal,exact_fixed_budget,11,0.235092690754,1,0.0473575768087,0.219662311157,1287
O24:Monoculture::Oxa,O24,diagonal,exact_fixed_budget,12,0.237939860574,1,0.0444115049677,0.222608382998,715
O24:Monoculture::Oxa,O24,diagonal,exact_fixed_budget,13,0.227374009915,1,0.0417022576297,0.225317630336,286
O24:Monoculture::Oxa,O24,diagonal,exact_fixed_budget,14,0.224469781677,1,0.0392273519641,0.227792536002,78
O24:Monoculture::Oxa,O24,diagonal,exact_fixed_budget,15,0.217568259503,1,0.0381875006347,0.228832387331,13
O24:Monoculture::Oxa,O24,diagonal,exact_fixed_budget,16,0.217568259503,1,0.0381875006347,0.228832387331,1
O25:Coculture:F25:Oxa,O25,joint,exact_fixed_budget,3,1.12516528788,0.428571428571,0.280474878044,0,1
O25:Coculture:F25:Oxa,O25,joint,exact_fixed_budget,4,0.744007303187,0.714285714286,0.138036664512,0.142438213532,13
O25:Coculture:F25:Oxa,O25,joint,exact_fixed_budget,5,1.00993541923,0.428571428571,0.113205720394,0.16726915765,78
O25:Coculture:F25:Oxa,O25,joint,exact_fixed_budget,6,1.10419929108,0.428571428571,0.0914189699242,0.18905590812,286
O25:Coculture:F25:Oxa,O25,joint,exact_fixed_budget,7,0.963223316432,0.428571428571,0.0823127632634,0.19816211478,715
O25:Coculture:F25:Oxa,O25,joint,exact_fixed_budget,8,0.978337079686,0.428571428571,0.0745004708825,0.205974407161,1287
O25:Coculture:F25:Oxa,O25,joint,exact_fixed_budget,9,0.992453687489,0.428571428571,0.0698082787267,0.210666599317,1716
O25:Coculture:F25:Oxa,O25,joint,exact_fixed_budget,10,0.972922836368,0.428571428571,0.0658223250994,0.214652552945,1716
O25:Coculture:F25:Oxa,O25,joint,exact_fixed_budget,11,1.07727906312,0.428571428571,0.0628241671311,0.217650710913,1287
O25:Coculture:F25:Oxa,O25,joint,exact_fixed_budget,12,0.967784149356,0.285714285714,0.0603459793496,0.220128898694,715
O25:Coculture:F25:Oxa,O25,joint,exact_fixed_budget,13,0.871324764673,0.428571428571,0.0585449552484,0.221929922796,286
O25:Coculture:F25:Oxa,O25,joint,exact_fixed_budget,14,0.946822073301,0.285714285714,0.0568102647443,0.2236646133,78
O25:Coculture:F25:Oxa,O25,joint,exact_fixed_budget,15,0.963412411715,0.285714285714,0.0553952476741,0.22507963037,13
O25:Coculture:F25:Oxa,O25,joint,exact_fixed_budget,16,0.967062275335,0.285714285714,0.0542476662103,0.226227211834,1
O25:Coculture:F25:Oxa,O25,diagonal,exact_fixed_budget,3,1.06762208033,0.571428571429,0.267019887966,0,1
O25:Coculture:F25:Oxa,O25,diagonal,exact_fixed_budget,4,0.7038050575,0.714285714286,0.129217436396,0.137802451569,13
O25:Coculture:F25:Oxa,O25,diagonal,exact_fixed_budget,5,0.908773640549,0.571428571429,0.097680074483,0.169339813483,78
O25:Coculture:F25:Oxa,O25,diagonal,exact_fixed_budget,6,0.79025626258,0.571428571429,0.0821925512078,0.184827336758,286
O25:Coculture:F25:Oxa,O25,diagonal,exact_fixed_budget,7,0.797843741034,0.571428571429,0.070965580188,0.196054307778,715
O25:Coculture:F25:Oxa,O25,diagonal,exact_fixed_budget,8,1.00345386983,0.428571428571,0.0622947771021,0.204725110864,1287
O25:Coculture:F25:Oxa,O25,diagonal,exact_fixed_budget,9,0.788123423469,0.571428571429,0.05631538607,0.210704501896,1716
O25:Coculture:F25:Oxa,O25,diagonal,exact_fixed_budget,10,0.871918274374,0.428571428571,0.0515810676561,0.21543882031,1716
O25:Coculture:F25:Oxa,O25,diagonal,exact_fixed_budget,11,0.741122750339,0.571428571429,0.0473575768087,0.219662311157,1287
O25:Coculture:F25:Oxa,O25,diagonal,exact_fixed_budget,12,0.734602126128,0.571428571429,0.0444115049677,0.222608382998,715
O25:Coculture:F25:Oxa,O25,diagonal,exact_fixed_budget,13,0.726933947607,0.571428571429,0.0417022576297,0.225317630336,286
O25:Coculture:F25:Oxa,O25,diagonal,exact_fixed_budget,14,0.711935799318,0.571428571429,0.0392273519641,0.227792536002,78
O25:Coculture:F25:Oxa,O25,diagonal,exact_fixed_budget,15,0.675484845678,0.571428571429,0.0381875006347,0.228832387331,13
O25:Coculture:F25:Oxa,O25,diagonal,exact_fixed_budget,16,0.675484845678,0.571428571429,0.0381875006347,0.228832387331,1
O25:Monoculture::Gef,O25,joint,exact_fixed_budget,3,0.601109992153,0.857142857143,0.28870561731,0,1
O25:Monoculture::Gef,O25,joint,exact_fixed_budget,4,0.587422152856,0.857142857143,0.133129620768,0.155575996543,13
O25:Monoculture::Gef,O25,joint,exact_fixed_budget,5,0.619716151349,0.428571428571,0.10657549529,0.18213012202,78
O25:Monoculture::Gef,O25,joint,exact_fixed_budget,6,0.642912997386,0.428571428571,0.088917258725,0.199788358586,286
O25:Monoculture::Gef,O25,joint,exact_fixed_budget,7,0.529886884015,0.571428571429,0.0790185914789,0.209687025832,715
O25:Monoculture::Gef,O25,joint,exact_fixed_budget,8,0.528115344366,0.571428571429,0.0714097576622,0.217295859648,1287
O25:Monoculture::Gef,O25,joint,exact_fixed_budget,9,0.457337116864,0.571428571429,0.0662182213605,0.22248739595,1716
O25:Monoculture::Gef,O25,joint,exact_fixed_budget,10,0.419763324194,0.714285714286,0.0622382543016,0.226467363009,1716
O25:Monoculture::Gef,O25,joint,exact_fixed_budget,11,0.428846422013,0.714285714286,0.059213700639,0.229491916671,1287
O25:Monoculture::Gef,O25,joint,exact_fixed_budget,12,0.40733603843,0.857142857143,0.0568906482353,0.231814969075,715
O25:Monoculture::Gef,O25,joint,exact_fixed_budget,13,0.429850942147,0.857142857143,0.0547695408573,0.233936076453,286
O25:Monoculture::Gef,O25,joint,exact_fixed_budget,14,0.382026364763,0.857142857143,0.0528527847747,0.235852832536,78
O25:Monoculture::Gef,O25,joint,exact_fixed_budget,15,0.388241701326,0.857142857143,0.0511999068445,0.237505710466,13
O25:Monoculture::Gef,O25,joint,exact_fixed_budget,16,0.356756107962,0.857142857143,0.0499574589007,0.23874815841,1
O25:Monoculture::Gef,O25,diagonal,exact_fixed_budget,3,0.592879368741,0.857142857143,0.280588225278,0,1
O25:Monoculture::Gef,O25,diagonal,exact_fixed_budget,4,0.57588885665,0.857142857143,0.130316967756,0.150271257522,13
O25:Monoculture::Gef,O25,diagonal,exact_fixed_budget,5,0.596378810373,0.714285714286,0.0981364215616,0.182451803717,78
O25:Monoculture::Gef,O25,diagonal,exact_fixed_budget,6,0.521696087045,0.714285714286,0.0816837015584,0.19890452372,286
O25:Monoculture::Gef,O25,diagonal,exact_fixed_budget,7,0.52229906633,0.571428571429,0.070481539631,0.210106685647,715
O25:Monoculture::Gef,O25,diagonal,exact_fixed_budget,8,0.517676490361,0.571428571429,0.0616035508859,0.218984674392,1287
O25:Monoculture::Gef,O25,diagonal,exact_fixed_budget,9,0.433085728145,0.857142857143,0.0552987596725,0.225289465606,1716
O25:Monoculture::Gef,O25,diagonal,exact_fixed_budget,10,0.433592264244,0.714285714286,0.050448058291,0.230140166987,1716
O25:Monoculture::Gef,O25,diagonal,exact_fixed_budget,11,0.402699121578,0.714285714286,0.0465111599213,0.234077065357,1287
O25:Monoculture::Gef,O25,diagonal,exact_fixed_budget,12,0.375543919661,0.857142857143,0.0434671400405,0.237121085238,715
O25:Monoculture::Gef,O25,diagonal,exact_fixed_budget,13,0.371684130096,0.857142857143,0.0407281522897,0.239860072988,286
O25:Monoculture::Gef,O25,diagonal,exact_fixed_budget,14,0.335418190307,0.857142857143,0.0384007525803,0.242187472698,78
O25:Monoculture::Gef,O25,diagonal,exact_fixed_budget,15,0.332044032227,0.857142857143,0.0378450099172,0.242743215361,13
O25:Monoculture::Gef,O25,diagonal,exact_fixed_budget,16,0.332044032227,0.857142857143,0.0378450099172,0.242743215361,1
O25:Monoculture::Oxa,O25,joint,exact_fixed_budget,3,0.211639020631,1,0.280474878044,0,1
O25:Monoculture::Oxa,O25,joint,exact_fixed_budget,4,0.155166098605,1,0.138036664512,0.142438213532,13
O25:Monoculture::Oxa,O25,joint,exact_fixed_budget,5,0.213062901004,1,0.113205720394,0.16726915765,78
O25:Monoculture::Oxa,O25,joint,exact_fixed_budget,6,0.275118196182,1,0.0914189699242,0.18905590812,286
O25:Monoculture::Oxa,O25,joint,exact_fixed_budget,7,0.297421761327,1,0.0823127632634,0.19816211478,715
O25:Monoculture::Oxa,O25,joint,exact_fixed_budget,8,0.257278952712,1,0.0745004708825,0.205974407161,1287
O25:Monoculture::Oxa,O25,joint,exact_fixed_budget,9,0.281420982402,1,0.0698082787267,0.210666599317,1716
O25:Monoculture::Oxa,O25,joint,exact_fixed_budget,10,0.270553657449,1,0.0658223250994,0.214652552945,1716
O25:Monoculture::Oxa,O25,joint,exact_fixed_budget,11,0.265087657822,1,0.0628241671311,0.217650710913,1287
O25:Monoculture::Oxa,O25,joint,exact_fixed_budget,12,0.243252567071,1,0.0603459793496,0.220128898694,715
O25:Monoculture::Oxa,O25,joint,exact_fixed_budget,13,0.245578445617,1,0.0585449552484,0.221929922796,286
O25:Monoculture::Oxa,O25,joint,exact_fixed_budget,14,0.240998441282,1,0.0568102647443,0.2236646133,78
O25:Monoculture::Oxa,O25,joint,exact_fixed_budget,15,0.254886096655,1,0.0553952476741,0.22507963037,13
O25:Monoculture::Oxa,O25,joint,exact_fixed_budget,16,0.270284409867,1,0.0542476662103,0.226227211834,1
O25:Monoculture::Oxa,O25,diagonal,exact_fixed_budget,3,0.327186167561,1,0.267019887966,0,1
O25:Monoculture::Oxa,O25,diagonal,exact_fixed_budget,4,0.32975809227,1,0.129217436396,0.137802451569,13
O25:Monoculture::Oxa,O25,diagonal,exact_fixed_budget,5,0.400906955548,1,0.097680074483,0.169339813483,78
O25:Monoculture::Oxa,O25,diagonal,exact_fixed_budget,6,0.448762953982,0.857142857143,0.0821925512078,0.184827336758,286
O25:Monoculture::Oxa,O25,diagonal,exact_fixed_budget,7,0.382912499876,1,0.070965580188,0.196054307778,715
O25:Monoculture::Oxa,O25,diagonal,exact_fixed_budget,8,0.406941221603,1,0.0622947771021,0.204725110864,1287
O25:Monoculture::Oxa,O25,diagonal,exact_fixed_budget,9,0.410675572362,1,0.05631538607,0.210704501896,1716
O25:Monoculture::Oxa,O25,diagonal,exact_fixed_budget,10,0.395658770373,1,0.0515810676561,0.21543882031,1716
O25:Monoculture::Oxa,O25,diagonal,exact_fixed_budget,11,0.379326186967,1,0.0473575768087,0.219662311157,1287
O25:Monoculture::Oxa,O25,diagonal,exact_fixed_budget,12,0.388462285611,1,0.0444115049677,0.222608382998,715
O25:Monoculture::Oxa,O25,diagonal,exact_fixed_budget,13,0.377036474018,1,0.0417022576297,0.225317630336,286
O25:Monoculture::Oxa,O25,diagonal,exact_fixed_budget,14,0.402875427658,1,0.0392273519641,0.227792536002,78
O25:Monoculture::Oxa,O25,diagonal,exact_fixed_budget,15,0.391976245063,1,0.0381875006347,0.228832387331,13
O25:Monoculture::Oxa,O25,diagonal,exact_fixed_budget,16,0.391976245063,1,0.0381875006347,0.228832387331,1
O26:Coculture:F26:5-FU,O26,joint,exact_fixed_budget,3,0.117192192897,1,0.280474878044,0,1
O26:Coculture:F26:5-FU,O26,joint,exact_fixed_budget,4,0.0475261480486,1,0.138036664512,0.142438213532,13
O26:Coculture:F26:5-FU,O26,joint,exact_fixed_budget,5,0.0455158975168,1,0.113205720394,0.16726915765,78
O26:Coculture:F26:5-FU,O26,joint,exact_fixed_budget,6,0.0566268396161,1,0.0914189699242,0.18905590812,286
O26:Coculture:F26:5-FU,O26,joint,exact_fixed_budget,7,0.0562236630698,1,0.0823127632634,0.19816211478,715
O26:Coculture:F26:5-FU,O26,joint,exact_fixed_budget,8,0.0582103874611,1,0.0745004708825,0.205974407161,1287
O26:Coculture:F26:5-FU,O26,joint,exact_fixed_budget,9,0.0588270231033,1,0.0698082787267,0.210666599317,1716
O26:Coculture:F26:5-FU,O26,joint,exact_fixed_budget,10,0.0443379677126,1,0.0658223250994,0.214652552945,1716
O26:Coculture:F26:5-FU,O26,joint,exact_fixed_budget,11,0.0452498126725,1,0.0628241671311,0.217650710913,1287
O26:Coculture:F26:5-FU,O26,joint,exact_fixed_budget,12,0.0459310418781,1,0.0603459793496,0.220128898694,715
O26:Coculture:F26:5-FU,O26,joint,exact_fixed_budget,13,0.0390541115868,1,0.0585449552484,0.221929922796,286
O26:Coculture:F26:5-FU,O26,joint,exact_fixed_budget,14,0.0386442987483,1,0.0568102647443,0.2236646133,78
O26:Coculture:F26:5-FU,O26,joint,exact_fixed_budget,15,0.0426894152195,1,0.0553952476741,0.22507963037,13
O26:Coculture:F26:5-FU,O26,joint,exact_fixed_budget,16,0.0417256385727,1,0.0542476662103,0.226227211834,1
O26:Coculture:F26:5-FU,O26,diagonal,exact_fixed_budget,3,0.144979009914,1,0.267019887966,0,1
O26:Coculture:F26:5-FU,O26,diagonal,exact_fixed_budget,4,0.0738679630407,1,0.129217436396,0.137802451569,13
O26:Coculture:F26:5-FU,O26,diagonal,exact_fixed_budget,5,0.0592380387685,1,0.097680074483,0.169339813483,78
O26:Coculture:F26:5-FU,O26,diagonal,exact_fixed_budget,6,0.0653283053755,1,0.0821925512078,0.184827336758,286
O26:Coculture:F26:5-FU,O26,diagonal,exact_fixed_budget,7,0.0577359259521,1,0.070965580188,0.196054307778,715
O26:Coculture:F26:5-FU,O26,diagonal,exact_fixed_budget,8,0.0482018147413,1,0.0622947771021,0.204725110864,1287
O26:Coculture:F26:5-FU,O26,diagonal,exact_fixed_budget,9,0.0508801131044,1,0.05631538607,0.210704501896,1716
O26:Coculture:F26:5-FU,O26,diagonal,exact_fixed_budget,10,0.0474140027544,1,0.0515810676561,0.21543882031,1716
O26:Coculture:F26:5-FU,O26,diagonal,exact_fixed_budget,11,0.0476932204839,1,0.0473575768087,0.219662311157,1287
O26:Coculture:F26:5-FU,O26,diagonal,exact_fixed_budget,12,0.0537596317723,1,0.0444115049677,0.222608382998,715
O26:Coculture:F26:5-FU,O26,diagonal,exact_fixed_budget,13,0.0584215184333,1,0.0417022576297,0.225317630336,286
O26:Coculture:F26:5-FU,O26,diagonal,exact_fixed_budget,14,0.0694444594033,1,0.0392273519641,0.227792536002,78
O26:Coculture:F26:5-FU,O26,diagonal,exact_fixed_budget,15,0.0776343709832,1,0.0381875006347,0.228832387331,13
O26:Coculture:F26:5-FU,O26,diagonal,exact_fixed_budget,16,0.0776343709832,1,0.0381875006347,0.228832387331,1
O26:Coculture:F26:Oxa,O26,joint,exact_fixed_budget,3,0.209529968298,1,0.280474878044,0,1
O26:Coculture:F26:Oxa,O26,joint,exact_fixed_budget,4,0.0447490560946,1,0.138036664512,0.142438213532,13
O26:Coculture:F26:Oxa,O26,joint,exact_fixed_budget,5,0.0364217834475,1,0.113205720394,0.16726915765,78
O26:Coculture:F26:Oxa,O26,joint,exact_fixed_budget,6,0.0354302920679,1,0.0914189699242,0.18905590812,286
O26:Coculture:F26:Oxa,O26,joint,exact_fixed_budget,7,0.0399192363277,1,0.0823127632634,0.19816211478,715
O26:Coculture:F26:Oxa,O26,joint,exact_fixed_budget,8,0.0392401074258,1,0.0745004708825,0.205974407161,1287
O26:Coculture:F26:Oxa,O26,joint,exact_fixed_budget,9,0.0394501678841,1,0.0698082787267,0.210666599317,1716
O26:Coculture:F26:Oxa,O26,joint,exact_fixed_budget,10,0.0393828805629,1,0.0658223250994,0.214652552945,1716
O26:Coculture:F26:Oxa,O26,joint,exact_fixed_budget,11,0.0424817441669,1,0.0628241671311,0.217650710913,1287
O26:Coculture:F26:Oxa,O26,joint,exact_fixed_budget,12,0.0397099020979,1,0.0603459793496,0.220128898694,715
O26:Coculture:F26:Oxa,O26,joint,exact_fixed_budget,13,0.033986461751,1,0.0585449552484,0.221929922796,286
O26:Coculture:F26:Oxa,O26,joint,exact_fixed_budget,14,0.0359878339147,1,0.0568102647443,0.2236646133,78
O26:Coculture:F26:Oxa,O26,joint,exact_fixed_budget,15,0.02763348596,1,0.0553952476741,0.22507963037,13
O26:Coculture:F26:Oxa,O26,joint,exact_fixed_budget,16,0.0281921042877,1,0.0542476662103,0.226227211834,1
O26:Coculture:F26:Oxa,O26,diagonal,exact_fixed_budget,3,0.306932824548,1,0.267019887966,0,1
O26:Coculture:F26:Oxa,O26,diagonal,exact_fixed_budget,4,0.0691766807723,1,0.129217436396,0.137802451569,13
O26:Coculture:F26:Oxa,O26,diagonal,exact_fixed_budget,5,0.103349965361,1,0.097680074483,0.169339813483,78
O26:Coculture:F26:Oxa,O26,diagonal,exact_fixed_budget,6,0.0806806974622,1,0.0821925512078,0.184827336758,286
O26:Coculture:F26:Oxa,O26,diagonal,exact_fixed_budget,7,0.0786026108753,1,0.070965580188,0.196054307778,715
O26:Coculture:F26:Oxa,O26,diagonal,exact_fixed_budget,8,0.0834843591645,1,0.0622947771021,0.204725110864,1287
O26:Coculture:F26:Oxa,O26,diagonal,exact_fixed_budget,9,0.0810495293567,1,0.05631538607,0.210704501896,1716
O26:Coculture:F26:Oxa,O26,diagonal,exact_fixed_budget,10,0.0750170932014,1,0.0515810676561,0.21543882031,1716
O26:Coculture:F26:Oxa,O26,diagonal,exact_fixed_budget,11,0.0740242958529,1,0.0473575768087,0.219662311157,1287
O26:Coculture:F26:Oxa,O26,diagonal,exact_fixed_budget,12,0.0757379893266,1,0.0444115049677,0.222608382998,715
O26:Coculture:F26:Oxa,O26,diagonal,exact_fixed_budget,13,0.0784543151023,1,0.0417022576297,0.225317630336,286
O26:Coculture:F26:Oxa,O26,diagonal,exact_fixed_budget,14,0.0624993399205,1,0.0392273519641,0.227792536002,78
O26:Coculture:F26:Oxa,O26,diagonal,exact_fixed_budget,15,0.0594908631759,1,0.0381875006347,0.228832387331,13
O26:Coculture:F26:Oxa,O26,diagonal,exact_fixed_budget,16,0.0594908631759,1,0.0381875006347,0.228832387331,1
O26:Coculture:F26:SN-38,O26,joint,exact_fixed_budget,3,0.366504347255,1,0.277257611944,0,1
O26:Coculture:F26:SN-38,O26,joint,exact_fixed_budget,4,0.553506533945,0.714285714286,0.141986636129,0.135270975815,13
O26:Coculture:F26:SN-38,O26,joint,exact_fixed_budget,5,0.749451185982,0.571428571429,0.117377687616,0.159879924328,78
O26:Coculture:F26:SN-38,O26,joint,exact_fixed_budget,6,0.419825420419,0.857142857143,0.0930408830139,0.18421672893,286
O26:Coculture:F26:SN-38,O26,joint,exact_fixed_budget,7,0.397485499806,1,0.0842845487245,0.19297306322,715
O26:Coculture:F26:SN-38,O26,joint,exact_fixed_budget,8,0.378678184546,1,0.0767994229069,0.200458189037,1287
O26:Coculture:F26:SN-38,O26,joint,exact_fixed_budget,9,0.455933719486,0.714285714286,0.0720229370302,0.205234674914,1716
O26:Coculture:F26:SN-38,O26,joint,exact_fixed_budget,10,0.418952525143,1,0.068255369939,0.209002242005,1716
O26:Coculture:F26:SN-38,O26,joint,exact_fixed_budget,11,0.377850605782,1,0.0652521460081,0.212005465936,1287
O26:Coculture:F26:SN-38,O26,joint,exact_fixed_budget,12,0.393527070542,1,0.0624196615889,0.214837950355,715
O26:Coculture:F26:SN-38,O26,joint,exact_fixed_budget,13,0.370687612009,1,0.060736743078,0.216520868866,286
O26:Coculture:F26:SN-38,O26,joint,exact_fixed_budget,14,0.379431881497,1,0.059065720296,0.218191891648,78
O26:Coculture:F26:SN-38,O26,joint,exact_fixed_budget,15,0.358731052293,1,0.057537335827,0.219720276117,13
O26:Coculture:F26:SN-38,O26,joint,exact_fixed_budget,16,0.3543402603,1,0.0564133585507,0.220844253393,1
O26:Coculture:F26:SN-38,O26,diagonal,exact_fixed_budget,3,0.423039181227,1,0.260990994904,0,1
O26:Coculture:F26:SN-38,O26,diagonal,exact_fixed_budget,4,0.61589563002,0.571428571429,0.129151237072,0.131839757832,13
O26:Coculture:F26:SN-38,O26,diagonal,exact_fixed_budget,5,0.387086381938,1,0.0976331423158,0.163357852588,78
O26:Coculture:F26:SN-38,O26,diagonal,exact_fixed_budget,6,0.337290653014,1,0.0824541824899,0.178536812414,286
O26:Coculture:F26:SN-38,O26,diagonal,exact_fixed_budget,7,0.315823173985,1,0.0712880117184,0.189702983185,715
O26:Coculture:F26:SN-38,O26,diagonal,exact_fixed_budget,8,0.382815638033,0.857142857143,0.0628129694369,0.198178025467,1287
O26:Coculture:F26:SN-38,O26,diagonal,exact_fixed_budget,9,0.308057673036,1,0.0569733789787,0.204017615925,1716
O26:Coculture:F26:SN-38,O26,diagonal,exact_fixed_budget,10,0.315006673695,1,0.0520441460796,0.208946848824,1716
O26:Coculture:F26:SN-38,O26,diagonal,exact_fixed_budget,11,0.325734122802,1,0.0476825394107,0.213308455493,1287
O26:Coculture:F26:SN-38,O26,diagonal,exact_fixed_budget,12,0.276410856255,1,0.0446661243149,0.216324870589,715
O26:Coculture:F26:SN-38,O26,diagonal,exact_fixed_budget,13,0.283888836886,1,0.0418890993682,0.219101895535,286
O26:Coculture:F26:SN-38,O26,diagonal,exact_fixed_budget,14,0.288626464153,1,0.0394667818013,0.221524213102,78
O26:Coculture:F26:SN-38,O26,diagonal,exact_fixed_budget,15,0.293289724532,1,0.0380725066289,0.222918488275,13
O26:Coculture:F26:SN-38,O26,diagonal,exact_fixed_budget,16,0.293289724532,1,0.0380725066289,0.222918488275,1
O26:Monoculture::Oxa,O26,joint,exact_fixed_budget,3,1.81781977916,0.857142857143,0.280474878044,0,1
O26:Monoculture::Oxa,O26,joint,exact_fixed_budget,4,1.71930109171,0.857142857143,0.138036664512,0.142438213532,13
O26:Monoculture::Oxa,O26,joint,exact_fixed_budget,5,1.72671755706,0.857142857143,0.113205720394,0.16726915765,78
O26:Monoculture::Oxa,O26,joint,exact_fixed_budget,6,1.88795608518,0.857142857143,0.0914189699242,0.18905590812,286
O26:Monoculture::Oxa,O26,joint,exact_fixed_budget,7,2.02290514769,0.857142857143,0.0823127632634,0.19816211478,715
O26:Monoculture::Oxa,O26,joint,exact_fixed_budget,8,2.01417402785,0.857142857143,0.0745004708825,0.205974407161,1287
O26:Monoculture::Oxa,O26,joint,exact_fixed_budget,9,2.01741582533,0.857142857143,0.0698082787267,0.210666599317,1716
O26:Monoculture::Oxa,O26,joint,exact_fixed_budget,10,2.03008844962,0.857142857143,0.0658223250994,0.214652552945,1716
O26:Monoculture::Oxa,O26,joint,exact_fixed_budget,11,2.03288157854,0.857142857143,0.0628241671311,0.217650710913,1287
O26:Monoculture::Oxa,O26,joint,exact_fixed_budget,12,2.03427501055,0.857142857143,0.0603459793496,0.220128898694,715
O26:Monoculture::Oxa,O26,joint,exact_fixed_budget,13,2.03680593566,0.857142857143,0.0585449552484,0.221929922796,286
O26:Monoculture::Oxa,O26,joint,exact_fixed_budget,14,2.03702811618,0.857142857143,0.0568102647443,0.2236646133,78
O26:Monoculture::Oxa,O26,joint,exact_fixed_budget,15,1.95702866493,0.857142857143,0.0553952476741,0.22507963037,13
O26:Monoculture::Oxa,O26,joint,exact_fixed_budget,16,1.95080549968,0.857142857143,0.0542476662103,0.226227211834,1
O26:Monoculture::Oxa,O26,diagonal,exact_fixed_budget,3,1.92122725491,0.857142857143,0.267019887966,0,1
O26:Monoculture::Oxa,O26,diagonal,exact_fixed_budget,4,1.83872406562,0.857142857143,0.129217436396,0.137802451569,13
O26:Monoculture::Oxa,O26,diagonal,exact_fixed_budget,5,1.84667935228,0.857142857143,0.097680074483,0.169339813483,78
O26:Monoculture::Oxa,O26,diagonal,exact_fixed_budget,6,1.94908962312,0.857142857143,0.0821925512078,0.184827336758,286
O26:Monoculture::Oxa,O26,diagonal,exact_fixed_budget,7,1.94566944865,0.857142857143,0.070965580188,0.196054307778,715
O26:Monoculture::Oxa,O26,diagonal,exact_fixed_budget,8,1.88425825226,0.857142857143,0.0622947771021,0.204725110864,1287
O26:Monoculture::Oxa,O26,diagonal,exact_fixed_budget,9,1.93042777229,0.857142857143,0.05631538607,0.210704501896,1716
O26:Monoculture::Oxa,O26,diagonal,exact_fixed_budget,10,1.93294104274,0.857142857143,0.0515810676561,0.21543882031,1716
O26:Monoculture::Oxa,O26,diagonal,exact_fixed_budget,11,1.93444024744,0.857142857143,0.0473575768087,0.219662311157,1287
O26:Monoculture::Oxa,O26,diagonal,exact_fixed_budget,12,1.93893850867,0.857142857143,0.0444115049677,0.222608382998,715
O26:Monoculture::Oxa,O26,diagonal,exact_fixed_budget,13,1.9578265716,0.857142857143,0.0417022576297,0.225317630336,286
O26:Monoculture::Oxa,O26,diagonal,exact_fixed_budget,14,1.94382643979,0.857142857143,0.0392273519641,0.227792536002,78
O26:Monoculture::Oxa,O26,diagonal,exact_fixed_budget,15,1.93769750848,0.857142857143,0.0381875006347,0.228832387331,13
O26:Monoculture::Oxa,O26,diagonal,exact_fixed_budget,16,1.93769750848,0.857142857143,0.0381875006347,0.228832387331,1
O27:Coculture:F27:SN-38,O27,joint,exact_fixed_budget,3,1.21159620737,0.428571428571,0.277257611944,0,1
O27:Coculture:F27:SN-38,O27,joint,exact_fixed_budget,4,1.44436896146,0.428571428571,0.141986636129,0.135270975815,13
O27:Coculture:F27:SN-38,O27,joint,exact_fixed_budget,5,1.11594327119,0.428571428571,0.117377687616,0.159879924328,78
O27:Coculture:F27:SN-38,O27,joint,exact_fixed_budget,6,0.327662149697,0.857142857143,0.0930408830139,0.18421672893,286
O27:Coculture:F27:SN-38,O27,joint,exact_fixed_budget,7,0.941897174639,0.428571428571,0.0842845487245,0.19297306322,715
O27:Coculture:F27:SN-38,O27,joint,exact_fixed_budget,8,0.475392942941,0.571428571429,0.0767994229069,0.200458189037,1287
O27:Coculture:F27:SN-38,O27,joint,exact_fixed_budget,9,0.239342345795,0.857142857143,0.0720229370302,0.205234674914,1716
O27:Coculture:F27:SN-38,O27,joint,exact_fixed_budget,10,0.630245102571,0.428571428571,0.068255369939,0.209002242005,1716
O27:Coculture:F27:SN-38,O27,joint,exact_fixed_budget,11,0.551227960066,0.571428571429,0.0652521460081,0.212005465936,1287
O27:Coculture:F27:SN-38,O27,joint,exact_fixed_budget,12,0.445404212115,0.714285714286,0.0624196615889,0.214837950355,715
O27:Coculture:F27:SN-38,O27,joint,exact_fixed_budget,13,0.466174645046,0.714285714286,0.060736743078,0.216520868866,286
O27:Coculture:F27:SN-38,O27,joint,exact_fixed_budget,14,0.421471899846,0.714285714286,0.059065720296,0.218191891648,78
O27:Coculture:F27:SN-38,O27,joint,exact_fixed_budget,15,0.41542050282,0.714285714286,0.057537335827,0.219720276117,13
O27:Coculture:F27:SN-38,O27,joint,exact_fixed_budget,16,0.429994158319,0.714285714286,0.0564133585507,0.220844253393,1
O27:Coculture:F27:SN-38,O27,diagonal,exact_fixed_budget,3,1.40361192343,0.428571428571,0.260990994904,0,1
O27:Coculture:F27:SN-38,O27,diagonal,exact_fixed_budget,4,1.69331241153,0.285714285714,0.129151237072,0.131839757832,13
O27:Coculture:F27:SN-38,O27,diagonal,exact_fixed_budget,5,0.685409174915,0.428571428571,0.0976331423158,0.163357852588,78
O27:Coculture:F27:SN-38,O27,diagonal,exact_fixed_budget,6,1.49874437839,0.428571428571,0.0824541824899,0.178536812414,286
O27:Coculture:F27:SN-38,O27,diagonal,exact_fixed_budget,7,0.940635323053,0.428571428571,0.0712880117184,0.189702983185,715
O27:Coculture:F27:SN-38,O27,diagonal,exact_fixed_budget,8,0.596444691298,0.428571428571,0.0628129694369,0.198178025467,1287
O27:Coculture:F27:SN-38,O27,diagonal,exact_fixed_budget,9,1.34900545888,0.428571428571,0.0569733789787,0.204017615925,1716
O27:Coculture:F27:SN-38,O27,diagonal,exact_fixed_budget,10,0.824928040097,0.428571428571,0.0520441460796,0.208946848824,1716
O27:Coculture:F27:SN-38,O27,diagonal,exact_fixed_budget,11,0.992073219558,0.428571428571,0.0476825394107,0.213308455493,1287
O27:Coculture:F27:SN-38,O27,diagonal,exact_fixed_budget,12,1.14856827413,0.428571428571,0.0446661243149,0.216324870589,715
O27:Coculture:F27:SN-38,O27,diagonal,exact_fixed_budget,13,1.02171525684,0.428571428571,0.0418890993682,0.219101895535,286
O27:Coculture:F27:SN-38,O27,diagonal,exact_fixed_budget,14,0.936680810703,0.428571428571,0.0394667818013,0.221524213102,78
O27:Coculture:F27:SN-38,O27,diagonal,exact_fixed_budget,15,0.917649048104,0.428571428571,0.0380725066289,0.222918488275,13
O27:Coculture:F27:SN-38,O27,diagonal,exact_fixed_budget,16,0.917649048104,0.428571428571,0.0380725066289,0.222918488275,1
O27:Monoculture::Oxa,O27,joint,exact_fixed_budget,3,1.35844280327,0.714285714286,0.280474878044,0,1
O27:Monoculture::Oxa,O27,joint,exact_fixed_budget,4,0.579821911893,0.714285714286,0.138036664512,0.142438213532,13
O27:Monoculture::Oxa,O27,joint,exact_fixed_budget,5,0.189970917506,1,0.113205720394,0.16726915765,78
O27:Monoculture::Oxa,O27,joint,exact_fixed_budget,6,0.162847763535,1,0.0914189699242,0.18905590812,286
O27:Monoculture::Oxa,O27,joint,exact_fixed_budget,7,0.153283303499,1,0.0823127632634,0.19816211478,715
O27:Monoculture::Oxa,O27,joint,exact_fixed_budget,8,0.156712149523,1,0.0745004708825,0.205974407161,1287
O27:Monoculture::Oxa,O27,joint,exact_fixed_budget,9,0.139700030535,1,0.0698082787267,0.210666599317,1716
O27:Monoculture::Oxa,O27,joint,exact_fixed_budget,10,0.127945545307,1,0.0658223250994,0.214652552945,1716
O27:Monoculture::Oxa,O27,joint,exact_fixed_budget,11,0.116594065402,1,0.0628241671311,0.217650710913,1287
O27:Monoculture::Oxa,O27,joint,exact_fixed_budget,12,0.114153087655,1,0.0603459793496,0.220128898694,715
O27:Monoculture::Oxa,O27,joint,exact_fixed_budget,13,0.122426247227,1,0.0585449552484,0.221929922796,286
O27:Monoculture::Oxa,O27,joint,exact_fixed_budget,14,0.109753475499,1,0.0568102647443,0.2236646133,78
O27:Monoculture::Oxa,O27,joint,exact_fixed_budget,15,0.10717166684,1,0.0553952476741,0.22507963037,13
O27:Monoculture::Oxa,O27,joint,exact_fixed_budget,16,0.108881128695,1,0.0542476662103,0.226227211834,1
O27:Monoculture::Oxa,O27,diagonal,exact_fixed_budget,3,1.39924279405,0.571428571429,0.267019887966,0,1
O27:Monoculture::Oxa,O27,diagonal,exact_fixed_budget,4,0.734698105134,0.714285714286,0.129217436396,0.137802451569,13
O27:Monoculture::Oxa,O27,diagonal,exact_fixed_budget,5,0.270109117361,1,0.097680074483,0.169339813483,78
O27:Monoculture::Oxa,O27,diagonal,exact_fixed_budget,6,0.412989523751,0.571428571429,0.0821925512078,0.184827336758,286
O27:Monoculture::Oxa,O27,diagonal,exact_fixed_budget,7,0.346960039616,0.857142857143,0.070965580188,0.196054307778,715
O27:Monoculture::Oxa,O27,diagonal,exact_fixed_budget,8,0.254537363087,1,0.0622947771021,0.204725110864,1287
O27:Monoculture::Oxa,O27,diagonal,exact_fixed_budget,9,0.257615868747,1,0.05631538607,0.210704501896,1716
O27:Monoculture::Oxa,O27,diagonal,exact_fixed_budget,10,0.293759151289,0.857142857143,0.0515810676561,0.21543882031,1716
O27:Monoculture::Oxa,O27,diagonal,exact_fixed_budget,11,0.323407511798,0.857142857143,0.0473575768087,0.219662311157,1287
O27:Monoculture::Oxa,O27,diagonal,exact_fixed_budget,12,0.335829624558,0.857142857143,0.0444115049677,0.222608382998,715
O27:Monoculture::Oxa,O27,diagonal,exact_fixed_budget,13,0.315294140918,0.714285714286,0.0417022576297,0.225317630336,286
O27:Monoculture::Oxa,O27,diagonal,exact_fixed_budget,14,0.333810393248,0.571428571429,0.0392273519641,0.227792536002,78
O27:Monoculture::Oxa,O27,diagonal,exact_fixed_budget,15,0.343029267412,0.571428571429,0.0381875006347,0.228832387331,13
O27:Monoculture::Oxa,O27,diagonal,exact_fixed_budget,16,0.343029267412,0.571428571429,0.0381875006347,0.228832387331,1
O27:Monoculture::SN-38,O27,joint,exact_fixed_budget,3,1.08804963699,0.714285714286,0.277257611944,0,1
O27:Monoculture::SN-38,O27,joint,exact_fixed_budget,4,0.370072643602,0.857142857143,0.141986636129,0.135270975815,13
O27:Monoculture::SN-38,O27,joint,exact_fixed_budget,5,0.297474043183,0.857142857143,0.117377687616,0.159879924328,78
O27:Monoculture::SN-38,O27,joint,exact_fixed_budget,6,0.257844496711,1,0.0930408830139,0.18421672893,286
O27:Monoculture::SN-38,O27,joint,exact_fixed_budget,7,0.297094041669,1,0.0842845487245,0.19297306322,715
O27:Monoculture::SN-38,O27,joint,exact_fixed_budget,8,0.452747091367,0.571428571429,0.0767994229069,0.200458189037,1287
O27:Monoculture::SN-38,O27,joint,exact_fixed_budget,9,0.417545390894,0.714285714286,0.0720229370302,0.205234674914,1716
O27:Monoculture::SN-38,O27,joint,exact_fixed_budget,10,0.367402938249,0.857142857143,0.068255369939,0.209002242005,1716
O27:Monoculture::SN-38,O27,joint,exact_fixed_budget,11,0.218298233188,1,0.0652521460081,0.212005465936,1287
O27:Monoculture::SN-38,O27,joint,exact_fixed_budget,12,0.316062546741,0.857142857143,0.0624196615889,0.214837950355,715
O27:Monoculture::SN-38,O27,joint,exact_fixed_budget,13,0.323451785196,0.857142857143,0.060736743078,0.216520868866,286
O27:Monoculture::SN-38,O27,joint,exact_fixed_budget,14,0.316526635836,0.857142857143,0.059065720296,0.218191891648,78
O27:Monoculture::SN-38,O27,joint,exact_fixed_budget,15,0.315709770601,0.857142857143,0.057537335827,0.219720276117,13
O27:Monoculture::SN-38,O27,joint,exact_fixed_budget,16,0.309005647799,0.857142857143,0.0564133585507,0.220844253393,1
O27:Monoculture::SN-38,O27,diagonal,exact_fixed_budget,3,1.0604105293,0.571428571429,0.260990994904,0,1
O27:Monoculture::SN-38,O27,diagonal,exact_fixed_budget,4,0.376514490849,0.857142857143,0.129151237072,0.131839757832,13
O27:Monoculture::SN-38,O27,diagonal,exact_fixed_budget,5,0.337410330016,1,0.0976331423158,0.163357852588,78
O27:Monoculture::SN-38,O27,diagonal,exact_fixed_budget,6,0.387152973992,0.714285714286,0.0824541824899,0.178536812414,286
O27:Monoculture::SN-38,O27,diagonal,exact_fixed_budget,7,0.527435868225,0.571428571429,0.0712880117184,0.189702983185,715
O27:Monoculture::SN-38,O27,diagonal,exact_fixed_budget,8,0.474895348429,0.571428571429,0.0628129694369,0.198178025467,1287
O27:Monoculture::SN-38,O27,diagonal,exact_fixed_budget,9,0.259476381531,1,0.0569733789787,0.204017615925,1716
O27:Monoculture::SN-38,O27,diagonal,exact_fixed_budget,10,0.400182174259,0.714285714286,0.0520441460796,0.208946848824,1716
O27:Monoculture::SN-38,O27,diagonal,exact_fixed_budget,11,0.348960513005,0.857142857143,0.0476825394107,0.213308455493,1287
O27:Monoculture::SN-38,O27,diagonal,exact_fixed_budget,12,0.286243613437,1,0.0446661243149,0.216324870589,715
O27:Monoculture::SN-38,O27,diagonal,exact_fixed_budget,13,0.358546503243,0.857142857143,0.0418890993682,0.219101895535,286
O27:Monoculture::SN-38,O27,diagonal,exact_fixed_budget,14,0.348651798866,0.857142857143,0.0394667818013,0.221524213102,78
O27:Monoculture::SN-38,O27,diagonal,exact_fixed_budget,15,0.351360772227,0.857142857143,0.0380725066289,0.222918488275,13
O27:Monoculture::SN-38,O27,diagonal,exact_fixed_budget,16,0.351360772227,0.857142857143,0.0380725066289,0.222918488275,1
O28:Coculture:F28:Oxa,O28,joint,exact_fixed_budget,3,1.20445904017,0.571428571429,0.280474878044,0,1
O28:Coculture:F28:Oxa,O28,joint,exact_fixed_budget,4,1.04877235471,0.571428571429,0.138036664512,0.142438213532,13
O28:Coculture:F28:Oxa,O28,joint,exact_fixed_budget,5,0.612506773618,0.714285714286,0.113205720394,0.16726915765,78
O28:Coculture:F28:Oxa,O28,joint,exact_fixed_budget,6,0.717998155289,0.428571428571,0.0914189699242,0.18905590812,286
O28:Coculture:F28:Oxa,O28,joint,exact_fixed_budget,7,0.693219316242,0.428571428571,0.0823127632634,0.19816211478,715
O28:Coculture:F28:Oxa,O28,joint,exact_fixed_budget,8,0.597890004613,0.428571428571,0.0745004708825,0.205974407161,1287
O28:Coculture:F28:Oxa,O28,joint,exact_fixed_budget,9,0.615361538686,0.428571428571,0.0698082787267,0.210666599317,1716
O28:Coculture:F28:Oxa,O28,joint,exact_fixed_budget,10,0.65511507313,0.428571428571,0.0658223250994,0.214652552945,1716
O28:Coculture:F28:Oxa,O28,joint,exact_fixed_budget,11,0.586081241386,0.571428571429,0.0628241671311,0.217650710913,1287
O28:Coculture:F28:Oxa,O28,joint,exact_fixed_budget,12,0.573954323216,0.571428571429,0.0603459793496,0.220128898694,715
O28:Coculture:F28:Oxa,O28,joint,exact_fixed_budget,13,0.520945448408,0.714285714286,0.0585449552484,0.221929922796,286
O28:Coculture:F28:Oxa,O28,joint,exact_fixed_budget,14,0.50238837264,0.714285714286,0.0568102647443,0.2236646133,78
O28:Coculture:F28:Oxa,O28,joint,exact_fixed_budget,15,0.476909159544,0.857142857143,0.0553952476741,0.22507963037,13
O28:Coculture:F28:Oxa,O28,joint,exact_fixed_budget,16,0.472700809347,0.714285714286,0.0542476662103,0.226227211834,1
O28:Coculture:F28:Oxa,O28,diagonal,exact_fixed_budget,3,1.18318690772,0.571428571429,0.267019887966,0,1
O28:Coculture:F28:Oxa,O28,diagonal,exact_fixed_budget,4,1.04142983831,0.428571428571,0.129217436396,0.137802451569,13
O28:Coculture:F28:Oxa,O28,diagonal,exact_fixed_budget,5,0.643806470692,0.571428571429,0.097680074483,0.169339813483,78
O28:Coculture:F28:Oxa,O28,diagonal,exact_fixed_budget,6,0.654136035908,0.428571428571,0.0821925512078,0.184827336758,286
O28:Coculture:F28:Oxa,O28,diagonal,exact_fixed_budget,7,0.56935493612,0.571428571429,0.070965580188,0.196054307778,715
O28:Coculture:F28:Oxa,O28,diagonal,exact_fixed_budget,8,0.600567952784,0.571428571429,0.0622947771021,0.204725110864,1287
O28:Coculture:F28:Oxa,O28,diagonal,exact_fixed_budget,9,0.606225195917,0.428571428571,0.05631538607,0.210704501896,1716
O28:Coculture:F28:Oxa,O28,diagonal,exact_fixed_budget,10,0.535039404124,0.571428571429,0.0515810676561,0.21543882031,1716
O28:Coculture:F28:Oxa,O28,diagonal,exact_fixed_budget,11,0.530870236955,0.571428571429,0.0473575768087,0.219662311157,1287
O28:Coculture:F28:Oxa,O28,diagonal,exact_fixed_budget,12,0.466218064618,0.714285714286,0.0444115049677,0.222608382998,715
O28:Coculture:F28:Oxa,O28,diagonal,exact_fixed_budget,13,0.471321203899,0.714285714286,0.0417022576297,0.225317630336,286
O28:Coculture:F28:Oxa,O28,diagonal,exact_fixed_budget,14,0.471388269397,0.714285714286,0.0392273519641,0.227792536002,78
O28:Coculture:F28:Oxa,O28,diagonal,exact_fixed_budget,15,0.470146907051,0.714285714286,0.0381875006347,0.228832387331,13
O28:Coculture:F28:Oxa,O28,diagonal,exact_fixed_budget,16,0.470146907051,0.714285714286,0.0381875006347,0.228832387331,1
O28:Monoculture::Oxa,O28,joint,exact_fixed_budget,3,1.06575888004,0.714285714286,0.280474878044,0,1
O28:Monoculture::Oxa,O28,joint,exact_fixed_budget,4,1.91633785631,0.428571428571,0.138036664512,0.142438213532,13
O28:Monoculture::Oxa,O28,joint,exact_fixed_budget,5,1.92699455932,0.285714285714,0.113205720394,0.16726915765,78
O28:Monoculture::Oxa,O28,joint,exact_fixed_budget,6,1.12735094898,0.571428571429,0.0914189699242,0.18905590812,286
O28:Monoculture::Oxa,O28,joint,exact_fixed_budget,7,1.1651769143,0.571428571429,0.0823127632634,0.19816211478,715
O28:Monoculture::Oxa,O28,joint,exact_fixed_budget,8,1.17836587165,0.571428571429,0.0745004708825,0.205974407161,1287
O28:Monoculture::Oxa,O28,joint,exact_fixed_budget,9,1.21701439411,0.571428571429,0.0698082787267,0.210666599317,1716
O28:Monoculture::Oxa,O28,joint,exact_fixed_budget,10,0.880734392287,0.571428571429,0.0658223250994,0.214652552945,1716
O28:Monoculture::Oxa,O28,joint,exact_fixed_budget,11,0.90787251279,0.571428571429,0.0628241671311,0.217650710913,1287
O28:Monoculture::Oxa,O28,joint,exact_fixed_budget,12,0.990933393621,0.571428571429,0.0603459793496,0.220128898694,715
O28:Monoculture::Oxa,O28,joint,exact_fixed_budget,13,0.928638653083,0.571428571429,0.0585449552484,0.221929922796,286
O28:Monoculture::Oxa,O28,joint,exact_fixed_budget,14,0.947133565785,0.571428571429,0.0568102647443,0.2236646133,78
O28:Monoculture::Oxa,O28,joint,exact_fixed_budget,15,0.955478188748,0.571428571429,0.0553952476741,0.22507963037,13
O28:Monoculture::Oxa,O28,joint,exact_fixed_budget,16,0.999974105279,0.428571428571,0.0542476662103,0.226227211834,1
O28:Monoculture::Oxa,O28,diagonal,exact_fixed_budget,3,0.730375419058,0.714285714286,0.267019887966,0,1
O28:Monoculture::Oxa,O28,diagonal,exact_fixed_budget,4,0.963012959487,0.714285714286,0.129217436396,0.137802451569,13
O28:Monoculture::Oxa,O28,diagonal,exact_fixed_budget,5,0.936208499212,0.714285714286,0.097680074483,0.169339813483,78
O28:Monoculture::Oxa,O28,diagonal,exact_fixed_budget,6,0.948687334679,0.714285714286,0.0821925512078,0.184827336758,286
O28:Monoculture::Oxa,O28,diagonal,exact_fixed_budget,7,0.967843335871,0.714285714286,0.070965580188,0.196054307778,715
O28:Monoculture::Oxa,O28,diagonal,exact_fixed_budget,8,0.634358908468,0.714285714286,0.0622947771021,0.204725110864,1287
O28:Monoculture::Oxa,O28,diagonal,exact_fixed_budget,9,0.652718756394,0.714285714286,0.05631538607,0.210704501896,1716
O28:Monoculture::Oxa,O28,diagonal,exact_fixed_budget,10,0.671962234431,0.571428571429,0.0515810676561,0.21543882031,1716
O28:Monoculture::Oxa,O28,diagonal,exact_fixed_budget,11,0.726099534941,0.571428571429,0.0473575768087,0.219662311157,1287
O28:Monoculture::Oxa,O28,diagonal,exact_fixed_budget,12,0.721283061334,0.571428571429,0.0444115049677,0.222608382998,715
O28:Monoculture::Oxa,O28,diagonal,exact_fixed_budget,13,0.704436869117,0.571428571429,0.0417022576297,0.225317630336,286
O28:Monoculture::Oxa,O28,diagonal,exact_fixed_budget,14,0.723885308735,0.571428571429,0.0392273519641,0.227792536002,78
O28:Monoculture::Oxa,O28,diagonal,exact_fixed_budget,15,0.690260019324,0.571428571429,0.0381875006347,0.228832387331,13
O28:Monoculture::Oxa,O28,diagonal,exact_fixed_budget,16,0.690260019324,0.571428571429,0.0381875006347,0.228832387331,1
O29:Coculture:F14:5-FU,O29,joint,exact_fixed_budget,3,0.0282311550241,1,0.280474878044,0,1
O29:Coculture:F14:5-FU,O29,joint,exact_fixed_budget,4,0.0612030517997,1,0.138036664512,0.142438213532,13
O29:Coculture:F14:5-FU,O29,joint,exact_fixed_budget,5,0.0287865643092,1,0.113205720394,0.16726915765,78
O29:Coculture:F14:5-FU,O29,joint,exact_fixed_budget,6,0.0299680720692,1,0.0914189699242,0.18905590812,286
O29:Coculture:F14:5-FU,O29,joint,exact_fixed_budget,7,0.0269013672717,1,0.0823127632634,0.19816211478,715
O29:Coculture:F14:5-FU,O29,joint,exact_fixed_budget,8,0.0250340449428,1,0.0745004708825,0.205974407161,1287
O29:Coculture:F14:5-FU,O29,joint,exact_fixed_budget,9,0.0215425251974,1,0.0698082787267,0.210666599317,1716
O29:Coculture:F14:5-FU,O29,joint,exact_fixed_budget,10,0.0227141356768,1,0.0658223250994,0.214652552945,1716
O29:Coculture:F14:5-FU,O29,joint,exact_fixed_budget,11,0.0236781111788,1,0.0628241671311,0.217650710913,1287
O29:Coculture:F14:5-FU,O29,joint,exact_fixed_budget,12,0.0231255809169,1,0.0603459793496,0.220128898694,715
O29:Coculture:F14:5-FU,O29,joint,exact_fixed_budget,13,0.0216627800753,1,0.0585449552484,0.221929922796,286
O29:Coculture:F14:5-FU,O29,joint,exact_fixed_budget,14,0.0225696206822,1,0.0568102647443,0.2236646133,78
O29:Coculture:F14:5-FU,O29,joint,exact_fixed_budget,15,0.0242401036419,1,0.0553952476741,0.22507963037,13
O29:Coculture:F14:5-FU,O29,joint,exact_fixed_budget,16,0.0192000807607,1,0.0542476662103,0.226227211834,1
O29:Coculture:F14:5-FU,O29,diagonal,exact_fixed_budget,3,0.0270263848292,1,0.267019887966,0,1
O29:Coculture:F14:5-FU,O29,diagonal,exact_fixed_budget,4,0.0357968656731,1,0.129217436396,0.137802451569,13
O29:Coculture:F14:5-FU,O29,diagonal,exact_fixed_budget,5,0.0217522448673,1,0.097680074483,0.169339813483,78
O29:Coculture:F14:5-FU,O29,diagonal,exact_fixed_budget,6,0.0273140423485,1,0.0821925512078,0.184827336758,286
O29:Coculture:F14:5-FU,O29,diagonal,exact_fixed_budget,7,0.0256370136083,1,0.070965580188,0.196054307778,715
O29:Coculture:F14:5-FU,O29,diagonal,exact_fixed_budget,8,0.0293827764091,1,0.0622947771021,0.204725110864,1287
O29:Coculture:F14:5-FU,O29,diagonal,exact_fixed_budget,9,0.0298433532012,1,0.05631538607,0.210704501896,1716
O29:Coculture:F14:5-FU,O29,diagonal,exact_fixed_budget,10,0.031817993619,1,0.0515810676561,0.21543882031,1716
O29:Coculture:F14:5-FU,O29,diagonal,exact_fixed_budget,11,0.0317804917196,1,0.0473575768087,0.219662311157,1287
O29:Coculture:F14:5-FU,O29,diagonal,exact_fixed_budget,12,0.0291110930234,1,0.0444115049677,0.222608382998,715
O29:Coculture:F14:5-FU,O29,diagonal,exact_fixed_budget,13,0.0297711748978,1,0.0417022576297,0.225317630336,286
O29:Coculture:F14:5-FU,O29,diagonal,exact_fixed_budget,14,0.02976519806,1,0.0392273519641,0.227792536002,78
O29:Coculture:F14:5-FU,O29,diagonal,exact_fixed_budget,15,0.0297336931349,1,0.0381875006347,0.228832387331,13
O29:Coculture:F14:5-FU,O29,diagonal,exact_fixed_budget,16,0.0297336931349,1,0.0381875006347,0.228832387331,1
O29:Coculture:F14:Gef,O29,joint,exact_fixed_budget,3,0.062094898004,1,0.28870561731,0,1
O29:Coculture:F14:Gef,O29,joint,exact_fixed_budget,4,0.0680988312455,1,0.133129620768,0.155575996543,13
O29:Coculture:F14:Gef,O29,joint,exact_fixed_budget,5,0.0461395733801,1,0.10657549529,0.18213012202,78
O29:Coculture:F14:Gef,O29,joint,exact_fixed_budget,6,0.041811014231,1,0.088917258725,0.199788358586,286
O29:Coculture:F14:Gef,O29,joint,exact_fixed_budget,7,0.0315907550811,1,0.0790185914789,0.209687025832,715
O29:Coculture:F14:Gef,O29,joint,exact_fixed_budget,8,0.0316661162191,1,0.0714097576622,0.217295859648,1287
O29:Coculture:F14:Gef,O29,joint,exact_fixed_budget,9,0.0407317150358,1,0.0662182213605,0.22248739595,1716
O29:Coculture:F14:Gef,O29,joint,exact_fixed_budget,10,0.0363340265742,1,0.0622382543016,0.226467363009,1716
O29:Coculture:F14:Gef,O29,joint,exact_fixed_budget,11,0.0410863974109,1,0.059213700639,0.229491916671,1287
O29:Coculture:F14:Gef,O29,joint,exact_fixed_budget,12,0.0370695398333,1,0.0568906482353,0.231814969075,715
O29:Coculture:F14:Gef,O29,joint,exact_fixed_budget,13,0.0340910796662,1,0.0547695408573,0.233936076453,286
O29:Coculture:F14:Gef,O29,joint,exact_fixed_budget,14,0.0319077481156,1,0.0528527847747,0.235852832536,78
O29:Coculture:F14:Gef,O29,joint,exact_fixed_budget,15,0.0361494561897,1,0.0511999068445,0.237505710466,13
O29:Coculture:F14:Gef,O29,joint,exact_fixed_budget,16,0.0361392406986,1,0.0499574589007,0.23874815841,1
O29:Coculture:F14:Gef,O29,diagonal,exact_fixed_budget,3,0.0759016321302,1,0.280588225278,0,1
O29:Coculture:F14:Gef,O29,diagonal,exact_fixed_budget,4,0.0734968013081,1,0.130316967756,0.150271257522,13
O29:Coculture:F14:Gef,O29,diagonal,exact_fixed_budget,5,0.0436938971585,1,0.0981364215616,0.182451803717,78
O29:Coculture:F14:Gef,O29,diagonal,exact_fixed_budget,6,0.0354170837971,1,0.0816837015584,0.19890452372,286
O29:Coculture:F14:Gef,O29,diagonal,exact_fixed_budget,7,0.033793468407,1,0.070481539631,0.210106685647,715
O29:Coculture:F14:Gef,O29,diagonal,exact_fixed_budget,8,0.0515748174966,1,0.0616035508859,0.218984674392,1287
O29:Coculture:F14:Gef,O29,diagonal,exact_fixed_budget,9,0.0385138828295,1,0.0552987596725,0.225289465606,1716
O29:Coculture:F14:Gef,O29,diagonal,exact_fixed_budget,10,0.0421055367469,1,0.050448058291,0.230140166987,1716
O29:Coculture:F14:Gef,O29,diagonal,exact_fixed_budget,11,0.0313102651606,1,0.0465111599213,0.234077065357,1287
O29:Coculture:F14:Gef,O29,diagonal,exact_fixed_budget,12,0.0289236379707,1,0.0434671400405,0.237121085238,715
O29:Coculture:F14:Gef,O29,diagonal,exact_fixed_budget,13,0.0332733926288,1,0.0407281522897,0.239860072988,286
O29:Coculture:F14:Gef,O29,diagonal,exact_fixed_budget,14,0.0325848166059,1,0.0384007525803,0.242187472698,78
O29:Coculture:F14:Gef,O29,diagonal,exact_fixed_budget,15,0.0324598645467,1,0.0378450099172,0.242743215361,13
O29:Coculture:F14:Gef,O29,diagonal,exact_fixed_budget,16,0.0324598645467,1,0.0378450099172,0.242743215361,1
O29:Coculture:F14:Oxa,O29,joint,exact_fixed_budget,3,0.186722949791,1,0.280474878044,0,1
O29:Coculture:F14:Oxa,O29,joint,exact_fixed_budget,4,0.172828490991,1,0.138036664512,0.142438213532,13
O29:Coculture:F14:Oxa,O29,joint,exact_fixed_budget,5,0.0762779545623,1,0.113205720394,0.16726915765,78
O29:Coculture:F14:Oxa,O29,joint,exact_fixed_budget,6,0.0627296534512,1,0.0914189699242,0.18905590812,286
O29:Coculture:F14:Oxa,O29,joint,exact_fixed_budget,7,0.0851552322361,1,0.0823127632634,0.19816211478,715
O29:Coculture:F14:Oxa,O29,joint,exact_fixed_budget,8,0.0712812425256,1,0.0745004708825,0.205974407161,1287
O29:Coculture:F14:Oxa,O29,joint,exact_fixed_budget,9,0.0966998544124,1,0.0698082787267,0.210666599317,1716
O29:Coculture:F14:Oxa,O29,joint,exact_fixed_budget,10,0.106503348287,1,0.0658223250994,0.214652552945,1716
O29:Coculture:F14:Oxa,O29,joint,exact_fixed_budget,11,0.104194599074,1,0.0628241671311,0.217650710913,1287
O29:Coculture:F14:Oxa,O29,joint,exact_fixed_budget,12,0.0916826676818,1,0.0603459793496,0.220128898694,715
O29:Coculture:F14:Oxa,O29,joint,exact_fixed_budget,13,0.116662725871,1,0.0585449552484,0.221929922796,286
O29:Coculture:F14:Oxa,O29,joint,exact_fixed_budget,14,0.109416902348,1,0.0568102647443,0.2236646133,78
O29:Coculture:F14:Oxa,O29,joint,exact_fixed_budget,15,0.100504257314,1,0.0553952476741,0.22507963037,13
O29:Coculture:F14:Oxa,O29,joint,exact_fixed_budget,16,0.0980420752683,1,0.0542476662103,0.226227211834,1
O29:Coculture:F14:Oxa,O29,diagonal,exact_fixed_budget,3,0.201669226103,1,0.267019887966,0,1
O29:Coculture:F14:Oxa,O29,diagonal,exact_fixed_budget,4,0.201834742974,1,0.129217436396,0.137802451569,13
O29:Coculture:F14:Oxa,O29,diagonal,exact_fixed_budget,5,0.0998961584513,1,0.097680074483,0.169339813483,78
O29:Coculture:F14:Oxa,O29,diagonal,exact_fixed_budget,6,0.128453881323,1,0.0821925512078,0.184827336758,286
O29:Coculture:F14:Oxa,O29,diagonal,exact_fixed_budget,7,0.109020469579,1,0.070965580188,0.196054307778,715
O29:Coculture:F14:Oxa,O29,diagonal,exact_fixed_budget,8,0.175874349889,1,0.0622947771021,0.204725110864,1287
O29:Coculture:F14:Oxa,O29,diagonal,exact_fixed_budget,9,0.170549000046,1,0.05631538607,0.210704501896,1716
O29:Coculture:F14:Oxa,O29,diagonal,exact_fixed_budget,10,0.162696457492,1,0.0515810676561,0.21543882031,1716
O29:Coculture:F14:Oxa,O29,diagonal,exact_fixed_budget,11,0.13853307311,1,0.0473575768087,0.219662311157,1287
O29:Coculture:F14:Oxa,O29,diagonal,exact_fixed_budget,12,0.151567819823,1,0.0444115049677,0.222608382998,715
O29:Coculture:F14:Oxa,O29,diagonal,exact_fixed_budget,13,0.158744885714,1,0.0417022576297,0.225317630336,286
O29:Coculture:F14:Oxa,O29,diagonal,exact_fixed_budget,14,0.15539979826,1,0.0392273519641,0.227792536002,78
O29:Coculture:F14:Oxa,O29,diagonal,exact_fixed_budget,15,0.160259072019,1,0.0381875006347,0.228832387331,13
O29:Coculture:F14:Oxa,O29,diagonal,exact_fixed_budget,16,0.160259072019,1,0.0381875006347,0.228832387331,1
O29:Coculture:F14:SN-38,O29,joint,exact_fixed_budget,3,0.649507681467,0.857142857143,0.277257611944,0,1
O29:Coculture:F14:SN-38,O29,joint,exact_fixed_budget,4,0.1050912743,1,0.141986636129,0.135270975815,13
O29:Coculture:F14:SN-38,O29,joint,exact_fixed_budget,5,0.114916331214,1,0.117377687616,0.159879924328,78
O29:Coculture:F14:SN-38,O29,joint,exact_fixed_budget,6,0.0736904161121,1,0.0930408830139,0.18421672893,286
O29:Coculture:F14:SN-38,O29,joint,exact_fixed_budget,7,0.108520532114,1,0.0842845487245,0.19297306322,715
O29:Coculture:F14:SN-38,O29,joint,exact_fixed_budget,8,0.0480918919926,1,0.0767994229069,0.200458189037,1287
O29:Coculture:F14:SN-38,O29,joint,exact_fixed_budget,9,0.0449839689553,1,0.0720229370302,0.205234674914,1716
O29:Coculture:F14:SN-38,O29,joint,exact_fixed_budget,10,0.0439572973078,1,0.068255369939,0.209002242005,1716
O29:Coculture:F14:SN-38,O29,joint,exact_fixed_budget,11,0.0623275948806,1,0.0652521460081,0.212005465936,1287
O29:Coculture:F14:SN-38,O29,joint,exact_fixed_budget,12,0.0437060080101,1,0.0624196615889,0.214837950355,715
O29:Coculture:F14:SN-38,O29,joint,exact_fixed_budget,13,0.0494731408597,1,0.060736743078,0.216520868866,286
O29:Coculture:F14:SN-38,O29,joint,exact_fixed_budget,14,0.0646276729223,1,0.059065720296,0.218191891648,78
O29:Coculture:F14:SN-38,O29,joint,exact_fixed_budget,15,0.0646576138109,1,0.057537335827,0.219720276117,13
O29:Coculture:F14:SN-38,O29,joint,exact_fixed_budget,16,0.0735424561016,1,0.0564133585507,0.220844253393,1
O29:Coculture:F14:SN-38,O29,diagonal,exact_fixed_budget,3,0.637094361539,1,0.260990994904,0,1
O29:Coculture:F14:SN-38,O29,diagonal,exact_fixed_budget,4,0.144054226542,1,0.129151237072,0.131839757832,13
O29:Coculture:F14:SN-38,O29,diagonal,exact_fixed_budget,5,0.13515884601,1,0.0976331423158,0.163357852588,78
O29:Coculture:F14:SN-38,O29,diagonal,exact_fixed_budget,6,0.10612295152,1,0.0824541824899,0.178536812414,286
O29:Coculture:F14:SN-38,O29,diagonal,exact_fixed_budget,7,0.0807206645326,1,0.0712880117184,0.189702983185,715
O29:Coculture:F14:SN-38,O29,diagonal,exact_fixed_budget,8,0.0646164708897,1,0.0628129694369,0.198178025467,1287
O29:Coculture:F14:SN-38,O29,diagonal,exact_fixed_budget,9,0.0525631498783,1,0.0569733789787,0.204017615925,1716
O29:Coculture:F14:SN-38,O29,diagonal,exact_fixed_budget,10,0.0517947591886,1,0.0520441460796,0.208946848824,1716
O29:Coculture:F14:SN-38,O29,diagonal,exact_fixed_budget,11,0.0508343014115,1,0.0476825394107,0.213308455493,1287
O29:Coculture:F14:SN-38,O29,diagonal,exact_fixed_budget,12,0.0627718522017,1,0.0446661243149,0.216324870589,715
O29:Coculture:F14:SN-38,O29,diagonal,exact_fixed_budget,13,0.0456086917732,1,0.0418890993682,0.219101895535,286
O29:Coculture:F14:SN-38,O29,diagonal,exact_fixed_budget,14,0.0532430109278,1,0.0394667818013,0.221524213102,78
O29:Coculture:F14:SN-38,O29,diagonal,exact_fixed_budget,15,0.0556954418424,1,0.0380725066289,0.222918488275,13
O29:Coculture:F14:SN-38,O29,diagonal,exact_fixed_budget,16,0.0556954418424,1,0.0380725066289,0.222918488275,1
O29:Monoculture::5-FU,O29,joint,exact_fixed_budget,3,0.554829296457,1,0.280474878044,0,1
O29:Monoculture::5-FU,O29,joint,exact_fixed_budget,4,0.245875843006,1,0.138036664512,0.142438213532,13
O29:Monoculture::5-FU,O29,joint,exact_fixed_budget,5,0.222034225519,1,0.113205720394,0.16726915765,78
O29:Monoculture::5-FU,O29,joint,exact_fixed_budget,6,0.221555309066,1,0.0914189699242,0.18905590812,286
O29:Monoculture::5-FU,O29,joint,exact_fixed_budget,7,0.25864877685,1,0.0823127632634,0.19816211478,715
O29:Monoculture::5-FU,O29,joint,exact_fixed_budget,8,0.23195968788,1,0.0745004708825,0.205974407161,1287
O29:Monoculture::5-FU,O29,joint,exact_fixed_budget,9,0.217043511959,1,0.0698082787267,0.210666599317,1716
O29:Monoculture::5-FU,O29,joint,exact_fixed_budget,10,0.221620902851,1,0.0658223250994,0.214652552945,1716
O29:Monoculture::5-FU,O29,joint,exact_fixed_budget,11,0.231215862286,1,0.0628241671311,0.217650710913,1287
O29:Monoculture::5-FU,O29,joint,exact_fixed_budget,12,0.230174924616,1,0.0603459793496,0.220128898694,715
O29:Monoculture::5-FU,O29,joint,exact_fixed_budget,13,0.195528445781,1,0.0585449552484,0.221929922796,286
O29:Monoculture::5-FU,O29,joint,exact_fixed_budget,14,0.204473362384,1,0.0568102647443,0.2236646133,78
O29:Monoculture::5-FU,O29,joint,exact_fixed_budget,15,0.177733915143,1,0.0553952476741,0.22507963037,13
O29:Monoculture::5-FU,O29,joint,exact_fixed_budget,16,0.178822880718,1,0.0542476662103,0.226227211834,1
O29:Monoculture::5-FU,O29,diagonal,exact_fixed_budget,3,0.679884097848,1,0.267019887966,0,1
O29:Monoculture::5-FU,O29,diagonal,exact_fixed_budget,4,0.43447035554,0.857142857143,0.129217436396,0.137802451569,13
O29:Monoculture::5-FU,O29,diagonal,exact_fixed_budget,5,0.407527666032,0.857142857143,0.097680074483,0.169339813483,78
O29:Monoculture::5-FU,O29,diagonal,exact_fixed_budget,6,0.463445936618,0.714285714286,0.0821925512078,0.184827336758,286
O29:Monoculture::5-FU,O29,diagonal,exact_fixed_budget,7,0.417490086397,0.857142857143,0.070965580188,0.196054307778,715
O29:Monoculture::5-FU,O29,diagonal,exact_fixed_budget,8,0.423838761982,0.714285714286,0.0622947771021,0.204725110864,1287
O29:Monoculture::5-FU,O29,diagonal,exact_fixed_budget,9,0.415127511625,0.714285714286,0.05631538607,0.210704501896,1716
O29:Monoculture::5-FU,O29,diagonal,exact_fixed_budget,10,0.425120924053,0.714285714286,0.0515810676561,0.21543882031,1716
O29:Monoculture::5-FU,O29,diagonal,exact_fixed_budget,11,0.428749178478,0.714285714286,0.0473575768087,0.219662311157,1287
O29:Monoculture::5-FU,O29,diagonal,exact_fixed_budget,12,0.411289201297,0.714285714286,0.0444115049677,0.222608382998,715
O29:Monoculture::5-FU,O29,diagonal,exact_fixed_budget,13,0.390897201713,0.714285714286,0.0417022576297,0.225317630336,286
O29:Monoculture::5-FU,O29,diagonal,exact_fixed_budget,14,0.402297828445,0.714285714286,0.0392273519641,0.227792536002,78
O29:Monoculture::5-FU,O29,diagonal,exact_fixed_budget,15,0.419703986129,0.714285714286,0.0381875006347,0.228832387331,13
O29:Monoculture::5-FU,O29,diagonal,exact_fixed_budget,16,0.419703986129,0.714285714286,0.0381875006347,0.228832387331,1
O29:Monoculture::Gef,O29,joint,exact_fixed_budget,3,0.206845774614,1,0.28870561731,0,1
O29:Monoculture::Gef,O29,joint,exact_fixed_budget,4,0.27288349968,0.857142857143,0.133129620768,0.155575996543,13
O29:Monoculture::Gef,O29,joint,exact_fixed_budget,5,0.281637258572,0.857142857143,0.10657549529,0.18213012202,78
O29:Monoculture::Gef,O29,joint,exact_fixed_budget,6,0.237127104808,0.857142857143,0.088917258725,0.199788358586,286
O29:Monoculture::Gef,O29,joint,exact_fixed_budget,7,0.230204351263,0.857142857143,0.0790185914789,0.209687025832,715
O29:Monoculture::Gef,O29,joint,exact_fixed_budget,8,0.230036605757,0.857142857143,0.0714097576622,0.217295859648,1287
O29:Monoculture::Gef,O29,joint,exact_fixed_budget,9,0.181885993622,0.857142857143,0.0662182213605,0.22248739595,1716
O29:Monoculture::Gef,O29,joint,exact_fixed_budget,10,0.175118708231,0.857142857143,0.0622382543016,0.226467363009,1716
O29:Monoculture::Gef,O29,joint,exact_fixed_budget,11,0.179912463278,0.857142857143,0.059213700639,0.229491916671,1287
O29:Monoculture::Gef,O29,joint,exact_fixed_budget,12,0.184001963695,0.857142857143,0.0568906482353,0.231814969075,715
O29:Monoculture::Gef,O29,joint,exact_fixed_budget,13,0.173972872165,0.857142857143,0.0547695408573,0.233936076453,286
O29:Monoculture::Gef,O29,joint,exact_fixed_budget,14,0.183239558164,0.857142857143,0.0528527847747,0.235852832536,78
O29:Monoculture::Gef,O29,joint,exact_fixed_budget,15,0.185186729525,0.857142857143,0.0511999068445,0.237505710466,13
O29:Monoculture::Gef,O29,joint,exact_fixed_budget,16,0.171610132265,0.857142857143,0.0499574589007,0.23874815841,1
O29:Monoculture::Gef,O29,diagonal,exact_fixed_budget,3,0.188649715123,1,0.280588225278,0,1
O29:Monoculture::Gef,O29,diagonal,exact_fixed_budget,4,0.311068834407,0.857142857143,0.130316967756,0.150271257522,13
O29:Monoculture::Gef,O29,diagonal,exact_fixed_budget,5,0.359380060421,0.714285714286,0.0981364215616,0.182451803717,78
O29:Monoculture::Gef,O29,diagonal,exact_fixed_budget,6,0.3685903266,0.714285714286,0.0816837015584,0.19890452372,286
O29:Monoculture::Gef,O29,diagonal,exact_fixed_budget,7,0.38050847774,0.714285714286,0.070481539631,0.210106685647,715
O29:Monoculture::Gef,O29,diagonal,exact_fixed_budget,8,0.42128343951,0.857142857143,0.0616035508859,0.218984674392,1287
O29:Monoculture::Gef,O29,diagonal,exact_fixed_budget,9,0.371729038821,0.857142857143,0.0552987596725,0.225289465606,1716
O29:Monoculture::Gef,O29,diagonal,exact_fixed_budget,10,0.406163244007,0.857142857143,0.050448058291,0.230140166987,1716
O29:Monoculture::Gef,O29,diagonal,exact_fixed_budget,11,0.423309533002,0.714285714286,0.0465111599213,0.234077065357,1287
O29:Monoculture::Gef,O29,diagonal,exact_fixed_budget,12,0.426563839585,0.714285714286,0.0434671400405,0.237121085238,715
O29:Monoculture::Gef,O29,diagonal,exact_fixed_budget,13,0.448712077373,0.714285714286,0.0407281522897,0.239860072988,286
O29:Monoculture::Gef,O29,diagonal,exact_fixed_budget,14,0.437837267363,0.714285714286,0.0384007525803,0.242187472698,78
O29:Monoculture::Gef,O29,diagonal,exact_fixed_budget,15,0.455941579078,0.714285714286,0.0378450099172,0.242743215361,13
O29:Monoculture::Gef,O29,diagonal,exact_fixed_budget,16,0.455941579078,0.714285714286,0.0378450099172,0.242743215361,1
O29:Monoculture::Oxa,O29,joint,exact_fixed_budget,3,0.124621333705,1,0.280474878044,0,1
O29:Monoculture::Oxa,O29,joint,exact_fixed_budget,4,0.141684563501,1,0.138036664512,0.142438213532,13
O29:Monoculture::Oxa,O29,joint,exact_fixed_budget,5,0.218593974906,1,0.113205720394,0.16726915765,78
O29:Monoculture::Oxa,O29,joint,exact_fixed_budget,6,0.154047599559,1,0.0914189699242,0.18905590812,286
O29:Monoculture::Oxa,O29,joint,exact_fixed_budget,7,0.129547158728,1,0.0823127632634,0.19816211478,715
O29:Monoculture::Oxa,O29,joint,exact_fixed_budget,8,0.144227047644,1,0.0745004708825,0.205974407161,1287
O29:Monoculture::Oxa,O29,joint,exact_fixed_budget,9,0.157589583705,1,0.0698082787267,0.210666599317,1716
O29:Monoculture::Oxa,O29,joint,exact_fixed_budget,10,0.159785138747,1,0.0658223250994,0.214652552945,1716
O29:Monoculture::Oxa,O29,joint,exact_fixed_budget,11,0.172374676677,1,0.0628241671311,0.217650710913,1287
O29:Monoculture::Oxa,O29,joint,exact_fixed_budget,12,0.166136153729,1,0.0603459793496,0.220128898694,715
O29:Monoculture::Oxa,O29,joint,exact_fixed_budget,13,0.167564599688,1,0.0585449552484,0.221929922796,286
O29:Monoculture::Oxa,O29,joint,exact_fixed_budget,14,0.17587283373,1,0.0568102647443,0.2236646133,78
O29:Monoculture::Oxa,O29,joint,exact_fixed_budget,15,0.183165500895,1,0.0553952476741,0.22507963037,13
O29:Monoculture::Oxa,O29,joint,exact_fixed_budget,16,0.188910901109,1,0.0542476662103,0.226227211834,1
O29:Monoculture::Oxa,O29,diagonal,exact_fixed_budget,3,0.133510949321,1,0.267019887966,0,1
O29:Monoculture::Oxa,O29,diagonal,exact_fixed_budget,4,0.138561554457,1,0.129217436396,0.137802451569,13
O29:Monoculture::Oxa,O29,diagonal,exact_fixed_budget,5,0.171216120302,1,0.097680074483,0.169339813483,78
O29:Monoculture::Oxa,O29,diagonal,exact_fixed_budget,6,0.146368785579,1,0.0821925512078,0.184827336758,286
O29:Monoculture::Oxa,O29,diagonal,exact_fixed_budget,7,0.164008097263,1,0.070965580188,0.196054307778,715
O29:Monoculture::Oxa,O29,diagonal,exact_fixed_budget,8,0.204868657325,1,0.0622947771021,0.204725110864,1287
O29:Monoculture::Oxa,O29,diagonal,exact_fixed_budget,9,0.174630634743,1,0.05631538607,0.210704501896,1716
O29:Monoculture::Oxa,O29,diagonal,exact_fixed_budget,10,0.18914920596,1,0.0515810676561,0.21543882031,1716
O29:Monoculture::Oxa,O29,diagonal,exact_fixed_budget,11,0.174812787312,1,0.0473575768087,0.219662311157,1287
O29:Monoculture::Oxa,O29,diagonal,exact_fixed_budget,12,0.180328764572,1,0.0444115049677,0.222608382998,715
O29:Monoculture::Oxa,O29,diagonal,exact_fixed_budget,13,0.186618481604,1,0.0417022576297,0.225317630336,286
O29:Monoculture::Oxa,O29,diagonal,exact_fixed_budget,14,0.186334517491,1,0.0392273519641,0.227792536002,78
O29:Monoculture::Oxa,O29,diagonal,exact_fixed_budget,15,0.172522769806,1,0.0381875006347,0.228832387331,13
O29:Monoculture::Oxa,O29,diagonal,exact_fixed_budget,16,0.172522769806,1,0.0381875006347,0.228832387331,1
O29:Monoculture::SN-38,O29,joint,exact_fixed_budget,3,0.398021660735,0.857142857143,0.277257611944,0,1
O29:Monoculture::SN-38,O29,joint,exact_fixed_budget,4,0.219254992847,1,0.141986636129,0.135270975815,13
O29:Monoculture::SN-38,O29,joint,exact_fixed_budget,5,0.227518250247,1,0.117377687616,0.159879924328,78
O29:Monoculture::SN-38,O29,joint,exact_fixed_budget,6,0.217174416628,1,0.0930408830139,0.18421672893,286
O29:Monoculture::SN-38,O29,joint,exact_fixed_budget,7,0.2208909801,1,0.0842845487245,0.19297306322,715
O29:Monoculture::SN-38,O29,joint,exact_fixed_budget,8,0.196012455054,1,0.0767994229069,0.200458189037,1287
O29:Monoculture::SN-38,O29,joint,exact_fixed_budget,9,0.146558757274,1,0.0720229370302,0.205234674914,1716
O29:Monoculture::SN-38,O29,joint,exact_fixed_budget,10,0.149599044563,1,0.068255369939,0.209002242005,1716
O29:Monoculture::SN-38,O29,joint,exact_fixed_budget,11,0.218330982257,1,0.0652521460081,0.212005465936,1287
O29:Monoculture::SN-38,O29,joint,exact_fixed_budget,12,0.175622408753,1,0.0624196615889,0.214837950355,715
O29:Monoculture::SN-38,O29,joint,exact_fixed_budget,13,0.18046711271,1,0.060736743078,0.216520868866,286
O29:Monoculture::SN-38,O29,joint,exact_fixed_budget,14,0.186361874435,1,0.059065720296,0.218191891648,78
O29:Monoculture::SN-38,O29,joint,exact_fixed_budget,15,0.187124319447,1,0.057537335827,0.219720276117,13
O29:Monoculture::SN-38,O29,joint,exact_fixed_budget,16,0.188774880844,1,0.0564133585507,0.220844253393,1
O29:Monoculture::SN-38,O29,diagonal,exact_fixed_budget,3,0.411685314437,0.857142857143,0.260990994904,0,1
O29:Monoculture::SN-38,O29,diagonal,exact_fixed_budget,4,0.264480203554,1,0.129151237072,0.131839757832,13
O29:Monoculture::SN-38,O29,diagonal,exact_fixed_budget,5,0.282463095497,0.857142857143,0.0976331423158,0.163357852588,78
O29:Monoculture::SN-38,O29,diagonal,exact_fixed_budget,6,0.26922290726,0.857142857143,0.0824541824899,0.178536812414,286
O29:Monoculture::SN-38,O29,diagonal,exact_fixed_budget,7,0.262234290536,0.857142857143,0.0712880117184,0.189702983185,715
O29:Monoculture::SN-38,O29,diagonal,exact_fixed_budget,8,0.190143122624,1,0.0628129694369,0.198178025467,1287
O29:Monoculture::SN-38,O29,diagonal,exact_fixed_budget,9,0.246482408697,1,0.0569733789787,0.204017615925,1716
O29:Monoculture::SN-38,O29,diagonal,exact_fixed_budget,10,0.22058377039,1,0.0520441460796,0.208946848824,1716
O29:Monoculture::SN-38,O29,diagonal,exact_fixed_budget,11,0.225723781121,1,0.0476825394107,0.213308455493,1287
O29:Monoculture::SN-38,O29,diagonal,exact_fixed_budget,12,0.265549865404,1,0.0446661243149,0.216324870589,715
O29:Monoculture::SN-38,O29,diagonal,exact_fixed_budget,13,0.236613973327,1,0.0418890993682,0.219101895535,286
O29:Monoculture::SN-38,O29,diagonal,exact_fixed_budget,14,0.243689340138,1,0.0394667818013,0.221524213102,78
O29:Monoculture::SN-38,O29,diagonal,exact_fixed_budget,15,0.241598731398,1,0.0380725066289,0.222918488275,13
O29:Monoculture::SN-38,O29,diagonal,exact_fixed_budget,16,0.241598731398,1,0.0380725066289,0.222918488275,1
