curve_id,method,budget,source_rows
O01:Coculture:F01:Gef,joint,3,"[169, 172, 190]"
O01:Coculture:F01:Gef,joint,4,"[169, 172, 190, 181]"
O01:Coculture:F01:Gef,joint,5,"[169, 172, 190, 178, 184]"
O01:Coculture:F01:Gef,joint,6,"[169, 172, 190, 170, 178, 184]"
O01:Coculture:F01:Gef,joint,7,"[169, 172, 190, 170, 178, 181, 187]"
O01:Coculture:F01:Gef,joint,8,"[169, 172, 190, 170, 178, 181, 184, 187]"
O01:Coculture:F01:Gef,joint,9,"[169, 172, 190, 170, 178, 179, 181, 184, 187]"
O01:Coculture:F01:Gef,joint,10,"[169, 172, 190, 170, 178, 179, 181, 184, 187, 191]"
O01:Coculture:F01:Gef,joint,11,"[169, 172, 190, 170, 178, 179, 181, 184, 185, 187, 191]"
O01:Coculture:F01:Gef,joint,12,"[169, 172, 190, 170, 175, 178, 179, 181, 184, 185, 187, 191]"
O01:Coculture:F01:Gef,joint,13,"[169, 172, 190, 170, 173, 175, 178, 179, 181, 184, 185, 187, 191]"
O01:Coculture:F01:Gef,joint,14,"[169, 172, 190, 170, 173, 175, 178, 179, 181, 182, 184, 187, 188, 191]"
O01:Coculture:F01:Gef,joint,15,"[169, 172, 190, 170, 173, 175, 178, 179, 181, 182, 184, 185, 187, 188, 191]"
O01:Coculture:F01:Gef,joint,16,"[169, 172, 190, 170, 173, 175, 176, 178, 179, 181, 182, 184, 185, 187, 188, 191]"
O01:Coculture:F01:Gef,diagonal,3,"[169, 172, 190]"
O01:Coculture:F01:Gef,diagonal,4,"[169, 172, 190, 181]"
O01:Coculture:F01:Gef,diagonal,5,"[169, 172, 190, 178, 184]"
O01:Coculture:F01:Gef,diagonal,6,"[169, 172, 190, 178, 181, 187]"
O01:Coculture:F01:Gef,diagonal,7,"[169, 172, 190, 178, 181, 184, 187]"
O01:Coculture:F01:Gef,diagonal,8,"[169, 172, 190, 178, 179, 184, 185, 191]"
O01:Coculture:F01:Gef,diagonal,9,"[169, 172, 190, 178, 179, 181, 184, 187, 191]"
O01:Coculture:F01:Gef,diagonal,10,"[169, 172, 190, 178, 179, 181, 184, 185, 187, 191]"
O01:Coculture:F01:Gef,diagonal,11,"[169, 172, 190, 175, 178, 179, 181, 184, 185, 187, 191]"
O01:Coculture:F01:Gef,diagonal,12,"[169, 172, 190, 175, 178, 179, 181, 182, 184, 187, 188, 191]"
O01:Coculture:F01:Gef,diagonal,13,"[169, 172, 190, 175, 178, 179, 181, 182, 184, 185, 187, 188, 191]"
O01:Coculture:F01:Gef,diagonal,14,"[169, 172, 190, 175, 176, 178, 179, 181, 182, 184, 185, 187, 188, 191]"
O01:Coculture:F01:Gef,diagonal,15,"[169, 172, 190, 173, 175, 176, 178, 179, 181, 182, 184, 185, 187, 188, 191]"
O01:Coculture:F01:Gef,diagonal,16,"[169, 172, 190, 170, 173, 175, 176, 178, 179, 181, 182, 184, 185, 187, 188, 191]"
O01:Coculture:F01:Oxa,joint,3,"[121, 124, 142]"
O01:Coculture:F01:Oxa,joint,4,"[121, 124, 142, 133]"
O01:Coculture:F01:Oxa,joint,5,"[121, 124, 142, 130, 136]"
O01:Coculture:F01:Oxa,joint,6,"[121, 124, 142, 122, 130, 136]"
O01:Coculture:F01:Oxa,joint,7,"[121, 124, 142, 122, 130, 133, 139]"
O01:Coculture:F01:Oxa,joint,8,"[121, 124, 142, 122, 130, 133, 136, 139]"
O01:Coculture:F01:Oxa,joint,9,"[121, 124, 142, 122, 130, 131, 133, 136, 139]"
O01:Coculture:F01:Oxa,joint,10,"[121, 124, 142, 122, 130, 131, 133, 136, 139, 143]"
O01:Coculture:F01:Oxa,joint,11,"[121, 124, 142, 122, 130, 131, 133, 136, 137, 139, 143]"
O01:Coculture:F01:Oxa,joint,12,"[121, 124, 142, 122, 127, 130, 131, 133, 136, 137, 139, 143]"
O01:Coculture:F01:Oxa,joint,13,"[121, 124, 142, 122, 127, 130, 131, 133, 134, 136, 139, 140, 143]"
O01:Coculture:F01:Oxa,joint,14,"[121, 124, 142, 122, 127, 130, 131, 133, 134, 136, 137, 139, 140, 143]"
O01:Coculture:F01:Oxa,joint,15,"[121, 124, 142, 122, 125, 127, 130, 131, 133, 134, 136, 137, 139, 140, 143]"
O01:Coculture:F01:Oxa,joint,16,"[121, 124, 142, 122, 125, 127, 128, 130, 131, 133, 134, 136, 137, 139, 140, 143]"
O01:Coculture:F01:Oxa,diagonal,3,"[121, 124, 142]"
O01:Coculture:F01:Oxa,diagonal,4,"[121, 124, 142, 133]"
O01:Coculture:F01:Oxa,diagonal,5,"[121, 124, 142, 130, 136]"
O01:Coculture:F01:Oxa,diagonal,6,"[121, 124, 142, 130, 133, 139]"
O01:Coculture:F01:Oxa,diagonal,7,"[121, 124, 142, 130, 133, 136, 139]"
O01:Coculture:F01:Oxa,diagonal,8,"[121, 124, 142, 130, 131, 136, 137, 143]"
O01:Coculture:F01:Oxa,diagonal,9,"[121, 124, 142, 130, 131, 133, 136, 139, 143]"
O01:Coculture:F01:Oxa,diagonal,10,"[121, 124, 142, 130, 131, 133, 136, 137, 139, 143]"
O01:Coculture:F01:Oxa,diagonal,11,"[121, 124, 142, 127, 130, 131, 133, 136, 137, 139, 143]"
O01:Coculture:F01:Oxa,diagonal,12,"[121, 124, 142, 127, 130, 131, 133, 136, 137, 139, 140, 143]"
O01:Coculture:F01:Oxa,diagonal,13,"[121, 124, 142, 127, 130, 131, 133, 134, 136, 137, 139, 140, 143]"
O01:Coculture:F01:Oxa,diagonal,14,"[121, 124, 142, 127, 128, 130, 131, 133, 134, 136, 137, 139, 140, 143]"
O01:Coculture:F01:Oxa,diagonal,15,"[121, 124, 142, 125, 127, 128, 130, 131, 133, 134, 136, 137, 139, 140, 143]"
O01:Coculture:F01:Oxa,diagonal,16,"[121, 124, 142, 122, 125, 127, 128, 130, 131, 133, 134, 136, 137, 139, 140, 143]"
O01:Monoculture::5-FU,joint,3,"[1, 4, 22]"
O01:Monoculture::5-FU,joint,4,"[1, 4, 22, 13]"
O01:Monoculture::5-FU,joint,5,"[1, 4, 22, 10, 16]"
O01:Monoculture::5-FU,joint,6,"[1, 4, 22, 2, 10, 16]"
O01:Monoculture::5-FU,joint,7,"[1, 4, 22, 2, 10, 13, 19]"
O01:Monoculture::5-FU,joint,8,"[1, 4, 22, 2, 10, 13, 16, 19]"
O01:Monoculture::5-FU,joint,9,"[1, 4, 22, 2, 10, 11, 13, 16, 19]"
O01:Monoculture::5-FU,joint,10,"[1, 4, 22, 2, 10, 11, 13, 16, 19, 23]"
O01:Monoculture::5-FU,joint,11,"[1, 4, 22, 2, 10, 11, 13, 16, 17, 19, 23]"
O01:Monoculture::5-FU,joint,12,"[1, 4, 22, 2, 7, 10, 11, 13, 16, 17, 19, 23]"
O01:Monoculture::5-FU,joint,13,"[1, 4, 22, 2, 7, 10, 11, 13, 14, 16, 19, 20, 23]"
O01:Monoculture::5-FU,joint,14,"[1, 4, 22, 2, 7, 10, 11, 13, 14, 16, 17, 19, 20, 23]"
O01:Monoculture::5-FU,joint,15,"[1, 4, 22, 2, 5, 7, 10, 11, 13, 14, 16, 17, 19, 20, 23]"
O01:Monoculture::5-FU,joint,16,"[1, 4, 22, 2, 5, 7, 8, 10, 11, 13, 14, 16, 17, 19, 20, 23]"
O01:Monoculture::5-FU,diagonal,3,"[1, 4, 22]"
O01:Monoculture::5-FU,diagonal,4,"[1, 4, 22, 13]"
O01:Monoculture::5-FU,diagonal,5,"[1, 4, 22, 10, 16]"
O01:Monoculture::5-FU,diagonal,6,"[1, 4, 22, 10, 13, 19]"
O01:Monoculture::5-FU,diagonal,7,"[1, 4, 22, 10, 13, 16, 19]"
O01:Monoculture::5-FU,diagonal,8,"[1, 4, 22, 10, 11, 16, 17, 23]"
O01:Monoculture::5-FU,diagonal,9,"[1, 4, 22, 10, 11, 13, 16, 19, 23]"
O01:Monoculture::5-FU,diagonal,10,"[1, 4, 22, 10, 11, 13, 16, 17, 19, 23]"
O01:Monoculture::5-FU,diagonal,11,"[1, 4, 22, 7, 10, 11, 13, 16, 17, 19, 23]"
O01:Monoculture::5-FU,diagonal,12,"[1, 4, 22, 7, 10, 11, 13, 16, 17, 19, 20, 23]"
O01:Monoculture::5-FU,diagonal,13,"[1, 4, 22, 7, 10, 11, 13, 14, 16, 17, 19, 20, 23]"
O01:Monoculture::5-FU,diagonal,14,"[1, 4, 22, 7, 8, 10, 11, 13, 14, 16, 17, 19, 20, 23]"
O01:Monoculture::5-FU,diagonal,15,"[1, 4, 22, 5, 7, 8, 10, 11, 13, 14, 16, 17, 19, 20, 23]"
O01:Monoculture::5-FU,diagonal,16,"[1, 4, 22, 2, 5, 7, 8, 10, 11, 13, 14, 16, 17, 19, 20, 23]"
O01:Monoculture::Oxa,joint,3,"[25, 28, 46]"
O01:Monoculture::Oxa,joint,4,"[25, 28, 46, 37]"
O01:Monoculture::Oxa,joint,5,"[25, 28, 46, 34, 40]"
O01:Monoculture::Oxa,joint,6,"[25, 28, 46, 26, 34, 40]"
O01:Monoculture::Oxa,joint,7,"[25, 28, 46, 26, 34, 37, 43]"
O01:Monoculture::Oxa,joint,8,"[25, 28, 46, 26, 34, 37, 40, 43]"
O01:Monoculture::Oxa,joint,9,"[25, 28, 46, 26, 34, 35, 37, 40, 43]"
O01:Monoculture::Oxa,joint,10,"[25, 28, 46, 26, 34, 35, 37, 40, 43, 47]"
O01:Monoculture::Oxa,joint,11,"[25, 28, 46, 26, 34, 35, 37, 40, 41, 43, 47]"
O01:Monoculture::Oxa,joint,12,"[25, 28, 46, 26, 31, 34, 35, 37, 40, 41, 43, 47]"
O01:Monoculture::Oxa,joint,13,"[25, 28, 46, 26, 31, 34, 35, 37, 38, 40, 43, 44, 47]"
O01:Monoculture::Oxa,joint,14,"[25, 28, 46, 26, 31, 34, 35, 37, 38, 40, 41, 43, 44, 47]"
O01:Monoculture::Oxa,joint,15,"[25, 28, 46, 26, 29, 31, 34, 35, 37, 38, 40, 41, 43, 44, 47]"
O01:Monoculture::Oxa,joint,16,"[25, 28, 46, 26, 29, 31, 32, 34, 35, 37, 38, 40, 41, 43, 44, 47]"
O01:Monoculture::Oxa,diagonal,3,"[25, 28, 46]"
O01:Monoculture::Oxa,diagonal,4,"[25, 28, 46, 37]"
O01:Monoculture::Oxa,diagonal,5,"[25, 28, 46, 34, 40]"
O01:Monoculture::Oxa,diagonal,6,"[25, 28, 46, 34, 37, 43]"
O01:Monoculture::Oxa,diagonal,7,"[25, 28, 46, 34, 37, 40, 43]"
O01:Monoculture::Oxa,diagonal,8,"[25, 28, 46, 34, 35, 40, 41, 47]"
O01:Monoculture::Oxa,diagonal,9,"[25, 28, 46, 34, 35, 37, 40, 43, 47]"
O01:Monoculture::Oxa,diagonal,10,"[25, 28, 46, 34, 35, 37, 40, 41, 43, 47]"
O01:Monoculture::Oxa,diagonal,11,"[25, 28, 46, 31, 34, 35, 37, 40, 41, 43, 47]"
O01:Monoculture::Oxa,diagonal,12,"[25, 28, 46, 31, 34, 35, 37, 40, 41, 43, 44, 47]"
O01:Monoculture::Oxa,diagonal,13,"[25, 28, 46, 31, 34, 35, 37, 38, 40, 41, 43, 44, 47]"
O01:Monoculture::Oxa,diagonal,14,"[25, 28, 46, 31, 32, 34, 35, 37, 38, 40, 41, 43, 44, 47]"
O01:Monoculture::Oxa,diagonal,15,"[25, 28, 46, 29, 31, 32, 34, 35, 37, 38, 40, 41, 43, 44, 47]"
O01:Monoculture::Oxa,diagonal,16,"[25, 28, 46, 26, 29, 31, 32, 34, 35, 37, 38, 40, 41, 43, 44, 47]"
O02:Monoculture::5-FU,joint,3,"[193, 196, 214]"
O02:Monoculture::5-FU,joint,4,"[193, 196, 214, 205]"
O02:Monoculture::5-FU,joint,5,"[193, 196, 214, 202, 208]"
O02:Monoculture::5-FU,joint,6,"[193, 196, 214, 194, 202, 208]"
O02:Monoculture::5-FU,joint,7,"[193, 196, 214, 194, 202, 205, 211]"
O02:Monoculture::5-FU,joint,8,"[193, 196, 214, 194, 202, 205, 208, 211]"
O02:Monoculture::5-FU,joint,9,"[193, 196, 214, 194, 202, 203, 205, 208, 211]"
O02:Monoculture::5-FU,joint,10,"[193, 196, 214, 194, 202, 203, 205, 208, 211, 215]"
O02:Monoculture::5-FU,joint,11,"[193, 196, 214, 194, 202, 203, 205, 208, 209, 211, 215]"
O02:Monoculture::5-FU,joint,12,"[193, 196, 214, 194, 199, 202, 203, 205, 208, 209, 211, 215]"
O02:Monoculture::5-FU,joint,13,"[193, 196, 214, 194, 199, 202, 203, 205, 206, 208, 211, 212, 215]"
O02:Monoculture::5-FU,joint,14,"[193, 196, 214, 194, 199, 202, 203, 205, 206, 208, 209, 211, 212, 215]"
O02:Monoculture::5-FU,joint,15,"[193, 196, 214, 194, 197, 199, 202, 203, 205, 206, 208, 209, 211, 212, 215]"
O02:Monoculture::5-FU,joint,16,"[193, 196, 214, 194, 197, 199, 200, 202, 203, 205, 206, 208, 209, 211, 212, 215]"
O02:Monoculture::5-FU,diagonal,3,"[193, 196, 214]"
O02:Monoculture::5-FU,diagonal,4,"[193, 196, 214, 205]"
O02:Monoculture::5-FU,diagonal,5,"[193, 196, 214, 202, 208]"
O02:Monoculture::5-FU,diagonal,6,"[193, 196, 214, 202, 205, 211]"
O02:Monoculture::5-FU,diagonal,7,"[193, 196, 214, 202, 205, 208, 211]"
O02:Monoculture::5-FU,diagonal,8,"[193, 196, 214, 202, 203, 208, 209, 215]"
O02:Monoculture::5-FU,diagonal,9,"[193, 196, 214, 202, 203, 205, 208, 211, 215]"
O02:Monoculture::5-FU,diagonal,10,"[193, 196, 214, 202, 203, 205, 208, 209, 211, 215]"
O02:Monoculture::5-FU,diagonal,11,"[193, 196, 214, 199, 202, 203, 205, 208, 209, 211, 215]"
O02:Monoculture::5-FU,diagonal,12,"[193, 196, 214, 199, 202, 203, 205, 208, 209, 211, 212, 215]"
O02:Monoculture::5-FU,diagonal,13,"[193, 196, 214, 199, 202, 203, 205, 206, 208, 209, 211, 212, 215]"
O02:Monoculture::5-FU,diagonal,14,"[193, 196, 214, 199, 200, 202, 203, 205, 206, 208, 209, 211, 212, 215]"
O02:Monoculture::5-FU,diagonal,15,"[193, 196, 214, 197, 199, 200, 202, 203, 205, 206, 208, 209, 211, 212, 215]"
O02:Monoculture::5-FU,diagonal,16,"[193, 196, 214, 194, 197, 199, 200, 202, 203, 205, 206, 208, 209, 211, 212, 215]"
O03:Coculture:F20:5-FU,joint,3,"[481, 484, 502]"
O03:Coculture:F20:5-FU,joint,4,"[481, 484, 502, 493]"
O03:Coculture:F20:5-FU,joint,5,"[481, 484, 502, 490, 496]"
O03:Coculture:F20:5-FU,joint,6,"[481, 484, 502, 482, 490, 496]"
O03:Coculture:F20:5-FU,joint,7,"[481, 484, 502, 482, 490, 493, 499]"
O03:Coculture:F20:5-FU,joint,8,"[481, 484, 502, 482, 490, 493, 496, 499]"
O03:Coculture:F20:5-FU,joint,9,"[481, 484, 502, 482, 490, 491, 493, 496, 499]"
O03:Coculture:F20:5-FU,joint,10,"[481, 484, 502, 482, 490, 491, 493, 496, 499, 503]"
O03:Coculture:F20:5-FU,joint,11,"[481, 484, 502, 482, 490, 491, 493, 496, 497, 499, 503]"
O03:Coculture:F20:5-FU,joint,12,"[481, 484, 502, 482, 487, 490, 491, 493, 496, 497, 499, 503]"
O03:Coculture:F20:5-FU,joint,13,"[481, 484, 502, 482, 487, 490, 491, 493, 494, 496, 499, 500, 503]"
O03:Coculture:F20:5-FU,joint,14,"[481, 484, 502, 482, 487, 490, 491, 493, 494, 496, 497, 499, 500, 503]"
O03:Coculture:F20:5-FU,joint,15,"[481, 484, 502, 482, 485, 487, 490, 491, 493, 494, 496, 497, 499, 500, 503]"
O03:Coculture:F20:5-FU,joint,16,"[481, 484, 502, 482, 485, 487, 488, 490, 491, 493, 494, 496, 497, 499, 500, 503]"
O03:Coculture:F20:5-FU,diagonal,3,"[481, 484, 502]"
O03:Coculture:F20:5-FU,diagonal,4,"[481, 484, 502, 493]"
O03:Coculture:F20:5-FU,diagonal,5,"[481, 484, 502, 490, 496]"
O03:Coculture:F20:5-FU,diagonal,6,"[481, 484, 502, 490, 493, 499]"
O03:Coculture:F20:5-FU,diagonal,7,"[481, 484, 502, 490, 493, 496, 499]"
O03:Coculture:F20:5-FU,diagonal,8,"[481, 484, 502, 490, 491, 496, 497, 503]"
O03:Coculture:F20:5-FU,diagonal,9,"[481, 484, 502, 490, 491, 493, 496, 499, 503]"
O03:Coculture:F20:5-FU,diagonal,10,"[481, 484, 502, 490, 491, 493, 496, 497, 499, 503]"
O03:Coculture:F20:5-FU,diagonal,11,"[481, 484, 502, 487, 490, 491, 493, 496, 497, 499, 503]"
O03:Coculture:F20:5-FU,diagonal,12,"[481, 484, 502, 487, 490, 491, 493, 496, 497, 499, 500, 503]"
O03:Coculture:F20:5-FU,diagonal,13,"[481, 484, 502, 487, 490, 491, 493, 494, 496, 497, 499, 500, 503]"
O03:Coculture:F20:5-FU,diagonal,14,"[481, 484, 502, 487, 488, 490, 491, 493, 494, 496, 497, 499, 500, 503]"
O03:Coculture:F20:5-FU,diagonal,15,"[481, 484, 502, 485, 487, 488, 490, 491, 493, 494, 496, 497, 499, 500, 503]"
O03:Coculture:F20:5-FU,diagonal,16,"[481, 484, 502, 482, 485, 487, 488, 490, 491, 493, 494, 496, 497, 499, 500, 503]"
O03:Coculture:F20:Gef,joint,3,"[553, 556, 574]"
O03:Coculture:F20:Gef,joint,4,"[553, 556, 574, 565]"
O03:Coculture:F20:Gef,joint,5,"[553, 556, 574, 562, 568]"
O03:Coculture:F20:Gef,joint,6,"[553, 556, 574, 554, 562, 568]"
O03:Coculture:F20:Gef,joint,7,"[553, 556, 574, 554, 562, 565, 571]"
O03:Coculture:F20:Gef,joint,8,"[553, 556, 574, 554, 562, 565, 568, 571]"
O03:Coculture:F20:Gef,joint,9,"[553, 556, 574, 554, 562, 563, 565, 568, 571]"
O03:Coculture:F20:Gef,joint,10,"[553, 556, 574, 554, 562, 563, 565, 568, 571, 575]"
O03:Coculture:F20:Gef,joint,11,"[553, 556, 574, 554, 562, 563, 565, 568, 569, 571, 575]"
O03:Coculture:F20:Gef,joint,12,"[553, 556, 574, 554, 559, 562, 563, 565, 568, 569, 571, 575]"
O03:Coculture:F20:Gef,joint,13,"[553, 556, 574, 554, 557, 559, 562, 563, 565, 568, 569, 571, 575]"
O03:Coculture:F20:Gef,joint,14,"[553, 556, 574, 554, 557, 559, 562, 563, 565, 566, 568, 571, 572, 575]"
O03:Coculture:F20:Gef,joint,15,"[553, 556, 574, 554, 557, 559, 562, 563, 565, 566, 568, 569, 571, 572, 575]"
O03:Coculture:F20:Gef,joint,16,"[553, 556, 574, 554, 557, 559, 560, 562, 563, 565, 566, 568, 569, 571, 572, 575]"
O03:Coculture:F20:Gef,diagonal,3,"[553, 556, 574]"
O03:Coculture:F20:Gef,diagonal,4,"[553, 556, 574, 565]"
O03:Coculture:F20:Gef,diagonal,5,"[553, 556, 574, 562, 568]"
O03:Coculture:F20:Gef,diagonal,6,"[553, 556, 574, 562, 565, 571]"
O03:Coculture:F20:Gef,diagonal,7,"[553, 556, 574, 562, 565, 568, 571]"
O03:Coculture:F20:Gef,diagonal,8,"[553, 556, 574, 562, 563, 568, 569, 575]"
O03:Coculture:F20:Gef,diagonal,9,"[553, 556, 574, 562, 563, 565, 568, 571, 575]"
O03:Coculture:F20:Gef,diagonal,10,"[553, 556, 574, 562, 563, 565, 568, 569, 571, 575]"
O03:Coculture:F20:Gef,diagonal,11,"[553, 556, 574, 559, 562, 563, 565, 568, 569, 571, 575]"
O03:Coculture:F20:Gef,diagonal,12,"[553, 556, 574, 559, 562, 563, 565, 566, 568, 571, 572, 575]"
O03:Coculture:F20:Gef,diagonal,13,"[553, 556, 574, 559, 562, 563, 565, 566, 568, 569, 571, 572, 575]"
O03:Coculture:F20:Gef,diagonal,14,"[553, 556, 574, 559, 560, 562, 563, 565, 566, 568, 569, 571, 572, 575]"
O03:Coculture:F20:Gef,diagonal,15,"[553, 556, 574, 557, 559, 560, 562, 563, 565, 566, 568, 569, 571, 572, 575]"
O03:Coculture:F20:Gef,diagonal,16,"[553, 556, 574, 554, 557, 559, 560, 562, 563, 565, 566, 568, 569, 571, 572, 575]"
O03:Coculture:F20:Oxa,joint,3,"[505, 508, 526]"
O03:Coculture:F20:Oxa,joint,4,"[505, 508, 526, 517]"
O03:Coculture:F20:Oxa,joint,5,"[505, 508, 526, 514, 520]"
O03:Coculture:F20:Oxa,joint,6,"[505, 508, 526, 506, 514, 520]"
O03:Coculture:F20:Oxa,joint,7,"[505, 508, 526, 506, 514, 517, 523]"
O03:Coculture:F20:Oxa,joint,8,"[505, 508, 526, 506, 514, 517, 520, 523]"
O03:Coculture:F20:Oxa,joint,9,"[505, 508, 526, 506, 514, 515, 517, 520, 523]"
O03:Coculture:F20:Oxa,joint,10,"[505, 508, 526, 506, 514, 515, 517, 520, 523, 527]"
O03:Coculture:F20:Oxa,joint,11,"[505, 508, 526, 506, 514, 515, 517, 520, 521, 523, 527]"
O03:Coculture:F20:Oxa,joint,12,"[505, 508, 526, 506, 511, 514, 515, 517, 520, 521, 523, 527]"
O03:Coculture:F20:Oxa,joint,13,"[505, 508, 526, 506, 511, 514, 515, 517, 518, 520, 523, 524, 527]"
O03:Coculture:F20:Oxa,joint,14,"[505, 508, 526, 506, 511, 514, 515, 517, 518, 520, 521, 523, 524, 527]"
O03:Coculture:F20:Oxa,joint,15,"[505, 508, 526, 506, 509, 511, 514, 515, 517, 518, 520, 521, 523, 524, 527]"
O03:Coculture:F20:Oxa,joint,16,"[505, 508, 526, 506, 509, 511, 512, 514, 515, 517, 518, 520, 521, 523, 524, 527]"
O03:Coculture:F20:Oxa,diagonal,3,"[505, 508, 526]"
O03:Coculture:F20:Oxa,diagonal,4,"[505, 508, 526, 517]"
O03:Coculture:F20:Oxa,diagonal,5,"[505, 508, 526, 514, 520]"
O03:Coculture:F20:Oxa,diagonal,6,"[505, 508, 526, 514, 517, 523]"
O03:Coculture:F20:Oxa,diagonal,7,"[505, 508, 526, 514, 517, 520, 523]"
O03:Coculture:F20:Oxa,diagonal,8,"[505, 508, 526, 514, 515, 520, 521, 527]"
O03:Coculture:F20:Oxa,diagonal,9,"[505, 508, 526, 514, 515, 517, 520, 523, 527]"
O03:Coculture:F20:Oxa,diagonal,10,"[505, 508, 526, 514, 515, 517, 520, 521, 523, 527]"
O03:Coculture:F20:Oxa,diagonal,11,"[505, 508, 526, 511, 514, 515, 517, 520, 521, 523, 527]"
O03:Coculture:F20:Oxa,diagonal,12,"[505, 508, 526, 511, 514, 515, 517, 520, 521, 523, 524, 527]"
O03:Coculture:F20:Oxa,diagonal,13,"[505, 508, 526, 511, 514, 515, 517, 518, 520, 521, 523, 524, 527]"
O03:Coculture:F20:Oxa,diagonal,14,"[505, 508, 526, 511, 512, 514, 515, 517, 518, 520, 521, 523, 524, 527]"
O03:Coculture:F20:Oxa,diagonal,15,"[505, 508, 526, 509, 511, 512, 514, 515, 517, 518, 520, 521, 523, 524, 527]"
O03:Coculture:F20:Oxa,diagonal,16,"[505, 508, 526, 506, 509, 511, 512, 514, 515, 517, 518, 520, 521, 523, 524, 527]"
O03:Coculture:F20:SN-38,joint,3,"[529, 532, 550]"
O03:Coculture:F20:SN-38,joint,4,"[529, 532, 550, 541]"
O03:Coculture:F20:SN-38,joint,5,"[529, 532, 550, 530, 541]"
O03:Coculture:F20:SN-38,joint,6,"[529, 532, 550, 530, 538, 544]"
O03:Coculture:F20:SN-38,joint,7,"[529, 532, 550, 530, 538, 541, 547]"
O03:Coculture:F20:SN-38,joint,8,"[529, 532, 550, 530, 538, 539, 544, 547]"
O03:Coculture:F20:SN-38,joint,9,"[529, 532, 550, 530, 538, 539, 544, 545, 551]"
O03:Coculture:F20:SN-38,joint,10,"[529, 532, 550, 530, 538, 539, 541, 544, 547, 551]"
O03:Coculture:F20:SN-38,joint,11,"[529, 532, 550, 530, 535, 538, 541, 542, 544, 547, 551]"
O03:Coculture:F20:SN-38,joint,12,"[529, 532, 550, 530, 535, 538, 539, 541, 544, 545, 547, 551]"
O03:Coculture:F20:SN-38,joint,13,"[529, 532, 550, 530, 535, 538, 539, 541, 544, 545, 547, 548, 551]"
O03:Coculture:F20:SN-38,joint,14,"[529, 532, 550, 530, 535, 538, 539, 541, 542, 544, 545, 547, 548, 551]"
O03:Coculture:F20:SN-38,joint,15,"[529, 532, 550, 530, 535, 536, 538, 539, 541, 542, 544, 545, 547, 548, 551]"
O03:Coculture:F20:SN-38,joint,16,"[529, 532, 550, 530, 533, 535, 536, 538, 539, 541, 542, 544, 545, 547, 548, 551]"
O03:Coculture:F20:SN-38,diagonal,3,"[529, 532, 550]"
O03:Coculture:F20:SN-38,diagonal,4,"[529, 532, 550, 541]"
O03:Coculture:F20:SN-38,diagonal,5,"[529, 532, 550, 538, 544]"
O03:Coculture:F20:SN-38,diagonal,6,"[529, 532, 550, 538, 541, 547]"
O03:Coculture:F20:SN-38,diagonal,7,"[529, 532, 550, 538, 539, 544, 547]"
O03:Coculture:F20:SN-38,diagonal,8,"[529, 532, 550, 538, 539, 544, 545, 551]"
O03:Coculture:F20:SN-38,diagonal,9,"[529, 532, 550, 535, 538, 541, 544, 547, 551]"
O03:Coculture:F20:SN-38,diagonal,10,"[529, 532, 550, 535, 538, 539, 544, 545, 547, 551]"
O03:Coculture:F20:SN-38,diagonal,11,"[529, 532, 550, 535, 538, 539, 541, 544, 545, 547, 551]"
O03:Coculture:F20:SN-38,diagonal,12,"[529, 532, 550, 535, 536, 538, 541, 542, 544, 547, 548, 551]"
O03:Coculture:F20:SN-38,diagonal,13,"[529, 532, 550, 535, 536, 538, 539, 541, 544, 545, 547, 548, 551]"
O03:Coculture:F20:SN-38,diagonal,14,"[529, 532, 550, 535, 536, 538, 539, 541, 542, 544, 545, 547, 548, 551]"
O03:Coculture:F20:SN-38,diagonal,15,"[529, 532, 550, 533, 535, 536, 538, 539, 541, 542, 544, 545, 547, 548, 551]"
O03:Coculture:F20:SN-38,diagonal,16,"[529, 532, 550, 530, 533, 535, 536, 538, 539, 541, 542, 544, 545, 547, 548, 551]"
O03:Monoculture::Oxa,joint,3,"[409, 412, 430]"
O03:Monoculture::Oxa,joint,4,"[409, 412, 430, 421]"
O03:Monoculture::Oxa,joint,5,"[409, 412, 430, 418, 424]"
O03:Monoculture::Oxa,joint,6,"[409, 412, 430, 410, 418, 424]"
O03:Monoculture::Oxa,joint,7,"[409, 412, 430, 410, 418, 421, 427]"
O03:Monoculture::Oxa,joint,8,"[409, 412, 430, 410, 418, 421, 424, 427]"
O03:Monoculture::Oxa,joint,9,"[409, 412, 430, 410, 418, 419, 421, 424, 427]"
O03:Monoculture::Oxa,joint,10,"[409, 412, 430, 410, 418, 419, 421, 424, 427, 431]"
O03:Monoculture::Oxa,joint,11,"[409, 412, 430, 410, 418, 419, 421, 424, 425, 427, 431]"
O03:Monoculture::Oxa,joint,12,"[409, 412, 430, 410, 415, 418, 419, 421, 424, 425, 427, 431]"
O03:Monoculture::Oxa,joint,13,"[409, 412, 430, 410, 415, 418, 419, 421, 422, 424, 427, 428, 431]"
O03:Monoculture::Oxa,joint,14,"[409, 412, 430, 410, 415, 418, 419, 421, 422, 424, 425, 427, 428, 431]"
O03:Monoculture::Oxa,joint,15,"[409, 412, 430, 410, 413, 415, 418, 419, 421, 422, 424, 425, 427, 428, 431]"
O03:Monoculture::Oxa,joint,16,"[409, 412, 430, 410, 413, 415, 416, 418, 419, 421, 422, 424, 425, 427, 428, 431]"
O03:Monoculture::Oxa,diagonal,3,"[409, 412, 430]"
O03:Monoculture::Oxa,diagonal,4,"[409, 412, 430, 421]"
O03:Monoculture::Oxa,diagonal,5,"[409, 412, 430, 418, 424]"
O03:Monoculture::Oxa,diagonal,6,"[409, 412, 430, 418, 421, 427]"
O03:Monoculture::Oxa,diagonal,7,"[409, 412, 430, 418, 421, 424, 427]"
O03:Monoculture::Oxa,diagonal,8,"[409, 412, 430, 418, 419, 424, 425, 431]"
O03:Monoculture::Oxa,diagonal,9,"[409, 412, 430, 418, 419, 421, 424, 427, 431]"
O03:Monoculture::Oxa,diagonal,10,"[409, 412, 430, 418, 419, 421, 424, 425, 427, 431]"
O03:Monoculture::Oxa,diagonal,11,"[409, 412, 430, 415, 418, 419, 421, 424, 425, 427, 431]"
O03:Monoculture::Oxa,diagonal,12,"[409, 412, 430, 415, 418, 419, 421, 424, 425, 427, 428, 431]"
O03:Monoculture::Oxa,diagonal,13,"[409, 412, 430, 415, 418, 419, 421, 422, 424, 425, 427, 428, 431]"
O03:Monoculture::Oxa,diagonal,14,"[409, 412, 430, 415, 416, 418, 419, 421, 422, 424, 425, 427, 428, 431]"
O03:Monoculture::Oxa,diagonal,15,"[409, 412, 430, 413, 415, 416, 418, 419, 421, 422, 424, 425, 427, 428, 431]"
O03:Monoculture::Oxa,diagonal,16,"[409, 412, 430, 410, 413, 415, 416, 418, 419, 421, 422, 424, 425, 427, 428, 431]"
O04:Coculture:F04N:5-FU,joint,3,"[673, 676, 694]"
O04:Coculture:F04N:5-FU,joint,4,"[673, 676, 694, 685]"
O04:Coculture:F04N:5-FU,joint,5,"[673, 676, 694, 682, 688]"
O04:Coculture:F04N:5-FU,joint,6,"[673, 676, 694, 674, 682, 688]"
O04:Coculture:F04N:5-FU,joint,7,"[673, 676, 694, 674, 682, 685, 691]"
O04:Coculture:F04N:5-FU,joint,8,"[673, 676, 694, 674, 682, 685, 688, 691]"
O04:Coculture:F04N:5-FU,joint,9,"[673, 676, 694, 674, 682, 683, 685, 688, 691]"
O04:Coculture:F04N:5-FU,joint,10,"[673, 676, 694, 674, 682, 683, 685, 688, 691, 695]"
O04:Coculture:F04N:5-FU,joint,11,"[673, 676, 694, 674, 682, 683, 685, 688, 689, 691, 695]"
O04:Coculture:F04N:5-FU,joint,12,"[673, 676, 694, 674, 679, 682, 683, 685, 688, 689, 691, 695]"
O04:Coculture:F04N:5-FU,joint,13,"[673, 676, 694, 674, 679, 682, 683, 685, 686, 688, 691, 692, 695]"
O04:Coculture:F04N:5-FU,joint,14,"[673, 676, 694, 674, 679, 682, 683, 685, 686, 688, 689, 691, 692, 695]"
O04:Coculture:F04N:5-FU,joint,15,"[673, 676, 694, 674, 677, 679, 682, 683, 685, 686, 688, 689, 691, 692, 695]"
O04:Coculture:F04N:5-FU,joint,16,"[673, 676, 694, 674, 677, 679, 680, 682, 683, 685, 686, 688, 689, 691, 692, 695]"
O04:Coculture:F04N:5-FU,diagonal,3,"[673, 676, 694]"
O04:Coculture:F04N:5-FU,diagonal,4,"[673, 676, 694, 685]"
O04:Coculture:F04N:5-FU,diagonal,5,"[673, 676, 694, 682, 688]"
O04:Coculture:F04N:5-FU,diagonal,6,"[673, 676, 694, 682, 685, 691]"
O04:Coculture:F04N:5-FU,diagonal,7,"[673, 676, 694, 682, 685, 688, 691]"
O04:Coculture:F04N:5-FU,diagonal,8,"[673, 676, 694, 682, 683, 688, 689, 695]"
O04:Coculture:F04N:5-FU,diagonal,9,"[673, 676, 694, 682, 683, 685, 688, 691, 695]"
O04:Coculture:F04N:5-FU,diagonal,10,"[673, 676, 694, 682, 683, 685, 688, 689, 691, 695]"
O04:Coculture:F04N:5-FU,diagonal,11,"[673, 676, 694, 679, 682, 683, 685, 688, 689, 691, 695]"
O04:Coculture:F04N:5-FU,diagonal,12,"[673, 676, 694, 679, 682, 683, 685, 688, 689, 691, 692, 695]"
O04:Coculture:F04N:5-FU,diagonal,13,"[673, 676, 694, 679, 682, 683, 685, 686, 688, 689, 691, 692, 695]"
O04:Coculture:F04N:5-FU,diagonal,14,"[673, 676, 694, 679, 680, 682, 683, 685, 686, 688, 689, 691, 692, 695]"
O04:Coculture:F04N:5-FU,diagonal,15,"[673, 676, 694, 677, 679, 680, 682, 683, 685, 686, 688, 689, 691, 692, 695]"
O04:Coculture:F04N:5-FU,diagonal,16,"[673, 676, 694, 674, 677, 679, 680, 682, 683, 685, 686, 688, 689, 691, 692, 695]"
O04:Coculture:F04N:Oxa,joint,3,"[697, 700, 718]"
O04:Coculture:F04N:Oxa,joint,4,"[697, 700, 718, 709]"
O04:Coculture:F04N:Oxa,joint,5,"[697, 700, 718, 706, 712]"
O04:Coculture:F04N:Oxa,joint,6,"[697, 700, 718, 698, 706, 712]"
O04:Coculture:F04N:Oxa,joint,7,"[697, 700, 718, 698, 706, 709, 715]"
O04:Coculture:F04N:Oxa,joint,8,"[697, 700, 718, 698, 706, 709, 712, 715]"
O04:Coculture:F04N:Oxa,joint,9,"[697, 700, 718, 698, 706, 707, 709, 712, 715]"
O04:Coculture:F04N:Oxa,joint,10,"[697, 700, 718, 698, 706, 707, 709, 712, 715, 719]"
O04:Coculture:F04N:Oxa,joint,11,"[697, 700, 718, 698, 706, 707, 709, 712, 713, 715, 719]"
O04:Coculture:F04N:Oxa,joint,12,"[697, 700, 718, 698, 703, 706, 707, 709, 712, 713, 715, 719]"
O04:Coculture:F04N:Oxa,joint,13,"[697, 700, 718, 698, 703, 706, 707, 709, 710, 712, 715, 716, 719]"
O04:Coculture:F04N:Oxa,joint,14,"[697, 700, 718, 698, 703, 706, 707, 709, 710, 712, 713, 715, 716, 719]"
O04:Coculture:F04N:Oxa,joint,15,"[697, 700, 718, 698, 701, 703, 706, 707, 709, 710, 712, 713, 715, 716, 719]"
O04:Coculture:F04N:Oxa,joint,16,"[697, 700, 718, 698, 701, 703, 704, 706, 707, 709, 710, 712, 713, 715, 716, 719]"
O04:Coculture:F04N:Oxa,diagonal,3,"[697, 700, 718]"
O04:Coculture:F04N:Oxa,diagonal,4,"[697, 700, 718, 709]"
O04:Coculture:F04N:Oxa,diagonal,5,"[697, 700, 718, 706, 712]"
O04:Coculture:F04N:Oxa,diagonal,6,"[697, 700, 718, 706, 709, 715]"
O04:Coculture:F04N:Oxa,diagonal,7,"[697, 700, 718, 706, 709, 712, 715]"
O04:Coculture:F04N:Oxa,diagonal,8,"[697, 700, 718, 706, 707, 712, 713, 719]"
O04:Coculture:F04N:Oxa,diagonal,9,"[697, 700, 718, 706, 707, 709, 712, 715, 719]"
O04:Coculture:F04N:Oxa,diagonal,10,"[697, 700, 718, 706, 707, 709, 712, 713, 715, 719]"
O04:Coculture:F04N:Oxa,diagonal,11,"[697, 700, 718, 703, 706, 707, 709, 712, 713, 715, 719]"
O04:Coculture:F04N:Oxa,diagonal,12,"[697, 700, 718, 703, 706, 707, 709, 712, 713, 715, 716, 719]"
O04:Coculture:F04N:Oxa,diagonal,13,"[697, 700, 718, 703, 706, 707, 709, 710, 712, 713, 715, 716, 719]"
O04:Coculture:F04N:Oxa,diagonal,14,"[697, 700, 718, 703, 704, 706, 707, 709, 710, 712, 713, 715, 716, 719]"
O04:Coculture:F04N:Oxa,diagonal,15,"[697, 700, 718, 701, 703, 704, 706, 707, 709, 710, 712, 713, 715, 716, 719]"
O04:Coculture:F04N:Oxa,diagonal,16,"[697, 700, 718, 698, 701, 703, 704, 706, 707, 709, 710, 712, 713, 715, 716, 719]"
O04:Monoculture::Gef,joint,3,"[649, 652, 670]"
O04:Monoculture::Gef,joint,4,"[649, 652, 670, 661]"
O04:Monoculture::Gef,joint,5,"[649, 652, 670, 658, 664]"
O04:Monoculture::Gef,joint,6,"[649, 652, 670, 650, 658, 664]"
O04:Monoculture::Gef,joint,7,"[649, 652, 670, 650, 658, 661, 667]"
O04:Monoculture::Gef,joint,8,"[649, 652, 670, 650, 658, 661, 664, 667]"
O04:Monoculture::Gef,joint,9,"[649, 652, 670, 650, 658, 659, 661, 664, 667]"
O04:Monoculture::Gef,joint,10,"[649, 652, 670, 650, 658, 659, 661, 664, 667, 671]"
O04:Monoculture::Gef,joint,11,"[649, 652, 670, 650, 658, 659, 661, 664, 665, 667, 671]"
O04:Monoculture::Gef,joint,12,"[649, 652, 670, 650, 655, 658, 659, 661, 664, 665, 667, 671]"
O04:Monoculture::Gef,joint,13,"[649, 652, 670, 650, 653, 655, 658, 659, 661, 664, 665, 667, 671]"
O04:Monoculture::Gef,joint,14,"[649, 652, 670, 650, 653, 655, 658, 659, 661, 662, 664, 667, 668, 671]"
O04:Monoculture::Gef,joint,15,"[649, 652, 670, 650, 653, 655, 658, 659, 661, 662, 664, 665, 667, 668, 671]"
O04:Monoculture::Gef,joint,16,"[649, 652, 670, 650, 653, 655, 656, 658, 659, 661, 662, 664, 665, 667, 668, 671]"
O04:Monoculture::Gef,diagonal,3,"[649, 652, 670]"
O04:Monoculture::Gef,diagonal,4,"[649, 652, 670, 661]"
O04:Monoculture::Gef,diagonal,5,"[649, 652, 670, 658, 664]"
O04:Monoculture::Gef,diagonal,6,"[649, 652, 670, 658, 661, 667]"
O04:Monoculture::Gef,diagonal,7,"[649, 652, 670, 658, 661, 664, 667]"
O04:Monoculture::Gef,diagonal,8,"[649, 652, 670, 658, 659, 664, 665, 671]"
O04:Monoculture::Gef,diagonal,9,"[649, 652, 670, 658, 659, 661, 664, 667, 671]"
O04:Monoculture::Gef,diagonal,10,"[649, 652, 670, 658, 659, 661, 664, 665, 667, 671]"
O04:Monoculture::Gef,diagonal,11,"[649, 652, 670, 655, 658, 659, 661, 664, 665, 667, 671]"
O04:Monoculture::Gef,diagonal,12,"[649, 652, 670, 655, 658, 659, 661, 662, 664, 667, 668, 671]"
O04:Monoculture::Gef,diagonal,13,"[649, 652, 670, 655, 658, 659, 661, 662, 664, 665, 667, 668, 671]"
O04:Monoculture::Gef,diagonal,14,"[649, 652, 670, 655, 656, 658, 659, 661, 662, 664, 665, 667, 668, 671]"
O04:Monoculture::Gef,diagonal,15,"[649, 652, 670, 653, 655, 656, 658, 659, 661, 662, 664, 665, 667, 668, 671]"
O04:Monoculture::Gef,diagonal,16,"[649, 652, 670, 650, 653, 655, 656, 658, 659, 661, 662, 664, 665, 667, 668, 671]"
O04:Monoculture::Oxa,joint,3,"[601, 604, 622]"
O04:Monoculture::Oxa,joint,4,"[601, 604, 622, 613]"
O04:Monoculture::Oxa,joint,5,"[601, 604, 622, 610, 616]"
O04:Monoculture::Oxa,joint,6,"[601, 604, 622, 602, 610, 616]"
O04:Monoculture::Oxa,joint,7,"[601, 604, 622, 602, 610, 613, 619]"
O04:Monoculture::Oxa,joint,8,"[601, 604, 622, 602, 610, 613, 616, 619]"
O04:Monoculture::Oxa,joint,9,"[601, 604, 622, 602, 610, 611, 613, 616, 619]"
O04:Monoculture::Oxa,joint,10,"[601, 604, 622, 602, 610, 611, 613, 616, 619, 623]"
O04:Monoculture::Oxa,joint,11,"[601, 604, 622, 602, 610, 611, 613, 616, 617, 619, 623]"
O04:Monoculture::Oxa,joint,12,"[601, 604, 622, 602, 607, 610, 611, 613, 616, 617, 619, 623]"
O04:Monoculture::Oxa,joint,13,"[601, 604, 622, 602, 607, 610, 611, 613, 614, 616, 619, 620, 623]"
O04:Monoculture::Oxa,joint,14,"[601, 604, 622, 602, 607, 610, 611, 613, 614, 616, 617, 619, 620, 623]"
O04:Monoculture::Oxa,joint,15,"[601, 604, 622, 602, 605, 607, 610, 611, 613, 614, 616, 617, 619, 620, 623]"
O04:Monoculture::Oxa,joint,16,"[601, 604, 622, 602, 605, 607, 608, 610, 611, 613, 614, 616, 617, 619, 620, 623]"
O04:Monoculture::Oxa,diagonal,3,"[601, 604, 622]"
O04:Monoculture::Oxa,diagonal,4,"[601, 604, 622, 613]"
O04:Monoculture::Oxa,diagonal,5,"[601, 604, 622, 610, 616]"
O04:Monoculture::Oxa,diagonal,6,"[601, 604, 622, 610, 613, 619]"
O04:Monoculture::Oxa,diagonal,7,"[601, 604, 622, 610, 613, 616, 619]"
O04:Monoculture::Oxa,diagonal,8,"[601, 604, 622, 610, 611, 616, 617, 623]"
O04:Monoculture::Oxa,diagonal,9,"[601, 604, 622, 610, 611, 613, 616, 619, 623]"
O04:Monoculture::Oxa,diagonal,10,"[601, 604, 622, 610, 611, 613, 616, 617, 619, 623]"
O04:Monoculture::Oxa,diagonal,11,"[601, 604, 622, 607, 610, 611, 613, 616, 617, 619, 623]"
O04:Monoculture::Oxa,diagonal,12,"[601, 604, 622, 607, 610, 611, 613, 616, 617, 619, 620, 623]"
O04:Monoculture::Oxa,diagonal,13,"[601, 604, 622, 607, 610, 611, 613, 614, 616, 617, 619, 620, 623]"
O04:Monoculture::Oxa,diagonal,14,"[601, 604, 622, 607, 608, 610, 611, 613, 614, 616, 617, 619, 620, 623]"
O04:Monoculture::Oxa,diagonal,15,"[601, 604, 622, 605, 607, 608, 610, 611, 613, 614, 616, 617, 619, 620, 623]"
O04:Monoculture::Oxa,diagonal,16,"[601, 604, 622, 602, 605, 607, 608, 610, 611, 613, 614, 616, 617, 619, 620, 623]"
O05:Monoculture::Oxa,joint,3,"[793, 796, 814]"
O05:Monoculture::Oxa,joint,4,"[793, 796, 814, 805]"
O05:Monoculture::Oxa,joint,5,"[793, 796, 814, 802, 808]"
O05:Monoculture::Oxa,joint,6,"[793, 796, 814, 794, 802, 808]"
O05:Monoculture::Oxa,joint,7,"[793, 796, 814, 794, 802, 805, 811]"
O05:Monoculture::Oxa,joint,8,"[793, 796, 814, 794, 802, 805, 808, 811]"
O05:Monoculture::Oxa,joint,9,"[793, 796, 814, 794, 802, 803, 805, 808, 811]"
O05:Monoculture::Oxa,joint,10,"[793, 796, 814, 794, 802, 803, 805, 808, 811, 815]"
O05:Monoculture::Oxa,joint,11,"[793, 796, 814, 794, 802, 803, 805, 808, 809, 811, 815]"
O05:Monoculture::Oxa,joint,12,"[793, 796, 814, 794, 799, 802, 803, 805, 808, 809, 811, 815]"
O05:Monoculture::Oxa,joint,13,"[793, 796, 814, 794, 799, 802, 803, 805, 806, 808, 811, 812, 815]"
O05:Monoculture::Oxa,joint,14,"[793, 796, 814, 794, 799, 802, 803, 805, 806, 808, 809, 811, 812, 815]"
O05:Monoculture::Oxa,joint,15,"[793, 796, 814, 794, 797, 799, 802, 803, 805, 806, 808, 809, 811, 812, 815]"
O05:Monoculture::Oxa,joint,16,"[793, 796, 814, 794, 797, 799, 800, 802, 803, 805, 806, 808, 809, 811, 812, 815]"
O05:Monoculture::Oxa,diagonal,3,"[793, 796, 814]"
O05:Monoculture::Oxa,diagonal,4,"[793, 796, 814, 805]"
O05:Monoculture::Oxa,diagonal,5,"[793, 796, 814, 802, 808]"
O05:Monoculture::Oxa,diagonal,6,"[793, 796, 814, 802, 805, 811]"
O05:Monoculture::Oxa,diagonal,7,"[793, 796, 814, 802, 805, 808, 811]"
O05:Monoculture::Oxa,diagonal,8,"[793, 796, 814, 802, 803, 808, 809, 815]"
O05:Monoculture::Oxa,diagonal,9,"[793, 796, 814, 802, 803, 805, 808, 811, 815]"
O05:Monoculture::Oxa,diagonal,10,"[793, 796, 814, 802, 803, 805, 808, 809, 811, 815]"
O05:Monoculture::Oxa,diagonal,11,"[793, 796, 814, 799, 802, 803, 805, 808, 809, 811, 815]"
O05:Monoculture::Oxa,diagonal,12,"[793, 796, 814, 799, 802, 803, 805, 808, 809, 811, 812, 815]"
O05:Monoculture::Oxa,diagonal,13,"[793, 796, 814, 799, 802, 803, 805, 806, 808, 809, 811, 812, 815]"
O05:Monoculture::Oxa,diagonal,14,"[793, 796, 814, 799, 800, 802, 803, 805, 806, 808, 809, 811, 812, 815]"
O05:Monoculture::Oxa,diagonal,15,"[793, 796, 814, 797, 799, 800, 802, 803, 805, 806, 808, 809, 811, 812, 815]"
O05:Monoculture::Oxa,diagonal,16,"[793, 796, 814, 794, 797, 799, 800, 802, 803, 805, 806, 808, 809, 811, 812, 815]"
O06:Coculture:F06:Oxa,joint,3,"[1081, 1084, 1102]"
O06:Coculture:F06:Oxa,joint,4,"[1081, 1084, 1102, 1093]"
O06:Coculture:F06:Oxa,joint,5,"[1081, 1084, 1102, 1090, 1096]"
O06:Coculture:F06:Oxa,joint,6,"[1081, 1084, 1102, 1082, 1090, 1096]"
O06:Coculture:F06:Oxa,joint,7,"[1081, 1084, 1102, 1082, 1090, 1093, 1099]"
O06:Coculture:F06:Oxa,joint,8,"[1081, 1084, 1102, 1082, 1090, 1093, 1096, 1099]"
O06:Coculture:F06:Oxa,joint,9,"[1081, 1084, 1102, 1082, 1090, 1091, 1093, 1096, 1099]"
O06:Coculture:F06:Oxa,joint,10,"[1081, 1084, 1102, 1082, 1090, 1091, 1093, 1096, 1099, 1103]"
O06:Coculture:F06:Oxa,joint,11,"[1081, 1084, 1102, 1082, 1090, 1091, 1093, 1096, 1097, 1099, 1103]"
O06:Coculture:F06:Oxa,joint,12,"[1081, 1084, 1102, 1082, 1087, 1090, 1091, 1093, 1096, 1097, 1099, 1103]"
O06:Coculture:F06:Oxa,joint,13,"[1081, 1084, 1102, 1082, 1087, 1090, 1091, 1093, 1094, 1096, 1099, 1100, 1103]"
O06:Coculture:F06:Oxa,joint,14,"[1081, 1084, 1102, 1082, 1087, 1090, 1091, 1093, 1094, 1096, 1097, 1099, 1100, 1103]"
O06:Coculture:F06:Oxa,joint,15,"[1081, 1084, 1102, 1082, 1085, 1087, 1090, 1091, 1093, 1094, 1096, 1097, 1099, 1100, 1103]"
O06:Coculture:F06:Oxa,joint,16,"[1081, 1084, 1102, 1082, 1085, 1087, 1088, 1090, 1091, 1093, 1094, 1096, 1097, 1099, 1100, 1103]"
O06:Coculture:F06:Oxa,diagonal,3,"[1081, 1084, 1102]"
O06:Coculture:F06:Oxa,diagonal,4,"[1081, 1084, 1102, 1093]"
O06:Coculture:F06:Oxa,diagonal,5,"[1081, 1084, 1102, 1090, 1096]"
O06:Coculture:F06:Oxa,diagonal,6,"[1081, 1084, 1102, 1090, 1093, 1099]"
O06:Coculture:F06:Oxa,diagonal,7,"[1081, 1084, 1102, 1090, 1093, 1096, 1099]"
O06:Coculture:F06:Oxa,diagonal,8,"[1081, 1084, 1102, 1090, 1091, 1096, 1097, 1103]"
O06:Coculture:F06:Oxa,diagonal,9,"[1081, 1084, 1102, 1090, 1091, 1093, 1096, 1099, 1103]"
O06:Coculture:F06:Oxa,diagonal,10,"[1081, 1084, 1102, 1090, 1091, 1093, 1096, 1097, 1099, 1103]"
O06:Coculture:F06:Oxa,diagonal,11,"[1081, 1084, 1102, 1087, 1090, 1091, 1093, 1096, 1097, 1099, 1103]"
O06:Coculture:F06:Oxa,diagonal,12,"[1081, 1084, 1102, 1087, 1090, 1091, 1093, 1096, 1097, 1099, 1100, 1103]"
O06:Coculture:F06:Oxa,diagonal,13,"[1081, 1084, 1102, 1087, 1090, 1091, 1093, 1094, 1096, 1097, 1099, 1100, 1103]"
O06:Coculture:F06:Oxa,diagonal,14,"[1081, 1084, 1102, 1087, 1088, 1090, 1091, 1093, 1094, 1096, 1097, 1099, 1100, 1103]"
O06:Coculture:F06:Oxa,diagonal,15,"[1081, 1084, 1102, 1085, 1087, 1088, 1090, 1091, 1093, 1094, 1096, 1097, 1099, 1100, 1103]"
O06:Coculture:F06:Oxa,diagonal,16,"[1081, 1084, 1102, 1082, 1085, 1087, 1088, 1090, 1091, 1093, 1094, 1096, 1097, 1099, 1100, 1103]"
O06:Coculture:F06:SN-38,joint,3,"[1105, 1108, 1126]"
O06:Coculture:F06:SN-38,joint,4,"[1105, 1108, 1126, 1117]"
O06:Coculture:F06:SN-38,joint,5,"[1105, 1108, 1126, 1106, 1117]"
O06:Coculture:F06:SN-38,joint,6,"[1105, 1108, 1126, 1106, 1114, 1120]"
O06:Coculture:F06:SN-38,joint,7,"[1105, 1108, 1126, 1106, 1114, 1117, 1123]"
O06:Coculture:F06:SN-38,joint,8,"[1105, 1108, 1126, 1106, 1114, 1115, 1120, 1123]"
O06:Coculture:F06:SN-38,joint,9,"[1105, 1108, 1126, 1106, 1114, 1115, 1120, 1121, 1127]"
O06:Coculture:F06:SN-38,joint,10,"[1105, 1108, 1126, 1106, 1114, 1115, 1117, 1120, 1123, 1127]"
O06:Coculture:F06:SN-38,joint,11,"[1105, 1108, 1126, 1106, 1111, 1114, 1117, 1118, 1120, 1123, 1127]"
O06:Coculture:F06:SN-38,joint,12,"[1105, 1108, 1126, 1106, 1111, 1114, 1115, 1117, 1120, 1121, 1123, 1127]"
O06:Coculture:F06:SN-38,joint,13,"[1105, 1108, 1126, 1106, 1111, 1114, 1115, 1117, 1120, 1121, 1123, 1124, 1127]"
O06:Coculture:F06:SN-38,joint,14,"[1105, 1108, 1126, 1106, 1111, 1114, 1115, 1117, 1118, 1120, 1121, 1123, 1124, 1127]"
O06:Coculture:F06:SN-38,joint,15,"[1105, 1108, 1126, 1106, 1111, 1112, 1114, 1115, 1117, 1118, 1120, 1121, 1123, 1124, 1127]"
O06:Coculture:F06:SN-38,joint,16,"[1105, 1108, 1126, 1106, 1109, 1111, 1112, 1114, 1115, 1117, 1118, 1120, 1121, 1123, 1124, 1127]"
O06:Coculture:F06:SN-38,diagonal,3,"[1105, 1108, 1126]"
O06:Coculture:F06:SN-38,diagonal,4,"[1105, 1108, 1126, 1117]"
O06:Coculture:F06:SN-38,diagonal,5,"[1105, 1108, 1126, 1114, 1120]"
O06:Coculture:F06:SN-38,diagonal,6,"[1105, 1108, 1126, 1114, 1117, 1123]"
O06:Coculture:F06:SN-38,diagonal,7,"[1105, 1108, 1126, 1114, 1115, 1120, 1123]"
O06:Coculture:F06:SN-38,diagonal,8,"[1105, 1108, 1126, 1114, 1115, 1120, 1121, 1127]"
O06:Coculture:F06:SN-38,diagonal,9,"[1105, 1108, 1126, 1111, 1114, 1117, 1120, 1123, 1127]"
O06:Coculture:F06:SN-38,diagonal,10,"[1105, 1108, 1126, 1111, 1114, 1115, 1120, 1121, 1123, 1127]"
O06:Coculture:F06:SN-38,diagonal,11,"[1105, 1108, 1126, 1111, 1114, 1115, 1117, 1120, 1121, 1123, 1127]"
O06:Coculture:F06:SN-38,diagonal,12,"[1105, 1108, 1126, 1111, 1112, 1114, 1117, 1118, 1120, 1123, 1124, 1127]"
O06:Coculture:F06:SN-38,diagonal,13,"[1105, 1108, 1126, 1111, 1112, 1114, 1115, 1117, 1120, 1121, 1123, 1124, 1127]"
O06:Coculture:F06:SN-38,diagonal,14,"[1105, 1108, 1126, 1111, 1112, 1114, 1115, 1117, 1118, 1120, 1121, 1123, 1124, 1127]"
O06:Coculture:F06:SN-38,diagonal,15,"[1105, 1108, 1126, 1109, 1111, 1112, 1114, 1115, 1117, 1118, 1120, 1121, 1123, 1124, 1127]"
O06:Coculture:F06:SN-38,diagonal,16,"[1105, 1108, 1126, 1106, 1109, 1111, 1112, 1114, 1115, 1117, 1118, 1120, 1121, 1123, 1124, 1127]"
O06:Coculture:F11:5-FU,joint,3,"[1153, 1156, 1174]"
O06:Coculture:F11:5-FU,joint,4,"[1153, 1156, 1174, 1165]"
O06:Coculture:F11:5-FU,joint,5,"[1153, 1156, 1174, 1162, 1168]"
O06:Coculture:F11:5-FU,joint,6,"[1153, 1156, 1174, 1154, 1162, 1168]"
O06:Coculture:F11:5-FU,joint,7,"[1153, 1156, 1174, 1154, 1162, 1165, 1171]"
O06:Coculture:F11:5-FU,joint,8,"[1153, 1156, 1174, 1154, 1162, 1165, 1168, 1171]"
O06:Coculture:F11:5-FU,joint,9,"[1153, 1156, 1174, 1154, 1162, 1163, 1165, 1168, 1171]"
O06:Coculture:F11:5-FU,joint,10,"[1153, 1156, 1174, 1154, 1162, 1163, 1165, 1168, 1171, 1175]"
O06:Coculture:F11:5-FU,joint,11,"[1153, 1156, 1174, 1154, 1162, 1163, 1165, 1168, 1169, 1171, 1175]"
O06:Coculture:F11:5-FU,joint,12,"[1153, 1156, 1174, 1154, 1159, 1162, 1163, 1165, 1168, 1169, 1171, 1175]"
O06:Coculture:F11:5-FU,joint,13,"[1153, 1156, 1174, 1154, 1159, 1162, 1163, 1165, 1166, 1168, 1171, 1172, 1175]"
O06:Coculture:F11:5-FU,joint,14,"[1153, 1156, 1174, 1154, 1159, 1162, 1163, 1165, 1166, 1168, 1169, 1171, 1172, 1175]"
O06:Coculture:F11:5-FU,joint,15,"[1153, 1156, 1174, 1154, 1157, 1159, 1162, 1163, 1165, 1166, 1168, 1169, 1171, 1172, 1175]"
O06:Coculture:F11:5-FU,joint,16,"[1153, 1156, 1174, 1154, 1157, 1159, 1160, 1162, 1163, 1165, 1166, 1168, 1169, 1171, 1172, 1175]"
O06:Coculture:F11:5-FU,diagonal,3,"[1153, 1156, 1174]"
O06:Coculture:F11:5-FU,diagonal,4,"[1153, 1156, 1174, 1165]"
O06:Coculture:F11:5-FU,diagonal,5,"[1153, 1156, 1174, 1162, 1168]"
O06:Coculture:F11:5-FU,diagonal,6,"[1153, 1156, 1174, 1162, 1165, 1171]"
O06:Coculture:F11:5-FU,diagonal,7,"[1153, 1156, 1174, 1162, 1165, 1168, 1171]"
O06:Coculture:F11:5-FU,diagonal,8,"[1153, 1156, 1174, 1162, 1163, 1168, 1169, 1175]"
O06:Coculture:F11:5-FU,diagonal,9,"[1153, 1156, 1174, 1162, 1163, 1165, 1168, 1171, 1175]"
O06:Coculture:F11:5-FU,diagonal,10,"[1153, 1156, 1174, 1162, 1163, 1165, 1168, 1169, 1171, 1175]"
O06:Coculture:F11:5-FU,diagonal,11,"[1153, 1156, 1174, 1159, 1162, 1163, 1165, 1168, 1169, 1171, 1175]"
O06:Coculture:F11:5-FU,diagonal,12,"[1153, 1156, 1174, 1159, 1162, 1163, 1165, 1168, 1169, 1171, 1172, 1175]"
O06:Coculture:F11:5-FU,diagonal,13,"[1153, 1156, 1174, 1159, 1162, 1163, 1165, 1166, 1168, 1169, 1171, 1172, 1175]"
O06:Coculture:F11:5-FU,diagonal,14,"[1153, 1156, 1174, 1159, 1160, 1162, 1163, 1165, 1166, 1168, 1169, 1171, 1172, 1175]"
O06:Coculture:F11:5-FU,diagonal,15,"[1153, 1156, 1174, 1157, 1159, 1160, 1162, 1163, 1165, 1166, 1168, 1169, 1171, 1172, 1175]"
O06:Coculture:F11:5-FU,diagonal,16,"[1153, 1156, 1174, 1154, 1157, 1159, 1160, 1162, 1163, 1165, 1166, 1168, 1169, 1171, 1172, 1175]"
O06:Coculture:F11:Oxa,joint,3,"[1177, 1180, 1198]"
O06:Coculture:F11:Oxa,joint,4,"[1177, 1180, 1198, 1189]"
O06:Coculture:F11:Oxa,joint,5,"[1177, 1180, 1198, 1186, 1192]"
O06:Coculture:F11:Oxa,joint,6,"[1177, 1180, 1198, 1178, 1186, 1192]"
O06:Coculture:F11:Oxa,joint,7,"[1177, 1180, 1198, 1178, 1186, 1189, 1195]"
O06:Coculture:F11:Oxa,joint,8,"[1177, 1180, 1198, 1178, 1186, 1189, 1192, 1195]"
O06:Coculture:F11:Oxa,joint,9,"[1177, 1180, 1198, 1178, 1186, 1187, 1189, 1192, 1195]"
O06:Coculture:F11:Oxa,joint,10,"[1177, 1180, 1198, 1178, 1186, 1187, 1189, 1192, 1195, 1199]"
O06:Coculture:F11:Oxa,joint,11,"[1177, 1180, 1198, 1178, 1186, 1187, 1189, 1192, 1193, 1195, 1199]"
O06:Coculture:F11:Oxa,joint,12,"[1177, 1180, 1198, 1178, 1183, 1186, 1187, 1189, 1192, 1193, 1195, 1199]"
O06:Coculture:F11:Oxa,joint,13,"[1177, 1180, 1198, 1178, 1183, 1186, 1187, 1189, 1190, 1192, 1195, 1196, 1199]"
O06:Coculture:F11:Oxa,joint,14,"[1177, 1180, 1198, 1178, 1183, 1186, 1187, 1189, 1190, 1192, 1193, 1195, 1196, 1199]"
O06:Coculture:F11:Oxa,joint,15,"[1177, 1180, 1198, 1178, 1181, 1183, 1186, 1187, 1189, 1190, 1192, 1193, 1195, 1196, 1199]"
O06:Coculture:F11:Oxa,joint,16,"[1177, 1180, 1198, 1178, 1181, 1183, 1184, 1186, 1187, 1189, 1190, 1192, 1193, 1195, 1196, 1199]"
O06:Coculture:F11:Oxa,diagonal,3,"[1177, 1180, 1198]"
O06:Coculture:F11:Oxa,diagonal,4,"[1177, 1180, 1198, 1189]"
O06:Coculture:F11:Oxa,diagonal,5,"[1177, 1180, 1198, 1186, 1192]"
O06:Coculture:F11:Oxa,diagonal,6,"[1177, 1180, 1198, 1186, 1189, 1195]"
O06:Coculture:F11:Oxa,diagonal,7,"[1177, 1180, 1198, 1186, 1189, 1192, 1195]"
O06:Coculture:F11:Oxa,diagonal,8,"[1177, 1180, 1198, 1186, 1187, 1192, 1193, 1199]"
O06:Coculture:F11:Oxa,diagonal,9,"[1177, 1180, 1198, 1186, 1187, 1189, 1192, 1195, 1199]"
O06:Coculture:F11:Oxa,diagonal,10,"[1177, 1180, 1198, 1186, 1187, 1189, 1192, 1193, 1195, 1199]"
O06:Coculture:F11:Oxa,diagonal,11,"[1177, 1180, 1198, 1183, 1186, 1187, 1189, 1192, 1193, 1195, 1199]"
O06:Coculture:F11:Oxa,diagonal,12,"[1177, 1180, 1198, 1183, 1186, 1187, 1189, 1192, 1193, 1195, 1196, 1199]"
O06:Coculture:F11:Oxa,diagonal,13,"[1177, 1180, 1198, 1183, 1186, 1187, 1189, 1190, 1192, 1193, 1195, 1196, 1199]"
O06:Coculture:F11:Oxa,diagonal,14,"[1177, 1180, 1198, 1183, 1184, 1186, 1187, 1189, 1190, 1192, 1193, 1195, 1196, 1199]"
O06:Coculture:F11:Oxa,diagonal,15,"[1177, 1180, 1198, 1181, 1183, 1184, 1186, 1187, 1189, 1190, 1192, 1193, 1195, 1196, 1199]"
O06:Coculture:F11:Oxa,diagonal,16,"[1177, 1180, 1198, 1178, 1181, 1183, 1184, 1186, 1187, 1189, 1190, 1192, 1193, 1195, 1196, 1199]"
O06:Coculture:F14:Gef,joint,3,"[1321, 1324, 1342]"
O06:Coculture:F14:Gef,joint,4,"[1321, 1324, 1342, 1333]"
O06:Coculture:F14:Gef,joint,5,"[1321, 1324, 1342, 1330, 1336]"
O06:Coculture:F14:Gef,joint,6,"[1321, 1324, 1342, 1322, 1330, 1336]"
O06:Coculture:F14:Gef,joint,7,"[1321, 1324, 1342, 1322, 1330, 1333, 1339]"
O06:Coculture:F14:Gef,joint,8,"[1321, 1324, 1342, 1322, 1330, 1333, 1336, 1339]"
O06:Coculture:F14:Gef,joint,9,"[1321, 1324, 1342, 1322, 1330, 1331, 1333, 1336, 1339]"
O06:Coculture:F14:Gef,joint,10,"[1321, 1324, 1342, 1322, 1330, 1331, 1333, 1336, 1339, 1343]"
O06:Coculture:F14:Gef,joint,11,"[1321, 1324, 1342, 1322, 1330, 1331, 1333, 1336, 1337, 1339, 1343]"
O06:Coculture:F14:Gef,joint,12,"[1321, 1324, 1342, 1322, 1327, 1330, 1331, 1333, 1336, 1337, 1339, 1343]"
O06:Coculture:F14:Gef,joint,13,"[1321, 1324, 1342, 1322, 1325, 1327, 1330, 1331, 1333, 1336, 1337, 1339, 1343]"
O06:Coculture:F14:Gef,joint,14,"[1321, 1324, 1342, 1322, 1325, 1327, 1330, 1331, 1333, 1334, 1336, 1339, 1340, 1343]"
O06:Coculture:F14:Gef,joint,15,"[1321, 1324, 1342, 1322, 1325, 1327, 1330, 1331, 1333, 1334, 1336, 1337, 1339, 1340, 1343]"
O06:Coculture:F14:Gef,joint,16,"[1321, 1324, 1342, 1322, 1325, 1327, 1328, 1330, 1331, 1333, 1334, 1336, 1337, 1339, 1340, 1343]"
O06:Coculture:F14:Gef,diagonal,3,"[1321, 1324, 1342]"
O06:Coculture:F14:Gef,diagonal,4,"[1321, 1324, 1342, 1333]"
O06:Coculture:F14:Gef,diagonal,5,"[1321, 1324, 1342, 1330, 1336]"
O06:Coculture:F14:Gef,diagonal,6,"[1321, 1324, 1342, 1330, 1333, 1339]"
O06:Coculture:F14:Gef,diagonal,7,"[1321, 1324, 1342, 1330, 1333, 1336, 1339]"
O06:Coculture:F14:Gef,diagonal,8,"[1321, 1324, 1342, 1330, 1331, 1336, 1337, 1343]"
O06:Coculture:F14:Gef,diagonal,9,"[1321, 1324, 1342, 1330, 1331, 1333, 1336, 1339, 1343]"
O06:Coculture:F14:Gef,diagonal,10,"[1321, 1324, 1342, 1330, 1331, 1333, 1336, 1337, 1339, 1343]"
O06:Coculture:F14:Gef,diagonal,11,"[1321, 1324, 1342, 1327, 1330, 1331, 1333, 1336, 1337, 1339, 1343]"
O06:Coculture:F14:Gef,diagonal,12,"[1321, 1324, 1342, 1327, 1330, 1331, 1333, 1334, 1336, 1339, 1340, 1343]"
O06:Coculture:F14:Gef,diagonal,13,"[1321, 1324, 1342, 1327, 1330, 1331, 1333, 1334, 1336, 1337, 1339, 1340, 1343]"
O06:Coculture:F14:Gef,diagonal,14,"[1321, 1324, 1342, 1327, 1328, 1330, 1331, 1333, 1334, 1336, 1337, 1339, 1340, 1343]"
O06:Coculture:F14:Gef,diagonal,15,"[1321, 1324, 1342, 1325, 1327, 1328, 1330, 1331, 1333, 1334, 1336, 1337, 1339, 1340, 1343]"
O06:Coculture:F14:Gef,diagonal,16,"[1321, 1324, 1342, 1322, 1325, 1327, 1328, 1330, 1331, 1333, 1334, 1336, 1337, 1339, 1340, 1343]"
O06:Coculture:F17:Gef,joint,3,"[1417, 1420, 1438]"
O06:Coculture:F17:Gef,joint,4,"[1417, 1420, 1438, 1429]"
O06:Coculture:F17:Gef,joint,5,"[1417, 1420, 1438, 1426, 1432]"
O06:Coculture:F17:Gef,joint,6,"[1417, 1420, 1438, 1418, 1426, 1432]"
O06:Coculture:F17:Gef,joint,7,"[1417, 1420, 1438, 1418, 1426, 1429, 1435]"
O06:Coculture:F17:Gef,joint,8,"[1417, 1420, 1438, 1418, 1426, 1429, 1432, 1435]"
O06:Coculture:F17:Gef,joint,9,"[1417, 1420, 1438, 1418, 1426, 1427, 1429, 1432, 1435]"
O06:Coculture:F17:Gef,joint,10,"[1417, 1420, 1438, 1418, 1426, 1427, 1429, 1432, 1435, 1439]"
O06:Coculture:F17:Gef,joint,11,"[1417, 1420, 1438, 1418, 1426, 1427, 1429, 1432, 1433, 1435, 1439]"
O06:Coculture:F17:Gef,joint,12,"[1417, 1420, 1438, 1418, 1423, 1426, 1427, 1429, 1432, 1433, 1435, 1439]"
O06:Coculture:F17:Gef,joint,13,"[1417, 1420, 1438, 1418, 1421, 1423, 1426, 1427, 1429, 1432, 1433, 1435, 1439]"
O06:Coculture:F17:Gef,joint,14,"[1417, 1420, 1438, 1418, 1421, 1423, 1426, 1427, 1429, 1430, 1432, 1435, 1436, 1439]"
O06:Coculture:F17:Gef,joint,15,"[1417, 1420, 1438, 1418, 1421, 1423, 1426, 1427, 1429, 1430, 1432, 1433, 1435, 1436, 1439]"
O06:Coculture:F17:Gef,joint,16,"[1417, 1420, 1438, 1418, 1421, 1423, 1424, 1426, 1427, 1429, 1430, 1432, 1433, 1435, 1436, 1439]"
O06:Coculture:F17:Gef,diagonal,3,"[1417, 1420, 1438]"
O06:Coculture:F17:Gef,diagonal,4,"[1417, 1420, 1438, 1429]"
O06:Coculture:F17:Gef,diagonal,5,"[1417, 1420, 1438, 1426, 1432]"
O06:Coculture:F17:Gef,diagonal,6,"[1417, 1420, 1438, 1426, 1429, 1435]"
O06:Coculture:F17:Gef,diagonal,7,"[1417, 1420, 1438, 1426, 1429, 1432, 1435]"
O06:Coculture:F17:Gef,diagonal,8,"[1417, 1420, 1438, 1426, 1427, 1432, 1433, 1439]"
O06:Coculture:F17:Gef,diagonal,9,"[1417, 1420, 1438, 1426, 1427, 1429, 1432, 1435, 1439]"
O06:Coculture:F17:Gef,diagonal,10,"[1417, 1420, 1438, 1426, 1427, 1429, 1432, 1433, 1435, 1439]"
O06:Coculture:F17:Gef,diagonal,11,"[1417, 1420, 1438, 1423, 1426, 1427, 1429, 1432, 1433, 1435, 1439]"
O06:Coculture:F17:Gef,diagonal,12,"[1417, 1420, 1438, 1423, 1426, 1427, 1429, 1430, 1432, 1435, 1436, 1439]"
O06:Coculture:F17:Gef,diagonal,13,"[1417, 1420, 1438, 1423, 1426, 1427, 1429, 1430, 1432, 1433, 1435, 1436, 1439]"
O06:Coculture:F17:Gef,diagonal,14,"[1417, 1420, 1438, 1423, 1424, 1426, 1427, 1429, 1430, 1432, 1433, 1435, 1436, 1439]"
O06:Coculture:F17:Gef,diagonal,15,"[1417, 1420, 1438, 1421, 1423, 1424, 1426, 1427, 1429, 1430, 1432, 1433, 1435, 1436, 1439]"
O06:Coculture:F17:Gef,diagonal,16,"[1417, 1420, 1438, 1418, 1421, 1423, 1424, 1426, 1427, 1429, 1430, 1432, 1433, 1435, 1436, 1439]"
O06:Coculture:F17:Oxa,joint,3,"[1369, 1372, 1390]"
O06:Coculture:F17:Oxa,joint,4,"[1369, 1372, 1390, 1381]"
O06:Coculture:F17:Oxa,joint,5,"[1369, 1372, 1390, 1378, 1384]"
O06:Coculture:F17:Oxa,joint,6,"[1369, 1372, 1390, 1370, 1378, 1384]"
O06:Coculture:F17:Oxa,joint,7,"[1369, 1372, 1390, 1370, 1378, 1381, 1387]"
O06:Coculture:F17:Oxa,joint,8,"[1369, 1372, 1390, 1370, 1378, 1381, 1384, 1387]"
O06:Coculture:F17:Oxa,joint,9,"[1369, 1372, 1390, 1370, 1378, 1379, 1381, 1384, 1387]"
O06:Coculture:F17:Oxa,joint,10,"[1369, 1372, 1390, 1370, 1378, 1379, 1381, 1384, 1387, 1391]"
O06:Coculture:F17:Oxa,joint,11,"[1369, 1372, 1390, 1370, 1378, 1379, 1381, 1384, 1385, 1387, 1391]"
O06:Coculture:F17:Oxa,joint,12,"[1369, 1372, 1390, 1370, 1375, 1378, 1379, 1381, 1384, 1385, 1387, 1391]"
O06:Coculture:F17:Oxa,joint,13,"[1369, 1372, 1390, 1370, 1375, 1378, 1379, 1381, 1382, 1384, 1387, 1388, 1391]"
O06:Coculture:F17:Oxa,joint,14,"[1369, 1372, 1390, 1370, 1375, 1378, 1379, 1381, 1382, 1384, 1385, 1387, 1388, 1391]"
O06:Coculture:F17:Oxa,joint,15,"[1369, 1372, 1390, 1370, 1373, 1375, 1378, 1379, 1381, 1382, 1384, 1385, 1387, 1388, 1391]"
O06:Coculture:F17:Oxa,joint,16,"[1369, 1372, 1390, 1370, 1373, 1375, 1376, 1378, 1379, 1381, 1382, 1384, 1385, 1387, 1388, 1391]"
O06:Coculture:F17:Oxa,diagonal,3,"[1369, 1372, 1390]"
O06:Coculture:F17:Oxa,diagonal,4,"[1369, 1372, 1390, 1381]"
O06:Coculture:F17:Oxa,diagonal,5,"[1369, 1372, 1390, 1378, 1384]"
O06:Coculture:F17:Oxa,diagonal,6,"[1369, 1372, 1390, 1378, 1381, 1387]"
O06:Coculture:F17:Oxa,diagonal,7,"[1369, 1372, 1390, 1378, 1381, 1384, 1387]"
O06:Coculture:F17:Oxa,diagonal,8,"[1369, 1372, 1390, 1378, 1379, 1384, 1385, 1391]"
O06:Coculture:F17:Oxa,diagonal,9,"[1369, 1372, 1390, 1378, 1379, 1381, 1384, 1387, 1391]"
O06:Coculture:F17:Oxa,diagonal,10,"[1369, 1372, 1390, 1378, 1379, 1381, 1384, 1385, 1387, 1391]"
O06:Coculture:F17:Oxa,diagonal,11,"[1369, 1372, 1390, 1375, 1378, 1379, 1381, 1384, 1385, 1387, 1391]"
O06:Coculture:F17:Oxa,diagonal,12,"[1369, 1372, 1390, 1375, 1378, 1379, 1381, 1384, 1385, 1387, 1388, 1391]"
O06:Coculture:F17:Oxa,diagonal,13,"[1369, 1372, 1390, 1375, 1378, 1379, 1381, 1382, 1384, 1385, 1387, 1388, 1391]"
O06:Coculture:F17:Oxa,diagonal,14,"[1369, 1372, 1390, 1375, 1376, 1378, 1379, 1381, 1382, 1384, 1385, 1387, 1388, 1391]"
O06:Coculture:F17:Oxa,diagonal,15,"[1369, 1372, 1390, 1373, 1375, 1376, 1378, 1379, 1381, 1382, 1384, 1385, 1387, 1388, 1391]"
O06:Coculture:F17:Oxa,diagonal,16,"[1369, 1372, 1390, 1370, 1373, 1375, 1376, 1378, 1379, 1381, 1382, 1384, 1385, 1387, 1388, 1391]"
O06:Coculture:F17:SN-38,joint,3,"[1393, 1396, 1414]"
O06:Coculture:F17:SN-38,joint,4,"[1393, 1396, 1414, 1405]"
O06:Coculture:F17:SN-38,joint,5,"[1393, 1396, 1414, 1394, 1405]"
O06:Coculture:F17:SN-38,joint,6,"[1393, 1396, 1414, 1394, 1402, 1408]"
O06:Coculture:F17:SN-38,joint,7,"[1393, 1396, 1414, 1394, 1402, 1405, 1411]"
O06:Coculture:F17:SN-38,joint,8,"[1393, 1396, 1414, 1394, 1402, 1403, 1408, 1411]"
O06:Coculture:F17:SN-38,joint,9,"[1393, 1396, 1414, 1394, 1402, 1403, 1408, 1409, 1415]"
O06:Coculture:F17:SN-38,joint,10,"[1393, 1396, 1414, 1394, 1402, 1403, 1405, 1408, 1411, 1415]"
O06:Coculture:F17:SN-38,joint,11,"[1393, 1396, 1414, 1394, 1399, 1402, 1405, 1406, 1408, 1411, 1415]"
O06:Coculture:F17:SN-38,joint,12,"[1393, 1396, 1414, 1394, 1399, 1402, 1403, 1405, 1408, 1409, 1411, 1415]"
O06:Coculture:F17:SN-38,joint,13,"[1393, 1396, 1414, 1394, 1399, 1402, 1403, 1405, 1408, 1409, 1411, 1412, 1415]"
O06:Coculture:F17:SN-38,joint,14,"[1393, 1396, 1414, 1394, 1399, 1402, 1403, 1405, 1406, 1408, 1409, 1411, 1412, 1415]"
O06:Coculture:F17:SN-38,joint,15,"[1393, 1396, 1414, 1394, 1399, 1400, 1402, 1403, 1405, 1406, 1408, 1409, 1411, 1412, 1415]"
O06:Coculture:F17:SN-38,joint,16,"[1393, 1396, 1414, 1394, 1397, 1399, 1400, 1402, 1403, 1405, 1406, 1408, 1409, 1411, 1412, 1415]"
O06:Coculture:F17:SN-38,diagonal,3,"[1393, 1396, 1414]"
O06:Coculture:F17:SN-38,diagonal,4,"[1393, 1396, 1414, 1405]"
O06:Coculture:F17:SN-38,diagonal,5,"[1393, 1396, 1414, 1402, 1408]"
O06:Coculture:F17:SN-38,diagonal,6,"[1393, 1396, 1414, 1402, 1405, 1411]"
O06:Coculture:F17:SN-38,diagonal,7,"[1393, 1396, 1414, 1402, 1403, 1408, 1411]"
O06:Coculture:F17:SN-38,diagonal,8,"[1393, 1396, 1414, 1402, 1403, 1408, 1409, 1415]"
O06:Coculture:F17:SN-38,diagonal,9,"[1393, 1396, 1414, 1399, 1402, 1405, 1408, 1411, 1415]"
O06:Coculture:F17:SN-38,diagonal,10,"[1393, 1396, 1414, 1399, 1402, 1403, 1408, 1409, 1411, 1415]"
O06:Coculture:F17:SN-38,diagonal,11,"[1393, 1396, 1414, 1399, 1402, 1403, 1405, 1408, 1409, 1411, 1415]"
O06:Coculture:F17:SN-38,diagonal,12,"[1393, 1396, 1414, 1399, 1400, 1402, 1405, 1406, 1408, 1411, 1412, 1415]"
O06:Coculture:F17:SN-38,diagonal,13,"[1393, 1396, 1414, 1399, 1400, 1402, 1403, 1405, 1408, 1409, 1411, 1412, 1415]"
O06:Coculture:F17:SN-38,diagonal,14,"[1393, 1396, 1414, 1399, 1400, 1402, 1403, 1405, 1406, 1408, 1409, 1411, 1412, 1415]"
O06:Coculture:F17:SN-38,diagonal,15,"[1393, 1396, 1414, 1397, 1399, 1400, 1402, 1403, 1405, 1406, 1408, 1409, 1411, 1412, 1415]"
O06:Coculture:F17:SN-38,diagonal,16,"[1393, 1396, 1414, 1394, 1397, 1399, 1400, 1402, 1403, 1405, 1406, 1408, 1409, 1411, 1412, 1415]"
O06:Monoculture::5-FU,joint,3,"[961, 964, 982]"
O06:Monoculture::5-FU,joint,4,"[961, 964, 982, 973]"
O06:Monoculture::5-FU,joint,5,"[961, 964, 982, 970, 976]"
O06:Monoculture::5-FU,joint,6,"[961, 964, 982, 962, 970, 976]"
O06:Monoculture::5-FU,joint,7,"[961, 964, 982, 962, 970, 973, 979]"
O06:Monoculture::5-FU,joint,8,"[961, 964, 982, 962, 970, 973, 976, 979]"
O06:Monoculture::5-FU,joint,9,"[961, 964, 982, 962, 970, 971, 973, 976, 979]"
O06:Monoculture::5-FU,joint,10,"[961, 964, 982, 962, 970, 971, 973, 976, 979, 983]"
O06:Monoculture::5-FU,joint,11,"[961, 964, 982, 962, 970, 971, 973, 976, 977, 979, 983]"
O06:Monoculture::5-FU,joint,12,"[961, 964, 982, 962, 967, 970, 971, 973, 976, 977, 979, 983]"
O06:Monoculture::5-FU,joint,13,"[961, 964, 982, 962, 967, 970, 971, 973, 974, 976, 979, 980, 983]"
O06:Monoculture::5-FU,joint,14,"[961, 964, 982, 962, 967, 970, 971, 973, 974, 976, 977, 979, 980, 983]"
O06:Monoculture::5-FU,joint,15,"[961, 964, 982, 962, 965, 967, 970, 971, 973, 974, 976, 977, 979, 980, 983]"
O06:Monoculture::5-FU,joint,16,"[961, 964, 982, 962, 965, 967, 968, 970, 971, 973, 974, 976, 977, 979, 980, 983]"
O06:Monoculture::5-FU,diagonal,3,"[961, 964, 982]"
O06:Monoculture::5-FU,diagonal,4,"[961, 964, 982, 973]"
O06:Monoculture::5-FU,diagonal,5,"[961, 964, 982, 970, 976]"
O06:Monoculture::5-FU,diagonal,6,"[961, 964, 982, 970, 973, 979]"
O06:Monoculture::5-FU,diagonal,7,"[961, 964, 982, 970, 973, 976, 979]"
O06:Monoculture::5-FU,diagonal,8,"[961, 964, 982, 970, 971, 976, 977, 983]"
O06:Monoculture::5-FU,diagonal,9,"[961, 964, 982, 970, 971, 973, 976, 979, 983]"
O06:Monoculture::5-FU,diagonal,10,"[961, 964, 982, 970, 971, 973, 976, 977, 979, 983]"
O06:Monoculture::5-FU,diagonal,11,"[961, 964, 982, 967, 970, 971, 973, 976, 977, 979, 983]"
O06:Monoculture::5-FU,diagonal,12,"[961, 964, 982, 967, 970, 971, 973, 976, 977, 979, 980, 983]"
O06:Monoculture::5-FU,diagonal,13,"[961, 964, 982, 967, 970, 971, 973, 974, 976, 977, 979, 980, 983]"
O06:Monoculture::5-FU,diagonal,14,"[961, 964, 982, 967, 968, 970, 971, 973, 974, 976, 977, 979, 980, 983]"
O06:Monoculture::5-FU,diagonal,15,"[961, 964, 982, 965, 967, 968, 970, 971, 973, 974, 976, 977, 979, 980, 983]"
O06:Monoculture::5-FU,diagonal,16,"[961, 964, 982, 962, 965, 967, 968, 970, 971, 973, 974, 976, 977, 979, 980, 983]"
O06:Monoculture::Oxa,joint,3,"[985, 988, 1006]"
O06:Monoculture::Oxa,joint,4,"[985, 988, 1006, 997]"
O06:Monoculture::Oxa,joint,5,"[985, 988, 1006, 994, 1000]"
O06:Monoculture::Oxa,joint,6,"[985, 988, 1006, 986, 994, 1000]"
O06:Monoculture::Oxa,joint,7,"[985, 988, 1006, 986, 994, 997, 1003]"
O06:Monoculture::Oxa,joint,8,"[985, 988, 1006, 986, 994, 997, 1000, 1003]"
O06:Monoculture::Oxa,joint,9,"[985, 988, 1006, 986, 994, 995, 997, 1000, 1003]"
O06:Monoculture::Oxa,joint,10,"[985, 988, 1006, 986, 994, 995, 997, 1000, 1003, 1007]"
O06:Monoculture::Oxa,joint,11,"[985, 988, 1006, 986, 994, 995, 997, 1000, 1001, 1003, 1007]"
O06:Monoculture::Oxa,joint,12,"[985, 988, 1006, 986, 991, 994, 995, 997, 1000, 1001, 1003, 1007]"
O06:Monoculture::Oxa,joint,13,"[985, 988, 1006, 986, 991, 994, 995, 997, 998, 1000, 1003, 1004, 1007]"
O06:Monoculture::Oxa,joint,14,"[985, 988, 1006, 986, 991, 994, 995, 997, 998, 1000, 1001, 1003, 1004, 1007]"
O06:Monoculture::Oxa,joint,15,"[985, 988, 1006, 986, 989, 991, 994, 995, 997, 998, 1000, 1001, 1003, 1004, 1007]"
O06:Monoculture::Oxa,joint,16,"[985, 988, 1006, 986, 989, 991, 992, 994, 995, 997, 998, 1000, 1001, 1003, 1004, 1007]"
O06:Monoculture::Oxa,diagonal,3,"[985, 988, 1006]"
O06:Monoculture::Oxa,diagonal,4,"[985, 988, 1006, 997]"
O06:Monoculture::Oxa,diagonal,5,"[985, 988, 1006, 994, 1000]"
O06:Monoculture::Oxa,diagonal,6,"[985, 988, 1006, 994, 997, 1003]"
O06:Monoculture::Oxa,diagonal,7,"[985, 988, 1006, 994, 997, 1000, 1003]"
O06:Monoculture::Oxa,diagonal,8,"[985, 988, 1006, 994, 995, 1000, 1001, 1007]"
O06:Monoculture::Oxa,diagonal,9,"[985, 988, 1006, 994, 995, 997, 1000, 1003, 1007]"
O06:Monoculture::Oxa,diagonal,10,"[985, 988, 1006, 994, 995, 997, 1000, 1001, 1003, 1007]"
O06:Monoculture::Oxa,diagonal,11,"[985, 988, 1006, 991, 994, 995, 997, 1000, 1001, 1003, 1007]"
O06:Monoculture::Oxa,diagonal,12,"[985, 988, 1006, 991, 994, 995, 997, 1000, 1001, 1003, 1004, 1007]"
O06:Monoculture::Oxa,diagonal,13,"[985, 988, 1006, 991, 994, 995, 997, 998, 1000, 1001, 1003, 1004, 1007]"
O06:Monoculture::Oxa,diagonal,14,"[985, 988, 1006, 991, 992, 994, 995, 997, 998, 1000, 1001, 1003, 1004, 1007]"
O06:Monoculture::Oxa,diagonal,15,"[985, 988, 1006, 989, 991, 992, 994, 995, 997, 998, 1000, 1001, 1003, 1004, 1007]"
O06:Monoculture::Oxa,diagonal,16,"[985, 988, 1006, 986, 989, 991, 992, 994, 995, 997, 998, 1000, 1001, 1003, 1004, 1007]"
O07:Coculture:F07:5-FU,joint,3,"[1537, 1540, 1558]"
O07:Coculture:F07:5-FU,joint,4,"[1537, 1540, 1558, 1549]"
O07:Coculture:F07:5-FU,joint,5,"[1537, 1540, 1558, 1546, 1552]"
O07:Coculture:F07:5-FU,joint,6,"[1537, 1540, 1558, 1538, 1546, 1552]"
O07:Coculture:F07:5-FU,joint,7,"[1537, 1540, 1558, 1538, 1546, 1549, 1555]"
O07:Coculture:F07:5-FU,joint,8,"[1537, 1540, 1558, 1538, 1546, 1549, 1552, 1555]"
O07:Coculture:F07:5-FU,joint,9,"[1537, 1540, 1558, 1538, 1546, 1547, 1549, 1552, 1555]"
O07:Coculture:F07:5-FU,joint,10,"[1537, 1540, 1558, 1538, 1546, 1547, 1549, 1552, 1555, 1559]"
O07:Coculture:F07:5-FU,joint,11,"[1537, 1540, 1558, 1538, 1546, 1547, 1549, 1552, 1553, 1555, 1559]"
O07:Coculture:F07:5-FU,joint,12,"[1537, 1540, 1558, 1538, 1543, 1546, 1547, 1549, 1552, 1553, 1555, 1559]"
O07:Coculture:F07:5-FU,joint,13,"[1537, 1540, 1558, 1538, 1543, 1546, 1547, 1549, 1550, 1552, 1555, 1556, 1559]"
O07:Coculture:F07:5-FU,joint,14,"[1537, 1540, 1558, 1538, 1543, 1546, 1547, 1549, 1550, 1552, 1553, 1555, 1556, 1559]"
O07:Coculture:F07:5-FU,joint,15,"[1537, 1540, 1558, 1538, 1541, 1543, 1546, 1547, 1549, 1550, 1552, 1553, 1555, 1556, 1559]"
O07:Coculture:F07:5-FU,joint,16,"[1537, 1540, 1558, 1538, 1541, 1543, 1544, 1546, 1547, 1549, 1550, 1552, 1553, 1555, 1556, 1559]"
O07:Coculture:F07:5-FU,diagonal,3,"[1537, 1540, 1558]"
O07:Coculture:F07:5-FU,diagonal,4,"[1537, 1540, 1558, 1549]"
O07:Coculture:F07:5-FU,diagonal,5,"[1537, 1540, 1558, 1546, 1552]"
O07:Coculture:F07:5-FU,diagonal,6,"[1537, 1540, 1558, 1546, 1549, 1555]"
O07:Coculture:F07:5-FU,diagonal,7,"[1537, 1540, 1558, 1546, 1549, 1552, 1555]"
O07:Coculture:F07:5-FU,diagonal,8,"[1537, 1540, 1558, 1546, 1547, 1552, 1553, 1559]"
O07:Coculture:F07:5-FU,diagonal,9,"[1537, 1540, 1558, 1546, 1547, 1549, 1552, 1555, 1559]"
O07:Coculture:F07:5-FU,diagonal,10,"[1537, 1540, 1558, 1546, 1547, 1549, 1552, 1553, 1555, 1559]"
O07:Coculture:F07:5-FU,diagonal,11,"[1537, 1540, 1558, 1543, 1546, 1547, 1549, 1552, 1553, 1555, 1559]"
O07:Coculture:F07:5-FU,diagonal,12,"[1537, 1540, 1558, 1543, 1546, 1547, 1549, 1552, 1553, 1555, 1556, 1559]"
O07:Coculture:F07:5-FU,diagonal,13,"[1537, 1540, 1558, 1543, 1546, 1547, 1549, 1550, 1552, 1553, 1555, 1556, 1559]"
O07:Coculture:F07:5-FU,diagonal,14,"[1537, 1540, 1558, 1543, 1544, 1546, 1547, 1549, 1550, 1552, 1553, 1555, 1556, 1559]"
O07:Coculture:F07:5-FU,diagonal,15,"[1537, 1540, 1558, 1541, 1543, 1544, 1546, 1547, 1549, 1550, 1552, 1553, 1555, 1556, 1559]"
O07:Coculture:F07:5-FU,diagonal,16,"[1537, 1540, 1558, 1538, 1541, 1543, 1544, 1546, 1547, 1549, 1550, 1552, 1553, 1555, 1556, 1559]"
O07:Coculture:F07:Oxa,joint,3,"[1561, 1564, 1582]"
O07:Coculture:F07:Oxa,joint,4,"[1561, 1564, 1582, 1573]"
O07:Coculture:F07:Oxa,joint,5,"[1561, 1564, 1582, 1570, 1576]"
O07:Coculture:F07:Oxa,joint,6,"[1561, 1564, 1582, 1562, 1570, 1576]"
O07:Coculture:F07:Oxa,joint,7,"[1561, 1564, 1582, 1562, 1570, 1573, 1579]"
O07:Coculture:F07:Oxa,joint,8,"[1561, 1564, 1582, 1562, 1570, 1573, 1576, 1579]"
O07:Coculture:F07:Oxa,joint,9,"[1561, 1564, 1582, 1562, 1570, 1571, 1573, 1576, 1579]"
O07:Coculture:F07:Oxa,joint,10,"[1561, 1564, 1582, 1562, 1570, 1571, 1573, 1576, 1579, 1583]"
O07:Coculture:F07:Oxa,joint,11,"[1561, 1564, 1582, 1562, 1570, 1571, 1573, 1576, 1577, 1579, 1583]"
O07:Coculture:F07:Oxa,joint,12,"[1561, 1564, 1582, 1562, 1567, 1570, 1571, 1573, 1576, 1577, 1579, 1583]"
O07:Coculture:F07:Oxa,joint,13,"[1561, 1564, 1582, 1562, 1567, 1570, 1571, 1573, 1574, 1576, 1579, 1580, 1583]"
O07:Coculture:F07:Oxa,joint,14,"[1561, 1564, 1582, 1562, 1567, 1570, 1571, 1573, 1574, 1576, 1577, 1579, 1580, 1583]"
O07:Coculture:F07:Oxa,joint,15,"[1561, 1564, 1582, 1562, 1565, 1567, 1570, 1571, 1573, 1574, 1576, 1577, 1579, 1580, 1583]"
O07:Coculture:F07:Oxa,joint,16,"[1561, 1564, 1582, 1562, 1565, 1567, 1568, 1570, 1571, 1573, 1574, 1576, 1577, 1579, 1580, 1583]"
O07:Coculture:F07:Oxa,diagonal,3,"[1561, 1564, 1582]"
O07:Coculture:F07:Oxa,diagonal,4,"[1561, 1564, 1582, 1573]"
O07:Coculture:F07:Oxa,diagonal,5,"[1561, 1564, 1582, 1570, 1576]"
O07:Coculture:F07:Oxa,diagonal,6,"[1561, 1564, 1582, 1570, 1573, 1579]"
O07:Coculture:F07:Oxa,diagonal,7,"[1561, 1564, 1582, 1570, 1573, 1576, 1579]"
O07:Coculture:F07:Oxa,diagonal,8,"[1561, 1564, 1582, 1570, 1571, 1576, 1577, 1583]"
O07:Coculture:F07:Oxa,diagonal,9,"[1561, 1564, 1582, 1570, 1571, 1573, 1576, 1579, 1583]"
O07:Coculture:F07:Oxa,diagonal,10,"[1561, 1564, 1582, 1570, 1571, 1573, 1576, 1577, 1579, 1583]"
O07:Coculture:F07:Oxa,diagonal,11,"[1561, 1564, 1582, 1567, 1570, 1571, 1573, 1576, 1577, 1579, 1583]"
O07:Coculture:F07:Oxa,diagonal,12,"[1561, 1564, 1582, 1567, 1570, 1571, 1573, 1576, 1577, 1579, 1580, 1583]"
O07:Coculture:F07:Oxa,diagonal,13,"[1561, 1564, 1582, 1567, 1570, 1571, 1573, 1574, 1576, 1577, 1579, 1580, 1583]"
O07:Coculture:F07:Oxa,diagonal,14,"[1561, 1564, 1582, 1567, 1568, 1570, 1571, 1573, 1574, 1576, 1577, 1579, 1580, 1583]"
O07:Coculture:F07:Oxa,diagonal,15,"[1561, 1564, 1582, 1565, 1567, 1568, 1570, 1571, 1573, 1574, 1576, 1577, 1579, 1580, 1583]"
O07:Coculture:F07:Oxa,diagonal,16,"[1561, 1564, 1582, 1562, 1565, 1567, 1568, 1570, 1571, 1573, 1574, 1576, 1577, 1579, 1580, 1583]"
O07:Coculture:F07:SN-38,joint,3,"[1585, 1588, 1606]"
O07:Coculture:F07:SN-38,joint,4,"[1585, 1588, 1606, 1597]"
O07:Coculture:F07:SN-38,joint,5,"[1585, 1588, 1606, 1586, 1597]"
O07:Coculture:F07:SN-38,joint,6,"[1585, 1588, 1606, 1586, 1594, 1600]"
O07:Coculture:F07:SN-38,joint,7,"[1585, 1588, 1606, 1586, 1594, 1597, 1603]"
O07:Coculture:F07:SN-38,joint,8,"[1585, 1588, 1606, 1586, 1594, 1595, 1600, 1603]"
O07:Coculture:F07:SN-38,joint,9,"[1585, 1588, 1606, 1586, 1594, 1595, 1600, 1601, 1607]"
O07:Coculture:F07:SN-38,joint,10,"[1585, 1588, 1606, 1586, 1594, 1595, 1597, 1600, 1603, 1607]"
O07:Coculture:F07:SN-38,joint,11,"[1585, 1588, 1606, 1586, 1591, 1594, 1597, 1598, 1600, 1603, 1607]"
O07:Coculture:F07:SN-38,joint,12,"[1585, 1588, 1606, 1586, 1591, 1594, 1595, 1597, 1600, 1601, 1603, 1607]"
O07:Coculture:F07:SN-38,joint,13,"[1585, 1588, 1606, 1586, 1591, 1594, 1595, 1597, 1600, 1601, 1603, 1604, 1607]"
O07:Coculture:F07:SN-38,joint,14,"[1585, 1588, 1606, 1586, 1591, 1594, 1595, 1597, 1598, 1600, 1601, 1603, 1604, 1607]"
O07:Coculture:F07:SN-38,joint,15,"[1585, 1588, 1606, 1586, 1591, 1592, 1594, 1595, 1597, 1598, 1600, 1601, 1603, 1604, 1607]"
O07:Coculture:F07:SN-38,joint,16,"[1585, 1588, 1606, 1586, 1589, 1591, 1592, 1594, 1595, 1597, 1598, 1600, 1601, 1603, 1604, 1607]"
O07:Coculture:F07:SN-38,diagonal,3,"[1585, 1588, 1606]"
O07:Coculture:F07:SN-38,diagonal,4,"[1585, 1588, 1606, 1597]"
O07:Coculture:F07:SN-38,diagonal,5,"[1585, 1588, 1606, 1594, 1600]"
O07:Coculture:F07:SN-38,diagonal,6,"[1585, 1588, 1606, 1594, 1597, 1603]"
O07:Coculture:F07:SN-38,diagonal,7,"[1585, 1588, 1606, 1594, 1595, 1600, 1603]"
O07:Coculture:F07:SN-38,diagonal,8,"[1585, 1588, 1606, 1594, 1595, 1600, 1601, 1607]"
O07:Coculture:F07:SN-38,diagonal,9,"[1585, 1588, 1606, 1591, 1594, 1597, 1600, 1603, 1607]"
O07:Coculture:F07:SN-38,diagonal,10,"[1585, 1588, 1606, 1591, 1594, 1595, 1600, 1601, 1603, 1607]"
O07:Coculture:F07:SN-38,diagonal,11,"[1585, 1588, 1606, 1591, 1594, 1595, 1597, 1600, 1601, 1603, 1607]"
O07:Coculture:F07:SN-38,diagonal,12,"[1585, 1588, 1606, 1591, 1592, 1594, 1597, 1598, 1600, 1603, 1604, 1607]"
O07:Coculture:F07:SN-38,diagonal,13,"[1585, 1588, 1606, 1591, 1592, 1594, 1595, 1597, 1600, 1601, 1603, 1604, 1607]"
O07:Coculture:F07:SN-38,diagonal,14,"[1585, 1588, 1606, 1591, 1592, 1594, 1595, 1597, 1598, 1600, 1601, 1603, 1604, 1607]"
O07:Coculture:F07:SN-38,diagonal,15,"[1585, 1588, 1606, 1589, 1591, 1592, 1594, 1595, 1597, 1598, 1600, 1601, 1603, 1604, 1607]"
O07:Coculture:F07:SN-38,diagonal,16,"[1585, 1588, 1606, 1586, 1589, 1591, 1592, 1594, 1595, 1597, 1598, 1600, 1601, 1603, 1604, 1607]"
O07:Monoculture::5-FU,joint,3,"[1441, 1444, 1462]"
O07:Monoculture::5-FU,joint,4,"[1441, 1444, 1462, 1453]"
O07:Monoculture::5-FU,joint,5,"[1441, 1444, 1462, 1450, 1456]"
O07:Monoculture::5-FU,joint,6,"[1441, 1444, 1462, 1442, 1450, 1456]"
O07:Monoculture::5-FU,joint,7,"[1441, 1444, 1462, 1442, 1450, 1453, 1459]"
O07:Monoculture::5-FU,joint,8,"[1441, 1444, 1462, 1442, 1450, 1453, 1456, 1459]"
O07:Monoculture::5-FU,joint,9,"[1441, 1444, 1462, 1442, 1450, 1451, 1453, 1456, 1459]"
O07:Monoculture::5-FU,joint,10,"[1441, 1444, 1462, 1442, 1450, 1451, 1453, 1456, 1459, 1463]"
O07:Monoculture::5-FU,joint,11,"[1441, 1444, 1462, 1442, 1450, 1451, 1453, 1456, 1457, 1459, 1463]"
O07:Monoculture::5-FU,joint,12,"[1441, 1444, 1462, 1442, 1447, 1450, 1451, 1453, 1456, 1457, 1459, 1463]"
O07:Monoculture::5-FU,joint,13,"[1441, 1444, 1462, 1442, 1447, 1450, 1451, 1453, 1454, 1456, 1459, 1460, 1463]"
O07:Monoculture::5-FU,joint,14,"[1441, 1444, 1462, 1442, 1447, 1450, 1451, 1453, 1454, 1456, 1457, 1459, 1460, 1463]"
O07:Monoculture::5-FU,joint,15,"[1441, 1444, 1462, 1442, 1445, 1447, 1450, 1451, 1453, 1454, 1456, 1457, 1459, 1460, 1463]"
O07:Monoculture::5-FU,joint,16,"[1441, 1444, 1462, 1442, 1445, 1447, 1448, 1450, 1451, 1453, 1454, 1456, 1457, 1459, 1460, 1463]"
O07:Monoculture::5-FU,diagonal,3,"[1441, 1444, 1462]"
O07:Monoculture::5-FU,diagonal,4,"[1441, 1444, 1462, 1453]"
O07:Monoculture::5-FU,diagonal,5,"[1441, 1444, 1462, 1450, 1456]"
O07:Monoculture::5-FU,diagonal,6,"[1441, 1444, 1462, 1450, 1453, 1459]"
O07:Monoculture::5-FU,diagonal,7,"[1441, 1444, 1462, 1450, 1453, 1456, 1459]"
O07:Monoculture::5-FU,diagonal,8,"[1441, 1444, 1462, 1450, 1451, 1456, 1457, 1463]"
O07:Monoculture::5-FU,diagonal,9,"[1441, 1444, 1462, 1450, 1451, 1453, 1456, 1459, 1463]"
O07:Monoculture::5-FU,diagonal,10,"[1441, 1444, 1462, 1450, 1451, 1453, 1456, 1457, 1459, 1463]"
O07:Monoculture::5-FU,diagonal,11,"[1441, 1444, 1462, 1447, 1450, 1451, 1453, 1456, 1457, 1459, 1463]"
O07:Monoculture::5-FU,diagonal,12,"[1441, 1444, 1462, 1447, 1450, 1451, 1453, 1456, 1457, 1459, 1460, 1463]"
O07:Monoculture::5-FU,diagonal,13,"[1441, 1444, 1462, 1447, 1450, 1451, 1453, 1454, 1456, 1457, 1459, 1460, 1463]"
O07:Monoculture::5-FU,diagonal,14,"[1441, 1444, 1462, 1447, 1448, 1450, 1451, 1453, 1454, 1456, 1457, 1459, 1460, 1463]"
O07:Monoculture::5-FU,diagonal,15,"[1441, 1444, 1462, 1445, 1447, 1448, 1450, 1451, 1453, 1454, 1456, 1457, 1459, 1460, 1463]"
O07:Monoculture::5-FU,diagonal,16,"[1441, 1444, 1462, 1442, 1445, 1447, 1448, 1450, 1451, 1453, 1454, 1456, 1457, 1459, 1460, 1463]"
O07:Monoculture::Gef,joint,3,"[1513, 1516, 1534]"
O07:Monoculture::Gef,joint,4,"[1513, 1516, 1534, 1525]"
O07:Monoculture::Gef,joint,5,"[1513, 1516, 1534, 1522, 1528]"
O07:Monoculture::Gef,joint,6,"[1513, 1516, 1534, 1514, 1522, 1528]"
O07:Monoculture::Gef,joint,7,"[1513, 1516, 1534, 1514, 1522, 1525, 1531]"
O07:Monoculture::Gef,joint,8,"[1513, 1516, 1534, 1514, 1522, 1525, 1528, 1531]"
O07:Monoculture::Gef,joint,9,"[1513, 1516, 1534, 1514, 1522, 1523, 1525, 1528, 1531]"
O07:Monoculture::Gef,joint,10,"[1513, 1516, 1534, 1514, 1522, 1523, 1525, 1528, 1531, 1535]"
O07:Monoculture::Gef,joint,11,"[1513, 1516, 1534, 1514, 1522, 1523, 1525, 1528, 1529, 1531, 1535]"
O07:Monoculture::Gef,joint,12,"[1513, 1516, 1534, 1514, 1519, 1522, 1523, 1525, 1528, 1529, 1531, 1535]"
O07:Monoculture::Gef,joint,13,"[1513, 1516, 1534, 1514, 1517, 1519, 1522, 1523, 1525, 1528, 1529, 1531, 1535]"
O07:Monoculture::Gef,joint,14,"[1513, 1516, 1534, 1514, 1517, 1519, 1522, 1523, 1525, 1526, 1528, 1531, 1532, 1535]"
O07:Monoculture::Gef,joint,15,"[1513, 1516, 1534, 1514, 1517, 1519, 1522, 1523, 1525, 1526, 1528, 1529, 1531, 1532, 1535]"
O07:Monoculture::Gef,joint,16,"[1513, 1516, 1534, 1514, 1517, 1519, 1520, 1522, 1523, 1525, 1526, 1528, 1529, 1531, 1532, 1535]"
O07:Monoculture::Gef,diagonal,3,"[1513, 1516, 1534]"
O07:Monoculture::Gef,diagonal,4,"[1513, 1516, 1534, 1525]"
O07:Monoculture::Gef,diagonal,5,"[1513, 1516, 1534, 1522, 1528]"
O07:Monoculture::Gef,diagonal,6,"[1513, 1516, 1534, 1522, 1525, 1531]"
O07:Monoculture::Gef,diagonal,7,"[1513, 1516, 1534, 1522, 1525, 1528, 1531]"
O07:Monoculture::Gef,diagonal,8,"[1513, 1516, 1534, 1522, 1523, 1528, 1529, 1535]"
O07:Monoculture::Gef,diagonal,9,"[1513, 1516, 1534, 1522, 1523, 1525, 1528, 1531, 1535]"
O07:Monoculture::Gef,diagonal,10,"[1513, 1516, 1534, 1522, 1523, 1525, 1528, 1529, 1531, 1535]"
O07:Monoculture::Gef,diagonal,11,"[1513, 1516, 1534, 1519, 1522, 1523, 1525, 1528, 1529, 1531, 1535]"
O07:Monoculture::Gef,diagonal,12,"[1513, 1516, 1534, 1519, 1522, 1523, 1525, 1526, 1528, 1531, 1532, 1535]"
O07:Monoculture::Gef,diagonal,13,"[1513, 1516, 1534, 1519, 1522, 1523, 1525, 1526, 1528, 1529, 1531, 1532, 1535]"
O07:Monoculture::Gef,diagonal,14,"[1513, 1516, 1534, 1519, 1520, 1522, 1523, 1525, 1526, 1528, 1529, 1531, 1532, 1535]"
O07:Monoculture::Gef,diagonal,15,"[1513, 1516, 1534, 1517, 1519, 1520, 1522, 1523, 1525, 1526, 1528, 1529, 1531, 1532, 1535]"
O07:Monoculture::Gef,diagonal,16,"[1513, 1516, 1534, 1514, 1517, 1519, 1520, 1522, 1523, 1525, 1526, 1528, 1529, 1531, 1532, 1535]"
O07:Monoculture::Oxa,joint,3,"[1465, 1468, 1486]"
O07:Monoculture::Oxa,joint,4,"[1465, 1468, 1486, 1477]"
O07:Monoculture::Oxa,joint,5,"[1465, 1468, 1486, 1474, 1480]"
O07:Monoculture::Oxa,joint,6,"[1465, 1468, 1486, 1466, 1474, 1480]"
O07:Monoculture::Oxa,joint,7,"[1465, 1468, 1486, 1466, 1474, 1477, 1483]"
O07:Monoculture::Oxa,joint,8,"[1465, 1468, 1486, 1466, 1474, 1477, 1480, 1483]"
O07:Monoculture::Oxa,joint,9,"[1465, 1468, 1486, 1466, 1474, 1475, 1477, 1480, 1483]"
O07:Monoculture::Oxa,joint,10,"[1465, 1468, 1486, 1466, 1474, 1475, 1477, 1480, 1483, 1487]"
O07:Monoculture::Oxa,joint,11,"[1465, 1468, 1486, 1466, 1474, 1475, 1477, 1480, 1481, 1483, 1487]"
O07:Monoculture::Oxa,joint,12,"[1465, 1468, 1486, 1466, 1471, 1474, 1475, 1477, 1480, 1481, 1483, 1487]"
O07:Monoculture::Oxa,joint,13,"[1465, 1468, 1486, 1466, 1471, 1474, 1475, 1477, 1478, 1480, 1483, 1484, 1487]"
O07:Monoculture::Oxa,joint,14,"[1465, 1468, 1486, 1466, 1471, 1474, 1475, 1477, 1478, 1480, 1481, 1483, 1484, 1487]"
O07:Monoculture::Oxa,joint,15,"[1465, 1468, 1486, 1466, 1469, 1471, 1474, 1475, 1477, 1478, 1480, 1481, 1483, 1484, 1487]"
O07:Monoculture::Oxa,joint,16,"[1465, 1468, 1486, 1466, 1469, 1471, 1472, 1474, 1475, 1477, 1478, 1480, 1481, 1483, 1484, 1487]"
O07:Monoculture::Oxa,diagonal,3,"[1465, 1468, 1486]"
O07:Monoculture::Oxa,diagonal,4,"[1465, 1468, 1486, 1477]"
O07:Monoculture::Oxa,diagonal,5,"[1465, 1468, 1486, 1474, 1480]"
O07:Monoculture::Oxa,diagonal,6,"[1465, 1468, 1486, 1474, 1477, 1483]"
O07:Monoculture::Oxa,diagonal,7,"[1465, 1468, 1486, 1474, 1477, 1480, 1483]"
O07:Monoculture::Oxa,diagonal,8,"[1465, 1468, 1486, 1474, 1475, 1480, 1481, 1487]"
O07:Monoculture::Oxa,diagonal,9,"[1465, 1468, 1486, 1474, 1475, 1477, 1480, 1483, 1487]"
O07:Monoculture::Oxa,diagonal,10,"[1465, 1468, 1486, 1474, 1475, 1477, 1480, 1481, 1483, 1487]"
O07:Monoculture::Oxa,diagonal,11,"[1465, 1468, 1486, 1471, 1474, 1475, 1477, 1480, 1481, 1483, 1487]"
O07:Monoculture::Oxa,diagonal,12,"[1465, 1468, 1486, 1471, 1474, 1475, 1477, 1480, 1481, 1483, 1484, 1487]"
O07:Monoculture::Oxa,diagonal,13,"[1465, 1468, 1486, 1471, 1474, 1475, 1477, 1478, 1480, 1481, 1483, 1484, 1487]"
O07:Monoculture::Oxa,diagonal,14,"[1465, 1468, 1486, 1471, 1472, 1474, 1475, 1477, 1478, 1480, 1481, 1483, 1484, 1487]"
O07:Monoculture::Oxa,diagonal,15,"[1465, 1468, 1486, 1469, 1471, 1472, 1474, 1475, 1477, 1478, 1480, 1481, 1483, 1484, 1487]"
O07:Monoculture::Oxa,diagonal,16,"[1465, 1468, 1486, 1466, 1469, 1471, 1472, 1474, 1475, 1477, 1478, 1480, 1481, 1483, 1484, 1487]"
O07:Monoculture::SN-38,joint,3,"[1489, 1492, 1510]"
O07:Monoculture::SN-38,joint,4,"[1489, 1492, 1510, 1501]"
O07:Monoculture::SN-38,joint,5,"[1489, 1492, 1510, 1490, 1501]"
O07:Monoculture::SN-38,joint,6,"[1489, 1492, 1510, 1490, 1498, 1504]"
O07:Monoculture::SN-38,joint,7,"[1489, 1492, 1510, 1490, 1498, 1501, 1507]"
O07:Monoculture::SN-38,joint,8,"[1489, 1492, 1510, 1490, 1498, 1499, 1504, 1507]"
O07:Monoculture::SN-38,joint,9,"[1489, 1492, 1510, 1490, 1498, 1499, 1504, 1505, 1511]"
O07:Monoculture::SN-38,joint,10,"[1489, 1492, 1510, 1490, 1498, 1499, 1501, 1504, 1507, 1511]"
O07:Monoculture::SN-38,joint,11,"[1489, 1492, 1510, 1490, 1495, 1498, 1501, 1502, 1504, 1507, 1511]"
O07:Monoculture::SN-38,joint,12,"[1489, 1492, 1510, 1490, 1495, 1498, 1499, 1501, 1504, 1505, 1507, 1511]"
O07:Monoculture::SN-38,joint,13,"[1489, 1492, 1510, 1490, 1495, 1498, 1499, 1501, 1504, 1505, 1507, 1508, 1511]"
O07:Monoculture::SN-38,joint,14,"[1489, 1492, 1510, 1490, 1495, 1498, 1499, 1501, 1502, 1504, 1505, 1507, 1508, 1511]"
O07:Monoculture::SN-38,joint,15,"[1489, 1492, 1510, 1490, 1495, 1496, 1498, 1499, 1501, 1502, 1504, 1505, 1507, 1508, 1511]"
O07:Monoculture::SN-38,joint,16,"[1489, 1492, 1510, 1490, 1493, 1495, 1496, 1498, 1499, 1501, 1502, 1504, 1505, 1507, 1508, 1511]"
O07:Monoculture::SN-38,diagonal,3,"[1489, 1492, 1510]"
O07:Monoculture::SN-38,diagonal,4,"[1489, 1492, 1510, 1501]"
O07:Monoculture::SN-38,diagonal,5,"[1489, 1492, 1510, 1498, 1504]"
O07:Monoculture::SN-38,diagonal,6,"[1489, 1492, 1510, 1498, 1501, 1507]"
O07:Monoculture::SN-38,diagonal,7,"[1489, 1492, 1510, 1498, 1499, 1504, 1507]"
O07:Monoculture::SN-38,diagonal,8,"[1489, 1492, 1510, 1498, 1499, 1504, 1505, 1511]"
O07:Monoculture::SN-38,diagonal,9,"[1489, 1492, 1510, 1495, 1498, 1501, 1504, 1507, 1511]"
O07:Monoculture::SN-38,diagonal,10,"[1489, 1492, 1510, 1495, 1498, 1499, 1504, 1505, 1507, 1511]"
O07:Monoculture::SN-38,diagonal,11,"[1489, 1492, 1510, 1495, 1498, 1499, 1501, 1504, 1505, 1507, 1511]"
O07:Monoculture::SN-38,diagonal,12,"[1489, 1492, 1510, 1495, 1496, 1498, 1501, 1502, 1504, 1507, 1508, 1511]"
O07:Monoculture::SN-38,diagonal,13,"[1489, 1492, 1510, 1495, 1496, 1498, 1499, 1501, 1504, 1505, 1507, 1508, 1511]"
O07:Monoculture::SN-38,diagonal,14,"[1489, 1492, 1510, 1495, 1496, 1498, 1499, 1501, 1502, 1504, 1505, 1507, 1508, 1511]"
O07:Monoculture::SN-38,diagonal,15,"[1489, 1492, 1510, 1493, 1495, 1496, 1498, 1499, 1501, 1502, 1504, 1505, 1507, 1508, 1511]"
O07:Monoculture::SN-38,diagonal,16,"[1489, 1492, 1510, 1490, 1493, 1495, 1496, 1498, 1499, 1501, 1502, 1504, 1505, 1507, 1508, 1511]"
O09:Coculture:F17:5-FU,joint,3,"[1729, 1732, 1750]"
O09:Coculture:F17:5-FU,joint,4,"[1729, 1732, 1750, 1741]"
O09:Coculture:F17:5-FU,joint,5,"[1729, 1732, 1750, 1738, 1744]"
O09:Coculture:F17:5-FU,joint,6,"[1729, 1732, 1750, 1730, 1738, 1744]"
O09:Coculture:F17:5-FU,joint,7,"[1729, 1732, 1750, 1730, 1738, 1741, 1747]"
O09:Coculture:F17:5-FU,joint,8,"[1729, 1732, 1750, 1730, 1738, 1741, 1744, 1747]"
O09:Coculture:F17:5-FU,joint,9,"[1729, 1732, 1750, 1730, 1738, 1739, 1741, 1744, 1747]"
O09:Coculture:F17:5-FU,joint,10,"[1729, 1732, 1750, 1730, 1738, 1739, 1741, 1744, 1747, 1751]"
O09:Coculture:F17:5-FU,joint,11,"[1729, 1732, 1750, 1730, 1738, 1739, 1741, 1744, 1745, 1747, 1751]"
O09:Coculture:F17:5-FU,joint,12,"[1729, 1732, 1750, 1730, 1735, 1738, 1739, 1741, 1744, 1745, 1747, 1751]"
O09:Coculture:F17:5-FU,joint,13,"[1729, 1732, 1750, 1730, 1735, 1738, 1739, 1741, 1742, 1744, 1747, 1748, 1751]"
O09:Coculture:F17:5-FU,joint,14,"[1729, 1732, 1750, 1730, 1735, 1738, 1739, 1741, 1742, 1744, 1745, 1747, 1748, 1751]"
O09:Coculture:F17:5-FU,joint,15,"[1729, 1732, 1750, 1730, 1733, 1735, 1738, 1739, 1741, 1742, 1744, 1745, 1747, 1748, 1751]"
O09:Coculture:F17:5-FU,joint,16,"[1729, 1732, 1750, 1730, 1733, 1735, 1736, 1738, 1739, 1741, 1742, 1744, 1745, 1747, 1748, 1751]"
O09:Coculture:F17:5-FU,diagonal,3,"[1729, 1732, 1750]"
O09:Coculture:F17:5-FU,diagonal,4,"[1729, 1732, 1750, 1741]"
O09:Coculture:F17:5-FU,diagonal,5,"[1729, 1732, 1750, 1738, 1744]"
O09:Coculture:F17:5-FU,diagonal,6,"[1729, 1732, 1750, 1738, 1741, 1747]"
O09:Coculture:F17:5-FU,diagonal,7,"[1729, 1732, 1750, 1738, 1741, 1744, 1747]"
O09:Coculture:F17:5-FU,diagonal,8,"[1729, 1732, 1750, 1738, 1739, 1744, 1745, 1751]"
O09:Coculture:F17:5-FU,diagonal,9,"[1729, 1732, 1750, 1738, 1739, 1741, 1744, 1747, 1751]"
O09:Coculture:F17:5-FU,diagonal,10,"[1729, 1732, 1750, 1738, 1739, 1741, 1744, 1745, 1747, 1751]"
O09:Coculture:F17:5-FU,diagonal,11,"[1729, 1732, 1750, 1735, 1738, 1739, 1741, 1744, 1745, 1747, 1751]"
O09:Coculture:F17:5-FU,diagonal,12,"[1729, 1732, 1750, 1735, 1738, 1739, 1741, 1744, 1745, 1747, 1748, 1751]"
O09:Coculture:F17:5-FU,diagonal,13,"[1729, 1732, 1750, 1735, 1738, 1739, 1741, 1742, 1744, 1745, 1747, 1748, 1751]"
O09:Coculture:F17:5-FU,diagonal,14,"[1729, 1732, 1750, 1735, 1736, 1738, 1739, 1741, 1742, 1744, 1745, 1747, 1748, 1751]"
O09:Coculture:F17:5-FU,diagonal,15,"[1729, 1732, 1750, 1733, 1735, 1736, 1738, 1739, 1741, 1742, 1744, 1745, 1747, 1748, 1751]"
O09:Coculture:F17:5-FU,diagonal,16,"[1729, 1732, 1750, 1730, 1733, 1735, 1736, 1738, 1739, 1741, 1742, 1744, 1745, 1747, 1748, 1751]"
O10:Coculture:F11:5-FU,joint,3,"[1921, 1924, 1942]"
O10:Coculture:F11:5-FU,joint,4,"[1921, 1924, 1942, 1933]"
O10:Coculture:F11:5-FU,joint,5,"[1921, 1924, 1942, 1930, 1936]"
O10:Coculture:F11:5-FU,joint,6,"[1921, 1924, 1942, 1922, 1930, 1936]"
O10:Coculture:F11:5-FU,joint,7,"[1921, 1924, 1942, 1922, 1930, 1933, 1939]"
O10:Coculture:F11:5-FU,joint,8,"[1921, 1924, 1942, 1922, 1930, 1933, 1936, 1939]"
O10:Coculture:F11:5-FU,joint,9,"[1921, 1924, 1942, 1922, 1930, 1931, 1933, 1936, 1939]"
O10:Coculture:F11:5-FU,joint,10,"[1921, 1924, 1942, 1922, 1930, 1931, 1933, 1936, 1939, 1943]"
O10:Coculture:F11:5-FU,joint,11,"[1921, 1924, 1942, 1922, 1930, 1931, 1933, 1936, 1937, 1939, 1943]"
O10:Coculture:F11:5-FU,joint,12,"[1921, 1924, 1942, 1922, 1927, 1930, 1931, 1933, 1936, 1937, 1939, 1943]"
O10:Coculture:F11:5-FU,joint,13,"[1921, 1924, 1942, 1922, 1927, 1930, 1931, 1933, 1934, 1936, 1939, 1940, 1943]"
O10:Coculture:F11:5-FU,joint,14,"[1921, 1924, 1942, 1922, 1927, 1930, 1931, 1933, 1934, 1936, 1937, 1939, 1940, 1943]"
O10:Coculture:F11:5-FU,joint,15,"[1921, 1924, 1942, 1922, 1925, 1927, 1930, 1931, 1933, 1934, 1936, 1937, 1939, 1940, 1943]"
O10:Coculture:F11:5-FU,joint,16,"[1921, 1924, 1942, 1922, 1925, 1927, 1928, 1930, 1931, 1933, 1934, 1936, 1937, 1939, 1940, 1943]"
O10:Coculture:F11:5-FU,diagonal,3,"[1921, 1924, 1942]"
O10:Coculture:F11:5-FU,diagonal,4,"[1921, 1924, 1942, 1933]"
O10:Coculture:F11:5-FU,diagonal,5,"[1921, 1924, 1942, 1930, 1936]"
O10:Coculture:F11:5-FU,diagonal,6,"[1921, 1924, 1942, 1930, 1933, 1939]"
O10:Coculture:F11:5-FU,diagonal,7,"[1921, 1924, 1942, 1930, 1933, 1936, 1939]"
O10:Coculture:F11:5-FU,diagonal,8,"[1921, 1924, 1942, 1930, 1931, 1936, 1937, 1943]"
O10:Coculture:F11:5-FU,diagonal,9,"[1921, 1924, 1942, 1930, 1931, 1933, 1936, 1939, 1943]"
O10:Coculture:F11:5-FU,diagonal,10,"[1921, 1924, 1942, 1930, 1931, 1933, 1936, 1937, 1939, 1943]"
O10:Coculture:F11:5-FU,diagonal,11,"[1921, 1924, 1942, 1927, 1930, 1931, 1933, 1936, 1937, 1939, 1943]"
O10:Coculture:F11:5-FU,diagonal,12,"[1921, 1924, 1942, 1927, 1930, 1931, 1933, 1936, 1937, 1939, 1940, 1943]"
O10:Coculture:F11:5-FU,diagonal,13,"[1921, 1924, 1942, 1927, 1930, 1931, 1933, 1934, 1936, 1937, 1939, 1940, 1943]"
O10:Coculture:F11:5-FU,diagonal,14,"[1921, 1924, 1942, 1927, 1928, 1930, 1931, 1933, 1934, 1936, 1937, 1939, 1940, 1943]"
O10:Coculture:F11:5-FU,diagonal,15,"[1921, 1924, 1942, 1925, 1927, 1928, 1930, 1931, 1933, 1934, 1936, 1937, 1939, 1940, 1943]"
O10:Coculture:F11:5-FU,diagonal,16,"[1921, 1924, 1942, 1922, 1925, 1927, 1928, 1930, 1931, 1933, 1934, 1936, 1937, 1939, 1940, 1943]"
O10:Coculture:F11:Gef,joint,3,"[1993, 1996, 2014]"
O10:Coculture:F11:Gef,joint,4,"[1993, 1996, 2014, 2005]"
O10:Coculture:F11:Gef,joint,5,"[1993, 1996, 2014, 2002, 2008]"
O10:Coculture:F11:Gef,joint,6,"[1993, 1996, 2014, 1994, 2002, 2008]"
O10:Coculture:F11:Gef,joint,7,"[1993, 1996, 2014, 1994, 2002, 2005, 2011]"
O10:Coculture:F11:Gef,joint,8,"[1993, 1996, 2014, 1994, 2002, 2005, 2008, 2011]"
O10:Coculture:F11:Gef,joint,9,"[1993, 1996, 2014, 1994, 2002, 2003, 2005, 2008, 2011]"
O10:Coculture:F11:Gef,joint,10,"[1993, 1996, 2014, 1994, 2002, 2003, 2005, 2008, 2011, 2015]"
O10:Coculture:F11:Gef,joint,11,"[1993, 1996, 2014, 1994, 2002, 2003, 2005, 2008, 2009, 2011, 2015]"
O10:Coculture:F11:Gef,joint,12,"[1993, 1996, 2014, 1994, 1999, 2002, 2003, 2005, 2008, 2009, 2011, 2015]"
O10:Coculture:F11:Gef,joint,13,"[1993, 1996, 2014, 1994, 1997, 1999, 2002, 2003, 2005, 2008, 2009, 2011, 2015]"
O10:Coculture:F11:Gef,joint,14,"[1993, 1996, 2014, 1994, 1997, 1999, 2002, 2003, 2005, 2006, 2008, 2011, 2012, 2015]"
O10:Coculture:F11:Gef,joint,15,"[1993, 1996, 2014, 1994, 1997, 1999, 2002, 2003, 2005, 2006, 2008, 2009, 2011, 2012, 2015]"
O10:Coculture:F11:Gef,joint,16,"[1993, 1996, 2014, 1994, 1997, 1999, 2000, 2002, 2003, 2005, 2006, 2008, 2009, 2011, 2012, 2015]"
O10:Coculture:F11:Gef,diagonal,3,"[1993, 1996, 2014]"
O10:Coculture:F11:Gef,diagonal,4,"[1993, 1996, 2014, 2005]"
O10:Coculture:F11:Gef,diagonal,5,"[1993, 1996, 2014, 2002, 2008]"
O10:Coculture:F11:Gef,diagonal,6,"[1993, 1996, 2014, 2002, 2005, 2011]"
O10:Coculture:F11:Gef,diagonal,7,"[1993, 1996, 2014, 2002, 2005, 2008, 2011]"
O10:Coculture:F11:Gef,diagonal,8,"[1993, 1996, 2014, 2002, 2003, 2008, 2009, 2015]"
O10:Coculture:F11:Gef,diagonal,9,"[1993, 1996, 2014, 2002, 2003, 2005, 2008, 2011, 2015]"
O10:Coculture:F11:Gef,diagonal,10,"[1993, 1996, 2014, 2002, 2003, 2005, 2008, 2009, 2011, 2015]"
O10:Coculture:F11:Gef,diagonal,11,"[1993, 1996, 2014, 1999, 2002, 2003, 2005, 2008, 2009, 2011, 2015]"
O10:Coculture:F11:Gef,diagonal,12,"[1993, 1996, 2014, 1999, 2002, 2003, 2005, 2006, 2008, 2011, 2012, 2015]"
O10:Coculture:F11:Gef,diagonal,13,"[1993, 1996, 2014, 1999, 2002, 2003, 2005, 2006, 2008, 2009, 2011, 2012, 2015]"
O10:Coculture:F11:Gef,diagonal,14,"[1993, 1996, 2014, 1999, 2000, 2002, 2003, 2005, 2006, 2008, 2009, 2011, 2012, 2015]"
O10:Coculture:F11:Gef,diagonal,15,"[1993, 1996, 2014, 1997, 1999, 2000, 2002, 2003, 2005, 2006, 2008, 2009, 2011, 2012, 2015]"
O10:Coculture:F11:Gef,diagonal,16,"[1993, 1996, 2014, 1994, 1997, 1999, 2000, 2002, 2003, 2005, 2006, 2008, 2009, 2011, 2012, 2015]"
O10:Coculture:F11:Oxa,joint,3,"[1945, 1948, 1966]"
O10:Coculture:F11:Oxa,joint,4,"[1945, 1948, 1966, 1957]"
O10:Coculture:F11:Oxa,joint,5,"[1945, 1948, 1966, 1954, 1960]"
O10:Coculture:F11:Oxa,joint,6,"[1945, 1948, 1966, 1946, 1954, 1960]"
O10:Coculture:F11:Oxa,joint,7,"[1945, 1948, 1966, 1946, 1954, 1957, 1963]"
O10:Coculture:F11:Oxa,joint,8,"[1945, 1948, 1966, 1946, 1954, 1957, 1960, 1963]"
O10:Coculture:F11:Oxa,joint,9,"[1945, 1948, 1966, 1946, 1954, 1955, 1957, 1960, 1963]"
O10:Coculture:F11:Oxa,joint,10,"[1945, 1948, 1966, 1946, 1954, 1955, 1957, 1960, 1963, 1967]"
O10:Coculture:F11:Oxa,joint,11,"[1945, 1948, 1966, 1946, 1954, 1955, 1957, 1960, 1961, 1963, 1967]"
O10:Coculture:F11:Oxa,joint,12,"[1945, 1948, 1966, 1946, 1951, 1954, 1955, 1957, 1960, 1961, 1963, 1967]"
O10:Coculture:F11:Oxa,joint,13,"[1945, 1948, 1966, 1946, 1951, 1954, 1955, 1957, 1958, 1960, 1963, 1964, 1967]"
O10:Coculture:F11:Oxa,joint,14,"[1945, 1948, 1966, 1946, 1951, 1954, 1955, 1957, 1958, 1960, 1961, 1963, 1964, 1967]"
O10:Coculture:F11:Oxa,joint,15,"[1945, 1948, 1966, 1946, 1949, 1951, 1954, 1955, 1957, 1958, 1960, 1961, 1963, 1964, 1967]"
O10:Coculture:F11:Oxa,joint,16,"[1945, 1948, 1966, 1946, 1949, 1951, 1952, 1954, 1955, 1957, 1958, 1960, 1961, 1963, 1964, 1967]"
O10:Coculture:F11:Oxa,diagonal,3,"[1945, 1948, 1966]"
O10:Coculture:F11:Oxa,diagonal,4,"[1945, 1948, 1966, 1957]"
O10:Coculture:F11:Oxa,diagonal,5,"[1945, 1948, 1966, 1954, 1960]"
O10:Coculture:F11:Oxa,diagonal,6,"[1945, 1948, 1966, 1954, 1957, 1963]"
O10:Coculture:F11:Oxa,diagonal,7,"[1945, 1948, 1966, 1954, 1957, 1960, 1963]"
O10:Coculture:F11:Oxa,diagonal,8,"[1945, 1948, 1966, 1954, 1955, 1960, 1961, 1967]"
O10:Coculture:F11:Oxa,diagonal,9,"[1945, 1948, 1966, 1954, 1955, 1957, 1960, 1963, 1967]"
O10:Coculture:F11:Oxa,diagonal,10,"[1945, 1948, 1966, 1954, 1955, 1957, 1960, 1961, 1963, 1967]"
O10:Coculture:F11:Oxa,diagonal,11,"[1945, 1948, 1966, 1951, 1954, 1955, 1957, 1960, 1961, 1963, 1967]"
O10:Coculture:F11:Oxa,diagonal,12,"[1945, 1948, 1966, 1951, 1954, 1955, 1957, 1960, 1961, 1963, 1964, 1967]"
O10:Coculture:F11:Oxa,diagonal,13,"[1945, 1948, 1966, 1951, 1954, 1955, 1957, 1958, 1960, 1961, 1963, 1964, 1967]"
O10:Coculture:F11:Oxa,diagonal,14,"[1945, 1948, 1966, 1951, 1952, 1954, 1955, 1957, 1958, 1960, 1961, 1963, 1964, 1967]"
O10:Coculture:F11:Oxa,diagonal,15,"[1945, 1948, 1966, 1949, 1951, 1952, 1954, 1955, 1957, 1958, 1960, 1961, 1963, 1964, 1967]"
O10:Coculture:F11:Oxa,diagonal,16,"[1945, 1948, 1966, 1946, 1949, 1951, 1952, 1954, 1955, 1957, 1958, 1960, 1961, 1963, 1964, 1967]"
O10:Coculture:F11:SN-38,joint,3,"[1969, 1972, 1990]"
O10:Coculture:F11:SN-38,joint,4,"[1969, 1972, 1990, 1981]"
O10:Coculture:F11:SN-38,joint,5,"[1969, 1972, 1990, 1970, 1981]"
O10:Coculture:F11:SN-38,joint,6,"[1969, 1972, 1990, 1970, 1978, 1984]"
O10:Coculture:F11:SN-38,joint,7,"[1969, 1972, 1990, 1970, 1978, 1981, 1987]"
O10:Coculture:F11:SN-38,joint,8,"[1969, 1972, 1990, 1970, 1978, 1979, 1984, 1987]"
O10:Coculture:F11:SN-38,joint,9,"[1969, 1972, 1990, 1970, 1978, 1979, 1984, 1985, 1991]"
O10:Coculture:F11:SN-38,joint,10,"[1969, 1972, 1990, 1970, 1978, 1979, 1981, 1984, 1987, 1991]"
O10:Coculture:F11:SN-38,joint,11,"[1969, 1972, 1990, 1970, 1975, 1978, 1981, 1982, 1984, 1987, 1991]"
O10:Coculture:F11:SN-38,joint,12,"[1969, 1972, 1990, 1970, 1975, 1978, 1979, 1981, 1984, 1985, 1987, 1991]"
O10:Coculture:F11:SN-38,joint,13,"[1969, 1972, 1990, 1970, 1975, 1978, 1979, 1981, 1984, 1985, 1987, 1988, 1991]"
O10:Coculture:F11:SN-38,joint,14,"[1969, 1972, 1990, 1970, 1975, 1978, 1979, 1981, 1982, 1984, 1985, 1987, 1988, 1991]"
O10:Coculture:F11:SN-38,joint,15,"[1969, 1972, 1990, 1970, 1975, 1976, 1978, 1979, 1981, 1982, 1984, 1985, 1987, 1988, 1991]"
O10:Coculture:F11:SN-38,joint,16,"[1969, 1972, 1990, 1970, 1973, 1975, 1976, 1978, 1979, 1981, 1982, 1984, 1985, 1987, 1988, 1991]"
O10:Coculture:F11:SN-38,diagonal,3,"[1969, 1972, 1990]"
O10:Coculture:F11:SN-38,diagonal,4,"[1969, 1972, 1990, 1981]"
O10:Coculture:F11:SN-38,diagonal,5,"[1969, 1972, 1990, 1978, 1984]"
O10:Coculture:F11:SN-38,diagonal,6,"[1969, 1972, 1990, 1978, 1981, 1987]"
O10:Coculture:F11:SN-38,diagonal,7,"[1969, 1972, 1990, 1978, 1979, 1984, 1987]"
O10:Coculture:F11:SN-38,diagonal,8,"[1969, 1972, 1990, 1978, 1979, 1984, 1985, 1991]"
O10:Coculture:F11:SN-38,diagonal,9,"[1969, 1972, 1990, 1975, 1978, 1981, 1984, 1987, 1991]"
O10:Coculture:F11:SN-38,diagonal,10,"[1969, 1972, 1990, 1975, 1978, 1979, 1984, 1985, 1987, 1991]"
O10:Coculture:F11:SN-38,diagonal,11,"[1969, 1972, 1990, 1975, 1978, 1979, 1981, 1984, 1985, 1987, 1991]"
O10:Coculture:F11:SN-38,diagonal,12,"[1969, 1972, 1990, 1975, 1976, 1978, 1981, 1982, 1984, 1987, 1988, 1991]"
O10:Coculture:F11:SN-38,diagonal,13,"[1969, 1972, 1990, 1975, 1976, 1978, 1979, 1981, 1984, 1985, 1987, 1988, 1991]"
O10:Coculture:F11:SN-38,diagonal,14,"[1969, 1972, 1990, 1975, 1976, 1978, 1979, 1981, 1982, 1984, 1985, 1987, 1988, 1991]"
O10:Coculture:F11:SN-38,diagonal,15,"[1969, 1972, 1990, 1973, 1975, 1976, 1978, 1979, 1981, 1982, 1984, 1985, 1987, 1988, 1991]"
O10:Coculture:F11:SN-38,diagonal,16,"[1969, 1972, 1990, 1970, 1973, 1975, 1976, 1978, 1979, 1981, 1982, 1984, 1985, 1987, 1988, 1991]"
O11:Coculture:F06:5-FU,joint,3,"[2401, 2404, 2422]"
O11:Coculture:F06:5-FU,joint,4,"[2401, 2404, 2422, 2413]"
O11:Coculture:F06:5-FU,joint,5,"[2401, 2404, 2422, 2410, 2416]"
O11:Coculture:F06:5-FU,joint,6,"[2401, 2404, 2422, 2402, 2410, 2416]"
O11:Coculture:F06:5-FU,joint,7,"[2401, 2404, 2422, 2402, 2410, 2413, 2419]"
O11:Coculture:F06:5-FU,joint,8,"[2401, 2404, 2422, 2402, 2410, 2413, 2416, 2419]"
O11:Coculture:F06:5-FU,joint,9,"[2401, 2404, 2422, 2402, 2410, 2411, 2413, 2416, 2419]"
O11:Coculture:F06:5-FU,joint,10,"[2401, 2404, 2422, 2402, 2410, 2411, 2413, 2416, 2419, 2423]"
O11:Coculture:F06:5-FU,joint,11,"[2401, 2404, 2422, 2402, 2410, 2411, 2413, 2416, 2417, 2419, 2423]"
O11:Coculture:F06:5-FU,joint,12,"[2401, 2404, 2422, 2402, 2407, 2410, 2411, 2413, 2416, 2417, 2419, 2423]"
O11:Coculture:F06:5-FU,joint,13,"[2401, 2404, 2422, 2402, 2407, 2410, 2411, 2413, 2414, 2416, 2419, 2420, 2423]"
O11:Coculture:F06:5-FU,joint,14,"[2401, 2404, 2422, 2402, 2407, 2410, 2411, 2413, 2414, 2416, 2417, 2419, 2420, 2423]"
O11:Coculture:F06:5-FU,joint,15,"[2401, 2404, 2422, 2402, 2405, 2407, 2410, 2411, 2413, 2414, 2416, 2417, 2419, 2420, 2423]"
O11:Coculture:F06:5-FU,joint,16,"[2401, 2404, 2422, 2402, 2405, 2407, 2408, 2410, 2411, 2413, 2414, 2416, 2417, 2419, 2420, 2423]"
O11:Coculture:F06:5-FU,diagonal,3,"[2401, 2404, 2422]"
O11:Coculture:F06:5-FU,diagonal,4,"[2401, 2404, 2422, 2413]"
O11:Coculture:F06:5-FU,diagonal,5,"[2401, 2404, 2422, 2410, 2416]"
O11:Coculture:F06:5-FU,diagonal,6,"[2401, 2404, 2422, 2410, 2413, 2419]"
O11:Coculture:F06:5-FU,diagonal,7,"[2401, 2404, 2422, 2410, 2413, 2416, 2419]"
O11:Coculture:F06:5-FU,diagonal,8,"[2401, 2404, 2422, 2410, 2411, 2416, 2417, 2423]"
O11:Coculture:F06:5-FU,diagonal,9,"[2401, 2404, 2422, 2410, 2411, 2413, 2416, 2419, 2423]"
O11:Coculture:F06:5-FU,diagonal,10,"[2401, 2404, 2422, 2410, 2411, 2413, 2416, 2417, 2419, 2423]"
O11:Coculture:F06:5-FU,diagonal,11,"[2401, 2404, 2422, 2407, 2410, 2411, 2413, 2416, 2417, 2419, 2423]"
O11:Coculture:F06:5-FU,diagonal,12,"[2401, 2404, 2422, 2407, 2410, 2411, 2413, 2416, 2417, 2419, 2420, 2423]"
O11:Coculture:F06:5-FU,diagonal,13,"[2401, 2404, 2422, 2407, 2410, 2411, 2413, 2414, 2416, 2417, 2419, 2420, 2423]"
O11:Coculture:F06:5-FU,diagonal,14,"[2401, 2404, 2422, 2407, 2408, 2410, 2411, 2413, 2414, 2416, 2417, 2419, 2420, 2423]"
O11:Coculture:F06:5-FU,diagonal,15,"[2401, 2404, 2422, 2405, 2407, 2408, 2410, 2411, 2413, 2414, 2416, 2417, 2419, 2420, 2423]"
O11:Coculture:F06:5-FU,diagonal,16,"[2401, 2404, 2422, 2402, 2405, 2407, 2408, 2410, 2411, 2413, 2414, 2416, 2417, 2419, 2420, 2423]"
O11:Coculture:F06:Gef,joint,3,"[2473, 2476, 2494]"
O11:Coculture:F06:Gef,joint,4,"[2473, 2476, 2494, 2485]"
O11:Coculture:F06:Gef,joint,5,"[2473, 2476, 2494, 2482, 2488]"
O11:Coculture:F06:Gef,joint,6,"[2473, 2476, 2494, 2474, 2482, 2488]"
O11:Coculture:F06:Gef,joint,7,"[2473, 2476, 2494, 2474, 2482, 2485, 2491]"
O11:Coculture:F06:Gef,joint,8,"[2473, 2476, 2494, 2474, 2482, 2485, 2488, 2491]"
O11:Coculture:F06:Gef,joint,9,"[2473, 2476, 2494, 2474, 2482, 2483, 2485, 2488, 2491]"
O11:Coculture:F06:Gef,joint,10,"[2473, 2476, 2494, 2474, 2482, 2483, 2485, 2488, 2491, 2495]"
O11:Coculture:F06:Gef,joint,11,"[2473, 2476, 2494, 2474, 2482, 2483, 2485, 2488, 2489, 2491, 2495]"
O11:Coculture:F06:Gef,joint,12,"[2473, 2476, 2494, 2474, 2479, 2482, 2483, 2485, 2488, 2489, 2491, 2495]"
O11:Coculture:F06:Gef,joint,13,"[2473, 2476, 2494, 2474, 2477, 2479, 2482, 2483, 2485, 2488, 2489, 2491, 2495]"
O11:Coculture:F06:Gef,joint,14,"[2473, 2476, 2494, 2474, 2477, 2479, 2482, 2483, 2485, 2486, 2488, 2491, 2492, 2495]"
O11:Coculture:F06:Gef,joint,15,"[2473, 2476, 2494, 2474, 2477, 2479, 2482, 2483, 2485, 2486, 2488, 2489, 2491, 2492, 2495]"
O11:Coculture:F06:Gef,joint,16,"[2473, 2476, 2494, 2474, 2477, 2479, 2480, 2482, 2483, 2485, 2486, 2488, 2489, 2491, 2492, 2495]"
O11:Coculture:F06:Gef,diagonal,3,"[2473, 2476, 2494]"
O11:Coculture:F06:Gef,diagonal,4,"[2473, 2476, 2494, 2485]"
O11:Coculture:F06:Gef,diagonal,5,"[2473, 2476, 2494, 2482, 2488]"
O11:Coculture:F06:Gef,diagonal,6,"[2473, 2476, 2494, 2482, 2485, 2491]"
O11:Coculture:F06:Gef,diagonal,7,"[2473, 2476, 2494, 2482, 2485, 2488, 2491]"
O11:Coculture:F06:Gef,diagonal,8,"[2473, 2476, 2494, 2482, 2483, 2488, 2489, 2495]"
O11:Coculture:F06:Gef,diagonal,9,"[2473, 2476, 2494, 2482, 2483, 2485, 2488, 2491, 2495]"
O11:Coculture:F06:Gef,diagonal,10,"[2473, 2476, 2494, 2482, 2483, 2485, 2488, 2489, 2491, 2495]"
O11:Coculture:F06:Gef,diagonal,11,"[2473, 2476, 2494, 2479, 2482, 2483, 2485, 2488, 2489, 2491, 2495]"
O11:Coculture:F06:Gef,diagonal,12,"[2473, 2476, 2494, 2479, 2482, 2483, 2485, 2486, 2488, 2491, 2492, 2495]"
O11:Coculture:F06:Gef,diagonal,13,"[2473, 2476, 2494, 2479, 2482, 2483, 2485, 2486, 2488, 2489, 2491, 2492, 2495]"
O11:Coculture:F06:Gef,diagonal,14,"[2473, 2476, 2494, 2479, 2480, 2482, 2483, 2485, 2486, 2488, 2489, 2491, 2492, 2495]"
O11:Coculture:F06:Gef,diagonal,15,"[2473, 2476, 2494, 2477, 2479, 2480, 2482, 2483, 2485, 2486, 2488, 2489, 2491, 2492, 2495]"
O11:Coculture:F06:Gef,diagonal,16,"[2473, 2476, 2494, 2474, 2477, 2479, 2480, 2482, 2483, 2485, 2486, 2488, 2489, 2491, 2492, 2495]"
O11:Coculture:F06:Oxa,joint,3,"[2425, 2428, 2446]"
O11:Coculture:F06:Oxa,joint,4,"[2425, 2428, 2446, 2437]"
O11:Coculture:F06:Oxa,joint,5,"[2425, 2428, 2446, 2434, 2440]"
O11:Coculture:F06:Oxa,joint,6,"[2425, 2428, 2446, 2426, 2434, 2440]"
O11:Coculture:F06:Oxa,joint,7,"[2425, 2428, 2446, 2426, 2434, 2437, 2443]"
O11:Coculture:F06:Oxa,joint,8,"[2425, 2428, 2446, 2426, 2434, 2437, 2440, 2443]"
O11:Coculture:F06:Oxa,joint,9,"[2425, 2428, 2446, 2426, 2434, 2435, 2437, 2440, 2443]"
O11:Coculture:F06:Oxa,joint,10,"[2425, 2428, 2446, 2426, 2434, 2435, 2437, 2440, 2443, 2447]"
O11:Coculture:F06:Oxa,joint,11,"[2425, 2428, 2446, 2426, 2434, 2435, 2437, 2440, 2441, 2443, 2447]"
O11:Coculture:F06:Oxa,joint,12,"[2425, 2428, 2446, 2426, 2431, 2434, 2435, 2437, 2440, 2441, 2443, 2447]"
O11:Coculture:F06:Oxa,joint,13,"[2425, 2428, 2446, 2426, 2431, 2434, 2435, 2437, 2438, 2440, 2443, 2444, 2447]"
O11:Coculture:F06:Oxa,joint,14,"[2425, 2428, 2446, 2426, 2431, 2434, 2435, 2437, 2438, 2440, 2441, 2443, 2444, 2447]"
O11:Coculture:F06:Oxa,joint,15,"[2425, 2428, 2446, 2426, 2429, 2431, 2434, 2435, 2437, 2438, 2440, 2441, 2443, 2444, 2447]"
O11:Coculture:F06:Oxa,joint,16,"[2425, 2428, 2446, 2426, 2429, 2431, 2432, 2434, 2435, 2437, 2438, 2440, 2441, 2443, 2444, 2447]"
O11:Coculture:F06:Oxa,diagonal,3,"[2425, 2428, 2446]"
O11:Coculture:F06:Oxa,diagonal,4,"[2425, 2428, 2446, 2437]"
O11:Coculture:F06:Oxa,diagonal,5,"[2425, 2428, 2446, 2434, 2440]"
O11:Coculture:F06:Oxa,diagonal,6,"[2425, 2428, 2446, 2434, 2437, 2443]"
O11:Coculture:F06:Oxa,diagonal,7,"[2425, 2428, 2446, 2434, 2437, 2440, 2443]"
O11:Coculture:F06:Oxa,diagonal,8,"[2425, 2428, 2446, 2434, 2435, 2440, 2441, 2447]"
O11:Coculture:F06:Oxa,diagonal,9,"[2425, 2428, 2446, 2434, 2435, 2437, 2440, 2443, 2447]"
O11:Coculture:F06:Oxa,diagonal,10,"[2425, 2428, 2446, 2434, 2435, 2437, 2440, 2441, 2443, 2447]"
O11:Coculture:F06:Oxa,diagonal,11,"[2425, 2428, 2446, 2431, 2434, 2435, 2437, 2440, 2441, 2443, 2447]"
O11:Coculture:F06:Oxa,diagonal,12,"[2425, 2428, 2446, 2431, 2434, 2435, 2437, 2440, 2441, 2443, 2444, 2447]"
O11:Coculture:F06:Oxa,diagonal,13,"[2425, 2428, 2446, 2431, 2434, 2435, 2437, 2438, 2440, 2441, 2443, 2444, 2447]"
O11:Coculture:F06:Oxa,diagonal,14,"[2425, 2428, 2446, 2431, 2432, 2434, 2435, 2437, 2438, 2440, 2441, 2443, 2444, 2447]"
O11:Coculture:F06:Oxa,diagonal,15,"[2425, 2428, 2446, 2429, 2431, 2432, 2434, 2435, 2437, 2438, 2440, 2441, 2443, 2444, 2447]"
O11:Coculture:F06:Oxa,diagonal,16,"[2425, 2428, 2446, 2426, 2429, 2431, 2432, 2434, 2435, 2437, 2438, 2440, 2441, 2443, 2444, 2447]"
O11:Coculture:F06:SN-38,joint,3,"[2449, 2452, 2470]"
O11:Coculture:F06:SN-38,joint,4,"[2449, 2452, 2470, 2461]"
O11:Coculture:F06:SN-38,joint,5,"[2449, 2452, 2470, 2450, 2461]"
O11:Coculture:F06:SN-38,joint,6,"[2449, 2452, 2470, 2450, 2458, 2464]"
O11:Coculture:F06:SN-38,joint,7,"[2449, 2452, 2470, 2450, 2458, 2461, 2467]"
O11:Coculture:F06:SN-38,joint,8,"[2449, 2452, 2470, 2450, 2458, 2459, 2464, 2467]"
O11:Coculture:F06:SN-38,joint,9,"[2449, 2452, 2470, 2450, 2458, 2459, 2464, 2465, 2471]"
O11:Coculture:F06:SN-38,joint,10,"[2449, 2452, 2470, 2450, 2458, 2459, 2461, 2464, 2467, 2471]"
O11:Coculture:F06:SN-38,joint,11,"[2449, 2452, 2470, 2450, 2455, 2458, 2461, 2462, 2464, 2467, 2471]"
O11:Coculture:F06:SN-38,joint,12,"[2449, 2452, 2470, 2450, 2455, 2458, 2459, 2461, 2464, 2465, 2467, 2471]"
O11:Coculture:F06:SN-38,joint,13,"[2449, 2452, 2470, 2450, 2455, 2458, 2459, 2461, 2464, 2465, 2467, 2468, 2471]"
O11:Coculture:F06:SN-38,joint,14,"[2449, 2452, 2470, 2450, 2455, 2458, 2459, 2461, 2462, 2464, 2465, 2467, 2468, 2471]"
O11:Coculture:F06:SN-38,joint,15,"[2449, 2452, 2470, 2450, 2455, 2456, 2458, 2459, 2461, 2462, 2464, 2465, 2467, 2468, 2471]"
O11:Coculture:F06:SN-38,joint,16,"[2449, 2452, 2470, 2450, 2453, 2455, 2456, 2458, 2459, 2461, 2462, 2464, 2465, 2467, 2468, 2471]"
O11:Coculture:F06:SN-38,diagonal,3,"[2449, 2452, 2470]"
O11:Coculture:F06:SN-38,diagonal,4,"[2449, 2452, 2470, 2461]"
O11:Coculture:F06:SN-38,diagonal,5,"[2449, 2452, 2470, 2458, 2464]"
O11:Coculture:F06:SN-38,diagonal,6,"[2449, 2452, 2470, 2458, 2461, 2467]"
O11:Coculture:F06:SN-38,diagonal,7,"[2449, 2452, 2470, 2458, 2459, 2464, 2467]"
O11:Coculture:F06:SN-38,diagonal,8,"[2449, 2452, 2470, 2458, 2459, 2464, 2465, 2471]"
O11:Coculture:F06:SN-38,diagonal,9,"[2449, 2452, 2470, 2455, 2458, 2461, 2464, 2467, 2471]"
O11:Coculture:F06:SN-38,diagonal,10,"[2449, 2452, 2470, 2455, 2458, 2459, 2464, 2465, 2467, 2471]"
O11:Coculture:F06:SN-38,diagonal,11,"[2449, 2452, 2470, 2455, 2458, 2459, 2461, 2464, 2465, 2467, 2471]"
O11:Coculture:F06:SN-38,diagonal,12,"[2449, 2452, 2470, 2455, 2456, 2458, 2461, 2462, 2464, 2467, 2468, 2471]"
O11:Coculture:F06:SN-38,diagonal,13,"[2449, 2452, 2470, 2455, 2456, 2458, 2459, 2461, 2464, 2465, 2467, 2468, 2471]"
O11:Coculture:F06:SN-38,diagonal,14,"[2449, 2452, 2470, 2455, 2456, 2458, 2459, 2461, 2462, 2464, 2465, 2467, 2468, 2471]"
O11:Coculture:F06:SN-38,diagonal,15,"[2449, 2452, 2470, 2453, 2455, 2456, 2458, 2459, 2461, 2462, 2464, 2465, 2467, 2468, 2471]"
O11:Coculture:F06:SN-38,diagonal,16,"[2449, 2452, 2470, 2450, 2453, 2455, 2456, 2458, 2459, 2461, 2462, 2464, 2465, 2467, 2468, 2471]"
O11:Coculture:F11:5-FU,joint,3,"[2113, 2116, 2134]"
O11:Coculture:F11:5-FU,joint,4,"[2113, 2116, 2134, 2125]"
O11:Coculture:F11:5-FU,joint,5,"[2113, 2116, 2134, 2122, 2128]"
O11:Coculture:F11:5-FU,joint,6,"[2113, 2116, 2134, 2114, 2122, 2128]"
O11:Coculture:F11:5-FU,joint,7,"[2113, 2116, 2134, 2114, 2122, 2125, 2131]"
O11:Coculture:F11:5-FU,joint,8,"[2113, 2116, 2134, 2114, 2122, 2125, 2128, 2131]"
O11:Coculture:F11:5-FU,joint,9,"[2113, 2116, 2134, 2114, 2122, 2123, 2125, 2128, 2131]"
O11:Coculture:F11:5-FU,joint,10,"[2113, 2116, 2134, 2114, 2122, 2123, 2125, 2128, 2131, 2135]"
O11:Coculture:F11:5-FU,joint,11,"[2113, 2116, 2134, 2114, 2122, 2123, 2125, 2128, 2129, 2131, 2135]"
O11:Coculture:F11:5-FU,joint,12,"[2113, 2116, 2134, 2114, 2119, 2122, 2123, 2125, 2128, 2129, 2131, 2135]"
O11:Coculture:F11:5-FU,joint,13,"[2113, 2116, 2134, 2114, 2119, 2122, 2123, 2125, 2126, 2128, 2131, 2132, 2135]"
O11:Coculture:F11:5-FU,joint,14,"[2113, 2116, 2134, 2114, 2119, 2122, 2123, 2125, 2126, 2128, 2129, 2131, 2132, 2135]"
O11:Coculture:F11:5-FU,joint,15,"[2113, 2116, 2134, 2114, 2117, 2119, 2122, 2123, 2125, 2126, 2128, 2129, 2131, 2132, 2135]"
O11:Coculture:F11:5-FU,joint,16,"[2113, 2116, 2134, 2114, 2117, 2119, 2120, 2122, 2123, 2125, 2126, 2128, 2129, 2131, 2132, 2135]"
O11:Coculture:F11:5-FU,diagonal,3,"[2113, 2116, 2134]"
O11:Coculture:F11:5-FU,diagonal,4,"[2113, 2116, 2134, 2125]"
O11:Coculture:F11:5-FU,diagonal,5,"[2113, 2116, 2134, 2122, 2128]"
O11:Coculture:F11:5-FU,diagonal,6,"[2113, 2116, 2134, 2122, 2125, 2131]"
O11:Coculture:F11:5-FU,diagonal,7,"[2113, 2116, 2134, 2122, 2125, 2128, 2131]"
O11:Coculture:F11:5-FU,diagonal,8,"[2113, 2116, 2134, 2122, 2123, 2128, 2129, 2135]"
O11:Coculture:F11:5-FU,diagonal,9,"[2113, 2116, 2134, 2122, 2123, 2125, 2128, 2131, 2135]"
O11:Coculture:F11:5-FU,diagonal,10,"[2113, 2116, 2134, 2122, 2123, 2125, 2128, 2129, 2131, 2135]"
O11:Coculture:F11:5-FU,diagonal,11,"[2113, 2116, 2134, 2119, 2122, 2123, 2125, 2128, 2129, 2131, 2135]"
O11:Coculture:F11:5-FU,diagonal,12,"[2113, 2116, 2134, 2119, 2122, 2123, 2125, 2128, 2129, 2131, 2132, 2135]"
O11:Coculture:F11:5-FU,diagonal,13,"[2113, 2116, 2134, 2119, 2122, 2123, 2125, 2126, 2128, 2129, 2131, 2132, 2135]"
O11:Coculture:F11:5-FU,diagonal,14,"[2113, 2116, 2134, 2119, 2120, 2122, 2123, 2125, 2126, 2128, 2129, 2131, 2132, 2135]"
O11:Coculture:F11:5-FU,diagonal,15,"[2113, 2116, 2134, 2117, 2119, 2120, 2122, 2123, 2125, 2126, 2128, 2129, 2131, 2132, 2135]"
O11:Coculture:F11:5-FU,diagonal,16,"[2113, 2116, 2134, 2114, 2117, 2119, 2120, 2122, 2123, 2125, 2126, 2128, 2129, 2131, 2132, 2135]"
O11:Coculture:F11:Gef,joint,3,"[2185, 2188, 2206]"
O11:Coculture:F11:Gef,joint,4,"[2185, 2188, 2206, 2197]"
O11:Coculture:F11:Gef,joint,5,"[2185, 2188, 2206, 2194, 2200]"
O11:Coculture:F11:Gef,joint,6,"[2185, 2188, 2206, 2186, 2194, 2200]"
O11:Coculture:F11:Gef,joint,7,"[2185, 2188, 2206, 2186, 2194, 2197, 2203]"
O11:Coculture:F11:Gef,joint,8,"[2185, 2188, 2206, 2186, 2194, 2197, 2200, 2203]"
O11:Coculture:F11:Gef,joint,9,"[2185, 2188, 2206, 2186, 2194, 2195, 2197, 2200, 2203]"
O11:Coculture:F11:Gef,joint,10,"[2185, 2188, 2206, 2186, 2194, 2195, 2197, 2200, 2203, 2207]"
O11:Coculture:F11:Gef,joint,11,"[2185, 2188, 2206, 2186, 2194, 2195, 2197, 2200, 2201, 2203, 2207]"
O11:Coculture:F11:Gef,joint,12,"[2185, 2188, 2206, 2186, 2191, 2194, 2195, 2197, 2200, 2201, 2203, 2207]"
O11:Coculture:F11:Gef,joint,13,"[2185, 2188, 2206, 2186, 2189, 2191, 2194, 2195, 2197, 2200, 2201, 2203, 2207]"
O11:Coculture:F11:Gef,joint,14,"[2185, 2188, 2206, 2186, 2189, 2191, 2194, 2195, 2197, 2198, 2200, 2203, 2204, 2207]"
O11:Coculture:F11:Gef,joint,15,"[2185, 2188, 2206, 2186, 2189, 2191, 2194, 2195, 2197, 2198, 2200, 2201, 2203, 2204, 2207]"
O11:Coculture:F11:Gef,joint,16,"[2185, 2188, 2206, 2186, 2189, 2191, 2192, 2194, 2195, 2197, 2198, 2200, 2201, 2203, 2204, 2207]"
O11:Coculture:F11:Gef,diagonal,3,"[2185, 2188, 2206]"
O11:Coculture:F11:Gef,diagonal,4,"[2185, 2188, 2206, 2197]"
O11:Coculture:F11:Gef,diagonal,5,"[2185, 2188, 2206, 2194, 2200]"
O11:Coculture:F11:Gef,diagonal,6,"[2185, 2188, 2206, 2194, 2197, 2203]"
O11:Coculture:F11:Gef,diagonal,7,"[2185, 2188, 2206, 2194, 2197, 2200, 2203]"
O11:Coculture:F11:Gef,diagonal,8,"[2185, 2188, 2206, 2194, 2195, 2200, 2201, 2207]"
O11:Coculture:F11:Gef,diagonal,9,"[2185, 2188, 2206, 2194, 2195, 2197, 2200, 2203, 2207]"
O11:Coculture:F11:Gef,diagonal,10,"[2185, 2188, 2206, 2194, 2195, 2197, 2200, 2201, 2203, 2207]"
O11:Coculture:F11:Gef,diagonal,11,"[2185, 2188, 2206, 2191, 2194, 2195, 2197, 2200, 2201, 2203, 2207]"
O11:Coculture:F11:Gef,diagonal,12,"[2185, 2188, 2206, 2191, 2194, 2195, 2197, 2198, 2200, 2203, 2204, 2207]"
O11:Coculture:F11:Gef,diagonal,13,"[2185, 2188, 2206, 2191, 2194, 2195, 2197, 2198, 2200, 2201, 2203, 2204, 2207]"
O11:Coculture:F11:Gef,diagonal,14,"[2185, 2188, 2206, 2191, 2192, 2194, 2195, 2197, 2198, 2200, 2201, 2203, 2204, 2207]"
O11:Coculture:F11:Gef,diagonal,15,"[2185, 2188, 2206, 2189, 2191, 2192, 2194, 2195, 2197, 2198, 2200, 2201, 2203, 2204, 2207]"
O11:Coculture:F11:Gef,diagonal,16,"[2185, 2188, 2206, 2186, 2189, 2191, 2192, 2194, 2195, 2197, 2198, 2200, 2201, 2203, 2204, 2207]"
O11:Coculture:F11:Oxa,joint,3,"[2137, 2140, 2158]"
O11:Coculture:F11:Oxa,joint,4,"[2137, 2140, 2158, 2149]"
O11:Coculture:F11:Oxa,joint,5,"[2137, 2140, 2158, 2146, 2152]"
O11:Coculture:F11:Oxa,joint,6,"[2137, 2140, 2158, 2138, 2146, 2152]"
O11:Coculture:F11:Oxa,joint,7,"[2137, 2140, 2158, 2138, 2146, 2149, 2155]"
O11:Coculture:F11:Oxa,joint,8,"[2137, 2140, 2158, 2138, 2146, 2149, 2152, 2155]"
O11:Coculture:F11:Oxa,joint,9,"[2137, 2140, 2158, 2138, 2146, 2147, 2149, 2152, 2155]"
O11:Coculture:F11:Oxa,joint,10,"[2137, 2140, 2158, 2138, 2146, 2147, 2149, 2152, 2155, 2159]"
O11:Coculture:F11:Oxa,joint,11,"[2137, 2140, 2158, 2138, 2146, 2147, 2149, 2152, 2153, 2155, 2159]"
O11:Coculture:F11:Oxa,joint,12,"[2137, 2140, 2158, 2138, 2143, 2146, 2147, 2149, 2152, 2153, 2155, 2159]"
O11:Coculture:F11:Oxa,joint,13,"[2137, 2140, 2158, 2138, 2143, 2146, 2147, 2149, 2150, 2152, 2155, 2156, 2159]"
O11:Coculture:F11:Oxa,joint,14,"[2137, 2140, 2158, 2138, 2143, 2146, 2147, 2149, 2150, 2152, 2153, 2155, 2156, 2159]"
O11:Coculture:F11:Oxa,joint,15,"[2137, 2140, 2158, 2138, 2141, 2143, 2146, 2147, 2149, 2150, 2152, 2153, 2155, 2156, 2159]"
O11:Coculture:F11:Oxa,joint,16,"[2137, 2140, 2158, 2138, 2141, 2143, 2144, 2146, 2147, 2149, 2150, 2152, 2153, 2155, 2156, 2159]"
O11:Coculture:F11:Oxa,diagonal,3,"[2137, 2140, 2158]"
O11:Coculture:F11:Oxa,diagonal,4,"[2137, 2140, 2158, 2149]"
O11:Coculture:F11:Oxa,diagonal,5,"[2137, 2140, 2158, 2146, 2152]"
O11:Coculture:F11:Oxa,diagonal,6,"[2137, 2140, 2158, 2146, 2149, 2155]"
O11:Coculture:F11:Oxa,diagonal,7,"[2137, 2140, 2158, 2146, 2149, 2152, 2155]"
O11:Coculture:F11:Oxa,diagonal,8,"[2137, 2140, 2158, 2146, 2147, 2152, 2153, 2159]"
O11:Coculture:F11:Oxa,diagonal,9,"[2137, 2140, 2158, 2146, 2147, 2149, 2152, 2155, 2159]"
O11:Coculture:F11:Oxa,diagonal,10,"[2137, 2140, 2158, 2146, 2147, 2149, 2152, 2153, 2155, 2159]"
O11:Coculture:F11:Oxa,diagonal,11,"[2137, 2140, 2158, 2143, 2146, 2147, 2149, 2152, 2153, 2155, 2159]"
O11:Coculture:F11:Oxa,diagonal,12,"[2137, 2140, 2158, 2143, 2146, 2147, 2149, 2152, 2153, 2155, 2156, 2159]"
O11:Coculture:F11:Oxa,diagonal,13,"[2137, 2140, 2158, 2143, 2146, 2147, 2149, 2150, 2152, 2153, 2155, 2156, 2159]"
O11:Coculture:F11:Oxa,diagonal,14,"[2137, 2140, 2158, 2143, 2144, 2146, 2147, 2149, 2150, 2152, 2153, 2155, 2156, 2159]"
O11:Coculture:F11:Oxa,diagonal,15,"[2137, 2140, 2158, 2141, 2143, 2144, 2146, 2147, 2149, 2150, 2152, 2153, 2155, 2156, 2159]"
O11:Coculture:F11:Oxa,diagonal,16,"[2137, 2140, 2158, 2138, 2141, 2143, 2144, 2146, 2147, 2149, 2150, 2152, 2153, 2155, 2156, 2159]"
O11:Coculture:F11:SN-38,joint,3,"[2161, 2164, 2182]"
O11:Coculture:F11:SN-38,joint,4,"[2161, 2164, 2182, 2173]"
O11:Coculture:F11:SN-38,joint,5,"[2161, 2164, 2182, 2162, 2173]"
O11:Coculture:F11:SN-38,joint,6,"[2161, 2164, 2182, 2162, 2170, 2176]"
O11:Coculture:F11:SN-38,joint,7,"[2161, 2164, 2182, 2162, 2170, 2173, 2179]"
O11:Coculture:F11:SN-38,joint,8,"[2161, 2164, 2182, 2162, 2170, 2171, 2176, 2179]"
O11:Coculture:F11:SN-38,joint,9,"[2161, 2164, 2182, 2162, 2170, 2171, 2176, 2177, 2183]"
O11:Coculture:F11:SN-38,joint,10,"[2161, 2164, 2182, 2162, 2170, 2171, 2173, 2176, 2179, 2183]"
O11:Coculture:F11:SN-38,joint,11,"[2161, 2164, 2182, 2162, 2167, 2170, 2173, 2174, 2176, 2179, 2183]"
O11:Coculture:F11:SN-38,joint,12,"[2161, 2164, 2182, 2162, 2167, 2170, 2171, 2173, 2176, 2177, 2179, 2183]"
O11:Coculture:F11:SN-38,joint,13,"[2161, 2164, 2182, 2162, 2167, 2170, 2171, 2173, 2176, 2177, 2179, 2180, 2183]"
O11:Coculture:F11:SN-38,joint,14,"[2161, 2164, 2182, 2162, 2167, 2170, 2171, 2173, 2174, 2176, 2177, 2179, 2180, 2183]"
O11:Coculture:F11:SN-38,joint,15,"[2161, 2164, 2182, 2162, 2167, 2168, 2170, 2171, 2173, 2174, 2176, 2177, 2179, 2180, 2183]"
O11:Coculture:F11:SN-38,joint,16,"[2161, 2164, 2182, 2162, 2165, 2167, 2168, 2170, 2171, 2173, 2174, 2176, 2177, 2179, 2180, 2183]"
O11:Coculture:F11:SN-38,diagonal,3,"[2161, 2164, 2182]"
O11:Coculture:F11:SN-38,diagonal,4,"[2161, 2164, 2182, 2173]"
O11:Coculture:F11:SN-38,diagonal,5,"[2161, 2164, 2182, 2170, 2176]"
O11:Coculture:F11:SN-38,diagonal,6,"[2161, 2164, 2182, 2170, 2173, 2179]"
O11:Coculture:F11:SN-38,diagonal,7,"[2161, 2164, 2182, 2170, 2171, 2176, 2179]"
O11:Coculture:F11:SN-38,diagonal,8,"[2161, 2164, 2182, 2170, 2171, 2176, 2177, 2183]"
O11:Coculture:F11:SN-38,diagonal,9,"[2161, 2164, 2182, 2167, 2170, 2173, 2176, 2179, 2183]"
O11:Coculture:F11:SN-38,diagonal,10,"[2161, 2164, 2182, 2167, 2170, 2171, 2176, 2177, 2179, 2183]"
O11:Coculture:F11:SN-38,diagonal,11,"[2161, 2164, 2182, 2167, 2170, 2171, 2173, 2176, 2177, 2179, 2183]"
O11:Coculture:F11:SN-38,diagonal,12,"[2161, 2164, 2182, 2167, 2168, 2170, 2173, 2174, 2176, 2179, 2180, 2183]"
O11:Coculture:F11:SN-38,diagonal,13,"[2161, 2164, 2182, 2167, 2168, 2170, 2171, 2173, 2176, 2177, 2179, 2180, 2183]"
O11:Coculture:F11:SN-38,diagonal,14,"[2161, 2164, 2182, 2167, 2168, 2170, 2171, 2173, 2174, 2176, 2177, 2179, 2180, 2183]"
O11:Coculture:F11:SN-38,diagonal,15,"[2161, 2164, 2182, 2165, 2167, 2168, 2170, 2171, 2173, 2174, 2176, 2177, 2179, 2180, 2183]"
O11:Coculture:F11:SN-38,diagonal,16,"[2161, 2164, 2182, 2162, 2165, 2167, 2168, 2170, 2171, 2173, 2174, 2176, 2177, 2179, 2180, 2183]"
O11:Coculture:F14:5-FU,joint,3,"[2209, 2212, 2230]"
O11:Coculture:F14:5-FU,joint,4,"[2209, 2212, 2230, 2221]"
O11:Coculture:F14:5-FU,joint,5,"[2209, 2212, 2230, 2218, 2224]"
O11:Coculture:F14:5-FU,joint,6,"[2209, 2212, 2230, 2210, 2218, 2224]"
O11:Coculture:F14:5-FU,joint,7,"[2209, 2212, 2230, 2210, 2218, 2221, 2227]"
O11:Coculture:F14:5-FU,joint,8,"[2209, 2212, 2230, 2210, 2218, 2221, 2224, 2227]"
O11:Coculture:F14:5-FU,joint,9,"[2209, 2212, 2230, 2210, 2218, 2219, 2221, 2224, 2227]"
O11:Coculture:F14:5-FU,joint,10,"[2209, 2212, 2230, 2210, 2218, 2219, 2221, 2224, 2227, 2231]"
O11:Coculture:F14:5-FU,joint,11,"[2209, 2212, 2230, 2210, 2218, 2219, 2221, 2224, 2225, 2227, 2231]"
O11:Coculture:F14:5-FU,joint,12,"[2209, 2212, 2230, 2210, 2215, 2218, 2219, 2221, 2224, 2225, 2227, 2231]"
O11:Coculture:F14:5-FU,joint,13,"[2209, 2212, 2230, 2210, 2215, 2218, 2219, 2221, 2222, 2224, 2227, 2228, 2231]"
O11:Coculture:F14:5-FU,joint,14,"[2209, 2212, 2230, 2210, 2215, 2218, 2219, 2221, 2222, 2224, 2225, 2227, 2228, 2231]"
O11:Coculture:F14:5-FU,joint,15,"[2209, 2212, 2230, 2210, 2213, 2215, 2218, 2219, 2221, 2222, 2224, 2225, 2227, 2228, 2231]"
O11:Coculture:F14:5-FU,joint,16,"[2209, 2212, 2230, 2210, 2213, 2215, 2216, 2218, 2219, 2221, 2222, 2224, 2225, 2227, 2228, 2231]"
O11:Coculture:F14:5-FU,diagonal,3,"[2209, 2212, 2230]"
O11:Coculture:F14:5-FU,diagonal,4,"[2209, 2212, 2230, 2221]"
O11:Coculture:F14:5-FU,diagonal,5,"[2209, 2212, 2230, 2218, 2224]"
O11:Coculture:F14:5-FU,diagonal,6,"[2209, 2212, 2230, 2218, 2221, 2227]"
O11:Coculture:F14:5-FU,diagonal,7,"[2209, 2212, 2230, 2218, 2221, 2224, 2227]"
O11:Coculture:F14:5-FU,diagonal,8,"[2209, 2212, 2230, 2218, 2219, 2224, 2225, 2231]"
O11:Coculture:F14:5-FU,diagonal,9,"[2209, 2212, 2230, 2218, 2219, 2221, 2224, 2227, 2231]"
O11:Coculture:F14:5-FU,diagonal,10,"[2209, 2212, 2230, 2218, 2219, 2221, 2224, 2225, 2227, 2231]"
O11:Coculture:F14:5-FU,diagonal,11,"[2209, 2212, 2230, 2215, 2218, 2219, 2221, 2224, 2225, 2227, 2231]"
O11:Coculture:F14:5-FU,diagonal,12,"[2209, 2212, 2230, 2215, 2218, 2219, 2221, 2224, 2225, 2227, 2228, 2231]"
O11:Coculture:F14:5-FU,diagonal,13,"[2209, 2212, 2230, 2215, 2218, 2219, 2221, 2222, 2224, 2225, 2227, 2228, 2231]"
O11:Coculture:F14:5-FU,diagonal,14,"[2209, 2212, 2230, 2215, 2216, 2218, 2219, 2221, 2222, 2224, 2225, 2227, 2228, 2231]"
O11:Coculture:F14:5-FU,diagonal,15,"[2209, 2212, 2230, 2213, 2215, 2216, 2218, 2219, 2221, 2222, 2224, 2225, 2227, 2228, 2231]"
O11:Coculture:F14:5-FU,diagonal,16,"[2209, 2212, 2230, 2210, 2213, 2215, 2216, 2218, 2219, 2221, 2222, 2224, 2225, 2227, 2228, 2231]"
O11:Coculture:F14:Gef,joint,3,"[2281, 2284, 2302]"
O11:Coculture:F14:Gef,joint,4,"[2281, 2284, 2302, 2293]"
O11:Coculture:F14:Gef,joint,5,"[2281, 2284, 2302, 2290, 2296]"
O11:Coculture:F14:Gef,joint,6,"[2281, 2284, 2302, 2282, 2290, 2296]"
O11:Coculture:F14:Gef,joint,7,"[2281, 2284, 2302, 2282, 2290, 2293, 2299]"
O11:Coculture:F14:Gef,joint,8,"[2281, 2284, 2302, 2282, 2290, 2293, 2296, 2299]"
O11:Coculture:F14:Gef,joint,9,"[2281, 2284, 2302, 2282, 2290, 2291, 2293, 2296, 2299]"
O11:Coculture:F14:Gef,joint,10,"[2281, 2284, 2302, 2282, 2290, 2291, 2293, 2296, 2299, 2303]"
O11:Coculture:F14:Gef,joint,11,"[2281, 2284, 2302, 2282, 2290, 2291, 2293, 2296, 2297, 2299, 2303]"
O11:Coculture:F14:Gef,joint,12,"[2281, 2284, 2302, 2282, 2287, 2290, 2291, 2293, 2296, 2297, 2299, 2303]"
O11:Coculture:F14:Gef,joint,13,"[2281, 2284, 2302, 2282, 2285, 2287, 2290, 2291, 2293, 2296, 2297, 2299, 2303]"
O11:Coculture:F14:Gef,joint,14,"[2281, 2284, 2302, 2282, 2285, 2287, 2290, 2291, 2293, 2294, 2296, 2299, 2300, 2303]"
O11:Coculture:F14:Gef,joint,15,"[2281, 2284, 2302, 2282, 2285, 2287, 2290, 2291, 2293, 2294, 2296, 2297, 2299, 2300, 2303]"
O11:Coculture:F14:Gef,joint,16,"[2281, 2284, 2302, 2282, 2285, 2287, 2288, 2290, 2291, 2293, 2294, 2296, 2297, 2299, 2300, 2303]"
O11:Coculture:F14:Gef,diagonal,3,"[2281, 2284, 2302]"
O11:Coculture:F14:Gef,diagonal,4,"[2281, 2284, 2302, 2293]"
O11:Coculture:F14:Gef,diagonal,5,"[2281, 2284, 2302, 2290, 2296]"
O11:Coculture:F14:Gef,diagonal,6,"[2281, 2284, 2302, 2290, 2293, 2299]"
O11:Coculture:F14:Gef,diagonal,7,"[2281, 2284, 2302, 2290, 2293, 2296, 2299]"
O11:Coculture:F14:Gef,diagonal,8,"[2281, 2284, 2302, 2290, 2291, 2296, 2297, 2303]"
O11:Coculture:F14:Gef,diagonal,9,"[2281, 2284, 2302, 2290, 2291, 2293, 2296, 2299, 2303]"
O11:Coculture:F14:Gef,diagonal,10,"[2281, 2284, 2302, 2290, 2291, 2293, 2296, 2297, 2299, 2303]"
O11:Coculture:F14:Gef,diagonal,11,"[2281, 2284, 2302, 2287, 2290, 2291, 2293, 2296, 2297, 2299, 2303]"
O11:Coculture:F14:Gef,diagonal,12,"[2281, 2284, 2302, 2287, 2290, 2291, 2293, 2294, 2296, 2299, 2300, 2303]"
O11:Coculture:F14:Gef,diagonal,13,"[2281, 2284, 2302, 2287, 2290, 2291, 2293, 2294, 2296, 2297, 2299, 2300, 2303]"
O11:Coculture:F14:Gef,diagonal,14,"[2281, 2284, 2302, 2287, 2288, 2290, 2291, 2293, 2294, 2296, 2297, 2299, 2300, 2303]"
O11:Coculture:F14:Gef,diagonal,15,"[2281, 2284, 2302, 2285, 2287, 2288, 2290, 2291, 2293, 2294, 2296, 2297, 2299, 2300, 2303]"
O11:Coculture:F14:Gef,diagonal,16,"[2281, 2284, 2302, 2282, 2285, 2287, 2288, 2290, 2291, 2293, 2294, 2296, 2297, 2299, 2300, 2303]"
O11:Coculture:F14:Oxa,joint,3,"[2233, 2236, 2254]"
O11:Coculture:F14:Oxa,joint,4,"[2233, 2236, 2254, 2245]"
O11:Coculture:F14:Oxa,joint,5,"[2233, 2236, 2254, 2242, 2248]"
O11:Coculture:F14:Oxa,joint,6,"[2233, 2236, 2254, 2234, 2242, 2248]"
O11:Coculture:F14:Oxa,joint,7,"[2233, 2236, 2254, 2234, 2242, 2245, 2251]"
O11:Coculture:F14:Oxa,joint,8,"[2233, 2236, 2254, 2234, 2242, 2245, 2248, 2251]"
O11:Coculture:F14:Oxa,joint,9,"[2233, 2236, 2254, 2234, 2242, 2243, 2245, 2248, 2251]"
O11:Coculture:F14:Oxa,joint,10,"[2233, 2236, 2254, 2234, 2242, 2243, 2245, 2248, 2251, 2255]"
O11:Coculture:F14:Oxa,joint,11,"[2233, 2236, 2254, 2234, 2242, 2243, 2245, 2248, 2249, 2251, 2255]"
O11:Coculture:F14:Oxa,joint,12,"[2233, 2236, 2254, 2234, 2239, 2242, 2243, 2245, 2248, 2249, 2251, 2255]"
O11:Coculture:F14:Oxa,joint,13,"[2233, 2236, 2254, 2234, 2239, 2242, 2243, 2245, 2246, 2248, 2251, 2252, 2255]"
O11:Coculture:F14:Oxa,joint,14,"[2233, 2236, 2254, 2234, 2239, 2242, 2243, 2245, 2246, 2248, 2249, 2251, 2252, 2255]"
O11:Coculture:F14:Oxa,joint,15,"[2233, 2236, 2254, 2234, 2237, 2239, 2242, 2243, 2245, 2246, 2248, 2249, 2251, 2252, 2255]"
O11:Coculture:F14:Oxa,joint,16,"[2233, 2236, 2254, 2234, 2237, 2239, 2240, 2242, 2243, 2245, 2246, 2248, 2249, 2251, 2252, 2255]"
O11:Coculture:F14:Oxa,diagonal,3,"[2233, 2236, 2254]"
O11:Coculture:F14:Oxa,diagonal,4,"[2233, 2236, 2254, 2245]"
O11:Coculture:F14:Oxa,diagonal,5,"[2233, 2236, 2254, 2242, 2248]"
O11:Coculture:F14:Oxa,diagonal,6,"[2233, 2236, 2254, 2242, 2245, 2251]"
O11:Coculture:F14:Oxa,diagonal,7,"[2233, 2236, 2254, 2242, 2245, 2248, 2251]"
O11:Coculture:F14:Oxa,diagonal,8,"[2233, 2236, 2254, 2242, 2243, 2248, 2249, 2255]"
O11:Coculture:F14:Oxa,diagonal,9,"[2233, 2236, 2254, 2242, 2243, 2245, 2248, 2251, 2255]"
O11:Coculture:F14:Oxa,diagonal,10,"[2233, 2236, 2254, 2242, 2243, 2245, 2248, 2249, 2251, 2255]"
O11:Coculture:F14:Oxa,diagonal,11,"[2233, 2236, 2254, 2239, 2242, 2243, 2245, 2248, 2249, 2251, 2255]"
O11:Coculture:F14:Oxa,diagonal,12,"[2233, 2236, 2254, 2239, 2242, 2243, 2245, 2248, 2249, 2251, 2252, 2255]"
O11:Coculture:F14:Oxa,diagonal,13,"[2233, 2236, 2254, 2239, 2242, 2243, 2245, 2246, 2248, 2249, 2251, 2252, 2255]"
O11:Coculture:F14:Oxa,diagonal,14,"[2233, 2236, 2254, 2239, 2240, 2242, 2243, 2245, 2246, 2248, 2249, 2251, 2252, 2255]"
O11:Coculture:F14:Oxa,diagonal,15,"[2233, 2236, 2254, 2237, 2239, 2240, 2242, 2243, 2245, 2246, 2248, 2249, 2251, 2252, 2255]"
O11:Coculture:F14:Oxa,diagonal,16,"[2233, 2236, 2254, 2234, 2237, 2239, 2240, 2242, 2243, 2245, 2246, 2248, 2249, 2251, 2252, 2255]"
O11:Coculture:F14:SN-38,joint,3,"[2257, 2260, 2278]"
O11:Coculture:F14:SN-38,joint,4,"[2257, 2260, 2278, 2269]"
O11:Coculture:F14:SN-38,joint,5,"[2257, 2260, 2278, 2258, 2269]"
O11:Coculture:F14:SN-38,joint,6,"[2257, 2260, 2278, 2258, 2266, 2272]"
O11:Coculture:F14:SN-38,joint,7,"[2257, 2260, 2278, 2258, 2266, 2269, 2275]"
O11:Coculture:F14:SN-38,joint,8,"[2257, 2260, 2278, 2258, 2266, 2267, 2272, 2275]"
O11:Coculture:F14:SN-38,joint,9,"[2257, 2260, 2278, 2258, 2266, 2267, 2272, 2273, 2279]"
O11:Coculture:F14:SN-38,joint,10,"[2257, 2260, 2278, 2258, 2266, 2267, 2269, 2272, 2275, 2279]"
O11:Coculture:F14:SN-38,joint,11,"[2257, 2260, 2278, 2258, 2263, 2266, 2269, 2270, 2272, 2275, 2279]"
O11:Coculture:F14:SN-38,joint,12,"[2257, 2260, 2278, 2258, 2263, 2266, 2267, 2269, 2272, 2273, 2275, 2279]"
O11:Coculture:F14:SN-38,joint,13,"[2257, 2260, 2278, 2258, 2263, 2266, 2267, 2269, 2272, 2273, 2275, 2276, 2279]"
O11:Coculture:F14:SN-38,joint,14,"[2257, 2260, 2278, 2258, 2263, 2266, 2267, 2269, 2270, 2272, 2273, 2275, 2276, 2279]"
O11:Coculture:F14:SN-38,joint,15,"[2257, 2260, 2278, 2258, 2263, 2264, 2266, 2267, 2269, 2270, 2272, 2273, 2275, 2276, 2279]"
O11:Coculture:F14:SN-38,joint,16,"[2257, 2260, 2278, 2258, 2261, 2263, 2264, 2266, 2267, 2269, 2270, 2272, 2273, 2275, 2276, 2279]"
O11:Coculture:F14:SN-38,diagonal,3,"[2257, 2260, 2278]"
O11:Coculture:F14:SN-38,diagonal,4,"[2257, 2260, 2278, 2269]"
O11:Coculture:F14:SN-38,diagonal,5,"[2257, 2260, 2278, 2266, 2272]"
O11:Coculture:F14:SN-38,diagonal,6,"[2257, 2260, 2278, 2266, 2269, 2275]"
O11:Coculture:F14:SN-38,diagonal,7,"[2257, 2260, 2278, 2266, 2267, 2272, 2275]"
O11:Coculture:F14:SN-38,diagonal,8,"[2257, 2260, 2278, 2266, 2267, 2272, 2273, 2279]"
O11:Coculture:F14:SN-38,diagonal,9,"[2257, 2260, 2278, 2263, 2266, 2269, 2272, 2275, 2279]"
O11:Coculture:F14:SN-38,diagonal,10,"[2257, 2260, 2278, 2263, 2266, 2267, 2272, 2273, 2275, 2279]"
O11:Coculture:F14:SN-38,diagonal,11,"[2257, 2260, 2278, 2263, 2266, 2267, 2269, 2272, 2273, 2275, 2279]"
O11:Coculture:F14:SN-38,diagonal,12,"[2257, 2260, 2278, 2263, 2264, 2266, 2269, 2270, 2272, 2275, 2276, 2279]"
O11:Coculture:F14:SN-38,diagonal,13,"[2257, 2260, 2278, 2263, 2264, 2266, 2267, 2269, 2272, 2273, 2275, 2276, 2279]"
O11:Coculture:F14:SN-38,diagonal,14,"[2257, 2260, 2278, 2263, 2264, 2266, 2267, 2269, 2270, 2272, 2273, 2275, 2276, 2279]"
O11:Coculture:F14:SN-38,diagonal,15,"[2257, 2260, 2278, 2261, 2263, 2264, 2266, 2267, 2269, 2270, 2272, 2273, 2275, 2276, 2279]"
O11:Coculture:F14:SN-38,diagonal,16,"[2257, 2260, 2278, 2258, 2261, 2263, 2264, 2266, 2267, 2269, 2270, 2272, 2273, 2275, 2276, 2279]"
O11:Coculture:F17:5-FU,joint,3,"[2305, 2308, 2326]"
O11:Coculture:F17:5-FU,joint,4,"[2305, 2308, 2326, 2317]"
O11:Coculture:F17:5-FU,joint,5,"[2305, 2308, 2326, 2314, 2320]"
O11:Coculture:F17:5-FU,joint,6,"[2305, 2308, 2326, 2306, 2314, 2320]"
O11:Coculture:F17:5-FU,joint,7,"[2305, 2308, 2326, 2306, 2314, 2317, 2323]"
O11:Coculture:F17:5-FU,joint,8,"[2305, 2308, 2326, 2306, 2314, 2317, 2320, 2323]"
O11:Coculture:F17:5-FU,joint,9,"[2305, 2308, 2326, 2306, 2314, 2315, 2317, 2320, 2323]"
O11:Coculture:F17:5-FU,joint,10,"[2305, 2308, 2326, 2306, 2314, 2315, 2317, 2320, 2323, 2327]"
O11:Coculture:F17:5-FU,joint,11,"[2305, 2308, 2326, 2306, 2314, 2315, 2317, 2320, 2321, 2323, 2327]"
O11:Coculture:F17:5-FU,joint,12,"[2305, 2308, 2326, 2306, 2311, 2314, 2315, 2317, 2320, 2321, 2323, 2327]"
O11:Coculture:F17:5-FU,joint,13,"[2305, 2308, 2326, 2306, 2311, 2314, 2315, 2317, 2318, 2320, 2323, 2324, 2327]"
O11:Coculture:F17:5-FU,joint,14,"[2305, 2308, 2326, 2306, 2311, 2314, 2315, 2317, 2318, 2320, 2321, 2323, 2324, 2327]"
O11:Coculture:F17:5-FU,joint,15,"[2305, 2308, 2326, 2306, 2309, 2311, 2314, 2315, 2317, 2318, 2320, 2321, 2323, 2324, 2327]"
O11:Coculture:F17:5-FU,joint,16,"[2305, 2308, 2326, 2306, 2309, 2311, 2312, 2314, 2315, 2317, 2318, 2320, 2321, 2323, 2324, 2327]"
O11:Coculture:F17:5-FU,diagonal,3,"[2305, 2308, 2326]"
O11:Coculture:F17:5-FU,diagonal,4,"[2305, 2308, 2326, 2317]"
O11:Coculture:F17:5-FU,diagonal,5,"[2305, 2308, 2326, 2314, 2320]"
O11:Coculture:F17:5-FU,diagonal,6,"[2305, 2308, 2326, 2314, 2317, 2323]"
O11:Coculture:F17:5-FU,diagonal,7,"[2305, 2308, 2326, 2314, 2317, 2320, 2323]"
O11:Coculture:F17:5-FU,diagonal,8,"[2305, 2308, 2326, 2314, 2315, 2320, 2321, 2327]"
O11:Coculture:F17:5-FU,diagonal,9,"[2305, 2308, 2326, 2314, 2315, 2317, 2320, 2323, 2327]"
O11:Coculture:F17:5-FU,diagonal,10,"[2305, 2308, 2326, 2314, 2315, 2317, 2320, 2321, 2323, 2327]"
O11:Coculture:F17:5-FU,diagonal,11,"[2305, 2308, 2326, 2311, 2314, 2315, 2317, 2320, 2321, 2323, 2327]"
O11:Coculture:F17:5-FU,diagonal,12,"[2305, 2308, 2326, 2311, 2314, 2315, 2317, 2320, 2321, 2323, 2324, 2327]"
O11:Coculture:F17:5-FU,diagonal,13,"[2305, 2308, 2326, 2311, 2314, 2315, 2317, 2318, 2320, 2321, 2323, 2324, 2327]"
O11:Coculture:F17:5-FU,diagonal,14,"[2305, 2308, 2326, 2311, 2312, 2314, 2315, 2317, 2318, 2320, 2321, 2323, 2324, 2327]"
O11:Coculture:F17:5-FU,diagonal,15,"[2305, 2308, 2326, 2309, 2311, 2312, 2314, 2315, 2317, 2318, 2320, 2321, 2323, 2324, 2327]"
O11:Coculture:F17:5-FU,diagonal,16,"[2305, 2308, 2326, 2306, 2309, 2311, 2312, 2314, 2315, 2317, 2318, 2320, 2321, 2323, 2324, 2327]"
O11:Coculture:F17:Gef,joint,3,"[2377, 2380, 2398]"
O11:Coculture:F17:Gef,joint,4,"[2377, 2380, 2398, 2389]"
O11:Coculture:F17:Gef,joint,5,"[2377, 2380, 2398, 2386, 2392]"
O11:Coculture:F17:Gef,joint,6,"[2377, 2380, 2398, 2378, 2386, 2392]"
O11:Coculture:F17:Gef,joint,7,"[2377, 2380, 2398, 2378, 2386, 2389, 2395]"
O11:Coculture:F17:Gef,joint,8,"[2377, 2380, 2398, 2378, 2386, 2389, 2392, 2395]"
O11:Coculture:F17:Gef,joint,9,"[2377, 2380, 2398, 2378, 2386, 2387, 2389, 2392, 2395]"
O11:Coculture:F17:Gef,joint,10,"[2377, 2380, 2398, 2378, 2386, 2387, 2389, 2392, 2395, 2399]"
O11:Coculture:F17:Gef,joint,11,"[2377, 2380, 2398, 2378, 2386, 2387, 2389, 2392, 2393, 2395, 2399]"
O11:Coculture:F17:Gef,joint,12,"[2377, 2380, 2398, 2378, 2383, 2386, 2387, 2389, 2392, 2393, 2395, 2399]"
O11:Coculture:F17:Gef,joint,13,"[2377, 2380, 2398, 2378, 2381, 2383, 2386, 2387, 2389, 2392, 2393, 2395, 2399]"
O11:Coculture:F17:Gef,joint,14,"[2377, 2380, 2398, 2378, 2381, 2383, 2386, 2387, 2389, 2390, 2392, 2395, 2396, 2399]"
O11:Coculture:F17:Gef,joint,15,"[2377, 2380, 2398, 2378, 2381, 2383, 2386, 2387, 2389, 2390, 2392, 2393, 2395, 2396, 2399]"
O11:Coculture:F17:Gef,joint,16,"[2377, 2380, 2398, 2378, 2381, 2383, 2384, 2386, 2387, 2389, 2390, 2392, 2393, 2395, 2396, 2399]"
O11:Coculture:F17:Gef,diagonal,3,"[2377, 2380, 2398]"
O11:Coculture:F17:Gef,diagonal,4,"[2377, 2380, 2398, 2389]"
O11:Coculture:F17:Gef,diagonal,5,"[2377, 2380, 2398, 2386, 2392]"
O11:Coculture:F17:Gef,diagonal,6,"[2377, 2380, 2398, 2386, 2389, 2395]"
O11:Coculture:F17:Gef,diagonal,7,"[2377, 2380, 2398, 2386, 2389, 2392, 2395]"
O11:Coculture:F17:Gef,diagonal,8,"[2377, 2380, 2398, 2386, 2387, 2392, 2393, 2399]"
O11:Coculture:F17:Gef,diagonal,9,"[2377, 2380, 2398, 2386, 2387, 2389, 2392, 2395, 2399]"
O11:Coculture:F17:Gef,diagonal,10,"[2377, 2380, 2398, 2386, 2387, 2389, 2392, 2393, 2395, 2399]"
O11:Coculture:F17:Gef,diagonal,11,"[2377, 2380, 2398, 2383, 2386, 2387, 2389, 2392, 2393, 2395, 2399]"
O11:Coculture:F17:Gef,diagonal,12,"[2377, 2380, 2398, 2383, 2386, 2387, 2389, 2390, 2392, 2395, 2396, 2399]"
O11:Coculture:F17:Gef,diagonal,13,"[2377, 2380, 2398, 2383, 2386, 2387, 2389, 2390, 2392, 2393, 2395, 2396, 2399]"
O11:Coculture:F17:Gef,diagonal,14,"[2377, 2380, 2398, 2383, 2384, 2386, 2387, 2389, 2390, 2392, 2393, 2395, 2396, 2399]"
O11:Coculture:F17:Gef,diagonal,15,"[2377, 2380, 2398, 2381, 2383, 2384, 2386, 2387, 2389, 2390, 2392, 2393, 2395, 2396, 2399]"
O11:Coculture:F17:Gef,diagonal,16,"[2377, 2380, 2398, 2378, 2381, 2383, 2384, 2386, 2387, 2389, 2390, 2392, 2393, 2395, 2396, 2399]"
O11:Coculture:F17:Oxa,joint,3,"[2329, 2332, 2350]"
O11:Coculture:F17:Oxa,joint,4,"[2329, 2332, 2350, 2341]"
O11:Coculture:F17:Oxa,joint,5,"[2329, 2332, 2350, 2338, 2344]"
O11:Coculture:F17:Oxa,joint,6,"[2329, 2332, 2350, 2330, 2338, 2344]"
O11:Coculture:F17:Oxa,joint,7,"[2329, 2332, 2350, 2330, 2338, 2341, 2347]"
O11:Coculture:F17:Oxa,joint,8,"[2329, 2332, 2350, 2330, 2338, 2341, 2344, 2347]"
O11:Coculture:F17:Oxa,joint,9,"[2329, 2332, 2350, 2330, 2338, 2339, 2341, 2344, 2347]"
O11:Coculture:F17:Oxa,joint,10,"[2329, 2332, 2350, 2330, 2338, 2339, 2341, 2344, 2347, 2351]"
O11:Coculture:F17:Oxa,joint,11,"[2329, 2332, 2350, 2330, 2338, 2339, 2341, 2344, 2345, 2347, 2351]"
O11:Coculture:F17:Oxa,joint,12,"[2329, 2332, 2350, 2330, 2335, 2338, 2339, 2341, 2344, 2345, 2347, 2351]"
O11:Coculture:F17:Oxa,joint,13,"[2329, 2332, 2350, 2330, 2335, 2338, 2339, 2341, 2342, 2344, 2347, 2348, 2351]"
O11:Coculture:F17:Oxa,joint,14,"[2329, 2332, 2350, 2330, 2335, 2338, 2339, 2341, 2342, 2344, 2345, 2347, 2348, 2351]"
O11:Coculture:F17:Oxa,joint,15,"[2329, 2332, 2350, 2330, 2333, 2335, 2338, 2339, 2341, 2342, 2344, 2345, 2347, 2348, 2351]"
O11:Coculture:F17:Oxa,joint,16,"[2329, 2332, 2350, 2330, 2333, 2335, 2336, 2338, 2339, 2341, 2342, 2344, 2345, 2347, 2348, 2351]"
O11:Coculture:F17:Oxa,diagonal,3,"[2329, 2332, 2350]"
O11:Coculture:F17:Oxa,diagonal,4,"[2329, 2332, 2350, 2341]"
O11:Coculture:F17:Oxa,diagonal,5,"[2329, 2332, 2350, 2338, 2344]"
O11:Coculture:F17:Oxa,diagonal,6,"[2329, 2332, 2350, 2338, 2341, 2347]"
O11:Coculture:F17:Oxa,diagonal,7,"[2329, 2332, 2350, 2338, 2341, 2344, 2347]"
O11:Coculture:F17:Oxa,diagonal,8,"[2329, 2332, 2350, 2338, 2339, 2344, 2345, 2351]"
O11:Coculture:F17:Oxa,diagonal,9,"[2329, 2332, 2350, 2338, 2339, 2341, 2344, 2347, 2351]"
O11:Coculture:F17:Oxa,diagonal,10,"[2329, 2332, 2350, 2338, 2339, 2341, 2344, 2345, 2347, 2351]"
O11:Coculture:F17:Oxa,diagonal,11,"[2329, 2332, 2350, 2335, 2338, 2339, 2341, 2344, 2345, 2347, 2351]"
O11:Coculture:F17:Oxa,diagonal,12,"[2329, 2332, 2350, 2335, 2338, 2339, 2341, 2344, 2345, 2347, 2348, 2351]"
O11:Coculture:F17:Oxa,diagonal,13,"[2329, 2332, 2350, 2335, 2338, 2339, 2341, 2342, 2344, 2345, 2347, 2348, 2351]"
O11:Coculture:F17:Oxa,diagonal,14,"[2329, 2332, 2350, 2335, 2336, 2338, 2339, 2341, 2342, 2344, 2345, 2347, 2348, 2351]"
O11:Coculture:F17:Oxa,diagonal,15,"[2329, 2332, 2350, 2333, 2335, 2336, 2338, 2339, 2341, 2342, 2344, 2345, 2347, 2348, 2351]"
O11:Coculture:F17:Oxa,diagonal,16,"[2329, 2332, 2350, 2330, 2333, 2335, 2336, 2338, 2339, 2341, 2342, 2344, 2345, 2347, 2348, 2351]"
O11:Coculture:F17:SN-38,joint,3,"[2353, 2356, 2374]"
O11:Coculture:F17:SN-38,joint,4,"[2353, 2356, 2374, 2365]"
O11:Coculture:F17:SN-38,joint,5,"[2353, 2356, 2374, 2354, 2365]"
O11:Coculture:F17:SN-38,joint,6,"[2353, 2356, 2374, 2354, 2362, 2368]"
O11:Coculture:F17:SN-38,joint,7,"[2353, 2356, 2374, 2354, 2362, 2365, 2371]"
O11:Coculture:F17:SN-38,joint,8,"[2353, 2356, 2374, 2354, 2362, 2363, 2368, 2371]"
O11:Coculture:F17:SN-38,joint,9,"[2353, 2356, 2374, 2354, 2362, 2363, 2368, 2369, 2375]"
O11:Coculture:F17:SN-38,joint,10,"[2353, 2356, 2374, 2354, 2362, 2363, 2365, 2368, 2371, 2375]"
O11:Coculture:F17:SN-38,joint,11,"[2353, 2356, 2374, 2354, 2359, 2362, 2365, 2366, 2368, 2371, 2375]"
O11:Coculture:F17:SN-38,joint,12,"[2353, 2356, 2374, 2354, 2359, 2362, 2363, 2365, 2368, 2369, 2371, 2375]"
O11:Coculture:F17:SN-38,joint,13,"[2353, 2356, 2374, 2354, 2359, 2362, 2363, 2365, 2368, 2369, 2371, 2372, 2375]"
O11:Coculture:F17:SN-38,joint,14,"[2353, 2356, 2374, 2354, 2359, 2362, 2363, 2365, 2366, 2368, 2369, 2371, 2372, 2375]"
O11:Coculture:F17:SN-38,joint,15,"[2353, 2356, 2374, 2354, 2359, 2360, 2362, 2363, 2365, 2366, 2368, 2369, 2371, 2372, 2375]"
O11:Coculture:F17:SN-38,joint,16,"[2353, 2356, 2374, 2354, 2357, 2359, 2360, 2362, 2363, 2365, 2366, 2368, 2369, 2371, 2372, 2375]"
O11:Coculture:F17:SN-38,diagonal,3,"[2353, 2356, 2374]"
O11:Coculture:F17:SN-38,diagonal,4,"[2353, 2356, 2374, 2365]"
O11:Coculture:F17:SN-38,diagonal,5,"[2353, 2356, 2374, 2362, 2368]"
O11:Coculture:F17:SN-38,diagonal,6,"[2353, 2356, 2374, 2362, 2365, 2371]"
O11:Coculture:F17:SN-38,diagonal,7,"[2353, 2356, 2374, 2362, 2363, 2368, 2371]"
O11:Coculture:F17:SN-38,diagonal,8,"[2353, 2356, 2374, 2362, 2363, 2368, 2369, 2375]"
O11:Coculture:F17:SN-38,diagonal,9,"[2353, 2356, 2374, 2359, 2362, 2365, 2368, 2371, 2375]"
O11:Coculture:F17:SN-38,diagonal,10,"[2353, 2356, 2374, 2359, 2362, 2363, 2368, 2369, 2371, 2375]"
O11:Coculture:F17:SN-38,diagonal,11,"[2353, 2356, 2374, 2359, 2362, 2363, 2365, 2368, 2369, 2371, 2375]"
O11:Coculture:F17:SN-38,diagonal,12,"[2353, 2356, 2374, 2359, 2360, 2362, 2365, 2366, 2368, 2371, 2372, 2375]"
O11:Coculture:F17:SN-38,diagonal,13,"[2353, 2356, 2374, 2359, 2360, 2362, 2363, 2365, 2368, 2369, 2371, 2372, 2375]"
O11:Coculture:F17:SN-38,diagonal,14,"[2353, 2356, 2374, 2359, 2360, 2362, 2363, 2365, 2366, 2368, 2369, 2371, 2372, 2375]"
O11:Coculture:F17:SN-38,diagonal,15,"[2353, 2356, 2374, 2357, 2359, 2360, 2362, 2363, 2365, 2366, 2368, 2369, 2371, 2372, 2375]"
O11:Coculture:F17:SN-38,diagonal,16,"[2353, 2356, 2374, 2354, 2357, 2359, 2360, 2362, 2363, 2365, 2366, 2368, 2369, 2371, 2372, 2375]"
O11:Monoculture::5-FU,joint,3,"[2017, 2020, 2038]"
O11:Monoculture::5-FU,joint,4,"[2017, 2020, 2038, 2029]"
O11:Monoculture::5-FU,joint,5,"[2017, 2020, 2038, 2026, 2032]"
O11:Monoculture::5-FU,joint,6,"[2017, 2020, 2038, 2018, 2026, 2032]"
O11:Monoculture::5-FU,joint,7,"[2017, 2020, 2038, 2018, 2026, 2029, 2035]"
O11:Monoculture::5-FU,joint,8,"[2017, 2020, 2038, 2018, 2026, 2029, 2032, 2035]"
O11:Monoculture::5-FU,joint,9,"[2017, 2020, 2038, 2018, 2026, 2027, 2029, 2032, 2035]"
O11:Monoculture::5-FU,joint,10,"[2017, 2020, 2038, 2018, 2026, 2027, 2029, 2032, 2035, 2039]"
O11:Monoculture::5-FU,joint,11,"[2017, 2020, 2038, 2018, 2026, 2027, 2029, 2032, 2033, 2035, 2039]"
O11:Monoculture::5-FU,joint,12,"[2017, 2020, 2038, 2018, 2023, 2026, 2027, 2029, 2032, 2033, 2035, 2039]"
O11:Monoculture::5-FU,joint,13,"[2017, 2020, 2038, 2018, 2023, 2026, 2027, 2029, 2030, 2032, 2035, 2036, 2039]"
O11:Monoculture::5-FU,joint,14,"[2017, 2020, 2038, 2018, 2023, 2026, 2027, 2029, 2030, 2032, 2033, 2035, 2036, 2039]"
O11:Monoculture::5-FU,joint,15,"[2017, 2020, 2038, 2018, 2021, 2023, 2026, 2027, 2029, 2030, 2032, 2033, 2035, 2036, 2039]"
O11:Monoculture::5-FU,joint,16,"[2017, 2020, 2038, 2018, 2021, 2023, 2024, 2026, 2027, 2029, 2030, 2032, 2033, 2035, 2036, 2039]"
O11:Monoculture::5-FU,diagonal,3,"[2017, 2020, 2038]"
O11:Monoculture::5-FU,diagonal,4,"[2017, 2020, 2038, 2029]"
O11:Monoculture::5-FU,diagonal,5,"[2017, 2020, 2038, 2026, 2032]"
O11:Monoculture::5-FU,diagonal,6,"[2017, 2020, 2038, 2026, 2029, 2035]"
O11:Monoculture::5-FU,diagonal,7,"[2017, 2020, 2038, 2026, 2029, 2032, 2035]"
O11:Monoculture::5-FU,diagonal,8,"[2017, 2020, 2038, 2026, 2027, 2032, 2033, 2039]"
O11:Monoculture::5-FU,diagonal,9,"[2017, 2020, 2038, 2026, 2027, 2029, 2032, 2035, 2039]"
O11:Monoculture::5-FU,diagonal,10,"[2017, 2020, 2038, 2026, 2027, 2029, 2032, 2033, 2035, 2039]"
O11:Monoculture::5-FU,diagonal,11,"[2017, 2020, 2038, 2023, 2026, 2027, 2029, 2032, 2033, 2035, 2039]"
O11:Monoculture::5-FU,diagonal,12,"[2017, 2020, 2038, 2023, 2026, 2027, 2029, 2032, 2033, 2035, 2036, 2039]"
O11:Monoculture::5-FU,diagonal,13,"[2017, 2020, 2038, 2023, 2026, 2027, 2029, 2030, 2032, 2033, 2035, 2036, 2039]"
O11:Monoculture::5-FU,diagonal,14,"[2017, 2020, 2038, 2023, 2024, 2026, 2027, 2029, 2030, 2032, 2033, 2035, 2036, 2039]"
O11:Monoculture::5-FU,diagonal,15,"[2017, 2020, 2038, 2021, 2023, 2024, 2026, 2027, 2029, 2030, 2032, 2033, 2035, 2036, 2039]"
O11:Monoculture::5-FU,diagonal,16,"[2017, 2020, 2038, 2018, 2021, 2023, 2024, 2026, 2027, 2029, 2030, 2032, 2033, 2035, 2036, 2039]"
O11:Monoculture::Gef,joint,3,"[2089, 2092, 2110]"
O11:Monoculture::Gef,joint,4,"[2089, 2092, 2110, 2101]"
O11:Monoculture::Gef,joint,5,"[2089, 2092, 2110, 2098, 2104]"
O11:Monoculture::Gef,joint,6,"[2089, 2092, 2110, 2090, 2098, 2104]"
O11:Monoculture::Gef,joint,7,"[2089, 2092, 2110, 2090, 2098, 2101, 2107]"
O11:Monoculture::Gef,joint,8,"[2089, 2092, 2110, 2090, 2098, 2101, 2104, 2107]"
O11:Monoculture::Gef,joint,9,"[2089, 2092, 2110, 2090, 2098, 2099, 2101, 2104, 2107]"
O11:Monoculture::Gef,joint,10,"[2089, 2092, 2110, 2090, 2098, 2099, 2101, 2104, 2107, 2111]"
O11:Monoculture::Gef,joint,11,"[2089, 2092, 2110, 2090, 2098, 2099, 2101, 2104, 2105, 2107, 2111]"
O11:Monoculture::Gef,joint,12,"[2089, 2092, 2110, 2090, 2095, 2098, 2099, 2101, 2104, 2105, 2107, 2111]"
O11:Monoculture::Gef,joint,13,"[2089, 2092, 2110, 2090, 2093, 2095, 2098, 2099, 2101, 2104, 2105, 2107, 2111]"
O11:Monoculture::Gef,joint,14,"[2089, 2092, 2110, 2090, 2093, 2095, 2098, 2099, 2101, 2102, 2104, 2107, 2108, 2111]"
O11:Monoculture::Gef,joint,15,"[2089, 2092, 2110, 2090, 2093, 2095, 2098, 2099, 2101, 2102, 2104, 2105, 2107, 2108, 2111]"
O11:Monoculture::Gef,joint,16,"[2089, 2092, 2110, 2090, 2093, 2095, 2096, 2098, 2099, 2101, 2102, 2104, 2105, 2107, 2108, 2111]"
O11:Monoculture::Gef,diagonal,3,"[2089, 2092, 2110]"
O11:Monoculture::Gef,diagonal,4,"[2089, 2092, 2110, 2101]"
O11:Monoculture::Gef,diagonal,5,"[2089, 2092, 2110, 2098, 2104]"
O11:Monoculture::Gef,diagonal,6,"[2089, 2092, 2110, 2098, 2101, 2107]"
O11:Monoculture::Gef,diagonal,7,"[2089, 2092, 2110, 2098, 2101, 2104, 2107]"
O11:Monoculture::Gef,diagonal,8,"[2089, 2092, 2110, 2098, 2099, 2104, 2105, 2111]"
O11:Monoculture::Gef,diagonal,9,"[2089, 2092, 2110, 2098, 2099, 2101, 2104, 2107, 2111]"
O11:Monoculture::Gef,diagonal,10,"[2089, 2092, 2110, 2098, 2099, 2101, 2104, 2105, 2107, 2111]"
O11:Monoculture::Gef,diagonal,11,"[2089, 2092, 2110, 2095, 2098, 2099, 2101, 2104, 2105, 2107, 2111]"
O11:Monoculture::Gef,diagonal,12,"[2089, 2092, 2110, 2095, 2098, 2099, 2101, 2102, 2104, 2107, 2108, 2111]"
O11:Monoculture::Gef,diagonal,13,"[2089, 2092, 2110, 2095, 2098, 2099, 2101, 2102, 2104, 2105, 2107, 2108, 2111]"
O11:Monoculture::Gef,diagonal,14,"[2089, 2092, 2110, 2095, 2096, 2098, 2099, 2101, 2102, 2104, 2105, 2107, 2108, 2111]"
O11:Monoculture::Gef,diagonal,15,"[2089, 2092, 2110, 2093, 2095, 2096, 2098, 2099, 2101, 2102, 2104, 2105, 2107, 2108, 2111]"
O11:Monoculture::Gef,diagonal,16,"[2089, 2092, 2110, 2090, 2093, 2095, 2096, 2098, 2099, 2101, 2102, 2104, 2105, 2107, 2108, 2111]"
O11:Monoculture::Oxa,joint,3,"[2041, 2044, 2062]"
O11:Monoculture::Oxa,joint,4,"[2041, 2044, 2062, 2053]"
O11:Monoculture::Oxa,joint,5,"[2041, 2044, 2062, 2050, 2056]"
O11:Monoculture::Oxa,joint,6,"[2041, 2044, 2062, 2042, 2050, 2056]"
O11:Monoculture::Oxa,joint,7,"[2041, 2044, 2062, 2042, 2050, 2053, 2059]"
O11:Monoculture::Oxa,joint,8,"[2041, 2044, 2062, 2042, 2050, 2053, 2056, 2059]"
O11:Monoculture::Oxa,joint,9,"[2041, 2044, 2062, 2042, 2050, 2051, 2053, 2056, 2059]"
O11:Monoculture::Oxa,joint,10,"[2041, 2044, 2062, 2042, 2050, 2051, 2053, 2056, 2059, 2063]"
O11:Monoculture::Oxa,joint,11,"[2041, 2044, 2062, 2042, 2050, 2051, 2053, 2056, 2057, 2059, 2063]"
O11:Monoculture::Oxa,joint,12,"[2041, 2044, 2062, 2042, 2047, 2050, 2051, 2053, 2056, 2057, 2059, 2063]"
O11:Monoculture::Oxa,joint,13,"[2041, 2044, 2062, 2042, 2047, 2050, 2051, 2053, 2054, 2056, 2059, 2060, 2063]"
O11:Monoculture::Oxa,joint,14,"[2041, 2044, 2062, 2042, 2047, 2050, 2051, 2053, 2054, 2056, 2057, 2059, 2060, 2063]"
O11:Monoculture::Oxa,joint,15,"[2041, 2044, 2062, 2042, 2045, 2047, 2050, 2051, 2053, 2054, 2056, 2057, 2059, 2060, 2063]"
O11:Monoculture::Oxa,joint,16,"[2041, 2044, 2062, 2042, 2045, 2047, 2048, 2050, 2051, 2053, 2054, 2056, 2057, 2059, 2060, 2063]"
O11:Monoculture::Oxa,diagonal,3,"[2041, 2044, 2062]"
O11:Monoculture::Oxa,diagonal,4,"[2041, 2044, 2062, 2053]"
O11:Monoculture::Oxa,diagonal,5,"[2041, 2044, 2062, 2050, 2056]"
O11:Monoculture::Oxa,diagonal,6,"[2041, 2044, 2062, 2050, 2053, 2059]"
O11:Monoculture::Oxa,diagonal,7,"[2041, 2044, 2062, 2050, 2053, 2056, 2059]"
O11:Monoculture::Oxa,diagonal,8,"[2041, 2044, 2062, 2050, 2051, 2056, 2057, 2063]"
O11:Monoculture::Oxa,diagonal,9,"[2041, 2044, 2062, 2050, 2051, 2053, 2056, 2059, 2063]"
O11:Monoculture::Oxa,diagonal,10,"[2041, 2044, 2062, 2050, 2051, 2053, 2056, 2057, 2059, 2063]"
O11:Monoculture::Oxa,diagonal,11,"[2041, 2044, 2062, 2047, 2050, 2051, 2053, 2056, 2057, 2059, 2063]"
O11:Monoculture::Oxa,diagonal,12,"[2041, 2044, 2062, 2047, 2050, 2051, 2053, 2056, 2057, 2059, 2060, 2063]"
O11:Monoculture::Oxa,diagonal,13,"[2041, 2044, 2062, 2047, 2050, 2051, 2053, 2054, 2056, 2057, 2059, 2060, 2063]"
O11:Monoculture::Oxa,diagonal,14,"[2041, 2044, 2062, 2047, 2048, 2050, 2051, 2053, 2054, 2056, 2057, 2059, 2060, 2063]"
O11:Monoculture::Oxa,diagonal,15,"[2041, 2044, 2062, 2045, 2047, 2048, 2050, 2051, 2053, 2054, 2056, 2057, 2059, 2060, 2063]"
O11:Monoculture::Oxa,diagonal,16,"[2041, 2044, 2062, 2042, 2045, 2047, 2048, 2050, 2051, 2053, 2054, 2056, 2057, 2059, 2060, 2063]"
O11:Monoculture::SN-38,joint,3,"[2065, 2068, 2086]"
O11:Monoculture::SN-38,joint,4,"[2065, 2068, 2086, 2077]"
O11:Monoculture::SN-38,joint,5,"[2065, 2068, 2086, 2066, 2077]"
O11:Monoculture::SN-38,joint,6,"[2065, 2068, 2086, 2066, 2074, 2080]"
O11:Monoculture::SN-38,joint,7,"[2065, 2068, 2086, 2066, 2074, 2077, 2083]"
O11:Monoculture::SN-38,joint,8,"[2065, 2068, 2086, 2066, 2074, 2075, 2080, 2083]"
O11:Monoculture::SN-38,joint,9,"[2065, 2068, 2086, 2066, 2074, 2075, 2080, 2081, 2087]"
O11:Monoculture::SN-38,joint,10,"[2065, 2068, 2086, 2066, 2074, 2075, 2077, 2080, 2083, 2087]"
O11:Monoculture::SN-38,joint,11,"[2065, 2068, 2086, 2066, 2071, 2074, 2077, 2078, 2080, 2083, 2087]"
O11:Monoculture::SN-38,joint,12,"[2065, 2068, 2086, 2066, 2071, 2074, 2075, 2077, 2080, 2081, 2083, 2087]"
O11:Monoculture::SN-38,joint,13,"[2065, 2068, 2086, 2066, 2071, 2074, 2075, 2077, 2080, 2081, 2083, 2084, 2087]"
O11:Monoculture::SN-38,joint,14,"[2065, 2068, 2086, 2066, 2071, 2074, 2075, 2077, 2078, 2080, 2081, 2083, 2084, 2087]"
O11:Monoculture::SN-38,joint,15,"[2065, 2068, 2086, 2066, 2071, 2072, 2074, 2075, 2077, 2078, 2080, 2081, 2083, 2084, 2087]"
O11:Monoculture::SN-38,joint,16,"[2065, 2068, 2086, 2066, 2069, 2071, 2072, 2074, 2075, 2077, 2078, 2080, 2081, 2083, 2084, 2087]"
O11:Monoculture::SN-38,diagonal,3,"[2065, 2068, 2086]"
O11:Monoculture::SN-38,diagonal,4,"[2065, 2068, 2086, 2077]"
O11:Monoculture::SN-38,diagonal,5,"[2065, 2068, 2086, 2074, 2080]"
O11:Monoculture::SN-38,diagonal,6,"[2065, 2068, 2086, 2074, 2077, 2083]"
O11:Monoculture::SN-38,diagonal,7,"[2065, 2068, 2086, 2074, 2075, 2080, 2083]"
O11:Monoculture::SN-38,diagonal,8,"[2065, 2068, 2086, 2074, 2075, 2080, 2081, 2087]"
O11:Monoculture::SN-38,diagonal,9,"[2065, 2068, 2086, 2071, 2074, 2077, 2080, 2083, 2087]"
O11:Monoculture::SN-38,diagonal,10,"[2065, 2068, 2086, 2071, 2074, 2075, 2080, 2081, 2083, 2087]"
O11:Monoculture::SN-38,diagonal,11,"[2065, 2068, 2086, 2071, 2074, 2075, 2077, 2080, 2081, 2083, 2087]"
O11:Monoculture::SN-38,diagonal,12,"[2065, 2068, 2086, 2071, 2072, 2074, 2077, 2078, 2080, 2083, 2084, 2087]"
O11:Monoculture::SN-38,diagonal,13,"[2065, 2068, 2086, 2071, 2072, 2074, 2075, 2077, 2080, 2081, 2083, 2084, 2087]"
O11:Monoculture::SN-38,diagonal,14,"[2065, 2068, 2086, 2071, 2072, 2074, 2075, 2077, 2078, 2080, 2081, 2083, 2084, 2087]"
O11:Monoculture::SN-38,diagonal,15,"[2065, 2068, 2086, 2069, 2071, 2072, 2074, 2075, 2077, 2078, 2080, 2081, 2083, 2084, 2087]"
O11:Monoculture::SN-38,diagonal,16,"[2065, 2068, 2086, 2066, 2069, 2071, 2072, 2074, 2075, 2077, 2078, 2080, 2081, 2083, 2084, 2087]"
O12:Coculture:F11:Gef,joint,3,"[2665, 2668, 2686]"
O12:Coculture:F11:Gef,joint,4,"[2665, 2668, 2686, 2677]"
O12:Coculture:F11:Gef,joint,5,"[2665, 2668, 2686, 2674, 2680]"
O12:Coculture:F11:Gef,joint,6,"[2665, 2668, 2686, 2666, 2674, 2680]"
O12:Coculture:F11:Gef,joint,7,"[2665, 2668, 2686, 2666, 2674, 2677, 2683]"
O12:Coculture:F11:Gef,joint,8,"[2665, 2668, 2686, 2666, 2674, 2677, 2680, 2683]"
O12:Coculture:F11:Gef,joint,9,"[2665, 2668, 2686, 2666, 2674, 2675, 2677, 2680, 2683]"
O12:Coculture:F11:Gef,joint,10,"[2665, 2668, 2686, 2666, 2674, 2675, 2677, 2680, 2683, 2687]"
O12:Coculture:F11:Gef,joint,11,"[2665, 2668, 2686, 2666, 2674, 2675, 2677, 2680, 2681, 2683, 2687]"
O12:Coculture:F11:Gef,joint,12,"[2665, 2668, 2686, 2666, 2671, 2674, 2675, 2677, 2680, 2681, 2683, 2687]"
O12:Coculture:F11:Gef,joint,13,"[2665, 2668, 2686, 2666, 2669, 2671, 2674, 2675, 2677, 2680, 2681, 2683, 2687]"
O12:Coculture:F11:Gef,joint,14,"[2665, 2668, 2686, 2666, 2669, 2671, 2674, 2675, 2677, 2678, 2680, 2683, 2684, 2687]"
O12:Coculture:F11:Gef,joint,15,"[2665, 2668, 2686, 2666, 2669, 2671, 2674, 2675, 2677, 2678, 2680, 2681, 2683, 2684, 2687]"
O12:Coculture:F11:Gef,joint,16,"[2665, 2668, 2686, 2666, 2669, 2671, 2672, 2674, 2675, 2677, 2678, 2680, 2681, 2683, 2684, 2687]"
O12:Coculture:F11:Gef,diagonal,3,"[2665, 2668, 2686]"
O12:Coculture:F11:Gef,diagonal,4,"[2665, 2668, 2686, 2677]"
O12:Coculture:F11:Gef,diagonal,5,"[2665, 2668, 2686, 2674, 2680]"
O12:Coculture:F11:Gef,diagonal,6,"[2665, 2668, 2686, 2674, 2677, 2683]"
O12:Coculture:F11:Gef,diagonal,7,"[2665, 2668, 2686, 2674, 2677, 2680, 2683]"
O12:Coculture:F11:Gef,diagonal,8,"[2665, 2668, 2686, 2674, 2675, 2680, 2681, 2687]"
O12:Coculture:F11:Gef,diagonal,9,"[2665, 2668, 2686, 2674, 2675, 2677, 2680, 2683, 2687]"
O12:Coculture:F11:Gef,diagonal,10,"[2665, 2668, 2686, 2674, 2675, 2677, 2680, 2681, 2683, 2687]"
O12:Coculture:F11:Gef,diagonal,11,"[2665, 2668, 2686, 2671, 2674, 2675, 2677, 2680, 2681, 2683, 2687]"
O12:Coculture:F11:Gef,diagonal,12,"[2665, 2668, 2686, 2671, 2674, 2675, 2677, 2678, 2680, 2683, 2684, 2687]"
O12:Coculture:F11:Gef,diagonal,13,"[2665, 2668, 2686, 2671, 2674, 2675, 2677, 2678, 2680, 2681, 2683, 2684, 2687]"
O12:Coculture:F11:Gef,diagonal,14,"[2665, 2668, 2686, 2671, 2672, 2674, 2675, 2677, 2678, 2680, 2681, 2683, 2684, 2687]"
O12:Coculture:F11:Gef,diagonal,15,"[2665, 2668, 2686, 2669, 2671, 2672, 2674, 2675, 2677, 2678, 2680, 2681, 2683, 2684, 2687]"
O12:Coculture:F11:Gef,diagonal,16,"[2665, 2668, 2686, 2666, 2669, 2671, 2672, 2674, 2675, 2677, 2678, 2680, 2681, 2683, 2684, 2687]"
O12:Monoculture::5-FU,joint,3,"[2497, 2500, 2518]"
O12:Monoculture::5-FU,joint,4,"[2497, 2500, 2518, 2509]"
O12:Monoculture::5-FU,joint,5,"[2497, 2500, 2518, 2506, 2512]"
O12:Monoculture::5-FU,joint,6,"[2497, 2500, 2518, 2498, 2506, 2512]"
O12:Monoculture::5-FU,joint,7,"[2497, 2500, 2518, 2498, 2506, 2509, 2515]"
O12:Monoculture::5-FU,joint,8,"[2497, 2500, 2518, 2498, 2506, 2509, 2512, 2515]"
O12:Monoculture::5-FU,joint,9,"[2497, 2500, 2518, 2498, 2506, 2507, 2509, 2512, 2515]"
O12:Monoculture::5-FU,joint,10,"[2497, 2500, 2518, 2498, 2506, 2507, 2509, 2512, 2515, 2519]"
O12:Monoculture::5-FU,joint,11,"[2497, 2500, 2518, 2498, 2506, 2507, 2509, 2512, 2513, 2515, 2519]"
O12:Monoculture::5-FU,joint,12,"[2497, 2500, 2518, 2498, 2503, 2506, 2507, 2509, 2512, 2513, 2515, 2519]"
O12:Monoculture::5-FU,joint,13,"[2497, 2500, 2518, 2498, 2503, 2506, 2507, 2509, 2510, 2512, 2515, 2516, 2519]"
O12:Monoculture::5-FU,joint,14,"[2497, 2500, 2518, 2498, 2503, 2506, 2507, 2509, 2510, 2512, 2513, 2515, 2516, 2519]"
O12:Monoculture::5-FU,joint,15,"[2497, 2500, 2518, 2498, 2501, 2503, 2506, 2507, 2509, 2510, 2512, 2513, 2515, 2516, 2519]"
O12:Monoculture::5-FU,joint,16,"[2497, 2500, 2518, 2498, 2501, 2503, 2504, 2506, 2507, 2509, 2510, 2512, 2513, 2515, 2516, 2519]"
O12:Monoculture::5-FU,diagonal,3,"[2497, 2500, 2518]"
O12:Monoculture::5-FU,diagonal,4,"[2497, 2500, 2518, 2509]"
O12:Monoculture::5-FU,diagonal,5,"[2497, 2500, 2518, 2506, 2512]"
O12:Monoculture::5-FU,diagonal,6,"[2497, 2500, 2518, 2506, 2509, 2515]"
O12:Monoculture::5-FU,diagonal,7,"[2497, 2500, 2518, 2506, 2509, 2512, 2515]"
O12:Monoculture::5-FU,diagonal,8,"[2497, 2500, 2518, 2506, 2507, 2512, 2513, 2519]"
O12:Monoculture::5-FU,diagonal,9,"[2497, 2500, 2518, 2506, 2507, 2509, 2512, 2515, 2519]"
O12:Monoculture::5-FU,diagonal,10,"[2497, 2500, 2518, 2506, 2507, 2509, 2512, 2513, 2515, 2519]"
O12:Monoculture::5-FU,diagonal,11,"[2497, 2500, 2518, 2503, 2506, 2507, 2509, 2512, 2513, 2515, 2519]"
O12:Monoculture::5-FU,diagonal,12,"[2497, 2500, 2518, 2503, 2506, 2507, 2509, 2512, 2513, 2515, 2516, 2519]"
O12:Monoculture::5-FU,diagonal,13,"[2497, 2500, 2518, 2503, 2506, 2507, 2509, 2510, 2512, 2513, 2515, 2516, 2519]"
O12:Monoculture::5-FU,diagonal,14,"[2497, 2500, 2518, 2503, 2504, 2506, 2507, 2509, 2510, 2512, 2513, 2515, 2516, 2519]"
O12:Monoculture::5-FU,diagonal,15,"[2497, 2500, 2518, 2501, 2503, 2504, 2506, 2507, 2509, 2510, 2512, 2513, 2515, 2516, 2519]"
O12:Monoculture::5-FU,diagonal,16,"[2497, 2500, 2518, 2498, 2501, 2503, 2504, 2506, 2507, 2509, 2510, 2512, 2513, 2515, 2516, 2519]"
O12:Monoculture::Gef,joint,3,"[2569, 2572, 2590]"
O12:Monoculture::Gef,joint,4,"[2569, 2572, 2590, 2581]"
O12:Monoculture::Gef,joint,5,"[2569, 2572, 2590, 2578, 2584]"
O12:Monoculture::Gef,joint,6,"[2569, 2572, 2590, 2570, 2578, 2584]"
O12:Monoculture::Gef,joint,7,"[2569, 2572, 2590, 2570, 2578, 2581, 2587]"
O12:Monoculture::Gef,joint,8,"[2569, 2572, 2590, 2570, 2578, 2581, 2584, 2587]"
O12:Monoculture::Gef,joint,9,"[2569, 2572, 2590, 2570, 2578, 2579, 2581, 2584, 2587]"
O12:Monoculture::Gef,joint,10,"[2569, 2572, 2590, 2570, 2578, 2579, 2581, 2584, 2587, 2591]"
O12:Monoculture::Gef,joint,11,"[2569, 2572, 2590, 2570, 2578, 2579, 2581, 2584, 2585, 2587, 2591]"
O12:Monoculture::Gef,joint,12,"[2569, 2572, 2590, 2570, 2575, 2578, 2579, 2581, 2584, 2585, 2587, 2591]"
O12:Monoculture::Gef,joint,13,"[2569, 2572, 2590, 2570, 2573, 2575, 2578, 2579, 2581, 2584, 2585, 2587, 2591]"
O12:Monoculture::Gef,joint,14,"[2569, 2572, 2590, 2570, 2573, 2575, 2578, 2579, 2581, 2582, 2584, 2587, 2588, 2591]"
O12:Monoculture::Gef,joint,15,"[2569, 2572, 2590, 2570, 2573, 2575, 2578, 2579, 2581, 2582, 2584, 2585, 2587, 2588, 2591]"
O12:Monoculture::Gef,joint,16,"[2569, 2572, 2590, 2570, 2573, 2575, 2576, 2578, 2579, 2581, 2582, 2584, 2585, 2587, 2588, 2591]"
O12:Monoculture::Gef,diagonal,3,"[2569, 2572, 2590]"
O12:Monoculture::Gef,diagonal,4,"[2569, 2572, 2590, 2581]"
O12:Monoculture::Gef,diagonal,5,"[2569, 2572, 2590, 2578, 2584]"
O12:Monoculture::Gef,diagonal,6,"[2569, 2572, 2590, 2578, 2581, 2587]"
O12:Monoculture::Gef,diagonal,7,"[2569, 2572, 2590, 2578, 2581, 2584, 2587]"
O12:Monoculture::Gef,diagonal,8,"[2569, 2572, 2590, 2578, 2579, 2584, 2585, 2591]"
O12:Monoculture::Gef,diagonal,9,"[2569, 2572, 2590, 2578, 2579, 2581, 2584, 2587, 2591]"
O12:Monoculture::Gef,diagonal,10,"[2569, 2572, 2590, 2578, 2579, 2581, 2584, 2585, 2587, 2591]"
O12:Monoculture::Gef,diagonal,11,"[2569, 2572, 2590, 2575, 2578, 2579, 2581, 2584, 2585, 2587, 2591]"
O12:Monoculture::Gef,diagonal,12,"[2569, 2572, 2590, 2575, 2578, 2579, 2581, 2582, 2584, 2587, 2588, 2591]"
O12:Monoculture::Gef,diagonal,13,"[2569, 2572, 2590, 2575, 2578, 2579, 2581, 2582, 2584, 2585, 2587, 2588, 2591]"
O12:Monoculture::Gef,diagonal,14,"[2569, 2572, 2590, 2575, 2576, 2578, 2579, 2581, 2582, 2584, 2585, 2587, 2588, 2591]"
O12:Monoculture::Gef,diagonal,15,"[2569, 2572, 2590, 2573, 2575, 2576, 2578, 2579, 2581, 2582, 2584, 2585, 2587, 2588, 2591]"
O12:Monoculture::Gef,diagonal,16,"[2569, 2572, 2590, 2570, 2573, 2575, 2576, 2578, 2579, 2581, 2582, 2584, 2585, 2587, 2588, 2591]"
O12:Monoculture::SN-38,joint,3,"[2545, 2548, 2566]"
O12:Monoculture::SN-38,joint,4,"[2545, 2548, 2566, 2557]"
O12:Monoculture::SN-38,joint,5,"[2545, 2548, 2566, 2546, 2557]"
O12:Monoculture::SN-38,joint,6,"[2545, 2548, 2566, 2546, 2554, 2560]"
O12:Monoculture::SN-38,joint,7,"[2545, 2548, 2566, 2546, 2554, 2557, 2563]"
O12:Monoculture::SN-38,joint,8,"[2545, 2548, 2566, 2546, 2554, 2555, 2560, 2563]"
O12:Monoculture::SN-38,joint,9,"[2545, 2548, 2566, 2546, 2554, 2555, 2560, 2561, 2567]"
O12:Monoculture::SN-38,joint,10,"[2545, 2548, 2566, 2546, 2554, 2555, 2557, 2560, 2563, 2567]"
O12:Monoculture::SN-38,joint,11,"[2545, 2548, 2566, 2546, 2551, 2554, 2557, 2558, 2560, 2563, 2567]"
O12:Monoculture::SN-38,joint,12,"[2545, 2548, 2566, 2546, 2551, 2554, 2555, 2557, 2560, 2561, 2563, 2567]"
O12:Monoculture::SN-38,joint,13,"[2545, 2548, 2566, 2546, 2551, 2554, 2555, 2557, 2560, 2561, 2563, 2564, 2567]"
O12:Monoculture::SN-38,joint,14,"[2545, 2548, 2566, 2546, 2551, 2554, 2555, 2557, 2558, 2560, 2561, 2563, 2564, 2567]"
O12:Monoculture::SN-38,joint,15,"[2545, 2548, 2566, 2546, 2551, 2552, 2554, 2555, 2557, 2558, 2560, 2561, 2563, 2564, 2567]"
O12:Monoculture::SN-38,joint,16,"[2545, 2548, 2566, 2546, 2549, 2551, 2552, 2554, 2555, 2557, 2558, 2560, 2561, 2563, 2564, 2567]"
O12:Monoculture::SN-38,diagonal,3,"[2545, 2548, 2566]"
O12:Monoculture::SN-38,diagonal,4,"[2545, 2548, 2566, 2557]"
O12:Monoculture::SN-38,diagonal,5,"[2545, 2548, 2566, 2554, 2560]"
O12:Monoculture::SN-38,diagonal,6,"[2545, 2548, 2566, 2554, 2557, 2563]"
O12:Monoculture::SN-38,diagonal,7,"[2545, 2548, 2566, 2554, 2555, 2560, 2563]"
O12:Monoculture::SN-38,diagonal,8,"[2545, 2548, 2566, 2554, 2555, 2560, 2561, 2567]"
O12:Monoculture::SN-38,diagonal,9,"[2545, 2548, 2566, 2551, 2554, 2557, 2560, 2563, 2567]"
O12:Monoculture::SN-38,diagonal,10,"[2545, 2548, 2566, 2551, 2554, 2555, 2560, 2561, 2563, 2567]"
O12:Monoculture::SN-38,diagonal,11,"[2545, 2548, 2566, 2551, 2554, 2555, 2557, 2560, 2561, 2563, 2567]"
O12:Monoculture::SN-38,diagonal,12,"[2545, 2548, 2566, 2551, 2552, 2554, 2557, 2558, 2560, 2563, 2564, 2567]"
O12:Monoculture::SN-38,diagonal,13,"[2545, 2548, 2566, 2551, 2552, 2554, 2555, 2557, 2560, 2561, 2563, 2564, 2567]"
O12:Monoculture::SN-38,diagonal,14,"[2545, 2548, 2566, 2551, 2552, 2554, 2555, 2557, 2558, 2560, 2561, 2563, 2564, 2567]"
O12:Monoculture::SN-38,diagonal,15,"[2545, 2548, 2566, 2549, 2551, 2552, 2554, 2555, 2557, 2558, 2560, 2561, 2563, 2564, 2567]"
O12:Monoculture::SN-38,diagonal,16,"[2545, 2548, 2566, 2546, 2549, 2551, 2552, 2554, 2555, 2557, 2558, 2560, 2561, 2563, 2564, 2567]"
O13:Coculture:F13:5-FU,joint,3,"[2785, 2788, 2806]"
O13:Coculture:F13:5-FU,joint,4,"[2785, 2788, 2806, 2797]"
O13:Coculture:F13:5-FU,joint,5,"[2785, 2788, 2806, 2794, 2800]"
O13:Coculture:F13:5-FU,joint,6,"[2785, 2788, 2806, 2786, 2794, 2800]"
O13:Coculture:F13:5-FU,joint,7,"[2785, 2788, 2806, 2786, 2794, 2797, 2803]"
O13:Coculture:F13:5-FU,joint,8,"[2785, 2788, 2806, 2786, 2794, 2797, 2800, 2803]"
O13:Coculture:F13:5-FU,joint,9,"[2785, 2788, 2806, 2786, 2794, 2795, 2797, 2800, 2803]"
O13:Coculture:F13:5-FU,joint,10,"[2785, 2788, 2806, 2786, 2794, 2795, 2797, 2800, 2803, 2807]"
O13:Coculture:F13:5-FU,joint,11,"[2785, 2788, 2806, 2786, 2794, 2795, 2797, 2800, 2801, 2803, 2807]"
O13:Coculture:F13:5-FU,joint,12,"[2785, 2788, 2806, 2786, 2791, 2794, 2795, 2797, 2800, 2801, 2803, 2807]"
O13:Coculture:F13:5-FU,joint,13,"[2785, 2788, 2806, 2786, 2791, 2794, 2795, 2797, 2798, 2800, 2803, 2804, 2807]"
O13:Coculture:F13:5-FU,joint,14,"[2785, 2788, 2806, 2786, 2791, 2794, 2795, 2797, 2798, 2800, 2801, 2803, 2804, 2807]"
O13:Coculture:F13:5-FU,joint,15,"[2785, 2788, 2806, 2786, 2789, 2791, 2794, 2795, 2797, 2798, 2800, 2801, 2803, 2804, 2807]"
O13:Coculture:F13:5-FU,joint,16,"[2785, 2788, 2806, 2786, 2789, 2791, 2792, 2794, 2795, 2797, 2798, 2800, 2801, 2803, 2804, 2807]"
O13:Coculture:F13:5-FU,diagonal,3,"[2785, 2788, 2806]"
O13:Coculture:F13:5-FU,diagonal,4,"[2785, 2788, 2806, 2797]"
O13:Coculture:F13:5-FU,diagonal,5,"[2785, 2788, 2806, 2794, 2800]"
O13:Coculture:F13:5-FU,diagonal,6,"[2785, 2788, 2806, 2794, 2797, 2803]"
O13:Coculture:F13:5-FU,diagonal,7,"[2785, 2788, 2806, 2794, 2797, 2800, 2803]"
O13:Coculture:F13:5-FU,diagonal,8,"[2785, 2788, 2806, 2794, 2795, 2800, 2801, 2807]"
O13:Coculture:F13:5-FU,diagonal,9,"[2785, 2788, 2806, 2794, 2795, 2797, 2800, 2803, 2807]"
O13:Coculture:F13:5-FU,diagonal,10,"[2785, 2788, 2806, 2794, 2795, 2797, 2800, 2801, 2803, 2807]"
O13:Coculture:F13:5-FU,diagonal,11,"[2785, 2788, 2806, 2791, 2794, 2795, 2797, 2800, 2801, 2803, 2807]"
O13:Coculture:F13:5-FU,diagonal,12,"[2785, 2788, 2806, 2791, 2794, 2795, 2797, 2800, 2801, 2803, 2804, 2807]"
O13:Coculture:F13:5-FU,diagonal,13,"[2785, 2788, 2806, 2791, 2794, 2795, 2797, 2798, 2800, 2801, 2803, 2804, 2807]"
O13:Coculture:F13:5-FU,diagonal,14,"[2785, 2788, 2806, 2791, 2792, 2794, 2795, 2797, 2798, 2800, 2801, 2803, 2804, 2807]"
O13:Coculture:F13:5-FU,diagonal,15,"[2785, 2788, 2806, 2789, 2791, 2792, 2794, 2795, 2797, 2798, 2800, 2801, 2803, 2804, 2807]"
O13:Coculture:F13:5-FU,diagonal,16,"[2785, 2788, 2806, 2786, 2789, 2791, 2792, 2794, 2795, 2797, 2798, 2800, 2801, 2803, 2804, 2807]"
O13:Coculture:F13:Oxa,joint,3,"[2809, 2812, 2830]"
O13:Coculture:F13:Oxa,joint,4,"[2809, 2812, 2830, 2821]"
O13:Coculture:F13:Oxa,joint,5,"[2809, 2812, 2830, 2818, 2824]"
O13:Coculture:F13:Oxa,joint,6,"[2809, 2812, 2830, 2810, 2818, 2824]"
O13:Coculture:F13:Oxa,joint,7,"[2809, 2812, 2830, 2810, 2818, 2821, 2827]"
O13:Coculture:F13:Oxa,joint,8,"[2809, 2812, 2830, 2810, 2818, 2821, 2824, 2827]"
O13:Coculture:F13:Oxa,joint,9,"[2809, 2812, 2830, 2810, 2818, 2819, 2821, 2824, 2827]"
O13:Coculture:F13:Oxa,joint,10,"[2809, 2812, 2830, 2810, 2818, 2819, 2821, 2824, 2827, 2831]"
O13:Coculture:F13:Oxa,joint,11,"[2809, 2812, 2830, 2810, 2818, 2819, 2821, 2824, 2825, 2827, 2831]"
O13:Coculture:F13:Oxa,joint,12,"[2809, 2812, 2830, 2810, 2815, 2818, 2819, 2821, 2824, 2825, 2827, 2831]"
O13:Coculture:F13:Oxa,joint,13,"[2809, 2812, 2830, 2810, 2815, 2818, 2819, 2821, 2822, 2824, 2827, 2828, 2831]"
O13:Coculture:F13:Oxa,joint,14,"[2809, 2812, 2830, 2810, 2815, 2818, 2819, 2821, 2822, 2824, 2825, 2827, 2828, 2831]"
O13:Coculture:F13:Oxa,joint,15,"[2809, 2812, 2830, 2810, 2813, 2815, 2818, 2819, 2821, 2822, 2824, 2825, 2827, 2828, 2831]"
O13:Coculture:F13:Oxa,joint,16,"[2809, 2812, 2830, 2810, 2813, 2815, 2816, 2818, 2819, 2821, 2822, 2824, 2825, 2827, 2828, 2831]"
O13:Coculture:F13:Oxa,diagonal,3,"[2809, 2812, 2830]"
O13:Coculture:F13:Oxa,diagonal,4,"[2809, 2812, 2830, 2821]"
O13:Coculture:F13:Oxa,diagonal,5,"[2809, 2812, 2830, 2818, 2824]"
O13:Coculture:F13:Oxa,diagonal,6,"[2809, 2812, 2830, 2818, 2821, 2827]"
O13:Coculture:F13:Oxa,diagonal,7,"[2809, 2812, 2830, 2818, 2821, 2824, 2827]"
O13:Coculture:F13:Oxa,diagonal,8,"[2809, 2812, 2830, 2818, 2819, 2824, 2825, 2831]"
O13:Coculture:F13:Oxa,diagonal,9,"[2809, 2812, 2830, 2818, 2819, 2821, 2824, 2827, 2831]"
O13:Coculture:F13:Oxa,diagonal,10,"[2809, 2812, 2830, 2818, 2819, 2821, 2824, 2825, 2827, 2831]"
O13:Coculture:F13:Oxa,diagonal,11,"[2809, 2812, 2830, 2815, 2818, 2819, 2821, 2824, 2825, 2827, 2831]"
O13:Coculture:F13:Oxa,diagonal,12,"[2809, 2812, 2830, 2815, 2818, 2819, 2821, 2824, 2825, 2827, 2828, 2831]"
O13:Coculture:F13:Oxa,diagonal,13,"[2809, 2812, 2830, 2815, 2818, 2819, 2821, 2822, 2824, 2825, 2827, 2828, 2831]"
O13:Coculture:F13:Oxa,diagonal,14,"[2809, 2812, 2830, 2815, 2816, 2818, 2819, 2821, 2822, 2824, 2825, 2827, 2828, 2831]"
O13:Coculture:F13:Oxa,diagonal,15,"[2809, 2812, 2830, 2813, 2815, 2816, 2818, 2819, 2821, 2822, 2824, 2825, 2827, 2828, 2831]"
O13:Coculture:F13:Oxa,diagonal,16,"[2809, 2812, 2830, 2810, 2813, 2815, 2816, 2818, 2819, 2821, 2822, 2824, 2825, 2827, 2828, 2831]"
O13:Coculture:F13:SN-38,joint,3,"[2833, 2836, 2854]"
O13:Coculture:F13:SN-38,joint,4,"[2833, 2836, 2854, 2845]"
O13:Coculture:F13:SN-38,joint,5,"[2833, 2836, 2854, 2834, 2845]"
O13:Coculture:F13:SN-38,joint,6,"[2833, 2836, 2854, 2834, 2842, 2848]"
O13:Coculture:F13:SN-38,joint,7,"[2833, 2836, 2854, 2834, 2842, 2845, 2851]"
O13:Coculture:F13:SN-38,joint,8,"[2833, 2836, 2854, 2834, 2842, 2843, 2848, 2851]"
O13:Coculture:F13:SN-38,joint,9,"[2833, 2836, 2854, 2834, 2842, 2843, 2848, 2849, 2855]"
O13:Coculture:F13:SN-38,joint,10,"[2833, 2836, 2854, 2834, 2842, 2843, 2845, 2848, 2851, 2855]"
O13:Coculture:F13:SN-38,joint,11,"[2833, 2836, 2854, 2834, 2839, 2842, 2845, 2846, 2848, 2851, 2855]"
O13:Coculture:F13:SN-38,joint,12,"[2833, 2836, 2854, 2834, 2839, 2842, 2843, 2845, 2848, 2849, 2851, 2855]"
O13:Coculture:F13:SN-38,joint,13,"[2833, 2836, 2854, 2834, 2839, 2842, 2843, 2845, 2848, 2849, 2851, 2852, 2855]"
O13:Coculture:F13:SN-38,joint,14,"[2833, 2836, 2854, 2834, 2839, 2842, 2843, 2845, 2846, 2848, 2849, 2851, 2852, 2855]"
O13:Coculture:F13:SN-38,joint,15,"[2833, 2836, 2854, 2834, 2839, 2840, 2842, 2843, 2845, 2846, 2848, 2849, 2851, 2852, 2855]"
O13:Coculture:F13:SN-38,joint,16,"[2833, 2836, 2854, 2834, 2837, 2839, 2840, 2842, 2843, 2845, 2846, 2848, 2849, 2851, 2852, 2855]"
O13:Coculture:F13:SN-38,diagonal,3,"[2833, 2836, 2854]"
O13:Coculture:F13:SN-38,diagonal,4,"[2833, 2836, 2854, 2845]"
O13:Coculture:F13:SN-38,diagonal,5,"[2833, 2836, 2854, 2842, 2848]"
O13:Coculture:F13:SN-38,diagonal,6,"[2833, 2836, 2854, 2842, 2845, 2851]"
O13:Coculture:F13:SN-38,diagonal,7,"[2833, 2836, 2854, 2842, 2843, 2848, 2851]"
O13:Coculture:F13:SN-38,diagonal,8,"[2833, 2836, 2854, 2842, 2843, 2848, 2849, 2855]"
O13:Coculture:F13:SN-38,diagonal,9,"[2833, 2836, 2854, 2839, 2842, 2845, 2848, 2851, 2855]"
O13:Coculture:F13:SN-38,diagonal,10,"[2833, 2836, 2854, 2839, 2842, 2843, 2848, 2849, 2851, 2855]"
O13:Coculture:F13:SN-38,diagonal,11,"[2833, 2836, 2854, 2839, 2842, 2843, 2845, 2848, 2849, 2851, 2855]"
O13:Coculture:F13:SN-38,diagonal,12,"[2833, 2836, 2854, 2839, 2840, 2842, 2845, 2846, 2848, 2851, 2852, 2855]"
O13:Coculture:F13:SN-38,diagonal,13,"[2833, 2836, 2854, 2839, 2840, 2842, 2843, 2845, 2848, 2849, 2851, 2852, 2855]"
O13:Coculture:F13:SN-38,diagonal,14,"[2833, 2836, 2854, 2839, 2840, 2842, 2843, 2845, 2846, 2848, 2849, 2851, 2852, 2855]"
O13:Coculture:F13:SN-38,diagonal,15,"[2833, 2836, 2854, 2837, 2839, 2840, 2842, 2843, 2845, 2846, 2848, 2849, 2851, 2852, 2855]"
O13:Coculture:F13:SN-38,diagonal,16,"[2833, 2836, 2854, 2834, 2837, 2839, 2840, 2842, 2843, 2845, 2846, 2848, 2849, 2851, 2852, 2855]"
O13:Monoculture::Gef,joint,3,"[2761, 2764, 2782]"
O13:Monoculture::Gef,joint,4,"[2761, 2764, 2782, 2773]"
O13:Monoculture::Gef,joint,5,"[2761, 2764, 2782, 2770, 2776]"
O13:Monoculture::Gef,joint,6,"[2761, 2764, 2782, 2762, 2770, 2776]"
O13:Monoculture::Gef,joint,7,"[2761, 2764, 2782, 2762, 2770, 2773, 2779]"
O13:Monoculture::Gef,joint,8,"[2761, 2764, 2782, 2762, 2770, 2773, 2776, 2779]"
O13:Monoculture::Gef,joint,9,"[2761, 2764, 2782, 2762, 2770, 2771, 2773, 2776, 2779]"
O13:Monoculture::Gef,joint,10,"[2761, 2764, 2782, 2762, 2770, 2771, 2773, 2776, 2779, 2783]"
O13:Monoculture::Gef,joint,11,"[2761, 2764, 2782, 2762, 2770, 2771, 2773, 2776, 2777, 2779, 2783]"
O13:Monoculture::Gef,joint,12,"[2761, 2764, 2782, 2762, 2767, 2770, 2771, 2773, 2776, 2777, 2779, 2783]"
O13:Monoculture::Gef,joint,13,"[2761, 2764, 2782, 2762, 2765, 2767, 2770, 2771, 2773, 2776, 2777, 2779, 2783]"
O13:Monoculture::Gef,joint,14,"[2761, 2764, 2782, 2762, 2765, 2767, 2770, 2771, 2773, 2774, 2776, 2779, 2780, 2783]"
O13:Monoculture::Gef,joint,15,"[2761, 2764, 2782, 2762, 2765, 2767, 2770, 2771, 2773, 2774, 2776, 2777, 2779, 2780, 2783]"
O13:Monoculture::Gef,joint,16,"[2761, 2764, 2782, 2762, 2765, 2767, 2768, 2770, 2771, 2773, 2774, 2776, 2777, 2779, 2780, 2783]"
O13:Monoculture::Gef,diagonal,3,"[2761, 2764, 2782]"
O13:Monoculture::Gef,diagonal,4,"[2761, 2764, 2782, 2773]"
O13:Monoculture::Gef,diagonal,5,"[2761, 2764, 2782, 2770, 2776]"
O13:Monoculture::Gef,diagonal,6,"[2761, 2764, 2782, 2770, 2773, 2779]"
O13:Monoculture::Gef,diagonal,7,"[2761, 2764, 2782, 2770, 2773, 2776, 2779]"
O13:Monoculture::Gef,diagonal,8,"[2761, 2764, 2782, 2770, 2771, 2776, 2777, 2783]"
O13:Monoculture::Gef,diagonal,9,"[2761, 2764, 2782, 2770, 2771, 2773, 2776, 2779, 2783]"
O13:Monoculture::Gef,diagonal,10,"[2761, 2764, 2782, 2770, 2771, 2773, 2776, 2777, 2779, 2783]"
O13:Monoculture::Gef,diagonal,11,"[2761, 2764, 2782, 2767, 2770, 2771, 2773, 2776, 2777, 2779, 2783]"
O13:Monoculture::Gef,diagonal,12,"[2761, 2764, 2782, 2767, 2770, 2771, 2773, 2774, 2776, 2779, 2780, 2783]"
O13:Monoculture::Gef,diagonal,13,"[2761, 2764, 2782, 2767, 2770, 2771, 2773, 2774, 2776, 2777, 2779, 2780, 2783]"
O13:Monoculture::Gef,diagonal,14,"[2761, 2764, 2782, 2767, 2768, 2770, 2771, 2773, 2774, 2776, 2777, 2779, 2780, 2783]"
O13:Monoculture::Gef,diagonal,15,"[2761, 2764, 2782, 2765, 2767, 2768, 2770, 2771, 2773, 2774, 2776, 2777, 2779, 2780, 2783]"
O13:Monoculture::Gef,diagonal,16,"[2761, 2764, 2782, 2762, 2765, 2767, 2768, 2770, 2771, 2773, 2774, 2776, 2777, 2779, 2780, 2783]"
O14:Coculture:F06:Gef,joint,3,"[3337, 3340, 3358]"
O14:Coculture:F06:Gef,joint,4,"[3337, 3340, 3358, 3349]"
O14:Coculture:F06:Gef,joint,5,"[3337, 3340, 3358, 3346, 3352]"
O14:Coculture:F06:Gef,joint,6,"[3337, 3340, 3358, 3338, 3346, 3352]"
O14:Coculture:F06:Gef,joint,7,"[3337, 3340, 3358, 3338, 3346, 3349, 3355]"
O14:Coculture:F06:Gef,joint,8,"[3337, 3340, 3358, 3338, 3346, 3349, 3352, 3355]"
O14:Coculture:F06:Gef,joint,9,"[3337, 3340, 3358, 3338, 3346, 3347, 3349, 3352, 3355]"
O14:Coculture:F06:Gef,joint,10,"[3337, 3340, 3358, 3338, 3346, 3347, 3349, 3352, 3355, 3359]"
O14:Coculture:F06:Gef,joint,11,"[3337, 3340, 3358, 3338, 3346, 3347, 3349, 3352, 3353, 3355, 3359]"
O14:Coculture:F06:Gef,joint,12,"[3337, 3340, 3358, 3338, 3343, 3346, 3347, 3349, 3352, 3353, 3355, 3359]"
O14:Coculture:F06:Gef,joint,13,"[3337, 3340, 3358, 3338, 3341, 3343, 3346, 3347, 3349, 3352, 3353, 3355, 3359]"
O14:Coculture:F06:Gef,joint,14,"[3337, 3340, 3358, 3338, 3341, 3343, 3346, 3347, 3349, 3350, 3352, 3355, 3356, 3359]"
O14:Coculture:F06:Gef,joint,15,"[3337, 3340, 3358, 3338, 3341, 3343, 3346, 3347, 3349, 3350, 3352, 3353, 3355, 3356, 3359]"
O14:Coculture:F06:Gef,joint,16,"[3337, 3340, 3358, 3338, 3341, 3343, 3344, 3346, 3347, 3349, 3350, 3352, 3353, 3355, 3356, 3359]"
O14:Coculture:F06:Gef,diagonal,3,"[3337, 3340, 3358]"
O14:Coculture:F06:Gef,diagonal,4,"[3337, 3340, 3358, 3349]"
O14:Coculture:F06:Gef,diagonal,5,"[3337, 3340, 3358, 3346, 3352]"
O14:Coculture:F06:Gef,diagonal,6,"[3337, 3340, 3358, 3346, 3349, 3355]"
O14:Coculture:F06:Gef,diagonal,7,"[3337, 3340, 3358, 3346, 3349, 3352, 3355]"
O14:Coculture:F06:Gef,diagonal,8,"[3337, 3340, 3358, 3346, 3347, 3352, 3353, 3359]"
O14:Coculture:F06:Gef,diagonal,9,"[3337, 3340, 3358, 3346, 3347, 3349, 3352, 3355, 3359]"
O14:Coculture:F06:Gef,diagonal,10,"[3337, 3340, 3358, 3346, 3347, 3349, 3352, 3353, 3355, 3359]"
O14:Coculture:F06:Gef,diagonal,11,"[3337, 3340, 3358, 3343, 3346, 3347, 3349, 3352, 3353, 3355, 3359]"
O14:Coculture:F06:Gef,diagonal,12,"[3337, 3340, 3358, 3343, 3346, 3347, 3349, 3350, 3352, 3355, 3356, 3359]"
O14:Coculture:F06:Gef,diagonal,13,"[3337, 3340, 3358, 3343, 3346, 3347, 3349, 3350, 3352, 3353, 3355, 3356, 3359]"
O14:Coculture:F06:Gef,diagonal,14,"[3337, 3340, 3358, 3343, 3344, 3346, 3347, 3349, 3350, 3352, 3353, 3355, 3356, 3359]"
O14:Coculture:F06:Gef,diagonal,15,"[3337, 3340, 3358, 3341, 3343, 3344, 3346, 3347, 3349, 3350, 3352, 3353, 3355, 3356, 3359]"
O14:Coculture:F06:Gef,diagonal,16,"[3337, 3340, 3358, 3338, 3341, 3343, 3344, 3346, 3347, 3349, 3350, 3352, 3353, 3355, 3356, 3359]"
O14:Coculture:F06:Oxa,joint,3,"[3289, 3292, 3310]"
O14:Coculture:F06:Oxa,joint,4,"[3289, 3292, 3310, 3301]"
O14:Coculture:F06:Oxa,joint,5,"[3289, 3292, 3310, 3298, 3304]"
O14:Coculture:F06:Oxa,joint,6,"[3289, 3292, 3310, 3290, 3298, 3304]"
O14:Coculture:F06:Oxa,joint,7,"[3289, 3292, 3310, 3290, 3298, 3301, 3307]"
O14:Coculture:F06:Oxa,joint,8,"[3289, 3292, 3310, 3290, 3298, 3301, 3304, 3307]"
O14:Coculture:F06:Oxa,joint,9,"[3289, 3292, 3310, 3290, 3298, 3299, 3301, 3304, 3307]"
O14:Coculture:F06:Oxa,joint,10,"[3289, 3292, 3310, 3290, 3298, 3299, 3301, 3304, 3307, 3311]"
O14:Coculture:F06:Oxa,joint,11,"[3289, 3292, 3310, 3290, 3298, 3299, 3301, 3304, 3305, 3307, 3311]"
O14:Coculture:F06:Oxa,joint,12,"[3289, 3292, 3310, 3290, 3295, 3298, 3299, 3301, 3304, 3305, 3307, 3311]"
O14:Coculture:F06:Oxa,joint,13,"[3289, 3292, 3310, 3290, 3295, 3298, 3299, 3301, 3302, 3304, 3307, 3308, 3311]"
O14:Coculture:F06:Oxa,joint,14,"[3289, 3292, 3310, 3290, 3295, 3298, 3299, 3301, 3302, 3304, 3305, 3307, 3308, 3311]"
O14:Coculture:F06:Oxa,joint,15,"[3289, 3292, 3310, 3290, 3293, 3295, 3298, 3299, 3301, 3302, 3304, 3305, 3307, 3308, 3311]"
O14:Coculture:F06:Oxa,joint,16,"[3289, 3292, 3310, 3290, 3293, 3295, 3296, 3298, 3299, 3301, 3302, 3304, 3305, 3307, 3308, 3311]"
O14:Coculture:F06:Oxa,diagonal,3,"[3289, 3292, 3310]"
O14:Coculture:F06:Oxa,diagonal,4,"[3289, 3292, 3310, 3301]"
O14:Coculture:F06:Oxa,diagonal,5,"[3289, 3292, 3310, 3298, 3304]"
O14:Coculture:F06:Oxa,diagonal,6,"[3289, 3292, 3310, 3298, 3301, 3307]"
O14:Coculture:F06:Oxa,diagonal,7,"[3289, 3292, 3310, 3298, 3301, 3304, 3307]"
O14:Coculture:F06:Oxa,diagonal,8,"[3289, 3292, 3310, 3298, 3299, 3304, 3305, 3311]"
O14:Coculture:F06:Oxa,diagonal,9,"[3289, 3292, 3310, 3298, 3299, 3301, 3304, 3307, 3311]"
O14:Coculture:F06:Oxa,diagonal,10,"[3289, 3292, 3310, 3298, 3299, 3301, 3304, 3305, 3307, 3311]"
O14:Coculture:F06:Oxa,diagonal,11,"[3289, 3292, 3310, 3295, 3298, 3299, 3301, 3304, 3305, 3307, 3311]"
O14:Coculture:F06:Oxa,diagonal,12,"[3289, 3292, 3310, 3295, 3298, 3299, 3301, 3304, 3305, 3307, 3308, 3311]"
O14:Coculture:F06:Oxa,diagonal,13,"[3289, 3292, 3310, 3295, 3298, 3299, 3301, 3302, 3304, 3305, 3307, 3308, 3311]"
O14:Coculture:F06:Oxa,diagonal,14,"[3289, 3292, 3310, 3295, 3296, 3298, 3299, 3301, 3302, 3304, 3305, 3307, 3308, 3311]"
O14:Coculture:F06:Oxa,diagonal,15,"[3289, 3292, 3310, 3293, 3295, 3296, 3298, 3299, 3301, 3302, 3304, 3305, 3307, 3308, 3311]"
O14:Coculture:F06:Oxa,diagonal,16,"[3289, 3292, 3310, 3290, 3293, 3295, 3296, 3298, 3299, 3301, 3302, 3304, 3305, 3307, 3308, 3311]"
O14:Coculture:F06:SN-38,joint,3,"[3313, 3316, 3334]"
O14:Coculture:F06:SN-38,joint,4,"[3313, 3316, 3334, 3325]"
O14:Coculture:F06:SN-38,joint,5,"[3313, 3316, 3334, 3314, 3325]"
O14:Coculture:F06:SN-38,joint,6,"[3313, 3316, 3334, 3314, 3322, 3328]"
O14:Coculture:F06:SN-38,joint,7,"[3313, 3316, 3334, 3314, 3322, 3325, 3331]"
O14:Coculture:F06:SN-38,joint,8,"[3313, 3316, 3334, 3314, 3322, 3323, 3328, 3331]"
O14:Coculture:F06:SN-38,joint,9,"[3313, 3316, 3334, 3314, 3322, 3323, 3328, 3329, 3335]"
O14:Coculture:F06:SN-38,joint,10,"[3313, 3316, 3334, 3314, 3322, 3323, 3325, 3328, 3331, 3335]"
O14:Coculture:F06:SN-38,joint,11,"[3313, 3316, 3334, 3314, 3319, 3322, 3325, 3326, 3328, 3331, 3335]"
O14:Coculture:F06:SN-38,joint,12,"[3313, 3316, 3334, 3314, 3319, 3322, 3323, 3325, 3328, 3329, 3331, 3335]"
O14:Coculture:F06:SN-38,joint,13,"[3313, 3316, 3334, 3314, 3319, 3322, 3323, 3325, 3328, 3329, 3331, 3332, 3335]"
O14:Coculture:F06:SN-38,joint,14,"[3313, 3316, 3334, 3314, 3319, 3322, 3323, 3325, 3326, 3328, 3329, 3331, 3332, 3335]"
O14:Coculture:F06:SN-38,joint,15,"[3313, 3316, 3334, 3314, 3319, 3320, 3322, 3323, 3325, 3326, 3328, 3329, 3331, 3332, 3335]"
O14:Coculture:F06:SN-38,joint,16,"[3313, 3316, 3334, 3314, 3317, 3319, 3320, 3322, 3323, 3325, 3326, 3328, 3329, 3331, 3332, 3335]"
O14:Coculture:F06:SN-38,diagonal,3,"[3313, 3316, 3334]"
O14:Coculture:F06:SN-38,diagonal,4,"[3313, 3316, 3334, 3325]"
O14:Coculture:F06:SN-38,diagonal,5,"[3313, 3316, 3334, 3322, 3328]"
O14:Coculture:F06:SN-38,diagonal,6,"[3313, 3316, 3334, 3322, 3325, 3331]"
O14:Coculture:F06:SN-38,diagonal,7,"[3313, 3316, 3334, 3322, 3323, 3328, 3331]"
O14:Coculture:F06:SN-38,diagonal,8,"[3313, 3316, 3334, 3322, 3323, 3328, 3329, 3335]"
O14:Coculture:F06:SN-38,diagonal,9,"[3313, 3316, 3334, 3319, 3322, 3325, 3328, 3331, 3335]"
O14:Coculture:F06:SN-38,diagonal,10,"[3313, 3316, 3334, 3319, 3322, 3323, 3328, 3329, 3331, 3335]"
O14:Coculture:F06:SN-38,diagonal,11,"[3313, 3316, 3334, 3319, 3322, 3323, 3325, 3328, 3329, 3331, 3335]"
O14:Coculture:F06:SN-38,diagonal,12,"[3313, 3316, 3334, 3319, 3320, 3322, 3325, 3326, 3328, 3331, 3332, 3335]"
O14:Coculture:F06:SN-38,diagonal,13,"[3313, 3316, 3334, 3319, 3320, 3322, 3323, 3325, 3328, 3329, 3331, 3332, 3335]"
O14:Coculture:F06:SN-38,diagonal,14,"[3313, 3316, 3334, 3319, 3320, 3322, 3323, 3325, 3326, 3328, 3329, 3331, 3332, 3335]"
O14:Coculture:F06:SN-38,diagonal,15,"[3313, 3316, 3334, 3317, 3319, 3320, 3322, 3323, 3325, 3326, 3328, 3329, 3331, 3332, 3335]"
O14:Coculture:F06:SN-38,diagonal,16,"[3313, 3316, 3334, 3314, 3317, 3319, 3320, 3322, 3323, 3325, 3326, 3328, 3329, 3331, 3332, 3335]"
O14:Coculture:F11:5-FU,joint,3,"[3169, 3172, 3190]"
O14:Coculture:F11:5-FU,joint,4,"[3169, 3172, 3190, 3181]"
O14:Coculture:F11:5-FU,joint,5,"[3169, 3172, 3190, 3178, 3184]"
O14:Coculture:F11:5-FU,joint,6,"[3169, 3172, 3190, 3170, 3178, 3184]"
O14:Coculture:F11:5-FU,joint,7,"[3169, 3172, 3190, 3170, 3178, 3181, 3187]"
O14:Coculture:F11:5-FU,joint,8,"[3169, 3172, 3190, 3170, 3178, 3181, 3184, 3187]"
O14:Coculture:F11:5-FU,joint,9,"[3169, 3172, 3190, 3170, 3178, 3179, 3181, 3184, 3187]"
O14:Coculture:F11:5-FU,joint,10,"[3169, 3172, 3190, 3170, 3178, 3179, 3181, 3184, 3187, 3191]"
O14:Coculture:F11:5-FU,joint,11,"[3169, 3172, 3190, 3170, 3178, 3179, 3181, 3184, 3185, 3187, 3191]"
O14:Coculture:F11:5-FU,joint,12,"[3169, 3172, 3190, 3170, 3175, 3178, 3179, 3181, 3184, 3185, 3187, 3191]"
O14:Coculture:F11:5-FU,joint,13,"[3169, 3172, 3190, 3170, 3175, 3178, 3179, 3181, 3182, 3184, 3187, 3188, 3191]"
O14:Coculture:F11:5-FU,joint,14,"[3169, 3172, 3190, 3170, 3175, 3178, 3179, 3181, 3182, 3184, 3185, 3187, 3188, 3191]"
O14:Coculture:F11:5-FU,joint,15,"[3169, 3172, 3190, 3170, 3173, 3175, 3178, 3179, 3181, 3182, 3184, 3185, 3187, 3188, 3191]"
O14:Coculture:F11:5-FU,joint,16,"[3169, 3172, 3190, 3170, 3173, 3175, 3176, 3178, 3179, 3181, 3182, 3184, 3185, 3187, 3188, 3191]"
O14:Coculture:F11:5-FU,diagonal,3,"[3169, 3172, 3190]"
O14:Coculture:F11:5-FU,diagonal,4,"[3169, 3172, 3190, 3181]"
O14:Coculture:F11:5-FU,diagonal,5,"[3169, 3172, 3190, 3178, 3184]"
O14:Coculture:F11:5-FU,diagonal,6,"[3169, 3172, 3190, 3178, 3181, 3187]"
O14:Coculture:F11:5-FU,diagonal,7,"[3169, 3172, 3190, 3178, 3181, 3184, 3187]"
O14:Coculture:F11:5-FU,diagonal,8,"[3169, 3172, 3190, 3178, 3179, 3184, 3185, 3191]"
O14:Coculture:F11:5-FU,diagonal,9,"[3169, 3172, 3190, 3178, 3179, 3181, 3184, 3187, 3191]"
O14:Coculture:F11:5-FU,diagonal,10,"[3169, 3172, 3190, 3178, 3179, 3181, 3184, 3185, 3187, 3191]"
O14:Coculture:F11:5-FU,diagonal,11,"[3169, 3172, 3190, 3175, 3178, 3179, 3181, 3184, 3185, 3187, 3191]"
O14:Coculture:F11:5-FU,diagonal,12,"[3169, 3172, 3190, 3175, 3178, 3179, 3181, 3184, 3185, 3187, 3188, 3191]"
O14:Coculture:F11:5-FU,diagonal,13,"[3169, 3172, 3190, 3175, 3178, 3179, 3181, 3182, 3184, 3185, 3187, 3188, 3191]"
O14:Coculture:F11:5-FU,diagonal,14,"[3169, 3172, 3190, 3175, 3176, 3178, 3179, 3181, 3182, 3184, 3185, 3187, 3188, 3191]"
O14:Coculture:F11:5-FU,diagonal,15,"[3169, 3172, 3190, 3173, 3175, 3176, 3178, 3179, 3181, 3182, 3184, 3185, 3187, 3188, 3191]"
O14:Coculture:F11:5-FU,diagonal,16,"[3169, 3172, 3190, 3170, 3173, 3175, 3176, 3178, 3179, 3181, 3182, 3184, 3185, 3187, 3188, 3191]"
O14:Coculture:F11:Oxa,joint,3,"[3193, 3196, 3214]"
O14:Coculture:F11:Oxa,joint,4,"[3193, 3196, 3214, 3205]"
O14:Coculture:F11:Oxa,joint,5,"[3193, 3196, 3214, 3202, 3208]"
O14:Coculture:F11:Oxa,joint,6,"[3193, 3196, 3214, 3194, 3202, 3208]"
O14:Coculture:F11:Oxa,joint,7,"[3193, 3196, 3214, 3194, 3202, 3205, 3211]"
O14:Coculture:F11:Oxa,joint,8,"[3193, 3196, 3214, 3194, 3202, 3205, 3208, 3211]"
O14:Coculture:F11:Oxa,joint,9,"[3193, 3196, 3214, 3194, 3202, 3203, 3205, 3208, 3211]"
O14:Coculture:F11:Oxa,joint,10,"[3193, 3196, 3214, 3194, 3202, 3203, 3205, 3208, 3211, 3215]"
O14:Coculture:F11:Oxa,joint,11,"[3193, 3196, 3214, 3194, 3202, 3203, 3205, 3208, 3209, 3211, 3215]"
O14:Coculture:F11:Oxa,joint,12,"[3193, 3196, 3214, 3194, 3199, 3202, 3203, 3205, 3208, 3209, 3211, 3215]"
O14:Coculture:F11:Oxa,joint,13,"[3193, 3196, 3214, 3194, 3199, 3202, 3203, 3205, 3206, 3208, 3211, 3212, 3215]"
O14:Coculture:F11:Oxa,joint,14,"[3193, 3196, 3214, 3194, 3199, 3202, 3203, 3205, 3206, 3208, 3209, 3211, 3212, 3215]"
O14:Coculture:F11:Oxa,joint,15,"[3193, 3196, 3214, 3194, 3197, 3199, 3202, 3203, 3205, 3206, 3208, 3209, 3211, 3212, 3215]"
O14:Coculture:F11:Oxa,joint,16,"[3193, 3196, 3214, 3194, 3197, 3199, 3200, 3202, 3203, 3205, 3206, 3208, 3209, 3211, 3212, 3215]"
O14:Coculture:F11:Oxa,diagonal,3,"[3193, 3196, 3214]"
O14:Coculture:F11:Oxa,diagonal,4,"[3193, 3196, 3214, 3205]"
O14:Coculture:F11:Oxa,diagonal,5,"[3193, 3196, 3214, 3202, 3208]"
O14:Coculture:F11:Oxa,diagonal,6,"[3193, 3196, 3214, 3202, 3205, 3211]"
O14:Coculture:F11:Oxa,diagonal,7,"[3193, 3196, 3214, 3202, 3205, 3208, 3211]"
O14:Coculture:F11:Oxa,diagonal,8,"[3193, 3196, 3214, 3202, 3203, 3208, 3209, 3215]"
O14:Coculture:F11:Oxa,diagonal,9,"[3193, 3196, 3214, 3202, 3203, 3205, 3208, 3211, 3215]"
O14:Coculture:F11:Oxa,diagonal,10,"[3193, 3196, 3214, 3202, 3203, 3205, 3208, 3209, 3211, 3215]"
O14:Coculture:F11:Oxa,diagonal,11,"[3193, 3196, 3214, 3199, 3202, 3203, 3205, 3208, 3209, 3211, 3215]"
O14:Coculture:F11:Oxa,diagonal,12,"[3193, 3196, 3214, 3199, 3202, 3203, 3205, 3208, 3209, 3211, 3212, 3215]"
O14:Coculture:F11:Oxa,diagonal,13,"[3193, 3196, 3214, 3199, 3202, 3203, 3205, 3206, 3208, 3209, 3211, 3212, 3215]"
O14:Coculture:F11:Oxa,diagonal,14,"[3193, 3196, 3214, 3199, 3200, 3202, 3203, 3205, 3206, 3208, 3209, 3211, 3212, 3215]"
O14:Coculture:F11:Oxa,diagonal,15,"[3193, 3196, 3214, 3197, 3199, 3200, 3202, 3203, 3205, 3206, 3208, 3209, 3211, 3212, 3215]"
O14:Coculture:F11:Oxa,diagonal,16,"[3193, 3196, 3214, 3194, 3197, 3199, 3200, 3202, 3203, 3205, 3206, 3208, 3209, 3211, 3212, 3215]"
O14:Coculture:F11:SN-38,joint,3,"[3217, 3220, 3238]"
O14:Coculture:F11:SN-38,joint,4,"[3217, 3220, 3238, 3229]"
O14:Coculture:F11:SN-38,joint,5,"[3217, 3220, 3238, 3218, 3229]"
O14:Coculture:F11:SN-38,joint,6,"[3217, 3220, 3238, 3218, 3226, 3232]"
O14:Coculture:F11:SN-38,joint,7,"[3217, 3220, 3238, 3218, 3226, 3229, 3235]"
O14:Coculture:F11:SN-38,joint,8,"[3217, 3220, 3238, 3218, 3226, 3227, 3232, 3235]"
O14:Coculture:F11:SN-38,joint,9,"[3217, 3220, 3238, 3218, 3226, 3227, 3232, 3233, 3239]"
O14:Coculture:F11:SN-38,joint,10,"[3217, 3220, 3238, 3218, 3226, 3227, 3229, 3232, 3235, 3239]"
O14:Coculture:F11:SN-38,joint,11,"[3217, 3220, 3238, 3218, 3223, 3226, 3229, 3230, 3232, 3235, 3239]"
O14:Coculture:F11:SN-38,joint,12,"[3217, 3220, 3238, 3218, 3223, 3226, 3227, 3229, 3232, 3233, 3235, 3239]"
O14:Coculture:F11:SN-38,joint,13,"[3217, 3220, 3238, 3218, 3223, 3226, 3227, 3229, 3232, 3233, 3235, 3236, 3239]"
O14:Coculture:F11:SN-38,joint,14,"[3217, 3220, 3238, 3218, 3223, 3226, 3227, 3229, 3230, 3232, 3233, 3235, 3236, 3239]"
O14:Coculture:F11:SN-38,joint,15,"[3217, 3220, 3238, 3218, 3223, 3224, 3226, 3227, 3229, 3230, 3232, 3233, 3235, 3236, 3239]"
O14:Coculture:F11:SN-38,joint,16,"[3217, 3220, 3238, 3218, 3221, 3223, 3224, 3226, 3227, 3229, 3230, 3232, 3233, 3235, 3236, 3239]"
O14:Coculture:F11:SN-38,diagonal,3,"[3217, 3220, 3238]"
O14:Coculture:F11:SN-38,diagonal,4,"[3217, 3220, 3238, 3229]"
O14:Coculture:F11:SN-38,diagonal,5,"[3217, 3220, 3238, 3226, 3232]"
O14:Coculture:F11:SN-38,diagonal,6,"[3217, 3220, 3238, 3226, 3229, 3235]"
O14:Coculture:F11:SN-38,diagonal,7,"[3217, 3220, 3238, 3226, 3227, 3232, 3235]"
O14:Coculture:F11:SN-38,diagonal,8,"[3217, 3220, 3238, 3226, 3227, 3232, 3233, 3239]"
O14:Coculture:F11:SN-38,diagonal,9,"[3217, 3220, 3238, 3223, 3226, 3229, 3232, 3235, 3239]"
O14:Coculture:F11:SN-38,diagonal,10,"[3217, 3220, 3238, 3223, 3226, 3227, 3232, 3233, 3235, 3239]"
O14:Coculture:F11:SN-38,diagonal,11,"[3217, 3220, 3238, 3223, 3226, 3227, 3229, 3232, 3233, 3235, 3239]"
O14:Coculture:F11:SN-38,diagonal,12,"[3217, 3220, 3238, 3223, 3224, 3226, 3229, 3230, 3232, 3235, 3236, 3239]"
O14:Coculture:F11:SN-38,diagonal,13,"[3217, 3220, 3238, 3223, 3224, 3226, 3227, 3229, 3232, 3233, 3235, 3236, 3239]"
O14:Coculture:F11:SN-38,diagonal,14,"[3217, 3220, 3238, 3223, 3224, 3226, 3227, 3229, 3230, 3232, 3233, 3235, 3236, 3239]"
O14:Coculture:F11:SN-38,diagonal,15,"[3217, 3220, 3238, 3221, 3223, 3224, 3226, 3227, 3229, 3230, 3232, 3233, 3235, 3236, 3239]"
O14:Coculture:F11:SN-38,diagonal,16,"[3217, 3220, 3238, 3218, 3221, 3223, 3224, 3226, 3227, 3229, 3230, 3232, 3233, 3235, 3236, 3239]"
O14:Coculture:F14:Gef,joint,3,"[3049, 3052, 3070]"
O14:Coculture:F14:Gef,joint,4,"[3049, 3052, 3070, 3061]"
O14:Coculture:F14:Gef,joint,5,"[3049, 3052, 3070, 3058, 3064]"
O14:Coculture:F14:Gef,joint,6,"[3049, 3052, 3070, 3050, 3058, 3064]"
O14:Coculture:F14:Gef,joint,7,"[3049, 3052, 3070, 3050, 3058, 3061, 3067]"
O14:Coculture:F14:Gef,joint,8,"[3049, 3052, 3070, 3050, 3058, 3061, 3064, 3067]"
O14:Coculture:F14:Gef,joint,9,"[3049, 3052, 3070, 3050, 3058, 3059, 3061, 3064, 3067]"
O14:Coculture:F14:Gef,joint,10,"[3049, 3052, 3070, 3050, 3058, 3059, 3061, 3064, 3067, 3071]"
O14:Coculture:F14:Gef,joint,11,"[3049, 3052, 3070, 3050, 3058, 3059, 3061, 3064, 3065, 3067, 3071]"
O14:Coculture:F14:Gef,joint,12,"[3049, 3052, 3070, 3050, 3055, 3058, 3059, 3061, 3064, 3065, 3067, 3071]"
O14:Coculture:F14:Gef,joint,13,"[3049, 3052, 3070, 3050, 3053, 3055, 3058, 3059, 3061, 3064, 3065, 3067, 3071]"
O14:Coculture:F14:Gef,joint,14,"[3049, 3052, 3070, 3050, 3053, 3055, 3058, 3059, 3061, 3062, 3064, 3067, 3068, 3071]"
O14:Coculture:F14:Gef,joint,15,"[3049, 3052, 3070, 3050, 3053, 3055, 3058, 3059, 3061, 3062, 3064, 3065, 3067, 3068, 3071]"
O14:Coculture:F14:Gef,joint,16,"[3049, 3052, 3070, 3050, 3053, 3055, 3056, 3058, 3059, 3061, 3062, 3064, 3065, 3067, 3068, 3071]"
O14:Coculture:F14:Gef,diagonal,3,"[3049, 3052, 3070]"
O14:Coculture:F14:Gef,diagonal,4,"[3049, 3052, 3070, 3061]"
O14:Coculture:F14:Gef,diagonal,5,"[3049, 3052, 3070, 3058, 3064]"
O14:Coculture:F14:Gef,diagonal,6,"[3049, 3052, 3070, 3058, 3061, 3067]"
O14:Coculture:F14:Gef,diagonal,7,"[3049, 3052, 3070, 3058, 3061, 3064, 3067]"
O14:Coculture:F14:Gef,diagonal,8,"[3049, 3052, 3070, 3058, 3059, 3064, 3065, 3071]"
O14:Coculture:F14:Gef,diagonal,9,"[3049, 3052, 3070, 3058, 3059, 3061, 3064, 3067, 3071]"
O14:Coculture:F14:Gef,diagonal,10,"[3049, 3052, 3070, 3058, 3059, 3061, 3064, 3065, 3067, 3071]"
O14:Coculture:F14:Gef,diagonal,11,"[3049, 3052, 3070, 3055, 3058, 3059, 3061, 3064, 3065, 3067, 3071]"
O14:Coculture:F14:Gef,diagonal,12,"[3049, 3052, 3070, 3055, 3058, 3059, 3061, 3062, 3064, 3067, 3068, 3071]"
O14:Coculture:F14:Gef,diagonal,13,"[3049, 3052, 3070, 3055, 3058, 3059, 3061, 3062, 3064, 3065, 3067, 3068, 3071]"
O14:Coculture:F14:Gef,diagonal,14,"[3049, 3052, 3070, 3055, 3056, 3058, 3059, 3061, 3062, 3064, 3065, 3067, 3068, 3071]"
O14:Coculture:F14:Gef,diagonal,15,"[3049, 3052, 3070, 3053, 3055, 3056, 3058, 3059, 3061, 3062, 3064, 3065, 3067, 3068, 3071]"
O14:Coculture:F14:Gef,diagonal,16,"[3049, 3052, 3070, 3050, 3053, 3055, 3056, 3058, 3059, 3061, 3062, 3064, 3065, 3067, 3068, 3071]"
O14:Coculture:F17:Oxa,joint,3,"[3097, 3100, 3118]"
O14:Coculture:F17:Oxa,joint,4,"[3097, 3100, 3118, 3109]"
O14:Coculture:F17:Oxa,joint,5,"[3097, 3100, 3118, 3106, 3112]"
O14:Coculture:F17:Oxa,joint,6,"[3097, 3100, 3118, 3098, 3106, 3112]"
O14:Coculture:F17:Oxa,joint,7,"[3097, 3100, 3118, 3098, 3106, 3109, 3115]"
O14:Coculture:F17:Oxa,joint,8,"[3097, 3100, 3118, 3098, 3106, 3109, 3112, 3115]"
O14:Coculture:F17:Oxa,joint,9,"[3097, 3100, 3118, 3098, 3106, 3107, 3109, 3112, 3115]"
O14:Coculture:F17:Oxa,joint,10,"[3097, 3100, 3118, 3098, 3106, 3107, 3109, 3112, 3115, 3119]"
O14:Coculture:F17:Oxa,joint,11,"[3097, 3100, 3118, 3098, 3106, 3107, 3109, 3112, 3113, 3115, 3119]"
O14:Coculture:F17:Oxa,joint,12,"[3097, 3100, 3118, 3098, 3103, 3106, 3107, 3109, 3112, 3113, 3115, 3119]"
O14:Coculture:F17:Oxa,joint,13,"[3097, 3100, 3118, 3098, 3103, 3106, 3107, 3109, 3110, 3112, 3115, 3116, 3119]"
O14:Coculture:F17:Oxa,joint,14,"[3097, 3100, 3118, 3098, 3103, 3106, 3107, 3109, 3110, 3112, 3113, 3115, 3116, 3119]"
O14:Coculture:F17:Oxa,joint,15,"[3097, 3100, 3118, 3098, 3101, 3103, 3106, 3107, 3109, 3110, 3112, 3113, 3115, 3116, 3119]"
O14:Coculture:F17:Oxa,joint,16,"[3097, 3100, 3118, 3098, 3101, 3103, 3104, 3106, 3107, 3109, 3110, 3112, 3113, 3115, 3116, 3119]"
O14:Coculture:F17:Oxa,diagonal,3,"[3097, 3100, 3118]"
O14:Coculture:F17:Oxa,diagonal,4,"[3097, 3100, 3118, 3109]"
O14:Coculture:F17:Oxa,diagonal,5,"[3097, 3100, 3118, 3106, 3112]"
O14:Coculture:F17:Oxa,diagonal,6,"[3097, 3100, 3118, 3106, 3109, 3115]"
O14:Coculture:F17:Oxa,diagonal,7,"[3097, 3100, 3118, 3106, 3109, 3112, 3115]"
O14:Coculture:F17:Oxa,diagonal,8,"[3097, 3100, 3118, 3106, 3107, 3112, 3113, 3119]"
O14:Coculture:F17:Oxa,diagonal,9,"[3097, 3100, 3118, 3106, 3107, 3109, 3112, 3115, 3119]"
O14:Coculture:F17:Oxa,diagonal,10,"[3097, 3100, 3118, 3106, 3107, 3109, 3112, 3113, 3115, 3119]"
O14:Coculture:F17:Oxa,diagonal,11,"[3097, 3100, 3118, 3103, 3106, 3107, 3109, 3112, 3113, 3115, 3119]"
O14:Coculture:F17:Oxa,diagonal,12,"[3097, 3100, 3118, 3103, 3106, 3107, 3109, 3112, 3113, 3115, 3116, 3119]"
O14:Coculture:F17:Oxa,diagonal,13,"[3097, 3100, 3118, 3103, 3106, 3107, 3109, 3110, 3112, 3113, 3115, 3116, 3119]"
O14:Coculture:F17:Oxa,diagonal,14,"[3097, 3100, 3118, 3103, 3104, 3106, 3107, 3109, 3110, 3112, 3113, 3115, 3116, 3119]"
O14:Coculture:F17:Oxa,diagonal,15,"[3097, 3100, 3118, 3101, 3103, 3104, 3106, 3107, 3109, 3110, 3112, 3113, 3115, 3116, 3119]"
O14:Coculture:F17:Oxa,diagonal,16,"[3097, 3100, 3118, 3098, 3101, 3103, 3104, 3106, 3107, 3109, 3110, 3112, 3113, 3115, 3116, 3119]"
O14:Monoculture::5-FU,joint,3,"[2881, 2884, 2902]"
O14:Monoculture::5-FU,joint,4,"[2881, 2884, 2902, 2893]"
O14:Monoculture::5-FU,joint,5,"[2881, 2884, 2902, 2890, 2896]"
O14:Monoculture::5-FU,joint,6,"[2881, 2884, 2902, 2882, 2890, 2896]"
O14:Monoculture::5-FU,joint,7,"[2881, 2884, 2902, 2882, 2890, 2893, 2899]"
O14:Monoculture::5-FU,joint,8,"[2881, 2884, 2902, 2882, 2890, 2893, 2896, 2899]"
O14:Monoculture::5-FU,joint,9,"[2881, 2884, 2902, 2882, 2890, 2891, 2893, 2896, 2899]"
O14:Monoculture::5-FU,joint,10,"[2881, 2884, 2902, 2882, 2890, 2891, 2893, 2896, 2899, 2903]"
O14:Monoculture::5-FU,joint,11,"[2881, 2884, 2902, 2882, 2890, 2891, 2893, 2896, 2897, 2899, 2903]"
O14:Monoculture::5-FU,joint,12,"[2881, 2884, 2902, 2882, 2887, 2890, 2891, 2893, 2896, 2897, 2899, 2903]"
O14:Monoculture::5-FU,joint,13,"[2881, 2884, 2902, 2882, 2887, 2890, 2891, 2893, 2894, 2896, 2899, 2900, 2903]"
O14:Monoculture::5-FU,joint,14,"[2881, 2884, 2902, 2882, 2887, 2890, 2891, 2893, 2894, 2896, 2897, 2899, 2900, 2903]"
O14:Monoculture::5-FU,joint,15,"[2881, 2884, 2902, 2882, 2885, 2887, 2890, 2891, 2893, 2894, 2896, 2897, 2899, 2900, 2903]"
O14:Monoculture::5-FU,joint,16,"[2881, 2884, 2902, 2882, 2885, 2887, 2888, 2890, 2891, 2893, 2894, 2896, 2897, 2899, 2900, 2903]"
O14:Monoculture::5-FU,diagonal,3,"[2881, 2884, 2902]"
O14:Monoculture::5-FU,diagonal,4,"[2881, 2884, 2902, 2893]"
O14:Monoculture::5-FU,diagonal,5,"[2881, 2884, 2902, 2890, 2896]"
O14:Monoculture::5-FU,diagonal,6,"[2881, 2884, 2902, 2890, 2893, 2899]"
O14:Monoculture::5-FU,diagonal,7,"[2881, 2884, 2902, 2890, 2893, 2896, 2899]"
O14:Monoculture::5-FU,diagonal,8,"[2881, 2884, 2902, 2890, 2891, 2896, 2897, 2903]"
O14:Monoculture::5-FU,diagonal,9,"[2881, 2884, 2902, 2890, 2891, 2893, 2896, 2899, 2903]"
O14:Monoculture::5-FU,diagonal,10,"[2881, 2884, 2902, 2890, 2891, 2893, 2896, 2897, 2899, 2903]"
O14:Monoculture::5-FU,diagonal,11,"[2881, 2884, 2902, 2887, 2890, 2891, 2893, 2896, 2897, 2899, 2903]"
O14:Monoculture::5-FU,diagonal,12,"[2881, 2884, 2902, 2887, 2890, 2891, 2893, 2896, 2897, 2899, 2900, 2903]"
O14:Monoculture::5-FU,diagonal,13,"[2881, 2884, 2902, 2887, 2890, 2891, 2893, 2894, 2896, 2897, 2899, 2900, 2903]"
O14:Monoculture::5-FU,diagonal,14,"[2881, 2884, 2902, 2887, 2888, 2890, 2891, 2893, 2894, 2896, 2897, 2899, 2900, 2903]"
O14:Monoculture::5-FU,diagonal,15,"[2881, 2884, 2902, 2885, 2887, 2888, 2890, 2891, 2893, 2894, 2896, 2897, 2899, 2900, 2903]"
O14:Monoculture::5-FU,diagonal,16,"[2881, 2884, 2902, 2882, 2885, 2887, 2888, 2890, 2891, 2893, 2894, 2896, 2897, 2899, 2900, 2903]"
O14:Monoculture::Oxa,joint,3,"[2905, 2908, 2926]"
O14:Monoculture::Oxa,joint,4,"[2905, 2908, 2926, 2917]"
O14:Monoculture::Oxa,joint,5,"[2905, 2908, 2926, 2914, 2920]"
O14:Monoculture::Oxa,joint,6,"[2905, 2908, 2926, 2906, 2914, 2920]"
O14:Monoculture::Oxa,joint,7,"[2905, 2908, 2926, 2906, 2914, 2917, 2923]"
O14:Monoculture::Oxa,joint,8,"[2905, 2908, 2926, 2906, 2914, 2917, 2920, 2923]"
O14:Monoculture::Oxa,joint,9,"[2905, 2908, 2926, 2906, 2914, 2915, 2917, 2920, 2923]"
O14:Monoculture::Oxa,joint,10,"[2905, 2908, 2926, 2906, 2914, 2915, 2917, 2920, 2923, 2927]"
O14:Monoculture::Oxa,joint,11,"[2905, 2908, 2926, 2906, 2914, 2915, 2917, 2920, 2921, 2923, 2927]"
O14:Monoculture::Oxa,joint,12,"[2905, 2908, 2926, 2906, 2911, 2914, 2915, 2917, 2920, 2921, 2923, 2927]"
O14:Monoculture::Oxa,joint,13,"[2905, 2908, 2926, 2906, 2911, 2914, 2915, 2917, 2918, 2920, 2923, 2924, 2927]"
O14:Monoculture::Oxa,joint,14,"[2905, 2908, 2926, 2906, 2911, 2914, 2915, 2917, 2918, 2920, 2921, 2923, 2924, 2927]"
O14:Monoculture::Oxa,joint,15,"[2905, 2908, 2926, 2906, 2909, 2911, 2914, 2915, 2917, 2918, 2920, 2921, 2923, 2924, 2927]"
O14:Monoculture::Oxa,joint,16,"[2905, 2908, 2926, 2906, 2909, 2911, 2912, 2914, 2915, 2917, 2918, 2920, 2921, 2923, 2924, 2927]"
O14:Monoculture::Oxa,diagonal,3,"[2905, 2908, 2926]"
O14:Monoculture::Oxa,diagonal,4,"[2905, 2908, 2926, 2917]"
O14:Monoculture::Oxa,diagonal,5,"[2905, 2908, 2926, 2914, 2920]"
O14:Monoculture::Oxa,diagonal,6,"[2905, 2908, 2926, 2914, 2917, 2923]"
O14:Monoculture::Oxa,diagonal,7,"[2905, 2908, 2926, 2914, 2917, 2920, 2923]"
O14:Monoculture::Oxa,diagonal,8,"[2905, 2908, 2926, 2914, 2915, 2920, 2921, 2927]"
O14:Monoculture::Oxa,diagonal,9,"[2905, 2908, 2926, 2914, 2915, 2917, 2920, 2923, 2927]"
O14:Monoculture::Oxa,diagonal,10,"[2905, 2908, 2926, 2914, 2915, 2917, 2920, 2921, 2923, 2927]"
O14:Monoculture::Oxa,diagonal,11,"[2905, 2908, 2926, 2911, 2914, 2915, 2917, 2920, 2921, 2923, 2927]"
O14:Monoculture::Oxa,diagonal,12,"[2905, 2908, 2926, 2911, 2914, 2915, 2917, 2920, 2921, 2923, 2924, 2927]"
O14:Monoculture::Oxa,diagonal,13,"[2905, 2908, 2926, 2911, 2914, 2915, 2917, 2918, 2920, 2921, 2923, 2924, 2927]"
O14:Monoculture::Oxa,diagonal,14,"[2905, 2908, 2926, 2911, 2912, 2914, 2915, 2917, 2918, 2920, 2921, 2923, 2924, 2927]"
O14:Monoculture::Oxa,diagonal,15,"[2905, 2908, 2926, 2909, 2911, 2912, 2914, 2915, 2917, 2918, 2920, 2921, 2923, 2924, 2927]"
O14:Monoculture::Oxa,diagonal,16,"[2905, 2908, 2926, 2906, 2909, 2911, 2912, 2914, 2915, 2917, 2918, 2920, 2921, 2923, 2924, 2927]"
O15:Coculture:F15:5-FU,joint,3,"[3457, 3460, 3478]"
O15:Coculture:F15:5-FU,joint,4,"[3457, 3460, 3478, 3469]"
O15:Coculture:F15:5-FU,joint,5,"[3457, 3460, 3478, 3466, 3472]"
O15:Coculture:F15:5-FU,joint,6,"[3457, 3460, 3478, 3458, 3466, 3472]"
O15:Coculture:F15:5-FU,joint,7,"[3457, 3460, 3478, 3458, 3466, 3469, 3475]"
O15:Coculture:F15:5-FU,joint,8,"[3457, 3460, 3478, 3458, 3466, 3469, 3472, 3475]"
O15:Coculture:F15:5-FU,joint,9,"[3457, 3460, 3478, 3458, 3466, 3467, 3469, 3472, 3475]"
O15:Coculture:F15:5-FU,joint,10,"[3457, 3460, 3478, 3458, 3466, 3467, 3469, 3472, 3475, 3479]"
O15:Coculture:F15:5-FU,joint,11,"[3457, 3460, 3478, 3458, 3466, 3467, 3469, 3472, 3473, 3475, 3479]"
O15:Coculture:F15:5-FU,joint,12,"[3457, 3460, 3478, 3458, 3463, 3466, 3467, 3469, 3472, 3473, 3475, 3479]"
O15:Coculture:F15:5-FU,joint,13,"[3457, 3460, 3478, 3458, 3463, 3466, 3467, 3469, 3470, 3472, 3475, 3476, 3479]"
O15:Coculture:F15:5-FU,joint,14,"[3457, 3460, 3478, 3458, 3463, 3466, 3467, 3469, 3470, 3472, 3473, 3475, 3476, 3479]"
O15:Coculture:F15:5-FU,joint,15,"[3457, 3460, 3478, 3458, 3461, 3463, 3466, 3467, 3469, 3470, 3472, 3473, 3475, 3476, 3479]"
O15:Coculture:F15:5-FU,joint,16,"[3457, 3460, 3478, 3458, 3461, 3463, 3464, 3466, 3467, 3469, 3470, 3472, 3473, 3475, 3476, 3479]"
O15:Coculture:F15:5-FU,diagonal,3,"[3457, 3460, 3478]"
O15:Coculture:F15:5-FU,diagonal,4,"[3457, 3460, 3478, 3469]"
O15:Coculture:F15:5-FU,diagonal,5,"[3457, 3460, 3478, 3466, 3472]"
O15:Coculture:F15:5-FU,diagonal,6,"[3457, 3460, 3478, 3466, 3469, 3475]"
O15:Coculture:F15:5-FU,diagonal,7,"[3457, 3460, 3478, 3466, 3469, 3472, 3475]"
O15:Coculture:F15:5-FU,diagonal,8,"[3457, 3460, 3478, 3466, 3467, 3472, 3473, 3479]"
O15:Coculture:F15:5-FU,diagonal,9,"[3457, 3460, 3478, 3466, 3467, 3469, 3472, 3475, 3479]"
O15:Coculture:F15:5-FU,diagonal,10,"[3457, 3460, 3478, 3466, 3467, 3469, 3472, 3473, 3475, 3479]"
O15:Coculture:F15:5-FU,diagonal,11,"[3457, 3460, 3478, 3463, 3466, 3467, 3469, 3472, 3473, 3475, 3479]"
O15:Coculture:F15:5-FU,diagonal,12,"[3457, 3460, 3478, 3463, 3466, 3467, 3469, 3472, 3473, 3475, 3476, 3479]"
O15:Coculture:F15:5-FU,diagonal,13,"[3457, 3460, 3478, 3463, 3466, 3467, 3469, 3470, 3472, 3473, 3475, 3476, 3479]"
O15:Coculture:F15:5-FU,diagonal,14,"[3457, 3460, 3478, 3463, 3464, 3466, 3467, 3469, 3470, 3472, 3473, 3475, 3476, 3479]"
O15:Coculture:F15:5-FU,diagonal,15,"[3457, 3460, 3478, 3461, 3463, 3464, 3466, 3467, 3469, 3470, 3472, 3473, 3475, 3476, 3479]"
O15:Coculture:F15:5-FU,diagonal,16,"[3457, 3460, 3478, 3458, 3461, 3463, 3464, 3466, 3467, 3469, 3470, 3472, 3473, 3475, 3476, 3479]"
O15:Coculture:F15:Gef,joint,3,"[3529, 3532, 3550]"
O15:Coculture:F15:Gef,joint,4,"[3529, 3532, 3550, 3541]"
O15:Coculture:F15:Gef,joint,5,"[3529, 3532, 3550, 3538, 3544]"
O15:Coculture:F15:Gef,joint,6,"[3529, 3532, 3550, 3530, 3538, 3544]"
O15:Coculture:F15:Gef,joint,7,"[3529, 3532, 3550, 3530, 3538, 3541, 3547]"
O15:Coculture:F15:Gef,joint,8,"[3529, 3532, 3550, 3530, 3538, 3541, 3544, 3547]"
O15:Coculture:F15:Gef,joint,9,"[3529, 3532, 3550, 3530, 3538, 3539, 3541, 3544, 3547]"
O15:Coculture:F15:Gef,joint,10,"[3529, 3532, 3550, 3530, 3538, 3539, 3541, 3544, 3547, 3551]"
O15:Coculture:F15:Gef,joint,11,"[3529, 3532, 3550, 3530, 3538, 3539, 3541, 3544, 3545, 3547, 3551]"
O15:Coculture:F15:Gef,joint,12,"[3529, 3532, 3550, 3530, 3535, 3538, 3539, 3541, 3544, 3545, 3547, 3551]"
O15:Coculture:F15:Gef,joint,13,"[3529, 3532, 3550, 3530, 3533, 3535, 3538, 3539, 3541, 3544, 3545, 3547, 3551]"
O15:Coculture:F15:Gef,joint,14,"[3529, 3532, 3550, 3530, 3533, 3535, 3538, 3539, 3541, 3542, 3544, 3547, 3548, 3551]"
O15:Coculture:F15:Gef,joint,15,"[3529, 3532, 3550, 3530, 3533, 3535, 3538, 3539, 3541, 3542, 3544, 3545, 3547, 3548, 3551]"
O15:Coculture:F15:Gef,joint,16,"[3529, 3532, 3550, 3530, 3533, 3535, 3536, 3538, 3539, 3541, 3542, 3544, 3545, 3547, 3548, 3551]"
O15:Coculture:F15:Gef,diagonal,3,"[3529, 3532, 3550]"
O15:Coculture:F15:Gef,diagonal,4,"[3529, 3532, 3550, 3541]"
O15:Coculture:F15:Gef,diagonal,5,"[3529, 3532, 3550, 3538, 3544]"
O15:Coculture:F15:Gef,diagonal,6,"[3529, 3532, 3550, 3538, 3541, 3547]"
O15:Coculture:F15:Gef,diagonal,7,"[3529, 3532, 3550, 3538, 3541, 3544, 3547]"
O15:Coculture:F15:Gef,diagonal,8,"[3529, 3532, 3550, 3538, 3539, 3544, 3545, 3551]"
O15:Coculture:F15:Gef,diagonal,9,"[3529, 3532, 3550, 3538, 3539, 3541, 3544, 3547, 3551]"
O15:Coculture:F15:Gef,diagonal,10,"[3529, 3532, 3550, 3538, 3539, 3541, 3544, 3545, 3547, 3551]"
O15:Coculture:F15:Gef,diagonal,11,"[3529, 3532, 3550, 3535, 3538, 3539, 3541, 3544, 3545, 3547, 3551]"
O15:Coculture:F15:Gef,diagonal,12,"[3529, 3532, 3550, 3535, 3538, 3539, 3541, 3542, 3544, 3547, 3548, 3551]"
O15:Coculture:F15:Gef,diagonal,13,"[3529, 3532, 3550, 3535, 3538, 3539, 3541, 3542, 3544, 3545, 3547, 3548, 3551]"
O15:Coculture:F15:Gef,diagonal,14,"[3529, 3532, 3550, 3535, 3536, 3538, 3539, 3541, 3542, 3544, 3545, 3547, 3548, 3551]"
O15:Coculture:F15:Gef,diagonal,15,"[3529, 3532, 3550, 3533, 3535, 3536, 3538, 3539, 3541, 3542, 3544, 3545, 3547, 3548, 3551]"
O15:Coculture:F15:Gef,diagonal,16,"[3529, 3532, 3550, 3530, 3533, 3535, 3536, 3538, 3539, 3541, 3542, 3544, 3545, 3547, 3548, 3551]"
O15:Coculture:F15:SN-38,joint,3,"[3505, 3508, 3526]"
O15:Coculture:F15:SN-38,joint,4,"[3505, 3508, 3526, 3517]"
O15:Coculture:F15:SN-38,joint,5,"[3505, 3508, 3526, 3506, 3517]"
O15:Coculture:F15:SN-38,joint,6,"[3505, 3508, 3526, 3506, 3514, 3520]"
O15:Coculture:F15:SN-38,joint,7,"[3505, 3508, 3526, 3506, 3514, 3517, 3523]"
O15:Coculture:F15:SN-38,joint,8,"[3505, 3508, 3526, 3506, 3514, 3515, 3520, 3523]"
O15:Coculture:F15:SN-38,joint,9,"[3505, 3508, 3526, 3506, 3514, 3515, 3520, 3521, 3527]"
O15:Coculture:F15:SN-38,joint,10,"[3505, 3508, 3526, 3506, 3514, 3515, 3517, 3520, 3523, 3527]"
O15:Coculture:F15:SN-38,joint,11,"[3505, 3508, 3526, 3506, 3511, 3514, 3517, 3518, 3520, 3523, 3527]"
O15:Coculture:F15:SN-38,joint,12,"[3505, 3508, 3526, 3506, 3511, 3514, 3515, 3517, 3520, 3521, 3523, 3527]"
O15:Coculture:F15:SN-38,joint,13,"[3505, 3508, 3526, 3506, 3511, 3514, 3515, 3517, 3520, 3521, 3523, 3524, 3527]"
O15:Coculture:F15:SN-38,joint,14,"[3505, 3508, 3526, 3506, 3511, 3514, 3515, 3517, 3518, 3520, 3521, 3523, 3524, 3527]"
O15:Coculture:F15:SN-38,joint,15,"[3505, 3508, 3526, 3506, 3511, 3512, 3514, 3515, 3517, 3518, 3520, 3521, 3523, 3524, 3527]"
O15:Coculture:F15:SN-38,joint,16,"[3505, 3508, 3526, 3506, 3509, 3511, 3512, 3514, 3515, 3517, 3518, 3520, 3521, 3523, 3524, 3527]"
O15:Coculture:F15:SN-38,diagonal,3,"[3505, 3508, 3526]"
O15:Coculture:F15:SN-38,diagonal,4,"[3505, 3508, 3526, 3517]"
O15:Coculture:F15:SN-38,diagonal,5,"[3505, 3508, 3526, 3514, 3520]"
O15:Coculture:F15:SN-38,diagonal,6,"[3505, 3508, 3526, 3514, 3517, 3523]"
O15:Coculture:F15:SN-38,diagonal,7,"[3505, 3508, 3526, 3514, 3515, 3520, 3523]"
O15:Coculture:F15:SN-38,diagonal,8,"[3505, 3508, 3526, 3514, 3515, 3520, 3521, 3527]"
O15:Coculture:F15:SN-38,diagonal,9,"[3505, 3508, 3526, 3511, 3514, 3517, 3520, 3523, 3527]"
O15:Coculture:F15:SN-38,diagonal,10,"[3505, 3508, 3526, 3511, 3514, 3515, 3520, 3521, 3523, 3527]"
O15:Coculture:F15:SN-38,diagonal,11,"[3505, 3508, 3526, 3511, 3514, 3515, 3517, 3520, 3521, 3523, 3527]"
O15:Coculture:F15:SN-38,diagonal,12,"[3505, 3508, 3526, 3511, 3512, 3514, 3517, 3518, 3520, 3523, 3524, 3527]"
O15:Coculture:F15:SN-38,diagonal,13,"[3505, 3508, 3526, 3511, 3512, 3514, 3515, 3517, 3520, 3521, 3523, 3524, 3527]"
O15:Coculture:F15:SN-38,diagonal,14,"[3505, 3508, 3526, 3511, 3512, 3514, 3515, 3517, 3518, 3520, 3521, 3523, 3524, 3527]"
O15:Coculture:F15:SN-38,diagonal,15,"[3505, 3508, 3526, 3509, 3511, 3512, 3514, 3515, 3517, 3518, 3520, 3521, 3523, 3524, 3527]"
O15:Coculture:F15:SN-38,diagonal,16,"[3505, 3508, 3526, 3506, 3509, 3511, 3512, 3514, 3515, 3517, 3518, 3520, 3521, 3523, 3524, 3527]"
O15:Monoculture::5-FU,joint,3,"[3361, 3364, 3382]"
O15:Monoculture::5-FU,joint,4,"[3361, 3364, 3382, 3373]"
O15:Monoculture::5-FU,joint,5,"[3361, 3364, 3382, 3370, 3376]"
O15:Monoculture::5-FU,joint,6,"[3361, 3364, 3382, 3362, 3370, 3376]"
O15:Monoculture::5-FU,joint,7,"[3361, 3364, 3382, 3362, 3370, 3373, 3379]"
O15:Monoculture::5-FU,joint,8,"[3361, 3364, 3382, 3362, 3370, 3373, 3376, 3379]"
O15:Monoculture::5-FU,joint,9,"[3361, 3364, 3382, 3362, 3370, 3371, 3373, 3376, 3379]"
O15:Monoculture::5-FU,joint,10,"[3361, 3364, 3382, 3362, 3370, 3371, 3373, 3376, 3379, 3383]"
O15:Monoculture::5-FU,joint,11,"[3361, 3364, 3382, 3362, 3370, 3371, 3373, 3376, 3377, 3379, 3383]"
O15:Monoculture::5-FU,joint,12,"[3361, 3364, 3382, 3362, 3367, 3370, 3371, 3373, 3376, 3377, 3379, 3383]"
O15:Monoculture::5-FU,joint,13,"[3361, 3364, 3382, 3362, 3367, 3370, 3371, 3373, 3374, 3376, 3379, 3380, 3383]"
O15:Monoculture::5-FU,joint,14,"[3361, 3364, 3382, 3362, 3367, 3370, 3371, 3373, 3374, 3376, 3377, 3379, 3380, 3383]"
O15:Monoculture::5-FU,joint,15,"[3361, 3364, 3382, 3362, 3365, 3367, 3370, 3371, 3373, 3374, 3376, 3377, 3379, 3380, 3383]"
O15:Monoculture::5-FU,joint,16,"[3361, 3364, 3382, 3362, 3365, 3367, 3368, 3370, 3371, 3373, 3374, 3376, 3377, 3379, 3380, 3383]"
O15:Monoculture::5-FU,diagonal,3,"[3361, 3364, 3382]"
O15:Monoculture::5-FU,diagonal,4,"[3361, 3364, 3382, 3373]"
O15:Monoculture::5-FU,diagonal,5,"[3361, 3364, 3382, 3370, 3376]"
O15:Monoculture::5-FU,diagonal,6,"[3361, 3364, 3382, 3370, 3373, 3379]"
O15:Monoculture::5-FU,diagonal,7,"[3361, 3364, 3382, 3370, 3373, 3376, 3379]"
O15:Monoculture::5-FU,diagonal,8,"[3361, 3364, 3382, 3370, 3371, 3376, 3377, 3383]"
O15:Monoculture::5-FU,diagonal,9,"[3361, 3364, 3382, 3370, 3371, 3373, 3376, 3379, 3383]"
O15:Monoculture::5-FU,diagonal,10,"[3361, 3364, 3382, 3370, 3371, 3373, 3376, 3377, 3379, 3383]"
O15:Monoculture::5-FU,diagonal,11,"[3361, 3364, 3382, 3367, 3370, 3371, 3373, 3376, 3377, 3379, 3383]"
O15:Monoculture::5-FU,diagonal,12,"[3361, 3364, 3382, 3367, 3370, 3371, 3373, 3376, 3377, 3379, 3380, 3383]"
O15:Monoculture::5-FU,diagonal,13,"[3361, 3364, 3382, 3367, 3370, 3371, 3373, 3374, 3376, 3377, 3379, 3380, 3383]"
O15:Monoculture::5-FU,diagonal,14,"[3361, 3364, 3382, 3367, 3368, 3370, 3371, 3373, 3374, 3376, 3377, 3379, 3380, 3383]"
O15:Monoculture::5-FU,diagonal,15,"[3361, 3364, 3382, 3365, 3367, 3368, 3370, 3371, 3373, 3374, 3376, 3377, 3379, 3380, 3383]"
O15:Monoculture::5-FU,diagonal,16,"[3361, 3364, 3382, 3362, 3365, 3367, 3368, 3370, 3371, 3373, 3374, 3376, 3377, 3379, 3380, 3383]"
O15:Monoculture::Gef,joint,3,"[3433, 3436, 3454]"
O15:Monoculture::Gef,joint,4,"[3433, 3436, 3454, 3445]"
O15:Monoculture::Gef,joint,5,"[3433, 3436, 3454, 3442, 3448]"
O15:Monoculture::Gef,joint,6,"[3433, 3436, 3454, 3434, 3442, 3448]"
O15:Monoculture::Gef,joint,7,"[3433, 3436, 3454, 3434, 3442, 3445, 3451]"
O15:Monoculture::Gef,joint,8,"[3433, 3436, 3454, 3434, 3442, 3445, 3448, 3451]"
O15:Monoculture::Gef,joint,9,"[3433, 3436, 3454, 3434, 3442, 3443, 3445, 3448, 3451]"
O15:Monoculture::Gef,joint,10,"[3433, 3436, 3454, 3434, 3442, 3443, 3445, 3448, 3451, 3455]"
O15:Monoculture::Gef,joint,11,"[3433, 3436, 3454, 3434, 3442, 3443, 3445, 3448, 3449, 3451, 3455]"
O15:Monoculture::Gef,joint,12,"[3433, 3436, 3454, 3434, 3439, 3442, 3443, 3445, 3448, 3449, 3451, 3455]"
O15:Monoculture::Gef,joint,13,"[3433, 3436, 3454, 3434, 3437, 3439, 3442, 3443, 3445, 3448, 3449, 3451, 3455]"
O15:Monoculture::Gef,joint,14,"[3433, 3436, 3454, 3434, 3437, 3439, 3442, 3443, 3445, 3446, 3448, 3451, 3452, 3455]"
O15:Monoculture::Gef,joint,15,"[3433, 3436, 3454, 3434, 3437, 3439, 3442, 3443, 3445, 3446, 3448, 3449, 3451, 3452, 3455]"
O15:Monoculture::Gef,joint,16,"[3433, 3436, 3454, 3434, 3437, 3439, 3440, 3442, 3443, 3445, 3446, 3448, 3449, 3451, 3452, 3455]"
O15:Monoculture::Gef,diagonal,3,"[3433, 3436, 3454]"
O15:Monoculture::Gef,diagonal,4,"[3433, 3436, 3454, 3445]"
O15:Monoculture::Gef,diagonal,5,"[3433, 3436, 3454, 3442, 3448]"
O15:Monoculture::Gef,diagonal,6,"[3433, 3436, 3454, 3442, 3445, 3451]"
O15:Monoculture::Gef,diagonal,7,"[3433, 3436, 3454, 3442, 3445, 3448, 3451]"
O15:Monoculture::Gef,diagonal,8,"[3433, 3436, 3454, 3442, 3443, 3448, 3449, 3455]"
O15:Monoculture::Gef,diagonal,9,"[3433, 3436, 3454, 3442, 3443, 3445, 3448, 3451, 3455]"
O15:Monoculture::Gef,diagonal,10,"[3433, 3436, 3454, 3442, 3443, 3445, 3448, 3449, 3451, 3455]"
O15:Monoculture::Gef,diagonal,11,"[3433, 3436, 3454, 3439, 3442, 3443, 3445, 3448, 3449, 3451, 3455]"
O15:Monoculture::Gef,diagonal,12,"[3433, 3436, 3454, 3439, 3442, 3443, 3445, 3446, 3448, 3451, 3452, 3455]"
O15:Monoculture::Gef,diagonal,13,"[3433, 3436, 3454, 3439, 3442, 3443, 3445, 3446, 3448, 3449, 3451, 3452, 3455]"
O15:Monoculture::Gef,diagonal,14,"[3433, 3436, 3454, 3439, 3440, 3442, 3443, 3445, 3446, 3448, 3449, 3451, 3452, 3455]"
O15:Monoculture::Gef,diagonal,15,"[3433, 3436, 3454, 3437, 3439, 3440, 3442, 3443, 3445, 3446, 3448, 3449, 3451, 3452, 3455]"
O15:Monoculture::Gef,diagonal,16,"[3433, 3436, 3454, 3434, 3437, 3439, 3440, 3442, 3443, 3445, 3446, 3448, 3449, 3451, 3452, 3455]"
O15:Monoculture::Oxa,joint,3,"[3385, 3388, 3406]"
O15:Monoculture::Oxa,joint,4,"[3385, 3388, 3406, 3397]"
O15:Monoculture::Oxa,joint,5,"[3385, 3388, 3406, 3394, 3400]"
O15:Monoculture::Oxa,joint,6,"[3385, 3388, 3406, 3386, 3394, 3400]"
O15:Monoculture::Oxa,joint,7,"[3385, 3388, 3406, 3386, 3394, 3397, 3403]"
O15:Monoculture::Oxa,joint,8,"[3385, 3388, 3406, 3386, 3394, 3397, 3400, 3403]"
O15:Monoculture::Oxa,joint,9,"[3385, 3388, 3406, 3386, 3394, 3395, 3397, 3400, 3403]"
O15:Monoculture::Oxa,joint,10,"[3385, 3388, 3406, 3386, 3394, 3395, 3397, 3400, 3403, 3407]"
O15:Monoculture::Oxa,joint,11,"[3385, 3388, 3406, 3386, 3394, 3395, 3397, 3400, 3401, 3403, 3407]"
O15:Monoculture::Oxa,joint,12,"[3385, 3388, 3406, 3386, 3391, 3394, 3395, 3397, 3400, 3401, 3403, 3407]"
O15:Monoculture::Oxa,joint,13,"[3385, 3388, 3406, 3386, 3391, 3394, 3395, 3397, 3398, 3400, 3403, 3404, 3407]"
O15:Monoculture::Oxa,joint,14,"[3385, 3388, 3406, 3386, 3391, 3394, 3395, 3397, 3398, 3400, 3401, 3403, 3404, 3407]"
O15:Monoculture::Oxa,joint,15,"[3385, 3388, 3406, 3386, 3389, 3391, 3394, 3395, 3397, 3398, 3400, 3401, 3403, 3404, 3407]"
O15:Monoculture::Oxa,joint,16,"[3385, 3388, 3406, 3386, 3389, 3391, 3392, 3394, 3395, 3397, 3398, 3400, 3401, 3403, 3404, 3407]"
O15:Monoculture::Oxa,diagonal,3,"[3385, 3388, 3406]"
O15:Monoculture::Oxa,diagonal,4,"[3385, 3388, 3406, 3397]"
O15:Monoculture::Oxa,diagonal,5,"[3385, 3388, 3406, 3394, 3400]"
O15:Monoculture::Oxa,diagonal,6,"[3385, 3388, 3406, 3394, 3397, 3403]"
O15:Monoculture::Oxa,diagonal,7,"[3385, 3388, 3406, 3394, 3397, 3400, 3403]"
O15:Monoculture::Oxa,diagonal,8,"[3385, 3388, 3406, 3394, 3395, 3400, 3401, 3407]"
O15:Monoculture::Oxa,diagonal,9,"[3385, 3388, 3406, 3394, 3395, 3397, 3400, 3403, 3407]"
O15:Monoculture::Oxa,diagonal,10,"[3385, 3388, 3406, 3394, 3395, 3397, 3400, 3401, 3403, 3407]"
O15:Monoculture::Oxa,diagonal,11,"[3385, 3388, 3406, 3391, 3394, 3395, 3397, 3400, 3401, 3403, 3407]"
O15:Monoculture::Oxa,diagonal,12,"[3385, 3388, 3406, 3391, 3394, 3395, 3397, 3400, 3401, 3403, 3404, 3407]"
O15:Monoculture::Oxa,diagonal,13,"[3385, 3388, 3406, 3391, 3394, 3395, 3397, 3398, 3400, 3401, 3403, 3404, 3407]"
O15:Monoculture::Oxa,diagonal,14,"[3385, 3388, 3406, 3391, 3392, 3394, 3395, 3397, 3398, 3400, 3401, 3403, 3404, 3407]"
O15:Monoculture::Oxa,diagonal,15,"[3385, 3388, 3406, 3389, 3391, 3392, 3394, 3395, 3397, 3398, 3400, 3401, 3403, 3404, 3407]"
O15:Monoculture::Oxa,diagonal,16,"[3385, 3388, 3406, 3386, 3389, 3391, 3392, 3394, 3395, 3397, 3398, 3400, 3401, 3403, 3404, 3407]"
O15:Monoculture::SN-38,joint,3,"[3409, 3412, 3430]"
O15:Monoculture::SN-38,joint,4,"[3409, 3412, 3430, 3421]"
O15:Monoculture::SN-38,joint,5,"[3409, 3412, 3430, 3410, 3421]"
O15:Monoculture::SN-38,joint,6,"[3409, 3412, 3430, 3410, 3418, 3424]"
O15:Monoculture::SN-38,joint,7,"[3409, 3412, 3430, 3410, 3418, 3421, 3427]"
O15:Monoculture::SN-38,joint,8,"[3409, 3412, 3430, 3410, 3418, 3419, 3424, 3427]"
O15:Monoculture::SN-38,joint,9,"[3409, 3412, 3430, 3410, 3418, 3419, 3424, 3425, 3431]"
O15:Monoculture::SN-38,joint,10,"[3409, 3412, 3430, 3410, 3418, 3419, 3421, 3424, 3427, 3431]"
O15:Monoculture::SN-38,joint,11,"[3409, 3412, 3430, 3410, 3415, 3418, 3421, 3422, 3424, 3427, 3431]"
O15:Monoculture::SN-38,joint,12,"[3409, 3412, 3430, 3410, 3415, 3418, 3419, 3421, 3424, 3425, 3427, 3431]"
O15:Monoculture::SN-38,joint,13,"[3409, 3412, 3430, 3410, 3415, 3418, 3419, 3421, 3424, 3425, 3427, 3428, 3431]"
O15:Monoculture::SN-38,joint,14,"[3409, 3412, 3430, 3410, 3415, 3418, 3419, 3421, 3422, 3424, 3425, 3427, 3428, 3431]"
O15:Monoculture::SN-38,joint,15,"[3409, 3412, 3430, 3410, 3415, 3416, 3418, 3419, 3421, 3422, 3424, 3425, 3427, 3428, 3431]"
O15:Monoculture::SN-38,joint,16,"[3409, 3412, 3430, 3410, 3413, 3415, 3416, 3418, 3419, 3421, 3422, 3424, 3425, 3427, 3428, 3431]"
O15:Monoculture::SN-38,diagonal,3,"[3409, 3412, 3430]"
O15:Monoculture::SN-38,diagonal,4,"[3409, 3412, 3430, 3421]"
O15:Monoculture::SN-38,diagonal,5,"[3409, 3412, 3430, 3418, 3424]"
O15:Monoculture::SN-38,diagonal,6,"[3409, 3412, 3430, 3418, 3421, 3427]"
O15:Monoculture::SN-38,diagonal,7,"[3409, 3412, 3430, 3418, 3419, 3424, 3427]"
O15:Monoculture::SN-38,diagonal,8,"[3409, 3412, 3430, 3418, 3419, 3424, 3425, 3431]"
O15:Monoculture::SN-38,diagonal,9,"[3409, 3412, 3430, 3415, 3418, 3421, 3424, 3427, 3431]"
O15:Monoculture::SN-38,diagonal,10,"[3409, 3412, 3430, 3415, 3418, 3419, 3424, 3425, 3427, 3431]"
O15:Monoculture::SN-38,diagonal,11,"[3409, 3412, 3430, 3415, 3418, 3419, 3421, 3424, 3425, 3427, 3431]"
O15:Monoculture::SN-38,diagonal,12,"[3409, 3412, 3430, 3415, 3416, 3418, 3421, 3422, 3424, 3427, 3428, 3431]"
O15:Monoculture::SN-38,diagonal,13,"[3409, 3412, 3430, 3415, 3416, 3418, 3419, 3421, 3424, 3425, 3427, 3428, 3431]"
O15:Monoculture::SN-38,diagonal,14,"[3409, 3412, 3430, 3415, 3416, 3418, 3419, 3421, 3422, 3424, 3425, 3427, 3428, 3431]"
O15:Monoculture::SN-38,diagonal,15,"[3409, 3412, 3430, 3413, 3415, 3416, 3418, 3419, 3421, 3422, 3424, 3425, 3427, 3428, 3431]"
O15:Monoculture::SN-38,diagonal,16,"[3409, 3412, 3430, 3410, 3413, 3415, 3416, 3418, 3419, 3421, 3422, 3424, 3425, 3427, 3428, 3431]"
O16:Coculture:F17:5-FU,joint,3,"[3649, 3652, 3670]"
O16:Coculture:F17:5-FU,joint,4,"[3649, 3652, 3670, 3661]"
O16:Coculture:F17:5-FU,joint,5,"[3649, 3652, 3670, 3658, 3664]"
O16:Coculture:F17:5-FU,joint,6,"[3649, 3652, 3670, 3650, 3658, 3664]"
O16:Coculture:F17:5-FU,joint,7,"[3649, 3652, 3670, 3650, 3658, 3661, 3667]"
O16:Coculture:F17:5-FU,joint,8,"[3649, 3652, 3670, 3650, 3658, 3661, 3664, 3667]"
O16:Coculture:F17:5-FU,joint,9,"[3649, 3652, 3670, 3650, 3658, 3659, 3661, 3664, 3667]"
O16:Coculture:F17:5-FU,joint,10,"[3649, 3652, 3670, 3650, 3658, 3659, 3661, 3664, 3667, 3671]"
O16:Coculture:F17:5-FU,joint,11,"[3649, 3652, 3670, 3650, 3658, 3659, 3661, 3664, 3665, 3667, 3671]"
O16:Coculture:F17:5-FU,joint,12,"[3649, 3652, 3670, 3650, 3655, 3658, 3659, 3661, 3664, 3665, 3667, 3671]"
O16:Coculture:F17:5-FU,joint,13,"[3649, 3652, 3670, 3650, 3655, 3658, 3659, 3661, 3662, 3664, 3667, 3668, 3671]"
O16:Coculture:F17:5-FU,joint,14,"[3649, 3652, 3670, 3650, 3655, 3658, 3659, 3661, 3662, 3664, 3665, 3667, 3668, 3671]"
O16:Coculture:F17:5-FU,joint,15,"[3649, 3652, 3670, 3650, 3653, 3655, 3658, 3659, 3661, 3662, 3664, 3665, 3667, 3668, 3671]"
O16:Coculture:F17:5-FU,joint,16,"[3649, 3652, 3670, 3650, 3653, 3655, 3656, 3658, 3659, 3661, 3662, 3664, 3665, 3667, 3668, 3671]"
O16:Coculture:F17:5-FU,diagonal,3,"[3649, 3652, 3670]"
O16:Coculture:F17:5-FU,diagonal,4,"[3649, 3652, 3670, 3661]"
O16:Coculture:F17:5-FU,diagonal,5,"[3649, 3652, 3670, 3658, 3664]"
O16:Coculture:F17:5-FU,diagonal,6,"[3649, 3652, 3670, 3658, 3661, 3667]"
O16:Coculture:F17:5-FU,diagonal,7,"[3649, 3652, 3670, 3658, 3661, 3664, 3667]"
O16:Coculture:F17:5-FU,diagonal,8,"[3649, 3652, 3670, 3658, 3659, 3664, 3665, 3671]"
O16:Coculture:F17:5-FU,diagonal,9,"[3649, 3652, 3670, 3658, 3659, 3661, 3664, 3667, 3671]"
O16:Coculture:F17:5-FU,diagonal,10,"[3649, 3652, 3670, 3658, 3659, 3661, 3664, 3665, 3667, 3671]"
O16:Coculture:F17:5-FU,diagonal,11,"[3649, 3652, 3670, 3655, 3658, 3659, 3661, 3664, 3665, 3667, 3671]"
O16:Coculture:F17:5-FU,diagonal,12,"[3649, 3652, 3670, 3655, 3658, 3659, 3661, 3664, 3665, 3667, 3668, 3671]"
O16:Coculture:F17:5-FU,diagonal,13,"[3649, 3652, 3670, 3655, 3658, 3659, 3661, 3662, 3664, 3665, 3667, 3668, 3671]"
O16:Coculture:F17:5-FU,diagonal,14,"[3649, 3652, 3670, 3655, 3656, 3658, 3659, 3661, 3662, 3664, 3665, 3667, 3668, 3671]"
O16:Coculture:F17:5-FU,diagonal,15,"[3649, 3652, 3670, 3653, 3655, 3656, 3658, 3659, 3661, 3662, 3664, 3665, 3667, 3668, 3671]"
O16:Coculture:F17:5-FU,diagonal,16,"[3649, 3652, 3670, 3650, 3653, 3655, 3656, 3658, 3659, 3661, 3662, 3664, 3665, 3667, 3668, 3671]"
O16:Coculture:F17:Gef,joint,3,"[3721, 3724, 3742]"
O16:Coculture:F17:Gef,joint,4,"[3721, 3724, 3742, 3733]"
O16:Coculture:F17:Gef,joint,5,"[3721, 3724, 3742, 3730, 3736]"
O16:Coculture:F17:Gef,joint,6,"[3721, 3724, 3742, 3722, 3730, 3736]"
O16:Coculture:F17:Gef,joint,7,"[3721, 3724, 3742, 3722, 3730, 3733, 3739]"
O16:Coculture:F17:Gef,joint,8,"[3721, 3724, 3742, 3722, 3730, 3733, 3736, 3739]"
O16:Coculture:F17:Gef,joint,9,"[3721, 3724, 3742, 3722, 3730, 3731, 3733, 3736, 3739]"
O16:Coculture:F17:Gef,joint,10,"[3721, 3724, 3742, 3722, 3730, 3731, 3733, 3736, 3739, 3743]"
O16:Coculture:F17:Gef,joint,11,"[3721, 3724, 3742, 3722, 3730, 3731, 3733, 3736, 3737, 3739, 3743]"
O16:Coculture:F17:Gef,joint,12,"[3721, 3724, 3742, 3722, 3727, 3730, 3731, 3733, 3736, 3737, 3739, 3743]"
O16:Coculture:F17:Gef,joint,13,"[3721, 3724, 3742, 3722, 3725, 3727, 3730, 3731, 3733, 3736, 3737, 3739, 3743]"
O16:Coculture:F17:Gef,joint,14,"[3721, 3724, 3742, 3722, 3725, 3727, 3730, 3731, 3733, 3734, 3736, 3739, 3740, 3743]"
O16:Coculture:F17:Gef,joint,15,"[3721, 3724, 3742, 3722, 3725, 3727, 3730, 3731, 3733, 3734, 3736, 3737, 3739, 3740, 3743]"
O16:Coculture:F17:Gef,joint,16,"[3721, 3724, 3742, 3722, 3725, 3727, 3728, 3730, 3731, 3733, 3734, 3736, 3737, 3739, 3740, 3743]"
O16:Coculture:F17:Gef,diagonal,3,"[3721, 3724, 3742]"
O16:Coculture:F17:Gef,diagonal,4,"[3721, 3724, 3742, 3733]"
O16:Coculture:F17:Gef,diagonal,5,"[3721, 3724, 3742, 3730, 3736]"
O16:Coculture:F17:Gef,diagonal,6,"[3721, 3724, 3742, 3730, 3733, 3739]"
O16:Coculture:F17:Gef,diagonal,7,"[3721, 3724, 3742, 3730, 3733, 3736, 3739]"
O16:Coculture:F17:Gef,diagonal,8,"[3721, 3724, 3742, 3730, 3731, 3736, 3737, 3743]"
O16:Coculture:F17:Gef,diagonal,9,"[3721, 3724, 3742, 3730, 3731, 3733, 3736, 3739, 3743]"
O16:Coculture:F17:Gef,diagonal,10,"[3721, 3724, 3742, 3730, 3731, 3733, 3736, 3737, 3739, 3743]"
O16:Coculture:F17:Gef,diagonal,11,"[3721, 3724, 3742, 3727, 3730, 3731, 3733, 3736, 3737, 3739, 3743]"
O16:Coculture:F17:Gef,diagonal,12,"[3721, 3724, 3742, 3727, 3730, 3731, 3733, 3734, 3736, 3739, 3740, 3743]"
O16:Coculture:F17:Gef,diagonal,13,"[3721, 3724, 3742, 3727, 3730, 3731, 3733, 3734, 3736, 3737, 3739, 3740, 3743]"
O16:Coculture:F17:Gef,diagonal,14,"[3721, 3724, 3742, 3727, 3728, 3730, 3731, 3733, 3734, 3736, 3737, 3739, 3740, 3743]"
O16:Coculture:F17:Gef,diagonal,15,"[3721, 3724, 3742, 3725, 3727, 3728, 3730, 3731, 3733, 3734, 3736, 3737, 3739, 3740, 3743]"
O16:Coculture:F17:Gef,diagonal,16,"[3721, 3724, 3742, 3722, 3725, 3727, 3728, 3730, 3731, 3733, 3734, 3736, 3737, 3739, 3740, 3743]"
O16:Coculture:F17:Oxa,joint,3,"[3673, 3676, 3694]"
O16:Coculture:F17:Oxa,joint,4,"[3673, 3676, 3694, 3685]"
O16:Coculture:F17:Oxa,joint,5,"[3673, 3676, 3694, 3682, 3688]"
O16:Coculture:F17:Oxa,joint,6,"[3673, 3676, 3694, 3674, 3682, 3688]"
O16:Coculture:F17:Oxa,joint,7,"[3673, 3676, 3694, 3674, 3682, 3685, 3691]"
O16:Coculture:F17:Oxa,joint,8,"[3673, 3676, 3694, 3674, 3682, 3685, 3688, 3691]"
O16:Coculture:F17:Oxa,joint,9,"[3673, 3676, 3694, 3674, 3682, 3683, 3685, 3688, 3691]"
O16:Coculture:F17:Oxa,joint,10,"[3673, 3676, 3694, 3674, 3682, 3683, 3685, 3688, 3691, 3695]"
O16:Coculture:F17:Oxa,joint,11,"[3673, 3676, 3694, 3674, 3682, 3683, 3685, 3688, 3689, 3691, 3695]"
O16:Coculture:F17:Oxa,joint,12,"[3673, 3676, 3694, 3674, 3679, 3682, 3683, 3685, 3688, 3689, 3691, 3695]"
O16:Coculture:F17:Oxa,joint,13,"[3673, 3676, 3694, 3674, 3679, 3682, 3683, 3685, 3686, 3688, 3691, 3692, 3695]"
O16:Coculture:F17:Oxa,joint,14,"[3673, 3676, 3694, 3674, 3679, 3682, 3683, 3685, 3686, 3688, 3689, 3691, 3692, 3695]"
O16:Coculture:F17:Oxa,joint,15,"[3673, 3676, 3694, 3674, 3677, 3679, 3682, 3683, 3685, 3686, 3688, 3689, 3691, 3692, 3695]"
O16:Coculture:F17:Oxa,joint,16,"[3673, 3676, 3694, 3674, 3677, 3679, 3680, 3682, 3683, 3685, 3686, 3688, 3689, 3691, 3692, 3695]"
O16:Coculture:F17:Oxa,diagonal,3,"[3673, 3676, 3694]"
O16:Coculture:F17:Oxa,diagonal,4,"[3673, 3676, 3694, 3685]"
O16:Coculture:F17:Oxa,diagonal,5,"[3673, 3676, 3694, 3682, 3688]"
O16:Coculture:F17:Oxa,diagonal,6,"[3673, 3676, 3694, 3682, 3685, 3691]"
O16:Coculture:F17:Oxa,diagonal,7,"[3673, 3676, 3694, 3682, 3685, 3688, 3691]"
O16:Coculture:F17:Oxa,diagonal,8,"[3673, 3676, 3694, 3682, 3683, 3688, 3689, 3695]"
O16:Coculture:F17:Oxa,diagonal,9,"[3673, 3676, 3694, 3682, 3683, 3685, 3688, 3691, 3695]"
O16:Coculture:F17:Oxa,diagonal,10,"[3673, 3676, 3694, 3682, 3683, 3685, 3688, 3689, 3691, 3695]"
O16:Coculture:F17:Oxa,diagonal,11,"[3673, 3676, 3694, 3679, 3682, 3683, 3685, 3688, 3689, 3691, 3695]"
O16:Coculture:F17:Oxa,diagonal,12,"[3673, 3676, 3694, 3679, 3682, 3683, 3685, 3688, 3689, 3691, 3692, 3695]"
O16:Coculture:F17:Oxa,diagonal,13,"[3673, 3676, 3694, 3679, 3682, 3683, 3685, 3686, 3688, 3689, 3691, 3692, 3695]"
O16:Coculture:F17:Oxa,diagonal,14,"[3673, 3676, 3694, 3679, 3680, 3682, 3683, 3685, 3686, 3688, 3689, 3691, 3692, 3695]"
O16:Coculture:F17:Oxa,diagonal,15,"[3673, 3676, 3694, 3677, 3679, 3680, 3682, 3683, 3685, 3686, 3688, 3689, 3691, 3692, 3695]"
O16:Coculture:F17:Oxa,diagonal,16,"[3673, 3676, 3694, 3674, 3677, 3679, 3680, 3682, 3683, 3685, 3686, 3688, 3689, 3691, 3692, 3695]"
O16:Coculture:F17:SN-38,joint,3,"[3697, 3700, 3718]"
O16:Coculture:F17:SN-38,joint,4,"[3697, 3700, 3718, 3709]"
O16:Coculture:F17:SN-38,joint,5,"[3697, 3700, 3718, 3698, 3709]"
O16:Coculture:F17:SN-38,joint,6,"[3697, 3700, 3718, 3698, 3706, 3712]"
O16:Coculture:F17:SN-38,joint,7,"[3697, 3700, 3718, 3698, 3706, 3709, 3715]"
O16:Coculture:F17:SN-38,joint,8,"[3697, 3700, 3718, 3698, 3706, 3707, 3712, 3715]"
O16:Coculture:F17:SN-38,joint,9,"[3697, 3700, 3718, 3698, 3706, 3707, 3712, 3713, 3719]"
O16:Coculture:F17:SN-38,joint,10,"[3697, 3700, 3718, 3698, 3706, 3707, 3709, 3712, 3715, 3719]"
O16:Coculture:F17:SN-38,joint,11,"[3697, 3700, 3718, 3698, 3703, 3706, 3709, 3710, 3712, 3715, 3719]"
O16:Coculture:F17:SN-38,joint,12,"[3697, 3700, 3718, 3698, 3703, 3706, 3707, 3709, 3712, 3713, 3715, 3719]"
O16:Coculture:F17:SN-38,joint,13,"[3697, 3700, 3718, 3698, 3703, 3706, 3707, 3709, 3712, 3713, 3715, 3716, 3719]"
O16:Coculture:F17:SN-38,joint,14,"[3697, 3700, 3718, 3698, 3703, 3706, 3707, 3709, 3710, 3712, 3713, 3715, 3716, 3719]"
O16:Coculture:F17:SN-38,joint,15,"[3697, 3700, 3718, 3698, 3703, 3704, 3706, 3707, 3709, 3710, 3712, 3713, 3715, 3716, 3719]"
O16:Coculture:F17:SN-38,joint,16,"[3697, 3700, 3718, 3698, 3701, 3703, 3704, 3706, 3707, 3709, 3710, 3712, 3713, 3715, 3716, 3719]"
O16:Coculture:F17:SN-38,diagonal,3,"[3697, 3700, 3718]"
O16:Coculture:F17:SN-38,diagonal,4,"[3697, 3700, 3718, 3709]"
O16:Coculture:F17:SN-38,diagonal,5,"[3697, 3700, 3718, 3706, 3712]"
O16:Coculture:F17:SN-38,diagonal,6,"[3697, 3700, 3718, 3706, 3709, 3715]"
O16:Coculture:F17:SN-38,diagonal,7,"[3697, 3700, 3718, 3706, 3707, 3712, 3715]"
O16:Coculture:F17:SN-38,diagonal,8,"[3697, 3700, 3718, 3706, 3707, 3712, 3713, 3719]"
O16:Coculture:F17:SN-38,diagonal,9,"[3697, 3700, 3718, 3703, 3706, 3709, 3712, 3715, 3719]"
O16:Coculture:F17:SN-38,diagonal,10,"[3697, 3700, 3718, 3703, 3706, 3707, 3712, 3713, 3715, 3719]"
O16:Coculture:F17:SN-38,diagonal,11,"[3697, 3700, 3718, 3703, 3706, 3707, 3709, 3712, 3713, 3715, 3719]"
O16:Coculture:F17:SN-38,diagonal,12,"[3697, 3700, 3718, 3703, 3704, 3706, 3709, 3710, 3712, 3715, 3716, 3719]"
O16:Coculture:F17:SN-38,diagonal,13,"[3697, 3700, 3718, 3703, 3704, 3706, 3707, 3709, 3712, 3713, 3715, 3716, 3719]"
O16:Coculture:F17:SN-38,diagonal,14,"[3697, 3700, 3718, 3703, 3704, 3706, 3707, 3709, 3710, 3712, 3713, 3715, 3716, 3719]"
O16:Coculture:F17:SN-38,diagonal,15,"[3697, 3700, 3718, 3701, 3703, 3704, 3706, 3707, 3709, 3710, 3712, 3713, 3715, 3716, 3719]"
O16:Coculture:F17:SN-38,diagonal,16,"[3697, 3700, 3718, 3698, 3701, 3703, 3704, 3706, 3707, 3709, 3710, 3712, 3713, 3715, 3716, 3719]"
O16:Monoculture::5-FU,joint,3,"[3553, 3556, 3574]"
O16:Monoculture::5-FU,joint,4,"[3553, 3556, 3574, 3565]"
O16:Monoculture::5-FU,joint,5,"[3553, 3556, 3574, 3562, 3568]"
O16:Monoculture::5-FU,joint,6,"[3553, 3556, 3574, 3554, 3562, 3568]"
O16:Monoculture::5-FU,joint,7,"[3553, 3556, 3574, 3554, 3562, 3565, 3571]"
O16:Monoculture::5-FU,joint,8,"[3553, 3556, 3574, 3554, 3562, 3565, 3568, 3571]"
O16:Monoculture::5-FU,joint,9,"[3553, 3556, 3574, 3554, 3562, 3563, 3565, 3568, 3571]"
O16:Monoculture::5-FU,joint,10,"[3553, 3556, 3574, 3554, 3562, 3563, 3565, 3568, 3571, 3575]"
O16:Monoculture::5-FU,joint,11,"[3553, 3556, 3574, 3554, 3562, 3563, 3565, 3568, 3569, 3571, 3575]"
O16:Monoculture::5-FU,joint,12,"[3553, 3556, 3574, 3554, 3559, 3562, 3563, 3565, 3568, 3569, 3571, 3575]"
O16:Monoculture::5-FU,joint,13,"[3553, 3556, 3574, 3554, 3559, 3562, 3563, 3565, 3566, 3568, 3571, 3572, 3575]"
O16:Monoculture::5-FU,joint,14,"[3553, 3556, 3574, 3554, 3559, 3562, 3563, 3565, 3566, 3568, 3569, 3571, 3572, 3575]"
O16:Monoculture::5-FU,joint,15,"[3553, 3556, 3574, 3554, 3557, 3559, 3562, 3563, 3565, 3566, 3568, 3569, 3571, 3572, 3575]"
O16:Monoculture::5-FU,joint,16,"[3553, 3556, 3574, 3554, 3557, 3559, 3560, 3562, 3563, 3565, 3566, 3568, 3569, 3571, 3572, 3575]"
O16:Monoculture::5-FU,diagonal,3,"[3553, 3556, 3574]"
O16:Monoculture::5-FU,diagonal,4,"[3553, 3556, 3574, 3565]"
O16:Monoculture::5-FU,diagonal,5,"[3553, 3556, 3574, 3562, 3568]"
O16:Monoculture::5-FU,diagonal,6,"[3553, 3556, 3574, 3562, 3565, 3571]"
O16:Monoculture::5-FU,diagonal,7,"[3553, 3556, 3574, 3562, 3565, 3568, 3571]"
O16:Monoculture::5-FU,diagonal,8,"[3553, 3556, 3574, 3562, 3563, 3568, 3569, 3575]"
O16:Monoculture::5-FU,diagonal,9,"[3553, 3556, 3574, 3562, 3563, 3565, 3568, 3571, 3575]"
O16:Monoculture::5-FU,diagonal,10,"[3553, 3556, 3574, 3562, 3563, 3565, 3568, 3569, 3571, 3575]"
O16:Monoculture::5-FU,diagonal,11,"[3553, 3556, 3574, 3559, 3562, 3563, 3565, 3568, 3569, 3571, 3575]"
O16:Monoculture::5-FU,diagonal,12,"[3553, 3556, 3574, 3559, 3562, 3563, 3565, 3568, 3569, 3571, 3572, 3575]"
O16:Monoculture::5-FU,diagonal,13,"[3553, 3556, 3574, 3559, 3562, 3563, 3565, 3566, 3568, 3569, 3571, 3572, 3575]"
O16:Monoculture::5-FU,diagonal,14,"[3553, 3556, 3574, 3559, 3560, 3562, 3563, 3565, 3566, 3568, 3569, 3571, 3572, 3575]"
O16:Monoculture::5-FU,diagonal,15,"[3553, 3556, 3574, 3557, 3559, 3560, 3562, 3563, 3565, 3566, 3568, 3569, 3571, 3572, 3575]"
O16:Monoculture::5-FU,diagonal,16,"[3553, 3556, 3574, 3554, 3557, 3559, 3560, 3562, 3563, 3565, 3566, 3568, 3569, 3571, 3572, 3575]"
O16:Monoculture::Gef,joint,3,"[3625, 3628, 3646]"
O16:Monoculture::Gef,joint,4,"[3625, 3628, 3646, 3637]"
O16:Monoculture::Gef,joint,5,"[3625, 3628, 3646, 3634, 3640]"
O16:Monoculture::Gef,joint,6,"[3625, 3628, 3646, 3626, 3634, 3640]"
O16:Monoculture::Gef,joint,7,"[3625, 3628, 3646, 3626, 3634, 3637, 3643]"
O16:Monoculture::Gef,joint,8,"[3625, 3628, 3646, 3626, 3634, 3637, 3640, 3643]"
O16:Monoculture::Gef,joint,9,"[3625, 3628, 3646, 3626, 3634, 3635, 3637, 3640, 3643]"
O16:Monoculture::Gef,joint,10,"[3625, 3628, 3646, 3626, 3634, 3635, 3637, 3640, 3643, 3647]"
O16:Monoculture::Gef,joint,11,"[3625, 3628, 3646, 3626, 3634, 3635, 3637, 3640, 3641, 3643, 3647]"
O16:Monoculture::Gef,joint,12,"[3625, 3628, 3646, 3626, 3631, 3634, 3635, 3637, 3640, 3641, 3643, 3647]"
O16:Monoculture::Gef,joint,13,"[3625, 3628, 3646, 3626, 3629, 3631, 3634, 3635, 3637, 3640, 3641, 3643, 3647]"
O16:Monoculture::Gef,joint,14,"[3625, 3628, 3646, 3626, 3629, 3631, 3634, 3635, 3637, 3638, 3640, 3643, 3644, 3647]"
O16:Monoculture::Gef,joint,15,"[3625, 3628, 3646, 3626, 3629, 3631, 3634, 3635, 3637, 3638, 3640, 3641, 3643, 3644, 3647]"
O16:Monoculture::Gef,joint,16,"[3625, 3628, 3646, 3626, 3629, 3631, 3632, 3634, 3635, 3637, 3638, 3640, 3641, 3643, 3644, 3647]"
O16:Monoculture::Gef,diagonal,3,"[3625, 3628, 3646]"
O16:Monoculture::Gef,diagonal,4,"[3625, 3628, 3646, 3637]"
O16:Monoculture::Gef,diagonal,5,"[3625, 3628, 3646, 3634, 3640]"
O16:Monoculture::Gef,diagonal,6,"[3625, 3628, 3646, 3634, 3637, 3643]"
O16:Monoculture::Gef,diagonal,7,"[3625, 3628, 3646, 3634, 3637, 3640, 3643]"
O16:Monoculture::Gef,diagonal,8,"[3625, 3628, 3646, 3634, 3635, 3640, 3641, 3647]"
O16:Monoculture::Gef,diagonal,9,"[3625, 3628, 3646, 3634, 3635, 3637, 3640, 3643, 3647]"
O16:Monoculture::Gef,diagonal,10,"[3625, 3628, 3646, 3634, 3635, 3637, 3640, 3641, 3643, 3647]"
O16:Monoculture::Gef,diagonal,11,"[3625, 3628, 3646, 3631, 3634, 3635, 3637, 3640, 3641, 3643, 3647]"
O16:Monoculture::Gef,diagonal,12,"[3625, 3628, 3646, 3631, 3634, 3635, 3637, 3638, 3640, 3643, 3644, 3647]"
O16:Monoculture::Gef,diagonal,13,"[3625, 3628, 3646, 3631, 3634, 3635, 3637, 3638, 3640, 3641, 3643, 3644, 3647]"
O16:Monoculture::Gef,diagonal,14,"[3625, 3628, 3646, 3631, 3632, 3634, 3635, 3637, 3638, 3640, 3641, 3643, 3644, 3647]"
O16:Monoculture::Gef,diagonal,15,"[3625, 3628, 3646, 3629, 3631, 3632, 3634, 3635, 3637, 3638, 3640, 3641, 3643, 3644, 3647]"
O16:Monoculture::Gef,diagonal,16,"[3625, 3628, 3646, 3626, 3629, 3631, 3632, 3634, 3635, 3637, 3638, 3640, 3641, 3643, 3644, 3647]"
O16:Monoculture::Oxa,joint,3,"[3577, 3580, 3598]"
O16:Monoculture::Oxa,joint,4,"[3577, 3580, 3598, 3589]"
O16:Monoculture::Oxa,joint,5,"[3577, 3580, 3598, 3586, 3592]"
O16:Monoculture::Oxa,joint,6,"[3577, 3580, 3598, 3578, 3586, 3592]"
O16:Monoculture::Oxa,joint,7,"[3577, 3580, 3598, 3578, 3586, 3589, 3595]"
O16:Monoculture::Oxa,joint,8,"[3577, 3580, 3598, 3578, 3586, 3589, 3592, 3595]"
O16:Monoculture::Oxa,joint,9,"[3577, 3580, 3598, 3578, 3586, 3587, 3589, 3592, 3595]"
O16:Monoculture::Oxa,joint,10,"[3577, 3580, 3598, 3578, 3586, 3587, 3589, 3592, 3595, 3599]"
O16:Monoculture::Oxa,joint,11,"[3577, 3580, 3598, 3578, 3586, 3587, 3589, 3592, 3593, 3595, 3599]"
O16:Monoculture::Oxa,joint,12,"[3577, 3580, 3598, 3578, 3583, 3586, 3587, 3589, 3592, 3593, 3595, 3599]"
O16:Monoculture::Oxa,joint,13,"[3577, 3580, 3598, 3578, 3583, 3586, 3587, 3589, 3590, 3592, 3595, 3596, 3599]"
O16:Monoculture::Oxa,joint,14,"[3577, 3580, 3598, 3578, 3583, 3586, 3587, 3589, 3590, 3592, 3593, 3595, 3596, 3599]"
O16:Monoculture::Oxa,joint,15,"[3577, 3580, 3598, 3578, 3581, 3583, 3586, 3587, 3589, 3590, 3592, 3593, 3595, 3596, 3599]"
O16:Monoculture::Oxa,joint,16,"[3577, 3580, 3598, 3578, 3581, 3583, 3584, 3586, 3587, 3589, 3590, 3592, 3593, 3595, 3596, 3599]"
O16:Monoculture::Oxa,diagonal,3,"[3577, 3580, 3598]"
O16:Monoculture::Oxa,diagonal,4,"[3577, 3580, 3598, 3589]"
O16:Monoculture::Oxa,diagonal,5,"[3577, 3580, 3598, 3586, 3592]"
O16:Monoculture::Oxa,diagonal,6,"[3577, 3580, 3598, 3586, 3589, 3595]"
O16:Monoculture::Oxa,diagonal,7,"[3577, 3580, 3598, 3586, 3589, 3592, 3595]"
O16:Monoculture::Oxa,diagonal,8,"[3577, 3580, 3598, 3586, 3587, 3592, 3593, 3599]"
O16:Monoculture::Oxa,diagonal,9,"[3577, 3580, 3598, 3586, 3587, 3589, 3592, 3595, 3599]"
O16:Monoculture::Oxa,diagonal,10,"[3577, 3580, 3598, 3586, 3587, 3589, 3592, 3593, 3595, 3599]"
O16:Monoculture::Oxa,diagonal,11,"[3577, 3580, 3598, 3583, 3586, 3587, 3589, 3592, 3593, 3595, 3599]"
O16:Monoculture::Oxa,diagonal,12,"[3577, 3580, 3598, 3583, 3586, 3587, 3589, 3592, 3593, 3595, 3596, 3599]"
O16:Monoculture::Oxa,diagonal,13,"[3577, 3580, 3598, 3583, 3586, 3587, 3589, 3590, 3592, 3593, 3595, 3596, 3599]"
O16:Monoculture::Oxa,diagonal,14,"[3577, 3580, 3598, 3583, 3584, 3586, 3587, 3589, 3590, 3592, 3593, 3595, 3596, 3599]"
O16:Monoculture::Oxa,diagonal,15,"[3577, 3580, 3598, 3581, 3583, 3584, 3586, 3587, 3589, 3590, 3592, 3593, 3595, 3596, 3599]"
O16:Monoculture::Oxa,diagonal,16,"[3577, 3580, 3598, 3578, 3581, 3583, 3584, 3586, 3587, 3589, 3590, 3592, 3593, 3595, 3596, 3599]"
O17:Coculture:F06:5-FU,joint,3,"[4129, 4132, 4150]"
O17:Coculture:F06:5-FU,joint,4,"[4129, 4132, 4150, 4141]"
O17:Coculture:F06:5-FU,joint,5,"[4129, 4132, 4150, 4138, 4144]"
O17:Coculture:F06:5-FU,joint,6,"[4129, 4132, 4150, 4130, 4138, 4144]"
O17:Coculture:F06:5-FU,joint,7,"[4129, 4132, 4150, 4130, 4138, 4141, 4147]"
O17:Coculture:F06:5-FU,joint,8,"[4129, 4132, 4150, 4130, 4138, 4141, 4144, 4147]"
O17:Coculture:F06:5-FU,joint,9,"[4129, 4132, 4150, 4130, 4138, 4139, 4141, 4144, 4147]"
O17:Coculture:F06:5-FU,joint,10,"[4129, 4132, 4150, 4130, 4138, 4139, 4141, 4144, 4147, 4151]"
O17:Coculture:F06:5-FU,joint,11,"[4129, 4132, 4150, 4130, 4138, 4139, 4141, 4144, 4145, 4147, 4151]"
O17:Coculture:F06:5-FU,joint,12,"[4129, 4132, 4150, 4130, 4135, 4138, 4139, 4141, 4144, 4145, 4147, 4151]"
O17:Coculture:F06:5-FU,joint,13,"[4129, 4132, 4150, 4130, 4135, 4138, 4139, 4141, 4142, 4144, 4147, 4148, 4151]"
O17:Coculture:F06:5-FU,joint,14,"[4129, 4132, 4150, 4130, 4135, 4138, 4139, 4141, 4142, 4144, 4145, 4147, 4148, 4151]"
O17:Coculture:F06:5-FU,joint,15,"[4129, 4132, 4150, 4130, 4133, 4135, 4138, 4139, 4141, 4142, 4144, 4145, 4147, 4148, 4151]"
O17:Coculture:F06:5-FU,joint,16,"[4129, 4132, 4150, 4130, 4133, 4135, 4136, 4138, 4139, 4141, 4142, 4144, 4145, 4147, 4148, 4151]"
O17:Coculture:F06:5-FU,diagonal,3,"[4129, 4132, 4150]"
O17:Coculture:F06:5-FU,diagonal,4,"[4129, 4132, 4150, 4141]"
O17:Coculture:F06:5-FU,diagonal,5,"[4129, 4132, 4150, 4138, 4144]"
O17:Coculture:F06:5-FU,diagonal,6,"[4129, 4132, 4150, 4138, 4141, 4147]"
O17:Coculture:F06:5-FU,diagonal,7,"[4129, 4132, 4150, 4138, 4141, 4144, 4147]"
O17:Coculture:F06:5-FU,diagonal,8,"[4129, 4132, 4150, 4138, 4139, 4144, 4145, 4151]"
O17:Coculture:F06:5-FU,diagonal,9,"[4129, 4132, 4150, 4138, 4139, 4141, 4144, 4147, 4151]"
O17:Coculture:F06:5-FU,diagonal,10,"[4129, 4132, 4150, 4138, 4139, 4141, 4144, 4145, 4147, 4151]"
O17:Coculture:F06:5-FU,diagonal,11,"[4129, 4132, 4150, 4135, 4138, 4139, 4141, 4144, 4145, 4147, 4151]"
O17:Coculture:F06:5-FU,diagonal,12,"[4129, 4132, 4150, 4135, 4138, 4139, 4141, 4144, 4145, 4147, 4148, 4151]"
O17:Coculture:F06:5-FU,diagonal,13,"[4129, 4132, 4150, 4135, 4138, 4139, 4141, 4142, 4144, 4145, 4147, 4148, 4151]"
O17:Coculture:F06:5-FU,diagonal,14,"[4129, 4132, 4150, 4135, 4136, 4138, 4139, 4141, 4142, 4144, 4145, 4147, 4148, 4151]"
O17:Coculture:F06:5-FU,diagonal,15,"[4129, 4132, 4150, 4133, 4135, 4136, 4138, 4139, 4141, 4142, 4144, 4145, 4147, 4148, 4151]"
O17:Coculture:F06:5-FU,diagonal,16,"[4129, 4132, 4150, 4130, 4133, 4135, 4136, 4138, 4139, 4141, 4142, 4144, 4145, 4147, 4148, 4151]"
O17:Coculture:F06:Oxa,joint,3,"[4153, 4156, 4174]"
O17:Coculture:F06:Oxa,joint,4,"[4153, 4156, 4174, 4165]"
O17:Coculture:F06:Oxa,joint,5,"[4153, 4156, 4174, 4162, 4168]"
O17:Coculture:F06:Oxa,joint,6,"[4153, 4156, 4174, 4154, 4162, 4168]"
O17:Coculture:F06:Oxa,joint,7,"[4153, 4156, 4174, 4154, 4162, 4165, 4171]"
O17:Coculture:F06:Oxa,joint,8,"[4153, 4156, 4174, 4154, 4162, 4165, 4168, 4171]"
O17:Coculture:F06:Oxa,joint,9,"[4153, 4156, 4174, 4154, 4162, 4163, 4165, 4168, 4171]"
O17:Coculture:F06:Oxa,joint,10,"[4153, 4156, 4174, 4154, 4162, 4163, 4165, 4168, 4171, 4175]"
O17:Coculture:F06:Oxa,joint,11,"[4153, 4156, 4174, 4154, 4162, 4163, 4165, 4168, 4169, 4171, 4175]"
O17:Coculture:F06:Oxa,joint,12,"[4153, 4156, 4174, 4154, 4159, 4162, 4163, 4165, 4168, 4169, 4171, 4175]"
O17:Coculture:F06:Oxa,joint,13,"[4153, 4156, 4174, 4154, 4159, 4162, 4163, 4165, 4166, 4168, 4171, 4172, 4175]"
O17:Coculture:F06:Oxa,joint,14,"[4153, 4156, 4174, 4154, 4159, 4162, 4163, 4165, 4166, 4168, 4169, 4171, 4172, 4175]"
O17:Coculture:F06:Oxa,joint,15,"[4153, 4156, 4174, 4154, 4157, 4159, 4162, 4163, 4165, 4166, 4168, 4169, 4171, 4172, 4175]"
O17:Coculture:F06:Oxa,joint,16,"[4153, 4156, 4174, 4154, 4157, 4159, 4160, 4162, 4163, 4165, 4166, 4168, 4169, 4171, 4172, 4175]"
O17:Coculture:F06:Oxa,diagonal,3,"[4153, 4156, 4174]"
O17:Coculture:F06:Oxa,diagonal,4,"[4153, 4156, 4174, 4165]"
O17:Coculture:F06:Oxa,diagonal,5,"[4153, 4156, 4174, 4162, 4168]"
O17:Coculture:F06:Oxa,diagonal,6,"[4153, 4156, 4174, 4162, 4165, 4171]"
O17:Coculture:F06:Oxa,diagonal,7,"[4153, 4156, 4174, 4162, 4165, 4168, 4171]"
O17:Coculture:F06:Oxa,diagonal,8,"[4153, 4156, 4174, 4162, 4163, 4168, 4169, 4175]"
O17:Coculture:F06:Oxa,diagonal,9,"[4153, 4156, 4174, 4162, 4163, 4165, 4168, 4171, 4175]"
O17:Coculture:F06:Oxa,diagonal,10,"[4153, 4156, 4174, 4162, 4163, 4165, 4168, 4169, 4171, 4175]"
O17:Coculture:F06:Oxa,diagonal,11,"[4153, 4156, 4174, 4159, 4162, 4163, 4165, 4168, 4169, 4171, 4175]"
O17:Coculture:F06:Oxa,diagonal,12,"[4153, 4156, 4174, 4159, 4162, 4163, 4165, 4168, 4169, 4171, 4172, 4175]"
O17:Coculture:F06:Oxa,diagonal,13,"[4153, 4156, 4174, 4159, 4162, 4163, 4165, 4166, 4168, 4169, 4171, 4172, 4175]"
O17:Coculture:F06:Oxa,diagonal,14,"[4153, 4156, 4174, 4159, 4160, 4162, 4163, 4165, 4166, 4168, 4169, 4171, 4172, 4175]"
O17:Coculture:F06:Oxa,diagonal,15,"[4153, 4156, 4174, 4157, 4159, 4160, 4162, 4163, 4165, 4166, 4168, 4169, 4171, 4172, 4175]"
O17:Coculture:F06:Oxa,diagonal,16,"[4153, 4156, 4174, 4154, 4157, 4159, 4160, 4162, 4163, 4165, 4166, 4168, 4169, 4171, 4172, 4175]"
O17:Coculture:F11:5-FU,joint,3,"[4033, 4036, 4054]"
O17:Coculture:F11:5-FU,joint,4,"[4033, 4036, 4054, 4045]"
O17:Coculture:F11:5-FU,joint,5,"[4033, 4036, 4054, 4042, 4048]"
O17:Coculture:F11:5-FU,joint,6,"[4033, 4036, 4054, 4034, 4042, 4048]"
O17:Coculture:F11:5-FU,joint,7,"[4033, 4036, 4054, 4034, 4042, 4045, 4051]"
O17:Coculture:F11:5-FU,joint,8,"[4033, 4036, 4054, 4034, 4042, 4045, 4048, 4051]"
O17:Coculture:F11:5-FU,joint,9,"[4033, 4036, 4054, 4034, 4042, 4043, 4045, 4048, 4051]"
O17:Coculture:F11:5-FU,joint,10,"[4033, 4036, 4054, 4034, 4042, 4043, 4045, 4048, 4051, 4055]"
O17:Coculture:F11:5-FU,joint,11,"[4033, 4036, 4054, 4034, 4042, 4043, 4045, 4048, 4049, 4051, 4055]"
O17:Coculture:F11:5-FU,joint,12,"[4033, 4036, 4054, 4034, 4039, 4042, 4043, 4045, 4048, 4049, 4051, 4055]"
O17:Coculture:F11:5-FU,joint,13,"[4033, 4036, 4054, 4034, 4039, 4042, 4043, 4045, 4046, 4048, 4051, 4052, 4055]"
O17:Coculture:F11:5-FU,joint,14,"[4033, 4036, 4054, 4034, 4039, 4042, 4043, 4045, 4046, 4048, 4049, 4051, 4052, 4055]"
O17:Coculture:F11:5-FU,joint,15,"[4033, 4036, 4054, 4034, 4037, 4039, 4042, 4043, 4045, 4046, 4048, 4049, 4051, 4052, 4055]"
O17:Coculture:F11:5-FU,joint,16,"[4033, 4036, 4054, 4034, 4037, 4039, 4040, 4042, 4043, 4045, 4046, 4048, 4049, 4051, 4052, 4055]"
O17:Coculture:F11:5-FU,diagonal,3,"[4033, 4036, 4054]"
O17:Coculture:F11:5-FU,diagonal,4,"[4033, 4036, 4054, 4045]"
O17:Coculture:F11:5-FU,diagonal,5,"[4033, 4036, 4054, 4042, 4048]"
O17:Coculture:F11:5-FU,diagonal,6,"[4033, 4036, 4054, 4042, 4045, 4051]"
O17:Coculture:F11:5-FU,diagonal,7,"[4033, 4036, 4054, 4042, 4045, 4048, 4051]"
O17:Coculture:F11:5-FU,diagonal,8,"[4033, 4036, 4054, 4042, 4043, 4048, 4049, 4055]"
O17:Coculture:F11:5-FU,diagonal,9,"[4033, 4036, 4054, 4042, 4043, 4045, 4048, 4051, 4055]"
O17:Coculture:F11:5-FU,diagonal,10,"[4033, 4036, 4054, 4042, 4043, 4045, 4048, 4049, 4051, 4055]"
O17:Coculture:F11:5-FU,diagonal,11,"[4033, 4036, 4054, 4039, 4042, 4043, 4045, 4048, 4049, 4051, 4055]"
O17:Coculture:F11:5-FU,diagonal,12,"[4033, 4036, 4054, 4039, 4042, 4043, 4045, 4048, 4049, 4051, 4052, 4055]"
O17:Coculture:F11:5-FU,diagonal,13,"[4033, 4036, 4054, 4039, 4042, 4043, 4045, 4046, 4048, 4049, 4051, 4052, 4055]"
O17:Coculture:F11:5-FU,diagonal,14,"[4033, 4036, 4054, 4039, 4040, 4042, 4043, 4045, 4046, 4048, 4049, 4051, 4052, 4055]"
O17:Coculture:F11:5-FU,diagonal,15,"[4033, 4036, 4054, 4037, 4039, 4040, 4042, 4043, 4045, 4046, 4048, 4049, 4051, 4052, 4055]"
O17:Coculture:F11:5-FU,diagonal,16,"[4033, 4036, 4054, 4034, 4037, 4039, 4040, 4042, 4043, 4045, 4046, 4048, 4049, 4051, 4052, 4055]"
O17:Coculture:F11:Oxa,joint,3,"[4057, 4060, 4078]"
O17:Coculture:F11:Oxa,joint,4,"[4057, 4060, 4078, 4069]"
O17:Coculture:F11:Oxa,joint,5,"[4057, 4060, 4078, 4066, 4072]"
O17:Coculture:F11:Oxa,joint,6,"[4057, 4060, 4078, 4058, 4066, 4072]"
O17:Coculture:F11:Oxa,joint,7,"[4057, 4060, 4078, 4058, 4066, 4069, 4075]"
O17:Coculture:F11:Oxa,joint,8,"[4057, 4060, 4078, 4058, 4066, 4069, 4072, 4075]"
O17:Coculture:F11:Oxa,joint,9,"[4057, 4060, 4078, 4058, 4066, 4067, 4069, 4072, 4075]"
O17:Coculture:F11:Oxa,joint,10,"[4057, 4060, 4078, 4058, 4066, 4067, 4069, 4072, 4075, 4079]"
O17:Coculture:F11:Oxa,joint,11,"[4057, 4060, 4078, 4058, 4066, 4067, 4069, 4072, 4073, 4075, 4079]"
O17:Coculture:F11:Oxa,joint,12,"[4057, 4060, 4078, 4058, 4063, 4066, 4067, 4069, 4072, 4073, 4075, 4079]"
O17:Coculture:F11:Oxa,joint,13,"[4057, 4060, 4078, 4058, 4063, 4066, 4067, 4069, 4070, 4072, 4075, 4076, 4079]"
O17:Coculture:F11:Oxa,joint,14,"[4057, 4060, 4078, 4058, 4063, 4066, 4067, 4069, 4070, 4072, 4073, 4075, 4076, 4079]"
O17:Coculture:F11:Oxa,joint,15,"[4057, 4060, 4078, 4058, 4061, 4063, 4066, 4067, 4069, 4070, 4072, 4073, 4075, 4076, 4079]"
O17:Coculture:F11:Oxa,joint,16,"[4057, 4060, 4078, 4058, 4061, 4063, 4064, 4066, 4067, 4069, 4070, 4072, 4073, 4075, 4076, 4079]"
O17:Coculture:F11:Oxa,diagonal,3,"[4057, 4060, 4078]"
O17:Coculture:F11:Oxa,diagonal,4,"[4057, 4060, 4078, 4069]"
O17:Coculture:F11:Oxa,diagonal,5,"[4057, 4060, 4078, 4066, 4072]"
O17:Coculture:F11:Oxa,diagonal,6,"[4057, 4060, 4078, 4066, 4069, 4075]"
O17:Coculture:F11:Oxa,diagonal,7,"[4057, 4060, 4078, 4066, 4069, 4072, 4075]"
O17:Coculture:F11:Oxa,diagonal,8,"[4057, 4060, 4078, 4066, 4067, 4072, 4073, 4079]"
O17:Coculture:F11:Oxa,diagonal,9,"[4057, 4060, 4078, 4066, 4067, 4069, 4072, 4075, 4079]"
O17:Coculture:F11:Oxa,diagonal,10,"[4057, 4060, 4078, 4066, 4067, 4069, 4072, 4073, 4075, 4079]"
O17:Coculture:F11:Oxa,diagonal,11,"[4057, 4060, 4078, 4063, 4066, 4067, 4069, 4072, 4073, 4075, 4079]"
O17:Coculture:F11:Oxa,diagonal,12,"[4057, 4060, 4078, 4063, 4066, 4067, 4069, 4072, 4073, 4075, 4076, 4079]"
O17:Coculture:F11:Oxa,diagonal,13,"[4057, 4060, 4078, 4063, 4066, 4067, 4069, 4070, 4072, 4073, 4075, 4076, 4079]"
O17:Coculture:F11:Oxa,diagonal,14,"[4057, 4060, 4078, 4063, 4064, 4066, 4067, 4069, 4070, 4072, 4073, 4075, 4076, 4079]"
O17:Coculture:F11:Oxa,diagonal,15,"[4057, 4060, 4078, 4061, 4063, 4064, 4066, 4067, 4069, 4070, 4072, 4073, 4075, 4076, 4079]"
O17:Coculture:F11:Oxa,diagonal,16,"[4057, 4060, 4078, 4058, 4061, 4063, 4064, 4066, 4067, 4069, 4070, 4072, 4073, 4075, 4076, 4079]"
O17:Monoculture::5-FU,joint,3,"[3745, 3748, 3766]"
O17:Monoculture::5-FU,joint,4,"[3745, 3748, 3766, 3757]"
O17:Monoculture::5-FU,joint,5,"[3745, 3748, 3766, 3754, 3760]"
O17:Monoculture::5-FU,joint,6,"[3745, 3748, 3766, 3746, 3754, 3760]"
O17:Monoculture::5-FU,joint,7,"[3745, 3748, 3766, 3746, 3754, 3757, 3763]"
O17:Monoculture::5-FU,joint,8,"[3745, 3748, 3766, 3746, 3754, 3757, 3760, 3763]"
O17:Monoculture::5-FU,joint,9,"[3745, 3748, 3766, 3746, 3754, 3755, 3757, 3760, 3763]"
O17:Monoculture::5-FU,joint,10,"[3745, 3748, 3766, 3746, 3754, 3755, 3757, 3760, 3763, 3767]"
O17:Monoculture::5-FU,joint,11,"[3745, 3748, 3766, 3746, 3754, 3755, 3757, 3760, 3761, 3763, 3767]"
O17:Monoculture::5-FU,joint,12,"[3745, 3748, 3766, 3746, 3751, 3754, 3755, 3757, 3760, 3761, 3763, 3767]"
O17:Monoculture::5-FU,joint,13,"[3745, 3748, 3766, 3746, 3751, 3754, 3755, 3757, 3758, 3760, 3763, 3764, 3767]"
O17:Monoculture::5-FU,joint,14,"[3745, 3748, 3766, 3746, 3751, 3754, 3755, 3757, 3758, 3760, 3761, 3763, 3764, 3767]"
O17:Monoculture::5-FU,joint,15,"[3745, 3748, 3766, 3746, 3749, 3751, 3754, 3755, 3757, 3758, 3760, 3761, 3763, 3764, 3767]"
O17:Monoculture::5-FU,joint,16,"[3745, 3748, 3766, 3746, 3749, 3751, 3752, 3754, 3755, 3757, 3758, 3760, 3761, 3763, 3764, 3767]"
O17:Monoculture::5-FU,diagonal,3,"[3745, 3748, 3766]"
O17:Monoculture::5-FU,diagonal,4,"[3745, 3748, 3766, 3757]"
O17:Monoculture::5-FU,diagonal,5,"[3745, 3748, 3766, 3754, 3760]"
O17:Monoculture::5-FU,diagonal,6,"[3745, 3748, 3766, 3754, 3757, 3763]"
O17:Monoculture::5-FU,diagonal,7,"[3745, 3748, 3766, 3754, 3757, 3760, 3763]"
O17:Monoculture::5-FU,diagonal,8,"[3745, 3748, 3766, 3754, 3755, 3760, 3761, 3767]"
O17:Monoculture::5-FU,diagonal,9,"[3745, 3748, 3766, 3754, 3755, 3757, 3760, 3763, 3767]"
O17:Monoculture::5-FU,diagonal,10,"[3745, 3748, 3766, 3754, 3755, 3757, 3760, 3761, 3763, 3767]"
O17:Monoculture::5-FU,diagonal,11,"[3745, 3748, 3766, 3751, 3754, 3755, 3757, 3760, 3761, 3763, 3767]"
O17:Monoculture::5-FU,diagonal,12,"[3745, 3748, 3766, 3751, 3754, 3755, 3757, 3760, 3761, 3763, 3764, 3767]"
O17:Monoculture::5-FU,diagonal,13,"[3745, 3748, 3766, 3751, 3754, 3755, 3757, 3758, 3760, 3761, 3763, 3764, 3767]"
O17:Monoculture::5-FU,diagonal,14,"[3745, 3748, 3766, 3751, 3752, 3754, 3755, 3757, 3758, 3760, 3761, 3763, 3764, 3767]"
O17:Monoculture::5-FU,diagonal,15,"[3745, 3748, 3766, 3749, 3751, 3752, 3754, 3755, 3757, 3758, 3760, 3761, 3763, 3764, 3767]"
O17:Monoculture::5-FU,diagonal,16,"[3745, 3748, 3766, 3746, 3749, 3751, 3752, 3754, 3755, 3757, 3758, 3760, 3761, 3763, 3764, 3767]"
O18:Coculture:F20:Oxa,joint,3,"[4345, 4348, 4366]"
O18:Coculture:F20:Oxa,joint,4,"[4345, 4348, 4366, 4357]"
O18:Coculture:F20:Oxa,joint,5,"[4345, 4348, 4366, 4354, 4360]"
O18:Coculture:F20:Oxa,joint,6,"[4345, 4348, 4366, 4346, 4354, 4360]"
O18:Coculture:F20:Oxa,joint,7,"[4345, 4348, 4366, 4346, 4354, 4357, 4363]"
O18:Coculture:F20:Oxa,joint,8,"[4345, 4348, 4366, 4346, 4354, 4357, 4360, 4363]"
O18:Coculture:F20:Oxa,joint,9,"[4345, 4348, 4366, 4346, 4354, 4355, 4357, 4360, 4363]"
O18:Coculture:F20:Oxa,joint,10,"[4345, 4348, 4366, 4346, 4354, 4355, 4357, 4360, 4363, 4367]"
O18:Coculture:F20:Oxa,joint,11,"[4345, 4348, 4366, 4346, 4354, 4355, 4357, 4360, 4361, 4363, 4367]"
O18:Coculture:F20:Oxa,joint,12,"[4345, 4348, 4366, 4346, 4351, 4354, 4355, 4357, 4360, 4361, 4363, 4367]"
O18:Coculture:F20:Oxa,joint,13,"[4345, 4348, 4366, 4346, 4351, 4354, 4355, 4357, 4358, 4360, 4363, 4364, 4367]"
O18:Coculture:F20:Oxa,joint,14,"[4345, 4348, 4366, 4346, 4351, 4354, 4355, 4357, 4358, 4360, 4361, 4363, 4364, 4367]"
O18:Coculture:F20:Oxa,joint,15,"[4345, 4348, 4366, 4346, 4349, 4351, 4354, 4355, 4357, 4358, 4360, 4361, 4363, 4364, 4367]"
O18:Coculture:F20:Oxa,joint,16,"[4345, 4348, 4366, 4346, 4349, 4351, 4352, 4354, 4355, 4357, 4358, 4360, 4361, 4363, 4364, 4367]"
O18:Coculture:F20:Oxa,diagonal,3,"[4345, 4348, 4366]"
O18:Coculture:F20:Oxa,diagonal,4,"[4345, 4348, 4366, 4357]"
O18:Coculture:F20:Oxa,diagonal,5,"[4345, 4348, 4366, 4354, 4360]"
O18:Coculture:F20:Oxa,diagonal,6,"[4345, 4348, 4366, 4354, 4357, 4363]"
O18:Coculture:F20:Oxa,diagonal,7,"[4345, 4348, 4366, 4354, 4357, 4360, 4363]"
O18:Coculture:F20:Oxa,diagonal,8,"[4345, 4348, 4366, 4354, 4355, 4360, 4361, 4367]"
O18:Coculture:F20:Oxa,diagonal,9,"[4345, 4348, 4366, 4354, 4355, 4357, 4360, 4363, 4367]"
O18:Coculture:F20:Oxa,diagonal,10,"[4345, 4348, 4366, 4354, 4355, 4357, 4360, 4361, 4363, 4367]"
O18:Coculture:F20:Oxa,diagonal,11,"[4345, 4348, 4366, 4351, 4354, 4355, 4357, 4360, 4361, 4363, 4367]"
O18:Coculture:F20:Oxa,diagonal,12,"[4345, 4348, 4366, 4351, 4354, 4355, 4357, 4360, 4361, 4363, 4364, 4367]"
O18:Coculture:F20:Oxa,diagonal,13,"[4345, 4348, 4366, 4351, 4354, 4355, 4357, 4358, 4360, 4361, 4363, 4364, 4367]"
O18:Coculture:F20:Oxa,diagonal,14,"[4345, 4348, 4366, 4351, 4352, 4354, 4355, 4357, 4358, 4360, 4361, 4363, 4364, 4367]"
O18:Coculture:F20:Oxa,diagonal,15,"[4345, 4348, 4366, 4349, 4351, 4352, 4354, 4355, 4357, 4358, 4360, 4361, 4363, 4364, 4367]"
O18:Coculture:F20:Oxa,diagonal,16,"[4345, 4348, 4366, 4346, 4349, 4351, 4352, 4354, 4355, 4357, 4358, 4360, 4361, 4363, 4364, 4367]"
O18:Monoculture::5-FU,joint,3,"[4225, 4228, 4246]"
O18:Monoculture::5-FU,joint,4,"[4225, 4228, 4246, 4237]"
O18:Monoculture::5-FU,joint,5,"[4225, 4228, 4246, 4234, 4240]"
O18:Monoculture::5-FU,joint,6,"[4225, 4228, 4246, 4226, 4234, 4240]"
O18:Monoculture::5-FU,joint,7,"[4225, 4228, 4246, 4226, 4234, 4237, 4243]"
O18:Monoculture::5-FU,joint,8,"[4225, 4228, 4246, 4226, 4234, 4237, 4240, 4243]"
O18:Monoculture::5-FU,joint,9,"[4225, 4228, 4246, 4226, 4234, 4235, 4237, 4240, 4243]"
O18:Monoculture::5-FU,joint,10,"[4225, 4228, 4246, 4226, 4234, 4235, 4237, 4240, 4243, 4247]"
O18:Monoculture::5-FU,joint,11,"[4225, 4228, 4246, 4226, 4234, 4235, 4237, 4240, 4241, 4243, 4247]"
O18:Monoculture::5-FU,joint,12,"[4225, 4228, 4246, 4226, 4231, 4234, 4235, 4237, 4240, 4241, 4243, 4247]"
O18:Monoculture::5-FU,joint,13,"[4225, 4228, 4246, 4226, 4231, 4234, 4235, 4237, 4238, 4240, 4243, 4244, 4247]"
O18:Monoculture::5-FU,joint,14,"[4225, 4228, 4246, 4226, 4231, 4234, 4235, 4237, 4238, 4240, 4241, 4243, 4244, 4247]"
O18:Monoculture::5-FU,joint,15,"[4225, 4228, 4246, 4226, 4229, 4231, 4234, 4235, 4237, 4238, 4240, 4241, 4243, 4244, 4247]"
O18:Monoculture::5-FU,joint,16,"[4225, 4228, 4246, 4226, 4229, 4231, 4232, 4234, 4235, 4237, 4238, 4240, 4241, 4243, 4244, 4247]"
O18:Monoculture::5-FU,diagonal,3,"[4225, 4228, 4246]"
O18:Monoculture::5-FU,diagonal,4,"[4225, 4228, 4246, 4237]"
O18:Monoculture::5-FU,diagonal,5,"[4225, 4228, 4246, 4234, 4240]"
O18:Monoculture::5-FU,diagonal,6,"[4225, 4228, 4246, 4234, 4237, 4243]"
O18:Monoculture::5-FU,diagonal,7,"[4225, 4228, 4246, 4234, 4237, 4240, 4243]"
O18:Monoculture::5-FU,diagonal,8,"[4225, 4228, 4246, 4234, 4235, 4240, 4241, 4247]"
O18:Monoculture::5-FU,diagonal,9,"[4225, 4228, 4246, 4234, 4235, 4237, 4240, 4243, 4247]"
O18:Monoculture::5-FU,diagonal,10,"[4225, 4228, 4246, 4234, 4235, 4237, 4240, 4241, 4243, 4247]"
O18:Monoculture::5-FU,diagonal,11,"[4225, 4228, 4246, 4231, 4234, 4235, 4237, 4240, 4241, 4243, 4247]"
O18:Monoculture::5-FU,diagonal,12,"[4225, 4228, 4246, 4231, 4234, 4235, 4237, 4240, 4241, 4243, 4244, 4247]"
O18:Monoculture::5-FU,diagonal,13,"[4225, 4228, 4246, 4231, 4234, 4235, 4237, 4238, 4240, 4241, 4243, 4244, 4247]"
O18:Monoculture::5-FU,diagonal,14,"[4225, 4228, 4246, 4231, 4232, 4234, 4235, 4237, 4238, 4240, 4241, 4243, 4244, 4247]"
O18:Monoculture::5-FU,diagonal,15,"[4225, 4228, 4246, 4229, 4231, 4232, 4234, 4235, 4237, 4238, 4240, 4241, 4243, 4244, 4247]"
O18:Monoculture::5-FU,diagonal,16,"[4225, 4228, 4246, 4226, 4229, 4231, 4232, 4234, 4235, 4237, 4238, 4240, 4241, 4243, 4244, 4247]"
O19:Coculture:F19:SN-38,joint,3,"[4561, 4564, 4582]"
O19:Coculture:F19:SN-38,joint,4,"[4561, 4564, 4582, 4573]"
O19:Coculture:F19:SN-38,joint,5,"[4561, 4564, 4582, 4562, 4573]"
O19:Coculture:F19:SN-38,joint,6,"[4561, 4564, 4582, 4562, 4570, 4576]"
O19:Coculture:F19:SN-38,joint,7,"[4561, 4564, 4582, 4562, 4570, 4573, 4579]"
O19:Coculture:F19:SN-38,joint,8,"[4561, 4564, 4582, 4562, 4570, 4571, 4576, 4579]"
O19:Coculture:F19:SN-38,joint,9,"[4561, 4564, 4582, 4562, 4570, 4571, 4576, 4577, 4583]"
O19:Coculture:F19:SN-38,joint,10,"[4561, 4564, 4582, 4562, 4570, 4571, 4573, 4576, 4579, 4583]"
O19:Coculture:F19:SN-38,joint,11,"[4561, 4564, 4582, 4562, 4567, 4570, 4573, 4574, 4576, 4579, 4583]"
O19:Coculture:F19:SN-38,joint,12,"[4561, 4564, 4582, 4562, 4567, 4570, 4571, 4573, 4576, 4577, 4579, 4583]"
O19:Coculture:F19:SN-38,joint,13,"[4561, 4564, 4582, 4562, 4567, 4570, 4571, 4573, 4576, 4577, 4579, 4580, 4583]"
O19:Coculture:F19:SN-38,joint,14,"[4561, 4564, 4582, 4562, 4567, 4570, 4571, 4573, 4574, 4576, 4577, 4579, 4580, 4583]"
O19:Coculture:F19:SN-38,joint,15,"[4561, 4564, 4582, 4562, 4567, 4568, 4570, 4571, 4573, 4574, 4576, 4577, 4579, 4580, 4583]"
O19:Coculture:F19:SN-38,joint,16,"[4561, 4564, 4582, 4562, 4565, 4567, 4568, 4570, 4571, 4573, 4574, 4576, 4577, 4579, 4580, 4583]"
O19:Coculture:F19:SN-38,diagonal,3,"[4561, 4564, 4582]"
O19:Coculture:F19:SN-38,diagonal,4,"[4561, 4564, 4582, 4573]"
O19:Coculture:F19:SN-38,diagonal,5,"[4561, 4564, 4582, 4570, 4576]"
O19:Coculture:F19:SN-38,diagonal,6,"[4561, 4564, 4582, 4570, 4573, 4579]"
O19:Coculture:F19:SN-38,diagonal,7,"[4561, 4564, 4582, 4570, 4571, 4576, 4579]"
O19:Coculture:F19:SN-38,diagonal,8,"[4561, 4564, 4582, 4570, 4571, 4576, 4577, 4583]"
O19:Coculture:F19:SN-38,diagonal,9,"[4561, 4564, 4582, 4567, 4570, 4573, 4576, 4579, 4583]"
O19:Coculture:F19:SN-38,diagonal,10,"[4561, 4564, 4582, 4567, 4570, 4571, 4576, 4577, 4579, 4583]"
O19:Coculture:F19:SN-38,diagonal,11,"[4561, 4564, 4582, 4567, 4570, 4571, 4573, 4576, 4577, 4579, 4583]"
O19:Coculture:F19:SN-38,diagonal,12,"[4561, 4564, 4582, 4567, 4568, 4570, 4573, 4574, 4576, 4579, 4580, 4583]"
O19:Coculture:F19:SN-38,diagonal,13,"[4561, 4564, 4582, 4567, 4568, 4570, 4571, 4573, 4576, 4577, 4579, 4580, 4583]"
O19:Coculture:F19:SN-38,diagonal,14,"[4561, 4564, 4582, 4567, 4568, 4570, 4571, 4573, 4574, 4576, 4577, 4579, 4580, 4583]"
O19:Coculture:F19:SN-38,diagonal,15,"[4561, 4564, 4582, 4565, 4567, 4568, 4570, 4571, 4573, 4574, 4576, 4577, 4579, 4580, 4583]"
O19:Coculture:F19:SN-38,diagonal,16,"[4561, 4564, 4582, 4562, 4565, 4567, 4568, 4570, 4571, 4573, 4574, 4576, 4577, 4579, 4580, 4583]"
O19:Monoculture::5-FU,joint,3,"[4417, 4420, 4438]"
O19:Monoculture::5-FU,joint,4,"[4417, 4420, 4438, 4429]"
O19:Monoculture::5-FU,joint,5,"[4417, 4420, 4438, 4426, 4432]"
O19:Monoculture::5-FU,joint,6,"[4417, 4420, 4438, 4418, 4426, 4432]"
O19:Monoculture::5-FU,joint,7,"[4417, 4420, 4438, 4418, 4426, 4429, 4435]"
O19:Monoculture::5-FU,joint,8,"[4417, 4420, 4438, 4418, 4426, 4429, 4432, 4435]"
O19:Monoculture::5-FU,joint,9,"[4417, 4420, 4438, 4418, 4426, 4427, 4429, 4432, 4435]"
O19:Monoculture::5-FU,joint,10,"[4417, 4420, 4438, 4418, 4426, 4427, 4429, 4432, 4435, 4439]"
O19:Monoculture::5-FU,joint,11,"[4417, 4420, 4438, 4418, 4426, 4427, 4429, 4432, 4433, 4435, 4439]"
O19:Monoculture::5-FU,joint,12,"[4417, 4420, 4438, 4418, 4423, 4426, 4427, 4429, 4432, 4433, 4435, 4439]"
O19:Monoculture::5-FU,joint,13,"[4417, 4420, 4438, 4418, 4423, 4426, 4427, 4429, 4430, 4432, 4435, 4436, 4439]"
O19:Monoculture::5-FU,joint,14,"[4417, 4420, 4438, 4418, 4423, 4426, 4427, 4429, 4430, 4432, 4433, 4435, 4436, 4439]"
O19:Monoculture::5-FU,joint,15,"[4417, 4420, 4438, 4418, 4421, 4423, 4426, 4427, 4429, 4430, 4432, 4433, 4435, 4436, 4439]"
O19:Monoculture::5-FU,joint,16,"[4417, 4420, 4438, 4418, 4421, 4423, 4424, 4426, 4427, 4429, 4430, 4432, 4433, 4435, 4436, 4439]"
O19:Monoculture::5-FU,diagonal,3,"[4417, 4420, 4438]"
O19:Monoculture::5-FU,diagonal,4,"[4417, 4420, 4438, 4429]"
O19:Monoculture::5-FU,diagonal,5,"[4417, 4420, 4438, 4426, 4432]"
O19:Monoculture::5-FU,diagonal,6,"[4417, 4420, 4438, 4426, 4429, 4435]"
O19:Monoculture::5-FU,diagonal,7,"[4417, 4420, 4438, 4426, 4429, 4432, 4435]"
O19:Monoculture::5-FU,diagonal,8,"[4417, 4420, 4438, 4426, 4427, 4432, 4433, 4439]"
O19:Monoculture::5-FU,diagonal,9,"[4417, 4420, 4438, 4426, 4427, 4429, 4432, 4435, 4439]"
O19:Monoculture::5-FU,diagonal,10,"[4417, 4420, 4438, 4426, 4427, 4429, 4432, 4433, 4435, 4439]"
O19:Monoculture::5-FU,diagonal,11,"[4417, 4420, 4438, 4423, 4426, 4427, 4429, 4432, 4433, 4435, 4439]"
O19:Monoculture::5-FU,diagonal,12,"[4417, 4420, 4438, 4423, 4426, 4427, 4429, 4432, 4433, 4435, 4436, 4439]"
O19:Monoculture::5-FU,diagonal,13,"[4417, 4420, 4438, 4423, 4426, 4427, 4429, 4430, 4432, 4433, 4435, 4436, 4439]"
O19:Monoculture::5-FU,diagonal,14,"[4417, 4420, 4438, 4423, 4424, 4426, 4427, 4429, 4430, 4432, 4433, 4435, 4436, 4439]"
O19:Monoculture::5-FU,diagonal,15,"[4417, 4420, 4438, 4421, 4423, 4424, 4426, 4427, 4429, 4430, 4432, 4433, 4435, 4436, 4439]"
O19:Monoculture::5-FU,diagonal,16,"[4417, 4420, 4438, 4418, 4421, 4423, 4424, 4426, 4427, 4429, 4430, 4432, 4433, 4435, 4436, 4439]"
O19:Monoculture::Oxa,joint,3,"[4441, 4444, 4462]"
O19:Monoculture::Oxa,joint,4,"[4441, 4444, 4462, 4453]"
O19:Monoculture::Oxa,joint,5,"[4441, 4444, 4462, 4450, 4456]"
O19:Monoculture::Oxa,joint,6,"[4441, 4444, 4462, 4442, 4450, 4456]"
O19:Monoculture::Oxa,joint,7,"[4441, 4444, 4462, 4442, 4450, 4453, 4459]"
O19:Monoculture::Oxa,joint,8,"[4441, 4444, 4462, 4442, 4450, 4453, 4456, 4459]"
O19:Monoculture::Oxa,joint,9,"[4441, 4444, 4462, 4442, 4450, 4451, 4453, 4456, 4459]"
O19:Monoculture::Oxa,joint,10,"[4441, 4444, 4462, 4442, 4450, 4451, 4453, 4456, 4459, 4463]"
O19:Monoculture::Oxa,joint,11,"[4441, 4444, 4462, 4442, 4450, 4451, 4453, 4456, 4457, 4459, 4463]"
O19:Monoculture::Oxa,joint,12,"[4441, 4444, 4462, 4442, 4447, 4450, 4451, 4453, 4456, 4457, 4459, 4463]"
O19:Monoculture::Oxa,joint,13,"[4441, 4444, 4462, 4442, 4447, 4450, 4451, 4453, 4454, 4456, 4459, 4460, 4463]"
O19:Monoculture::Oxa,joint,14,"[4441, 4444, 4462, 4442, 4447, 4450, 4451, 4453, 4454, 4456, 4457, 4459, 4460, 4463]"
O19:Monoculture::Oxa,joint,15,"[4441, 4444, 4462, 4442, 4445, 4447, 4450, 4451, 4453, 4454, 4456, 4457, 4459, 4460, 4463]"
O19:Monoculture::Oxa,joint,16,"[4441, 4444, 4462, 4442, 4445, 4447, 4448, 4450, 4451, 4453, 4454, 4456, 4457, 4459, 4460, 4463]"
O19:Monoculture::Oxa,diagonal,3,"[4441, 4444, 4462]"
O19:Monoculture::Oxa,diagonal,4,"[4441, 4444, 4462, 4453]"
O19:Monoculture::Oxa,diagonal,5,"[4441, 4444, 4462, 4450, 4456]"
O19:Monoculture::Oxa,diagonal,6,"[4441, 4444, 4462, 4450, 4453, 4459]"
O19:Monoculture::Oxa,diagonal,7,"[4441, 4444, 4462, 4450, 4453, 4456, 4459]"
O19:Monoculture::Oxa,diagonal,8,"[4441, 4444, 4462, 4450, 4451, 4456, 4457, 4463]"
O19:Monoculture::Oxa,diagonal,9,"[4441, 4444, 4462, 4450, 4451, 4453, 4456, 4459, 4463]"
O19:Monoculture::Oxa,diagonal,10,"[4441, 4444, 4462, 4450, 4451, 4453, 4456, 4457, 4459, 4463]"
O19:Monoculture::Oxa,diagonal,11,"[4441, 4444, 4462, 4447, 4450, 4451, 4453, 4456, 4457, 4459, 4463]"
O19:Monoculture::Oxa,diagonal,12,"[4441, 4444, 4462, 4447, 4450, 4451, 4453, 4456, 4457, 4459, 4460, 4463]"
O19:Monoculture::Oxa,diagonal,13,"[4441, 4444, 4462, 4447, 4450, 4451, 4453, 4454, 4456, 4457, 4459, 4460, 4463]"
O19:Monoculture::Oxa,diagonal,14,"[4441, 4444, 4462, 4447, 4448, 4450, 4451, 4453, 4454, 4456, 4457, 4459, 4460, 4463]"
O19:Monoculture::Oxa,diagonal,15,"[4441, 4444, 4462, 4445, 4447, 4448, 4450, 4451, 4453, 4454, 4456, 4457, 4459, 4460, 4463]"
O19:Monoculture::Oxa,diagonal,16,"[4441, 4444, 4462, 4442, 4445, 4447, 4448, 4450, 4451, 4453, 4454, 4456, 4457, 4459, 4460, 4463]"
O20:Coculture:F20:5-FU,joint,3,"[4709, 4712, 4730]"
O20:Coculture:F20:5-FU,joint,4,"[4709, 4712, 4730, 4721]"
O20:Coculture:F20:5-FU,joint,5,"[4709, 4712, 4730, 4718, 4724]"
O20:Coculture:F20:5-FU,joint,6,"[4709, 4712, 4730, 4710, 4718, 4724]"
O20:Coculture:F20:5-FU,joint,7,"[4709, 4712, 4730, 4710, 4718, 4721, 4727]"
O20:Coculture:F20:5-FU,joint,8,"[4709, 4712, 4730, 4710, 4718, 4721, 4724, 4727]"
O20:Coculture:F20:5-FU,joint,9,"[4709, 4712, 4730, 4710, 4718, 4719, 4721, 4724, 4727]"
O20:Coculture:F20:5-FU,joint,10,"[4709, 4712, 4730, 4710, 4718, 4719, 4721, 4724, 4727, 4731]"
O20:Coculture:F20:5-FU,joint,11,"[4709, 4712, 4730, 4710, 4718, 4719, 4721, 4724, 4725, 4727, 4731]"
O20:Coculture:F20:5-FU,joint,12,"[4709, 4712, 4730, 4710, 4715, 4718, 4719, 4721, 4724, 4725, 4727, 4731]"
O20:Coculture:F20:5-FU,joint,13,"[4709, 4712, 4730, 4710, 4715, 4718, 4719, 4721, 4722, 4724, 4727, 4728, 4731]"
O20:Coculture:F20:5-FU,joint,14,"[4709, 4712, 4730, 4710, 4715, 4718, 4719, 4721, 4722, 4724, 4725, 4727, 4728, 4731]"
O20:Coculture:F20:5-FU,joint,15,"[4709, 4712, 4730, 4710, 4713, 4715, 4718, 4719, 4721, 4722, 4724, 4725, 4727, 4728, 4731]"
O20:Coculture:F20:5-FU,joint,16,"[4709, 4712, 4730, 4710, 4713, 4715, 4716, 4718, 4719, 4721, 4722, 4724, 4725, 4727, 4728, 4731]"
O20:Coculture:F20:5-FU,diagonal,3,"[4709, 4712, 4730]"
O20:Coculture:F20:5-FU,diagonal,4,"[4709, 4712, 4730, 4721]"
O20:Coculture:F20:5-FU,diagonal,5,"[4709, 4712, 4730, 4718, 4724]"
O20:Coculture:F20:5-FU,diagonal,6,"[4709, 4712, 4730, 4718, 4721, 4727]"
O20:Coculture:F20:5-FU,diagonal,7,"[4709, 4712, 4730, 4718, 4721, 4724, 4727]"
O20:Coculture:F20:5-FU,diagonal,8,"[4709, 4712, 4730, 4718, 4719, 4724, 4725, 4731]"
O20:Coculture:F20:5-FU,diagonal,9,"[4709, 4712, 4730, 4718, 4719, 4721, 4724, 4727, 4731]"
O20:Coculture:F20:5-FU,diagonal,10,"[4709, 4712, 4730, 4718, 4719, 4721, 4724, 4725, 4727, 4731]"
O20:Coculture:F20:5-FU,diagonal,11,"[4709, 4712, 4730, 4715, 4718, 4719, 4721, 4724, 4725, 4727, 4731]"
O20:Coculture:F20:5-FU,diagonal,12,"[4709, 4712, 4730, 4715, 4718, 4719, 4721, 4724, 4725, 4727, 4728, 4731]"
O20:Coculture:F20:5-FU,diagonal,13,"[4709, 4712, 4730, 4715, 4718, 4719, 4721, 4722, 4724, 4725, 4727, 4728, 4731]"
O20:Coculture:F20:5-FU,diagonal,14,"[4709, 4712, 4730, 4715, 4716, 4718, 4719, 4721, 4722, 4724, 4725, 4727, 4728, 4731]"
O20:Coculture:F20:5-FU,diagonal,15,"[4709, 4712, 4730, 4713, 4715, 4716, 4718, 4719, 4721, 4722, 4724, 4725, 4727, 4728, 4731]"
O20:Coculture:F20:5-FU,diagonal,16,"[4709, 4712, 4730, 4710, 4713, 4715, 4716, 4718, 4719, 4721, 4722, 4724, 4725, 4727, 4728, 4731]"
O21:Coculture:F14:5-FU,joint,3,"[4904, 4907, 4925]"
O21:Coculture:F14:5-FU,joint,4,"[4904, 4907, 4925, 4916]"
O21:Coculture:F14:5-FU,joint,5,"[4904, 4907, 4925, 4913, 4919]"
O21:Coculture:F14:5-FU,joint,6,"[4904, 4907, 4925, 4905, 4913, 4919]"
O21:Coculture:F14:5-FU,joint,7,"[4904, 4907, 4925, 4905, 4913, 4916, 4922]"
O21:Coculture:F14:5-FU,joint,8,"[4904, 4907, 4925, 4905, 4913, 4916, 4919, 4922]"
O21:Coculture:F14:5-FU,joint,9,"[4904, 4907, 4925, 4905, 4913, 4914, 4916, 4919, 4922]"
O21:Coculture:F14:5-FU,joint,10,"[4904, 4907, 4925, 4905, 4913, 4914, 4916, 4919, 4922, 4926]"
O21:Coculture:F14:5-FU,joint,11,"[4904, 4907, 4925, 4905, 4913, 4914, 4916, 4919, 4920, 4922, 4926]"
O21:Coculture:F14:5-FU,joint,12,"[4904, 4907, 4925, 4905, 4910, 4913, 4914, 4916, 4919, 4920, 4922, 4926]"
O21:Coculture:F14:5-FU,joint,13,"[4904, 4907, 4925, 4905, 4910, 4913, 4914, 4916, 4917, 4919, 4922, 4923, 4926]"
O21:Coculture:F14:5-FU,joint,14,"[4904, 4907, 4925, 4905, 4910, 4913, 4914, 4916, 4917, 4919, 4920, 4922, 4923, 4926]"
O21:Coculture:F14:5-FU,joint,15,"[4904, 4907, 4925, 4905, 4908, 4910, 4913, 4914, 4916, 4917, 4919, 4920, 4922, 4923, 4926]"
O21:Coculture:F14:5-FU,joint,16,"[4904, 4907, 4925, 4905, 4908, 4910, 4911, 4913, 4914, 4916, 4917, 4919, 4920, 4922, 4923, 4926]"
O21:Coculture:F14:5-FU,diagonal,3,"[4904, 4907, 4925]"
O21:Coculture:F14:5-FU,diagonal,4,"[4904, 4907, 4925, 4916]"
O21:Coculture:F14:5-FU,diagonal,5,"[4904, 4907, 4925, 4913, 4919]"
O21:Coculture:F14:5-FU,diagonal,6,"[4904, 4907, 4925, 4913, 4916, 4922]"
O21:Coculture:F14:5-FU,diagonal,7,"[4904, 4907, 4925, 4913, 4916, 4919, 4922]"
O21:Coculture:F14:5-FU,diagonal,8,"[4904, 4907, 4925, 4913, 4914, 4919, 4920, 4926]"
O21:Coculture:F14:5-FU,diagonal,9,"[4904, 4907, 4925, 4913, 4914, 4916, 4919, 4922, 4926]"
O21:Coculture:F14:5-FU,diagonal,10,"[4904, 4907, 4925, 4913, 4914, 4916, 4919, 4920, 4922, 4926]"
O21:Coculture:F14:5-FU,diagonal,11,"[4904, 4907, 4925, 4910, 4913, 4914, 4916, 4919, 4920, 4922, 4926]"
O21:Coculture:F14:5-FU,diagonal,12,"[4904, 4907, 4925, 4910, 4913, 4914, 4916, 4919, 4920, 4922, 4923, 4926]"
O21:Coculture:F14:5-FU,diagonal,13,"[4904, 4907, 4925, 4910, 4913, 4914, 4916, 4917, 4919, 4920, 4922, 4923, 4926]"
O21:Coculture:F14:5-FU,diagonal,14,"[4904, 4907, 4925, 4910, 4911, 4913, 4914, 4916, 4917, 4919, 4920, 4922, 4923, 4926]"
O21:Coculture:F14:5-FU,diagonal,15,"[4904, 4907, 4925, 4908, 4910, 4911, 4913, 4914, 4916, 4917, 4919, 4920, 4922, 4923, 4926]"
O21:Coculture:F14:5-FU,diagonal,16,"[4904, 4907, 4925, 4905, 4908, 4910, 4911, 4913, 4914, 4916, 4917, 4919, 4920, 4922, 4923, 4926]"
O21:Coculture:F14:Oxa,joint,3,"[4928, 4931, 4949]"
O21:Coculture:F14:Oxa,joint,4,"[4928, 4931, 4949, 4940]"
O21:Coculture:F14:Oxa,joint,5,"[4928, 4931, 4949, 4937, 4943]"
O21:Coculture:F14:Oxa,joint,6,"[4928, 4931, 4949, 4929, 4937, 4943]"
O21:Coculture:F14:Oxa,joint,7,"[4928, 4931, 4949, 4929, 4937, 4940, 4946]"
O21:Coculture:F14:Oxa,joint,8,"[4928, 4931, 4949, 4929, 4937, 4940, 4943, 4946]"
O21:Coculture:F14:Oxa,joint,9,"[4928, 4931, 4949, 4929, 4937, 4938, 4940, 4943, 4946]"
O21:Coculture:F14:Oxa,joint,10,"[4928, 4931, 4949, 4929, 4937, 4938, 4940, 4943, 4946, 4950]"
O21:Coculture:F14:Oxa,joint,11,"[4928, 4931, 4949, 4929, 4937, 4938, 4940, 4943, 4944, 4946, 4950]"
O21:Coculture:F14:Oxa,joint,12,"[4928, 4931, 4949, 4929, 4934, 4937, 4938, 4940, 4943, 4944, 4946, 4950]"
O21:Coculture:F14:Oxa,joint,13,"[4928, 4931, 4949, 4929, 4934, 4937, 4938, 4940, 4941, 4943, 4946, 4947, 4950]"
O21:Coculture:F14:Oxa,joint,14,"[4928, 4931, 4949, 4929, 4934, 4937, 4938, 4940, 4941, 4943, 4944, 4946, 4947, 4950]"
O21:Coculture:F14:Oxa,joint,15,"[4928, 4931, 4949, 4929, 4932, 4934, 4937, 4938, 4940, 4941, 4943, 4944, 4946, 4947, 4950]"
O21:Coculture:F14:Oxa,joint,16,"[4928, 4931, 4949, 4929, 4932, 4934, 4935, 4937, 4938, 4940, 4941, 4943, 4944, 4946, 4947, 4950]"
O21:Coculture:F14:Oxa,diagonal,3,"[4928, 4931, 4949]"
O21:Coculture:F14:Oxa,diagonal,4,"[4928, 4931, 4949, 4940]"
O21:Coculture:F14:Oxa,diagonal,5,"[4928, 4931, 4949, 4937, 4943]"
O21:Coculture:F14:Oxa,diagonal,6,"[4928, 4931, 4949, 4937, 4940, 4946]"
O21:Coculture:F14:Oxa,diagonal,7,"[4928, 4931, 4949, 4937, 4940, 4943, 4946]"
O21:Coculture:F14:Oxa,diagonal,8,"[4928, 4931, 4949, 4937, 4938, 4943, 4944, 4950]"
O21:Coculture:F14:Oxa,diagonal,9,"[4928, 4931, 4949, 4937, 4938, 4940, 4943, 4946, 4950]"
O21:Coculture:F14:Oxa,diagonal,10,"[4928, 4931, 4949, 4937, 4938, 4940, 4943, 4944, 4946, 4950]"
O21:Coculture:F14:Oxa,diagonal,11,"[4928, 4931, 4949, 4934, 4937, 4938, 4940, 4943, 4944, 4946, 4950]"
O21:Coculture:F14:Oxa,diagonal,12,"[4928, 4931, 4949, 4934, 4937, 4938, 4940, 4943, 4944, 4946, 4947, 4950]"
O21:Coculture:F14:Oxa,diagonal,13,"[4928, 4931, 4949, 4934, 4937, 4938, 4940, 4941, 4943, 4944, 4946, 4947, 4950]"
O21:Coculture:F14:Oxa,diagonal,14,"[4928, 4931, 4949, 4934, 4935, 4937, 4938, 4940, 4941, 4943, 4944, 4946, 4947, 4950]"
O21:Coculture:F14:Oxa,diagonal,15,"[4928, 4931, 4949, 4932, 4934, 4935, 4937, 4938, 4940, 4941, 4943, 4944, 4946, 4947, 4950]"
O21:Coculture:F14:Oxa,diagonal,16,"[4928, 4931, 4949, 4929, 4932, 4934, 4935, 4937, 4938, 4940, 4941, 4943, 4944, 4946, 4947, 4950]"
O21:Coculture:F14:SN-38,joint,3,"[4952, 4955, 4973]"
O21:Coculture:F14:SN-38,joint,4,"[4952, 4955, 4973, 4964]"
O21:Coculture:F14:SN-38,joint,5,"[4952, 4955, 4973, 4953, 4964]"
O21:Coculture:F14:SN-38,joint,6,"[4952, 4955, 4973, 4953, 4961, 4967]"
O21:Coculture:F14:SN-38,joint,7,"[4952, 4955, 4973, 4953, 4961, 4964, 4970]"
O21:Coculture:F14:SN-38,joint,8,"[4952, 4955, 4973, 4953, 4961, 4962, 4967, 4970]"
O21:Coculture:F14:SN-38,joint,9,"[4952, 4955, 4973, 4953, 4961, 4962, 4967, 4968, 4974]"
O21:Coculture:F14:SN-38,joint,10,"[4952, 4955, 4973, 4953, 4961, 4962, 4964, 4967, 4970, 4974]"
O21:Coculture:F14:SN-38,joint,11,"[4952, 4955, 4973, 4953, 4958, 4961, 4964, 4965, 4967, 4970, 4974]"
O21:Coculture:F14:SN-38,joint,12,"[4952, 4955, 4973, 4953, 4958, 4961, 4962, 4964, 4967, 4968, 4970, 4974]"
O21:Coculture:F14:SN-38,joint,13,"[4952, 4955, 4973, 4953, 4958, 4961, 4962, 4964, 4967, 4968, 4970, 4971, 4974]"
O21:Coculture:F14:SN-38,joint,14,"[4952, 4955, 4973, 4953, 4958, 4961, 4962, 4964, 4965, 4967, 4968, 4970, 4971, 4974]"
O21:Coculture:F14:SN-38,joint,15,"[4952, 4955, 4973, 4953, 4958, 4959, 4961, 4962, 4964, 4965, 4967, 4968, 4970, 4971, 4974]"
O21:Coculture:F14:SN-38,joint,16,"[4952, 4955, 4973, 4953, 4956, 4958, 4959, 4961, 4962, 4964, 4965, 4967, 4968, 4970, 4971, 4974]"
O21:Coculture:F14:SN-38,diagonal,3,"[4952, 4955, 4973]"
O21:Coculture:F14:SN-38,diagonal,4,"[4952, 4955, 4973, 4964]"
O21:Coculture:F14:SN-38,diagonal,5,"[4952, 4955, 4973, 4961, 4967]"
O21:Coculture:F14:SN-38,diagonal,6,"[4952, 4955, 4973, 4961, 4964, 4970]"
O21:Coculture:F14:SN-38,diagonal,7,"[4952, 4955, 4973, 4961, 4962, 4967, 4970]"
O21:Coculture:F14:SN-38,diagonal,8,"[4952, 4955, 4973, 4961, 4962, 4967, 4968, 4974]"
O21:Coculture:F14:SN-38,diagonal,9,"[4952, 4955, 4973, 4958, 4961, 4964, 4967, 4970, 4974]"
O21:Coculture:F14:SN-38,diagonal,10,"[4952, 4955, 4973, 4958, 4961, 4962, 4967, 4968, 4970, 4974]"
O21:Coculture:F14:SN-38,diagonal,11,"[4952, 4955, 4973, 4958, 4961, 4962, 4964, 4967, 4968, 4970, 4974]"
O21:Coculture:F14:SN-38,diagonal,12,"[4952, 4955, 4973, 4958, 4959, 4961, 4964, 4965, 4967, 4970, 4971, 4974]"
O21:Coculture:F14:SN-38,diagonal,13,"[4952, 4955, 4973, 4958, 4959, 4961, 4962, 4964, 4967, 4968, 4970, 4971, 4974]"
O21:Coculture:F14:SN-38,diagonal,14,"[4952, 4955, 4973, 4958, 4959, 4961, 4962, 4964, 4965, 4967, 4968, 4970, 4971, 4974]"
O21:Coculture:F14:SN-38,diagonal,15,"[4952, 4955, 4973, 4956, 4958, 4959, 4961, 4962, 4964, 4965, 4967, 4968, 4970, 4971, 4974]"
O21:Coculture:F14:SN-38,diagonal,16,"[4952, 4955, 4973, 4953, 4956, 4958, 4959, 4961, 4962, 4964, 4965, 4967, 4968, 4970, 4971, 4974]"
O21:Monoculture::5-FU,joint,3,"[4808, 4811, 4829]"
O21:Monoculture::5-FU,joint,4,"[4808, 4811, 4829, 4820]"
O21:Monoculture::5-FU,joint,5,"[4808, 4811, 4829, 4817, 4823]"
O21:Monoculture::5-FU,joint,6,"[4808, 4811, 4829, 4809, 4817, 4823]"
O21:Monoculture::5-FU,joint,7,"[4808, 4811, 4829, 4809, 4817, 4820, 4826]"
O21:Monoculture::5-FU,joint,8,"[4808, 4811, 4829, 4809, 4817, 4820, 4823, 4826]"
O21:Monoculture::5-FU,joint,9,"[4808, 4811, 4829, 4809, 4817, 4818, 4820, 4823, 4826]"
O21:Monoculture::5-FU,joint,10,"[4808, 4811, 4829, 4809, 4817, 4818, 4820, 4823, 4826, 4830]"
O21:Monoculture::5-FU,joint,11,"[4808, 4811, 4829, 4809, 4817, 4818, 4820, 4823, 4824, 4826, 4830]"
O21:Monoculture::5-FU,joint,12,"[4808, 4811, 4829, 4809, 4814, 4817, 4818, 4820, 4823, 4824, 4826, 4830]"
O21:Monoculture::5-FU,joint,13,"[4808, 4811, 4829, 4809, 4814, 4817, 4818, 4820, 4821, 4823, 4826, 4827, 4830]"
O21:Monoculture::5-FU,joint,14,"[4808, 4811, 4829, 4809, 4814, 4817, 4818, 4820, 4821, 4823, 4824, 4826, 4827, 4830]"
O21:Monoculture::5-FU,joint,15,"[4808, 4811, 4829, 4809, 4812, 4814, 4817, 4818, 4820, 4821, 4823, 4824, 4826, 4827, 4830]"
O21:Monoculture::5-FU,joint,16,"[4808, 4811, 4829, 4809, 4812, 4814, 4815, 4817, 4818, 4820, 4821, 4823, 4824, 4826, 4827, 4830]"
O21:Monoculture::5-FU,diagonal,3,"[4808, 4811, 4829]"
O21:Monoculture::5-FU,diagonal,4,"[4808, 4811, 4829, 4820]"
O21:Monoculture::5-FU,diagonal,5,"[4808, 4811, 4829, 4817, 4823]"
O21:Monoculture::5-FU,diagonal,6,"[4808, 4811, 4829, 4817, 4820, 4826]"
O21:Monoculture::5-FU,diagonal,7,"[4808, 4811, 4829, 4817, 4820, 4823, 4826]"
O21:Monoculture::5-FU,diagonal,8,"[4808, 4811, 4829, 4817, 4818, 4823, 4824, 4830]"
O21:Monoculture::5-FU,diagonal,9,"[4808, 4811, 4829, 4817, 4818, 4820, 4823, 4826, 4830]"
O21:Monoculture::5-FU,diagonal,10,"[4808, 4811, 4829, 4817, 4818, 4820, 4823, 4824, 4826, 4830]"
O21:Monoculture::5-FU,diagonal,11,"[4808, 4811, 4829, 4814, 4817, 4818, 4820, 4823, 4824, 4826, 4830]"
O21:Monoculture::5-FU,diagonal,12,"[4808, 4811, 4829, 4814, 4817, 4818, 4820, 4823, 4824, 4826, 4827, 4830]"
O21:Monoculture::5-FU,diagonal,13,"[4808, 4811, 4829, 4814, 4817, 4818, 4820, 4821, 4823, 4824, 4826, 4827, 4830]"
O21:Monoculture::5-FU,diagonal,14,"[4808, 4811, 4829, 4814, 4815, 4817, 4818, 4820, 4821, 4823, 4824, 4826, 4827, 4830]"
O21:Monoculture::5-FU,diagonal,15,"[4808, 4811, 4829, 4812, 4814, 4815, 4817, 4818, 4820, 4821, 4823, 4824, 4826, 4827, 4830]"
O21:Monoculture::5-FU,diagonal,16,"[4808, 4811, 4829, 4809, 4812, 4814, 4815, 4817, 4818, 4820, 4821, 4823, 4824, 4826, 4827, 4830]"
O21:Monoculture::Gef,joint,3,"[4880, 4883, 4901]"
O21:Monoculture::Gef,joint,4,"[4880, 4883, 4901, 4892]"
O21:Monoculture::Gef,joint,5,"[4880, 4883, 4901, 4889, 4895]"
O21:Monoculture::Gef,joint,6,"[4880, 4883, 4901, 4881, 4889, 4895]"
O21:Monoculture::Gef,joint,7,"[4880, 4883, 4901, 4881, 4889, 4892, 4898]"
O21:Monoculture::Gef,joint,8,"[4880, 4883, 4901, 4881, 4889, 4892, 4895, 4898]"
O21:Monoculture::Gef,joint,9,"[4880, 4883, 4901, 4881, 4889, 4890, 4892, 4895, 4898]"
O21:Monoculture::Gef,joint,10,"[4880, 4883, 4901, 4881, 4889, 4890, 4892, 4895, 4898, 4902]"
O21:Monoculture::Gef,joint,11,"[4880, 4883, 4901, 4881, 4889, 4890, 4892, 4895, 4896, 4898, 4902]"
O21:Monoculture::Gef,joint,12,"[4880, 4883, 4901, 4881, 4886, 4889, 4890, 4892, 4895, 4896, 4898, 4902]"
O21:Monoculture::Gef,joint,13,"[4880, 4883, 4901, 4881, 4884, 4886, 4889, 4890, 4892, 4895, 4896, 4898, 4902]"
O21:Monoculture::Gef,joint,14,"[4880, 4883, 4901, 4881, 4884, 4886, 4889, 4890, 4892, 4893, 4895, 4898, 4899, 4902]"
O21:Monoculture::Gef,joint,15,"[4880, 4883, 4901, 4881, 4884, 4886, 4889, 4890, 4892, 4893, 4895, 4896, 4898, 4899, 4902]"
O21:Monoculture::Gef,joint,16,"[4880, 4883, 4901, 4881, 4884, 4886, 4887, 4889, 4890, 4892, 4893, 4895, 4896, 4898, 4899, 4902]"
O21:Monoculture::Gef,diagonal,3,"[4880, 4883, 4901]"
O21:Monoculture::Gef,diagonal,4,"[4880, 4883, 4901, 4892]"
O21:Monoculture::Gef,diagonal,5,"[4880, 4883, 4901, 4889, 4895]"
O21:Monoculture::Gef,diagonal,6,"[4880, 4883, 4901, 4889, 4892, 4898]"
O21:Monoculture::Gef,diagonal,7,"[4880, 4883, 4901, 4889, 4892, 4895, 4898]"
O21:Monoculture::Gef,diagonal,8,"[4880, 4883, 4901, 4889, 4890, 4895, 4896, 4902]"
O21:Monoculture::Gef,diagonal,9,"[4880, 4883, 4901, 4889, 4890, 4892, 4895, 4898, 4902]"
O21:Monoculture::Gef,diagonal,10,"[4880, 4883, 4901, 4889, 4890, 4892, 4895, 4896, 4898, 4902]"
O21:Monoculture::Gef,diagonal,11,"[4880, 4883, 4901, 4886, 4889, 4890, 4892, 4895, 4896, 4898, 4902]"
O21:Monoculture::Gef,diagonal,12,"[4880, 4883, 4901, 4886, 4889, 4890, 4892, 4893, 4895, 4898, 4899, 4902]"
O21:Monoculture::Gef,diagonal,13,"[4880, 4883, 4901, 4886, 4889, 4890, 4892, 4893, 4895, 4896, 4898, 4899, 4902]"
O21:Monoculture::Gef,diagonal,14,"[4880, 4883, 4901, 4886, 4887, 4889, 4890, 4892, 4893, 4895, 4896, 4898, 4899, 4902]"
O21:Monoculture::Gef,diagonal,15,"[4880, 4883, 4901, 4884, 4886, 4887, 4889, 4890, 4892, 4893, 4895, 4896, 4898, 4899, 4902]"
O21:Monoculture::Gef,diagonal,16,"[4880, 4883, 4901, 4881, 4884, 4886, 4887, 4889, 4890, 4892, 4893, 4895, 4896, 4898, 4899, 4902]"
O21:Monoculture::Oxa,joint,3,"[4832, 4835, 4853]"
O21:Monoculture::Oxa,joint,4,"[4832, 4835, 4853, 4844]"
O21:Monoculture::Oxa,joint,5,"[4832, 4835, 4853, 4841, 4847]"
O21:Monoculture::Oxa,joint,6,"[4832, 4835, 4853, 4833, 4841, 4847]"
O21:Monoculture::Oxa,joint,7,"[4832, 4835, 4853, 4833, 4841, 4844, 4850]"
O21:Monoculture::Oxa,joint,8,"[4832, 4835, 4853, 4833, 4841, 4844, 4847, 4850]"
O21:Monoculture::Oxa,joint,9,"[4832, 4835, 4853, 4833, 4841, 4842, 4844, 4847, 4850]"
O21:Monoculture::Oxa,joint,10,"[4832, 4835, 4853, 4833, 4841, 4842, 4844, 4847, 4850, 4854]"
O21:Monoculture::Oxa,joint,11,"[4832, 4835, 4853, 4833, 4841, 4842, 4844, 4847, 4848, 4850, 4854]"
O21:Monoculture::Oxa,joint,12,"[4832, 4835, 4853, 4833, 4838, 4841, 4842, 4844, 4847, 4848, 4850, 4854]"
O21:Monoculture::Oxa,joint,13,"[4832, 4835, 4853, 4833, 4838, 4841, 4842, 4844, 4845, 4847, 4850, 4851, 4854]"
O21:Monoculture::Oxa,joint,14,"[4832, 4835, 4853, 4833, 4838, 4841, 4842, 4844, 4845, 4847, 4848, 4850, 4851, 4854]"
O21:Monoculture::Oxa,joint,15,"[4832, 4835, 4853, 4833, 4836, 4838, 4841, 4842, 4844, 4845, 4847, 4848, 4850, 4851, 4854]"
O21:Monoculture::Oxa,joint,16,"[4832, 4835, 4853, 4833, 4836, 4838, 4839, 4841, 4842, 4844, 4845, 4847, 4848, 4850, 4851, 4854]"
O21:Monoculture::Oxa,diagonal,3,"[4832, 4835, 4853]"
O21:Monoculture::Oxa,diagonal,4,"[4832, 4835, 4853, 4844]"
O21:Monoculture::Oxa,diagonal,5,"[4832, 4835, 4853, 4841, 4847]"
O21:Monoculture::Oxa,diagonal,6,"[4832, 4835, 4853, 4841, 4844, 4850]"
O21:Monoculture::Oxa,diagonal,7,"[4832, 4835, 4853, 4841, 4844, 4847, 4850]"
O21:Monoculture::Oxa,diagonal,8,"[4832, 4835, 4853, 4841, 4842, 4847, 4848, 4854]"
O21:Monoculture::Oxa,diagonal,9,"[4832, 4835, 4853, 4841, 4842, 4844, 4847, 4850, 4854]"
O21:Monoculture::Oxa,diagonal,10,"[4832, 4835, 4853, 4841, 4842, 4844, 4847, 4848, 4850, 4854]"
O21:Monoculture::Oxa,diagonal,11,"[4832, 4835, 4853, 4838, 4841, 4842, 4844, 4847, 4848, 4850, 4854]"
O21:Monoculture::Oxa,diagonal,12,"[4832, 4835, 4853, 4838, 4841, 4842, 4844, 4847, 4848, 4850, 4851, 4854]"
O21:Monoculture::Oxa,diagonal,13,"[4832, 4835, 4853, 4838, 4841, 4842, 4844, 4845, 4847, 4848, 4850, 4851, 4854]"
O21:Monoculture::Oxa,diagonal,14,"[4832, 4835, 4853, 4838, 4839, 4841, 4842, 4844, 4845, 4847, 4848, 4850, 4851, 4854]"
O21:Monoculture::Oxa,diagonal,15,"[4832, 4835, 4853, 4836, 4838, 4839, 4841, 4842, 4844, 4845, 4847, 4848, 4850, 4851, 4854]"
O21:Monoculture::Oxa,diagonal,16,"[4832, 4835, 4853, 4833, 4836, 4838, 4839, 4841, 4842, 4844, 4845, 4847, 4848, 4850, 4851, 4854]"
O22:Monoculture::5-FU,joint,3,"[5000, 5003, 5021]"
O22:Monoculture::5-FU,joint,4,"[5000, 5003, 5021, 5012]"
O22:Monoculture::5-FU,joint,5,"[5000, 5003, 5021, 5009, 5015]"
O22:Monoculture::5-FU,joint,6,"[5000, 5003, 5021, 5001, 5009, 5015]"
O22:Monoculture::5-FU,joint,7,"[5000, 5003, 5021, 5001, 5009, 5012, 5018]"
O22:Monoculture::5-FU,joint,8,"[5000, 5003, 5021, 5001, 5009, 5012, 5015, 5018]"
O22:Monoculture::5-FU,joint,9,"[5000, 5003, 5021, 5001, 5009, 5010, 5012, 5015, 5018]"
O22:Monoculture::5-FU,joint,10,"[5000, 5003, 5021, 5001, 5009, 5010, 5012, 5015, 5018, 5022]"
O22:Monoculture::5-FU,joint,11,"[5000, 5003, 5021, 5001, 5009, 5010, 5012, 5015, 5016, 5018, 5022]"
O22:Monoculture::5-FU,joint,12,"[5000, 5003, 5021, 5001, 5006, 5009, 5010, 5012, 5015, 5016, 5018, 5022]"
O22:Monoculture::5-FU,joint,13,"[5000, 5003, 5021, 5001, 5006, 5009, 5010, 5012, 5013, 5015, 5018, 5019, 5022]"
O22:Monoculture::5-FU,joint,14,"[5000, 5003, 5021, 5001, 5006, 5009, 5010, 5012, 5013, 5015, 5016, 5018, 5019, 5022]"
O22:Monoculture::5-FU,joint,15,"[5000, 5003, 5021, 5001, 5004, 5006, 5009, 5010, 5012, 5013, 5015, 5016, 5018, 5019, 5022]"
O22:Monoculture::5-FU,joint,16,"[5000, 5003, 5021, 5001, 5004, 5006, 5007, 5009, 5010, 5012, 5013, 5015, 5016, 5018, 5019, 5022]"
O22:Monoculture::5-FU,diagonal,3,"[5000, 5003, 5021]"
O22:Monoculture::5-FU,diagonal,4,"[5000, 5003, 5021, 5012]"
O22:Monoculture::5-FU,diagonal,5,"[5000, 5003, 5021, 5009, 5015]"
O22:Monoculture::5-FU,diagonal,6,"[5000, 5003, 5021, 5009, 5012, 5018]"
O22:Monoculture::5-FU,diagonal,7,"[5000, 5003, 5021, 5009, 5012, 5015, 5018]"
O22:Monoculture::5-FU,diagonal,8,"[5000, 5003, 5021, 5009, 5010, 5015, 5016, 5022]"
O22:Monoculture::5-FU,diagonal,9,"[5000, 5003, 5021, 5009, 5010, 5012, 5015, 5018, 5022]"
O22:Monoculture::5-FU,diagonal,10,"[5000, 5003, 5021, 5009, 5010, 5012, 5015, 5016, 5018, 5022]"
O22:Monoculture::5-FU,diagonal,11,"[5000, 5003, 5021, 5006, 5009, 5010, 5012, 5015, 5016, 5018, 5022]"
O22:Monoculture::5-FU,diagonal,12,"[5000, 5003, 5021, 5006, 5009, 5010, 5012, 5015, 5016, 5018, 5019, 5022]"
O22:Monoculture::5-FU,diagonal,13,"[5000, 5003, 5021, 5006, 5009, 5010, 5012, 5013, 5015, 5016, 5018, 5019, 5022]"
O22:Monoculture::5-FU,diagonal,14,"[5000, 5003, 5021, 5006, 5007, 5009, 5010, 5012, 5013, 5015, 5016, 5018, 5019, 5022]"
O22:Monoculture::5-FU,diagonal,15,"[5000, 5003, 5021, 5004, 5006, 5007, 5009, 5010, 5012, 5013, 5015, 5016, 5018, 5019, 5022]"
O22:Monoculture::5-FU,diagonal,16,"[5000, 5003, 5021, 5001, 5004, 5006, 5007, 5009, 5010, 5012, 5013, 5015, 5016, 5018, 5019, 5022]"
O22:Monoculture::Gef,joint,3,"[5072, 5075, 5093]"
O22:Monoculture::Gef,joint,4,"[5072, 5075, 5093, 5084]"
O22:Monoculture::Gef,joint,5,"[5072, 5075, 5093, 5081, 5087]"
O22:Monoculture::Gef,joint,6,"[5072, 5075, 5093, 5073, 5081, 5087]"
O22:Monoculture::Gef,joint,7,"[5072, 5075, 5093, 5073, 5081, 5084, 5090]"
O22:Monoculture::Gef,joint,8,"[5072, 5075, 5093, 5073, 5081, 5084, 5087, 5090]"
O22:Monoculture::Gef,joint,9,"[5072, 5075, 5093, 5073, 5081, 5082, 5084, 5087, 5090]"
O22:Monoculture::Gef,joint,10,"[5072, 5075, 5093, 5073, 5081, 5082, 5084, 5087, 5090, 5094]"
O22:Monoculture::Gef,joint,11,"[5072, 5075, 5093, 5073, 5081, 5082, 5084, 5087, 5088, 5090, 5094]"
O22:Monoculture::Gef,joint,12,"[5072, 5075, 5093, 5073, 5078, 5081, 5082, 5084, 5087, 5088, 5090, 5094]"
O22:Monoculture::Gef,joint,13,"[5072, 5075, 5093, 5073, 5076, 5078, 5081, 5082, 5084, 5087, 5088, 5090, 5094]"
O22:Monoculture::Gef,joint,14,"[5072, 5075, 5093, 5073, 5076, 5078, 5081, 5082, 5084, 5085, 5087, 5090, 5091, 5094]"
O22:Monoculture::Gef,joint,15,"[5072, 5075, 5093, 5073, 5076, 5078, 5081, 5082, 5084, 5085, 5087, 5088, 5090, 5091, 5094]"
O22:Monoculture::Gef,joint,16,"[5072, 5075, 5093, 5073, 5076, 5078, 5079, 5081, 5082, 5084, 5085, 5087, 5088, 5090, 5091, 5094]"
O22:Monoculture::Gef,diagonal,3,"[5072, 5075, 5093]"
O22:Monoculture::Gef,diagonal,4,"[5072, 5075, 5093, 5084]"
O22:Monoculture::Gef,diagonal,5,"[5072, 5075, 5093, 5081, 5087]"
O22:Monoculture::Gef,diagonal,6,"[5072, 5075, 5093, 5081, 5084, 5090]"
O22:Monoculture::Gef,diagonal,7,"[5072, 5075, 5093, 5081, 5084, 5087, 5090]"
O22:Monoculture::Gef,diagonal,8,"[5072, 5075, 5093, 5081, 5082, 5087, 5088, 5094]"
O22:Monoculture::Gef,diagonal,9,"[5072, 5075, 5093, 5081, 5082, 5084, 5087, 5090, 5094]"
O22:Monoculture::Gef,diagonal,10,"[5072, 5075, 5093, 5081, 5082, 5084, 5087, 5088, 5090, 5094]"
O22:Monoculture::Gef,diagonal,11,"[5072, 5075, 5093, 5078, 5081, 5082, 5084, 5087, 5088, 5090, 5094]"
O22:Monoculture::Gef,diagonal,12,"[5072, 5075, 5093, 5078, 5081, 5082, 5084, 5085, 5087, 5090, 5091, 5094]"
O22:Monoculture::Gef,diagonal,13,"[5072, 5075, 5093, 5078, 5081, 5082, 5084, 5085, 5087, 5088, 5090, 5091, 5094]"
O22:Monoculture::Gef,diagonal,14,"[5072, 5075, 5093, 5078, 5079, 5081, 5082, 5084, 5085, 5087, 5088, 5090, 5091, 5094]"
O22:Monoculture::Gef,diagonal,15,"[5072, 5075, 5093, 5076, 5078, 5079, 5081, 5082, 5084, 5085, 5087, 5088, 5090, 5091, 5094]"
O22:Monoculture::Gef,diagonal,16,"[5072, 5075, 5093, 5073, 5076, 5078, 5079, 5081, 5082, 5084, 5085, 5087, 5088, 5090, 5091, 5094]"
O23:Coculture:F14:5-FU,joint,3,"[5288, 5291, 5309]"
O23:Coculture:F14:5-FU,joint,4,"[5288, 5291, 5309, 5300]"
O23:Coculture:F14:5-FU,joint,5,"[5288, 5291, 5309, 5297, 5303]"
O23:Coculture:F14:5-FU,joint,6,"[5288, 5291, 5309, 5289, 5297, 5303]"
O23:Coculture:F14:5-FU,joint,7,"[5288, 5291, 5309, 5289, 5297, 5300, 5306]"
O23:Coculture:F14:5-FU,joint,8,"[5288, 5291, 5309, 5289, 5297, 5300, 5303, 5306]"
O23:Coculture:F14:5-FU,joint,9,"[5288, 5291, 5309, 5289, 5297, 5298, 5300, 5303, 5306]"
O23:Coculture:F14:5-FU,joint,10,"[5288, 5291, 5309, 5289, 5297, 5298, 5300, 5303, 5306, 5310]"
O23:Coculture:F14:5-FU,joint,11,"[5288, 5291, 5309, 5289, 5297, 5298, 5300, 5303, 5304, 5306, 5310]"
O23:Coculture:F14:5-FU,joint,12,"[5288, 5291, 5309, 5289, 5294, 5297, 5298, 5300, 5303, 5304, 5306, 5310]"
O23:Coculture:F14:5-FU,joint,13,"[5288, 5291, 5309, 5289, 5294, 5297, 5298, 5300, 5301, 5303, 5306, 5307, 5310]"
O23:Coculture:F14:5-FU,joint,14,"[5288, 5291, 5309, 5289, 5294, 5297, 5298, 5300, 5301, 5303, 5304, 5306, 5307, 5310]"
O23:Coculture:F14:5-FU,joint,15,"[5288, 5291, 5309, 5289, 5292, 5294, 5297, 5298, 5300, 5301, 5303, 5304, 5306, 5307, 5310]"
O23:Coculture:F14:5-FU,joint,16,"[5288, 5291, 5309, 5289, 5292, 5294, 5295, 5297, 5298, 5300, 5301, 5303, 5304, 5306, 5307, 5310]"
O23:Coculture:F14:5-FU,diagonal,3,"[5288, 5291, 5309]"
O23:Coculture:F14:5-FU,diagonal,4,"[5288, 5291, 5309, 5300]"
O23:Coculture:F14:5-FU,diagonal,5,"[5288, 5291, 5309, 5297, 5303]"
O23:Coculture:F14:5-FU,diagonal,6,"[5288, 5291, 5309, 5297, 5300, 5306]"
O23:Coculture:F14:5-FU,diagonal,7,"[5288, 5291, 5309, 5297, 5300, 5303, 5306]"
O23:Coculture:F14:5-FU,diagonal,8,"[5288, 5291, 5309, 5297, 5298, 5303, 5304, 5310]"
O23:Coculture:F14:5-FU,diagonal,9,"[5288, 5291, 5309, 5297, 5298, 5300, 5303, 5306, 5310]"
O23:Coculture:F14:5-FU,diagonal,10,"[5288, 5291, 5309, 5297, 5298, 5300, 5303, 5304, 5306, 5310]"
O23:Coculture:F14:5-FU,diagonal,11,"[5288, 5291, 5309, 5294, 5297, 5298, 5300, 5303, 5304, 5306, 5310]"
O23:Coculture:F14:5-FU,diagonal,12,"[5288, 5291, 5309, 5294, 5297, 5298, 5300, 5303, 5304, 5306, 5307, 5310]"
O23:Coculture:F14:5-FU,diagonal,13,"[5288, 5291, 5309, 5294, 5297, 5298, 5300, 5301, 5303, 5304, 5306, 5307, 5310]"
O23:Coculture:F14:5-FU,diagonal,14,"[5288, 5291, 5309, 5294, 5295, 5297, 5298, 5300, 5301, 5303, 5304, 5306, 5307, 5310]"
O23:Coculture:F14:5-FU,diagonal,15,"[5288, 5291, 5309, 5292, 5294, 5295, 5297, 5298, 5300, 5301, 5303, 5304, 5306, 5307, 5310]"
O23:Coculture:F14:5-FU,diagonal,16,"[5288, 5291, 5309, 5289, 5292, 5294, 5295, 5297, 5298, 5300, 5301, 5303, 5304, 5306, 5307, 5310]"
O23:Coculture:F14:Oxa,joint,3,"[5312, 5315, 5333]"
O23:Coculture:F14:Oxa,joint,4,"[5312, 5315, 5333, 5324]"
O23:Coculture:F14:Oxa,joint,5,"[5312, 5315, 5333, 5321, 5327]"
O23:Coculture:F14:Oxa,joint,6,"[5312, 5315, 5333, 5313, 5321, 5327]"
O23:Coculture:F14:Oxa,joint,7,"[5312, 5315, 5333, 5313, 5321, 5324, 5330]"
O23:Coculture:F14:Oxa,joint,8,"[5312, 5315, 5333, 5313, 5321, 5324, 5327, 5330]"
O23:Coculture:F14:Oxa,joint,9,"[5312, 5315, 5333, 5313, 5321, 5322, 5324, 5327, 5330]"
O23:Coculture:F14:Oxa,joint,10,"[5312, 5315, 5333, 5313, 5321, 5322, 5324, 5327, 5330, 5334]"
O23:Coculture:F14:Oxa,joint,11,"[5312, 5315, 5333, 5313, 5321, 5322, 5324, 5327, 5328, 5330, 5334]"
O23:Coculture:F14:Oxa,joint,12,"[5312, 5315, 5333, 5313, 5318, 5321, 5322, 5324, 5327, 5328, 5330, 5334]"
O23:Coculture:F14:Oxa,joint,13,"[5312, 5315, 5333, 5313, 5318, 5321, 5322, 5324, 5325, 5327, 5330, 5331, 5334]"
O23:Coculture:F14:Oxa,joint,14,"[5312, 5315, 5333, 5313, 5318, 5321, 5322, 5324, 5325, 5327, 5328, 5330, 5331, 5334]"
O23:Coculture:F14:Oxa,joint,15,"[5312, 5315, 5333, 5313, 5316, 5318, 5321, 5322, 5324, 5325, 5327, 5328, 5330, 5331, 5334]"
O23:Coculture:F14:Oxa,joint,16,"[5312, 5315, 5333, 5313, 5316, 5318, 5319, 5321, 5322, 5324, 5325, 5327, 5328, 5330, 5331, 5334]"
O23:Coculture:F14:Oxa,diagonal,3,"[5312, 5315, 5333]"
O23:Coculture:F14:Oxa,diagonal,4,"[5312, 5315, 5333, 5324]"
O23:Coculture:F14:Oxa,diagonal,5,"[5312, 5315, 5333, 5321, 5327]"
O23:Coculture:F14:Oxa,diagonal,6,"[5312, 5315, 5333, 5321, 5324, 5330]"
O23:Coculture:F14:Oxa,diagonal,7,"[5312, 5315, 5333, 5321, 5324, 5327, 5330]"
O23:Coculture:F14:Oxa,diagonal,8,"[5312, 5315, 5333, 5321, 5322, 5327, 5328, 5334]"
O23:Coculture:F14:Oxa,diagonal,9,"[5312, 5315, 5333, 5321, 5322, 5324, 5327, 5330, 5334]"
O23:Coculture:F14:Oxa,diagonal,10,"[5312, 5315, 5333, 5321, 5322, 5324, 5327, 5328, 5330, 5334]"
O23:Coculture:F14:Oxa,diagonal,11,"[5312, 5315, 5333, 5318, 5321, 5322, 5324, 5327, 5328, 5330, 5334]"
O23:Coculture:F14:Oxa,diagonal,12,"[5312, 5315, 5333, 5318, 5321, 5322, 5324, 5327, 5328, 5330, 5331, 5334]"
O23:Coculture:F14:Oxa,diagonal,13,"[5312, 5315, 5333, 5318, 5321, 5322, 5324, 5325, 5327, 5328, 5330, 5331, 5334]"
O23:Coculture:F14:Oxa,diagonal,14,"[5312, 5315, 5333, 5318, 5319, 5321, 5322, 5324, 5325, 5327, 5328, 5330, 5331, 5334]"
O23:Coculture:F14:Oxa,diagonal,15,"[5312, 5315, 5333, 5316, 5318, 5319, 5321, 5322, 5324, 5325, 5327, 5328, 5330, 5331, 5334]"
O23:Coculture:F14:Oxa,diagonal,16,"[5312, 5315, 5333, 5313, 5316, 5318, 5319, 5321, 5322, 5324, 5325, 5327, 5328, 5330, 5331, 5334]"
O23:Monoculture::Gef,joint,3,"[5264, 5267, 5285]"
O23:Monoculture::Gef,joint,4,"[5264, 5267, 5285, 5276]"
O23:Monoculture::Gef,joint,5,"[5264, 5267, 5285, 5273, 5279]"
O23:Monoculture::Gef,joint,6,"[5264, 5267, 5285, 5265, 5273, 5279]"
O23:Monoculture::Gef,joint,7,"[5264, 5267, 5285, 5265, 5273, 5276, 5282]"
O23:Monoculture::Gef,joint,8,"[5264, 5267, 5285, 5265, 5273, 5276, 5279, 5282]"
O23:Monoculture::Gef,joint,9,"[5264, 5267, 5285, 5265, 5273, 5274, 5276, 5279, 5282]"
O23:Monoculture::Gef,joint,10,"[5264, 5267, 5285, 5265, 5273, 5274, 5276, 5279, 5282, 5286]"
O23:Monoculture::Gef,joint,11,"[5264, 5267, 5285, 5265, 5273, 5274, 5276, 5279, 5280, 5282, 5286]"
O23:Monoculture::Gef,joint,12,"[5264, 5267, 5285, 5265, 5270, 5273, 5274, 5276, 5279, 5280, 5282, 5286]"
O23:Monoculture::Gef,joint,13,"[5264, 5267, 5285, 5265, 5268, 5270, 5273, 5274, 5276, 5279, 5280, 5282, 5286]"
O23:Monoculture::Gef,joint,14,"[5264, 5267, 5285, 5265, 5268, 5270, 5273, 5274, 5276, 5277, 5279, 5282, 5283, 5286]"
O23:Monoculture::Gef,joint,15,"[5264, 5267, 5285, 5265, 5268, 5270, 5273, 5274, 5276, 5277, 5279, 5280, 5282, 5283, 5286]"
O23:Monoculture::Gef,joint,16,"[5264, 5267, 5285, 5265, 5268, 5270, 5271, 5273, 5274, 5276, 5277, 5279, 5280, 5282, 5283, 5286]"
O23:Monoculture::Gef,diagonal,3,"[5264, 5267, 5285]"
O23:Monoculture::Gef,diagonal,4,"[5264, 5267, 5285, 5276]"
O23:Monoculture::Gef,diagonal,5,"[5264, 5267, 5285, 5273, 5279]"
O23:Monoculture::Gef,diagonal,6,"[5264, 5267, 5285, 5273, 5276, 5282]"
O23:Monoculture::Gef,diagonal,7,"[5264, 5267, 5285, 5273, 5276, 5279, 5282]"
O23:Monoculture::Gef,diagonal,8,"[5264, 5267, 5285, 5273, 5274, 5279, 5280, 5286]"
O23:Monoculture::Gef,diagonal,9,"[5264, 5267, 5285, 5273, 5274, 5276, 5279, 5282, 5286]"
O23:Monoculture::Gef,diagonal,10,"[5264, 5267, 5285, 5273, 5274, 5276, 5279, 5280, 5282, 5286]"
O23:Monoculture::Gef,diagonal,11,"[5264, 5267, 5285, 5270, 5273, 5274, 5276, 5279, 5280, 5282, 5286]"
O23:Monoculture::Gef,diagonal,12,"[5264, 5267, 5285, 5270, 5273, 5274, 5276, 5277, 5279, 5282, 5283, 5286]"
O23:Monoculture::Gef,diagonal,13,"[5264, 5267, 5285, 5270, 5273, 5274, 5276, 5277, 5279, 5280, 5282, 5283, 5286]"
O23:Monoculture::Gef,diagonal,14,"[5264, 5267, 5285, 5270, 5271, 5273, 5274, 5276, 5277, 5279, 5280, 5282, 5283, 5286]"
O23:Monoculture::Gef,diagonal,15,"[5264, 5267, 5285, 5268, 5270, 5271, 5273, 5274, 5276, 5277, 5279, 5280, 5282, 5283, 5286]"
O23:Monoculture::Gef,diagonal,16,"[5264, 5267, 5285, 5265, 5268, 5270, 5271, 5273, 5274, 5276, 5277, 5279, 5280, 5282, 5283, 5286]"
O24:Coculture:F20:5-FU,joint,3,"[5480, 5483, 5501]"
O24:Coculture:F20:5-FU,joint,4,"[5480, 5483, 5501, 5492]"
O24:Coculture:F20:5-FU,joint,5,"[5480, 5483, 5501, 5489, 5495]"
O24:Coculture:F20:5-FU,joint,6,"[5480, 5483, 5501, 5481, 5489, 5495]"
O24:Coculture:F20:5-FU,joint,7,"[5480, 5483, 5501, 5481, 5489, 5492, 5498]"
O24:Coculture:F20:5-FU,joint,8,"[5480, 5483, 5501, 5481, 5489, 5492, 5495, 5498]"
O24:Coculture:F20:5-FU,joint,9,"[5480, 5483, 5501, 5481, 5489, 5490, 5492, 5495, 5498]"
O24:Coculture:F20:5-FU,joint,10,"[5480, 5483, 5501, 5481, 5489, 5490, 5492, 5495, 5498, 5502]"
O24:Coculture:F20:5-FU,joint,11,"[5480, 5483, 5501, 5481, 5489, 5490, 5492, 5495, 5496, 5498, 5502]"
O24:Coculture:F20:5-FU,joint,12,"[5480, 5483, 5501, 5481, 5486, 5489, 5490, 5492, 5495, 5496, 5498, 5502]"
O24:Coculture:F20:5-FU,joint,13,"[5480, 5483, 5501, 5481, 5486, 5489, 5490, 5492, 5493, 5495, 5498, 5499, 5502]"
O24:Coculture:F20:5-FU,joint,14,"[5480, 5483, 5501, 5481, 5486, 5489, 5490, 5492, 5493, 5495, 5496, 5498, 5499, 5502]"
O24:Coculture:F20:5-FU,joint,15,"[5480, 5483, 5501, 5481, 5484, 5486, 5489, 5490, 5492, 5493, 5495, 5496, 5498, 5499, 5502]"
O24:Coculture:F20:5-FU,joint,16,"[5480, 5483, 5501, 5481, 5484, 5486, 5487, 5489, 5490, 5492, 5493, 5495, 5496, 5498, 5499, 5502]"
O24:Coculture:F20:5-FU,diagonal,3,"[5480, 5483, 5501]"
O24:Coculture:F20:5-FU,diagonal,4,"[5480, 5483, 5501, 5492]"
O24:Coculture:F20:5-FU,diagonal,5,"[5480, 5483, 5501, 5489, 5495]"
O24:Coculture:F20:5-FU,diagonal,6,"[5480, 5483, 5501, 5489, 5492, 5498]"
O24:Coculture:F20:5-FU,diagonal,7,"[5480, 5483, 5501, 5489, 5492, 5495, 5498]"
O24:Coculture:F20:5-FU,diagonal,8,"[5480, 5483, 5501, 5489, 5490, 5495, 5496, 5502]"
O24:Coculture:F20:5-FU,diagonal,9,"[5480, 5483, 5501, 5489, 5490, 5492, 5495, 5498, 5502]"
O24:Coculture:F20:5-FU,diagonal,10,"[5480, 5483, 5501, 5489, 5490, 5492, 5495, 5496, 5498, 5502]"
O24:Coculture:F20:5-FU,diagonal,11,"[5480, 5483, 5501, 5486, 5489, 5490, 5492, 5495, 5496, 5498, 5502]"
O24:Coculture:F20:5-FU,diagonal,12,"[5480, 5483, 5501, 5486, 5489, 5490, 5492, 5495, 5496, 5498, 5499, 5502]"
O24:Coculture:F20:5-FU,diagonal,13,"[5480, 5483, 5501, 5486, 5489, 5490, 5492, 5493, 5495, 5496, 5498, 5499, 5502]"
O24:Coculture:F20:5-FU,diagonal,14,"[5480, 5483, 5501, 5486, 5487, 5489, 5490, 5492, 5493, 5495, 5496, 5498, 5499, 5502]"
O24:Coculture:F20:5-FU,diagonal,15,"[5480, 5483, 5501, 5484, 5486, 5487, 5489, 5490, 5492, 5493, 5495, 5496, 5498, 5499, 5502]"
O24:Coculture:F20:5-FU,diagonal,16,"[5480, 5483, 5501, 5481, 5484, 5486, 5487, 5489, 5490, 5492, 5493, 5495, 5496, 5498, 5499, 5502]"
O24:Coculture:F20:Oxa,joint,3,"[5504, 5507, 5525]"
O24:Coculture:F20:Oxa,joint,4,"[5504, 5507, 5525, 5516]"
O24:Coculture:F20:Oxa,joint,5,"[5504, 5507, 5525, 5513, 5519]"
O24:Coculture:F20:Oxa,joint,6,"[5504, 5507, 5525, 5505, 5513, 5519]"
O24:Coculture:F20:Oxa,joint,7,"[5504, 5507, 5525, 5505, 5513, 5516, 5522]"
O24:Coculture:F20:Oxa,joint,8,"[5504, 5507, 5525, 5505, 5513, 5516, 5519, 5522]"
O24:Coculture:F20:Oxa,joint,9,"[5504, 5507, 5525, 5505, 5513, 5514, 5516, 5519, 5522]"
O24:Coculture:F20:Oxa,joint,10,"[5504, 5507, 5525, 5505, 5513, 5514, 5516, 5519, 5522, 5526]"
O24:Coculture:F20:Oxa,joint,11,"[5504, 5507, 5525, 5505, 5513, 5514, 5516, 5519, 5520, 5522, 5526]"
O24:Coculture:F20:Oxa,joint,12,"[5504, 5507, 5525, 5505, 5510, 5513, 5514, 5516, 5519, 5520, 5522, 5526]"
O24:Coculture:F20:Oxa,joint,13,"[5504, 5507, 5525, 5505, 5510, 5513, 5514, 5516, 5517, 5519, 5522, 5523, 5526]"
O24:Coculture:F20:Oxa,joint,14,"[5504, 5507, 5525, 5505, 5510, 5513, 5514, 5516, 5517, 5519, 5520, 5522, 5523, 5526]"
O24:Coculture:F20:Oxa,joint,15,"[5504, 5507, 5525, 5505, 5508, 5510, 5513, 5514, 5516, 5517, 5519, 5520, 5522, 5523, 5526]"
O24:Coculture:F20:Oxa,joint,16,"[5504, 5507, 5525, 5505, 5508, 5510, 5511, 5513, 5514, 5516, 5517, 5519, 5520, 5522, 5523, 5526]"
O24:Coculture:F20:Oxa,diagonal,3,"[5504, 5507, 5525]"
O24:Coculture:F20:Oxa,diagonal,4,"[5504, 5507, 5525, 5516]"
O24:Coculture:F20:Oxa,diagonal,5,"[5504, 5507, 5525, 5513, 5519]"
O24:Coculture:F20:Oxa,diagonal,6,"[5504, 5507, 5525, 5513, 5516, 5522]"
O24:Coculture:F20:Oxa,diagonal,7,"[5504, 5507, 5525, 5513, 5516, 5519, 5522]"
O24:Coculture:F20:Oxa,diagonal,8,"[5504, 5507, 5525, 5513, 5514, 5519, 5520, 5526]"
O24:Coculture:F20:Oxa,diagonal,9,"[5504, 5507, 5525, 5513, 5514, 5516, 5519, 5522, 5526]"
O24:Coculture:F20:Oxa,diagonal,10,"[5504, 5507, 5525, 5513, 5514, 5516, 5519, 5520, 5522, 5526]"
O24:Coculture:F20:Oxa,diagonal,11,"[5504, 5507, 5525, 5510, 5513, 5514, 5516, 5519, 5520, 5522, 5526]"
O24:Coculture:F20:Oxa,diagonal,12,"[5504, 5507, 5525, 5510, 5513, 5514, 5516, 5519, 5520, 5522, 5523, 5526]"
O24:Coculture:F20:Oxa,diagonal,13,"[5504, 5507, 5525, 5510, 5513, 5514, 5516, 5517, 5519, 5520, 5522, 5523, 5526]"
O24:Coculture:F20:Oxa,diagonal,14,"[5504, 5507, 5525, 5510, 5511, 5513, 5514, 5516, 5517, 5519, 5520, 5522, 5523, 5526]"
O24:Coculture:F20:Oxa,diagonal,15,"[5504, 5507, 5525, 5508, 5510, 5511, 5513, 5514, 5516, 5517, 5519, 5520, 5522, 5523, 5526]"
O24:Coculture:F20:Oxa,diagonal,16,"[5504, 5507, 5525, 5505, 5508, 5510, 5511, 5513, 5514, 5516, 5517, 5519, 5520, 5522, 5523, 5526]"
O24:Coculture:F20:SN-38,joint,3,"[5528, 5531, 5549]"
O24:Coculture:F20:SN-38,joint,4,"[5528, 5531, 5549, 5540]"
O24:Coculture:F20:SN-38,joint,5,"[5528, 5531, 5549, 5529, 5540]"
O24:Coculture:F20:SN-38,joint,6,"[5528, 5531, 5549, 5529, 5537, 5543]"
O24:Coculture:F20:SN-38,joint,7,"[5528, 5531, 5549, 5529, 5537, 5540, 5546]"
O24:Coculture:F20:SN-38,joint,8,"[5528, 5531, 5549, 5529, 5537, 5538, 5543, 5546]"
O24:Coculture:F20:SN-38,joint,9,"[5528, 5531, 5549, 5529, 5537, 5538, 5543, 5544, 5550]"
O24:Coculture:F20:SN-38,joint,10,"[5528, 5531, 5549, 5529, 5537, 5538, 5540, 5543, 5546, 5550]"
O24:Coculture:F20:SN-38,joint,11,"[5528, 5531, 5549, 5529, 5534, 5537, 5540, 5541, 5543, 5546, 5550]"
O24:Coculture:F20:SN-38,joint,12,"[5528, 5531, 5549, 5529, 5534, 5537, 5538, 5540, 5543, 5544, 5546, 5550]"
O24:Coculture:F20:SN-38,joint,13,"[5528, 5531, 5549, 5529, 5534, 5537, 5538, 5540, 5543, 5544, 5546, 5547, 5550]"
O24:Coculture:F20:SN-38,joint,14,"[5528, 5531, 5549, 5529, 5534, 5537, 5538, 5540, 5541, 5543, 5544, 5546, 5547, 5550]"
O24:Coculture:F20:SN-38,joint,15,"[5528, 5531, 5549, 5529, 5534, 5535, 5537, 5538, 5540, 5541, 5543, 5544, 5546, 5547, 5550]"
O24:Coculture:F20:SN-38,joint,16,"[5528, 5531, 5549, 5529, 5532, 5534, 5535, 5537, 5538, 5540, 5541, 5543, 5544, 5546, 5547, 5550]"
O24:Coculture:F20:SN-38,diagonal,3,"[5528, 5531, 5549]"
O24:Coculture:F20:SN-38,diagonal,4,"[5528, 5531, 5549, 5540]"
O24:Coculture:F20:SN-38,diagonal,5,"[5528, 5531, 5549, 5537, 5543]"
O24:Coculture:F20:SN-38,diagonal,6,"[5528, 5531, 5549, 5537, 5540, 5546]"
O24:Coculture:F20:SN-38,diagonal,7,"[5528, 5531, 5549, 5537, 5538, 5543, 5546]"
O24:Coculture:F20:SN-38,diagonal,8,"[5528, 5531, 5549, 5537, 5538, 5543, 5544, 5550]"
O24:Coculture:F20:SN-38,diagonal,9,"[5528, 5531, 5549, 5534, 5537, 5540, 5543, 5546, 5550]"
O24:Coculture:F20:SN-38,diagonal,10,"[5528, 5531, 5549, 5534, 5537, 5538, 5543, 5544, 5546, 5550]"
O24:Coculture:F20:SN-38,diagonal,11,"[5528, 5531, 5549, 5534, 5537, 5538, 5540, 5543, 5544, 5546, 5550]"
O24:Coculture:F20:SN-38,diagonal,12,"[5528, 5531, 5549, 5534, 5535, 5537, 5540, 5541, 5543, 5546, 5547, 5550]"
O24:Coculture:F20:SN-38,diagonal,13,"[5528, 5531, 5549, 5534, 5535, 5537, 5538, 5540, 5543, 5544, 5546, 5547, 5550]"
O24:Coculture:F20:SN-38,diagonal,14,"[5528, 5531, 5549, 5534, 5535, 5537, 5538, 5540, 5541, 5543, 5544, 5546, 5547, 5550]"
O24:Coculture:F20:SN-38,diagonal,15,"[5528, 5531, 5549, 5532, 5534, 5535, 5537, 5538, 5540, 5541, 5543, 5544, 5546, 5547, 5550]"
O24:Coculture:F20:SN-38,diagonal,16,"[5528, 5531, 5549, 5529, 5532, 5534, 5535, 5537, 5538, 5540, 5541, 5543, 5544, 5546, 5547, 5550]"
O24:Monoculture::Gef,joint,3,"[5456, 5459, 5477]"
O24:Monoculture::Gef,joint,4,"[5456, 5459, 5477, 5468]"
O24:Monoculture::Gef,joint,5,"[5456, 5459, 5477, 5465, 5471]"
O24:Monoculture::Gef,joint,6,"[5456, 5459, 5477, 5457, 5465, 5471]"
O24:Monoculture::Gef,joint,7,"[5456, 5459, 5477, 5457, 5465, 5468, 5474]"
O24:Monoculture::Gef,joint,8,"[5456, 5459, 5477, 5457, 5465, 5468, 5471, 5474]"
O24:Monoculture::Gef,joint,9,"[5456, 5459, 5477, 5457, 5465, 5466, 5468, 5471, 5474]"
O24:Monoculture::Gef,joint,10,"[5456, 5459, 5477, 5457, 5465, 5466, 5468, 5471, 5474, 5478]"
O24:Monoculture::Gef,joint,11,"[5456, 5459, 5477, 5457, 5465, 5466, 5468, 5471, 5472, 5474, 5478]"
O24:Monoculture::Gef,joint,12,"[5456, 5459, 5477, 5457, 5462, 5465, 5466, 5468, 5471, 5472, 5474, 5478]"
O24:Monoculture::Gef,joint,13,"[5456, 5459, 5477, 5457, 5460, 5462, 5465, 5466, 5468, 5471, 5472, 5474, 5478]"
O24:Monoculture::Gef,joint,14,"[5456, 5459, 5477, 5457, 5460, 5462, 5465, 5466, 5468, 5469, 5471, 5474, 5475, 5478]"
O24:Monoculture::Gef,joint,15,"[5456, 5459, 5477, 5457, 5460, 5462, 5465, 5466, 5468, 5469, 5471, 5472, 5474, 5475, 5478]"
O24:Monoculture::Gef,joint,16,"[5456, 5459, 5477, 5457, 5460, 5462, 5463, 5465, 5466, 5468, 5469, 5471, 5472, 5474, 5475, 5478]"
O24:Monoculture::Gef,diagonal,3,"[5456, 5459, 5477]"
O24:Monoculture::Gef,diagonal,4,"[5456, 5459, 5477, 5468]"
O24:Monoculture::Gef,diagonal,5,"[5456, 5459, 5477, 5465, 5471]"
O24:Monoculture::Gef,diagonal,6,"[5456, 5459, 5477, 5465, 5468, 5474]"
O24:Monoculture::Gef,diagonal,7,"[5456, 5459, 5477, 5465, 5468, 5471, 5474]"
O24:Monoculture::Gef,diagonal,8,"[5456, 5459, 5477, 5465, 5466, 5471, 5472, 5478]"
O24:Monoculture::Gef,diagonal,9,"[5456, 5459, 5477, 5465, 5466, 5468, 5471, 5474, 5478]"
O24:Monoculture::Gef,diagonal,10,"[5456, 5459, 5477, 5465, 5466, 5468, 5471, 5472, 5474, 5478]"
O24:Monoculture::Gef,diagonal,11,"[5456, 5459, 5477, 5462, 5465, 5466, 5468, 5471, 5472, 5474, 5478]"
O24:Monoculture::Gef,diagonal,12,"[5456, 5459, 5477, 5462, 5465, 5466, 5468, 5469, 5471, 5474, 5475, 5478]"
O24:Monoculture::Gef,diagonal,13,"[5456, 5459, 5477, 5462, 5465, 5466, 5468, 5469, 5471, 5472, 5474, 5475, 5478]"
O24:Monoculture::Gef,diagonal,14,"[5456, 5459, 5477, 5462, 5463, 5465, 5466, 5468, 5469, 5471, 5472, 5474, 5475, 5478]"
O24:Monoculture::Gef,diagonal,15,"[5456, 5459, 5477, 5460, 5462, 5463, 5465, 5466, 5468, 5469, 5471, 5472, 5474, 5475, 5478]"
O24:Monoculture::Gef,diagonal,16,"[5456, 5459, 5477, 5457, 5460, 5462, 5463, 5465, 5466, 5468, 5469, 5471, 5472, 5474, 5475, 5478]"
O24:Monoculture::Oxa,joint,3,"[5408, 5411, 5429]"
O24:Monoculture::Oxa,joint,4,"[5408, 5411, 5429, 5420]"
O24:Monoculture::Oxa,joint,5,"[5408, 5411, 5429, 5417, 5423]"
O24:Monoculture::Oxa,joint,6,"[5408, 5411, 5429, 5409, 5417, 5423]"
O24:Monoculture::Oxa,joint,7,"[5408, 5411, 5429, 5409, 5417, 5420, 5426]"
O24:Monoculture::Oxa,joint,8,"[5408, 5411, 5429, 5409, 5417, 5420, 5423, 5426]"
O24:Monoculture::Oxa,joint,9,"[5408, 5411, 5429, 5409, 5417, 5418, 5420, 5423, 5426]"
O24:Monoculture::Oxa,joint,10,"[5408, 5411, 5429, 5409, 5417, 5418, 5420, 5423, 5426, 5430]"
O24:Monoculture::Oxa,joint,11,"[5408, 5411, 5429, 5409, 5417, 5418, 5420, 5423, 5424, 5426, 5430]"
O24:Monoculture::Oxa,joint,12,"[5408, 5411, 5429, 5409, 5414, 5417, 5418, 5420, 5423, 5424, 5426, 5430]"
O24:Monoculture::Oxa,joint,13,"[5408, 5411, 5429, 5409, 5414, 5417, 5418, 5420, 5421, 5423, 5426, 5427, 5430]"
O24:Monoculture::Oxa,joint,14,"[5408, 5411, 5429, 5409, 5414, 5417, 5418, 5420, 5421, 5423, 5424, 5426, 5427, 5430]"
O24:Monoculture::Oxa,joint,15,"[5408, 5411, 5429, 5409, 5412, 5414, 5417, 5418, 5420, 5421, 5423, 5424, 5426, 5427, 5430]"
O24:Monoculture::Oxa,joint,16,"[5408, 5411, 5429, 5409, 5412, 5414, 5415, 5417, 5418, 5420, 5421, 5423, 5424, 5426, 5427, 5430]"
O24:Monoculture::Oxa,diagonal,3,"[5408, 5411, 5429]"
O24:Monoculture::Oxa,diagonal,4,"[5408, 5411, 5429, 5420]"
O24:Monoculture::Oxa,diagonal,5,"[5408, 5411, 5429, 5417, 5423]"
O24:Monoculture::Oxa,diagonal,6,"[5408, 5411, 5429, 5417, 5420, 5426]"
O24:Monoculture::Oxa,diagonal,7,"[5408, 5411, 5429, 5417, 5420, 5423, 5426]"
O24:Monoculture::Oxa,diagonal,8,"[5408, 5411, 5429, 5417, 5418, 5423, 5424, 5430]"
O24:Monoculture::Oxa,diagonal,9,"[5408, 5411, 5429, 5417, 5418, 5420, 5423, 5426, 5430]"
O24:Monoculture::Oxa,diagonal,10,"[5408, 5411, 5429, 5417, 5418, 5420, 5423, 5424, 5426, 5430]"
O24:Monoculture::Oxa,diagonal,11,"[5408, 5411, 5429, 5414, 5417, 5418, 5420, 5423, 5424, 5426, 5430]"
O24:Monoculture::Oxa,diagonal,12,"[5408, 5411, 5429, 5414, 5417, 5418, 5420, 5423, 5424, 5426, 5427, 5430]"
O24:Monoculture::Oxa,diagonal,13,"[5408, 5411, 5429, 5414, 5417, 5418, 5420, 5421, 5423, 5424, 5426, 5427, 5430]"
O24:Monoculture::Oxa,diagonal,14,"[5408, 5411, 5429, 5414, 5415, 5417, 5418, 5420, 5421, 5423, 5424, 5426, 5427, 5430]"
O24:Monoculture::Oxa,diagonal,15,"[5408, 5411, 5429, 5412, 5414, 5415, 5417, 5418, 5420, 5421, 5423, 5424, 5426, 5427, 5430]"
O24:Monoculture::Oxa,diagonal,16,"[5408, 5411, 5429, 5409, 5412, 5414, 5415, 5417, 5418, 5420, 5421, 5423, 5424, 5426, 5427, 5430]"
O25:Coculture:F25:Oxa,joint,3,"[5709, 5712, 5730]"
O25:Coculture:F25:Oxa,joint,4,"[5709, 5712, 5730, 5721]"
O25:Coculture:F25:Oxa,joint,5,"[5709, 5712, 5730, 5718, 5724]"
O25:Coculture:F25:Oxa,joint,6,"[5709, 5712, 5730, 5710, 5718, 5724]"
O25:Coculture:F25:Oxa,joint,7,"[5709, 5712, 5730, 5710, 5718, 5721, 5727]"
O25:Coculture:F25:Oxa,joint,8,"[5709, 5712, 5730, 5710, 5718, 5721, 5724, 5727]"
O25:Coculture:F25:Oxa,joint,9,"[5709, 5712, 5730, 5710, 5718, 5719, 5721, 5724, 5727]"
O25:Coculture:F25:Oxa,joint,10,"[5709, 5712, 5730, 5710, 5718, 5719, 5721, 5724, 5727, 5731]"
O25:Coculture:F25:Oxa,joint,11,"[5709, 5712, 5730, 5710, 5718, 5719, 5721, 5724, 5725, 5727, 5731]"
O25:Coculture:F25:Oxa,joint,12,"[5709, 5712, 5730, 5710, 5715, 5718, 5719, 5721, 5724, 5725, 5727, 5731]"
O25:Coculture:F25:Oxa,joint,13,"[5709, 5712, 5730, 5710, 5715, 5718, 5719, 5721, 5722, 5724, 5727, 5728, 5731]"
O25:Coculture:F25:Oxa,joint,14,"[5709, 5712, 5730, 5710, 5715, 5718, 5719, 5721, 5722, 5724, 5725, 5727, 5728, 5731]"
O25:Coculture:F25:Oxa,joint,15,"[5709, 5712, 5730, 5710, 5713, 5715, 5718, 5719, 5721, 5722, 5724, 5725, 5727, 5728, 5731]"
O25:Coculture:F25:Oxa,joint,16,"[5709, 5712, 5730, 5710, 5713, 5715, 5716, 5718, 5719, 5721, 5722, 5724, 5725, 5727, 5728, 5731]"
O25:Coculture:F25:Oxa,diagonal,3,"[5709, 5712, 5730]"
O25:Coculture:F25:Oxa,diagonal,4,"[5709, 5712, 5730, 5721]"
O25:Coculture:F25:Oxa,diagonal,5,"[5709, 5712, 5730, 5718, 5724]"
O25:Coculture:F25:Oxa,diagonal,6,"[5709, 5712, 5730, 5718, 5721, 5727]"
O25:Coculture:F25:Oxa,diagonal,7,"[5709, 5712, 5730, 5718, 5721, 5724, 5727]"
O25:Coculture:F25:Oxa,diagonal,8,"[5709, 5712, 5730, 5718, 5719, 5724, 5725, 5731]"
O25:Coculture:F25:Oxa,diagonal,9,"[5709, 5712, 5730, 5718, 5719, 5721, 5724, 5727, 5731]"
O25:Coculture:F25:Oxa,diagonal,10,"[5709, 5712, 5730, 5718, 5719, 5721, 5724, 5725, 5727, 5731]"
O25:Coculture:F25:Oxa,diagonal,11,"[5709, 5712, 5730, 5715, 5718, 5719, 5721, 5724, 5725, 5727, 5731]"
O25:Coculture:F25:Oxa,diagonal,12,"[5709, 5712, 5730, 5715, 5718, 5719, 5721, 5724, 5725, 5727, 5728, 5731]"
O25:Coculture:F25:Oxa,diagonal,13,"[5709, 5712, 5730, 5715, 5718, 5719, 5721, 5722, 5724, 5725, 5727, 5728, 5731]"
O25:Coculture:F25:Oxa,diagonal,14,"[5709, 5712, 5730, 5715, 5716, 5718, 5719, 5721, 5722, 5724, 5725, 5727, 5728, 5731]"
O25:Coculture:F25:Oxa,diagonal,15,"[5709, 5712, 5730, 5713, 5715, 5716, 5718, 5719, 5721, 5722, 5724, 5725, 5727, 5728, 5731]"
O25:Coculture:F25:Oxa,diagonal,16,"[5709, 5712, 5730, 5710, 5713, 5715, 5716, 5718, 5719, 5721, 5722, 5724, 5725, 5727, 5728, 5731]"
O25:Monoculture::Gef,joint,3,"[5658, 5661, 5679]"
O25:Monoculture::Gef,joint,4,"[5658, 5661, 5679, 5670]"
O25:Monoculture::Gef,joint,5,"[5658, 5661, 5679, 5667, 5673]"
O25:Monoculture::Gef,joint,6,"[5658, 5661, 5679, 5659, 5667, 5673]"
O25:Monoculture::Gef,joint,7,"[5658, 5661, 5679, 5659, 5667, 5670, 5676]"
O25:Monoculture::Gef,joint,8,"[5658, 5661, 5679, 5659, 5667, 5670, 5673, 5676]"
O25:Monoculture::Gef,joint,9,"[5658, 5661, 5679, 5659, 5667, 5668, 5670, 5673, 5676]"
O25:Monoculture::Gef,joint,10,"[5658, 5661, 5679, 5659, 5667, 5668, 5670, 5673, 5676, 5680]"
O25:Monoculture::Gef,joint,11,"[5658, 5661, 5679, 5659, 5667, 5668, 5670, 5673, 5674, 5676, 5680]"
O25:Monoculture::Gef,joint,12,"[5658, 5661, 5679, 5659, 5664, 5667, 5668, 5670, 5673, 5674, 5676, 5680]"
O25:Monoculture::Gef,joint,13,"[5658, 5661, 5679, 5659, 5662, 5664, 5667, 5668, 5670, 5673, 5674, 5676, 5680]"
O25:Monoculture::Gef,joint,14,"[5658, 5661, 5679, 5659, 5662, 5664, 5667, 5668, 5670, 5671, 5673, 5676, 5677, 5680]"
O25:Monoculture::Gef,joint,15,"[5658, 5661, 5679, 5659, 5662, 5664, 5667, 5668, 5670, 5671, 5673, 5674, 5676, 5677, 5680]"
O25:Monoculture::Gef,joint,16,"[5658, 5661, 5679, 5659, 5662, 5664, 5665, 5667, 5668, 5670, 5671, 5673, 5674, 5676, 5677, 5680]"
O25:Monoculture::Gef,diagonal,3,"[5658, 5661, 5679]"
O25:Monoculture::Gef,diagonal,4,"[5658, 5661, 5679, 5670]"
O25:Monoculture::Gef,diagonal,5,"[5658, 5661, 5679, 5667, 5673]"
O25:Monoculture::Gef,diagonal,6,"[5658, 5661, 5679, 5667, 5670, 5676]"
O25:Monoculture::Gef,diagonal,7,"[5658, 5661, 5679, 5667, 5670, 5673, 5676]"
O25:Monoculture::Gef,diagonal,8,"[5658, 5661, 5679, 5667, 5668, 5673, 5674, 5680]"
O25:Monoculture::Gef,diagonal,9,"[5658, 5661, 5679, 5667, 5668, 5670, 5673, 5676, 5680]"
O25:Monoculture::Gef,diagonal,10,"[5658, 5661, 5679, 5667, 5668, 5670, 5673, 5674, 5676, 5680]"
O25:Monoculture::Gef,diagonal,11,"[5658, 5661, 5679, 5664, 5667, 5668, 5670, 5673, 5674, 5676, 5680]"
O25:Monoculture::Gef,diagonal,12,"[5658, 5661, 5679, 5664, 5667, 5668, 5670, 5671, 5673, 5676, 5677, 5680]"
O25:Monoculture::Gef,diagonal,13,"[5658, 5661, 5679, 5664, 5667, 5668, 5670, 5671, 5673, 5674, 5676, 5677, 5680]"
O25:Monoculture::Gef,diagonal,14,"[5658, 5661, 5679, 5664, 5665, 5667, 5668, 5670, 5671, 5673, 5674, 5676, 5677, 5680]"
O25:Monoculture::Gef,diagonal,15,"[5658, 5661, 5679, 5662, 5664, 5665, 5667, 5668, 5670, 5671, 5673, 5674, 5676, 5677, 5680]"
O25:Monoculture::Gef,diagonal,16,"[5658, 5661, 5679, 5659, 5662, 5664, 5665, 5667, 5668, 5670, 5671, 5673, 5674, 5676, 5677, 5680]"
O25:Monoculture::Oxa,joint,3,"[5603, 5606, 5624]"
O25:Monoculture::Oxa,joint,4,"[5603, 5606, 5624, 5615]"
O25:Monoculture::Oxa,joint,5,"[5603, 5606, 5624, 5612, 5618]"
O25:Monoculture::Oxa,joint,6,"[5603, 5606, 5624, 5604, 5612, 5618]"
O25:Monoculture::Oxa,joint,7,"[5603, 5606, 5624, 5604, 5612, 5615, 5621]"
O25:Monoculture::Oxa,joint,8,"[5603, 5606, 5624, 5604, 5612, 5615, 5618, 5621]"
O25:Monoculture::Oxa,joint,9,"[5603, 5606, 5624, 5604, 5612, 5613, 5615, 5618, 5621]"
O25:Monoculture::Oxa,joint,10,"[5603, 5606, 5624, 5604, 5612, 5613, 5615, 5618, 5621, 5625]"
O25:Monoculture::Oxa,joint,11,"[5603, 5606, 5624, 5604, 5612, 5613, 5615, 5618, 5619, 5621, 5625]"
O25:Monoculture::Oxa,joint,12,"[5603, 5606, 5624, 5604, 5609, 5612, 5613, 5615, 5618, 5619, 5621, 5625]"
O25:Monoculture::Oxa,joint,13,"[5603, 5606, 5624, 5604, 5609, 5612, 5613, 5615, 5616, 5618, 5621, 5622, 5625]"
O25:Monoculture::Oxa,joint,14,"[5603, 5606, 5624, 5604, 5609, 5612, 5613, 5615, 5616, 5618, 5619, 5621, 5622, 5625]"
O25:Monoculture::Oxa,joint,15,"[5603, 5606, 5624, 5604, 5607, 5609, 5612, 5613, 5615, 5616, 5618, 5619, 5621, 5622, 5625]"
O25:Monoculture::Oxa,joint,16,"[5603, 5606, 5624, 5604, 5607, 5609, 5610, 5612, 5613, 5615, 5616, 5618, 5619, 5621, 5622, 5625]"
O25:Monoculture::Oxa,diagonal,3,"[5603, 5606, 5624]"
O25:Monoculture::Oxa,diagonal,4,"[5603, 5606, 5624, 5615]"
O25:Monoculture::Oxa,diagonal,5,"[5603, 5606, 5624, 5612, 5618]"
O25:Monoculture::Oxa,diagonal,6,"[5603, 5606, 5624, 5612, 5615, 5621]"
O25:Monoculture::Oxa,diagonal,7,"[5603, 5606, 5624, 5612, 5615, 5618, 5621]"
O25:Monoculture::Oxa,diagonal,8,"[5603, 5606, 5624, 5612, 5613, 5618, 5619, 5625]"
O25:Monoculture::Oxa,diagonal,9,"[5603, 5606, 5624, 5612, 5613, 5615, 5618, 5621, 5625]"
O25:Monoculture::Oxa,diagonal,10,"[5603, 5606, 5624, 5612, 5613, 5615, 5618, 5619, 5621, 5625]"
O25:Monoculture::Oxa,diagonal,11,"[5603, 5606, 5624, 5609, 5612, 5613, 5615, 5618, 5619, 5621, 5625]"
O25:Monoculture::Oxa,diagonal,12,"[5603, 5606, 5624, 5609, 5612, 5613, 5615, 5618, 5619, 5621, 5622, 5625]"
O25:Monoculture::Oxa,diagonal,13,"[5603, 5606, 5624, 5609, 5612, 5613, 5615, 5616, 5618, 5619, 5621, 5622, 5625]"
O25:Monoculture::Oxa,diagonal,14,"[5603, 5606, 5624, 5609, 5610, 5612, 5613, 5615, 5616, 5618, 5619, 5621, 5622, 5625]"
O25:Monoculture::Oxa,diagonal,15,"[5603, 5606, 5624, 5607, 5609, 5610, 5612, 5613, 5615, 5616, 5618, 5619, 5621, 5622, 5625]"
O25:Monoculture::Oxa,diagonal,16,"[5603, 5606, 5624, 5604, 5607, 5609, 5610, 5612, 5613, 5615, 5616, 5618, 5619, 5621, 5622, 5625]"
O26:Coculture:F26:5-FU,joint,3,"[5884, 5887, 5905]"
O26:Coculture:F26:5-FU,joint,4,"[5884, 5887, 5905, 5896]"
O26:Coculture:F26:5-FU,joint,5,"[5884, 5887, 5905, 5893, 5899]"
O26:Coculture:F26:5-FU,joint,6,"[5884, 5887, 5905, 5885, 5893, 5899]"
O26:Coculture:F26:5-FU,joint,7,"[5884, 5887, 5905, 5885, 5893, 5896, 5902]"
O26:Coculture:F26:5-FU,joint,8,"[5884, 5887, 5905, 5885, 5893, 5896, 5899, 5902]"
O26:Coculture:F26:5-FU,joint,9,"[5884, 5887, 5905, 5885, 5893, 5894, 5896, 5899, 5902]"
O26:Coculture:F26:5-FU,joint,10,"[5884, 5887, 5905, 5885, 5893, 5894, 5896, 5899, 5902, 5906]"
O26:Coculture:F26:5-FU,joint,11,"[5884, 5887, 5905, 5885, 5893, 5894, 5896, 5899, 5900, 5902, 5906]"
O26:Coculture:F26:5-FU,joint,12,"[5884, 5887, 5905, 5885, 5890, 5893, 5894, 5896, 5899, 5900, 5902, 5906]"
O26:Coculture:F26:5-FU,joint,13,"[5884, 5887, 5905, 5885, 5890, 5893, 5894, 5896, 5897, 5899, 5902, 5903, 5906]"
O26:Coculture:F26:5-FU,joint,14,"[5884, 5887, 5905, 5885, 5890, 5893, 5894, 5896, 5897, 5899, 5900, 5902, 5903, 5906]"
O26:Coculture:F26:5-FU,joint,15,"[5884, 5887, 5905, 5885, 5888, 5890, 5893, 5894, 5896, 5897, 5899, 5900, 5902, 5903, 5906]"
O26:Coculture:F26:5-FU,joint,16,"[5884, 5887, 5905, 5885, 5888, 5890, 5891, 5893, 5894, 5896, 5897, 5899, 5900, 5902, 5903, 5906]"
O26:Coculture:F26:5-FU,diagonal,3,"[5884, 5887, 5905]"
O26:Coculture:F26:5-FU,diagonal,4,"[5884, 5887, 5905, 5896]"
O26:Coculture:F26:5-FU,diagonal,5,"[5884, 5887, 5905, 5893, 5899]"
O26:Coculture:F26:5-FU,diagonal,6,"[5884, 5887, 5905, 5893, 5896, 5902]"
O26:Coculture:F26:5-FU,diagonal,7,"[5884, 5887, 5905, 5893, 5896, 5899, 5902]"
O26:Coculture:F26:5-FU,diagonal,8,"[5884, 5887, 5905, 5893, 5894, 5899, 5900, 5906]"
O26:Coculture:F26:5-FU,diagonal,9,"[5884, 5887, 5905, 5893, 5894, 5896, 5899, 5902, 5906]"
O26:Coculture:F26:5-FU,diagonal,10,"[5884, 5887, 5905, 5893, 5894, 5896, 5899, 5900, 5902, 5906]"
O26:Coculture:F26:5-FU,diagonal,11,"[5884, 5887, 5905, 5890, 5893, 5894, 5896, 5899, 5900, 5902, 5906]"
O26:Coculture:F26:5-FU,diagonal,12,"[5884, 5887, 5905, 5890, 5893, 5894, 5896, 5899, 5900, 5902, 5903, 5906]"
O26:Coculture:F26:5-FU,diagonal,13,"[5884, 5887, 5905, 5890, 5893, 5894, 5896, 5897, 5899, 5900, 5902, 5903, 5906]"
O26:Coculture:F26:5-FU,diagonal,14,"[5884, 5887, 5905, 5890, 5891, 5893, 5894, 5896, 5897, 5899, 5900, 5902, 5903, 5906]"
O26:Coculture:F26:5-FU,diagonal,15,"[5884, 5887, 5905, 5888, 5890, 5891, 5893, 5894, 5896, 5897, 5899, 5900, 5902, 5903, 5906]"
O26:Coculture:F26:5-FU,diagonal,16,"[5884, 5887, 5905, 5885, 5888, 5890, 5891, 5893, 5894, 5896, 5897, 5899, 5900, 5902, 5903, 5906]"
O26:Coculture:F26:Oxa,joint,3,"[5908, 5911, 5929]"
O26:Coculture:F26:Oxa,joint,4,"[5908, 5911, 5929, 5920]"
O26:Coculture:F26:Oxa,joint,5,"[5908, 5911, 5929, 5917, 5923]"
O26:Coculture:F26:Oxa,joint,6,"[5908, 5911, 5929, 5909, 5917, 5923]"
O26:Coculture:F26:Oxa,joint,7,"[5908, 5911, 5929, 5909, 5917, 5920, 5926]"
O26:Coculture:F26:Oxa,joint,8,"[5908, 5911, 5929, 5909, 5917, 5920, 5923, 5926]"
O26:Coculture:F26:Oxa,joint,9,"[5908, 5911, 5929, 5909, 5917, 5918, 5920, 5923, 5926]"
O26:Coculture:F26:Oxa,joint,10,"[5908, 5911, 5929, 5909, 5917, 5918, 5920, 5923, 5926, 5930]"
O26:Coculture:F26:Oxa,joint,11,"[5908, 5911, 5929, 5909, 5917, 5918, 5920, 5923, 5924, 5926, 5930]"
O26:Coculture:F26:Oxa,joint,12,"[5908, 5911, 5929, 5909, 5914, 5917, 5918, 5920, 5923, 5924, 5926, 5930]"
O26:Coculture:F26:Oxa,joint,13,"[5908, 5911, 5929, 5909, 5914, 5917, 5918, 5920, 5921, 5923, 5926, 5927, 5930]"
O26:Coculture:F26:Oxa,joint,14,"[5908, 5911, 5929, 5909, 5914, 5917, 5918, 5920, 5921, 5923, 5924, 5926, 5927, 5930]"
O26:Coculture:F26:Oxa,joint,15,"[5908, 5911, 5929, 5909, 5912, 5914, 5917, 5918, 5920, 5921, 5923, 5924, 5926, 5927, 5930]"
O26:Coculture:F26:Oxa,joint,16,"[5908, 5911, 5929, 5909, 5912, 5914, 5915, 5917, 5918, 5920, 5921, 5923, 5924, 5926, 5927, 5930]"
O26:Coculture:F26:Oxa,diagonal,3,"[5908, 5911, 5929]"
O26:Coculture:F26:Oxa,diagonal,4,"[5908, 5911, 5929, 5920]"
O26:Coculture:F26:Oxa,diagonal,5,"[5908, 5911, 5929, 5917, 5923]"
O26:Coculture:F26:Oxa,diagonal,6,"[5908, 5911, 5929, 5917, 5920, 5926]"
O26:Coculture:F26:Oxa,diagonal,7,"[5908, 5911, 5929, 5917, 5920, 5923, 5926]"
O26:Coculture:F26:Oxa,diagonal,8,"[5908, 5911, 5929, 5917, 5918, 5923, 5924, 5930]"
O26:Coculture:F26:Oxa,diagonal,9,"[5908, 5911, 5929, 5917, 5918, 5920, 5923, 5926, 5930]"
O26:Coculture:F26:Oxa,diagonal,10,"[5908, 5911, 5929, 5917, 5918, 5920, 5923, 5924, 5926, 5930]"
O26:Coculture:F26:Oxa,diagonal,11,"[5908, 5911, 5929, 5914, 5917, 5918, 5920, 5923, 5924, 5926, 5930]"
O26:Coculture:F26:Oxa,diagonal,12,"[5908, 5911, 5929, 5914, 5917, 5918, 5920, 5923, 5924, 5926, 5927, 5930]"
O26:Coculture:F26:Oxa,diagonal,13,"[5908, 5911, 5929, 5914, 5917, 5918, 5920, 5921, 5923, 5924, 5926, 5927, 5930]"
O26:Coculture:F26:Oxa,diagonal,14,"[5908, 5911, 5929, 5914, 5915, 5917, 5918, 5920, 5921, 5923, 5924, 5926, 5927, 5930]"
O26:Coculture:F26:Oxa,diagonal,15,"[5908, 5911, 5929, 5912, 5914, 5915, 5917, 5918, 5920, 5921, 5923, 5924, 5926, 5927, 5930]"
O26:Coculture:F26:Oxa,diagonal,16,"[5908, 5911, 5929, 5909, 5912, 5914, 5915, 5917, 5918, 5920, 5921, 5923, 5924, 5926, 5927, 5930]"
O26:Coculture:F26:SN-38,joint,3,"[5932, 5935, 5953]"
O26:Coculture:F26:SN-38,joint,4,"[5932, 5935, 5953, 5944]"
O26:Coculture:F26:SN-38,joint,5,"[5932, 5935, 5953, 5933, 5944]"
O26:Coculture:F26:SN-38,joint,6,"[5932, 5935, 5953, 5933, 5941, 5947]"
O26:Coculture:F26:SN-38,joint,7,"[5932, 5935, 5953, 5933, 5941, 5944, 5950]"
O26:Coculture:F26:SN-38,joint,8,"[5932, 5935, 5953, 5933, 5941, 5942, 5947, 5950]"
O26:Coculture:F26:SN-38,joint,9,"[5932, 5935, 5953, 5933, 5941, 5942, 5947, 5948, 5954]"
O26:Coculture:F26:SN-38,joint,10,"[5932, 5935, 5953, 5933, 5941, 5942, 5944, 5947, 5950, 5954]"
O26:Coculture:F26:SN-38,joint,11,"[5932, 5935, 5953, 5933, 5938, 5941, 5944, 5945, 5947, 5950, 5954]"
O26:Coculture:F26:SN-38,joint,12,"[5932, 5935, 5953, 5933, 5938, 5941, 5942, 5944, 5947, 5948, 5950, 5954]"
O26:Coculture:F26:SN-38,joint,13,"[5932, 5935, 5953, 5933, 5938, 5941, 5942, 5944, 5947, 5948, 5950, 5951, 5954]"
O26:Coculture:F26:SN-38,joint,14,"[5932, 5935, 5953, 5933, 5938, 5941, 5942, 5944, 5945, 5947, 5948, 5950, 5951, 5954]"
O26:Coculture:F26:SN-38,joint,15,"[5932, 5935, 5953, 5933, 5938, 5939, 5941, 5942, 5944, 5945, 5947, 5948, 5950, 5951, 5954]"
O26:Coculture:F26:SN-38,joint,16,"[5932, 5935, 5953, 5933, 5936, 5938, 5939, 5941, 5942, 5944, 5945, 5947, 5948, 5950, 5951, 5954]"
O26:Coculture:F26:SN-38,diagonal,3,"[5932, 5935, 5953]"
O26:Coculture:F26:SN-38,diagonal,4,"[5932, 5935, 5953, 5944]"
O26:Coculture:F26:SN-38,diagonal,5,"[5932, 5935, 5953, 5941, 5947]"
O26:Coculture:F26:SN-38,diagonal,6,"[5932, 5935, 5953, 5941, 5944, 5950]"
O26:Coculture:F26:SN-38,diagonal,7,"[5932, 5935, 5953, 5941, 5942, 5947, 5950]"
O26:Coculture:F26:SN-38,diagonal,8,"[5932, 5935, 5953, 5941, 5942, 5947, 5948, 5954]"
O26:Coculture:F26:SN-38,diagonal,9,"[5932, 5935, 5953, 5938, 5941, 5944, 5947, 5950, 5954]"
O26:Coculture:F26:SN-38,diagonal,10,"[5932, 5935, 5953, 5938, 5941, 5942, 5947, 5948, 5950, 5954]"
O26:Coculture:F26:SN-38,diagonal,11,"[5932, 5935, 5953, 5938, 5941, 5942, 5944, 5947, 5948, 5950, 5954]"
O26:Coculture:F26:SN-38,diagonal,12,"[5932, 5935, 5953, 5938, 5939, 5941, 5944, 5945, 5947, 5950, 5951, 5954]"
O26:Coculture:F26:SN-38,diagonal,13,"[5932, 5935, 5953, 5938, 5939, 5941, 5942, 5944, 5947, 5948, 5950, 5951, 5954]"
O26:Coculture:F26:SN-38,diagonal,14,"[5932, 5935, 5953, 5938, 5939, 5941, 5942, 5944, 5945, 5947, 5948, 5950, 5951, 5954]"
O26:Coculture:F26:SN-38,diagonal,15,"[5932, 5935, 5953, 5936, 5938, 5939, 5941, 5942, 5944, 5945, 5947, 5948, 5950, 5951, 5954]"
O26:Coculture:F26:SN-38,diagonal,16,"[5932, 5935, 5953, 5933, 5936, 5938, 5939, 5941, 5942, 5944, 5945, 5947, 5948, 5950, 5951, 5954]"
O26:Monoculture::Oxa,joint,3,"[5812, 5815, 5833]"
O26:Monoculture::Oxa,joint,4,"[5812, 5815, 5833, 5824]"
O26:Monoculture::Oxa,joint,5,"[5812, 5815, 5833, 5821, 5827]"
O26:Monoculture::Oxa,joint,6,"[5812, 5815, 5833, 5813, 5821, 5827]"
O26:Monoculture::Oxa,joint,7,"[5812, 5815, 5833, 5813, 5821, 5824, 5830]"
O26:Monoculture::Oxa,joint,8,"[5812, 5815, 5833, 5813, 5821, 5824, 5827, 5830]"
O26:Monoculture::Oxa,joint,9,"[5812, 5815, 5833, 5813, 5821, 5822, 5824, 5827, 5830]"
O26:Monoculture::Oxa,joint,10,"[5812, 5815, 5833, 5813, 5821, 5822, 5824, 5827, 5830, 5834]"
O26:Monoculture::Oxa,joint,11,"[5812, 5815, 5833, 5813, 5821, 5822, 5824, 5827, 5828, 5830, 5834]"
O26:Monoculture::Oxa,joint,12,"[5812, 5815, 5833, 5813, 5818, 5821, 5822, 5824, 5827, 5828, 5830, 5834]"
O26:Monoculture::Oxa,joint,13,"[5812, 5815, 5833, 5813, 5818, 5821, 5822, 5824, 5825, 5827, 5830, 5831, 5834]"
O26:Monoculture::Oxa,joint,14,"[5812, 5815, 5833, 5813, 5818, 5821, 5822, 5824, 5825, 5827, 5828, 5830, 5831, 5834]"
O26:Monoculture::Oxa,joint,15,"[5812, 5815, 5833, 5813, 5816, 5818, 5821, 5822, 5824, 5825, 5827, 5828, 5830, 5831, 5834]"
O26:Monoculture::Oxa,joint,16,"[5812, 5815, 5833, 5813, 5816, 5818, 5819, 5821, 5822, 5824, 5825, 5827, 5828, 5830, 5831, 5834]"
O26:Monoculture::Oxa,diagonal,3,"[5812, 5815, 5833]"
O26:Monoculture::Oxa,diagonal,4,"[5812, 5815, 5833, 5824]"
O26:Monoculture::Oxa,diagonal,5,"[5812, 5815, 5833, 5821, 5827]"
O26:Monoculture::Oxa,diagonal,6,"[5812, 5815, 5833, 5821, 5824, 5830]"
O26:Monoculture::Oxa,diagonal,7,"[5812, 5815, 5833, 5821, 5824, 5827, 5830]"
O26:Monoculture::Oxa,diagonal,8,"[5812, 5815, 5833, 5821, 5822, 5827, 5828, 5834]"
O26:Monoculture::Oxa,diagonal,9,"[5812, 5815, 5833, 5821, 5822, 5824, 5827, 5830, 5834]"
O26:Monoculture::Oxa,diagonal,10,"[5812, 5815, 5833, 5821, 5822, 5824, 5827, 5828, 5830, 5834]"
O26:Monoculture::Oxa,diagonal,11,"[5812, 5815, 5833, 5818, 5821, 5822, 5824, 5827, 5828, 5830, 5834]"
O26:Monoculture::Oxa,diagonal,12,"[5812, 5815, 5833, 5818, 5821, 5822, 5824, 5827, 5828, 5830, 5831, 5834]"
O26:Monoculture::Oxa,diagonal,13,"[5812, 5815, 5833, 5818, 5821, 5822, 5824, 5825, 5827, 5828, 5830, 5831, 5834]"
O26:Monoculture::Oxa,diagonal,14,"[5812, 5815, 5833, 5818, 5819, 5821, 5822, 5824, 5825, 5827, 5828, 5830, 5831, 5834]"
O26:Monoculture::Oxa,diagonal,15,"[5812, 5815, 5833, 5816, 5818, 5819, 5821, 5822, 5824, 5825, 5827, 5828, 5830, 5831, 5834]"
O26:Monoculture::Oxa,diagonal,16,"[5812, 5815, 5833, 5813, 5816, 5818, 5819, 5821, 5822, 5824, 5825, 5827, 5828, 5830, 5831, 5834]"
O27:Coculture:F27:SN-38,joint,3,"[6124, 6127, 6145]"
O27:Coculture:F27:SN-38,joint,4,"[6124, 6127, 6145, 6136]"
O27:Coculture:F27:SN-38,joint,5,"[6124, 6127, 6145, 6125, 6136]"
O27:Coculture:F27:SN-38,joint,6,"[6124, 6127, 6145, 6125, 6133, 6139]"
O27:Coculture:F27:SN-38,joint,7,"[6124, 6127, 6145, 6125, 6133, 6136, 6142]"
O27:Coculture:F27:SN-38,joint,8,"[6124, 6127, 6145, 6125, 6133, 6134, 6139, 6142]"
O27:Coculture:F27:SN-38,joint,9,"[6124, 6127, 6145, 6125, 6133, 6134, 6139, 6140, 6146]"
O27:Coculture:F27:SN-38,joint,10,"[6124, 6127, 6145, 6125, 6133, 6134, 6136, 6139, 6142, 6146]"
O27:Coculture:F27:SN-38,joint,11,"[6124, 6127, 6145, 6125, 6130, 6133, 6136, 6137, 6139, 6142, 6146]"
O27:Coculture:F27:SN-38,joint,12,"[6124, 6127, 6145, 6125, 6130, 6133, 6134, 6136, 6139, 6140, 6142, 6146]"
O27:Coculture:F27:SN-38,joint,13,"[6124, 6127, 6145, 6125, 6130, 6133, 6134, 6136, 6139, 6140, 6142, 6143, 6146]"
O27:Coculture:F27:SN-38,joint,14,"[6124, 6127, 6145, 6125, 6130, 6133, 6134, 6136, 6137, 6139, 6140, 6142, 6143, 6146]"
O27:Coculture:F27:SN-38,joint,15,"[6124, 6127, 6145, 6125, 6130, 6131, 6133, 6134, 6136, 6137, 6139, 6140, 6142, 6143, 6146]"
O27:Coculture:F27:SN-38,joint,16,"[6124, 6127, 6145, 6125, 6128, 6130, 6131, 6133, 6134, 6136, 6137, 6139, 6140, 6142, 6143, 6146]"
O27:Coculture:F27:SN-38,diagonal,3,"[6124, 6127, 6145]"
O27:Coculture:F27:SN-38,diagonal,4,"[6124, 6127, 6145, 6136]"
O27:Coculture:F27:SN-38,diagonal,5,"[6124, 6127, 6145, 6133, 6139]"
O27:Coculture:F27:SN-38,diagonal,6,"[6124, 6127, 6145, 6133, 6136, 6142]"
O27:Coculture:F27:SN-38,diagonal,7,"[6124, 6127, 6145, 6133, 6134, 6139, 6142]"
O27:Coculture:F27:SN-38,diagonal,8,"[6124, 6127, 6145, 6133, 6134, 6139, 6140, 6146]"
O27:Coculture:F27:SN-38,diagonal,9,"[6124, 6127, 6145, 6130, 6133, 6136, 6139, 6142, 6146]"
O27:Coculture:F27:SN-38,diagonal,10,"[6124, 6127, 6145, 6130, 6133, 6134, 6139, 6140, 6142, 6146]"
O27:Coculture:F27:SN-38,diagonal,11,"[6124, 6127, 6145, 6130, 6133, 6134, 6136, 6139, 6140, 6142, 6146]"
O27:Coculture:F27:SN-38,diagonal,12,"[6124, 6127, 6145, 6130, 6131, 6133, 6136, 6137, 6139, 6142, 6143, 6146]"
O27:Coculture:F27:SN-38,diagonal,13,"[6124, 6127, 6145, 6130, 6131, 6133, 6134, 6136, 6139, 6140, 6142, 6143, 6146]"
O27:Coculture:F27:SN-38,diagonal,14,"[6124, 6127, 6145, 6130, 6131, 6133, 6134, 6136, 6137, 6139, 6140, 6142, 6143, 6146]"
O27:Coculture:F27:SN-38,diagonal,15,"[6124, 6127, 6145, 6128, 6130, 6131, 6133, 6134, 6136, 6137, 6139, 6140, 6142, 6143, 6146]"
O27:Coculture:F27:SN-38,diagonal,16,"[6124, 6127, 6145, 6125, 6128, 6130, 6131, 6133, 6134, 6136, 6137, 6139, 6140, 6142, 6143, 6146]"
O27:Monoculture::Oxa,joint,3,"[6004, 6007, 6025]"
O27:Monoculture::Oxa,joint,4,"[6004, 6007, 6025, 6016]"
O27:Monoculture::Oxa,joint,5,"[6004, 6007, 6025, 6013, 6019]"
O27:Monoculture::Oxa,joint,6,"[6004, 6007, 6025, 6005, 6013, 6019]"
O27:Monoculture::Oxa,joint,7,"[6004, 6007, 6025, 6005, 6013, 6016, 6022]"
O27:Monoculture::Oxa,joint,8,"[6004, 6007, 6025, 6005, 6013, 6016, 6019, 6022]"
O27:Monoculture::Oxa,joint,9,"[6004, 6007, 6025, 6005, 6013, 6014, 6016, 6019, 6022]"
O27:Monoculture::Oxa,joint,10,"[6004, 6007, 6025, 6005, 6013, 6014, 6016, 6019, 6022, 6026]"
O27:Monoculture::Oxa,joint,11,"[6004, 6007, 6025, 6005, 6013, 6014, 6016, 6019, 6020, 6022, 6026]"
O27:Monoculture::Oxa,joint,12,"[6004, 6007, 6025, 6005, 6010, 6013, 6014, 6016, 6019, 6020, 6022, 6026]"
O27:Monoculture::Oxa,joint,13,"[6004, 6007, 6025, 6005, 6010, 6013, 6014, 6016, 6017, 6019, 6022, 6023, 6026]"
O27:Monoculture::Oxa,joint,14,"[6004, 6007, 6025, 6005, 6010, 6013, 6014, 6016, 6017, 6019, 6020, 6022, 6023, 6026]"
O27:Monoculture::Oxa,joint,15,"[6004, 6007, 6025, 6005, 6008, 6010, 6013, 6014, 6016, 6017, 6019, 6020, 6022, 6023, 6026]"
O27:Monoculture::Oxa,joint,16,"[6004, 6007, 6025, 6005, 6008, 6010, 6011, 6013, 6014, 6016, 6017, 6019, 6020, 6022, 6023, 6026]"
O27:Monoculture::Oxa,diagonal,3,"[6004, 6007, 6025]"
O27:Monoculture::Oxa,diagonal,4,"[6004, 6007, 6025, 6016]"
O27:Monoculture::Oxa,diagonal,5,"[6004, 6007, 6025, 6013, 6019]"
O27:Monoculture::Oxa,diagonal,6,"[6004, 6007, 6025, 6013, 6016, 6022]"
O27:Monoculture::Oxa,diagonal,7,"[6004, 6007, 6025, 6013, 6016, 6019, 6022]"
O27:Monoculture::Oxa,diagonal,8,"[6004, 6007, 6025, 6013, 6014, 6019, 6020, 6026]"
O27:Monoculture::Oxa,diagonal,9,"[6004, 6007, 6025, 6013, 6014, 6016, 6019, 6022, 6026]"
O27:Monoculture::Oxa,diagonal,10,"[6004, 6007, 6025, 6013, 6014, 6016, 6019, 6020, 6022, 6026]"
O27:Monoculture::Oxa,diagonal,11,"[6004, 6007, 6025, 6010, 6013, 6014, 6016, 6019, 6020, 6022, 6026]"
O27:Monoculture::Oxa,diagonal,12,"[6004, 6007, 6025, 6010, 6013, 6014, 6016, 6019, 6020, 6022, 6023, 6026]"
O27:Monoculture::Oxa,diagonal,13,"[6004, 6007, 6025, 6010, 6013, 6014, 6016, 6017, 6019, 6020, 6022, 6023, 6026]"
O27:Monoculture::Oxa,diagonal,14,"[6004, 6007, 6025, 6010, 6011, 6013, 6014, 6016, 6017, 6019, 6020, 6022, 6023, 6026]"
O27:Monoculture::Oxa,diagonal,15,"[6004, 6007, 6025, 6008, 6010, 6011, 6013, 6014, 6016, 6017, 6019, 6020, 6022, 6023, 6026]"
O27:Monoculture::Oxa,diagonal,16,"[6004, 6007, 6025, 6005, 6008, 6010, 6011, 6013, 6014, 6016, 6017, 6019, 6020, 6022, 6023, 6026]"
O27:Monoculture::SN-38,joint,3,"[6028, 6031, 6049]"
O27:Monoculture::SN-38,joint,4,"[6028, 6031, 6049, 6040]"
O27:Monoculture::SN-38,joint,5,"[6028, 6031, 6049, 6029, 6040]"
O27:Monoculture::SN-38,joint,6,"[6028, 6031, 6049, 6029, 6037, 6043]"
O27:Monoculture::SN-38,joint,7,"[6028, 6031, 6049, 6029, 6037, 6040, 6046]"
O27:Monoculture::SN-38,joint,8,"[6028, 6031, 6049, 6029, 6037, 6038, 6043, 6046]"
O27:Monoculture::SN-38,joint,9,"[6028, 6031, 6049, 6029, 6037, 6038, 6043, 6044, 6050]"
O27:Monoculture::SN-38,joint,10,"[6028, 6031, 6049, 6029, 6037, 6038, 6040, 6043, 6046, 6050]"
O27:Monoculture::SN-38,joint,11,"[6028, 6031, 6049, 6029, 6034, 6037, 6040, 6041, 6043, 6046, 6050]"
O27:Monoculture::SN-38,joint,12,"[6028, 6031, 6049, 6029, 6034, 6037, 6038, 6040, 6043, 6044, 6046, 6050]"
O27:Monoculture::SN-38,joint,13,"[6028, 6031, 6049, 6029, 6034, 6037, 6038, 6040, 6043, 6044, 6046, 6047, 6050]"
O27:Monoculture::SN-38,joint,14,"[6028, 6031, 6049, 6029, 6034, 6037, 6038, 6040, 6041, 6043, 6044, 6046, 6047, 6050]"
O27:Monoculture::SN-38,joint,15,"[6028, 6031, 6049, 6029, 6034, 6035, 6037, 6038, 6040, 6041, 6043, 6044, 6046, 6047, 6050]"
O27:Monoculture::SN-38,joint,16,"[6028, 6031, 6049, 6029, 6032, 6034, 6035, 6037, 6038, 6040, 6041, 6043, 6044, 6046, 6047, 6050]"
O27:Monoculture::SN-38,diagonal,3,"[6028, 6031, 6049]"
O27:Monoculture::SN-38,diagonal,4,"[6028, 6031, 6049, 6040]"
O27:Monoculture::SN-38,diagonal,5,"[6028, 6031, 6049, 6037, 6043]"
O27:Monoculture::SN-38,diagonal,6,"[6028, 6031, 6049, 6037, 6040, 6046]"
O27:Monoculture::SN-38,diagonal,7,"[6028, 6031, 6049, 6037, 6038, 6043, 6046]"
O27:Monoculture::SN-38,diagonal,8,"[6028, 6031, 6049, 6037, 6038, 6043, 6044, 6050]"
O27:Monoculture::SN-38,diagonal,9,"[6028, 6031, 6049, 6034, 6037, 6040, 6043, 6046, 6050]"
O27:Monoculture::SN-38,diagonal,10,"[6028, 6031, 6049, 6034, 6037, 6038, 6043, 6044, 6046, 6050]"
O27:Monoculture::SN-38,diagonal,11,"[6028, 6031, 6049, 6034, 6037, 6038, 6040, 6043, 6044, 6046, 6050]"
O27:Monoculture::SN-38,diagonal,12,"[6028, 6031, 6049, 6034, 6035, 6037, 6040, 6041, 6043, 6046, 6047, 6050]"
O27:Monoculture::SN-38,diagonal,13,"[6028, 6031, 6049, 6034, 6035, 6037, 6038, 6040, 6043, 6044, 6046, 6047, 6050]"
O27:Monoculture::SN-38,diagonal,14,"[6028, 6031, 6049, 6034, 6035, 6037, 6038, 6040, 6041, 6043, 6044, 6046, 6047, 6050]"
O27:Monoculture::SN-38,diagonal,15,"[6028, 6031, 6049, 6032, 6034, 6035, 6037, 6038, 6040, 6041, 6043, 6044, 6046, 6047, 6050]"
O27:Monoculture::SN-38,diagonal,16,"[6028, 6031, 6049, 6029, 6032, 6034, 6035, 6037, 6038, 6040, 6041, 6043, 6044, 6046, 6047, 6050]"
O28:Coculture:F28:Oxa,joint,3,"[6298, 6301, 6319]"
O28:Coculture:F28:Oxa,joint,4,"[6298, 6301, 6319, 6310]"
O28:Coculture:F28:Oxa,joint,5,"[6298, 6301, 6319, 6307, 6313]"
O28:Coculture:F28:Oxa,joint,6,"[6298, 6301, 6319, 6299, 6307, 6313]"
O28:Coculture:F28:Oxa,joint,7,"[6298, 6301, 6319, 6299, 6307, 6310, 6316]"
O28:Coculture:F28:Oxa,joint,8,"[6298, 6301, 6319, 6299, 6307, 6310, 6313, 6316]"
O28:Coculture:F28:Oxa,joint,9,"[6298, 6301, 6319, 6299, 6307, 6308, 6310, 6313, 6316]"
O28:Coculture:F28:Oxa,joint,10,"[6298, 6301, 6319, 6299, 6307, 6308, 6310, 6313, 6316, 6320]"
O28:Coculture:F28:Oxa,joint,11,"[6298, 6301, 6319, 6299, 6307, 6308, 6310, 6313, 6314, 6316, 6320]"
O28:Coculture:F28:Oxa,joint,12,"[6298, 6301, 6319, 6299, 6304, 6307, 6308, 6310, 6313, 6314, 6316, 6320]"
O28:Coculture:F28:Oxa,joint,13,"[6298, 6301, 6319, 6299, 6304, 6307, 6308, 6310, 6311, 6313, 6316, 6317, 6320]"
O28:Coculture:F28:Oxa,joint,14,"[6298, 6301, 6319, 6299, 6304, 6307, 6308, 6310, 6311, 6313, 6314, 6316, 6317, 6320]"
O28:Coculture:F28:Oxa,joint,15,"[6298, 6301, 6319, 6299, 6302, 6304, 6307, 6308, 6310, 6311, 6313, 6314, 6316, 6317, 6320]"
O28:Coculture:F28:Oxa,joint,16,"[6298, 6301, 6319, 6299, 6302, 6304, 6305, 6307, 6308, 6310, 6311, 6313, 6314, 6316, 6317, 6320]"
O28:Coculture:F28:Oxa,diagonal,3,"[6298, 6301, 6319]"
O28:Coculture:F28:Oxa,diagonal,4,"[6298, 6301, 6319, 6310]"
O28:Coculture:F28:Oxa,diagonal,5,"[6298, 6301, 6319, 6307, 6313]"
O28:Coculture:F28:Oxa,diagonal,6,"[6298, 6301, 6319, 6307, 6310, 6316]"
O28:Coculture:F28:Oxa,diagonal,7,"[6298, 6301, 6319, 6307, 6310, 6313, 6316]"
O28:Coculture:F28:Oxa,diagonal,8,"[6298, 6301, 6319, 6307, 6308, 6313, 6314, 6320]"
O28:Coculture:F28:Oxa,diagonal,9,"[6298, 6301, 6319, 6307, 6308, 6310, 6313, 6316, 6320]"
O28:Coculture:F28:Oxa,diagonal,10,"[6298, 6301, 6319, 6307, 6308, 6310, 6313, 6314, 6316, 6320]"
O28:Coculture:F28:Oxa,diagonal,11,"[6298, 6301, 6319, 6304, 6307, 6308, 6310, 6313, 6314, 6316, 6320]"
O28:Coculture:F28:Oxa,diagonal,12,"[6298, 6301, 6319, 6304, 6307, 6308, 6310, 6313, 6314, 6316, 6317, 6320]"
O28:Coculture:F28:Oxa,diagonal,13,"[6298, 6301, 6319, 6304, 6307, 6308, 6310, 6311, 6313, 6314, 6316, 6317, 6320]"
O28:Coculture:F28:Oxa,diagonal,14,"[6298, 6301, 6319, 6304, 6305, 6307, 6308, 6310, 6311, 6313, 6314, 6316, 6317, 6320]"
O28:Coculture:F28:Oxa,diagonal,15,"[6298, 6301, 6319, 6302, 6304, 6305, 6307, 6308, 6310, 6311, 6313, 6314, 6316, 6317, 6320]"
O28:Coculture:F28:Oxa,diagonal,16,"[6298, 6301, 6319, 6299, 6302, 6304, 6305, 6307, 6308, 6310, 6311, 6313, 6314, 6316, 6317, 6320]"
O28:Monoculture::Oxa,joint,3,"[6199, 6202, 6220]"
O28:Monoculture::Oxa,joint,4,"[6199, 6202, 6220, 6211]"
O28:Monoculture::Oxa,joint,5,"[6199, 6202, 6220, 6208, 6214]"
O28:Monoculture::Oxa,joint,6,"[6199, 6202, 6220, 6200, 6208, 6214]"
O28:Monoculture::Oxa,joint,7,"[6199, 6202, 6220, 6200, 6208, 6211, 6217]"
O28:Monoculture::Oxa,joint,8,"[6199, 6202, 6220, 6200, 6208, 6211, 6214, 6217]"
O28:Monoculture::Oxa,joint,9,"[6199, 6202, 6220, 6200, 6208, 6209, 6211, 6214, 6217]"
O28:Monoculture::Oxa,joint,10,"[6199, 6202, 6220, 6200, 6208, 6209, 6211, 6214, 6217, 6221]"
O28:Monoculture::Oxa,joint,11,"[6199, 6202, 6220, 6200, 6208, 6209, 6211, 6214, 6215, 6217, 6221]"
O28:Monoculture::Oxa,joint,12,"[6199, 6202, 6220, 6200, 6205, 6208, 6209, 6211, 6214, 6215, 6217, 6221]"
O28:Monoculture::Oxa,joint,13,"[6199, 6202, 6220, 6200, 6205, 6208, 6209, 6211, 6212, 6214, 6217, 6218, 6221]"
O28:Monoculture::Oxa,joint,14,"[6199, 6202, 6220, 6200, 6205, 6208, 6209, 6211, 6212, 6214, 6215, 6217, 6218, 6221]"
O28:Monoculture::Oxa,joint,15,"[6199, 6202, 6220, 6200, 6203, 6205, 6208, 6209, 6211, 6212, 6214, 6215, 6217, 6218, 6221]"
O28:Monoculture::Oxa,joint,16,"[6199, 6202, 6220, 6200, 6203, 6205, 6206, 6208, 6209, 6211, 6212, 6214, 6215, 6217, 6218, 6221]"
O28:Monoculture::Oxa,diagonal,3,"[6199, 6202, 6220]"
O28:Monoculture::Oxa,diagonal,4,"[6199, 6202, 6220, 6211]"
O28:Monoculture::Oxa,diagonal,5,"[6199, 6202, 6220, 6208, 6214]"
O28:Monoculture::Oxa,diagonal,6,"[6199, 6202, 6220, 6208, 6211, 6217]"
O28:Monoculture::Oxa,diagonal,7,"[6199, 6202, 6220, 6208, 6211, 6214, 6217]"
O28:Monoculture::Oxa,diagonal,8,"[6199, 6202, 6220, 6208, 6209, 6214, 6215, 6221]"
O28:Monoculture::Oxa,diagonal,9,"[6199, 6202, 6220, 6208, 6209, 6211, 6214, 6217, 6221]"
O28:Monoculture::Oxa,diagonal,10,"[6199, 6202, 6220, 6208, 6209, 6211, 6214, 6215, 6217, 6221]"
O28:Monoculture::Oxa,diagonal,11,"[6199, 6202, 6220, 6205, 6208, 6209, 6211, 6214, 6215, 6217, 6221]"
O28:Monoculture::Oxa,diagonal,12,"[6199, 6202, 6220, 6205, 6208, 6209, 6211, 6214, 6215, 6217, 6218, 6221]"
O28:Monoculture::Oxa,diagonal,13,"[6199, 6202, 6220, 6205, 6208, 6209, 6211, 6212, 6214, 6215, 6217, 6218, 6221]"
O28:Monoculture::Oxa,diagonal,14,"[6199, 6202, 6220, 6205, 6206, 6208, 6209, 6211, 6212, 6214, 6215, 6217, 6218, 6221]"
O28:Monoculture::Oxa,diagonal,15,"[6199, 6202, 6220, 6203, 6205, 6206, 6208, 6209, 6211, 6212, 6214, 6215, 6217, 6218, 6221]"
O28:Monoculture::Oxa,diagonal,16,"[6199, 6202, 6220, 6200, 6203, 6205, 6206, 6208, 6209, 6211, 6212, 6214, 6215, 6217, 6218, 6221]"
O29:Coculture:F14:5-FU,joint,3,"[6466, 6469, 6487]"
O29:Coculture:F14:5-FU,joint,4,"[6466, 6469, 6487, 6478]"
O29:Coculture:F14:5-FU,joint,5,"[6466, 6469, 6487, 6475, 6481]"
O29:Coculture:F14:5-FU,joint,6,"[6466, 6469, 6487, 6467, 6475, 6481]"
O29:Coculture:F14:5-FU,joint,7,"[6466, 6469, 6487, 6467, 6475, 6478, 6484]"
O29:Coculture:F14:5-FU,joint,8,"[6466, 6469, 6487, 6467, 6475, 6478, 6481, 6484]"
O29:Coculture:F14:5-FU,joint,9,"[6466, 6469, 6487, 6467, 6475, 6476, 6478, 6481, 6484]"
O29:Coculture:F14:5-FU,joint,10,"[6466, 6469, 6487, 6467, 6475, 6476, 6478, 6481, 6484, 6488]"
O29:Coculture:F14:5-FU,joint,11,"[6466, 6469, 6487, 6467, 6475, 6476, 6478, 6481, 6482, 6484, 6488]"
O29:Coculture:F14:5-FU,joint,12,"[6466, 6469, 6487, 6467, 6472, 6475, 6476, 6478, 6481, 6482, 6484, 6488]"
O29:Coculture:F14:5-FU,joint,13,"[6466, 6469, 6487, 6467, 6472, 6475, 6476, 6478, 6479, 6481, 6484, 6485, 6488]"
O29:Coculture:F14:5-FU,joint,14,"[6466, 6469, 6487, 6467, 6472, 6475, 6476, 6478, 6479, 6481, 6482, 6484, 6485, 6488]"
O29:Coculture:F14:5-FU,joint,15,"[6466, 6469, 6487, 6467, 6470, 6472, 6475, 6476, 6478, 6479, 6481, 6482, 6484, 6485, 6488]"
O29:Coculture:F14:5-FU,joint,16,"[6466, 6469, 6487, 6467, 6470, 6472, 6473, 6475, 6476, 6478, 6479, 6481, 6482, 6484, 6485, 6488]"
O29:Coculture:F14:5-FU,diagonal,3,"[6466, 6469, 6487]"
O29:Coculture:F14:5-FU,diagonal,4,"[6466, 6469, 6487, 6478]"
O29:Coculture:F14:5-FU,diagonal,5,"[6466, 6469, 6487, 6475, 6481]"
O29:Coculture:F14:5-FU,diagonal,6,"[6466, 6469, 6487, 6475, 6478, 6484]"
O29:Coculture:F14:5-FU,diagonal,7,"[6466, 6469, 6487, 6475, 6478, 6481, 6484]"
O29:Coculture:F14:5-FU,diagonal,8,"[6466, 6469, 6487, 6475, 6476, 6481, 6482, 6488]"
O29:Coculture:F14:5-FU,diagonal,9,"[6466, 6469, 6487, 6475, 6476, 6478, 6481, 6484, 6488]"
O29:Coculture:F14:5-FU,diagonal,10,"[6466, 6469, 6487, 6475, 6476, 6478, 6481, 6482, 6484, 6488]"
O29:Coculture:F14:5-FU,diagonal,11,"[6466, 6469, 6487, 6472, 6475, 6476, 6478, 6481, 6482, 6484, 6488]"
O29:Coculture:F14:5-FU,diagonal,12,"[6466, 6469, 6487, 6472, 6475, 6476, 6478, 6481, 6482, 6484, 6485, 6488]"
O29:Coculture:F14:5-FU,diagonal,13,"[6466, 6469, 6487, 6472, 6475, 6476, 6478, 6479, 6481, 6482, 6484, 6485, 6488]"
O29:Coculture:F14:5-FU,diagonal,14,"[6466, 6469, 6487, 6472, 6473, 6475, 6476, 6478, 6479, 6481, 6482, 6484, 6485, 6488]"
O29:Coculture:F14:5-FU,diagonal,15,"[6466, 6469, 6487, 6470, 6472, 6473, 6475, 6476, 6478, 6479, 6481, 6482, 6484, 6485, 6488]"
O29:Coculture:F14:5-FU,diagonal,16,"[6466, 6469, 6487, 6467, 6470, 6472, 6473, 6475, 6476, 6478, 6479, 6481, 6482, 6484, 6485, 6488]"
O29:Coculture:F14:Gef,joint,3,"[6538, 6541, 6559]"
O29:Coculture:F14:Gef,joint,4,"[6538, 6541, 6559, 6550]"
O29:Coculture:F14:Gef,joint,5,"[6538, 6541, 6559, 6547, 6553]"
O29:Coculture:F14:Gef,joint,6,"[6538, 6541, 6559, 6539, 6547, 6553]"
O29:Coculture:F14:Gef,joint,7,"[6538, 6541, 6559, 6539, 6547, 6550, 6556]"
O29:Coculture:F14:Gef,joint,8,"[6538, 6541, 6559, 6539, 6547, 6550, 6553, 6556]"
O29:Coculture:F14:Gef,joint,9,"[6538, 6541, 6559, 6539, 6547, 6548, 6550, 6553, 6556]"
O29:Coculture:F14:Gef,joint,10,"[6538, 6541, 6559, 6539, 6547, 6548, 6550, 6553, 6556, 6560]"
O29:Coculture:F14:Gef,joint,11,"[6538, 6541, 6559, 6539, 6547, 6548, 6550, 6553, 6554, 6556, 6560]"
O29:Coculture:F14:Gef,joint,12,"[6538, 6541, 6559, 6539, 6544, 6547, 6548, 6550, 6553, 6554, 6556, 6560]"
O29:Coculture:F14:Gef,joint,13,"[6538, 6541, 6559, 6539, 6542, 6544, 6547, 6548, 6550, 6553, 6554, 6556, 6560]"
O29:Coculture:F14:Gef,joint,14,"[6538, 6541, 6559, 6539, 6542, 6544, 6547, 6548, 6550, 6551, 6553, 6556, 6557, 6560]"
O29:Coculture:F14:Gef,joint,15,"[6538, 6541, 6559, 6539, 6542, 6544, 6547, 6548, 6550, 6551, 6553, 6554, 6556, 6557, 6560]"
O29:Coculture:F14:Gef,joint,16,"[6538, 6541, 6559, 6539, 6542, 6544, 6545, 6547, 6548, 6550, 6551, 6553, 6554, 6556, 6557, 6560]"
O29:Coculture:F14:Gef,diagonal,3,"[6538, 6541, 6559]"
O29:Coculture:F14:Gef,diagonal,4,"[6538, 6541, 6559, 6550]"
O29:Coculture:F14:Gef,diagonal,5,"[6538, 6541, 6559, 6547, 6553]"
O29:Coculture:F14:Gef,diagonal,6,"[6538, 6541, 6559, 6547, 6550, 6556]"
O29:Coculture:F14:Gef,diagonal,7,"[6538, 6541, 6559, 6547, 6550, 6553, 6556]"
O29:Coculture:F14:Gef,diagonal,8,"[6538, 6541, 6559, 6547, 6548, 6553, 6554, 6560]"
O29:Coculture:F14:Gef,diagonal,9,"[6538, 6541, 6559, 6547, 6548, 6550, 6553, 6556, 6560]"
O29:Coculture:F14:Gef,diagonal,10,"[6538, 6541, 6559, 6547, 6548, 6550, 6553, 6554, 6556, 6560]"
O29:Coculture:F14:Gef,diagonal,11,"[6538, 6541, 6559, 6544, 6547, 6548, 6550, 6553, 6554, 6556, 6560]"
O29:Coculture:F14:Gef,diagonal,12,"[6538, 6541, 6559, 6544, 6547, 6548, 6550, 6551, 6553, 6556, 6557, 6560]"
O29:Coculture:F14:Gef,diagonal,13,"[6538, 6541, 6559, 6544, 6547, 6548, 6550, 6551, 6553, 6554, 6556, 6557, 6560]"
O29:Coculture:F14:Gef,diagonal,14,"[6538, 6541, 6559, 6544, 6545, 6547, 6548, 6550, 6551, 6553, 6554, 6556, 6557, 6560]"
O29:Coculture:F14:Gef,diagonal,15,"[6538, 6541, 6559, 6542, 6544, 6545, 6547, 6548, 6550, 6551, 6553, 6554, 6556, 6557, 6560]"
O29:Coculture:F14:Gef,diagonal,16,"[6538, 6541, 6559, 6539, 6542, 6544, 6545, 6547, 6548, 6550, 6551, 6553, 6554, 6556, 6557, 6560]"
O29:Coculture:F14:Oxa,joint,3,"[6490, 6493, 6511]"
O29:Coculture:F14:Oxa,joint,4,"[6490, 6493, 6511, 6502]"
O29:Coculture:F14:Oxa,joint,5,"[6490, 6493, 6511, 6499, 6505]"
O29:Coculture:F14:Oxa,joint,6,"[6490, 6493, 6511, 6491, 6499, 6505]"
O29:Coculture:F14:Oxa,joint,7,"[6490, 6493, 6511, 6491, 6499, 6502, 6508]"
O29:Coculture:F14:Oxa,joint,8,"[6490, 6493, 6511, 6491, 6499, 6502, 6505, 6508]"
O29:Coculture:F14:Oxa,joint,9,"[6490, 6493, 6511, 6491, 6499, 6500, 6502, 6505, 6508]"
O29:Coculture:F14:Oxa,joint,10,"[6490, 6493, 6511, 6491, 6499, 6500, 6502, 6505, 6508, 6512]"
O29:Coculture:F14:Oxa,joint,11,"[6490, 6493, 6511, 6491, 6499, 6500, 6502, 6505, 6506, 6508, 6512]"
O29:Coculture:F14:Oxa,joint,12,"[6490, 6493, 6511, 6491, 6496, 6499, 6500, 6502, 6505, 6506, 6508, 6512]"
O29:Coculture:F14:Oxa,joint,13,"[6490, 6493, 6511, 6491, 6496, 6499, 6500, 6502, 6503, 6505, 6508, 6509, 6512]"
O29:Coculture:F14:Oxa,joint,14,"[6490, 6493, 6511, 6491, 6496, 6499, 6500, 6502, 6503, 6505, 6506, 6508, 6509, 6512]"
O29:Coculture:F14:Oxa,joint,15,"[6490, 6493, 6511, 6491, 6494, 6496, 6499, 6500, 6502, 6503, 6505, 6506, 6508, 6509, 6512]"
O29:Coculture:F14:Oxa,joint,16,"[6490, 6493, 6511, 6491, 6494, 6496, 6497, 6499, 6500, 6502, 6503, 6505, 6506, 6508, 6509, 6512]"
O29:Coculture:F14:Oxa,diagonal,3,"[6490, 6493, 6511]"
O29:Coculture:F14:Oxa,diagonal,4,"[6490, 6493, 6511, 6502]"
O29:Coculture:F14:Oxa,diagonal,5,"[6490, 6493, 6511, 6499, 6505]"
O29:Coculture:F14:Oxa,diagonal,6,"[6490, 6493, 6511, 6499, 6502, 6508]"
O29:Coculture:F14:Oxa,diagonal,7,"[6490, 6493, 6511, 6499, 6502, 6505, 6508]"
O29:Coculture:F14:Oxa,diagonal,8,"[6490, 6493, 6511, 6499, 6500, 6505, 6506, 6512]"
O29:Coculture:F14:Oxa,diagonal,9,"[6490, 6493, 6511, 6499, 6500, 6502, 6505, 6508, 6512]"
O29:Coculture:F14:Oxa,diagonal,10,"[6490, 6493, 6511, 6499, 6500, 6502, 6505, 6506, 6508, 6512]"
O29:Coculture:F14:Oxa,diagonal,11,"[6490, 6493, 6511, 6496, 6499, 6500, 6502, 6505, 6506, 6508, 6512]"
O29:Coculture:F14:Oxa,diagonal,12,"[6490, 6493, 6511, 6496, 6499, 6500, 6502, 6505, 6506, 6508, 6509, 6512]"
O29:Coculture:F14:Oxa,diagonal,13,"[6490, 6493, 6511, 6496, 6499, 6500, 6502, 6503, 6505, 6506, 6508, 6509, 6512]"
O29:Coculture:F14:Oxa,diagonal,14,"[6490, 6493, 6511, 6496, 6497, 6499, 6500, 6502, 6503, 6505, 6506, 6508, 6509, 6512]"
O29:Coculture:F14:Oxa,diagonal,15,"[6490, 6493, 6511, 6494, 6496, 6497, 6499, 6500, 6502, 6503, 6505, 6506, 6508, 6509, 6512]"
O29:Coculture:F14:Oxa,diagonal,16,"[6490, 6493, 6511, 6491, 6494, 6496, 6497, 6499, 6500, 6502, 6503, 6505, 6506, 6508, 6509, 6512]"
O29:Coculture:F14:SN-38,joint,3,"[6514, 6517, 6535]"
O29:Coculture:F14:SN-38,joint,4,"[6514, 6517, 6535, 6526]"
O29:Coculture:F14:SN-38,joint,5,"[6514, 6517, 6535, 6515, 6526]"
O29:Coculture:F14:SN-38,joint,6,"[6514, 6517, 6535, 6515, 6523, 6529]"
O29:Coculture:F14:SN-38,joint,7,"[6514, 6517, 6535, 6515, 6523, 6526, 6532]"
O29:Coculture:F14:SN-38,joint,8,"[6514, 6517, 6535, 6515, 6523, 6524, 6529, 6532]"
O29:Coculture:F14:SN-38,joint,9,"[6514, 6517, 6535, 6515, 6523, 6524, 6529, 6530, 6536]"
O29:Coculture:F14:SN-38,joint,10,"[6514, 6517, 6535, 6515, 6523, 6524, 6526, 6529, 6532, 6536]"
O29:Coculture:F14:SN-38,joint,11,"[6514, 6517, 6535, 6515, 6520, 6523, 6526, 6527, 6529, 6532, 6536]"
O29:Coculture:F14:SN-38,joint,12,"[6514, 6517, 6535, 6515, 6520, 6523, 6524, 6526, 6529, 6530, 6532, 6536]"
O29:Coculture:F14:SN-38,joint,13,"[6514, 6517, 6535, 6515, 6520, 6523, 6524, 6526, 6529, 6530, 6532, 6533, 6536]"
O29:Coculture:F14:SN-38,joint,14,"[6514, 6517, 6535, 6515, 6520, 6523, 6524, 6526, 6527, 6529, 6530, 6532, 6533, 6536]"
O29:Coculture:F14:SN-38,joint,15,"[6514, 6517, 6535, 6515, 6520, 6521, 6523, 6524, 6526, 6527, 6529, 6530, 6532, 6533, 6536]"
O29:Coculture:F14:SN-38,joint,16,"[6514, 6517, 6535, 6515, 6518, 6520, 6521, 6523, 6524, 6526, 6527, 6529, 6530, 6532, 6533, 6536]"
O29:Coculture:F14:SN-38,diagonal,3,"[6514, 6517, 6535]"
O29:Coculture:F14:SN-38,diagonal,4,"[6514, 6517, 6535, 6526]"
O29:Coculture:F14:SN-38,diagonal,5,"[6514, 6517, 6535, 6523, 6529]"
O29:Coculture:F14:SN-38,diagonal,6,"[6514, 6517, 6535, 6523, 6526, 6532]"
O29:Coculture:F14:SN-38,diagonal,7,"[6514, 6517, 6535, 6523, 6524, 6529, 6532]"
O29:Coculture:F14:SN-38,diagonal,8,"[6514, 6517, 6535, 6523, 6524, 6529, 6530, 6536]"
O29:Coculture:F14:SN-38,diagonal,9,"[6514, 6517, 6535, 6520, 6523, 6526, 6529, 6532, 6536]"
O29:Coculture:F14:SN-38,diagonal,10,"[6514, 6517, 6535, 6520, 6523, 6524, 6529, 6530, 6532, 6536]"
O29:Coculture:F14:SN-38,diagonal,11,"[6514, 6517, 6535, 6520, 6523, 6524, 6526, 6529, 6530, 6532, 6536]"
O29:Coculture:F14:SN-38,diagonal,12,"[6514, 6517, 6535, 6520, 6521, 6523, 6526, 6527, 6529, 6532, 6533, 6536]"
O29:Coculture:F14:SN-38,diagonal,13,"[6514, 6517, 6535, 6520, 6521, 6523, 6524, 6526, 6529, 6530, 6532, 6533, 6536]"
O29:Coculture:F14:SN-38,diagonal,14,"[6514, 6517, 6535, 6520, 6521, 6523, 6524, 6526, 6527, 6529, 6530, 6532, 6533, 6536]"
O29:Coculture:F14:SN-38,diagonal,15,"[6514, 6517, 6535, 6518, 6520, 6521, 6523, 6524, 6526, 6527, 6529, 6530, 6532, 6533, 6536]"
O29:Coculture:F14:SN-38,diagonal,16,"[6514, 6517, 6535, 6515, 6518, 6520, 6521, 6523, 6524, 6526, 6527, 6529, 6530, 6532, 6533, 6536]"
O29:Monoculture::5-FU,joint,3,"[6370, 6373, 6391]"
O29:Monoculture::5-FU,joint,4,"[6370, 6373, 6391, 6382]"
O29:Monoculture::5-FU,joint,5,"[6370, 6373, 6391, 6379, 6385]"
O29:Monoculture::5-FU,joint,6,"[6370, 6373, 6391, 6371, 6379, 6385]"
O29:Monoculture::5-FU,joint,7,"[6370, 6373, 6391, 6371, 6379, 6382, 6388]"
O29:Monoculture::5-FU,joint,8,"[6370, 6373, 6391, 6371, 6379, 6382, 6385, 6388]"
O29:Monoculture::5-FU,joint,9,"[6370, 6373, 6391, 6371, 6379, 6380, 6382, 6385, 6388]"
O29:Monoculture::5-FU,joint,10,"[6370, 6373, 6391, 6371, 6379, 6380, 6382, 6385, 6388, 6392]"
O29:Monoculture::5-FU,joint,11,"[6370, 6373, 6391, 6371, 6379, 6380, 6382, 6385, 6386, 6388, 6392]"
O29:Monoculture::5-FU,joint,12,"[6370, 6373, 6391, 6371, 6376, 6379, 6380, 6382, 6385, 6386, 6388, 6392]"
O29:Monoculture::5-FU,joint,13,"[6370, 6373, 6391, 6371, 6376, 6379, 6380, 6382, 6383, 6385, 6388, 6389, 6392]"
O29:Monoculture::5-FU,joint,14,"[6370, 6373, 6391, 6371, 6376, 6379, 6380, 6382, 6383, 6385, 6386, 6388, 6389, 6392]"
O29:Monoculture::5-FU,joint,15,"[6370, 6373, 6391, 6371, 6374, 6376, 6379, 6380, 6382, 6383, 6385, 6386, 6388, 6389, 6392]"
O29:Monoculture::5-FU,joint,16,"[6370, 6373, 6391, 6371, 6374, 6376, 6377, 6379, 6380, 6382, 6383, 6385, 6386, 6388, 6389, 6392]"
O29:Monoculture::5-FU,diagonal,3,"[6370, 6373, 6391]"
O29:Monoculture::5-FU,diagonal,4,"[6370, 6373, 6391, 6382]"
O29:Monoculture::5-FU,diagonal,5,"[6370, 6373, 6391, 6379, 6385]"
O29:Monoculture::5-FU,diagonal,6,"[6370, 6373, 6391, 6379, 6382, 6388]"
O29:Monoculture::5-FU,diagonal,7,"[6370, 6373, 6391, 6379, 6382, 6385, 6388]"
O29:Monoculture::5-FU,diagonal,8,"[6370, 6373, 6391, 6379, 6380, 6385, 6386, 6392]"
O29:Monoculture::5-FU,diagonal,9,"[6370, 6373, 6391, 6379, 6380, 6382, 6385, 6388, 6392]"
O29:Monoculture::5-FU,diagonal,10,"[6370, 6373, 6391, 6379, 6380, 6382, 6385, 6386, 6388, 6392]"
O29:Monoculture::5-FU,diagonal,11,"[6370, 6373, 6391, 6376, 6379, 6380, 6382, 6385, 6386, 6388, 6392]"
O29:Monoculture::5-FU,diagonal,12,"[6370, 6373, 6391, 6376, 6379, 6380, 6382, 6385, 6386, 6388, 6389, 6392]"
O29:Monoculture::5-FU,diagonal,13,"[6370, 6373, 6391, 6376, 6379, 6380, 6382, 6383, 6385, 6386, 6388, 6389, 6392]"
O29:Monoculture::5-FU,diagonal,14,"[6370, 6373, 6391, 6376, 6377, 6379, 6380, 6382, 6383, 6385, 6386, 6388, 6389, 6392]"
O29:Monoculture::5-FU,diagonal,15,"[6370, 6373, 6391, 6374, 6376, 6377, 6379, 6380, 6382, 6383, 6385, 6386, 6388, 6389, 6392]"
O29:Monoculture::5-FU,diagonal,16,"[6370, 6373, 6391, 6371, 6374, 6376, 6377, 6379, 6380, 6382, 6383, 6385, 6386, 6388, 6389, 6392]"
O29:Monoculture::Gef,joint,3,"[6442, 6445, 6463]"
O29:Monoculture::Gef,joint,4,"[6442, 6445, 6463, 6454]"
O29:Monoculture::Gef,joint,5,"[6442, 6445, 6463, 6451, 6457]"
O29:Monoculture::Gef,joint,6,"[6442, 6445, 6463, 6443, 6451, 6457]"
O29:Monoculture::Gef,joint,7,"[6442, 6445, 6463, 6443, 6451, 6454, 6460]"
O29:Monoculture::Gef,joint,8,"[6442, 6445, 6463, 6443, 6451, 6454, 6457, 6460]"
O29:Monoculture::Gef,joint,9,"[6442, 6445, 6463, 6443, 6451, 6452, 6454, 6457, 6460]"
O29:Monoculture::Gef,joint,10,"[6442, 6445, 6463, 6443, 6451, 6452, 6454, 6457, 6460, 6464]"
O29:Monoculture::Gef,joint,11,"[6442, 6445, 6463, 6443, 6451, 6452, 6454, 6457, 6458, 6460, 6464]"
O29:Monoculture::Gef,joint,12,"[6442, 6445, 6463, 6443, 6448, 6451, 6452, 6454, 6457, 6458, 6460, 6464]"
O29:Monoculture::Gef,joint,13,"[6442, 6445, 6463, 6443, 6446, 6448, 6451, 6452, 6454, 6457, 6458, 6460, 6464]"
O29:Monoculture::Gef,joint,14,"[6442, 6445, 6463, 6443, 6446, 6448, 6451, 6452, 6454, 6455, 6457, 6460, 6461, 6464]"
O29:Monoculture::Gef,joint,15,"[6442, 6445, 6463, 6443, 6446, 6448, 6451, 6452, 6454, 6455, 6457, 6458, 6460, 6461, 6464]"
O29:Monoculture::Gef,joint,16,"[6442, 6445, 6463, 6443, 6446, 6448, 6449, 6451, 6452, 6454, 6455, 6457, 6458, 6460, 6461, 6464]"
O29:Monoculture::Gef,diagonal,3,"[6442, 6445, 6463]"
O29:Monoculture::Gef,diagonal,4,"[6442, 6445, 6463, 6454]"
O29:Monoculture::Gef,diagonal,5,"[6442, 6445, 6463, 6451, 6457]"
O29:Monoculture::Gef,diagonal,6,"[6442, 6445, 6463, 6451, 6454, 6460]"
O29:Monoculture::Gef,diagonal,7,"[6442, 6445, 6463, 6451, 6454, 6457, 6460]"
O29:Monoculture::Gef,diagonal,8,"[6442, 6445, 6463, 6451, 6452, 6457, 6458, 6464]"
O29:Monoculture::Gef,diagonal,9,"[6442, 6445, 6463, 6451, 6452, 6454, 6457, 6460, 6464]"
O29:Monoculture::Gef,diagonal,10,"[6442, 6445, 6463, 6451, 6452, 6454, 6457, 6458, 6460, 6464]"
O29:Monoculture::Gef,diagonal,11,"[6442, 6445, 6463, 6448, 6451, 6452, 6454, 6457, 6458, 6460, 6464]"
O29:Monoculture::Gef,diagonal,12,"[6442, 6445, 6463, 6448, 6451, 6452, 6454, 6455, 6457, 6460, 6461, 6464]"
O29:Monoculture::Gef,diagonal,13,"[6442, 6445, 6463, 6448, 6451, 6452, 6454, 6455, 6457, 6458, 6460, 6461, 6464]"
O29:Monoculture::Gef,diagonal,14,"[6442, 6445, 6463, 6448, 6449, 6451, 6452, 6454, 6455, 6457, 6458, 6460, 6461, 6464]"
O29:Monoculture::Gef,diagonal,15,"[6442, 6445, 6463, 6446, 6448, 6449, 6451, 6452, 6454, 6455, 6457, 6458, 6460, 6461, 6464]"
O29:Monoculture::Gef,diagonal,16,"[6442, 6445, 6463, 6443, 6446, 6448, 6449, 6451, 6452, 6454, 6455, 6457, 6458, 6460, 6461, 6464]"
O29:Monoculture::Oxa,joint,3,"[6394, 6397, 6415]"
O29:Monoculture::Oxa,joint,4,"[6394, 6397, 6415, 6406]"
O29:Monoculture::Oxa,joint,5,"[6394, 6397, 6415, 6403, 6409]"
O29:Monoculture::Oxa,joint,6,"[6394, 6397, 6415, 6395, 6403, 6409]"
O29:Monoculture::Oxa,joint,7,"[6394, 6397, 6415, 6395, 6403, 6406, 6412]"
O29:Monoculture::Oxa,joint,8,"[6394, 6397, 6415, 6395, 6403, 6406, 6409, 6412]"
O29:Monoculture::Oxa,joint,9,"[6394, 6397, 6415, 6395, 6403, 6404, 6406, 6409, 6412]"
O29:Monoculture::Oxa,joint,10,"[6394, 6397, 6415, 6395, 6403, 6404, 6406, 6409, 6412, 6416]"
O29:Monoculture::Oxa,joint,11,"[6394, 6397, 6415, 6395, 6403, 6404, 6406, 6409, 6410, 6412, 6416]"
O29:Monoculture::Oxa,joint,12,"[6394, 6397, 6415, 6395, 6400, 6403, 6404, 6406, 6409, 6410, 6412, 6416]"
O29:Monoculture::Oxa,joint,13,"[6394, 6397, 6415, 6395, 6400, 6403, 6404, 6406, 6407, 6409, 6412, 6413, 6416]"
O29:Monoculture::Oxa,joint,14,"[6394, 6397, 6415, 6395, 6400, 6403, 6404, 6406, 6407, 6409, 6410, 6412, 6413, 6416]"
O29:Monoculture::Oxa,joint,15,"[6394, 6397, 6415, 6395, 6398, 6400, 6403, 6404, 6406, 6407, 6409, 6410, 6412, 6413, 6416]"
O29:Monoculture::Oxa,joint,16,"[6394, 6397, 6415, 6395, 6398, 6400, 6401, 6403, 6404, 6406, 6407, 6409, 6410, 6412, 6413, 6416]"
O29:Monoculture::Oxa,diagonal,3,"[6394, 6397, 6415]"
O29:Monoculture::Oxa,diagonal,4,"[6394, 6397, 6415, 6406]"
O29:Monoculture::Oxa,diagonal,5,"[6394, 6397, 6415, 6403, 6409]"
O29:Monoculture::Oxa,diagonal,6,"[6394, 6397, 6415, 6403, 6406, 6412]"
O29:Monoculture::Oxa,diagonal,7,"[6394, 6397, 6415, 6403, 6406, 6409, 6412]"
O29:Monoculture::Oxa,diagonal,8,"[6394, 6397, 6415, 6403, 6404, 6409, 6410, 6416]"
O29:Monoculture::Oxa,diagonal,9,"[6394, 6397, 6415, 6403, 6404, 6406, 6409, 6412, 6416]"
O29:Monoculture::Oxa,diagonal,10,"[6394, 6397, 6415, 6403, 6404, 6406, 6409, 6410, 6412, 6416]"
O29:Monoculture::Oxa,diagonal,11,"[6394, 6397, 6415, 6400, 6403, 6404, 6406, 6409, 6410, 6412, 6416]"
O29:Monoculture::Oxa,diagonal,12,"[6394, 6397, 6415, 6400, 6403, 6404, 6406, 6409, 6410, 6412, 6413, 6416]"
O29:Monoculture::Oxa,diagonal,13,"[6394, 6397, 6415, 6400, 6403, 6404, 6406, 6407, 6409, 6410, 6412, 6413, 6416]"
O29:Monoculture::Oxa,diagonal,14,"[6394, 6397, 6415, 6400, 6401, 6403, 6404, 6406, 6407, 6409, 6410, 6412, 6413, 6416]"
O29:Monoculture::Oxa,diagonal,15,"[6394, 6397, 6415, 6398, 6400, 6401, 6403, 6404, 6406, 6407, 6409, 6410, 6412, 6413, 6416]"
O29:Monoculture::Oxa,diagonal,16,"[6394, 6397, 6415, 6395, 6398, 6400, 6401, 6403, 6404, 6406, 6407, 6409, 6410, 6412, 6413, 6416]"
O29:Monoculture::SN-38,joint,3,"[6418, 6421, 6439]"
O29:Monoculture::SN-38,joint,4,"[6418, 6421, 6439, 6430]"
O29:Monoculture::SN-38,joint,5,"[6418, 6421, 6439, 6419, 6430]"
O29:Monoculture::SN-38,joint,6,"[6418, 6421, 6439, 6419, 6427, 6433]"
O29:Monoculture::SN-38,joint,7,"[6418, 6421, 6439, 6419, 6427, 6430, 6436]"
O29:Monoculture::SN-38,joint,8,"[6418, 6421, 6439, 6419, 6427, 6428, 6433, 6436]"
O29:Monoculture::SN-38,joint,9,"[6418, 6421, 6439, 6419, 6427, 6428, 6433, 6434, 6440]"
O29:Monoculture::SN-38,joint,10,"[6418, 6421, 6439, 6419, 6427, 6428, 6430, 6433, 6436, 6440]"
O29:Monoculture::SN-38,joint,11,"[6418, 6421, 6439, 6419, 6424, 6427, 6430, 6431, 6433, 6436, 6440]"
O29:Monoculture::SN-38,joint,12,"[6418, 6421, 6439, 6419, 6424, 6427, 6428, 6430, 6433, 6434, 6436, 6440]"
O29:Monoculture::SN-38,joint,13,"[6418, 6421, 6439, 6419, 6424, 6427, 6428, 6430, 6433, 6434, 6436, 6437, 6440]"
O29:Monoculture::SN-38,joint,14,"[6418, 6421, 6439, 6419, 6424, 6427, 6428, 6430, 6431, 6433, 6434, 6436, 6437, 6440]"
O29:Monoculture::SN-38,joint,15,"[6418, 6421, 6439, 6419, 6424, 6425, 6427, 6428, 6430, 6431, 6433, 6434, 6436, 6437, 6440]"
O29:Monoculture::SN-38,joint,16,"[6418, 6421, 6439, 6419, 6422, 6424, 6425, 6427, 6428, 6430, 6431, 6433, 6434, 6436, 6437, 6440]"
O29:Monoculture::SN-38,diagonal,3,"[6418, 6421, 6439]"
O29:Monoculture::SN-38,diagonal,4,"[6418, 6421, 6439, 6430]"
O29:Monoculture::SN-38,diagonal,5,"[6418, 6421, 6439, 6427, 6433]"
O29:Monoculture::SN-38,diagonal,6,"[6418, 6421, 6439, 6427, 6430, 6436]"
O29:Monoculture::SN-38,diagonal,7,"[6418, 6421, 6439, 6427, 6428, 6433, 6436]"
O29:Monoculture::SN-38,diagonal,8,"[6418, 6421, 6439, 6427, 6428, 6433, 6434, 6440]"
O29:Monoculture::SN-38,diagonal,9,"[6418, 6421, 6439, 6424, 6427, 6430, 6433, 6436, 6440]"
O29:Monoculture::SN-38,diagonal,10,"[6418, 6421, 6439, 6424, 6427, 6428, 6433, 6434, 6436, 6440]"
O29:Monoculture::SN-38,diagonal,11,"[6418, 6421, 6439, 6424, 6427, 6428, 6430, 6433, 6434, 6436, 6440]"
O29:Monoculture::SN-38,diagonal,12,"[6418, 6421, 6439, 6424, 6425, 6427, 6430, 6431, 6433, 6436, 6437, 6440]"
O29:Monoculture::SN-38,diagonal,13,"[6418, 6421, 6439, 6424, 6425, 6427, 6428, 6430, 6433, 6434, 6436, 6437, 6440]"
O29:Monoculture::SN-38,diagonal,14,"[6418, 6421, 6439, 6424, 6425, 6427, 6428, 6430, 6431, 6433, 6434, 6436, 6437, 6440]"
O29:Monoculture::SN-38,diagonal,15,"[6418, 6421, 6439, 6422, 6424, 6425, 6427, 6428, 6430, 6431, 6433, 6434, 6436, 6437, 6440]"
O29:Monoculture::SN-38,diagonal,16,"[6418, 6421, 6439, 6419, 6422, 6424, 6425, 6427, 6428, 6430, 6431, 6433, 6434, 6436, 6437, 6440]"
